t,phase,roll,pitch,roll_est,pitch_est,roll_sp,pitch_sp,p,q,r,alt,alt_abs,alt_est,vz,height_sp,thr,m0,m1,m2,m3,mp0,mp1,mp2,mp3,mix_scale,sat,att_err,gust,torque_x,torque_y,torque_z,rate_sp_x,rate_sp_y,bg_x,bg_y,bg_z,gx,gy,gz,ax,ay,az,acc_n,tilt_angle,tilt_err
0,level,1.54166e-17,1.19068e-33,7.47441e-05,7.1033e-05,0,0,-4.06576e-20,-9.88628e-13,2.03288e-20,99.8595,99.9995,99.8693,-6.49376e-05,nan,0,0,0,0,0,0,0,0,0,1,0,0,0,0,0,0,0,0,0,0,0,0.0115662,-0.0027702,0.00818811,-0.0185488,0.0176633,0.0107828,0.0277906,0,0.00590796
0.01,level,-1.2339e-17,1.03001e-13,-0.000821097,-0.00100041,0,0,-1.21973e-19,-2.07612e-11,4.64852e-18,99.859,99.999,99.8693,-6.49766e-05,nan,0,0,0,0,0,0,0,0,0,1,0,0,0,0,0,0,0,0,0,0,0,-0.000232026,-0.00171895,0.00487745,-0.00804532,-0.0158614,0.0375133,0.0415158,0,0.0741538
0.02,level,-2.75504e-16,4.03511e-13,-0.00118903,-0.0015523,0,0,4.60786e-19,-4.05337e-11,1.75641e-17,99.8575,99.9975,99.8693,-3.73628e-05,nan,0,0,0,0,0,0,0,0,0,1,0,0,0,0,0,0,0,0,0,0,0,0.0122065,0.00161499,0.000273897,0.0701234,-0.00135995,0.0835728,0.109103,0,0.112034
0.03,level,1.84002e-16,9.0189e-13,-0.00139497,-0.00225989,0,0,1.65341e-18,-6.03063e-11,3.88415e-17,99.855,99.995,99.8693,-3.73852e-05,nan,0,0,0,0,0,0,0,0,0,1,0,0,0,0,0,0,0,0,0,0,0,0.00630605,-0.00173619,0.00368801,0.0554166,0.0231665,0.0289684,0.0666848,0,0.152164
0.04,level,-9.81732e-16,1.59731e-12,-0.00165233,-0.00286632,0,0,3.49655e-18,-8.00788e-11,6.83996e-17,99.8515,99.9915,99.8693,-3.74075e-05,nan,0,0,0,0,0,0,0,0,0,1,0,0,0,0,0,0,0,0,0,0,0,0.00646884,-0.00535292,-0.00339873,0.0328368,-0.101536,0.0136108,0.107579,0,0.189561
0.05,level,-3.11994e-15,2.48984e-12,-0.00212832,-0.00334305,0,0,5.97666e-18,-9.98514e-11,1.06265e-16,99.847,99.987,99.8693,-3.74299e-05,nan,0.286536,0,0,0,0,0,0,0,0,1,0,0,0,0,0,0,0,0,0,0,0,-0.000408612,-0.00677925,0.00570281,0.00635725,-0.0461861,0.00337746,0.0467437,0,0.227066
0.06,level,-6.25221e-10,2.31106e-09,-0.00220902,-0.00369228,0,0,-5.86195e-07,-2.76789e-06,-0.000702829,99.8416,99.9816,99.8693,-3.74522e-05,nan,0.291426,0.290262,0.291634,0.290778,0.292056,0.290262,0.292056,0.291634,0.290778,1,0,0.00436732,0,-0.000249213,0.00177737,-0.0011647,0.00654439,0.0113588,0,0,0,0.00863899,-0.0016075,0.00668603,-0.184225,-0.0619225,0.00755266,0.1945,0,0.246523
0.07,level,-3.55876e-08,3.14118e-07,-0.00245604,-0.00436906,0,0,-4.30259e-07,-9.01353e-05,0.00055636,99.8352,99.9752,99.8693,-3.74745e-05,nan,0.296164,0.295767,0.295467,0.296077,0.296424,0.295767,0.296424,0.295467,0.296077,1,0,0.00483374,0,0.00171507,0.00240162,-2.07389e-05,0.007096,0.0131249,0,0,0,0.016355,-0.0183454,0.00253792,-0.0128304,-0.102701,0.597363,0.606263,0,0.287185
0.08,level,2.21604e-07,2.42374e-06,-0.0025603,-0.00474307,0,0,6.33367e-05,-0.000379813,0.00041942,99.8279,99.9679,99.8694,1.4692e-05,nan,0.30053,0.299377,0.300918,0.299902,0.301092,0.299377,0.301092,0.300918,0.299902,1,0,0.00525895,0,-0.000930938,0.0013233,-0.00120035,0.00746181,0.0144183,0,0,0,0.00317645,-0.00722036,0.00721112,-0.0253527,-0.0401936,1.50109,1.50184,0,0.308951
0.09,level,1.37549e-06,8.5143e-06,-0.00260588,-0.00515764,0,0,0.000179705,-0.00091983,0.000473127,99.8198,99.9598,99.8694,1.4701e-05,nan,0.304385,0.304007,0.303855,0.304586,0.304373,0.304007,0.304373,0.303855,0.304586,1,0,0.00560993,0,-0.000162459,0.00207855,0.000160274,0.00753921,0.0155343,0,0,0,0.0101022,-0.00060107,0.0047141,-0.00960525,-0.114506,2.5692,2.57176,0,0.331559
0.1,level,3.86334e-06,2.16641e-05,-0.00262522,-0.00478869,0,0,0.000334367,-0.00181096,0.000218814,99.8109,99.9509,99.8693,-7.18074e-05,nan,0.307657,0.306865,0.307498,0.307279,0.308388,0.306865,0.308388,0.307498,0.307279,1,0,0.00534885,0,0.00126447,0.00247185,-0.000765613,0.00768079,0.0145932,0,0,0,0.00295988,0.00199157,-0.00880807,-0.0953408,-0.110452,3.7364,3.73925,0,0.314091
0.11,level,8.13374e-06,4.53106e-05,-0.00268728,-0.00472177,0,0,0.000539914,-0.00304251,0.000733782,99.8015,99.9415,99.8693,-0.000142841,nan,0.310324,0.309489,0.310208,0.31037,0.310754,0.309489,0.310754,0.310208,0.31037,1,0,0.00534885,0,-0.000888394,0.00270484,-0.000484691,0.00779646,0.0142883,0,0,0,-0.00148409,-0.0141576,0.00125871,-0.023875,-0.0999929,4.99769,4.99875,0,0.313771
0.12,level,1.47598e-05,8.30944e-05,-0.00271616,-0.00435521,0,0,0.00079293,-0.00465534,0.000533996,99.7916,99.9316,99.8693,-0.00527545,nan,0.312398,0.310835,0.313351,0.311204,0.313842,0.310835,0.313842,0.313351,0.311204,1,0,0.0049314,0,0.000324733,0.00162941,-0.00226517,0.0078561,0.0130216,0,0,0,0.00203894,0.00557401,-0.00250357,0.0392514,-0.0884726,6.07974,6.08051,0,0.298579
0.13,level,2.37822e-05,0.000138299,-0.00286397,-0.00390127,0,0,0.00100615,-0.00647369,0.00109297,99.7814,99.9214,99.8692,-0.0160207,nan,0.313913,0.313792,0.313647,0.31393,0.314031,0.313792,0.314031,0.313647,0.31393,1,0,0.00483374,0,0.000654425,0.00099022,1.93703e-05,0.00853776,0.0120043,0,0,0,0.00253701,0.00408932,-0.00510046,-0.119151,-0.0496705,7.21863,7.21978,0,0.284509
0.14,level,3.48434e-05,0.000211651,-0.00280974,-0.00382989,0,0,0.00121799,-0.00827288,0.00129433,99.7709,99.9109,99.8692,-0.029258,nan,0.314917,0.314061,0.315367,0.314065,0.31602,0.314061,0.31602,0.315367,0.314065,1,0,0.00468343,0,0.0017215,0.00124431,-0.00143308,0.00853623,0.011769,0,0,0,0.0150111,-0.00571595,0.0122282,-0.0277776,-0.00578923,8.24542,8.24547,0,0.28317
0.15,level,4.8558e-05,0.000302813,-0.00249058,-0.00360752,0,0,0.00155529,-0.010017,0.00082196,99.7602,99.9002,99.8689,-0.0429656,nan,0.315466,0.315244,0.31545,0.315771,0.315328,0.315244,0.315328,0.31545,0.315771,1,0,0.00431238,0,-0.0017243,0.000767943,0.000103825,0.00733858,0.0111098,0,0,0,0.00572923,0.0151866,0.00277375,-0.101107,-0.0947516,9.15494,9.15599,0,0.267137
0.16,level,6.55395e-05,0.000410611,-0.0020481,-0.00298636,0,0,0.00184861,-0.0115934,0.000853095,99.7495,99.8895,99.8683,-0.0555159,nan,0.315615,0.314822,0.316382,0.314911,0.316351,0.314822,0.316351,0.316382,0.314911,1,0,0.00345267,0,-0.000319698,0.000110002,-0.001319,0.00595543,0.00918253,0,0,0,0.0118155,0.0039045,0.00506271,-0.0995435,-0.142742,9.86114,9.86268,0,0.229235
0.17,level,8.51271e-05,0.000533177,-0.0020231,-0.00276293,0,0,0.00203879,-0.0129615,0.00135546,99.7388,99.8788,99.8677,-0.0656782,nan,0.315422,0.315159,0.315784,0.315162,0.315651,0.315159,0.315651,0.315784,0.315162,1,0,0.00338291,0,-0.000360205,-0.000244386,-0.000489501,0.0058093,0.00840315,0,0,0,0.0144354,0.00739691,-0.00340894,-0.0292297,-0.180318,10.5052,10.5068,0,0.224182
0.18,level,0.00010588,0.00066833,-0.00183904,-0.00299231,0,0,0.00209346,-0.0140591,0.000629284,99.7282,99.8682,99.867,-0.0727693,nan,0.314939,0.315296,0.315038,0.314862,0.314682,0.315296,0.314682,0.315038,0.314862,1,0,0.00352105,0,0.000206344,-0.00149883,0.000192424,0.00528139,0.00916736,0,0,0,0.00926856,0.0159629,0.00735488,-0.0291933,-0.1135,10.9943,10.9949,0,0.237508
0.19,level,0.000126817,0.000812711,-0.00168016,-0.00280811,0,0,0.00210132,-0.0147822,0.00198672,99.7177,99.8577,99.8662,-0.0763832,nan,0.314215,0.314482,0.314214,0.314419,0.313911,0.314482,0.313911,0.314214,0.314419,1,0,0.00292969,0,-0.000635935,-0.00069138,0.000340957,0.00515673,0.00870466,0,0,0,-0.0035476,0.00404751,0.000274719,-0.0259492,0.00653727,11.4865,11.4865,0,0.231861
0.2,level,0.000147683,0.000963221,-0.0013842,-0.00267914,0,0,0.0020852,-0.015335,0.00129359,99.7074,99.8474,99.8654,-0.0763837,nan,0.313294,0.313707,0.312901,0.313905,0.312866,0.313707,0.312866,0.312901,0.313905,1,0,0.00267443,0,-0.000617285,0.000309755,0.000810665,0.00397325,0.0078012,0,0,0,0.000381673,0.00255672,0.0035891,0.0824933,-0.0544644,11.7869,11.7873,0,0.226402
0.21,level,0.000168377,0.00111891,-0.00101813,-0.00270566,0,0,0.00200013,-0.0157992,0.0013406,99.6972,99.8372,99.8647,-0.0727331,nan,0.312215,0.311832,0.313031,0.311768,0.312459,0.311832,0.312459,0.313031,0.311768,1,0,0.00267443,0,-0.00134607,-0.0012027,-0.000830639,0.00277385,0.00812872,0,0,0,0.0129717,0.00665249,-0.00337105,0.0320928,-0.132153,12.108,12.1088,0,0.229438
0.22,level,0.000187295,0.00127808,-0.00120528,-0.0022559,0,0,0.0017422,-0.0160002,0.00127066,99.6873,99.8273,99.8639,-0.0656085,nan,0.311012,0.310146,0.31219,0.310137,0.311827,0.310146,0.311827,0.31219,0.310137,1,0,0.00229024,0,-0.000940205,-0.000706291,-0.00164104,0.00332344,0.00675284,0,0,0,0.002626,0.0210625,-0.0109365,0.0457541,-0.129217,12.2765,12.2772,0,0.217642
0.23,level,0.000202943,0.00143844,-0.000945821,-0.00229586,0,0,0.00139082,-0.0160331,0.00187993,99.6777,99.8177,99.8633,-0.0552476,nan,0.309715,0.30884,0.310828,0.309101,0.310356,0.30884,0.310356,0.310828,0.309101,1,0,0.0020716,0,-0.0019425,-0.000400864,-0.00142575,0.00282867,0.00661714,0,0,0,0.00758398,0.0192476,0.00755692,0.106019,-0.0170197,12.4434,12.4439,0,0.22386
0.24,level,0.00021508,0.00159831,-0.00067188,-0.00201816,0,0,0.00101175,-0.0159374,0.00263907,99.6683,99.8083,99.863,-0.0418263,nan,0.308348,0.308953,0.30817,0.308835,0.307711,0.308953,0.307711,0.30817,0.308835,1,0,0.00195312,0,-0.00090549,-0.00109155,0.000838326,0.00204961,0.00577238,0,0,0,0.00788214,0.0113891,0.00519439,0.092055,-0.00357761,12.5919,12.5922,0,0.213353
0.25,level,0.000223232,0.00175665,-0.000728768,-0.0017781,0,0,0.000614844,-0.0157031,0.00184842,99.6592,99.7992,99.8627,-0.0258433,nan,0.306932,0.307776,0.306633,0.307329,0.306277,0.307776,0.306277,0.306633,0.307329,1,0,0.00154408,0,0.000242323,-0.00152074,0.000964824,0.00229781,0.00507946,0,0,0,0.0105719,0.0196622,0.00258462,0.089692,0.0132579,12.6656,12.666,0,0.209749
0.26,level,0.000227625,0.00191177,-0.000619856,-0.00114647,0,0,0.000273628,-0.0152951,0.00156194,99.6504,99.7904,99.8623,-0.00761754,nan,0.305487,0.305708,0.30604,0.305136,0.305356,0.305708,0.305356,0.30604,0.305136,1,0,0.00138107,0,-0.000296279,-0.00238094,-0.000242303,0.00212699,0.00330684,0,0,0,0.00797601,0.0164916,-0.00281379,0.0892241,0.113053,12.7464,12.7472,0,0.181834
0.27,level,0.000228607,0.0020622,-0.000862714,-0.00100529,0,0,-0.000100193,-0.014741,0.00135691,99.6418,99.7818,99.8624,0.0126764,nan,0.304026,0.30424,0.304326,0.303743,0.304089,0.30424,0.304089,0.304326,0.303743,1,0,0.000690534,0,0.00068957,-0.00139008,-0.000190388,0.00256427,0.00272762,0,0,0,0.00929569,0.0062534,-0.00935793,0.0484699,-0.0156394,12.8223,12.8224,0,0.186557
0.28,level,0.000225954,0.00220625,-0.00095249,-0.000969286,0,0,-0.000429154,-0.0140457,0.00186765,99.6336,99.7736,99.8626,0.0346048,nan,0.302563,0.301723,0.303896,0.301385,0.30354,0.301723,0.30354,0.303896,0.301385,1,0,0.00138107,0,-4.49032e-05,-0.00131529,-0.00190229,0.003164,0.00292645,0,0,0,0.00435059,0.0114515,-0.00600306,0.0121694,0.0529707,12.7981,12.7982,0,0.194084
0.29,level,0.000220077,0.00234377,-0.00122613,-0.000710562,0,0,-0.000761104,-0.0134105,0.00208136,99.6257,99.7657,99.863,0.0578669,nan,0.301107,0.30056,0.30206,0.299933,0.302165,0.30056,0.302165,0.30206,0.299933,1,0,0.00154408,0,0.0019424,-0.000987051,-0.00164055,0.00381354,0.00240987,0,0,0,-0.00212505,0.00800354,-0.010489,-0.0889757,0.0353542,12.7477,12.748,0,0.193648
0.3,level,0.000210851,0.00247455,-0.00134944,-0.000895414,0,0,-0.00107126,-0.0127181,0.00256005,99.618,99.758,99.8638,0.0822527,nan,0.299667,0.299515,0.300204,0.299504,0.29973,0.299515,0.29973,0.300204,0.299504,1,0,0,0,-0.00122866,-0.000920169,-0.000402115,0.00394657,0.00296254,0,0,0,0.0129504,0.00123357,0.00370617,-0.0676157,-0.0519141,12.5923,12.5926,0,0.2128
0.31,level,0.000198624,0.00259846,-0.0015012,-0.00125542,0,0,-0.00137792,-0.0120091,0.00237261,99.6107,99.7507,99.8647,0.107413,nan,0.298248,0.298014,0.299001,0.297928,0.298331,0.298014,0.298331,0.299001,0.297928,1,0,0.000976562,0,-0.00155005,-0.00142983,-0.000610937,0.00422683,0.00389699,0,0,0,4.48104e-05,0.0100243,0.0102487,-0.018429,-0.101521,12.7095,12.7099,0,0.241361
0.32,level,0.000183202,0.00271474,-0.00137828,-0.00129571,0,0,-0.00173806,-0.0112106,0.00346858,99.6036,99.7436,99.8658,0.13306,nan,0.296857,0.297317,0.296449,0.297084,0.296854,0.297317,0.296854,0.296449,0.297084,1,0,0.00154408,0,0.00169143,0.000325671,0.000482596,0.00384224,0.0039661,0,0,0,-0.00172077,0.00143657,0.00907212,-0.00673442,-0.104988,12.6812,12.6817,0,0.24661
0.33,level,0.00016408,0.00282309,-0.000996489,-0.00138915,0,0,-0.00207478,-0.0104257,0.00337318,99.5968,99.7368,99.8672,0.15914,nan,0.295497,0.296151,0.294821,0.296925,0.294361,0.296151,0.294361,0.294821,0.296925,1,0,0.00119604,0,-0.00327224,0.000595492,0.0017117,0.00275276,0.00434505,0,0,0,0.00178308,-0.00215463,-0.00179225,-0.0316738,-0.077757,12.6369,12.6372,0,0.250357
0.34,level,0.000141255,0.00292366,-0.000392978,-0.0015116,0,0,-0.00250965,-0.00963659,0.00205917,99.5902,99.7302,99.8689,0.185331,nan,0.294172,0.29352,0.294655,0.293769,0.295006,0.29352,0.295006,0.294655,0.293769,1,0,0.00154408,0,0.000270006,0.00113821,-0.00104244,0.00140267,0.00436376,0,0,0,-0.00539339,0.0129061,-0.000195131,0.0704053,0.0580261,12.3709,12.3712,0,0.255966
0.35,level,0.000114207,0.00301654,6.09646e-05,-0.00160523,0,0,-0.00289488,-0.00892124,0.0022125,99.5839,99.7239,99.8709,0.211539,nan,0.292884,0.294121,0.291904,0.2936,0.292163,0.294121,0.292163,0.291904,0.2936,1,0,0.00138107,0,0.00207092,-0.000495322,0.00160609,-9.22308e-05,0.00453996,0,0,0,0.00459929,0.0082308,-0.00572814,0.0949457,0.0225518,12.344,12.3444,0,0.264822
0.36,level,8.39672e-05,0.00310269,-0.000216827,-0.00145013,0,0,-0.00313599,-0.0083037,0.00252141,99.5779,99.7179,99.8731,0.237637,nan,0.291633,0.291989,0.291484,0.291937,0.291369,0.291989,0.291369,0.291484,0.291937,1,0,0.000690534,0,-0.000168595,-0.000316725,0.000471727,0.000883882,0.00417498,0,0,0,0.0028975,0.0122413,-0.0185877,0.0707031,0.059727,12.2879,12.2883,0,0.26143
0.37,level,5.16334e-05,0.00318276,-0.000247657,-0.00112443,0,0,-0.00329717,-0.0076516,0.00141748,99.5721,99.7121,99.8756,0.263473,nan,0.290422,0.290645,0.290682,0.290681,0.28992,0.290645,0.28992,0.290682,0.290681,1,0,0.000976562,0,-0.00211698,-0.00137522,0.000317952,0.000992464,0.0032096,0,0,0,0.00199205,0.00485884,-0.000388191,0.0784568,0.0902585,12.1993,12.1999,0,0.247385
0.38,level,1.78437e-05,0.00325556,-0.000605238,-0.000791361,0,0,-0.00346496,-0.00687121,0.000955519,99.5666,99.7066,99.8784,0.288982,nan,0.289251,0.289,0.289443,0.289192,0.289599,0.289,0.289599,0.289443,0.289192,1,0,0,0,-9.40665e-05,0.000658963,-0.000373851,0.00208365,0.0025449,0,0,0,0.0121371,0.00304458,-0.00810815,-0.0405003,0.0678671,12.1429,12.1432,0,0.234621
0.39,level,-1.78264e-05,0.00332115,-0.000556214,-0.00071091,0,0,-0.00365492,-0.00621233,0.000902892,99.5613,99.7013,99.8814,0.314086,nan,0.28812,0.286006,0.29043,0.286177,0.29009,0.286006,0.29009,0.29043,0.286177,1,0,0.000976562,0,-0.00135654,-0.000320069,-0.00366427,0.00182908,0.00185699,0,0,0,0.0109394,-0.00838241,0.00121311,0.0342316,0.00743668,11.9121,11.9122,0,0.233087
0.4,level,-5.53897e-05,0.00338041,-0.000905984,-0.000973698,0,0,-0.00384392,-0.00562343,0.00132586,99.5562,99.6962,99.8847,0.338703,nan,0.287028,0.287285,0.286729,0.287417,0.286897,0.287285,0.286897,0.286729,0.287417,1,0,0.00138107,0,9.68062e-05,0.000570703,0.00047296,0.00276167,0.00321583,0,0,0,0.00280377,-0.00176506,0.000119011,-0.00891351,-0.00812131,11.9592,11.9592,0,0.254215
0.41,level,-9.4313e-05,0.00343485,-0.000621022,-0.00083465,0,0,-0.00392177,-0.00528899,0.00181219,99.5513,99.6913,99.8882,0.362775,nan,0.285976,0.284575,0.287032,0.285149,0.287356,0.284575,0.287356,0.287032,0.285149,1,0,0.00119604,0,-0.0006617,0.0017013,-0.00204965,0.00183794,0.0028043,0,0,0,0.00662002,0.00160745,-0.00249611,-0.0743684,-0.0173166,11.8532,11.8534,0,0.246499
0.42,level,-0.000133902,0.00348732,-0.000494781,-0.00131347,0,0,-0.00399711,-0.00520849,0.00251662,99.5466,99.6866,99.8917,0.386153,nan,0.284963,0.283239,0.286536,0.2835,0.286777,0.283239,0.286777,0.286536,0.2835,1,0,0.00138107,0,-5.37723e-05,0.000951285,-0.00288893,0.00122919,0.00376973,0,0,0,-0.00465899,-0.00139786,0.000360929,0.0344143,-0.0336325,11.8262,11.8262,0,0.275857
0.43,level,-0.000174449,0.00353962,-0.000402651,-0.00156,0,0,-0.0041025,-0.00529074,0.00232856,99.5421,99.6821,99.8957,0.408992,nan,0.283988,0.284345,0.283985,0.283622,0.284193,0.284345,0.284193,0.283985,0.283622,1,0,0.000976562,0,0.00247196,-0.000976727,-9.28292e-05,0.000973817,0.00449781,0,0,0,0.000659674,0.00276136,0.00660755,0.0680657,-0.0674555,11.7566,11.757,0,0.292493
0.44,level,-0.000215801,0.00359302,-0.00038143,-0.00162193,0,0,-0.0041598,-0.00542249,0.00269778,99.5379,99.6779,99.8999,0.431201,nan,0.283051,0.283036,0.283053,0.283335,0.282963,0.283036,0.282963,0.283053,0.283335,1,0,0.00119604,0,-0.00103406,0.000396928,0.000156128,0.00128945,0.00461171,0,0,0,0.00346667,0.00751729,-0.00220644,0.0567445,0.0155555,11.5859,11.5861,0,0.298959
0.45,level,-0.000258245,0.00364842,-0.000420078,-0.00179711,0,0,-0.00430753,-0.00569443,0.00218058,99.5338,99.6738,99.9043,0.452742,nan,0.28215,0.282236,0.282136,0.28238,0.282024,0.282236,0.282024,0.282136,0.28238,1,0,0.00169146,0,-0.000678344,6.22299e-05,0.000200259,0.00149394,0.00520658,0,0,0,0.00548308,0.00875227,-0.00148521,0.0874735,0.0708905,11.6245,11.6251,0,0.31216
0.46,level,-0.000301806,0.00370702,-0.000974816,-0.0018815,0,0,-0.00435239,-0.00607041,0.00224915,99.5298,99.6698,99.9089,0.47362,nan,0.281284,0.281233,0.281442,0.281154,0.281475,0.281233,0.281475,0.281442,0.281154,1,0,0.00182698,0,0.000298751,-8.62439e-05,-0.00023264,0.00317596,0.00548326,0,0,0,0.000507225,0.0022911,0.00246525,0.0593381,0.0459794,11.5502,11.5505,0,0.322546
0.47,level,-0.000345147,0.00376985,-0.00137042,-0.00150849,0,0,-0.00428388,-0.0065328,0.00239217,99.5261,99.6661,99.9138,0.49381,nan,0.280452,0.280784,0.280167,0.280398,0.280622,0.280784,0.280622,0.280167,0.280398,1,0,0.00182698,0,0.00222812,0.000129147,0.000172827,0.00418851,0.00482694,0,0,0,0.000645696,0.00755714,-0.00319081,-0.0164002,-0.0067665,11.3822,11.3822,0,0.308128
0.48,level,-0.000387356,0.0038374,-0.00193533,-0.00183387,0,0,-0.00410293,-0.00700641,0.00158261,99.5225,99.6625,99.9188,0.513303,nan,0.279654,0.27936,0.279794,0.279434,0.280183,0.27936,0.280183,0.279794,0.279434,1,0,0.00248976,0,0.000837284,0.00087724,-0.000520182,0.00612268,0.0055621,0,0,0,0.0147019,0.00271362,0.0024982,0.0184665,-0.00956586,11.3683,11.3683,0,0.336892
0.49,level,-0.000427151,0.00390986,-0.00185397,-0.0019129,0,0,-0.00382703,-0.00751318,0.002121,99.5191,99.6591,99.924,0.532144,nan,0.278887,0.2795,0.278284,0.279424,0.278492,0.2795,0.278492,0.278284,0.279424,1,0,0.00239208,0,0.00075074,0.000249959,0.000943951,0.00536397,0.0059542,0,0,0,0.00435739,-0.00267356,-0.002257,-0.0384251,-0.0767724,11.2674,11.2677,0,0.343555
0.5,level,-0.000463845,0.00398724,-0.00165802,-0.00208308,0,0,-0.00348762,-0.0079655,0.00196277,99.5158,99.6558,99.9294,0.55033,nan,0.278152,0.27824,0.277846,0.278156,0.278511,0.27824,0.278511,0.277846,0.278156,1,0,0.00258374,0,0.00198519,0.00110042,1.73602e-05,0.00465999,0.00622825,0,0,0,-0.00981733,-0.000889964,-0.00421131,0.0271686,-0.0769543,11.2042,11.2044,0,0.354531
0.51,level,-0.000497369,0.00406903,-0.00127289,-0.00228555,0,0,-0.00317107,-0.00838961,0.00337303,99.5126,99.6526,99.935,0.567869,nan,0.277447,0.276933,0.277955,0.277454,0.277583,0.276933,0.277583,0.277955,0.277454,1,0,0.00229024,0,-0.00237112,0.000281741,-0.000505692,0.00352148,0.00694418,0,0,0,-0.00794245,-0.00348083,-0.00468708,-0.0263939,-0.174771,11.2876,11.289,0,0.366842
0.52,level,-0.000527732,0.00415492,-0.00116153,-0.00211902,0,0,-0.00288016,-0.00882732,0.0031871,99.5096,99.6496,99.9406,0.584708,nan,0.27677,0.277,0.276644,0.276511,0.277058,0.277,0.277058,0.276644,0.276511,1,0,0.00195312,0,0.00239361,-0.000141924,-8.41241e-05,0.00322588,0.00619701,0,0,0,0.00259134,-0.00994466,0.0143864,0.0953452,-0.142882,11.1157,11.1171,0,0.36135
0.53,level,-0.000555276,0.00424515,-0.000764061,-0.001753,0,0,-0.00256877,-0.00922772,0.00313041,99.5068,99.6468,99.9465,0.60102,nan,0.276122,0.276258,0.276292,0.276003,0.27606,0.276258,0.27606,0.276292,0.276003,1,0,0.00154408,0,5.9852e-05,-0.000923404,-4.0016e-05,0.00202615,0.00514302,0,0,0,0.00716634,-0.000185261,-0.00449418,0.0608631,-0.107903,11.0078,11.0085,0,0.343916
0.54,level,-0.000579476,0.00433838,-0.000780307,-0.00126208,0,0,-0.00219176,-0.00943106,0.00408352,99.504,99.644,99.9524,0.616595,nan,0.275499,0.27652,0.274875,0.276006,0.274719,0.27652,0.274719,0.274875,0.276006,1,0,0.000690534,0,0.000947844,-0.00127058,0.00128879,0.0024787,0.00353273,0,0,0,-0.00246762,0.0073591,-0.00969659,0.11718,0.0465942,11.0347,11.0354,0,0.32113
0.55,level,-0.00059965,0.00443314,-0.000754633,-0.00118484,0,0,-0.00184211,-0.00952068,0.00400615,99.5014,99.6414,99.9586,0.631677,nan,0.274903,0.27568,0.274322,0.275523,0.274204,0.27568,0.274204,0.274322,0.275523,1,0,0.00138107,0,0.000104028,-0.0005213,0.00117644,0.00250196,0.00336029,0,0,0,0.0115937,0.00600092,-0.00487271,0.0987148,0.0844243,11.1003,11.1011,0,0.32205
0.56,level,-0.000617429,0.00452831,-0.000552814,-0.00107169,0,0,-0.00167687,-0.00952264,0.00266165,99.4989,99.6389,99.965,0.646211,nan,0.274331,0.274105,0.274637,0.274028,0.274667,0.274105,0.274667,0.274637,0.274028,1,0,0.000690534,0,0.000280192,-8.86039e-05,-0.000514937,0.00191867,0.00306803,0,0,0,0.00271418,0.00606555,0.00549495,0.0814428,0.108113,11.008,11.0089,0,0.32091
0.57,level,-0.000633714,0.0046238,-0.000879808,-0.0012707,0,0,-0.00156985,-0.00959032,0.00275374,99.4965,99.6365,99.9715,0.660213,nan,0.273783,0.273067,0.274687,0.272848,0.274638,0.273067,0.274638,0.274687,0.272848,1,0,0.00119604,0,0.000450952,-0.000508949,-0.00149913,0.00291643,0.00392623,0,0,0,-0.000536315,0.000606945,0.00229262,-0.00250419,0.0305881,10.9156,10.9156,0,0.338074
0.58,level,-0.000649291,0.00471991,-0.00105065,-0.00148995,0,0,-0.00153015,-0.00963863,0.00312139,99.4942,99.6342,99.9781,0.673656,nan,0.273258,0.272575,0.274023,0.272856,0.273681,0.272575,0.273681,0.274023,0.272856,1,0,0.00154408,0,-0.00165111,-0.000116455,-0.000999049,0.00294444,0.00465717,0,0,0,0.0146195,-0.00398396,0.00467248,-0.0337421,-0.0708312,10.9002,10.9005,0,0.356601
0.59,level,-0.000665125,0.00481652,-0.000768814,-0.00170423,0,0,-0.0016275,-0.00965571,0.00377188,99.492,99.632,99.9849,0.686615,nan,0.272754,0.273248,0.272427,0.27313,0.272311,0.273248,0.272311,0.272427,0.27313,1,0,0.00138107,0,2.683e-06,-0.000443346,0.000720927,0.00205552,0.00525416,0,0,0,0.0124662,0.00659138,0.0048057,-0.0127803,-0.0722675,10.7814,10.7816,0,0.373706
0.6,level,-0.000682345,0.00491303,-0.000707533,-0.0020028,0,0,-0.00182103,-0.00964501,0.00338102,99.4899,99.6299,99.9918,0.699054,nan,0.272272,0.272219,0.272117,0.272238,0.272607,0.272219,0.272607,0.272117,0.272238,1,0,0.00218366,0,0.00124861,0.000964661,-0.000117147,0.00215591,0.00629792,0,0,0,0.00208158,-0.00596323,-0.00669068,-0.0341476,-0.00203289,10.8297,10.8297,0,0.396296
0.61,level,-0.000701662,0.00500983,-0.00046033,-0.00193225,0,0,-0.00201491,-0.00973254,0.00344238,99.4879,99.6279,99.9989,0.711004,nan,0.271809,0.271367,0.272438,0.271419,0.272104,0.271367,0.272104,0.272438,0.271419,1,0,0.00154408,0,-0.00102253,-0.000533725,-0.00077167,0.00140342,0.00550957,0,0,0,0.00598454,0.0083447,-0.00318322,0.120117,-0.000514587,10.7315,10.7321,0,0.398027
0.62,level,-0.000723034,0.00510721,-0.000596917,-0.00207413,0,0,-0.00224726,-0.00971156,0.00317154,99.486,99.626,100.006,0.722455,nan,0.271366,0.271418,0.271203,0.271383,0.271547,0.271418,0.271547,0.271203,0.271383,1,0,0.00182698,0,0.00100517,0.000584278,2.26583e-05,0.00148374,0.00623264,0,0,0,-0.00475409,0.0122774,-0.00208167,0.0229358,-0.035018,10.6498,10.6499,0,0.411566
0.63,level,-0.000746988,0.00520379,-0.000486705,-0.00192572,0,0,-0.0025149,-0.00960036,0.00247897,99.4842,99.6242,100.013,0.733441,nan,0.270941,0.272451,0.269796,0.271568,0.270032,0.272451,0.270032,0.269796,0.271568,1,0,0.000976562,0,0.00296744,-0.00122403,0.00184182,0.00139949,0.00548174,0,0,0,0.0017885,-0.00146063,-0.00383374,0.0635284,-0.0144845,10.6532,10.6534,0,0.408801
0.64,level,-0.000772918,0.00529936,-0.000689585,-0.00158269,0,0,-0.00263193,-0.00955142,0.00185142,99.4825,99.6225,100.021,0.743995,nan,0.270534,0.269364,0.271837,0.26998,0.271034,0.269364,0.271034,0.271837,0.26998,1,0,0.00169146,0,-0.00376402,-0.000355473,-0.00155026,0.00230726,0.0045683,0,0,0,0.00299098,0.00527044,0.00811695,0.117476,0.118263,10.5787,10.58,0,0.39439
0.65,level,-0.000800157,0.00539522,-0.0010051,-0.00131226,0,0,-0.00279755,-0.00964536,0.00233491,99.4808,99.6208,100.028,0.754112,nan,0.270144,0.270314,0.270492,0.2699,0.269945,0.270314,0.269945,0.270492,0.2699,1,0,0.00169146,0,-0.000352843,-0.00181873,-9.81596e-05,0.00329991,0.00403454,0,0,0,-0.000737379,0.00418182,-0.00868582,-0.00702982,0.054783,10.5932,10.5934,0,0.384558
0.66,level,-0.000828898,0.00549192,-0.00133399,-0.000972394,0,0,-0.00290362,-0.0096877,0.001944,99.4792,99.6192,100.036,0.763805,nan,0.26977,0.268896,0.270543,0.268835,0.270877,0.268896,0.270877,0.270543,0.268835,1,0,0.00119604,0,0.00104968,0.000517512,-0.00162136,0.00423343,0.0031053,0,0,0,-0.00679484,0.00690149,-0.00270258,-0.0545921,0.0741663,10.4935,10.4939,0,0.371594
0.67,level,-0.000858024,0.00558919,-0.00151045,-0.00123029,0,0,-0.00285731,-0.00977449,0.00259753,99.4777,99.6177,100.043,0.773101,nan,0.269411,0.269773,0.268909,0.269935,0.269099,0.269773,0.269099,0.268909,0.269935,1,0,0.00154408,0,7.42587e-05,0.000666369,0.000747416,0.00480217,0.00357554,0,0,0,-0.00367814,0.00099617,-0.00157736,0.0322528,0.0301146,10.448,10.4481,0,0.39261
0.68,level,-0.000885975,0.00568745,-0.00166943,-0.00136302,0,0,-0.00270976,-0.00986789,0.00142466,99.4763,99.6163,100.051,0.782021,nan,0.269068,0.268499,0.269342,0.269014,0.269484,0.268499,0.269484,0.269342,0.269014,1,0,0.00218366,0,-0.000992473,0.00124567,-0.000577104,0.00484849,0.00433772,0,0,0,0.00738422,0.00138207,0.0050173,-0.114062,-0.106529,10.5032,10.5043,0,0.406557
0.69,level,-0.00091259,0.00578616,-0.00144767,-0.00168529,0,0,-0.00260624,-0.00986706,0.00152607,99.4749,99.6149,100.059,0.790564,nan,0.268739,0.269391,0.26814,0.269051,0.268437,0.269391,0.268437,0.26814,0.269051,1,0,0.00195312,0,0.00168957,-7.92328e-05,0.000819661,0.00419526,0.0053144,0,0,0,0.00154065,-0.000833785,-0.00112349,-0.0617453,-0.0611601,10.5266,10.527,0,0.429274
0.7,level,-0.000938505,0.00588452,-0.00111571,-0.00159088,0,0,-0.00254184,-0.00976993,0.00221906,99.4736,99.6136,100.067,0.798781,nan,0.268423,0.268663,0.268126,0.268456,0.26851,0.268663,0.26851,0.268126,0.268456,1,0,0.00154408,0,0.00156803,0.000333099,0.000212445,0.00322882,0.00506068,0,0,0,-0.00289215,0.00701175,0.0102609,0.00966758,-0.0145646,10.4776,10.4776,0,0.428508
0.71,level,-0.000963599,0.00598165,-0.00119576,-0.00166783,0,0,-0.00243818,-0.00967461,0.00108976,99.4724,99.6124,100.075,0.806646,nan,0.268121,0.267909,0.268018,0.267648,0.268967,0.267909,0.268967,0.268018,0.267648,1,0,0.00195312,0,0.00320742,0.00130434,-0.000627838,0.00331279,0.00492256,0,0,0,0.00473497,0.0150033,-0.00550495,0.0548723,-0.114476,10.3883,10.3891,0,0.43857
0.72,level,-0.000987136,0.00607848,-0.00126392,-0.00199211,0,0,-0.00223467,-0.00970588,0.00155008,99.4712,99.6112,100.083,0.814177,nan,0.267831,0.267562,0.268351,0.267283,0.268185,0.267562,0.268185,0.268351,0.267283,1,0,0.0020716,0,0.000302395,-0.000843024,-0.000743306,0.00406855,0.00588176,0,0,0,-0.00111148,0.0114432,-0.0113333,0.0445283,0.0460864,10.3964,10.3966,0,0.462772
0.73,level,-0.00100858,0.00617572,-0.00152543,-0.00149177,0,0,-0.00202177,-0.00975978,0.00151165,99.4701,99.6101,100.091,0.821422,nan,0.267553,0.266706,0.268449,0.266775,0.268337,0.266706,0.268337,0.268449,0.266775,1,0,0.00182698,0,-0.000477932,-8.29926e-05,-0.00145294,0.00468205,0.0041938,0,0,0,0.00313148,0.000657647,-0.0128154,0.111176,0.0184395,10.3474,10.3481,0,0.440421
0.74,level,-0.00102807,0.00627359,-0.00150397,-0.0016643,0,0,-0.00184435,-0.00981951,0.00210062,99.469,99.609,100.1,0.8284,nan,0.267287,0.267757,0.266711,0.268115,0.266618,0.267757,0.266618,0.266711,0.268115,1,0,0.00182698,0,-0.00119688,0.000499753,0.00111768,0.00468925,0.00476841,0,0,0,0.00354833,0.0142177,-0.00405869,0.0475523,0.00555711,10.3609,10.361,0,0.455733
0.75,level,-0.00104572,0.00637196,-0.00165536,-0.00155843,0,0,-0.00162606,-0.00985068,0.00138388,99.468,99.608,100.108,0.835083,nan,0.267032,0.267528,0.266696,0.26755,0.266405,0.267528,0.266405,0.266696,0.26755,1,0,0.00239208,0,-0.000831408,-0.000510827,0.000868873,0.00522001,0.00486524,0,0,0,0.00860855,0.00752748,-0.00378302,-0.0184153,0.0294163,10.226,10.226,0,0.455838
0.76,level,-0.00106085,0.0064702,-0.00187305,-0.00160532,0,0,-0.00137957,-0.0097694,0.00197303,99.467,99.607,100.116,0.841478,nan,0.266787,0.265365,0.268284,0.26537,0.268179,0.265365,0.268179,0.268284,0.26537,1,0,0.00218366,0,-0.000291932,-0.000188718,-0.00251743,0.00533922,0.00470688,0,0,0,-0.00458857,0.0101236,0.00051008,0.0314572,-0.052027,10.2497,10.2499,0,0.465164
0.77,level,-0.00107386,0.00656748,-0.00227231,-0.00154171,0,0,-0.00117252,-0.00967195,0.00252098,99.4661,99.6061,100.125,0.847602,nan,0.266553,0.264813,0.268099,0.265004,0.268342,0.264813,0.268342,0.268099,0.265004,1,0,0.00248976,0,0.000136678,0.000821898,-0.00291175,0.00666514,0.00489076,0,0,0,0.00163051,0.00554176,-0.00216719,-0.0601063,-0.0687802,10.2383,10.2387,0,0.469835
0.78,level,-0.00108475,0.00666353,-0.00181408,-0.0016546,0,0,-0.000963722,-0.00952366,0.00214827,99.4652,99.6052,100.133,0.853494,nan,0.266328,0.265233,0.267166,0.26543,0.267528,0.265233,0.267528,0.267166,0.26543,1,0,0.00218366,0,0.000435919,0.00105825,-0.00177126,0.00519636,0.00513077,0,0,0,0.00692088,0.00732696,0.00274138,-0.0487839,-0.126746,10.2597,10.2606,0,0.478558
0.79,level,-0.00109334,0.00675839,-0.00193739,-0.00156155,0,0,-0.000703042,-0.0094625,0.00227232,99.4644,99.6044,100.142,0.859157,nan,0.266113,0.265253,0.266855,0.265197,0.267189,0.265253,0.267189,0.266855,0.265197,1,0,0.00218366,0,0.00103669,0.000527608,-0.00157944,0.00555938,0.00487353,0,0,0,-0.00550701,0.010087,-0.00485296,-0.0354511,-0.0926372,10.3275,10.328,0,0.479292
0.8,level,-0.00109919,0.00685283,-0.00172974,-0.00168922,0,0,-0.00041333,-0.00940556,0.00301652,99.4636,99.6036,100.15,0.864545,nan,0.265907,0.265765,0.266047,0.266151,0.265704,0.265765,0.265704,0.266047,0.266151,1,0,0.00195312,0,-0.00193232,7.99777e-05,7.2821e-05,0.00492007,0.00495693,0,0,0,0.00493525,0.00369811,-0.00221502,0.0623801,-0.124753,10.313,10.3139,0,0.490894
0.81,level,-0.00110277,0.00694638,-0.00154106,-0.00164698,0,0,-0.00029727,-0.00931318,0.00281192,99.4629,99.6029,100.159,0.869769,nan,0.265709,0.267271,0.264341,0.267148,0.264112,0.267271,0.264112,0.264341,0.267148,1,0,0.00182698,0,-0.000280675,-0.000667025,0.00262225,0.00432729,0.00488112,0,0,0,-0.00133865,0.000375516,0.00315202,0.026468,-0.0624432,10.2488,10.249,0,0.493128
0.82,level,-0.00110625,0.00703877,-0.00134006,-0.0015254,0,0,-0.000374188,-0.00916988,0.00277596,99.4622,99.6022,100.168,0.874777,nan,0.265519,0.265793,0.264767,0.266205,0.265348,0.265793,0.265348,0.264767,0.266205,1,0,0.00195312,0,0.000448703,0.00188332,0.000827934,0.00392987,0.00433149,0,0,0,0.0135878,0.022759,-0.00438643,0.125725,-0.057372,10.1163,10.1172,0,0.490986
0.83,level,-0.00111041,0.00713009,-0.00117707,-0.00126207,0,0,-0.000399475,-0.00912878,0.0031663,99.4615,99.6015,100.177,0.879576,nan,0.265337,0.264768,0.266161,0.264269,0.266186,0.264768,0.266186,0.266161,0.264269,1,0,0.00169146,0,0.00139207,-0.000898665,-0.00145476,0.00355667,0.00351071,0,0,0,-0.00633805,0.0149859,-0.00825413,0.0934643,-0.00248352,10.1664,10.1668,0,0.480954
0.84,level,-0.00111451,0.00722112,-0.00152451,-0.0013775,0,0,-0.000345942,-0.0090672,0.00458479,99.4609,99.6009,100.185,0.884199,nan,0.265163,0.265722,0.264768,0.265887,0.264308,0.265722,0.264308,0.264768,0.265887,1,0,0.00182698,0,-0.00165777,-0.000560642,0.00111292,0.00481066,0.0039318,0,0,0,0.00685498,-0.00287071,-0.0155848,0.100162,0.0839061,10.2007,10.2016,0,0.493356
0.85,level,-0.00111815,0.00731092,-0.00163693,-0.00119735,0,0,-0.000320184,-0.00887468,0.0044219,99.4602,99.6002,100.194,0.888629,nan,0.264996,0.265787,0.264533,0.265604,0.264091,0.265787,0.264091,0.264533,0.265604,1,0,0.00195312,0,-0.000685729,-0.00118472,0.0012163,0.00520977,0.00361399,0,0,0,-0.000452162,0.00498474,-0.00666842,0.00617944,0.108761,10.1986,10.1992,0,0.488537
0.86,level,-0.00112168,0.00739828,-0.00195282,-0.00119638,0,0,-0.000337562,-0.00859308,0.00297269,99.4597,99.5997,100.203,0.892814,nan,0.264835,0.265006,0.26467,0.264796,0.264902,0.265006,0.264902,0.26467,0.264796,1,0,0.0020716,0,0.00117229,4.18695e-05,0.000101252,0.00614098,0.00347807,0,0,0,0.00493836,0.00566543,0.0112074,0.0694644,0.112404,10.0536,10.0544,0,0.494903
0.87,level,-0.00112492,0.00748298,-0.0019308,-0.0015025,0,0,-0.000220477,-0.008358,0.00214122,99.4591,99.5991,100.212,0.896898,nan,0.264682,0.264853,0.264612,0.264592,0.2647,0.264853,0.2647,0.264612,0.264592,1,0,0.00258374,0,0.000925641,-0.000325979,5.8537e-05,0.0059524,0.00477458,0,0,0,-0.000404394,0.00911477,0.00139196,-0.000454911,-0.009539,10.0752,10.0752,0,0.517063
0.88,level,-0.00112622,0.00756579,-0.00178139,-0.00184556,0,0,1.23585e-05,-0.00820371,0.00263739,99.4586,99.5986,100.221,0.900813,nan,0.264535,0.263961,0.264917,0.264095,0.265194,0.263961,0.265194,0.264917,0.264095,1,0,0.00258374,0,0.000379874,0.000778302,-0.000903744,0.00533281,0.00584178,0,0,0,0.00494624,0.0037878,-0.00213036,-0.0720621,-0.0238114,10.1541,10.1543,0,0.540691
0.89,level,-0.00112492,0.00764745,-0.00178715,-0.00210393,0,0,0.000307989,-0.00813579,0.00272365,99.4581,99.5981,100.23,0.904577,nan,0.264393,0.263449,0.265101,0.263685,0.265366,0.263449,0.265366,0.265101,0.263685,1,0,0.00248976,0,7.60695e-05,0.000947772,-0.00146506,0.00507909,0.0063985,0,0,0,0.00417974,0.00314823,0.00747128,0.0110003,-0.055137,10.1998,10.2,0,0.560154
0.9,level,-0.00112046,0.00772871,-0.00177534,-0.00209144,0,0,0.000612959,-0.00811714,0.0028135,99.4577,99.5977,100.239,0.908243,nan,0.264258,0.263283,0.264991,0.263864,0.264921,0.263283,0.264921,0.264991,0.263864,1,0,0.00248976,0,-0.00172486,0.000968214,-0.00121541,0.00502935,0.00631901,0,0,0,0.00155189,0.0133441,0.00271397,0.0180808,-0.0549569,10.0755,10.0757,0,0.564061
0.91,level,-0.00111369,0.00780982,-0.00149764,-0.00185591,0,0,0.000804453,-0.008106,0.00310073,99.4573,99.5973,100.248,0.911717,nan,0.264128,0.265865,0.262368,0.266321,0.261984,0.265865,0.261984,0.262368,0.266321,1,0,0.00229024,0,-0.0022279,0.000138223,0.00344342,0.00421299,0.0054769,0,0,0,0.000843989,0.00913649,-0.0060921,0.0403841,-0.0732755,10.0848,10.0852,0,0.554379
0.92,level,-0.00110539,0.0078908,-0.00130267,-0.00158135,0,0,0.000883935,-0.00810514,0.00204401,99.4569,99.5969,100.257,0.914993,nan,0.264004,0.263496,0.264579,0.26362,0.264346,0.263496,0.264346,0.264579,0.26362,1,0,0.00154408,0,-0.000948115,-0.000205495,-0.000795006,0.00379819,0.00447898,0,0,0,0.00978997,0.00525292,0.00174643,0.0492385,-0.0283011,9.98265,9.98281,0,0.542955
0.93,level,-0.0010967,0.00797201,-0.00141488,-0.00136911,0,0,0.000911445,-0.00816202,0.00365009,99.4565,99.5965,100.266,0.918189,nan,0.263885,0.264131,0.263941,0.263617,0.263873,0.264131,0.263873,0.263941,0.263617,1,0,0.00195312,0,0.00118554,-0.00110104,-2.90498e-05,0.0043808,0.00384612,0,0,0,0.0064923,0.00722037,0.00441269,0.0596225,0.00715466,9.99675,9.99693,0,0.535654
0.94,level,-0.00108738,0.00805364,-0.00166941,-0.00116098,0,0,0.00100865,-0.00818567,0.00316738,99.4561,99.5961,100.275,0.92118,nan,0.26377,0.265113,0.262535,0.265319,0.262137,0.265113,0.262137,0.262535,0.265319,1,0,0.00182698,0,-0.00160105,-0.000364674,0.00253179,0.0053051,0.00355543,0,0,0,0.00208848,0.00760891,-0.0105883,-0.00341342,0.0557554,10.0136,10.0138,0,0.529172
0.95,level,-0.00107719,0.00813574,-0.001603,-0.00141319,0,0,0.00106717,-0.00824382,0.0024033,99.4558,99.5958,100.285,0.924086,nan,0.263661,0.262578,0.264612,0.263261,0.264213,0.262578,0.264213,0.264612,0.263261,1,0,0.00195312,0,-0.00287017,0.000538673,-0.00131218,0.00504738,0.00444552,0,0,0,0.00459068,0.0101065,-0.00210655,-0.0494534,0.0611674,10.0818,10.0821,0,0.548098
0.96,level,-0.00106683,0.00821839,-0.00164265,-0.000875402,0,0,0.00102263,-0.00831044,0.00334757,99.4555,99.5955,100.294,0.92684,nan,0.263555,0.264143,0.262712,0.264323,0.263064,0.264143,0.263064,0.262712,0.264323,1,0,0.00154408,0,0.000459326,0.00100711,0.00118225,0.00475803,0.00288285,0,0,0,0.00319234,0.00852826,-0.0099968,-0.00833845,-0.028748,10.0133,10.0134,0,0.522245
0.97,level,-0.00105715,0.00830216,-0.00145189,-0.00102692,0,0,0.000950556,-0.00845838,0.00196154,99.4552,99.5952,100.303,0.929543,nan,0.263455,0.263469,0.263278,0.263894,0.263198,0.263469,0.263198,0.263278,0.263894,1,0,0.00154408,0,-0.00134165,0.000652624,0.000389383,0.00458393,0.00329721,0,0,0,0.00736858,0.00633372,0.0117957,-0.0425246,0.0409253,9.95165,9.95183,0,0.535142
0.98,level,-0.00104853,0.00838738,-0.00132069,-0.00100801,0,0,0.000783164,-0.0085492,0.000948633,99.4549,99.5949,100.312,0.932144,nan,0.263358,0.263308,0.263314,0.263172,0.263657,0.263308,0.263657,0.263314,0.263172,1,0,0.00169146,0,0.00127275,0.000393116,-0.000215748,0.00383256,0.00329863,0,0,0,0.00290901,0.00407725,0.00123252,-0.10741,-0.0717608,9.96681,9.96765,0,0.538678
0.99,level,-0.0010417,0.00847276,-0.00107256,-0.00112909,0,0,0.000571437,-0.00851483,0.000694673,99.4547,99.5947,100.322,0.934646,nan,0.263265,0.262768,0.264226,0.262299,0.263786,0.262768,0.263786,0.264226,0.262299,1,0,0.000976562,0,7.70486e-05,-0.0017214,-0.0012941,0.00306648,0.00363502,0,0,0,0.0147083,0.00190197,-0.00432567,-0.0858666,-0.079615,10.0388,10.0395,0,0.55026
1,level,-0.0010374,0.00855727,-0.00124394,-0.00125735,0,0,0.000272951,-0.00836886,0.00186902,99.4545,99.5945,100.331,0.936985,nan,0.263176,0.26203,0.264202,0.262169,0.264323,0.26203,0.264323,0.264202,0.262169,1,0,0.00119604,0,-4.64208e-05,0.000490569,-0.00190112,0.00348653,0.00361482,0,0,0,0.00539719,0.00226701,0.00545514,0.0183558,-0.0215165,10.0707,10.0707,0,0.562591
1.01,level,-0.00103647,0.00864046,-0.00122657,-0.00162823,0,0,-6.18618e-05,-0.00828538,0.00162085,99.4542,99.5942,100.34,0.939288,nan,0.263091,0.263215,0.263091,0.263151,0.262925,0.263215,0.262925,0.263091,0.263151,1,0,0.00182698,0,-0.000273633,-0.000437181,0.000153706,0.00339332,0.00481164,0,0,0,0.00261775,0.00176433,0.00772983,0.042314,-0.112192,9.9719,9.97262,0,0.588582
1.02,level,-0.00103871,0.00872287,-0.000993497,-0.00153733,0,0,-0.000347135,-0.00819684,0.001774,99.454,99.594,100.35,0.941502,nan,0.26301,0.263426,0.262314,0.263829,0.262485,0.263426,0.262485,0.262314,0.263829,1,0,0.00119604,0,-0.000615986,0.00108925,0.0010793,0.00269289,0.00464418,0,0,0,0.00788103,0.00890775,0.00530623,0.00860342,-0.117889,9.97721,9.97791,0,0.587981
1.03,level,-0.0010437,0.00880434,-0.000967748,-0.00142837,0,0,-0.000637279,-0.00809319,0.00169433,99.4539,99.5939,100.359,0.943632,nan,0.262931,0.263132,0.262778,0.263083,0.262748,0.263132,0.262748,0.262778,0.263083,1,0,0.00119604,0,5.06462e-05,-0.000148755,0.000302564,0.00265276,0.00447088,0,0,0,0.000385642,0.0143735,-0.000727508,0.0101303,-0.0158576,9.91091,9.91093,0,0.586414
1.04,level,-0.00105153,0.00888471,-0.00107477,-0.00131439,0,0,-0.00088302,-0.00799521,0.00188014,99.4537,99.5937,100.369,0.945677,nan,0.262856,0.26316,0.262648,0.263366,0.262265,0.26316,0.262265,0.262648,0.263366,1,0,0.00119604,0,-0.00156173,-0.0003355,0.000709269,0.00347178,0.00377963,0,0,0,0.00385397,0.00944016,0.00394445,0.0527758,0.0431697,9.96485,9.96508,0,0.584485
1.05,level,-0.00106148,0.00896414,-0.00103102,-0.00134292,0,0,-0.00109126,-0.00788851,0.00175731,99.4535,99.5935,100.378,0.947644,nan,0.262784,0.262987,0.262801,0.26272,0.262642,0.262987,0.262642,0.262801,0.26272,1,0,0.00169146,0,0.000286435,-0.000807019,0.000116638,0.00319503,0.00375737,0,0,0,0.00181452,0.00782233,-0.00158815,0.115195,0.0252719,10.0464,10.0471,0,0.590668
1.06,level,-0.00107364,0.00904244,-0.00154471,-0.00141406,0,0,-0.00130726,-0.00778208,0.00175249,99.4534,99.5934,100.388,0.94955,nan,0.262715,0.263077,0.262619,0.262896,0.262282,0.263077,0.262282,0.262619,0.262896,1,0,0.0020716,0,-0.000411221,-0.000980222,0.000470873,0.00469983,0.00454346,0,0,0,0.00661868,0.0043605,-0.00907986,-0.0723835,0.000931006,9.96435,9.96461,0,0.599886
1.07,level,-0.00108781,0.00911963,-0.00169692,-0.00152182,0,0,-0.00151163,-0.00766431,0.00219456,99.4533,99.5933,100.397,0.95141,nan,0.262649,0.263485,0.262086,0.263508,0.261529,0.263485,0.261529,0.262086,0.263508,1,0,0.00218366,0,-0.00153678,-0.00101205,0.00148496,0.00486881,0.00438227,0,0,0,0.00552191,0.0061038,-0.00696731,0.0415628,-0.0484988,9.99925,9.99945,0,0.610892
1.08,level,-0.00110388,0.00919596,-0.00161661,-0.00183685,0,0,-0.00166057,-0.00760512,0.00169562,99.4532,99.5932,100.407,0.953248,nan,0.262585,0.26295,0.262145,0.262851,0.262407,0.26295,0.262407,0.262145,0.262851,1,0,0.00218366,0,0.000957425,0.000310746,0.000548867,0.00516447,0.00557941,0,0,0,0.0127903,0.0112473,-0.00146596,-0.00863442,0.135896,9.8133,9.81425,0,0.632993
1.09,level,-0.00112081,0.00927203,-0.00182277,-0.00198195,0,0,-0.00168543,-0.00761058,0.00158961,99.4531,99.5931,100.416,0.955003,nan,0.262524,0.26186,0.263191,0.262178,0.262881,0.26186,0.262881,0.263191,0.262178,1,0,0.00248976,0,-0.0016643,1.38448e-05,-0.000893742,0.0055384,0.00623735,0,0,0,0.00446354,-0.0011661,0.0102355,-0.0443918,-0.00437551,10.0098,10.0099,0,0.646258
1.1,level,-0.00113784,0.00934807,-0.0021482,-0.00192708,0,0,-0.00169025,-0.00760894,0.00214244,99.453,99.593,100.426,0.956701,nan,0.262466,0.262144,0.262901,0.26188,0.26295,0.262144,0.26295,0.262901,0.26188,1,0,0.00267443,0,0.000832226,-0.000408031,-0.000803448,0.00623719,0.00600274,0,0,0,-0.00323377,0.000108591,0.00744473,0.0141898,-0.0258373,9.92866,9.9287,0,0.648841
1.11,level,-0.00115484,0.0094242,-0.00184106,-0.00217709,0,0,-0.00167519,-0.00762175,0.00288468,99.4529,99.5929,100.435,0.958316,nan,0.26241,0.261543,0.26311,0.262135,0.262862,0.261543,0.262862,0.26311,0.262135,1,0,0.00248976,0,-0.00222566,0.000653606,-0.00100799,0.00523158,0.00654536,0,0,0,0.00559033,0.00626027,0.000573351,0.0205874,-0.0923135,9.97285,9.9733,0,0.666072
1.12,level,-0.00117225,0.00950084,-0.00156204,-0.0021904,0,0,-0.00173077,-0.00770841,0.00327869,99.4528,99.5928,100.445,0.959854,nan,0.262356,0.263157,0.261304,0.263104,0.26187,0.263157,0.26187,0.261304,0.263104,1,0,0.00229024,0,0.00164236,0.000969336,0.00135679,0.00439665,0.00652272,0,0,0,0.00356894,0.0047609,0.00123499,0.0369341,-0.0968195,9.83506,9.8356,0,0.670409
1.13,level,-0.00118936,0.00957835,-0.00104908,-0.0018417,0,0,-0.00161383,-0.00780773,0.00285682,99.4528,99.5928,100.455,0.961302,nan,0.262305,0.262284,0.262174,0.262283,0.262487,0.262284,0.262487,0.262174,0.262283,1,0,0.00195312,0,0.000833002,0.000589555,-4.12414e-05,0.00309823,0.00523129,0,0,0,0.00893504,-0.000241426,-0.0101479,0.0647643,-0.0202903,9.83693,9.83716,0,0.6545
1.14,level,-0.0012054,0.00965669,-0.000926877,-0.00213123,0,0,-0.00154212,-0.00790448,0.0027521,99.4527,99.5927,100.464,0.962677,nan,0.262255,0.261797,0.262533,0.261923,0.262778,0.261797,0.262778,0.262533,0.261923,1,0,0.00229024,0,0.000316902,0.000701418,-0.000699458,0.00291047,0.00614234,0,0,0,0.00631289,0.0156215,0.00296767,0.106929,0.0284732,9.83986,9.84048,0,0.675708
1.15,level,-0.00122062,0.00973679,-0.00109769,-0.00195828,0,0,-0.00144585,-0.00813984,0.0019542,99.4527,99.5927,100.474,0.963996,nan,0.262208,0.261087,0.263316,0.261299,0.263139,0.261087,0.263139,0.263316,0.261299,1,0,0.00182698,0,-0.00102906,6.67981e-05,-0.0017885,0.00347058,0.00564331,0,0,0,0.0105339,0.0141249,-0.00596702,0.189887,0.0979609,9.97119,9.97348,0,0.670253
1.16,level,-0.00123495,0.00981932,-0.000976377,-0.00200974,0,0,-0.00137672,-0.00839235,0.0026005,99.4527,99.5927,100.483,0.965265,nan,0.262163,0.262179,0.262304,0.262306,0.261871,0.262179,0.261871,0.262304,0.262306,1,0,0.00229024,0,-0.00148737,-0.000578906,0.000136296,0.003246,0.00601125,0,0,0,0.0120995,0.0068183,-0.0172709,0.0271601,0.0657134,9.95355,9.95381,0,0.678043
1.17,level,-0.00124898,0.00990402,-0.000973428,-0.00176137,0,0,-0.00139421,-0.0085568,0.00278124,99.4526,99.5926,100.493,0.966483,nan,0.262119,0.261936,0.262233,0.26178,0.262536,0.261936,0.262536,0.262233,0.26178,1,0,0.00169146,0,0.00121969,0.000276976,-0.000462558,0.00321815,0.00538124,0,0,0,0.00723904,0.00652005,-0.00486493,-0.0108798,0.0837546,9.96278,9.96314,0,0.668691
1.18,level,-0.00126327,0.00999018,-0.000950554,-0.00172648,0,0,-0.00138407,-0.00863706,0.00294359,99.4526,99.5926,100.503,0.967653,nan,0.262077,0.261425,0.26268,0.261044,0.263168,0.261425,0.263168,0.26268,0.261044,1,0,0.00182698,0,0.00230902,0.000202804,-0.00148516,0.00315661,0.00515945,0,0,0,0.00489054,0.011938,-0.00706994,0.0338982,0.122293,9.88485,9.88567,0,0.67168
1.19,level,-0.00127685,0.0100768,-0.0011863,-0.00188669,0,0,-0.00126894,-0.00872633,0.00236042,99.4526,99.5926,100.512,0.968805,nan,0.262037,0.2613,0.262649,0.261563,0.262645,0.2613,0.262645,0.262649,0.261563,1,0,0.00218366,0,-0.000707611,0.000491519,-0.00106868,0.00327963,0.00575806,0,0,0,0.00411698,0.00378236,0.00346943,-0.00427206,-0.0826583,9.8809,9.88125,0,0.685631
1.2,level,-0.00128937,0.0101649,-0.00117289,-0.00202593,0,0,-0.00118142,-0.00887652,0.00192086,99.4526,99.5926,100.522,0.969921,nan,0.261999,0.261931,0.262121,0.26203,0.261923,0.261931,0.261923,0.262121,0.26203,1,0,0.00239208,0,-0.000790221,-0.000186221,-3.61312e-05,0.00336033,0.00632246,0,0,0,0.00630054,-0.00266854,-0.004692,-0.0619708,-0.0670589,9.93145,9.93187,0,0.698667
1.21,level,-0.00130117,0.010254,-0.000985336,-0.00227656,0,0,-0.00114665,-0.00895012,0.00293157,99.4527,99.5927,100.532,0.971,nan,0.261963,0.261296,0.262608,0.26161,0.262343,0.261296,0.262343,0.262608,0.26161,1,0,0.00229024,0,-0.00153551,9.39793e-05,-0.000898634,0.0028561,0.0071117,0,0,0,0.00922203,0.00291653,0.0128013,-0.0281393,-0.030573,9.90699,9.90708,0,0.718311
1.22,level,-0.00131336,0.0103438,-0.000651158,-0.00237086,0,0,-0.00125443,-0.00903883,0.00334586,99.4527,99.5927,100.542,0.972048,nan,0.261928,0.261106,0.262495,0.261377,0.262739,0.261106,0.262739,0.262495,0.261377,1,0,0.00248976,0,-7.06562e-05,0.000974109,-0.00120932,0.00168771,0.00724756,0,0,0,0.00166071,0.00041922,0.00340812,-0.0354955,-0.124197,9.90218,9.90302,0,0.729588
1.23,level,-0.00132684,0.0104347,-0.000485977,-0.00241376,0,0,-0.00139559,-0.00915517,0.00339581,99.4527,99.5927,100.551,0.973035,nan,0.261894,0.262314,0.261517,0.262503,0.261248,0.262314,0.261248,0.261517,0.262503,1,0,0.00239208,0,-0.00121443,-0.000151392,0.000901892,0.00122367,0.0070776,0,0,0,0.00386564,0.0108194,0.000305346,0.0433521,-0.0307327,9.89441,9.89456,0,0.737826
1.24,level,-0.0013419,0.0105269,-0.000466593,-0.00222092,0,0,-0.00155089,-0.00931728,0.00318485,99.4527,99.5927,100.561,0.97399,nan,0.261862,0.261913,0.261742,0.262135,0.261664,0.261913,0.261664,0.261742,0.262135,1,0,0.00182698,0,-0.000796748,0.000272618,0.000282228,0.00112965,0.0065452,0,0,0,0.000175926,0.00820722,-0.0122614,0.0808955,-0.127534,9.81934,9.8205,0,0.732199
1.25,level,-0.00135835,0.0106209,-0.00036104,-0.00192858,0,0,-0.00166783,-0.00949093,0.00240326,99.4528,99.5928,100.571,0.974922,nan,0.261832,0.261348,0.26262,0.26124,0.262125,0.261348,0.262125,0.26262,0.26124,1,0,0.000976562,0,-0.00102626,-0.00114318,-0.00094774,0.00115233,0.00549109,0,0,0,-0.00165734,-0.00223281,-0.00452437,0.0794871,0.01131,9.88655,9.88688,0,0.721371
1.26,level,-0.001376,0.0107159,-0.000447878,-0.00160813,0,0,-0.00181904,-0.00946968,0.00271958,99.4528,99.5928,100.581,0.97581,nan,0.261802,0.261993,0.261566,0.262058,0.261599,0.261993,0.261599,0.261566,0.262058,1,0,0.00169146,0,-8.22184e-05,0.000186549,0.000389265,0.00157384,0.00464217,0,0,0,-0.000197096,0.00653131,-0.00417474,0.0573921,0.0452356,9.93046,9.93073,0,0.708194
1.27,level,-0.00139545,0.0108098,-0.000543941,-0.00116833,0,0,-0.00204572,-0.00933861,0.00224177,99.4529,99.5929,100.59,0.976693,nan,0.261774,0.261673,0.262198,0.261482,0.26175,0.261673,0.26175,0.262198,0.261482,1,0,0,0,-0.000684802,-0.00120986,-0.000348412,0.00190047,0.00334601,0,0,0,0.00908245,-0.000621172,-0.00840435,0.0209718,0.00971722,9.91442,9.91444,0,0.688115
1.28,level,-0.00141738,0.0109027,-0.000727107,-0.000868478,0,0,-0.00229557,-0.00922362,0.00257192,99.4529,99.5929,100.6,0.977569,nan,0.261747,0.260559,0.263082,0.260627,0.262727,0.260559,0.262727,0.263082,0.260627,1,0,0,0,-0.00112185,-0.000543341,-0.00203214,0.00235034,0.00236504,0,0,0,-0.00376654,0.00234921,-0.00134137,0.0759785,0.0411578,9.82864,9.82902,0,0.675705
1.29,level,-0.00144192,0.0109943,-0.000897812,-0.000951876,0,0,-0.00256263,-0.00910602,0.00292477,99.453,99.593,100.61,0.978409,nan,0.261722,0.261029,0.262163,0.261397,0.262303,0.261029,0.262303,0.262163,0.261397,1,0,0.000690534,0,-0.000604025,0.00096326,-0.000896599,0.00286918,0.00311049,0,0,0,0.00825025,0.00216382,0.00135409,-0.087025,0.0537032,9.88582,9.88635,0,0.685307
1.3,level,-0.00146904,0.0110851,-0.00132126,-0.0012158,0,0,-0.00283393,-0.00906061,0.00150235,99.4531,99.5931,100.62,0.979225,nan,0.261697,0.261516,0.262029,0.261516,0.261732,0.261516,0.261732,0.262029,0.261516,1,0,0.00169146,0,-0.000786945,-0.000562448,-0.000320147,0.00369028,0.00376433,0,0,0,0.00120903,-0.00157855,0.0163109,-0.00488595,-0.0520194,9.8739,9.87404,0,0.70503
1.31,level,-0.00149887,0.0111756,-0.00109617,-0.00160391,0,0,-0.00311677,-0.00901415,0.000364778,99.4532,99.5932,100.629,0.980009,nan,0.261674,0.260952,0.262321,0.260959,0.262468,0.260952,0.262468,0.262321,0.260959,1,0,0.00195312,0,0.000373554,0.000291335,-0.00126507,0.00346858,0.0050414,0,0,0,-0.0101218,0.00128926,0.0044027,-0.0118481,0.0129587,9.83277,9.83279,0,0.732737
1.32,level,-0.00153109,0.0112651,-0.00135478,-0.00212072,0,0,-0.00329175,-0.00886436,0.000937051,99.4532,99.5932,100.639,0.980775,nan,0.261651,0.261788,0.26152,0.261408,0.261893,0.261788,0.261893,0.26152,0.261408,1,0,0.00239208,0,0.00199827,-1.344e-05,-9.58497e-05,0.00385422,0.00615893,0,0,0,0.00333923,0.00390754,0.00635952,0.0665263,-0.0601956,9.95883,9.95924,0,0.767216
1.33,level,-0.00156429,0.011353,-0.00132543,-0.00189201,0,0,-0.00333774,-0.0087299,0.000713363,99.4533,99.5933,100.649,0.981546,nan,0.26163,0.262367,0.260868,0.261997,0.261292,0.262367,0.261292,0.260868,0.261997,1,0,0.0020716,0,0.00210524,0.000102635,0.000968831,0.00385981,0.0059671,0,0,0,0.00388521,0.0113971,0.00739728,-0.033897,-0.0365933,9.87108,9.8712,0,0.759205
1.34,level,-0.0015979,0.0114397,-0.000974693,-0.00185467,0,0,-0.00336966,-0.00860925,0.00095853,99.4534,99.5934,100.659,0.982268,nan,0.261609,0.261698,0.261503,0.262099,0.26114,0.261698,0.26114,0.261503,0.262099,1,0,0.00182698,0,-0.00202853,7.24994e-05,0.000507575,0.00262156,0.00548571,0,0,0,-0.00630938,-0.00946702,-0.00824712,0.0357573,-0.0894064,9.89873,9.8992,0,0.7627
1.35,level,-0.0016325,0.0115257,-0.000996434,-0.00188843,0,0,-0.00356605,-0.00860365,0.00133295,99.4535,99.5935,100.668,0.982975,nan,0.261589,0.260634,0.26255,0.260569,0.262607,0.260634,0.262607,0.26255,0.260569,1,0,0.00154408,0,0.000324686,-1.6638e-05,-0.00173791,0.00270205,0.00557817,0,0,0,-0.00178654,0.00527105,0.00538193,0.0409212,-0.0768567,9.78684,9.78723,0,0.769597
1.36,level,-0.00166962,0.0116119,-0.000937934,-0.00140179,0,0,-0.00382593,-0.00865431,0.00187445,99.4536,99.5936,100.678,0.983653,nan,0.26157,0.261556,0.261407,0.261702,0.26162,0.261556,0.26162,0.261407,0.261702,1,0,0.00138107,0,0.000176216,0.000679944,0.000101751,0.00284153,0.00450042,0,0,0,-0.00230905,-0.00221793,-0.00624718,-0.0116151,-0.00651235,9.77517,9.77518,0,0.746958
1.37,level,-0.00170903,0.0116987,-0.00122784,-0.000906247,0,0,-0.00399878,-0.00868368,0.00155489,99.4537,99.5937,100.688,0.984297,nan,0.261552,0.261768,0.2616,0.261504,0.261341,0.261768,0.261341,0.2616,0.261504,1,0,0.000690534,0,1.32626e-05,-0.000991906,0.000145466,0.00374179,0.00243648,0,0,0,-0.00590763,0.00675989,-0.00680164,0.182312,0.0276956,9.87683,9.87855,0,0.72292
1.38,level,-0.00174939,0.0117852,-0.00154977,-0.000930578,0,0,-0.00403492,-0.00862974,0.000300332,99.4538,99.5938,100.698,0.984935,nan,0.261535,0.261669,0.261698,0.261413,0.261362,0.261669,0.261362,0.261698,0.261413,1,0,0.00154408,0,-0.000212244,-0.00112036,9.51225e-06,0.00494331,0.0027688,0,0,0,-0.000750342,0.0205922,-0.00220001,0.0288871,0.0914894,9.97459,9.97505,0,0.72888
1.39,level,-0.0017895,0.0118712,-0.00188012,-0.00100338,0,0,-0.00396878,-0.00856554,-0.000304647,99.4539,99.5939,100.708,0.985567,nan,0.261518,0.261104,0.26215,0.260854,0.261968,0.261104,0.261968,0.26215,0.260854,1,0,0.00182698,0,0.000181088,-0.000818948,-0.000949512,0.00579503,0.00276516,0,0,0,0.00142141,0.00888593,0.000709225,0.101891,0.0358002,9.84061,9.8412,0,0.737953
1.4,level,-0.00182864,0.0119564,-0.00209157,-0.00101907,0,0,-0.0038191,-0.00846955,0.000668893,99.454,99.594,100.718,0.986117,nan,0.261502,0.260907,0.262012,0.260278,0.262815,0.260907,0.262815,0.262012,0.260278,1,0,0.0020716,0,0.00379544,0.000329509,-0.00160066,0.00638452,0.00333457,0,0,0,0.00703397,-0.00384051,0.00525318,-0.0321863,-0.00581976,9.83927,9.83932,0,0.743902
1.41,level,-0.00186525,0.0120412,-0.00215075,-0.00111113,0,0,-0.00340842,-0.0084908,0.00159506,99.4541,99.5941,100.728,0.986707,nan,0.261487,0.260938,0.261669,0.261281,0.262062,0.260938,0.262062,0.261669,0.261281,1,0,0.00229024,0,0.000132533,0.00139482,-0.000664883,0.00671382,0.00348202,0,0,0,-0.00634615,0.0134363,0.00380814,-0.0299938,0.0653848,9.8154,9.81567,0,0.754069
1.42,level,-0.00189721,0.0121263,-0.00211894,-0.00179689,0,0,-0.00292586,-0.00856885,0.00195184,99.4542,99.5942,100.737,0.987276,nan,0.261472,0.262485,0.260596,0.262145,0.260667,0.262485,0.260667,0.260596,0.262145,1,0,0.00248976,0,0.00109251,-0.000509071,0.00147993,0.0062525,0.00510593,0,0,0,-0.00414309,-0.000810146,-0.0133573,0.0817047,-0.0429832,9.83426,9.8347,0,0.798158
1.43,level,-0.0019244,0.0122125,-0.00189222,-0.0022072,0,0,-0.00245484,-0.0086617,0.0018229,99.4543,99.5943,100.747,0.987824,nan,0.261458,0.261823,0.26119,0.261908,0.260916,0.261823,0.260916,0.26119,0.261908,1,0,0.00239208,0,-0.000951131,-0.000357448,0.000713688,0.00540781,0.00677895,0,0,0,-0.00398314,0.00850678,0.00111206,-0.00971189,-0.0762558,9.9128,9.91309,0,0.826481
1.44,level,-0.00194713,0.0122994,-0.0014768,-0.00243397,0,0,-0.00202575,-0.00872859,0.00175375,99.4545,99.5945,100.757,0.988353,nan,0.261445,0.260617,0.262049,0.261069,0.262048,0.260617,0.262048,0.262049,0.261069,1,0,0.00248976,0,-0.00120465,0.000853951,-0.00105974,0.00414575,0.00737592,0,0,0,0.00163778,-0.00864235,-0.00522762,0.00252146,-0.085469,9.87377,9.87414,0,0.844826
1.45,level,-0.00196546,0.0123874,-0.00140837,-0.00263985,0,0,-0.00157262,-0.00893525,0.00212127,99.4546,99.5946,100.767,0.988846,nan,0.261432,0.262869,0.26,0.262823,0.260039,0.262869,0.260039,0.26,0.262823,1,0,0.00267443,0,0.000224218,-1.20403e-05,0.00248453,0.003913,0.00791121,0,0,0,-0.0087406,0.0106763,-0.00237857,0.0294161,-0.0548576,9.85844,9.85864,0,0.861821
1.46,level,-0.00197946,0.0124783,-0.00077103,-0.0023255,0,0,-0.00117864,-0.00925173,0.00213295,99.4547,99.5947,100.777,0.989308,nan,0.26142,0.261474,0.261449,0.261104,0.261656,0.261474,0.261656,0.261449,0.261104,1,0,0.00195312,0,0.00153371,-0.000307641,-0.000231747,0.00219465,0.0067075,0,0,0,0.00288051,0.0031454,-0.0184182,0.056431,-0.0226414,9.86786,9.86804,0,0.851163
1.47,level,-0.00198987,0.012572,-0.000840665,-0.00211112,0,0,-0.000825261,-0.00949806,0.00346346,99.4548,99.5948,100.787,0.989771,nan,0.261408,0.262648,0.260245,0.262354,0.260389,0.262648,0.260389,0.260245,0.262354,1,0,0.00182698,0,0.00115909,-0.000284058,0.0019199,0.00267645,0.00607501,0,0,0,0.000153911,-0.00066046,-0.0188876,0.0623558,0.0166036,9.85707,9.85728,0,0.844011
1.48,level,-0.00199708,0.0126673,-0.000459119,-0.00143605,0,0,-0.000542894,-0.00957285,0.00259331,99.455,99.595,100.797,0.990148,nan,0.261397,0.26236,0.260623,0.262189,0.260418,0.26236,0.260418,0.260623,0.262189,1,0,0.000976562,0,-8.71607e-05,-0.000711423,0.00154214,0.0016846,0.00427862,0,0,0,0.00816688,0.0167737,-0.00800779,0.0266636,0.062765,9.81815,9.81838,0,0.812951
1.49,level,-0.00200202,0.0127631,-0.000512145,-0.00107208,0,0,-0.00040747,-0.00959919,0.00304177,99.4551,99.5951,100.807,0.990599,nan,0.261386,0.26121,0.261474,0.261316,0.261547,0.26121,0.261547,0.261474,0.261316,1,0,0.000690534,0,-8.63363e-05,0.000337486,-0.000217886,0.00182949,0.00325508,0,0,0,-0.00389491,0.00878314,-0.00144379,0.00706765,0.0367611,9.90248,9.90255,0,0.797381
1.5,level,-0.00200653,0.0128595,-0.000472927,-0.000469615,0,0,-0.000449339,-0.00969239,0.0024738,99.4552,99.5952,100.817,0.991039,nan,0.261376,0.262226,0.260618,0.262425,0.260237,0.262226,0.260237,0.260618,0.262425,1,0,0,0,-0.00154029,-0.000344462,0.00166824,0.00152091,0.00114296,0,0,0,0.0165608,0.015994,0.000576198,0.140807,0.0315589,9.83362,9.83467,0,0.768823
1.51,level,-0.00201204,0.0129564,-0.000908972,-0.000615888,0,0,-0.000599725,-0.00965926,0.00196794,99.4554,99.5954,100.827,0.991444,nan,0.261366,0.261435,0.261433,0.261654,0.260944,0.261435,0.260944,0.261433,0.261654,1,0,0,0,-0.00187973,-0.000509439,0.000312758,0.00270485,0.00216498,0,0,0,0.00536215,0.0125481,0.00395508,-0.0131151,-0.0108749,9.80302,9.80304,0,0.780351
1.52,level,-0.00201907,0.0130519,-0.00100594,-0.000516604,0,0,-0.000752699,-0.00942309,0.00336701,99.4555,99.5955,100.836,0.991846,nan,0.261357,0.261123,0.26217,0.260731,0.261406,0.261123,0.261406,0.26217,0.260731,1,0,0.00119604,0,-0.000985661,-0.00218956,-0.000757118,0.00326756,0.00136786,0,0,0,0.0107338,0.00414757,0.0104904,0.0478737,0.0431987,9.80854,9.80875,0,0.779753
1.53,level,-0.00202807,0.0131442,-0.000868045,-0.000883271,0,0,-0.00100074,-0.00901074,0.00229089,99.4557,99.5957,100.846,0.992263,nan,0.261348,0.261802,0.260879,0.261803,0.260909,0.261802,0.260909,0.260879,0.261803,1,0,0.00138107,0,7.5655e-05,5.73647e-05,0.000798389,0.00283624,0.00283661,0,0,0,-0.00488508,0.00401939,-0.00717105,-0.00656386,0.0117132,9.84077,9.84078,0,0.806612
1.54,level,-0.00203996,0.0132325,-0.000781159,-0.000997401,0,0,-0.00134961,-0.00864324,0.0020243,99.4558,99.5958,100.856,0.992692,nan,0.261339,0.26051,0.261996,0.260431,0.262421,0.26051,0.262421,0.261996,0.260431,1,0,0,0,0.00133807,0.000655625,-0.00152813,0.0020539,0.00307692,0,0,0,-0.000684876,0.00173445,0.000761689,-0.0306203,-0.150074,9.9027,9.90389,0,0.818637
1.55,level,-0.002055,0.0133177,-0.000790721,-0.0013332,0,0,-0.00160598,-0.00841407,0.00167684,99.4559,99.5959,100.866,0.993098,nan,0.261331,0.261663,0.261233,0.261795,0.260634,0.261663,0.260634,0.261233,0.261795,1,0,0.000976562,0,-0.0019406,-0.000885424,0.000699357,0.00215821,0.00421288,0,0,0,0.00510416,0.00738458,-0.00429086,-0.0353861,-0.0612635,9.95267,9.95292,0,0.842704
1.56,level,-0.00207239,0.0134006,-0.000883752,-0.00145315,0,0,-0.0018642,-0.00818183,0.0018137,99.4561,99.5961,100.876,0.993497,nan,0.261323,0.260117,0.262476,0.259692,0.263008,0.260117,0.263008,0.262476,0.259692,1,0,0.000690534,0,0.00253825,0.000201795,-0.00249381,0.00265341,0.00405243,0,0,0,0.015004,-0.00512858,-0.00471735,0.0703305,-0.0126311,9.9004,9.90066,0,0.853944
1.57,level,-0.00209271,0.0134819,-0.000943065,-0.00169486,0,0,-0.00215985,-0.00810547,0.00186748,99.4562,99.5962,100.886,0.993883,nan,0.261315,0.26157,0.261017,0.261553,0.261123,0.26157,0.261123,0.261017,0.261553,1,0,0.00169146,0,0.000326989,0.000166025,0.000432054,0.00258019,0.00526716,0,0,0,0.00386318,0.0161717,-0.00351227,-0.0153612,-0.0610766,9.86472,9.86492,0,0.872234
1.58,level,-0.00211619,0.0135628,-0.00112754,-0.00165028,0,0,-0.00245809,-0.00807753,0.0028656,99.4564,99.5964,100.896,0.994262,nan,0.261308,0.261148,0.261812,0.260636,0.261638,0.261148,0.261638,0.261812,0.260636,1,0,0.00182698,0,0.000899975,-0.00129992,-0.000732301,0.00338849,0.00465197,0,0,0,-0.00440267,0.000581645,-0.000621589,0.152913,-0.00522144,9.70422,9.70543,0,0.873692
1.59,level,-0.00214196,0.0136431,-0.00132994,-0.00181134,0,0,-0.00257672,-0.00801873,0.00287006,99.4565,99.5965,100.906,0.994612,nan,0.261301,0.262375,0.260245,0.262327,0.260259,0.262375,0.260259,0.260245,0.262327,1,0,0.00169146,0,0.000163614,-6.46782e-05,0.0018449,0.00387725,0.00516339,0,0,0,0.00513881,0.00280363,-0.00479734,0.120244,-0.0579062,9.78308,9.78399,0,0.886937
1.6,level,-0.00216792,0.0137233,-0.00141359,-0.0015998,0,0,-0.00253031,-0.00801346,0.00252094,99.4567,99.5967,100.916,0.994959,nan,0.261295,0.261499,0.261199,0.261212,0.261269,0.261499,0.261269,0.261199,0.261212,1,0,0.0020716,0,0.000946716,-0.000410947,0.000106256,0.00441032,0.00455954,0,0,0,0.00491129,0.00836565,-0.00347123,0.136316,0.0633681,9.90134,9.90248,0,0.879264
1.61,level,-0.00219281,0.0138035,-0.00134895,-0.00136147,0,0,-0.00237037,-0.00803525,0.00186002,99.4568,99.5968,100.926,0.995303,nan,0.261288,0.262012,0.260627,0.261933,0.260581,0.262012,0.260581,0.260627,0.261933,1,0,0.00154408,0,8.74423e-05,-0.000235862,0.00120291,0.00434905,0.00415155,0,0,0,0.00511134,0.00679465,-0.000570253,0.00325811,0.0390418,9.79354,9.79362,0,0.870473
1.62,level,-0.00221567,0.0138839,-0.0014195,-0.00161891,0,0,-0.00219176,-0.00807676,0.00191929,99.457,99.597,100.936,0.995639,nan,0.261282,0.261109,0.261596,0.260934,0.261491,0.261109,0.261491,0.261596,0.260934,1,0,0.00195312,0,0.000185364,-0.000531424,-0.000458661,0.00447262,0.00462741,0,0,0,0.0163321,0.00205724,0.0084338,0.0819207,0.0397745,9.84559,9.84601,0,0.889674
1.63,level,-0.00223755,0.013965,-0.00146487,-0.0017433,0,0,-0.00210922,-0.00814441,0.00198899,99.4571,99.5971,100.946,0.995982,nan,0.261276,0.260034,0.262352,0.260047,0.262674,0.260034,0.262674,0.262352,0.260047,1,0,0.00195312,0,0.000821315,0.000633976,-0.00217344,0.00456681,0.00548947,0,0,0,0.0101835,0.00259286,-0.00813565,-0.0129804,0.00407663,9.7393,9.73931,0,0.901375
1.64,level,-0.0022582,0.0140471,-0.00146482,-0.00172244,0,0,-0.00195912,-0.00831048,0.00286789,99.4573,99.5973,100.955,0.996309,nan,0.261271,0.261294,0.260986,0.261328,0.261476,0.261294,0.261476,0.260986,0.261328,1,0,0.00195312,0,0.00121133,0.000993118,6.99846e-05,0.0043048,0.00547167,0,0,0,0.0063848,0.0141728,-0.00781827,-0.0824385,-0.0491742,9.77501,9.77548,0,0.904942
1.65,level,-0.00227736,0.0141315,-0.00137392,-0.00192368,0,0,-0.00177964,-0.00861333,0.00190187,99.4575,99.5975,100.965,0.996623,nan,0.261265,0.261016,0.261162,0.261351,0.261533,0.261016,0.261533,0.261162,0.261351,1,0,0.0020716,0,9.6631e-05,0.00133594,-0.00014427,0.00407466,0.00606145,0,0,0,-0.0019684,-0.00421613,-0.00015576,-0.0321597,-0.0209904,9.76871,9.76879,0,0.921609
1.66,level,-0.00229465,0.0142196,-0.0016129,-0.00186728,0,0,-0.00165934,-0.00901842,0.00168065,99.4576,99.5976,100.975,0.996927,nan,0.26126,0.260785,0.261759,0.260335,0.262163,0.260785,0.262163,0.261759,0.260335,1,0,0.0020716,0,0.00226495,-8.5545e-05,-0.00123138,0.00454198,0.00567777,0,0,0,-0.00348106,0.00329961,0.00063002,0.00225877,-0.0829926,9.93658,9.93692,0,0.922837
1.67,level,-0.00231112,0.014311,-0.00155923,-0.00214497,0,0,-0.00155614,-0.00923297,0.00225565,99.4578,99.5978,100.985,0.997243,nan,0.261255,0.261722,0.260871,0.261216,0.261214,0.261722,0.261214,0.260871,0.261216,1,0,0.00248976,0,0.00225043,-0.000309906,0.000374985,0.00438906,0.0064593,0,0,0,0.00635337,-0.00607842,0.0103416,0.0106582,-0.108704,9.8671,9.8677,0,0.944135
1.68,level,-0.00232605,0.0144038,-0.00139265,-0.0024372,0,0,-0.00136101,-0.00935353,0.00213127,99.4579,99.5979,100.995,0.997572,nan,0.261251,0.26143,0.261033,0.261045,0.261496,0.26143,0.261496,0.261033,0.261045,1,0,0.00248976,0,0.00225161,0.000148309,-2.36893e-05,0.0040373,0.00706035,0,0,0,0.00212652,0.00802031,0.00476216,0.0766547,-0.0424615,9.74493,9.74532,0,0.966678
1.69,level,-0.0023396,0.0144977,-0.00129425,-0.00230617,0,0,-0.0013021,-0.00945203,0.00245147,99.4581,99.5981,101.005,0.997896,nan,0.261246,0.261876,0.260455,0.262005,0.26065,0.261876,0.26065,0.260455,0.262005,1,0,0.00239208,0,0.000177008,0.000614498,0.00122017,0.00389544,0.00663169,0,0,0,0.00129362,0.00866725,-0.00224533,0.0384332,-0.0121381,9.80998,9.81007,0,0.964917
1.7,level,-0.00235283,0.0145927,-0.000903163,-0.00217928,0,0,-0.00128528,-0.00954392,0.00180982,99.4583,99.5983,101.015,0.998199,nan,0.261242,0.262213,0.260011,0.261951,0.260795,0.262213,0.260795,0.260011,0.261951,1,0,0.00195312,0,0.00277511,0.000988646,0.00147572,0.00276579,0.00625111,0,0,0,-0.0030131,0.00468377,0.00336254,0.0946116,0.00627183,9.84134,9.84179,0,0.964747
1.71,level,-0.00236584,0.0146885,-0.00108781,-0.00168684,0,0,-0.00127833,-0.00963215,0.00195805,99.4584,99.5984,101.025,0.9985,nan,0.261238,0.262223,0.260431,0.261977,0.260321,0.262223,0.260321,0.260431,0.261977,1,0,0.00154408,0,0.000358978,-0.000673683,0.00151532,0.00348577,0.00488936,0,0,0,-0.00131836,0.0187017,-0.00371673,0.0577507,0.0358552,9.73363,9.73387,0,0.941314
1.72,level,-0.00237904,0.0147852,-0.00142173,-0.00145832,0,0,-0.00132026,-0.00973401,0.000899068,99.4586,99.5986,101.035,0.998765,nan,0.261234,0.260808,0.261819,0.260671,0.261639,0.260808,0.261639,0.261819,0.260671,1,0,0.00169146,0,-0.000117381,-0.000600254,-0.000869935,0.00455113,0.004244,0,0,0,0.0146874,0.00777524,0.00122603,0.0721422,0.0926315,9.87959,9.88029,0,0.932579
1.73,level,-0.00239257,0.0148833,-0.00162246,-0.000927201,0,0,-0.00133252,-0.00991278,0.00162557,99.4587,99.5987,101.045,0.999045,nan,0.26123,0.26212,0.260843,0.261723,0.260237,0.26212,0.260237,0.260843,0.261723,1,0,0.00182698,0,-0.000556873,-0.00190082,0.00121413,0.00459307,0.0029067,0,0,0,0.00516044,0.0152833,-0.00200138,0.00558251,-0.0257883,9.79599,9.79603,0,0.907261
1.74,level,-0.0024057,0.0149826,-0.00181535,-0.000890218,0,0,-0.00121471,-0.00992933,0.00206274,99.4589,99.5989,101.055,0.999334,nan,0.261227,0.260533,0.262037,0.260914,0.261425,0.260533,0.261425,0.262037,0.260914,1,0,0.00169146,0,-0.00263668,-0.000436923,-0.000885417,0.00557145,0.00295973,0,0,0,0.00814614,0.00747599,0.0128391,-0.10733,0.0293479,9.87956,9.88018,0,0.910423
1.75,level,-0.00241792,0.0150813,-0.00134045,-0.00112051,0,0,-0.00117773,-0.00980766,0.00235987,99.4591,99.5991,101.065,0.999623,nan,0.261224,0.26051,0.262046,0.260316,0.262023,0.26051,0.262023,0.262046,0.260316,1,0,0.00154408,0,0.000453051,-0.000411168,-0.00142586,0.00430571,0.00351059,0,0,0,0.00874477,0.0139457,-0.00135287,-0.0200807,0.052663,9.74909,9.74925,0,0.930615
1.76,level,-0.00243032,0.0151783,-0.00127533,-0.00136913,0,0,-0.00126421,-0.00957523,0.00256399,99.4592,99.5992,101.075,0.999884,nan,0.26122,0.260678,0.261584,0.260821,0.261798,0.260678,0.261798,0.261584,0.260821,1,0,0.00154408,0,0.000189801,0.000677625,-0.000827341,0.0038485,0.00441911,0,0,0,0.00552525,0.00803133,-0.000154692,-0.0752927,-0.00830261,9.79394,9.79423,0,0.950665
1.77,level,-0.00244429,0.0152729,-0.00142649,-0.00186149,0,0,-0.0014674,-0.00934436,0.0025861,99.4594,99.5994,101.085,1.00012,nan,0.261217,0.260017,0.262233,0.260293,0.262327,0.260017,0.262327,0.262233,0.260293,1,0,0.0020716,0,-0.000481134,0.00070042,-0.00186807,0.00402744,0.00578809,0,0,0,-0.0109743,0.0118805,0.00174243,-0.0109523,-0.0513276,9.8823,9.88244,0,0.983757
1.78,level,-0.00246033,0.0153652,-0.00159265,-0.0020687,0,0,-0.00167844,-0.00909764,0.00232756,99.4596,99.5996,101.095,1.00036,nan,0.261214,0.258431,0.26352,0.259099,0.263808,0.258431,0.263808,0.26352,0.259099,1,0,0.00229024,0,-0.00100673,0.00180975,-0.00430627,0.00448443,0.00624326,0,0,0,0.00312988,0.00318477,-0.00691945,0.00473092,-0.159982,9.85268,9.85398,0,1.00045
1.79,level,-0.00247867,0.0154551,-0.00171516,-0.00185157,0,0,-0.001882,-0.00887888,0.00291461,99.4597,99.5997,101.105,1.00062,nan,0.261212,0.261698,0.260991,0.261692,0.260466,0.261698,0.260466,0.260991,0.261692,1,0,0.00229024,0,-0.00137723,-0.00100629,0.000849295,0.00490573,0.00571953,0,0,0,0.00972159,0.00374674,0.00886947,-0.0608298,-0.143293,9.85261,9.85384,0,0.99291
1.8,level,-0.00249863,0.0155427,-0.0016233,-0.00198237,0,0,-0.00200982,-0.00865623,0.00250634,99.4599,99.5999,101.115,1.00089,nan,0.261209,0.260455,0.262078,0.260181,0.262121,0.260455,0.262121,0.262078,0.260181,1,0,0.00239208,0,0.000841934,-0.000436428,-0.00156595,0.00462198,0.00580032,0,0,0,0.00748706,0.00289709,0.000869732,0.0793963,-0.118922,9.69072,9.69178,0,1.0057
1.81,level,-0.00251912,0.015628,-0.00170239,-0.00176675,0,0,-0.00194738,-0.00838516,0.00291459,99.4601,99.6001,101.125,1.00116,nan,0.261206,0.261706,0.261023,0.261335,0.260762,0.261706,0.260762,0.261023,0.261335,1,0,0.0020716,0,0.000294235,-0.00119897,0.00055224,0.00508434,0.00499822,0,0,0,0.0066191,-0.00254046,0.000529206,0.135178,-0.0296457,9.78966,9.79064,0,0.998097
1.82,level,-0.00253825,0.0157101,-0.00159369,-0.00183781,0,0,-0.00179004,-0.00806301,0.00199214,99.4602,99.6002,101.135,1.00146,nan,0.261204,0.261375,0.260994,0.261412,0.261036,0.261375,0.261036,0.260994,0.261412,1,0,0.0020716,0,1.26822e-05,0.000150316,0.000332982,0.00485198,0.0052324,0,0,0,0.0121967,0.00954836,-0.00382953,0.146782,0.00709177,9.88475,9.88584,0,1.00722
1.83,level,-0.00255573,0.0157895,-0.00154143,-0.00123587,0,0,-0.00160305,-0.00785602,0.00320358,99.4604,99.6004,101.145,1.00178,nan,0.261202,0.260659,0.261256,0.261278,0.261614,0.260659,0.261614,0.261256,0.261278,1,0,0.00154408,0,-0.000691962,0.00184959,-0.000409759,0.00490173,0.00357205,0,0,0,0.00944722,0.00551696,0.00364294,0.0701817,0.0907929,9.87615,9.87681,0,0.977536
1.84,level,-0.00257133,0.0158678,-0.00135995,-0.00147075,0,0,-0.0014161,-0.00784149,0.00248709,99.4606,99.6006,101.155,1.00209,nan,0.261199,0.261183,0.261417,0.261361,0.260838,0.261183,0.260838,0.261417,0.261361,1,0,0.0020716,0,-0.00200765,-0.000759831,0.000127184,0.00436139,0.00430602,0,0,0,0.00332072,0.00662036,0.0170443,0.0507746,0.0728337,9.86155,9.86195,0,0.996147
1.85,level,-0.002585,0.015946,-0.00123939,-0.00154833,0,0,-0.00124026,-0.00782816,0.00197383,99.4608,99.6008,101.165,1.00239,nan,0.261197,0.260614,0.262109,0.260237,0.26183,0.260614,0.26183,0.262109,0.260237,1,0,0.0020716,0,0.000259215,-0.00124269,-0.00135719,0.00397277,0.00483068,0,0,0,0.00920534,0.00448909,0.00232151,0.00246967,0.00488755,9.74541,9.74541,0,1.00559
1.86,level,-0.00259705,0.0160242,-0.00106139,-0.00158588,0,0,-0.00112699,-0.00780461,0.00153337,99.4609,99.6009,101.175,1.00266,nan,0.261195,0.262722,0.259698,0.262862,0.2595,0.262722,0.2595,0.259698,0.262862,1,0,0.00169146,0,-0.000895928,-0.000110694,0.00280712,0.00341576,0.00494502,0,0,0,0.000425239,-0.00275052,-0.00638218,0.0066286,0.000353221,9.83007,9.83007,0,1.01306
1.87,level,-0.00260845,0.0161022,-0.000765979,-0.0015503,0,0,-0.00113541,-0.00782193,0.00164223,99.4611,99.6011,101.186,1.00296,nan,0.261193,0.260604,0.261476,0.261488,0.261206,0.260604,0.261206,0.261476,0.261488,1,0,0.00154408,0,-0.00305955,0.00116267,-0.000258922,0.00253995,0.00486001,0,0,0,0.0122158,0.00612524,-0.00345801,0.00236169,0.00679685,9.77225,9.77225,0,1.0171
1.88,level,-0.002621,0.0161808,-0.00110529,-0.00156575,0,0,-0.0013506,-0.00789359,0.00170224,99.4613,99.6013,101.196,1.00326,nan,0.261192,0.259703,0.262588,0.260054,0.262421,0.259703,0.262421,0.262588,0.260054,1,0,0.00154408,0,-0.00137331,0.000350923,-0.00230817,0.00328041,0.00500246,0,0,0,0.00868193,0.00609259,0.00317713,-0.0956172,-0.0290981,9.83833,9.83884,0,1.02076
1.89,level,-0.00263635,0.0162596,-0.00123215,-0.0019143,0,0,-0.00166059,-0.00787084,0.00211445,99.4614,99.6014,101.206,1.00356,nan,0.26119,0.259962,0.262192,0.259759,0.262847,0.259962,0.262847,0.262192,0.259759,1,0,0.0020716,0,0.00227503,0.000857446,-0.00233704,0.00345491,0.00591721,0,0,0,0.00590203,0.00601769,0.00390547,-0.0208183,-0.072536,9.90404,9.90432,0,1.04468
1.9,level,-0.00265454,0.0163379,-0.00139308,-0.0026317,0,0,-0.0018742,-0.00781946,0.00260957,99.4616,99.6016,101.216,1.00385,nan,0.261188,0.260852,0.261361,0.260999,0.26154,0.260852,0.26154,0.261361,0.260999,1,0,0.00248976,0,8.62579e-05,0.000616652,-0.000461638,0.00423551,0.00759894,0,0,0,-0.00475775,-0.00195455,-0.0049691,0.0534622,-0.00780466,9.88136,9.88151,0,1.08961
1.91,level,-0.00267421,0.0164165,-0.00116773,-0.00244662,0,0,-0.00197515,-0.00789411,0.00296885,99.4618,99.6018,101.226,1.00412,nan,0.261187,0.260164,0.26197,0.260695,0.261917,0.260164,0.261917,0.26197,0.260695,1,0,0.00258374,0,-0.00154934,0.000905385,-0.00133141,0.00372851,0.0071231,0,0,0,0.00775857,-0.00411898,-0.00439133,0.059814,0.0250006,9.77329,9.7735,0,1.0845
1.92,level,-0.00269516,0.0164956,-0.00106737,-0.00262675,0,0,-0.00211875,-0.00797877,0.00225543,99.462,99.602,101.236,1.00437,nan,0.261185,0.260765,0.261578,0.260724,0.261674,0.260765,0.261674,0.261578,0.260724,1,0,0.00258374,0,0.000366311,0.000105224,-0.000775008,0.0029609,0.00772659,0,0,0,0.000147231,0.0162783,0.00226238,0.0426692,-0.0332735,9.81016,9.81031,0,1.09986
1.93,level,-0.00271741,0.016576,-0.00106887,-0.00225191,0,0,-0.00228328,-0.00814496,0.0016415,99.4621,99.6021,101.246,1.00463,nan,0.261184,0.259834,0.262577,0.259768,0.262556,0.259834,0.262556,0.262577,0.259768,1,0,0.0020716,0,0.000118074,-0.000163423,-0.00243122,0.00339087,0.0065264,0,0,0,0.00489316,0.00864889,-0.0102153,0.118573,0.0599871,9.78031,9.78121,0,1.08316
1.94,level,-0.00274185,0.0166587,-0.00113085,-0.00211455,0,0,-0.00252742,-0.0084182,0.00249289,99.4623,99.6023,101.256,1.00486,nan,0.261182,0.261503,0.26103,0.260993,0.261204,0.261503,0.261204,0.26103,0.260993,1,0,0.00195312,0,0.00181319,-0.000637412,0.00011529,0.00343593,0.00605926,0,0,0,-0.00140914,0.00809128,0.00598873,0.0595743,-0.00522042,9.86948,9.86966,0,1.07986
1.95,level,-0.00276824,0.016744,-0.00105125,-0.00173995,0,0,-0.00266922,-0.00866942,0.00162583,99.4625,99.6025,101.266,1.00508,nan,0.261181,0.26178,0.260467,0.262121,0.260356,0.26178,0.260356,0.260467,0.262121,1,0,0.00195312,0,-0.00119916,0.000434332,0.00135275,0.00337346,0.00502297,0,0,0,0.00522423,0.0103593,-0.00420157,0.0720279,0.0439437,9.98498,9.98534,0,1.06387
1.96,level,-0.00279572,0.0168316,-0.00138172,-0.00171001,0,0,-0.00275353,-0.00885437,0.00171042,99.4627,99.6027,101.276,1.00531,nan,0.26118,0.26143,0.26103,0.261453,0.260806,0.26143,0.260806,0.26103,0.261453,1,0,0.0020716,0,-0.000655138,-0.000382368,0.000460204,0.00437934,0.00496729,0,0,0,0.0054702,0.0230468,0.00192293,0.0452046,0.0186935,9.85655,9.85667,0,1.06576
1.97,level,-0.00282337,0.0169206,-0.00142954,-0.00166745,0,0,-0.0027125,-0.00896023,0.00138075,99.4628,99.6028,101.286,1.00553,nan,0.261179,0.260681,0.261549,0.260434,0.26205,0.260681,0.26205,0.261549,0.260434,1,0,0.00182698,0,0.0019853,0.000481084,-0.00109164,0.00456306,0.00517475,0,0,0,0.00704354,0.0197852,0.00562691,-0.050197,0.109165,9.78821,9.78895,0,1.06834
1.98,level,-0.00285009,0.0170109,-0.00154963,-0.00140726,0,0,-0.00255418,-0.00908435,0.000941812,99.463,99.603,101.296,1.00574,nan,0.261178,0.261753,0.260846,0.261648,0.260464,0.261753,0.260464,0.260846,0.261648,1,0,0.0020716,0,-0.000734561,-0.000921998,0.000919401,0.00488847,0.00404295,0,0,0,0.00792891,0.0110319,-0.00478322,0.0552155,0.033094,9.76702,9.76723,0,1.05826
1.99,level,-0.0028752,0.0171019,-0.00150066,-0.00136795,0,0,-0.0024482,-0.00908502,0.000749874,99.4632,99.6032,101.306,1.00595,nan,0.261177,0.260529,0.261785,0.260618,0.261775,0.260529,0.261775,0.261785,0.260618,1,0,0.00195312,0,-0.000260354,0.000148483,-0.00106016,0.00427977,0.00431236,0,0,0,0.00257579,0.00751305,0.00448576,-0.0397713,-0.0759145,9.86653,9.86691,0,1.06151
2,level,-0.00289933,0.0171923,-0.00166128,-0.00165039,0,0,-0.00232143,-0.00899993,0.00110458,99.4634,99.6034,101.316,1.00614,nan,0.261176,0.260534,0.261544,0.260843,0.261782,0.260534,0.261782,0.261544,0.260843,1,0,0.00195312,0,-0.00018772,0.001035,-0.000856335,0.00468932,0.00489015,0,0,0,-0.000203839,-0.00154935,0.00137142,0.0258882,-0.0647713,9.83411,9.83436,0,1.08232
2.01,level,-0.00292228,0.0172819,-0.00134345,-0.00179456,0,0,-0.00223671,-0.00890853,0.00155458,99.4635,99.6035,101.327,1.00634,nan,0.261175,0.261535,0.260778,0.261636,0.260751,0.261535,0.260751,0.260778,0.261636,1,0,0.0020716,0,-0.000338628,0.000140431,0.000721799,0.00375577,0.00547558,0,0,0,0.00759135,0.000762882,0.00434853,-0.0194488,-0.130779,9.92517,9.92605,0,1.09706
2.02,level,-0.0029445,0.0173703,-0.00138718,-0.00201433,0,0,-0.00215011,-0.00876581,0.00111218,99.4637,99.6037,101.337,1.00655,nan,0.261174,0.260983,0.26126,0.261455,0.260997,0.260983,0.260997,0.26126,0.261455,1,0,0.00195312,0,-0.00194981,0.000397246,7.92731e-05,0.00388328,0.00615975,0,0,0,0.0014818,0.00681956,0.00434799,0.0115363,-0.0351899,9.78522,9.78529,0,1.11457
2.03,level,-0.00296597,0.0174571,-0.00100218,-0.00211745,0,0,-0.00211034,-0.00858114,0.001261,99.4639,99.6039,101.347,1.00676,nan,0.261173,0.261658,0.261083,0.261089,0.260861,0.261658,0.260861,0.261083,0.261089,1,0,0.00182698,0,0.000922446,-0.00150055,0.000352658,0.00286787,0.00608898,0,0,0,-0.00936062,0.00635855,-0.00255128,0.072727,-0.033499,9.87125,9.87158,0,1.12743
2.04,level,-0.00298713,0.0175415,-0.00106417,-0.00226139,0,0,-0.00208174,-0.00828701,0.00222745,99.4641,99.6041,101.357,1.00697,nan,0.261172,0.262345,0.260442,0.261659,0.260243,0.262345,0.260243,0.260442,0.261659,1,0,0.0020716,0,0.00129212,-0.00167662,0.00145828,0.00289491,0.00677928,0,0,0,0.0015958,-0.00414188,-0.00362477,0.0220666,-0.029094,9.80374,9.80381,0,1.14024
2.05,level,-0.00300846,0.0176231,-0.00119571,-0.00198908,0,0,-0.00209668,-0.00806936,0.002475,99.4642,99.6042,101.367,1.00718,nan,0.261171,0.261523,0.260644,0.261451,0.261068,0.261523,0.261068,0.260644,0.261451,1,0,0.00182698,0,0.00131517,0.000664545,0.000554618,0.00386705,0.00585166,0,0,0,0.00296279,0.00209853,0.0101545,0.058277,0.0779639,9.84576,9.84625,0,1.12879
2.06,level,-0.00302938,0.017703,-0.00120947,-0.0018211,0,0,-0.00197827,-0.00791845,0.00208049,99.4644,99.6044,101.377,1.0074,nan,0.261171,0.261028,0.261524,0.260883,0.261248,0.261028,0.261248,0.261524,0.260883,1,0,0.00154408,0,-0.00034721,-0.000796566,-0.00037839,0.003433,0.00525909,0,0,0,0.0111782,0.00526338,0.00277026,0.0535364,-0.0475508,9.84757,9.84783,0,1.1238
2.07,level,-0.00304904,0.0177816,-0.00132522,-0.00207421,0,0,-0.0019101,-0.00782118,0.00136883,99.4646,99.6046,101.387,1.00765,nan,0.26117,0.260838,0.261501,0.260582,0.261759,0.260838,0.261759,0.261501,0.260582,1,0,0.00239208,0,0.00136354,3.06331e-06,-0.00080907,0.00411901,0.00598576,0,0,0,-0.00928538,0.0123774,0.00867146,0.0840907,0.0259386,9.93282,9.93321,0,1.14227
2.08,level,-0.00306823,0.0178595,-0.00117474,-0.00204001,0,0,-0.00185618,-0.00777731,0.00197591,99.4648,99.6048,101.397,1.00789,nan,0.26117,0.260772,0.261538,0.260658,0.261709,0.260772,0.261709,0.261538,0.260658,1,0,0.00218366,0,0.000755791,0.00010739,-0.000798391,0.00349622,0.00644449,0,0,0,0.00329535,0.0175101,0.00537159,-0.0559843,-0.0199633,9.82833,9.82851,0,1.14561
2.09,level,-0.00308694,0.017937,-0.00146968,-0.00191808,0,0,-0.00178928,-0.00772788,0.0024384,99.4649,99.6049,101.407,1.0081,nan,0.261169,0.261516,0.260728,0.261618,0.260814,0.261516,0.260814,0.260728,0.261618,1,0,0.0020716,0,-4.4246e-05,0.00035437,0.000699718,0.00464366,0.0059536,0,0,0,0.00630841,0.000762611,0.0143861,-0.0266688,0.0372936,9.87533,9.87543,0,1.14174
2.1,level,-0.00310473,0.0180143,-0.00156443,-0.00202909,0,0,-0.00169349,-0.00776332,0.00176636,99.4651,99.6051,101.417,1.00831,nan,0.261168,0.261568,0.260798,0.261091,0.261217,0.261568,0.261217,0.260798,0.261091,1,0,0.00248976,0,0.00237809,-0.000110605,0.000283312,0.00453007,0.00635281,0,0,0,-0.00369745,0.00688906,-0.00383787,-0.0525944,-0.0601279,9.80352,9.80385,0,1.15217
2.11,level,-0.00312151,0.0180924,-0.00187979,-0.00214089,0,0,-0.00162076,-0.00787786,0.00211589,99.4653,99.6053,101.427,1.00854,nan,0.261168,0.259554,0.2626,0.260236,0.262283,0.259554,0.262283,0.2626,0.260236,1,0,0.00248976,0,-0.00264866,0.000692197,-0.00223871,0.00542115,0.00662321,0,0,0,0.00428975,0.00118603,-0.00838389,-0.0805879,-0.133195,9.78761,9.78885,0,1.16192
2.12,level,-0.00313849,0.0181719,-0.0016462,-0.00206628,0,0,-0.00167999,-0.00804449,0.00258927,99.4655,99.6055,101.437,1.00875,nan,0.261167,0.26148,0.260853,0.261059,0.261278,0.26148,0.261278,0.260853,0.261059,1,0,0.00267443,0,0.00224177,8.28995e-06,0.00017922,0.0051626,0.00642073,0,0,0,0.00844571,0.00598887,-0.000844883,-0.0216892,0.0255084,9.85199,9.85204,0,1.16312
2.13,level,-0.00315555,0.0182528,-0.0012421,-0.00230836,0,0,-0.0016243,-0.00817824,0.00233135,99.4657,99.6057,101.447,1.00896,nan,0.261167,0.26208,0.260129,0.261683,0.260776,0.26208,0.260776,0.260129,0.261683,1,0,0.00229024,0,0.00276847,0.000473271,0.00125686,0.00346034,0.00702833,0,0,0,0.0107068,0.000599318,-0.00120331,-0.0309936,-0.160281,9.8408,9.84215,0,1.18349
2.14,level,-0.00317175,0.0183354,-0.00065579,-0.00225452,0,0,-0.00150906,-0.00836608,0.00312012,99.4658,99.6058,101.457,1.00915,nan,0.261167,0.261809,0.260741,0.261818,0.260299,0.261809,0.260299,0.260741,0.261818,1,0,0.00218366,0,-0.00119674,-0.000823042,0.00113712,0.00166465,0.00680514,0,0,0,-0.00341584,0.00241688,0.0011803,0.0200944,-0.0229779,9.8431,9.84315,0,1.18871
2.15,level,-0.00318687,0.0184194,-0.000587527,-0.00242303,0,0,-0.00143015,-0.0084679,0.00310577,99.466,99.606,101.468,1.00935,nan,0.261166,0.26106,0.261374,0.261062,0.261169,0.26106,0.261169,0.261374,0.261062,1,0,0.00218366,0,-0.000548658,-0.000384437,-0.000184557,0.00163637,0.00700344,0,0,0,-0.00369327,0.00601077,-0.0140114,0.146342,-0.0596099,9.81012,9.81139,0,1.20364
2.16,level,-0.00320145,0.0185045,-0.000390993,-0.00221431,0,0,-0.00133681,-0.00857505,0.00361383,99.4662,99.6062,101.478,1.00952,nan,0.261166,0.260779,0.261722,0.260718,0.261444,0.260779,0.261444,0.261722,0.260718,1,0,0.00182698,0,-0.000572994,-0.000641781,-0.00073346,0.0014686,0.00666335,0,0,0,-0.00289051,0.00986741,-0.00264117,0.0200404,0.0858509,9.7865,9.78689,0,1.19813
2.17,level,-0.00321516,0.0185906,-9.19073e-05,-0.00204497,0,0,-0.00126831,-0.00871268,0.00387607,99.4664,99.6064,101.488,1.00968,nan,0.261166,0.260881,0.261364,0.261712,0.260706,0.260881,0.260706,0.261364,0.261712,1,0,0.00154408,0,-0.00395015,0.000326377,0.000230194,0.000573907,0.00611589,0,0,0,0.000939452,0.0166678,-0.00780013,0.0342807,0.0942052,9.82325,9.82376,0,1.19589
2.18,level,-0.0032287,0.0186783,-0.000339511,-0.00190217,0,0,-0.00132132,-0.00885022,0.00328236,99.4665,99.6065,101.498,1.00983,nan,0.261165,0.26179,0.260842,0.260921,0.261109,0.26179,0.261109,0.260842,0.260921,1,0,0.00182698,0,0.00301297,-0.00114106,0.000334071,0.00127788,0.00557962,0,0,0,-0.00286229,0.0108717,-0.00480921,0.052113,0.05811,9.8277,9.82801,0,1.19088
2.19,level,-0.00324258,0.0187669,-0.000314054,-0.00163684,0,0,-0.00135002,-0.00889751,0.00259048,99.4667,99.6067,101.508,1.01,nan,0.261165,0.261054,0.2612,0.261221,0.261186,0.261054,0.261186,0.2612,0.261221,1,0,0.000976562,0,-0.000480977,0.000290772,-4.8489e-05,0.00124883,0.0049355,0,0,0,0.00451151,0.0211251,0.00860351,0.0176846,0.0629781,9.83668,9.8369,0,1.18116
2.2,level,-0.003257,0.0188559,-0.000359539,-0.00163412,0,0,-0.0014403,-0.00889366,0.00289406,99.4669,99.6069,101.518,1.01018,nan,0.261165,0.261769,0.260929,0.26135,0.260611,0.261769,0.260611,0.260929,0.26135,1,0,0.00119604,0,0.000266798,-0.00139803,0.00069394,0.00133845,0.00508997,0,0,0,0.0114751,0.00741294,-0.0124492,-0.0203353,0.0465182,9.84664,9.84677,0,1.18581
2.21,level,-0.00327232,0.0189443,-0.000789241,-0.0014082,0,0,-0.00153986,-0.00879474,0.00205439,99.4671,99.6071,101.528,1.01036,nan,0.261165,0.260586,0.261712,0.260307,0.262053,0.260586,0.262053,0.261712,0.260307,1,0,0.00154408,0,0.00164354,0.000118045,-0.00126272,0.00239689,0.00454268,0,0,0,-0.00121265,0.0131261,0.00666678,-0.0368478,-0.0024545,9.79136,9.79143,0,1.17499
2.22,level,-0.00328853,0.0190316,-0.000808253,-0.00146159,0,0,-0.00162212,-0.00867635,0.00164262,99.4673,99.6073,101.538,1.01053,nan,0.261165,0.260979,0.261358,0.261141,0.26118,0.260979,0.26118,0.261358,0.261141,1,0,0.00138107,0,-0.000902781,-2.91095e-05,-0.000183373,0.00219674,0.00454113,0,0,0,0.0157036,-0.00470746,-0.000573464,-0.0123041,-0.0489213,9.79043,9.79056,0,1.18298
2.23,level,-0.00330558,0.0191178,-0.00058397,-0.00121953,0,0,-0.00173676,-0.00856824,0.00175789,99.4674,99.6074,101.548,1.0107,nan,0.261164,0.260346,0.262281,0.260226,0.261806,0.260346,0.261806,0.262281,0.260226,1,0,0.00119604,0,-0.000940898,-0.00112758,-0.00154486,0.00145444,0.00362833,0,0,0,1.17933e-06,0.00575996,-0.00040059,0.0287592,-0.133815,9.8247,9.82566,0,1.17581
2.24,level,-0.00332404,0.0192026,-0.000682313,-0.00148298,0,0,-0.00190338,-0.0083719,0.00144922,99.4676,99.6076,101.558,1.01087,nan,0.261164,0.261292,0.261178,0.260985,0.261203,0.261292,0.261203,0.261178,0.260985,1,0,0.000976562,0,0.000879257,-0.000535161,-4.59691e-05,0.00193608,0.00473794,0,0,0,-0.01102,0.00280882,-0.0019076,-0.11823,-0.050623,9.80849,9.80933,0,1.19503
2.25,level,-0.00334384,0.0192849,-0.000552139,-0.00163175,0,0,-0.00201339,-0.00807018,0.00156317,99.4678,99.6078,101.568,1.01105,nan,0.261164,0.260588,0.261642,0.260996,0.26143,0.260588,0.26143,0.261642,0.260996,1,0,0.00138107,0,-0.00164323,0.000371664,-0.000653994,0.00137286,0.00479271,0,0,0,-0.000902079,-0.000483704,-0.000621027,0.03249,-0.0509578,9.84797,9.84816,0,1.20925
2.26,level,-0.00336529,0.0193641,-0.000684556,-0.00198655,0,0,-0.00225026,-0.00778016,0.000602069,99.468,99.608,101.578,1.01121,nan,0.261164,0.261498,0.260848,0.261346,0.260964,0.261498,0.260964,0.260848,0.261346,1,0,0.00169146,0,0.000711572,-6.91615e-05,0.000453813,0.00186694,0.00574225,0,0,0,0.0105433,0.00259565,0.00141296,0.112471,-0.0918291,9.82954,9.83061,0,1.23313
2.27,level,-0.00338904,0.0194407,-0.00103078,-0.00219423,0,0,-0.00249485,-0.00752375,0.000610593,99.4681,99.6081,101.588,1.01138,nan,0.261164,0.26199,0.260464,0.261614,0.260588,0.26199,0.260588,0.260464,0.261614,1,0,0.00195312,0,0.0013254,-0.000478368,0.0011211,0.00316849,0.0062918,0,0,0,-0.00292745,-0.00126892,-0.00202567,0.117009,0.016567,9.77692,9.77764,0,1.24724
2.28,level,-0.00341519,0.0195147,-0.00124726,-0.00202288,0,0,-0.00268612,-0.0072822,0.00171492,99.4683,99.6083,101.598,1.01157,nan,0.261164,0.26213,0.260538,0.261707,0.260281,0.26213,0.260281,0.260538,0.261707,1,0,0.00218366,0,0.000441678,-0.0012891,0.00132683,0.00369854,0.0057645,0,0,0,0.00672048,-0.00594259,0.0040314,0.151041,-0.035933,9.77899,9.78022,0,1.2406
2.29,level,-0.00344269,0.0195861,-0.00135186,-0.00161824,0,0,-0.00274996,-0.00699634,0.000906408,99.4685,99.6085,101.609,1.01175,nan,0.261164,0.262659,0.25995,0.262318,0.259728,0.262659,0.259728,0.25995,0.262318,1,0,0.00154408,0,0.000314689,-0.00106822,0.00232895,0.00422488,0.00460272,0,0,0,0.00457236,0.000120655,0.00561202,0.159884,0.0793435,9.86995,9.87157,0,1.22118
2.3,level,-0.00347046,0.0196549,-0.00137286,-0.00159557,0,0,-0.00273004,-0.00681462,0.00110274,99.4687,99.6087,101.619,1.01194,nan,0.261164,0.261251,0.261318,0.261,0.261087,0.261251,0.261087,0.261318,0.261,1,0,0.0020716,0,5.47906e-05,-0.000912699,-6.77277e-05,0.00443452,0.00479513,0,0,0,0.0107742,0.0135327,-0.00541698,0.0218298,0.13744,9.89319,9.89417,0,1.22386
2.31,level,-0.00349761,0.0197227,-0.00143016,-0.00163891,0,0,-0.002654,-0.00675979,0.000743066,99.4689,99.6089,101.629,1.01213,nan,0.261164,0.261417,0.26098,0.261813,0.260445,0.261417,0.260445,0.26098,0.261813,1,0,0.00182698,0,-0.0024683,-0.000264097,0.000792799,0.00460483,0.0049132,0,0,0,0.00957061,-0.00152275,-0.00128814,0.0163964,0.0727307,9.78756,9.78784,0,1.23004
2.32,level,-0.00352371,0.0197901,-0.00133237,-0.00176694,0,0,-0.00250326,-0.00673444,0.000568981,99.469,99.609,101.639,1.0123,nan,0.261164,0.260597,0.261711,0.260524,0.261824,0.260597,0.261824,0.261711,0.260524,1,0,0.00195312,0,0.000493493,7.48291e-05,-0.00106098,0.00425768,0.00548757,0,0,0,0.0142713,0.00377509,0.00497376,-0.0476507,0.0727394,9.82571,9.82609,0,1.24187
2.33,level,-0.00354784,0.0198575,-0.00141158,-0.00197211,0,0,-0.00230691,-0.00677875,0.00068619,99.4692,99.6092,101.649,1.01251,nan,0.261164,0.261421,0.260819,0.261221,0.261194,0.261421,0.261194,0.260819,0.261221,1,0,0.0020716,0,0.00152648,0.000329547,0.000276169,0.00409849,0.00617254,0,0,0,0.0031696,-0.00572438,-0.00103637,-0.0331585,-0.0417635,9.79168,9.79182,0,1.25713
2.34,level,-0.00357018,0.0199256,-0.00143179,-0.00243863,0,0,-0.00210923,-0.00688331,0.00139504,99.4694,99.6094,101.659,1.01274,nan,0.261164,0.262436,0.260137,0.262251,0.259831,0.262436,0.259831,0.260137,0.262251,1,0,0.00248976,0,-0.000319291,-0.000929845,0.00207461,0.00406771,0.00713163,0,0,0,0.00522803,0.00105038,-0.00290173,0.0465403,-0.0427191,9.81463,9.81484,0,1.28765
2.35,level,-0.00359053,0.0199951,-0.00116045,-0.00244032,0,0,-0.00191901,-0.00702673,0.00146153,99.4696,99.6096,101.669,1.01295,nan,0.261164,0.261774,0.26033,0.26172,0.260831,0.261774,0.260831,0.26033,0.26172,1,0,0.00239208,0,0.00147061,0.000847785,0.00102522,0.00319435,0.00732381,0,0,0,0.00862902,0.00487706,-0.00441184,0.0251774,-0.0716489,9.94094,9.94123,0,1.29334
2.36,level,-0.00360913,0.0200666,-0.00109243,-0.00251606,0,0,-0.00177396,-0.00730038,0.00165499,99.4697,99.6097,101.679,1.0132,nan,0.261164,0.260939,0.261354,0.260157,0.262205,0.260939,0.262205,0.261354,0.260157,1,0,0.00258374,0,0.00433086,0.000129542,-0.00108265,0.00340942,0.0078267,0,0,0,0.000853272,0.00571231,-0.00681536,-0.0313288,0.01643,9.77451,9.77457,0,1.30225
2.37,level,-0.00362669,0.0201409,-0.0010117,-0.00229514,0,0,-0.00163817,-0.00759363,0.00103861,99.4699,99.6099,101.689,1.01341,nan,0.261164,0.261766,0.260425,0.261849,0.260616,0.261766,0.260616,0.260425,0.261849,1,0,0.00229024,0,0.000288289,0.00051888,0.00113148,0.00280993,0.00710623,0,0,0,-0.0169742,-0.00204274,0.000484259,-0.0593296,-0.0829653,9.85195,9.85248,0,1.29452
2.38,level,-0.00364207,0.020218,-0.000919978,-0.00204001,0,0,-0.00138269,-0.00784427,0.000602024,99.4701,99.6101,101.699,1.01361,nan,0.261164,0.260581,0.261832,0.260387,0.261856,0.260581,0.261856,0.261832,0.260387,1,0,0.00195312,0,0.000578345,-0.000322051,-0.00119501,0.00303232,0.00625671,0,0,0,0.00116965,0.00482333,-0.00230232,-0.000172114,0.032945,9.72911,9.72917,0,1.28509
2.39,level,-0.00365516,0.0202966,-0.000752989,-0.00170116,0,0,-0.00118497,-0.00786135,0.000984061,99.4703,99.6103,101.709,1.01382,nan,0.261164,0.261195,0.261527,0.261228,0.260708,0.261195,0.260708,0.261527,0.261228,1,0,0.00154408,0,-0.00226007,-0.00148895,8.27272e-05,0.00242645,0.00487405,0,0,0,-0.00583635,0.00889317,-0.00141351,0.13233,0.0766836,9.7454,9.7466,0,1.27155
2.4,level,-0.00366671,0.0203752,-0.00100365,-0.00149913,0,0,-0.00108563,-0.00787844,0.00114326,99.4705,99.6105,101.719,1.01399,nan,0.261164,0.261052,0.261488,0.261248,0.260869,0.261052,0.260869,0.261488,0.261248,1,0,0.00195312,0,-0.00216205,-0.000802031,-2.51328e-05,0.00327307,0.00467554,0,0,0,0.00628967,0.0109676,-0.00215907,-0.00686821,0.023879,9.78126,9.78129,0,1.26287
2.41,level,-0.00367806,0.0204537,-0.00149707,-0.00168195,0,0,-0.00112218,-0.00782654,0.00275398,99.4706,99.6106,101.729,1.01418,nan,0.261164,0.262099,0.260053,0.262049,0.260456,0.262099,0.260456,0.260053,0.262049,1,0,0.0020716,0,0.00119765,0.000668978,0.00159946,0.00475196,0.0049011,0,0,0,0.000592672,0.00341278,0.00450243,0.0526204,0.0473687,9.93105,9.9313,0,1.27486
2.42,level,-0.0036899,0.0205318,-0.00162277,-0.00137501,0,0,-0.00114734,-0.00782797,0.00234838,99.4708,99.6108,101.739,1.01438,nan,0.261164,0.262038,0.260113,0.26231,0.260197,0.262038,0.260197,0.260113,0.26231,1,0,0.00182698,0,-0.000499907,0.000673249,0.0017746,0.0051145,0.00432766,0,0,0,0.00411171,0.0151171,-0.00322838,-0.044453,0.0614589,9.90068,9.90097,0,1.26121
2.43,level,-0.00370211,0.0206103,-0.00173057,-0.00106226,0,0,-0.00120716,-0.00790337,0.0028229,99.471,99.611,101.749,1.0146,nan,0.261165,0.260329,0.261951,0.260607,0.261772,0.260329,0.261772,0.261951,0.260607,1,0,0.00218366,0,-0.00121341,0.000188337,-0.00122503,0.00546027,0.00332265,0,0,0,-0.00402347,0.010061,0.00435622,-0.0215548,0.0558201,9.75092,9.7511,0,1.24736
2.44,level,-0.00371511,0.0206896,-0.00213125,-0.000960816,0,0,-0.00128766,-0.0079775,0.0027738,99.4712,99.6112,101.76,1.01481,nan,0.261165,0.26171,0.26034,0.261918,0.26069,0.26171,0.26069,0.26034,0.261918,1,0,0.00239208,0,0.000374864,0.00105584,0.00114232,0.006572,0.00313467,0,0,0,0.000728278,0.00674999,-0.006818,-0.0631989,0.0322766,9.78826,9.78851,0,1.24438
2.45,level,-0.00372855,0.0207697,-0.00199139,-0.000976705,0,0,-0.00130597,-0.00808373,0.00158472,99.4713,99.6113,101.77,1.01502,nan,0.261165,0.261932,0.260175,0.261849,0.260703,0.261932,0.260703,0.260175,0.261849,1,0,0.00218366,0,0.00161972,0.000843693,0.0012757,0.00590612,0.00322273,0,0,0,0.00415136,0.00130976,-0.00306711,-0.00880295,-0.0241339,9.75573,9.75576,0,1.2505
2.46,level,-0.00374152,0.0208514,-0.00243957,-0.00082299,0,0,-0.00122908,-0.00826222,0.00111947,99.4715,99.6115,101.78,1.01524,nan,0.261165,0.260894,0.261502,0.260645,0.261618,0.260894,0.261618,0.261502,0.260645,1,0,0.00229024,0,0.00096862,-0.00025234,-0.0006947,0.00702878,0.0025611,0,0,0,-0.000235975,0.00918066,0.000735318,-0.014629,-0.108116,9.8299,9.83051,0,1.24476
2.47,level,-0.0037533,0.0209347,-0.00206828,-0.00110576,0,0,-0.00105641,-0.00839934,0.00184193,99.4717,99.6117,101.79,1.01548,nan,0.261165,0.260767,0.261249,0.26165,0.260995,0.260767,0.260995,0.261249,0.26165,1,0,0.00182698,0,-0.00301836,0.00119161,7.59304e-05,0.00591103,0.00338032,0,0,0,0.00217557,0.0140779,-0.000222169,0.00187126,-0.0846189,9.83106,9.83143,0,1.2671
2.48,level,-0.0037638,0.0210192,-0.00218887,-0.00152739,0,0,-0.000973708,-0.00851394,0.00218374,99.4719,99.6119,101.801,1.01573,nan,0.261165,0.260567,0.261867,0.26042,0.261807,0.260567,0.261807,0.261867,0.26042,1,0,0.00258374,0,0.000231676,-0.000393088,-0.00118101,0.00627054,0.00459544,0,0,0,0.00259746,0.00530239,0.000444981,0.0132958,-0.120006,9.82914,9.82989,0,1.2956
2.49,level,-0.00377345,0.0211049,-0.00161476,-0.00159384,0,0,-0.000837569,-0.00864327,0.00243453,99.472,99.612,101.811,1.01596,nan,0.261166,0.262617,0.259681,0.261988,0.260376,0.262617,0.260376,0.259681,0.261988,1,0,0.00169146,0,0.0035113,0.000124765,0.00199906,0.00510206,0.00494502,0,0,0,0.00349468,0.00104742,0.0128595,0.0132047,-0.0120747,9.7894,9.78942,0,1.30689
2.5,level,-0.00378128,0.0211916,-0.00136667,-0.0016282,0,0,-0.000633059,-0.00873601,0.00188578,99.4722,99.6122,101.821,1.01619,nan,0.261166,0.262119,0.259989,0.262943,0.259613,0.262119,0.259613,0.259989,0.262943,1,0,0.0020716,0,-0.00318303,0.000850164,0.00239988,0.00404913,0.00459998,0,0,0,-0.00364766,0.00794025,-0.00270104,0.0792476,-0.0230638,9.79936,9.79971,0,1.3152
2.51,level,-0.0037874,0.0212793,-0.00157729,-0.00150077,0,0,-0.000512348,-0.00883637,0.00158472,99.4724,99.6124,101.831,1.0164,nan,0.261166,0.262239,0.260046,0.262048,0.260331,0.262239,0.260331,0.260046,0.262048,1,0,0.00182698,0,0.00126139,0.000178401,0.00171816,0.00470609,0.00420539,0,0,0,-0.00511609,0.00169774,-0.00422499,0.0669199,-0.0185903,9.80085,9.8011,0,1.31181
2.52,level,-0.00379139,0.0213682,-0.00138703,-0.00176356,0,0,-0.000204858,-0.00893746,0.00143014,99.4726,99.6126,101.841,1.01658,nan,0.261166,0.26274,0.259617,0.262651,0.259657,0.26274,0.259657,0.259617,0.262651,1,0,0.00218366,0,0.000342707,-9.42575e-05,0.00268864,0.00433202,0.00505159,0,0,0,0.00236148,0.00656824,0.00159528,0.118058,0.0541173,9.81007,9.81093,0,1.33293
2.53,level,-0.00379183,0.0214578,-0.00149853,-0.00181496,0,0,0.00016454,-0.00900273,0.0013326,99.4728,99.6128,101.852,1.01675,nan,0.261166,0.26074,0.261655,0.260994,0.261276,0.26074,0.261276,0.261655,0.260994,1,0,0.00229024,0,-0.00168063,-0.000237192,-0.000526095,0.00479291,0.00554453,0,0,0,0.00673338,0.00873,0.00459021,-0.00434031,0.0594259,9.92008,9.92025,0,1.34036
2.54,level,-0.00378906,0.0215481,-0.0016317,-0.00158858,0,0,0.000455488,-0.0090409,0.00197762,99.4729,99.6129,101.862,1.01691,nan,0.261167,0.261182,0.26137,0.261343,0.260772,0.261182,0.260772,0.26137,0.261343,1,0,0.00218366,0,-0.00201564,-0.000827849,0.00016814,0.00518152,0.00468069,0,0,0,-0.000180857,0.00219583,-0.0015642,0.0441078,0.0763934,9.8293,9.8297,0,1.33188
2.55,level,-0.00378408,0.0216384,-0.00143265,-0.00153963,0,0,0.000617944,-0.00903593,0.0019425,99.4731,99.6131,101.872,1.01705,nan,0.261167,0.260925,0.261214,0.261916,0.260613,0.260925,0.260613,0.261214,0.261916,1,0,0.00218366,0,-0.00422187,0.00073818,0.00044619,0.0045671,0.004786,0,0,0,0.0137959,-0.000679072,-0.00336666,-0.0256059,0.0460001,9.78265,9.7828,0,1.33527
2.56,level,-0.00377784,0.0217288,-0.00178297,-0.00178598,0,0,0.000660315,-0.00904848,0.000437269,99.4733,99.6133,101.882,1.01721,nan,0.261167,0.26162,0.260546,0.261903,0.2606,0.26162,0.2606,0.260546,0.261903,1,0,0.00229024,0,-0.000606805,0.000635981,0.00104485,0.00564563,0.00531274,0,0,0,0.0019468,0.0102754,0.00212787,0.0209589,-0.000494477,9.75426,9.75428,0,1.35269
2.57,level,-0.00377197,0.0218195,-0.00172035,-0.00177802,0,0,0.000519939,-0.00907199,0.00143233,99.4735,99.6135,101.893,1.01738,nan,0.261167,0.25992,0.262431,0.260186,0.262132,0.25992,0.262132,0.262431,0.260186,1,0,0.00239208,0,-0.00149839,-6.11534e-05,-0.00195909,0.00488008,0.00541512,0,0,0,0.00610534,0.00307533,0.00931646,-0.00119105,-0.0879828,9.84469,9.84509,0,1.35767
2.58,level,-0.00376843,0.0219101,-0.00166081,-0.00195766,0,0,0.000245999,-0.00904284,0.00180567,99.4736,99.6136,101.903,1.01758,nan,0.261168,0.260942,0.261312,0.261077,0.261339,0.260942,0.261339,0.261312,0.261077,1,0,0.00248976,0,-0.000288062,0.000308048,-0.000278194,0.00469836,0.00579761,0,0,0,0.00128706,0.0101132,-0.00477644,0.043669,-0.0931665,9.8683,9.86884,0,1.37336
2.59,level,-0.00376762,0.0220002,-0.00108539,-0.00176652,0,0,-3.59135e-05,-0.00896754,0.00154307,99.4738,99.6138,101.913,1.01777,nan,0.261168,0.260717,0.261326,0.261388,0.261241,0.260717,0.261241,0.261326,0.261388,1,0,0.00195312,0,-0.00200867,0.0011101,-0.000203104,0.00296156,0.00527547,0,0,0,0.0029146,0.000204968,-0.0123374,0.0244497,-0.0977996,9.81787,9.81839,0,1.37074
2.6,level,-0.00376975,0.0220892,-0.00100003,-0.00179782,0,0,-0.000343175,-0.00883742,0.00152407,99.474,99.614,101.923,1.01795,nan,0.261168,0.262202,0.260177,0.262014,0.26028,0.262202,0.26028,0.260177,0.262014,1,0,0.00195312,0,0.000773772,-0.000160823,0.00165242,0.00292234,0.00511418,0,0,0,-0.00236321,0.00760843,-0.00575295,0.0981104,-0.0303687,9.87402,9.87455,0,1.37814
2.61,level,-0.00377462,0.0221768,-0.0006932,-0.00194995,0,0,-0.000587838,-0.00870486,0.000788526,99.4742,99.6142,101.933,1.01812,nan,0.261168,0.261222,0.260799,0.261581,0.261073,0.261222,0.261073,0.260799,0.261581,1,0,0.00182698,0,-0.000225536,0.00119932,0.000409452,0.00226691,0.00610483,0,0,0,0.000281482,0.0135364,-0.00830121,-0.000345442,0.00872119,9.76962,9.76963,0,1.39386
2.62,level,-0.00378166,0.0222637,-0.000872404,-0.0018482,0,0,-0.000766127,-0.00868448,0.00121385,99.4744,99.6144,101.944,1.01828,nan,0.261169,0.26122,0.260987,0.261468,0.261,0.26122,0.261,0.260987,0.261468,1,0,0.00195312,0,-0.00062288,0.000495878,0.000308343,0.00264835,0.00525967,0,0,0,0.00336444,0.00929628,-0.0010929,0.195741,0.00688571,9.85261,9.85456,0,1.39184
2.63,level,-0.00379019,0.0223504,-0.000537068,-0.00196514,0,0,-0.000889213,-0.0086778,0.00153233,99.4745,99.6145,101.954,1.01843,nan,0.261169,0.260593,0.261847,0.260506,0.26173,0.260593,0.26173,0.261847,0.260506,1,0,0.00195312,0,-8.40211e-05,-0.000387136,-0.00108911,0.0017138,0.00561018,0,0,0,0.0128066,0.00194868,0.00211488,0.117044,0.023027,9.74975,9.75048,0,1.40582
2.64,level,-0.00380055,0.0224372,-0.000490633,-0.00153562,0,0,-0.00114548,-0.00869351,0.00170276,99.4747,99.6147,101.964,1.01859,nan,0.261169,0.260411,0.262046,0.260403,0.261818,0.260411,0.261818,0.262046,0.260403,1,0,0.000976562,0,-0.000583043,-0.000447621,-0.00134067,0.0016446,0.00438833,0,0,0,-0.00332615,0.0154454,0.00380013,0.087515,0.0482335,9.91918,9.91969,0,1.38677
2.65,level,-0.00381417,0.0225239,-0.000681292,-0.00115142,0,0,-0.00150908,-0.00870484,0.00249754,99.4749,99.6149,101.974,1.01876,nan,0.26117,0.260722,0.261697,0.261228,0.261031,0.260722,0.261031,0.261697,0.261228,1,0,0.00138107,0,-0.00310755,-0.000302633,-0.000341477,0.00235757,0.00353908,0,0,0,0.0152172,0.00759942,0.00500483,-0.00763542,0.0684838,9.82962,9.82986,0,1.36856
2.66,level,-0.00383188,0.022611,-0.00108556,-0.00109164,0,0,-0.00191768,-0.00872278,0.00271345,99.4751,99.6151,101.985,1.01892,nan,0.26117,0.261138,0.261222,0.261362,0.260957,0.261138,0.260957,0.261222,0.261362,1,0,0.00119604,0,-0.00129542,-7.62553e-05,0.00014131,0.00356146,0.00336339,0,0,0,0.00657796,0.0223727,-0.00166471,0.00523398,0.019381,9.82535,9.82537,0,1.3675
2.67,level,-0.00385322,0.022698,-0.000991198,-0.00132438,0,0,-0.00225828,-0.0086816,0.00227175,99.4752,99.6152,101.995,1.01905,nan,0.26117,0.261129,0.261516,0.260854,0.261182,0.261129,0.261182,0.261516,0.260854,1,0,0.00169146,0,-0.000154508,-0.00115411,-0.000313906,0.00326918,0.00406006,0,0,0,0.0053372,0.00100524,-0.00240462,-0.0299542,0.134709,9.7725,9.77347,0,1.38645
2.68,level,-0.00387769,0.0227842,-0.00109125,-0.00170378,0,0,-0.00253204,-0.00857404,0.00207003,99.4754,99.6154,102.005,1.0192,nan,0.261171,0.260439,0.262163,0.260504,0.261576,0.260439,0.261576,0.262163,0.260504,1,0,0.0020716,0,-0.00172748,-0.000988525,-0.00122879,0.00309064,0.00533875,0,0,0,0.000308833,-0.0065688,-0.000320443,-0.0615553,-0.0710297,9.72426,9.72471,0,1.41249
2.69,level,-0.00390504,0.022869,-0.000745992,-0.00176049,0,0,-0.00284117,-0.00838592,0.00176783,99.4756,99.6156,102.015,1.01935,nan,0.261171,0.260838,0.261582,0.260479,0.261784,0.260838,0.261784,0.261582,0.260479,1,0,0.00195312,0,0.00148723,-0.000297006,-0.000900815,0.00196435,0.00539195,0,0,0,0.00168265,-0.00453024,0.00681582,-0.0270077,-0.111518,9.80918,9.80986,0,1.42301
2.7,level,-0.00393502,0.0229522,-0.00109724,-0.00168146,0,0,-0.00310059,-0.00825429,0.00138941,99.4758,99.6158,102.025,1.01951,nan,0.261171,0.261594,0.26101,0.261161,0.26092,0.261594,0.26092,0.26101,0.261161,1,0,0.00182698,0,0.000912074,-0.00099036,0.000362494,0.00314308,0.00530792,0,0,0,-0.00287802,0.000344811,0.00199299,-0.0290596,-0.0357799,9.82502,9.82513,0,1.42112
2.71,level,-0.00396752,0.0230339,-0.00110309,-0.00193895,0,0,-0.00335359,-0.00807303,0.00140522,99.4759,99.6159,102.036,1.01969,nan,0.261172,0.26288,0.259549,0.2623,0.259957,0.26288,0.259957,0.259549,0.2623,1,0,0.00169146,0,0.00262243,-0.000327623,0.00249379,0.00307754,0.00564019,0,0,0,0.00168006,0.00717333,0.00455065,0.0270265,-0.0207634,9.83008,9.83014,0,1.44062
2.72,level,-0.00400229,0.0231137,-0.000851591,-0.00181178,0,0,-0.0036004,-0.00791747,0.0011763,99.4761,99.6161,102.046,1.01988,nan,0.261172,0.261143,0.261384,0.26059,0.26157,0.261143,0.26157,0.261384,0.26059,1,0,0.00195312,0,0.00195885,-0.00069398,-0.000536849,0.00233189,0.00524867,0,0,0,0.00510642,0.00351449,-0.00601655,0.0921271,-0.0976574,9.81741,9.81833,0,1.43981
2.73,level,-0.00404003,0.023192,-0.000711576,-0.00188307,0,0,-0.00388083,-0.00769674,0.00181156,99.4763,99.6163,102.056,1.02007,nan,0.261172,0.260689,0.261683,0.260547,0.261771,0.260689,0.261771,0.261683,0.260547,1,0,0.000976562,0,0.000608916,-0.000100906,-0.000974677,0.00213033,0.00534792,0,0,0,-0.00628809,-0.000885235,-0.0084557,0.065135,-0.00609703,9.7113,9.71152,0,1.44958
2.74,level,-0.00408051,0.0232675,-0.00101802,-0.00142848,0,0,-0.00411966,-0.00742535,0.0022708,99.4765,99.6165,102.066,1.02026,nan,0.261173,0.261805,0.260344,0.261832,0.260709,0.261805,0.260709,0.260344,0.261832,1,0,0.00138107,0,0.000894285,0.000741922,0.00113583,0.00329496,0.00414783,0,0,0,-0.0130679,0.00744186,0.00103395,0.0602052,0.0708348,9.829,9.82944,0,1.42617
2.75,level,-0.00412288,0.0233406,-0.00152145,-0.00126971,0,0,-0.0042428,-0.00722183,0.0017249,99.4766,99.6166,102.077,1.02044,nan,0.261173,0.26102,0.261493,0.261067,0.261111,0.26102,0.261111,0.261493,0.261067,1,0,0.0020716,0,-0.00113779,-0.000635719,-0.000227379,0.0047118,0.0040804,0,0,0,-0.00540504,0.00984321,0.000457636,-0.0608515,0.0295511,9.86194,9.86217,0,1.41843
2.76,level,-0.00416557,0.0234118,-0.00193612,-0.00140389,0,0,-0.00419574,-0.00702318,0.00222924,99.4768,99.6168,102.087,1.0206,nan,0.261173,0.261787,0.260432,0.261547,0.260928,0.261787,0.260928,0.260432,0.261547,1,0,0.00239208,0,0.00195246,0.000484058,0.000867317,0.0060575,0.00403987,0,0,0,0.00490987,0.00385764,0.000158571,0.109186,0.110575,9.88619,9.88741,0,1.42819
2.77,level,-0.00420729,0.0234815,-0.00202851,-0.00134084,0,0,-0.00399712,-0.00696048,0.0014934,99.477,99.617,102.097,1.02075,nan,0.261174,0.261674,0.260651,0.261569,0.260802,0.261674,0.260802,0.260651,0.261569,1,0,0.00229024,0,0.000679391,8.76099e-05,0.000786937,0.00631586,0.00420766,0,0,0,-0.00717116,0.00440821,-0.00610164,-0.0558268,0.0732747,9.91095,9.91137,0,1.42834
2.78,level,-0.00424576,0.0235512,-0.00215778,-0.00165309,0,0,-0.00357246,-0.00701563,0.00184371,99.4772,99.6172,102.107,1.0209,nan,0.261174,0.261588,0.260952,0.261332,0.260825,0.261588,0.260825,0.260952,0.261332,1,0,0.00258374,0,0.000340582,-0.000726353,0.000502243,0.00671422,0.00514041,0,0,0,0.00497889,-0.00486929,-0.00165398,0.00328976,-0.00521177,9.81784,9.81785,0,1.44975
2.79,level,-0.0042795,0.0236216,-0.00210546,-0.00129156,0,0,-0.00310446,-0.00706859,0.00143801,99.4773,99.6173,102.117,1.02108,nan,0.261174,0.26015,0.262385,0.259368,0.262795,0.26015,0.262795,0.262385,0.259368,1,0,0.00229024,0,0.00316271,-0.000703693,-0.00248916,0.00655504,0.00406426,0,0,0,0.000544854,0.00448498,0.00893877,-0.00631928,0.00411201,9.73756,9.73756,0,1.43353
2.8,level,-0.00430879,0.0236925,-0.00180942,-0.00142885,0,0,-0.00261515,-0.00714469,0.00214619,99.4775,99.6175,102.128,1.02126,nan,0.261175,0.261902,0.260148,0.262097,0.260553,0.261902,0.260553,0.260148,0.262097,1,0,0.0020716,0,0.000558428,0.00113846,0.0014493,0.00520102,0.00449111,0,0,0,0.000380276,0.00624022,0.000305222,-0.0627502,-0.107439,9.82305,9.82384,0,1.44706
2.81,level,-0.00433308,0.0237646,-0.00163691,-0.00159298,0,0,-0.00214622,-0.00729669,0.00178728,99.4777,99.6177,102.138,1.02145,nan,0.261175,0.26,0.262021,0.260371,0.262309,0.26,0.262309,0.262021,0.260371,1,0,0.00182698,0,-0.000216563,0.0012491,-0.00174028,0.00462554,0.00485247,0,0,0,0.00497201,0.00490941,0.00572997,-0.0117766,-0.137951,9.86972,9.87069,0,1.46163
2.82,level,-0.00435317,0.0238384,-0.00118003,-0.00188433,0,0,-0.00178944,-0.00749037,0.00228144,99.4779,99.6179,102.148,1.02166,nan,0.261176,0.261204,0.260852,0.261533,0.261113,0.261204,0.261113,0.260852,0.261533,1,0,0.00182698,0,-0.000180297,0.00111669,0.00033971,0.00324185,0.00561802,0,0,0,-0.00134479,0.00823368,-0.0155693,0.0299998,-0.0828061,9.87149,9.87188,0,1.48541
2.83,level,-0.0043704,0.0239147,-0.00120968,-0.00213899,0,0,-0.00149547,-0.00781838,0.00183649,99.478,99.618,102.158,1.02188,nan,0.261176,0.261049,0.26152,0.260896,0.261239,0.261049,0.261239,0.26152,0.260896,1,0,0.00239208,0,-0.000340566,-0.000821026,-0.00035776,0.00334049,0.00638048,0,0,0,0.00371258,0.0149461,-0.0101541,0.0575019,-0.193976,9.80507,9.80715,0,1.50417
2.84,level,-0.00438409,0.0239943,-0.00103007,-0.00215653,0,0,-0.00113493,-0.00811963,0.00264751,99.4782,99.6182,102.169,1.02211,nan,0.261176,0.261112,0.260986,0.261669,0.260938,0.261112,0.260938,0.260986,0.261669,1,0,0.00195312,0,-0.00160262,0.000964809,0.000376509,0.00290316,0.00624429,0,0,0,-0.00120129,0.0071108,0.00578265,0.140651,-0.103886,9.77042,9.77199,0,1.51101
2.85,level,-0.004395,0.0240764,-0.00100994,-0.00172187,0,0,-0.000938963,-0.00834139,0.00267203,99.4784,99.6184,102.179,1.02236,nan,0.261177,0.261135,0.261299,0.260653,0.261619,0.261135,0.261619,0.261299,0.260653,1,0,0.00154408,0,0.00212946,-0.000307272,-0.000496664,0.00289654,0.00490462,0,0,0,-0.000616523,0.00549202,0.00208918,0.0903828,-0.0460114,9.74227,9.7428,0,1.49119
2.86,level,-0.00440439,0.0241605,-0.0010385,-0.00139384,0,0,-0.000797654,-0.00848178,0.0025226,99.4786,99.6186,102.189,1.02259,nan,0.261177,0.261695,0.261108,0.261141,0.260763,0.261695,0.260763,0.261108,0.261141,1,0,0.00169146,0,0.000555747,-0.00170322,0.000424101,0.00318097,0.00389777,0,0,0,0.0113007,0.00820348,-0.0036392,0.161346,0.0139436,9.81027,9.81161,0,1.47718
2.87,level,-0.00441256,0.024245,-0.00135882,-0.00121956,0,0,-0.000701259,-0.00842462,0.00301836,99.4787,99.6187,102.199,1.02281,nan,0.261177,0.261285,0.260905,0.261582,0.260938,0.261285,0.260938,0.260905,0.261582,1,0,0.00154408,0,-0.000702416,0.000624022,0.000449862,0.00432179,0.00350191,0,0,0,0.00362485,0.0155635,0.00401103,0.0527572,0.0405784,9.91297,9.91319,0,1.46994
2.88,level,-0.00442006,0.0243286,-0.0019819,-0.00116455,0,0,-0.000656479,-0.00831609,0.00293015,99.4789,99.6189,102.209,1.02301,nan,0.261178,0.2596,0.263111,0.259304,0.262697,0.2596,0.262697,0.263111,0.259304,1,0,0.00182698,0,-0.000313568,-0.00134484,-0.00303479,0.00591804,0.00321326,0,0,0,0.000725717,0.0121693,-0.00961997,0.0648424,-0.0247363,9.8916,9.89185,0,1.46798
2.89,level,-0.00442746,0.0244106,-0.00210141,-0.00126581,0,0,-0.000626652,-0.00807646,0.00406276,99.4791,99.6191,102.22,1.02322,nan,0.261178,0.260501,0.26182,0.260223,0.262169,0.260501,0.262169,0.26182,0.260223,1,0,0.00239208,0,0.00166206,0.000133283,-0.00143515,0.00655602,0.00397912,0,0,0,0.00518409,0.00479804,0.0022829,-0.0362138,0.0474022,9.80933,9.80951,0,1.47788
2.9,level,-0.00443401,0.0244903,-0.00229201,-0.0015295,0,0,-0.000477177,-0.00792196,0.00337147,99.4793,99.6193,102.23,1.02342,nan,0.261179,0.261785,0.260537,0.261516,0.260877,0.261785,0.260877,0.260537,0.261516,1,0,0.00258374,0,0.00161272,0.000135289,0.000829416,0.00716563,0.00473169,0,0,0,0.0114441,0.0117335,-0.00240573,-0.0222988,0.0584529,9.76517,9.76537,0,1.49665
2.91,level,-0.00443883,0.0245692,-0.00225341,-0.00191319,0,0,-0.00033509,-0.00787568,0.00285455,99.4794,99.6194,102.24,1.02364,nan,0.261179,0.261317,0.26064,0.261807,0.260953,0.261317,0.260953,0.26064,0.261807,1,0,0.00267443,0,-0.000469029,0.00152133,0.000673303,0.00662134,0.00600816,0,0,0,-0.00574012,-0.00109894,-3.96022e-05,-0.159672,-0.108084,9.808,9.80989,0,1.52326
2.92,level,-0.00444198,0.0246481,-0.00186836,-0.00198368,0,0,-0.000164601,-0.0079306,0.00231268,99.4796,99.6196,102.25,1.02386,nan,0.261179,0.261177,0.261185,0.261026,0.26133,0.261177,0.26133,0.261185,0.261026,1,0,0.00248976,0,0.0007856,-9.51654e-06,-0.000137317,0.00552602,0.00625409,0,0,0,0.000198933,0.00913862,0.00873241,-0.00223322,-0.024172,9.76118,9.76121,0,1.53366
2.93,level,-0.00444317,0.0247273,-0.00179093,-0.00199473,0,0,5.6497e-05,-0.00793165,0.00230037,99.4798,99.6198,102.261,1.02406,nan,0.26118,0.260061,0.261872,0.26038,0.262405,0.260061,0.262405,0.261872,0.26038,1,0,0.00258374,0,0.000567665,0.00161412,-0.00168603,0.00511157,0.00586504,0,0,0,0.0100665,-0.0015005,0.0125652,0.0678007,-0.13148,9.84808,9.84919,0,1.53923
2.94,level,-0.00444261,0.0248071,-0.00186259,-0.00155567,0,0,0.000154025,-0.00805619,0.00170604,99.48,99.62,102.271,1.02424,nan,0.26118,0.260853,0.261095,0.261479,0.261294,0.260853,0.261294,0.261095,0.261479,1,0,0.0020716,0,-0.00113249,0.00156015,-2.51319e-05,0.00530637,0.00458161,0,0,0,0.00433751,-0.000650921,0.00633436,0.051107,-0.140153,9.91635,9.91747,0,1.51835
2.95,level,-0.00444122,0.0248885,-0.00177459,-0.00161323,0,0,0.000215581,-0.00824665,0.00182683,99.4801,99.6201,102.281,1.02443,nan,0.261181,0.261181,0.260776,0.261479,0.261287,0.261181,0.261287,0.260776,0.261479,1,0,0.0020716,0,0.000566592,0.00153234,0.000262394,0.00503024,0.00479831,0,0,0,0.000874293,0.00931489,-0.00158265,0.0465883,-0.181136,9.78902,9.79081,0,1.52673
2.96,level,-0.00443895,0.0249718,-0.00151604,-0.00150409,0,0,0.0003148,-0.00844918,0.00151542,99.4803,99.6203,102.291,1.02464,nan,0.261181,0.25989,0.262178,0.259833,0.262823,0.25989,0.262823,0.262178,0.259833,1,0,0.00169146,0,0.00186003,0.00111303,-0.00231993,0.00462155,0.00421979,0,0,0,-0.00122831,-0.00138977,-0.00313118,0.0752995,0.000696812,9.87945,9.87974,0,1.52672
2.97,level,-0.00443609,0.0250569,-0.00146057,-0.00164303,0,0,0.000354648,-0.00860283,0.00164147,99.4805,99.6205,102.301,1.02487,nan,0.261182,0.261199,0.261336,0.260881,0.26131,0.261199,0.26131,0.261336,0.260881,1,0,0.00218366,0,0.000776671,-0.000651192,-0.000248591,0.00458656,0.00470315,0,0,0,0.00542352,0.000356873,0.00404507,0.080325,0.0414925,9.78104,9.78145,0,1.5398
2.98,level,-0.00443279,0.0251432,-0.00165134,-0.00154436,0,0,0.000414129,-0.00865885,0.00210602,99.4807,99.6207,102.312,1.02505,nan,0.261182,0.261405,0.260988,0.261877,0.260457,0.261405,0.260457,0.260988,0.261877,1,0,0.00195312,0,-0.00266217,-0.000111341,0.00080756,0.00518597,0.00442904,0,0,0,0.0188439,0.0107838,0.00725651,0.0890979,0.0521102,9.79108,9.79162,0,1.53796
2.99,level,-0.00442853,0.0252298,-0.00170433,-0.00142723,0,0,0.000536438,-0.008665,0.000161685,99.4808,99.6208,102.322,1.02523,nan,0.261182,0.26147,0.260865,0.261991,0.260403,0.26147,0.260403,0.260865,0.261991,1,0,0.00182698,0,-0.00260583,0.000113947,0.00096397,0.00537048,0.00410725,0,0,0,0.010292,0.00185952,0.00108114,0.0666179,0.055124,9.79899,9.79937,0,1.5359
3,roll -10,-0.00442267,0.0253162,-0.00176365,-0.0013502,-0.174533,0,0.000668156,-0.00862177,0.000789396,99.481,99.621,102.332,1.02539,nan,0.261183,0.261004,0.26134,0.261235,0.261152,0.261004,0.261152,0.26134,0.261235,1,0,0.0020716,0,-0.00111144,8.0002e-05,-0.000110871,0.00540342,0.00434434,0,0,0,0.0210946,0.00319912,0.0101363,-0.0536621,0.00123313,9.87451,9.87465,0,1.53608
3.01,roll -10,-0.00442635,0.0254024,-0.00194719,-0.00124416,-0.174533,0,-0.00373561,-0.00862684,0.00149168,99.4812,99.6212,102.342,1.02558,nan,0.261183,0.251539,0.270849,0.272543,0.249802,0.251539,0.249802,0.270849,0.272543,1,0,0.172482,0,-0.11155,-8.34241e-05,0.00150772,-0.516796,0.00354405,0,0,0,0.0171531,0.00445442,0.0114281,0.0198544,0.0208538,9.79853,9.79857,0,1.53402
3.02,roll -10,-0.00453778,0.0254888,-0.00215564,-0.000902166,-0.174533,0,-0.0214101,-0.00862979,0.00125976,99.4814,99.6214,102.353,1.02576,nan,0.261183,0.25055,0.271666,0.270836,0.251681,0.25055,0.251681,0.271666,0.270836,1,0,0.172359,0,-0.106824,0.000568887,-0.000862144,-0.516436,0.00289945,0,0,0,-0.0233336,0.0147166,0.00571452,-0.12565,0.0221107,9.77408,9.77491,0,1.51899
3.03,roll -10,-0.00487957,0.0255749,-0.00228959,-0.00118406,-0.174533,0,-0.0498639,-0.00860015,0.00198026,99.4815,99.6215,102.363,1.02594,nan,0.261183,0.252971,0.269295,0.271979,0.250488,0.252971,0.250488,0.269295,0.271979,1,0,0.172316,0,-0.100309,0.000380102,0.0022715,-0.5163,0.00370456,0,0,0,-0.0431309,0.0139988,0.0131121,-0.0397277,-0.0504973,9.84031,9.84052,0,1.54115
3.04,roll -10,-0.00554667,0.0256605,-0.00300477,-0.00169268,-0.174533,0,-0.0864014,-0.00853005,0.00118767,99.4817,99.6217,102.373,1.02614,nan,0.261183,0.253495,0.268989,0.270442,0.251805,0.253495,0.251805,0.268989,0.270442,1,0,0.17166,0,-0.0905374,-0.000448729,0.00138149,-0.514332,0.00479794,0,0,0,-0.0796994,0.00743378,0.00934993,0.042897,-0.0746018,9.82564,9.82602,0,1.57504
3.05,roll -10,-0.00660673,0.0257456,-0.00367246,-0.00206846,-0.174533,0,-0.128366,-0.00849223,0.000503186,99.4819,99.6219,102.383,1.02634,nan,0.261182,0.252223,0.269835,0.268453,0.254215,0.252223,0.254215,0.269835,0.268453,1,0,0.170984,0,-0.0844879,0.0011569,-0.00148304,-0.512289,0.00632953,0,0,0,-0.122076,0.00873232,0.0183726,-0.046055,-0.0734188,9.86114,9.86152,0,1.60378
3.06,roll -10,-0.00810373,0.0258302,-0.00468106,-0.00211432,-0.174533,0,-0.17365,-0.00843383,0.000880882,99.4821,99.6221,102.393,1.02654,nan,0.261181,0.254146,0.268071,0.268208,0.254299,0.254146,0.254299,0.268071,0.268208,1,0,0.170019,0,-0.0738352,0.000549259,-7.40092e-06,-0.509408,0.00600406,0,0,0,-0.161838,0.00967801,0.00426869,0.0887931,-0.120795,9.82758,9.82873,0,1.61472
3.07,roll -10,-0.0100622,0.0259144,-0.00584675,-0.00193276,-0.174533,0,-0.220411,-0.0084531,0.000819732,99.4822,99.6222,102.404,1.02673,nan,0.26118,0.255523,0.266835,0.266836,0.255527,0.255523,0.255527,0.266835,0.266836,1,0,0.168901,0,-0.0600063,6.6327e-06,-1.28104e-06,-0.506063,0.00559962,0,0,0,-0.207155,-0.00588967,-0.000451517,0.0196986,-0.060901,9.8011,9.80131,0,1.61575
3.08,roll -10,-0.012488,0.0259992,-0.00748795,-0.00174486,-0.174533,0,-0.266825,-0.00856069,0.00194485,99.4824,99.6224,102.414,1.0269,nan,0.261181,0.256662,0.265705,0.266561,0.255794,0.256662,0.255794,0.265705,0.266561,1,0,0.167122,0,-0.0525506,-2.31192e-05,0.000758262,-0.500761,0.00488285,0,0,0,-0.269148,0.000288434,-0.00339399,0.0558568,-0.0383684,9.71282,9.71305,0,1.61781
3.09,roll -10,-0.0153713,0.026085,-0.00913076,-0.00160538,-0.174533,0,-0.311622,-0.00862803,0.00108488,99.4826,99.6226,102.424,1.02708,nan,0.261182,0.258488,0.263968,0.266134,0.256136,0.258488,0.256136,0.263968,0.266134,1,0,0.165476,0,-0.0410558,-0.000352799,0.00198565,-0.495853,0.00452038,0,0,0,-0.304917,0.00424274,0.00217428,0.0727467,-0.0078869,9.80947,9.80974,0,1.62943
3.1,roll -10,-0.0186904,0.0261713,-0.0111469,-0.00148762,-0.174533,0,-0.353736,-0.00865891,0.00163057,99.4828,99.6228,102.434,1.02724,nan,0.261184,0.257094,0.265359,0.262972,0.259311,0.257094,0.259311,0.265359,0.262972,1,0,0.163488,0,-0.0316361,-0.000320485,-0.00202368,-0.489897,0.00417446,0,0,0,-0.353614,-0.00109434,-0.00642614,0.0843563,-0.00789053,9.80946,9.80983,0,1.64634
3.11,roll -10,-0.0224149,0.0262573,-0.013488,-0.00143237,-0.174533,0,-0.392302,-0.00864197,0.00215809,99.4829,99.6229,102.445,1.02741,nan,0.261187,0.258781,0.263571,0.263232,0.259164,0.258781,0.259164,0.263571,0.263232,1,0,0.161147,0,-0.0234976,8.34971e-05,-0.000317713,-0.482897,0.00416433,0,0,0,-0.389845,0.00542641,-0.0037807,0.0272525,0.0936847,9.9332,9.93368,0,1.6713
3.12,roll -10,-0.0265055,0.0263434,-0.0158495,-0.00146636,-0.174533,0,-0.426666,-0.0086798,0.0016992,99.4831,99.6231,102.455,1.02757,nan,0.261191,0.25917,0.263498,0.261258,0.260837,0.25917,0.260837,0.263498,0.261258,1,0,0.158803,0,-0.0125979,-0.00108518,-0.00171766,-0.475888,0.00435905,0,0,0,-0.421327,0.0178272,0.00792696,-0.0243893,0.0370625,9.83225,9.83235,0,1.71138
3.13,roll -10,-0.0309179,0.0264296,-0.0184245,-0.00155202,-0.174533,0,-0.456417,-0.0086868,0.00234845,99.4833,99.6233,102.465,1.02774,nan,0.261196,0.261294,0.261128,0.262391,0.259969,0.261294,0.259969,0.261128,0.262391,1,0,0.156241,0,-0.005983,-0.000117664,0.00113766,-0.468225,0.00455607,0,0,0,-0.450222,0.00517908,4.60773e-05,0.00578553,0.00145219,9.8256,9.8256,0,1.76148
3.14,roll -10,-0.0356054,0.026516,-0.0211668,-0.00173922,-0.174533,0,-0.481411,-0.00874169,0.0018189,99.4834,99.6234,102.475,1.02793,nan,0.261202,0.260798,0.261604,0.260086,0.262319,0.260798,0.262319,0.261604,0.260086,1,0,0.153499,0,0.00378468,5.76526e-06,-0.0013357,-0.460041,0.00509291,0,0,0,-0.463124,0.00519586,-0.00608428,0.0170797,-0.00155478,9.86804,9.86805,0,1.82438
3.15,roll -10,-0.0405196,0.0266029,-0.0241809,-0.00158982,-0.174533,0,-0.50152,-0.00877167,0.00127391,99.4836,99.6236,102.485,1.02812,nan,0.261209,0.261875,0.26082,0.259991,0.262149,0.261875,0.262149,0.26082,0.259991,1,0,0.150526,0,0.00852527,-0.00105051,-0.000484883,-0.451115,0.00477148,0,0,0,-0.503014,0.00209264,0.000205449,-0.0667806,-0.0661945,9.79033,9.79079,0,1.87394
3.16,roll -10,-0.045612,0.0266903,-0.0272676,-0.00155091,-0.174533,0,-0.516884,-0.00880755,0.000742354,99.4838,99.6238,102.496,1.02828,nan,0.261217,0.262232,0.260501,0.259367,0.262767,0.262232,0.262767,0.260501,0.259367,1,0,0.147428,0,0.0136113,-0.00113622,-0.000733787,-0.44186,0.00459118,0,0,0,-0.506833,0.0105543,0.0034,-0.0215421,-0.0453696,9.87635,9.87647,0,1.93703
3.17,roll -10,-0.0508357,0.0267776,-0.0304698,-0.00162721,-0.174533,0,-0.527557,-0.00875992,0.00103128,99.484,99.624,102.506,1.02841,nan,0.261226,0.262425,0.260085,0.259159,0.263233,0.262425,0.263233,0.260085,0.259159,1,0,0.144242,0,0.0170167,-0.000224225,-0.000762268,-0.432331,0.00461893,0,0,0,-0.516271,0.00670038,-0.00386657,0.115673,-0.129579,9.84913,9.85067,0,2.01065
3.18,roll -10,-0.0561451,0.0268636,-0.0337835,-0.00165193,-0.174533,0,-0.533839,-0.00861747,0.0020274,99.4841,99.6241,102.516,1.02856,nan,0.261236,0.262926,0.259213,0.259328,0.263477,0.262926,0.263477,0.259213,0.259328,1,0,0.14093,0,0.0208555,0.00126044,-0.000191594,-0.422424,0.00481564,0,0,0,-0.550009,-0.00669215,-0.00643257,0.0272297,-0.0306173,9.88651,9.8866,0,2.08487
3.19,roll -10,-0.0614985,0.026948,-0.0371266,-0.00165149,-0.174533,0,-0.536186,-0.00858924,0.00192903,99.4843,99.6243,102.526,1.02868,nan,0.261248,0.263814,0.258794,0.259236,0.263146,0.263814,0.263146,0.258794,0.259236,1,0,0.137579,0,0.0236881,-0.000429114,0.000487987,-0.412387,0.00485885,0,0,0,-0.528452,0.0147517,-0.00528333,0.00886734,-0.122884,9.79633,9.79711,0,2.16194
3.2,roll -10,-0.066857,0.0270328,-0.0404567,-0.00158709,-0.174533,0,-0.534733,-0.00861493,0.00179854,99.4844,99.6244,102.537,1.02881,nan,0.261261,0.264211,0.258095,0.259783,0.262951,0.264211,0.262951,0.258095,0.259783,1,0,0.13425,0,0.0246269,0.000811021,0.00129584,-0.402431,0.00462575,0,0,0,-0.536126,0.00117233,0.000365949,0.0163147,-0.0569713,9.69622,9.6964,0,2.24025
3.21,roll -10,-0.0721851,0.0271183,-0.0437869,-0.00147792,-0.174533,0,-0.530041,-0.00873644,0.000771778,99.4846,99.6246,102.547,1.02891,nan,0.261275,0.264002,0.258702,0.259033,0.263359,0.264002,0.263359,0.258702,0.259033,1,0,0.130919,0,0.025532,-0.000591687,0.000428335,-0.392457,0.00424709,0,0,0,-0.53,0.00152107,-0.0118523,0.0750936,-0.039357,9.81885,9.81921,0,2.31868
3.22,roll -10,-0.0774525,0.0272056,-0.0469952,-0.00142898,-0.174533,0,-0.522558,-0.00889172,0.000849637,99.4847,99.6247,102.557,1.02903,nan,0.26129,0.264167,0.259038,0.258828,0.263125,0.264167,0.263125,0.259038,0.258828,1,0,0.127707,0,0.025004,-0.00237348,0.000365448,-0.382846,0.00406139,0,0,0,-0.523067,-0.00489847,0.000727792,0.136812,0.0515931,9.89504,9.89612,0,2.40497
3.23,roll -10,-0.0826337,0.0272939,-0.0501628,-0.00146559,-0.174533,0,-0.512788,-0.00891587,0.000909507,99.4849,99.6249,102.567,1.02914,nan,0.261307,0.263947,0.258661,0.25888,0.263737,0.263947,0.263737,0.258661,0.25888,1,0,0.124525,0,0.0269054,1.78165e-05,0.000188298,-0.373326,0.00425822,0,0,0,-0.504345,0.0123676,0.00637036,0.0307554,0.0627749,9.94168,9.94193,0,2.49523
3.24,roll -10,-0.087708,0.0273817,-0.0532024,-0.00147289,-0.174533,0,-0.50107,-0.00896352,0.00216436,99.485,99.625,102.578,1.02925,nan,0.261326,0.264104,0.258756,0.259046,0.263393,0.264104,0.263393,0.258756,0.259046,1,0,0.121478,0,0.0257173,-0.000796171,0.000440215,-0.364202,0.00426348,0,0,0,-0.488142,0.0108005,0.0093974,0.0715937,0.0056272,9.78034,9.78061,0,2.58734
3.25,roll -10,-0.0926575,0.0274694,-0.0561092,-0.00145395,-0.174533,0,-0.487781,-0.0090359,0.00233943,99.4852,99.6252,102.588,1.02936,nan,0.261346,0.263734,0.258816,0.259126,0.263703,0.263734,0.263703,0.258816,0.259126,1,0,0.118568,0,0.0251891,0.000526527,0.000149552,-0.355469,0.00423212,0,0,0,-0.470021,-0.00403288,-9.61915e-05,-0.0247599,0.108037,9.85292,9.85354,0,2.68071
3.26,roll -10,-0.0974684,0.0275583,-0.0588866,-0.00143056,-0.174533,0,-0.473358,-0.00924242,0.00210583,99.4853,99.6253,102.598,1.02949,nan,0.261368,0.263007,0.260075,0.258358,0.264027,0.263007,0.264027,0.260075,0.258358,1,0,0.115787,0,0.0228175,-0.00131937,-0.00120309,-0.347154,0.00415694,0,0,0,-0.471715,-0.000306824,0.00143751,0.000303052,0.0383908,9.75948,9.75956,0,2.77533
3.27,roll -10,-0.102132,0.0276482,-0.0615049,-0.00136777,-0.174533,0,-0.458224,-0.00931325,0.00264401,99.4855,99.6255,102.608,1.02961,nan,0.261391,0.264572,0.258224,0.260648,0.262116,0.264572,0.262116,0.258224,0.260648,1,0,0.113155,0,0.0207357,-5.99402e-05,0.00214483,-0.33928,0.00398826,0,0,0,-0.449232,0.00162754,0.00126447,-0.0489046,-0.0555882,9.81086,9.81114,0,2.87073
3.28,roll -10,-0.106641,0.0277381,-0.0639889,-0.00136961,-0.174533,0,-0.442655,-0.00926304,0.00219822,99.4856,99.6256,102.618,1.02973,nan,0.261416,0.261975,0.260813,0.258157,0.264714,0.261975,0.264714,0.260813,0.258157,1,0,0.110666,0,0.0204773,0.000157398,-0.00237063,-0.331817,0.00397299,0,0,0,-0.434493,-0.00839817,0.00348126,-0.0520527,-0.0566275,9.8196,9.8199,0,2.96888
3.29,roll -10,-0.110994,0.0278272,-0.0663033,-0.00132613,-0.174533,0,-0.426917,-0.0092637,0.00305811,99.4857,99.6257,102.629,1.02984,nan,0.261443,0.263965,0.259193,0.260388,0.26222,0.263965,0.26222,0.259193,0.260388,1,0,0.108343,0,0.0175185,-0.00104264,0.00129241,-0.324867,0.0038398,0,0,0,-0.42357,-0.00191093,0.00167734,-0.0213961,-0.110816,9.79493,9.79558,0,3.06746
3.3,roll -10,-0.11519,0.027916,-0.0684658,-0.001289,-0.174533,0,-0.411335,-0.00925716,0.0032842,99.4858,99.6258,102.639,1.02997,nan,0.261471,0.263836,0.259286,0.260014,0.262742,0.263836,0.262742,0.259286,0.260014,1,0,0.106177,0,0.019306,-0.000693072,0.000801043,-0.318376,0.00377002,0,0,0,-0.414011,0.0168913,0.000965467,-0.0579041,-0.141867,9.82663,9.82783,0,3.16716
3.31,roll -10,-0.119231,0.0280045,-0.0704531,-0.0011994,-0.174533,0,-0.396035,-0.00925742,0.00261443,99.4859,99.6259,102.649,1.03011,nan,0.261501,0.263381,0.259753,0.260726,0.262137,0.263381,0.262137,0.259753,0.260726,1,0,0.104177,0,0.0133673,-0.000513305,0.000974657,-0.312385,0.00344536,0,0,0,-0.390382,0.00995284,-0.00130255,0.0396583,-0.0220673,9.81542,9.81553,0,3.26743
3.32,roll -10,-0.123122,0.0280934,-0.0723345,-0.00111903,-0.174533,0,-0.381262,-0.00921665,0.00259886,99.4861,99.6261,102.66,1.03022,nan,0.261532,0.263498,0.259946,0.259997,0.262681,0.263498,0.262681,0.259946,0.259997,1,0,0.102285,0,0.0165413,-0.00145086,0.000381737,-0.306717,0.00319587,0,0,0,-0.369318,0.0155984,-0.00461306,0.0574791,-0.0332879,9.79989,9.80011,0,3.3668
3.33,roll -10,-0.126868,0.0281808,-0.0740379,-0.00107322,-0.174533,0,-0.367073,-0.00896731,0.00175205,99.4862,99.6262,102.67,1.03031,nan,0.261565,0.2619,0.261429,0.25976,0.263166,0.2619,0.263166,0.261429,0.25976,1,0,0.10058,0,0.0102828,-0.000764594,-0.00129012,-0.3016,0.00301996,0,0,0,-0.359958,0.00175609,-0.000259302,0.0742818,-0.0150877,9.76079,9.76108,0,3.4697
3.34,roll -10,-0.130475,0.0282659,-0.0756031,-0.000997101,-0.174533,0,-0.353746,-0.00864408,0.00211045,99.4862,99.6262,102.68,1.03038,nan,0.2616,0.262275,0.261009,0.260719,0.262389,0.262275,0.262389,0.261009,0.260719,1,0,0.0990048,0,0.00779088,-0.000334167,-0.000177527,-0.296889,0.00278721,0,0,0,-0.345718,0.00866127,0.00042255,0.0910157,0.0695559,9.784,9.78467,0,3.57253
3.35,roll -10,-0.133954,0.0283475,-0.0770481,-0.00095652,-0.174533,0,-0.341385,-0.0083872,0.00180302,99.4863,99.6263,102.691,1.03047,nan,0.261635,0.262612,0.260864,0.260865,0.262193,0.262612,0.262193,0.260864,0.260865,1,0,0.0975511,0,0.00815795,-0.000793466,0.000184841,-0.292545,0.00265032,0,0,0,-0.336313,-6.25112e-05,-0.00474429,0.0829077,0.0448857,9.89775,9.8982,0,3.67666
3.36,roll -10,-0.137314,0.0284273,-0.078382,-0.000962287,-0.174533,0,-0.329985,-0.00816881,0.00166017,99.4864,99.6264,102.701,1.03058,nan,0.261673,0.262866,0.260223,0.26204,0.261554,0.262866,0.261554,0.260223,0.26204,1,0,0.0962094,0,0.00572394,0.000957305,0.00137548,-0.28852,0.00265988,0,0,0,-0.317532,0.00298827,-0.002245,0.091227,0.0711521,9.87134,9.87202,0,3.78224
3.37,roll -10,-0.140564,0.0285056,-0.0796019,-0.00092085,-0.174533,0,-0.319506,-0.00802003,0.00160503,99.4865,99.6265,102.711,1.03069,nan,0.261711,0.261927,0.261475,0.260724,0.262711,0.261927,0.262711,0.261475,0.260724,1,0,0.0949944,0,0.00646852,6.24006e-05,-0.000674869,-0.284863,0.00256449,0,0,0,-0.317187,0.0101174,-0.000366129,0.0249684,0.0436344,9.85713,9.85725,0,3.88739
3.38,roll -10,-0.143714,0.0285816,-0.0807256,-0.000880188,-0.174533,0,-0.309983,-0.00792243,0.00230563,99.4865,99.6265,102.722,1.03081,nan,0.261751,0.262573,0.260732,0.261761,0.261931,0.262573,0.261931,0.260732,0.261761,1,0,0.0938527,0,0.00533301,0.00073418,0.000734403,-0.281467,0.00243884,0,0,0,-0.29846,-0.00124659,0.00587073,-0.0104976,-0.0652156,9.83471,9.83493,0,3.99294
3.39,roll -10,-0.146773,0.0286565,-0.0817557,-0.000888529,-0.174533,0,-0.301483,-0.00791225,0.001868,99.4866,99.6266,102.732,1.03091,nan,0.261793,0.262291,0.26164,0.260908,0.262324,0.262291,0.262324,0.26164,0.260908,1,0,0.0928332,0,0.0054831,-0.00132366,-0.000336836,-0.278375,0.00244465,0,0,0,-0.294894,-0.00181347,0.00273567,0.00893383,0.0361757,9.81055,9.81062,0,4.10036
3.4,roll -10,-0.149752,0.0287312,-0.0826939,-0.000846923,-0.174533,0,-0.293944,-0.00785054,0.00200721,99.4867,99.6267,102.743,1.03101,nan,0.261836,0.260669,0.262953,0.260274,0.263438,0.260669,0.263438,0.262953,0.260274,1,0,0.0918906,0,0.00233368,0.00016809,-0.00239459,-0.275565,0.00235464,0,0,0,-0.295921,0.00284466,0.0110282,-0.0214345,0.0486048,9.84757,9.84771,0,4.20776
3.41,roll -10,-0.152661,0.0288045,-0.083563,-0.00083863,-0.174533,0,-0.287369,-0.00771483,0.00235571,99.4867,99.6267,102.753,1.03112,nan,0.26188,0.26133,0.262219,0.261114,0.262848,0.26133,0.262848,0.262219,0.261114,1,0,0.0910065,0,0.00224237,0.000783717,-0.00115346,-0.272946,0.00230596,0,0,0,-0.286264,-0.00369788,-0.0100936,-0.0178734,-0.0499937,9.8224,9.82255,0,4.31618
3.42,roll -10,-0.155507,0.0288767,-0.0843694,-0.000869257,-0.174533,0,-0.281578,-0.00744933,0.00131469,99.4867,99.6267,102.763,1.03122,nan,0.261925,0.260708,0.263022,0.260676,0.263286,0.260708,0.263286,0.263022,0.260676,1,0,0.0901957,0,0.00078523,0.000441206,-0.00216422,-0.270518,0.00240847,0,0,0,-0.278179,0.002788,0.00739779,-0.0540537,-0.0776546,9.87674,9.8772,0,4.42592
3.43,roll -10,-0.1583,0.0289468,-0.085127,-0.000848722,-0.174533,0,-0.276628,-0.0072534,0.00129114,99.4867,99.6267,102.774,1.0313,nan,0.261972,0.262567,0.261484,0.263015,0.260813,0.262567,0.260813,0.261484,0.263015,1,0,0.0894469,0,-0.00296842,-0.000422618,0.00144412,-0.26826,0.00230572,0,0,0,-0.286701,-0.00585065,0.013917,0.0150014,-0.0356648,9.87253,9.87261,0,4.53459
3.44,roll -10,-0.161046,0.0290159,-0.0858415,-0.000830131,-0.174533,0,-0.272498,-0.00702546,0.000616158,99.4868,99.6268,102.784,1.03141,nan,0.26202,0.261662,0.262286,0.261806,0.262315,0.261662,0.262315,0.262286,0.261806,1,0,0.0887187,0,-0.000302591,0.000328224,-0.000497833,-0.266088,0.00230065,0,0,0,-0.264717,-0.00135021,-0.00847254,-0.0955636,-0.044347,9.8761,9.87667,0,4.64353
3.45,roll -10,-0.163755,0.0290824,-0.0865372,-0.000792367,-0.174533,0,-0.269032,-0.00678349,0.00135465,99.4868,99.6268,102.794,1.0315,nan,0.262068,0.262889,0.261596,0.262376,0.261402,0.262889,0.261402,0.261596,0.262376,1,0,0.088036,0,0.000845917,-0.00134094,0.000996266,-0.264003,0.00214878,0,0,0,-0.266648,-0.00369446,0.000988941,0.0294981,-0.116043,9.92384,9.92456,0,4.75137
3.46,roll -10,-0.166432,0.0291454,-0.087183,-0.000762325,-0.174533,0,-0.266156,-0.0065003,0.00189173,99.4867,99.6267,102.805,1.03159,nan,0.262118,0.262145,0.262477,0.261362,0.262479,0.262145,0.262479,0.262477,0.261362,1,0,0.0873806,0,0.00207899,-0.00148082,-0.000636984,-0.262069,0.00205267,0,0,0,-0.265791,0.00961502,-0.00256447,0.125045,-0.00317616,9.86635,9.86715,0,4.8606
3.47,roll -10,-0.169083,0.0292045,-0.0877886,-0.000757525,-0.174533,0,-0.263767,-0.00622127,0.0022254,99.4867,99.6267,102.815,1.03171,nan,0.262169,0.261817,0.262539,0.261864,0.262446,0.261817,0.262446,0.262539,0.261864,1,0,0.0867754,0,-0.000371954,-8.76799e-05,-0.000572782,-0.260255,0.00205652,0,0,0,-0.268167,0.00325685,-0.0023388,0.0371712,-0.0415663,9.79082,9.79097,0,4.97133
3.48,roll -10,-0.171712,0.029261,-0.0883686,-0.00078831,-0.174533,0,-0.261862,-0.00595326,0.00124611,99.4867,99.6267,102.826,1.03184,nan,0.262221,0.263372,0.261482,0.262887,0.261131,0.263372,0.261131,0.261482,0.262887,1,0,0.0861852,0,0.000354296,-0.00158373,0.00160255,-0.25849,0.00213207,0,0,0,-0.250727,-0.000522731,-0.00285565,0.0323865,-0.0228706,9.79096,9.79105,0,5.08317
3.49,roll -10,-0.174323,0.0293163,-0.0889406,-0.000726995,-0.174533,0,-0.260335,-0.00566777,0.00172633,99.4867,99.6267,102.836,1.03197,nan,0.262274,0.262368,0.262137,0.262688,0.26189,0.262368,0.26189,0.262137,0.262688,1,0,0.0856216,0,-0.00150443,0.00013896,0.000452029,-0.256787,0.00196606,0,0,0,-0.258103,0.0129131,0.000639209,0.0223912,0.0831258,9.83968,9.84005,0,5.19294
3.5,roll -10,-0.176922,0.0293671,-0.0894998,-0.000777006,-0.174533,0,-0.259131,-0.00539843,0.00254236,99.4866,99.6266,102.846,1.03213,nan,0.262327,0.261891,0.262667,0.262164,0.262577,0.261891,0.262577,0.262667,0.262164,1,0,0.0850599,0,-0.000960664,0.000346535,-0.000522601,-0.255124,0.0021097,0,0,0,-0.266586,-1.44509e-06,0.00136019,0.0175443,0.075089,9.85958,9.85988,0,5.30509
3.51,roll -10,-0.17951,0.0294154,-0.0900365,-0.000821074,-0.174533,0,-0.258229,-0.00530702,0.00213298,99.4865,99.6265,102.857,1.0323,nan,0.262382,0.2626,0.261932,0.263202,0.261783,0.2626,0.261783,0.261932,0.263202,1,0,0.0845227,0,-0.00199205,0.000859968,0.000917134,-0.253502,0.00224462,0,0,0,-0.258175,0.00938199,-0.0058692,0.0443836,0.0654294,9.89013,9.89045,0,5.4179
3.52,roll -10,-0.182089,0.0294639,-0.0905771,-0.000817052,-0.174533,0,-0.257464,-0.00528612,0.00174809,99.4865,99.6265,102.867,1.03249,nan,0.262438,0.262119,0.262935,0.261981,0.262705,0.262119,0.262705,0.262935,0.261981,1,0,0.0839735,0,-0.000241532,-0.000695956,-0.000676959,-0.251859,0.00221876,0,0,0,-0.242429,0.000610323,-0.00153684,0.0595572,0.0612294,9.83866,9.83903,0,5.52938
3.53,roll -10,-0.184661,0.0295131,-0.0910992,-0.000805167,-0.174533,0,-0.256888,-0.00530784,0.00151001,99.4864,99.6264,102.877,1.03268,nan,0.262494,0.261413,0.263527,0.261888,0.263137,0.261413,0.263137,0.263527,0.261888,1,0,0.0834579,0,-0.00229331,0.000159793,-0.00147816,-0.250309,0.00221414,0,0,0,-0.253022,0.00144221,0.00298349,-0.023506,-0.0676631,9.94017,9.94043,0,5.64155
3.54,roll -10,-0.187229,0.0295618,-0.0916313,-0.000821357,-0.174533,0,-0.256321,-0.00538326,0.00270453,99.4863,99.6263,102.888,1.03292,nan,0.262552,0.26162,0.263453,0.261938,0.263185,0.26162,0.263185,0.263453,0.261938,1,0,0.0829304,0,-0.00155211,9.58807e-05,-0.00135383,-0.248721,0.00224533,0,0,0,-0.257426,-0.00012742,-0.00533334,0.0117853,0.0713663,9.81785,9.81812,0,5.75359
3.55,roll -10,-0.18979,0.0296105,-0.0921486,-0.000870843,-0.174533,0,-0.255746,-0.0055013,0.00201338,99.4862,99.6262,102.898,1.03319,nan,0.26261,0.262297,0.26249,0.263179,0.262464,0.262297,0.262464,0.26249,0.263179,1,0,0.0824054,0,-0.00240976,0.00162195,0.000229849,-0.247149,0.00240502,0,0,0,-0.242329,0.00244904,-0.0153928,-0.0617056,0.0548022,9.73679,9.73714,0,5.86685
3.56,roll -10,-0.192346,0.0296623,-0.0926649,-0.0008648,-0.174533,0,-0.25517,-0.00577359,0.00160039,99.4861,99.6261,102.909,1.03347,nan,0.26267,0.2613,0.263764,0.261784,0.263819,0.2613,0.263819,0.263764,0.261784,1,0,0.0818857,0,-0.00113648,0.00102227,-0.0019773,-0.24559,0.00236654,0,0,0,-0.235124,-0.00195874,-0.000504087,-0.0382583,-0.00270964,9.80592,9.80599,0,5.97912
3.57,roll -10,-0.194895,0.029717,-0.0931898,-0.000861416,-0.174533,0,-0.254536,-0.00600015,0.00123167,99.4859,99.6259,102.919,1.03379,nan,0.26273,0.262501,0.262661,0.263013,0.262735,0.262501,0.262735,0.262661,0.263013,1,0,0.0813774,0,-0.00116183,0.00110971,5.21148e-05,-0.244048,0.00232892,0,0,0,-0.256677,-0.00335578,-0.00160906,0.00326924,-0.0197263,9.91848,9.9185,0,6.09082
3.58,roll -10,-0.197438,0.029774,-0.093713,-0.000881831,-0.174533,0,-0.253895,-0.00619928,0.00197682,99.4858,99.6258,102.929,1.03414,nan,0.262792,0.262528,0.262775,0.2627,0.263151,0.262528,0.263151,0.262775,0.2627,1,0,0.0808393,0,0.000539204,0.00103837,-0.000306702,-0.242469,0.0024004,0,0,0,-0.249042,-0.00318341,0.00293495,-0.00598524,-0.00492611,9.91381,9.91381,0,6.20291
3.59,roll -10,-0.199975,0.0298318,-0.0942361,-0.000902285,-0.174533,0,-0.253228,-0.00641096,0.00186186,99.4856,99.6256,102.94,1.0345,nan,0.262854,0.26319,0.26225,0.263018,0.262946,0.26319,0.262946,0.26225,0.263018,1,0,0.0803273,0,0.00230228,0.000991735,0.00044448,-0.240897,0.00244512,0,0,0,-0.246195,-0.00212641,-0.00335464,0.0285345,-0.0876322,9.97275,9.97318,0,6.31478
3.6,roll -10,-0.202504,0.0298929,-0.0947308,-0.000894903,-0.174533,0,-0.252403,-0.00657365,0.000614006,99.4855,99.6255,102.95,1.03489,nan,0.262917,0.26174,0.264352,0.261573,0.263992,0.26174,0.263992,0.264352,0.261573,1,0,0.079824,0,-0.000512056,-0.000996595,-0.00221132,-0.239406,0.0024624,0,0,0,-0.240408,0.00126902,-0.00144201,-0.062097,-0.0838252,9.85607,9.85662,0,6.42753
3.61,roll -10,-0.205025,0.029954,-0.0952361,-0.000907508,-0.174533,0,-0.251456,-0.00661525,0.00213595,99.4853,99.6253,102.961,1.0353,nan,0.262982,0.262769,0.263275,0.262507,0.263363,0.262769,0.263363,0.263275,0.262507,1,0,0.0793115,0,0.000927548,-0.000332057,-0.000598496,-0.237897,0.00248791,0,0,0,-0.24511,-0.00185335,0.0109504,-0.0121074,-0.0793323,9.93248,9.9328,0,6.53971
3.62,roll -10,-0.207536,0.0300144,-0.0957027,-0.000911358,-0.174533,0,-0.250435,-0.00661773,0.00238787,99.4851,99.6251,102.971,1.03571,nan,0.263047,0.262777,0.263373,0.261839,0.264186,0.262777,0.264186,0.263373,0.261839,1,0,0.078847,0,0.0046439,-0.000236966,-0.00129308,-0.236499,0.00248109,0,0,0,-0.24553,-0.00806817,-0.002947,0.0219642,-0.110562,9.90083,9.90147,0,6.65342
3.63,roll -10,-0.210036,0.0300732,-0.0961649,-0.000876516,-0.174533,0,-0.249349,-0.00654392,0.00283933,99.4849,99.6249,102.981,1.03615,nan,0.263113,0.262926,0.26327,0.262639,0.263604,0.262926,0.263604,0.26327,0.262639,1,0,0.0783951,0,0.00164683,8.92321e-05,-0.000575347,-0.235124,0.00239548,0,0,0,-0.252501,0.00351472,-0.00580384,-0.0122375,-0.0123359,9.93584,9.93585,0,6.76628
3.64,roll -10,-0.212526,0.0301302,-0.0966187,-0.000868362,-0.174533,0,-0.248184,-0.00641858,0.00342205,99.4847,99.6247,102.992,1.03662,nan,0.26318,0.263296,0.263118,0.262692,0.263602,0.263296,0.263602,0.263118,0.262692,1,0,0.0779191,0,0.00288671,-0.00022618,-0.00032127,-0.233726,0.0023331,0,0,0,-0.226311,0.00546493,0.00221901,0.100042,-0.0661813,9.91243,9.91315,0,6.87953
3.65,roll -10,-0.215002,0.0301845,-0.0970932,-0.000849961,-0.174533,0,-0.246785,-0.00622563,0.0032917,99.4844,99.6244,103.002,1.03712,nan,0.263249,0.264314,0.262154,0.264078,0.262434,0.264314,0.262434,0.262154,0.264078,1,0,0.0774648,0,0.00136765,8.20373e-05,0.00167218,-0.23234,0.0022541,0,0,0,-0.248286,0.00533352,-0.00283335,0.177049,-0.0194896,9.93253,9.93413,0,6.99085
3.66,roll -10,-0.217464,0.0302386,-0.0975032,-0.000810417,-0.174533,0,-0.245286,-0.00607648,0.00199723,99.4842,99.6242,103.012,1.03765,nan,0.263318,0.260912,0.265898,0.261234,0.265213,0.260912,0.265213,0.265898,0.261234,1,0,0.0770481,0,-0.00266995,-0.000689988,-0.00394037,-0.2311,0.00216755,0,0,0,-0.244285,0.00438451,0.00447663,0.0724952,0.0804836,9.86648,9.86707,0,7.10472
3.67,roll -10,-0.219911,0.0302926,-0.0979102,-0.000789205,-0.174533,0,-0.243841,-0.00600858,0.00240903,99.4839,99.6239,103.023,1.03821,nan,0.263388,0.262222,0.264719,0.262145,0.264451,0.262222,0.264451,0.264719,0.262145,1,0,0.0766384,0,-0.000507355,-0.000651019,-0.00211097,-0.229879,0.00208088,0,0,0,-0.242903,-0.00339529,-0.00246551,0.0989629,0.0452595,9.89919,9.89979,0,7.21829
3.68,roll -10,-0.222344,0.0303454,-0.0983069,-0.000793117,-0.174533,0,-0.242497,-0.00593503,0.00194398,99.4837,99.6237,103.033,1.0388,nan,0.263459,0.263984,0.263265,0.263513,0.263059,0.263984,0.263059,0.263265,0.263513,1,0,0.0762485,0,0.00070157,-0.00128179,0.000515369,-0.228682,0.0020847,0,0,0,-0.237878,0.00288301,0.00407379,0.0882136,0.0132697,9.94921,9.9496,0,7.33206
3.69,roll -10,-0.224764,0.0303985,-0.0986853,-0.000814078,-0.174533,0,-0.241218,-0.00583886,0.00249259,99.4834,99.6234,103.044,1.03945,nan,0.263531,0.263879,0.263054,0.263995,0.26318,0.263879,0.26318,0.263054,0.263995,1,0,0.0758691,0,2.93254e-05,0.000457925,0.000720549,-0.227543,0.00215821,0,0,0,-0.234077,0.0128043,-0.00281832,0.122019,0.0776368,10.0427,10.0437,0,7.44651
3.7,roll -10,-0.227172,0.0304493,-0.0990453,-0.000790441,-0.174533,0,-0.239948,-0.00583537,0.00291022,99.4831,99.6231,103.054,1.04014,nan,0.263604,0.263318,0.264082,0.262909,0.264091,0.263318,0.264091,0.264082,0.262909,1,0,0.0755004,0,0.00110984,-0.000757144,-0.000855601,-0.22647,0.00209301,0,0,0,-0.239738,-0.00722875,-0.000847271,0.027627,0.112475,9.9603,9.96097,0,7.56073
3.71,roll -10,-0.229566,0.0304988,-0.0993946,-0.000802449,-0.174533,0,-0.238615,-0.00588949,0.00358686,99.4828,99.6228,103.064,1.04087,nan,0.263677,0.263065,0.26446,0.262875,0.264295,0.263065,0.264295,0.26446,0.262875,1,0,0.0751553,0,6.4919e-05,-0.000672236,-0.0012374,-0.225396,0.00214105,0,0,0,-0.221488,0.011265,-0.00204241,0.034126,-0.0306815,9.90112,9.90122,0,7.67536
3.72,roll -10,-0.231947,0.0305479,-0.0997125,-0.000780721,-0.174533,0,-0.237243,-0.00591841,0.00391918,99.4824,99.6224,103.075,1.04165,nan,0.263752,0.264057,0.263456,0.264172,0.263308,0.264057,0.263308,0.263456,0.264172,1,0,0.0748405,0,-0.000698051,-6.35388e-05,0.000643888,-0.224448,0.00206741,0,0,0,-0.22526,0.00072523,-0.00456564,-0.0305415,0.00289032,9.94202,9.94207,0,7.79059
3.73,roll -10,-0.234315,0.0305966,-0.100061,-0.000771842,-0.174533,0,-0.235906,-0.00588518,0.00385839,99.4821,99.6221,103.085,1.04246,nan,0.263828,0.263915,0.263583,0.264047,0.263749,0.263915,0.263749,0.263583,0.264047,1,0,0.074486,0,8.96244e-05,0.000565464,0.000276862,-0.223411,0.00203932,0,0,0,-0.229965,0.00290072,0.00104937,-0.0287834,0.0764663,9.85733,9.85767,0,7.90368
3.74,roll -10,-0.236669,0.0306448,-0.100394,-0.000766076,-0.174533,0,-0.234595,-0.00581368,0.0035061,99.4817,99.6217,103.095,1.04326,nan,0.263904,0.26321,0.26467,0.262796,0.264925,0.26321,0.264925,0.26467,0.262796,1,0,0.0741619,0,0.00177304,-0.000299523,-0.00157738,-0.222415,0.00202108,0,0,0,-0.231551,0.0152843,-0.00272946,0.00707968,0.00850594,9.89117,9.89118,0,8.01695
3.75,roll -10,-0.239011,0.0306919,-0.100737,-0.000767648,-0.174533,0,-0.233399,-0.00570338,0.00350891,99.4813,99.6213,103.106,1.04411,nan,0.263981,0.262798,0.265033,0.26278,0.2653,0.262798,0.2653,0.265033,0.26278,1,0,0.07383,0,0.0007568,0.000472545,-0.00209017,-0.221401,0.00204489,0,0,0,-0.237814,-0.00367819,0.0103325,-0.165058,-0.0653165,9.90648,9.90807,0,8.12913
3.76,roll -10,-0.241341,0.0307388,-0.101009,-0.000743385,-0.174533,0,-0.232247,-0.00567749,0.00310663,99.4809,99.6209,103.116,1.04497,nan,0.26406,0.26399,0.264427,0.263945,0.26386,0.26399,0.26386,0.264427,0.263945,1,0,0.0735355,0,-0.00138551,-0.00115996,-0.00015462,-0.220558,0.00192175,0,0,0,-0.223492,0.000376803,0.0106053,-0.0528615,-0.00911314,9.978,9.97814,0,8.24426
3.77,roll -10,-0.24366,0.0307867,-0.101291,-0.000783319,-0.174533,0,-0.23124,-0.00561557,0.00225938,99.4805,99.6205,103.127,1.04586,nan,0.264139,0.264333,0.264122,0.263672,0.264412,0.264333,0.264412,0.264122,0.263672,1,0,0.073256,0,0.00252461,-0.000704513,-0.000232567,-0.219696,0.00201038,0,0,0,-0.212869,-0.00789882,0.000173168,-0.0328513,-0.113773,9.92272,9.92343,0,8.35917
3.78,roll -10,-0.245968,0.0308355,-0.101572,-0.000844663,-0.174533,0,-0.23018,-0.00551093,0.00207602,99.4801,99.6201,103.137,1.04678,nan,0.264219,0.262983,0.265227,0.263427,0.265221,0.262983,0.265221,0.265227,0.263427,1,0,0.0729756,0,-0.00119342,0.000830579,-0.00177473,-0.218875,0.00218566,0,0,0,-0.225251,-0.0122771,-0.00486782,-0.0466391,-0.196029,10.0187,10.0207,0,8.47393
3.79,roll -10,-0.248266,0.0308837,-0.1018,-0.000826262,-0.174533,0,-0.229159,-0.00552281,0.00197926,99.4797,99.6197,103.148,1.04774,nan,0.2643,0.264558,0.263902,0.264396,0.264326,0.264558,0.264326,0.263902,0.264396,1,0,0.0727432,0,0.0015517,0.000495827,0.000319019,-0.218184,0.0021675,0,0,0,-0.220178,0.0139034,-0.0090732,-0.0836053,-0.120037,10.0159,10.017,0,8.59004
3.8,roll -10,-0.250554,0.0309322,-0.102039,-0.000816149,-0.174533,0,-0.228275,-0.00550546,0.00186813,99.4792,99.6192,103.158,1.04871,nan,0.264381,0.264516,0.264405,0.264139,0.264448,0.264516,0.264448,0.264405,0.264139,1,0,0.0725035,0,0.00111557,-0.000633813,-8.72923e-05,-0.217469,0.00207787,0,0,0,-0.222568,0.00477035,0.00452804,0.0280927,-0.127312,10.0196,10.0204,0,8.70518
3.81,roll -10,-0.252834,0.0309807,-0.102285,-0.000858669,-0.174533,0,-0.227434,-0.00545424,0.00213424,99.4787,99.6187,103.169,1.04971,nan,0.264464,0.26514,0.263783,0.2651,0.263814,0.26514,0.263814,0.263783,0.2651,1,0,0.072263,0,0.000187781,-1.61885e-05,0.00116157,-0.216743,0.00219526,0,0,0,-0.230923,0.00514163,-0.00383759,0.0306153,-0.0216897,10.0083,10.0084,0,8.82013
3.82,roll -10,-0.255105,0.0310293,-0.102518,-0.000872489,-0.174533,0,-0.226639,-0.00551628,0.00144701,99.4782,99.6182,103.179,1.05072,nan,0.264547,0.264728,0.264549,0.264473,0.264422,0.264728,0.264422,0.264549,0.264473,1,0,0.0720283,0,0.000342533,-0.00072345,0.00010099,-0.216031,0.00222905,0,0,0,-0.221892,-0.00848108,0.0106363,-0.0247798,-0.0815079,9.96505,9.96542,0,8.93508
3.83,roll -10,-0.257369,0.0310785,-0.102749,-0.000894057,-0.174533,0,-0.225848,-0.00560169,0.00170739,99.4777,99.6177,103.19,1.05175,nan,0.264631,0.264371,0.264973,0.264088,0.265076,0.264371,0.265076,0.264973,0.264088,1,0,0.0717995,0,0.00102409,-0.000342575,-0.000698723,-0.215341,0.00228446,0,0,0,-0.223089,-0.00524014,-0.0111578,0.00403428,-0.120082,10.0131,10.0138,0,9.04985
3.84,roll -10,-0.259625,0.0311281,-0.102982,-0.000836909,-0.174533,0,-0.225055,-0.00575024,0.00204609,99.4772,99.6172,103.2,1.05282,nan,0.264716,0.264942,0.26483,0.264293,0.264785,0.264942,0.264785,0.26483,0.264293,1,0,0.0715566,0,0.00160243,-0.00131463,-0.000167057,-0.214641,0.00213516,0,0,0,-0.222147,0.00903933,0.00149184,0.0132036,-0.0880228,9.91318,9.91358,0,9.16319
3.85,roll -10,-0.261873,0.0311788,-0.103191,-0.000830296,-0.174533,0,-0.22424,-0.00583552,0.00166738,99.4767,99.6167,103.211,1.05394,nan,0.264802,0.264634,0.264743,0.264793,0.265021,0.264634,0.265021,0.264743,0.264793,1,0,0.0713731,0,0.000316562,0.000827087,-0.000148372,-0.214031,0.00207546,0,0,0,-0.231925,0.00208893,-0.0044357,0.119162,0.0786008,10.0273,10.0283,0,9.27811
3.86,roll -10,-0.264112,0.0312309,-0.10337,-0.000832239,-0.174533,0,-0.223526,-0.00589463,0.00165677,99.4761,99.6161,103.221,1.05513,nan,0.264889,0.264628,0.264962,0.26492,0.265028,0.264628,0.265028,0.264962,0.26492,1,0,0.0711824,0,-0.000597949,0.000680002,-0.00019412,-0.21348,0.00208775,0,0,0,-0.222043,0.00731891,-0.00173927,0.0877155,-0.0636052,10.0064,10.007,0,9.39443
3.87,roll -10,-0.266346,0.0312839,-0.10355,-0.000866808,-0.174533,0,-0.222886,-0.00601657,0.00185061,99.4755,99.6155,103.232,1.05637,nan,0.264977,0.265361,0.264543,0.265373,0.264611,0.265361,0.264611,0.264543,0.265373,1,0,0.0709811,0,0.000147242,0.000152823,0.000694077,-0.212932,0.0021703,0,0,0,-0.216897,-0.000960822,-0.00547439,0.0691389,-0.0571217,10.0183,10.0187,0,9.51069
3.88,roll -10,-0.268573,0.031338,-0.10375,-0.000848902,-0.174533,0,-0.222253,-0.00616406,0.00235023,99.4749,99.6149,103.242,1.05765,nan,0.265065,0.265204,0.264797,0.265327,0.264914,0.265204,0.264914,0.264797,0.265327,1,0,0.0707792,0,-1.54305e-05,0.000452543,0.000360248,-0.212336,0.00211621,0,0,0,-0.220257,-0.000255168,-0.0100421,0.0825818,-0.0151462,10.0137,10.014,0,9.62493
3.89,roll -10,-0.270793,0.0313921,-0.103937,-0.000879935,-0.174533,0,-0.22157,-0.00630961,0.00249634,99.4743,99.6143,103.253,1.05896,nan,0.265154,0.265394,0.26541,0.264871,0.264924,0.265394,0.264924,0.26541,0.264871,1,0,0.0706038,0,9.82386e-05,-0.00191163,-3.07251e-05,-0.211782,0.00222047,0,0,0,-0.224166,-0.00223681,-0.0052876,0.0256231,0.102485,10.0726,10.0731,0,9.74021
3.9,roll -10,-0.273007,0.0314466,-0.10411,-0.000901922,-0.174533,0,-0.220983,-0.00640933,0.0027267,99.4737,99.6137,103.263,1.06033,nan,0.265244,0.265039,0.265357,0.265165,0.265399,0.265039,0.265399,0.265357,0.265165,1,0,0.0704347,0,-0.000221927,0.000318047,-0.000242784,-0.211251,0.00226063,0,0,0,-0.214297,-0.0032114,0.00890782,0.114057,-0.00649151,10.1085,10.1091,0,9.85584
3.91,roll -10,-0.275216,0.0315011,-0.104277,-0.000874512,-0.174533,0,-0.220382,-0.00648442,0.00284489,99.473,99.613,103.274,1.06175,nan,0.265335,0.264578,0.266025,0.26507,0.26565,0.264578,0.26565,0.266025,0.26507,1,0,0.0702652,0,-0.00230109,0.000222385,-0.0008904,-0.210746,0.00220187,0,0,0,-0.214439,0.00171243,-0.00916774,0.0486131,0.0152275,10.0426,10.0428,0,9.97092
3.92,roll -10,-0.277418,0.0315563,-0.10446,-0.000827281,-0.174533,0,-0.219677,-0.00662784,0.00281071,99.4724,99.6124,103.285,1.06321,nan,0.265427,0.266084,0.265164,0.265303,0.265139,0.266084,0.265139,0.265164,0.265303,1,0,0.0700783,0,0.00200307,-0.0015272,0.000476291,-0.210178,0.0020696,0,0,0,-0.200607,0.0093037,0.00662543,0.0409828,0.073371,10.0536,10.054,0,10.0846
3.93,roll -10,-0.279612,0.0316138,-0.104613,-0.000787359,-0.174533,0,-0.218836,-0.006721,0.00257633,99.4717,99.6117,103.296,1.06473,nan,0.26552,0.265496,0.265505,0.265439,0.26562,0.265496,0.26562,0.265505,0.265439,1,0,0.0699318,0,0.000459726,0.000110568,-8.37605e-05,-0.20974,0.00195996,0,0,0,-0.214849,-0.00383919,0.00587122,-0.0235311,-0.00111206,10.0406,10.0407,0,10.1997
3.94,roll -10,-0.281798,0.0316722,-0.104757,-0.000744475,-0.174533,0,-0.218018,-0.00680291,0.00218497,99.471,99.611,103.306,1.06627,nan,0.265613,0.265897,0.265436,0.265832,0.265269,0.265897,0.265269,0.265436,0.265832,1,0,0.0697646,0,-0.000269794,-0.00043928,0.000449594,-0.209285,0.00185174,0,0,0,-0.197984,0.0151087,-0.0154572,-0.054339,0.0944119,9.95408,9.95467,0,10.3149
3.95,roll -10,-0.283975,0.0317324,-0.104913,-0.000705225,-0.174533,0,-0.217181,-0.00681399,0.00173223,99.4703,99.6103,103.317,1.06784,nan,0.265707,0.265079,0.266608,0.264865,0.266259,0.265079,0.266259,0.266608,0.264865,1,0,0.0696243,0,-0.000358909,-0.00106575,-0.0012848,-0.208836,0.00171416,0,0,0,-0.211858,0.00635124,0.0114846,0.00371056,-0.00626671,9.99096,9.99096,0,10.4289
3.96,roll -10,-0.286144,0.0317926,-0.105045,-0.000711214,-0.174533,0,-0.216294,-0.00661195,0.00212497,99.4695,99.6095,103.328,1.06945,nan,0.265802,0.265606,0.265833,0.265837,0.265914,0.265606,0.265914,0.265833,0.265837,1,0,0.0694768,0,-0.000399935,0.000591473,-0.000133361,-0.208416,0.0017221,0,0,0,-0.19566,-0.00035832,-0.00829535,-0.0159065,-0.0388253,10.0148,10.0149,0,10.5444
3.97,roll -10,-0.288304,0.0318475,-0.105158,-0.000696624,-0.174533,0,-0.215504,-0.00638105,0.00286952,99.4688,99.6088,103.338,1.07109,nan,0.265898,0.266155,0.265686,0.266485,0.265246,0.266155,0.265246,0.265686,0.266485,1,0,0.0693772,0,-0.0020405,-0.000209362,0.000750392,-0.208089,0.00168617,0,0,0,-0.201819,0.00523969,0.00743396,-0.060236,-0.0534886,9.95894,9.95927,0,10.6602
3.98,roll -10,-0.290457,0.031901,-0.105267,-0.000661442,-0.174533,0,-0.214822,-0.00630843,0.00226521,99.468,99.608,103.349,1.07275,nan,0.265994,0.267091,0.264918,0.267318,0.264631,0.267091,0.264631,0.264918,0.267318,1,0,0.0692637,0,-0.00136548,-0.00011441,0.00213614,-0.207775,0.0015771,0,0,0,-0.211469,0.0108986,0.00627292,-0.0310344,-0.0366689,9.99571,9.99583,0,10.7756
3.99,roll -10,-0.292604,0.0319545,-0.105378,-0.00064412,-0.174533,0,-0.214246,-0.00625565,0.00277699,99.4672,99.6072,103.36,1.07446,nan,0.266091,0.266397,0.26592,0.266601,0.265428,0.266397,0.265428,0.26592,0.266601,1,0,0.0691638,0,-0.00184843,-0.000545466,0.000724751,-0.207438,0.00151756,0,0,0,-0.207749,0.0122093,-0.0018191,-0.0227559,-0.0121304,10.0183,10.0184,0,10.8908
4,roll -10,-0.294745,0.0320055,-0.10549,-0.000596504,-0.174533,0,-0.2137,-0.00614644,0.00352028,99.4664,99.6064,103.37,1.07619,nan,0.266189,0.266289,0.266403,0.266243,0.265802,0.266289,0.265802,0.266403,0.266243,1,0,0.0690361,0,-0.0014727,-0.00122665,0.00014353,-0.207103,0.00137331,0,0,0,-0.207299,-0.0110183,-0.0149467,-0.117057,-0.0501289,10.0387,10.0395,0,11.0053
4.01,roll -10,-0.296881,0.0320543,-0.105599,-0.000606642,-0.174533,0,-0.213166,-0.00593295,0.00276893,99.4655,99.6055,103.381,1.07795,nan,0.266288,0.266295,0.265942,0.266994,0.2659,0.266295,0.2659,0.265942,0.266994,1,0,0.0689428,0,-0.00196524,0.0012451,0.00063627,-0.206765,0.00136131,0,0,0,-0.202132,-0.00188926,0.00939159,0.0128446,-0.100456,9.95115,9.95167,0,11.1203
4.02,roll -10,-0.299012,0.0321024,-0.105705,-0.000614204,-0.174533,0,-0.212604,-0.00578401,0.00258873,99.4647,99.6047,103.392,1.07975,nan,0.266387,0.266654,0.265904,0.266798,0.266172,0.266654,0.266172,0.265904,0.266798,1,0,0.0688389,0,0.000327321,0.000781094,0.000604469,-0.20646,0.00139866,0,0,0,-0.210319,-0.00169388,0.00236591,-0.025309,-0.135489,10.1355,10.1365,0,11.2351
4.03,roll -10,-0.301137,0.0321495,-0.105789,-0.000603609,-0.174533,0,-0.212193,-0.00558622,0.00211057,99.4638,99.6038,103.403,1.08161,nan,0.266487,0.266202,0.266685,0.266225,0.266815,0.266202,0.266815,0.266685,0.266225,1,0,0.0687488,0,0.000283442,0.000289884,-0.000471186,-0.206205,0.00137002,0,0,0,-0.208059,-0.00247026,0.00214722,-0.0178957,-0.115382,10.0719,10.0726,0,11.3507
4.04,roll -10,-0.303259,0.0321937,-0.105875,-0.000602026,-0.174533,0,-0.211875,-0.00546484,0.0031228,99.4629,99.6029,103.414,1.0835,nan,0.266587,0.266677,0.266372,0.267198,0.266082,0.266677,0.266082,0.266372,0.267198,1,0,0.0686725,0,-0.00214926,0.000438009,0.000624371,-0.205958,0.00134252,0,0,0,-0.216396,-0.00738421,-0.00294319,0.0189325,-0.183336,10.0664,10.0681,0,11.4661
4.05,roll -10,-0.305378,0.0322359,-0.105983,-0.000612109,-0.174533,0,-0.211586,-0.0053544,0.0031428,99.462,99.602,103.424,1.08545,nan,0.266689,0.266067,0.267045,0.266086,0.267536,0.266067,0.267536,0.267045,0.266086,1,0,0.0685508,0,0.00125054,0.000968544,-0.00106723,-0.205627,0.00139049,0,0,0,-0.209467,-0.00954139,0.00512101,-0.0593184,-0.086172,10.0609,10.0615,0,11.5803
4.06,roll -10,-0.307493,0.0322777,-0.106052,-0.00063192,-0.174533,0,-0.21127,-0.0051782,0.00229492,99.461,99.601,103.435,1.08745,nan,0.26679,0.26719,0.266556,0.267209,0.266186,0.26719,0.266186,0.266556,0.267209,1,0,0.0684847,0,-0.00103298,-0.000664729,0.000728069,-0.205417,0.00142872,0,0,0,-0.208317,0.00103597,-0.00862007,0.0274923,-0.0403718,10.1095,10.1097,0,11.6965
4.07,roll -10,-0.309606,0.0323179,-0.106138,-0.000584518,-0.174533,0,-0.211065,-0.00505765,0.00347275,99.4601,99.6001,103.446,1.08952,nan,0.266893,0.267794,0.266331,0.267667,0.265759,0.267794,0.265759,0.266331,0.267667,1,0,0.0684115,0,-0.00118298,-0.00132579,0.00148149,-0.205171,0.00128438,0,0,0,-0.216602,0.0018325,-0.00563262,0.0314777,-0.0476932,10.1963,10.1964,0,11.811
4.08,roll -10,-0.311718,0.0323551,-0.106215,-0.000594297,-0.174533,0,-0.210933,-0.0047982,0.00338875,99.4591,99.5991,103.457,1.0917,nan,0.266996,0.267242,0.266864,0.26651,0.267347,0.267242,0.267347,0.266864,0.26651,1,0,0.0683208,0,0.00322182,-0.000473394,-0.000201357,-0.204931,0.00131866,0,0,0,-0.209758,0.00102436,-0.00117343,0.0238297,-0.175546,10.0967,10.0982,0,11.9265
4.09,roll -10,-0.313827,0.0323896,-0.106285,-0.000589554,-0.174533,0,-0.210694,-0.00455435,0.00316218,99.4581,99.5981,103.468,1.09393,nan,0.2671,0.266271,0.268039,0.26598,0.268088,0.266271,0.268088,0.268039,0.26598,1,0,0.068244,0,0.000904294,-0.000460068,-0.00170383,-0.204729,0.00129726,0,0,0,-0.215351,0.00385581,0.011041,0.026103,-0.0433467,10.1293,10.1294,0,12.0421
4.1,roll -10,-0.315935,0.0324218,-0.106344,-0.000586104,-0.174533,0,-0.210485,-0.00428547,0.00275099,99.4571,99.5971,103.479,1.09619,nan,0.267204,0.267842,0.266444,0.267918,0.266592,0.267842,0.266592,0.266444,0.267918,1,0,0.0681986,0,0.000190686,0.000424482,0.00119663,-0.204543,0.00126856,0,0,0,-0.208337,0.00900041,0.000492638,0.104617,-0.137017,10.182,10.1835,0,12.1582
4.11,roll -10,-0.31804,0.0324532,-0.106406,-0.000559272,-0.174533,0,-0.210302,-0.00405884,0.003068,99.456,99.596,103.49,1.09848,nan,0.26731,0.26632,0.268366,0.266045,0.268486,0.26632,0.268486,0.268366,0.266045,1,0,0.0681251,0,0.00104614,-0.000292456,-0.00197187,-0.204344,0.00120224,0,0,0,-0.19982,0.00222901,-0.0117629,0.031559,-0.169071,10.0131,10.0146,0,12.2738
4.12,roll -10,-0.320144,0.0324808,-0.106445,-0.000592834,-0.174533,0,-0.210206,-0.00385183,0.0025543,99.455,99.595,103.501,1.10081,nan,0.267415,0.267218,0.267451,0.267886,0.267086,0.267218,0.267086,0.267451,0.267886,1,0,0.0681006,0,-0.00273854,0.000575307,0.000249183,-0.204231,0.00127873,0,0,0,-0.202781,0.00675148,-0.00404757,0.12244,-0.101404,10.0787,10.0799,0,12.3912
4.13,roll -10,-0.322247,0.0325069,-0.10651,-0.00058457,-0.174533,0,-0.21017,-0.00370997,0.00346075,99.4539,99.5939,103.512,1.10322,nan,0.267522,0.268907,0.266316,0.268994,0.26585,0.268907,0.26585,0.266316,0.268994,1,0,0.0680305,0,-0.00146509,-0.000717336,0.0025206,-0.204051,0.00125705,0,0,0,-0.212549,0.00202359,-0.00471654,0.0976069,-0.078012,10.1035,10.1043,0,12.5067
4.14,roll -10,-0.32435,0.0325324,-0.106582,-0.000587071,-0.174533,0,-0.210222,-0.00356429,0.00262025,99.4528,99.5928,103.523,1.10569,nan,0.26763,0.268056,0.267348,0.267636,0.267457,0.268056,0.267457,0.267348,0.267636,1,0,0.0679463,0,0.00140204,-0.000589047,0.000390279,-0.203832,0.00124772,0,0,0,-0.210227,-0.00302273,-0.00725635,0.136789,-0.0361725,10.1001,10.1011,0,12.6219
4.15,roll -10,-0.326453,0.0325574,-0.106656,-0.000578447,-0.174533,0,-0.210189,-0.00334839,0.00229372,99.4516,99.5916,103.534,1.10821,nan,0.267738,0.26897,0.26653,0.269308,0.266121,0.26897,0.266121,0.26653,0.269308,1,0,0.0678796,0,-0.00198328,-0.000134145,0.00247305,-0.203598,0.00125368,0,0,0,-0.203287,-0.00227249,-0.00263503,0.00907817,-0.0218055,10.1571,10.1571,0,12.737
4.16,roll -10,-0.328556,0.0325842,-0.106715,-0.000589606,-0.174533,0,-0.210133,-0.00318667,0.000456824,99.4505,99.5905,103.545,1.11076,nan,0.267847,0.267272,0.268653,0.267263,0.268178,0.267272,0.268178,0.268653,0.267263,1,0,0.0678164,0,-0.00123588,-0.000916069,-0.00100875,-0.20343,0.00125902,0,0,0,-0.208133,-0.00690017,0.000881303,0.0471492,-0.104408,10.0576,10.0583,0,12.853
4.17,roll -10,-0.330657,0.0326115,-0.106784,-0.000605468,-0.174533,0,-0.210028,-0.00308711,0.000688504,99.4493,99.5893,103.556,1.11334,nan,0.267957,0.267019,0.269026,0.266734,0.269027,0.267019,0.269027,0.269026,0.266734,1,0,0.067739,0,0.00075958,-0.000538798,-0.00188956,-0.203214,0.00133434,0,0,0,-0.202745,-0.00336473,0.00600702,-0.0218802,0.00546004,10.1162,10.1162,0,12.9685
4.18,roll -10,-0.332757,0.0326368,-0.106849,-0.000566094,-0.174533,0,-0.209877,-0.00312722,0.00159281,99.4481,99.5881,103.567,1.11595,nan,0.268068,0.267284,0.268938,0.267039,0.268987,0.267284,0.268987,0.268938,0.267039,1,0,0.0676896,0,0.000780498,-0.000372014,-0.00158349,-0.203028,0.00120662,0,0,0,-0.207423,0.00910299,-0.00417159,0.100833,-0.0857654,10.1118,10.1127,0,13.0837
4.19,roll -10,-0.334857,0.0326604,-0.106906,-0.000606191,-0.174533,0,-0.209703,-0.00331525,0.00224178,99.4469,99.5869,103.579,1.11863,nan,0.268179,0.267716,0.268776,0.267856,0.268347,0.267716,0.268347,0.268776,0.267856,1,0,0.0676156,0,-0.00150953,-0.000547121,-0.000681339,-0.202845,0.00129755,0,0,0,-0.199623,-0.00590201,0.00987507,0.127163,-0.0930233,10.2204,10.2216,0,13.1999
4.2,roll -10,-0.336954,0.0326854,-0.106954,-0.00064367,-0.174533,0,-0.209621,-0.00358506,0.00230388,99.4457,99.5857,103.59,1.12139,nan,0.268292,0.268628,0.268021,0.269025,0.26747,0.268628,0.26747,0.268021,0.269025,1,0,0.0675698,0,-0.0025138,-0.000292796,0.000950014,-0.202686,0.0014413,0,0,0,-0.189757,0.00660608,0.00180695,0.0733617,0.0344793,10.1222,10.1225,0,13.3166
4.21,roll -10,-0.339051,0.0327135,-0.106997,-0.000617462,-0.174533,0,-0.209663,-0.00384598,0.00260037,99.4444,99.5844,103.601,1.12421,nan,0.268405,0.269401,0.2676,0.26933,0.267266,0.269401,0.267266,0.2676,0.26933,1,0,0.067538,0,-0.000700207,-0.000767028,0.00169846,-0.202588,0.00133917,0,0,0,-0.21023,0.00821936,-0.00459998,0.105991,-0.0135183,10.1401,10.1407,0,13.4331
4.22,roll -10,-0.341149,0.0327438,-0.10708,-0.000647495,-0.174533,0,-0.209707,-0.00415709,0.00207861,99.4431,99.5831,103.612,1.12707,nan,0.268519,0.269097,0.267885,0.269466,0.267605,0.269097,0.267605,0.267885,0.269466,1,0,0.0674603,0,-0.00172215,0.00016637,0.00135083,-0.202327,0.001421,0,0,0,-0.202945,0.00207218,0.00127719,0.128064,-0.0726919,10.1464,10.1475,0,13.5478
4.23,roll -10,-0.343248,0.0327799,-0.107133,-0.000630756,-0.174533,0,-0.209772,-0.00460082,0.000998032,99.4418,99.5818,103.624,1.12996,nan,0.268634,0.268217,0.269437,0.267823,0.269037,0.268217,0.269037,0.269437,0.267823,1,0,0.0674072,0,-1.5984e-05,-0.00150536,-0.00106983,-0.202177,0.00140214,0,0,0,-0.209046,0.00686411,-0.00450803,0.05297,0.0251096,10.2372,10.2374,0,13.6639
4.24,roll -10,-0.345347,0.0328187,-0.107192,-0.000636332,-0.174533,0,-0.209759,-0.00491416,0.00260514,99.4405,99.5805,103.635,1.1329,nan,0.26875,0.268461,0.269343,0.268533,0.268639,0.268461,0.268639,0.269343,0.268533,1,0,0.06734,0,-0.00205763,-0.00119617,-0.000434279,-0.202004,0.00142033,0,0,0,-0.211762,0.00427101,-0.00238338,0.0615449,0.0271712,10.2741,10.2744,0,13.7799
4.25,roll -10,-0.347445,0.0328567,-0.107239,-0.000611224,-0.174533,0,-0.209752,-0.00507168,0.00295022,99.4392,99.5792,103.646,1.13589,nan,0.268867,0.26949,0.26836,0.269439,0.268155,0.26949,0.268155,0.26836,0.269439,1,0,0.0672939,0,-0.000407954,-0.000484646,0.00106052,-0.201841,0.00135496,0,0,0,-0.196939,0.00911007,-0.000749249,0.0287336,0.0115356,10.2421,10.2421,0,13.8964
4.26,roll -10,-0.349545,0.0328947,-0.107298,-0.000616866,-0.174533,0,-0.20976,-0.00512466,0.00269461,99.4378,99.5778,103.658,1.13895,nan,0.268984,0.26897,0.268977,0.268964,0.269003,0.26897,0.269003,0.268977,0.268964,1,0,0.0672337,0,8.18604e-05,3.84616e-05,-2.01135e-05,-0.201668,0.00135683,0,0,0,-0.198374,0.0105204,-0.000748243,0.0763148,0.0144319,10.2207,10.221,0,14.0125
4.27,roll -10,-0.351643,0.0329344,-0.107333,-0.000594802,-0.174533,0,-0.209661,-0.00522179,0.00263895,99.4364,99.5764,103.669,1.14206,nan,0.269103,0.268437,0.269984,0.267959,0.270009,0.268437,0.270009,0.269984,0.267959,1,0,0.0671875,0,0.0013329,-0.00085866,-0.00158102,-0.201552,0.00129976,0,0,0,-0.19336,-0.000107579,-0.005414,-0.0136892,0.0232578,10.1946,10.1946,0,14.1297
4.28,roll -10,-0.353741,0.0329751,-0.107392,-0.000597206,-0.174533,0,-0.209539,-0.00534016,0.0029694,99.435,99.575,103.68,1.14524,nan,0.269222,0.268544,0.269741,0.268966,0.269615,0.268544,0.269615,0.269741,0.268966,1,0,0.067152,0,-0.00145294,0.000559236,-0.000811411,-0.201407,0.00130398,0,0,0,-0.213201,0.00769521,-0.00216098,0.0112812,0.111561,10.205,10.2057,0,14.2457
4.29,roll -10,-0.355837,0.0330143,-0.107454,-0.000596706,-0.174533,0,-0.209388,-0.00544796,0.00313257,99.4335,99.5735,103.692,1.14847,nan,0.269343,0.269184,0.26963,0.269013,0.269521,0.269184,0.269521,0.26963,0.269013,1,0,0.0670703,0,0.000165081,-0.000529353,-0.000419469,-0.201211,0.00127061,0,0,0,-0.2058,0.0117231,-0.00135261,0.123375,-0.00447375,10.2567,10.2574,0,14.3614
4.3,roll -10,-0.357931,0.0330568,-0.107513,-0.000562379,-0.174533,0,-0.209136,-0.00552437,0.00184213,99.432,99.572,103.703,1.15174,nan,0.269464,0.269437,0.269364,0.269331,0.2697,0.269437,0.2697,0.269364,0.269331,1,0,0.0670134,0,0.00117071,0.000434942,-0.000129989,-0.201022,0.00118313,0,0,0,-0.199203,0.00680054,0.00210894,0.0212068,-0.0531069,10.2434,10.2435,0,14.477
4.31,roll -10,-0.360022,0.0331028,-0.107552,-0.000547717,-0.174533,0,-0.208773,-0.00556422,0.00197896,99.4305,99.5705,103.715,1.15506,nan,0.269587,0.270194,0.269014,0.270669,0.268446,0.270194,0.268446,0.269014,0.270669,1,0,0.0669707,0,-0.00276626,-0.000177233,0.00149579,-0.200903,0.00113826,0,0,0,-0.196779,0.0149448,0.00167571,0.0753761,-0.0381322,10.1638,10.1641,0,14.5937
4.32,roll -10,-0.36211,0.0331493,-0.107609,-0.000518867,-0.174533,0,-0.20849,-0.00561399,0.00123854,99.429,99.569,103.727,1.15843,nan,0.26971,0.271601,0.268028,0.271154,0.268031,0.271601,0.268031,0.268028,0.271154,1,0,0.0669315,0,0.00119237,-0.000843151,0.00294298,-0.200752,0.00101735,0,0,0,-0.209986,0.00534817,-0.00825126,0.0875,0.106584,10.2329,10.2338,0,14.7091
4.33,roll -10,-0.364194,0.0331997,-0.107674,-0.000516021,-0.174533,0,-0.208138,-0.00556085,0.000628623,99.4275,99.5675,103.738,1.16186,nan,0.269834,0.269532,0.269865,0.269959,0.269955,0.269532,0.269955,0.269865,0.269959,1,0,0.0668602,0,-0.000894714,0.000978806,-0.000144245,-0.200551,0.00102311,0,0,0,-0.205581,0.00400781,-0.000230816,0.040321,-0.0528521,10.216,10.2162,0,14.8241
4.34,roll -10,-0.366275,0.033248,-0.107709,-0.000512617,-0.174533,0,-0.207879,-0.00556878,0.00167172,99.4259,99.5659,103.75,1.16534,nan,0.269959,0.269857,0.269911,0.27025,0.269792,0.269857,0.269792,0.269911,0.27025,1,0,0.0668103,0,-0.00135577,0.000518315,0.000177563,-0.200445,0.0010193,0,0,0,-0.206103,-0.00373671,0.000847782,-0.0240804,-0.0450435,10.3015,10.3016,0,14.9406
4.35,roll -10,-0.368354,0.0332941,-0.107765,-0.000466803,-0.174533,0,-0.207691,-0.00555559,0.00188535,99.4243,99.5643,103.761,1.16884,nan,0.270085,0.269981,0.270394,0.269474,0.270466,0.269981,0.270466,0.270394,0.269474,1,0,0.0667603,0,0.00153675,-0.000822956,-0.00061789,-0.20027,0.000888738,0,0,0,-0.201622,-0.00792815,0.00123148,-0.0357119,-0.0077561,10.2462,10.2462,0,15.0555
4.36,roll -10,-0.370431,0.0333373,-0.107803,-0.000427186,-0.174533,0,-0.207416,-0.00542068,0.00275435,99.4227,99.5627,103.773,1.17242,nan,0.270212,0.270227,0.270115,0.270203,0.270276,0.270227,0.270276,0.270115,0.270203,1,0,0.0667138,0,0.00049121,0.000259476,1.7038e-05,-0.200155,0.000765616,0,0,0,-0.201627,0.000895571,-0.00133399,0.0263231,-0.0330814,10.2957,10.2958,0,15.1713
4.37,roll -10,-0.372505,0.0333772,-0.107833,-0.00038972,-0.174533,0,-0.207154,-0.00519677,0.00259574,99.421,99.561,103.785,1.17604,nan,0.27034,0.27109,0.269937,0.27072,0.269585,0.27109,0.269585,0.269937,0.27072,1,0,0.0666816,0,4.86453e-05,-0.00136767,0.00100553,-0.200065,0.000666766,0,0,0,-0.200062,0.0125643,7.52031e-05,0.0200246,-0.0814534,10.2179,10.2182,0,15.2875
4.38,roll -10,-0.374577,0.033416,-0.10787,-0.000351874,-0.174533,0,-0.206903,-0.00490015,0.00232676,99.4194,99.5594,103.797,1.17972,nan,0.270468,0.269759,0.271074,0.26997,0.271044,0.269759,0.271044,0.271074,0.26997,1,0,0.0666602,0,-0.000637794,0.000342151,-0.00105006,-0.199944,0.00053222,0,0,0,-0.194339,-0.0100381,-0.00123811,-0.064126,-0.0524845,10.2493,10.2497,0,15.403
4.39,roll -10,-0.376646,0.0334504,-0.107902,-0.000307409,-0.174533,0,-0.206659,-0.0045494,0.0025771,99.4177,99.5577,103.808,1.18348,nan,0.270598,0.270346,0.271092,0.270228,0.270699,0.270346,0.270699,0.271092,0.270228,1,0,0.0666208,0,-0.000728572,-0.000968063,-0.000534706,-0.199853,0.00042058,0,0,0,-0.197081,0.00936017,-0.00194358,-0.0664869,0.0182478,10.2029,10.2031,0,15.5187
4.4,roll -10,-0.378713,0.0334828,-0.107934,-0.000317356,-0.174533,0,-0.206439,-0.00419329,0.00176574,99.4159,99.5559,103.82,1.1873,nan,0.270729,0.271179,0.270336,0.271169,0.270205,0.271179,0.270205,0.270336,0.271169,1,0,0.0665958,0,-0.000319842,-0.0002692,0.000794397,-0.199762,0.000411616,0,0,0,-0.200264,-0.000823289,0.00688856,-0.0159356,-0.0527557,10.1791,10.1793,0,15.6346
4.41,roll -10,-0.380777,0.0335131,-0.107988,-0.000292959,-0.174533,0,-0.206173,-0.00383562,0.00213693,99.4142,99.5542,103.832,1.19118,nan,0.27086,0.271972,0.269636,0.271669,0.270138,0.271972,0.270138,0.269636,0.271669,1,0,0.0665277,0,0.00213589,0.000378991,0.00169946,-0.199592,0.000346245,0,0,0,-0.194711,-0.00143923,-0.00240307,-0.0538178,-0.0351057,10.3182,10.3184,0,15.7489
4.42,roll -10,-0.382838,0.033539,-0.108013,-0.000287505,-0.174533,0,-0.20579,-0.003513,0.00252589,99.4124,99.5524,103.844,1.1951,nan,0.270993,0.270329,0.271541,0.27052,0.271554,0.270329,0.271554,0.271541,0.27052,1,0,0.0665134,0,-0.00047429,0.000386692,-0.00098744,-0.199501,0.000350998,0,0,0,-0.184414,0.00848499,0.000742623,-0.0543526,-0.056475,10.2175,10.2178,0,15.8648
4.43,roll -10,-0.384895,0.0335613,-0.108013,-0.000295571,-0.174533,0,-0.205385,-0.00330661,0.00197143,99.4106,99.5506,103.856,1.19906,nan,0.271126,0.271088,0.271142,0.271249,0.270998,0.271088,0.270998,0.271142,0.271249,1,0,0.0665098,0,-0.000809349,3.33685e-05,8.6498e-05,-0.199516,0.000326026,0,0,0,-0.194137,-0.00726799,0.0124702,0.0320534,0.0273268,10.314,10.3141,0,15.982
4.44,roll -10,-0.386949,0.033585,-0.108036,-0.000295247,-0.174533,0,-0.205026,-0.00322048,0.00190955,99.4088,99.5488,103.868,1.20307,nan,0.271261,0.27234,0.270058,0.272494,0.270123,0.27234,0.270123,0.270058,0.272494,1,0,0.0664847,0,-0.000234098,0.000414302,0.00204513,-0.199448,0.000362317,0,0,0,-0.194893,-0.000206934,0.0102116,-0.048293,0.0439495,10.254,10.2542,0,16.0975
4.45,roll -10,-0.388997,0.0336093,-0.108061,-0.000312397,-0.174533,0,-0.204403,-0.00323651,0.00173171,99.4069,99.5469,103.88,1.20715,nan,0.271397,0.27123,0.271422,0.272294,0.270614,0.27123,0.270614,0.271422,0.272294,1,0,0.0664631,0,-0.00496859,0.000485262,0.000653825,-0.199382,0.000433047,0,0,0,-0.200614,0.00296915,0.0120191,-0.0881256,0.0150571,10.2324,10.2328,0,16.2129
4.46,roll -10,-0.391039,0.0336331,-0.108079,-0.000312996,-0.174533,0,-0.203691,-0.00333236,0.00189416,99.4051,99.5451,103.892,1.21127,nan,0.271535,0.271733,0.271243,0.27203,0.271105,0.271733,0.271105,0.271243,0.27203,1,0,0.0664488,0,-0.00115358,0.000301344,0.000621673,-0.199326,0.00041361,0,0,0,-0.199472,0.000798391,-0.000954594,0.00146906,-0.0861287,10.2508,10.2511,0,16.3281
4.47,roll -10,-0.393073,0.0336579,-0.108067,-0.000325713,-0.174533,0,-0.202839,-0.00346459,0.00178433,99.4031,99.5431,103.904,1.21543,nan,0.271674,0.271744,0.271962,0.271489,0.271473,0.271744,0.271473,0.271962,0.271489,1,0,0.0664524,0,-0.000618695,-0.00141068,-8.85405e-05,-0.199353,0.000498954,0,0,0,-0.191428,0.0105923,-0.000684991,-0.109568,-0.0659349,10.3063,10.3071,0,16.4447
4.48,roll -10,-0.395098,0.0336828,-0.108051,-0.000358655,-0.174533,0,-0.20199,-0.0036009,0.00209861,99.4012,99.5412,103.917,1.21967,nan,0.271815,0.271099,0.272145,0.271935,0.272053,0.271099,0.272053,0.272145,0.271935,1,0,0.0664667,0,-0.00246208,0.00140897,-0.000511121,-0.199406,0.000523525,0,0,0,-0.196706,0.00331202,0.0064815,0.0929525,-0.1448,10.2482,10.2496,0,16.5612
4.49,roll -10,-0.397115,0.0337087,-0.108037,-0.000340735,-0.174533,0,-0.201252,-0.00378667,0.00214101,99.3992,99.5392,103.929,1.22395,nan,0.271958,0.271765,0.272282,0.272266,0.271491,0.271765,0.271491,0.272282,0.272266,1,0,0.0664883,0,-0.00342911,-0.000547501,0.000113217,-0.199451,0.000493776,0,0,0,-0.198864,5.77733e-05,0.0020222,0.0126055,0.00101245,10.3115,10.3115,0,16.6768
4.5,roll -10,-0.399126,0.0337352,-0.108003,-0.000300824,-0.174533,0,-0.20063,-0.00385798,0.00226141,99.3972,99.5372,103.941,1.22828,nan,0.272104,0.271747,0.272887,0.271539,0.272213,0.271747,0.272213,0.272887,0.271539,1,0,0.0665205,0,-0.00123663,-0.00167258,-0.000797198,-0.199541,0.000390331,0,0,0,-0.190392,0.00419165,0.00113244,-0.0182014,-0.0555679,10.2954,10.2956,0,16.793
4.51,roll -10,-0.401131,0.0337601,-0.107942,-0.000293249,-0.174533,0,-0.200183,-0.00370901,0.00272205,99.3952,99.5352,103.953,1.23263,nan,0.272251,0.270837,0.27352,0.271385,0.273233,0.270837,0.273233,0.27352,0.271385,1,0,0.0665743,0,-0.00221538,0.000495267,-0.00199118,-0.199724,0.000370745,0,0,0,-0.192171,0.00786952,-0.00773697,0.0159114,-0.1051,10.2696,10.2702,0,16.9106
4.52,roll -10,-0.403133,0.0337823,-0.107903,-0.000260748,-0.174533,0,-0.199879,-0.00370854,0.00324043,99.3932,99.5332,103.966,1.23701,nan,0.272401,0.272158,0.272639,0.272583,0.272193,0.272158,0.272193,0.272639,0.272583,1,0,0.066628,0,-0.00231264,-4.04319e-05,-4.03621e-05,-0.199834,0.000263199,0,0,0,-0.185555,-0.00981823,-0.000637394,-0.0504477,-0.0457328,10.3175,10.3178,0,17.0267
4.53,roll -10,-0.405132,0.0338046,-0.107854,-0.000232748,-0.174533,0,-0.199654,-0.00371769,0.00270954,99.3911,99.5311,103.978,1.24142,nan,0.272552,0.271112,0.273941,0.272155,0.272971,0.271112,0.272971,0.273941,0.272155,1,0,0.0666638,0,-0.0053405,0.00013897,-0.00160202,-0.199995,0.00018227,0,0,0,-0.196445,0.00525696,0.000546341,-0.0050742,-0.0011957,10.3027,10.3027,0,17.1432
4.54,roll -10,-0.40713,0.0338281,-0.107817,-0.000237587,-0.174533,0,-0.199597,-0.00369651,0.00266443,99.3889,99.5289,103.991,1.2459,nan,0.272706,0.272739,0.272832,0.27317,0.272052,0.272739,0.272052,0.272832,0.27317,1,0,0.0667031,0,-0.00321252,-0.000661645,0.000450752,-0.200096,0.000169823,0,0,0,-0.189406,-0.00573213,-0.00478813,0.00898633,-0.0531095,10.3657,10.3659,0,17.2591
4.55,roll -10,-0.409127,0.0338516,-0.107771,-0.00025557,-0.174533,0,-0.199697,-0.00366729,0.0030617,99.3868,99.5268,104.003,1.25047,nan,0.272861,0.27311,0.272831,0.27358,0.271893,0.27311,0.271893,0.272831,0.27358,1,0,0.0667496,0,-0.00373511,-0.000887585,0.000864167,-0.200233,0.000262072,0,0,0,-0.188639,0.0104038,-0.00184779,-0.0355196,-0.114648,10.2617,10.2624,0,17.3757
4.56,roll -10,-0.411126,0.0338761,-0.107729,-0.000244091,-0.174533,0,-0.199815,-0.00368782,0.00221437,99.3846,99.5246,104.016,1.25508,nan,0.273019,0.272157,0.273938,0.272475,0.273472,0.272157,0.273472,0.273938,0.272475,1,0,0.0667888,0,-0.00207766,-0.000281132,-0.00122149,-0.200365,0.000234009,0,0,0,-0.191556,0.00284765,0.00277906,-0.138417,-0.0500838,10.3114,10.3125,0,17.4919
4.57,roll -10,-0.413126,0.0339017,-0.107689,-0.000218974,-0.174533,0,-0.199931,-0.00375393,0.0019256,99.3824,99.5224,104.028,1.25973,nan,0.273178,0.273026,0.27364,0.273307,0.272706,0.273026,0.272706,0.27364,0.273307,1,0,0.0668317,0,-0.0032274,-0.001237,-5.82393e-06,-0.200475,0.00013147,0,0,0,-0.187166,0.00457733,0.00281774,-0.0256037,0.025859,10.3447,10.3447,0,17.608
4.58,roll -10,-0.415127,0.0339277,-0.107668,-0.000214595,-0.174533,0,-0.200069,-0.00372703,0.00191796,99.3802,99.5202,104.041,1.2644,nan,0.273339,0.273961,0.272884,0.274286,0.272192,0.273961,0.272192,0.272884,0.274286,1,0,0.0668531,0,-0.00269826,-0.000694368,0.00139401,-0.200553,8.91022e-05,0,0,0,-0.197113,-0.00412389,-0.00116601,0.0206133,0.0301723,10.3285,10.3285,0,17.7232
4.59,roll -10,-0.417129,0.033955,-0.107625,-0.000195264,-0.174533,0,-0.2002,-0.00364411,0.00153725,99.3779,99.5179,104.053,1.2691,nan,0.273502,0.273559,0.273573,0.273589,0.273253,0.273559,0.273253,0.273573,0.273589,1,0,0.0668959,0,-0.000929947,-0.00054816,0.000141139,-0.200677,3.74055e-05,0,0,0,-0.193727,0.00963515,0.00694985,0.0473956,-0.0167071,10.3389,10.339,0,17.8397
4.6,roll -10,-0.419133,0.0339822,-0.107597,-0.000200631,-0.174533,0,-0.200278,-0.0035112,0.00138944,99.3756,99.5156,104.066,1.27384,nan,0.273667,0.272816,0.274425,0.273644,0.273748,0.272816,0.273748,0.274425,0.273644,1,0,0.0669315,0,-0.00399238,0.000287205,-0.000752842,-0.200768,3.1542e-05,0,0,0,-0.197822,-0.00631913,0.00127554,0.0296336,0.00768356,10.4152,10.4152,0,17.9556
4.61,roll -10,-0.421137,0.0340079,-0.107556,-0.000206329,-0.174533,0,-0.200376,-0.00345339,0.0013481,99.3732,99.5132,104.079,1.27863,nan,0.273833,0.274291,0.273192,0.275102,0.272714,0.274291,0.272714,0.273192,0.275102,1,0,0.0669671,0,-0.00342189,0.000632416,0.00153233,-0.200885,8.04767e-05,0,0,0,-0.192391,0.00924443,0.00118071,-0.0171393,-0.0287794,10.3817,10.3817,0,18.0722
4.62,roll -10,-0.423142,0.0340365,-0.107523,-0.000220339,-0.174533,0,-0.200507,-0.00349757,0.00114477,99.3709,99.5109,104.092,1.28346,nan,0.274002,0.272836,0.275244,0.273252,0.27464,0.272836,0.27464,0.275244,0.273252,1,0,0.0669992,0,-0.00270578,-0.000356516,-0.00166861,-0.200983,9.84006e-05,0,0,0,-0.193363,0.00638691,0.0011741,0.0305742,-0.0603739,10.3908,10.391,0,18.1885
4.63,roll -10,-0.42515,0.0340616,-0.107497,-0.000260924,-0.174533,0,-0.20081,-0.00353006,0.00242522,99.3685,99.5085,104.105,1.28832,nan,0.274172,0.273337,0.274575,0.27446,0.274282,0.273337,0.274282,0.274575,0.27446,1,0,0.0670205,0,-0.00375468,0.00157231,-0.000465443,-0.201056,0.000209785,0,0,0,-0.188154,0.0032481,0.00193418,0.0917175,-0.0855067,10.3513,10.3521,0,18.3047
4.64,roll -10,-0.427161,0.0340838,-0.107481,-0.000205627,-0.174533,0,-0.201162,-0.00356557,0.00302316,99.366,99.506,104.117,1.29324,nan,0.274344,0.274972,0.274059,0.274817,0.273493,0.274972,0.273493,0.274059,0.274817,1,0,0.0670454,0,-0.00109048,-0.00136566,0.000983263,-0.20112,6.43012e-05,0,0,0,-0.201218,0.00545461,3.55268e-05,0.0398087,-0.0622878,10.3649,10.3651,0,18.4199
4.65,roll -10,-0.429175,0.034107,-0.107433,-0.000215397,-0.174533,0,-0.201438,-0.00347831,0.00184162,99.3635,99.5035,104.13,1.2982,nan,0.274518,0.27437,0.274746,0.274451,0.274469,0.27437,0.274469,0.274746,0.274451,1,0,0.0670916,0,-0.000952547,-0.000369919,-0.000173431,-0.201265,5.40657e-05,0,0,0,-0.200031,0.0067091,-0.0119768,0.133239,-0.139007,10.4608,10.4626,0,18.5375
4.66,roll -10,-0.431192,0.0341288,-0.107401,-0.000209219,-0.174533,0,-0.20176,-0.00332798,0.00285928,99.361,99.501,104.143,1.30322,nan,0.274693,0.274332,0.275022,0.275306,0.274079,0.274332,0.274079,0.275022,0.275306,1,0,0.0671236,0,-0.00508632,6.11024e-05,0.000236206,-0.201351,4.2582e-05,0,0,0,-0.194682,-0.00122185,-6.46619e-05,0.0638271,-0.0612255,10.3578,10.3582,0,18.6543
4.67,roll -10,-0.433213,0.0341464,-0.107378,-0.00022863,-0.174533,0,-0.2023,-0.00310399,0.00278649,99.3585,99.4985,104.156,1.30829,nan,0.27487,0.274388,0.275186,0.275258,0.274613,0.274388,0.274613,0.275186,0.275258,1,0,0.0671485,0,-0.00382657,0.000563472,-6.76709e-05,-0.201435,0.000111886,0,0,0,-0.203616,0.00244556,-0.00642063,0.0661716,-0.0846386,10.4138,10.4144,0,18.771
4.68,roll -10,-0.43524,0.0341642,-0.10738,-0.000213841,-0.174533,0,-0.202872,-0.00294575,0.00209898,99.3559,99.4959,104.17,1.31341,nan,0.275048,0.274972,0.275012,0.275716,0.274458,0.274972,0.274458,0.275012,0.275716,1,0,0.067152,0,-0.0034425,0.0003615,0.000535264,-0.201413,7.55286e-05,0,0,0,-0.193699,0.00386215,0.00710503,0.0482674,-0.126994,10.3914,10.3923,0,18.8863
4.69,roll -10,-0.437273,0.0341809,-0.107374,-0.000238612,-0.174533,0,-0.203582,-0.00288749,0.00228865,99.3533,99.4933,104.183,1.31862,nan,0.275227,0.276085,0.274707,0.275916,0.274166,0.276085,0.274166,0.274707,0.275916,1,0,0.067152,0,-0.000983084,-0.0013456,0.00137503,-0.201452,0.000151099,0,0,0,-0.206633,0.00818104,-0.00810478,0.0521341,-0.0960427,10.3977,10.3983,0,19.0028
4.7,roll -10,-0.439313,0.0341989,-0.107374,-0.000218915,-0.174533,0,-0.204253,-0.00288378,0.00197951,99.3506,99.4906,104.196,1.32386,nan,0.275408,0.275217,0.27559,0.275332,0.275454,0.275217,0.275454,0.27559,0.275332,1,0,0.0671485,0,-0.000666038,-3.98372e-05,-0.000217492,-0.201449,7.65267e-05,0,0,0,-0.205595,0.00163336,-0.00193638,0.072151,-0.0676187,10.3515,10.3519,0,19.1189
4.71,roll -10,-0.44136,0.0342174,-0.107415,-0.000202344,-0.174533,0,-0.204887,-0.00297448,0.00162144,99.3479,99.4879,104.209,1.32916,nan,0.275589,0.274393,0.27671,0.274729,0.276487,0.274393,0.276487,0.27671,0.274729,1,0,0.067113,0,-0.00148215,0.000213007,-0.00179111,-0.201321,5.77739e-05,0,0,0,-0.202387,-0.00477358,0.000833168,-0.0673961,-0.11629,10.383,10.3839,0,19.2332
4.72,roll -10,-0.443412,0.0342367,-0.10742,-0.000208973,-0.174533,0,-0.205408,-0.00304573,0.00198521,99.3452,99.4852,104.222,1.33451,nan,0.275771,0.277618,0.274065,0.277859,0.273504,0.277618,0.273504,0.274065,0.277859,1,0,0.067113,0,-0.00212525,-0.000607249,0.00347589,-0.201318,3.09004e-05,0,0,0,-0.209957,-0.00662736,-0.00523324,0.0521962,-0.100897,10.4309,10.4315,0,19.35
4.73,roll -10,-0.44547,0.0342577,-0.107443,-0.000266853,-0.174533,0,-0.205937,-0.00308254,0.00209651,99.3424,99.4824,104.236,1.33991,nan,0.275954,0.276415,0.27522,0.276746,0.275396,0.276415,0.275396,0.27522,0.276746,1,0,0.0670916,0,-0.000409132,0.000960637,0.00111868,-0.201255,0.000206076,0,0,0,-0.214724,-0.00705657,-0.00166048,0.0724991,-0.203033,10.4008,10.4031,0,19.4664
4.74,roll -10,-0.447533,0.0342767,-0.107481,-0.000261312,-0.174533,0,-0.206411,-0.00323425,0.00247627,99.3396,99.4796,104.249,1.34537,nan,0.276138,0.277442,0.27445,0.277109,0.275511,0.277442,0.275511,0.27445,0.277109,1,0,0.067049,0,0.00369831,0.00137928,0.00201737,-0.201129,0.000188884,0,0,0,-0.206442,-0.0173476,-0.0022316,0.0246977,-0.246657,10.4419,10.4448,0,19.5819
4.75,roll -10,-0.449599,0.0342993,-0.107519,-0.000235972,-0.174533,0,-0.206623,-0.00343494,0.00101034,99.3368,99.4768,104.263,1.3509,nan,0.276323,0.276168,0.276612,0.275298,0.277176,0.276168,0.277176,0.276612,0.275298,1,0,0.0670098,0,0.00380296,-0.00058033,-0.00102111,-0.201011,0.000140324,0,0,0,-0.203497,0.00149507,0.00600605,0.0442357,-0.225588,10.3899,10.3924,0,19.6974
4.76,roll -10,-0.451666,0.0343227,-0.107547,-0.00019342,-0.174533,0,-0.206602,-0.00354952,0.00200244,99.3339,99.4739,104.276,1.35648,nan,0.276509,0.276412,0.276556,0.27669,0.27634,0.276412,0.27634,0.276556,0.27669,1,0,0.0669742,0,-0.00130925,0.000116617,9.01435e-05,-0.200927,4.4612e-05,0,0,0,-0.204158,0.00273829,-0.00280114,-0.0178758,-0.214584,10.4261,10.4284,0,19.8135
4.77,roll -10,-0.453733,0.0343468,-0.107577,-0.000149838,-0.174533,0,-0.206611,-0.00358274,0.00163395,99.331,99.471,104.29,1.3621,nan,0.276697,0.277939,0.275594,0.277462,0.275754,0.277939,0.275754,0.275594,0.277462,1,0,0.0669422,0,0.00169189,-0.000600249,0.00178127,-0.200836,-8.16625e-05,0,0,0,-0.202679,0.000861709,0.00560157,-0.0596224,-0.27312,10.5168,10.5205,0,19.9295
4.78,roll -10,-0.4558,0.034373,-0.107594,-0.00014499,-0.174533,0,-0.206491,-0.00345882,0.00125829,99.3281,99.4681,104.304,1.36778,nan,0.276885,0.277081,0.276359,0.277634,0.27643,0.277081,0.27643,0.276359,0.277634,1,0,0.0669315,0,-0.00127645,0.00118332,0.000846054,-0.200781,-0.000117528,0,0,0,-0.198927,-0.00728362,0.00397224,-0.060233,-0.220792,10.4823,10.4848,0,20.0464
4.79,roll -10,-0.457865,0.0343984,-0.107623,-0.000105271,-0.174533,0,-0.206379,-0.00335395,0.00143384,99.3251,99.4651,104.317,1.37353,nan,0.277075,0.277111,0.27707,0.277332,0.276749,0.277111,0.276749,0.27707,0.277332,1,0,0.066903,0,-0.00143628,-0.000190307,0.000274038,-0.200693,-0.000254148,0,0,0,-0.199534,-0.00287018,0.0033478,0.0342888,-0.21964,10.5397,10.5421,0,20.1624
4.8,roll -10,-0.459929,0.0344214,-0.107666,-0.000143118,-0.174533,0,-0.206278,-0.00313847,0.00110994,99.3221,99.4621,104.331,1.37935,nan,0.277267,0.276603,0.277414,0.276991,0.27802,0.276603,0.27802,0.277414,0.276991,1,0,0.0668566,0,0.00057678,0.00188242,-0.00080905,-0.200573,-0.000149147,0,0,0,-0.205425,-0.01996,0.00142132,-0.0162459,-0.16612,10.5254,10.5267,0,20.2779
4.81,roll -10,-0.461992,0.0344417,-0.107687,-8.14505e-05,-0.174533,0,-0.206055,-0.00301449,0.00223805,99.319,99.459,104.345,1.38525,nan,0.277459,0.277302,0.277516,0.277609,0.277371,0.277302,0.277371,0.277516,0.277609,1,0,0.0668424,0,-0.00119888,0.000306365,1.06004e-05,-0.200501,-0.000277521,0,0,0,-0.200148,0.00100406,0.0041334,-0.0583233,-0.161077,10.4715,10.4729,0,20.3941
4.82,roll -10,-0.464052,0.0344587,-0.10771,-8.88176e-05,-0.174533,0,-0.205779,-0.00298133,0.00175173,99.3159,99.4559,104.359,1.3912,nan,0.277653,0.277304,0.27776,0.277682,0.277827,0.277304,0.277827,0.27776,0.277682,1,0,0.0668067,0,-0.000824512,0.000842226,-0.000264423,-0.20043,-0.000254397,0,0,0,-0.197835,-0.00206167,0.0010301,-0.0960573,-0.167781,10.4235,10.4253,0,20.5103
4.83,roll -10,-0.466109,0.0344779,-0.107722,-7.07709e-05,-0.174533,0,-0.205383,-0.00306266,0.00178613,99.3127,99.4527,104.373,1.39721,nan,0.277848,0.277699,0.277513,0.278413,0.277729,0.277699,0.277729,0.277513,0.278413,1,0,0.0667888,0,-0.00132001,0.0017605,0.000382615,-0.200391,-0.000331396,0,0,0,-0.19632,0.00953793,0.00757972,0.034112,-0.159984,10.4934,10.4947,0,20.6269
4.84,roll -10,-0.468163,0.0344968,-0.107744,-4.88641e-05,-0.174533,0,-0.205006,-0.00312313,0.0017533,99.3096,99.4496,104.387,1.40331,nan,0.278045,0.278942,0.277186,0.279444,0.276567,0.278942,0.276567,0.277186,0.279444,1,0,0.0667746,0,-0.00297601,-0.000221672,0.00203667,-0.20033,-0.000387251,0,0,0,-0.198776,-0.0136406,0.00529952,-0.0826825,-0.146267,10.376,10.3773,0,20.7427
4.85,roll -10,-0.470212,0.0345178,-0.107765,-4.02494e-05,-0.174533,0,-0.204557,-0.00304996,0.00201542,99.3063,99.4463,104.401,1.40946,nan,0.278242,0.277836,0.278569,0.277793,0.278732,0.277836,0.278732,0.278569,0.277793,1,0,0.0667567,0,0.000544302,0.000226782,-0.000734987,-0.200259,-0.000418016,0,0,0,-0.193787,-0.0086842,0.0098227,-0.031397,-0.142024,10.541,10.542,0,20.8584
4.86,roll -10,-0.472256,0.0345356,-0.107763,-3.07217e-05,-0.174533,0,-0.204094,-0.00286297,0.00166585,99.3031,99.4431,104.415,1.4157,nan,0.278442,0.278844,0.277941,0.279493,0.277448,0.278844,0.277448,0.277941,0.279493,1,0,0.0667531,0,-0.00302883,0.000295654,0.0012959,-0.200277,-0.000422839,0,0,0,-0.201619,0.0158797,0.00406692,0.01134,-0.0856953,10.5881,10.5884,0,20.9751
4.87,roll -10,-0.474296,0.0345543,-0.107788,-2.93029e-05,-0.174533,0,-0.203693,-0.00266897,0.00160578,99.2998,99.4398,104.429,1.42203,nan,0.278642,0.279098,0.277853,0.279328,0.278248,0.279098,0.278248,0.277853,0.279328,1,0,0.0667424,0,0.000435711,0.00118494,0.00102198,-0.200212,-0.000430482,0,0,0,-0.208101,-0.00254813,0.00392139,-0.0464636,-0.0471167,10.5664,10.5667,0,21.0901
4.88,roll -10,-0.476331,0.0345738,-0.107799,2.12541e-06,-0.174533,0,-0.203219,-0.00263459,0.00015112,99.2964,99.4364,104.443,1.42841,nan,0.278844,0.277929,0.279764,0.278478,0.279163,0.277929,0.279163,0.279764,0.278478,1,0,0.0667174,0,-0.00305021,-9.60536e-05,-0.00110763,-0.200174,-0.000525578,0,0,0,-0.204607,0.00903544,0.00887617,0.0324363,-0.167708,10.6056,10.607,0,21.2055
4.89,roll -10,-0.478362,0.0345932,-0.107789,3.81821e-05,-0.174533,0,-0.202896,-0.00265031,0.00158152,99.2931,99.4331,104.458,1.43488,nan,0.279047,0.279858,0.278184,0.280308,0.277796,0.279858,0.277796,0.278184,0.280308,1,0,0.0667281,0,-0.00222383,0.00011901,0.00184024,-0.200186,-0.000648992,0,0,0,-0.193072,0.00783206,0.00533353,0.0902329,-0.0862604,10.5788,10.5795,0,21.3218
4.9,roll -10,-0.480391,0.0346132,-0.107788,4.79596e-05,-0.174533,0,-0.202663,-0.00273678,0.000947772,99.2896,99.4296,104.472,1.44141,nan,0.279251,0.279536,0.278892,0.280283,0.278251,0.279536,0.278251,0.278892,0.280283,1,0,0.0667353,0,-0.00368033,0.00019871,0.00117601,-0.200186,-0.000662386,0,0,0,-0.190805,0.00113651,0.0100592,0.00665077,-0.135625,10.559,10.5599,0,21.4376
4.91,roll -10,-0.482417,0.0346357,-0.107787,6.8975e-05,-0.174533,0,-0.202551,-0.00292154,0.0007102,99.2862,99.4262,104.486,1.448,nan,0.279456,0.278044,0.281131,0.277495,0.281115,0.278044,0.281115,0.281131,0.277495,1,0,0.0667424,0,0.00141313,-0.00107084,-0.00294827,-0.200206,-0.000753755,0,0,0,-0.200809,6.31732e-05,0.00272728,0.120834,-0.079719,10.5592,10.5602,0,21.5532
4.92,roll -10,-0.484444,0.0346549,-0.10777,7.84466e-05,-0.174533,0,-0.202499,-0.00304269,0.00245266,99.2827,99.4227,104.501,1.45463,nan,0.279663,0.280245,0.27916,0.280471,0.278735,0.280245,0.278735,0.27916,0.280471,1,0,0.0667567,0,-0.00172618,-0.000375561,0.00124026,-0.200253,-0.000742377,0,0,0,-0.198684,0.00778958,0.00401569,0.0646572,-0.175272,10.4834,10.4851,0,21.6698
4.93,roll -10,-0.48647,0.034673,-0.107736,0.00011362,-0.174533,0,-0.202512,-0.0031149,0.00169584,99.2791,99.4191,104.516,1.46131,nan,0.279872,0.280048,0.279811,0.279999,0.279587,0.280048,0.279587,0.279811,0.279999,1,0,0.066796,0,-0.000462071,-0.000517914,0.000285122,-0.200355,-0.000880401,0,0,0,-0.200051,-0.0049886,-0.000429586,0.068824,-0.222595,10.4481,10.4507,0,21.7872
4.94,roll -10,-0.488495,0.0346922,-0.107735,0.000117009,-0.174533,0,-0.20228,-0.00317009,0.0021388,99.2755,99.4155,104.53,1.46803,nan,0.280083,0.27994,0.280246,0.280396,0.279707,0.27994,0.279707,0.280246,0.280396,1,0,0.0667853,0,-0.0026394,-0.000157854,0.000167893,-0.200355,-0.000900697,0,0,0,-0.197542,-0.00639376,-0.00584752,0.0929256,-0.239156,10.628,10.6311,0,21.9028
4.95,roll -10,-0.490517,0.0347113,-0.107739,0.00014704,-0.174533,0,-0.201726,-0.00325542,0.00164058,99.2719,99.4119,104.545,1.47484,nan,0.280296,0.280392,0.279998,0.280679,0.280073,0.280392,0.280073,0.279998,0.280679,1,0,0.0667853,0,-0.000563442,0.000684567,0.000439251,-0.200359,-0.000972795,0,0,0,-0.209405,-0.00312562,0.00248357,0.0259363,-0.336607,10.574,10.5794,0,22.0178
4.96,roll -10,-0.492532,0.034733,-0.107712,0.000147387,-0.174533,0,-0.201118,-0.00333675,0.00133238,99.2682,99.4082,104.56,1.48172,nan,0.280513,0.278954,0.281938,0.2797,0.281414,0.278954,0.281414,0.281938,0.2797,1,0,0.0668103,0,-0.00337094,0.000421556,-0.00206516,-0.200422,-0.00096518,0,0,0,-0.197303,0.00330528,-0.0045129,0.0298727,-0.232199,10.5986,10.6012,0,22.1344
4.97,roll -10,-0.494542,0.0347525,-0.107679,0.000134487,-0.174533,0,-0.200671,-0.00340341,0.00193677,99.2645,99.4045,104.574,1.48864,nan,0.280733,0.280302,0.28077,0.280467,0.281348,0.280302,0.281348,0.28077,0.280467,1,0,0.0668459,0,0.00109556,0.00140896,-0.000592889,-0.200532,-0.000909792,0,0,0,-0.204531,-0.00121379,0.00561488,-0.0370524,-0.257684,10.6136,10.6168,0,22.2512
4.98,roll -10,-0.496548,0.0347718,-0.107662,0.000160264,-0.174533,0,-0.200208,-0.00338572,0.00194445,99.2608,99.4008,104.589,1.49562,nan,0.280956,0.280702,0.28101,0.280846,0.28122,0.280702,0.28122,0.28101,0.280846,1,0,0.0668673,0,0.000175907,0.000669554,-0.000299735,-0.200571,-0.000946736,0,0,0,-0.193442,5.20919e-05,-0.00151733,-0.158816,-0.234394,10.5626,10.5664,0,22.3665
4.99,roll -10,-0.498548,0.0347925,-0.107604,0.00023372,-0.174533,0,-0.199654,-0.00324413,0.00178024,99.257,99.397,104.604,1.50263,nan,0.281183,0.280957,0.281146,0.281558,0.281024,0.280957,0.281024,0.281146,0.281558,1,0,0.0669279,0,-0.00192074,0.000907006,0.000151377,-0.200736,-0.00119147,0,0,0,-0.189176,0.00033758,-0.00317331,-0.0764844,-0.221697,10.5524,10.555,0,22.4837
5,roll -10,-0.500544,0.0348109,-0.107569,0.000268279,-0.174533,0,-0.199205,-0.00322189,0.00237982,99.2531,99.3931,104.619,1.50967,nan,0.281413,0.280164,0.282637,0.281024,0.28178,0.280164,0.28178,0.282637,0.281024,1,0,0.0669636,0,-0.00455547,6.71939e-06,-0.00141894,-0.200855,-0.00127976,0,0,0,-0.198571,0.00408942,-0.0126474,-0.0851146,-0.232503,10.5998,10.6027,0,22.5995
5.01,roll -10,-0.502535,0.0348289,-0.107528,0.000335598,-0.174533,0,-0.198809,-0.00306153,0.0010234,99.2492,99.3892,104.635,1.51676,nan,0.281646,0.281654,0.281642,0.282125,0.281116,0.281654,0.281116,0.281642,0.282125,1,0,0.0669992,0,-0.00264245,-0.000104763,0.000448718,-0.200968,-0.00150601,0,0,0,-0.192509,0.00591773,-0.000558067,-0.0555605,-0.175292,10.5532,10.5548,0,22.7151
5.02,roll -10,-0.504522,0.0348491,-0.107484,0.00033881,-0.174533,0,-0.19847,-0.00286951,0.00189972,99.2453,99.3853,104.65,1.52389,nan,0.281882,0.281271,0.282532,0.281689,0.281989,0.281271,0.281989,0.282532,0.281689,1,0,0.0670419,0,-0.0025472,-0.000236421,-0.000685955,-0.201106,-0.00147586,0,0,0,-0.194854,0.0118948,-0.00041433,-0.128205,-0.215972,10.6379,10.6408,0,22.8311
5.03,roll -10,-0.506507,0.0348615,-0.107421,0.000337574,-0.174533,0,-0.198183,-0.00279718,0.00343422,99.2413,99.3813,104.665,1.53105,nan,0.282122,0.282228,0.282007,0.282997,0.281206,0.282228,0.281206,0.282007,0.282997,1,0,0.0671023,0,-0.00416439,-6.11173e-05,0.000884587,-0.201281,-0.00154807,0,0,0,-0.185946,0.00585173,-0.00511481,0.0841381,-0.0619739,10.5771,10.5777,0,22.948
5.04,roll -10,-0.508489,0.0348709,-0.107384,0.000369255,-0.174533,0,-0.198026,-0.0026967,0.0023947,99.2372,99.3772,104.68,1.53823,nan,0.282364,0.284098,0.28061,0.28404,0.280659,0.284098,0.280659,0.28061,0.28404,1,0,0.067152,0,0.000285332,-1.7908e-05,0.00301855,-0.20141,-0.00163712,0,0,0,-0.19942,0.00949494,-0.00941019,0.0218931,-0.165361,10.5826,10.5839,0,23.0631
5.05,roll -10,-0.51047,0.0348862,-0.107347,0.000393648,-0.174533,0,-0.197821,-0.00257923,0.000605169,99.2331,99.3731,104.696,1.54543,nan,0.282609,0.280349,0.284566,0.281419,0.284054,0.280349,0.284054,0.284566,0.281419,1,0,0.0671769,0,-0.00419683,0.00105624,-0.00301117,-0.201513,-0.00174318,0,0,0,-0.194593,-0.00723881,0.00254578,0.0652362,-0.190635,10.5784,10.5804,0,23.1782
5.06,roll -10,-0.512448,0.0349037,-0.107267,0.000406193,-0.174533,0,-0.19778,-0.00252612,0.000375556,99.229,99.369,104.711,1.55267,nan,0.282858,0.282155,0.283911,0.282119,0.283196,0.282155,0.283196,0.283911,0.282119,1,0,0.0672514,0,-0.0017994,-0.00142138,-0.0012452,-0.201752,-0.0017658,0,0,0,-0.193313,0.000290809,0.00370143,0.0728026,-0.198304,10.4846,10.4868,0,23.2957
5.07,roll -10,-0.514427,0.0349221,-0.107205,0.000425651,-0.174533,0,-0.197827,-0.00238939,0.000419277,99.2248,99.3648,104.727,1.55993,nan,0.283109,0.282013,0.284056,0.282755,0.283561,0.282013,0.283561,0.284056,0.282755,1,0,0.0673294,0,-0.00328218,0.000466217,-0.0012521,-0.201952,-0.00180268,0,0,0,-0.203785,-0.00980505,0.00389212,0.0193595,-0.305158,10.5934,10.5978,0,23.4121
5.08,roll -10,-0.516406,0.0349359,-0.107159,0.000431219,-0.174533,0,-0.197954,-0.0022905,0.00160948,99.2206,99.3606,104.743,1.56724,nan,0.283363,0.282503,0.28403,0.282991,0.283877,0.282503,0.283877,0.28403,0.282991,1,0,0.0673789,0,-0.0016982,0.000634318,-0.00106041,-0.202082,-0.00178947,0,0,0,-0.198401,-0.00343951,-0.00414429,-0.0390893,-0.341347,10.5652,10.5708,0,23.5278
5.09,roll -10,-0.518387,0.0349471,-0.1071,0.000466237,-0.174533,0,-0.198033,-0.00228339,0.00209105,99.2163,99.3563,104.758,1.5746,nan,0.28362,0.284057,0.282913,0.28526,0.282198,0.284057,0.282198,0.282913,0.28526,1,0,0.067432,0,-0.00509089,0.000924559,0.00184853,-0.202262,-0.00188169,0,0,0,-0.199239,-0.00929591,0.00284649,-0.0931279,-0.288221,10.6809,10.6852,0,23.6441
5.1,roll -10,-0.520369,0.0349581,-0.107057,0.000497618,-0.174533,0,-0.198128,-0.00225578,0.0017306,99.2119,99.3519,104.774,1.58202,nan,0.28388,0.282699,0.284757,0.28307,0.28494,0.282699,0.28494,0.284757,0.28307,1,0,0.0674673,0,-0.000499573,0.00104777,-0.00172654,-0.202382,-0.00193128,0,0,0,-0.190943,-0.00556154,0.00196188,-0.183903,-0.224161,10.5944,10.5983,0,23.7595
5.11,roll -10,-0.522352,0.0349671,-0.106985,0.000508537,-0.174533,0,-0.198252,-0.00230666,0.00188872,99.2076,99.3476,104.79,1.58947,nan,0.284142,0.283033,0.285303,0.283677,0.284504,0.283033,0.284504,0.285303,0.283677,1,0,0.0675486,0,-0.00383001,-0.000293647,-0.00136135,-0.202591,-0.00197881,0,0,0,-0.188229,-0.00620583,-0.0034132,-0.108716,-0.272371,10.602,10.606,0,23.8768
5.12,roll -10,-0.524336,0.0349757,-0.106935,0.000535913,-0.174533,0,-0.198429,-0.00235585,0.00301412,99.2031,99.3431,104.806,1.59696,nan,0.284408,0.283272,0.285337,0.283958,0.285011,0.283272,0.285011,0.285337,0.283958,1,0,0.0676015,0,-0.00268649,0.000680592,-0.00137016,-0.202759,-0.0020868,0,0,0,-0.202718,-0.0058042,0.00338805,-0.00824705,-0.142315,10.5432,10.5441,0,23.9928
5.13,roll -10,-0.526323,0.0349812,-0.10687,0.000541648,-0.174533,0,-0.198643,-0.00227962,0.00289871,99.1986,99.3386,104.822,1.60449,nan,0.284677,0.283597,0.285937,0.284177,0.284942,0.283597,0.284942,0.285937,0.284177,1,0,0.0676579,0,-0.00417943,-0.000784468,-0.00136463,-0.202921,-0.00210659,0,0,0,-0.180668,-0.0033949,0.00695172,0.0360618,-0.155967,10.5779,10.5791,0,24.11
5.14,roll -10,-0.528312,0.0349858,-0.106802,0.000594876,-0.174533,0,-0.198896,-0.00215705,0.00247668,99.1941,99.3341,104.838,1.61205,nan,0.284949,0.285724,0.284435,0.286016,0.283564,0.285724,0.283564,0.284435,0.286016,1,0,0.0677284,0,-0.00308556,-0.00109904,0.00164434,-0.203132,-0.00225975,0,0,0,-0.184522,0.000649072,0.00411882,0.00548669,-0.208585,10.6346,10.6366,0,24.2272
5.15,roll -10,-0.530303,0.0349911,-0.106756,0.000594042,-0.174533,0,-0.199243,-0.00201447,0.00272747,99.1894,99.3294,104.854,1.61967,nan,0.285223,0.287075,0.283474,0.286951,0.283338,0.287075,0.283338,0.283474,0.286951,1,0,0.0677812,0,-3.14111e-05,-0.000493337,0.00317131,-0.203279,-0.00229103,0,0,0,-0.189238,0.00120013,-0.00896964,0.110571,-0.165457,10.5541,10.556,0,24.3435
5.16,roll -10,-0.532298,0.0349969,-0.106714,0.000600788,-0.174533,0,-0.199571,-0.00185049,0.00184095,99.1848,99.3248,104.87,1.62732,nan,0.285501,0.284891,0.286537,0.285154,0.285367,0.284891,0.285367,0.286537,0.285154,1,0,0.0678199,0,-0.00379778,-0.00171973,-0.00081696,-0.203421,-0.00228873,0,0,0,-0.200508,0.00825779,-0.00532398,0.0252244,-0.268714,10.6383,10.6417,0,24.4598
5.17,roll -10,-0.534296,0.0350022,-0.1067,0.000633333,-0.174533,0,-0.199837,-0.00166905,0.00188,99.1801,99.3201,104.887,1.63499,nan,0.285782,0.285287,0.286306,0.286095,0.285383,0.285287,0.285383,0.286306,0.286095,1,0,0.0678339,0,-0.00459432,-0.000219193,-0.00013499,-0.20347,-0.00236977,0,0,0,-0.205197,0.00663254,0.00804836,-0.035069,-0.210252,10.6257,10.6278,0,24.5745
5.18,roll -10,-0.536297,0.0350072,-0.106675,0.000633356,-0.174533,0,-0.200157,-0.00155705,0.00128228,99.1753,99.3153,104.903,1.6427,nan,0.286066,0.286015,0.28607,0.286753,0.285368,0.286015,0.285368,0.28607,0.286753,1,0,0.067855,0,-0.00381761,6.71913e-05,0.000584649,-0.203531,-0.00235613,0,0,0,-0.195122,-0.00240121,-0.0114036,-0.0821724,-0.421521,10.7063,10.7149,0,24.6902
5.19,roll -10,-0.538301,0.0350132,-0.106642,0.000621336,-0.174533,0,-0.200447,-0.00151737,0.00189789,99.1704,99.3104,104.919,1.65045,nan,0.286352,0.286169,0.286516,0.286697,0.28597,0.286169,0.28597,0.286516,0.286697,1,0,0.0678831,0,-0.00284676,-3.49456e-05,0.000167376,-0.20362,-0.00236674,0,0,0,-0.190878,-0.0080564,0.00971187,0.00792251,-0.253214,10.6392,10.6422,0,24.8065
5.2,roll -10,-0.540307,0.035017,-0.106614,0.000648894,-0.174533,0,-0.200673,-0.0015301,0.00120736,99.1656,99.3056,104.936,1.65822,nan,0.286642,0.284967,0.288098,0.285447,0.287998,0.284967,0.287998,0.288098,0.285447,1,0,0.0679147,0,-0.00153666,0.000718466,-0.00249745,-0.203708,-0.00240499,0,0,0,-0.191089,0.00227355,0.00874335,-0.0708331,-0.214387,10.5304,10.5328,0,24.9226
5.21,roll -10,-0.542316,0.0350213,-0.106601,0.000704268,-0.174533,0,-0.200932,-0.00159971,0.00197996,99.1606,99.3006,104.953,1.66597,nan,0.286935,0.285863,0.288066,0.286226,0.287525,0.285863,0.287525,0.288066,0.286226,1,0,0.0679393,0,-0.002399,-0.000338103,-0.00153945,-0.20376,-0.00257719,0,0,0,-0.201334,0.00133406,-0.000431549,-0.0473773,-0.261249,10.6479,10.6512,0,25.0378
5.22,roll -10,-0.544327,0.035023,-0.106554,0.000755098,-0.174533,0,-0.201246,-0.00161229,0.00208853,99.1556,99.2956,104.969,1.67376,nan,0.28723,0.286083,0.288842,0.28622,0.287716,0.286083,0.287716,0.288842,0.28622,1,0,0.0679814,0,-0.00335276,-0.0018745,-0.00187013,-0.203887,-0.00272077,0,0,0,-0.190861,0.000533891,-0.00318392,-0.0612482,-0.235116,10.6295,10.6322,0,25.1551
5.23,roll -10,-0.546342,0.0350242,-0.106536,0.000779722,-0.174533,0,-0.201481,-0.00157794,0.00241491,99.1505,99.2905,104.986,1.68156,nan,0.287528,0.287843,0.287654,0.287962,0.286594,0.287843,0.286594,0.287654,0.287962,1,0,0.0679955,0,-0.00312899,-0.00178472,0.000684569,-0.203944,-0.00284232,0,0,0,-0.194641,-0.00597233,0.000777426,0.0482469,-0.284259,10.6906,10.6945,0,25.271
5.24,roll -10,-0.548359,0.0350262,-0.106509,0.000735173,-0.174533,0,-0.201723,-0.00146394,0.00205003,99.1454,99.2854,105.003,1.68939,nan,0.28783,0.286906,0.288502,0.287595,0.288256,0.286906,0.288256,0.288502,0.287595,1,0,0.06802,0,-0.00247803,0.000839188,-0.000991924,-0.204034,-0.00272885,0,0,0,-0.198488,-0.0120601,0.000486698,0.0706764,-0.326749,10.6675,10.6727,0,25.388
5.25,roll -10,-0.550379,0.0350259,-0.106477,0.000726566,-0.174533,0,-0.202168,-0.0013917,0.00230145,99.1402,99.2802,105.02,1.69726,nan,0.288133,0.287298,0.289086,0.287821,0.288268,0.287298,0.288268,0.289086,0.287821,1,0,0.068048,0,-0.00355768,-0.000556811,-0.000982451,-0.204125,-0.00263409,0,0,0,-0.195349,-0.00285763,0.00194497,-0.0727412,-0.315551,10.7281,10.733,0,25.5053
5.26,roll -10,-0.552405,0.0350231,-0.106484,0.000727371,-0.174533,0,-0.202854,-0.00134138,0.00227643,99.135,99.275,105.037,1.70516,nan,0.288439,0.288662,0.288294,0.288398,0.288342,0.288662,0.288342,0.288294,0.288398,1,0,0.0680445,0,0.000826526,-0.000409552,0.000185944,-0.204108,-0.00266133,0,0,0,-0.19943,-0.00881808,0.00687247,-0.0426464,-0.329589,10.7067,10.7118,0,25.6205
5.27,roll -10,-0.554437,0.0350255,-0.106494,0.000748567,-0.174533,0,-0.203377,-0.00118484,0.000823514,99.1296,99.2696,105.054,1.71313,nan,0.288747,0.288293,0.289124,0.288732,0.288778,0.288293,0.288778,0.289124,0.288732,1,0,0.0680305,0,-0.0020824,0.0001777,-0.00038555,-0.204067,-0.00270621,0,0,0,-0.191106,-0.010244,0.00284217,-0.0792053,-0.298884,10.5867,10.5913,0,25.7359
5.28,roll -10,-0.556473,0.0350292,-0.106506,0.000740677,-0.174533,0,-0.203773,-0.000919567,0.0017726,99.1243,99.2643,105.071,1.72117,nan,0.289057,0.288307,0.289817,0.288881,0.289159,0.288307,0.289159,0.289817,0.288881,1,0,0.0680235,0,-0.00326922,-0.000159686,-0.000785816,-0.204042,-0.00268757,0,0,0,-0.198848,-0.0113054,0.00513494,-0.054708,-0.213224,10.6014,10.6037,0,25.8516
5.29,roll -10,-0.558513,0.0350271,-0.106518,0.000754287,-0.174533,0,-0.204222,-0.000636815,0.00116626,99.1188,99.2588,105.088,1.72926,nan,0.289368,0.28942,0.289421,0.289675,0.288892,0.28942,0.288892,0.289421,0.289675,1,0,0.06802,0,-0.00207947,-0.00051961,0.00034384,-0.204013,-0.00272751,0,0,0,-0.204629,0.00667981,0.00111391,-0.00193275,-0.232979,10.7285,10.7311,0,25.9673
5.3,roll -10,-0.560558,0.0350251,-0.106519,0.000786821,-0.174533,0,-0.20452,-0.000374427,0.00118477,99.1133,99.2533,105.106,1.73739,nan,0.28968,0.289571,0.290215,0.289948,0.288924,0.289571,0.288924,0.290215,0.289948,1,0,0.0680095,0,-0.00442477,-0.0017316,0.000166798,-0.203997,-0.00282728,0,0,0,-0.195816,0.00111956,-0.00472705,-0.000278423,-0.202188,10.6296,10.6315,0,26.0839
5.31,roll -10,-0.562605,0.0350197,-0.106514,0.000758619,-0.174533,0,-0.204825,-8.69726e-05,0.00191054,99.1078,99.2478,105.123,1.74555,nan,0.289995,0.289695,0.290377,0.290007,0.289838,0.289695,0.289838,0.290377,0.290007,1,0,0.0680095,0,-0.00225699,-0.000429057,-0.000225441,-0.204011,-0.00274381,0,0,0,-0.19464,0.0103979,-0.00194515,0.0579179,-0.335786,10.6274,10.6329,0,26.2012
5.32,roll -10,-0.564655,0.0350072,-0.106541,0.000753104,-0.174533,0,-0.205123,0.000118868,0.00252976,99.1022,99.2422,105.141,1.75375,nan,0.290311,0.29046,0.290171,0.290767,0.289785,0.29046,0.289785,0.290171,0.290767,1,0,0.0679884,0,-0.00183733,-0.000151788,0.00055881,-0.203921,-0.00270528,0,0,0,-0.18725,-0.00918959,0.00434666,-0.0477198,-0.369379,10.7002,10.7066,0,26.3168
5.33,roll -10,-0.566709,0.0349923,-0.106569,0.000788856,-0.174533,0,-0.205452,0.000198835,0.00228419,99.0965,99.2365,105.158,1.76202,nan,0.29063,0.290234,0.29123,0.289805,0.291186,0.290234,0.291186,0.29123,0.289805,1,0,0.0679639,0,0.00102115,-0.000894185,-0.00104497,-0.203855,-0.00278096,0,0,0,-0.197908,-0.00718157,0.00777112,-0.104951,-0.459137,10.7398,10.7501,0,26.4322
5.34,roll -10,-0.568765,0.0349787,-0.106607,0.000765145,-0.174533,0,-0.205697,0.000292775,0.0024396,99.0907,99.2307,105.176,1.77037,nan,0.29095,0.290838,0.291178,0.290906,0.290814,0.290838,0.290814,0.291178,0.290906,1,0,0.0679253,0,-0.00114739,-0.000560716,-0.000108736,-0.203747,-0.00275523,0,0,0,-0.204718,-0.0100592,-0.00188986,0.00625049,-0.355935,10.6839,10.6898,0,26.5476
5.35,roll -10,-0.570823,0.0349612,-0.106632,0.000803073,-0.174533,0,-0.205773,0.000303931,0.0032578,99.0849,99.2249,105.194,1.77878,nan,0.291272,0.29057,0.291866,0.291281,0.291308,0.29057,0.291308,0.291866,0.291281,1,0,0.0679112,0,-0.00336466,0.00029097,-0.000581376,-0.20367,-0.00282913,0,0,0,-0.203153,-0.000914268,-0.00594874,-0.0474953,-0.176642,10.7018,10.7034,0,26.6635
5.36,roll -10,-0.572882,0.0349424,-0.10664,0.000837487,-0.174533,0,-0.205789,0.000261714,0.00293843,99.079,99.219,105.211,1.78728,nan,0.291597,0.292055,0.291094,0.292264,0.290908,0.292055,0.290908,0.291094,0.292264,1,0,0.0678902,0,-0.00104871,4.36502e-05,0.00101867,-0.203631,-0.00298654,0,0,0,-0.190755,0.00313192,-0.00501209,0.125108,-0.237002,10.765,10.7683,0,26.7804
5.37,roll -10,-0.57494,0.0349263,-0.10666,0.000791873,-0.174533,0,-0.205736,0.00031169,0.00261027,99.0731,99.2131,105.229,1.79585,nan,0.291923,0.291454,0.292738,0.29163,0.291804,0.291454,0.291804,0.292738,0.29163,1,0,0.0678726,0,-0.00294195,-0.00143595,-0.000640652,-0.203589,-0.00282308,0,0,0,-0.204403,-0.0109313,-0.0018786,-0.00841512,-0.344689,10.6856,10.6911,0,26.897
5.38,roll -10,-0.576998,0.0349087,-0.106699,0.000798323,-0.174533,0,-0.205615,0.000547255,0.00305476,99.0671,99.2071,105.247,1.80447,nan,0.292251,0.291804,0.292661,0.292152,0.292324,0.291804,0.292324,0.292661,0.292152,1,0,0.0678339,0,-0.0018156,2.17058e-05,-0.000452368,-0.203464,-0.00285111,0,0,0,-0.19869,-0.0044982,0.0107504,0.0512263,-0.383815,10.7548,10.7618,0,27.0122
5.39,roll -10,-0.579054,0.0348866,-0.106721,0.000809472,-0.174533,0,-0.205505,0.000713968,0.00247286,99.061,99.201,105.265,1.81316,nan,0.292582,0.292861,0.292339,0.293149,0.291913,0.292861,0.291913,0.292339,0.293149,1,0,0.0678128,0,-0.00189317,-0.000262564,0.000772424,-0.203396,-0.00283422,0,0,0,-0.196802,-0.0036326,-0.000844243,-0.0801472,-0.301373,10.7557,10.7602,0,27.1283
5.4,roll -10,-0.581109,0.0348678,-0.106757,0.000836841,-0.174533,0,-0.205477,0.000727199,0.0020526,99.0549,99.1949,105.284,1.8219,nan,0.292915,0.292127,0.293545,0.292303,0.293616,0.292127,0.293616,0.293545,0.292303,1,0,0.0677741,0,-0.000277349,0.000469167,-0.00120035,-0.20329,-0.00292086,0,0,0,-0.199906,-0.00169948,0.00342778,-0.0560509,-0.323677,10.6516,10.6567,0,27.2434
5.41,roll -10,-0.583164,0.0348461,-0.106773,0.000895777,-0.174533,0,-0.205392,0.000758095,0.00321268,99.0486,99.1886,105.302,1.8307,nan,0.293249,0.293025,0.293385,0.293406,0.293114,0.293025,0.293114,0.293385,0.293406,1,0,0.0677601,0,-0.00172783,0.000207476,-2.96841e-05,-0.203252,-0.00307178,0,0,0,-0.206106,-0.00184194,-0.00503075,-0.0948621,-0.248797,10.7267,10.73,0,27.3596
5.42,roll -10,-0.585219,0.0348227,-0.10679,0.000910866,-0.174533,0,-0.205277,0.000752689,0.00315598,99.0424,99.1824,105.32,1.83956,nan,0.293586,0.292301,0.294677,0.292759,0.29454,0.292301,0.29454,0.294677,0.292759,1,0,0.067746,0,-0.00157981,0.000608818,-0.00182674,-0.203206,-0.0031206,0,0,0,-0.210462,0.0117226,0.00117402,0.000783611,-0.269672,10.8466,10.85,0,27.4758
5.43,roll -10,-0.587271,0.034798,-0.106819,0.000875428,-0.174533,0,-0.205113,0.000644694,0.00352487,99.036,99.176,105.339,1.84851,nan,0.293925,0.293851,0.293857,0.294395,0.29353,0.293851,0.29353,0.293857,0.294395,1,0,0.0677037,0,-0.00230995,0.000413923,0.000377421,-0.203111,-0.00303793,0,0,0,-0.203453,-0.0047213,-0.00733419,-0.03835,-0.376096,10.7032,10.7098,0,27.5916
5.44,roll -10,-0.589323,0.034773,-0.10682,0.00082738,-0.174533,0,-0.204967,0.000476477,0.00312433,99.0296,99.1696,105.357,1.85753,nan,0.294266,0.293805,0.294583,0.29399,0.294619,0.293805,0.294619,0.294583,0.29399,1,0,0.0677073,0,-0.000397814,0.000417525,-0.000618532,-0.203098,-0.00295021,0,0,0,-0.197954,-0.0144465,-0.000593424,0.0326848,-0.380886,10.6635,10.6703,0,27.7088
5.45,roll -10,-0.591371,0.0347536,-0.106839,0.000857869,-0.174533,0,-0.204431,0.000223755,0.00265826,99.0231,99.1631,105.376,1.86656,nan,0.294611,0.294871,0.293969,0.295743,0.293791,0.294871,0.293791,0.293969,0.295743,1,0,0.0676967,0,-0.00278631,0.00131394,0.00125443,-0.203045,-0.00297013,0,0,0,-0.198372,-0.00193988,0.0108248,-0.0993805,-0.494666,10.7891,10.8009,0,27.8246
5.46,roll -10,-0.593411,0.0347415,-0.106871,0.000945252,-0.174533,0,-0.203339,-0.00012471,0.00173178,99.0166,99.1566,105.394,1.87563,nan,0.294959,0.293872,0.295975,0.293777,0.296143,0.293872,0.296143,0.295975,0.293777,1,0,0.0676756,0,0.000696059,0.000136067,-0.00196424,-0.202958,-0.00324612,0,0,0,-0.206162,0.000771479,0.00696648,-0.061184,-0.315727,10.6974,10.7022,0,27.9389
5.47,roll -10,-0.595439,0.0347294,-0.106859,0.000942725,-0.174533,0,-0.202084,-0.000422438,0.00300982,99.01,99.15,105.413,1.88472,nan,0.295313,0.293982,0.296884,0.294429,0.295885,0.293982,0.295885,0.296884,0.294429,1,0,0.0676685,0,-0.00383457,-0.00104804,-0.00191546,-0.202981,-0.00324872,0,0,0,-0.198218,0.0115675,-0.00352632,0.0132232,-0.315,10.823,10.8276,0,28.0554
5.48,roll -10,-0.597456,0.034714,-0.106849,0.00100598,-0.174533,0,-0.200964,-0.000518627,0.00342524,99.0033,99.1433,105.432,1.89384,nan,0.295672,0.295961,0.295936,0.295899,0.294819,0.295961,0.294819,0.295936,0.295899,1,0,0.0676861,0,-0.00279657,-0.00223484,0.00048567,-0.203013,-0.00343876,0,0,0,-0.198387,0.00469041,-0.00135854,-0.0236489,-0.391871,10.6773,10.6845,0,28.1709
5.49,roll -10,-0.599462,0.0347024,-0.106825,0.00104542,-0.174533,0,-0.200013,-0.000476353,0.00290742,98.9965,99.1365,105.451,1.903,nan,0.296036,0.296468,0.29572,0.296414,0.29547,0.296468,0.29547,0.29572,0.296414,1,0,0.0677178,0,-0.000521447,-0.000577704,0.000743247,-0.203078,-0.00356516,0,0,0,-0.195119,0.00106982,-0.000770056,-0.0252497,-0.426275,10.7674,10.7759,0,28.2867
5.5,roll -10,-0.601459,0.0346881,-0.106795,0.00105957,-0.174533,0,-0.19914,-0.00034893,0.00328401,98.9897,99.1297,105.47,1.91218,nan,0.296406,0.296819,0.295649,0.297397,0.295683,0.296819,0.295683,0.295649,0.297397,1,0,0.0677425,0,-0.00144752,0.00115985,0.00126751,-0.20316,-0.00364728,0,0,0,-0.188862,-0.0173341,-0.00246578,-0.00497915,-0.382889,10.8464,10.8532,0,28.4024
5.51,roll -10,-0.603447,0.0346741,-0.106748,0.00113387,-0.174533,0,-0.198348,-0.00035321,0.00259507,98.9828,99.1228,105.489,1.92139,nan,0.29678,0.297126,0.296485,0.29763,0.295805,0.297126,0.295805,0.296485,0.29763,1,0,0.0677812,0,-0.00313995,-0.000333577,0.0010838,-0.203311,-0.00381619,0,0,0,-0.194757,-0.000932502,0.00829227,-0.0802848,-0.447316,10.7232,10.7329,0,28.5184
5.52,roll -10,-0.605429,0.0346628,-0.10669,0.00122497,-0.174533,0,-0.197799,-0.000323781,0.00215927,98.9758,99.1158,105.509,1.93062,nan,0.297159,0.297171,0.297036,0.29799,0.296364,0.297171,0.296364,0.297036,0.29799,1,0,0.0678375,0,-0.00395787,0.000277828,0.000774138,-0.203476,-0.00412316,0,0,0,-0.189236,-0.00779891,0.000732051,-0.00433883,-0.287915,10.793,10.7969,0,28.6345
5.53,roll -10,-0.607405,0.0346526,-0.106639,0.00123475,-0.174533,0,-0.197378,-0.000253454,0.00247361,98.9687,99.1087,105.528,1.93987,nan,0.297543,0.297715,0.297588,0.297569,0.297224,0.297715,0.297224,0.297588,0.297569,1,0,0.0678972,0,-0.000578578,-0.000967048,0.000207386,-0.203624,-0.00415067,0,0,0,-0.185456,-0.00156135,-0.0062511,0.0260671,-0.26924,10.6661,10.6695,0,28.7503
5.54,roll -10,-0.609378,0.0346403,-0.106577,0.00122491,-0.174533,0,-0.196928,-0.000147932,0.00234065,98.9616,99.1016,105.547,1.94913,nan,0.297932,0.297857,0.298206,0.298517,0.297069,0.297857,0.297069,0.298206,0.298517,1,0,0.0679604,0,-0.00476665,-0.000902698,0.000482876,-0.203827,-0.00413201,0,0,0,-0.195309,0.00344787,-0.0015786,0.070279,-0.452285,10.6788,10.6887,0,28.8666
5.55,roll -10,-0.611346,0.0346266,-0.106537,0.00126485,-0.174533,0,-0.196542,-2.09922e-05,0.00234965,98.9543,99.0943,105.567,1.95839,nan,0.298325,0.296852,0.299599,0.297789,0.298982,0.296852,0.298982,0.299599,0.297789,1,0,0.0680025,0,-0.0041245,0.000608196,-0.00173142,-0.203941,-0.0041859,0,0,0,-0.193269,0.00461853,0.000799172,-0.0846753,-0.463375,10.8779,10.8881,0,28.9811
5.56,roll -10,-0.61331,0.0346133,-0.106468,0.00132563,-0.174533,0,-0.196246,6.15864e-05,0.0020954,98.947,99.087,105.587,1.96768,nan,0.298723,0.29816,0.29918,0.299188,0.298283,0.29816,0.298283,0.29918,0.299188,1,0,0.0680726,0,-0.00510531,0.000246512,-5.05162e-05,-0.204147,-0.0043719,0,0,0,-0.192337,0.00353261,0.00184664,-0.0656634,-0.44696,10.7361,10.7456,0,29.0971
5.57,roll -10,-0.615272,0.0346006,-0.106426,0.00140231,-0.174533,0,-0.196085,5.5946e-05,0.00215558,98.9397,99.0797,105.606,1.97698,nan,0.299125,0.29977,0.298914,0.300211,0.297523,0.29977,0.297523,0.298914,0.300211,1,0,0.0681076,0,-0.00485985,-0.00180071,0.00155716,-0.204261,-0.004618,0,0,0,-0.185604,0.0050637,-0.000233819,-0.00694357,-0.406745,10.8035,10.8111,0,29.2113
5.58,roll -10,-0.617234,0.0345902,-0.106345,0.00139393,-0.174533,0,-0.196211,0.000103292,0.00183341,98.9322,99.0722,105.626,1.98628,nan,0.29953,0.29976,0.299311,0.300392,0.298575,0.29976,0.298575,0.299311,0.300392,1,0,0.0681986,0,-0.00362985,-0.0001972,0.000996266,-0.204516,-0.00460723,0,0,0,-0.192507,0.000432269,0.00876944,0.0088257,-0.465306,10.6805,10.6906,0,29.328
5.59,roll -10,-0.619199,0.0345803,-0.106286,0.00143553,-0.174533,0,-0.196842,0.00015587,0.00177438,98.9247,99.0647,105.646,1.99558,nan,0.299938,0.300041,0.299964,0.30017,0.299496,0.300041,0.299496,0.299964,0.30017,1,0,0.0682475,0,-0.00158107,-0.000642017,0.000330104,-0.204695,-0.00471905,0,0,0,-0.194014,-0.00672966,0.000863791,-0.0479973,-0.46585,10.8284,10.8386,0,29.4435
5.6,roll -10,-0.621172,0.0345654,-0.106212,0.00151936,-0.174533,0,-0.197593,0.000257471,0.00261442,98.917,99.057,105.666,2.00487,nan,0.300349,0.299212,0.301503,0.299768,0.300829,0.299212,0.300829,0.301503,0.299768,1,0,0.0683313,0,-0.00326372,-0.000223813,-0.00147295,-0.204928,-0.00494463,0,0,0,-0.200851,-0.00863524,-0.00575109,-0.105499,-0.406871,10.7131,10.7213,0,29.5601
5.61,roll -10,-0.623152,0.0345484,-0.106155,0.00149646,-0.174533,0,-0.198426,0.00032157,0.00182605,98.9093,99.0493,105.686,2.01414,nan,0.300761,0.300881,0.300656,0.301567,0.299856,0.300881,0.299856,0.300656,0.301567,1,0,0.0683871,0,-0.00394281,-0.000214961,0.000851107,-0.205099,-0.00489586,0,0,0,-0.203151,-0.00109786,-0.000994366,-0.0191463,-0.326629,10.8264,10.8313,0,29.6766
5.62,roll -10,-0.625141,0.0345345,-0.106107,0.0015486,-0.174533,0,-0.199221,0.000350726,0.00225939,98.9016,99.0416,105.706,2.02344,nan,0.301175,0.30027,0.302081,0.300933,0.301333,0.30027,0.301333,0.302081,0.300933,1,0,0.0684499,0,-0.00374306,-0.000162044,-0.000971425,-0.205243,-0.00511489,0,0,0,-0.198035,-0.00732143,-0.00338028,0.109799,-0.531105,10.7419,10.7556,0,29.7928
5.63,roll -10,-0.627137,0.0345203,-0.10607,0.00154928,-0.174533,0,-0.200028,0.00037871,0.0011691,98.8937,99.0337,105.727,2.03279,nan,0.301591,0.301067,0.302084,0.30162,0.30151,0.301067,0.30151,0.302084,0.30162,1,0,0.0684812,0,-0.00298918,-3.82743e-05,-0.000398422,-0.205334,-0.00506762,0,0,0,-0.189367,-0.00551461,0.00517451,0.00192687,-0.674407,10.7583,10.7794,0,29.909
5.64,roll -10,-0.629141,0.0345084,-0.106062,0.00157004,-0.174533,0,-0.200745,0.000351375,0.00167148,98.8857,99.0257,105.747,2.04219,nan,0.30201,0.302098,0.301887,0.302689,0.301281,0.302098,0.301281,0.301887,0.302689,1,0,0.0684812,0,-0.00317609,-2.96276e-05,0.000711017,-0.205377,-0.00503263,0,0,0,-0.198342,0.00399155,0.00550385,-0.139726,-0.532839,10.7304,10.7445,0,30.0239
5.65,roll -10,-0.631152,0.0344966,-0.10603,0.00161198,-0.174533,0,-0.201389,0.000368214,0.00164003,98.8777,99.0177,105.767,2.05165,nan,0.30243,0.302866,0.302165,0.303056,0.301549,0.302866,0.301549,0.302165,0.303056,1,0,0.0685125,0,-0.00213697,-0.000808297,0.000970436,-0.205448,-0.00519948,0,0,0,-0.184224,0.00315335,-0.000963274,-0.0541649,-0.381374,10.7725,10.7793,0,30.1405
5.66,roll -10,-0.633169,0.0344859,-0.106011,0.00165524,-0.174533,0,-0.201915,0.00048727,0.00103348,98.8696,99.0096,105.788,2.06114,nan,0.302853,0.30336,0.302603,0.303061,0.302304,0.30336,0.302304,0.302603,0.303061,1,0,0.0685265,0,4.03235e-07,-0.00113472,0.000665232,-0.205515,-0.00535067,0,0,0,-0.192289,-0.00579855,-0.00249182,-0.0484213,-0.42982,10.7973,10.806,0,30.2566
5.67,roll -10,-0.63519,0.0344749,-0.105999,0.00168075,-0.174533,0,-0.202381,0.000674243,0.000977996,98.8614,99.0014,105.809,2.0707,nan,0.303279,0.302071,0.304327,0.302724,0.303908,0.302071,0.303908,0.304327,0.302724,1,0,0.0685473,0,-0.00284399,0.0004435,-0.00151207,-0.205551,-0.0054265,0,0,0,-0.190664,-0.00363839,0.00567703,-0.0238412,-0.479053,10.8272,10.8379,0,30.3728
5.68,roll -10,-0.637217,0.0344583,-0.106004,0.00174462,-0.174533,0,-0.202806,0.000896081,0.00250755,98.8531,98.9931,105.829,2.0803,nan,0.303706,0.304007,0.303293,0.304731,0.302709,0.304007,0.302709,0.303293,0.304731,1,0,0.0685543,0,-0.00346946,0.000265808,0.001202,-0.205554,-0.00555357,0,0,0,-0.199804,-0.00841868,0.00550596,-0.156868,-0.417884,10.7235,10.7328,0,30.488
5.69,roll -10,-0.639247,0.0344369,-0.105987,0.00177546,-0.174533,0,-0.203198,0.001227,0.00237848,98.8447,98.9847,105.85,2.08993,nan,0.304137,0.303145,0.305176,0.304274,0.303866,0.303145,0.303866,0.305176,0.304274,1,0,0.0685717,0,-0.00646593,-0.00034314,-0.000713295,-0.205604,-0.00567872,0,0,0,-0.203099,-0.00730055,-0.00621665,-0.027103,-0.473098,10.8803,10.8906,0,30.6049
5.7,roll -10,-0.641281,0.0344123,-0.105974,0.00177904,-0.174533,0,-0.203572,0.00153731,0.00180145,98.8362,98.9762,105.871,2.09963,nan,0.30457,0.30435,0.304653,0.304981,0.304208,0.30435,0.304208,0.304653,0.304981,1,0,0.0685821,0,-0.00285327,0.000352824,0.000206519,-0.205634,-0.00567675,0,0,0,-0.196845,-0.0143059,0.0110855,-0.0744609,-0.514989,10.771,10.7836,0,30.7218
5.71,roll -10,-0.643319,0.0343884,-0.106004,0.00182141,-0.174533,0,-0.203963,0.0017026,0.00176123,98.8277,98.9677,105.892,2.10938,nan,0.305005,0.304394,0.305871,0.304647,0.30502,0.304394,0.30502,0.305871,0.304647,1,0,0.0685578,0,-0.00292987,-0.00113477,-0.000813212,-0.205547,-0.00581614,0,0,0,-0.19781,-0.00666266,0.00812618,-0.0102805,-0.52682,10.862,10.8748,0,30.8364
5.72,roll -10,-0.64536,0.0343623,-0.106023,0.00190899,-0.174533,0,-0.204311,0.00188362,0.00202003,98.819,98.959,105.913,2.11919,nan,0.305443,0.30453,0.305938,0.305207,0.306009,0.30453,0.306009,0.305938,0.305207,1,0,0.0685369,0,-0.00161021,0.00141709,-0.000971172,-0.205495,-0.00604429,0,0,0,-0.201835,-0.00227648,-0.00739565,-0.0716812,-0.503181,10.724,10.736,0,30.9516
5.73,roll -10,-0.647405,0.0343341,-0.106014,0.00192541,-0.174533,0,-0.204528,0.00205032,0.00178515,98.8103,98.9503,105.935,2.12906,nan,0.305883,0.305119,0.30691,0.304873,0.306543,0.305119,0.306543,0.30691,0.304873,1,0,0.0685404,0,-0.000321208,-0.00116184,-0.00152055,-0.205503,-0.00614909,0,0,0,-0.189704,-0.0129416,-0.0063627,0.0201704,-0.475459,10.8732,10.8836,0,31.0688
5.74,roll -10,-0.64945,0.0343053,-0.106058,0.0018852,-0.174533,0,-0.204571,0.00214484,0.00189754,98.8015,98.9415,105.956,2.13899,nan,0.306327,0.306134,0.306384,0.30686,0.305839,0.306134,0.305839,0.306384,0.30686,1,0,0.068509,0,-0.00336982,0.000341849,0.000338353,-0.205412,-0.00598692,0,0,0,-0.215897,0.00937587,0.0027259,0.00917026,-0.532445,10.7325,10.7457,0,31.1834
5.75,roll -10,-0.651496,0.0342774,-0.106076,0.00188963,-0.174533,0,-0.204422,0.00221065,0.00175666,98.7926,98.9326,105.977,2.14901,nan,0.306773,0.307202,0.306157,0.3078,0.305841,0.307202,0.305841,0.306157,0.3078,1,0,0.0684882,0,-0.00242465,0.000532404,0.00132023,-0.205341,-0.00596339,0,0,0,-0.202063,-0.0114992,0.0195987,-0.10573,-0.656214,10.8919,10.9122,0,31.2992
5.76,roll -10,-0.653538,0.0342501,-0.106104,0.0018866,-0.174533,0,-0.20396,0.00232853,0.0016182,98.7836,98.9236,105.999,2.15907,nan,0.307222,0.306641,0.307479,0.307352,0.307325,0.306641,0.307325,0.307479,0.307352,1,0,0.0684499,0,-0.00229556,0.00105452,-0.000356444,-0.205243,-0.0059882,0,0,0,-0.196607,-0.00387074,0.00770508,0.00191259,-0.518127,10.9236,10.9359,0,31.4143
5.77,roll -10,-0.655572,0.0342238,-0.106123,0.00189308,-0.174533,0,-0.202825,0.00239905,0.000523213,98.7745,98.9145,106.021,2.16917,nan,0.307676,0.307627,0.307895,0.308025,0.307067,0.307627,0.307067,0.307895,0.308025,1,0,0.0684359,0,-0.00325345,-0.00081637,0.000303556,-0.205203,-0.00598992,0,0,0,-0.207831,-0.00783062,-0.00506721,-0.0485739,-0.478736,10.9118,10.9224,0,31.5294
5.78,roll -10,-0.657594,0.0342022,-0.106115,0.00189011,-0.174533,0,-0.201579,0.00243106,0.000212243,98.7653,98.9053,106.042,2.17933,nan,0.308137,0.307352,0.308575,0.308451,0.308076,0.307352,0.308076,0.308575,0.308451,1,0,0.0684464,0,-0.00424047,0.0011366,-0.000372529,-0.205218,-0.00601366,0,0,0,-0.201338,-0.00826957,0.00800042,0.0265945,-0.632357,10.8128,10.8313,0,31.6454
5.79,roll -10,-0.659605,0.0341781,-0.1061,0.00201776,-0.174533,0,-0.200554,0.00249088,0.00170393,98.7561,98.8961,106.064,2.18951,nan,0.308603,0.30735,0.309745,0.3083,0.308925,0.30735,0.308925,0.309745,0.3083,1,0,0.0684603,0,-0.00469581,0.000246941,-0.00132716,-0.20527,-0.00632188,0,0,0,-0.206294,-0.00528868,0.00348756,-0.057416,-0.613923,10.6979,10.7156,0,31.7607
5.8,roll -10,-0.661606,0.0341452,-0.106082,0.0020916,-0.174533,0,-0.199726,0.00258285,0.00205766,98.7467,98.8867,106.086,2.19965,nan,0.309076,0.308576,0.309648,0.30904,0.308946,0.308576,0.308946,0.309648,0.30904,1,0,0.0684847,0,-0.00309123,-0.000452447,-0.00042978,-0.205313,-0.00651735,0,0,0,-0.197283,0.0104405,7.36129e-05,-0.0471751,-0.45571,10.887,10.8966,0,31.8759
5.81,roll -10,-0.6636,0.0341115,-0.106039,0.00214092,-0.174533,0,-0.199053,0.00262516,0.00229065,98.7373,98.8773,106.108,2.20979,nan,0.309555,0.30985,0.30966,0.309989,0.308626,0.30985,0.308626,0.30966,0.309989,1,0,0.068523,0,-0.00311092,-0.0016946,0.000682359,-0.205439,-0.006703,0,0,0,-0.195355,0.00689965,-0.00184519,0.0268791,-0.532467,10.785,10.7982,0,31.9921
5.82,roll -10,-0.665588,0.0340761,-0.10602,0.00218573,-0.174533,0,-0.198508,0.00271368,0.00159959,98.7277,98.8677,106.13,2.21994,nan,0.31004,0.310752,0.308935,0.311556,0.308819,0.310752,0.308819,0.308935,0.311556,1,0,0.0685404,0,-0.00243915,0.00130586,0.00200175,-0.20549,-0.00676097,0,0,0,-0.185097,-0.0169927,-0.00183819,-0.149269,-0.718045,10.7811,10.8061,0,32.1065
5.83,roll -10,-0.667571,0.034047,-0.10598,0.00225486,-0.174533,0,-0.198095,0.002797,0.000564565,98.7181,98.8581,106.153,2.23005,nan,0.31053,0.309895,0.311103,0.311146,0.309879,0.309895,0.309879,0.311103,0.311146,1,0,0.0685891,0,-0.00656656,5.17806e-05,2.54771e-05,-0.20561,-0.00706354,0,0,0,-0.193155,-0.0136923,0.00255458,0.00364277,-0.496809,10.8893,10.9006,0,32.2219
5.84,roll -10,-0.66955,0.0340228,-0.105937,0.00223378,-0.174533,0,-0.197796,0.00277869,-0.00022638,98.7083,98.8483,106.175,2.24014,nan,0.311026,0.310908,0.311144,0.311308,0.310645,0.310908,0.310645,0.311144,0.311308,1,0,0.0686412,0,-0.00238617,-0.000186686,0.000187278,-0.205754,-0.00698399,0,0,0,-0.201164,0.000208466,0.0109754,0.0139572,-0.656365,10.7491,10.7691,0,32.3376
5.85,roll -10,-0.671526,0.0340007,-0.105899,0.00231021,-0.174533,0,-0.197598,0.00267636,0.000456786,98.6985,98.8385,106.197,2.25023,nan,0.311528,0.311654,0.310992,0.312507,0.310857,0.311654,0.310857,0.310992,0.312507,1,0,0.068669,0,-0.00262113,0.0013614,0.00101644,-0.205867,-0.00711211,0,0,0,-0.194887,-0.0147554,-0.000826333,-0.148227,-0.707778,10.8823,10.9063,0,32.4524
5.86,roll -10,-0.673501,0.0339765,-0.105862,0.00244586,-0.174533,0,-0.197511,0.00256578,0.00105474,98.6885,98.8285,106.22,2.26031,nan,0.312035,0.310674,0.313583,0.311076,0.312705,0.310674,0.312705,0.313583,0.311076,1,0,0.0687072,0,-0.00339635,-0.000901811,-0.00199438,-0.205975,-0.00752644,0,0,0,-0.198843,0.00113431,0.00543687,-0.0651167,-0.474779,10.8757,10.8862,0,32.567
5.87,roll -10,-0.675476,0.0339444,-0.105822,0.00246464,-0.174533,0,-0.197605,0.0025087,0.00230095,98.6784,98.8184,106.243,2.27036,nan,0.312547,0.314084,0.311059,0.314734,0.310207,0.314084,0.310207,0.311059,0.314734,1,0,0.0687523,0,-0.00398413,-0.00038184,0.00331917,-0.206095,-0.00766477,0,0,0,-0.196704,-0.00881854,-0.00231753,0.0671734,-0.648904,10.8286,10.8482,0,32.682
5.88,roll -10,-0.677453,0.0339128,-0.105792,0.00254722,-0.174533,0,-0.197808,0.00255318,0.00175222,98.6683,98.8083,106.265,2.28038,nan,0.313064,0.310854,0.314985,0.31207,0.314243,0.310854,0.314243,0.314985,0.31207,1,0,0.0687939,0,-0.00519092,0.000897921,-0.00277092,-0.20619,-0.00778062,0,0,0,-0.198484,-0.00440969,-0.00452105,-0.123907,-0.672087,10.835,10.8566,0,32.7965
5.89,roll -10,-0.679433,0.0338777,-0.105738,0.00266575,-0.174533,0,-0.198242,0.00249185,0.00265004,98.658,98.798,106.288,2.29036,nan,0.313586,0.313131,0.314085,0.31361,0.313412,0.313131,0.313412,0.314085,0.31361,1,0,0.0688355,0,-0.00305524,-0.000367575,-0.000332131,-0.206319,-0.00816107,0,0,0,-0.179587,-0.00312984,-0.00460965,-0.0756887,-0.513059,10.8498,10.8621,0,32.9123
5.9,roll -10,-0.681419,0.0338424,-0.105691,0.00276124,-0.174533,0,-0.19899,0.00244475,0.00278067,98.6477,98.7877,106.311,2.30034,nan,0.314111,0.315047,0.31305,0.315423,0.312821,0.315047,0.312821,0.31305,0.315423,1,0,0.0689047,0,-0.00160373,0.000278261,0.00202136,-0.206493,-0.00846407,0,0,0,-0.203455,-0.0133878,-0.00259991,-0.067466,-0.604862,10.742,10.7593,0,33.0281
5.91,roll -10,-0.683413,0.0338069,-0.105696,0.00288271,-0.174533,0,-0.199713,0.00248822,0.00299571,98.6372,98.7772,106.334,2.31031,nan,0.31464,0.314875,0.313974,0.315724,0.313883,0.314875,0.313883,0.313974,0.315724,1,0,0.0688909,0,-0.00249108,0.00143718,0.00120489,-0.206475,-0.00873814,0,0,0,-0.195247,-0.00088258,-0.00333827,-0.152297,-0.660617,10.8002,10.8215,0,33.1414
5.92,roll -10,-0.685413,0.0337701,-0.10567,0.00300207,-0.174533,0,-0.200241,0.00268019,0.00220349,98.6266,98.7666,106.357,2.32027,nan,0.315173,0.314966,0.315604,0.315335,0.31468,0.314966,0.31468,0.315604,0.315335,1,0,0.0689255,0,-0.00343077,-0.00105259,7.37022e-06,-0.206543,-0.00916112,0,0,0,-0.194381,0.00310199,0.0156064,0.0031987,-0.445299,10.8588,10.8679,0,33.2567
5.93,roll -10,-0.687418,0.0337335,-0.105632,0.00297286,-0.174533,0,-0.200764,0.00295269,0.00233136,98.6159,98.7559,106.381,2.33026,nan,0.315708,0.316896,0.314594,0.317039,0.314196,0.316896,0.314196,0.314594,0.317039,1,0,0.0689601,0,-0.00143339,-0.000483588,0.0022617,-0.206659,-0.0091286,0,0,0,-0.192376,-0.0135267,-0.00683252,0.0423447,-0.704036,10.8133,10.8363,0,33.3736
5.94,roll -10,-0.689427,0.0336986,-0.105609,0.00301987,-0.174533,0,-0.201173,0.00332577,0.00168787,98.6052,98.7452,106.404,2.34023,nan,0.316247,0.31545,0.31686,0.316742,0.315827,0.31545,0.315827,0.31686,0.316742,1,0,0.0689946,0,-0.00616943,0.000491726,-0.000217599,-0.206727,-0.00913759,0,0,0,-0.190718,-0.00704836,-0.0072525,-0.118437,-0.699812,10.7102,10.7337,0,33.4896
5.95,roll -10,-0.691441,0.0336617,-0.105626,0.00314966,-0.174533,0,-0.201675,0.00365481,0.00192861,98.5943,98.7343,106.427,2.3502,nan,0.316789,0.316848,0.317169,0.317182,0.315847,0.316848,0.315847,0.317169,0.317182,1,0,0.0689808,0,-0.00439147,-0.0018718,0.000445681,-0.20669,-0.00959493,0,0,0,-0.204265,-0.00889585,0.00386478,0.0186303,-0.641049,10.877,10.8959,0,33.6033
5.96,roll -10,-0.693459,0.0336182,-0.105647,0.00307529,-0.174533,0,-0.202003,0.00399769,0.00248618,98.5832,98.7232,106.451,2.36019,nan,0.317334,0.317473,0.316663,0.318359,0.316734,0.317473,0.316734,0.316663,0.318359,1,0,0.0689566,0,-0.00216069,0.00181253,0.00107029,-0.206636,-0.00927604,0,0,0,-0.205928,-0.0163467,0.000400131,-0.125155,-0.759601,10.7662,10.7937,0,33.7177
5.97,roll -10,-0.69548,0.0335751,-0.105642,0.00314104,-0.174533,0,-0.202244,0.00421519,0.00117562,98.5721,98.7121,106.475,2.3702,nan,0.317883,0.317448,0.318065,0.31815,0.317759,0.317448,0.317759,0.318065,0.31815,1,0,0.0689566,0,-0.0026735,0.000749871,-9.96231e-05,-0.206625,-0.00949163,0,0,0,-0.192536,-0.0153208,0.0119869,-0.0921941,-0.665726,10.7966,10.8175,0,33.8332
5.98,roll -10,-0.697503,0.0335331,-0.105653,0.00315149,-0.174533,0,-0.202405,0.00437726,0.00172566,98.5609,98.7009,106.498,2.38022,nan,0.318436,0.318884,0.318204,0.318831,0.317712,0.318884,0.317712,0.318204,0.318831,1,0,0.0689601,0,-0.00116632,-0.00103397,0.000791256,-0.206617,-0.00955934,0,0,0,-0.208492,-0.00399353,0.0051147,0.0148279,-0.701314,10.7635,10.7863,0,33.9482
5.99,roll -10,-0.699526,0.0334891,-0.105688,0.00328769,-0.174533,0,-0.202467,0.00454183,0.00213752,98.5496,98.6896,106.522,2.39026,nan,0.318991,0.317957,0.320101,0.318463,0.319333,0.317957,0.319333,0.320101,0.318463,1,0,0.0689186,0,-0.00337823,-0.00049857,-0.00132459,-0.206496,-0.00983898,0,0,0,-0.192471,-0.00443995,0.0109051,-0.133992,-0.749764,10.8547,10.8814,0,34.0614
6,roll -10,-0.701551,0.0334382,-0.105723,0.00341541,-0.174533,0,-0.202489,0.00474955,0.0025621,98.5381,98.6781,106.546,2.40033,nan,0.31955,0.318343,0.320845,0.318401,0.3205,0.318343,0.3205,0.320845,0.318401,1,0,0.0688978,0,-0.00107198,-0.000544489,-0.00202201,-0.20638,-0.0103227,0,0,0,-0.190157,-0.0131618,-0.00224082,0.0190229,-0.597801,10.8087,10.8252,0,34.1747
6.01,roll -10,-0.703575,0.0333833,-0.10571,0.00342396,-0.174533,0,-0.202411,0.0050348,0.00267197,98.5266,98.6666,106.57,2.41043,nan,0.320113,0.320229,0.31997,0.320814,0.319326,0.320229,0.319326,0.31997,0.320814,1,0,0.0689082,0,-0.00326132,-0.0001098,0.000767916,-0.206424,-0.0103381,0,0,0,-0.193869,-0.00293568,0.00743103,0.0278699,-0.669825,10.7973,10.8181,0,34.291
6.02,roll -10,-0.705598,0.0333279,-0.105756,0.00352102,-0.174533,0,-0.202381,0.00528584,0.00274492,98.5149,98.6549,106.594,2.42059,nan,0.320679,0.321005,0.320361,0.32143,0.319806,0.321005,0.319806,0.320361,0.32143,1,0,0.0688666,0,-0.00260032,-0.00024849,0.000996899,-0.206289,-0.0105661,0,0,0,-0.194377,-0.0211229,0.00145197,-0.097695,-0.736876,10.8435,10.8689,0,34.4038
6.03,roll -10,-0.707621,0.0332729,-0.105798,0.00354473,-0.174533,0,-0.202231,0.00539318,0.0021446,98.5031,98.6431,106.619,2.43077,nan,0.321248,0.322211,0.320395,0.322415,0.319857,0.322211,0.319857,0.320395,0.322415,1,0,0.0688424,0,-0.00196845,-0.000633835,0.00192246,-0.206181,-0.0106518,0,0,0,-0.209425,-0.00849511,-0.0124105,-0.0448021,-0.662246,10.7406,10.7611,0,34.5168
6.04,roll -10,-0.709642,0.0332199,-0.105818,0.00356568,-0.174533,0,-0.202028,0.00548576,0.00153599,98.4912,98.6312,106.643,2.44096,nan,0.321821,0.322042,0.321467,0.322431,0.321231,0.322042,0.321231,0.321467,0.322431,1,0,0.0688078,0,-0.00165884,0.000289331,0.000780106,-0.20609,-0.010691,0,0,0,-0.186643,-0.0182785,3.12896e-05,-0.0681049,-0.81499,10.8439,10.8747,0,34.6311
6.05,roll -10,-0.711659,0.0331686,-0.105815,0.00360999,-0.174533,0,-0.201526,0.00557669,0.00094163,98.4792,98.6192,106.667,2.45118,nan,0.322398,0.322084,0.322735,0.322509,0.322148,0.322084,0.322148,0.322735,0.322509,1,0,0.0688285,0,-0.00268278,-0.000306418,-0.000127509,-0.20612,-0.0108406,0,0,0,-0.200792,-0.00962352,0.0101496,0.00369304,-0.583454,10.8628,10.8785,0,34.7465
6.06,roll -10,-0.71367,0.0331186,-0.105832,0.00362333,-0.174533,0,-0.200883,0.00562681,0.00111551,98.467,98.607,106.692,2.46142,nan,0.32298,0.323292,0.322999,0.323319,0.322192,0.323292,0.322192,0.322999,0.323319,1,0,0.0688043,0,-0.00221448,-0.00147674,0.000624037,-0.206073,-0.0108464,0,0,0,-0.205115,-0.0209135,0.00262283,-0.0562913,-0.811679,10.8163,10.8468,0,34.8604
6.07,roll -10,-0.715675,0.0330701,-0.105861,0.00378355,-0.174533,0,-0.200352,0.00579162,0.000751698,98.4548,98.5948,106.717,2.47167,nan,0.323566,0.323228,0.323783,0.323882,0.323254,0.323228,0.323254,0.323783,0.323882,1,0,0.0687731,0,-0.0031384,0.000236673,3.17527e-05,-0.205964,-0.011263,0,0,0,-0.186029,-0.0160514,0.00503481,-0.0983601,-0.808509,10.8371,10.8677,0,34.9729
6.08,roll -10,-0.717676,0.0330216,-0.105854,0.00384404,-0.174533,0,-0.199973,0.00600729,0.000764922,98.4424,98.5824,106.741,2.48198,nan,0.324158,0.325053,0.323464,0.325197,0.3228,0.325053,0.3228,0.323464,0.325197,1,0,0.0687869,0,-0.00214443,-0.000987068,0.00175184,-0.206004,-0.0115265,0,0,0,-0.199421,-0.00856977,-0.00372943,0.0642044,-0.56657,10.7945,10.8095,0,35.0874
6.09,roll -10,-0.719673,0.0329715,-0.10588,0.00395712,-0.174533,0,-0.199651,0.00630696,0.00045308,98.4299,98.5699,106.766,2.4923,nan,0.324755,0.323912,0.325609,0.324321,0.325058,0.323912,0.325058,0.325609,0.324321,1,0,0.0687627,0,-0.00254642,-0.00027078,-0.00107003,-0.205929,-0.0116738,0,0,0,-0.193376,0.000873935,-0.00425559,-0.144279,-0.851331,10.7444,10.7791,0,35.1997
6.1,roll -10,-0.721667,0.0329173,-0.105854,0.00393066,-0.174533,0,-0.199377,0.00656279,0.00108037,98.4173,98.5573,106.791,2.50262,nan,0.325357,0.32595,0.325066,0.326105,0.324185,0.32595,0.324185,0.325066,0.326105,1,0,0.0687869,0,-0.00274726,-0.00137471,0.00123246,-0.206,-0.0117053,0,0,0,-0.200209,-0.0133481,-0.00904637,-0.0400293,-0.668361,10.9286,10.9491,0,35.3152
6.11,roll -10,-0.723658,0.0328603,-0.105857,0.00406629,-0.174533,0,-0.199033,0.00686148,0.000890698,98.4046,98.5446,106.816,2.51297,nan,0.325963,0.326605,0.325323,0.327323,0.32448,0.326605,0.32448,0.325323,0.327323,1,0,0.0687904,0,-0.00414268,-0.000236382,0.00181344,-0.206013,-0.0119551,0,0,0,-0.196038,-0.00247028,-0.0138639,-0.163174,-0.891018,10.8566,10.8944,0,35.4285
6.12,roll -10,-0.725645,0.032801,-0.105855,0.00421596,-0.174533,0,-0.198675,0.00714991,0.0012886,98.3918,98.5318,106.841,2.52331,nan,0.326574,0.326344,0.326852,0.327252,0.325727,0.326344,0.325727,0.326852,0.327252,1,0,0.0687904,0,-0.00539473,-0.000411662,0.000446859,-0.205986,-0.0125321,0,0,0,-0.191705,0.000778781,-0.00780992,-0.00805358,-0.714774,10.8294,10.853,0,35.5417
6.13,roll -10,-0.727629,0.0327379,-0.105831,0.00423605,-0.174533,0,-0.19844,0.00741442,0.00120965,98.3788,98.5188,106.867,2.53364,nan,0.32719,0.325856,0.328464,0.326485,0.327833,0.325856,0.327833,0.328464,0.326485,1,0,0.0688251,0,-0.00334082,-3.07515e-06,-0.00173875,-0.206061,-0.0125641,0,0,0,-0.193502,-0.00744725,0.000407192,-0.0527234,-0.932953,10.7925,10.8328,0,35.6564
6.14,roll -10,-0.729612,0.0326727,-0.105832,0.00445129,-0.174533,0,-0.198356,0.00769483,0.00107861,98.3657,98.5057,106.892,2.54396,nan,0.327811,0.32756,0.32808,0.328091,0.327389,0.32756,0.327389,0.32808,0.328091,1,0,0.068832,0,-0.00324275,-0.000303062,7.97516e-05,-0.206057,-0.0131131,0,0,0,-0.18413,-0.0103101,-0.00272028,-0.158572,-0.799572,10.7563,10.7872,0,35.769
6.15,roll -10,-0.731594,0.032606,-0.105793,0.00443134,-0.174533,0,-0.198349,0.00798162,0.00184256,98.3525,98.4925,106.918,2.55428,nan,0.328436,0.328668,0.32848,0.328889,0.327582,0.328668,0.327582,0.32848,0.328889,1,0,0.0688805,0,-0.00296494,-0.00128383,0.000656945,-0.206175,-0.0131892,0,0,0,-0.19205,-0.0181393,0.00927045,-0.000764232,-0.804088,10.7186,10.7487,0,35.8846
6.16,roll -10,-0.733577,0.0325338,-0.105793,0.0045858,-0.174533,0,-0.198542,0.00828737,0.00183093,98.3391,98.4791,106.943,2.56457,nan,0.329066,0.330005,0.328331,0.330228,0.327574,0.330005,0.327574,0.328331,0.330228,1,0,0.0688839,0,-0.00259982,-0.00101195,0.00190263,-0.206182,-0.0135272,0,0,0,-0.197418,-0.00707704,0.00929783,-0.10027,-0.780934,10.7498,10.7786,0,35.9974
6.17,roll -10,-0.735562,0.0324631,-0.105782,0.00467032,-0.174533,0,-0.198736,0.00862455,0.0012522,98.3256,98.4656,106.969,2.57484,nan,0.3297,0.329709,0.329466,0.330744,0.328754,0.329709,0.328754,0.329466,0.330744,1,0,0.0689047,0,-0.00463548,0.000611935,0.000981731,-0.206216,-0.013858,0,0,0,-0.196613,-0.00719733,0.000373983,0.00555625,-0.820514,10.7898,10.8209,0,36.1113
6.18,roll -10,-0.737549,0.03239,-0.105792,0.00477156,-0.174533,0,-0.199033,0.00888476,0.00170919,98.312,98.452,106.995,2.58511,nan,0.330339,0.328819,0.331414,0.330057,0.330937,0.328819,0.330937,0.331414,0.330057,1,0,0.0689082,0,-0.00455135,0.00144345,-0.00152741,-0.206207,-0.0140022,0,0,0,-0.20086,-0.0127735,0.00144665,-0.132719,-0.916063,10.7394,10.7792,0,36.224
6.19,roll -10,-0.739538,0.0323089,-0.105799,0.00481858,-0.174533,0,-0.199158,0.00909298,0.00272809,98.2983,98.4383,107.021,2.59538,nan,0.330982,0.330791,0.331255,0.331575,0.33018,0.330791,0.33018,0.331255,0.331575,1,0,0.0689082,0,-0.00493254,-0.00055132,0.000409494,-0.206184,-0.0143195,0,0,0,-0.200377,-0.00339984,1.66912e-05,0.0844104,-0.761841,10.7837,10.8109,0,36.3371
6.2,roll -10,-0.741527,0.0322259,-0.105795,0.00477279,-0.174533,0,-0.198872,0.00938707,0.00156891,98.2845,98.4245,107.047,2.60564,nan,0.331632,0.331473,0.331503,0.332391,0.331029,0.331473,0.331029,0.331503,0.332391,1,0,0.0689047,0,-0.00369238,0.000842142,0.000585726,-0.206187,-0.0140387,0,0,0,-0.201165,-0.00840967,0.00344751,-0.102177,-0.875372,10.8037,10.8396,0,36.4512
6.21,roll -10,-0.743513,0.0321462,-0.105856,0.0048838,-0.174533,0,-0.198624,0.00975489,0.00162175,98.2705,98.4105,107.073,2.61588,nan,0.332287,0.332771,0.331816,0.333441,0.330989,0.332771,0.330989,0.331816,0.333441,1,0,0.0688424,0,-0.00397172,-0.000297422,0.00149722,-0.205995,-0.0144953,0,0,0,-0.19343,-0.0145713,-0.00786121,0.0441257,-0.780266,10.8119,10.8401,0,36.5608
6.22,roll -10,-0.745496,0.0320671,-0.105878,0.00503353,-0.174533,0,-0.198458,0.0101449,0.000335074,98.2564,98.3964,107.099,2.62609,nan,0.33295,0.331288,0.334211,0.332369,0.333798,0.331288,0.333798,0.334211,0.332369,1,0,0.0688389,0,-0.00396105,0.00126749,-0.00191306,-0.20593,-0.0148136,0,0,0,-0.197402,-0.0128276,0.00474828,-0.0847511,-0.917881,10.7295,10.7691,0,36.6725
6.23,roll -10,-0.747478,0.0319844,-0.105886,0.00506243,-0.174533,0,-0.198309,0.0105177,0.00141809,98.2421,98.3821,107.125,2.63626,nan,0.333618,0.332804,0.334552,0.333107,0.333876,0.332804,0.333876,0.334552,0.333107,1,0,0.0688285,0,-0.00259674,-0.00070539,-0.0011066,-0.20589,-0.0149674,0,0,0,-0.184937,-0.00965532,0.00153564,0.0109269,-0.829261,10.8172,10.849,0,36.7852
6.24,roll -10,-0.749458,0.0318907,-0.105928,0.00516692,-0.174533,0,-0.198025,0.0108661,0.00273563,98.2277,98.3677,107.152,2.64638,nan,0.334293,0.335028,0.333684,0.335776,0.332549,0.335028,0.332549,0.333684,0.335776,1,0,0.0688112,0,-0.0049928,-0.00073345,0.00200922,-0.20585,-0.0150154,0,0,0,-0.198264,-0.0091157,0.0107371,-0.216291,-0.965163,10.852,10.897,0,36.8957
6.25,roll -10,-0.751436,0.0317955,-0.105949,0.00529135,-0.174533,0,-0.197809,0.0111659,0.00251487,98.2132,98.3532,107.178,2.6565,nan,0.334974,0.334346,0.335796,0.335382,0.334235,0.334346,0.334235,0.335796,0.335382,1,0,0.06878,0,-0.00689133,-0.000993374,-0.000132939,-0.205707,-0.0156033,0,0,0,-0.188993,-0.00471699,0.00161916,-0.00290557,-0.838858,10.8071,10.8397,0,37.0071
6.26,roll -10,-0.753411,0.0316967,-0.106007,0.00535748,-0.174533,0,-0.197707,0.0113067,0.00216523,98.1985,98.3385,107.205,2.66656,nan,0.33566,0.335311,0.335917,0.335853,0.335423,0.335311,0.335423,0.335917,0.335853,1,0,0.068721,0,-0.00274813,9.20932e-05,-7.71697e-05,-0.205557,-0.0156261,0,0,0,-0.183271,-0.0221805,0.00925719,-0.168209,-0.947513,10.7428,10.7859,0,37.1165
6.27,roll -10,-0.755386,0.0315981,-0.106032,0.00555544,-0.174533,0,-0.197676,0.0113992,0.00207097,98.1837,98.3237,107.231,2.67658,nan,0.336353,0.335883,0.336872,0.33638,0.336136,0.335883,0.336136,0.336872,0.33638,1,0,0.0687176,0,-0.00326999,-0.000452095,-0.000327457,-0.205452,-0.0162887,0,0,0,-0.186266,-0.00375872,-0.00352287,-0.0987533,-0.790363,10.7815,10.8109,0,37.2274
6.28,roll -10,-0.757361,0.0315035,-0.106055,0.00572189,-0.174533,0,-0.19766,0.0114428,0.00169246,98.1688,98.3088,107.258,2.68657,nan,0.337051,0.336828,0.337346,0.337667,0.336222,0.336828,0.336222,0.337346,0.337667,1,0,0.0687002,0,-0.00520781,-0.000538155,0.000407747,-0.205406,-0.0167177,0,0,0,-0.189762,-0.0202383,0.00574126,-0.10164,-1.04478,10.7988,10.8497,0,37.3385
6.29,roll -10,-0.759335,0.0314083,-0.10603,0.00569359,-0.174533,0,-0.197667,0.0115159,0.00205395,98.1537,98.2937,107.285,2.69652,nan,0.337754,0.336492,0.339257,0.337262,0.337865,0.336492,0.337865,0.339257,0.337262,1,0,0.0687349,0,-0.00573414,-0.00117868,-0.00148026,-0.205499,-0.0168044,0,0,0,-0.204528,-0.0191137,0.00359772,0.00764706,-0.934401,10.7246,10.7652,0,37.4529
6.3,roll -10,-0.76131,0.0313097,-0.106098,0.00586529,-0.174533,0,-0.197731,0.0116052,0.00190746,98.1385,98.2785,107.312,2.70643,nan,0.338463,0.338229,0.338744,0.338899,0.337838,0.338229,0.337838,0.338744,0.338899,1,0,0.0686829,0,-0.00417966,-0.00044815,0.000240287,-0.20526,-0.0171271,0,0,0,-0.184489,-0.0240617,-0.00111145,-0.144951,-0.863003,10.6843,10.7201,0,37.5614
6.31,roll -10,-0.763285,0.0312117,-0.106138,0.00591711,-0.174533,0,-0.197709,0.0117723,0.00201967,98.1231,98.2631,107.339,2.7163,nan,0.339177,0.339723,0.338971,0.339493,0.33838,0.339723,0.33838,0.338971,0.339493,1,0,0.0686447,0,-0.000957531,-0.00155598,0.000819735,-0.205157,-0.0173868,0,0,0,-0.200606,-0.0149038,-0.0151846,-0.0305959,-0.921562,10.7218,10.7614,0,37.6719
6.32,roll -10,-0.76526,0.0311145,-0.106265,0.00624316,-0.174533,0,-0.197688,0.0119918,0.00156373,98.1076,98.2476,107.367,2.72612,nan,0.339896,0.339892,0.339675,0.340924,0.338949,0.339892,0.338949,0.339675,0.340924,1,0,0.0685473,0,-0.00466476,0.00058103,0.000963215,-0.204768,-0.0182501,0,0,0,-0.196024,-0.00713481,0.0070567,-0.104048,-0.819468,10.7188,10.7505,0,37.7766
6.33,roll -10,-0.767236,0.0310225,-0.106357,0.00623911,-0.174533,0,-0.198224,0.0121935,0.000294545,98.092,98.232,107.394,2.73595,nan,0.340618,0.340467,0.340658,0.341058,0.340144,0.340467,0.340144,0.340658,0.341058,1,0,0.0684499,0,-0.00293067,0.000145943,0.000317869,-0.204531,-0.0181283,0,0,0,-0.198794,-0.0172735,-0.00352224,-0.112392,-1.05832,10.6944,10.7473,0,37.8844
6.34,roll -10,-0.769219,0.0309294,-0.106446,0.00646244,-0.174533,0,-0.198834,0.01238,0.00106216,98.0762,98.2162,107.421,2.74576,nan,0.341342,0.34068,0.341793,0.341748,0.341001,0.34068,0.341001,0.341793,0.341748,1,0,0.0683697,0,-0.00493376,0.000523244,-0.000160614,-0.204204,-0.0189255,0,0,0,-0.181428,-0.0113034,-0.00384952,-0.0461022,-0.92956,10.7682,10.8083,0,37.9921
6.35,roll -10,-0.771208,0.0308316,-0.106584,0.00633316,-0.174533,0,-0.199421,0.0125306,0.00152683,98.0603,98.2003,107.449,2.75555,nan,0.342067,0.341075,0.342918,0.341457,0.342673,0.341075,0.342673,0.342918,0.341457,1,0,0.06823,0,-0.00166431,0.000260648,-0.0013445,-0.203828,-0.0184381,0,0,0,-0.201904,-0.0215053,0.00959939,-0.114427,-0.972581,10.8246,10.8688,0,38.0982
6.36,roll -10,-0.773202,0.0307248,-0.106755,0.00663565,-0.174533,0,-0.199794,0.0127058,0.00266014,98.0442,98.1842,107.476,2.76536,nan,0.342793,0.343809,0.341868,0.344932,0.340418,0.343809,0.340418,0.341868,0.344932,1,0,0.0680866,0,-0.00682645,-0.000619519,0.00283694,-0.203304,-0.0194715,0,0,0,-0.189288,-0.0184229,-0.000743934,0.0238002,-0.870434,10.7778,10.813,0,38.2016
6.37,roll -10,-0.775199,0.0306181,-0.106909,0.00665966,-0.174533,0,-0.200059,0.0128097,0.00235907,98.0279,98.1679,107.504,2.77516,nan,0.343521,0.343832,0.343305,0.343942,0.34286,0.343832,0.34286,0.343305,0.343942,1,0,0.0679218,0,-0.00147178,-0.000636673,0.000707021,-0.202858,-0.0193124,0,0,0,-0.192058,-0.0231762,0.0078894,-0.139866,-1.00951,10.7984,10.8463,0,38.3069
6.38,roll -10,-0.777197,0.0305143,-0.106981,0.0066137,-0.174533,0,-0.200029,0.0130149,0.00134825,98.0116,98.1516,107.532,2.78501,nan,0.344251,0.343382,0.345284,0.34412,0.344072,0.343382,0.344072,0.345284,0.34412,1,0,0.0678445,0,-0.00517285,-0.000898855,-0.000815215,-0.202611,-0.019275,0,0,0,-0.190283,-0.0161479,-0.00210277,-0.0692638,-0.997767,10.6777,10.7244,0,38.4171
6.39,roll -10,-0.779194,0.0304094,-0.107251,0.00698565,-0.174533,0,-0.19994,0.0132661,0.00195898,97.9951,98.1351,107.56,2.79492,nan,0.344982,0.344818,0.345233,0.345405,0.344327,0.344818,0.344327,0.345233,0.345405,1,0,0.0676333,0,-0.00396093,-0.00060528,0.000290958,-0.201847,-0.0202179,0,0,0,-0.198698,-0.0157151,0.0109907,-0.166628,-0.96051,10.679,10.7234,0,38.515
6.4,roll -10,-0.781191,0.030302,-0.107316,0.00675951,-0.174533,0,-0.199879,0.0136036,0.00173191,97.9784,98.1184,107.588,2.80489,nan,0.345716,0.344691,0.346556,0.345481,0.345987,0.344691,0.345987,0.346556,0.345481,1,0,0.0675451,0,-0.0036027,0.000419474,-0.00104163,-0.201648,-0.019525,0,0,0,-0.191224,-0.0215116,-0.00777287,-0.129311,-1.06058,10.7912,10.844,0,38.6259
6.41,roll -10,-0.783187,0.0301891,-0.107604,0.00714762,-0.174533,0,-0.199852,0.0138339,0.00240193,97.9616,98.1016,107.616,2.81492,nan,0.346451,0.346519,0.346244,0.347299,0.345593,0.346519,0.345593,0.346244,0.347299,1,0,0.0672798,0,-0.00379512,0.000245381,0.000870958,-0.200745,-0.020831,0,0,0,-0.187432,-0.0156192,-0.00399119,-0.02611,-0.863103,10.8629,10.8971,0,38.7226
6.42,roll -10,-0.785183,0.0300755,-0.107829,0.0072606,-0.174533,0,-0.199809,0.0140165,0.00190482,97.9446,98.0846,107.644,2.82501,nan,0.347188,0.347123,0.347349,0.347318,0.346813,0.347123,0.346813,0.347349,0.347318,1,0,0.0671094,0,-0.00193891,-0.000643669,0.000122417,-0.200227,-0.0208662,0,0,0,-0.203136,-0.0262062,0.00142627,-0.232318,-1.07242,10.8191,10.8746,0,38.8236
6.43,roll -10,-0.787178,0.0299615,-0.107982,0.00747169,-0.174533,0,-0.199619,0.0142295,0.00220547,97.9275,98.0675,107.672,2.83513,nan,0.347927,0.347663,0.348362,0.348133,0.347401,0.347663,0.347401,0.348362,0.348133,1,0,0.0669422,0,-0.00379703,-0.000931655,1.45988e-05,-0.199612,-0.0217482,0,0,0,-0.187076,-0.0145528,0.00469603,-0.0571151,-0.989841,10.8136,10.859,0,38.9284
6.44,roll -10,-0.78917,0.0298461,-0.108391,0.00773595,-0.174533,0,-0.199365,0.0144331,0.00183702,97.9102,98.0502,107.701,2.84532,nan,0.348668,0.347837,0.349272,0.348887,0.348526,0.347837,0.348526,0.349272,0.348887,1,0,0.0665886,0,-0.00476667,0.000576128,-0.000471981,-0.198457,-0.0223108,0,0,0,-0.208213,-0.0102741,0.00314501,-0.111286,-1.13125,10.8146,10.8741,0,39.0183
6.45,roll -10,-0.791159,0.0297319,-0.108567,0.00780038,-0.174533,0,-0.19899,0.0146376,0.0021178,97.8928,98.0328,107.729,2.85555,nan,0.349411,0.348568,0.350117,0.349123,0.349687,0.348568,0.349687,0.350117,0.349123,1,0,0.0663913,0,-0.00261419,0.000234615,-0.000928673,-0.197869,-0.0226006,0,0,0,-0.194669,-0.0193381,0.00808927,-0.100021,-1.06647,10.7436,10.7968,0,39.1218
6.46,roll -10,-0.793145,0.0296121,-0.108779,0.0079118,-0.174533,0,-0.19858,0.0148965,0.00251918,97.8753,98.0153,107.758,2.86584,nan,0.350156,0.350341,0.349893,0.351225,0.349017,0.350341,0.349017,0.349893,0.351225,1,0,0.0661935,0,-0.00467024,1.53426e-05,0.00116778,-0.197238,-0.0228497,0,0,0,-0.188485,-0.0101028,-0.000968813,-0.161467,-0.978361,10.8776,10.9227,0,39.2229
6.47,roll -10,-0.795126,0.0294909,-0.108925,0.00778295,-0.174533,0,-0.198159,0.0151245,0.00186677,97.8576,97.9976,107.787,2.87619,nan,0.350904,0.350969,0.350749,0.351335,0.350412,0.350969,0.350412,0.350749,0.351335,1,0,0.0660781,0,-0.00186518,5.63502e-05,0.000502402,-0.196941,-0.0223173,0,0,0,-0.196647,-0.0161632,-0.00196891,-0.217598,-1.10057,10.8018,10.8599,0,39.3282
6.48,roll -10,-0.797102,0.029368,-0.109342,0.00808595,-0.174533,0,-0.197597,0.015509,0.00264087,97.8397,97.9797,107.815,2.88663,nan,0.351653,0.351231,0.352258,0.351382,0.351592,0.351231,0.351592,0.352258,0.351382,1,0,0.0656545,0,-0.00216658,-0.000974761,-0.000543327,-0.19554,-0.0235201,0,0,0,-0.186391,-0.0185939,-0.00594487,-0.037678,-0.984396,10.8824,10.9269,0,39.4166
6.49,roll -10,-0.799072,0.0292386,-0.109957,0.00821414,-0.174533,0,-0.196845,0.0158985,0.00207499,97.8217,97.9617,107.844,2.89708,nan,0.352405,0.352186,0.352426,0.35237,0.352488,0.352186,0.352488,0.352426,0.35237,1,0,0.0650781,0,-0.000323431,0.00046756,-0.000157257,-0.193759,-0.023635,0,0,0,-0.190305,-0.0163649,-0.00857714,-0.192123,-1.06929,10.8441,10.8984,0,39.4938
6.5,roll -10,-0.801033,0.029113,-0.110096,0.00825254,-0.174533,0,-0.195914,0.0162969,0.00181938,97.8036,97.9436,107.873,2.90757,nan,0.353159,0.353751,0.352797,0.353593,0.352345,0.353751,0.352345,0.352797,0.353593,1,0,0.0649167,0,-0.000781137,-0.00115667,0.000967655,-0.193272,-0.0239222,0,0,0,-0.186579,-0.0208002,0.00288427,-0.0889705,-1.15059,10.7674,10.829,0,39.5979
6.51,roll -10,-0.802983,0.0289869,-0.110671,0.00862832,-0.174533,0,-0.19441,0.0166718,0.00120862,97.7853,97.9253,107.902,2.91809,nan,0.353917,0.35417,0.354073,0.354114,0.353159,0.35417,0.353159,0.354073,0.354114,1,0,0.0644078,0,-0.00227464,-0.00183823,0.000462388,-0.19157,-0.0248878,0,0,0,-0.186483,-0.0147766,0.00160663,-0.184709,-0.987115,10.886,10.9322,0,39.6757
6.52,roll -10,-0.804913,0.0288628,-0.111159,0.00877237,-0.174533,0,-0.192262,0.0170806,0.00127551,97.7668,97.9068,107.932,2.92865,nan,0.35468,0.353772,0.355605,0.354314,0.354875,0.353772,0.354875,0.355605,0.354314,1,0,0.0640439,0,-0.00337427,-0.000354734,-0.0010519,-0.190449,-0.0251272,0,0,0,-0.188461,-0.0270311,0.00710638,-0.196698,-1.23485,10.8774,10.949,0,39.7578
6.53,roll -10,-0.806823,0.0287317,-0.111466,0.00896974,-0.174533,0,-0.190279,0.0175816,0.00106608,97.7482,97.8882,107.961,2.93923,nan,0.35545,0.354611,0.356372,0.355123,0.355539,0.354611,0.355539,0.356372,0.355123,1,0,0.063708,0,-0.00356715,-0.000606748,-0.000957061,-0.1893,-0.0262017,0,0,0,-0.191468,-0.0118393,0.00317522,0.0607202,-1.09543,10.7876,10.8433,0,39.8491
6.54,roll -10,-0.808713,0.0285988,-0.111971,0.00899142,-0.174533,0,-0.188375,0.0182382,0.00119042,97.7294,97.8694,107.99,2.94979,nan,0.356227,0.356371,0.355924,0.357093,0.355362,0.356371,0.355362,0.355924,0.357093,1,0,0.0631629,0,-0.00340587,0.000302857,0.000957192,-0.187654,-0.0259486,0,0,0,-0.182205,-0.0215712,0.00715362,-0.13981,-1.05137,10.8005,10.8524,0,39.9282
6.55,roll -10,-0.810585,0.0284635,-0.112548,0.00891929,-0.174533,0,-0.186563,0.01883,0.00147107,97.7105,97.8505,108.02,2.96034,nan,0.35701,0.357658,0.35626,0.357669,0.356295,0.357658,0.356295,0.35626,0.357669,1,0,0.0626093,0,6.34558e-05,8.74736e-05,0.00121834,-0.18611,-0.0255075,0,0,0,-0.180509,-0.0208256,-0.00113551,-0.137018,-1.21903,10.9153,10.984,0,40.0023
6.56,roll -10,-0.812438,0.028323,-0.113211,0.00902753,-0.174533,0,-0.18489,0.0193266,0.00134479,97.6914,97.8314,108.05,2.97091,nan,0.357799,0.357991,0.357991,0.358492,0.356563,0.357991,0.356563,0.357991,0.358492,1,0,0.0619276,0,-0.00511284,-0.00175639,0.000847804,-0.18394,-0.0261853,0,0,0,-0.18075,-0.016664,-0.0206807,-0.0856528,-1.18655,10.7592,10.8248,0,40.0702
6.57,roll -10,-0.814276,0.0281795,-0.114013,0.00880193,-0.174533,0,-0.183404,0.0197433,0.00202706,97.6722,97.8122,108.079,2.98147,nan,0.358593,0.35831,0.358516,0.359204,0.358185,0.35831,0.358185,0.358516,0.359204,1,0,0.061102,0,-0.00324919,0.00106747,0.000357588,-0.181538,-0.0252595,0,0,0,-0.165055,-0.0235757,-0.00295451,-0.155922,-1.12668,10.7308,10.7909,0,40.1298
6.58,roll -10,-0.8161,0.0280294,-0.114305,0.00877715,-0.174533,0,-0.181996,0.0200236,0.00164424,97.6528,97.7928,108.109,2.99199,nan,0.359394,0.359872,0.358928,0.359889,0.358725,0.359872,0.358725,0.358928,0.359889,1,0,0.0608164,0,-0.000585391,-0.000350871,0.000926502,-0.180727,-0.0251216,0,0,0,-0.17802,-0.0273818,0.00162803,-0.135548,-1.20881,10.8805,10.9483,0,40.2174
6.59,roll -10,-0.817909,0.0278808,-0.115098,0.00902027,-0.174533,0,-0.180441,0.0201857,0.00179,97.6333,97.7733,108.139,3.00248,nan,0.360199,0.359073,0.361665,0.359069,0.360827,0.359073,0.360827,0.361665,0.359069,1,0,0.0600867,0,-0.00221041,-0.00159464,-0.00191183,-0.178319,-0.0262111,0,0,0,-0.172757,-0.0256852,-0.00582516,-0.0429454,-1.16941,10.7062,10.7699,0,40.2749
6.6,roll -10,-0.819701,0.0277269,-0.115893,0.00921449,-0.174533,0,-0.178701,0.0203171,0.00286219,97.6135,97.7535,108.169,3.01291,nan,0.361009,0.36069,0.361209,0.360852,0.361124,0.36069,0.361124,0.361209,0.360852,1,0,0.0593077,0,-0.000655322,0.000146004,-0.000348225,-0.175908,-0.0264348,0,0,0,-0.169539,-0.0269084,0.00729379,-0.197432,-1.08414,10.7067,10.7632,0,40.3316
6.61,roll -10,-0.821476,0.0275653,-0.116389,0.00915553,-0.174533,0,-0.176822,0.0203832,0.00359237,97.5937,97.7337,108.199,3.02328,nan,0.361824,0.362074,0.361889,0.36223,0.360941,0.362074,0.360941,0.361889,0.36223,1,0,0.0588962,0,-0.00292879,-0.00150086,0.000647831,-0.174732,-0.0261075,0,0,0,-0.169751,-0.0337637,0.00464892,-0.177117,-1.27019,10.7472,10.8234,0,40.4048
6.62,roll -10,-0.823232,0.0274011,-0.117222,0.00917145,-0.174533,0,-0.175012,0.0206101,0.00371033,97.5736,97.7136,108.23,3.0336,nan,0.362644,0.362193,0.363242,0.362127,0.362849,0.362193,0.362849,0.363242,0.362127,1,0,0.0580028,0,-0.000867263,-0.000869148,-0.00077812,-0.17192,-0.0265682,0,0,0,-0.168416,-0.024607,-0.00290439,0.0192527,-1.06582,10.7595,10.8122,0,40.4574
6.63,roll -10,-0.82497,0.0272327,-0.11799,0.00957905,-0.174533,0,-0.173207,0.0209262,0.00333625,97.5534,97.6934,108.26,3.04391,nan,0.363468,0.363404,0.363482,0.363789,0.363031,0.363404,0.363031,0.363482,0.363789,1,0,0.0572622,0,-0.00222094,-0.000125594,0.000298692,-0.169571,-0.0275704,0,0,0,-0.16322,-0.0206056,-0.00592107,-0.121541,-1.12245,10.6829,10.7424,0,40.5121
6.64,roll -10,-0.82669,0.0270649,-0.118664,0.00933786,-0.174533,0,-0.171323,0.0212556,0.0037898,97.533,97.673,108.291,3.05416,nan,0.364296,0.364453,0.3639,0.364911,0.363753,0.364453,0.363753,0.3639,0.364911,1,0,0.0565878,0,-0.00160477,0.000588949,0.000751747,-0.167655,-0.0266573,0,0,0,-0.166584,-0.0211556,0.000206688,-0.10322,-1.27819,10.7434,10.8197,0,40.5723
6.65,roll -10,-0.828391,0.0268967,-0.119044,0.00951846,-0.174533,0,-0.169569,0.0216031,0.00279684,97.5125,97.6525,108.321,3.06436,nan,0.365127,0.365372,0.365219,0.365489,0.364261,0.365372,0.364261,0.365219,0.365489,1,0,0.056309,0,-0.00285142,-0.00159166,0.000607056,-0.166675,-0.0277127,0,0,0,-0.169985,-0.0285083,-0.0167264,0.0115729,-1.26191,10.6934,10.7676,0,40.6474
6.66,roll -10,-0.830076,0.0267304,-0.120244,0.0100069,-0.174533,0,-0.168384,0.0218596,0.0024366,97.4918,97.6318,108.352,3.07455,nan,0.365961,0.364564,0.367293,0.36497,0.366848,0.364564,0.366848,0.367293,0.36497,1,0,0.0551235,0,-0.00225729,-7.53013e-05,-0.00202486,-0.162825,-0.0288278,0,0,0,-0.172176,-0.022774,-0.0032354,-0.114763,-1.14512,10.7685,10.8298,0,40.6743
6.67,roll -10,-0.831752,0.0265603,-0.120738,0.00979741,-0.174533,0,-0.167376,0.0220067,0.00352659,97.4709,97.6109,108.383,3.08472,nan,0.366795,0.365972,0.367205,0.366555,0.367281,0.365972,0.367281,0.367205,0.366555,1,0,0.0545932,0,-0.00134185,0.00124974,-0.000861107,-0.161315,-0.0282004,0,0,0,-0.15292,-0.0294957,-0.0123309,-0.108853,-1.23421,10.7274,10.7988,0,40.7422
6.68,roll -10,-0.833417,0.0263886,-0.121123,0.00969479,-0.174533,0,-0.16641,0.02206,0.00231152,97.4499,97.5899,108.414,3.09491,nan,0.36763,0.367863,0.367628,0.368234,0.366626,0.367863,0.366626,0.367628,0.368234,1,0,0.0542031,0,-0.00364231,-0.00119521,0.000809911,-0.16018,-0.0278604,0,0,0,-0.161598,-0.0396126,-0.00858554,-0.126449,-1.21552,10.7467,10.8159,0,40.8156
6.69,roll -10,-0.835072,0.0262219,-0.122018,0.0101915,-0.174533,0,-0.165415,0.022224,0.00289407,97.4287,97.5687,108.445,3.1051,nan,0.368465,0.368103,0.368889,0.368071,0.368628,0.368103,0.368628,0.368889,0.368071,1,0,0.0534098,0,-0.000605909,-0.00055434,-0.00059006,-0.157505,-0.0294087,0,0,0,-0.167123,-0.0232633,-0.00469138,-0.0758174,-1.16248,10.8191,10.8816,0,40.8582
6.7,roll -10,-0.836717,0.0260514,-0.122716,0.0107776,-0.174533,0,-0.164243,0.0224846,0.00219919,97.4073,97.5473,108.476,3.11533,nan,0.3693,0.370759,0.36794,0.370508,0.367827,0.370759,0.367827,0.36794,0.370508,1,0,0.0528308,0,0.000365771,-0.000689389,0.00241673,-0.155411,-0.0309448,0,0,0,-0.150736,-0.0219618,0.00673637,-0.155553,-1.2338,10.6951,10.7672,0,40.9114
6.71,roll -10,-0.838349,0.0258862,-0.123578,0.0104546,-0.174533,0,-0.162867,0.0228759,0.0014388,97.3857,97.5257,108.507,3.12558,nan,0.370136,0.369571,0.370893,0.369355,0.370558,0.369571,0.370558,0.370893,0.369355,1,0,0.0520212,0,-0.000315371,-0.00104469,-0.00110977,-0.153206,-0.0298137,0,0,0,-0.170632,-0.024424,0.00322893,-0.218647,-1.38421,10.9105,11.0001,0,40.9559
6.72,roll -10,-0.839966,0.0257202,-0.124144,0.010537,-0.174533,0,-0.161301,0.0232789,0.00183353,97.364,97.504,108.538,3.13588,nan,0.370973,0.370577,0.371502,0.370526,0.371119,0.370577,0.371119,0.371502,0.370526,1,0,0.051394,0,-0.00087967,-0.0008204,-0.000667119,-0.151128,-0.0304346,0,0,0,-0.151835,-0.0266964,-0.00117385,-0.0754445,-1.25235,10.739,10.8121,0,41.0159
6.73,roll -10,-0.841567,0.0255487,-0.125451,0.0105734,-0.174533,0,-0.159616,0.0236154,0.00215978,97.3422,97.4822,108.57,3.14623,nan,0.37181,0.37092,0.373088,0.37082,0.372243,0.37092,0.372243,0.373088,0.37082,1,0,0.0500924,0,-0.00197791,-0.00178903,-0.00157854,-0.147186,-0.0303365,0,0,0,-0.152432,-0.0194754,0.00637729,-0.165315,-1.0932,10.8312,10.8875,0,41.0325
6.74,roll -10,-0.843151,0.0253728,-0.126253,0.010494,-0.174533,0,-0.157778,0.0240034,0.00259318,97.3201,97.4601,108.601,3.15663,nan,0.372647,0.373538,0.371806,0.373636,0.371441,0.373538,0.371441,0.371806,0.373636,1,0,0.049436,0,-0.00122684,-0.000508327,0.00172634,-0.145247,-0.0299054,0,0,0,-0.151149,-0.027316,0.00363794,-0.236823,-1.44787,10.7185,10.8184,0,41.0773
6.75,roll -10,-0.844716,0.0251945,-0.126896,0.0106068,-0.174533,0,-0.155884,0.0243353,0.00213426,97.2979,97.4379,108.633,3.16706,nan,0.373485,0.37475,0.372651,0.373676,0.372693,0.37475,0.372693,0.372651,0.373676,1,0,0.0488684,0,0.00296301,-0.0019567,0.00135445,-0.143442,-0.0304906,0,0,0,-0.153075,-0.0212578,-0.000242373,-0.106738,-1.44008,10.7561,10.8526,0,41.1298
6.76,roll -10,-0.84626,0.0250173,-0.127613,0.0106246,-0.174533,0,-0.153768,0.0246457,0.00186561,97.2755,97.4155,108.664,3.17753,nan,0.374322,0.375249,0.373727,0.374514,0.373633,0.375249,0.373633,0.373727,0.374514,1,0,0.047997,0,0.00170122,-0.00157117,0.00105612,-0.140705,-0.030631,0,0,0,-0.139787,-0.0328602,-0.00489735,-0.0737182,-1.28708,10.7629,10.8398,0,41.1771
6.77,roll -10,-0.847782,0.0248423,-0.128513,0.0108511,-0.174533,0,-0.151415,0.0249385,0.00182655,97.253,97.393,108.696,3.18801,nan,0.37516,0.374806,0.375002,0.375164,0.375502,0.374806,0.375502,0.375002,0.375164,1,0,0.0472156,0,0.000378936,0.00162693,-0.000235119,-0.138121,-0.0314048,0,0,0,-0.143026,-0.041266,0.00340292,-0.0219298,-1.32715,10.7573,10.8389,0,41.2123
6.78,roll -10,-0.849281,0.0246673,-0.1294,0.0105341,-0.174533,0,-0.149082,0.0251383,0.000787924,97.2303,97.3703,108.728,3.19855,nan,0.375998,0.374877,0.376645,0.374627,0.377676,0.374877,0.377676,0.376645,0.374627,1,0,0.04638,0,0.00340039,0.00148108,-0.00211694,-0.135852,-0.0299804,0,0,0,-0.152189,-0.038284,0.00208852,-0.133079,-1.42521,10.8115,10.9059,0,41.2477
6.79,roll -10,-0.850756,0.0244908,-0.130109,0.0107675,-0.174533,0,-0.146592,0.0252895,0.00189966,97.2074,97.3474,108.76,3.20914,nan,0.376836,0.376164,0.377464,0.375764,0.377786,0.376164,0.377786,0.377464,0.375764,1,0,0.0457225,0,0.00191576,-0.000146838,-0.00145973,-0.133606,-0.0311059,0,0,0,-0.151337,-0.0314172,-0.000402282,-0.0568973,-1.43127,10.7861,10.8808,0,41.2911
6.8,roll -10,-0.852205,0.0243076,-0.130645,0.0110907,-0.174533,0,-0.144099,0.0253517,0.00156824,97.1843,97.3243,108.792,3.21978,nan,0.377674,0.376875,0.378804,0.376424,0.378425,0.376875,0.378425,0.378804,0.376424,1,0,0.0451293,0,0.00019082,-0.0015725,-0.00172724,-0.131592,-0.0318759,0,0,0,-0.122844,-0.0240245,-0.00955571,-0.0834177,-1.34217,10.8329,10.916,0,41.343
6.81,roll -10,-0.85363,0.024124,-0.131477,0.0109685,-0.174533,0,-0.14161,0.0255074,0.00252609,97.1611,97.3011,108.825,3.23045,nan,0.378512,0.379023,0.378023,0.379207,0.377627,0.379023,0.377627,0.378023,0.379207,1,0,0.0442598,0,-0.00153644,-0.000400619,0.00113347,-0.129097,-0.0312963,0,0,0,-0.135627,-0.0318835,-0.00848957,-0.144813,-1.33591,10.7827,10.8662,0,41.377
6.82,roll -10,-0.855031,0.0239377,-0.132148,0.0107376,-0.174533,0,-0.139288,0.0257791,0.00252447,97.1377,97.2777,108.857,3.2412,nan,0.379349,0.37866,0.380134,0.37802,0.380414,0.37866,0.380414,0.380134,0.37802,1,0,0.0437668,0,0.00244298,-0.000681757,-0.00170024,-0.127667,-0.030577,0,0,0,-0.142298,-0.0222916,-0.00633049,-0.135235,-1.5127,10.906,11.0112,0,41.419
6.83,roll -10,-0.856408,0.0237497,-0.132888,0.010618,-0.174533,0,-0.136991,0.0260138,0.00194985,97.1142,97.2542,108.889,3.25203,nan,0.380186,0.379645,0.380878,0.379265,0.380786,0.379645,0.380786,0.380878,0.379265,1,0,0.042964,0,0.000764566,-0.000895181,-0.00121069,-0.125243,-0.0305511,0,0,0,-0.128806,-0.0229105,-0.0012843,-0.0626554,-1.45882,10.7704,10.8689,0,41.4556
6.84,roll -10,-0.857763,0.0235621,-0.133776,0.0106909,-0.174533,0,-0.134605,0.0261467,0.00196212,97.0905,97.2305,108.922,3.26291,nan,0.381022,0.381303,0.380691,0.381366,0.38056,0.381303,0.38056,0.380691,0.381366,1,0,0.0419873,0,-0.000514707,-0.000127762,0.000622786,-0.122222,-0.0306489,0,0,0,-0.125653,-0.0305568,-0.00678699,-0.0286421,-1.32967,10.9045,10.9853,0,41.4821
6.85,roll -10,-0.859093,0.0233783,-0.134376,0.0109632,-0.174533,0,-0.13221,0.0261243,0.00197647,97.0666,97.2066,108.955,3.27386,nan,0.381857,0.381192,0.382192,0.381158,0.382719,0.381192,0.382719,0.382192,0.381158,1,0,0.0414845,0,0.00149047,0.000932464,-0.00112603,-0.120532,-0.0310067,0,0,0,-0.135609,-0.0316781,-0.00756806,-0.206309,-1.38958,10.6872,10.7791,0,41.5235
6.86,roll -10,-0.860399,0.02319,-0.134884,0.0108544,-0.174533,0,-0.12973,0.0259593,0.00287474,97.0425,97.1825,108.987,3.28488,nan,0.382692,0.383419,0.382071,0.383125,0.381986,0.383419,0.381986,0.382071,0.383125,1,0,0.0411092,0,0.000552385,-0.000716615,0.00109272,-0.119419,-0.0307732,0,0,0,-0.13177,-0.0315532,-0.00339034,-0.166782,-1.56889,10.9306,11.0439,0,41.5693
6.87,roll -10,-0.86168,0.0230048,-0.135151,0.0108907,-0.174533,0,-0.127077,0.0259026,0.00149054,97.0183,97.1583,109.02,3.29596,nan,0.383528,0.383304,0.383922,0.383182,0.383536,0.383304,0.383536,0.383922,0.383182,1,0,0.0407071,0,-0.000702701,-0.000962611,-0.000427274,-0.118069,-0.0311163,0,0,0,-0.123773,-0.0304187,0.00357714,-0.0960634,-1.40346,10.7308,10.8226,0,41.6272
6.88,roll -10,-0.862934,0.0228229,-0.135928,0.0111267,-0.174533,0,-0.124516,0.0258633,0.00173956,96.9939,97.1339,109.053,3.30708,nan,0.384365,0.383579,0.38532,0.383061,0.385331,0.383579,0.385331,0.38532,0.383061,1,0,0.0399861,0,0.00140194,-0.000960839,-0.00176248,-0.115722,-0.0317378,0,0,0,-0.120626,-0.0251562,0.00232583,-0.0888983,-1.3419,10.8194,10.9027,0,41.6542
6.89,roll -10,-0.864163,0.0226383,-0.136908,0.0114309,-0.174533,0,-0.122008,0.0258242,0.0022291,96.9694,97.1094,109.086,3.31823,nan,0.385202,0.384163,0.386017,0.384026,0.386437,0.384163,0.386437,0.386017,0.384026,1,0,0.0391363,0,0.00147695,0.000536155,-0.00187445,-0.112982,-0.0322506,0,0,0,-0.114456,-0.0220173,0.00726594,-0.247162,-1.44822,10.7765,10.8762,0,41.6681
6.9,roll -10,-0.865367,0.0224546,-0.137594,0.0111633,-0.174533,0,-0.119528,0.0257813,0.0016066,96.9446,97.0846,109.12,3.32939,nan,0.386041,0.386824,0.385309,0.386738,0.385125,0.386824,0.385125,0.385309,0.386738,1,0,0.0384727,0,-0.000258151,-0.000511416,0.00137477,-0.111077,-0.0314526,0,0,0,-0.111152,-0.0279685,-0.0024675,-0.239353,-1.53951,10.8997,11.0105,0,41.6981
6.91,roll -10,-0.866547,0.022275,-0.138276,0.0109718,-0.174533,0,-0.117179,0.0258066,0.00196922,96.9198,97.0598,109.153,3.34058,nan,0.38688,0.386558,0.387446,0.386533,0.386817,0.386558,0.386817,0.387446,0.386533,1,0,0.0377911,0,-0.00160075,-0.0012381,-0.000515099,-0.108905,-0.0314498,0,0,0,-0.11473,-0.0320361,-0.00282843,-0.0419137,-1.47686,10.7233,10.8246,0,41.7267
6.92,roll -10,-0.867705,0.0220931,-0.139113,0.0113164,-0.174533,0,-0.115104,0.0259653,0.00162898,96.8947,97.0347,109.187,3.35177,nan,0.38772,0.387384,0.387979,0.387392,0.387957,0.387384,0.387957,0.387979,0.387392,1,0,0.037007,0,-8.20864e-05,-2.70871e-05,-0.000510014,-0.106185,-0.0322724,0,0,0,-0.114472,-0.0270713,-0.00188893,-0.0774849,-1.42316,10.8362,10.9296,0,41.7447
6.93,roll -10,-0.868842,0.021909,-0.140192,0.0114026,-0.174533,0,-0.113064,0.0261437,0.00225881,96.8695,97.0095,109.22,3.36299,nan,0.38856,0.388434,0.389031,0.38824,0.388366,0.388434,0.388366,0.389031,0.38824,1,0,0.035968,0,-0.00124767,-0.001626,-0.000317585,-0.103049,-0.0321189,0,0,0,-0.0953511,-0.036536,0.0096771,-0.227303,-1.48125,10.8752,10.978,0,41.7479
6.94,roll -10,-0.869959,0.0217221,-0.141129,0.011216,-0.174533,0,-0.111107,0.0263343,0.0021006,96.8441,96.9841,109.254,3.37424,nan,0.3894,0.389581,0.389444,0.389436,0.388969,0.389581,0.388969,0.389444,0.389436,1,0,0.0351567,0,-0.0008743,-0.00117316,0.000265297,-0.100592,-0.0315907,0,0,0,-0.100292,-0.0319603,0.00481596,-0.21505,-1.63509,10.8511,10.9757,0,41.7583
6.95,roll -10,-0.871057,0.0215394,-0.141988,0.0113524,-0.174533,0,-0.109362,0.0265476,0.00182502,96.8185,96.9585,109.288,3.3855,nan,0.390239,0.390027,0.3906,0.389728,0.390434,0.390027,0.390434,0.3906,0.389728,1,0,0.0344026,0,0.000351607,-0.000880139,-0.000562312,-0.0981,-0.032134,0,0,0,-0.100835,-0.0262244,-0.000327244,-0.128495,-1.58698,10.8603,10.9764,0,41.7718
6.96,roll -10,-0.872139,0.0213534,-0.142888,0.0117195,-0.174533,0,-0.107588,0.0266623,0.00197521,96.7928,96.9328,109.321,3.39676,nan,0.391079,0.391492,0.390979,0.391495,0.39018,0.391492,0.39018,0.390979,0.391495,1,0,0.0335961,0,-0.00212664,-0.00150757,0.00080322,-0.0950578,-0.0335272,0,0,0,-0.101904,-0.0313182,-0.00108488,-0.0517616,-1.55181,10.887,10.9971,0,41.7819
6.97,roll -10,-0.873201,0.021168,-0.143632,0.0119839,-0.174533,0,-0.105665,0.0268573,0.0017976,96.7669,96.9069,109.356,3.40804,nan,0.391918,0.391655,0.392302,0.391095,0.39245,0.391655,0.39245,0.392302,0.391095,1,0,0.0328788,0,0.00187795,-0.0007807,-0.000879584,-0.0925923,-0.0339217,0,0,0,-0.105012,-0.0274874,0.00508464,-0.150579,-1.47427,10.8569,10.9576,0,41.7998
6.98,roll -10,-0.874244,0.0209777,-0.144665,0.011735,-0.174533,0,-0.103564,0.0271451,0.00283029,96.7408,96.8808,109.39,3.41933,nan,0.392756,0.393286,0.391703,0.393493,0.392375,0.393286,0.392375,0.391703,0.393493,1,0,0.0318997,0,0.00123308,0.00166825,0.00118711,-0.0898612,-0.0329517,0,0,0,-0.095196,-0.0396871,-0.00445841,-0.278545,-1.62333,10.8148,10.9395,0,41.8006
6.99,roll -10,-0.875265,0.0207825,-0.145563,0.0118908,-0.174533,0,-0.101444,0.0273178,0.00238389,96.7146,96.8546,109.424,3.43064,nan,0.393594,0.394114,0.393297,0.393242,0.393556,0.394114,0.393556,0.393297,0.393242,1,0,0.0312121,0,0.00299828,-0.00116162,0.000221227,-0.0873803,-0.0336311,0,0,0,-0.100545,-0.0334531,0.00793398,-0.146983,-1.74901,10.805,10.9467,0,41.8075
7,level,-0.876265,0.0205893,-0.146318,0.0122207,0,0,-0.0991301,0.0275297,0.00224116,96.6882,96.8282,109.458,3.44195,nan,0.394431,0.395185,0.39406,0.394771,0.393542,0.395185,0.393542,0.39406,0.394771,1,0,0.0305091,0,-0.000274851,-0.00176365,0.00103453,-0.0846895,-0.0348706,0,0,0,-0.0975283,-0.0297565,0.0102226,0.00161848,-1.51888,10.7444,10.8512,0,41.8212
7.01,level,-0.877226,0.0203982,-0.147354,0.0121925,0,0,-0.0905764,0.0278643,0.00200626,96.6616,96.8016,109.493,3.45325,nan,0.395267,0.40564,0.385032,0.384908,0.405323,0.40564,0.405323,0.385032,0.384908,1,0,0.147903,0,0.108821,-0.000835961,8.48861e-05,0.441776,-0.0368172,0,0,0,-0.0896289,-0.0144877,0.00682981,-0.106526,-1.54697,10.8439,10.9542,0,41.8169
7.02,level,-0.878017,0.0202036,-0.148098,0.0122024,0,0,-0.0645962,0.0283401,0.0022737,96.6349,96.7749,109.527,3.46457,nan,0.396102,0.40548,0.386423,0.385977,0.406359,0.40548,0.406359,0.386423,0.385977,1,0,0.148578,0,0.104617,0.000820308,-0.000582357,0.443827,-0.0364512,0,0,0,-0.0584445,-0.0275191,0.00398093,-0.241477,-1.57815,10.7064,10.8248,0,41.8196
7.03,level,-0.878482,0.0199997,-0.148349,0.0119827,0,0,-0.0254866,0.0287428,0.00305363,96.608,96.748,109.562,3.47589,nan,0.396931,0.405735,0.38812,0.387496,0.406209,0.405735,0.406209,0.38812,0.387496,1,0,0.148753,0,0.0963673,-0.000283921,-0.000483045,0.444415,-0.0358649,0,0,0,-0.0199815,-0.0429273,0.00150965,-0.262656,-1.71737,10.8756,11.0135,0,41.832
7.04,level,-0.878511,0.0197913,-0.148303,0.0119897,0,0,0.022559,0.0292275,0.00352607,96.5809,96.7209,109.597,3.48724,nan,0.397753,0.40759,0.388414,0.390389,0.404458,0.40759,0.404458,0.388414,0.390389,1,0,0.148791,0,0.0881881,-0.00219136,0.00224453,0.44448,-0.0364247,0,0,0,0.0119706,-0.0372996,-0.00446096,-0.0849057,-1.62227,10.8406,10.9616,0,41.8363
7.05,level,-0.878031,0.0195775,-0.148018,0.0122013,0,0,0.0759079,0.0298181,0.00348411,96.5537,96.6937,109.632,3.49865,nan,0.398563,0.406073,0.391016,0.391917,0.405087,0.406073,0.405087,0.391016,0.391917,1,0,0.148643,0,0.074879,-0.000161003,0.000829909,0.444027,-0.0366213,0,0,0,0.0881676,-0.0241685,-0.00434511,-0.141614,-1.60943,10.899,11.0181,0,41.825
7.06,level,-0.877005,0.0193609,-0.147773,0.0120863,0,0,0.131327,0.0302896,0.00332312,96.5263,96.6663,109.667,3.51018,nan,0.399356,0.404942,0.393254,0.393266,0.405805,0.404942,0.405805,0.393254,0.393266,1,0,0.14828,0,0.0642668,0.00165742,-0.000373899,0.442955,-0.0361269,0,0,0,0.131022,-0.0249658,0.000938042,-0.185076,-1.64001,10.8332,10.9582,0,41.7803
7.07,level,-0.875426,0.0191424,-0.146845,0.0117075,0,0,0.18599,0.0305575,0.00328344,96.4988,96.6388,109.702,3.52188,nan,0.400126,0.404617,0.39559,0.394659,0.405487,0.404617,0.405487,0.39559,0.394659,1,0,0.147328,0,0.0526683,-0.000114412,-0.000791897,0.440211,-0.035048,0,0,0,0.19706,-0.036399,0.00810068,-0.325415,-1.81631,11.0693,11.2221,0,41.7433
7.08,level,-0.873314,0.0189218,-0.145669,0.0121048,0,0,0.237507,0.0306863,0.00248758,96.4711,96.6111,109.737,3.53378,nan,0.400869,0.404528,0.39733,0.396555,0.404917,0.404528,0.404917,0.39733,0.396555,1,0,0.146188,0,0.0412731,-0.000732849,-0.000511544,0.436658,-0.036439,0,0,0,0.239163,-0.0321676,-0.00205367,-0.145515,-1.77224,10.9649,11.1082,0,41.6894
7.09,level,-0.870707,0.0187083,-0.143949,0.0122793,0,0,0.284436,0.0308377,0.00156037,96.4432,96.5832,109.773,3.54593,nan,0.401579,0.404625,0.398657,0.398789,0.404107,0.404625,0.404107,0.398657,0.398789,1,0,0.144591,0,0.0299376,-0.000732179,0.000285712,0.431801,-0.0372545,0,0,0,0.293332,-0.0235489,0.0059814,-0.120419,-1.61663,11.1039,11.2216,0,41.6385
7.1,level,-0.867658,0.0184988,-0.142334,0.0117376,0,0,0.325554,0.0309858,0.00116106,96.4152,96.5552,109.808,3.55839,nan,0.402254,0.405252,0.399444,0.401434,0.402754,0.405252,0.402754,0.399444,0.401434,1,0,0.142893,0,0.0189087,-0.000962316,0.00197261,0.426878,-0.0351685,0,0,0,0.330115,-0.0323836,-0.00896787,-0.297089,-1.80906,11.1215,11.2716,0,41.5568
7.11,level,-0.864228,0.0182892,-0.140298,0.0118202,0,0,0.360167,0.0310643,0.0015255,96.3871,96.5271,109.844,3.57121,nan,0.402889,0.403335,0.402262,0.401572,0.404266,0.403335,0.404266,0.402262,0.401572,1,0,0.140874,0,0.0099947,0.000456584,-0.000712406,0.420777,-0.035646,0,0,0,0.363235,-0.0342784,-0.0014462,-0.107005,-1.73449,11.1003,11.2355,0,41.4769
7.12,level,-0.860485,0.0180763,-0.138307,0.011933,0,0,0.38802,0.0309908,0.00132505,96.3589,96.4989,109.88,3.58443,nan,0.403482,0.403312,0.40347,0.402384,0.40465,0.403312,0.40465,0.40347,0.402384,1,0,0.138933,0,0.00559088,0.000478334,-0.00106539,0.41494,-0.0357401,0,0,0,0.396054,-0.0387477,0.0040906,-0.236996,-1.68404,11.2811,11.4086,0,41.3764
7.13,level,-0.856494,0.0178611,-0.13602,0.0115219,0,0,0.409192,0.0308547,0.00211639,96.3305,96.4705,109.915,3.5981,nan,0.404032,0.403611,0.404598,0.404024,0.403788,0.403611,0.403788,0.404598,0.404024,1,0,0.136614,0,-0.00324377,-0.000751471,-0.000329861,0.408056,-0.0346812,0,0,0,0.42023,-0.0318448,-0.00246765,-0.142042,-1.80186,11.2381,11.3825,0,41.2791
7.14,level,-0.852324,0.01764,-0.133609,0.0114555,0,0,0.423946,0.0307773,0.00222899,96.3021,96.4421,109.952,3.61227,nan,0.404535,0.403345,0.405668,0.405043,0.40399,0.403345,0.40399,0.405668,0.405043,1,0,0.134211,0,-0.00895751,3.83586e-05,-0.000558006,0.400865,-0.0344315,0,0,0,0.432263,-0.0270394,0.00114212,-0.161564,-1.702,11.3949,11.5224,0,41.1783
7.15,level,-0.848033,0.0174219,-0.13119,0.011219,0,0,0.432886,0.0306825,0.00203863,96.2735,96.4135,109.988,3.62698,nan,0.404993,0.404167,0.405794,0.405918,0.404008,0.404167,0.404008,0.405794,0.405918,1,0,0.131787,0,-0.00938339,-6.57231e-05,0.000124882,0.393628,-0.033814,0,0,0,0.435791,-0.0307393,-0.00268937,-0.0731568,-1.9493,11.3928,11.5585,0,41.0713
7.16,level,-0.843679,0.0172039,-0.128728,0.0111754,0,0,0.436527,0.0305574,0.00211673,96.2449,96.3849,110.024,3.64227,nan,0.405406,0.405428,0.405455,0.40747,0.403192,0.405428,0.403192,0.405455,0.40747,1,0,0.129337,0,-0.0114186,-0.00041956,0.00186821,0.38629,-0.0335914,0,0,0,0.454453,-0.0381766,-0.00793693,-0.206495,-1.84852,11.4975,11.647,0,40.9629
7.17,level,-0.839311,0.0169898,-0.126235,0.0109009,0,0,0.435481,0.0303721,0.00131203,96.2162,96.3562,110.061,3.65815,nan,0.405773,0.405242,0.406561,0.406658,0.404561,0.405242,0.404561,0.406561,0.406658,1,0,0.12683,0,-0.00905927,-0.00110479,0.000342376,0.378805,-0.0328518,0,0,0,0.443558,-0.0312808,-0.00580163,-0.0765046,-1.8744,11.4743,11.6267,0,40.8557
7.18,level,-0.834973,0.016777,-0.123762,0.0108717,0,0,0.430635,0.0301854,0.00189635,96.1874,96.3274,110.097,3.67457,nan,0.406097,0.40555,0.406208,0.408683,0.403884,0.40555,0.403884,0.406208,0.408683,1,0,0.12436,0,-0.0144738,0.00153117,0.00181974,0.371413,-0.0326138,0,0,0,0.435803,-0.0366759,0.011259,-0.323577,-1.92014,11.6921,11.8531,0,40.7488
7.19,level,-0.830699,0.0165627,-0.121372,0.0107368,0,0,0.422588,0.0299858,0.00155776,96.1586,96.2986,110.134,3.6916,nan,0.406378,0.404667,0.407947,0.407354,0.405493,0.404667,0.405493,0.407947,0.407354,1,0,0.121954,0,-0.013638,0.000440176,-0.000624141,0.364229,-0.0322798,0,0,0,0.431469,-0.0343435,-0.00103097,-0.185186,-1.84749,11.7395,11.8854,0,40.641
7.2,level,-0.826517,0.0163476,-0.119065,0.0105992,0,0,0.412178,0.0298178,0.0022652,96.1297,96.2697,110.171,3.7092,nan,0.40662,0.405711,0.40755,0.408076,0.405099,0.405711,0.405099,0.40755,0.408076,1,0,0.11964,0,-0.0127762,-0.000164374,0.000500174,0.35731,-0.0319483,0,0,0,0.423754,-0.035618,-0.00248398,-0.0475995,-1.96367,11.645,11.8095,0,40.5337
7.21,level,-0.822449,0.0161271,-0.116919,0.010389,0,0,0.399987,0.0296503,0.002962,96.1007,96.2407,110.208,3.72738,nan,0.406824,0.406658,0.407014,0.408776,0.404811,0.406658,0.404811,0.407014,0.408776,1,0,0.117481,0,-0.0114601,-0.000159505,0.00158587,0.350864,-0.031245,0,0,0,0.411046,-0.0434395,0.00628472,-0.213281,-2.07089,11.879,12.0601,0,40.4237
7.22,level,-0.818508,0.0159084,-0.114883,0.0103401,0,0,0.38676,0.0294313,0.00171518,96.0718,96.2118,110.246,3.74611,nan,0.406993,0.405426,0.408458,0.407232,0.406824,0.405426,0.406824,0.408458,0.407232,1,0,0.115445,0,-0.00912299,0.000325564,-0.00115354,0.344767,-0.0310263,0,0,0,0.400978,-0.0391184,-0.00709413,-0.356753,-1.98732,11.779,11.9508,0,40.3146
7.23,level,-0.814702,0.0156933,-0.112986,0.0102069,0,0,0.37314,0.0290715,0.00176777,96.0428,96.1828,110.283,3.76534,nan,0.407129,0.405437,0.408883,0.407063,0.407108,0.405437,0.407108,0.408883,0.407063,1,0,0.113534,0,-0.00902285,-0.000284345,-0.0015344,0.339041,-0.0307016,0,0,0,0.383547,-0.0249873,0.00455507,-0.131088,-1.86254,11.9385,12.0836,0,40.2053
7.24,level,-0.811033,0.0154815,-0.111228,0.0100023,0,0,0.359378,0.0286276,0.00187091,96.0137,96.1537,110.321,3.78505,nan,0.407235,0.406304,0.408154,0.407707,0.406754,0.406304,0.406754,0.408154,0.407707,1,0,0.111766,0,-0.0074361,5.80825e-06,-0.000394247,0.333771,-0.0301225,0,0,0,0.379388,-0.0325463,0.000338988,-0.0748981,-1.98268,11.8558,12.0207,0,40.0959
7.25,level,-0.8075,0.0152716,-0.109652,0.0097711,0,0,0.345993,0.0281532,0.0017106,95.9847,96.1247,110.359,3.80522,nan,0.407313,0.406859,0.408109,0.407275,0.406994,0.406859,0.406994,0.408109,0.407275,1,0,0.11016,0,-0.00406116,-0.00132541,-0.000425819,0.328995,-0.0293968,0,0,0,0.343221,-0.030082,-9.51801e-05,-0.132404,-2.10779,11.8891,12.0752,0,39.9839
7.26,level,-0.804098,0.0150643,-0.108182,0.00963069,0,0,0.333209,0.0277294,0.00210986,95.9556,96.0956,110.397,3.82581,nan,0.407365,0.407369,0.407146,0.40814,0.406798,0.407369,0.406798,0.407146,0.40814,1,0,0.108675,0,-0.00296881,0.000800718,0.000687572,0.324593,-0.0289665,0,0,0,0.342787,-0.0363693,-0.0109493,-0.180676,-2.09963,11.9129,12.0979,0,39.8733
7.27,level,-0.800821,0.0148586,-0.106832,0.00951869,0,0,0.321259,0.0270997,0.00190897,95.9266,96.0666,110.435,3.84675,nan,0.407395,0.406541,0.408244,0.406425,0.408366,0.406541,0.408366,0.408244,0.406425,1,0,0.107315,0,0.000627373,1.15261e-05,-0.00160168,0.320517,-0.0286085,0,0,0,0.320171,-0.0381243,0.00394354,-0.252842,-2.20065,12.0162,12.2187,0,39.763
7.28,level,-0.797658,0.0146557,-0.105569,0.00940732,0,0,0.310348,0.0264451,0.0020157,95.8975,96.0375,110.474,3.86801,nan,0.407404,0.407124,0.407622,0.407124,0.407745,0.407124,0.407745,0.407622,0.407124,1,0,0.106036,0,0.000326624,0.000233833,-0.000491463,0.31672,-0.0282448,0,0,0,0.307891,-0.0295391,-0.000902874,-0.296405,-2.1527,11.9672,12.1629,0,39.6542
7.29,level,-0.7946,0.0144566,-0.10442,0.00930875,0,0,0.300498,0.0257349,0.00233031,95.8684,96.0084,110.513,3.88953,nan,0.407393,0.407753,0.4066,0.407904,0.407321,0.407753,0.407321,0.4066,0.407904,1,0,0.10488,0,0.00151324,0.00165369,0.00076284,0.313247,-0.0279419,0,0,0,0.286482,-0.0315141,0.00431974,-0.319669,-2.13555,11.9888,12.1817,0,39.5449
7.3,level,-0.791635,0.0142636,-0.103368,0.00916415,0,0,0.291784,0.0249828,0.00188353,95.8394,95.9794,110.552,3.91131,nan,0.407366,0.407733,0.406907,0.407494,0.407335,0.407733,0.407335,0.406907,0.407494,1,0,0.103829,0,0.00176975,0.000357532,0.000432864,0.310113,-0.0275248,0,0,0,0.301668,-0.0317011,0.00745866,-0.271245,-2.17477,11.869,12.0696,0,39.4354
7.31,level,-0.788752,0.0140807,-0.10242,0.00903893,0,0,0.284297,0.0243332,0.00087861,95.8103,95.9503,110.591,3.93325,nan,0.407322,0.406935,0.407761,0.406221,0.408381,0.406935,0.408381,0.407761,0.406221,1,0,0.102857,0,0.00354025,-0.000179193,-0.00131231,0.30726,-0.0271207,0,0,0,0.290545,-0.0210862,0.0111061,-0.291474,-2.10329,11.98,12.1667,0,39.3245
7.32,level,-0.785937,0.0139004,-0.101537,0.00895314,0,0,0.278014,0.0238259,0.00167294,95.7813,95.9213,110.63,3.95538,nan,0.407264,0.406992,0.407316,0.406121,0.40864,0.406992,0.40864,0.407316,0.406121,1,0,0.101967,0,0.00582337,0.000856485,-0.00124963,0.304613,-0.0268813,0,0,0,0.290465,-0.0226527,0.000843448,-0.252176,-2.13486,11.9049,12.0974,0,39.2139
7.33,level,-0.78318,0.0137196,-0.100699,0.00884448,0,0,0.272948,0.0232093,0.00225287,95.7522,95.8922,110.67,3.97762,nan,0.407193,0.407846,0.406746,0.406385,0.40781,0.407846,0.40781,0.406746,0.406385,1,0,0.101126,0,0.0066957,-0.000751195,-0.000142488,0.302091,-0.026547,0,0,0,0.283281,-0.0145173,-0.000237807,-0.229084,-2.07673,11.9173,12.0991,0,39.1039
7.34,level,-0.780469,0.0135429,-0.0999269,0.0087481,0,0,0.268834,0.0227284,0.00163753,95.7232,95.8632,110.71,3.99996,nan,0.407109,0.407102,0.407176,0.405913,0.408263,0.407102,0.408263,0.407176,0.405913,1,0,0.100343,0,0.00603773,-0.000193676,-0.00106596,0.299761,-0.0263102,0,0,0,0.274964,-0.019106,-0.00934949,-0.0959707,-2.08915,11.9066,12.0888,0,38.9929
7.35,level,-0.777795,0.0133704,-0.0992015,0.00863,0,0,0.265547,0.0223559,0.00152927,95.6942,95.8342,110.75,4.02236,nan,0.407014,0.408393,0.40584,0.407342,0.406501,0.408393,0.406501,0.40584,0.407342,1,0,0.0996077,0,0.00454345,-0.000738917,0.00149163,0.297595,-0.0259286,0,0,0,0.27735,-0.0342754,0.00502357,-0.240392,-2.11058,11.8612,12.0499,0,38.8813
7.36,level,-0.77515,0.0132043,-0.0984503,0.00860567,0,0,0.262904,0.0220219,0.00159104,95.6652,95.8052,110.79,4.04477,nan,0.406908,0.406683,0.407317,0.405784,0.407869,0.406683,0.407869,0.407317,0.405784,1,0,0.0988529,0,0.00384839,-0.000658711,-0.00119517,0.295328,-0.0258428,0,0,0,0.26854,-0.0107667,0.0066998,-0.171225,-2.15775,11.9278,12.1226,0,38.7728
7.37,level,-0.77253,0.0130347,-0.0977607,0.00847901,0,0,0.26067,0.0217424,0.00194892,95.6363,95.7763,110.831,4.06717,nan,0.406791,0.406822,0.406675,0.405809,0.407884,0.406822,0.407884,0.406675,0.405809,1,0,0.0981629,0,0.00589516,0.000371788,-0.000847901,0.293269,-0.0255008,0,0,0,0.273348,-0.0318126,0.0123651,-0.147974,-2.28324,11.8386,12.0577,0,38.6623
7.38,level,-0.76993,0.0128666,-0.0971003,0.00841107,0,0,0.258984,0.0213445,0.00157855,95.6073,95.7473,110.872,4.08953,nan,0.406665,0.407379,0.40652,0.40572,0.407068,0.407379,0.407068,0.40652,0.40572,1,0,0.0974998,0,0.00585315,-0.00210516,-0.000214872,0.291283,-0.025258,0,0,0,0.265363,-0.0338839,-0.00729318,-0.291783,-2.14774,11.8414,12.0382,0,38.5512
7.39,level,-0.767345,0.0127027,-0.0964711,0.00834595,0,0,0.257741,0.0212042,0.00169053,95.5784,95.7184,110.913,4.11184,nan,0.40653,0.406433,0.406575,0.405673,0.407466,0.406433,0.407466,0.406575,0.405673,1,0,0.0968542,0,0.00437917,0.000248341,-0.000850231,0.289398,-0.0250541,0,0,0,0.266208,-0.0207994,0.000817964,-0.260048,-2.22739,11.7785,11.9901,0,38.4391
7.4,level,-0.76477,0.0125403,-0.0958376,0.00828607,0,0,0.256844,0.0211117,0.000858323,95.5495,95.6895,110.954,4.13407,nan,0.406386,0.408232,0.404667,0.406791,0.405883,0.408232,0.405883,0.404667,0.406791,1,0,0.0962292,0,0.00704689,-0.00042506,0.00196614,0.287504,-0.0248751,0,0,0,0.269227,-0.023169,0.00201213,-0.279331,-2.29238,11.6586,11.8851,0,38.328
7.41,level,-0.762203,0.0123825,-0.0951898,0.00820709,0,0,0.256193,0.0211779,0.000818289,95.5207,95.6607,110.995,4.15623,nan,0.406233,0.407438,0.40504,0.406129,0.406356,0.407438,0.406356,0.40504,0.406129,1,0,0.0955751,0,0.00696391,1.36704e-05,0.000954388,0.285566,-0.0246463,0,0,0,0.271794,-0.0245519,-0.00250327,-0.265963,-2.37963,11.8074,12.0478,0,38.218
7.42,level,-0.759642,0.0122256,-0.0945582,0.00810484,0,0,0.255738,0.0211946,0.000287714,95.4919,95.6319,111.037,4.17832,nan,0.406071,0.406859,0.405469,0.405873,0.406117,0.406859,0.406117,0.405469,0.405873,1,0,0.0949391,0,0.00433586,-0.000640134,0.000503675,0.283665,-0.0243066,0,0,0,0.262921,-0.0209201,0.00392103,-0.379191,-2.38102,11.8673,12.1098,0,38.1075
7.43,level,-0.757085,0.0120667,-0.0939254,0.00800173,0,0,0.255167,0.0212583,0.000661345,95.4631,95.6031,111.079,4.20031,nan,0.405902,0.406191,0.40513,0.405733,0.406588,0.406191,0.406588,0.40513,0.405733,1,0,0.0942837,0,0.00508123,0.00189635,9.07349e-05,0.281751,-0.0240286,0,0,0,0.25313,-0.0331562,0.0157759,-0.312551,-2.38805,11.8467,12.0891,0,37.9973
7.44,level,-0.754535,0.0119064,-0.0933026,0.00789158,0,0,0.254456,0.0211389,0.000858874,95.4343,95.5743,111.121,4.22219,nan,0.405724,0.40627,0.405143,0.404951,0.406569,0.40627,0.406569,0.405143,0.404951,1,0,0.0936619,0,0.00728258,0.000202159,-0.000215839,0.279886,-0.0236955,0,0,0,0.254167,-0.0273831,0.00639365,-0.290761,-2.39306,11.6825,11.9286,0,37.8869
7.45,level,-0.751993,0.0117464,-0.0926845,0.00780687,0,0,0.253677,0.0210001,0.000672316,95.4056,95.5456,111.163,4.24395,nan,0.405539,0.405577,0.405382,0.404634,0.4066,0.405577,0.4066,0.405382,0.404634,1,0,0.0930308,0,0.00572928,0.000520484,-0.00077831,0.278034,-0.0234612,0,0,0,0.255915,-0.0308443,0.000845206,-0.231561,-2.44705,11.7735,12.0273,0,37.7767
7.46,level,-0.749458,0.0115847,-0.0920757,0.00772817,0,0,0.252953,0.0208651,0.00122519,95.377,95.517,111.206,4.26555,nan,0.405346,0.405459,0.405245,0.405039,0.40568,0.405459,0.40568,0.405245,0.405039,1,0,0.0924315,0,0.0022682,2.8874e-05,-0.000188254,0.276221,-0.0232381,0,0,0,0.264138,-0.030853,0.00537216,-0.171002,-2.52602,11.779,12.048,0,37.6663
7.47,level,-0.74693,0.0114264,-0.0914921,0.00763027,0,0,0.252093,0.0206602,0.000861025,95.3483,95.4883,111.249,4.28704,nan,0.405146,0.404324,0.405987,0.403131,0.407182,0.404324,0.407182,0.405987,0.403131,1,0,0.0918413,0,0.00633644,3.4937e-06,-0.00251123,0.274473,-0.0229617,0,0,0,0.264462,-0.0277601,0.00778806,-0.0592414,-2.46294,11.5646,11.8241,0,37.555
7.48,level,-0.744412,0.0112665,-0.0909021,0.00753993,0,0,0.25113,0.0203656,0.00154557,95.3197,95.4597,111.292,4.3084,nan,0.404939,0.40485,0.405011,0.40435,0.405586,0.40485,0.405586,0.405011,0.40435,1,0,0.0912342,0,0.00285134,0.000142318,-0.000614371,0.272678,-0.0226665,0,0,0,0.246875,-0.0159185,-0.00319776,-0.0931016,-2.41679,11.627,11.8759,0,37.4446
7.49,level,-0.741905,0.0111076,-0.0903214,0.00746821,0,0,0.24995,0.0199757,0.00192558,95.2912,95.4312,111.335,4.3296,nan,0.404725,0.40542,0.404171,0.404711,0.40464,0.40542,0.40464,0.404171,0.404711,1,0,0.090652,0,0.00312642,-0.00045579,0.00057979,0.270955,-0.022461,0,0,0,0.25864,-0.0263177,0.000272298,-0.114388,-2.41069,11.6148,11.8629,0,37.3342
7.5,level,-0.739411,0.0109478,-0.0897577,0.00739794,0,0,0.248628,0.0195439,0.00298683,95.2627,95.4027,111.378,4.35066,nan,0.404504,0.405569,0.403853,0.404487,0.404153,0.405569,0.404153,0.403853,0.404487,1,0,0.0900846,0,0.00366742,-0.00148082,0.000900558,0.269258,-0.0222303,0,0,0,0.252514,-0.0199903,0.0030331,-0.154356,-2.35363,11.684,11.9197,0,37.2236
7.51,level,-0.73693,0.0107853,-0.0892148,0.00733091,0,0,0.24723,0.01913,0.00306966,95.2342,95.3742,111.422,4.37155,nan,0.404278,0.405914,0.402824,0.404813,0.403606,0.405914,0.403606,0.402824,0.404813,1,0,0.0895402,0,0.00499672,-0.000603318,0.00188851,0.267643,-0.0220315,0,0,0,0.26069,-0.024423,0.00266821,-0.175879,-2.43221,11.5798,11.8338,0,37.1126
7.52,level,-0.734462,0.0106308,-0.0886871,0.00725131,0,0,0.245972,0.018727,0.00113001,95.2058,95.3458,111.466,4.39231,nan,0.404045,0.403245,0.40489,0.402308,0.405783,0.403245,0.405783,0.40489,0.402308,1,0,0.0890032,0,0.00485841,-8.39166e-05,-0.00225034,0.266042,-0.0217616,0,0,0,0.245249,-0.0225357,0.00560335,-0.315601,-2.49362,11.5531,11.8234,0,37.0015
7.53,level,-0.732007,0.0104833,-0.0881885,0.00717738,0,0,0.244738,0.0183241,0.00165938,95.1774,95.3174,111.51,4.41289,nan,0.403806,0.403529,0.404018,0.403141,0.404584,0.403529,0.404584,0.404018,0.403141,1,0,0.0885007,0,0.00253209,0.000335984,-0.000849257,0.26456,-0.0215464,0,0,0,0.252877,-0.0306365,0.00331527,-0.368791,-2.64095,11.5743,11.8775,0,36.8894
7.54,level,-0.729565,0.0103362,-0.0876598,0.00710729,0,0,0.24338,0.0179676,0.00140014,95.1491,95.2891,111.554,4.43331,nan,0.403562,0.403797,0.403022,0.403238,0.40424,0.403797,0.40424,0.403022,0.403238,1,0,0.0879736,0,0.00471558,0.00124998,-9.94874e-05,0.262972,-0.0213401,0,0,0,0.251878,-0.0253587,0.00356502,-0.291636,-2.58186,11.6355,11.9221,0,36.7798
7.55,level,-0.727137,0.0101929,-0.0871286,0.0070651,0,0,0.241879,0.0175593,0.00188609,95.1208,95.2608,111.598,4.45357,nan,0.403313,0.403579,0.403446,0.402697,0.403578,0.403579,0.403578,0.403446,0.402697,1,0,0.087427,0,0.00268902,-0.0014214,-0.000328434,0.261356,-0.0212519,0,0,0,0.237835,-0.0267682,-0.00655035,-0.107264,-2.6796,11.5496,11.8568,0,36.6711
7.56,level,-0.724725,0.0100475,-0.0866593,0.00702389,0,0,0.240365,0.0172608,0.00310866,95.0926,95.2326,111.643,4.47368,nan,0.403058,0.403314,0.402762,0.402081,0.404126,0.403314,0.404126,0.402762,0.402081,1,0,0.0869621,0,0.0068879,0.00024735,-0.00065628,0.259969,-0.0211012,0,0,0,0.250454,-0.0131878,-0.00280509,-0.133783,-2.50115,11.5691,11.8371,0,36.5598
7.57,level,-0.722327,0.00989867,-0.0861979,0.00700417,0,0,0.239006,0.0169814,0.00242519,95.0644,95.2044,111.688,4.49362,nan,0.402799,0.403582,0.402187,0.403127,0.402351,0.403582,0.402351,0.402187,0.403127,1,0,0.0865028,0,0.00163775,-0.000550819,0.000954306,0.25858,-0.0210443,0,0,0,0.246445,-0.017303,0.00640804,-0.147606,-2.53638,11.5979,11.8729,0,36.4488
7.58,level,-0.719943,0.00975824,-0.0857758,0.00697928,0,0,0.237591,0.0167664,0.00175051,95.0363,95.1763,111.733,4.5134,nan,0.402535,0.403917,0.401315,0.402887,0.402073,0.403917,0.402073,0.401315,0.402887,1,0,0.08608,0,0.00474353,-0.000515819,0.00150134,0.257322,-0.0209388,0,0,0,0.249113,-0.0166157,0.00300545,-0.304483,-2.54394,11.572,11.8523,0,36.3364
7.59,level,-0.717572,0.00962571,-0.0853518,0.00692936,0,0,0.236237,0.0167139,0.000343146,95.0082,95.1482,111.778,4.53301,nan,0.402266,0.400805,0.403715,0.400186,0.404414,0.400805,0.404414,0.403715,0.400186,1,0,0.085655,0,0.00349542,0.000150544,-0.00313762,0.256064,-0.0207798,0,0,0,0.257067,-0.0172308,0.00210122,-0.370958,-2.60479,11.3572,11.658,0,36.2249
7.6,level,-0.715215,0.00949024,-0.0849292,0.00685514,0,0,0.23499,0.016627,0.00212625,94.9802,95.1202,111.823,4.55239,nan,0.401994,0.401629,0.402209,0.401302,0.40289,0.401629,0.40289,0.402209,0.401302,1,0,0.085228,0,0.00267185,0.000669885,-0.000952776,0.25477,-0.0205926,0,0,0,0.241049,-0.020522,-0.00519498,-0.218141,-2.79787,11.5125,11.8497,0,36.1141
7.61,level,-0.712871,0.009347,-0.0845095,0.00681747,0,0,0.233558,0.0165309,0.00276939,94.9522,95.0922,111.869,4.57159,nan,0.401717,0.40142,0.402187,0.400719,0.402598,0.40142,0.402598,0.402187,0.400719,1,0,0.0847959,0,0.00294745,-0.000550562,-0.00116304,0.253489,-0.0204794,0,0,0,0.226402,-0.0153729,-0.00199726,-0.16421,-2.72146,11.5026,11.8213,0,36.0038
7.62,level,-0.710542,0.00920473,-0.084108,0.00678094,0,0,0.23199,0.0165041,0.00213111,94.9243,95.0643,111.915,4.5906,nan,0.401437,0.400725,0.402121,0.39917,0.403789,0.400725,0.403789,0.402121,0.39917,1,0,0.0843928,0,0.00854921,0.000214523,-0.00264366,0.252291,-0.0203842,0,0,0,0.229926,-0.0196954,0.0120675,-0.104285,-2.68224,11.3626,11.6754,0,35.8934
7.63,level,-0.708228,0.00906075,-0.0837282,0.00678215,0,0,0.230577,0.0164948,0.00347906,94.8965,95.0365,111.961,4.60942,nan,0.401153,0.402253,0.400403,0.401253,0.400759,0.402253,0.400759,0.400403,0.401253,1,0,0.0840133,0,0.00359542,-0.00122217,0.00102996,0.251174,-0.0203662,0,0,0,0.243047,-0.0203026,-0.00340669,-0.232686,-2.55237,11.4817,11.7642,0,35.7826
7.64,level,-0.705928,0.00891423,-0.0833676,0.00673235,0,0,0.229219,0.0166616,0.00368777,94.8687,95.0087,112.007,4.62805,nan,0.400865,0.401573,0.400261,0.400783,0.400902,0.401573,0.400902,0.400261,0.400783,1,0,0.0836605,0,0.00379458,-0.000283107,0.000523927,0.250097,-0.020213,0,0,0,0.246114,-0.0157475,0.00858539,-0.208452,-2.57631,11.3899,11.6795,0,35.6715
7.65,level,-0.703641,0.00876365,-0.0830397,0.00668754,0,0,0.227784,0.0168718,0.00335764,94.841,94.981,112.053,4.6465,nan,0.400574,0.401646,0.399632,0.400683,0.400395,0.401646,0.400395,0.399632,0.400683,1,0,0.0833235,0,0.0045808,-0.000379875,0.00101217,0.249104,-0.0200681,0,0,0,0.237258,-0.0253903,0.00625906,-0.391386,-2.84529,11.4051,11.7611,0,35.5593
7.66,level,-0.701369,0.00861441,-0.0827137,0.00662332,0,0,0.226462,0.0170886,0.00321163,94.8133,94.9533,112.1,4.66473,nan,0.40028,0.400652,0.399907,0.400055,0.400566,0.400652,0.400566,0.399907,0.400055,1,0,0.0829965,0,0.0033312,0.000115764,0.00010297,0.248117,-0.0198983,0,0,0,0.232274,-0.0270911,0.00345196,-0.259958,-2.8511,11.4217,11.7751,0,35.4478
7.67,level,-0.699109,0.00846376,-0.0823946,0.00657587,0,0,0.225306,0.0173808,0.00206322,94.7857,94.9257,112.147,4.68276,nan,0.399983,0.400379,0.399789,0.398896,0.400929,0.400379,0.400929,0.399789,0.398896,1,0,0.0826654,0,0.00695958,-0.000650732,-0.000634071,0.247158,-0.019752,0,0,0,0.23121,-0.0102354,-0.00269828,-0.123734,-2.76567,11.2249,11.5613,0,35.3366
7.68,level,-0.69686,0.00831343,-0.0820539,0.00653495,0,0,0.224302,0.0175882,0.00257914,94.7581,94.8981,112.194,4.70062,nan,0.399684,0.400894,0.398929,0.399474,0.399498,0.400894,0.399498,0.398929,0.399474,1,0,0.0823185,0,0.0052768,-0.00161208,0.000853631,0.246139,-0.0196432,0,0,0,0.232842,-0.0173307,-0.00207543,-0.10192,-2.71132,11.4611,11.7779,0,35.2273
7.69,level,-0.694621,0.00816185,-0.0817713,0.00646541,0,0,0.223305,0.0176834,0.00233187,94.7306,94.8706,112.241,4.71829,nan,0.399381,0.398337,0.400397,0.398191,0.400661,0.398337,0.400661,0.400397,0.398191,1,0,0.0820457,0,0.00108839,0.000222446,-0.00199106,0.245285,-0.0194289,0,0,0,0.227154,-0.0306251,-0.00110364,-0.254462,-2.7496,11.2227,11.5575,0,35.1152
7.7,level,-0.692392,0.00800711,-0.0814796,0.0063897,0,0,0.222411,0.0176462,0.00255266,94.7032,94.8432,112.288,4.73577,nan,0.399076,0.399109,0.39887,0.398738,0.399649,0.399109,0.399649,0.39887,0.398738,1,0,0.0817487,0,0.00304858,0.000772677,-0.000295476,0.24442,-0.019174,0,0,0,0.232196,-0.0246153,-0.0019861,-0.365103,-2.71907,11.2113,11.5421,0,35.0042
7.71,level,-0.690171,0.00785677,-0.0812065,0.00632949,0,0,0.221607,0.0174046,0.00191216,94.6758,94.8158,112.335,4.75305,nan,0.398768,0.399566,0.397708,0.398594,0.399268,0.399566,0.399268,0.397708,0.398594,1,0,0.0814623,0,0.0067167,0.00111374,0.00052046,0.243583,-0.0190119,0,0,0,0.221177,-0.0260305,0.00322418,-0.274758,-2.88171,11.2678,11.6337,0,34.8926
7.72,level,-0.687957,0.007711,-0.0809121,0.00629957,0,0,0.221016,0.0170485,0.00236513,94.6485,94.7885,112.383,4.77013,nan,0.398458,0.399088,0.397721,0.398098,0.398988,0.399088,0.398988,0.397721,0.398098,1,0,0.0811631,0,0.00598787,0.000524873,0.000209805,0.242706,-0.0189355,0,0,0,0.225261,-0.0246715,0.00640606,-0.166548,-2.82784,11.1415,11.496,0,34.7826
7.73,level,-0.685748,0.00756445,-0.0806283,0.00625957,0,0,0.220469,0.0167124,0.00252568,94.6213,94.7613,112.431,4.787,nan,0.398145,0.399481,0.39713,0.398777,0.397255,0.399481,0.397255,0.39713,0.398777,1,0,0.0808717,0,0.00220051,-0.00109886,0.0017019,0.241851,-0.0188114,0,0,0,0.22276,-0.017073,0.00253101,-0.118889,-2.72645,11.191,11.519,0,34.6723
7.74,level,-0.683547,0.00742418,-0.0803766,0.00621046,0,0,0.219733,0.0164011,0.00192707,94.5941,94.7341,112.479,4.80367,nan,0.39783,0.399104,0.396694,0.397784,0.397801,0.399104,0.397801,0.396694,0.397784,1,0,0.0806236,0,0.0064416,-0.000403326,0.00105155,0.241107,-0.0186437,0,0,0,0.228964,-0.0130583,0.00577937,-0.213966,-2.88844,11.1664,11.5359,0,34.5606
7.75,level,-0.681352,0.00728823,-0.0801161,0.00611542,0,0,0.218951,0.0160792,0.00137642,94.567,94.707,112.527,4.82018,nan,0.397512,0.397685,0.39709,0.397258,0.39808,0.397685,0.39808,0.39709,0.397258,1,0,0.0803481,0,0.00375844,0.0010676,-0.00010002,0.240302,-0.0183646,0,0,0,0.21192,-0.0276188,-0.00282491,-0.332698,-2.95423,11.1341,11.5242,0,34.4498
7.76,level,-0.679166,0.00715884,-0.0798792,0.00606766,0,0,0.218045,0.0156671,0.000362184,94.5399,94.6799,112.575,4.8365,nan,0.397192,0.396373,0.397988,0.395606,0.398867,0.396373,0.398867,0.397988,0.395606,1,0,0.0801162,0,0.00436749,0.000212252,-0.0021431,0.239609,-0.0182464,0,0,0,0.224702,-0.0247221,0.000258688,-0.122379,-2.89201,11.0565,11.4291,0,34.3382
7.77,level,-0.676989,0.007031,-0.0796268,0.00606516,0,0,0.217143,0.0153006,0.00173925,94.5129,94.6529,112.624,4.85265,nan,0.39687,0.396662,0.397204,0.395592,0.398087,0.396662,0.398087,0.397204,0.395592,1,0,0.0798688,0,0.00518307,-0.000354885,-0.0013348,0.238847,-0.0182212,0,0,0,0.221461,-0.00847608,0.000540911,-0.076997,-2.84788,11.0414,11.403,0,34.2279
7.78,level,-0.674822,0.00690073,-0.079397,0.00600716,0,0,0.216271,0.0148929,0.00185269,94.486,94.626,112.672,4.8686,nan,0.396546,0.395649,0.397633,0.395041,0.397926,0.395649,0.397926,0.397633,0.395041,1,0,0.0796325,0,0.00238761,-0.000595345,-0.0021399,0.238173,-0.0180403,0,0,0,0.231169,-0.0123153,0.00123121,-0.151493,-2.72511,11.1462,11.4755,0,34.1169
7.79,level,-0.672662,0.00677122,-0.0792016,0.00594179,0,0,0.215523,0.0143701,0.00243527,94.4591,94.5991,112.721,4.88438,nan,0.396219,0.3964,0.396115,0.395757,0.396672,0.3964,0.396672,0.396115,0.395757,1,0,0.0794376,0,0.0031832,-0.000163514,-0.000276877,0.237567,-0.0178402,0,0,0,0.215461,-0.0296968,0.00278684,-0.366129,-2.9321,11.0061,11.3959,0,34.0043
7.8,level,-0.67051,0.00664456,-0.0790083,0.00594255,0,0,0.214836,0.0139188,0.00265457,94.4323,94.5723,112.77,4.89996,nan,0.395891,0.396226,0.395552,0.395291,0.39656,0.396226,0.39656,0.395552,0.395291,1,0,0.0792393,0,0.00515622,0.000139287,-0.000261725,0.236986,-0.0178408,0,0,0,0.216062,-0.0169849,0.00634038,-0.255041,-3.08662,11.0635,11.4888,0,33.8921
7.81,level,-0.668364,0.0065186,-0.0788078,0.00594588,0,0,0.214189,0.0137672,0.00235433,94.4056,94.5456,112.819,4.91534,nan,0.39556,0.39729,0.393847,0.396162,0.395008,0.39729,0.395008,0.393847,0.396162,1,0,0.0790313,0,0.00607396,6.23927e-05,0.00202035,0.236373,-0.0178846,0,0,0,0.208457,-0.0239304,0.000717985,-0.0836257,-2.87712,10.8977,11.2714,0,33.7807
7.82,level,-0.666224,0.00639694,-0.0786195,0.00593694,0,0,0.213713,0.0136925,0.0025399,94.3789,94.5189,112.868,4.93054,nan,0.395228,0.396131,0.39449,0.395157,0.3952,0.396131,0.3952,0.39449,0.395157,1,0,0.078844,0,0.0044676,-0.000499412,0.000702482,0.235823,-0.0178281,0,0,0,0.218159,-0.00816268,-0.00611789,-0.126393,-2.77478,11.0853,11.428,0,33.6689
7.83,level,-0.664089,0.00627549,-0.0784042,0.00591944,0,0,0.21326,0.0136177,0.00244246,94.3523,94.4923,112.917,4.94554,nan,0.394893,0.394633,0.395427,0.394038,0.395541,0.394633,0.395541,0.395427,0.394038,1,0,0.078632,0,0.00187983,-0.000911767,-0.00100975,0.235187,-0.0177693,0,0,0,0.223277,-0.0219374,-0.00665968,-0.32183,-2.96185,10.9854,11.3822,0,33.5589
7.84,level,-0.661958,0.00615437,-0.0782276,0.00587806,0,0,0.212786,0.0136232,0.00180893,94.3258,94.4658,112.967,4.96034,nan,0.394557,0.395783,0.393305,0.394762,0.394444,0.395783,0.394444,0.393305,0.394762,1,0,0.0784559,0,0.00572997,0.000224164,0.00122928,0.234638,-0.0176562,0,0,0,0.210824,-0.0198732,-0.00707204,-0.226446,-3.04834,11.0327,11.4483,0,33.4469
7.85,level,-0.659831,0.00603318,-0.078038,0.0058782,0,0,0.212426,0.013771,0.00220113,94.2994,94.4394,113.017,4.97497,nan,0.394218,0.395526,0.3926,0.395032,0.393783,0.395526,0.393783,0.3926,0.395032,1,0,0.0782672,0,0.00445079,0.00130571,0.00183504,0.234082,-0.0176481,0,0,0,0.219053,-0.0127,-0.000793845,-0.203088,-3.02067,10.9168,11.3288,0,33.336
7.86,level,-0.657708,0.00591169,-0.0778344,0.00586668,0,0,0.212186,0.0138617,0.0018677,94.273,94.413,113.066,4.98943,nan,0.393878,0.39526,0.392421,0.39491,0.392989,0.39526,0.392989,0.392421,0.39491,1,0,0.0780567,0,0.00243452,0.000411115,0.00209247,0.233455,-0.0176119,0,0,0,0.207896,-0.012145,0.00401398,-0.195541,-2.88878,11.0044,11.379,0,33.226
7.87,level,-0.655587,0.0057949,-0.0776728,0.005838,0,0,0.211942,0.0138026,0.00121193,94.2466,94.3866,113.116,5.00371,nan,0.393536,0.392951,0.393913,0.392404,0.394943,0.392951,0.394943,0.393913,0.392404,1,0,0.0778915,0,0.00418154,0.000915856,-0.00153901,0.232973,-0.017515,0,0,0,0.208793,-0.0162074,0.000831311,-0.319144,-2.93382,10.8421,11.2365,0,33.1137
7.88,level,-0.653468,0.00567649,-0.0775049,0.00576204,0,0,0.211699,0.0136324,0.00166937,94.2204,94.3604,113.167,5.01779,nan,0.393191,0.394231,0.392007,0.393611,0.392986,0.394231,0.392986,0.392007,0.393611,1,0,0.0777137,0,0.00424122,0.000680787,0.00125275,0.232471,-0.017307,0,0,0,0.209889,-0.0256754,-0.00104556,-0.295597,-3.10115,10.8837,11.3208,0,33.002
7.89,level,-0.651352,0.00556069,-0.0773025,0.00573736,0,0,0.211458,0.0134047,0.00153258,94.1942,94.3342,113.217,5.03167,nan,0.392845,0.393706,0.391782,0.393255,0.392706,0.393706,0.392706,0.391782,0.393255,1,0,0.0775171,0,0.00364545,0.000895958,0.00108694,0.23186,-0.0172359,0,0,0,0.20826,-0.0173132,-0.0134988,-0.187726,-3.1017,10.9229,11.3563,0,32.8923
7.9,level,-0.649238,0.00544484,-0.0771069,0.00573897,0,0,0.211073,0.0131776,0.00216043,94.1681,94.3081,113.267,5.04538,nan,0.392497,0.393197,0.392199,0.391795,0.392865,0.393197,0.392865,0.392199,0.391795,1,0,0.0773199,0,0.00548594,-0.00139449,-3.20916e-05,0.23129,-0.0172438,0,0,0,0.218681,-0.0156617,-0.00465543,-0.136541,-3.0485,11.0128,11.4278,0,32.7825
7.91,level,-0.647129,0.00532635,-0.0769331,0.00569877,0,0,0.210663,0.0129927,0.00275163,94.142,94.282,113.318,5.05896,nan,0.392146,0.390862,0.39312,0.390601,0.394073,0.390862,0.394073,0.39312,0.390601,1,0,0.0771501,0,0.00322008,0.00131113,-0.00251838,0.230776,-0.0171018,0,0,0,0.221975,-0.0182383,0.000736305,-0.323231,-3.09531,10.8502,11.2877,0,32.6716
7.92,level,-0.645024,0.00520368,-0.076768,0.00565278,0,0,0.210239,0.0126551,0.00357517,94.116,94.256,113.368,5.07238,nan,0.391794,0.392463,0.391334,0.391188,0.392262,0.392463,0.392262,0.391334,0.391188,1,0,0.0769799,0,0.00584355,-0.000655656,2.43232e-05,0.230273,-0.0169669,0,0,0,0.217588,-0.0102262,0.00333177,-0.208391,-3.15775,10.9905,11.437,0,32.5605
7.93,level,-0.642924,0.00508161,-0.0765812,0.0056287,0,0,0.209698,0.0124636,0.00347784,94.0901,94.2301,113.419,5.08567,nan,0.39144,0.391763,0.391003,0.39084,0.392223,0.391763,0.392223,0.391003,0.39084,1,0,0.0767876,0,0.00568523,0.000562328,-0.000273834,0.22971,-0.0169096,0,0,0,0.216383,-0.0106666,0.00146622,-0.0971919,-3.06489,10.8419,11.2672,0,32.4508
7.94,level,-0.64083,0.00496048,-0.0764244,0.00564432,0,0,0.209044,0.0122799,0.00423829,94.0643,94.2043,113.47,5.09878,nan,0.391083,0.391373,0.391027,0.390432,0.391574,0.391373,0.391574,0.391027,0.390432,1,0,0.0766228,0,0.00394669,-0.00074801,-0.000349747,0.22922,-0.0169528,0,0,0,0.202758,-0.016169,-0.00482438,-0.187785,-3.00682,10.8712,11.2809,0,32.3399
7.95,level,-0.638743,0.00483686,-0.076282,0.00560607,0,0,0.208288,0.0121671,0.00434575,94.0385,94.1785,113.521,5.11173,nan,0.390725,0.390107,0.391139,0.389589,0.392138,0.390107,0.392138,0.391139,0.389589,1,0,0.0764982,0,0.00402175,0.000912165,-0.00157391,0.228832,-0.0168214,0,0,0,0.227455,-0.018504,0.00231033,-0.360232,-3.26379,10.7614,11.2512,0,32.2285
7.96,level,-0.636663,0.00471374,-0.0761388,0.00558219,0,0,0.207607,0.0120676,0.0041601,94.0128,94.1528,113.572,5.12452,nan,0.390365,0.39126,0.389325,0.390215,0.390734,0.39126,0.390734,0.389325,0.390215,1,0,0.0763547,0,0.00650831,0.000688204,0.000622195,0.228378,-0.0167491,0,0,0,0.211324,-0.0128432,-0.00301388,-0.298916,-3.25979,10.8218,11.306,0,32.1175
7.97,level,-0.63459,0.00459397,-0.0759991,0.00556713,0,0,0.206965,0.0121123,0.00359126,93.9872,94.1272,113.624,5.13718,nan,0.390004,0.390909,0.389506,0.389406,0.390265,0.390909,0.390265,0.389506,0.389406,1,0,0.0762109,0,0.00599942,-0.00140998,0.000238976,0.22794,-0.0167393,0,0,0,0.199955,-0.0196762,-0.0092658,-0.0976352,-3.15408,10.8016,11.2531,0,32.0068
7.98,level,-0.632523,0.00447624,-0.0758622,0.00555848,0,0,0.206286,0.0122215,0.00339416,93.9617,94.1017,113.675,5.14965,nan,0.38964,0.389943,0.389326,0.389662,0.389702,0.389943,0.389702,0.389326,0.389662,1,0,0.0760825,0,0.00174324,0.000179229,0.000253148,0.227564,-0.0166695,0,0,0,0.220369,-0.016034,-0.00157347,-0.387629,-3.124,10.7809,11.2311,0,31.8962
7.99,level,-0.630463,0.00435989,-0.07576,0.00552032,0,0,0.205544,0.0123773,0.00214518,93.9362,94.0762,113.727,5.16199,nan,0.389275,0.391275,0.387145,0.390292,0.388462,0.391275,0.388462,0.387145,0.390292,1,0,0.075957,0,0.00610108,0.000633033,0.00261969,0.227237,-0.0165666,0,0,0,0.20732,-0.0203943,-0.0017119,-0.358939,-3.22578,10.8232,11.2994,0,31.7841
8,level,-0.628411,0.00424755,-0.0756209,0.00549281,0,0,0.204933,0.0125644,0.00198796,93.9108,94.0508,113.778,5.1742,nan,0.388908,0.388945,0.388991,0.388148,0.389624,0.388945,0.389624,0.388991,0.388148,1,0,0.0758125,0,0.00379257,-0.000311173,-0.000669176,0.226813,-0.0164915,0,0,0,0.203634,-0.011138,0.00723836,-0.179073,-3.27256,10.7618,11.2498,0,31.6745
8.01,level,-0.626364,0.00413186,-0.0755099,0.00548901,0,0,0.20425,0.0126489,0.00253933,93.8854,94.0254,113.83,5.18629,nan,0.38854,0.389332,0.387948,0.388393,0.38856,0.389332,0.38856,0.387948,0.388393,1,0,0.0757117,0,0.00411577,-0.000620137,0.000534876,0.226498,-0.0164798,0,0,0,0.21526,-0.0177894,-0.00166354,-0.256987,-3.10135,10.8995,11.3351,0,31.5636
8.02,level,-0.624325,0.00401279,-0.0754355,0.00545066,0,0,0.203679,0.0127514,0.00317074,93.8602,94.0002,113.882,5.19824,nan,0.38817,0.389473,0.386885,0.388659,0.387737,0.389473,0.387737,0.386885,0.388659,1,0,0.075633,0,0.00441844,7.0341e-05,0.00154297,0.226274,-0.0163633,0,0,0,0.213784,-0.0238274,0.00589969,-0.342909,-3.20151,10.6828,11.1575,0,31.451
8.03,level,-0.62229,0.00389333,-0.0753467,0.00543463,0,0,0.203263,0.0127454,0.00239875,93.835,93.975,113.934,5.21002,nan,0.387799,0.387675,0.388013,0.386897,0.388683,0.387675,0.388683,0.388013,0.386897,1,0,0.0755383,0,0.00384124,-0.000205964,-0.000933562,0.225989,-0.0163369,0,0,0,0.202557,-0.025692,-0.0190521,-0.223038,-3.36685,10.7181,11.2367,0,31.3396
8.04,level,-0.620258,0.00377315,-0.0752546,0.00544037,0,0,0.203024,0.0126228,0.00266073,93.8099,93.9499,113.986,5.22166,nan,0.387426,0.387767,0.38732,0.386566,0.388125,0.387767,0.388125,0.38732,0.386566,1,0,0.0754562,0,0.00532271,-0.000749642,-0.000488997,0.22572,-0.016351,0,0,0,0.207633,-0.0183982,-0.00110475,-0.134355,-3.20829,10.6955,11.1672,0,31.2285
8.05,level,-0.618228,0.0036537,-0.075172,0.00540447,0,0,0.202829,0.0125318,0.0034938,93.7849,93.9249,114.038,5.23317,nan,0.387051,0.387649,0.38658,0.387059,0.386991,0.387649,0.386991,0.38658,0.387059,1,0,0.0753708,0,0.0026553,-0.000338363,0.000499873,0.225477,-0.0162154,0,0,0,0.208926,-0.0163782,0.007103,-0.333727,-3.27908,10.6935,11.19,0,31.117
8.06,level,-0.616201,0.0035316,-0.0750863,0.0053431,0,0,0.202538,0.0124846,0.0035508,93.7599,93.8999,114.091,5.24454,nan,0.386675,0.38627,0.387044,0.385162,0.388301,0.38627,0.388301,0.387044,0.385162,1,0,0.0752853,0,0.00627449,0.000281484,-0.00171968,0.225225,-0.0160485,0,0,0,0.213568,-0.0162579,-0.00332568,-0.202432,-3.37567,10.661,11.1845,0,31.0057
8.07,level,-0.614177,0.00340877,-0.0749965,0.00535789,0,0,0.202301,0.0124388,0.00380485,93.735,93.875,114.143,5.2558,nan,0.386298,0.387347,0.385447,0.386358,0.386114,0.387347,0.386114,0.385447,0.386358,1,0,0.0751966,0,0.00438995,-0.000609841,0.000942223,0.224954,-0.0160877,0,0,0,0.2122,-0.00756771,0.00538445,-0.12238,-3.21889,10.6505,11.127,0,30.8949
8.08,level,-0.612155,0.0032892,-0.0749134,0.00532975,0,0,0.202012,0.0124202,0.00238848,93.7102,93.8502,114.196,5.26693,nan,0.385919,0.385972,0.386162,0.384838,0.386778,0.385972,0.386778,0.386162,0.384838,1,0,0.0751109,0,0.00463905,-0.000981461,-0.000935903,0.224698,-0.0159981,0,0,0,0.207514,-0.0122245,0.0173078,-0.208121,-3.20523,10.6252,11.1001,0,30.7839
8.09,level,-0.610136,0.00317232,-0.0748339,0.00528172,0,0,0.201773,0.0122579,0.00340307,93.6855,93.8255,114.249,5.27794,nan,0.385538,0.38512,0.385987,0.383993,0.387127,0.38512,0.387127,0.385987,0.383993,1,0,0.0750315,0,0.00601404,2.58392e-05,-0.00175859,0.224481,-0.015872,0,0,0,0.22173,-0.0228492,-0.00767021,-0.22269,-3.36649,10.6628,11.1838,0,30.6728
8.1,level,-0.608118,0.00305451,-0.0747683,0.00525616,0,0,0.20181,0.0120108,0.0022146,93.6608,93.8008,114.301,5.28879,nan,0.385156,0.385782,0.384262,0.385332,0.385323,0.385782,0.385323,0.384262,0.385332,1,0,0.0749424,0,0.00400842,0.00115634,0.000672217,0.22424,-0.0157868,0,0,0,0.192264,-0.0174328,-0.00071165,-0.219492,-3.37387,10.5988,11.125,0,30.561
8.11,level,-0.606099,0.00294286,-0.0746814,0.00525981,0,0,0.201913,0.0117251,0.00266266,93.6362,93.7762,114.354,5.29953,nan,0.384772,0.384129,0.385508,0.383009,0.386518,0.384129,0.386518,0.385508,0.383009,1,0,0.0748597,0,0.00565,-0.000208666,-0.00214802,0.224011,-0.0157763,0,0,0,0.213646,0.00152432,-0.000649698,-0.152397,-3.18525,10.6418,11.1093,0,30.4503
8.12,level,-0.604079,0.00283284,-0.0745981,0.00522545,0,0,0.202107,0.0116066,0.00207545,93.6117,93.7517,114.407,5.31015,nan,0.384386,0.386416,0.3823,0.385376,0.38353,0.386416,0.38353,0.3823,0.385376,1,0,0.0747927,0,0.00602244,0.000360254,0.00262053,0.223769,-0.0156933,0,0,0,0.217361,-0.0293403,-0.00285471,-0.393105,-3.41365,10.5881,11.1318,0,30.3394
8.13,level,-0.602056,0.00272768,-0.0744884,0.00520718,0,0,0.202428,0.0114964,0.00193899,93.5873,93.7273,114.461,5.32066,nan,0.383999,0.382855,0.384681,0.382898,0.38564,0.382855,0.38564,0.384681,0.382898,1,0,0.0746651,0,0.00243051,0.00189746,-0.00200811,0.223426,-0.0156494,0,0,0,0.208853,-0.0183853,-0.00950194,-0.157975,-3.42425,10.6022,11.1426,0,30.2298
8.14,level,-0.600032,0.00262032,-0.0744069,0.00521799,0,0,0.202506,0.0113183,0.00285559,93.563,93.703,114.514,5.33106,nan,0.38361,0.383459,0.383709,0.382959,0.384392,0.383459,0.384392,0.383709,0.382959,1,0,0.0745788,0,0.0031404,0.000347747,-0.000739668,0.223178,-0.01566,0,0,0,0.206386,-0.00566442,-0.0109271,-0.17602,-3.27375,10.5608,11.058,0,30.1185
8.15,level,-0.598006,0.00250766,-0.0743175,0.00520783,0,0,0.20246,0.0112156,0.00403211,93.5387,93.6787,114.567,5.34136,nan,0.38322,0.384127,0.382759,0.38346,0.38261,0.384127,0.38261,0.382759,0.38346,1,0,0.074502,0,0.00137559,-0.0015475,0.000974801,0.222918,-0.0156327,0,0,0,0.21125,-0.0193769,0.00261772,-0.328447,-3.475,10.5007,11.0657,0,30.0076
8.16,level,-0.595983,0.00239381,-0.0742195,0.00515726,0,0,0.202139,0.0111401,0.00296984,93.5145,93.6545,114.621,5.35153,nan,0.382827,0.382073,0.383834,0.380859,0.384621,0.382073,0.384621,0.383834,0.380859,1,0,0.0743995,0,0.00530506,-0.000809173,-0.00242777,0.222623,-0.0154938,0,0,0,0.211375,-0.0180435,0.00229273,-0.191093,-3.42801,10.4936,11.0409,0,29.8973
8.17,level,-0.593963,0.00228228,-0.0741093,0.00518722,0,0,0.201778,0.0110763,0.00305787,93.4904,93.6304,114.674,5.36157,nan,0.382433,0.382376,0.382904,0.381733,0.382797,0.382376,0.382797,0.382904,0.381733,1,0,0.0743001,0,0.00142313,-0.00142188,-0.000699795,0.222279,-0.0155692,0,0,0,0.2017,-0.00973854,-0.000525354,-0.205964,-3.31636,10.5165,11.0289,0,29.788
8.18,level,-0.591947,0.00217164,-0.0740526,0.00517703,0,0,0.201383,0.0111308,0.0039586,93.4664,93.6064,114.728,5.37147,nan,0.382036,0.382958,0.381857,0.381631,0.381779,0.382958,0.381779,0.381857,0.381631,1,0,0.0742359,0,0.00331314,-0.00266368,0.000418956,0.222123,-0.0155285,0,0,0,0.210668,-0.0136096,0.00405307,-0.350958,-3.43937,10.5635,11.1149,0,29.6758
8.19,level,-0.589935,0.0020602,-0.0739802,0.00517829,0,0,0.200989,0.0114023,0.00271038,93.4424,93.5824,114.782,5.38125,nan,0.381639,0.382218,0.380948,0.381404,0.382064,0.382218,0.382064,0.380948,0.381404,1,0,0.0741523,0,0.00511927,0.000571922,0.000267988,0.221868,-0.0155382,0,0,0,0.185651,-0.00791831,-0.00653273,-0.233081,-3.46211,10.5021,11.0605,0,29.5647
8.2,level,-0.587927,0.0019488,-0.0739077,0.00518798,0,0,0.200597,0.0116992,0.00287992,93.4185,93.5585,114.836,5.39094,nan,0.381239,0.381541,0.381175,0.380639,0.381681,0.381541,0.381681,0.381175,0.380639,1,0,0.0741008,0,0.00373578,-0.00074911,-0.000297427,0.22169,-0.0155779,0,0,0,0.21194,-0.0138111,0.00287068,-0.204739,-3.39919,10.6012,11.1347,0,29.4539
8.21,level,-0.585922,0.00183556,-0.073864,0.00514975,0,0,0.200277,0.0119922,0.0027549,93.3947,93.5347,114.89,5.40052,nan,0.380838,0.381625,0.380092,0.381143,0.380571,0.381625,0.380571,0.380092,0.381143,1,0,0.0740396,0,0.00255024,-6.78373e-06,0.000924862,0.221546,-0.0154464,0,0,0,0.203015,-0.0109756,-0.00377105,-0.32525,-3.44061,10.4351,10.9925,0,29.3416
8.22,level,-0.583921,0.00172046,-0.0738125,0.00509426,0,0,0.200036,0.0121678,0.00198479,93.371,93.511,114.944,5.40998,nan,0.380435,0.38107,0.379893,0.379802,0.381055,0.38107,0.381055,0.379893,0.379802,1,0,0.0739881,0,0.00644737,-0.000201085,-3.34707e-05,0.221391,-0.0153109,0,0,0,0.20319,-0.0225971,0.00215533,-0.202562,-3.56294,10.5335,11.1216,0,29.2298
8.23,level,-0.581921,0.0016077,-0.0737307,0.00509279,0,0,0.199932,0.0122715,0.00178485,93.3474,93.4874,114.998,5.41935,nan,0.38003,0.379345,0.380672,0.379006,0.38118,0.379345,0.38118,0.380672,0.379006,1,0,0.0739075,0,0.00224747,0.000321159,-0.001539,0.221142,-0.0152963,0,0,0,0.20057,-0.0119536,-0.00378884,-0.146143,-3.33801,10.4972,11.0162,0,29.12
8.24,level,-0.579922,0.00149298,-0.0736921,0.0050637,0,0,0.19972,0.0123891,0.00166617,93.3239,93.4639,115.052,5.42866,nan,0.379624,0.380615,0.379017,0.378894,0.380053,0.380615,0.380053,0.379017,0.378894,1,0,0.0738591,0,0.00731501,-0.00129804,0.000192695,0.221028,-0.0151928,0,0,0,0.20115,-0.0140191,-0.003981,-0.337321,-3.5855,10.3993,11.0052,0,29.0078
8.25,level,-0.577926,0.00137828,-0.07362,0.00503132,0,0,0.199527,0.0124348,0.00208858,93.3004,93.4404,115.106,5.43785,nan,0.379216,0.379642,0.378698,0.378718,0.37989,0.379642,0.37989,0.378698,0.378718,1,0,0.0737912,0,0.00561399,0.000506902,-9.9807e-05,0.220808,-0.0150972,0,0,0,0.198473,-0.0133571,-0.0012675,-0.302575,-3.51812,10.4467,11.0273,0,28.8975
8.26,level,-0.575931,0.0012626,-0.0735577,0.00500003,0,0,0.199376,0.01234,0.00207644,93.277,93.417,115.161,5.44694,nan,0.378807,0.379815,0.37784,0.379014,0.378642,0.379815,0.378642,0.37784,0.379014,1,0,0.0737266,0,0.00425405,1.93364e-06,0.00103167,0.220644,-0.0150163,0,0,0,0.214377,-0.0143785,0.00888649,-0.181813,-3.43634,10.4765,11.0272,0,28.7869
8.27,level,-0.573938,0.0011495,-0.0735207,0.00496467,0,0,0.199377,0.0122172,0.00211563,93.2537,93.3937,115.215,5.45595,nan,0.378396,0.377847,0.378892,0.377356,0.379572,0.377847,0.379572,0.378892,0.377356,1,0,0.0736813,0,0.00310825,0.000357864,-0.00143354,0.220517,-0.0149051,0,0,0,0.202587,-0.0214749,-0.00314303,-0.348921,-3.58014,10.4836,11.0835,0,28.6748
8.28,level,-0.571943,0.00103306,-0.0734428,0.00491211,0,0,0.199465,0.0121439,0.00250757,93.2305,93.3705,115.27,5.46485,nan,0.377984,0.378411,0.37715,0.377899,0.378557,0.378411,0.378557,0.37715,0.377899,1,0,0.07361,0,0.00508893,0.00169689,0.000265024,0.22028,-0.0147598,0,0,0,0.201351,-0.0190866,-0.00814522,-0.205313,-3.64063,10.3966,11.0175,0,28.565
8.29,level,-0.569948,0.000917529,-0.0733748,0.00490689,0,0,0.199603,0.0118638,0.00295868,93.2073,93.3473,115.324,5.47365,nan,0.37757,0.377784,0.377548,0.376852,0.378178,0.377784,0.378178,0.377548,0.376852,1,0,0.0735387,0,0.00414184,-0.000571361,-0.00047939,0.220081,-0.0147326,0,0,0,0.204445,-0.0139538,0.00440419,-0.21472,-3.42281,10.4296,10.979,0,28.4547
8.3,level,-0.56795,0.000802253,-0.0733319,0.00486738,0,0,0.199972,0.0115702,0.00277858,93.1843,93.3243,115.379,5.48235,nan,0.377155,0.377166,0.377109,0.376197,0.378232,0.377166,0.378232,0.377109,0.376197,1,0,0.0734901,0,0.00554671,0.000291854,-0.000869495,0.219961,-0.0146224,0,0,0,0.209995,-0.0218368,-0.000218622,-0.268527,-3.67368,10.3893,11.023,0,28.3427
8.31,level,-0.565948,0.000690168,-0.0732475,0.00484119,0,0,0.200443,0.0112272,0.00250146,93.1613,93.3013,115.434,5.49095,nan,0.376739,0.376394,0.377149,0.376312,0.377185,0.376394,0.377185,0.377149,0.376312,1,0,0.0734024,0,0.000312518,-8.4787e-05,-0.000715448,0.219697,-0.014553,0,0,0,0.203244,-0.0202107,-0.0013308,-0.151041,-3.56218,10.3254,10.9237,0,28.2329
8.32,level,-0.563942,0.000581119,-0.073201,0.00483743,0,0,0.200759,0.0109159,0.00330589,93.1384,93.2784,115.489,5.49944,nan,0.376322,0.37817,0.374775,0.377099,0.375326,0.37817,0.375326,0.374775,0.377099,1,0,0.0733666,0,0.0043038,-0.000985808,0.00227114,0.21958,-0.0145118,0,0,0,0.217278,-0.0133719,0.00212113,-0.314774,-3.38563,10.3579,10.9017,0,28.1207
8.33,level,-0.561934,0.000478619,-0.0731315,0.00479384,0,0,0.20094,0.0106559,0.00146286,93.1156,93.2556,115.544,5.50783,nan,0.375904,0.375411,0.376582,0.374604,0.377102,0.375411,0.377102,0.376582,0.374604,1,0,0.0732918,0,0.00352014,-0.000546603,-0.00161264,0.21936,-0.0144023,0,0,0,0.209797,-0.0177893,-0.00131556,-0.203795,-3.68629,10.3739,11.0113,0,28.0096
8.34,level,-0.559923,0.000377921,-0.0730348,0.00477357,0,0,0.201135,0.010515,0.00238205,93.0929,93.2329,115.599,5.51613,nan,0.375485,0.375993,0.37533,0.374551,0.376148,0.375993,0.376148,0.37533,0.374551,1,0,0.0731811,0,0.00599709,-0.001181,-0.000410156,0.219064,-0.0143343,0,0,0,0.206091,-0.00759226,-0.00706022,-0.126657,-3.57025,10.4327,11.0274,0,27.9
8.35,level,-0.557911,0.000277803,-0.0729856,0.00476958,0,0,0.201376,0.0105361,0.001694,93.0702,93.2102,115.654,5.52433,nan,0.375065,0.375985,0.374197,0.37559,0.374571,0.375985,0.374571,0.374197,0.37559,1,0,0.0731518,0,0.00203939,-4.20364e-05,0.00123379,0.218921,-0.0143281,0,0,0,0.208668,-0.0229573,-0.0102522,-0.29482,-3.5995,10.2676,10.8843,0,27.7876
8.36,level,-0.555896,0.000181613,-0.0729188,0.00474373,0,0,0.201519,0.0105868,0.000936262,93.0477,93.1877,115.71,5.53244,nan,0.374644,0.374808,0.374489,0.373609,0.375753,0.374808,0.375753,0.374489,0.373609,1,0,0.0730768,0,0.00653276,0.000120986,-0.000802238,0.218705,-0.0142482,0,0,0,0.198439,-0.0152988,-0.00264019,-0.20369,-3.69737,10.3634,11.0051,0,27.6761
8.37,level,-0.55388,8.41796e-05,-0.0728346,0.00477194,0,0,0.201759,0.0105597,0.00227251,93.0252,93.1652,115.765,5.54047,nan,0.374221,0.374773,0.37402,0.373897,0.37428,0.374773,0.37428,0.37402,0.373897,1,0,0.0729952,0,0.00301321,-0.00116958,0.000162544,0.218476,-0.0143141,0,0,0,0.213936,-0.0039625,-0.00679919,-0.219447,-3.58742,10.4405,11.0418,0,27.5655
8.38,level,-0.551861,-1.56308e-05,-0.0727749,0.00474607,0,0,0.201943,0.0105957,0.00151812,93.0028,93.1428,115.82,5.54841,nan,0.373798,0.374756,0.372768,0.374133,0.37362,0.374756,0.37362,0.372768,0.374133,1,0,0.0729396,0,0.00391139,0.000435383,0.00109941,0.21829,-0.0142506,0,0,0,0.208808,-0.0220916,-0.000939226,-0.343688,-3.65595,10.3258,10.9593,0,27.4533
8.39,level,-0.549842,-0.000112053,-0.0726902,0.00475193,0,0,0.20199,0.0106246,0.000836024,92.9805,93.1205,115.876,5.55626,nan,0.373373,0.372305,0.374912,0.371247,0.375114,0.372305,0.375114,0.374912,0.371247,1,0,0.0728545,0,0.00334163,-0.00162296,-0.00284556,0.218033,-0.0142708,0,0,0,0.207655,-0.0108604,-0.00831263,-0.160684,-3.61694,10.2534,10.8739,0,27.3425
8.4,level,-0.547822,-0.000211412,-0.0726249,0.00477376,0,0,0.202008,0.0107323,0.00213442,92.9583,93.0983,115.932,5.56403,nan,0.372948,0.37348,0.372874,0.372738,0.372783,0.37348,0.372783,0.372874,0.372738,1,0,0.0727759,0,0.0017294,-0.00158007,0.00024636,0.217839,-0.0143297,0,0,0,0.207792,-0.0160473,-0.00924671,-0.295584,-3.56017,10.2748,10.8781,0,27.2306
8.41,level,-0.545802,-0.000316399,-0.0725484,0.00476568,0,0,0.20189,0.0110748,0.00275044,92.9362,93.0762,115.987,5.57172,nan,0.372521,0.371885,0.373153,0.371604,0.373526,0.371885,0.373526,0.373153,0.371604,1,0,0.0727137,0,0.0017339,0.000175134,-0.00140198,0.217621,-0.0142939,0,0,0,0.215817,-0.00763315,0.00678161,-0.27617,-3.65909,10.3709,11.001,0,27.1193
8.42,level,-0.543784,-0.000427449,-0.0724644,0.00474408,0,0,0.201663,0.0113399,0.00256978,92.9141,93.0541,116.043,5.57931,nan,0.372092,0.372221,0.372056,0.371758,0.372419,0.372221,0.372419,0.372056,0.371758,1,0,0.0726185,0,0.00219058,-0.000191032,-0.000218159,0.217351,-0.0142527,0,0,0,0.203987,-0.0164525,-0.00341315,-0.178945,-3.52884,10.2669,10.8579,0,27.0086
8.43,level,-0.541769,-0.000539278,-0.0724051,0.00471993,0,0,0.201262,0.0115354,0.00278025,92.8922,93.0322,116.099,5.58684,nan,0.371663,0.372991,0.370471,0.371948,0.371327,0.372991,0.371327,0.370471,0.371948,1,0,0.0725593,0,0.00503686,-0.000356645,0.00138039,0.217182,-0.0141721,0,0,0,0.209433,-0.0165017,-0.000228099,-0.263427,-3.69429,10.1657,10.8193,0,26.8966
8.44,level,-0.539759,-0.000651891,-0.0723325,0.00468578,0,0,0.200796,0.0116846,0.00248164,92.8703,93.0103,116.155,5.59427,nan,0.371232,0.372025,0.370466,0.371295,0.371229,0.372025,0.371229,0.370466,0.371295,1,0,0.0724771,0,0.00396232,6.24091e-05,0.000714072,0.216957,-0.0140896,0,0,0,0.204781,-0.0243757,0.000374693,-0.181478,-3.69822,10.2106,10.8612,0,26.7856
8.45,level,-0.537753,-0.000764956,-0.0722562,0.00467436,0,0,0.200334,0.0117751,0.00274723,92.8485,92.9885,116.211,5.60164,nan,0.3708,0.372368,0.36941,0.37119,0.370319,0.372368,0.370319,0.36941,0.37119,1,0,0.0724047,0,0.00553924,-0.000508474,0.00168297,0.216745,-0.014028,0,0,0,0.215562,-0.0114823,-0.00376205,-0.263189,-3.67721,10.3648,11.0009,0,26.6752
8.46,level,-0.535752,-0.000878428,-0.0722075,0.00461747,0,0,0.199801,0.011944,0.00202626,92.8268,92.9668,116.267,5.60893,nan,0.370367,0.369326,0.371012,0.369251,0.371967,0.369326,0.371967,0.371012,0.369251,1,0,0.0723586,0,0.00273276,0.00166854,-0.00193479,0.216595,-0.0138598,0,0,0,0.212621,-0.0159674,0.00125859,-0.314774,-3.88144,10.3192,11.0296,0,26.5634
8.47,level,-0.533757,-0.000993761,-0.0721179,0.00459597,0,0,0.199265,0.0118545,0.00191365,92.8052,92.9452,116.323,5.61615,nan,0.369933,0.370045,0.369905,0.369338,0.370532,0.370045,0.370532,0.369905,0.369338,1,0,0.0722531,0,0.0035359,-0.000151733,-0.00046341,0.216306,-0.0138125,0,0,0,0.19991,-0.012978,-0.00371948,-0.0890261,-3.6249,10.2413,10.8643,0,26.4542
8.48,level,-0.531767,-0.00110494,-0.0720735,0.00455717,0,0,0.198807,0.0118039,0.00167244,92.7836,92.9236,116.379,5.62327,nan,0.369498,0.368919,0.370124,0.368457,0.370581,0.368919,0.370581,0.370124,0.368457,1,0,0.0722134,0,0.00243702,-9.36389e-06,-0.00146291,0.216192,-0.0136762,0,0,0,0.212018,-0.01525,0.0106927,-0.304214,-3.70092,10.1498,10.8078,0,26.3428
8.49,level,-0.529781,-0.00121795,-0.0720224,0.00451788,0,0,0.198341,0.0117291,0.00270514,92.7622,92.9022,116.435,5.63032,nan,0.369063,0.370034,0.368129,0.369461,0.368714,0.370034,0.368714,0.368129,0.369461,1,0,0.0721606,0,0.00307374,2.08531e-05,0.00116599,0.216022,-0.0135796,0,0,0,0.20139,-0.0190562,-0.00905664,-0.170264,-3.73022,10.2678,10.9258,0,26.232
8.5,level,-0.527799,-0.00133222,-0.0719859,0.00450058,0,0,0.198056,0.0116071,0.00265522,92.7409,92.8809,116.492,5.63731,nan,0.368626,0.369105,0.368216,0.368556,0.368713,0.369105,0.368713,0.368216,0.368556,1,0,0.0721308,0,0.00277516,-0.000100003,0.000321711,0.215914,-0.0135128,0,0,0,0.202053,-0.0138234,0.00152154,-0.219691,-3.58226,10.3019,10.9092,0,26.1206
8.51,level,-0.52582,-0.00144274,-0.07198,0.00446359,0,0,0.197755,0.011465,0.00139489,92.7196,92.8596,116.548,5.64425,nan,0.368188,0.369051,0.367451,0.36783,0.368508,0.369051,0.368508,0.367451,0.36783,1,0,0.0721143,0,0.00603967,-0.000310465,0.000405284,0.215902,-0.0134033,0,0,0,0.20561,-0.01839,-0.00284597,-0.291321,-3.79102,10.2228,10.9069,0,26.0076
8.52,level,-0.523843,-0.00154977,-0.0719367,0.00446271,0,0,0.197551,0.0112933,0.00174249,92.6984,92.8384,116.605,5.65114,nan,0.36775,0.368868,0.366807,0.367829,0.367583,0.368868,0.367583,0.366807,0.367829,1,0,0.072068,0,0.00481688,-0.000497199,0.00101382,0.215769,-0.0134051,0,0,0,0.203966,-0.0135375,0.000887231,-0.162504,-3.66357,10.163,10.8044,0,25.897
8.53,level,-0.521868,-0.00165526,-0.0719133,0.00442389,0,0,0.19746,0.0112405,0.00209188,92.6773,92.8173,116.661,5.65795,nan,0.367311,0.367789,0.366858,0.366623,0.368061,0.367789,0.368061,0.366858,0.366623,1,0,0.0720382,0,0.00628358,6.82701e-05,-0.000222824,0.215697,-0.0132883,0,0,0,0.202237,-0.0249693,0.000607214,-0.339518,-3.73346,10.1685,10.8376,0,25.7852
8.54,level,-0.519894,-0.00176305,-0.0718791,0.00438006,0,0,0.197415,0.0111632,0.00203876,92.6563,92.7963,116.718,5.66468,nan,0.366871,0.367341,0.366616,0.366566,0.367048,0.367341,0.367048,0.366616,0.366566,1,0,0.0720084,0,0.00319952,-0.000649924,0.000106802,0.21559,-0.0131579,0,0,0,0.199688,-0.0145963,-0.00316224,-0.178833,-3.80976,10.15,10.8429,0,25.6741
8.55,level,-0.51792,-0.0018714,-0.0718428,0.00437176,0,0,0.197369,0.0110645,0.00214692,92.6354,92.7754,116.774,5.67134,nan,0.36643,0.366961,0.366229,0.365641,0.366976,0.366961,0.366976,0.366229,0.365641,1,0,0.0719753,0,0.00548217,-0.00108571,-0.000264785,0.215491,-0.0131247,0,0,0,0.206009,-0.0116214,-0.00488024,-0.208996,-3.62246,10.1808,10.8081,0,25.5632
8.56,level,-0.515946,-0.00197897,-0.0718279,0.00434769,0,0,0.197357,0.0110743,0.0017173,92.6146,92.7546,116.831,5.67791,nan,0.365988,0.366349,0.365667,0.365322,0.366702,0.366349,0.366702,0.365667,0.365322,1,0,0.0719521,0,0.0054709,1.52786e-05,-0.000306705,0.215433,-0.0130472,0,0,0,0.196927,-0.0149409,0.00570391,-0.320181,-3.89243,10.2236,10.9442,0,25.451
8.57,level,-0.513973,-0.00208576,-0.0717883,0.00431917,0,0,0.197382,0.0111369,0.00211562,92.5938,92.7338,116.888,5.68442,nan,0.365546,0.365188,0.366023,0.364711,0.366349,0.365188,0.366349,0.366023,0.364711,1,0,0.0719223,0,0.00213048,-0.000287282,-0.00108688,0.215322,-0.0129782,0,0,0,0.202688,-0.0168179,-0.00829113,-0.179608,-3.66327,10.2079,10.8468,0,25.3403
8.58,level,-0.511999,-0.00219288,-0.0717949,0.00425554,0,0,0.19737,0.0112,0.00203516,92.5732,92.7132,116.945,5.69089,nan,0.365102,0.365401,0.365092,0.364558,0.365448,0.365401,0.365448,0.365092,0.364558,1,0,0.0719223,0,0.00318377,-0.000922664,-0.00025541,0.215355,-0.0127724,0,0,0,0.210719,-0.0167065,0.00307111,-0.322805,-3.80202,10.1683,10.8607,0,25.2269
8.59,level,-0.510026,-0.00229955,-0.0717575,0.00426611,0,0,0.197294,0.0111976,0.00141095,92.5526,92.6926,117.002,5.69731,nan,0.364658,0.364938,0.364743,0.363801,0.36524,0.364938,0.36524,0.364743,0.363801,1,0,0.0718858,0,0.00433561,-0.00121138,-0.000547123,0.215219,-0.0128167,0,0,0,0.195493,-0.0134765,-0.012172,-0.16372,-3.88619,10.1381,10.8586,0,25.1161
8.6,level,-0.508053,-0.00240558,-0.0717126,0.00424935,0,0,0.19719,0.01121,0.0021338,92.5321,92.6721,117.059,5.70366,nan,0.364213,0.364385,0.364374,0.363912,0.364271,0.364385,0.364271,0.364374,0.363912,1,0,0.071836,0,0.000980508,-0.00109051,-0.000153365,0.215112,-0.0127513,0,0,0,0.213,-0.0147754,0.00365473,-0.310095,-3.70677,10.1212,10.7831,0,25.0057
8.61,level,-0.506083,-0.00251397,-0.0716892,0.00421955,0,0,0.196883,0.0111293,0.00227895,92.5118,92.6518,117.116,5.70996,nan,0.363767,0.36351,0.363849,0.362589,0.365211,0.36351,0.365211,0.363849,0.362589,1,0,0.0718094,0,0.0060567,0.000835769,-0.00130105,0.215018,-0.0126568,0,0,0,0.197508,-0.00590547,-0.0032561,-0.246208,-3.88537,10.0585,10.7856,0,24.8943
8.62,level,-0.504115,-0.00262426,-0.0716296,0.00421863,0,0,0.196684,0.0109896,0.00303323,92.4915,92.6315,117.173,5.71619,nan,0.363321,0.363998,0.362868,0.363133,0.363373,0.363998,0.363373,0.362868,0.363133,1,0,0.0717563,0,0.00363248,-0.000680602,0.000390741,0.214857,-0.0126601,0,0,0,0.209321,-0.0100106,-0.00226062,-0.234677,-3.71899,10.2806,10.9351,0,24.7851
8.63,level,-0.502149,-0.00273226,-0.0716269,0.00416953,0,0,0.196616,0.0108703,0.00225779,92.4713,92.6113,117.23,5.7224,nan,0.362873,0.362359,0.363587,0.361462,0.364176,0.362359,0.364176,0.363587,0.361462,1,0,0.0717496,0,0.00394234,-0.00058107,-0.00173261,0.214825,-0.0125281,0,0,0,0.193484,-0.0246423,-0.00492261,-0.322701,-3.95225,10.1944,10.9384,0,24.6726
8.64,level,-0.500182,-0.00284079,-0.0715948,0.00414863,0,0,0.196666,0.0107332,0.00296234,92.4512,92.5912,117.287,5.72856,nan,0.362425,0.363828,0.360985,0.36268,0.362298,0.363828,0.362298,0.360985,0.36268,1,0,0.0717064,0,0.00652549,0.000313585,0.00141754,0.214731,-0.0124544,0,0,0,0.195403,-0.0110192,0.0047615,-0.200637,-3.78615,10.0819,10.7713,0,24.5619
8.65,level,-0.498215,-0.00294709,-0.0715769,0.00412205,0,0,0.196799,0.0106689,0.00233809,92.4311,92.5711,117.345,5.73464,nan,0.361976,0.361892,0.362092,0.36141,0.362602,0.361892,0.362602,0.362092,0.36141,1,0,0.0717097,0,0.00263293,5.27677e-05,-0.000611718,0.214702,-0.0123651,0,0,0,0.210948,-0.0108756,-0.00367191,-0.310108,-3.85049,10.0963,10.8101,0,24.4503
8.66,level,-0.496246,-0.00305092,-0.0715178,0.004104,0,0,0.19694,0.0105512,0.00241638,92.4112,92.5512,117.402,5.74066,nan,0.361527,0.36123,0.362111,0.360416,0.36244,0.36123,0.36244,0.362111,0.360416,1,0,0.0716365,0,0.00303362,-0.000918246,-0.00127684,0.214506,-0.0123015,0,0,0,0.199145,-8.70011e-07,0.00814225,-0.22612,-3.86123,10.0995,10.8148,0,24.341
8.67,level,-0.494276,-0.00315619,-0.0714813,0.00408529,0,0,0.197086,0.0104195,0.00256778,92.3913,92.5313,117.46,5.74661,nan,0.361076,0.361654,0.360594,0.361148,0.360998,0.361654,0.360998,0.360594,0.361148,1,0,0.0715966,0,0.00241323,-0.000191974,0.000531544,0.214407,-0.0122616,0,0,0,0.206032,-0.0112201,-0.00153436,-0.239278,-3.81194,10.0262,10.7291,0,24.2303
8.68,level,-0.492305,-0.00325796,-0.0714464,0.0040471,0,0,0.197104,0.0103657,0.00175172,92.3716,92.5116,117.517,5.7525,nan,0.360625,0.360854,0.360565,0.360073,0.361097,0.360854,0.361097,0.360565,0.360073,1,0,0.0715633,0,0.0034837,-0.000473263,-0.000323299,0.2143,-0.0121612,0,0,0,0.204557,-0.0140099,-0.00769783,-0.144218,-3.89337,10.0065,10.7382,0,24.1194
8.69,level,-0.490334,-0.00335742,-0.0714031,0.00402816,0,0,0.197102,0.0102599,0.00155361,92.3519,92.4919,117.575,5.75833,nan,0.360173,0.360743,0.359717,0.360362,0.359958,0.360743,0.359958,0.359717,0.360362,1,0,0.0715166,0,0.0016501,-0.00026566,0.000628155,0.214158,-0.0120953,0,0,0,0.196262,-0.0114117,0.00541052,-0.179036,-3.80068,10.1973,10.8841,0,24.0091
8.7,level,-0.488364,-0.0034539,-0.0713914,0.00401019,0,0,0.197019,0.0101675,0.00144638,92.3324,92.4724,117.632,5.76413,nan,0.35972,0.360217,0.359235,0.359826,0.35969,0.360217,0.35969,0.359235,0.359826,1,0,0.0715066,0,0.00224321,0.000120449,0.00049183,0.214135,-0.0120228,0,0,0,0.203371,-0.00727137,0.000420643,-0.317683,-3.86552,10.2011,10.9135,0,23.897
8.71,level,-0.486394,-0.00355017,-0.0713441,0.00400658,0,0,0.196927,0.0100754,0.00104888,92.3129,92.4529,117.69,5.76989,nan,0.359266,0.359158,0.359688,0.357964,0.360343,0.359158,0.360343,0.359688,0.357964,1,0,0.0714566,0,0.00490524,-0.00102208,-0.00127848,0.214002,-0.0120343,0,0,0,0.209765,-0.0155258,-0.0013294,-0.206982,-3.72703,10.1396,10.8049,0,23.7869
8.72,level,-0.484426,-0.00364682,-0.0713431,0.00398975,0,0,0.196777,0.0100721,0.00192179,92.2935,92.4335,117.748,5.77559,nan,0.358811,0.359075,0.358781,0.358233,0.359246,0.359075,0.359246,0.358781,0.358233,1,0,0.0714566,0,0.00346742,-0.000713703,-0.000315918,0.213977,-0.0119764,0,0,0,0.194824,-0.0159621,0.00224656,-0.297707,-3.90514,9.98974,10.73,0,23.6743
8.73,level,-0.482458,-0.00374394,-0.071306,0.00396551,0,0,0.19666,0.0100522,0.00182121,92.2742,92.4142,117.805,5.78126,nan,0.358356,0.358729,0.357981,0.357812,0.358992,0.358729,0.358992,0.357981,0.357812,1,0,0.0714098,0,0.00511305,0.000179722,-0.000189617,0.213866,-0.0119265,0,0,0,0.195814,-0.0169026,0.00087961,-0.0700502,-3.80698,10.1504,10.8411,0,23.5638
8.74,level,-0.480492,-0.00384236,-0.0713024,0.00395548,0,0,0.196586,0.0100599,0.00239936,92.255,92.395,117.863,5.78692,nan,0.357899,0.359283,0.356673,0.358352,0.357381,0.359283,0.357381,0.356673,0.358352,1,0,0.0714198,0,0.00434847,-0.000419681,0.00157404,0.213856,-0.0118755,0,0,0,0.195722,-0.0197364,0.0028606,-0.337137,-3.91892,10.0842,10.8241,0,23.4515
8.75,level,-0.478527,-0.00393925,-0.0712885,0.00392767,0,0,0.196371,0.00997422,0.000793332,92.2358,92.3758,117.921,5.79252,nan,0.357442,0.35823,0.356413,0.357821,0.357396,0.35823,0.357396,0.356413,0.357821,1,0,0.0713831,0,0.0036907,0.00108708,0.000985469,0.213804,-0.0117934,0,0,0,0.189606,-0.00924742,0.0114526,-0.143691,-3.89675,10.0227,10.7545,0,23.3398
8.76,level,-0.476566,-0.00402974,-0.0712983,0.00391969,0,0,0.195916,0.00964717,0.000601016,92.2168,92.3568,117.979,5.79809,nan,0.356983,0.357767,0.356373,0.357,0.356885,0.357767,0.356885,0.356373,0.357,1,0,0.0714031,0,0.00339344,-0.000482808,0.000663677,0.21385,-0.0117743,0,0,0,0.199893,-0.0175792,0.00642131,-0.230714,-3.90449,10.0129,10.7497,0,23.227
8.77,level,-0.47461,-0.0041175,-0.0712915,0.00389573,0,0,0.195216,0.00929215,0.000986059,92.1979,92.3379,118.037,5.80363,nan,0.356523,0.357181,0.355835,0.356565,0.356602,0.357181,0.356602,0.355835,0.356565,1,0,0.0713931,0,0.0036681,0.000288296,0.000575539,0.213822,-0.0116982,0,0,0,0.194904,-0.0152935,-0.0031644,-0.250896,-3.92887,10.0295,10.7745,0,23.1154
8.78,level,-0.472661,-0.00420376,-0.0712712,0.00392582,0,0,0.194486,0.0091185,0.00143167,92.179,92.319,118.095,5.80915,nan,0.35606,0.356119,0.356031,0.355174,0.357007,0.356119,0.357007,0.356031,0.355174,1,0,0.0713831,0,0.0050938,5.89825e-05,-0.0007674,0.213774,-0.0117742,0,0,0,0.203901,-0.000521988,0.00025255,-0.159731,-3.82129,10.0955,10.7957,0,23.0051
8.79,level,-0.470719,-0.00429263,-0.0713027,0.0039129,0,0,0.193938,0.00903315,0.00181272,92.1603,92.3003,118.153,5.81463,nan,0.355594,0.356873,0.354337,0.355594,0.355665,0.356873,0.355665,0.354337,0.355594,1,0,0.0713965,0,0.00691765,9.40019e-05,0.0010833,0.213846,-0.0117599,0,0,0,0.189015,-0.0198797,0.00341172,-0.210857,-3.97429,10.0639,10.8223,0,22.8921
8.8,level,-0.468782,-0.00438024,-0.0712634,0.00392088,0,0,0.193535,0.00882806,0.00225479,92.1416,92.2816,118.211,5.82009,nan,0.355126,0.355526,0.354709,0.354809,0.355554,0.355526,0.355554,0.354709,0.354809,1,0,0.0713731,0,0.00414244,0.000243707,3.18833e-05,0.213748,-0.0117739,0,0,0,0.201825,-0.0133726,-0.000629057,-0.212434,-3.88871,10.1371,10.8595,0,22.7835
8.81,level,-0.466849,-0.00446664,-0.071282,0.00389572,0,0,0.193091,0.00853534,0.00168328,92.1231,92.2631,118.27,5.82551,nan,0.354656,0.354396,0.355059,0.353034,0.356228,0.354396,0.356228,0.355059,0.353034,1,0,0.0713831,0,0.00671207,-0.000365855,-0.00169527,0.213789,-0.0117013,0,0,0,0.191904,-0.0171029,0.0034558,-0.244637,-4.02717,10.134,10.9076,0,22.6718
8.82,level,-0.464919,-0.00455251,-0.0712708,0.00394154,0,0,0.192861,0.00830375,0.00265648,92.1046,92.2446,118.328,5.83092,nan,0.354183,0.35564,0.352554,0.354917,0.353717,0.35564,0.353717,0.352554,0.354917,1,0,0.0713731,0,0.00500386,0.000834544,0.00188384,0.213767,-0.0118325,0,0,0,0.200125,-0.0107177,-0.000655949,-0.20233,-3.7964,10.1193,10.8099,0,22.5621
8.83,level,-0.462991,-0.00463613,-0.0712948,0.0039076,0,0,0.192703,0.00818796,0.00179812,92.0862,92.2262,118.386,5.83631,nan,0.353709,0.355153,0.35216,0.354308,0.35331,0.355153,0.35331,0.35216,0.354308,1,0,0.0714031,0,0.00529129,0.00057856,0.0017538,0.213845,-0.011736,0,0,0,0.203825,-0.0188268,0.00997083,-0.275762,-4.02145,10.1614,10.9317,0,22.4504
8.84,level,-0.461065,-0.0047167,-0.0712736,0.0039501,0,0,0.192646,0.0081585,0.00159016,92.0679,92.2079,118.445,5.84168,nan,0.353233,0.352998,0.353477,0.352445,0.354106,0.352998,0.354106,0.353477,0.352445,1,0,0.0713831,0,0.00313302,0.000144764,-0.00094037,0.213797,-0.0118482,0,0,0,0.214138,-0.00138787,0.00888001,-0.155319,-3.90441,10.1333,10.8606,0,22.3414
8.85,level,-0.459138,-0.00479675,-0.0713223,0.00392496,0,0,0.192589,0.00827435,0.00145739,92.0498,92.1898,118.503,5.84703,nan,0.352755,0.352662,0.352427,0.352507,0.353518,0.352662,0.353518,0.352427,0.352507,1,0,0.0714198,0,0.00330097,0.00177375,-0.000341048,0.213907,-0.0117767,0,0,0,0.190186,-0.00811615,0.00124251,-0.234,-3.99577,10.087,10.8521,0,22.2283
8.86,level,-0.457213,-0.00487578,-0.071316,0.00394446,0,0,0.192465,0.00824782,0.00085892,92.0317,92.1717,118.562,5.85236,nan,0.352275,0.352936,0.352084,0.35143,0.352746,0.352936,0.352746,0.352084,0.35143,1,0,0.0714165,0,0.00575155,-0.00159952,-0.000203805,0.213876,-0.011837,0,0,0,0.182147,-0.00491277,-0.000613032,-0.157413,-3.82554,10.1571,10.8548,0,22.1186
8.87,level,-0.455289,-0.00495543,-0.0713538,0.00392296,0,0,0.192408,0.00832325,0.00119938,92.0137,92.1537,118.62,5.8577,nan,0.351793,0.352669,0.350774,0.351964,0.351862,0.352669,0.351862,0.350774,0.351964,1,0,0.0714599,0,0.00475731,0.00072385,0.000877687,0.214024,-0.0117652,0,0,0,0.204478,-0.0110384,0.00162408,-0.347793,-4.06618,10.1798,10.9674,0,22.0063
8.88,level,-0.453365,-0.00503505,-0.0713626,0.00394207,0,0,0.192363,0.0083137,0.00150205,91.9958,92.1358,118.679,5.86305,nan,0.35131,0.352896,0.350307,0.351115,0.351018,0.352896,0.351018,0.350307,0.351115,1,0,0.0714799,0,0.00661004,-0.00202722,0.00118056,0.214052,-0.0118266,0,0,0,0.20683,-0.00291427,-0.00174513,-0.165039,-3.90532,10.0974,10.8276,0,21.8957
8.89,level,-0.451441,-0.00511704,-0.0714232,0.00393172,0,0,0.192454,0.00831566,0.00179494,91.978,92.118,118.737,5.86842,nan,0.350825,0.351508,0.350534,0.350627,0.350729,0.351508,0.350729,0.350534,0.350627,1,0,0.0715233,0,0.00285495,-0.00129963,0.000382752,0.214209,-0.0117862,0,0,0,0.189699,-0.00352773,0.00391397,-0.273853,-4.00021,10.1031,10.8696,0,21.7822
8.9,level,-0.449516,-0.0052001,-0.0714196,0.00394066,0,0,0.192645,0.00822474,0.00200625,91.9603,92.1003,118.796,5.8738,nan,0.350339,0.350507,0.350489,0.349386,0.351071,0.350507,0.351071,0.350489,0.349386,1,0,0.0715166,0,0.00451606,-0.00101895,-0.000732915,0.214205,-0.0118227,0,0,0,0.194499,-0.00408567,-0.00620895,-0.182402,-3.84147,10.0463,10.7572,0,21.6722
8.91,level,-0.447589,-0.00528235,-0.0714659,0.00393203,0,0,0.192791,0.00821639,0.00180493,91.9427,92.0827,118.855,5.87918,nan,0.349851,0.349657,0.350166,0.348495,0.351184,0.349657,0.351184,0.350166,0.348495,1,0,0.0715766,0,0.00578374,-0.000273781,-0.00140559,0.214342,-0.0118134,0,0,0,0.193144,-0.0198688,-0.0011225,-0.261007,-4.00922,10.0698,10.8417,0,21.5593
8.92,level,-0.44566,-0.0053652,-0.0714353,0.00394574,0,0,0.193067,0.00823033,0.00196442,91.9252,92.0652,118.914,5.88457,nan,0.349362,0.349738,0.348966,0.349056,0.349786,0.349738,0.349786,0.348966,0.349056,1,0,0.0715333,0,0.00398575,0.000261292,1.85686e-05,0.21425,-0.0118293,0,0,0,0.193027,0.00254153,-0.0013865,-0.165229,-3.87323,10.1084,10.8263,0,21.4507
8.93,level,-0.443728,-0.00544604,-0.0714546,0.00394055,0,0,0.193401,0.00815583,0.00119596,91.9078,92.0478,118.973,5.88993,nan,0.348871,0.349263,0.348581,0.348358,0.349382,0.349263,0.349382,0.348581,0.348358,1,0,0.0715599,0,0.00452473,-0.000196715,-0.000149741,0.214324,-0.0118144,0,0,0,0.203272,-0.00680651,-0.00340384,-0.325739,-4.08699,10.0797,10.8817,0,21.3391
8.94,level,-0.441791,-0.00552572,-0.071443,0.00394873,0,0,0.193891,0.00806904,0.00197681,91.8905,92.0305,119.032,5.89527,nan,0.348379,0.348767,0.348039,0.347789,0.34902,0.348767,0.34902,0.348039,0.347789,1,0,0.0715466,0,0.00519596,5.51546e-06,-0.000221376,0.21428,-0.0118634,0,0,0,0.198145,-0.00937163,0.00843505,-0.0771315,-3.88475,10.1318,10.8513,0,21.229
8.95,level,-0.43985,-0.00560638,-0.071485,0.00390932,0,0,0.194379,0.00800229,0.00189649,91.8733,92.0133,119.091,5.90061,nan,0.347886,0.349061,0.346941,0.348221,0.347418,0.349061,0.347418,0.346941,0.348221,1,0,0.0715866,0,0.00349416,-0.000690095,0.00128451,0.214415,-0.0117269,0,0,0,0.202799,-0.0146479,0.00179307,-0.384294,-4.1123,10.1367,10.9458,0,21.1154
8.96,level,-0.437904,-0.00568556,-0.0714771,0.00393061,0,0,0.194848,0.00783628,0.00188891,91.8561,91.9961,119.15,5.90594,nan,0.34739,0.347246,0.347755,0.345685,0.348975,0.347246,0.348975,0.347755,0.345685,1,0,0.0715866,0,0.00737445,-0.000646746,-0.00166962,0.214381,-0.0117791,0,0,0,0.196841,0.00306051,0.00374222,-0.207305,-3.99112,10.0972,10.8593,0,21.0046
8.97,level,-0.435953,-0.00576667,-0.0714818,0.00388717,0,0,0.195345,0.00773328,0.0027765,91.8391,91.9791,119.209,5.91129,nan,0.346894,0.346949,0.346749,0.346043,0.347934,0.346949,0.347934,0.346749,0.346043,1,0,0.0715899,0,0.00554956,0.000528293,-0.0007429,0.214408,-0.0116719,0,0,0,0.205529,-0.0156816,-0.00983785,-0.285186,-4.12222,10.1381,10.9478,0,20.8926
8.98,level,-0.433998,-0.00584906,-0.0714489,0.00391966,0,0,0.19579,0.00763221,0.00329718,91.8222,91.9622,119.268,5.91666,nan,0.346396,0.34793,0.344902,0.346919,0.345932,0.34793,0.345932,0.344902,0.346919,1,0,0.0715466,0,0.00541549,3.57158e-05,0.0017648,0.214288,-0.0117771,0,0,0,0.191119,-0.0157671,-0.000667398,-0.180456,-3.92132,10.1747,10.9057,0,20.7827
8.99,level,-0.432038,-0.00592994,-0.0714797,0.00390519,0,0,0.196171,0.00764774,0.00281634,91.8054,91.9454,119.327,5.92202,nan,0.345896,0.345555,0.346085,0.344801,0.347243,0.345555,0.347243,0.346085,0.344801,1,0,0.0715966,0,0.00507029,0.00076461,-0.00130617,0.214398,-0.0117137,0,0,0,0.202633,-0.00965629,-0.00582702,-0.315255,-4.08617,10.126,10.9239,0,20.6688
9,level,-0.430074,-0.00601255,-0.0714336,0.00389459,0,0,0.196586,0.00760387,0.00322486,91.7887,91.9287,119.386,5.92739,nan,0.345395,0.345449,0.34493,0.345066,0.346234,0.345449,0.346234,0.34493,0.345066,1,0,0.0715366,0,0.00447487,0.00174554,-0.000285691,0.214264,-0.0116772,0,0,0,0.205555,0.00137018,0.00071866,-0.168506,-3.95114,10.0939,10.841,0,20.5591
9.01,level,-0.428107,-0.00609219,-0.0714234,0.0038719,0,0,0.196862,0.00743013,0.00257268,91.7721,91.9121,119.446,5.93275,nan,0.344892,0.345291,0.344785,0.344153,0.345439,0.345291,0.345439,0.344785,0.344153,1,0,0.0715299,0,0.00475142,-0.000918011,-0.000342497,0.214227,-0.0116113,0,0,0,0.201589,-0.00340862,-0.00527525,-0.232228,-4.02864,10.0903,10.8673,0,20.4471
9.02,level,-0.426137,-0.00617028,-0.071381,0.00387471,0,0,0.197069,0.00722348,0.00259915,91.7556,91.8956,119.505,5.93812,nan,0.344388,0.3443,0.344702,0.343666,0.344986,0.3443,0.344986,0.344702,0.343666,1,0,0.0714866,0,0.00243295,-0.000664401,-0.000757144,0.21411,-0.0116254,0,0,0,0.207915,-0.00773336,0.00552108,-0.22586,-3.97319,10.1255,10.8795,0,20.3369
9.03,level,-0.424165,-0.006246,-0.0713839,0.00384796,0,0,0.197624,0.00714155,0.00206837,91.7391,91.8791,119.564,5.94352,nan,0.343885,0.344358,0.343486,0.343387,0.344408,0.344358,0.344408,0.343486,0.343387,1,0,0.0714766,0,0.00502131,-8.99297e-05,-6.55092e-05,0.214097,-0.0115538,0,0,0,0.193993,-0.0089661,-0.00497859,-0.168987,-4.13008,10.097,10.9104,0,20.2238
9.04,level,-0.422184,-0.00631869,-0.0713362,0.00386564,0,0,0.198587,0.00713488,0.00131614,91.7228,91.8628,119.624,5.94892,nan,0.343382,0.34344,0.343377,0.342864,0.343948,0.34344,0.343948,0.343377,0.342864,1,0,0.0714399,0,0.0030422,-9.56825e-06,-0.000448851,0.213974,-0.0115829,0,0,0,0.206859,-9.66549e-05,-0.00229298,-0.273938,-3.93772,10.016,10.7657,0,20.1132
9.05,level,-0.420195,-0.00639091,-0.071288,0.00383102,0,0,0.199274,0.00701101,0.00168236,91.7066,91.8466,119.683,5.95428,nan,0.342881,0.342781,0.343224,0.342022,0.343597,0.342781,0.343597,0.343224,0.342022,1,0,0.0713998,0,0.00300118,-0.000730226,-0.000886785,0.213837,-0.0115023,0,0,0,0.212449,-0.00970231,-0.0168969,-0.205202,-4.16468,10.0609,10.8908,0,20.0021
9.06,level,-0.418199,-0.00646059,-0.0712283,0.00384869,0,0,0.199884,0.00686276,0.000783687,91.6905,91.8305,119.743,5.95961,nan,0.342382,0.342373,0.342595,0.34213,0.34253,0.342373,0.34253,0.342595,0.34213,1,0,0.0713363,0,0.000475488,-0.000584216,-0.000273275,0.21366,-0.0115399,0,0,0,0.213341,-0.00812226,-0.00191779,-0.319361,-3.95862,9.98885,10.7494,0,19.8914
9.07,level,-0.416198,-0.00652826,-0.0711618,0.00385537,0,0,0.20026,0.00679876,0.00147014,91.6745,91.8145,119.802,5.9649,nan,0.341885,0.340872,0.342594,0.340661,0.343511,0.340872,0.343511,0.342594,0.340661,1,0,0.0712627,0,0.00299091,0.0013388,-0.0020098,0.213448,-0.0115937,0,0,0,0.205094,-0.0196176,-0.00886811,-0.150054,-4.02078,9.99989,10.779,0,19.7808
9.08,level,-0.414194,-0.00659953,-0.0711007,0.00386568,0,0,0.200523,0.00669099,0.00262283,91.6586,91.7986,119.862,5.97018,nan,0.341389,0.341382,0.341336,0.341414,0.341525,0.341382,0.341525,0.341336,0.341414,1,0,0.0711958,0,0.000416788,0.000419947,-2.8736e-05,0.213267,-0.0115874,0,0,0,0.206482,-0.00480802,0.000251402,-0.306468,-4.01657,10.0394,10.8174,0,19.6697
9.09,level,-0.412189,-0.00667219,-0.0710066,0.00388907,0,0,0.200567,0.00662658,0.00315187,91.6428,91.7828,119.922,5.97543,nan,0.340895,0.341104,0.340697,0.340318,0.341561,0.341104,0.341561,0.340697,0.340318,1,0,0.0711086,0,0.00437801,0.000147139,-0.000367783,0.212976,-0.0116972,0,0,0,0.200673,-0.0136986,-0.00304852,-0.0206126,-4.05108,10.0391,10.8256,0,19.5604
9.1,level,-0.410183,-0.00674487,-0.0709559,0.00388147,0,0,0.20053,0.00659625,0.0027704,91.6271,91.7671,119.982,5.98063,nan,0.340403,0.341345,0.339737,0.340603,0.340025,0.341345,0.340025,0.339737,0.340603,1,0,0.0710583,0,0.00273247,-0.000859473,0.000960582,0.212832,-0.0116526,0,0,0,0.205909,-0.0153368,0.00254794,-0.282003,-4.03796,9.94932,10.7412,0,19.4486
9.11,level,-0.408178,-0.00681424,-0.0708814,0.00389498,0,0,0.200458,0.00657623,0.00185897,91.6114,91.7514,120.041,5.98577,nan,0.339912,0.341288,0.33868,0.340425,0.339351,0.341288,0.339351,0.33868,0.340425,1,0,0.0709811,0,0.00406616,-0.00036326,0.00161835,0.212596,-0.0116868,0,0,0,0.197702,-0.00114664,-0.00850065,-0.128512,-3.99409,10.0309,10.7976,0,19.3382
9.12,level,-0.406174,-0.0068799,-0.0708467,0.00386071,0,0,0.200387,0.00667465,0.000733985,91.5959,91.7359,120.101,5.99087,nan,0.339422,0.339207,0.339809,0.338649,0.34012,0.339207,0.34012,0.339809,0.338649,1,0,0.0709407,0,0.00230578,-0.000468777,-0.000911317,0.212491,-0.0115989,0,0,0,0.196579,-0.0216219,0.00260523,-0.287849,-4.00029,10.0362,10.8079,0,19.2255
9.13,level,-0.404171,-0.00694708,-0.0707863,0.00386631,0,0,0.200265,0.00676977,0.00182768,91.5805,91.7205,120.161,5.99591,nan,0.338933,0.340003,0.337852,0.339199,0.338776,0.340003,0.338776,0.337852,0.339199,1,0,0.0708802,0,0.00458402,0.000230103,0.00113127,0.21232,-0.0116025,0,0,0,0.203884,-0.00154965,-0.00240151,-0.107325,-3.94254,10.0582,10.8039,0,19.1144
9.14,level,-0.402169,-0.00701704,-0.0707678,0.00385307,0,0,0.200201,0.00694387,0.00164233,91.5652,91.7052,120.221,6.0009,nan,0.338446,0.337828,0.339225,0.337502,0.339324,0.337828,0.339324,0.339225,0.337502,1,0,0.0708634,0,0.00112596,-0.000430486,-0.00141473,0.21226,-0.0115561,0,0,0,0.200523,-0.00791281,-0.00117198,-0.29473,-4.13579,10.0693,10.8895,0,19.0009
9.15,level,-0.400167,-0.00708992,-0.0706805,0.00388504,0,0,0.200107,0.00707902,0.00203857,91.55,91.69,120.281,6.00587,nan,0.337959,0.338414,0.337647,0.337718,0.338156,0.338414,0.338156,0.337647,0.337718,1,0,0.070786,0,0.00319802,-0.000355113,0.000144883,0.21201,-0.0116629,0,0,0,0.208505,-0.00654906,-0.00118222,-0.145109,-4.04697,10.0864,10.869,0,18.8915
9.16,level,-0.398167,-0.00716443,-0.0706546,0.00383564,0,0,0.199967,0.00736774,0.00186499,91.5348,91.6748,120.341,6.0108,nan,0.337474,0.337921,0.337121,0.336846,0.338105,0.337921,0.338105,0.337121,0.336846,1,0,0.0707556,0,0.00546322,-0.000170376,-0.000202083,0.211918,-0.0115237,0,0,0,0.198464,-0.0208621,0.000764102,-0.286849,-4.14796,10.0283,10.856,0,18.7785
9.17,level,-0.396167,-0.0072417,-0.0705865,0.00384292,0,0,0.199944,0.00753109,0.00228482,91.5198,91.6598,120.401,6.01566,nan,0.33699,0.336476,0.337658,0.335717,0.338205,0.336476,0.338205,0.337658,0.335717,1,0,0.0706983,0,0.00346394,-0.000401782,-0.00161313,0.211729,-0.0115489,0,0,0,0.209401,-0.0164765,-0.00183232,-0.168513,-3.97248,10.0671,10.8239,0,18.668
9.18,level,-0.394168,-0.00731876,-0.0705559,0.0038348,0,0,0.199931,0.00769352,0.00102097,91.5049,91.6449,120.462,6.02049,nan,0.336507,0.336001,0.336919,0.335125,0.338078,0.336001,0.338078,0.336919,0.335125,1,0,0.0706578,0,0.00540144,0.000537074,-0.00170168,0.211639,-0.0115051,0,0,0,0.210148,-0.00800975,-0.00305626,-0.256562,-4.17113,10.0513,10.8854,0,18.5554
9.19,level,-0.392168,-0.0073957,-0.0704686,0.00382621,0,0,0.199931,0.0077953,0.00108392,91.49,91.63,120.522,6.02528,nan,0.336024,0.337266,0.334972,0.336542,0.335415,0.337266,0.335415,0.334972,0.336542,1,0,0.0705633,0,0.00309454,-0.000532938,0.00150348,0.211373,-0.0114921,0,0,0,0.207029,-0.0131293,0.0015916,-0.183192,-3.99763,10.0763,10.8419,0,18.4461
9.2,level,-0.390169,-0.00747228,-0.070418,0.00378914,0,0,0.199873,0.0079095,0.00134957,91.4753,91.6153,120.582,6.03004,nan,0.335543,0.335189,0.335649,0.335128,0.336302,0.335189,0.336302,0.335649,0.335128,1,0,0.0705159,0,0.0018929,0.00112368,-0.000718334,0.21122,-0.01138,0,0,0,0.206387,-0.01126,0.00160709,-0.167319,-4.14226,9.95588,10.7845,0,18.3346
9.21,level,-0.388171,-0.00755281,-0.0703468,0.00378697,0,0,0.199828,0.00792596,0.00262783,91.4606,91.6006,120.642,6.03477,nan,0.335063,0.335991,0.334195,0.335434,0.334727,0.335991,0.334727,0.334195,0.335434,1,0,0.070455,0,0.00288953,-4.52773e-05,0.00110013,0.211008,-0.0113704,0,0,0,0.207013,-0.0146571,-0.000172057,-0.255314,-4.03871,10.0106,10.7976,0,18.2244
9.22,level,-0.386173,-0.00763414,-0.0702985,0.00375948,0,0,0.199714,0.00790012,0.00145929,91.4461,91.5861,120.703,6.03946,nan,0.334583,0.334907,0.334415,0.334018,0.335089,0.334907,0.335089,0.334415,0.334018,1,0,0.0704009,0,0.00414658,-0.000407182,-0.000254883,0.210856,-0.0112919,0,0,0,0.202653,-0.00874015,-0.010385,-0.124588,-4.04127,10.021,10.8059,0,18.1129
9.23,level,-0.384177,-0.00771411,-0.0702285,0.0037559,0,0,0.199563,0.00784889,0.00231772,91.4316,91.5716,120.763,6.04411,nan,0.334104,0.333655,0.334696,0.333447,0.334715,0.333655,0.334715,0.334696,0.333447,1,0,0.0703297,0,0.000601517,-0.000356737,-0.00101451,0.210671,-0.0112757,0,0,0,0.219085,-0.013966,0.00766094,-0.24966,-4.02407,9.94947,10.7353,0,18.0028
9.24,level,-0.382183,-0.00779457,-0.0701846,0.00372822,0,0,0.199312,0.00781297,0.00163147,91.4173,91.5573,120.824,6.04871,nan,0.333627,0.333371,0.333966,0.332806,0.334458,0.333371,0.334458,0.333966,0.332806,1,0,0.0702686,0,0.00280482,-0.000138449,-0.00098801,0.210498,-0.0112025,0,0,0,0.192055,-0.0122487,-0.00453465,-0.126965,-4.07553,9.9038,10.7103,0,17.8912
9.25,level,-0.380191,-0.0078744,-0.0701278,0.00372092,0,0,0.19906,0.00785482,0.00137579,91.403,91.543,120.884,6.05326,nan,0.333149,0.333737,0.332905,0.333181,0.332871,0.333737,0.332871,0.332905,0.333181,1,0,0.0702211,0,0.00138511,-0.00111693,0.000501718,0.210356,-0.0111696,0,0,0,0.210172,-0.0134018,0.000320701,-0.264522,-4.09306,9.99012,10.7993,0,17.7806
9.26,level,-0.378201,-0.00795271,-0.0700762,0.00372233,0,0,0.198816,0.00789416,0.0013151,91.3889,91.5289,120.945,6.05777,nan,0.332673,0.333744,0.332027,0.332547,0.33247,0.333744,0.33247,0.332027,0.332547,1,0,0.0701735,0,0.00434959,-0.00142998,0.000788076,0.210187,-0.0111825,0,0,0,0.201147,-0.0128596,0.00683874,-0.147518,-4.02724,9.94863,10.7339,0,17.6698
9.27,level,-0.376214,-0.00803088,-0.0700564,0.00368723,0,0,0.198651,0.00802147,0.00120389,91.3748,91.5148,121.005,6.06224,nan,0.332198,0.332416,0.33205,0.331852,0.332568,0.332416,0.332568,0.33205,0.331852,1,0,0.0701429,0,0.0028697,-8.5141e-05,-0.000153751,0.210125,-0.0110829,0,0,0,0.199253,-0.0189834,0.0109539,-0.183972,-4.11963,9.90436,10.7285,0,17.5573
9.28,level,-0.374229,-0.00811011,-0.0699792,0.00367219,0,0,0.198464,0.00807778,0.00139172,91.3608,91.5008,121.066,6.06668,nan,0.331723,0.332329,0.331144,0.331911,0.331604,0.332329,0.331604,0.331144,0.331911,1,0,0.0700681,0,0.00232714,7.84001e-05,0.000655321,0.209902,-0.011026,0,0,0,0.204901,-0.00778789,0.00343783,-0.132937,-4.02634,9.99726,10.7784,0,17.4482
9.29,level,-0.372245,-0.00819051,-0.0699538,0.00365313,0,0,0.198277,0.00806635,0.00146633,91.3469,91.4869,121.127,6.07114,nan,0.331249,0.331431,0.331286,0.330619,0.331755,0.331431,0.331755,0.331286,0.330619,1,0,0.0700409,0,0.00339688,-0.000649985,-0.000435495,0.20982,-0.0109638,0,0,0,0.200198,-0.0178876,-0.00116321,-0.373014,-4.13021,9.96983,10.7979,0,17.3362
9.3,level,-0.370263,-0.00827075,-0.0698935,0.00366171,0,0,0.198104,0.00809116,0.00167734,91.3331,91.4731,121.187,6.07557,nan,0.330776,0.329642,0.332299,0.329019,0.332239,0.329642,0.332239,0.332299,0.329019,1,0,0.0699932,0,0.0014917,-0.00129503,-0.00258309,0.209641,-0.0109947,0,0,0,0.202553,-0.00489276,0.0107818,-0.0743937,-4.03163,9.94709,10.7333,0,17.2264
9.31,level,-0.368285,-0.00835424,-0.0698758,0.00364676,0,0,0.197416,0.00826874,0.00177848,91.3194,91.4594,121.248,6.07998,nan,0.330302,0.330944,0.329421,0.330787,0.33015,0.330944,0.33015,0.329421,0.330787,1,0,0.0699625,0,0.00235127,0.00108545,0.000949513,0.209588,-0.0109477,0,0,0,0.201825,-0.0170737,-0.000959701,-0.328991,-4.19436,9.98396,10.8342,0,17.1143
9.32,level,-0.366315,-0.00843758,-0.0698147,0.00363783,0,0,0.196402,0.00839419,0.00158942,91.3058,91.4458,121.309,6.08437,nan,0.329827,0.329684,0.330113,0.328858,0.330747,0.329684,0.330747,0.330113,0.328858,1,0,0.069908,0,0.00387332,-0.000363806,-0.00101819,0.209415,-0.0109369,0,0,0,0.208765,-0.0154478,-0.0108833,-0.119151,-3.97029,9.99642,10.7567,0,17.0053
9.33,level,-0.364356,-0.00852126,-0.0698064,0.00359388,0,0,0.195487,0.00856778,0.00122556,91.2923,91.4323,121.37,6.08872,nan,0.329349,0.329833,0.328974,0.329322,0.329362,0.329833,0.329362,0.328974,0.329322,1,0,0.0698943,0,0.00238428,-0.000232295,0.000359955,0.209379,-0.0107892,0,0,0,0.20155,-0.01371,-0.00334017,-0.263248,-4.10196,10.0084,10.8195,0,16.8937
9.34,level,-0.362405,-0.00860612,-0.0697667,0.00359144,0,0,0.194632,0.00859898,0.00127097,91.2789,91.4189,121.431,6.09307,nan,0.328869,0.329792,0.328112,0.329216,0.328452,0.329792,0.328452,0.328112,0.329216,1,0,0.06985,0,0.00242731,-0.00044618,0.00107446,0.209262,-0.0107841,0,0,0,0.203058,-0.0105122,0.0017066,-0.173574,-4.0114,9.98782,10.7647,0,16.7845
9.35,level,-0.360463,-0.00868997,-0.0697876,0.00353122,0,0,0.193722,0.00868612,0.00122132,91.2656,91.4056,121.492,6.09743,nan,0.328386,0.329139,0.327418,0.328575,0.328511,0.329139,0.328511,0.327418,0.328575,1,0,0.069867,0,0.00439626,0.00100151,0.000784972,0.20931,-0.010617,0,0,0,0.193374,-0.0197289,0.00182808,-0.180726,-4.17131,9.95459,10.7947,0,16.6722
9.36,level,-0.35853,-0.0087758,-0.0698099,0.00351973,0,0,0.192947,0.00858186,0.00190958,91.2524,91.3924,121.553,6.10179,nan,0.327902,0.328625,0.327593,0.327295,0.328192,0.328625,0.328192,0.327593,0.327295,1,0,0.0698909,0,0.00511615,-0.00138532,5.96783e-05,0.209385,-0.0105632,0,0,0,0.19817,-0.00957189,-0.00384484,-0.227657,-4.05042,9.95294,10.748,0,16.5604
9.37,level,-0.356604,-0.008862,-0.0698034,0.00348603,0,0,0.192197,0.00846186,0.00203823,91.2393,91.3793,121.614,6.10617,nan,0.327416,0.327023,0.327854,0.325749,0.329136,0.327023,0.329136,0.327854,0.325749,1,0,0.0698909,0,0.00678137,1.5105e-05,-0.00185391,0.209362,-0.0104839,0,0,0,0.196209,-0.0166561,-0.00688831,-0.105762,-4.10471,9.95148,10.7653,0,16.4507
9.38,level,-0.354685,-0.00894793,-0.0698325,0.00347929,0,0,0.191707,0.00831776,0.00187271,91.2263,91.3663,121.675,6.11062,nan,0.326929,0.328263,0.325765,0.327185,0.326599,0.328263,0.326599,0.325765,0.327185,1,0,0.0699216,0,0.00507473,-0.0004614,0.00135529,0.209472,-0.0104411,0,0,0,0.210566,-0.0158964,0.00173848,-0.329775,-3.98373,9.94735,10.7205,0,16.3393
9.39,level,-0.35277,-0.00903003,-0.0698444,0.00344545,0,0,0.191347,0.0081883,0.00118307,91.2134,91.3534,121.736,6.11509,nan,0.32644,0.327207,0.325736,0.326166,0.326747,0.327207,0.326747,0.325736,0.326166,1,0,0.0699216,0,0.00544183,-5.73301e-05,0.000390839,0.209469,-0.0103587,0,0,0,0.185825,-0.012129,-0.00239249,-0.0616542,-4.12708,9.94304,10.7657,0,16.2291
9.4,level,-0.350857,-0.00911055,-0.069902,0.00339064,0,0,0.191235,0.00809192,0.00147975,91.2005,91.3405,121.797,6.11961,nan,0.325949,0.325377,0.326321,0.325337,0.326861,0.325377,0.326861,0.326321,0.325337,1,0,0.069983,0,0.00153731,0.000946019,-0.00108485,0.209658,-0.0101888,0,0,0,0.196299,-0.0194733,-0.0058228,-0.257575,-4.19365,9.993,10.8403,0,16.1164
9.41,level,-0.348945,-0.00918866,-0.0699183,0.00337534,0,0,0.191232,0.00774508,0.000912017,91.1878,91.3278,121.858,6.12416,nan,0.325458,0.326963,0.324109,0.326032,0.324826,0.326963,0.324826,0.324109,0.326032,1,0,0.07,0,0.00437129,-0.000405476,0.00178486,0.209703,-0.0101264,0,0,0,0.193884,-0.00743108,0.0115566,-0.209808,-4.04672,10.0996,10.8821,0,16.0062
9.42,level,-0.347032,-0.0092636,-0.0699775,0.00335845,0,0,0.191372,0.00748741,0.0016891,91.1752,91.3152,121.92,6.12876,nan,0.324966,0.324396,0.325386,0.323756,0.326423,0.324396,0.326423,0.325386,0.323756,1,0,0.0700375,0,0.00444755,0.000753592,-0.00160773,0.209861,-0.0100872,0,0,0,0.18089,-0.0129204,-0.00188766,-0.192866,-4.13837,10.0671,10.8862,0,15.8935
9.43,level,-0.345118,-0.0093401,-0.069985,0.00338236,0,0,0.191563,0.00713172,0.00187577,91.1627,91.3027,121.981,6.13339,nan,0.324472,0.325189,0.324018,0.324459,0.324321,0.325189,0.324321,0.324018,0.324459,1,0,0.0700579,0,0.0027396,-0.000810389,0.000575552,0.209902,-0.0101589,0,0,0,0.193288,-0.0140854,-0.00541715,-0.213246,-4.03785,10.0217,10.8067,0,15.7838
9.44,level,-0.343201,-0.00941224,-0.0700627,0.00335505,0,0,0.191818,0.00686001,0.00150252,91.1502,91.2902,122.042,6.13804,nan,0.323978,0.323717,0.323731,0.323047,0.325515,0.323717,0.325515,0.323731,0.323047,1,0,0.0701362,0,0.00650991,0.00211102,-0.00109126,0.210125,-0.0100792,0,0,0,0.186884,-0.00822495,0.00273142,-0.0827199,-4.1546,9.97294,10.804,0,15.6698
9.45,level,-0.341281,-0.00948194,-0.0700888,0.0033509,0,0,0.192313,0.00654233,0.00236915,91.1379,91.2779,122.104,6.14271,nan,0.323483,0.322277,0.32477,0.321712,0.325271,0.322277,0.325271,0.32477,0.321712,1,0,0.0701701,0,0.00282929,-0.000121863,-0.00265965,0.210227,-0.0100469,0,0,0,0.201838,-0.00916161,0.00423281,-0.316622,-4.04456,10.0503,10.8382,0,15.5586
9.46,level,-0.339356,-0.00955181,-0.0700863,0.00338489,0,0,0.192614,0.00642664,0.0019879,91.1257,91.2657,122.165,6.14741,nan,0.322987,0.32369,0.322157,0.322825,0.323373,0.32369,0.323373,0.322157,0.322825,1,0,0.0701599,0,0.0055185,0.000664314,0.000433135,0.210208,-0.0101523,0,0,0,0.194396,-0.0026412,-0.00796704,-0.183777,-4.04658,9.94563,10.7389,0,15.4489
9.47,level,-0.337428,-0.00961758,-0.0701053,0.00338844,0,0,0.192878,0.00643515,0.00109835,91.1135,91.2535,122.227,6.1521,nan,0.32249,0.322432,0.322819,0.321776,0.32303,0.322432,0.32303,0.322819,0.321776,1,0,0.0701803,0,0.00229873,-0.000842824,-0.00072143,0.210265,-0.0101593,0,0,0,0.194769,-0.00393008,-0.000300599,-0.24488,-4.16492,10.0384,10.8709,0,15.3377
9.48,level,-0.335499,-0.00968358,-0.0701019,0.00340065,0,0,0.192997,0.00655374,0.00162825,91.1015,91.2415,122.288,6.1568,nan,0.321992,0.322558,0.321312,0.32251,0.321687,0.322558,0.321687,0.321312,0.32251,1,0,0.0701769,0,0.00111855,0.000619935,0.000909377,0.210244,-0.0102042,0,0,0,0.187522,0.00191744,-0.00401957,-0.0531628,-4.07556,10.1224,10.9122,0,15.2277
9.49,level,-0.333568,-0.00975173,-0.0701424,0.00335443,0,0,0.193261,0.00671809,0.00169953,91.0896,91.2296,122.35,6.16155,nan,0.321494,0.321321,0.321304,0.320955,0.322495,0.321321,0.322495,0.321304,0.320955,1,0,0.0702075,0,0.00413185,0.00156181,-0.000669422,0.210377,-0.0100747,0,0,0,0.195324,-0.0114072,-0.00495706,-0.179296,-4.22444,10.0582,10.9108,0,15.115
9.5,level,-0.331633,-0.00982104,-0.0701348,0.00335339,0,0,0.193795,0.00674617,0.00155223,91.0777,91.2177,122.411,6.16635,nan,0.320996,0.321824,0.320398,0.320983,0.320879,0.321824,0.320879,0.320398,0.320983,1,0,0.0702143,0,0.00350891,-0.000681871,0.000672495,0.210358,-0.010068,0,0,0,0.197563,-0.0113745,0.00263285,-0.202123,-4.03171,9.98492,10.7701,0,15.0049
9.51,level,-0.329693,-0.00989023,-0.0701467,0.00335349,0,0,0.194285,0.00683169,0.00173509,91.066,91.206,122.473,6.17116,nan,0.3205,0.321222,0.319995,0.320465,0.320415,0.321222,0.320415,0.319995,0.320465,1,0,0.0702211,0,0.00312289,-0.000639085,0.000561457,0.21039,-0.0100637,0,0,0,0.195299,-0.00265126,-0.0116854,-0.128393,-4.14144,10.0056,10.8296,0,14.8934
9.52,level,-0.327748,-0.00995946,-0.0701464,0.00339102,0,0,0.194645,0.00694506,0.0015655,91.0544,91.1944,122.535,6.17599,nan,0.320004,0.320435,0.319878,0.319468,0.320336,0.320435,0.320336,0.319878,0.319468,1,0,0.0702143,0,0.00378018,-0.000965691,-0.000136549,0.210394,-0.0101711,0,0,0,0.197959,-0.0120856,0.00605203,-0.319616,-4.02061,9.98647,10.7702,0,14.7825
9.53,level,-0.3258,-0.0100317,-0.0701438,0.00338046,0,0,0.194976,0.00712588,0.00163147,91.0428,91.1828,122.597,6.18083,nan,0.31951,0.319444,0.319271,0.319135,0.320289,0.319444,0.320289,0.319271,0.319135,1,0,0.0702211,0,0.00352111,0.00134263,-0.000431033,0.210397,-0.0101388,0,0,0,0.205525,-0.00703349,0.00980538,-0.240259,-4.07312,10.0312,10.8293,0,14.6714
9.54,level,-0.323848,-0.010107,-0.070159,0.00335237,0,0,0.195457,0.00729294,0.00267312,91.0314,91.1714,122.658,6.18568,nan,0.319017,0.319248,0.31866,0.31887,0.319388,0.319248,0.319388,0.31866,0.31887,1,0,0.0702313,0,0.0029313,0.000662554,3.08463e-05,0.210436,-0.010048,0,0,0,0.200658,-0.00610724,0.00529741,-0.312487,-4.18907,10.0305,10.8746,0,14.559
9.55,level,-0.321891,-0.0101853,-0.0701202,0.00333844,0,0,0.195921,0.00722922,0.00259933,91.0201,91.1601,122.72,6.19054,nan,0.318525,0.318946,0.318242,0.317825,0.319184,0.318946,0.319184,0.318242,0.317825,1,0,0.0702007,0,0.00547265,-0.000338204,-0.000287939,0.21032,-0.0100188,0,0,0,0.201878,-0.00501659,-0.0100081,-0.16122,-4.08628,10.1012,10.8976,0,14.4495
9.56,level,-0.31993,-0.0102604,-0.0701264,0.0032766,0,0,0.196365,0.0071255,0.0017528,91.0088,91.1488,122.782,6.1954,nan,0.318033,0.317519,0.318201,0.317434,0.319077,0.317519,0.319077,0.318201,0.317434,1,0,0.0702007,0,0.00255084,0.00149916,-0.00102232,0.210335,-0.00984641,0,0,0,0.199398,-0.0165347,-0.00122448,-0.194614,-4.0711,10.0442,10.8396,0,14.3369
9.57,level,-0.317964,-0.0103331,-0.0700895,0.00328824,0,0,0.196734,0.00691307,0.00280854,90.9977,91.1377,122.844,6.20029,nan,0.317542,0.318346,0.317078,0.317523,0.317321,0.318346,0.317321,0.317078,0.317523,1,0,0.0701667,0,0.00282913,-0.00110105,0.000646102,0.210236,-0.00986272,0,0,0,0.206602,-0.00326181,-0.00779376,-0.189829,-4.10244,10.0796,10.8842,0,14.2269
9.58,level,-0.315996,-0.0104056,-0.0700733,0.0032497,0,0,0.196918,0.00666329,0.00223403,90.9866,91.1266,122.906,6.20521,nan,0.317052,0.317525,0.316535,0.316751,0.317497,0.317525,0.317497,0.316535,0.316751,1,0,0.0701463,0,0.00460694,0.000356184,0.000107417,0.21019,-0.00975692,0,0,0,0.208808,-0.0056292,-0.00829267,-0.116932,-4.06669,10.0076,10.803,0,14.1153
9.59,level,-0.314026,-0.0104744,-0.0700486,0.00324421,0,0,0.197102,0.00651686,0.00160803,90.9757,91.1157,122.968,6.21012,nan,0.316563,0.316787,0.316139,0.316339,0.317084,0.316787,0.317084,0.316139,0.316339,1,0,0.0701225,0,0.00369592,0.000943112,-4.23353e-05,0.210112,-0.00974237,0,0,0,0.205823,-0.0132981,0.00622402,-0.212765,-4.17764,10.0185,10.8567,0,14.0042
9.6,level,-0.312055,-0.0105416,-0.0699881,0.00327943,0,0,0.197101,0.00636423,0.00201642,90.9648,91.1048,123.031,6.21503,nan,0.316074,0.317459,0.315088,0.316442,0.315403,0.317459,0.315403,0.315088,0.316442,1,0,0.0700613,0,0.00353539,-0.00133077,0.00149867,0.209923,-0.00984646,0,0,0,0.200892,-0.007422,0.00634528,-0.125746,-4.03069,9.93775,10.7248,0,13.8953
9.61,level,-0.310084,-0.0106078,-0.069979,0.00322823,0,0,0.197112,0.00639781,0.00167153,90.9541,91.0941,123.093,6.21993,nan,0.315585,0.315377,0.315722,0.314926,0.316414,0.315377,0.316414,0.315722,0.314926,1,0,0.0700545,0,0.00302949,0.000456144,-0.000805403,0.209896,-0.00969106,0,0,0,0.201139,-0.0114115,-0.00599461,-0.229874,-4.11545,10.1151,10.9227,0,13.7831
9.62,level,-0.308112,-0.0106753,-0.0699338,0.00325283,0,0,0.197155,0.00641893,0.00256361,90.9434,91.0834,123.155,6.22486,nan,0.315098,0.315295,0.315155,0.31441,0.315627,0.315295,0.315627,0.315155,0.31441,1,0,0.0700136,0,0.00359957,-0.000782277,-0.000473169,0.209775,-0.009766,0,0,0,0.210967,-0.00924566,-0.00047445,-0.168933,-3.99008,10.1241,10.8833,0,13.6733
9.63,level,-0.306141,-0.0107438,-0.0699308,0.00323382,0,0,0.197029,0.0065103,0.00210634,90.9329,91.0729,123.217,6.2298,nan,0.31461,0.315969,0.31335,0.314503,0.314716,0.315969,0.314716,0.31335,0.314503,1,0,0.0699966,0,0.00751032,-0.000190151,0.00105772,0.209745,-0.00970888,0,0,0,0.196729,-0.0128007,0.00276142,-0.234443,-4.16599,10.0162,10.8506,0,13.5609
9.64,level,-0.304171,-0.010811,-0.0699143,0.0032457,0,0,0.197095,0.00652228,0.00143048,90.9224,91.0624,123.279,6.23474,nan,0.314124,0.314501,0.31411,0.314098,0.313883,0.314501,0.313883,0.31411,0.314098,1,0,0.07,0,0.000465085,-0.00119528,0.000266037,0.209724,-0.00974331,0,0,0,0.215636,-0.00877145,0.00878155,-0.168553,-4.0922,9.94587,10.7562,0,13.4494
9.65,level,-0.3022,-0.0108786,-0.0698405,0.00323877,0,0,0.197095,0.00647883,0.00210093,90.9121,91.0521,123.342,6.23966,nan,0.313637,0.315018,0.312532,0.314169,0.312928,0.315018,0.312928,0.312532,0.314169,1,0,0.0699148,0,0.00330437,-0.000856153,0.00163791,0.209493,-0.0097252,0,0,0,0.209755,-0.00286406,-0.0112882,-0.0608529,-3.9975,10.0585,10.824,0,13.3412
9.66,level,-0.300229,-0.0109449,-0.0698305,0.00320584,0,0,0.19706,0.00635759,0.00165437,90.9018,91.0418,123.404,6.2446,nan,0.313152,0.313311,0.312558,0.313117,0.313718,0.313311,0.313718,0.312558,0.313117,1,0,0.0699012,0,0.0035937,0.00182886,6.68602e-05,0.209463,-0.00962969,0,0,0,0.209495,-0.0103554,0.00551187,-0.132638,-4.1665,10.1176,10.9428,0,13.2292
9.67,level,-0.298259,-0.0110094,-0.0697882,0.00319726,0,0,0.197018,0.00612207,0.00154151,90.8916,91.0316,123.467,6.24958,nan,0.312667,0.312794,0.312484,0.312231,0.313254,0.312794,0.313254,0.312484,0.312231,1,0,0.0698568,0,0.00353596,0.000392646,-0.000313316,0.209331,-0.00960431,0,0,0,0.205484,-0.0169491,-0.0060967,-0.247525,-4.02781,10.057,10.8364,0,13.1191
9.68,level,-0.296288,-0.0110714,-0.0697973,0.00319088,0,0,0.19709,0.00597144,0.00187291,90.8816,91.0216,123.529,6.25459,nan,0.312183,0.313247,0.311343,0.312084,0.312154,0.313247,0.312154,0.311343,0.312084,1,0,0.0698568,0,0.0052351,-0.000666613,0.000806287,0.20933,-0.0095717,0,0,0,0.187236,-0.00173801,-0.00410118,-0.143673,-4.09141,10.0189,10.8231,0,13.0061
9.69,level,-0.294316,-0.0111339,-0.0697659,0.00321154,0,0,0.19743,0.00595369,0.00198034,90.8716,91.0116,123.592,6.25961,nan,0.3117,0.311001,0.312651,0.310207,0.313039,0.311001,0.313039,0.312651,0.310207,1,0,0.0698397,0,0.00313455,-0.00076957,-0.0019705,0.20926,-0.00964469,0,0,0,0.203056,-0.0148597,-0.00686389,-0.246969,-4.11613,9.92981,10.752,0,12.8955
9.7,level,-0.29234,-0.0111989,-0.0697172,0.00324402,0,0,0.197671,0.0061081,0.00231247,90.8617,91.0017,123.654,6.2646,nan,0.31122,0.312165,0.310477,0.311433,0.310902,0.312165,0.310902,0.310477,0.311433,1,0,0.0697885,0,0.00307116,-0.000580608,0.000975403,0.209114,-0.00972902,0,0,0,0.202877,-0.00297098,-0.0033519,-0.184302,-3.99489,10.0753,10.84,0,12.7857
9.71,level,-0.290363,-0.0112639,-0.0696784,0.0032221,0,0,0.197826,0.00636876,0.00201231,90.8519,90.9919,123.717,6.26958,nan,0.310742,0.310698,0.310667,0.310309,0.311391,0.310698,0.311391,0.310667,0.310309,1,0,0.0697543,0,0.00295093,0.000634716,-0.000461448,0.209003,-0.00969009,0,0,0,0.206323,-0.0227504,-0.00891785,-0.232498,-4.19416,9.98317,10.8309,0,12.675
9.72,level,-0.288384,-0.0113316,-0.0696182,0.00321198,0,0,0.197841,0.00647346,0.00271355,90.8422,90.9822,123.78,6.27454,nan,0.310267,0.312185,0.308869,0.310663,0.309445,0.312185,0.309445,0.308869,0.310663,1,0,0.0696927,0,0.00556751,-0.00179261,0.00199298,0.208831,-0.00966002,0,0,0,0.212382,-0.0165516,-0.00444834,-0.108757,-3.9352,10.0888,10.8296,0,12.5656
9.73,level,-0.286406,-0.0114006,-0.0696226,0.00316923,0,0,0.19777,0.00672364,0.00233238,90.8326,90.9726,123.843,6.27946,nan,0.309793,0.309725,0.309733,0.30937,0.310439,0.309725,0.310439,0.309733,0.30937,1,0,0.0696927,0,0.00281391,0.000664762,-0.000473712,0.208816,-0.00952575,0,0,0,0.193442,-0.0164282,0.0086777,-0.164226,-4.15911,10.1064,10.9299,0,12.4524
9.74,level,-0.284428,-0.0114715,-0.0695691,0.00315593,0,0,0.197727,0.00687551,0.000896022,90.8231,90.9631,123.905,6.28439,nan,0.309322,0.310824,0.3077,0.3103,0.308557,0.310824,0.308557,0.3077,0.3103,1,0,0.0696345,0,0.00366217,0.000630841,0.00213923,0.208676,-0.00947461,0,0,0,0.206997,-0.00939547,0.00995869,-0.16318,-3.98374,9.97721,10.7444,0,12.3426
9.75,level,-0.282452,-0.0115397,-0.0695505,0.00315664,0,0,0.197622,0.00695516,0.00116705,90.8137,90.9537,123.968,6.28929,nan,0.308853,0.308564,0.309045,0.307926,0.309969,0.308564,0.309969,0.309045,0.307926,1,0,0.0696106,0,0.00414541,0.000541292,-0.00110921,0.208616,-0.00946975,0,0,0,0.204552,-0.00265971,0.00800422,-0.136689,-4.14996,10.0397,10.8645,0,12.231
9.76,level,-0.280475,-0.0116111,-0.069526,0.00313769,0,0,0.197647,0.00699426,0.00149357,90.8044,90.9444,124.031,6.29419,nan,0.308385,0.30949,0.307177,0.308802,0.308166,0.30949,0.308166,0.307177,0.308802,1,0,0.0695866,0,0.00444945,0.000568438,0.00129606,0.20855,-0.00942053,0,0,0,0.208333,-0.0209125,0.0109801,-0.362931,-4.17706,9.97306,10.8186,0,12.1197
9.77,level,-0.278498,-0.0116828,-0.0694739,0.00312869,0,0,0.197738,0.00699071,0.00191073,90.7952,90.9352,124.094,6.29908,nan,0.30792,0.307614,0.308225,0.307091,0.308843,0.307614,0.308843,0.308225,0.307091,1,0,0.0695454,0,0.0030247,0.000180448,-0.0010386,0.208385,-0.00937973,0,0,0,0.203766,0.0039739,0.00774215,-0.0909723,-4.06627,10.0578,10.8491,0,12.0099
9.78,level,-0.27652,-0.0117567,-0.0694324,0.00311533,0,0,0.197865,0.00702016,0.0025346,90.7861,90.9261,124.157,6.30398,nan,0.307457,0.30774,0.307441,0.307281,0.307457,0.30774,0.307457,0.307441,0.307281,1,0,0.0694974,0,0.00125832,-0.000837383,5.38265e-05,0.208265,-0.00934992,0,0,0,0.206064,-0.0114841,-0.00272062,-0.254871,-4.17723,10.1439,10.9733,0,11.8995
9.79,level,-0.274542,-0.011831,-0.0693878,0.00310632,0,0,0.197857,0.00705243,0.00246894,90.7771,90.9171,124.22,6.30889,nan,0.306995,0.308017,0.306252,0.307157,0.306647,0.308017,0.306647,0.306252,0.307157,1,0,0.0694459,0,0.0033281,-0.000881465,0.000999882,0.208128,-0.00932845,0,0,0,0.204547,-0.00372966,0.00055853,-0.0500708,-3.99531,10.0943,10.8563,0,11.7893
9.8,level,-0.272564,-0.0119058,-0.0693346,0.0030777,0,0,0.197712,0.00701918,0.00257143,90.7681,90.9081,124.283,6.31375,nan,0.306536,0.306678,0.306549,0.305805,0.307202,0.306678,0.307202,0.306549,0.305805,1,0,0.0694047,0,0.00404661,-0.000418584,-0.000557142,0.207984,-0.0092332,0,0,0,0.214581,-0.00572597,-0.00746917,-0.202274,-4.15582,10.0555,10.8824,0,11.6795
9.81,level,-0.270587,-0.0119788,-0.06929,0.00303538,0,0,0.197595,0.00689977,0.00176962,90.7593,90.8993,124.347,6.31862,nan,0.306078,0.305491,0.306854,0.304731,0.307326,0.305491,0.307326,0.306854,0.304731,1,0,0.0693463,0,0.00326978,-0.000546194,-0.00173974,0.207826,-0.00911439,0,0,0,0.198063,-0.0151221,0.00282146,-0.247228,-4.00317,10.006,10.7799,0,11.5692
9.82,level,-0.268612,-0.012049,-0.0692743,0.00299979,0,0,0.197486,0.00677332,0.00101048,90.7505,90.8905,124.41,6.32344,nan,0.305621,0.305954,0.305269,0.305169,0.306185,0.305954,0.306185,0.305269,0.305169,1,0,0.0693325,0,0.00451194,0.000246541,-0.000145348,0.207776,-0.00902177,0,0,0,0.196275,-0.0154976,0.00398492,-0.0963011,-4.09848,9.9141,10.7283,0,11.4574
9.83,level,-0.266637,-0.0121163,-0.069256,0.00298453,0,0,0.197544,0.00657281,0.00120041,90.7419,90.8819,124.473,6.32826,nan,0.305167,0.306278,0.303813,0.305858,0.304809,0.306278,0.304809,0.303813,0.305858,1,0,0.0693153,0,0.00375491,0.0010908,0.00154442,0.20773,-0.00894632,0,0,0,0.201506,-0.00816062,0.0123059,-0.29248,-4.01776,10.0034,10.7841,0,11.3459
9.84,level,-0.264661,-0.0121821,-0.069223,0.00298881,0,0,0.19759,0.00639975,0.00114255,90.7333,90.8733,124.536,6.33308,nan,0.304714,0.304841,0.304593,0.30442,0.305093,0.304841,0.305093,0.304593,0.30442,1,0,0.069274,0,0.00244313,0.000148459,-0.000186229,0.207632,-0.00898553,0,0,0,0.202694,-0.0166293,0.00307833,-0.148665,-3.95324,10.0072,10.7607,0,11.2353
9.85,level,-0.262685,-0.0122483,-0.0692138,0.00295118,0,0,0.197626,0.00637628,0.00196972,90.7248,90.8648,124.6,6.3379,nan,0.304263,0.304179,0.303978,0.304213,0.304771,0.304179,0.304771,0.303978,0.304213,1,0,0.0692775,0,0.00201497,0.00156645,-0.00015713,0.207604,-0.00886436,0,0,0,0.202788,-0.0097313,0.0112236,-0.118947,-4.0616,10.1117,10.8975,0,11.123
9.86,level,-0.260709,-0.0123148,-0.0691682,0.00298268,0,0,0.197472,0.00621555,0.00284558,90.7164,90.8564,124.663,6.34272,nan,0.303813,0.304318,0.303656,0.303505,0.303863,0.304318,0.303863,0.303656,0.303505,1,0,0.0692362,0,0.00270693,-0.00114714,0.000133712,0.207478,-0.00896082,0,0,0,0.209782,-0.00960708,0.00147972,-0.106136,-4.02084,10.054,10.8287,0,11.0133
9.87,level,-0.258736,-0.0123825,-0.0691697,0.00296286,0,0,0.196951,0.00629693,0.00258269,90.7081,90.8481,124.727,6.34756,nan,0.303363,0.303707,0.303268,0.302894,0.303676,0.303707,0.303676,0.303268,0.302894,1,0,0.0692293,0,0.00323916,-0.000766487,-0.000150739,0.20747,-0.00890097,0,0,0,0.201225,-0.0115908,0.00762198,-0.137697,-4.08753,10.0689,10.8678,0,10.9008
9.88,level,-0.256769,-0.0124507,-0.0691294,0.00297357,0,0,0.196327,0.00635568,0.00285715,90.6999,90.8399,124.79,6.3524,nan,0.302914,0.303417,0.302599,0.3029,0.30283,0.303417,0.30283,0.302599,0.3029,1,0,0.0691776,0,0.00198145,-0.000541521,0.000390473,0.20734,-0.00892484,0,0,0,0.194935,-0.00525038,0.00518287,-0.123469,-3.96696,10.0002,10.759,0,10.7912
9.89,level,-0.254809,-0.0125192,-0.0691073,0.00291623,0,0,0.195634,0.00641988,0.00205335,90.6918,90.8318,124.854,6.35726,nan,0.302464,0.302317,0.302476,0.302332,0.302821,0.302317,0.302821,0.302476,0.302332,1,0,0.0691638,0,0.000877244,0.000681279,-0.00028519,0.207271,-0.0087498,0,0,0,0.19341,-0.00581503,0.0121477,-0.15878,-4.0326,10.0425,10.8231,0,10.6806
9.9,level,-0.252856,-0.0125869,-0.0690941,0.00292697,0,0,0.195043,0.00648929,0.00188742,90.6837,90.8237,124.917,6.36211,nan,0.302014,0.301836,0.302094,0.301839,0.302377,0.301836,0.302377,0.302094,0.301839,1,0,0.0691603,0,0.000745603,0.000541345,-0.000349674,0.207255,-0.00879098,0,0,0,0.208884,-0.0199408,0.0124194,-0.296502,-4.05134,10.0049,10.7981,0,10.5702
9.91,level,-0.250908,-0.0126555,-0.0690974,0.00293989,0,0,0.19457,0.00652589,0.00218983,90.6758,90.8158,124.981,6.36697,nan,0.301564,0.303001,0.300682,0.301727,0.300935,0.303001,0.300935,0.300682,0.301727,1,0,0.0691535,0,0.00405053,-0.00193489,0.00136753,0.20725,-0.00883127,0,0,0,0.199617,-0.00803586,-0.000396086,-0.092499,-3.94083,10.038,10.7843,0,10.4592
9.92,level,-0.248964,-0.0127239,-0.0691051,0.00291285,0,0,0.194196,0.00660172,0.00166827,90.668,90.808,125.044,6.37184,nan,0.301114,0.302025,0.300438,0.301023,0.301058,0.302025,0.301058,0.300438,0.301023,1,0,0.0691707,0,0.00430064,-0.000725152,0.000682294,0.207269,-0.0087519,0,0,0,0.196304,-0.0146946,-0.0035374,-0.191504,-4.09682,10.0825,10.8847,0,10.348
9.93,level,-0.247023,-0.0127932,-0.0691025,0.00292155,0,0,0.193842,0.00664075,0.00244702,90.6602,90.8002,125.108,6.37672,nan,0.300664,0.302053,0.299237,0.300799,0.300656,0.302053,0.300656,0.299237,0.300799,1,0,0.0691603,0,0.00709089,0.000310356,0.00130048,0.207263,-0.00878101,0,0,0,0.197959,-0.011552,0.000591072,-0.095568,-3.91218,10.1186,10.849,0,10.2379
9.94,level,-0.245085,-0.0128627,-0.0691225,0.00287549,0,0,0.193785,0.00666601,0.00159847,90.6525,90.7925,125.172,6.38161,nan,0.300214,0.299881,0.300508,0.29976,0.300797,0.299881,0.300797,0.300508,0.29976,1,0,0.0691776,0,0.00108484,0.000319629,-0.00073119,0.207336,-0.00864175,0,0,0,0.205961,-0.0162498,-0.00129631,-0.191663,-4.08014,10.0461,10.8447,0,10.1263
9.95,level,-0.243147,-0.0129313,-0.0691135,0.00286254,0,0,0.19382,0.00662717,0.00179804,90.6449,90.7849,125.236,6.38654,nan,0.299764,0.299453,0.300424,0.298965,0.300305,0.299453,0.300305,0.300424,0.298965,1,0,0.0691741,0,0.000979358,-0.00114841,-0.00101605,0.20731,-0.0085973,0,0,0,0.206737,-0.0170336,0.0115531,-0.245831,-3.97325,9.97038,10.7357,0,10.0165
9.96,level,-0.241209,-0.0129997,-0.0691474,0.00283535,0,0,0.193753,0.00658304,0.00144479,90.6374,90.7774,125.3,6.39148,nan,0.299315,0.299786,0.299045,0.298907,0.299612,0.299786,0.299612,0.299045,0.298907,1,0,0.0691879,0,0.00383257,-0.000590894,1.55908e-05,0.207377,-0.00851217,0,0,0,0.183862,-0.00706062,0.00331566,-0.131734,-4.04661,10.007,10.795,0,9.90425
9.97,level,-0.239272,-0.0130671,-0.0691366,0.00280413,0,0,0.193678,0.0064173,0.00217976,90.63,90.77,125.364,6.39646,nan,0.298866,0.300052,0.297865,0.299337,0.298301,0.300052,0.298301,0.297865,0.299337,1,0,0.0691879,0,0.00305438,-0.000529501,0.00141705,0.207384,-0.0084077,0,0,0,0.209733,-0.00635198,-0.00664641,-0.249617,-4.01529,9.99079,10.7704,0,9.79455
9.98,level,-0.237336,-0.0131315,-0.069137,0.00276544,0,0,0.193592,0.0060827,0.00117791,90.6227,90.7627,125.428,6.40147,nan,0.298418,0.298981,0.297914,0.298307,0.298558,0.298981,0.298558,0.297914,0.298307,1,0,0.0691879,0,0.00349864,-5.83069e-05,0.000358729,0.207378,-0.00830694,0,0,0,0.205463,-0.00821545,0.00255015,-0.0988213,-3.99872,10.0835,10.8479,0,9.68422
9.99,level,-0.2354,-0.0131913,-0.0691747,0.00272741,0,0,0.193639,0.00584879,0.000911886,90.6155,90.7555,125.492,6.40651,nan,0.29797,0.297822,0.298033,0.297398,0.298715,0.297822,0.298715,0.298033,0.297398,1,0,0.0692189,0,0.0029328,0.000490147,-0.000671615,0.207491,-0.00819858,0,0,0,0.204965,-0.0170852,-0.00334337,-0.189486,-4.03689,10.0943,10.8733,0,9.57181
10,pitch +10,-0.233463,-0.0132491,-0.0691723,0.00277317,0,0.174533,0.193872,0.00562036,0.000515564,90.6084,90.7484,125.556,6.41161,nan,0.297522,0.298607,0.296587,0.297391,0.297594,0.298607,0.297594,0.296587,0.297391,1,0,0.0692258,0,0.00589432,-0.000395384,0.000798376,0.207476,-0.00831914,0,0,0,0.199851,-0.0043219,0.00813422,-0.145541,-3.8961,10.1483,10.8715,0,9.46213
10.01,pitch +10,-0.23152,-0.0132933,-0.0691511,0.00275342,0,0.174533,0.194653,0.000596579,0.000957554,90.6013,90.7413,125.62,6.41673,nan,0.297078,0.289177,0.289856,0.304095,0.305272,0.289177,0.305272,0.289856,0.304095,1,0,0.185328,0,0.00132188,0.0574759,-0.000815981,0.207374,0.515009,0,0,0,0.197846,-0.00970519,-0.000599329,-0.156656,-4.08065,10.1023,10.8965,0,9.35275
10.02,pitch +10,-0.229569,-0.0132237,-0.069148,0.00292099,0,0.174533,0.19551,-0.0184805,0.00105943,90.5944,90.7344,125.684,6.42188,nan,0.296637,0.28971,0.288688,0.304197,0.30404,0.28971,0.30404,0.288688,0.304197,1,0,0.185185,0,0.00229455,0.0565381,0.000518149,0.207366,0.514538,0,0,0,0.193911,0.0123807,-0.00482818,-0.122034,-3.91272,10.075,10.8088,0,9.24239
10.03,pitch +10,-0.227609,-0.0129135,-0.0691366,0.00328047,0,0.174533,0.196372,-0.0488725,0.00138525,90.5875,90.7275,125.748,6.42707,nan,0.296201,0.290965,0.287855,0.304254,0.301815,0.290965,0.301815,0.287855,0.304254,1,0,0.184863,0,0.0017796,0.0516306,0.00243861,0.207347,0.51352,0,0,0,0.208318,0.0492008,0.00155202,-0.146738,-3.95883,10.0522,10.8046,0,9.1318
10.04,pitch +10,-0.225639,-0.0122652,-0.069127,0.00397418,0,0.174533,0.197299,-0.0876152,0.000614612,90.5807,90.7207,125.813,6.43224,nan,0.295768,0.289686,0.289073,0.302363,0.302037,0.289686,0.302037,0.289073,0.302363,1,0,0.184232,0,0.000760388,0.0485834,0.000413181,0.2073,0.511507,0,0,0,0.198178,0.0866099,0.00453713,-0.221478,-4.06046,9.99335,10.789,0,9.02069
10.05,pitch +10,-0.223659,-0.0112109,-0.0690576,0.00511324,0,0.174533,0.198049,-0.131844,0.000777221,90.574,90.714,125.877,6.43735,nan,0.29534,0.289598,0.289912,0.3006,0.301335,0.289598,0.301335,0.289912,0.3006,1,0,0.183169,0,0.00111641,0.0424927,-0.000461232,0.207087,0.508173,0,0,0,0.188597,0.142794,-0.0018577,-0.124599,-3.93408,10.0653,10.8076,0,8.91285
10.06,pitch +10,-0.221672,-0.00970947,-0.0690511,0.006622,0,0.174533,0.198636,-0.179036,0.000376202,90.5674,90.7074,125.941,6.44241,nan,0.294916,0.290415,0.289383,0.29977,0.300181,0.290415,0.300181,0.289383,0.29977,1,0,0.181788,0,0.00382684,0.0381879,0.000272985,0.207076,0.503717,0,0,0,0.207239,0.17477,0.012463,-0.22335,-3.93704,10.0647,10.8097,0,8.80071
10.07,pitch +10,-0.219679,-0.00774034,-0.068986,0.00867918,0,0.174533,0.199164,-0.227239,0.00108249,90.5609,90.7009,126.006,6.44746,nan,0.294496,0.291226,0.289925,0.298496,0.298421,0.291226,0.298421,0.289925,0.298496,1,0,0.179875,0,0.00325132,0.0298739,0.000604641,0.206856,0.497625,0,0,0,0.199918,0.22045,0.00475673,-0.180955,-3.8165,10.0319,10.7349,0,8.69225
10.08,pitch +10,-0.217682,-0.00530428,-0.0689601,0.0111457,0,0.174533,0.199561,-0.274343,0.000848494,90.5544,90.6944,126.07,6.45245,nan,0.294081,0.290827,0.290505,0.296649,0.298424,0.290827,0.298424,0.290505,0.296649,1,0,0.177603,0,0.00556264,0.0260346,-0.00063859,0.206742,0.490316,0,0,0,0.195278,0.268018,-0.0074233,-0.207058,-3.93228,10.0398,10.7844,0,8.58105
10.09,pitch +10,-0.215682,-0.00241746,-0.068869,0.0140889,0,0.174533,0.199918,-0.318979,0.00107369,90.5481,90.6881,126.135,6.4574,nan,0.293669,0.290751,0.29177,0.295629,0.296609,0.290751,0.296609,0.29177,0.295629,1,0,0.174871,0,-0.000102396,0.0184114,-0.000878989,0.206448,0.481559,0,0,0,0.210178,0.305393,-0.000738265,-0.167421,-3.88538,10.069,10.7939,0,8.47362
10.1,pitch +10,-0.213682,0.000889785,-0.0688452,0.0174248,0,0.174533,0.199997,-0.359863,0.00116607,90.5418,90.6818,126.199,6.46232,nan,0.293262,0.291079,0.291999,0.29415,0.295901,0.291079,0.295901,0.291999,0.29415,1,0,0.17181,0,0.00220488,0.013215,-0.00117392,0.206309,0.471651,0,0,0,0.206716,0.357725,0.00117383,-0.154622,-3.97996,10.0746,10.8334,0,8.36218
10.11,pitch +10,-0.211684,0.00457812,-0.0687846,0.021169,0,0.174533,0.200025,-0.396255,0.000886018,90.5356,90.6756,126.264,6.46722,nan,0.292859,0.291123,0.292249,0.293138,0.295006,0.291123,0.295006,0.292249,0.293138,1,0,0.16837,0,0.00196977,0.00904078,-0.00131607,0.206083,0.460511,0,0,0,0.202258,0.399891,0.00678086,-0.219313,-3.88508,9.96649,10.6992,0,8.25295
10.12,pitch +10,-0.20969,0.00860132,-0.0687162,0.0251724,0,0.174533,0.199895,-0.427515,4.62612e-06,90.5295,90.6695,126.329,6.47209,nan,0.29246,0.291321,0.292496,0.292291,0.293813,0.291321,0.293813,0.292496,0.292291,1,0,0.164683,0,0.000924259,0.00433318,-0.00118522,0.205792,0.448557,0,0,0,0.201548,0.429057,-0.00507914,-0.109767,-3.93511,9.9585,10.7084,0,8.14387
10.13,pitch +10,-0.207702,0.0129069,-0.068679,0.0294576,0,0.174533,0.199702,-0.453233,0.000976796,90.5234,90.6634,126.394,6.47691,nan,0.292066,0.29333,0.291046,0.292328,0.291638,0.29333,0.291638,0.291046,0.292328,1,0,0.160782,0,0.00422909,-0.000775953,0.00130692,0.205602,0.435759,0,0,0,0.201001,0.446494,-0.00304783,-0.201822,-3.89742,9.94369,10.6821,0,8.03308
10.14,pitch +10,-0.20572,0.0174394,-0.0686394,0.0339173,0,0.174533,0.199565,-0.473364,0.000406549,90.5175,90.6575,126.458,6.48167,nan,0.291676,0.293079,0.29178,0.290952,0.290969,0.293079,0.290969,0.29178,0.290952,1,0,0.156724,0,0.00349068,-0.00556886,0.000563213,0.205381,0.422413,0,0,0,0.200483,0.461732,-0.0153072,-0.0959256,-3.94251,9.9664,10.7183,0,7.92223
10.15,pitch +10,-0.203744,0.0221448,-0.0685974,0.038519,0,0.174533,0.19942,-0.48785,0.00113272,90.5116,90.6516,126.523,6.48639,nan,0.29129,0.292186,0.292567,0.289499,0.290984,0.292186,0.290984,0.292567,0.289499,1,0,0.152575,0,0.00292971,-0.00809063,-0.000820195,0.205171,0.408675,0,0,0,0.206599,0.486887,-0.00415488,-0.178542,-3.97155,9.97089,10.7342,0,7.81129
10.16,pitch +10,-0.201775,0.0269677,-0.0685527,0.0432508,0,0.174533,0.199264,-0.496912,0.00036285,90.5058,90.6458,126.588,6.49108,nan,0.290908,0.292025,0.292925,0.288613,0.290144,0.292025,0.290144,0.292925,0.288613,1,0,0.148319,0,0.00167326,-0.011734,-0.00106881,0.204911,0.394511,0,0,0,0.199624,0.50123,0.00334777,-0.0614042,-4.0422,9.97966,10.7674,0,7.70075
10.17,pitch +10,-0.199813,0.0318579,-0.068513,0.047949,0,0.174533,0.199092,-0.500708,1.60605e-05,90.5001,90.6401,126.653,6.49571,nan,0.29053,0.292094,0.292032,0.288465,0.289605,0.292094,0.289605,0.292032,0.288465,1,0,0.144116,0,0.00318833,-0.0114757,-0.000473729,0.204676,0.380414,0,0,0,0.198908,0.478946,-0.00139593,-0.247609,-3.9263,9.92327,10.6747,0,7.58925
10.18,pitch +10,-0.197858,0.0367646,-0.068475,0.05266,0,0.174533,0.198717,-0.499724,0.000433731,90.4944,90.6344,126.718,6.50026,nan,0.290156,0.291301,0.292675,0.28716,0.289562,0.291301,0.289562,0.292675,0.28716,1,0,0.13994,0,0.00272393,-0.0137464,-0.00165932,0.204441,0.366286,0,0,0,0.199697,0.483804,-0.00227797,-0.0825572,-3.79636,9.94349,10.6439,0,7.47779
10.19,pitch +10,-0.195911,0.0416408,-0.0684482,0.0573214,0,0.174533,0.198222,-0.49409,0.00106038,90.4888,90.6288,126.783,6.50475,nan,0.289785,0.291166,0.292412,0.28706,0.288577,0.291166,0.288577,0.292412,0.28706,1,0,0.135858,0,0.00072169,-0.0150475,-0.00121425,0.204233,0.352343,0,0,0,0.210416,0.493721,-0.00826309,-0.223439,-3.98942,9.97874,10.749,0,7.36589
10.2,pitch +10,-0.193974,0.0464444,-0.0683886,0.0618662,0,0.174533,0.197618,-0.484314,0.000618238,90.4833,90.6233,126.848,6.50918,nan,0.289417,0.292195,0.290555,0.287741,0.287251,0.292195,0.287251,0.290555,0.287741,1,0,0.131865,0,0.00304958,-0.0146988,0.000936331,0.203876,0.338683,0,0,0,0.198157,0.477687,-0.00480655,-0.102445,-3.90918,10.0459,10.7802,0,7.25598
10.21,pitch +10,-0.192045,0.051138,-0.0683796,0.0662612,0,0.174533,0.197056,-0.471088,0.00028259,90.4779,90.6179,126.913,6.51361,nan,0.289052,0.290315,0.291617,0.286212,0.288136,0.290315,0.288136,0.291617,0.286212,1,0,0.12808,0,0.00165215,-0.0143698,-0.00141821,0.203704,0.325509,0,0,0,0.199673,0.469891,0.0144018,-0.236436,-3.91884,9.9721,10.7171,0,7.14309
10.22,pitch +10,-0.190125,0.0556896,-0.0683404,0.0704815,0,0.174533,0.196432,-0.455135,0.000884272,90.4725,90.6125,126.978,6.51801,nan,0.288689,0.291063,0.290283,0.286857,0.286623,0.291063,0.286623,0.290283,0.286857,1,0,0.124466,0,0.00144829,-0.0149035,0.000445772,0.203451,0.312817,0,0,0,0.203057,0.452558,0.0103434,-0.111536,-3.98568,9.94733,10.7167,0,7.03203
10.23,pitch +10,-0.188213,0.0600751,-0.0683359,0.074523,0,0.174533,0.195812,-0.437061,0.00115971,90.4673,90.6073,127.044,6.52238,nan,0.288327,0.290783,0.289663,0.286873,0.286062,0.290783,0.286062,0.289663,0.286873,1,0,0.121053,0,0.000817745,-0.0142317,0.000848546,0.203284,0.300666,0,0,0,0.198504,0.431484,0.00467066,-0.133261,-3.90989,9.95119,10.6926,0,6.91931
10.24,pitch +10,-0.186308,0.0642773,-0.0682884,0.0783699,0,0.174533,0.195211,-0.417606,0.00143566,90.462,90.602,127.109,6.52675,nan,0.287968,0.289988,0.289689,0.285884,0.286381,0.289988,0.286381,0.289689,0.285884,1,0,0.117807,0,0.00211045,-0.0140457,-8.6942e-05,0.202981,0.289097,0,0,0,0.204047,0.416585,-0.0028284,-0.0324814,-3.95439,9.98447,10.7391,0,6.80955
10.25,pitch +10,-0.184409,0.0682855,-0.0682931,0.0819929,0,0.174533,0.194707,-0.397292,0.00097062,90.4569,90.5969,127.174,6.5311,nan,0.287609,0.288528,0.290045,0.284745,0.287191,0.288528,0.287191,0.290045,0.284745,1,0,0.114825,0,0.00246443,-0.012578,-0.00174196,0.202819,0.278215,0,0,0,0.193319,0.39402,0.00685861,-0.254951,-3.86693,9.98736,10.7129,0,6.69684
10.26,pitch +10,-0.182514,0.072094,-0.0682411,0.0853721,0,0.174533,0.194263,-0.3768,0.0007711,90.4518,90.5918,127.239,6.53542,nan,0.287253,0.288235,0.288977,0.28529,0.286581,0.288235,0.286581,0.288977,0.28529,1,0,0.112037,0,0.00145798,-0.0101197,-0.00089387,0.202518,0.268042,0,0,0,0.207444,0.383624,-0.00236648,-0.0218548,-3.91093,9.9697,10.7094,0,6.58754
10.27,pitch +10,-0.180623,0.0757042,-0.0682225,0.0885102,0,0.174533,0.193794,-0.356517,-0.000146128,90.4468,90.5868,127.305,6.53974,nan,0.286898,0.289041,0.287407,0.286033,0.285182,0.289041,0.285182,0.287407,0.286033,1,0,0.109485,0,0.00207675,-0.0099159,0.00109193,0.202293,0.258586,0,0,0,0.208545,0.350534,0.0151831,-0.0847546,-3.98618,10.0277,10.7912,0,6.47637
10.28,pitch +10,-0.178735,0.0791203,-0.0681999,0.0914598,0,0.174533,0.19341,-0.336672,-0.00087329,90.4419,90.5819,127.37,6.54402,nan,0.286545,0.288496,0.2871,0.285487,0.285168,0.288496,0.285168,0.2871,0.285487,1,0,0.107117,0,0.00285551,-0.00936078,0.000754019,0.20204,0.249703,0,0,0,0.194611,0.333403,0.00621151,-0.0148904,-3.9187,10.0216,10.7605,0,6.36581
10.29,pitch +10,-0.176849,0.0823446,-0.0681744,0.0941732,0,0.174533,0.19301,-0.317499,-0.000420611,90.437,90.577,127.436,6.54831,nan,0.286193,0.28769,0.286526,0.285397,0.285231,0.28769,0.285231,0.286526,0.285397,1,0,0.104966,0,0.00264686,-0.00679849,0.000585197,0.20181,0.241551,0,0,0,0.201904,0.318242,-0.000671226,-0.156911,-3.92755,9.95057,10.6988,0,6.25542
10.3,pitch +10,-0.174966,0.0853858,-0.0681079,0.0966968,0,0.174533,0.192613,-0.299414,2.71524e-06,90.4322,90.5722,127.501,6.55258,nan,0.285843,0.28635,0.287104,0.284025,0.285964,0.28635,0.285964,0.287104,0.284025,1,0,0.102954,0,0.00314244,-0.00656567,-0.00118373,0.201477,0.233944,0,0,0,0.21066,0.305205,-2.38756e-05,0.00488339,-3.87902,10.0111,10.7364,0,6.14753
10.31,pitch +10,-0.173084,0.0882549,-0.0681157,0.099037,0,0.174533,0.192549,-0.282726,0.000206049,90.4275,90.5675,127.567,6.55685,nan,0.285496,0.286788,0.285564,0.285301,0.284399,0.286788,0.284399,0.285564,0.285301,1,0,0.101159,0,0.000854504,-0.00502409,0.000934277,0.20133,0.226903,0,0,0,0.202599,0.284118,0.00556636,-0.134908,-3.92931,9.97889,10.7255,0,6.03565
10.32,pitch +10,-0.171199,0.0909688,-0.0680673,0.101176,0,0.174533,0.19289,-0.267605,6.33241e-06,90.4229,90.5629,127.632,6.56111,nan,0.285151,0.286721,0.285261,0.284242,0.284448,0.286721,0.284448,0.285261,0.284242,1,0,0.0994855,0,0.00441853,-0.00624021,0.000551114,0.201024,0.220449,0,0,0,0.19943,0.26851,-0.0170794,-0.0378016,-3.84841,9.98548,10.7015,0,5.92684
10.33,pitch +10,-0.169309,0.0935424,-0.0680308,0.1032,0,0.174533,0.193403,-0.254177,2.52721e-05,90.4183,90.5583,127.698,6.5654,nan,0.284809,0.284031,0.286344,0.28316,0.285769,0.284031,0.285769,0.286344,0.28316,1,0,0.0979269,0,0.00078437,-0.00274029,-0.00216371,0.200741,0.214358,0,0,0,0.19732,0.25702,-0.00435482,-0.0281945,-3.91183,10.0258,10.7619,0,5.81747
10.34,pitch +10,-0.167411,0.0959914,-0.0679903,0.10507,0,0.174533,0.194112,-0.242233,-0.000862809,90.4138,90.5538,127.764,6.56969,nan,0.284471,0.285324,0.28435,0.284039,0.284239,0.285324,0.284239,0.28435,0.284039,1,0,0.0964965,0,0.00311321,-0.00264501,0.000340138,0.200452,0.208711,0,0,0,0.195282,0.232721,0.0068279,-0.0556052,-3.84275,10.053,10.7625,0,5.70791
10.35,pitch +10,-0.165504,0.0983303,-0.0679264,0.106823,0,0.174533,0.194851,-0.231483,-0.000514508,90.4093,90.5493,127.829,6.57397,nan,0.284138,0.283979,0.285059,0.283219,0.284362,0.283979,0.284362,0.285059,0.283219,1,0,0.0951549,0,0.000168657,-0.00275933,-0.000976781,0.200118,0.203439,0,0,0,0.199503,0.218194,0.00314008,-0.164885,-3.84912,9.90544,10.6283,0,5.59916
10.36,pitch +10,-0.163589,0.100568,-0.0678244,0.108422,0,0.174533,0.195341,-0.221755,-0.000860028,90.4049,90.5449,127.895,6.57822,nan,0.283811,0.284225,0.284068,0.282976,0.284039,0.284225,0.284039,0.284068,0.282976,1,0,0.093906,0,0.00323635,-0.00242209,-0.000397948,0.199654,0.198628,0,0,0,0.200244,0.216628,-0.00177699,-0.0935364,-3.8864,9.95061,10.683,0,5.49235
10.37,pitch +10,-0.161668,0.102716,-0.0677447,0.10994,0,0.174533,0.195779,-0.213005,-0.00146001,90.4006,90.5406,127.961,6.5824,nan,0.283488,0.285583,0.2819,0.28487,0.281662,0.285583,0.281662,0.2819,0.28487,1,0,0.0927509,0,0.00125929,-0.00180137,0.00302926,0.19928,0.194058,0,0,0,0.205905,0.209215,0.0190555,-0.0733188,-3.7555,10.0665,10.7444,0,5.38398
10.38,pitch +10,-0.159742,0.104785,-0.0676562,0.111375,0,0.174533,0.195989,-0.205224,-0.00162921,90.3964,90.5364,128.027,6.58652,nan,0.283169,0.283013,0.283776,0.28221,0.283741,0.283013,0.283741,0.283776,0.28221,1,0,0.0916515,0,0.00203688,-0.00158623,-0.00100834,0.198857,0.189742,0,0,0,0.199966,0.202577,-0.000118588,-0.0969563,-3.88642,10.092,10.8149,0,5.27618
10.39,pitch +10,-0.157814,0.10678,-0.0675554,0.112748,0,0.174533,0.19614,-0.198306,-0.0013334,90.3922,90.5322,128.093,6.59061,nan,0.282855,0.281744,0.283742,0.282055,0.283943,0.281744,0.283943,0.283742,0.282055,1,0,0.0905994,0,-0.000291287,0.00096909,-0.00170769,0.19842,0.185621,0,0,0,0.20254,0.207965,0.00786736,-0.0744899,-3.70638,10.1137,10.7717,0,5.16912
10.4,pitch +10,-0.155884,0.108712,-0.0674609,0.113975,0,0.174533,0.196195,-0.192267,-0.00104623,90.3881,90.5281,128.159,6.59468,nan,0.282545,0.281531,0.283467,0.281599,0.283647,0.281531,0.283647,0.283467,0.281599,1,0,0.0896493,0,0.000296463,0.000470226,-0.00175083,0.197971,0.181924,0,0,0,0.197909,0.191178,0.0108984,-0.155966,-3.86217,10.0162,10.7361,0,5.06174
10.41,pitch +10,-0.153954,0.110588,-0.0673519,0.115194,0,0.174533,0.196082,-0.187185,-0.000623841,90.384,90.524,128.225,6.59873,nan,0.28224,0.28304,0.281729,0.282448,0.281803,0.28304,0.281803,0.281729,0.282448,1,0,0.088716,0,0.00176601,-0.000981501,0.000859653,0.197522,0.178237,0,0,0,0.206283,0.186141,0.00902952,0.0218289,-3.69985,10.0413,10.7012,0,4.95542
10.42,pitch +10,-0.152025,0.112418,-0.0672659,0.116343,0,0.174533,0.195927,-0.182778,-0.00105522,90.38,90.52,128.29,6.60272,nan,0.281938,0.280813,0.283188,0.281076,0.282736,0.280813,0.282736,0.283188,0.281076,1,0,0.087838,0,-0.00189949,-0.000357605,-0.00177362,0.197099,0.174791,0,0,0,0.205354,0.177827,0.00165975,-0.101013,-3.84898,10.0202,10.7344,0,4.84828
10.43,pitch +10,-0.150097,0.114208,-0.0671478,0.117439,0,0.174533,0.195574,-0.178944,-0.00164351,90.376,90.516,128.356,6.60669,nan,0.28164,0.280733,0.282408,0.280492,0.282988,0.280733,0.282988,0.282408,0.280492,1,0,0.086973,0,0.00217788,0.000642768,-0.00183324,0.196586,0.171484,0,0,0,0.199084,0.176219,0.0107998,0.0242131,-3.78049,10.0047,10.6952,0,4.74327
10.44,pitch +10,-0.148172,0.115963,-0.0670621,0.118515,0,0.174533,0.195298,-0.175629,-0.000832435,90.3722,90.5122,128.423,6.61065,nan,0.281346,0.282707,0.279906,0.282473,0.280358,0.282707,0.280358,0.279906,0.282473,1,0,0.0861824,0,0.00181989,0.000413512,0.00216087,0.196177,0.168269,0,0,0,0.196182,0.180419,0.00173639,-0.0900433,-3.79285,9.95449,10.653,0,4.63683
10.45,pitch +10,-0.146249,0.117688,-0.0669642,0.119551,0,0.174533,0.19502,-0.17276,-0.00152595,90.3683,90.5083,128.489,6.61458,nan,0.281056,0.28029,0.281785,0.280039,0.282167,0.28029,0.282167,0.281785,0.280039,1,0,0.0853873,0,0.00168135,0.000249676,-0.00159276,0.195733,0.165138,0,0,0,0.196328,0.165003,0.00421936,-0.099066,-3.84887,10.0644,10.7757,0,4.53158
10.46,pitch +10,-0.144328,0.119387,-0.0668398,0.120553,0,0.174533,0.194764,-0.170166,-0.000836652,90.3646,90.5046,128.555,6.61853,nan,0.280768,0.280529,0.281136,0.2807,0.280767,0.280529,0.280767,0.281136,0.2807,1,0,0.0846157,0,-0.00143287,-0.000373637,-0.000296135,0.195218,0.162139,0,0,0,0.201031,0.175942,0.00823713,-0.0602124,-3.74118,9.99013,10.6678,0,4.42833
10.47,pitch +10,-0.14241,0.121061,-0.0667656,0.121501,0,0.174533,0.194391,-0.167761,-0.000533298,90.3609,90.5009,128.621,6.62245,nan,0.280485,0.280414,0.280695,0.280421,0.280466,0.280414,0.280466,0.280695,0.280421,1,0,0.083911,0,-0.000627019,-0.000418986,-0.000143164,0.194846,0.159276,0,0,0,0.209411,0.161108,0.00417927,-0.15166,-3.76313,10.1274,10.805,0,4.32287
10.48,pitch +10,-0.140496,0.122712,-0.0666363,0.122444,0,0.174533,0.193896,-0.165461,-0.00106951,90.3572,90.4972,128.687,6.62636,nan,0.280204,0.279271,0.28148,0.278995,0.281127,0.279271,0.281127,0.28148,0.278995,1,0,0.083163,0,-0.000202108,-0.00119186,-0.00190832,0.194298,0.15643,0,0,0,0.200895,0.157889,0.00830022,-0.0341851,-3.76162,10.0383,10.72,0,4.22106
10.49,pitch +10,-0.138589,0.12434,-0.0665838,0.123391,0,0.174533,0.193098,-0.163086,-0.000487145,90.3536,90.4936,128.754,6.63025,nan,0.279927,0.280044,0.280003,0.279665,0.28005,0.280044,0.28005,0.280003,0.279665,1,0,0.0824979,0,0.00112973,-0.000631435,-0.000151151,0.193985,0.153596,0,0,0,0.194688,0.156478,0.00509013,-0.168433,-3.7661,9.92999,10.6215,0,4.11552
10.5,pitch +10,-0.13669,0.125945,-0.0664618,0.124248,0,0.174533,0.192054,-0.160784,-0.000574305,90.3501,90.4901,128.82,6.63414,nan,0.279651,0.280671,0.27862,0.280418,0.278952,0.280671,0.278952,0.27862,0.280418,1,0,0.0818245,0,0.00155102,0.000149691,0.001546,0.193475,0.151006,0,0,0,0.197935,0.153174,-0.00274216,-0.0739415,-3.70596,9.9367,10.6055,0,4.01512
10.51,pitch +10,-0.134801,0.127529,-0.0664156,0.125108,0,0.174533,0.191058,-0.158566,-4.64457e-06,90.3466,90.4866,128.886,6.63804,nan,0.279378,0.279734,0.279357,0.279243,0.279232,0.279734,0.279232,0.279357,0.279243,1,0,0.0812278,0,0.000970053,-0.00116477,0.000170672,0.193177,0.14844,0,0,0,0.192583,0.156319,-0.00111186,-0.191239,-3.79395,10.0606,10.7539,0,3.91139
10.52,pitch +10,-0.132921,0.129091,-0.0663665,0.12592,0,0.174533,0.190195,-0.156368,-0.00125022,90.3431,90.4831,128.953,6.64194,nan,0.279105,0.277494,0.280619,0.277548,0.280816,0.277494,0.280816,0.280619,0.277548,1,0,0.0806414,0,0.000381315,0.00047498,-0.00280987,0.192859,0.145993,0,0,0,0.190506,0.153103,-0.017977,-0.177092,-3.8586,10.0198,10.7386,0,3.80924
10.53,pitch +10,-0.131049,0.130631,-0.0662857,0.126712,0,0.174533,0.189204,-0.154194,0.0004134,90.3397,90.4797,129.019,6.64583,nan,0.278835,0.279824,0.27834,0.278961,0.278269,0.279824,0.278269,0.27834,0.278961,1,0,0.0800805,0,0.00210098,-0.00176868,0.000956412,0.192479,0.143614,0,0,0,0.197064,0.162142,-0.00108662,-0.066421,-3.62245,10.0798,10.7111,0,3.70982
10.54,pitch +10,-0.129188,0.13215,-0.0662551,0.12748,0,0.174533,0.188301,-0.152078,0.000489951,90.3364,90.4764,129.086,6.64969,nan,0.278565,0.276994,0.28018,0.276978,0.280162,0.276994,0.280162,0.28018,0.276978,1,0,0.0795456,0,-4.7139e-06,-6.48834e-05,-0.00279988,0.19222,0.141312,0,0,0,0.194795,0.156106,0.0101719,-0.20118,-3.71761,10.0059,10.6761,0,3.60883
10.55,pitch +10,-0.127336,0.133647,-0.0662057,0.128218,0,0.174533,0.187509,-0.149991,0.000692417,90.3331,90.4731,129.152,6.65356,nan,0.278298,0.277959,0.278342,0.277396,0.279548,0.277959,0.279548,0.278342,0.277396,1,0,0.0790192,0,0.00469408,0.00121862,-0.00111403,0.191921,0.139082,0,0,0,0.201451,0.154064,-0.000955263,-0.0893996,-3.73538,10.0072,10.682,0,3.51025
10.56,pitch +10,-0.12549,0.135125,-0.0661633,0.128967,0,0.174533,0.186927,-0.147988,0.000161954,90.3299,90.4699,129.219,6.65744,nan,0.278032,0.27788,0.27846,0.277622,0.278217,0.27788,0.278217,0.27846,0.277622,1,0,0.0785136,0,3.97444e-05,-0.000948615,-0.000516464,0.19162,0.136837,0,0,0,0.198218,0.152421,-0.0111885,-0.183147,-3.73965,10.0231,10.6996,0,3.41232
10.57,pitch +10,-0.123648,0.136584,-0.0661345,0.129629,0,0.174533,0.186302,-0.146036,0.00049199,90.3268,90.4668,129.285,6.66135,nan,0.277767,0.277491,0.278053,0.276698,0.278881,0.277491,0.278881,0.278053,0.276698,1,0,0.0780383,0,0.0042975,6.66124e-05,-0.00120619,0.191352,0.134824,0,0,0,0.186819,0.13906,-0.00151855,-0.125477,-3.80799,10.1182,10.8118,0,3.31517
10.58,pitch +10,-0.121813,0.138024,-0.066106,0.130307,0,0.174533,0.185873,-0.144085,0.000436261,90.3236,90.4636,129.352,6.66527,nan,0.277505,0.27805,0.277569,0.276882,0.277572,0.27805,0.277572,0.277569,0.276882,1,0,0.0775817,0,0.00310347,-0.00220804,-9.20408e-05,0.191124,0.132777,0,0,0,0.192807,0.140639,0.00730548,-0.0389901,-3.65834,10.1605,10.7991,0,3.21892
10.59,pitch +10,-0.11998,0.139444,-0.0660415,0.130956,0,0.174533,0.185601,-0.14206,0.000463749,90.3206,90.4606,129.418,6.66921,nan,0.277244,0.277618,0.276998,0.277325,0.277088,0.277618,0.277088,0.276998,0.277325,1,0,0.0771161,0,0.00101684,-0.000383116,0.000376737,0.19076,0.130837,0,0,0,0.190179,0.135449,-0.000268824,-0.224151,-3.75711,10.0273,10.7104,0,3.12605
10.6,pitch +10,-0.118149,0.140845,-0.066034,0.13159,0,0.174533,0.185248,-0.140041,0.000910437,90.3176,90.4576,129.485,6.67319,nan,0.276986,0.277634,0.276844,0.276555,0.276961,0.277634,0.276961,0.276844,0.276555,1,0,0.0767037,0,0.00317095,-0.00182167,0.00016831,0.190585,0.128929,0,0,0,0.191169,0.13749,-0.00048546,-0.112216,-3.74112,9.95909,10.6392,0,3.03118
10.61,pitch +10,-0.116323,0.142225,-0.0660129,0.132197,0,0.174533,0.184967,-0.137978,0.000621203,90.3146,90.4546,129.552,6.67716,nan,0.276729,0.276126,0.277655,0.275219,0.277966,0.276126,0.277966,0.277655,0.275219,1,0,0.0763235,0,0.00323107,-0.00112944,-0.00187905,0.190365,0.12709,0,0,0,0.192757,0.134023,0.000255816,-0.0641146,-3.68115,10.0488,10.702,0,2.93862
10.62,pitch +10,-0.114498,0.143585,-0.0659907,0.132752,0,0.174533,0.184805,-0.135918,0.000260662,90.3117,90.4517,129.619,6.68114,nan,0.276474,0.276452,0.276151,0.27629,0.277053,0.276452,0.277053,0.276151,0.27629,1,0,0.0759382,0,0.00282164,0.00140103,-0.000202647,0.190123,0.125422,0,0,0,0.195451,0.128135,-0.00221351,-0.147275,-3.78703,10.1633,10.8469,0,2.84818
10.63,pitch +10,-0.112672,0.144926,-0.0659364,0.133279,0,0.174533,0.184795,-0.134124,0.000665063,90.3089,90.4489,129.686,6.68518,nan,0.276221,0.275388,0.277203,0.275132,0.277212,0.275388,0.277212,0.277203,0.275132,1,0,0.0755572,0,0.00070088,-0.000469189,-0.00171221,0.1898,0.123827,0,0,0,0.190456,0.129593,-0.000639471,-0.0672512,-3.59434,10.0993,10.7201,0,2.76101
10.64,pitch +10,-0.110848,0.14625,-0.0659281,0.133768,0,0.174533,0.184769,-0.132501,0.00110846,90.306,90.446,129.753,6.68922,nan,0.275971,0.276003,0.275582,0.276105,0.276242,0.276003,0.276242,0.275582,0.276105,1,0,0.0752346,0,0.00148065,0.00144557,0.000124744,0.189606,0.122351,0,0,0,0.195093,0.11961,-0.00407905,-0.145743,-3.6696,10.0757,10.7242,0,2.67356
10.65,pitch +10,-0.109022,0.147559,-0.0658906,0.134268,0,0.174533,0.184802,-0.130953,0.000490121,90.3033,90.4433,129.819,6.69325,nan,0.275722,0.276656,0.274768,0.276492,0.275021,0.276656,0.275021,0.274768,0.276492,1,0,0.0748756,0,0.00110736,0.000169055,0.00147636,0.189332,0.120853,0,0,0,0.19187,0.124311,0.0179373,-0.0788792,-3.69696,10.0059,10.6673,0,2.58906
10.66,pitch +10,-0.107196,0.148853,-0.0658436,0.13475,0,0.174533,0.184794,-0.129257,0.000840922,90.3006,90.4406,129.886,6.69727,nan,0.275476,0.275689,0.275261,0.275531,0.275472,0.275689,0.275472,0.275261,0.275531,1,0,0.0745468,0,0.000980131,9.975e-05,0.000213478,0.189041,0.119406,0,0,0,0.192812,0.129077,0.00105437,-0.0980723,-3.59675,10.0964,10.7184,0,2.50716
10.67,pitch +10,-0.10537,0.15013,-0.06582,0.135178,0,0.174533,0.18473,-0.127693,0.0014492,90.2979,90.4379,129.953,6.7013,nan,0.275232,0.274614,0.275963,0.273921,0.276479,0.274614,0.276479,0.275963,0.273921,1,0,0.0742423,0,0.00320825,-0.000334512,-0.00171723,0.188793,0.118097,0,0,0,0.179472,0.11123,-0.00423777,-0.138276,-3.68958,10.1996,10.8473,0,2.42709
10.68,pitch +10,-0.103545,0.151391,-0.0657773,0.13563,0,0.174533,0.184663,-0.126141,0.00125639,90.2953,90.4353,130.02,6.70537,nan,0.27499,0.275847,0.274156,0.275345,0.274661,0.275847,0.274661,0.274156,0.275345,1,0,0.0739172,0,0.00267097,5.02942e-06,0.00104388,0.188517,0.116738,0,0,0,0.188025,0.121209,0.00579901,0.00720357,-3.5865,10.12,10.7367,0,2.35001
10.69,pitch +10,-0.10172,0.152637,-0.0657288,0.136063,0,0.174533,0.184612,-0.124605,0.000443965,90.2928,90.4328,130.088,6.70946,nan,0.274751,0.27355,0.276022,0.273649,0.27583,0.27355,0.27583,0.276022,0.273649,1,0,0.0736035,0,-0.000772732,-0.000176448,-0.00204552,0.188213,0.115447,0,0,0,0.193467,0.121436,5.34444e-05,-0.142062,-3.54221,10.0421,10.6495,0,2.2761
10.7,pitch +10,-0.0998949,0.153869,-0.0656903,0.136487,0,0.174533,0.184492,-0.123117,0.00127899,90.2902,90.4302,130.155,6.71355,nan,0.274513,0.274155,0.274992,0.273863,0.275088,0.274155,0.275088,0.274992,0.273863,1,0,0.0733016,0,0.00102878,-0.000370589,-0.000906379,0.187914,0.11418,0,0,0,0.182241,0.124443,-0.00421296,-0.128712,-3.69864,10.0694,10.728,0,2.20467
10.71,pitch +10,-0.0980714,0.155086,-0.0656381,0.136863,0,0.174533,0.184355,-0.121576,0.00109967,90.2878,90.4278,130.222,6.71767,nan,0.274277,0.274476,0.273979,0.274071,0.27463,0.274476,0.27463,0.273979,0.274071,1,0,0.0730311,0,0.00280082,0.000467695,-2.74238e-05,0.187615,0.113026,0,0,0,0.192423,0.11798,0.0017086,-0.0221598,-3.59762,10.1851,10.8019,0,2.13823
10.72,pitch +10,-0.0962492,0.156288,-0.0656317,0.137235,0,0.174533,0.184151,-0.120224,0.00182359,90.2854,90.4254,130.289,6.72182,nan,0.274044,0.275066,0.273282,0.274611,0.273263,0.275066,0.273263,0.273282,0.274611,1,0,0.0727727,0,0.00115633,-0.000897824,0.00137727,0.187408,0.111903,0,0,0,0.18666,0.106829,-0.00946562,-0.190181,-3.62675,10.0508,10.6868,0,2.07317
10.73,pitch +10,-0.0944288,0.157477,-0.0655893,0.137596,0,0.174533,0.184004,-0.119025,0.000842391,90.283,90.423,130.356,6.726,nan,0.273812,0.273475,0.274435,0.272694,0.274692,0.273475,0.274692,0.274435,0.272694,1,0,0.0724903,0,0.00275394,-0.000992906,-0.00130055,0.187127,0.110825,0,0,0,0.188012,0.112149,0.0118896,-0.102437,-3.73437,10.0597,10.7309,0,2.01397
10.74,pitch +10,-0.0926078,0.158656,-0.0655586,0.137962,0,0.174533,0.184147,-0.118042,0.00161287,90.2807,90.4207,130.423,6.7302,nan,0.273584,0.272964,0.274473,0.272645,0.274299,0.272964,0.274299,0.274473,0.272645,1,0,0.0722564,0,0.000382356,-0.00093397,-0.0013901,0.186899,0.109729,0,0,0,0.197676,0.121872,0.00407928,-0.140346,-3.48193,10.0561,10.6428,0,1.95812
10.75,pitch +10,-0.0907843,0.159826,-0.0655218,0.138276,0,0.174533,0.184551,-0.117246,0.00134008,90.2784,90.4184,130.491,6.73444,nan,0.273359,0.274188,0.272724,0.2738,0.272771,0.274188,0.272771,0.272724,0.2738,1,0,0.0720018,0,0.00115159,-0.000644771,0.00109604,0.1866,0.108771,0,0,0,0.189676,0.106783,-0.00232579,-0.198391,-3.65399,10.1102,10.7521,0,1.90903
10.76,pitch +10,-0.0889548,0.160991,-0.0654601,0.138604,0,0.174533,0.184999,-0.116587,-4.60946e-05,90.2761,90.4161,130.558,6.73869,nan,0.27314,0.273369,0.272948,0.272795,0.273491,0.273369,0.273491,0.272948,0.272795,1,0,0.071743,0,0.00296465,-5.72857e-05,-0.000121215,0.186257,0.107778,0,0,0,0.194006,0.114251,0.00178665,-0.0194674,-3.5523,10.112,10.7179,0,1.86538
10.77,pitch +10,-0.0871197,0.162148,-0.0654118,0.138931,0,0.174533,0.185438,-0.115845,0.000386853,90.2739,90.4139,130.626,6.74293,nan,0.272925,0.273548,0.272438,0.272686,0.27307,0.273548,0.27307,0.272438,0.272686,1,0,0.0714933,0,0.00396142,-0.000436017,0.000319278,0.185948,0.106799,0,0,0,0.193837,0.111336,0.00386744,-0.1798,-3.49063,10.0399,10.6309,0,1.82629
10.78,pitch +10,-0.0852803,0.163299,-0.065351,0.139194,0,0.174533,0.18579,-0.115127,0.000232701,90.2718,90.4118,130.693,6.74714,nan,0.272715,0.273728,0.271264,0.273796,0.272114,0.273728,0.272114,0.271264,0.273796,1,0,0.0712493,0,0.00207139,0.00173846,0.00182206,0.18559,0.105992,0,0,0,0.189274,0.0980697,0.0111372,-0.207925,-3.60115,10.1308,10.7538,0,1.79606
10.79,pitch +10,-0.0834374,0.164443,-0.0652689,0.139517,0,0.174533,0.186081,-0.114539,0.000655701,90.2697,90.4097,130.761,6.75133,nan,0.27251,0.273011,0.272314,0.272394,0.272361,0.273011,0.272361,0.272314,0.272394,1,0,0.0709844,0,0.00176172,-0.00108116,0.000321246,0.185207,0.105045,0,0,0,0.193557,0.121701,0.00652128,-0.084757,-3.53046,10.0416,10.6445,0,1.76997
10.8,pitch +10,-0.0815926,0.16558,-0.0652509,0.139835,0,0.174533,0.186326,-0.113873,0.000927616,90.2676,90.4076,130.828,6.75551,nan,0.272309,0.273714,0.271093,0.273602,0.270866,0.273714,0.270866,0.271093,0.273602,1,0,0.0707624,0,-0.000303785,-0.000641205,0.00235496,0.184987,0.104075,0,0,0,0.191782,0.114494,0.00382103,-0.0525609,-3.6091,10.0859,10.7123,0,1.74823
10.81,pitch +10,-0.0797447,0.166711,-0.0651849,0.140093,0,0.174533,0.186527,-0.113077,0.000675924,90.2656,90.4056,130.895,6.75968,nan,0.272113,0.271701,0.272725,0.271691,0.272372,0.271701,0.272372,0.272725,0.271691,1,0,0.0705227,0,-0.000907664,-0.000687865,-0.000749064,0.184622,0.103275,0,0,0,0.191463,0.0935808,0.00799673,-0.195984,-3.58199,10.1102,10.7278,0,1.73747
10.82,pitch +10,-0.0778953,0.167833,-0.0651127,0.140346,0,0.174533,0.186605,-0.11214,0.00101607,90.2636,90.4036,130.963,6.76382,nan,0.27192,0.27245,0.271394,0.272359,0.271517,0.27245,0.271517,0.271394,0.272359,1,0,0.0702856,0,0.000567854,6.0876e-05,0.000834399,0.184238,0.10252,0,0,0,0.189927,0.10584,-0.0011244,-0.0853179,-3.523,10.0594,10.6588,0,1.73382
10.83,pitch +10,-0.0760449,0.168946,-0.0650733,0.140616,0,0.174533,0.186661,-0.111234,0.00163127,90.2616,90.4016,131.031,6.76792,nan,0.271732,0.270845,0.272433,0.271046,0.272642,0.270845,0.272642,0.272433,0.271046,1,0,0.0700783,0,2.36222e-05,0.000776075,-0.00139961,0.183954,0.101717,0,0,0,0.186267,0.109916,-0.00339395,-0.196839,-3.48331,10.0788,10.6656,0,1.73518
10.84,pitch +10,-0.0741943,0.170051,-0.0649983,0.140843,0,0.174533,0.186661,-0.110394,0.000451414,90.2597,90.3997,131.099,6.77199,nan,0.271548,0.271016,0.272202,0.27052,0.27249,0.271016,0.27249,0.272202,0.27052,1,0,0.0698636,0,0.0020818,-0.000394602,-0.0013874,0.183586,0.101027,0,0,0,0.202859,0.100139,-0.00303148,-0.234675,-3.59064,10.0784,10.7015,0,1.7464
10.85,pitch +10,-0.0723422,0.171147,-0.0649171,0.141097,0,0.174533,0.186595,-0.109461,0.000340732,90.2578,90.3978,131.166,6.77605,nan,0.271367,0.271,0.272043,0.270498,0.271964,0.271,0.271964,0.272043,0.270498,1,0,0.0696071,0,0.00112324,-0.0010996,-0.00110301,0.183178,0.10025,0,0,0,0.190542,0.108139,-0.00362494,-0.0648559,-3.37456,10.0316,10.5842,0,1.76268
10.86,pitch +10,-0.0704914,0.172234,-0.0648531,0.141332,0,0.174533,0.18637,-0.10842,0.0010304,90.256,90.396,131.234,6.78011,nan,0.271191,0.270372,0.272245,0.270503,0.271677,0.270372,0.271677,0.272245,0.270503,1,0,0.0693875,0,-0.00185537,-0.000827439,-0.00133878,0.18281,0.0995395,0,0,0,0.188105,0.102944,0.00554722,-0.109835,-3.45618,10.1714,10.7431,0,1.78599
10.87,pitch +10,-0.0686443,0.17331,-0.0647491,0.141521,0,0.174533,0.186067,-0.107328,0.000806239,90.2542,90.3942,131.302,6.7841,nan,0.271017,0.270139,0.271729,0.270513,0.271723,0.270139,0.271723,0.271729,0.270513,1,0,0.0691603,0,-0.00100605,0.00069709,-0.00123062,0.182335,0.0989768,0,0,0,0.195642,0.102118,-0.00147103,-0.21143,-3.45766,10.0305,10.6119,0,1.81817
10.88,pitch +10,-0.0668005,0.174375,-0.0646673,0.141717,0,0.174533,0.185634,-0.10628,0.00141314,90.2524,90.3924,131.37,6.78809,nan,0.270847,0.271059,0.270719,0.270721,0.270924,0.271059,0.270924,0.270719,0.270721,1,0,0.0689428,0,0.00144161,-0.000250931,6.01066e-05,0.181906,0.098371,0,0,0,0.181972,0.0978273,0.00627181,-0.116637,-3.48742,10.0747,10.6619,0,1.8552
10.89,pitch +10,-0.0649614,0.175429,-0.064592,0.141925,0,0.174533,0.185124,-0.10529,0.00140283,90.2507,90.3907,131.438,6.79209,nan,0.270681,0.270933,0.270813,0.270511,0.270499,0.270933,0.270499,0.270813,0.270511,1,0,0.0687488,0,0.00028557,-0.00139373,5.86227e-05,0.181551,0.0977394,0,0,0,0.198669,0.103516,0.011576,0.00108326,-3.43387,10.1347,10.7006,0,1.89672
10.9,pitch +10,-0.0631274,0.176475,-0.064562,0.142106,0,0.174533,0.184451,-0.10433,0.000891603,90.249,90.389,131.506,6.7961,nan,0.270517,0.270988,0.270188,0.270773,0.270152,0.270988,0.270152,0.270188,0.270773,1,0,0.0685786,0,0.000472848,-0.000475326,0.000624565,0.181274,0.0972014,0,0,0,0.196916,0.0985913,-0.00445413,-0.191513,-3.46974,10.0837,10.6657,0,1.94453
10.91,pitch +10,-0.0612996,0.177511,-0.0645014,0.142227,0,0.174533,0.183664,-0.103312,0.000684104,90.2473,90.3873,131.574,6.80011,nan,0.270356,0.271188,0.269041,0.271692,0.269538,0.271188,0.269538,0.269041,0.271692,1,0,0.068408,0,-1.9581e-05,0.0018975,0.00189046,0.180922,0.0968414,0,0,0,0.196179,0.102515,0.00201612,-0.195646,-3.52164,10.0383,10.6399,0,2.00025
10.92,pitch +10,-0.0594798,0.178537,-0.0644373,0.142372,0,0.174533,0.182577,-0.102412,0.00108844,90.2457,90.3857,131.642,6.80408,nan,0.270198,0.269868,0.270971,0.269634,0.270349,0.269868,0.270349,0.270971,0.269634,1,0,0.0682405,0,-0.00102829,-0.00162161,-0.000799203,0.180575,0.0963822,0,0,0,0.18804,0.098888,0.00516906,-0.0561246,-3.39396,10.094,10.6495,0,2.05876
10.93,pitch +10,-0.0576733,0.179554,-0.064415,0.142487,0,0.174533,0.181407,-0.101463,0.00208092,90.244,90.384,131.71,6.80805,nan,0.27004,0.271344,0.269033,0.271321,0.268494,0.271344,0.268494,0.269033,0.271321,1,0,0.0681216,0,-0.00136812,-0.00106681,0.00225819,0.180338,0.0960336,0,0,0,0.189928,0.0947833,-0.00408467,-0.167868,-3.37933,10.1405,10.6901,0,2.12264
10.94,pitch +10,-0.055878,0.180562,-0.0643865,0.142591,0,0.174533,0.180304,-0.100537,0.00207277,90.2425,90.3825,131.778,6.81202,nan,0.269884,0.269118,0.270905,0.26903,0.270514,0.269118,0.270514,0.270905,0.26903,1,0,0.0679849,0,-0.000804585,-0.000907425,-0.00143798,0.180094,0.0957103,0,0,0,0.187363,0.0830316,0.0183965,-0.25901,-3.42632,10.0822,10.6517,0,2.1905
10.95,pitch +10,-0.0540936,0.181561,-0.064361,0.142699,0,0.174533,0.179212,-0.0997091,0.00148457,90.2409,90.3809,131.846,6.81598,nan,0.269729,0.270324,0.269232,0.270348,0.269043,0.270324,0.269043,0.269232,0.270348,1,0,0.0678726,0,-0.000565794,-0.000310561,0.00105347,0.179843,0.0953855,0,0,0,0.180135,0.0947957,-0.00967149,-0.0638098,-3.4789,10.0499,10.6352,0,2.26086
10.96,pitch +10,-0.0523175,0.182552,-0.0643578,0.142815,0,0.174533,0.178176,-0.0989393,6.71874e-05,90.2394,90.3794,131.914,6.81997,nan,0.269575,0.269412,0.270004,0.268946,0.26997,0.269412,0.26997,0.270004,0.268946,1,0,0.0677566,0,0.00114563,-0.000946731,-0.000710444,0.179671,0.0950433,0,0,0,0.180004,0.102795,0.00416808,-0.106803,-3.37321,10.1269,10.6745,0,2.33368
10.97,pitch +10,-0.0505502,0.183536,-0.0643889,0.142889,0,0.174533,0.177278,-0.0981746,0.000570193,90.2379,90.3779,131.982,6.82399,nan,0.269423,0.268434,0.269998,0.268656,0.270635,0.268434,0.270635,0.269998,0.268656,1,0,0.0677108,0,0.00110077,0.00162769,-0.00155764,0.179616,0.0948097,0,0,0,0.189647,0.0877586,0.0072988,-0.227672,-3.45916,10.0236,10.6061,0,2.41181
10.98,pitch +10,-0.0487915,0.184513,-0.064411,0.142961,0,0.174533,0.176554,-0.0975452,0.000564561,90.2365,90.3765,132.051,6.82804,nan,0.269273,0.269741,0.268494,0.269548,0.269337,0.269741,0.269337,0.268494,0.269548,1,0,0.0676438,0,0.00274907,0.00123273,0.000641182,0.179502,0.0945926,0,0,0,0.178519,0.0910586,0.00288206,-0.283538,-3.39912,10.1872,10.7431,0,2.49193
10.99,pitch +10,-0.0470386,0.185485,-0.0644196,0.14306,0,0.174533,0.175926,-0.0969745,0.000761841,90.235,90.375,132.119,6.83213,nan,0.269124,0.268688,0.269585,0.268644,0.269607,0.268688,0.269607,0.269585,0.268644,1,0,0.0675521,0,0.000175215,-4.16125e-05,-0.000816791,0.179377,0.0942749,0,0,0,0.180489,0.0889748,-0.000444488,-0.119315,-3.30655,10.0679,10.5976,0,2.57235
11,pitch +10,-0.0452919,0.186451,-0.0644808,0.143146,0,0.174533,0.175403,-0.0964566,0.00102983,90.2336,90.3736,132.187,6.83625,nan,0.268976,0.268956,0.268919,0.268812,0.269247,0.268956,0.269247,0.268919,0.268812,1,0,0.0675274,0,0.00125435,0.000348781,-0.000175136,0.179383,0.0940388,0,0,0,0.175182,0.105691,0.000555765,-0.163997,-3.29593,10.0877,10.6138,0,2.65618
11.01,pitch +10,-0.0435503,0.187412,-0.0644971,0.143205,0,0.174533,0.175048,-0.0961262,0.0019359,90.2323,90.3723,132.256,6.84041,nan,0.26883,0.269448,0.268262,0.268979,0.268662,0.269448,0.268662,0.268262,0.268979,1,0,0.0674567,0,0.00230416,-0.000130523,0.000661103,0.179303,0.0938289,0,0,0,0.19022,0.081194,0.00199499,-0.205891,-3.41708,10.0539,10.6207,0,2.74239
11.02,pitch +10,-0.0418111,0.188371,-0.0645148,0.143271,0,0.174533,0.174812,-0.0959129,0.00040078,90.2309,90.3709,132.324,6.8446,nan,0.268686,0.26791,0.269363,0.267213,0.270288,0.26791,0.270288,0.269363,0.267213,1,0,0.0674002,0,0.00430142,0.000434039,-0.00199018,0.179163,0.0936434,0,0,0,0.173751,0.0909416,-0.00492401,-0.218733,-3.41969,10.0805,10.647,0,2.82961
11.03,pitch +10,-0.040072,0.189329,-0.0645482,0.143346,0,0.174533,0.174849,-0.09595,0.00102211,90.2296,90.3696,132.392,6.84881,nan,0.268544,0.268591,0.268475,0.268391,0.268749,0.268591,0.268749,0.268475,0.268391,1,0,0.06734,0,0.00126019,0.00013934,-0.000106283,0.179115,0.0933996,0,0,0,0.179601,0.0861402,0.00174468,-0.139414,-3.38195,10.0646,10.6185,0,2.91831
11.04,pitch +10,-0.0383314,0.190287,-0.0645662,0.143407,0,0.174533,0.175262,-0.0960525,0.00120803,90.2283,90.3683,132.461,6.85303,nan,0.268406,0.268842,0.268149,0.268442,0.268216,0.268842,0.268216,0.268149,0.268442,1,0,0.0672904,0,0.00123879,-0.000631061,0.000404071,0.179031,0.0932383,0,0,0,0.185299,0.101652,0.00790966,-0.220136,-3.35369,10.1663,10.7074,0,3.00908
11.05,pitch +10,-0.036585,0.191247,-0.0645852,0.143466,0,0.174533,0.175917,-0.0962039,0.00132953,90.2271,90.3671,132.53,6.85727,nan,0.26827,0.267975,0.268376,0.268167,0.26859,0.267975,0.26859,0.268376,0.268167,1,0,0.0672301,0,5.97671e-05,0.000768978,-0.000362017,0.178924,0.0930467,0,0,0,0.181457,0.0907924,0.00779303,-0.26712,-3.39451,10.0798,10.6394,0,3.10141
11.06,pitch +10,-0.0348318,0.19221,-0.0646053,0.143532,0,0.174533,0.176466,-0.0964401,0.000700712,90.2258,90.3658,132.598,6.86155,nan,0.268139,0.26774,0.268608,0.267161,0.269074,0.26774,0.269074,0.268608,0.267161,1,0,0.0671698,0,0.00276938,-0.00021443,-0.00122264,0.178814,0.0928457,0,0,0,0.167528,0.0978233,0.0016111,-0.168806,-3.35288,10.0414,10.5877,0,3.19493
11.07,pitch +10,-0.0330724,0.193174,-0.0646087,0.143607,0,0.174533,0.17705,-0.0966291,0.000627959,90.2246,90.3646,132.667,6.86582,nan,0.268012,0.268133,0.267952,0.268059,0.267931,0.268133,0.267931,0.267952,0.268059,1,0,0.0670845,0,0.000141362,-0.000180072,0.00013583,0.178675,0.0926123,0,0,0,0.17922,0.0989729,-0.0138491,-0.162043,-3.29743,10.1181,10.6431,0,3.2887
11.08,pitch +10,-0.0313068,0.19414,-0.0646123,0.143668,0,0.174533,0.177556,-0.0967591,0.00143722,90.2235,90.3635,132.736,6.87008,nan,0.267889,0.268216,0.267587,0.268227,0.267552,0.268216,0.267552,0.267587,0.268227,1,0,0.0670205,0,-0.00011905,-4.50354e-05,0.000572848,0.178531,0.0924003,0,0,0,0.176772,0.0819658,-0.00145472,-0.194547,-3.23828,10.146,10.652,0,3.38467
11.09,pitch +10,-0.0295361,0.195108,-0.0646267,0.1437,0,0.174533,0.178013,-0.0968711,1.68595e-05,90.2223,90.3623,132.804,6.87435,nan,0.26777,0.267778,0.267468,0.267539,0.26832,0.267778,0.26832,0.267468,0.267539,1,0,0.0669636,0,0.00289266,0.00116132,-0.000207008,0.178424,0.0923163,0,0,0,0.1902,0.0838565,0.00973746,-0.289362,-3.33563,10.1652,10.7024,0,3.48334
11.1,pitch +10,-0.0277592,0.196077,-0.064621,0.143771,0,0.174533,0.178487,-0.0969402,0.000156019,90.2212,90.3612,132.873,6.87865,nan,0.267655,0.267774,0.267619,0.267426,0.267822,0.267774,0.267822,0.267619,0.267426,1,0,0.0668852,0,0.00146141,-0.000276907,-0.000105792,0.17823,0.0921066,0,0,0,0.17497,0.097345,0.00604279,-0.153867,-3.33888,10.1408,10.6774,0,3.58061
11.11,pitch +10,-0.025978,0.197045,-0.0645955,0.143818,0,0.174533,0.178846,-0.0968912,0.000599174,90.2201,90.3601,132.942,6.88298,nan,0.267543,0.266047,0.269118,0.266204,0.268824,0.266047,0.268824,0.269118,0.266204,1,0,0.066796,0,-0.00119639,-0.000261157,-0.0025009,0.178012,0.0919443,0,0,0,0.17594,0.0847896,0.00831414,-0.188182,-3.31398,10.0549,10.5886,0,3.67954
11.12,pitch +10,-0.0241953,0.198013,-0.0645808,0.143895,0,0.174533,0.179068,-0.0968138,0.00123914,90.219,90.359,133.011,6.88731,nan,0.267434,0.267808,0.266849,0.267832,0.267269,0.267808,0.267269,0.266849,0.267832,1,0,0.0666959,0,0.00104842,0.000842554,0.000669083,0.177826,0.0917116,0,0,0,0.187964,0.0918827,0.00812036,-0.13547,-3.25041,10.1294,10.639,0,3.77789
11.13,pitch +10,-0.0224101,0.198981,-0.0645703,0.143936,0,0.174533,0.179143,-0.0968221,0.000851974,90.2179,90.3579,133.08,6.89166,nan,0.267329,0.267249,0.267325,0.267496,0.267265,0.267249,0.267265,0.267325,0.267496,1,0,0.0666172,0,-0.000812066,0.000353624,6.80344e-05,0.177622,0.0915949,0,0,0,0.182342,0.0922737,0.00345475,-0.276006,-3.22862,10.0536,10.5629,0,3.87882
11.14,pitch +10,-0.0206237,0.199949,-0.0645332,0.144014,0,0.174533,0.179159,-0.0967956,2.71762e-05,90.2169,90.3569,133.149,6.89598,nan,0.267227,0.267765,0.26658,0.267867,0.266715,0.267765,0.266715,0.26658,0.267867,1,0,0.0665062,0,8.77952e-05,0.000450488,0.00102734,0.177344,0.0913591,0,0,0,0.185729,0.090869,0.00983249,-0.265216,-3.38762,10.1664,10.7192,0,3.97764
11.15,pitch +10,-0.0188359,0.200917,-0.0645226,0.144063,0,0.174533,0.179107,-0.0967886,0.000409316,90.2158,90.3558,133.218,6.90031,nan,0.267127,0.267102,0.26716,0.266902,0.267364,0.267102,0.267364,0.26716,0.266902,1,0,0.0664093,0,0.00107255,6.36935e-06,-0.000228884,0.177139,0.0912093,0,0,0,0.178044,0.0942332,0.0115172,-0.251502,-3.31833,10.1007,10.6347,0,4.07932
11.16,pitch +10,-0.0170499,0.201884,-0.0645036,0.144118,0,0.174533,0.179094,-0.0968197,0.00100584,90.2148,90.3548,133.286,6.90462,nan,0.267031,0.266867,0.26711,0.266965,0.267201,0.266867,0.267201,0.26711,0.266965,1,0,0.0663267,0,-1.97169e-05,0.000358879,-0.000210777,0.17695,0.0910178,0,0,0,0.184364,0.0943317,0.00341316,-0.0507405,-3.23702,10.1284,10.6333,0,4.18108
11.17,pitch +10,-0.0152632,0.202852,-0.0644893,0.144179,0,0.174533,0.179142,-0.0968076,0.0003618,90.2139,90.3539,133.355,6.90894,nan,0.266938,0.265181,0.268701,0.265216,0.268671,0.265181,0.268671,0.268701,0.265216,1,0,0.0662439,0,-0.00017221,9.28896e-06,-0.00306542,0.176759,0.0908419,0,0,0,0.195386,0.0921103,0.010557,-0.225298,-3.27282,10.1888,10.7039,0,4.2832
11.18,pitch +10,-0.0134769,0.20382,-0.0644537,0.144212,0,0.174533,0.179065,-0.0967704,0.00157221,90.2129,90.3529,133.424,6.91326,nan,0.266847,0.266378,0.267287,0.266288,0.267453,0.266378,0.267453,0.267287,0.266288,1,0,0.0661503,0,0.000677321,0.000142589,-0.000911601,0.176478,0.0907428,0,0,0,0.185081,0.0912958,-0.00786674,-0.302928,-3.24117,10.0753,10.5882,0,4.38627
11.19,pitch +10,-0.0116931,0.204787,-0.0644228,0.144257,0,0.174533,0.178892,-0.0966257,0.00109452,90.2119,90.3519,133.494,6.91758,nan,0.266759,0.266889,0.266634,0.266923,0.266608,0.266889,0.266608,0.266634,0.266923,1,0,0.0660673,0,-0.000159728,1.58779e-05,0.000249959,0.176208,0.0906093,0,0,0,0.181546,0.0964758,-0.00133399,-0.271221,-3.35538,10.1502,10.6939,0,4.489
11.2,pitch +10,-0.0099099,0.205752,-0.0643764,0.144285,0,0.174533,0.17865,-0.0964668,0.00125199,90.211,90.351,133.563,6.9219,nan,0.266674,0.267908,0.265012,0.268283,0.26551,0.267908,0.26551,0.265012,0.268283,1,0,0.0659553,0,0.000327932,0.0016533,0.00249169,0.175895,0.0905029,0,0,0,0.174751,0.0917162,0.00492287,-0.184644,-3.24971,10.087,10.5991,0,4.59221
11.21,pitch +10,-0.00812805,0.206716,-0.0643696,0.144347,0,0.174533,0.178357,-0.0963599,0.000751436,90.2101,90.3501,133.632,6.92622,nan,0.266591,0.267484,0.265938,0.266867,0.266093,0.267484,0.266093,0.265938,0.266867,1,0,0.0658721,0,0.0020472,-0.00087495,0.0010199,0.17572,0.0903187,0,0,0,0.179562,0.0992953,0.00474587,-0.191636,-3.13264,10.1377,10.6124,0,4.69565
11.22,pitch +10,-0.00634705,0.207679,-0.0643808,0.144382,0,0.174533,0.178097,-0.0961421,-0.000587721,90.2092,90.3492,133.702,6.93054,nan,0.26651,0.265952,0.267375,0.265521,0.26721,0.265952,0.26721,0.267375,0.265521,1,0,0.0658178,0,0.000706031,-0.00113053,-0.00136788,0.175593,0.0901836,0,0,0,0.180107,0.0837144,-0.00682334,-0.19908,-3.1582,10.2444,10.722,0,4.80115
11.23,pitch +10,-0.00456877,0.208639,-0.0644003,0.144421,0,0.174533,0.177724,-0.0958292,0.000452458,90.2083,90.3483,133.771,6.93485,nan,0.266431,0.266145,0.266942,0.266056,0.266598,0.266145,0.266598,0.266942,0.266056,1,0,0.0657634,0,-0.000675526,-0.000820576,-0.000589096,0.175477,0.0900862,0,0,0,0.172571,0.0899934,0.00337999,-0.2993,-3.25666,10.0307,10.5503,0,4.90698
11.24,pitch +10,-0.00279503,0.209595,-0.0643903,0.144455,0,0.174533,0.177373,-0.095428,0.000191241,90.2074,90.3474,133.84,6.93917,nan,0.266354,0.265763,0.266888,0.265224,0.267556,0.265763,0.267556,0.266888,0.265224,1,0,0.065709,0,0.00320268,0.000243186,-0.00151925,0.17531,0.0899764,0,0,0,0.186372,0.0912731,0.00439789,-0.288263,-3.20195,10.173,10.6689,0,5.01186
11.25,pitch +10,-0.00102386,0.210548,-0.0643653,0.144466,0,0.174533,0.177092,-0.0950473,0.000587496,90.2066,90.3466,133.909,6.94353,nan,0.266278,0.266918,0.26586,0.266458,0.265889,0.266918,0.265889,0.26586,0.266458,1,0,0.0656182,0,0.00129941,-0.00081571,0.000715141,0.17507,0.0899343,0,0,0,0.182478,0.0898066,0.0113611,-0.246554,-3.21985,10.1617,10.6625,0,5.11711
11.26,pitch +10,0.000743974,0.211496,-0.0643557,0.144484,0,0.174533,0.176771,-0.0946398,0.00130312,90.2058,90.3458,133.979,6.94789,nan,0.266203,0.265772,0.266783,0.26583,0.266441,0.265772,0.266441,0.266783,0.26583,1,0,0.0655637,0,-0.00106215,-0.000538656,-0.000713009,0.174908,0.0898706,0,0,0,0.183665,0.0912582,0.0060991,-0.163401,-3.23881,10.1203,10.6272,0,5.22295
11.27,pitch +10,0.00250741,0.212441,-0.0643584,0.144532,0,0.174533,0.176392,-0.0942083,0.00136675,90.2049,90.3449,134.049,6.95226,nan,0.26613,0.266054,0.265969,0.266347,0.266163,0.266054,0.266163,0.265969,0.266347,1,0,0.0654836,0,-0.000262988,0.000922451,0.00011775,0.174745,0.0897214,0,0,0,0.175115,0.0976805,-0.00414375,-0.139843,-3.10217,10.2481,10.7083,0,5.32758
11.28,pitch +10,0.00426696,0.213381,-0.0643745,0.144553,0,0.174533,0.175932,-0.0938697,0.00168557,90.2041,90.3441,134.118,6.95666,nan,0.266058,0.266321,0.265524,0.266598,0.265802,0.266321,0.265802,0.265524,0.266598,1,0,0.0654472,0,3.3599e-06,0.00105064,0.000699969,0.174619,0.0896633,0,0,0,0.168646,0.0966802,-0.00371524,-0.276385,-3.10348,10.0906,10.5607,0,5.4338
11.29,pitch +10,0.00602249,0.214319,-0.0643793,0.144557,0,0.174533,0.175582,-0.0936511,0.00136556,90.2033,90.3433,134.188,6.96109,nan,0.265988,0.265675,0.266364,0.265394,0.266532,0.265675,0.266532,0.266364,0.265394,1,0,0.0653998,0,0.00119202,-0.000212805,-0.000803008,0.174483,0.0896438,0,0,0,0.173558,0.0915412,0.00424095,-0.308003,-3.15312,10.0928,10.5783,0,5.5403
11.3,pitch +10,0.00777513,0.215255,-0.0643962,0.144544,0,0.174533,0.175306,-0.0935072,0.00199383,90.2026,90.3426,134.257,6.96555,nan,0.265919,0.265424,0.265969,0.265769,0.266527,0.265424,0.266527,0.265969,0.265769,1,0,0.0653633,0,0.000565998,0.00171058,-0.000572993,0.174379,0.089681,0,0,0,0.171124,0.0940277,-0.000275249,-0.262137,-3.25305,10.119,10.6323,0,5.64804
11.31,pitch +10,0.0095248,0.21619,-0.0643869,0.144534,0,0.174533,0.175115,-0.0934808,0.00130381,90.2018,90.3418,134.327,6.97007,nan,0.265852,0.266102,0.265431,0.266391,0.265498,0.266102,0.265498,0.265431,0.266391,1,0,0.0653195,0,-0.000585298,0.000674931,0.000687205,0.174201,0.0896849,0,0,0,0.1781,0.0847275,0.00389015,-0.207604,-3.19717,10.1242,10.619,0,5.75446
11.32,pitch +10,0.0112736,0.217124,-0.064379,0.144516,0,0.174533,0.174861,-0.0934841,0.00234152,90.201,90.341,134.397,6.97464,nan,0.265787,0.267349,0.264425,0.266902,0.264484,0.267349,0.264484,0.264425,0.266902,1,0,0.065283,0,0.0013376,-0.000734973,0.00234791,0.174042,0.0897287,0,0,0,0.185378,0.0848285,0.00675549,-0.156683,-3.14259,10.0806,10.5603,0,5.86156
11.33,pitch +10,0.0130198,0.218059,-0.0643786,0.144507,0,0.174533,0.174633,-0.0934703,0.00121013,90.2003,90.3403,134.467,6.97922,nan,0.265723,0.265751,0.265987,0.265973,0.265194,0.265751,0.265194,0.265987,0.265973,1,0,0.0652245,0,-0.00269278,-0.00108359,0.000239028,0.173867,0.0897586,0,0,0,0.180394,0.0939749,-0.00184377,-0.160186,-3.0553,10.1582,10.609,0,5.96833
11.34,pitch +10,0.0147661,0.218994,-0.0643895,0.144518,0,0.174533,0.174498,-0.093394,0.00100158,90.1996,90.3396,134.536,6.98386,nan,0.265661,0.265151,0.266223,0.265593,0.265691,0.265151,0.265691,0.266223,0.265593,1,0,0.0651916,0,-0.00258446,-0.000171085,-0.000514876,0.173744,0.0897269,0,0,0,0.191686,0.0884465,0.0129138,-0.320541,-3.11841,10.1593,10.632,0,6.07483
11.35,pitch +10,0.0165131,0.219928,-0.0644088,0.1445,0,0.174533,0.174683,-0.0935014,0.00039451,90.1989,90.3389,134.606,6.98854,nan,0.265603,0.265415,0.265684,0.265692,0.265632,0.265415,0.265632,0.265684,0.265692,1,0,0.0651624,0,-0.000871631,0.000425753,-9.13211e-05,0.173617,0.0897718,0,0,0,0.175862,0.0834092,-0.00288748,-0.386246,-3.11401,10.1581,10.6317,0,6.18312
11.36,pitch +10,0.0182655,0.220863,-0.064403,0.144492,0,0.174533,0.175308,-0.0936047,0.000167561,90.1981,90.3381,134.676,6.9932,nan,0.265548,0.265543,0.265115,0.265783,0.265763,0.265543,0.265763,0.265115,0.265783,1,0,0.0651038,0,0.00108128,0.00168458,0.000197049,0.173442,0.0897967,0,0,0,0.1798,0.0895516,-0.00597024,-0.317846,-3.2128,10.258,10.7541,0,6.29023
11.37,pitch +10,0.0200248,0.221801,-0.0643907,0.144486,0,0.174533,0.176016,-0.0939901,0.000592334,90.1975,90.3375,134.746,6.99786,nan,0.265498,0.265297,0.265439,0.265852,0.265416,0.265297,0.265416,0.265439,0.265852,1,0,0.0650598,0,-0.00153175,0.001009,0.00012884,0.173252,0.0898095,0,0,0,0.175729,0.0942093,0.0087197,-0.242401,-3.16639,10.0842,10.5724,0,6.39774
11.38,pitch +10,0.0217905,0.222743,-0.0643651,0.144466,0,0.174533,0.176495,-0.09431,0.00103115,90.1968,90.3368,134.816,7.00253,nan,0.265454,0.264487,0.266352,0.26476,0.266225,0.264487,0.266225,0.266352,0.26476,1,0,0.0650048,0,-0.00106011,0.000276384,-0.00146352,0.173052,0.0898564,0,0,0,0.18779,0.0961083,0.00644413,-0.161151,-3.10011,10.1341,10.5989,0,6.50584
11.39,pitch +10,0.0235577,0.223687,-0.0643442,0.144464,0,0.174533,0.17677,-0.0945166,0.00208487,90.1961,90.3361,134.886,7.00718,nan,0.265415,0.265187,0.265633,0.265356,0.26549,0.265187,0.26549,0.265633,0.265356,1,0,0.0649388,0,-0.000829981,5.05857e-05,-0.000254783,0.172836,0.0898493,0,0,0,0.181805,0.0981707,-0.000190695,-0.156934,-2.89338,10.1223,10.5289,0,6.61372
11.4,pitch +10,0.025327,0.224633,-0.0643272,0.144478,0,0.174533,0.176893,-0.0946646,0.00167354,90.1954,90.3354,134.956,7.01181,nan,0.265379,0.266021,0.264676,0.266413,0.264414,0.266021,0.264414,0.264676,0.266413,1,0,0.0648653,0,-0.00173668,0.000246434,0.00146996,0.172617,0.0898089,0,0,0,0.181046,0.0945397,0.00826952,-0.234931,-3.00157,10.1601,10.5968,0,6.72125
11.41,pitch +10,0.0270994,0.22558,-0.0643317,0.144457,0,0.174533,0.176911,-0.0946936,0.000578305,90.1948,90.3348,135.026,7.01644,nan,0.265349,0.264912,0.266,0.26479,0.265698,0.264912,0.265698,0.266,0.26479,1,0,0.0648359,0,-0.000478103,-0.000801701,-0.000877008,0.172453,0.089894,0,0,0,0.177819,0.104206,0.00279621,-0.402039,-3.03357,10.179,10.6291,0,6.8311
11.42,pitch +10,0.0288726,0.226527,-0.0642899,0.144416,0,0.174533,0.176935,-0.0947269,0.00123113,90.1941,90.3341,135.097,7.02108,nan,0.265321,0.263878,0.266397,0.264048,0.266968,0.263878,0.266968,0.266397,0.264048,1,0,0.0647733,0,0.00106415,0.0014047,-0.00239047,0.172197,0.0899839,0,0,0,0.188964,0.0940045,0.000628613,-0.267133,-3.02068,10.143,10.5866,0,6.94014
11.43,pitch +10,0.0306449,0.227475,-0.0642741,0.144409,0,0.174533,0.176906,-0.0948005,0.000859264,90.1935,90.3335,135.167,7.02572,nan,0.265298,0.264461,0.266044,0.265117,0.265574,0.264461,0.265574,0.266044,0.265117,1,0,0.0646996,0,-0.00298943,0.000352369,-0.000896328,0.171962,0.0899875,0,0,0,0.182254,0.0785118,0.00185807,-0.345997,-3.16843,10.1385,10.6277,0,7.04873
11.44,pitch +10,0.0324183,0.228422,-0.0642514,0.144395,0,0.174533,0.17683,-0.0947705,0.0013861,90.1928,90.3328,135.237,7.03035,nan,0.265278,0.265335,0.265283,0.265052,0.265445,0.265335,0.265445,0.265283,0.265052,1,0,0.0646406,0,0.00118092,-0.000230038,-0.000149621,0.171735,0.0900344,0,0,0,0.173383,0.08896,0.0041182,-0.302856,-3.10652,10.2057,10.6723,0,7.15778
11.45,pitch +10,0.0341899,0.22937,-0.0642152,0.144381,0,0.174533,0.176728,-0.0947278,0.00170842,90.1922,90.3322,135.307,7.03497,nan,0.265261,0.266589,0.264327,0.266358,0.263772,0.266589,0.263772,0.264327,0.266358,1,0,0.0645742,0,-0.000858672,-0.00148929,0.00213087,0.171493,0.090069,0,0,0,0.18272,0.0914814,0.00261134,-0.229648,-3.13256,10.142,10.6172,0,7.26622
11.46,pitch +10,0.0359611,0.230316,-0.0641848,0.144407,0,0.174533,0.176529,-0.0946295,0.00120688,90.1915,90.3315,135.378,7.03959,nan,0.265246,0.265972,0.265024,0.265137,0.264855,0.265972,0.264855,0.265024,0.265137,1,0,0.0644929,0,0.00176669,-0.00190341,0.000540513,0.171252,0.0899839,0,0,0,0.182162,0.0954476,-0.00119577,-0.223374,-3.02981,10.1158,10.5621,0,7.37333
11.47,pitch +10,0.0377306,0.231262,-0.0641522,0.144403,0,0.174533,0.176326,-0.0944626,0.000793948,90.1909,90.3309,135.448,7.0442,nan,0.265235,0.264484,0.266155,0.26454,0.265763,0.264484,0.265763,0.266155,0.26454,1,0,0.0644115,0,-0.00118946,-0.000638458,-0.00127218,0.17099,0.0900029,0,0,0,0.176601,0.105704,-0.00455862,-0.215964,-2.95641,10.1319,10.5567,0,7.48137
11.48,pitch +10,0.039499,0.232205,-0.0641306,0.144397,0,0.174533,0.176084,-0.094306,0.00112951,90.1903,90.3303,135.519,7.04882,nan,0.265226,0.264888,0.265718,0.264971,0.265329,0.264888,0.265329,0.265718,0.264971,1,0,0.0643411,0,-0.00125176,-0.000581902,-0.000521986,0.170766,0.0900076,0,0,0,0.172188,0.101396,-0.00188844,-0.228922,-2.97748,10.2012,10.6293,0,7.58992
11.49,pitch +10,0.041265,0.233148,-0.0641286,0.144398,0,0.174533,0.175771,-0.0941993,0.00103749,90.1896,90.3296,135.589,7.05346,nan,0.26522,0.265263,0.265065,0.265703,0.264848,0.265263,0.264848,0.265065,0.265703,1,0,0.0643115,0,-0.00174454,0.000421544,0.000462801,0.170603,0.089982,0,0,0,0.179703,0.08699,-0.0032072,-0.286911,-2.96441,10.2192,10.6443,0,7.69877
11.5,pitch +10,0.0430271,0.234089,-0.0641159,0.144383,0,0.174533,0.175417,-0.0941799,0.00205197,90.189,90.329,135.66,7.05812,nan,0.265216,0.265593,0.264921,0.265512,0.264836,0.265593,0.264836,0.264921,0.265512,1,0,0.0642595,0,-9.79809e-06,-0.000314132,0.000592129,0.170412,0.0900337,0,0,0,0.181302,0.0937704,-0.00135041,-0.314185,-2.9361,10.1076,10.5301,0,7.80782
11.51,pitch +10,0.0447847,0.235031,-0.064144,0.144368,0,0.174533,0.17501,-0.0942024,0.0020653,90.1884,90.3284,135.73,7.06277,nan,0.265214,0.264045,0.266608,0.263925,0.266277,0.264045,0.266277,0.266608,0.263925,1,0,0.0642484,0,-0.000561776,-0.000856299,-0.00216031,0.170341,0.0900788,0,0,0,0.184554,0.0982003,-0.00868299,-0.324356,-2.99833,10.2302,10.6655,0,7.91843
11.52,pitch +10,0.0465386,0.235973,-0.064139,0.144337,0,0.174533,0.17469,-0.0942278,0.00177172,90.1877,90.3277,135.801,7.06745,nan,0.265214,0.264191,0.265773,0.265003,0.265888,0.264191,0.265888,0.265773,0.265003,1,0,0.0641927,0,-0.00185129,0.001756,-0.00108412,0.17015,0.0901434,0,0,0,0.175533,0.0887921,0.00330726,-0.256156,-2.93347,10.2123,10.6283,0,8.02804
11.53,pitch +10,0.0482897,0.236916,-0.0641325,0.144287,0,0.174533,0.17425,-0.0943387,0.00166789,90.1871,90.3271,135.872,7.07213,nan,0.265216,0.26555,0.264511,0.265782,0.265021,0.26555,0.265021,0.264511,0.265782,1,0,0.0641555,0,0.000740593,0.00140616,0.000791204,0.16996,0.0902796,0,0,0,0.173754,0.0828299,0.00318302,-0.284644,-2.95596,10.2686,10.6894,0,8.13821
11.54,pitch +10,0.0500379,0.23786,-0.0641281,0.144244,0,0.174533,0.173698,-0.0945496,0.000736192,90.1865,90.3265,135.942,7.07683,nan,0.26522,0.26547,0.265198,0.265377,0.264835,0.26547,0.264835,0.265198,0.265377,1,0,0.0641258,0,-0.000713611,-0.000863703,0.000357651,0.169786,0.0904198,0,0,0,0.184386,0.0889862,0.00167027,-0.378597,-2.91506,10.1552,10.5721,0,8.24803
11.55,pitch +10,0.0517823,0.238805,-0.0641227,0.144232,0,0.174533,0.17321,-0.0946639,0.00094105,90.1858,90.3258,136.013,7.08155,nan,0.265226,0.265877,0.264624,0.266086,0.264317,0.265877,0.264317,0.264624,0.266086,1,0,0.0640812,0,-0.00137064,-0.000184486,0.00132815,0.169605,0.090459,0,0,0,0.181821,0.0964373,-0.00140353,-0.381258,-2.95653,10.2797,10.7032,0,8.35666
11.56,pitch +10,0.0535214,0.239751,-0.064147,0.144199,0,0.174533,0.172665,-0.0947713,0.0013592,90.1852,90.3252,136.084,7.0863,nan,0.265234,0.266164,0.264266,0.266402,0.264103,0.266164,0.264103,0.264266,0.266402,1,0,0.06407,0,-0.00106096,0.000142016,0.00184493,0.169518,0.0905399,0,0,0,0.179942,0.0928993,0.0022379,-0.276457,-3.01162,10.2725,10.7085,0,8.46726
11.57,pitch +10,0.0552558,0.240699,-0.0641503,0.144194,0,0.174533,0.172103,-0.0949169,0.000554089,90.1845,90.3245,136.155,7.09108,nan,0.265244,0.265697,0.265143,0.26487,0.265262,0.265697,0.265262,0.265143,0.26487,1,0,0.0640104,0,0.00250918,-0.0013404,7.09537e-05,0.169357,0.090531,0,0,0,0.180465,0.0810815,0.00530821,-0.261321,-3.0239,10.1679,10.6112,0,8.57558
11.58,pitch +10,0.0569856,0.241647,-0.064197,0.144173,0,0.174533,0.17164,-0.0949253,0.00129751,90.1839,90.3239,136.226,7.09586,nan,0.265255,0.264527,0.265794,0.264324,0.266373,0.264527,0.266373,0.265794,0.264324,1,0,0.0640328,0,0.00207266,0.000711116,-0.00145782,0.169359,0.0905875,0,0,0,0.189408,0.083885,0.00601024,-0.273773,-2.901,10.1401,10.5505,0,8.68648
11.59,pitch +10,0.05871,0.242596,-0.0642484,0.144138,0,0.174533,0.171413,-0.0950277,0.00229213,90.1833,90.3233,136.297,7.10064,nan,0.265268,0.266072,0.264365,0.265983,0.264647,0.266072,0.264647,0.264365,0.265983,1,0,0.0640439,0,0.000981426,0.000366788,0.00133727,0.169329,0.0907039,0,0,0,0.171561,0.0945361,0.00392498,-0.31669,-2.90745,10.1878,10.5993,0,8.79799
11.6,pitch +10,0.0604335,0.243546,-0.0642826,0.144113,0,0.174533,0.171321,-0.0951547,0.0010741,90.1826,90.3226,136.368,7.10546,nan,0.265282,0.264986,0.265624,0.264884,0.265631,0.264986,0.265631,0.265624,0.264884,1,0,0.0640514,0,0.000286582,-0.000179267,-0.000608788,0.169303,0.0907589,0,0,0,0.186314,0.0923869,0.00922869,-0.251671,-2.82069,10.1214,10.5101,0,8.90838
11.61,pitch +10,0.0621572,0.244497,-0.0643155,0.1441,0,0.174533,0.171266,-0.0952733,0.00159109,90.182,90.322,136.439,7.11031,nan,0.265298,0.265405,0.265397,0.265047,0.265338,0.265405,0.265338,0.265397,0.265047,1,0,0.0640328,0,0.000791845,-0.000791694,-0.000124129,0.16923,0.0907938,0,0,0,0.184398,0.0942315,-0.00404951,-0.268881,-2.85904,10.2231,10.6187,0,9.01813
11.62,pitch +10,0.0638809,0.24545,-0.0643416,0.144058,0,0.174533,0.171226,-0.0954032,0.0019719,90.1813,90.3213,136.51,7.11519,nan,0.265315,0.26456,0.265884,0.26443,0.266383,0.26456,0.266383,0.265884,0.26443,1,0,0.0640179,0,0.00166759,0.000698086,-0.00144054,0.169136,0.0908999,0,0,0,0.171232,0.0911425,0.00208599,-0.210062,-2.81177,10.3031,10.682,0,9.1289
11.63,pitch +10,0.065602,0.246404,-0.0643595,0.144016,0,0.174533,0.171138,-0.0955419,0.00276346,90.1807,90.3207,136.581,7.12011,nan,0.265334,0.265791,0.264772,0.26565,0.265118,0.265791,0.265118,0.264772,0.26565,1,0,0.0639918,0,0.00129228,0.000390528,0.000681922,0.16903,0.091033,0,0,0,0.176093,0.0979341,0.0106152,-0.260428,-2.74965,10.2234,10.5899,0,9.23925
11.64,pitch +10,0.0673236,0.24736,-0.0643763,0.143971,0,0.174533,0.171091,-0.0957238,0.00207798,90.18,90.32,136.652,7.12508,nan,0.265354,0.264612,0.266293,0.2646,0.265907,0.264612,0.265907,0.266293,0.2646,1,0,0.0639955,0,-0.000990886,-0.000755536,-0.00131295,0.168938,0.0911492,0,0,0,0.1804,0.0881574,0.000176522,-0.311139,-2.73254,10.2514,10.6139,0,9.35
11.65,pitch +10,0.0690446,0.248317,-0.0644007,0.143928,0,0.174533,0.171056,-0.0958032,0.00258684,90.1793,90.3193,136.724,7.13009,nan,0.265375,0.264794,0.265998,0.264956,0.265748,0.264794,0.265748,0.265998,0.264956,1,0,0.0639843,0,-0.00109273,-0.000167704,-0.000877227,0.168822,0.0912846,0,0,0,0.16272,0.10174,-0.00485545,-0.271593,-2.7092,10.259,10.6141,0,9.46075
11.66,pitch +10,0.0707657,0.249275,-0.0644354,0.143898,0,0.174533,0.170999,-0.095878,0.00200455,90.1787,90.3187,136.795,7.13513,nan,0.265398,0.265669,0.265294,0.265692,0.264933,0.265669,0.264933,0.265294,0.265692,1,0,0.0639843,0,-0.00101855,-0.000640378,0.000498656,0.168777,0.0913698,0,0,0,0.178734,0.1001,0.00184401,-0.268184,-2.80167,10.1851,10.5668,0,9.57145
11.67,pitch +10,0.0724889,0.250232,-0.0644594,0.143871,0,0.174533,0.170902,-0.0959569,0.000986402,90.178,90.318,136.866,7.14022,nan,0.265422,0.264649,0.266059,0.265111,0.265863,0.264649,0.265863,0.266059,0.265111,1,0,0.063962,0,-0.00174525,0.000504233,-0.000949921,0.16867,0.0914392,0,0,0,0.166286,0.095089,-9.33325e-05,-0.315468,-2.75629,10.2164,10.5864,0,9.6818
11.68,pitch +10,0.0742125,0.251191,-0.0645007,0.14383,0,0.174533,0.170771,-0.095998,0.0013489,90.1773,90.3173,136.938,7.14536,nan,0.265447,0.264789,0.266145,0.264853,0.265997,0.264789,0.265997,0.266145,0.264853,1,0,0.0639508,0,-0.000561933,-0.000159913,-0.00109844,0.16862,0.0915429,0,0,0,0.162345,0.084152,-0.000110553,-0.360622,-2.77519,10.2131,10.5896,0,9.79329
11.69,pitch +10,0.0759349,0.252149,-0.0645308,0.143795,0,0.174533,0.170601,-0.0960168,0.000488541,90.1767,90.3167,137.009,7.15054,nan,0.265474,0.263609,0.267337,0.263704,0.267239,0.263609,0.267239,0.267337,0.263704,1,0,0.063962,0,-0.000511844,-5.82761e-06,-0.00319198,0.168558,0.0916592,0,0,0,0.172623,0.093949,0.0106458,-0.403759,-2.78474,10.2347,10.6145,0,9.90404
11.7,pitch +10,0.0776554,0.253108,-0.0645265,0.143736,0,0.174533,0.170364,-0.096123,0.00162555,90.176,90.316,137.081,7.15577,nan,0.265501,0.264841,0.265595,0.265499,0.266065,0.264841,0.266065,0.265595,0.265499,1,0,0.0639433,0,-0.000497487,0.0021364,-0.000580059,0.168401,0.091818,0,0,0,0.176815,0.0858661,0.00393116,-0.407591,-2.79359,10.2553,10.6368,0,10.0144
11.71,pitch +10,0.0793734,0.254068,-0.0645723,0.143681,0,0.174533,0.170079,-0.0963133,0.00137448,90.1753,90.3153,137.152,7.16105,nan,0.26553,0.265533,0.265271,0.265439,0.265871,0.265533,0.265871,0.265271,0.265439,1,0,0.0639545,0,0.00183967,0.000958168,-7.45743e-05,0.168362,0.0919813,0,0,0,0.172069,0.0934537,-0.00695562,-0.343746,-2.85818,10.2875,10.6827,0,10.1263
11.72,pitch +10,0.0810898,0.25503,-0.0645989,0.143637,0,0.174533,0.169957,-0.096498,0.00183272,90.1746,90.3146,137.224,7.16635,nan,0.26556,0.265185,0.265571,0.265093,0.266385,0.265185,0.266385,0.265571,0.265093,1,0,0.0639582,0,0.00240294,0.00136665,-0.000737334,0.168304,0.0920933,0,0,0,0.178522,0.0897756,0.00169811,-0.292378,-2.79734,10.3147,10.6913,0,10.2374
11.73,pitch +10,0.0828043,0.255995,-0.064608,0.143574,0,0.174533,0.169976,-0.0967173,0.00220782,90.1739,90.3139,137.296,7.17168,nan,0.265591,0.266362,0.264679,0.266878,0.26444,0.266362,0.26444,0.264679,0.266878,1,0,0.0639508,0,-0.00200068,0.000526816,0.001811,0.168159,0.092282,0,0,0,0.173878,0.0868647,-0.000247541,-0.393822,-2.8592,10.3066,10.7031,0,10.3483
11.74,pitch +10,0.0845198,0.256961,-0.0646263,0.143531,0,0.174533,0.169875,-0.096937,0.00201912,90.1732,90.3132,137.368,7.17705,nan,0.265623,0.265286,0.265627,0.265567,0.266006,0.265286,0.266006,0.265627,0.265567,1,0,0.0639321,0,0.000260726,0.00124957,-0.000342627,0.168051,0.0924006,0,0,0,0.168968,0.0882404,0.00294285,-0.334581,-2.87018,10.2692,10.668,0,10.459
11.75,pitch +10,0.0862341,0.25793,-0.0646592,0.14349,0,0.174533,0.169766,-0.0972109,0.00213908,90.1724,90.3124,137.439,7.18244,nan,0.265656,0.266096,0.26514,0.266082,0.265301,0.266096,0.265301,0.26514,0.266082,1,0,0.0639433,0,0.000464483,0.000277267,0.00076307,0.167997,0.0925236,0,0,0,0.167275,0.0910473,0.000346075,-0.369329,-2.84504,10.2663,10.6596,0,10.5705
11.76,pitch +10,0.0879484,0.258902,-0.0647079,0.14345,0,0.174533,0.16977,-0.0974969,0.00268031,90.1717,90.3117,137.511,7.18783,nan,0.265691,0.265934,0.265377,0.265886,0.265559,0.265934,0.265559,0.265377,0.265886,1,0,0.0639582,0,0.000608889,0.000252338,0.000388565,0.168013,0.092623,0,0,0,0.188052,0.0890156,3.0755e-05,-0.329234,-2.74826,10.2565,10.6234,0,10.6824
11.77,pitch +10,0.0896635,0.259877,-0.0647543,0.143385,0,0.174533,0.16993,-0.0978607,0.00193949,90.171,90.311,137.583,7.19326,nan,0.265726,0.265745,0.265465,0.265716,0.265972,0.265745,0.265972,0.265465,0.265716,1,0,0.0639769,0,0.00142032,0.000906084,1.06438e-05,0.167976,0.0928228,0,0,0,0.183481,0.0908765,-0.00134916,-0.4357,-2.74523,10.3394,10.7065,0,10.7954
11.78,pitch +10,0.091384,0.260854,-0.0647952,0.143351,0,0.174533,0.170203,-0.0982353,0.00148278,90.1702,90.3102,137.655,7.19874,nan,0.265762,0.265903,0.265754,0.265365,0.26602,0.265903,0.26602,0.265754,0.265365,1,0,0.0639769,0,0.00213232,-0.000513313,-0.00022233,0.167924,0.0929189,0,0,0,0.166728,0.0988384,0.00136,-0.300753,-2.80044,10.2609,10.6404,0,10.9073
11.79,pitch +10,0.093107,0.261836,-0.0647793,0.143307,0,0.174533,0.170434,-0.0985904,0.00221192,90.1695,90.3095,137.727,7.20426,nan,0.2658,0.265147,0.266308,0.265274,0.266463,0.265147,0.266463,0.266308,0.265274,1,0,0.0639433,0,7.63132e-05,0.000532743,-0.00103263,0.167744,0.0930326,0,0,0,0.181357,0.0914029,-0.00750446,-0.323871,-2.76555,10.2865,10.6567,0,11.0174
11.8,pitch +10,0.0948313,0.262821,-0.0647973,0.143257,0,0.174533,0.170534,-0.0989568,0.00157972,90.1687,90.3087,137.799,7.20983,nan,0.265838,0.266283,0.265653,0.266123,0.265285,0.266283,0.265285,0.265653,0.266123,1,0,0.0639321,0,-0.000552713,-0.00100201,0.000645691,0.167616,0.0931534,0,0,0,0.166065,0.0829623,0.00327892,-0.255036,-2.67494,10.179,10.5277,0,11.1293
11.81,pitch +10,0.0965584,0.263808,-0.0648028,0.143226,0,0.174533,0.170505,-0.0991772,0.0011113,90.168,90.308,137.871,7.21544,nan,0.265877,0.265686,0.265989,0.265597,0.266229,0.265686,0.266229,0.265989,0.265597,1,0,0.063906,0,0.000871235,0.000285555,-0.000411188,0.167497,0.0932464,0,0,0,0.189702,0.087711,0.00366529,-0.359137,-2.59899,10.2792,10.6087,0,11.24
11.82,pitch +10,0.0982867,0.264797,-0.064796,0.143194,0,0.174533,0.170537,-0.0992847,0.00142469,90.1672,90.3072,137.943,7.22111,nan,0.265918,0.265436,0.26634,0.265495,0.266391,0.265436,0.266391,0.26634,0.265495,1,0,0.063865,0,-2.02094e-05,0.000207224,-0.000791321,0.167312,0.0933465,0,0,0,0.183813,0.0958052,0.013482,-0.266775,-2.69555,10.2234,10.5762,0,11.3504
11.83,pitch +10,0.100014,0.265788,-0.0648292,0.143177,0,0.174533,0.170557,-0.0994412,0.00162266,90.1664,90.3064,138.016,7.22682,nan,0.265959,0.267218,0.264993,0.266287,0.26533,0.267218,0.26533,0.264993,0.266287,1,0,0.0638575,0,0.00336257,-0.00112489,0.00139843,0.167239,0.0933867,0,0,0,0.17415,0.0965126,0.0107295,-0.242854,-2.67523,10.2493,10.5954,0,11.4621
11.84,pitch +10,0.101744,0.266779,-0.0648214,0.143157,0,0.174533,0.170621,-0.0994372,0.00201942,90.1656,90.3056,138.088,7.2326,nan,0.266001,0.266818,0.265413,0.266484,0.265281,0.266818,0.265281,0.265413,0.266484,1,0,0.0638015,0,0.000538826,-0.000882049,0.00114637,0.16706,0.0934436,0,0,0,0.174119,0.0954866,0.0037445,-0.306984,-2.69375,10.2574,10.6096,0,11.5723
11.85,pitch +10,0.103474,0.267769,-0.0647955,0.143116,0,0.174533,0.170555,-0.0993342,0.00142758,90.1649,90.3049,138.16,7.23844,nan,0.266044,0.266596,0.26551,0.266618,0.265444,0.266596,0.265444,0.26551,0.266618,1,0,0.0637641,0,-0.000234027,-8.19939e-05,0.000993134,0.166836,0.0935462,0,0,0,0.18018,0.0876343,-0.00474415,-0.268727,-2.7488,10.2346,10.6007,0,11.6823
11.86,pitch +10,0.105203,0.268758,-0.0647771,0.143047,0,0.174533,0.170384,-0.0992372,0.00205473,90.1641,90.3041,138.233,7.24433,nan,0.266088,0.266085,0.265946,0.266598,0.265716,0.266085,0.265716,0.265946,0.266598,1,0,0.0637454,0,-0.00197251,0.000536984,0.000448811,0.166643,0.0937387,0,0,0,0.181341,0.0913435,0.00175723,-0.276444,-2.55608,10.3417,10.6565,0,11.7938
11.87,pitch +10,0.106928,0.269747,-0.0647501,0.14301,0,0.174533,0.170135,-0.0992361,0.00337072,90.1632,90.3032,138.305,7.25028,nan,0.266134,0.266232,0.266352,0.266207,0.265734,0.266232,0.265734,0.266352,0.266207,1,0,0.0636855,0,-0.00157476,-0.00121857,0.000154641,0.1664,0.0938569,0,0,0,0.17339,0.0970913,-0.00540694,-0.296286,-2.64986,10.2999,10.6394,0,11.9036
11.88,pitch +10,0.108648,0.270737,-0.0647672,0.142979,0,0.174533,0.169726,-0.0992514,0.00319698,90.1624,90.3024,138.378,7.25626,nan,0.266179,0.264766,0.267615,0.264651,0.267676,0.264766,0.267676,0.267615,0.264651,1,0,0.063663,0,0.000467331,-0.000102943,-0.00258173,0.166274,0.0939448,0,0,0,0.166444,0.102315,-0.0139785,-0.282778,-2.61951,10.3244,10.6553,0,12.0147
11.89,pitch +10,0.110363,0.271728,-0.0647954,0.142917,0,0.174533,0.169299,-0.099376,0.00334062,90.1616,90.3016,138.45,7.26229,nan,0.266226,0.266813,0.265938,0.266593,0.265552,0.266813,0.265552,0.265938,0.266593,1,0,0.0636705,0,-0.000439924,-0.00114809,0.000842607,0.166215,0.0941022,0,0,0,0.177171,0.0906568,-0.00123992,-0.273659,-2.58688,10.3492,10.6711,0,12.1273
11.9,pitch +10,0.112078,0.272719,-0.0647898,0.142861,0,0.174533,0.168908,-0.099492,0.00295594,90.1607,90.3007,138.523,7.26836,nan,0.266274,0.265472,0.267255,0.265509,0.26685,0.265472,0.26685,0.267255,0.265509,1,0,0.063648,0,-0.00117206,-0.00069807,-0.00137272,0.166027,0.0942897,0,0,0,0.174709,0.101435,-0.000598756,-0.373356,-2.6088,10.4018,10.7304,0,12.2381
11.91,pitch +10,0.113788,0.273711,-0.064825,0.142818,0,0.174533,0.168589,-0.0995114,0.00247089,90.1599,90.2999,138.596,7.27447,nan,0.266322,0.266029,0.26676,0.265969,0.266522,0.266029,0.266522,0.26676,0.265969,1,0,0.063648,0,-0.000469156,-0.000565167,-0.000564562,0.165963,0.0943985,0,0,0,0.16903,0.100324,0.000603594,-0.301835,-2.56684,10.3453,10.6633,0,12.35
11.92,pitch +10,0.115499,0.274702,-0.064843,0.142773,0,0.174533,0.168376,-0.0994058,0.00174459,90.159,90.299,138.668,7.28059,nan,0.266372,0.266531,0.266355,0.266091,0.266501,0.266531,0.266501,0.266355,0.266091,1,0,0.063648,0,0.00155528,-0.000557181,-0.000103015,0.165871,0.0945238,0,0,0,0.183771,0.101798,0.00695461,-0.275323,-2.53933,10.3821,10.6916,0,12.4611
11.93,pitch +10,0.117209,0.275691,-0.0648451,0.142703,0,0.174533,0.168205,-0.0993257,0.00157467,90.1582,90.2982,138.741,7.28675,nan,0.266422,0.266472,0.26654,0.266535,0.266131,0.266472,0.266131,0.26654,0.266535,1,0,0.0636218,0,-0.00125468,-0.000654293,0.000147659,0.165697,0.0947111,0,0,0,0.163875,0.0985302,0.00143111,-0.218124,-2.48396,10.3948,10.6897,0,12.5724
11.94,pitch +10,0.11892,0.276679,-0.064852,0.142644,0,0.174533,0.167959,-0.0992731,0.00143466,90.1573,90.2973,138.814,7.29295,nan,0.266473,0.26577,0.267297,0.265535,0.26728,0.26577,0.26728,0.267297,0.265535,1,0,0.0636143,0,0.000580432,-0.00047692,-0.00143803,0.165557,0.0948986,0,0,0,0.169215,0.10349,0.00777333,-0.333439,-2.48472,10.3615,10.6605,0,12.6834
11.95,pitch +10,0.120627,0.277666,-0.0648592,0.142581,0,0.174533,0.167691,-0.099232,0.00250091,90.1564,90.2964,138.887,7.29921,nan,0.266525,0.267303,0.265846,0.267459,0.265482,0.267303,0.265482,0.265846,0.267459,1,0,0.0636181,0,-0.0013797,-0.000394386,0.00150945,0.165435,0.0950769,0,0,0,0.167776,0.0974763,0.0048151,-0.350257,-2.54933,10.3082,10.6246,0,12.7948
11.96,pitch +10,0.12233,0.278654,-0.0648995,0.14252,0,0.174533,0.167321,-0.0992323,0.00258995,90.1555,90.2955,138.96,7.30552,nan,0.266578,0.267531,0.265786,0.267177,0.265805,0.267531,0.265805,0.265786,0.267177,1,0,0.0636143,0,0.000987149,-0.000635435,0.00137007,0.165405,0.0952286,0,0,0,0.16971,0.0886802,0.00446824,-0.332486,-2.47719,10.4188,10.7144,0,12.907
11.97,pitch +10,0.124029,0.279641,-0.06495,0.142482,0,0.174533,0.166935,-0.099189,0.00264945,90.1546,90.2946,139.033,7.31189,nan,0.266631,0.266024,0.267044,0.266128,0.267316,0.266024,0.267316,0.267044,0.266128,1,0,0.0636331,0,0.000443893,0.000713656,-0.000970759,0.165381,0.0953547,0,0,0,0.170234,0.10182,-0.00508197,-0.392098,-2.44513,10.4518,10.7411,0,13.0185
11.98,pitch +10,0.125725,0.280629,-0.0649879,0.142436,0,0.174533,0.166655,-0.0992081,0.00290208,90.1537,90.2937,139.106,7.31832,nan,0.266685,0.268079,0.265366,0.267774,0.265512,0.268079,0.265512,0.265366,0.267774,1,0,0.0636405,0,0.00119703,-0.000300101,0.00218654,0.165306,0.0954836,0,0,0,0.165899,0.101054,-0.00116621,-0.327052,-2.55121,10.3804,10.6943,0,13.1295
11.99,pitch +10,0.127421,0.281616,-0.0650175,0.142388,0,0.174533,0.166509,-0.0991835,0.00141724,90.1527,90.2927,139.18,7.3248,nan,0.26674,0.266885,0.26662,0.266414,0.267031,0.266885,0.267031,0.26662,0.266414,1,0,0.0636443,0,0.0023391,-0.000114256,-0.000154093,0.16522,0.0956159,0,0,0,0.16278,0.0985851,0.000174278,-0.372813,-2.47536,10.3652,10.6632,0,13.2403
12,pitch +10,0.129119,0.282601,-0.0650418,0.142312,0,0.174533,0.166583,-0.0992004,0.00140643,90.1518,90.2918,139.253,7.33135,nan,0.266796,0.266318,0.266933,0.266834,0.267087,0.266318,0.267087,0.266933,0.266834,1,0,0.0636555,0,-0.000958488,0.00127045,-0.000381179,0.16516,0.0958203,0,0,0,0.173282,0.0926079,-0.00169263,-0.360458,-2.43446,10.4206,10.7072,0,13.352
12.01,pitch +10,0.130818,0.283587,-0.0650842,0.142245,0,0.174533,0.166693,-0.0993329,0.00144642,90.1508,90.2908,139.326,7.33797,nan,0.266853,0.266855,0.267039,0.266538,0.266966,0.266855,0.266966,0.267039,0.266538,1,0,0.0636855,0,0.000645861,-0.000739425,-0.000268737,0.165129,0.0960306,0,0,0,0.173829,0.0991511,0.00293118,-0.426668,-2.42717,10.4103,10.6981,0,13.4644
12.02,pitch +10,0.13252,0.284575,-0.0651165,0.142178,0,0.174533,0.166912,-0.0994987,0.00202767,90.1499,90.2899,139.4,7.34464,nan,0.26691,0.266465,0.267259,0.266896,0.267008,0.266465,0.267008,0.267259,0.266896,1,0,0.0636818,0,-0.00181083,0.000339368,-0.000398161,0.16506,0.0962181,0,0,0,0.169124,0.0963307,-0.00478072,-0.389419,-2.5004,10.3772,10.6813,0,13.5763
12.03,pitch +10,0.134223,0.285564,-0.0651201,0.142097,0,0.174533,0.167109,-0.0996741,0.00181117,90.1489,90.2889,139.473,7.35135,nan,0.266968,0.265899,0.267932,0.26605,0.26798,0.265899,0.26798,0.267932,0.26605,1,0,0.0637005,0,-0.000273926,0.000376795,-0.00174173,0.164943,0.0964381,0,0,0,0.184229,0.0967969,-0.000189304,-0.29891,-2.43006,10.4264,10.71,0,13.6876
12.04,pitch +10,0.135929,0.286556,-0.065148,0.142032,0,0.174533,0.167292,-0.0998692,0.0015401,90.1479,90.2879,139.547,7.35812,nan,0.267027,0.266796,0.267176,0.266832,0.267291,0.266796,0.267291,0.267176,0.266832,1,0,0.0637005,0,0.00021013,0.00028457,-0.000369007,0.164832,0.0966362,0,0,0,0.16792,0.0980982,0.00861011,-0.380206,-2.4308,10.4037,10.6907,0,13.7995
12.05,pitch +10,0.137636,0.287549,-0.0651314,0.141966,0,0.174533,0.167359,-0.100065,0.00236517,90.1469,90.2869,139.62,7.36495,nan,0.267086,0.267722,0.266558,0.268044,0.266009,0.267722,0.266009,0.266558,0.268044,1,0,0.0636668,0,-0.0023106,-0.000430636,0.00140584,0.164636,0.096835,0,0,0,0.168822,0.106276,-0.00394782,-0.416929,-2.36623,10.4799,10.7518,0,13.9098
12.06,pitch +10,0.139345,0.288543,-0.0651297,0.141893,0,0.174533,0.167274,-0.100267,0.0021694,90.1459,90.2859,139.694,7.37182,nan,0.267146,0.267191,0.267151,0.267171,0.267061,0.267191,0.267061,0.267151,0.267171,1,0,0.0636555,0,-0.000186737,-0.000206632,6.6219e-05,0.164483,0.0970125,0,0,0,0.174514,0.0878255,0.00650204,-0.313652,-2.44208,10.4998,10.7847,0,14.0209
12.07,pitch +10,0.141053,0.28954,-0.0651451,0.141805,0,0.174533,0.167144,-0.10052,0.00174609,90.1449,90.2849,139.768,7.37871,nan,0.267207,0.267761,0.266497,0.267611,0.266949,0.267761,0.266949,0.266497,0.267611,1,0,0.0636855,0,0.00159863,0.000572711,0.000846119,0.164377,0.0972828,0,0,0,0.171481,0.0996186,0.00238078,-0.297966,-2.41865,10.4441,10.7246,0,14.1335
12.08,pitch +10,0.142761,0.290539,-0.0651337,0.141719,0,0.174533,0.166921,-0.100913,0.0014743,90.1438,90.2838,139.842,7.38567,nan,0.267269,0.267757,0.266786,0.268223,0.266299,0.267757,0.266299,0.266786,0.268223,1,0,0.0636555,0,-0.00253001,-3.94093e-05,0.00127235,0.16418,0.0975258,0,0,0,0.173637,0.089406,-0.000679372,-0.406653,-2.39991,10.4277,10.7081,0,14.2447
12.09,pitch +10,0.14447,0.291541,-0.0651449,0.141638,0,0.174533,0.166678,-0.101409,0.000781127,90.1428,90.2828,139.915,7.3927,nan,0.267332,0.268353,0.266301,0.268306,0.266354,0.268353,0.266354,0.266301,0.268306,1,0,0.0636668,0,0.000261647,1.2388e-05,0.00175976,0.16405,0.0977659,0,0,0,0.166254,0.102559,-0.00566412,-0.308563,-2.36699,10.4874,10.7556,0,14.3568
12.1,pitch +10,0.146178,0.292548,-0.0651493,0.141571,0,0.174533,0.166511,-0.101867,0.000872579,90.1417,90.2817,139.989,7.3998,nan,0.267395,0.267669,0.267292,0.267207,0.267399,0.267669,0.267399,0.267292,0.267207,1,0,0.063648,0,0.00150911,-0.000675254,8.13189e-05,0.163906,0.0979683,0,0,0,0.165556,0.104027,-0.0121248,-0.374451,-2.43105,10.499,10.7833,0,14.4683
12.11,pitch +10,0.147885,0.293559,-0.0651545,0.14148,0,0.174533,0.166422,-0.10226,0.00101212,90.1406,90.2806,140.063,7.40695,nan,0.267459,0.268928,0.266073,0.268229,0.266594,0.268928,0.266594,0.266073,0.268229,1,0,0.0636555,0,0.00323431,-0.000337233,0.00197343,0.163782,0.0982415,0,0,0,0.175258,0.11154,0.00598632,-0.328818,-2.39363,10.4346,10.7106,0,14.5807
12.12,pitch +10,0.149594,0.294572,-0.0651653,0.141402,0,0.174533,0.166452,-0.102572,0.000946186,90.1395,90.2795,140.138,7.41418,nan,0.267524,0.267717,0.267544,0.267625,0.267196,0.267717,0.267196,0.267544,0.267625,1,0,0.0636593,0,-0.000679542,-0.000833356,0.000265121,0.163633,0.0984582,0,0,0,0.164779,0.103188,-0.00667277,-0.420821,-2.36013,10.4138,10.6862,0,14.6929
12.13,pitch +10,0.151303,0.295589,-0.0651707,0.141336,0,0.174533,0.166462,-0.102791,0.00104482,90.1384,90.2784,140.212,7.42147,nan,0.267589,0.267705,0.267421,0.267323,0.267894,0.267705,0.267894,0.267421,0.267323,1,0,0.063663,0,0.00226576,0.000171618,-0.000126146,0.163503,0.0986566,0,0,0,0.174406,0.102782,-0.000574064,-0.474383,-2.41155,10.4025,10.6889,0,14.8046
12.14,pitch +10,0.153011,0.296608,-0.0651719,0.141259,0,0.174533,0.166426,-0.103122,0.0020794,90.1373,90.2773,140.286,7.42878,nan,0.267655,0.267696,0.267189,0.26822,0.267503,0.267696,0.267503,0.267189,0.26822,1,0,0.0636443,0,-0.000555391,0.00158777,0.000537676,0.163345,0.0988645,0,0,0,0.168704,0.104382,-0.00805114,-0.35082,-2.40884,10.4339,10.7141,0,14.9165
12.15,pitch +10,0.154717,0.297632,-0.0651823,0.141186,0,0.174533,0.166319,-0.10353,0.00118401,90.1362,90.2762,140.36,7.43613,nan,0.267722,0.267426,0.268581,0.266877,0.267992,0.267426,0.267992,0.268581,0.266877,1,0,0.0636518,0,-0.000105357,-0.00215617,-0.000997476,0.163197,0.0990562,0,0,0,0.156603,0.0947169,-0.00883232,-0.34346,-2.39458,10.4753,10.751,0,15.0288
12.16,pitch +10,0.156425,0.298659,-0.0651948,0.14111,0,0.174533,0.166137,-0.103847,0.00136943,90.1351,90.2751,140.435,7.44354,nan,0.26779,0.267532,0.268269,0.267296,0.268049,0.267532,0.268049,0.268269,0.267296,1,0,0.0636555,0,4.28422e-05,-0.000863586,-0.000654509,0.163091,0.0992871,0,0,0,0.164518,0.0974532,0.006772,-0.385056,-2.41413,10.5123,10.7928,0,15.1416
12.17,pitch +10,0.158132,0.299687,-0.0651815,0.141025,0,0.174533,0.165785,-0.10411,0.00113012,90.1339,90.2739,140.509,7.451,nan,0.267859,0.266758,0.268785,0.266386,0.269492,0.266758,0.269492,0.268785,0.266386,1,0,0.0636368,0,0.00286413,0.000634572,-0.00225587,0.1629,0.0995437,0,0,0,0.1695,0.103793,-0.00450639,-0.397767,-2.4364,10.483,10.7697,0,15.2533
12.18,pitch +10,0.159835,0.300719,-0.065173,0.140961,0,0.174533,0.165494,-0.10438,0.00148994,90.1327,90.2727,140.584,7.45856,nan,0.267928,0.268097,0.267402,0.268318,0.267881,0.268097,0.267881,0.267402,0.268318,1,0,0.0636218,0,0.000685587,0.00132557,0.000497389,0.162709,0.09973,0,0,0,0.167744,0.102792,-0.00478584,-0.441401,-2.46453,10.5211,10.815,0,15.3645
12.19,pitch +10,0.161535,0.301753,-0.0651865,0.140897,0,0.174533,0.165196,-0.104614,0.00147981,90.1316,90.2716,140.658,7.46618,nan,0.267998,0.270071,0.266361,0.269743,0.265801,0.270071,0.265801,0.266361,0.269743,1,0,0.0636218,0,-0.000615584,-0.00168267,0.00336304,0.162617,0.0999013,0,0,0,0.168691,0.103606,0.00647645,-0.366932,-2.33393,10.4384,10.7025,0,15.4768
12.2,pitch +10,0.163235,0.302788,-0.065203,0.140849,0,0.174533,0.164965,-0.104765,0.00175647,90.1304,90.2704,140.733,7.47384,nan,0.268069,0.26694,0.268985,0.267536,0.2688,0.26694,0.2688,0.268985,0.267536,1,0,0.0636181,0,-0.00207253,0.00077965,-0.00145416,0.162496,0.100044,0,0,0,0.156847,0.101365,-0.00828714,-0.450711,-2.45316,10.5569,10.8476,0,15.5886
12.21,pitch +10,0.164931,0.303825,-0.0652156,0.140773,0,0.174533,0.164639,-0.104912,0.00212526,90.1291,90.2691,140.808,7.48158,nan,0.26814,0.268466,0.267819,0.268444,0.267817,0.268466,0.267817,0.267819,0.268444,1,0,0.0636256,0,5.19777e-05,-4.415e-05,0.000560333,0.162393,0.100264,0,0,0,0.170509,0.102504,0.00122119,-0.49449,-2.38392,10.5986,10.8746,0,15.701
12.22,pitch +10,0.166624,0.304864,-0.0652377,0.140709,0,0.174533,0.164201,-0.105131,0.00166752,90.1279,90.2679,140.883,7.48936,nan,0.268212,0.267349,0.268724,0.267225,0.269535,0.267349,0.269535,0.268724,0.267225,1,0,0.0636218,0,0.00248071,0.00130177,-0.00161955,0.162296,0.100458,0,0,0,0.178774,0.0995794,0.00582603,-0.602679,-2.38403,10.4781,10.7628,0,15.8131
12.23,pitch +10,0.168312,0.305906,-0.0652282,0.140642,0,0.174533,0.163803,-0.105415,0.00260484,90.1267,90.2667,140.958,7.49717,nan,0.268285,0.267539,0.269019,0.26766,0.268908,0.267539,0.268908,0.269019,0.26766,1,0,0.0636031,0,-0.000613876,2.08896e-05,-0.00119917,0.16212,0.100617,0,0,0,0.17456,0.0946513,-0.00671982,-0.410375,-2.37592,10.5486,10.8207,0,15.9239
12.24,pitch +10,0.169996,0.306951,-0.0652548,0.140568,0,0.174533,0.163434,-0.105726,0.00282257,90.1254,90.2654,141.033,7.50504,nan,0.268359,0.267238,0.269227,0.267381,0.269574,0.267238,0.269574,0.269227,0.267381,1,0,0.0636218,0,0.00054141,0.000927021,-0.00183815,0.162023,0.100845,0,0,0,0.16833,0.0944829,-0.00787672,-0.511154,-2.46181,10.6074,10.9013,0,16.0366
12.25,pitch +10,0.171677,0.308,-0.0652654,0.140505,0,0.174533,0.163147,-0.106023,0.00213128,90.1242,90.2642,141.108,7.513,nan,0.268433,0.268466,0.26831,0.268398,0.268543,0.268466,0.268543,0.26831,0.268398,1,0,0.0636143,0,0.00079835,0.000312878,4.75952e-06,0.161898,0.10103,0,0,0,0.172727,0.0988107,-0.000504303,-0.570876,-2.33293,10.5686,10.8381,0,16.1479
12.26,pitch +10,0.17336,0.309048,-0.0652665,0.140441,0,0.174533,0.162899,-0.106284,0.00134321,90.1229,90.2629,141.183,7.52099,nan,0.268508,0.26798,0.268991,0.268196,0.268851,0.26798,0.268851,0.268991,0.268196,1,0,0.0636106,0,-0.000941713,0.000143191,-0.000732371,0.16174,0.101204,0,0,0,0.162596,0.105306,0.0037422,-0.447212,-2.31969,10.6654,10.9239,0,16.259
12.27,pitch +10,0.17504,0.310099,-0.0652758,0.140383,0,0.174533,0.162628,-0.106485,0.00255831,90.1216,90.2616,141.258,7.52902,nan,0.268584,0.268211,0.268652,0.268469,0.268989,0.268211,0.268989,0.268652,0.268469,1,0,0.0635881,0,0.000210776,0.00112834,-0.000422398,0.161598,0.101363,0,0,0,0.164073,0.0920346,-0.0032661,-0.548069,-2.37127,10.5485,10.8256,0,16.3701
12.28,pitch +10,0.176716,0.311154,-0.0652808,0.140322,0,0.174533,0.162378,-0.106726,0.00320731,90.1203,90.2603,141.333,7.53713,nan,0.268661,0.269187,0.268098,0.268504,0.268837,0.269187,0.268837,0.268098,0.268504,1,0,0.0635918,0,0.00377201,0.000106058,0.000331986,0.161474,0.101535,0,0,0,0.173232,0.100376,0.00634855,-0.491774,-2.26547,10.5463,10.7981,0,16.4811
12.29,pitch +10,0.178389,0.312211,-0.065299,0.140277,0,0.174533,0.162227,-0.106857,0.00293762,90.1189,90.2589,141.409,7.5453,nan,0.268738,0.268716,0.269096,0.268134,0.26899,0.268716,0.26899,0.269096,0.268134,1,0,0.0635843,0,0.00126056,-0.0013026,-0.000543163,0.161355,0.101677,0,0,0,0.165898,0.108328,-0.00717342,-0.514811,-2.31992,10.551,10.8153,0,16.5921
12.3,pitch +10,0.180063,0.313268,-0.0652953,0.140193,0,0.174533,0.162141,-0.106814,0.00247418,90.1176,90.2576,141.484,7.55353,nan,0.268816,0.269645,0.267619,0.27011,0.267874,0.269645,0.267874,0.267619,0.27011,1,0,0.0635881,0,-0.000555916,0.00136387,0.00187338,0.161184,0.101912,0,0,0,0.174081,0.0989467,0.00489469,-0.563508,-2.32677,10.5322,10.8009,0,16.7033
12.31,pitch +10,0.18174,0.314322,-0.065307,0.140143,0,0.174533,0.162053,-0.106878,0.00199551,90.1162,90.2562,141.56,7.56184,nan,0.268895,0.269281,0.26875,0.26898,0.268552,0.269281,0.268552,0.26875,0.26898,1,0,0.0635506,0,0.000275125,-0.00094516,0.000421155,0.161058,0.102029,0,0,0,0.167865,0.090955,-0.0105479,-0.492914,-2.29699,10.5631,10.8212,0,16.8141
12.32,pitch +10,0.183418,0.315376,-0.0653163,0.140068,0,0.174533,0.161855,-0.10684,0.00132578,90.1148,90.2548,141.636,7.57018,nan,0.268974,0.268962,0.268946,0.269306,0.268666,0.268962,0.268666,0.268946,0.269306,1,0,0.0635693,0,-0.00165446,0.000122966,0.000288322,0.160938,0.102237,0,0,0,0.172308,0.0934022,0.010125,-0.472645,-2.1617,10.4914,10.7223,0,16.9256
12.33,pitch +10,0.185095,0.316428,-0.0653195,0.139987,0,0.174533,0.161577,-0.106807,0.000364615,90.1135,90.2535,141.711,7.57858,nan,0.269054,0.269367,0.268868,0.269545,0.268422,0.269367,0.268422,0.268868,0.269545,1,0,0.0635618,0,-0.00165472,-0.000506556,0.000712639,0.160782,0.102471,0,0,0,0.171232,0.0951934,0.00890303,-0.478018,-2.18029,10.6155,10.8476,0,17.0369
12.34,pitch +10,0.186773,0.317479,-0.0653506,0.139893,0,0.174533,0.161234,-0.106751,0.000636344,90.112,90.252,141.787,7.587,nan,0.269135,0.268939,0.269112,0.269513,0.26896,0.268939,0.26896,0.269112,0.269513,1,0,0.0635881,0,-0.001925,0.0008022,0.000167199,0.160724,0.102741,0,0,0,0.174304,0.0883021,0.000838719,-0.529879,-2.1992,10.5011,10.742,0,17.15
12.35,pitch +10,0.188447,0.318529,-0.0653916,0.139814,0,0.174533,0.160982,-0.106832,0.000743847,90.1106,90.2506,141.863,7.59548,nan,0.269217,0.269632,0.268776,0.269356,0.269087,0.269632,0.269087,0.268776,0.269356,1,0,0.0636218,0,0.00155833,6.58996e-05,0.000494084,0.16066,0.102989,0,0,0,0.152864,0.105717,-0.00358627,-0.560713,-2.0921,10.5823,10.8017,0,17.2627
12.36,pitch +10,0.19012,0.319581,-0.0654012,0.139721,0,0.174533,0.160852,-0.106922,0.00129915,90.1092,90.2492,141.939,7.60403,nan,0.269299,0.269548,0.269298,0.269291,0.269043,0.269548,0.269043,0.269298,0.269291,1,0,0.0636331,0,6.1941e-06,-0.000969096,0.000218731,0.160551,0.10324,0,0,0,0.150524,0.0989588,0.00181061,-0.496145,-2.09694,10.6721,10.8875,0,17.3747
12.37,pitch +10,0.19179,0.320633,-0.0654197,0.139656,0,0.174533,0.160744,-0.106919,0.00157914,90.1077,90.2477,142.015,7.61264,nan,0.269382,0.269164,0.269557,0.269165,0.269624,0.269164,0.269624,0.269557,0.269165,1,0,0.0636368,0,0.000176365,0.000127812,-0.000374735,0.160461,0.103438,0,0,0,0.158021,0.109749,0.00541831,-0.464832,-2.11633,10.6992,10.9164,0,17.4858
12.38,pitch +10,0.193459,0.321686,-0.0654198,0.139534,0,0.174533,0.160697,-0.106918,0.00292506,90.1062,90.2462,142.091,7.62128,nan,0.269466,0.269287,0.269785,0.269662,0.269111,0.269287,0.269111,0.269785,0.269662,1,0,0.0636743,0,-0.00278437,-0.00056618,2.34564e-05,0.160354,0.103787,0,0,0,0.176409,0.110093,0.000479776,-0.353792,-2.15877,10.6621,10.8842,0,17.5984
12.39,pitch +10,0.195126,0.322741,-0.0654499,0.13942,0,0.174533,0.160726,-0.107064,0.00287895,90.1048,90.2448,142.168,7.62995,nan,0.26955,0.270282,0.268888,0.26999,0.269022,0.270282,0.269022,0.268888,0.26999,1,0,0.0637042,0,0.00113142,-0.000300095,0.00103784,0.160264,0.104097,0,0,0,0.160497,0.0986215,0.000225549,-0.374907,-2.10886,10.7232,10.9351,0,17.7117
12.4,pitch +10,0.196794,0.323798,-0.0654466,0.139303,0,0.174533,0.160794,-0.107359,0.00310529,90.1032,90.2432,142.244,7.63869,nan,0.269635,0.268819,0.270494,0.268702,0.270508,0.268819,0.270508,0.270494,0.268702,1,0,0.0637304,0,0.000347989,-0.000196812,-0.00153039,0.160117,0.104457,0,0,0,0.167692,0.10604,0.00410247,-0.454568,-2.03549,10.4875,10.6928,0,17.824
12.41,pitch +10,0.198464,0.324858,-0.0654466,0.139213,0,0.174533,0.160909,-0.107669,0.00250447,90.1017,90.2417,142.32,7.64747,nan,0.269721,0.270482,0.268925,0.270248,0.26921,0.270482,0.26921,0.268925,0.270248,1,0,0.0637342,0,0.00137696,9.76219e-05,0.00114035,0.159939,0.104721,0,0,0,0.160688,0.103753,0.00357751,-0.465911,-2.12063,10.538,10.7593,0,17.9354
12.42,pitch +10,0.200137,0.325919,-0.0654417,0.139105,0,0.174533,0.161006,-0.107878,0.00267362,90.1002,90.2402,142.397,7.65633,nan,0.269807,0.269784,0.269618,0.269705,0.270104,0.269784,0.270104,0.269618,0.269705,1,0,0.0637454,0,0.0014977,0.000771056,-0.000102088,0.159783,0.105027,0,0,0,0.162269,0.108809,0.000688389,-0.347832,-2.12181,10.5908,10.8069,0,18.0474
12.43,pitch +10,0.201812,0.326983,-0.0654284,0.139009,0,0.174533,0.161132,-0.108239,0.00242317,90.0986,90.2386,142.473,7.66524,nan,0.269894,0.270193,0.26991,0.27019,0.269267,0.270193,0.269267,0.26991,0.27019,1,0,0.0637491,0,-0.00169786,-0.00122566,0.000530371,0.159599,0.105296,0,0,0,0.177221,0.100149,0.00624335,-0.407795,-2.13538,10.6731,10.8923,0,18.1586
12.44,pitch +10,0.20349,0.32805,-0.0654182,0.138898,0,0.174533,0.161171,-0.108647,0.00200592,90.097,90.237,142.55,7.67421,nan,0.269982,0.270661,0.269432,0.270376,0.269442,0.270661,0.269442,0.269432,0.270376,1,0,0.0637379,0,0.000783113,-0.000519618,0.000950533,0.159377,0.105622,0,0,0,0.161718,0.103282,-0.00521389,-0.436417,-2.08656,10.6218,10.8336,0,18.2706
12.45,pitch +10,0.205172,0.329119,-0.0654104,0.138786,0,0.174533,0.161316,-0.10901,0.00157064,90.0954,90.2354,142.627,7.68322,nan,0.270071,0.270067,0.270101,0.269681,0.270416,0.270067,0.270416,0.270101,0.269681,1,0,0.0637529,0,0.00185982,-0.000134259,-0.000338182,0.159212,0.105955,0,0,0,0.164334,0.107243,0.00735508,-0.411288,-2.10979,10.6047,10.8204,0,18.3833
12.46,pitch +10,0.206857,0.330191,-0.0653901,0.138681,0,0.174533,0.161506,-0.109366,0.00241256,90.0938,90.2338,142.704,7.69226,nan,0.27016,0.269799,0.270722,0.269266,0.270836,0.269799,0.270836,0.270722,0.269266,1,0,0.0637603,0,0.00171634,-0.000794517,-0.00109548,0.158988,0.106271,0,0,0,0.163166,0.0995952,-0.00284103,-0.604145,-2.17503,10.771,11.005,0,18.4953
12.47,pitch +10,0.208541,0.331268,-0.0653506,0.138533,0,0.174533,0.161574,-0.109648,0.0028564,90.0922,90.2322,142.781,7.70139,nan,0.27025,0.270109,0.26991,0.270801,0.270163,0.270109,0.270163,0.26991,0.270801,1,0,0.0637603,0,-0.00116687,0.00178991,0.000367524,0.15874,0.106692,0,0,0,0.173317,0.0953136,-0.0013725,-0.535456,-2.20344,10.7469,10.9835,0,18.6082
12.48,pitch +10,0.210226,0.332349,-0.0653279,0.138429,0,0.174533,0.16154,-0.110167,0.00287732,90.0905,90.2305,142.858,7.71059,nan,0.270341,0.270691,0.269929,0.271055,0.269671,0.270691,0.269671,0.269929,0.271055,1,0,0.0637566,0,-0.00165031,0.00019952,0.000943461,0.158524,0.107006,0,0,0,0.168979,0.107708,-0.00108033,-0.547225,-2.06477,10.6943,10.9055,0,18.7204
12.49,pitch +10,0.211912,0.333434,-0.0653224,0.138374,0,0.174533,0.161389,-0.110606,0.00311069,90.0889,90.2289,142.935,7.71986,nan,0.270432,0.271102,0.269909,0.270852,0.269849,0.271102,0.269849,0.269909,0.270852,1,0,0.0637491,0,0.000505901,-0.000589521,0.000965531,0.158351,0.107153,0,0,0,0.165865,0.105298,0.00298573,-0.473494,-2.15183,10.6798,10.9047,0,18.8317
12.5,pitch +10,0.213596,0.334523,-0.06531,0.138297,0,0.174533,0.161041,-0.110947,0.00299391,90.0872,90.2272,143.012,7.72922,nan,0.270525,0.272153,0.268983,0.271966,0.268977,0.272153,0.268977,0.268983,0.271966,1,0,0.0637379,0,0.000480296,-0.000365505,0.00270695,0.158138,0.107393,0,0,0,0.165101,0.108553,-2.78842e-05,-0.623076,-2.12427,10.6988,10.9255,0,18.9433
12.51,pitch +10,0.215279,0.335613,-0.0653026,0.138214,0,0.174533,0.160696,-0.111267,0.0020293,90.0855,90.2255,143.089,7.73864,nan,0.270618,0.270926,0.270386,0.270751,0.270389,0.270926,0.270389,0.270386,0.270751,1,0,0.0637192,0,0.000472319,-0.000324393,0.000396537,0.157963,0.107617,0,0,0,0.162164,0.108797,0.0041474,-0.563967,-2.04075,10.6973,10.9048,0,19.0553
12.52,pitch +10,0.21696,0.336706,-0.0652716,0.138117,0,0.174533,0.160333,-0.11158,0.00268574,90.0838,90.2238,143.167,7.74812,nan,0.270711,0.270646,0.271028,0.270458,0.270694,0.270646,0.270694,0.271028,0.270458,1,0,0.0637042,0,-0.000387816,-0.000989082,-0.000271542,0.157731,0.107888,0,0,0,0.165079,0.107945,0.00160879,-0.514904,-2.02621,10.7012,10.9035,0,19.167
12.53,pitch +10,0.218638,0.337802,-0.0652574,0.138005,0,0.174533,0.159994,-0.111901,0.00231723,90.082,90.222,143.245,7.75764,nan,0.270806,0.270351,0.270902,0.270788,0.271165,0.270351,0.271165,0.270902,0.270788,1,0,0.0637117,0,-0.000460136,0.00132603,-0.000407772,0.157538,0.108233,0,0,0,0.173597,0.113412,0.000734607,-0.585379,-2.05794,10.716,10.9275,0,19.2797
12.54,pitch +10,0.220314,0.338901,-0.0652239,0.137901,0,0.174533,0.15971,-0.112277,0.00265262,90.0803,90.2203,143.322,7.7672,nan,0.270901,0.271525,0.270347,0.271379,0.270336,0.271525,0.270336,0.270347,0.271379,1,0,0.0637042,0,0.000356753,-0.00029699,0.000976129,0.157285,0.108524,0,0,0,0.168837,0.114794,-0.00624234,-0.531163,-1.98097,10.7331,10.9273,0,19.3913
12.55,pitch +10,0.221989,0.340004,-0.0652399,0.137833,0,0.174533,0.159469,-0.112621,0.00233554,90.0785,90.2185,143.4,7.77679,nan,0.270997,0.269958,0.271894,0.270358,0.271759,0.269958,0.271759,0.271894,0.270358,1,0,0.063708,0,-0.00142155,0.000503669,-0.00146708,0.157166,0.108706,0,0,0,0.162114,0.108024,-0.00683495,-0.533575,-2.01444,10.7991,10.9983,0,19.5037
12.56,pitch +10,0.223664,0.341108,-0.0652316,0.137749,0,0.174533,0.159311,-0.112945,0.0022106,90.0767,90.2167,143.478,7.78645,nan,0.271094,0.270983,0.27132,0.270577,0.271477,0.270983,0.271477,0.27132,0.270577,1,0,0.0637117,0,0.00149237,-0.0004724,-0.000544286,0.156976,0.10895,0,0,0,0.158367,0.113386,-0.00706517,-0.474197,-2.03167,10.7289,10.9299,0,19.6156
12.57,pitch +10,0.225339,0.342215,-0.0652349,0.137663,0,0.174533,0.159212,-0.113246,0.0020467,90.0749,90.2149,143.555,7.79617,nan,0.271192,0.271742,0.270776,0.271423,0.270806,0.271742,0.270806,0.270776,0.271423,1,0,0.0637042,0,0.000925881,-0.000549728,0.000695997,0.156845,0.109172,0,0,0,0.163503,0.102522,0.00316469,-0.463272,-1.92588,10.7236,10.905,0,19.7282
12.58,pitch +10,0.227016,0.343324,-0.0652246,0.137551,0,0.174533,0.159213,-0.113507,0.00198181,90.073,90.213,143.634,7.80595,nan,0.27129,0.271344,0.271195,0.271297,0.271304,0.271344,0.271304,0.271195,0.271297,1,0,0.0637154,0,0.000412327,0.000117057,6.19829e-05,0.156653,0.109513,0,0,0,0.162105,0.109904,-0.00624938,-0.444932,-2.02645,10.6976,10.897,0,19.8413
12.59,pitch +10,0.228693,0.344436,-0.0652385,0.137464,0,0.174533,0.159178,-0.113793,0.0019267,90.0712,90.2112,143.712,7.81581,nan,0.271389,0.271071,0.27167,0.271105,0.27169,0.271071,0.27169,0.27167,0.271105,1,0,0.0637342,0,-3.50911e-05,0.000100538,-0.000520376,0.156536,0.109771,0,0,0,0.161129,0.110703,-0.00630823,-0.515283,-2.01446,10.7779,10.9766,0,19.9547
12.6,pitch +10,0.23037,0.34555,-0.0651895,0.137373,0,0.174533,0.15917,-0.114014,0.00197651,90.0693,90.2093,143.79,7.82575,nan,0.271489,0.270869,0.271962,0.271259,0.271844,0.270869,0.271844,0.271962,0.271259,1,0,0.0637005,0,-0.00134648,0.000515353,-0.000737321,0.156253,0.110023,0,0,0,0.169302,0.101369,-0.0064263,-0.520091,-2.05982,10.7695,10.9771,0,20.0655
12.61,pitch +10,0.232048,0.346665,-0.0651847,0.137276,0,0.174533,0.159047,-0.114162,0.00158951,90.0674,90.2074,143.868,7.83576,nan,0.271589,0.271666,0.271098,0.272238,0.271335,0.271666,0.271335,0.271098,0.272238,1,0,0.0637117,0,-0.000889292,0.00153267,0.000646545,0.156071,0.110295,0,0,0,0.165702,0.100325,0.000533281,-0.585664,-1.9252,10.831,11.0163,0,20.1783
12.62,pitch +10,0.233727,0.347781,-0.0651826,0.13716,0,0.174533,0.158922,-0.114319,0.00237028,90.0655,90.2055,143.947,7.84581,nan,0.271691,0.271845,0.271324,0.271688,0.271886,0.271845,0.271886,0.271324,0.271688,1,0,0.0637304,0,0.00190914,0.00076698,0.000142432,0.155912,0.110658,0,0,0,0.164099,0.110847,0.000105071,-0.595977,-1.97115,10.7111,10.9072,0,20.2923
12.63,pitch +10,0.235406,0.348898,-0.0651351,0.137051,0,0.174533,0.158821,-0.114628,0.00135377,90.0635,90.2035,144.025,7.85591,nan,0.271793,0.271457,0.271992,0.271889,0.271813,0.271457,0.271813,0.271992,0.271889,1,0,0.0637154,0,-0.00161965,0.000479823,-0.000202029,0.155616,0.110976,0,0,0,0.173983,0.106787,0.00573078,-0.594957,-2.12017,10.774,10.9968,0,20.4037
12.64,pitch +10,0.237086,0.350017,-0.0650894,0.136912,0,0.174533,0.158606,-0.114939,0.00112153,90.0616,90.2016,144.104,7.86608,nan,0.271896,0.270456,0.273136,0.271167,0.272803,0.270456,0.272803,0.273136,0.271167,1,0,0.0637192,0,-0.00276967,0.000715396,-0.00189703,0.155336,0.111363,0,0,0,0.166166,0.107437,-0.00488649,-0.578192,-1.90591,10.7753,10.9578,0,20.5166
12.65,pitch +10,0.238765,0.35114,-0.0650637,0.136798,0,0.174533,0.158291,-0.115344,0.00125205,90.0596,90.1996,144.182,7.87631,nan,0.272,0.271635,0.27237,0.271645,0.272328,0.271635,0.272328,0.27237,0.271645,1,0,0.0637192,0,-0.000137156,-6.03607e-05,-0.000623307,0.155096,0.111699,0,0,0,0.161484,0.109881,0.00543398,-0.66046,-1.82453,10.7982,10.9711,0,20.6293
12.66,pitch +10,0.240443,0.352265,-0.0650512,0.136683,0,0.174533,0.157941,-0.115738,0.000599399,90.0576,90.1976,144.261,7.88658,nan,0.272104,0.271232,0.27266,0.27156,0.272943,0.271232,0.272943,0.27266,0.27156,1,0,0.0637267,0,-0.000118094,0.00115698,-0.00123521,0.154911,0.112025,0,0,0,0.162453,0.108867,0.0103085,-0.575258,-1.86785,10.8105,10.9857,0,20.7426
12.67,pitch +10,0.242118,0.353393,-0.0650303,0.136587,0,0.174533,0.157569,-0.116145,0.0010637,90.0556,90.1956,144.34,7.89691,nan,0.272209,0.271123,0.273341,0.271157,0.273195,0.271123,0.273195,0.273341,0.271157,1,0,0.0637267,0,-0.000478628,-0.000214743,-0.00187062,0.154725,0.112295,0,0,0,0.168044,0.118234,-0.0089842,-0.467299,-1.81718,10.8922,11.0527,0,20.855
12.68,pitch +10,0.243792,0.354525,-0.0649871,0.136495,0,0.174533,0.157226,-0.116476,0.000736484,90.0535,90.1935,144.419,7.90731,nan,0.272315,0.271105,0.273483,0.271646,0.273006,0.271105,0.273006,0.273483,0.271646,1,0,0.0637154,0,-0.00269994,0.00011968,-0.00164328,0.154438,0.11255,0,0,0,0.162319,0.113157,-0.0079253,-0.477266,-1.78212,10.844,10.9998,0,20.9661
12.69,pitch +10,0.245463,0.35566,-0.0649708,0.1364,0,0.174533,0.156887,-0.116904,0.00181605,90.0515,90.1915,144.498,7.91779,nan,0.272422,0.272117,0.272735,0.272524,0.272292,0.272117,0.272292,0.272735,0.272524,1,0,0.0636967,0,-0.00225405,-6.81469e-05,-0.000169653,0.154216,0.112844,0,0,0,0.146307,0.120658,-0.0076502,-0.469506,-1.87244,10.8064,10.9775,0,21.0787
12.7,pitch +10,0.24713,0.356799,-0.0649421,0.136305,0,0.174533,0.156479,-0.117412,0.00168669,90.0494,90.1894,144.577,7.92833,nan,0.27253,0.272573,0.272405,0.272924,0.272195,0.272573,0.272195,0.272405,0.272924,1,0,0.063693,0,-0.00148923,0.000266518,0.000394028,0.153994,0.113111,0,0,0,0.15825,0.119538,-0.00658794,-0.440801,-1.85267,10.8131,10.9795,0,21.1904
12.71,pitch +10,0.248796,0.357943,-0.0649321,0.136233,0,0.174533,0.156079,-0.117891,0.00104305,90.0473,90.1873,144.657,7.93893,nan,0.272638,0.272331,0.273058,0.272111,0.273031,0.272331,0.273031,0.273058,0.272111,1,0,0.0636892,0,0.000509,-0.000468024,-0.000723805,0.153776,0.11333,0,0,0,0.15124,0.117305,0.00718563,-0.539412,-1.92851,10.8078,10.9918,0,21.3021
12.72,pitch +10,0.250458,0.359092,-0.0649243,0.136112,0,0.174533,0.155698,-0.118353,0.00214385,90.0451,90.1851,144.736,7.9496,nan,0.272747,0.272878,0.272264,0.272994,0.272831,0.272878,0.272831,0.272264,0.272994,1,0,0.0637042,0,0.00119572,0.00129162,0.000341519,0.153593,0.11368,0,0,0,0.1499,0.111763,-0.00137371,-0.607749,-1.93583,10.9171,11.1041,0,21.4157
12.73,pitch +10,0.252117,0.360246,-0.0649318,0.13604,0,0.174533,0.155365,-0.118846,0.00174735,90.043,90.183,144.816,7.96031,nan,0.272857,0.273063,0.272516,0.273236,0.272592,0.273063,0.272592,0.272516,0.273236,1,0,0.0637117,0,-0.000256772,0.000472645,0.000523448,0.153485,0.113889,0,0,0,0.16254,0.114509,-0.00258542,-0.600893,-1.93513,10.7917,10.9803,0,21.5284
12.74,pitch +10,0.253776,0.361402,-0.0649067,0.135935,0,0.174533,0.155045,-0.119268,0.00133923,90.0408,90.1808,144.895,7.97109,nan,0.272968,0.271812,0.274017,0.271754,0.274266,0.271812,0.274266,0.274017,0.271754,1,0,0.0637229,0,0.000814789,0.000360688,-0.00207346,0.153259,0.114177,0,0,0,0.156687,0.107221,0.000831613,-0.620895,-1.87272,10.913,11.09,0,21.6408
12.75,pitch +10,0.255433,0.362563,-0.0648887,0.135858,0,0.174533,0.154777,-0.119681,0.00175964,90.0386,90.1786,144.975,7.98192,nan,0.27308,0.272591,0.273415,0.273281,0.273009,0.272591,0.273009,0.273415,0.273281,1,0,0.063708,0,-0.00290768,0.000540823,-0.000242711,0.153067,0.11443,0,0,0,0.165877,0.125085,-0.000138173,-0.647963,-1.85588,10.7262,10.9048,0,21.7525
12.76,pitch +10,0.257088,0.363727,-0.0648863,0.135773,0,0.174533,0.154452,-0.120047,0.00188512,90.0364,90.1764,145.055,7.99282,nan,0.273192,0.273874,0.272566,0.273809,0.272496,0.273874,0.272496,0.272566,0.273809,1,0,0.0637117,0,-1.62123e-05,-0.000255378,0.00115164,0.152909,0.114653,0,0,0,0.165406,0.111381,0.0129722,-0.647415,-1.88645,10.8527,11.0344,0,21.8652
12.77,pitch +10,0.258741,0.364893,-0.0648624,0.13567,0,0.174533,0.154082,-0.120254,0.00162082,90.0342,90.1742,145.135,8.00381,nan,0.273305,0.273572,0.273094,0.273264,0.273267,0.273572,0.273267,0.273094,0.273264,1,0,0.0637117,0,0.00127576,-0.000254165,0.000208699,0.152707,0.11494,0,0,0,0.172513,0.119206,-0.00553375,-0.617422,-1.74105,10.8453,11.0015,0,21.9774
12.78,pitch +10,0.260392,0.366061,-0.0648432,0.135593,0,0.174533,0.153922,-0.120404,0.00266008,90.0319,90.1719,145.215,8.01485,nan,0.273419,0.273774,0.273298,0.273897,0.272685,0.273774,0.272685,0.273298,0.273897,1,0,0.0637005,0,-0.00195162,-0.000927291,0.000741849,0.152483,0.115153,0,0,0,0.157831,0.120264,0.00691891,-0.519182,-1.78065,10.9452,11.1012,0,22.0889
12.79,pitch +10,0.262042,0.36723,-0.0648342,0.135497,0,0.174533,0.15369,-0.120481,0.00171897,90.0296,90.1696,145.295,8.02596,nan,0.273534,0.273226,0.273847,0.273309,0.273731,0.273226,0.273731,0.273847,0.273309,1,0,0.0637005,0,-0.000525184,-6.33826e-05,-0.000458078,0.152292,0.11542,0,0,0,0.15101,0.117941,-0.00983258,-0.518605,-1.75446,10.8922,11.0448,0,22.2014
12.8,pitch +10,0.26369,0.3684,-0.0648244,0.135412,0,0.174533,0.153496,-0.12056,0.00220046,90.0273,90.1673,145.376,8.03715,nan,0.273649,0.273737,0.273703,0.273603,0.273532,0.273737,0.273532,0.273703,0.273603,1,0,0.0637229,0,-9.87132e-05,-0.000576096,4.61559e-05,0.15212,0.115696,0,0,0,0.160923,0.123319,0.00419522,-0.586255,-1.88736,10.8588,11.0372,0,22.3137
12.81,pitch +10,0.265338,0.369569,-0.0648267,0.135315,0,0.174533,0.153369,-0.120584,0.00227196,90.025,90.165,145.456,8.04842,nan,0.273766,0.273706,0.273991,0.273565,0.273778,0.273706,0.273778,0.273991,0.273565,1,0,0.0637267,0,-0.000192655,-0.000671288,-0.000219194,0.151967,0.11595,0,0,0,0.152381,0.107922,-0.0118869,-0.582837,-1.86217,10.8274,11.0018,0,22.4267
12.82,pitch +10,0.266987,0.370738,-0.0648406,0.135235,0,0.174533,0.153373,-0.120454,0.00242116,90.0226,90.1626,145.537,8.05976,nan,0.273883,0.273741,0.274165,0.27357,0.274032,0.273741,0.274032,0.274165,0.27357,1,0,0.0637491,0,0.000101127,-0.000577631,-0.000389493,0.15187,0.116202,0,0,0,0.165955,0.114488,-0.00670908,-0.667668,-1.89954,10.9038,11.0882,0,22.5396
12.83,pitch +10,0.268637,0.371905,-0.0648303,0.13513,0,0.174533,0.153443,-0.120327,0.00203192,90.0202,90.1602,145.617,8.07119,nan,0.274001,0.274253,0.274014,0.273689,0.274025,0.274253,0.274025,0.274014,0.273689,1,0,0.0637603,0,0.00152196,-0.00104761,-4.26464e-05,0.151669,0.116487,0,0,0,0.150748,0.112954,0.00586352,-0.653938,-1.7983,10.9977,11.1629,0,22.6522
12.84,pitch +10,0.270289,0.373069,-0.0648174,0.135028,0,0.174533,0.153505,-0.120234,0.00183362,90.0178,90.1578,145.698,8.08271,nan,0.27412,0.274582,0.27357,0.274063,0.27424,0.274582,0.27424,0.27357,0.274063,1,0,0.0637641,0,0.00315454,0.000286512,0.000367263,0.151498,0.116798,0,0,0,0.164832,0.121407,0.00397609,-0.704097,-1.75061,10.9495,11.1108,0,22.7647
12.85,pitch +10,0.271944,0.374232,-0.0647969,0.134921,0,0.174533,0.153547,-0.120192,0.0017933,90.0154,90.1554,145.779,8.09429,nan,0.274239,0.272743,0.275696,0.272826,0.275668,0.272743,0.275668,0.275696,0.272826,1,0,0.0637828,0,-0.000294275,0.000105634,-0.00254733,0.151296,0.1171,0,0,0,0.164496,0.114922,0.00594196,-0.67587,-1.79281,10.8635,11.0312,0,22.8772
12.86,pitch +10,0.273598,0.375396,-0.0647797,0.134775,0,0.174533,0.153622,-0.120211,0.00262167,90.013,90.153,145.86,8.10589,nan,0.27436,0.273466,0.275449,0.273643,0.274857,0.273466,0.274857,0.275449,0.273643,1,0,0.0638015,0,-0.00203922,-0.000786917,-0.0014051,0.151097,0.117519,0,0,0,0.15927,0.121053,-0.00602903,-0.631775,-1.72809,11.0008,11.1537,0,22.9911
12.87,pitch +10,0.275252,0.376562,-0.0647113,0.134619,0,0.174533,0.153579,-0.120353,0.00227038,90.0105,90.1505,145.941,8.11756,nan,0.274481,0.274622,0.27462,0.274356,0.2743,0.274622,0.2743,0.27462,0.274356,1,0,0.0638127,0,-0.000144918,-0.00110882,2.52576e-05,0.150754,0.117963,0,0,0,0.162097,0.119486,-0.000580507,-0.597847,-1.67751,10.9782,11.1217,0,23.1032
12.88,pitch +10,0.276908,0.377726,-0.06464,0.134528,0,0.174533,0.153368,-0.120381,0.00217333,90.008,90.148,146.022,8.12924,nan,0.274603,0.275056,0.274146,0.275449,0.273737,0.275056,0.273737,0.274146,0.275449,1,0,0.0637716,0,-0.00212744,-3.02792e-05,0.00115254,0.150411,0.11822,0,0,0,0.168429,0.119703,0.00854874,-0.583495,-1.64406,10.9381,11.0763,0,23.2129
12.89,pitch +10,0.278566,0.378887,-0.0646215,0.134382,0,0.174533,0.153006,-0.120353,0.000950175,90.0055,90.1455,146.104,8.14099,nan,0.274725,0.273488,0.275693,0.273721,0.275976,0.273488,0.275976,0.275693,0.273721,1,0,0.0638052,0,0.000132822,0.000977829,-0.00196009,0.150182,0.118641,0,0,0,0.149119,0.1197,0.00606214,-0.488997,-1.69332,10.9519,11.0928,0,23.3267
12.9,pitch +10,0.280222,0.380048,-0.0645768,0.134251,0,0.174533,0.152672,-0.120391,0.00114212,90.0029,90.1429,146.185,8.15282,nan,0.274849,0.275578,0.2738,0.275842,0.274151,0.275578,0.274151,0.2738,0.275842,1,0,0.0638164,0,0.00023221,0.00116399,0.00152444,0.149896,0.11905,0,0,0,0.157074,0.117325,0.00664508,-0.641186,-1.81206,10.9182,11.0861,0,23.4388
12.91,pitch +10,0.281877,0.381208,-0.0645338,0.134122,0,0.174533,0.152403,-0.120593,0.00119165,90.0003,90.1403,146.267,8.16474,nan,0.274973,0.273158,0.276656,0.273297,0.276756,0.273158,0.276756,0.276656,0.273297,1,0,0.0638276,0,-0.000102619,0.000454612,-0.00305755,0.149635,0.119418,0,0,0,0.159748,0.119712,0.00162941,-0.627314,-1.74354,10.9974,11.1525,0,23.5508
12.92,pitch +10,0.283528,0.382373,-0.0645123,0.133997,0,0.174533,0.152176,-0.120885,0.00134164,89.9977,90.1377,146.348,8.17673,nan,0.275098,0.273764,0.276162,0.273806,0.276636,0.273764,0.276636,0.276162,0.273806,1,0,0.0638388,0,0.00114294,0.000976569,-0.00229799,0.14941,0.119797,0,0,0,0.165631,0.122985,0.00703234,-0.662146,-1.82812,11.0734,11.2428,0,23.6632
12.93,pitch +10,0.285178,0.383539,-0.0644844,0.133895,0,0.174533,0.151895,-0.121158,0.00201633,89.9951,90.1351,146.43,8.18878,nan,0.275224,0.274676,0.275434,0.275008,0.275753,0.274676,0.275753,0.275434,0.275008,1,0,0.0638351,0,-3.39049e-05,0.0012313,-0.000660549,0.149195,0.120065,0,0,0,0.166509,0.113347,0.0172245,-0.701859,-1.63896,10.9374,11.0817,0,23.7749
12.94,pitch +10,0.286827,0.384709,-0.0644244,0.133737,0,0.174533,0.151595,-0.121594,0.00205768,89.9925,90.1325,146.512,8.20088,nan,0.275351,0.27461,0.276324,0.274485,0.275958,0.27461,0.275958,0.276324,0.274485,1,0,0.0638463,0,-0.000638506,-0.00093121,-0.00140041,0.148867,0.120525,0,0,0,0.164986,0.114456,0.00529169,-0.708183,-1.61735,10.9067,11.0487,0,23.887
12.95,pitch +10,0.288472,0.385883,-0.0643761,0.133598,0,0.174533,0.151142,-0.122076,0.00193311,89.9898,90.1298,146.594,8.21304,nan,0.275478,0.274517,0.27626,0.274913,0.276197,0.274517,0.276197,0.27626,0.274913,1,0,0.0638612,0,-0.00121507,0.000632047,-0.00133058,0.148586,0.120918,0,0,0,0.157917,0.119677,0.0092228,-0.603303,-1.58458,11.0645,11.1936,0,23.9991
12.96,pitch +10,0.290115,0.387062,-0.0643398,0.13347,0,0.174533,0.15075,-0.122491,0.00150063,89.9871,90.1271,146.676,8.22528,nan,0.275606,0.276631,0.274623,0.276019,0.275126,0.276631,0.275126,0.274623,0.276019,1,0,0.0638724,0,0.00295655,-0.000207218,0.00127523,0.148326,0.121288,0,0,0,0.14873,0.123977,0.00188849,-0.542131,-1.57494,11.0345,11.1595,0,24.1112
12.97,pitch +10,0.29176,0.388241,-0.0642893,0.133312,0,0.174533,0.150513,-0.122906,0.00145729,89.9844,90.1244,146.759,8.23759,nan,0.275735,0.27662,0.27482,0.276574,0.2749,0.27662,0.2749,0.27482,0.276574,1,0,0.0638911,0,0.000333537,6.37713e-05,0.00152683,0.148027,0.121748,0,0,0,0.153738,0.115126,-0.00504347,-0.586943,-1.63778,11.065,11.2009,0,24.2238
12.98,pitch +10,0.293404,0.389424,-0.0642359,0.13315,0,0.174533,0.150349,-0.123386,0.0020514,89.9816,90.1216,146.841,8.24998,nan,0.275865,0.276658,0.275254,0.276672,0.274849,0.276658,0.274849,0.275254,0.276672,1,0,0.063921,0,-0.00111169,-0.00074191,0.00141868,0.147736,0.122225,0,0,0,0.155123,0.12014,0.00586181,-0.494016,-1.68775,11.0359,11.1752,0,24.3367
12.99,pitch +10,0.295047,0.390612,-0.0642048,0.133026,0,0.174533,0.150096,-0.123818,0.00162341,89.9788,90.1188,146.924,8.26242,nan,0.275995,0.276385,0.275483,0.276743,0.275345,0.276385,0.275345,0.275483,0.276743,1,0,0.0639396,0,-0.00131634,0.000415257,0.00101069,0.147458,0.122608,0,0,0,0.147637,0.121422,-0.00169195,-0.604765,-1.76633,11.0496,11.2062,0,24.4489
13,pitch +10,0.296692,0.391801,-0.0641605,0.13291,0,0.174533,0.149743,-0.124223,0.000415815,89.976,90.116,147.006,8.27491,nan,0.276127,0.275834,0.275911,0.276165,0.276571,0.275834,0.276571,0.275911,0.276165,1,0,0.0639396,0,0.000873576,0.0018783,-0.000212446,0.147194,0.122949,0,0,0,0.157302,0.119739,0.00770285,-0.688793,-1.70065,10.9696,11.122,0,24.5605
13.01,pitch +10,0.298337,0.392991,-0.0641129,0.132794,0,0.174533,0.149419,-0.124655,-4.6949e-05,89.9732,90.1132,147.089,8.2875,nan,0.276259,0.27698,0.275406,0.277264,0.275359,0.27698,0.275359,0.275406,0.277264,1,0,0.0639359,0,-0.000875885,0.000447086,0.00152882,0.146917,0.12327,0,0,0,0.159228,0.121783,0.00615121,-0.692755,-1.57437,10.9947,11.1284,0,24.6717
13.02,pitch +10,0.299984,0.394183,-0.0640384,0.132672,0,0.174533,0.149074,-0.125071,0.000226677,89.9704,90.1104,147.172,8.30016,nan,0.276392,0.275363,0.277542,0.275391,0.277245,0.275363,0.277245,0.277542,0.275391,1,0,0.0639247,0,-0.000864197,-0.000511068,-0.00177221,0.146584,0.123605,0,0,0,0.1602,0.122572,0.00343933,-0.616768,-1.49931,11.066,11.1841,0,24.7824
13.03,pitch +10,0.301626,0.395381,-0.0639799,0.132545,0,0.174533,0.148746,-0.125538,0.000858697,89.9675,90.1075,147.255,8.31289,nan,0.276526,0.277083,0.276032,0.277175,0.275787,0.277083,0.275787,0.276032,0.277175,1,0,0.0639247,0,-0.000896015,-0.000290532,0.00107191,0.146261,0.123981,0,0,0,0.143575,0.129128,0.000410524,-0.552997,-1.52556,11.1045,11.2225,0,24.8939
13.04,pitch +10,0.303268,0.396582,-0.0639127,0.132421,0,0.174533,0.148322,-0.126034,-0.000374038,89.9646,90.1046,147.338,8.32569,nan,0.276661,0.275815,0.277523,0.275786,0.277491,0.275815,0.277491,0.277523,0.275786,1,0,0.063906,0,-3.88998e-06,-0.000116034,-0.00150003,0.145911,0.12435,0,0,0,0.1518,0.123313,0.00755718,-0.635625,-1.57225,11.0236,11.1533,0,25.0048
13.05,pitch +10,0.304907,0.397788,-0.0638933,0.132293,0,0.174533,0.147898,-0.126457,0.00083061,89.9616,90.1016,147.422,8.33855,nan,0.276796,0.277997,0.275766,0.277711,0.275683,0.277997,0.275683,0.275766,0.277711,1,0,0.0639396,0,0.000534454,-0.000699232,0.0018718,0.145715,0.124722,0,0,0,0.151292,0.120303,-0.00226555,-0.657978,-1.61166,11.0817,11.2176,0,25.118
13.06,pitch +10,0.306542,0.398997,-0.0638657,0.132174,0,0.174533,0.147481,-0.126892,0.000273317,89.9587,90.0987,147.505,8.35148,nan,0.276932,0.276228,0.277292,0.275993,0.278189,0.276228,0.278189,0.277292,0.275993,1,0,0.0639582,0,0.00300402,0.00125377,-0.00143311,0.145504,0.125057,0,0,0,0.152048,0.118386,0.00290303,-0.566035,-1.63845,11.0731,11.2079,0,25.2305
13.07,pitch +10,0.308175,0.40021,-0.0638313,0.132068,0,0.174533,0.14702,-0.127396,0.000511333,89.9557,90.0957,147.589,8.36448,nan,0.277069,0.276274,0.277797,0.275925,0.278254,0.276274,0.278254,0.277797,0.275925,1,0,0.0639806,0,0.00213697,0.000202988,-0.0016927,0.145261,0.125392,0,0,0,0.154361,0.131317,-0.00506991,-0.702081,-1.58109,11.1049,11.2388,0,25.3421
13.08,pitch +10,0.309804,0.401428,-0.0637871,0.131931,0,0.174533,0.146594,-0.127834,0.000350077,89.9527,90.0927,147.672,8.37756,nan,0.277207,0.27494,0.279081,0.275558,0.279223,0.27494,0.279223,0.279081,0.275558,1,0,0.0639955,0,-0.00126488,0.0014392,-0.0034309,0.144997,0.125774,0,0,0,0.154989,0.1235,0.000446757,-0.71145,-1.52215,11.0734,11.2001,0,25.4544
13.09,pitch +10,0.311431,0.40265,-0.0637203,0.131802,0,0.174533,0.146172,-0.128281,0.000745495,89.9496,90.0896,147.756,8.39071,nan,0.277346,0.275522,0.278845,0.27583,0.279161,0.275522,0.279161,0.278845,0.27583,1,0,0.0639918,0,2.20401e-05,0.00118119,-0.00292429,0.144682,0.12616,0,0,0,0.161012,0.137726,0.00378405,-0.582723,-1.55871,11.0576,11.1821,0,25.5655
13.1,pitch +10,0.313053,0.403878,-0.0636817,0.131669,0,0.174533,0.14572,-0.128811,0.00135835,89.9465,90.0865,147.84,8.4039,nan,0.277486,0.276904,0.278197,0.276806,0.278008,0.276904,0.278008,0.278197,0.276806,1,0,0.0639955,0,-0.000242247,-0.000543464,-0.00109667,0.144414,0.126522,0,0,0,0.140894,0.131347,-0.00903326,-0.532756,-1.50569,11.1174,11.2315,0,25.6779
13.11,pitch +10,0.314673,0.40511,-0.0636128,0.131515,0,0.174533,0.145292,-0.129234,0.00134231,89.9434,90.0834,147.924,8.41717,nan,0.277627,0.278881,0.276266,0.27884,0.276491,0.278881,0.276491,0.276266,0.27884,1,0,0.0640067,0,0.000706177,0.000350167,0.00218221,0.14406,0.126972,0,0,0,0.144405,0.121865,0.00100994,-0.568536,-1.56148,11.094,11.2178,0,25.7897
13.12,pitch +10,0.316291,0.406345,-0.0635705,0.131397,0,0.174533,0.1449,-0.129752,0.00122912,89.9403,90.0803,148.009,8.43051,nan,0.277768,0.278362,0.277232,0.278238,0.277212,0.278362,0.277212,0.277232,0.278238,1,0,0.0640328,0,0.000275399,-0.000275038,0.000947609,0.143787,0.127339,0,0,0,0.151682,0.126564,0.00575942,-0.719042,-1.57007,11.1425,11.2755,0,25.9013
13.13,pitch +10,0.317909,0.407583,-0.0635297,0.131303,0,0.174533,0.144477,-0.130245,0.000668612,89.9371,90.0771,148.093,8.44391,nan,0.27791,0.278198,0.277417,0.278564,0.277433,0.278198,0.277433,0.277417,0.278564,1,0,0.0640216,0,-0.000928512,0.000725516,0.000840512,0.143498,0.127618,0,0,0,0.147468,0.123164,0.00235349,-0.788464,-1.62781,11.2355,11.3802,0,26.0119
13.14,pitch +10,0.319526,0.408824,-0.0634843,0.131188,0,0.174533,0.144009,-0.130659,0.000639839,89.934,90.074,148.177,8.45741,nan,0.278053,0.277453,0.278223,0.277985,0.278524,0.277453,0.278524,0.278223,0.277985,1,0,0.0640402,0,-0.000616092,0.00157889,-0.000575111,0.143255,0.127951,0,0,0,0.15913,0.130464,-0.00188859,-0.735662,-1.57321,11.1162,11.251,0,26.1233
13.15,pitch +10,0.321139,0.410068,-0.0634557,0.131097,0,0.174533,0.143544,-0.131089,0.000356617,89.9307,90.0707,148.262,8.47099,nan,0.278197,0.278681,0.277804,0.278779,0.277496,0.278681,0.277496,0.277804,0.278779,1,0,0.0640291,0,-0.00107758,-0.000398697,0.000949543,0.14304,0.128201,0,0,0,0.146032,0.138544,0.00454207,-0.723326,-1.42271,11.1563,11.2699,0,26.2345
13.16,pitch +10,0.322751,0.411315,-0.063379,0.130947,0,0.174533,0.143094,-0.131486,0.00107926,89.9275,90.0675,148.347,8.48462,nan,0.278342,0.27763,0.278618,0.278266,0.278826,0.27763,0.278826,0.278618,0.278266,1,0,0.0640439,0,-0.00113502,0.00160022,-0.000680853,0.142686,0.128642,0,0,0,0.156664,0.140904,-0.0145233,-0.680134,-1.47043,11.1364,11.2536,0,26.3457
13.17,pitch +10,0.324359,0.412568,-0.0633081,0.130833,0,0.174533,0.142753,-0.132026,0.00130912,89.9242,90.0642,148.432,8.49833,nan,0.278488,0.278008,0.279249,0.277655,0.27901,0.278008,0.27901,0.279249,0.277655,1,0,0.0640291,0,0.000303579,-0.00112032,-0.00114121,0.142337,0.128951,0,0,0,0.146763,0.136634,-0.00100593,-0.554532,-1.47092,11.1997,11.3094,0,26.4558
13.18,pitch +10,0.325962,0.413828,-0.0633163,0.130739,0,0.174533,0.142465,-0.132574,0.00270555,89.9209,90.0609,148.517,8.51214,nan,0.278634,0.279088,0.278089,0.278958,0.278373,0.279088,0.278373,0.278089,0.278958,1,0,0.0640663,0,0.00109688,0.000289656,0.000696511,0.142206,0.129242,0,0,0,0.149898,0.134363,0.00344617,-0.687901,-1.53526,11.2006,11.3262,0,26.5686
13.19,pitch +10,0.327564,0.415093,-0.0632991,0.130633,0,0.174533,0.142277,-0.133088,0.00262679,89.9176,90.0576,148.602,8.52603,nan,0.278782,0.278938,0.278364,0.279236,0.278559,0.278938,0.278559,0.278364,0.279236,1,0,0.0640923,0,-0.000274054,0.000935105,0.000549782,0.142002,0.129556,0,0,0,0.15098,0.129274,-0.00483745,-0.773092,-1.55281,11.1081,11.2428,0,26.6809
13.2,pitch +10,0.329166,0.416362,-0.0632444,0.130511,0,0.174533,0.142048,-0.133515,0.00176321,89.9142,90.0542,148.687,8.53998,nan,0.27893,0.278008,0.279474,0.278252,0.279957,0.278008,0.279957,0.279474,0.278252,1,0,0.0640923,0,0.000635071,0.00137782,-0.00139381,0.141698,0.129898,0,0,0,0.152368,0.125999,-0.000212247,-0.780309,-1.52035,11.1474,11.2776,0,26.7921
13.21,pitch +10,0.330769,0.417633,-0.0632145,0.130428,0,0.174533,0.141813,-0.13391,0.00157966,89.9108,90.0508,148.773,8.55403,nan,0.27908,0.278298,0.279704,0.278352,0.279934,0.278298,0.279934,0.279704,0.278352,1,0,0.0640812,0,0.000466485,0.000538454,-0.00131369,0.14151,0.130134,0,0,0,0.163828,0.135686,-0.0152894,-0.747808,-1.4304,11.1112,11.2278,0,26.9031
13.22,pitch +10,0.332373,0.418907,-0.0631415,0.130317,0,0.174533,0.141584,-0.134212,0.00199784,89.9074,90.0474,148.858,8.56814,nan,0.27923,0.278199,0.280283,0.27845,0.279957,0.278199,0.279957,0.280283,0.27845,1,0,0.06407,0,-0.00152852,-0.000143461,-0.0015784,0.141175,0.130424,0,0,0,0.153362,0.135606,0.00885513,-0.561537,-1.39191,11.2671,11.3666,0,27.0134
13.23,pitch +10,0.333974,0.420184,-0.0630638,0.130188,0,0.174533,0.141345,-0.13453,0.00255958,89.904,90.044,148.944,8.58232,nan,0.279381,0.279522,0.279245,0.279573,0.279153,0.279522,0.279153,0.279245,0.279573,1,0,0.0640663,0,-0.000380013,-7.91905e-05,0.000306069,0.140754,0.130798,0,0,0,0.135401,0.121651,-0.00137362,-0.641958,-1.47848,11.2194,11.3346,0,27.1242
13.24,pitch +10,0.335574,0.421464,-0.0630062,0.130057,0,0.174533,0.141026,-0.134904,0.00164591,89.9005,90.0405,149.03,8.5966,nan,0.279533,0.278957,0.279596,0.279259,0.280288,0.278957,0.280288,0.279596,0.279259,1,0,0.0640812,0,0.00103632,0.00188416,-0.000732973,0.140457,0.1312,0,0,0,0.153276,0.131708,-0.0018653,-0.671573,-1.50533,11.2089,11.3295,0,27.2358
13.25,pitch +10,0.337176,0.422745,-0.0629729,0.129974,0,0.174533,0.140743,-0.135274,0.00177573,89.897,90.037,149.116,8.61097,nan,0.279686,0.279096,0.280363,0.278998,0.280255,0.279096,0.280255,0.280363,0.278998,1,0,0.0640812,0,-2.85357e-05,-0.000390389,-0.00110905,0.140224,0.131444,0,0,0,0.154049,0.136433,-0.00206618,-0.754178,-1.43068,11.2382,11.354,0,27.3467
13.26,pitch +10,0.338775,0.424029,-0.0629202,0.129861,0,0.174533,0.140445,-0.1356,0.00213059,89.8934,90.0334,149.202,8.6254,nan,0.279839,0.27904,0.280581,0.27913,0.280576,0.27904,0.280576,0.280581,0.27913,1,0,0.0640812,0,-0.000250718,0.00015989,-0.00131238,0.139936,0.13176,0,0,0,0.14556,0.13385,0.00430175,-0.744315,-1.37201,11.1922,11.3005,0,27.4581
13.27,pitch +10,0.340372,0.425318,-0.0628678,0.129775,0,0.174533,0.140132,-0.135939,0.00271983,89.8898,90.0298,149.289,8.6399,nan,0.279994,0.27982,0.279996,0.28036,0.27977,0.27982,0.27977,0.279996,0.28036,1,0,0.0640663,0,-0.00203316,0.00059388,0.000181477,0.139657,0.131998,0,0,0,0.151918,0.134301,0.00824442,-0.677815,-1.39662,11.2806,11.3869,0,27.5683
13.28,pitch +10,0.341968,0.426609,-0.0627799,0.129618,0,0.174533,0.139788,-0.136305,0.00279804,89.8862,90.0262,149.375,8.65447,nan,0.28015,0.280191,0.280014,0.280065,0.280298,0.280191,0.280298,0.280014,0.280065,1,0,0.06407,0,0.0010853,0.000300297,-2.42267e-05,0.139274,0.132463,0,0,0,0.151043,0.146545,-0.00464158,-0.585467,-1.38039,11.2343,11.3339,0,27.6798
13.29,pitch +10,0.343564,0.427902,-0.0627249,0.129475,0,0.174533,0.139533,-0.136719,0.00189776,89.8826,90.0226,149.462,8.66911,nan,0.280306,0.279384,0.281276,0.279722,0.280812,0.279384,0.280812,0.281276,0.279722,1,0,0.0640998,0,-0.00213077,-0.000239564,-0.00131079,0.138933,0.132881,0,0,0,0.148972,0.129308,0.0027839,-0.659738,-1.50343,11.1902,11.31,0,27.792
13.3,pitch +10,0.345162,0.429196,-0.062654,0.129332,0,0.174533,0.139303,-0.137101,0.0018193,89.8789,90.0189,149.548,8.68383,nan,0.280464,0.279856,0.280799,0.280144,0.281025,0.279856,0.281025,0.280799,0.280144,1,0,0.0640998,0,-0.000164135,0.000973544,-0.000801847,0.138572,0.133308,0,0,0,0.145638,0.134936,0.00653404,-0.754923,-1.4626,11.291,11.4103,0,27.9036
13.31,pitch +10,0.34676,0.430493,-0.0626097,0.129197,0,0.174533,0.139079,-0.137486,0.00163354,89.8752,90.0152,149.635,8.69867,nan,0.280622,0.279927,0.281086,0.280272,0.281172,0.279927,0.281172,0.281086,0.280272,1,0,0.0641184,0,-0.000689708,0.000816383,-0.000905209,0.138294,0.1337,0,0,0,0.141925,0.127338,0.00428362,-0.750281,-1.51149,11.2266,11.3527,0,28.0163
13.32,pitch +10,0.348359,0.431793,-0.0625228,0.129076,0,0.174533,0.138844,-0.137908,0.00155206,89.8715,90.0115,149.722,8.7136,nan,0.280781,0.279627,0.281966,0.279939,0.281562,0.279627,0.281562,0.281966,0.279939,1,0,0.0641221,0,-0.00189871,-0.000176611,-0.00174138,0.137929,0.134037,0,0,0,0.139439,0.134033,0.00314219,-0.727109,-1.38302,11.294,11.4016,0,28.1267
13.33,pitch +10,0.349957,0.433097,-0.062444,0.128944,0,0.174533,0.138617,-0.138379,0.00181594,89.8677,90.0077,149.81,8.72859,nan,0.280942,0.281431,0.280541,0.281707,0.280056,0.281431,0.280056,0.280541,0.281707,1,0,0.0641221,0,-0.00202043,-0.000396358,0.0011164,0.137575,0.134407,0,0,0,0.142024,0.134115,0.000511443,-0.635753,-1.37176,11.3029,11.4036,0,28.2378
13.34,pitch +10,0.351554,0.434405,-0.0623372,0.128802,0,0.174533,0.138432,-0.138762,0.00216408,89.8639,90.0039,149.897,8.74364,nan,0.281103,0.281955,0.280355,0.282009,0.28006,0.281955,0.28006,0.280355,0.282009,1,0,0.0641147,0,-0.000923637,-0.00045728,0.00155997,0.137114,0.134852,0,0,0,0.154272,0.140092,0.00467851,-0.685931,-1.47079,11.2366,11.3532,0,28.3483
13.35,pitch +10,0.353153,0.435715,-0.0622378,0.128631,0,0.174533,0.138232,-0.139158,0.00174632,89.8601,90.0001,149.984,8.75878,nan,0.281265,0.281229,0.281132,0.28129,0.281378,0.281229,0.281378,0.281132,0.28129,1,0,0.0641295,0,0.0004908,0.000582299,4.11725e-06,0.136683,0.135341,0,0,0,0.147692,0.129432,0.0027963,-0.700516,-1.49939,11.3312,11.4514,0,28.4604
13.36,pitch +10,0.354752,0.437028,-0.0621427,0.128485,0,0.174533,0.137972,-0.139628,0.00157059,89.8563,89.9963,150.072,8.77401,nan,0.281428,0.281613,0.280963,0.281885,0.281219,0.281613,0.281219,0.280963,0.281885,1,0,0.0641332,0,-4.26694e-05,0.000999619,0.000578403,0.136272,0.135799,0,0,0,0.160081,0.144841,0.00868125,-0.829545,-1.4345,11.3377,11.4582,0,28.5717
13.37,pitch +10,0.356352,0.438345,-0.0620653,0.128367,0,0.174533,0.137675,-0.140171,0.00195734,89.8524,89.9924,150.16,8.78933,nan,0.281592,0.281283,0.281864,0.281571,0.281618,0.281283,0.281618,0.281864,0.281571,1,0,0.0641295,0,-0.00141552,7.99597e-05,-0.000276285,0.135954,0.136081,0,0,0,0.151423,0.140148,-0.00116412,-0.672045,-1.23196,11.3506,11.437,0,28.6826
13.38,pitch +10,0.357949,0.439667,-0.0619694,0.128222,0,0.174533,0.137361,-0.140711,0.00203231,89.8484,89.9884,150.248,8.80473,nan,0.281757,0.280767,0.282717,0.28071,0.282802,0.280767,0.282802,0.282717,0.28071,1,0,0.0641258,0,0.000376584,5.4628e-05,-0.00177666,0.135535,0.136498,0,0,0,0.144549,0.139231,-0.00318458,-0.563972,-1.24889,11.2543,11.3374,0,28.7941
13.39,pitch +10,0.359544,0.440995,-0.0618895,0.128069,0,0.174533,0.137034,-0.141271,0.00242566,89.8445,89.9845,150.336,8.82021,nan,0.281923,0.282396,0.281367,0.282647,0.28125,0.282396,0.28125,0.281367,0.282647,1,0,0.0641444,0,-0.000979516,0.000254154,0.00106619,0.135126,0.13696,0,0,0,0.136936,0.137203,0.00194965,-0.720833,-1.26687,11.2675,11.3614,0,28.9065
13.4,pitch +10,0.361141,0.442325,-0.0618327,0.127947,0,0.174533,0.136668,-0.141733,0.00195815,89.8405,89.9805,150.424,8.83577,nan,0.282091,0.28192,0.281607,0.282597,0.282204,0.28192,0.282204,0.281607,0.282597,1,0,0.0641593,0,-0.000213177,0.0024149,0.000309926,0.134816,0.137332,0,0,0,0.147202,0.136322,0.00597579,-0.740139,-1.41789,11.3695,11.4815,0,29.0187
13.41,pitch +10,0.362736,0.44366,-0.0617728,0.127839,0,0.174533,0.136367,-0.14228,0.00202743,89.8365,89.9765,150.513,8.85141,nan,0.282259,0.28154,0.283,0.281868,0.282592,0.28154,0.282592,0.283,0.281868,1,0,0.064163,0,-0.00194917,-0.000151144,-0.000959881,0.134502,0.137661,0,0,0,0.148164,0.142295,0.00180415,-0.841868,-1.34148,11.2653,11.3761,0,29.1304
13.42,pitch +10,0.36433,0.445,-0.0616682,0.127705,0,0.174533,0.1361,-0.142778,0.00262188,89.8324,89.9724,150.601,8.86713,nan,0.282428,0.28085,0.284037,0.281159,0.28363,0.28085,0.28363,0.284037,0.281159,1,0,0.064137,0,-0.00190096,-0.000185688,-0.00248714,0.134059,0.138016,0,0,0,0.137059,0.130322,-0.00965771,-0.844922,-1.26512,11.3979,11.499,0,29.2413
13.43,pitch +10,0.365919,0.446347,-0.061607,0.127602,0,0.174533,0.135817,-0.143153,0.00248984,89.8283,89.9683,150.69,8.88294,nan,0.282598,0.283118,0.281909,0.283018,0.282312,0.283118,0.282312,0.281909,0.283018,1,0,0.0641407,0,0.00133324,0.000573713,0.000841631,0.133752,0.138323,0,0,0,0.131437,0.146268,0.00100786,-0.666543,-1.31736,11.3576,11.4531,0,29.3528
13.44,pitch +10,0.367511,0.447694,-0.0615137,0.127489,0,0.174533,0.135532,-0.143505,0.00229269,89.8242,89.9642,150.779,8.89883,nan,0.282769,0.283073,0.282578,0.282981,0.282408,0.283073,0.282408,0.282578,0.282981,1,0,0.0641184,0,-0.000205309,-0.000497463,0.000469401,0.133319,0.138652,0,0,0,0.137141,0.134802,-0.00415498,-0.684927,-1.45701,11.4038,11.5169,0,29.4633
13.45,pitch +10,0.369104,0.449042,-0.0614167,0.127384,0,0.174533,0.135243,-0.143677,0.00233313,89.82,89.96,150.868,8.91481,nan,0.282941,0.28331,0.282363,0.283737,0.282318,0.28331,0.282318,0.282363,0.283737,1,0,0.0641109,0,-0.00125473,0.00072228,0.00103999,0.132904,0.138956,0,0,0,0.141733,0.138037,-0.00915068,-0.785524,-1.34947,11.444,11.55,0,29.5734
13.46,pitch +10,0.370698,0.450388,-0.0613809,0.1273,0,0.174533,0.134974,-0.143721,0.00117576,89.8158,89.9558,150.957,8.93088,nan,0.283114,0.283683,0.282423,0.283725,0.282589,0.283683,0.282589,0.282423,0.283725,1,0,0.0641072,0,0.000328771,0.000394062,0.00105312,0.132653,0.139222,0,0,0,0.148668,0.14712,-0.000422865,-0.886924,-1.32003,11.3696,11.4803,0,29.685
13.47,pitch +10,0.372294,0.451732,-0.0612715,0.127143,0,0.174533,0.134754,-0.14387,0.00128707,89.8116,89.9516,151.047,8.94704,nan,0.283288,0.281968,0.284631,0.282487,0.28403,0.281968,0.28403,0.284631,0.282487,1,0,0.0641072,0,-0.00297106,-0.000153872,-0.00184847,0.132239,0.139622,0,0,0,0.133283,0.139749,0.00423014,-0.656008,-1.22726,11.3888,11.4735,0,29.7967
13.48,pitch +10,0.373888,0.453078,-0.0611172,0.127014,0,0.174533,0.134305,-0.144074,0.00143679,89.8073,89.9473,151.136,8.96327,nan,0.283463,0.282457,0.28466,0.282132,0.284567,0.282457,0.284567,0.28466,0.282132,1,0,0.0640812,0,0.000616949,-0.000791651,-0.00203798,0.131643,0.140017,0,0,0,0.141914,0.1386,0.00192804,-0.664558,-1.37107,11.3968,11.4982,0,29.9054
13.49,pitch +10,0.375479,0.454425,-0.0610294,0.126893,0,0.174533,0.133768,-0.14423,0.00108467,89.803,89.943,151.226,8.97959,nan,0.283639,0.283088,0.284001,0.283541,0.28389,0.283088,0.28389,0.284001,0.283541,1,0,0.0640551,0,-0.00149434,0.000646944,-0.000554735,0.131211,0.140378,0,0,0,0.130714,0.134516,0.00104399,-0.787243,-1.36936,11.4382,11.5467,0,30.0162
13.5,pitch +10,0.377068,0.455771,-0.0609265,0.126773,0,0.174533,0.133107,-0.144355,0.00128247,89.7987,89.9387,151.316,8.99597,nan,0.283816,0.282522,0.285025,0.282781,0.284901,0.282522,0.284901,0.285025,0.282781,1,0,0.0640514,0,-0.00101625,0.000257134,-0.00203213,0.13084,0.140712,0,0,0,0.157477,0.136641,0.0113714,-0.818964,-1.22679,11.4066,11.5016,0,30.1263
13.51,pitch +10,0.378651,0.457118,-0.0608598,0.126667,0,0.174533,0.132403,-0.144419,0.001224,89.7943,89.9343,151.406,9.01244,nan,0.283994,0.282403,0.285108,0.283144,0.285286,0.282403,0.285286,0.285108,0.283144,1,0,0.0640551,0,-0.00149563,0.00174108,-0.00213055,0.130528,0.141011,0,0,0,0.146823,0.14389,0.00581866,-0.683794,-1.24303,11.544,11.6309,0,30.2371
13.52,pitch +10,0.380229,0.458466,-0.060718,0.126489,0,0.174533,0.131803,-0.144601,0.00157312,89.7899,89.9299,151.496,9.02902,nan,0.284173,0.285342,0.283058,0.285139,0.283116,0.285342,0.283116,0.283058,0.285139,1,0,0.0640551,0,0.00069272,-0.000274596,0.00189288,0.129952,0.141537,0,0,0,0.134875,0.145829,-0.00782014,-0.650777,-1.27178,11.4406,11.5295,0,30.3473
13.53,pitch +10,0.381806,0.459813,-0.0606395,0.126345,0,0.174533,0.1312,-0.144901,0.000343728,89.7855,89.9255,151.586,9.04568,nan,0.284353,0.284945,0.283785,0.284606,0.28404,0.284945,0.28404,0.283785,0.284606,1,0,0.0640849,0,0.00157599,-0.00015925,0.000758669,0.129562,0.141967,0,0,0,0.126845,0.143416,0.0047577,-0.659149,-1.35931,11.4794,11.5784,0,30.4587
13.54,pitch +10,0.383381,0.461161,-0.0605424,0.126214,0,0.174533,0.130643,-0.14527,0.00123089,89.781,89.921,151.677,9.06242,nan,0.284534,0.28516,0.283696,0.285491,0.283753,0.28516,0.283753,0.283696,0.285491,1,0,0.0640886,0,-0.00072416,0.000734089,0.00140768,0.129146,0.142377,0,0,0,0.136287,0.151396,-0.000309743,-0.795302,-1.3575,11.4416,11.5493,0,30.5688
13.55,pitch +10,0.384951,0.462514,-0.0604731,0.126096,0,0.174533,0.130027,-0.145644,0.00122465,89.7765,89.9165,151.768,9.07927,nan,0.284716,0.284136,0.285071,0.284896,0.284724,0.284136,0.284724,0.285071,0.284896,1,0,0.0640886,0,-0.00293733,0.000782388,-0.000335134,0.128818,0.142697,0,0,0,0.133118,0.145385,0.0116404,-0.809849,-1.26861,11.4775,11.5758,0,30.6793
13.56,pitch +10,0.386515,0.46387,-0.0603816,0.125965,0,0.174533,0.129313,-0.146034,0.00169279,89.7719,89.9119,151.859,9.09622,nan,0.284899,0.284908,0.285108,0.284351,0.285192,0.284908,0.285192,0.285108,0.284351,1,0,0.0640923,0,0.00170053,-0.000895935,-0.000457991,0.128454,0.143057,0,0,0,0.141274,0.142643,-0.00338662,-0.728027,-1.23352,11.4853,11.5743,0,30.7894
13.57,pitch +10,0.388073,0.465231,-0.0603095,0.125813,0,0.174533,0.12873,-0.146402,0.00137067,89.7673,89.9073,151.95,9.11323,nan,0.285083,0.285858,0.283993,0.2864,0.284042,0.285858,0.284042,0.283993,0.2864,1,0,0.0641332,0,-0.00130588,0.00112172,0.00185632,0.128106,0.14349,0,0,0,0.134818,0.136963,-0.0131268,-0.659178,-1.27884,11.5517,11.641,0,30.9009
13.58,pitch +10,0.389633,0.466592,-0.0602572,0.125701,0,0.174533,0.128242,-0.146808,0.0013719,89.7627,89.9027,152.041,9.13034,nan,0.285267,0.284839,0.285338,0.285156,0.285699,0.284839,0.285699,0.285338,0.285156,1,0,0.064163,0,0.000117717,0.00128474,-0.000457502,0.127809,0.143853,0,0,0,0.135685,0.145025,0.00562121,-0.824449,-1.29714,11.5398,11.6417,0,31.0118
13.59,pitch +10,0.391188,0.467957,-0.0601986,0.125582,0,0.174533,0.127843,-0.147209,0.00247406,89.758,89.898,152.132,9.14752,nan,0.285453,0.28554,0.285192,0.285971,0.285073,0.28554,0.285073,0.285192,0.285971,1,0,0.0641667,0,-0.00145855,0.000591668,0.000547353,0.127535,0.144176,0,0,0,0.139302,0.142506,0.00618073,-0.78768,-1.21599,11.4745,11.5656,0,31.1225
13.6,pitch +10,0.392741,0.469327,-0.0600897,0.125441,0,0.174533,0.127498,-0.147625,0.00169253,89.7533,89.8933,152.224,9.16478,nan,0.28564,0.285524,0.285891,0.285613,0.285494,0.285524,0.285494,0.285891,0.285613,1,0,0.0641667,0,-0.0012901,-0.000582117,-0.000108767,0.127115,0.144572,0,0,0,0.132157,0.148481,0.0126618,-0.739707,-1.10328,11.5574,11.6334,0,31.232
13.61,pitch +10,0.394295,0.470698,-0.0599623,0.125288,0,0.174533,0.127111,-0.148025,0.00163755,89.7486,89.8886,152.315,9.18213,nan,0.285828,0.285555,0.285919,0.286036,0.285762,0.285555,0.285762,0.285919,0.286036,1,0,0.0641667,0,-0.00169411,0.000614777,-3.94449e-05,0.126571,0.145037,0,0,0,0.12256,0.149376,0.00310869,-0.695376,-1.26245,11.5868,11.6761,0,31.3413
13.62,pitch +10,0.395847,0.472072,-0.0599124,0.125202,0,0.174533,0.126701,-0.148408,0.00147712,89.7438,89.8838,152.407,9.19956,nan,0.286016,0.28527,0.286676,0.285606,0.286475,0.28527,0.286475,0.286676,0.285606,1,0,0.0641704,0,-0.00142439,0.000255364,-0.000999387,0.126294,0.145282,0,0,0,0.132518,0.142958,0.00703119,-0.811288,-1.23027,11.6304,11.7234,0,31.451
13.63,pitch +10,0.397397,0.47345,-0.0598715,0.125077,0,0.174533,0.12633,-0.148848,0.0017131,89.739,89.879,152.499,9.21707,nan,0.286206,0.286547,0.285689,0.286749,0.285801,0.286547,0.285801,0.285689,0.286749,1,0,0.064215,0,-0.000238615,0.000594509,0.00079361,0.126024,0.145652,0,0,0,0.121167,0.145488,-0.00364478,-0.906502,-1.17543,11.6044,11.6989,0,31.5626
13.64,pitch +10,0.398949,0.47483,-0.0597521,0.124946,0,0.174533,0.126041,-0.149293,0.00126031,89.7341,89.8741,152.592,9.23468,nan,0.286396,0.286369,0.286113,0.286841,0.286224,0.286369,0.286224,0.286113,0.286841,1,0,0.064215,0,-0.000957344,0.00110544,0.000384082,0.125596,0.14604,0,0,0,0.135617,0.162097,0.0148656,-0.696462,-1.2298,11.598,11.6838,0,31.6715
13.65,pitch +10,0.400504,0.476209,-0.0596576,0.124814,0,0.174533,0.125826,-0.149727,1.44467e-05,89.7293,89.8693,152.684,9.2524,nan,0.286588,0.286917,0.286467,0.286881,0.286048,0.286917,0.286048,0.286467,0.286881,1,0,0.0642113,0,-0.00101455,-0.000863631,0.000563682,0.125175,0.146392,0,0,0,0.134696,0.137241,0.00573193,-0.813698,-1.17761,11.6001,11.6881,0,31.7813
13.66,pitch +10,0.402065,0.477589,-0.0595673,0.124678,0,0.174533,0.125684,-0.150106,-0.000199909,89.7243,89.8643,152.777,9.27024,nan,0.286781,0.287698,0.285945,0.287367,0.286074,0.287698,0.286074,0.285945,0.287367,1,0,0.0642187,0,0.00122144,-0.000382146,0.00133863,0.124749,0.146797,0,0,0,0.122927,0.13372,0.0115536,-0.837986,-1.2483,11.6318,11.7286,0,31.8917
13.67,pitch +10,0.403627,0.478971,-0.0594766,0.124564,0,0.174533,0.125501,-0.150448,0.000290003,89.7194,89.8594,152.87,9.28818,nan,0.286974,0.286028,0.287709,0.286441,0.287679,0.286028,0.287679,0.287709,0.286441,1,0,0.0642484,0,-0.00117397,0.00072644,-0.00128277,0.124403,0.147149,0,0,0,0.134214,0.159697,0.00965303,-0.871058,-1.10744,11.544,11.6297,0,32.0014
13.68,pitch +10,0.405186,0.480359,-0.0593174,0.124402,0,0.174533,0.125341,-0.150882,0.00131313,89.7144,89.8544,152.963,9.30622,nan,0.287169,0.286956,0.287427,0.287307,0.286947,0.286956,0.286947,0.287427,0.287307,1,0,0.0642336,0,-0.00220388,-0.000243669,-4.91427e-05,0.123859,0.147596,0,0,0,0.135823,0.153361,-0.00314808,-0.685097,-1.13553,11.6701,11.7452,0,32.1105
13.69,pitch +10,0.406742,0.481753,-0.0591611,0.12425,0,0.174533,0.125085,-0.151363,0.00149976,89.7093,89.8493,153.056,9.32435,nan,0.287364,0.28752,0.287184,0.28771,0.287005,0.28752,0.287005,0.287184,0.28771,1,0,0.0642224,0,-0.000977599,1.95553e-05,0.000457511,0.123241,0.14805,0,0,0,0.129355,0.147396,0.00193424,-0.773627,-1.19051,11.6188,11.7052,0,32.2193
13.7,pitch +10,0.4083,0.48315,-0.0590647,0.124148,0,0.174533,0.124732,-0.15182,0.00146397,89.7042,89.8442,153.149,9.34257,nan,0.287561,0.287533,0.287664,0.287754,0.287254,0.287533,0.287254,0.287664,0.287754,1,0,0.0642039,0,-0.00167351,-0.000359521,0.000161908,0.122828,0.14835,0,0,0,0.130815,0.147449,0.00467063,-0.833265,-1.1901,11.6652,11.7553,0,32.3284
13.71,pitch +10,0.409856,0.48455,-0.0589681,0.124041,0,0.174533,0.124292,-0.152033,0.000926877,89.6991,89.8391,153.242,9.36088,nan,0.287759,0.286594,0.288776,0.286555,0.28907,0.286594,0.28907,0.288776,0.286555,1,0,0.0642076,0,0.000882701,0.000482501,-0.00206432,0.122469,0.148653,0,0,0,0.137839,0.158169,-0.00183181,-0.790479,-1.08719,11.6605,11.7378,0,32.4378
13.72,pitch +10,0.411412,0.485949,-0.058831,0.123896,0,0.174533,0.123935,-0.152263,0.000985843,89.6939,89.8339,153.336,9.37929,nan,0.287957,0.287649,0.288286,0.287709,0.288146,0.287649,0.288146,0.288286,0.287709,1,0,0.0642001,0,-0.000529615,-0.00014972,-0.000471822,0.121925,0.149044,0,0,0,0.129774,0.134226,0.0043071,-0.716084,-1.15387,11.681,11.7597,0,32.5471
13.73,pitch +10,0.412967,0.48735,-0.0587405,0.123763,0,0.174533,0.12362,-0.152484,0.00107503,89.6887,89.8287,153.43,9.39778,nan,0.288157,0.289174,0.286888,0.288888,0.287639,0.289174,0.287639,0.286888,0.288888,1,0,0.0642187,0,0.00275068,0.000879772,0.00155338,0.121493,0.149479,0,0,0,0.121288,0.152511,0.0121799,-0.823388,-1.21885,11.7353,11.8271,0,32.6576
13.74,pitch +10,0.414523,0.488752,-0.0586887,0.123662,0,0.174533,0.123388,-0.152897,0.000749368,89.6835,89.8235,153.524,9.41636,nan,0.288358,0.287418,0.2894,0.28739,0.289184,0.287418,0.289184,0.2894,0.28739,1,0,0.064241,0,-0.000500497,-0.000462587,-0.00165959,0.121244,0.149757,0,0,0,0.130335,0.148789,0.00399257,-0.960613,-1.05114,11.6429,11.7297,0,32.7684
13.75,pitch +10,0.416076,0.49016,-0.0585052,0.123496,0,0.174533,0.123045,-0.153333,0.00243993,89.6782,89.8182,153.618,9.43504,nan,0.28856,0.288866,0.288303,0.288656,0.288375,0.288866,0.288375,0.288303,0.288656,1,0,0.0642261,0,0.000749163,-0.0002602,0.000370507,0.120639,0.150192,0,0,0,0.132277,0.136453,3.24927e-05,-0.663663,-1.06527,11.7115,11.7785,0,32.8768
13.76,pitch +10,0.417627,0.491572,-0.0583476,0.123319,0,0.174533,0.122646,-0.153823,0.00134002,89.6729,89.8129,153.713,9.45382,nan,0.288763,0.288604,0.288723,0.288584,0.2891,0.288604,0.2891,0.288723,0.288584,1,0,0.0642261,0,0.00105226,0.000676402,-0.000278822,0.119995,0.150724,0,0,0,0.124442,0.139004,-0.00195826,-0.700449,-1.11362,11.6489,11.723,0,32.9862
13.77,pitch +10,0.419178,0.492987,-0.0582996,0.123223,0,0.174533,0.122129,-0.154386,0.00208417,89.6675,89.8075,153.807,9.47269,nan,0.288967,0.288147,0.289696,0.288597,0.289386,0.288147,0.289386,0.289696,0.288597,1,0,0.0642484,0,-0.00201545,0.000264358,-0.00102745,0.119694,0.151034,0,0,0,0.121685,0.143771,-0.00596861,-0.937006,-1.10056,11.6709,11.7601,0,33.0972
13.78,pitch +10,0.420727,0.494407,-0.058208,0.123136,0,0.174533,0.12154,-0.155023,0.000865846,89.6621,89.8021,153.902,9.49165,nan,0.289172,0.288056,0.290156,0.288414,0.29002,0.288056,0.29002,0.290156,0.288414,1,0,0.064241,0,-0.00130964,0.000419126,-0.00162887,0.119344,0.151279,0,0,0,0.131204,0.153588,0.0103753,-0.804726,-1.0958,11.6669,11.7459,0,33.2061
13.79,pitch +10,0.422278,0.495828,-0.0580707,0.122995,0,0.174533,0.12102,-0.155669,0.000751989,89.6567,89.7967,153.997,9.5107,nan,0.289378,0.288663,0.290056,0.289167,0.289584,0.288663,0.289584,0.290056,0.289167,1,0,0.0642261,0,-0.0025881,5.96906e-05,-0.000795914,0.118844,0.151671,0,0,0,0.122419,0.153441,0.00215858,-0.72713,-1.02495,11.6692,11.7367,0,33.3154
13.8,pitch +10,0.423828,0.497254,-0.0579697,0.122924,0,0.174533,0.120504,-0.156196,0.00123802,89.6512,89.7912,154.092,9.52985,nan,0.289585,0.288647,0.29051,0.288516,0.290626,0.288647,0.290626,0.29051,0.288516,1,0,0.0641964,0,0.000655117,-3.04292e-05,-0.00174628,0.118345,0.151928,0,0,0,0.112822,0.161441,-0.0114284,-0.89366,-1.18044,11.7752,11.8679,0,33.4233
13.81,pitch +10,0.425372,0.498686,-0.0578977,0.122856,0,0.174533,0.119805,-0.156514,0.0017952,89.6457,89.7857,154.188,9.5491,nan,0.289794,0.290528,0.289468,0.290105,0.289032,0.290528,0.289032,0.289468,0.290105,1,0,0.0641927,0,-3.44948e-05,-0.00162616,0.000937759,0.118029,0.152108,0,0,0,0.123258,0.158057,0.00210929,-0.93901,-1.08708,11.6597,11.7478,0,33.532
13.82,pitch +10,0.426913,0.500118,-0.0577768,0.122733,0,0.174533,0.119097,-0.156736,0.00134712,89.6401,89.7801,154.283,9.56846,nan,0.290003,0.288498,0.291882,0.288373,0.291218,0.288498,0.291218,0.291882,0.288373,1,0,0.0641741,0,-0.00143084,-0.00149414,-0.00273754,0.117599,0.152429,0,0,0,0.11338,0.16271,-0.000648545,-0.827026,-0.964854,11.7584,11.8268,0,33.6409
13.83,pitch +10,0.428445,0.501555,-0.05759,0.122585,0,0.174533,0.118493,-0.156958,0.00278896,89.6345,89.7745,154.379,9.58791,nan,0.290213,0.289464,0.290861,0.289958,0.290528,0.289464,0.290528,0.290861,0.289958,1,0,0.064163,0,-0.00219249,0.000305529,-0.000864241,0.116908,0.152867,0,0,0,0.117222,0.160068,-0.0105789,-0.745547,-1.05315,11.664,11.7352,0,33.748
13.84,pitch +10,0.429974,0.502993,-0.0575542,0.1225,0,0.174533,0.11791,-0.157167,0.00271733,89.6288,89.7688,154.475,9.60746,nan,0.290425,0.290972,0.289533,0.291249,0.289903,0.290972,0.289903,0.289533,0.291249,1,0,0.0641816,0,0.000243311,0.0012264,0.00122399,0.116642,0.153144,0,0,0,0.121212,0.162335,-0.00561445,-0.934317,-1.10033,11.7269,11.8154,0,33.8585
13.85,pitch +10,0.4315,0.504432,-0.0574287,0.122383,0,0.174533,0.117388,-0.157427,0.00231383,89.6231,89.7631,154.571,9.62708,nan,0.290638,0.28948,0.291992,0.289423,0.291612,0.28948,0.291612,0.291992,0.289423,1,0,0.064163,0,-0.000855253,-0.000826015,-0.00206603,0.116227,0.153421,0,0,0,0.117206,0.149981,0.00737971,-0.836164,-0.94749,11.7832,11.8508,0,33.9668
13.86,pitch +10,0.433023,0.505875,-0.0573044,0.12226,0,0.174533,0.116989,-0.157675,0.00296511,89.6174,89.7574,154.668,9.64682,nan,0.290851,0.290805,0.290936,0.290841,0.29078,0.290805,0.29078,0.290936,0.290841,1,0,0.0641555,0,-0.000513189,-0.000227227,-3.08506e-05,0.115705,0.153804,0,0,0,0.123383,0.149804,0.00573345,-0.765669,-1.1322,11.7689,11.848,0,34.0751
13.87,pitch +10,0.434545,0.507319,-0.0572525,0.122159,0,0.174533,0.116642,-0.15787,0.00290202,89.6116,89.7516,154.764,9.66667,nan,0.291066,0.290895,0.291121,0.290799,0.291406,0.290895,0.291406,0.291121,0.290799,1,0,0.0641778,0,0.00100988,0.000358134,-0.000365967,0.115388,0.154133,0,0,0,0.124436,0.153369,0.000200599,-0.897239,-1.22148,11.8438,11.9404,0,34.1853
13.88,pitch +10,0.436068,0.508762,-0.0571835,0.122018,0,0.174533,0.116305,-0.158177,0.00183206,89.6058,89.7458,154.861,9.68665,nan,0.291282,0.291478,0.291273,0.291217,0.291115,0.291478,0.291115,0.291273,0.291217,1,0,0.0642298,0,0.000273057,-0.000793306,0.000134505,0.115092,0.154504,0,0,0,0.129409,0.149493,-0.00199925,-0.890253,-1.07918,11.8637,11.9459,0,34.2963
13.89,pitch +10,0.437592,0.510206,-0.0570511,0.121901,0,0.174533,0.115888,-0.158463,0.00203507,89.5999,89.7399,154.958,9.70674,nan,0.291499,0.291633,0.291398,0.29135,0.291569,0.291633,0.291569,0.291398,0.29135,1,0,0.0642187,0,0.0012033,-0.000211874,7.14176e-06,0.114596,0.15485,0,0,0,0.116205,0.164418,-0.0015202,-0.82633,-1.02654,11.8559,11.9289,0,34.4041
13.9,pitch +10,0.439117,0.511649,-0.0570056,0.121843,0,0.174533,0.115327,-0.158645,0.00117425,89.594,89.734,155.055,9.72695,nan,0.291717,0.291996,0.291835,0.291522,0.29147,0.291996,0.29147,0.291835,0.291522,1,0,0.0642076,0,0.000289098,-0.00159005,9.3379e-05,0.1143,0.155033,0,0,0,0.119087,0.15727,-0.00898133,-0.914377,-1.1419,11.9314,12.0207,0,34.5127
13.91,pitch +10,0.440643,0.513088,-0.0569641,0.121759,0,0.174533,0.114758,-0.158721,3.60642e-05,89.588,89.728,155.152,9.7473,nan,0.291936,0.291258,0.292114,0.292107,0.29222,0.291258,0.29222,0.292114,0.292107,1,0,0.0642261,0,-0.00197302,0.00180787,-0.000426365,0.114078,0.155255,0,0,0,0.115887,0.160637,0.00133537,-0.955011,-0.992187,11.7797,11.8599,0,34.6223
13.92,pitch +10,0.442169,0.514526,-0.05683,0.121614,0,0.174533,0.114169,-0.158927,0.000906639,89.582,89.722,155.25,9.76774,nan,0.292156,0.291802,0.292572,0.291671,0.292533,0.291802,0.292533,0.292572,0.291671,1,0,0.0642484,0,0.000245226,-0.000323506,-0.000717706,0.113616,0.155658,0,0,0,0.108954,0.161888,-0.00104702,-0.807449,-0.964615,11.8703,11.9367,0,34.731
13.93,pitch +10,0.443687,0.515966,-0.056686,0.121444,0,0.174533,0.113369,-0.15882,0.000956144,89.576,89.716,155.348,9.78827,nan,0.292378,0.29169,0.293299,0.291446,0.293031,0.29169,0.293031,0.293299,0.291446,1,0,0.0642707,0,-6.43178e-05,-0.00096874,-0.00140391,0.11304,0.156163,0,0,0,0.111702,0.147705,0.00277293,-0.844756,-1.09711,11.9239,12.004,0,34.84
13.94,pitch +10,0.445197,0.517403,-0.0565822,0.121329,0,0.174533,0.11234,-0.158269,0.00139946,89.5699,89.7099,155.446,9.80892,nan,0.292604,0.292679,0.292436,0.292574,0.292682,0.292679,0.292682,0.292436,0.292574,1,0,0.0642818,0,0.000931952,0.000266512,5.97196e-05,0.112636,0.156502,0,0,0,0.11905,0.154787,0.0063895,-0.945496,-0.994527,11.8129,11.8923,0,34.9477
13.95,pitch +10,0.446699,0.518834,-0.0564277,0.12117,0,0.174533,0.111554,-0.157754,0.00104202,89.5638,89.7038,155.544,9.82964,nan,0.292837,0.291284,0.294414,0.29154,0.294061,0.291284,0.294061,0.294414,0.29154,1,0,0.0642929,0,-0.00161416,-0.000182633,-0.00248356,0.112066,0.156959,0,0,0,0.117614,0.153763,0.00984277,-0.830908,-1.04614,11.8957,11.9705,0,35.0546
13.96,pitch +10,0.448191,0.520263,-0.0564043,0.12106,0,0.174533,0.110904,-0.157339,0.00236557,89.5576,89.6976,155.642,9.85041,nan,0.293074,0.292674,0.293184,0.292554,0.293838,0.292674,0.293838,0.293184,0.292554,1,0,0.0643337,0,0.00205248,0.00101224,-0.0007886,0.111835,0.157319,0,0,0,0.117363,0.151763,0.00536956,-0.916845,-1.19367,11.8878,11.9827,0,35.1644
13.97,pitch +10,0.449676,0.52169,-0.0563682,0.120928,0,0.174533,0.110483,-0.157021,0.00165684,89.5513,89.6913,155.741,9.87124,nan,0.293317,0.294405,0.292044,0.294171,0.292601,0.294405,0.292601,0.292044,0.294171,1,0,0.0644152,0,0.00209859,0.000611543,0.00172788,0.111676,0.157655,0,0,0,0.125241,0.153369,0.00570263,-0.856734,-0.990997,11.7442,11.817,0,35.2739
13.98,pitch +10,0.451166,0.523108,-0.0562001,0.120757,0,0.174533,0.110069,-0.156876,0.00160372,89.5451,89.6851,155.84,9.89209,nan,0.293565,0.293385,0.293552,0.293727,0.293547,0.293385,0.293547,0.293552,0.293727,1,0,0.0644226,0,-0.00091765,0.000638122,5.93936e-06,0.111053,0.158164,0,0,0,0.111566,0.159732,-0.00594417,-0.762605,-1.03439,11.8846,11.9539,0,35.3799
13.99,pitch +10,0.452652,0.524526,-0.0561391,0.120608,0,0.174533,0.109579,-0.156902,0.00158077,89.5387,89.6787,155.939,9.913,nan,0.293817,0.292624,0.295068,0.292337,0.295188,0.292624,0.295188,0.295068,0.292337,1,0,0.0644855,0,0.00108043,-0.000318654,-0.00232729,0.110702,0.158643,0,0,0,0.115065,0.160153,0.00722026,-0.954698,-1.12782,11.9383,12.0294,0,35.4889
14,level,0.454134,0.525946,-0.0561145,0.120469,0,0,0.109188,-0.156983,0.00173925,89.5324,89.6724,156.038,9.93395,nan,0.294073,0.293602,0.294484,0.294099,0.294054,0.293602,0.294054,0.294484,0.294099,1,0,0.0645594,0,-0.00245681,0.000127271,-0.000367731,0.110564,0.159,0,0,0,0.101237,0.158689,-0.000498679,-0.896501,-0.958875,11.9333,12.0052,0,35.5988
14.01,level,0.455614,0.527354,-0.056002,0.120306,0,0,0.109309,-0.152145,0.00203155,89.5259,89.6659,156.138,9.95493,nan,0.294332,0.303315,0.300819,0.28508,0.288063,0.303315,0.288063,0.300819,0.28508,1,0,0.132645,0,0.0145341,-0.0587204,-0.000213901,0.16707,-0.36085,0,0,0,0.11754,0.157094,0.000792848,-0.915973,-1.05208,11.9338,12.015,0,35.7057
14.02,level,0.457077,0.528653,-0.0559297,0.120049,0,0,0.111053,-0.132826,0.00104789,89.5194,89.6594,156.237,9.97596,nan,0.294595,0.302581,0.300822,0.286393,0.288531,0.302581,0.288531,0.300822,0.286393,1,0,0.132403,0,0.0103392,-0.0539631,-0.000166707,0.166885,-0.360129,0,0,0,0.121273,0.130198,0.00972445,-0.955857,-0.954367,11.8489,11.9256,0,35.8142
14.03,level,0.458504,0.529726,-0.0557476,0.119461,0,0,0.114197,-0.102232,0.00126145,89.5129,89.6529,156.337,9.99706,nan,0.294859,0.303229,0.300347,0.287259,0.28855,0.303229,0.28855,0.300347,0.287259,1,0,0.131811,0,0.0110714,-0.0526136,0.000699292,0.166351,-0.358419,0,0,0,0.120387,0.0983134,-0.000168447,-0.87281,-0.991547,11.8764,11.9497,0,35.9239
14.04,level,0.459878,0.530487,-0.0555729,0.118565,0,0,0.11839,-0.0634067,0.000900894,89.5063,89.6463,156.437,10.0182,nan,0.295124,0.302493,0.300032,0.288196,0.289723,0.302493,0.289723,0.300032,0.288196,1,0,0.130941,0,0.010579,-0.0466231,0.000411019,0.165844,-0.355796,0,0,0,0.123979,0.0540877,-0.00145708,-0.944386,-0.952254,11.8773,11.9528,0,36.0352
14.05,level,0.461192,0.530872,-0.0554235,0.117336,0,0,0.123227,-0.0189341,0.00037258,89.4997,89.6397,156.537,10.0394,nan,0.295387,0.301692,0.299895,0.289418,0.29049,0.301692,0.29049,0.299895,0.289418,1,0,0.129799,0,0.00761109,-0.0410791,0.000318964,0.165458,-0.352183,0,0,0,0.130657,0.0189716,0.00263453,-0.859293,-0.919749,11.9443,12.0104,0,36.1474
14.06,level,0.462438,0.530842,-0.0551799,0.115589,0,0,0.128406,0.028779,0.000878629,89.493,89.633,156.638,10.0606,nan,0.295646,0.301133,0.299203,0.290789,0.291408,0.301133,0.291408,0.299203,0.290789,1,0,0.128129,0,0.00676129,-0.0343723,0.000576172,0.164729,-0.347009,0,0,0,0.12857,-0.0288321,-0.00480288,-0.883283,-0.940308,11.8572,11.9272,0,36.2624
14.07,level,0.463608,0.530381,-0.054966,0.113412,0,0,0.133595,0.0773408,0.00105142,89.4862,89.6262,156.739,10.082,nan,0.295901,0.299539,0.299624,0.291037,0.293352,0.299539,0.293352,0.299624,0.291037,1,0,0.12609,0,0.00591439,-0.0279947,-0.0010548,0.164118,-0.340541,0,0,0,0.137691,-0.0734356,-0.00743042,-1.00092,-0.902075,11.9521,12.0278,0,36.3807
14.08,level,0.464699,0.529492,-0.0547119,0.110774,0,0,0.138636,0.124888,0.000924857,89.4794,89.6194,156.84,10.1035,nan,0.296148,0.299399,0.298871,0.292572,0.293703,0.299399,0.293703,0.298871,0.292572,1,0,0.123639,0,0.00440036,-0.0227269,-0.000264881,0.163445,-0.332717,0,0,0,0.145667,-0.11519,-0.00524263,-0.827876,-0.901874,11.973,12.0355,0,36.5002
14.09,level,0.465714,0.528189,-0.0544207,0.107691,0,0,0.143314,0.170012,0.00163473,89.4726,89.6126,156.941,10.125,nan,0.296388,0.297873,0.299312,0.292998,0.295323,0.297873,0.295323,0.299312,0.292998,1,0,0.120765,0,0.00235094,-0.0167955,-0.00165439,0.162558,-0.323528,0,0,0,0.145912,-0.175078,0.000606562,-0.899802,-0.980444,11.9743,12.048,0,36.6214
14.1,level,0.466659,0.526501,-0.0542361,0.104275,0,0,0.147535,0.211535,0.00205337,89.4657,89.6057,157.042,10.1468,nan,0.296619,0.29841,0.297607,0.29496,0.295452,0.29841,0.295452,0.297607,0.29496,1,0,0.117645,0,0.00343449,-0.010619,0.000136206,0.162034,-0.313312,0,0,0,0.156817,-0.213483,0.0161772,-1.03839,-0.902747,11.9686,12.0474,0,36.7457
14.11,level,0.467543,0.524462,-0.0539966,0.100499,0,0,0.151309,0.248355,0.00231229,89.4587,89.5987,157.144,10.1686,nan,0.296838,0.297694,0.297319,0.29621,0.296088,0.297694,0.296088,0.297319,0.29621,1,0,0.114232,0,0.000670519,-0.00514325,0.000218692,0.161399,-0.30209,0,0,0,0.155662,-0.250516,-0.00815602,-0.92393,-0.900375,12.1354,12.2038,0,36.8691
14.12,level,0.468372,0.522119,-0.0538718,0.0964808,0,0,0.154485,0.279819,0.00328372,89.4518,89.5918,157.245,10.1907,nan,0.297046,0.297794,0.296362,0.297075,0.296913,0.297794,0.296913,0.296362,0.297075,1,0,0.110659,0,0.00337048,-0.000318872,0.000700473,0.161058,-0.290083,0,0,0,0.159333,-0.291212,0.000688873,-0.8745,-0.947211,12.064,12.1326,0,36.9953
14.13,level,0.469157,0.519522,-0.0539098,0.0924563,0,0,0.157262,0.305672,0.002467,89.4447,89.5847,157.347,10.2129,nan,0.297242,0.295143,0.298342,0.295993,0.29945,0.295143,0.29945,0.298342,0.295993,1,0,0.107144,0,0.000684979,0.00371055,-0.00292572,0.161149,-0.277946,0,0,0,0.158125,-0.311337,0.00483986,-1.00867,-0.956036,12.1038,12.1833,0,37.1181
14.14,level,0.469913,0.516719,-0.053952,0.0883067,0,0,0.159569,0.325803,0.00250571,89.4377,89.5777,157.45,10.2352,nan,0.297424,0.297085,0.295973,0.299179,0.297424,0.297085,0.297424,0.295973,0.299179,1,0,0.103631,0,-0.00170613,0.00671655,0.00126028,0.161379,-0.265596,0,0,0,0.173881,-0.327056,-0.00173704,-0.921763,-0.881796,12.1817,12.2483,0,37.2379
14.15,level,0.47065,0.513762,-0.0540439,0.0841624,0,0,0.161441,0.34022,0.00330146,89.4306,89.5706,157.552,10.2576,nan,0.297593,0.297583,0.295209,0.299679,0.297869,0.297583,0.297869,0.295209,0.299679,1,0,0.100178,0,0.00149602,0.00901149,0.00183923,0.161702,-0.253189,0,0,0,0.172488,-0.332992,-0.0116445,-0.773361,-0.971702,12.0713,12.135,0,37.3537
14.16,level,0.471377,0.510701,-0.054238,0.0802429,0,0,0.162897,0.349253,0.00298152,89.4235,89.5635,157.655,10.2803,nan,0.297748,0.296499,0.295689,0.299849,0.298926,0.296499,0.298926,0.295689,0.299849,1,0,0.0969502,0,-0.000299871,0.012484,0.000761645,0.162254,-0.241254,0,0,0,0.166677,-0.360923,-1.89927e-05,-1.03621,-1.07936,12.1379,12.2298,0,37.4599
14.17,level,0.472104,0.507583,-0.0544945,0.0766377,0,0,0.163935,0.35325,0.00291614,89.4163,89.5563,157.758,10.3032,nan,0.29789,0.296261,0.29599,0.299999,0.299284,0.296261,0.299284,0.29599,0.299999,1,0,0.0941191,0,-0.00117778,0.0133234,0.00043305,0.163061,-0.230415,0,0,0,0.165464,-0.361144,0.00839824,-1.00393,-0.951345,12.1443,12.2228,0,37.5534
14.18,level,0.472841,0.504451,-0.054671,0.0734368,0,0,0.164755,0.352612,0.00303112,89.4091,89.5491,157.861,10.3262,nan,0.298019,0.295172,0.296677,0.299195,0.301009,0.295172,0.301009,0.296677,0.299195,1,0,0.0916151,0,0.000821293,0.0158314,-0.00145896,0.163693,-0.220681,0,0,0,0.174249,-0.353057,0.00473541,-1.04557,-0.843664,12.1398,12.2139,0,37.6266
14.19,level,0.473595,0.501346,-0.0548055,0.0704709,0,0,0.16536,0.347939,0.00392452,89.4019,89.5419,157.964,10.3495,nan,0.298136,0.297386,0.295149,0.300872,0.299115,0.297386,0.299115,0.295149,0.300872,1,0,0.0893482,0,0.00127389,0.0141224,0.00175533,0.164072,-0.211867,0,0,0,0.176623,-0.345571,-0.00247347,-0.915354,-0.817143,12.1721,12.2338,0,37.6897
14.2,level,0.474374,0.498299,-0.0548893,0.0677344,0,0,0.165781,0.339923,0.00390486,89.3947,89.5347,158.068,10.3729,nan,0.298241,0.296394,0.295832,0.300827,0.29989,0.296394,0.29989,0.295832,0.300827,1,0,0.0872659,0,-0.0009934,0.0160884,0.000658665,0.164333,-0.203716,0,0,0,0.177404,-0.346149,-0.00615209,-0.861691,-0.900711,12.1294,12.1933,0,37.744
14.21,level,0.475187,0.495335,-0.0549069,0.0652528,0,0,0.166051,0.328992,0.00321898,89.3875,89.5275,158.172,10.3965,nan,0.298334,0.295972,0.297035,0.299762,0.300551,0.295972,0.300551,0.297035,0.299762,1,0,0.0853482,0,-0.000728595,0.0138428,-0.000814465,0.1644,-0.196197,0,0,0,0.161502,-0.337767,-0.00218313,-0.883439,-0.893947,12.1433,12.2081,0,37.789
14.22,level,0.476035,0.492481,-0.0547976,0.0630906,0,0,0.166184,0.315783,0.00353855,89.3802,89.5202,158.276,10.4202,nan,0.298418,0.29791,0.295618,0.301421,0.298707,0.29791,0.298707,0.295618,0.301421,1,0,0.0836149,0,-0.00111998,0.0125043,0.00220018,0.164114,-0.189649,0,0,0,0.162703,-0.327771,-0.00176256,-0.925845,-0.926831,12.1247,12.1953,0,37.8204
14.23,level,0.476925,0.48975,-0.0545988,0.0611951,0,0,0.166129,0.301075,0.0029713,89.3729,89.5129,158.38,10.4441,nan,0.298492,0.297164,0.29636,0.300371,0.30006,0.297164,0.30006,0.29636,0.300371,1,0,0.082069,0,0.00130573,0.0130885,0.000489964,0.163546,-0.183934,0,0,0,0.169896,-0.310335,0.00336701,-0.92822,-0.955014,12.2974,12.3693,0,37.8428
14.24,level,0.477855,0.487155,-0.0542492,0.0595785,0,0,0.165976,0.28536,0.00262718,89.3656,89.5056,158.485,10.4681,nan,0.298558,0.296663,0.297251,0.299877,0.30043,0.296663,0.30043,0.297251,0.299877,1,0,0.0806118,0,-9.31554e-05,0.0121128,-0.0005017,0.16255,-0.179019,0,0,0,0.172344,-0.298748,-0.00125302,-1.03148,-0.987289,12.1634,12.247,0,37.8538
14.25,level,0.478825,0.484702,-0.0537527,0.0582971,0,0,0.165549,0.26914,0.00284768,89.3583,89.4983,158.589,10.4922,nan,0.298617,0.296551,0.297719,0.299532,0.300655,0.296551,0.300655,0.297719,0.299532,1,0,0.0793385,0,-0.000117838,0.0112099,-0.00100674,0.16112,-0.175121,0,0,0,0.18211,-0.283981,0.00248025,-1.0912,-0.958854,12.3612,12.4463,0,37.8514
14.26,level,0.479831,0.482396,-0.053435,0.0570198,0,0,0.164929,0.25285,0.00260727,89.351,89.491,158.694,10.5165,nan,0.298669,0.297265,0.29763,0.299843,0.29993,0.297265,0.29993,0.29763,0.299843,1,0,0.0781849,0,-0.000737513,0.00924193,-0.000198946,0.160153,-0.171261,0,0,0,0.171331,-0.261068,0.0032087,-1.01848,-0.927224,12.2298,12.3071,0,37.862
14.27,level,0.480872,0.480235,-0.0529385,0.0561151,0,0,0.164146,0.2369,0.00288633,89.3437,89.4837,158.8,10.5409,nan,0.298716,0.297796,0.297576,0.300425,0.299059,0.297796,0.299059,0.297576,0.300425,1,0,0.0771656,0,-0.00303997,0.00778827,0.000697175,0.158668,-0.168495,0,0,0,0.154008,-0.238156,-0.00842554,-1.05445,-0.905823,12.1954,12.2744,0,37.8564
14.28,level,0.481944,0.478211,-0.0524652,0.0553324,0,0,0.163172,0.221857,0.00237452,89.3363,89.4763,158.905,10.5654,nan,0.298758,0.298353,0.297029,0.300664,0.298979,0.298353,0.298979,0.297029,0.300664,1,0,0.076286,0,-0.000955733,0.00807255,0.00132232,0.157314,-0.166137,0,0,0,0.180145,-0.24089,0.00982321,-1.11501,-0.90431,12.2715,12.3552,0,37.8523
14.29,level,0.483047,0.476314,-0.0520398,0.0546915,0,0,0.162169,0.207683,0.00133501,89.329,89.469,159.011,10.59,nan,0.298797,0.297086,0.298754,0.299239,0.300102,0.297086,0.300102,0.298754,0.299239,1,0,0.075513,0,-0.00213647,0.00663374,-0.00111224,0.156017,-0.164195,0,0,0,0.174056,-0.220508,0.00471974,-1.10493,-0.941578,12.2534,12.3391,0,37.8499
14.3,level,0.484172,0.474542,-0.0514543,0.0542661,0,0,0.161016,0.194577,0.00264194,89.3216,89.4616,159.117,10.6146,nan,0.298832,0.297307,0.299165,0.298774,0.300077,0.297307,0.300077,0.299165,0.298774,1,0,0.0747991,0,-0.00147046,0.00450921,-0.0013895,0.154286,-0.162887,0,0,0,0.179088,-0.205859,-0.000155389,-1.0756,-0.886916,12.2528,12.3318,0,37.8372
14.31,level,0.485311,0.472886,-0.0509323,0.0539525,0,0,0.159828,0.182761,0.00331957,89.3143,89.4543,159.223,10.6394,nan,0.298865,0.298825,0.298155,0.299756,0.298718,0.298825,0.298718,0.298155,0.299756,1,0,0.0742069,0,-0.000975611,0.00283106,0.000750236,0.152688,-0.161908,0,0,0,0.158216,-0.179171,0.00373999,-1.04612,-0.87341,12.1341,12.2104,0,37.827
14.32,level,0.486466,0.471329,-0.0503889,0.0537828,0,0,0.158546,0.172264,0.00312702,89.3069,89.4469,159.33,10.6641,nan,0.298896,0.297792,0.299924,0.298623,0.299239,0.297792,0.299239,0.299924,0.298623,1,0,0.0737039,0,-0.00402151,0.000277713,-0.00120762,0.151083,-0.161384,0,0,0,0.155846,-0.180075,0.00139774,-1.15203,-0.87281,12.2458,12.3308,0,37.8141
14.33,level,0.487628,0.469863,-0.0498903,0.0536897,0,0,0.15701,0.163275,0.00393496,89.2995,89.4395,159.437,10.6889,nan,0.298926,0.2985,0.299688,0.298184,0.299324,0.2985,0.299324,0.299688,0.298184,1,0,0.0732951,0,-0.000129115,-0.00128889,-0.00102315,0.149635,-0.161049,0,0,0,0.15651,-0.15616,0.00378947,-1.05598,-0.743076,12.2231,12.2911,0,37.8033
14.34,level,0.488793,0.468472,-0.0493373,0.0537398,0,0,0.155467,0.155829,0.00434554,89.2921,89.4321,159.544,10.7138,nan,0.298954,0.298771,0.299379,0.298969,0.298692,0.298771,0.298692,0.299379,0.298969,1,0,0.0729559,0,-0.00234472,-0.000927607,-0.000145634,0.147961,-0.161223,0,0,0,0.169009,-0.163012,0.00138711,-1.04706,-0.789402,12.2091,12.2793,0,37.7872
14.35,level,0.489959,0.467142,-0.0488836,0.0537634,0,0,0.153971,0.149739,0.00347672,89.2848,89.4248,159.651,10.7387,nan,0.298982,0.298485,0.299832,0.298689,0.298918,0.298485,0.298918,0.299832,0.298689,1,0,0.0726546,0,-0.00296523,-0.00134613,-0.000692793,0.146581,-0.161287,0,0,0,0.161488,-0.155446,0.00217317,-0.99525,-0.773854,12.1769,12.242,0,37.7782
14.36,level,0.491127,0.465859,-0.0484418,0.0538597,0,0,0.152437,0.144998,0.00328454,89.2774,89.4174,159.758,10.7636,nan,0.29901,0.298709,0.299944,0.29825,0.299129,0.298709,0.299129,0.299944,0.29825,1,0,0.0724377,0,-0.000946806,-0.00241364,-0.000929337,0.145259,-0.161562,0,0,0,0.166488,-0.144938,-0.00155118,-1.09193,-0.830227,12.2289,12.3056,0,37.7685
14.37,level,0.492288,0.464613,-0.0480233,0.0539948,0,0,0.150962,0.141575,0.00410432,89.27,89.41,159.866,10.7886,nan,0.299037,0.299427,0.299601,0.299153,0.29796,0.299427,0.29796,0.299601,0.299153,1,0,0.0722465,0,-0.0036288,-0.0036283,0.000447752,0.143971,-0.161977,0,0,0,0.155929,-0.144781,-0.0101487,-1.00181,-0.803516,12.151,12.2187,0,37.7594
14.38,level,0.493439,0.463396,-0.0477132,0.0540974,0,0,0.149366,0.139314,0.00448047,89.2626,89.4026,159.974,10.8135,nan,0.299064,0.299068,0.299566,0.298687,0.298928,0.299068,0.298928,0.299566,0.298687,1,0,0.0721044,0,-0.000681133,-0.00192978,-0.000324566,0.14303,-0.162285,0,0,0,0.158176,-0.139228,-0.00325179,-1.0001,-0.828786,12.2275,12.2963,0,37.7567
14.39,level,0.49458,0.462195,-0.0473486,0.0542679,0,0,0.147779,0.137991,0.0035275,89.2552,89.3952,160.082,10.8385,nan,0.299091,0.299575,0.299536,0.298773,0.298475,0.299575,0.298475,0.299536,0.298773,1,0,0.0719918,0,-0.00068754,-0.00352998,0.000148597,0.141936,-0.162796,0,0,0,0.155185,-0.140956,-0.00308858,-1.09827,-0.884206,12.1878,12.2691,0,37.7493
14.4,level,0.495707,0.461002,-0.0468616,0.0545374,0,0,0.146231,0.137609,0.00458878,89.2478,89.3878,160.191,10.8634,nan,0.299118,0.300246,0.298567,0.300114,0.29754,0.300246,0.29754,0.298567,0.300114,1,0,0.0718891,0,-0.0023749,-0.00219399,0.00186945,0.140503,-0.163577,0,0,0,0.149951,-0.137836,0.0125459,-1.10315,-0.800675,12.2176,12.2935,0,37.7329
14.41,level,0.496819,0.459809,-0.0465368,0.054717,0,0,0.144649,0.138069,0.00393984,89.2403,89.3803,160.3,10.8884,nan,0.299145,0.298082,0.300875,0.298016,0.299602,0.298082,0.299602,0.300875,0.298016,1,0,0.0718227,0,-0.00320048,-0.00253837,-0.00192452,0.139504,-0.164146,0,0,0,0.154488,-0.145251,-0.00181224,-1.09086,-0.856641,12.1899,12.2685,0,37.7262
14.42,level,0.497913,0.458612,-0.04611,0.0549658,0,0,0.143063,0.139153,0.00392707,89.2329,89.3729,160.409,10.9133,nan,0.299172,0.299996,0.299003,0.29995,0.297736,0.299996,0.297736,0.299003,0.29995,1,0,0.0717463,0,-0.00324048,-0.00248864,0.00140946,0.138293,-0.164858,0,0,0,0.154772,-0.146879,0.00686437,-1.07733,-0.708684,12.198,12.266,0,37.7118
14.43,level,0.498992,0.4574,-0.045745,0.0551456,0,0,0.141414,0.140601,0.00332613,89.2255,89.3655,160.518,10.9382,nan,0.299199,0.29875,0.300289,0.298207,0.299546,0.29875,0.299546,0.300289,0.298207,1,0,0.0716532,0,-0.000528319,-0.00243758,-0.00126514,0.13718,-0.165412,0,0,0,0.160094,-0.148946,-0.00466143,-1.12558,-0.769223,12.1732,12.2493,0,37.7018
14.44,level,0.50005,0.456176,-0.0453965,0.0553474,0,0,0.139889,0.142426,0.00327164,89.2181,89.3581,160.627,10.9631,nan,0.299226,0.300135,0.299284,0.299501,0.297981,0.300135,0.297981,0.299284,0.299501,1,0,0.0715799,0,-0.00177459,-0.00366899,0.00104205,0.136126,-0.166005,0,0,0,0.153455,-0.142065,-0.00103508,-1.03827,-0.721692,12.1974,12.2627,0,37.6905
14.45,level,0.501091,0.454933,-0.045081,0.0555029,0,0,0.138479,0.144551,0.00322071,89.2106,89.3506,160.737,10.9881,nan,0.299253,0.299671,0.299185,0.299512,0.29864,0.299671,0.29864,0.299185,0.299512,1,0,0.0714899,0,-0.00102285,-0.00133466,0.00059694,0.135164,-0.166468,0,0,0,0.14231,-0.140253,-0.00142343,-1.02852,-0.712372,12.2496,12.3134,0,37.6815
14.46,level,0.502115,0.45367,-0.0447313,0.0556452,0,0,0.137229,0.146796,0.0028252,89.2032,89.3432,160.847,11.0131,nan,0.29928,0.299678,0.299416,0.299509,0.298511,0.299678,0.298511,0.299416,0.299509,1,0,0.0713931,0,-0.00195295,-0.00203405,0.000553994,0.134096,-0.166914,0,0,0,0.153974,-0.14011,0.00102898,-1.07211,-0.798353,12.254,12.3267,0,37.6702
14.47,level,0.503122,0.452389,-0.0444442,0.0557798,0,0,0.135994,0.149128,0.00383326,89.1957,89.3357,160.957,11.038,nan,0.299306,0.299036,0.299988,0.299268,0.298927,0.299036,0.298927,0.299988,0.299268,1,0,0.0713196,0,-0.00342925,-0.00157077,-0.000268729,0.133209,-0.167338,0,0,0,0.139307,-0.151843,0.00378237,-1.03073,-0.776102,12.205,12.273,0,37.661
14.48,level,0.504108,0.451092,-0.0441551,0.0558925,0,0,0.134817,0.151552,0.00432086,89.1883,89.3283,161.068,11.0629,nan,0.299331,0.301196,0.298231,0.300299,0.297594,0.301196,0.297594,0.298231,0.300299,1,0,0.0712159,0,0.000691626,-0.0029074,0.00249221,0.132376,-0.167659,0,0,0,0.139901,-0.153716,-0.00244665,-1.13111,-0.762418,12.2183,12.2942,0,37.6512
14.49,level,0.505078,0.449773,-0.0438546,0.0559819,0,0,0.133652,0.153965,0.00360148,89.1808,89.3208,161.179,11.0879,nan,0.299356,0.299204,0.300105,0.298932,0.299179,0.299204,0.299179,0.300105,0.298932,1,0,0.0710952,0,-0.00173729,-0.00226975,-0.000504644,0.131477,-0.167921,0,0,0,0.133706,-0.153054,0.00586849,-1.13366,-0.738526,12.1893,12.2642,0,37.6408
14.5,level,0.506031,0.448434,-0.0435705,0.056034,0,0,0.132478,0.156326,0.00339813,89.1734,89.3134,161.29,11.1128,nan,0.299381,0.298619,0.300509,0.298731,0.299659,0.298619,0.299659,0.300509,0.298731,1,0,0.0709676,0,-0.00255253,-0.00140034,-0.00123828,0.130628,-0.168099,0,0,0,0.128932,-0.170853,-0.0039406,-1.09586,-0.698004,12.1622,12.2314,0,37.6314
14.51,level,0.506968,0.447075,-0.0432657,0.056092,0,0,0.131283,0.158556,0.00332292,89.1659,89.3059,161.401,11.1378,nan,0.299404,0.299578,0.299547,0.299171,0.299316,0.299578,0.299316,0.299547,0.299171,1,0,0.0708264,0,0.000465401,-0.00120982,-5.00193e-05,0.129734,-0.168247,0,0,0,0.136523,-0.15622,0.000638073,-1.16107,-0.707129,12.2424,12.3176,0,37.6197
14.52,level,0.507888,0.445701,-0.0430375,0.0560499,0,0,0.130287,0.160612,0.00410589,89.1584,89.2984,161.512,11.1627,nan,0.299427,0.299264,0.29923,0.299803,0.299408,0.299264,0.299408,0.29923,0.299803,1,0,0.0706679,0,-0.000958664,0.00135874,0.00018889,0.129062,-0.168136,0,0,0,0.14207,-0.16727,0.000267244,-1.04467,-0.655687,12.2236,12.2856,0,37.6139
14.53,level,0.508796,0.444309,-0.0428095,0.0560368,0,0,0.129441,0.162366,0.00346441,89.1509,89.2909,161.624,11.1877,nan,0.299449,0.298987,0.300178,0.298955,0.299673,0.298987,0.299673,0.300178,0.298955,1,0,0.0705058,0,-0.0012565,-0.00101794,-0.000839057,0.128325,-0.168106,0,0,0,0.134305,-0.161157,0.00529837,-1.04588,-0.722431,12.2859,12.3515,0,37.6063
14.54,level,0.509694,0.442902,-0.0425188,0.0559817,0,0,0.128601,0.163786,0.00335018,89.1435,89.2835,161.736,11.2127,nan,0.29947,0.299895,0.299228,0.300031,0.298723,0.299895,0.298723,0.299228,0.300031,1,0,0.0702924,0,-0.00169959,-0.000698878,0.000867528,0.127505,-0.167924,0,0,0,0.142496,-0.16174,-0.00217236,-1.07282,-0.665062,12.1903,12.2555,0,37.5968
14.55,level,0.510585,0.441481,-0.0422804,0.0559328,0,0,0.127733,0.164965,0.00211141,89.136,89.276,161.848,11.2376,nan,0.299491,0.299773,0.299269,0.299603,0.299313,0.299773,0.299313,0.299269,0.299603,1,0,0.0701021,0,0.000567625,-0.000240391,0.000348636,0.126693,-0.167828,0,0,0,0.127864,-0.167999,0.0054606,-1.02166,-0.776463,12.1811,12.2485,0,37.5888
14.56,level,0.511467,0.440049,-0.0419747,0.0559351,0,0,0.126969,0.165899,0.00296663,89.1285,89.2685,161.961,11.2625,nan,0.29951,0.299114,0.300149,0.299191,0.299581,0.299114,0.299581,0.300149,0.299191,1,0,0.069925,0,-0.00171178,-0.000929099,-0.000626841,0.125838,-0.167817,0,0,0,0.141019,-0.173813,-2.77135e-05,-1.11739,-0.743846,12.1718,12.2456,0,37.5756
14.57,level,0.512338,0.438616,-0.0417092,0.055913,0,0,0.126336,0.166628,0.00343418,89.121,89.261,162.074,11.2874,nan,0.299528,0.300075,0.298673,0.300545,0.298816,0.300075,0.298816,0.298673,0.300545,1,0,0.069744,0,-0.000869214,0.00116147,0.00137601,0.12508,-0.16772,0,0,0,0.131505,-0.167893,-0.00061374,-1.14624,-0.653422,12.1453,12.2167,0,37.5645
14.58,level,0.513203,0.437176,-0.0415258,0.0558086,0,0,0.125735,0.167113,0.00312638,89.1135,89.2535,162.186,11.3124,nan,0.299545,0.301009,0.298246,0.300682,0.298241,0.301009,0.298241,0.298246,0.300682,1,0,0.0695557,0,0.000856773,-0.000629978,0.00228717,0.124486,-0.167425,0,0,0,0.137307,-0.165336,0.00789382,-1.05779,-0.712787,12.1799,12.2465,0,37.5598
14.59,level,0.514063,0.435733,-0.041223,0.0558152,0,0,0.125186,0.167347,0.00261974,89.106,89.246,162.3,11.3372,nan,0.299562,0.298954,0.300064,0.2994,0.299826,0.298954,0.299826,0.300064,0.2994,1,0,0.0693807,0,-0.00181702,0.000393567,-0.000675212,0.12355,-0.167464,0,0,0,0.123259,-0.175496,0.00563885,-1.15726,-0.78268,12.1928,12.2725,0,37.5458
14.6,level,0.514916,0.434292,-0.040958,0.0557864,0,0,0.124633,0.167348,0.00360917,89.0985,89.2385,162.413,11.3621,nan,0.299577,0.299863,0.299245,0.300227,0.298971,0.299863,0.298971,0.299245,0.300227,1,0,0.0692017,0,-0.00169007,0.000170567,0.000823389,0.122772,-0.167387,0,0,0,0.140374,-0.177898,-0.00668862,-1.13196,-0.785497,12.1163,12.1944,0,37.5346
14.61,level,0.515763,0.432854,-0.0406861,0.0557684,0,0,0.123971,0.167253,0.00334324,89.091,89.231,162.527,11.3869,nan,0.299592,0.298883,0.299957,0.299204,0.30032,0.298883,0.30032,0.299957,0.299204,1,0,0.0690292,0,0.000109348,0.00129565,-0.000962491,0.121966,-0.167322,0,0,0,0.136751,-0.176701,0.00416193,-1.10708,-0.736158,12.1336,12.2062,0,37.5227
14.62,level,0.516605,0.431418,-0.0403609,0.0557859,0,0,0.123246,0.167043,0.00347857,89.0835,89.2235,162.641,11.4117,nan,0.299606,0.299461,0.299781,0.299403,0.299776,0.299461,0.299776,0.299781,0.299403,1,0,0.0688459,0,0.000138961,-0.000121589,-0.000304866,0.120961,-0.167374,0,0,0,0.125358,-0.171164,0.000322318,-1.07875,-0.744148,12.125,12.1956,0,37.5072
14.63,level,0.51744,0.429984,-0.0400527,0.0558065,0,0,0.122521,0.166885,0.00376888,89.076,89.216,162.755,11.4365,nan,0.299619,0.299964,0.299472,0.300191,0.298845,0.299964,0.298845,0.299472,0.300191,1,0,0.0686898,0,-0.00226656,-0.000758423,0.000807937,0.120089,-0.167401,0,0,0,0.14042,-0.159247,0.00898403,-1.12815,-0.708262,12.1683,12.241,0,37.4923
14.64,level,0.518269,0.428553,-0.0396896,0.0558384,0,0,0.121695,0.166673,0.00327122,89.0684,89.2084,162.87,11.4612,nan,0.299631,0.29936,0.299496,0.300091,0.299576,0.29936,0.299576,0.299496,0.300091,1,0,0.0685021,0,-0.0017277,0.00153743,0.000166595,0.118974,-0.167539,0,0,0,0.133486,-0.181446,-0.00852422,-1.12377,-0.734456,12.1431,12.2171,0,37.4744
14.65,level,0.519094,0.427122,-0.0394749,0.0558535,0,0,0.120867,0.16634,0.0027161,89.0609,89.2009,162.984,11.4859,nan,0.299643,0.299801,0.299797,0.300055,0.298916,0.299801,0.298916,0.299797,0.300055,1,0,0.0683871,0,-0.00300888,-0.00118887,0.000502747,0.118294,-0.167594,0,0,0,0.126381,-0.177497,-0.0045361,-1.10539,-0.782283,12.1885,12.2635,0,37.4638
14.66,level,0.519912,0.425694,-0.0391686,0.0559246,0,0,0.119955,0.166142,0.00301635,89.0534,89.1934,163.099,11.5106,nan,0.299654,0.299937,0.299189,0.300494,0.298992,0.299937,0.298992,0.299189,0.300494,1,0,0.0682615,0,-0.00199971,0.00068059,0.000989198,0.117407,-0.16777,0,0,0,0.123391,-0.167611,-0.00505232,-1.05925,-0.673873,12.1837,12.2483,0,37.4471
14.67,level,0.520722,0.424267,-0.038898,0.0559147,0,0,0.119,0.165935,0.00239034,89.0459,89.1859,163.215,11.5353,nan,0.299664,0.300957,0.298187,0.30135,0.298159,0.300957,0.298159,0.298187,0.30135,1,0,0.0681041,0,-0.00111474,0.000690828,0.00261977,0.116586,-0.167754,0,0,0,0.133436,-0.166928,0.00220347,-1.1577,-0.7854,12.2269,12.3067,0,37.4346
14.68,level,0.521527,0.42284,-0.0386352,0.0559364,0,0,0.117973,0.165559,0.00227298,89.0384,89.1784,163.33,11.5599,nan,0.299674,0.299281,0.299808,0.299678,0.299926,0.299281,0.299926,0.299808,0.299678,1,0,0.0679569,0,-0.000738306,0.000975762,-0.000340363,0.115797,-0.167816,0,0,0,0.119991,-0.172629,0.00441362,-1.16722,-0.742882,12.256,12.3339,0,37.4214
14.69,level,0.52232,0.421421,-0.0383687,0.0559923,0,0,0.116869,0.164999,0.00338205,89.0308,89.1708,163.446,11.5846,nan,0.299683,0.30081,0.298669,0.300847,0.298406,0.30081,0.298406,0.298669,0.300847,1,0,0.0678726,0,-0.00079501,-0.000427199,0.00201402,0.115054,-0.167959,0,0,0,0.120365,-0.172614,0.00756069,-1.10867,-0.603605,12.1655,12.2308,0,37.4067
14.7,level,0.523102,0.42001,-0.0380691,0.0560653,0,0,0.115597,0.164428,0.00330722,89.0233,89.1633,163.562,11.6092,nan,0.299693,0.299896,0.299188,0.300246,0.299438,0.299896,0.299438,0.299188,0.300246,1,0,0.0677566,0,-0.000265476,0.00113552,0.00066648,0.11405,-0.168236,0,0,0,0.114904,-0.175986,-0.000192423,-1.16666,-0.853963,12.1872,12.2727,0,37.3898
14.71,level,0.523875,0.418604,-0.0377521,0.0561714,0,0,0.114363,0.163924,0.00281972,89.0158,89.1558,163.678,11.6337,nan,0.299702,0.299117,0.300444,0.298786,0.300461,0.299117,0.300461,0.300444,0.298786,1,0,0.067672,0,0.000922828,-0.000594746,-0.00131929,0.113115,-0.168534,0,0,0,0.109401,-0.174613,0.00448749,-1.1648,-0.776087,12.1919,12.2719,0,37.371
14.72,level,0.524638,0.417201,-0.0374667,0.0562369,0,0,0.113155,0.16341,0.00256132,89.0083,89.1483,163.794,11.6583,nan,0.299712,0.299393,0.300119,0.299278,0.300056,0.299393,0.300056,0.300119,0.299278,1,0,0.0675627,0,0.000136781,-0.000337025,-0.00066082,0.112264,-0.168739,0,0,0,0.110605,-0.181525,-0.000560695,-1.05288,-0.692126,12.2351,12.2998,0,37.3548
14.73,level,0.525389,0.415806,-0.0371741,0.056333,0,0,0.111946,0.162847,0.00293552,89.0007,89.1407,163.911,11.6828,nan,0.299722,0.299545,0.299729,0.299879,0.299735,0.299545,0.299735,0.299729,0.299879,1,0,0.0674885,0,-0.00087105,0.000644811,-1.75018e-05,0.111399,-0.169012,0,0,0,0.11419,-0.175099,0.00655439,-1.15801,-0.739916,12.2778,12.3544,0,37.337
14.74,level,0.526132,0.414415,-0.0369135,0.0564422,0,0,0.110807,0.162371,0.00380869,88.9932,89.1332,164.028,11.7073,nan,0.299733,0.299897,0.299701,0.299539,0.299793,0.299897,0.299793,0.299701,0.299539,1,0,0.0674426,0,0.00119488,-0.000504197,-2.58605e-05,0.110656,-0.169314,0,0,0,0.113519,-0.171432,-0.00984408,-1.1787,-0.655915,12.1951,12.2695,0,37.3201
14.75,level,0.526862,0.413033,-0.0366465,0.0565568,0,0,0.109836,0.161971,0.00323438,88.9856,89.1256,164.145,11.7318,nan,0.299745,0.300244,0.299549,0.299999,0.299184,0.300244,0.299184,0.299549,0.299999,1,0,0.0673825,0,-0.000317036,-0.00115681,0.000663971,0.109825,-0.169661,0,0,0,0.117594,-0.161542,-7.74119e-05,-1.14101,-0.714927,12.1904,12.2645,0,37.3027
14.76,level,0.527588,0.41165,-0.0363996,0.056686,0,0,0.108928,0.161761,0.00283766,88.9781,89.1181,164.263,11.7562,nan,0.299756,0.301029,0.298892,0.30044,0.298662,0.301029,0.298662,0.298892,0.30044,1,0,0.0673577,0,0.000951428,-0.00155155,0.00172056,0.109051,-0.17008,0,0,0,0.115922,-0.167985,-0.0046861,-1.10621,-0.766702,12.1549,12.2292,0,37.2856
14.77,level,0.528308,0.410266,-0.0361403,0.0568123,0,0,0.108108,0.161779,0.00244592,88.9706,89.1106,164.38,11.7806,nan,0.299769,0.299896,0.300163,0.298873,0.30014,0.299896,0.30014,0.300163,0.298873,1,0,0.0673152,0,0.00264982,-0.00198191,-0.000674003,0.108299,-0.170432,0,0,0,0.116021,-0.162843,0.00322937,-1.10566,-0.69942,12.1226,12.193,0,37.268
14.78,level,0.529018,0.408886,-0.0358602,0.0569234,0,0,0.107413,0.161974,0.00417676,88.963,89.103,164.498,11.8049,nan,0.299781,0.299965,0.299669,0.299886,0.299604,0.299965,0.299604,0.299669,0.299886,1,0,0.0672656,0,3.56306e-05,-0.000273024,0.000254044,0.107474,-0.170761,0,0,0,0.110501,-0.169156,0.00096037,-1.13972,-0.662996,12.1753,12.2465,0,37.2497
14.79,level,0.529721,0.407507,-0.0356705,0.0569985,0,0,0.106675,0.162137,0.00362541,88.9555,89.0955,164.616,11.8292,nan,0.299794,0.300159,0.299853,0.299473,0.299689,0.300159,0.299689,0.299853,0.299473,1,0,0.0672266,0,0.00138543,-0.00161159,3.95176e-05,0.106849,-0.171006,0,0,0,0.0998122,-0.165813,-0.0125096,-1.13212,-0.748673,12.1796,12.2549,0,37.2367
14.8,level,0.530416,0.406127,-0.0354526,0.0571113,0,0,0.105953,0.162425,0.00405311,88.9479,89.0879,164.735,11.8534,nan,0.299808,0.299067,0.30062,0.298915,0.300627,0.299067,0.300627,0.30062,0.298915,1,0,0.0672088,0,0.000421472,-0.000276242,-0.00143537,0.106229,-0.171335,0,0,0,0.100678,-0.173417,0.00700087,-1.14765,-0.680758,12.1252,12.1984,0,37.2211
14.81,level,0.531103,0.404746,-0.0352256,0.0572215,0,0,0.105199,0.16271,0.00431984,88.9404,89.0804,164.854,11.8776,nan,0.299822,0.301013,0.298978,0.300363,0.29893,0.301013,0.29893,0.298978,0.300363,1,0,0.0671911,0,0.00159824,-0.00132412,0.00152399,0.105504,-0.171698,0,0,0,0.103996,-0.172479,0.000410587,-1.04386,-0.72356,12.0501,12.1169,0,37.2048
14.82,level,0.531785,0.403361,-0.0349828,0.0573548,0,0,0.104459,0.163074,0.00367604,88.9328,89.0728,164.972,11.9018,nan,0.299836,0.300279,0.29954,0.300248,0.299273,0.300279,0.299273,0.29954,0.300248,1,0,0.0671591,0,-0.000625777,-0.000564627,0.000753316,0.104815,-0.17206,0,0,0,0.104707,-0.165977,0.00264699,-1.13783,-0.693289,12.0662,12.1396,0,37.1868
14.83,level,0.53246,0.401973,-0.0346877,0.057493,0,0,0.103684,0.163433,0.00361489,88.9253,89.0653,165.092,11.9259,nan,0.29985,0.300377,0.299392,0.300336,0.299294,0.300377,0.299294,0.299392,0.300336,1,0,0.0671272,0,-0.000153509,-0.000263082,0.00089099,0.103979,-0.172456,0,0,0,0.121684,-0.162038,-0.00645948,-1.13952,-0.638045,12.0777,12.1481,0,37.1661
14.84,level,0.533127,0.400581,-0.034384,0.0576512,0,0,0.102837,0.163755,0.00368486,88.9177,89.0577,165.211,11.9499,nan,0.299865,0.299551,0.300201,0.300019,0.299685,0.299551,0.299685,0.300201,0.300019,1,0,0.0671094,0,-0.00261021,-8.87178e-05,-0.000138749,0.103001,-0.172958,0,0,0,0.0966918,-0.169726,-0.00624573,-1.03519,-0.632446,12.0939,12.1546,0,37.1441
14.85,level,0.533787,0.399186,-0.0341433,0.0577748,0,0,0.101903,0.164123,0.00311426,88.9101,89.0501,165.33,11.974,nan,0.29988,0.299989,0.299803,0.299517,0.300206,0.299989,0.300206,0.299803,0.299517,1,0,0.0670845,0,0.00232098,-0.000130831,-0.000221213,0.102298,-0.173315,0,0,0,0.106822,-0.161991,0.010045,-1.11042,-0.671912,12.1567,12.2258,0,37.1259
14.86,level,0.534439,0.397788,-0.0339261,0.0578834,0,0,0.101049,0.164523,0.00244435,88.9026,89.0426,165.45,11.9979,nan,0.299895,0.299957,0.299922,0.299653,0.300044,0.299957,0.300044,0.299922,0.299653,1,0,0.0670774,0,0.00112752,-0.000346001,-0.000156848,0.101684,-0.173635,0,0,0,0.107233,-0.17152,-0.00644265,-1.14783,-0.609697,12.1165,12.186,0,37.109
14.87,level,0.535084,0.396384,-0.0337624,0.0579623,0,0,0.100294,0.164975,0.00261382,88.895,89.035,165.57,12.0219,nan,0.29991,0.29954,0.300375,0.299154,0.300566,0.29954,0.300566,0.300375,0.299154,1,0,0.0670632,0,0.00153099,-0.000370202,-0.000987896,0.101121,-0.173906,0,0,0,0.0904699,-0.177356,-0.00940891,-1.10099,-0.679857,12.0115,12.081,0,37.0954
14.88,level,0.53572,0.394979,-0.033531,0.0580644,0,0,0.0994857,0.165392,0.0032956,88.8874,89.0274,165.691,12.0458,nan,0.299925,0.299423,0.300623,0.299428,0.300223,0.299423,0.300223,0.300623,0.299428,1,0,0.0670241,0,-0.0010751,-0.000748332,-0.000876513,0.100468,-0.174174,0,0,0,0.104425,-0.159574,0.00833421,-1.0957,-0.634478,11.9776,12.0443,0,37.0776
14.89,level,0.536348,0.393572,-0.0332566,0.0581977,0,0,0.0986148,0.165765,0.00304108,88.8798,89.0198,165.811,12.0696,nan,0.29994,0.298968,0.301466,0.298505,0.300817,0.298968,0.300817,0.301466,0.298505,1,0,0.0670134,0,-0.000493962,-0.00210734,-0.00211405,0.0996699,-0.17457,0,0,0,0.09955,-0.168347,-0.00779024,-1.13858,-0.587261,12.0769,12.1446,0,37.0565
14.9,level,0.536966,0.392162,-0.0330785,0.0583256,0,0,0.0977553,0.16629,0.00320392,88.8723,89.0123,165.932,12.0934,nan,0.299955,0.300147,0.300377,0.299994,0.2993,0.300147,0.2993,0.300377,0.299994,1,0,0.0670383,0,-0.0024513,-0.00232966,0.000204113,0.0990819,-0.174993,0,0,0,0.103579,-0.171846,-0.00484238,-1.11028,-0.696936,12.0818,12.1527,0,37.0398
14.91,level,0.537576,0.390748,-0.0327856,0.0584674,0,0,0.0969473,0.166847,0.00281227,88.8647,89.0047,166.053,12.1172,nan,0.299971,0.300034,0.300452,0.299258,0.300136,0.300034,0.300136,0.300452,0.299258,1,0,0.0670276,0,0.00121973,-0.00206925,-0.00056971,0.0982878,-0.175385,0,0,0,0.109859,-0.176934,0.00218376,-1.12108,-0.549075,12.0768,12.1412,0,37.017
14.92,level,0.538181,0.389326,-0.0324744,0.0586176,0,0,0.0962143,0.167443,0.00286955,88.8571,88.9971,166.174,12.1409,nan,0.299986,0.300123,0.300303,0.300123,0.299391,0.300123,0.299391,0.300303,0.300123,1,0,0.066992,0,-0.00241642,-0.00172668,0.000242896,0.0973314,-0.175831,0,0,0,0.10916,-0.167551,-0.00689508,-1.06703,-0.557167,12.0571,12.1171,0,36.9928
14.93,level,0.538778,0.3879,-0.0322864,0.0587161,0,0,0.0955303,0.168001,0.00216954,88.8495,88.9895,166.296,12.1646,nan,0.300001,0.299521,0.30043,0.299565,0.300485,0.299521,0.300485,0.30043,0.299565,1,0,0.0669814,0,2.84473e-05,0.000187455,-0.00080352,0.096759,-0.176114,0,0,0,0.105283,-0.159153,-0.00078908,-1.10671,-0.578486,12.0076,12.0724,0,36.9757
14.94,level,0.539368,0.386471,-0.0320787,0.0588259,0,0,0.0949244,0.168393,0.00324657,88.8419,88.9819,166.418,12.1882,nan,0.300016,0.301011,0.299217,0.300471,0.299363,0.301011,0.299363,0.299217,0.300471,1,0,0.066992,0,0.00181923,-0.000747109,0.00127591,0.0961649,-0.176455,0,0,0,0.0930182,-0.178703,-0.00112616,-1.12409,-0.504634,12.0471,12.1099,0,36.9573
14.95,level,0.539952,0.385042,-0.0318378,0.0589275,0,0,0.0943513,0.168708,0.00372424,88.8343,88.9743,166.54,12.2118,nan,0.300031,0.300226,0.300109,0.299601,0.300186,0.300226,0.300186,0.300109,0.299601,1,0,0.06696,0,0.00185886,-0.0010393,-0.000205701,0.0953826,-0.176795,0,0,0,0.107385,-0.177392,-0.00765897,-1.05378,-0.60573,12.0552,12.1164,0,36.9374
14.96,level,0.540528,0.383613,-0.0316246,0.0590471,0,0,0.0937861,0.169026,0.00382344,88.8267,88.9667,166.662,12.2354,nan,0.300046,0.298984,0.301423,0.298756,0.301019,0.298984,0.301019,0.301423,0.298756,1,0,0.0669636,0,-0.000466795,-0.00119578,-0.00206666,0.0947628,-0.177111,0,0,0,0.0912013,-0.164785,-0.0112247,-1.114,-0.555391,12.1059,12.1697,0,36.9181
14.97,level,0.541098,0.382185,-0.0313644,0.0591726,0,0,0.0932373,0.169396,0.00458941,88.8191,88.9591,166.784,12.2589,nan,0.300061,0.301289,0.299273,0.300838,0.298841,0.301289,0.298841,0.299273,0.300838,1,0,0.0669493,0,4.99159e-05,-0.00167339,0.00176357,0.0939951,-0.177483,0,0,0,0.0785975,-0.169983,-0.00614458,-1.08487,-0.492305,12.0295,12.0884,0,36.8963
14.98,level,0.541663,0.380751,-0.0311519,0.05925,0,0,0.0926496,0.169874,0.003885,88.8115,88.9515,166.907,12.2823,nan,0.300076,0.301226,0.299156,0.301056,0.298861,0.301226,0.298861,0.299156,0.301056,1,0,0.0669173,0,-0.000332521,-0.000882341,0.00187448,0.0933896,-0.177698,0,0,0,0.0928189,-0.160673,-0.00122533,-1.22208,-0.513156,12.0032,12.0761,0,36.878
14.99,level,0.542224,0.379313,-0.0308671,0.059357,0,0,0.09209,0.17043,0.00463216,88.8039,88.9439,167.03,12.3057,nan,0.30009,0.301343,0.298715,0.301442,0.298856,0.301343,0.298856,0.298715,0.301442,1,0,0.0668923,0,0.000113054,0.000455226,0.00229209,0.092511,-0.178059,0,0,0,0.0935209,-0.182211,0.0049156,-1.03448,-0.491635,12.0829,12.137,0,36.8552
15,level,0.542779,0.377871,-0.03063,0.0594578,0,0,0.0915284,0.170897,0.0029419,88.7963,88.9363,167.153,12.3291,nan,0.300104,0.300544,0.300034,0.300317,0.299518,0.300544,0.299518,0.300034,0.300317,1,0,0.0668638,0,-0.000765961,-0.00140706,0.000575016,0.091841,-0.178338,0,0,0,0.0985166,-0.173903,-0.000959365,-1.16594,-0.48078,12.1064,12.1719,0,36.8347
15.01,level,0.543331,0.376421,-0.0303201,0.0595776,0,0,0.0909679,0.171419,0.00312421,88.7887,88.9287,167.277,12.3525,nan,0.300117,0.3,0.300427,0.299974,0.300066,0.3,0.300066,0.300427,0.299974,1,0,0.0668352,0,-0.000886714,-0.00073262,-0.000228232,0.0909591,-0.178694,0,0,0,0.102696,-0.176137,-0.0171182,-1.09547,-0.404593,12.1083,12.1645,0,36.81
15.02,level,0.543877,0.374968,-0.0300994,0.0596772,0,0,0.0904365,0.172007,0.00271606,88.7811,88.9211,167.4,12.3757,nan,0.30013,0.299967,0.300566,0.300236,0.299748,0.299967,0.299748,0.300566,0.300236,1,0,0.066821,0,-0.00288309,-0.00104062,-4.91375e-05,0.0901925,-0.179026,0,0,0,0.0967317,-0.181394,-0.00542021,-1.13616,-0.556437,12.1039,12.1698,0,36.7901
15.03,level,0.544418,0.373508,-0.0298181,0.0597807,0,0,0.0897543,0.172629,0.00353027,88.7735,88.9135,167.524,12.399,nan,0.300142,0.299098,0.301508,0.298709,0.301251,0.299098,0.301251,0.301508,0.298709,1,0,0.0667996,0,0.000352712,-0.00122571,-0.00217641,0.0894569,-0.179304,0,0,0,0.102926,-0.177522,-0.0136019,-1.13348,-0.399165,12.0882,12.1478,0,36.7669
15.04,level,0.54495,0.372048,-0.0295118,0.059889,0,0,0.0891401,0.173346,0.0037849,88.7658,88.9058,167.648,12.4223,nan,0.300153,0.300937,0.299685,0.300674,0.299315,0.300937,0.299315,0.299685,0.300674,1,0,0.0667567,0,-0.000284817,-0.00120124,0.00114768,0.0884855,-0.179632,0,0,0,0.0959463,-0.175657,0.00444276,-1.17188,-0.468283,12.1001,12.1658,0,36.742
15.05,level,0.545476,0.370582,-0.0292238,0.0599723,0,0,0.0885147,0.173975,0.00447364,88.7582,88.8982,167.773,12.4455,nan,0.300164,0.300017,0.300357,0.300522,0.299757,0.300017,0.299757,0.300357,0.300522,1,0,0.0666959,0,-0.0029312,-0.000178632,0.000186851,0.0876389,-0.179867,0,0,0,0.0897561,-0.169312,-0.00947975,-1.18744,-0.426043,12.1943,12.2594,0,36.7185
15.06,level,0.545992,0.369117,-0.028955,0.0600572,0,0,0.0878349,0.174438,0.00488354,88.7506,88.8906,167.897,12.4687,nan,0.300174,0.300844,0.299631,0.301064,0.299154,0.300844,0.299154,0.299631,0.301064,1,0,0.0666602,0,-0.00184811,-0.000489243,0.00137262,0.0867823,-0.180124,0,0,0,0.070971,-0.167782,-0.00675749,-1.17714,-0.454951,12.044,12.1099,0,36.6957
15.07,level,0.546501,0.367649,-0.0287601,0.0601227,0,0,0.0871119,0.174891,0.00476603,88.743,88.883,168.022,12.4919,nan,0.300183,0.299762,0.300617,0.30023,0.300121,0.299762,0.300121,0.300617,0.30023,1,0,0.0666387,0,-0.00255476,-5.30809e-05,-0.000327692,0.0861491,-0.180359,0,0,0,0.0924612,-0.172189,-0.00606023,-1.15838,-0.595387,12.0981,12.168,0,36.6769
15.08,level,0.547005,0.366175,-0.0285693,0.0601922,0,0,0.0862849,0.175197,0.00451891,88.7353,88.8753,168.147,12.5151,nan,0.300191,0.299114,0.301527,0.298962,0.301159,0.299114,0.301159,0.301527,0.298962,1,0,0.0666101,0,-0.000573045,-0.000984829,-0.0020261,0.0856373,-0.180543,0,0,0,0.0939327,-0.173115,-0.00020445,-1.19963,-0.498444,12.098,12.1676,0,36.6581
15.09,level,0.5475,0.364702,-0.0283668,0.0602749,0,0,0.085459,0.175438,0.00417141,88.7277,88.8677,168.272,12.5382,nan,0.300199,0.300609,0.300276,0.300704,0.299206,0.300609,0.299206,0.300276,0.300704,1,0,0.0666029,0,-0.00309047,-0.00184692,0.000804908,0.0850148,-0.18079,0,0,0,0.0902721,-0.170876,0.00417194,-1.21442,-0.519692,12.0483,12.1205,0,36.638
15.1,level,0.54799,0.363222,-0.0281552,0.0603326,0,0,0.084597,0.175737,0.00338313,88.7201,88.8601,168.398,12.5613,nan,0.300206,0.299352,0.301474,0.299026,0.30097,0.299352,0.30097,0.301474,0.299026,1,0,0.0665528,0,-0.000471761,-0.00157382,-0.00178715,0.0844103,-0.180961,0,0,0,0.0973436,-0.173817,0.00142437,-1.21138,-0.47868,11.9093,11.9803,0,36.6179
15.11,level,0.548473,0.361741,-0.0278921,0.0604196,0,0,0.0838021,0.175992,0.00395855,88.7125,88.8525,168.523,12.5844,nan,0.300212,0.300846,0.299803,0.301035,0.299164,0.300846,0.299164,0.299803,0.301035,1,0,0.0665349,0,-0.00219555,-0.000852105,0.00128105,0.083632,-0.181228,0,0,0,0.101771,-0.178302,-0.0125622,-1.27429,-0.483864,11.9627,12.0401,0,36.5942
15.12,level,0.548947,0.360258,-0.0276885,0.0604585,0,0,0.0829116,0.176232,0.00360646,88.7048,88.8448,168.649,12.6074,nan,0.300218,0.300342,0.300123,0.300561,0.299846,0.300342,0.299846,0.300123,0.300561,1,0,0.0664847,0,-0.00131551,-0.000108654,0.000410127,0.0830004,-0.181357,0,0,0,0.0804033,-0.188556,-0.000559102,-1.32651,-0.476349,12.071,12.153,0,36.5747
15.13,level,0.549416,0.358771,-0.0274074,0.0605634,0,0,0.0820109,0.176293,0.00278978,88.6972,88.8372,168.776,12.6304,nan,0.300223,0.299819,0.301001,0.299735,0.300338,0.299819,0.300338,0.301001,0.299735,1,0,0.0664775,0,-0.00153542,-0.00141622,-0.000784283,0.0821546,-0.181677,0,0,0,0.0879143,-0.190125,0.0145514,-1.26967,-0.489954,11.9781,12.0552,0,36.5492
15.14,level,0.549879,0.357282,-0.0271639,0.0606489,0,0,0.0812158,0.176318,0.00241664,88.6896,88.8296,168.902,12.6534,nan,0.300228,0.299659,0.300879,0.299221,0.301152,0.299659,0.301152,0.300879,0.299221,1,0,0.0664524,0,0.00188908,-0.00031369,-0.00138483,0.08143,-0.181919,0,0,0,0.0846715,-0.182196,0.00469796,-1.24634,-0.458311,11.9367,12.0103,0,36.526
15.15,level,0.550334,0.355796,-0.0269189,0.0607363,0,0,0.0805072,0.176265,0.00380534,88.6819,88.8219,169.029,12.6763,nan,0.300232,0.300848,0.299446,0.301083,0.29955,0.300848,0.29955,0.299446,0.301083,1,0,0.0664093,0,-0.000348517,0.000640693,0.00129008,0.0807008,-0.182166,0,0,0,0.082548,-0.173534,-0.0044365,-1.38884,-0.470856,11.9948,12.0841,0,36.5024
15.16,level,0.550782,0.354313,-0.0266334,0.0608224,0,0,0.0796998,0.176159,0.00337224,88.6743,88.8143,169.156,12.6992,nan,0.300236,0.301516,0.299284,0.300844,0.299298,0.301516,0.299298,0.299284,0.300844,1,0,0.066377,0,0.00181982,-0.00124785,0.00166073,0.0798063,-0.182448,0,0,0,0.0800341,-0.182876,0.00876186,-1.35623,-0.545638,12.0884,12.1765,0,36.4769
15.17,level,0.551225,0.352829,-0.0263733,0.060924,0,0,0.0788491,0.176166,0.00330166,88.6666,88.8066,169.283,12.7221,nan,0.300239,0.300673,0.29994,0.301006,0.299335,0.300673,0.299335,0.29994,0.301006,1,0,0.0663698,0,-0.0024886,-0.000515209,0.00105685,0.079042,-0.182736,0,0,0,0.0856735,-0.173877,0.00162442,-1.36719,-0.527043,11.9747,12.064,0,36.4522
15.18,level,0.55166,0.351345,-0.0260731,0.0610203,0,0,0.0779701,0.176166,0.00378942,88.659,88.799,169.41,12.745,nan,0.300241,0.300398,0.300192,0.30014,0.300233,0.300398,0.300233,0.300192,0.30014,1,0,0.0663518,0,0.000793362,-0.000409852,4.9862e-05,0.078137,-0.18304,0,0,0,0.0812498,-0.184109,-0.0100086,-1.26896,-0.48595,12.0024,12.0791,0,36.4253
15.19,level,0.552087,0.349864,-0.0258124,0.0611319,0,0,0.0771762,0.176343,0.00342397,88.6514,88.7914,169.538,12.7678,nan,0.300243,0.299895,0.300127,0.300572,0.300377,0.299895,0.300377,0.300127,0.300572,1,0,0.0663446,0,-0.00113546,0.00175615,-1.62352e-05,0.0773441,-0.183374,0,0,0,0.078212,-0.182646,-0.00569315,-1.34879,-0.52561,12.0505,12.1372,0,36.3998
15.2,level,0.552507,0.34838,-0.0255536,0.0612199,0,0,0.0763845,0.176607,0.00340715,88.6437,88.7837,169.665,12.7906,nan,0.300244,0.300336,0.300286,0.30025,0.300106,0.300336,0.300106,0.300286,0.30025,1,0,0.0663231,0,-0.000250853,-0.000505491,8.50845e-05,0.0765929,-0.183638,0,0,0,0.0690901,-0.190135,-0.000361796,-1.24837,-0.41624,12.092,12.1634,0,36.3749
15.21,level,0.552922,0.346891,-0.0253715,0.0613108,0,0,0.0756616,0.176949,0.00241951,88.6361,88.7761,169.793,12.8134,nan,0.300246,0.298361,0.302118,0.29853,0.301973,0.298361,0.301973,0.302118,0.29853,1,0,0.0663446,0,-0.000833796,4.50723e-05,-0.00316501,0.0760319,-0.183909,0,0,0,0.0768999,-0.184456,-0.00791869,-1.35376,-0.494397,12.0558,12.1416,0,36.3536
15.22,level,0.553331,0.345399,-0.0251637,0.0614057,0,0,0.0749871,0.177315,0.00236364,88.6285,88.7685,169.922,12.8362,nan,0.300246,0.300284,0.29999,0.300098,0.300611,0.300284,0.300611,0.29999,0.300098,1,0,0.066341,0,0.00214091,0.000825781,-9.62723e-05,0.0753708,-0.184199,0,0,0,0.0720325,-0.180653,0.0073839,-1.26594,-0.533607,11.9905,12.0689,0,36.3307
15.23,level,0.553735,0.343903,-0.0249631,0.061505,0,0,0.0743521,0.177622,0.00296784,88.6208,88.7608,170.05,12.8589,nan,0.300246,0.300531,0.299945,0.300247,0.300262,0.300531,0.300262,0.299945,0.300247,1,0,0.0663626,0,0.00159277,6.13935e-05,0.000250648,0.0747702,-0.184498,0,0,0,0.0812047,-0.176931,0.00907079,-1.2444,-0.550629,12.0621,12.1386,0,36.308
15.24,level,0.554133,0.342406,-0.024753,0.061592,0,0,0.0737039,0.177849,0.00280016,88.6132,88.7532,170.179,12.8816,nan,0.300246,0.301747,0.298464,0.302219,0.298553,0.301747,0.298553,0.298464,0.302219,1,0,0.066359,0,-0.0010135,0.00106447,0.00305407,0.0741717,-0.184736,0,0,0,0.0702608,-0.174292,-0.0105173,-1.33094,-0.470026,11.9738,12.0567,0,36.2849
15.25,level,0.554528,0.340904,-0.0245444,0.0616787,0,0,0.0731797,0.177993,0.00194502,88.6055,88.7455,170.308,12.9042,nan,0.300245,0.300504,0.30016,0.300469,0.299846,0.300504,0.299846,0.30016,0.300469,1,0,0.066359,0,-0.000742071,-0.000660608,0.000424972,0.0735263,-0.185008,0,0,0,0.0639096,-0.180254,0.00686374,-1.25349,-0.468702,11.9364,12.0112,0,36.2619
15.26,level,0.554919,0.339401,-0.0242637,0.0617845,0,0,0.0726993,0.178219,0.00206049,88.5979,88.7379,170.437,12.9269,nan,0.300243,0.298939,0.301251,0.299377,0.301406,0.298939,0.301406,0.301251,0.299377,1,0,0.0663662,0,-0.000750487,0.00112252,-0.00190739,0.072691,-0.185337,0,0,0,0.0807991,-0.183839,-0.00291071,-1.26136,-0.507495,11.9951,12.0719,0,36.2347
15.27,level,0.555305,0.337899,-0.0240273,0.0618623,0,0,0.0722542,0.17842,0.00264399,88.5903,88.7303,170.566,12.9495,nan,0.300241,0.300003,0.300729,0.299754,0.300479,0.300003,0.300479,0.300729,0.299754,1,0,0.0663554,0,-2.41001e-06,-0.000944896,-0.000638212,0.0719707,-0.185595,0,0,0,0.086934,-0.193659,-0.00615171,-1.21818,-0.530415,11.9221,11.9959,0,36.2105
15.28,level,0.555687,0.336398,-0.0237755,0.0619337,0,0,0.0717771,0.178539,0.00374551,88.5826,88.7226,170.696,12.972,nan,0.300239,0.299573,0.300748,0.299719,0.300917,0.299573,0.300917,0.300748,0.299719,1,0,0.0663231,0,6.01226e-05,0.000597716,-0.00104263,0.0712467,-0.185773,0,0,0,0.0733178,-0.18341,-0.00262868,-1.20744,-0.422641,11.9117,11.9802,0,36.1857
15.29,level,0.556062,0.334902,-0.0235589,0.0620335,0,0,0.0712232,0.178554,0.00365039,88.575,88.715,170.826,12.9945,nan,0.300236,0.300541,0.300377,0.299785,0.300242,0.300541,0.300242,0.300377,0.299785,1,0,0.066341,0,0.00164592,-0.00168682,-0.000128907,0.0705706,-0.186075,0,0,0,0.0744181,-0.178909,-0.00621112,-1.14749,-0.447775,11.9614,12.0246,0,36.1618
15.3,level,0.556434,0.333404,-0.0232979,0.0621329,0,0,0.0706407,0.178699,0.00342087,88.5674,88.7074,170.956,13.017,nan,0.300233,0.300298,0.300528,0.300347,0.299759,0.300298,0.299759,0.300528,0.300347,1,0,0.0663446,0,-0.00216821,-0.00136581,0.000157506,0.0697983,-0.186366,0,0,0,0.0762387,-0.176259,-0.0119973,-1.18745,-0.446565,11.9391,12.0063,0,36.1356
15.31,level,0.5568,0.331904,-0.0230767,0.0622195,0,0,0.0700299,0.179016,0.00372961,88.5597,88.6997,171.086,13.0394,nan,0.300229,0.299597,0.301282,0.299395,0.300643,0.299597,0.300643,0.301282,0.299395,1,0,0.0663482,0,-0.00115695,-0.00159389,-0.00128923,0.069139,-0.186626,0,0,0,0.0593589,-0.18273,0.000563644,-1.25943,-0.415697,11.994,12.0671,0,36.1117
15.32,level,0.55716,0.330404,-0.0228893,0.0622934,0,0,0.0693395,0.179373,0.00355446,88.5521,88.6921,171.216,13.0617,nan,0.300225,0.299533,0.301448,0.299755,0.300165,0.299533,0.300165,0.301448,0.299755,1,0,0.066341,0,-0.00399142,-0.00201038,-0.00102178,0.0686109,-0.186825,0,0,0,0.0706312,-0.170496,-0.00760357,-1.26829,-0.383436,12.0182,12.091,0,36.0897
15.33,level,0.557513,0.328902,-0.0226054,0.0623895,0,0,0.0685344,0.179762,0.00458106,88.5445,88.6845,171.347,13.0841,nan,0.300221,0.300601,0.300025,0.300394,0.299864,0.300601,0.299864,0.300025,0.300394,1,0,0.0663339,0,0.000120738,-0.000697328,0.000485848,0.0677902,-0.187113,0,0,0,0.0614287,-0.174472,0.00210926,-1.20298,-0.297672,11.9192,11.9835,0,36.0622
15.34,level,0.557858,0.327397,-0.0224282,0.062461,0,0,0.067765,0.180101,0.00442132,88.5368,88.6768,171.478,13.1063,nan,0.300216,0.298644,0.301775,0.298886,0.301559,0.298644,0.301559,0.301775,0.298886,1,0,0.0663518,0,-0.0012127,4.8282e-05,-0.00255095,0.0672572,-0.187349,0,0,0,0.0834685,-0.185933,-0.00737894,-1.2563,-0.358805,11.999,12.0699,0,36.0403
15.35,level,0.558195,0.325894,-0.0221377,0.0625565,0,0,0.0670268,0.180452,0.0048642,88.5292,88.6692,171.609,13.1286,nan,0.30021,0.301415,0.299184,0.300981,0.299262,0.301415,0.299262,0.299184,0.300981,1,0,0.066341,0,0.00135742,-0.000675161,0.00173644,0.0664268,-0.18763,0,0,0,0.0800483,-0.185808,-0.00784999,-1.28423,-0.2797,12.0542,12.1257,0,36.0118
15.36,level,0.558527,0.324384,-0.0219187,0.0626461,0,0,0.0664302,0.180898,0.00399948,88.5216,88.6616,171.741,13.1508,nan,0.300204,0.300562,0.300298,0.300305,0.299653,0.300562,0.299653,0.300298,0.300305,1,0,0.0663482,0,-0.00103033,-0.0017078,0.000402431,0.0657077,-0.187901,0,0,0,0.0784815,-0.182514,-0.00249734,-1.34247,-0.399726,11.9142,11.9963,0,35.987
15.37,level,0.558857,0.322868,-0.0216974,0.0627012,0,0,0.0658401,0.181392,0.00354246,88.5139,88.6539,171.872,13.1729,nan,0.300198,0.298885,0.301428,0.2992,0.301281,0.298885,0.301281,0.301428,0.2992,1,0,0.0663446,0,-0.0012271,0.000317448,-0.00203262,0.0650457,-0.188056,0,0,0,0.0694812,-0.177644,-0.00111273,-1.36101,-0.37071,11.9524,12.0353,0,35.9628
15.38,level,0.559179,0.32135,-0.0214881,0.0627766,0,0,0.0651891,0.18177,0.00411484,88.5063,88.6463,172.004,13.195,nan,0.300191,0.299954,0.300663,0.299665,0.300485,0.299954,0.300485,0.300663,0.299665,1,0,0.0663446,0,0.000295708,-0.000884305,-0.000672068,0.0644139,-0.188293,0,0,0,0.0698337,-0.18468,0.00284735,-1.3779,-0.382558,11.948,12.0333,0,35.9386
15.39,level,0.559495,0.319831,-0.0211563,0.0629039,0,0,0.0645285,0.182162,0.00436846,88.4987,88.6387,172.136,13.2172,nan,0.300184,0.300463,0.3,0.30067,0.299605,0.300463,0.299605,0.3,0.30067,1,0,0.0663482,0,-0.00159823,-0.000356426,0.000671601,0.0634413,-0.188675,0,0,0,0.0698969,-0.187449,0.00286672,-1.3993,-0.334791,11.9581,12.0443,0,35.9066
15.4,level,0.559805,0.318308,-0.0208452,0.0630013,0,0,0.0638367,0.182629,0.00425757,88.491,88.631,172.268,13.2393,nan,0.300176,0.30073,0.299529,0.300391,0.300056,0.30073,0.300056,0.299529,0.300391,1,0,0.0663554,0,0.00229806,0.00035585,0.000674687,0.0625011,-0.188958,0,0,0,0.0769798,-0.179117,-0.00815756,-1.40106,-0.369682,11.8918,11.9797,0,35.8762
15.41,level,0.560109,0.316782,-0.0205717,0.0630837,0,0,0.063174,0.183057,0.00410691,88.4834,88.6234,172.401,13.2613,nan,0.300168,0.301128,0.299972,0.300356,0.299218,0.301128,0.299218,0.299972,0.300356,1,0,0.0663518,0,4.63735e-05,-0.00289249,0.00100832,0.061622,-0.18924,0,0,0,0.068644,-0.194053,-0.0106909,-1.41537,-0.484315,11.9145,12.008,0,35.8479
15.42,level,0.560408,0.315251,-0.0203037,0.0631702,0,0,0.0625941,0.183505,0.00435763,88.4758,88.6158,172.534,13.2833,nan,0.300159,0.299657,0.300874,0.299776,0.300333,0.299657,0.300333,0.300874,0.299776,1,0,0.0663303,0,-0.00175173,-0.000800331,-0.000780186,0.0608265,-0.189475,0,0,0,0.0706293,-0.179304,0.00593709,-1.36765,-0.456664,12.0381,12.1242,0,35.8197
15.43,level,0.560699,0.313722,-0.0200875,0.0632076,0,0,0.0618862,0.183914,0.00512798,88.4682,88.6082,172.667,13.3053,nan,0.30015,0.301408,0.299138,0.301102,0.298955,0.301408,0.298955,0.299138,0.301102,1,0,0.0663087,0,0.000325279,-0.000925713,0.00194126,0.0601919,-0.189587,0,0,0,0.0634847,-0.184063,-0.00772034,-1.33437,-0.387784,12.0493,12.1291,0,35.7951
15.44,level,0.560985,0.312188,-0.0198189,0.0632895,0,0,0.0611098,0.184269,0.00482259,88.4606,88.6006,172.8,13.3272,nan,0.300141,0.299724,0.300611,0.299446,0.300784,0.299724,0.300784,0.300611,0.299446,1,0,0.0663087,0,0.00119567,-0.000199855,-0.000978571,0.059371,-0.189839,0,0,0,0.0640176,-0.185332,-0.0114946,-1.39043,-0.437176,11.9144,12.0032,0,35.7664
15.45,level,0.561262,0.310654,-0.0195803,0.0633529,0,0,0.0602861,0.184634,0.00472452,88.4529,88.5929,172.933,13.3492,nan,0.300131,0.301033,0.29931,0.300316,0.299865,0.301033,0.299865,0.29931,0.300316,1,0,0.0662979,0,0.00337329,-0.000308127,0.000955302,0.05865,-0.190021,0,0,0,0.0567375,-0.180982,0.00391371,-1.29821,-0.397909,11.9315,12.0085,0,35.7397
15.46,level,0.561534,0.309113,-0.0192652,0.0634176,0,0,0.059536,0.184927,0.00502471,88.4453,88.5853,173.067,13.3711,nan,0.30012,0.301133,0.299258,0.300946,0.299145,0.301133,0.299145,0.299258,0.300946,1,0,0.0662727,0,0.000195741,-0.000570447,0.00161606,0.0577642,-0.190232,0,0,0,0.0710026,-0.198025,0.00519222,-1.30672,-0.324345,11.9941,12.0694,0,35.7087
15.47,level,0.5618,0.307571,-0.0189924,0.063479,0,0,0.0587184,0.185208,0.0045733,88.4377,88.5777,173.201,13.393,nan,0.300109,0.299404,0.30083,0.299552,0.300651,0.299404,0.300651,0.30083,0.299552,1,0,0.0662367,0,-0.000866465,-5.71868e-05,-0.00110955,0.0569062,-0.1904,0,0,0,0.0591093,-0.184692,-0.00341703,-1.25854,-0.350864,11.7968,11.8689,0,35.6798
15.48,level,0.562058,0.306027,-0.0187718,0.0635311,0,0,0.0578141,0.18555,0.00418776,88.4301,88.5701,173.335,13.4148,nan,0.300097,0.301417,0.298826,0.301458,0.29869,0.301417,0.29869,0.298826,0.301458,1,0,0.0662403,0,-0.000470794,-0.000179966,0.00235575,0.0562723,-0.190553,0,0,0,0.0634438,-0.185522,-0.00985359,-1.23555,-0.306679,11.8725,11.9406,0,35.6535
15.49,level,0.56231,0.304475,-0.0185393,0.0635414,0,0,0.0568682,0.185821,0.00378117,88.4225,88.5625,173.469,13.4366,nan,0.300085,0.300111,0.300185,0.300389,0.299659,0.300111,0.299659,0.300185,0.300389,1,0,0.0661719,0,-0.0021318,-0.000468173,0.000288197,0.055536,-0.190609,0,0,0,0.0522215,-0.198986,4.6841e-05,-1.16781,-0.327335,11.8514,11.9133,0,35.6273
15.5,level,0.562553,0.302924,-0.0183096,0.0635634,0,0,0.0559181,0.185985,0.00440627,88.4149,88.5549,173.603,13.4584,nan,0.300072,0.299534,0.300405,0.299617,0.300737,0.299534,0.300737,0.300405,0.299617,1,0,0.0661394,0,0.00065951,0.000786867,-0.000875137,0.0549326,-0.190638,0,0,0,0.0626553,-0.181108,0.00860345,-1.32366,-0.231451,11.8893,11.9649,0,35.6008
15.51,level,0.562787,0.301373,-0.0180841,0.0636111,0,0,0.0550308,0.185991,0.00406281,88.4073,88.5473,173.738,13.4801,nan,0.300059,0.301176,0.299352,0.300766,0.298946,0.301176,0.298946,0.299352,0.300766,1,0,0.0661178,0,1.07329e-05,-0.00154583,0.00160171,0.0542824,-0.19078,0,0,0,0.0540865,-0.179164,-0.00131529,-1.36621,-0.15022,11.8973,11.9764,0,35.5738
15.52,level,0.563016,0.29982,-0.01787,0.0636587,0,0,0.0541242,0.185935,0.00332235,88.3997,88.5397,173.873,13.5018,nan,0.300046,0.29988,0.300616,0.299611,0.300079,0.29988,0.300079,0.300616,0.299611,1,0,0.0661034,0,-0.000713386,-0.001527,-0.00052903,0.053601,-0.190925,0,0,0,0.0622618,-0.181467,-0.00719128,-1.30235,-0.249363,11.9484,12.0217,0,35.5469
15.53,level,0.563238,0.298265,-0.0177196,0.0637021,0,0,0.0532393,0.185897,0.0030034,88.3921,88.5321,174.008,13.5234,nan,0.300031,0.299796,0.300305,0.299827,0.3002,0.299796,0.3002,0.300305,0.299827,1,0,0.0661106,0,-0.000359277,-0.000141111,-0.000387663,0.0531277,-0.191067,0,0,0,0.060901,-0.188237,-0.00400932,-1.36073,-0.293297,11.8526,11.9341,0,35.5236
15.54,level,0.563454,0.296711,-0.0174839,0.0637863,0,0,0.0523564,0.185806,0.00308943,88.3845,88.5245,174.143,13.5449,nan,0.300017,0.30095,0.299567,0.300231,0.299322,0.30095,0.299322,0.299567,0.300231,1,0,0.0661214,0,0.00125845,-0.00182762,0.00100753,0.052428,-0.191304,0,0,0,0.0539511,-0.179315,0.00341263,-1.46295,-0.265481,11.8699,11.9627,0,35.4946
15.55,level,0.563663,0.295156,-0.0172523,0.0638732,0,0,0.0513866,0.185819,0.00279274,88.3769,88.5169,174.279,13.5665,nan,0.300002,0.300267,0.299964,0.300267,0.299514,0.300267,0.299514,0.299964,0.300267,1,0,0.0661503,0,-0.00119326,-0.00085284,0.000463585,0.0517128,-0.191574,0,0,0,0.0563229,-0.183398,-0.000296678,-1.40118,-0.310449,11.769,11.8562,0,35.4656
15.56,level,0.563864,0.293599,-0.0170265,0.0639568,0,0,0.0503018,0.185774,0.0029075,88.3693,88.5093,174.415,13.588,nan,0.299987,0.298727,0.301337,0.298405,0.301483,0.298727,0.301483,0.301337,0.298405,1,0,0.0661755,0,0.00124023,-0.000331997,-0.00250038,0.0510283,-0.191833,0,0,0,0.056116,-0.188028,-0.00104206,-1.36661,-0.318354,11.8569,11.9397,0,35.4368
15.57,level,0.564054,0.292049,-0.0168025,0.0640224,0,0,0.0493116,0.185619,0.00395334,88.3617,88.5017,174.551,13.6094,nan,0.299972,0.300313,0.299887,0.300061,0.299631,0.300313,0.299631,0.299887,0.300061,1,0,0.0661935,0,-8.09565e-06,-0.000962598,0.000376427,0.0503172,-0.192075,0,0,0,0.0519692,-0.21276,0.00554413,-1.47238,-0.425466,11.7939,11.893,0,35.4082
15.58,level,0.564235,0.290503,-0.0165349,0.0640721,0,0,0.0484029,0.185244,0.00343357,88.3542,88.4942,174.687,13.6308,nan,0.299957,0.299528,0.300453,0.299442,0.30041,0.299528,0.30041,0.300453,0.299442,1,0,0.0661683,0,0.00011372,-0.000243591,-0.000832266,0.0495297,-0.192177,0,0,0,0.0568006,-0.183306,-0.0008461,-1.51185,-0.412879,11.8577,11.9608,0,35.3773
15.59,level,0.56441,0.28896,-0.0163567,0.0641468,0,0,0.0474355,0.184685,0.00397371,88.3466,88.4866,174.823,13.6521,nan,0.299943,0.300965,0.299147,0.30038,0.299281,0.300965,0.299281,0.299147,0.30038,1,0,0.0661827,0,0.00190916,-0.000855397,0.00128222,0.0489716,-0.192405,0,0,0,0.0555063,-0.18064,-0.0142449,-1.41594,-0.436253,11.8691,11.9612,0,35.3506
15.6,level,0.564577,0.287427,-0.0160727,0.0642261,0,0,0.0465455,0.184026,0.00572304,88.339,88.479,174.96,13.6734,nan,0.299928,0.299739,0.300094,0.299501,0.30038,0.299739,0.30038,0.300094,0.299501,1,0,0.0662043,0,0.0013911,9.07896e-05,-0.000542675,0.0481706,-0.192635,0,0,0,0.053866,-0.185366,0.00322265,-1.36581,-0.300117,11.862,11.9441,0,35.3182
15.61,level,0.564735,0.285903,-0.0158703,0.06431,0,0,0.0458549,0.183422,0.00478762,88.3314,88.4714,175.097,13.6946,nan,0.299914,0.300656,0.299618,0.300394,0.29899,0.300656,0.29899,0.299618,0.300394,1,0,0.0662331,0,-0.000971796,-0.00168398,0.00107345,0.0475137,-0.192894,0,0,0,0.0484587,-0.183203,-0.00385714,-1.2626,-0.355174,11.8545,11.9269,0,35.29
15.62,level,0.564892,0.284381,-0.0157042,0.0643862,0,0,0.045208,0.183046,0.00494879,88.3239,88.4639,175.234,13.7157,nan,0.2999,0.301188,0.299034,0.300279,0.299101,0.301188,0.299101,0.299034,0.300279,1,0,0.0662727,0,0.00259035,-0.00159601,0.00146468,0.0470497,-0.193134,0,0,0,0.045299,-0.198061,-0.0134215,-1.26365,-0.280884,11.7795,11.8504,0,35.2638
15.63,level,0.565044,0.28286,-0.0154647,0.0645038,0,0,0.0446459,0.182816,0.00448325,88.3163,88.4563,175.371,13.7369,nan,0.299886,0.301612,0.29875,0.300898,0.298288,0.301612,0.298288,0.29875,0.300898,1,0,0.0663123,0,0.000667869,-0.00222917,0.00240463,0.0463551,-0.193452,0,0,0,0.0456078,-0.17704,-0.00310412,-1.28398,-0.243224,11.8455,11.9173,0,35.233
15.64,level,0.565195,0.281337,-0.0153088,0.0646274,0,0,0.0441629,0.182768,0.0042055,88.3087,88.4487,175.509,13.758,nan,0.299873,0.301135,0.299177,0.300746,0.298436,0.301135,0.298436,0.299177,0.300746,1,0,0.0663878,0,-0.000934616,-0.00214045,0.00187592,0.0458882,-0.193819,0,0,0,0.0393427,-0.175337,0.00147866,-1.31184,-0.227197,11.8102,11.885,0,35.2066
15.65,level,0.565343,0.279815,-0.0150325,0.0647564,0,0,0.0436998,0.182813,0.00334076,88.3012,88.4412,175.646,13.779,nan,0.29986,0.300428,0.299825,0.29986,0.29933,0.300428,0.29933,0.299825,0.29986,1,0,0.0664596,0,0.000195965,-0.00201366,0.000497804,0.0450544,-0.194215,0,0,0,0.0452502,-0.180462,-0.00668894,-1.30105,-0.248513,11.8512,11.925,0,35.1738
15.66,level,0.565489,0.278287,-0.0148835,0.0648475,0,0,0.0432615,0.182896,0.00295936,88.2936,88.4336,175.784,13.8,nan,0.299847,0.299156,0.30109,0.298809,0.300337,0.299156,0.300337,0.30109,0.298809,1,0,0.0665205,0,-0.00107734,-0.00208417,-0.00152223,0.044653,-0.194485,0,0,0,0.0513676,-0.180375,0.00356488,-1.38875,-0.185286,11.8667,11.9491,0,35.1485
15.67,level,0.565633,0.27676,-0.0146398,0.0649185,0,0,0.0428656,0.182976,0.00299914,88.286,88.426,175.922,13.8209,nan,0.299835,0.299492,0.30047,0.298955,0.300424,0.299492,0.300424,0.30047,0.298955,1,0,0.0665384,0,0.00130172,-0.00110332,-0.00107578,0.0439368,-0.194716,0,0,0,0.0436392,-0.191465,-0.0151598,-1.35757,-0.128054,11.8066,11.885,0,35.1185
15.68,level,0.565775,0.275231,-0.0144325,0.0650062,0,0,0.0424554,0.183024,0.00276218,88.2785,88.4185,176.061,13.8418,nan,0.299823,0.30117,0.299137,0.300573,0.298412,0.30117,0.298412,0.299137,0.300573,1,0,0.0665671,0,-0.000340007,-0.00250557,0.00184383,0.0433059,-0.194953,0,0,0,0.0575381,-0.174871,-0.0111953,-1.45997,-0.189734,11.8409,11.9321,0,35.0903
15.69,level,0.565914,0.273701,-0.0141974,0.0651102,0,0,0.0419999,0.183096,0.00385461,88.2709,88.4109,176.199,13.8627,nan,0.29981,0.300076,0.299891,0.299715,0.299563,0.300076,0.299563,0.299891,0.299715,1,0,0.066628,0,8.65147e-05,-0.00130656,0.000147999,0.0426106,-0.195284,0,0,0,0.0487917,-0.188299,0.0114969,-1.43608,-0.141258,11.7851,11.8732,0,35.0603
15.7,level,0.566049,0.272174,-0.0140167,0.0652223,0,0,0.0415071,0.183213,0.00309194,88.2634,88.4034,176.338,13.8835,nan,0.299799,0.300091,0.299986,0.299624,0.299497,0.300091,0.299497,0.299986,0.299624,1,0,0.0666888,0,-5.80789e-05,-0.00181213,0.000102133,0.0419983,-0.195616,0,0,0,0.0470604,-0.182342,0.00520843,-1.41514,-0.28694,11.7715,11.8597,0,35.0331
15.71,level,0.566182,0.270642,-0.0137739,0.0653176,0,0,0.0409975,0.183408,0.00237743,88.2558,88.3958,176.477,13.9042,nan,0.299787,0.300882,0.298868,0.300669,0.29873,0.300882,0.29873,0.298868,0.300669,1,0,0.066746,0,0.000200291,-0.000664429,0.00173798,0.0413287,-0.195896,0,0,0,0.0539826,-0.181694,0.00341315,-1.56016,-0.183736,11.8239,11.9278,0,35.0028
15.72,level,0.566311,0.269105,-0.0135444,0.0654393,0,0,0.0404214,0.183742,0.0023687,88.2483,88.3883,176.616,13.9249,nan,0.299775,0.299722,0.300173,0.299563,0.299646,0.299722,0.299646,0.300173,0.299563,1,0,0.0668138,0,-0.000975575,-0.00130055,-0.000234501,0.0405502,-0.19629,0,0,0,0.0439685,-0.193363,0.000714674,-1.45152,-0.356606,11.7972,11.8915,0,34.9727
15.73,level,0.566434,0.267569,-0.0132715,0.0655414,0,0,0.0398247,0.184134,0.00282855,88.2407,88.3807,176.755,13.9455,nan,0.299764,0.29988,0.299871,0.299897,0.299408,0.29988,0.299408,0.299871,0.299897,1,0,0.0668495,0,-0.00127385,-0.000844689,0.000219276,0.0397662,-0.196578,0,0,0,0.046718,-0.185821,0.00174886,-1.42091,-0.275834,11.8201,11.9084,0,34.9405
15.74,level,0.566553,0.266029,-0.0130217,0.0656133,0,0,0.0392555,0.184521,0.00221517,88.2332,88.3732,176.895,13.966,nan,0.299752,0.299714,0.29986,0.299501,0.299935,0.299714,0.299935,0.29986,0.299501,1,0,0.0668816,0,0.000764273,-0.000262588,-0.000255102,0.0390273,-0.196806,0,0,0,0.0533678,-0.194652,-0.00480513,-1.34429,-0.258452,11.8401,11.9189,0,34.91
15.75,level,0.566667,0.264484,-0.0127694,0.065713,0,0,0.0386299,0.18488,0.00330395,88.2257,88.3657,177.035,13.9865,nan,0.299741,0.299065,0.300865,0.29869,0.300346,0.299065,0.300346,0.300865,0.29869,1,0,0.0669422,0,-0.000381349,-0.00169461,-0.00151873,0.0382664,-0.197095,0,0,0,0.0500372,-0.187815,0.0137257,-1.40176,-0.269748,11.7755,11.8617,0,34.8788
15.76,level,0.566774,0.262943,-0.0124746,0.065803,0,0,0.0379526,0.185341,0.00387115,88.2181,88.3581,177.174,14.0069,nan,0.299729,0.300174,0.299437,0.299874,0.299434,0.300174,0.299434,0.299437,0.299874,1,0,0.0669671,0,0.00078851,-0.000572231,0.000517455,0.0373805,-0.197377,0,0,0,0.0419045,-0.196768,-0.0109866,-1.38284,-0.237281,11.708,11.7918,0,34.8453
15.77,level,0.566875,0.261397,-0.0122074,0.0658699,0,0,0.0373648,0.185819,0.00309186,88.2106,88.3506,177.315,14.0273,nan,0.299718,0.300216,0.299205,0.300273,0.299179,0.300216,0.299179,0.299205,0.300273,1,0,0.0669885,0,-0.000220773,5.83758e-05,0.000924669,0.0366207,-0.197569,0,0,0,0.0523195,-0.193156,0.0135475,-1.38704,-0.186823,11.6343,11.7181,0,34.8135
15.78,level,0.566973,0.259843,-0.0119934,0.0659471,0,0,0.0367949,0.186229,0.00275164,88.2031,88.3431,177.455,14.0476,nan,0.299706,0.299698,0.300157,0.299589,0.299382,0.299698,0.299382,0.300157,0.299589,1,0,0.0670098,0,-0.00176402,-0.0016743,-0.000110683,0.0359392,-0.197784,0,0,0,0.0384828,-0.181023,-0.00677721,-1.28533,-0.20801,11.6797,11.7521,0,34.7843
15.79,level,0.567066,0.258285,-0.0117776,0.0660048,0,0,0.0361096,0.186716,0.00311717,88.1955,88.3355,177.596,14.0679,nan,0.299694,0.300864,0.298484,0.301055,0.298377,0.300864,0.298377,0.298484,0.301055,1,0,0.0670312,0,-0.000791356,0.000159751,0.00222303,0.0353167,-0.197967,0,0,0,0.0359373,-0.189723,0.0040948,-1.39099,-0.164368,11.7079,11.7914,0,34.7553
15.8,level,0.567155,0.256718,-0.01157,0.0660756,0,0,0.0353344,0.1871,0.00123132,88.188,88.328,177.736,14.0881,nan,0.299682,0.301183,0.29899,0.300587,0.297972,0.301183,0.297972,0.29899,0.300587,1,0,0.0670703,0,-0.00111834,-0.00305816,0.00211318,0.0346674,-0.19817,0,0,0,0.0336118,-0.18178,0.0067983,-1.33312,-0.204603,11.7477,11.8249,0,34.7262
15.81,level,0.56724,0.255143,-0.0113931,0.0661158,0,0,0.0345143,0.187447,0.00185289,88.1805,88.3205,177.877,14.1082,nan,0.29967,0.299025,0.300914,0.299092,0.299653,0.299025,0.299653,0.300914,0.299092,1,0,0.0670845,0,-0.00352324,-0.00226133,-0.00107679,0.0342122,-0.198304,0,0,0,0.0225553,-0.189316,0.00251671,-1.30494,-0.0345871,11.6899,11.7625,0,34.6993
15.82,level,0.567314,0.25357,-0.0111606,0.0661962,0,0,0.0335904,0.187842,0.00143123,88.173,88.313,178.019,14.1283,nan,0.299658,0.298752,0.300984,0.298991,0.299907,0.298752,0.299907,0.300984,0.298991,1,0,0.0671307,0,-0.00349157,-0.00158815,-0.00138309,0.0334679,-0.198536,0,0,0,0.0317847,-0.186613,-0.0059121,-1.41333,-0.144023,11.7885,11.8738,0,34.6684
15.83,level,0.567381,0.251994,-0.0109407,0.0662559,0,0,0.0326051,0.18821,0.00203411,88.1654,88.3054,178.16,14.1484,nan,0.299645,0.300397,0.299271,0.299781,0.299134,0.300397,0.299134,0.299271,0.299781,1,0,0.067152,0,0.00127076,-0.00142719,0.000779095,0.0328295,-0.198724,0,0,0,0.0366281,-0.192759,0.00157314,-1.41673,-0.115862,11.7785,11.864,0,34.6381
15.84,level,0.567439,0.250415,-0.0107415,0.0663081,0,0,0.0317434,0.18852,0.00172331,88.1579,88.2979,178.301,14.1684,nan,0.299633,0.299747,0.299902,0.299514,0.29937,0.299747,0.29937,0.299902,0.299514,1,0,0.0671662,0,-0.000792605,-0.00144989,-4.79275e-06,0.0322307,-0.198874,0,0,0,0.0455058,-0.188217,-0.00352854,-1.51351,-0.147364,11.8052,11.9028,0,34.6088
15.85,level,0.56749,0.248834,-0.0105189,0.0663829,0,0,0.0309952,0.188795,0.00225456,88.1504,88.2904,178.443,14.1884,nan,0.29962,0.299995,0.299701,0.300574,0.298211,0.299995,0.298211,0.299701,0.300574,1,0,0.0671982,0,-0.00548958,-0.00172857,0.00116765,0.0315528,-0.199105,0,0,0,0.0420393,-0.192719,0.00765445,-1.47963,-0.159143,11.6134,11.7083,0,34.5778
15.86,level,0.567535,0.247251,-0.01027,0.0664523,0,0,0.030102,0.189168,0.00208857,88.1429,88.2829,178.585,14.2084,nan,0.299606,0.298346,0.301129,0.298562,0.300389,0.298346,0.300389,0.301129,0.298562,1,0,0.067223,0,-0.00253792,-0.000992201,-0.00202636,0.0307789,-0.199309,0,0,0,0.0413414,-0.188511,0.00537383,-1.6153,-0.240085,11.6918,11.8053,0,34.5452
15.87,level,0.56757,0.245669,-0.0100623,0.0665066,0,0,0.0292152,0.189449,0.00233658,88.1354,88.2754,178.727,14.2283,nan,0.299592,0.298383,0.301178,0.298212,0.300599,0.298383,0.300599,0.301178,0.298212,1,0,0.0672656,0,-0.00108088,-0.00142142,-0.00227745,0.0301956,-0.199488,0,0,0,0.0353942,-0.200915,0.00456642,-1.46513,-0.105823,11.7243,11.816,0,34.5147
15.88,level,0.567597,0.244085,-0.00986654,0.0665723,0,0,0.028381,0.189667,0.00271753,88.1279,88.2679,178.87,14.2481,nan,0.299578,0.299946,0.299516,0.299879,0.298975,0.299946,0.298975,0.299516,0.299879,1,0,0.0672833,0,-0.00125749,-0.00115296,0.000585984,0.029593,-0.199676,0,0,0,0.0285233,-0.195218,0.00674698,-1.47996,-0.118239,11.7496,11.843,0,34.4846
15.89,level,0.567619,0.242499,-0.00964283,0.0666355,0,0,0.0276521,0.190006,0.00248052,88.1204,88.2604,179.012,14.2679,nan,0.299564,0.298919,0.300238,0.298686,0.300415,0.298919,0.300415,0.300238,0.298686,1,0,0.0673223,0,0.00108837,-0.000105894,-0.00134027,0.02888,-0.199866,0,0,0,0.033171,-0.192939,0.00185049,-1.4941,-0.233991,11.6554,11.7531,0,34.4528
15.9,level,0.567635,0.24091,-0.00940327,0.066676,0,0,0.0269427,0.190239,0.00231337,88.1129,88.2529,179.155,14.2877,nan,0.299549,0.299204,0.299684,0.299364,0.299946,0.299204,0.299946,0.299684,0.299364,1,0,0.0673329,0,0.000270415,0.000798634,-0.000466715,0.0281936,-0.199985,0,0,0,0.0314819,-0.194171,0.00947341,-1.4717,-0.150281,11.732,11.8249,0,34.4203
15.91,level,0.567645,0.239318,-0.00919318,0.0667183,0,0,0.0261938,0.190289,0.00165292,88.1054,88.2454,179.298,14.3074,nan,0.299533,0.299268,0.299867,0.299184,0.299817,0.299268,0.299817,0.299867,0.299184,1,0,0.06734,0,9.03018e-05,-0.000254495,-0.000541678,0.0275196,-0.200119,0,0,0,0.0203738,-0.196756,-0.00115128,-1.41431,-0.202008,11.7265,11.8132,0,34.3892
15.92,level,0.567651,0.237725,-0.0089421,0.0667928,0,0,0.0254659,0.190248,0.00276192,88.0979,88.2379,179.441,14.3271,nan,0.299518,0.300324,0.299011,0.299436,0.299303,0.300324,0.299303,0.299011,0.299436,1,0,0.067386,0,0.00313057,-0.00113159,0.000635761,0.0267855,-0.200334,0,0,0,0.0298377,-0.191386,-0.0103566,-1.36008,-0.181529,11.5768,11.6579,0,34.3552
15.93,level,0.56765,0.236137,-0.0087083,0.0668539,0,0,0.0249773,0.190279,0.00295523,88.0904,88.2304,179.585,14.3467,nan,0.299501,0.299749,0.299881,0.298638,0.299741,0.299749,0.299741,0.299881,0.298638,1,0,0.0674214,0,0.00257711,-0.00237042,-0.000542655,0.0261006,-0.20052,0,0,0,0.0376305,-0.194134,0.000691684,-1.45036,-0.18477,11.6421,11.7336,0,34.3224
15.94,level,0.567647,0.234547,-0.00850551,0.0669014,0,0,0.0246041,0.19046,0.00238737,88.0829,88.2229,179.728,14.3663,nan,0.299485,0.3,0.299466,0.299585,0.298892,0.3,0.298892,0.299466,0.299585,1,0,0.0674461,0,-0.000424841,-0.00187497,0.00053909,0.0255193,-0.200658,0,0,0,0.0406746,-0.19254,-0.000821703,-1.3347,-0.127697,11.6603,11.7371,0,34.2916
15.95,level,0.567642,0.232953,-0.00827751,0.0669233,0,0,0.0241234,0.1907,0.00308457,88.0754,88.2154,179.872,14.3858,nan,0.299468,0.299949,0.299389,0.300127,0.298409,0.299949,0.298409,0.299389,0.300127,1,0,0.0674426,0,-0.00306993,-0.00151867,0.00100137,0.0248581,-0.20074,0,0,0,0.0311453,-0.202763,0.00512287,-1.41444,-0.0540138,11.6205,11.7063,0,34.2598
15.96,level,0.567632,0.23136,-0.00809095,0.0669743,0,0,0.02358,0.190926,0.00387475,88.0679,88.2079,180.016,14.4052,nan,0.29945,0.300871,0.298185,0.300565,0.298183,0.300871,0.298183,0.298185,0.300565,1,0,0.0674603,0,0.000807828,-0.000585061,0.00222746,0.0242829,-0.200875,0,0,0,0.0250962,-0.191295,0.000328911,-1.36076,-0.069693,11.7066,11.7856,0,34.2299
15.97,level,0.567617,0.229768,-0.00786204,0.0670014,0,0,0.0230569,0.191099,0.00335567,88.0605,88.2005,180.16,14.4247,nan,0.299432,0.299816,0.299364,0.299947,0.298606,0.299816,0.298606,0.299364,0.299947,1,0,0.0674603,0,-0.00235937,-0.00118711,0.000788158,0.0235959,-0.200973,0,0,0,0.0195448,-0.202278,-0.00109544,-1.49454,-0.0448451,11.754,11.8487,0,34.1978
15.98,level,0.5676,0.228172,-0.00766416,0.0670531,0,0,0.0225255,0.191262,0.00273856,88.053,88.193,180.304,14.4441,nan,0.299414,0.300289,0.299053,0.299793,0.298524,0.300289,0.298524,0.299053,0.299793,1,0,0.0674885,0,-8.49289e-05,-0.00194291,0.00110125,0.0230157,-0.201107,0,0,0,0.0247557,-0.188316,-0.00334041,-1.51187,-0.0280413,11.6406,11.7384,0,34.1671
15.99,level,0.567579,0.226575,-0.0073928,0.0670845,0,0,0.0220754,0.191506,0.00419201,88.0455,88.1855,180.449,14.4634,nan,0.299395,0.299156,0.29959,0.299833,0.299005,0.299156,0.299005,0.29959,0.299833,1,0,0.067485,0,-0.00334806,0.000172341,0.00017311,0.0221982,-0.201203,0,0,0,0.021884,-0.189263,-0.0104565,-1.51937,-0.0239241,11.6614,11.7599,0,34.1328
16,level,0.567553,0.22498,-0.00716,0.0671166,0,0,0.0214878,0.191679,0.00318261,88.0381,88.1781,180.594,14.4827,nan,0.299376,0.299907,0.29906,0.299696,0.298843,0.299907,0.298843,0.29906,0.299696,1,0,0.0674991,0,-1.48642e-05,-0.000811281,0.000747459,0.0214685,-0.201326,0,0,0,0.0255738,-0.207815,-0.00330813,-1.4875,-0.11443,11.5712,11.667,0,34.1003
16.01,level,0.567525,0.223376,-0.00691037,0.067172,0,0,0.0207896,0.1918,0.00190865,88.0306,88.1706,180.739,14.502,nan,0.299356,0.299042,0.299813,0.298955,0.299618,0.299042,0.299618,0.299813,0.298955,1,0,0.0675345,0,-0.000288492,-0.000535273,-0.000630673,0.0207017,-0.201488,0,0,0,0.029207,-0.204008,0.00491352,-1.5221,-0.176254,11.676,11.7761,0,34.0667
16.02,level,0.567492,0.221769,-0.00668128,0.0672046,0,0,0.0201118,0.19194,0.00144777,88.0231,88.1631,180.884,14.5212,nan,0.299336,0.299991,0.298825,0.299517,0.299013,0.299991,0.299013,0.298825,0.299517,1,0,0.067538,0,0.00175793,-0.000541773,0.000734222,0.0200095,-0.201583,0,0,0,0.0172841,-0.202897,0.0074607,-1.49247,-0.142224,11.7194,11.8149,0,34.0343
16.03,level,0.567456,0.220159,-0.00642157,0.0672496,0,0,0.0195274,0.192087,0.00165727,88.0157,88.1557,181.029,14.5404,nan,0.299315,0.299475,0.299608,0.298982,0.299198,0.299475,0.299198,0.299608,0.298982,1,0,0.0675451,0,0.000222972,-0.00170995,-0.00015323,0.019254,-0.201708,0,0,0,0.027952,-0.196705,0.0030289,-1.50374,-0.123911,11.747,11.8435,0,34.0001
16.04,level,0.567415,0.218547,-0.00612063,0.0672661,0,0,0.0189814,0.192309,0.0013862,88.0082,88.1482,181.174,14.5595,nan,0.299294,0.299652,0.298987,0.300093,0.298447,0.299652,0.298447,0.298987,0.300093,1,0,0.0675451,0,-0.00259985,-0.000186419,0.00101567,0.018341,-0.201745,0,0,0,0.0213954,-0.18842,0.0095341,-1.42041,-0.119693,11.567,11.6545,0,33.9638
16.05,level,0.56737,0.216931,-0.0058391,0.0672927,0,0,0.0182355,0.192449,0.00173037,88.0008,88.1408,181.32,14.5786,nan,0.299272,0.299722,0.29896,0.299701,0.298709,0.299722,0.298709,0.29896,0.299701,1,0,0.0675451,0,-0.000613204,-0.000514683,0.000770997,0.0174896,-0.201843,0,0,0,0.0217693,-0.199918,0.0109611,-1.41267,-0.134827,11.5816,11.6682,0,33.9285
16.06,level,0.567319,0.215316,-0.00558695,0.0673073,0,0,0.0175581,0.19251,0.00138453,87.9933,88.1333,181.466,14.5977,nan,0.29925,0.298282,0.3002,0.298506,0.300016,0.298282,0.300016,0.3002,0.298506,1,0,0.067538,0,-0.00108124,7.54033e-05,-0.00150613,0.0167988,-0.201891,0,0,0,0.0175696,-0.201905,-0.00946716,-1.4463,0.026873,11.569,11.6591,0,33.8947
16.07,level,0.567263,0.213702,-0.00531773,0.0673411,0,0,0.0168871,0.19259,0.00191672,87.9859,88.1259,181.612,14.6167,nan,0.299227,0.299781,0.299168,0.299327,0.298637,0.299781,0.298637,0.299168,0.299327,1,0,0.0675521,0,-0.000207048,-0.001865,0.000572595,0.015985,-0.201977,0,0,0,0.0272037,-0.19342,-0.0105565,-1.46297,-0.0186424,11.6275,11.7192,0,33.8597
16.08,level,0.567201,0.212087,-0.00505948,0.0673448,0,0,0.0161503,0.19271,0.00144768,87.9785,88.1185,181.758,14.6357,nan,0.299204,0.299632,0.299306,0.299186,0.298697,0.299632,0.298697,0.299306,0.299186,1,0,0.0675309,0,-0.00042894,-0.00199894,0.00035811,0.0152222,-0.201991,0,0,0,0.0259345,-0.194657,-0.00289282,-1.52538,0.0174088,11.6557,11.7551,0,33.8255
16.09,level,0.567134,0.21047,-0.004862,0.0673748,0,0,0.0154334,0.192799,0.00232429,87.971,88.111,181.905,14.6546,nan,0.29918,0.299996,0.299155,0.299911,0.297664,0.299996,0.297664,0.299155,0.299911,1,0,0.0675345,0,-0.0037313,-0.00298785,0.00135722,0.0146552,-0.202052,0,0,0,0.0299581,-0.173876,0.000298105,-1.48061,0.0582068,11.6445,11.7384,0,33.7944
16.1,level,0.567061,0.208854,-0.00466028,0.0673931,0,0,0.0146397,0.192911,0.00179559,87.9636,88.1036,182.051,14.6735,nan,0.299156,0.299143,0.299626,0.299218,0.298643,0.299143,0.298643,0.299626,0.299218,1,0,0.0675592,0,-0.002805,-0.00172012,4.07991e-05,0.0140542,-0.202143,0,0,0,0.0260245,-0.197102,0.00397473,-1.44926,0.0758159,11.618,11.7083,0,33.763
16.11,level,0.566981,0.207236,-0.00440095,0.0674094,0,0,0.0138027,0.192998,0.00176781,87.9562,88.0962,182.198,14.6924,nan,0.299132,0.298205,0.300734,0.297648,0.299944,0.298205,0.299944,0.300734,0.297648,1,0,0.0675627,0,-0.000622127,-0.00255236,-0.00212065,0.0132107,-0.20219,0,0,0,0.0251717,-0.19959,-0.00134862,-1.5935,-0.0710655,11.6371,11.7459,0,33.7283
16.12,level,0.566895,0.205618,-0.00414187,0.0674335,0,0,0.0129931,0.193063,0.00205468,87.9488,88.0888,182.345,14.7112,nan,0.299106,0.298133,0.300409,0.298354,0.299534,0.298133,0.299534,0.300409,0.298354,1,0,0.0675662,0,-0.00290875,-0.00123962,-0.00151874,0.0124251,-0.202257,0,0,0,0.0170812,-0.195909,-0.00108268,-1.59942,-0.0611417,11.5233,11.6339,0,33.6933
16.13,level,0.566802,0.203999,-0.00388725,0.0674653,0,0,0.0120232,0.193156,0.00138392,87.9414,88.0814,182.492,14.73,nan,0.299081,0.299323,0.299047,0.299013,0.298946,0.299323,0.298946,0.299047,0.299013,1,0,0.0675698,0,0.000555111,-0.000778754,0.000150745,0.0116766,-0.202357,0,0,0,0.0188267,-0.198556,-0.00471459,-1.54174,-0.0279647,11.6578,11.7594,0,33.6581
16.14,level,0.566701,0.202378,-0.00363527,0.0674545,0,0,0.0111508,0.193264,0.00226638,87.934,88.074,182.64,14.7487,nan,0.299055,0.298071,0.300385,0.298127,0.299642,0.298071,0.299642,0.300385,0.298127,1,0,0.0675627,0,-0.00211985,-0.0013024,-0.00168307,0.010873,-0.202348,0,0,0,0.0266736,-0.211282,0.0067356,-1.5591,-0.186248,11.6097,11.7154,0,33.6234
16.15,level,0.566592,0.200762,-0.00344887,0.067476,0,0,0.0103399,0.193332,0.00356186,87.9266,88.0666,182.787,14.7674,nan,0.299028,0.300055,0.298371,0.299412,0.298279,0.300055,0.298279,0.298371,0.299412,1,0,0.0675557,0,0.00146164,-0.00139427,0.00123853,0.0102959,-0.202362,0,0,0,0.00477712,-0.178985,-0.00272077,-1.46267,-0.131444,11.5408,11.6338,0,33.5919
16.16,level,0.566476,0.199149,-0.003269,0.0675083,0,0,0.00962094,0.193368,0.0047634,87.9192,88.0592,182.935,14.7861,nan,0.299001,0.299802,0.29864,0.299366,0.298199,0.299802,0.298199,0.29864,0.299366,1,0,0.0675909,0,-1.18298e-05,-0.00166152,0.00102374,0.00978945,-0.202493,0,0,0,0.0123742,-0.203372,-0.0112798,-1.44665,-0.0783044,11.5528,11.6433,0,33.5605
16.17,level,0.566352,0.197542,-0.00307541,0.067517,0,0,0.00890867,0.193317,0.004009,87.9118,88.0518,183.083,14.8047,nan,0.298973,0.298192,0.299807,0.298237,0.299662,0.298192,0.299662,0.299807,0.298237,1,0,0.0675945,0,-0.000506435,-0.000190051,-0.0013363,0.00923464,-0.202508,0,0,0,0.0112858,-0.196432,0.00124678,-1.37688,-0.0213688,11.5131,11.5952,0,33.5285
16.18,level,0.566225,0.195932,-0.0028784,0.0675392,0,0,0.00822947,0.193231,0.00325225,87.9044,88.0444,183.231,14.8233,nan,0.298945,0.299031,0.299352,0.298713,0.298689,0.299031,0.298689,0.299352,0.298713,1,0,0.0676121,0,-0.000915415,-0.00186051,-0.000130376,0.00867589,-0.202593,0,0,0,0.0105183,-0.206972,-0.0153163,-1.41023,0.0539839,11.5291,11.6152,0,33.4959
16.19,level,0.566093,0.194321,-0.00266656,0.0675438,0,0,0.007671,0.193161,0.00412777,87.897,88.037,183.38,14.8418,nan,0.298916,0.299271,0.299165,0.29943,0.297804,0.299271,0.297804,0.299165,0.29943,1,0,0.067598,0,-0.00403289,-0.00227642,0.000761093,0.00805068,-0.202585,0,0,0,0.0171653,-0.192834,0.00592296,-1.47207,0.0570737,11.6196,11.7126,0,33.4628
16.2,level,0.565958,0.192709,-0.00249793,0.0675672,0,0,0.00704153,0.193149,0.00310268,87.8897,88.0297,183.528,14.8603,nan,0.298887,0.298821,0.299565,0.298582,0.298585,0.298821,0.298585,0.299565,0.298582,1,0,0.0676015,0,-0.00196554,-0.00231032,-0.00032849,0.00752346,-0.202648,0,0,0,0.0116684,-0.188576,0.00443025,-1.39862,0.0211395,11.6061,11.6901,0,33.4318
16.21,level,0.565819,0.191095,-0.00230399,0.0675738,0,0,0.00638239,0.193199,0.00260644,87.8823,88.0223,183.677,14.8787,nan,0.298857,0.300023,0.298086,0.29975,0.297574,0.300023,0.297574,0.298086,0.29975,1,0,0.0676086,0,-0.000635354,-0.0014887,0.00180775,0.00692491,-0.20268,0,0,0,0.00481051,-0.196903,0.00121771,-1.55448,0.0180469,11.5753,11.6793,0,33.3995
16.22,level,0.565677,0.189476,-0.00210079,0.0675875,0,0,0.00572445,0.193291,0.00289399,87.875,88.015,183.826,14.8971,nan,0.298827,0.299004,0.298759,0.299918,0.297631,0.299004,0.297631,0.298759,0.299918,1,0,0.0676121,0,-0.00541481,-0.000404865,0.00111323,0.00631179,-0.202712,0,0,0,0.0108003,-0.191781,0.00354502,-1.5113,-0.0153995,11.531,11.6297,0,33.3666
16.23,level,0.565529,0.187856,-0.00190275,0.0676092,0,0,0.00492982,0.193348,0.00176904,87.8676,88.0076,183.975,14.9155,nan,0.298796,0.297679,0.300075,0.297703,0.299733,0.297679,0.299733,0.300075,0.297703,1,0,0.0676333,0,-0.000969986,-0.000601017,-0.00194534,0.0057257,-0.2028,0,0,0,0.0127647,-0.206616,0.00792318,-1.52886,-0.00365632,11.4713,11.5728,0,33.3338
16.24,level,0.565375,0.186234,-0.00164176,0.0676095,0,0,0.00424456,0.193408,0.00134483,87.8603,88.0003,184.124,14.9338,nan,0.298764,0.298401,0.299463,0.297573,0.299627,0.298401,0.299627,0.299463,0.297573,1,0,0.0676333,0,0.00263073,-0.0012573,-0.00136945,0.00492341,-0.202801,0,0,0,0.00374376,-0.207257,3.11582e-05,-1.63716,-0.0163465,11.5607,11.6761,0,33.2976
16.25,level,0.565218,0.18461,-0.00139553,0.0676316,0,0,0.0037269,0.193482,0.00171928,87.8529,87.9929,184.273,14.9521,nan,0.298733,0.299588,0.298126,0.299605,0.297618,0.299588,0.297618,0.298126,0.299605,1,0,0.0676403,0,-0.0013949,-0.000930011,0.00151628,0.00420801,-0.202847,0,0,0,0.00231462,-0.192735,-0.00563955,-1.60168,0.0536376,11.6133,11.7233,0,33.2619
16.26,level,0.565058,0.182984,-0.00114365,0.0676628,0,0,0.00321889,0.193516,0.00148855,87.8456,87.9856,184.423,14.9703,nan,0.2987,0.299355,0.298754,0.29861,0.29809,0.299355,0.29809,0.298754,0.29861,1,0,0.0676685,0,0.000214875,-0.00266854,0.000492782,0.00342357,-0.202938,0,0,0,0.0127995,-0.191023,-0.00222517,-1.57327,-0.0673579,11.5096,11.6169,0,33.2258
16.27,level,0.564895,0.181357,-0.000881756,0.0676711,0,0,0.00275904,0.19377,0.00189262,87.8383,87.9783,184.573,14.9885,nan,0.298668,0.299409,0.297999,0.299895,0.297375,0.299409,0.297375,0.297999,0.299895,1,0,0.0676615,0,-0.0029439,-0.00026144,0.00172699,0.00267901,-0.202962,0,0,0,0.00602301,-0.189961,-0.0132826,-1.42236,0.0555791,11.502,11.5897,0,33.1894
16.28,level,0.564728,0.179727,-0.000617355,0.0676702,0,0,0.00211147,0.193989,0.00144302,87.8309,87.9709,184.723,15.0067,nan,0.298634,0.298121,0.299621,0.297653,0.299149,0.298121,0.299149,0.299621,0.297653,1,0,0.067665,0,-1.15183e-05,-0.00178119,-0.00131693,0.00192246,-0.202984,0,0,0,0.0031398,-0.201877,-0.00145223,-1.39588,0.137375,11.5511,11.6359,0,33.153
16.29,level,0.564555,0.178098,-0.000423304,0.0676662,0,0,0.00145308,0.194072,0.00203366,87.8236,87.9636,184.873,15.0248,nan,0.298601,0.29916,0.298625,0.298693,0.297931,0.29916,0.297931,0.298625,0.298693,1,0,0.0676579,0,-0.000604325,-0.00220159,0.000569993,0.00133155,-0.202944,0,0,0,0.0100915,-0.18632,-0.00380542,-1.39014,0.0959607,11.515,11.599,0,33.1204
16.3,level,0.564379,0.176466,-0.000228539,0.067646,0,0,0.000923217,0.194078,0.00144452,87.8163,87.9563,185.023,15.0429,nan,0.298566,0.297129,0.299909,0.297489,0.299744,0.297129,0.299744,0.299909,0.297489,1,0,0.0676474,0,-0.0013937,0.000370575,-0.00221305,0.000749559,-0.20293,0,0,0,0.0115352,-0.217223,0.00880126,-1.47597,0.108329,11.4194,11.5149,0,33.0879
16.31,level,0.564197,0.174839,-8.77342e-05,0.0676589,0,0,0.000224266,0.193991,0.00323529,87.809,87.949,185.174,15.0609,nan,0.298531,0.299582,0.297739,0.299538,0.297273,0.299582,0.297273,0.297739,0.299538,1,0,0.0676579,0,-0.00111987,-0.000964584,0.00180549,0.00030266,-0.202933,0,0,0,0.0021886,-0.194869,-0.00782197,-1.54115,0.0948016,11.4739,11.5773,0,33.0581
16.32,level,0.564008,0.173217,0.000113095,0.0676597,0,0,-0.000566747,0.19396,0.00334204,87.8017,87.9417,185.324,15.0788,nan,0.298496,0.299279,0.298097,0.29847,0.298146,0.299279,0.298146,0.298097,0.29847,1,0,0.0676474,0,0.0022779,-0.00143928,0.000661435,-0.000332542,-0.202943,0,0,0,0.0216526,-0.200496,-0.00673046,-1.54812,-0.0649241,11.4218,11.5264,0,33.0249
16.33,level,0.563814,0.171595,0.000388134,0.0676562,0,0,-0.00125487,0.193856,0.0029396,87.7944,87.9344,185.475,15.0968,nan,0.29846,0.299827,0.297356,0.299476,0.29719,0.299827,0.29719,0.297356,0.299476,1,0,0.0676544,0,0.000489273,-0.000980418,0.00209058,-0.00111101,-0.202934,0,0,0,0.00301833,-0.19978,-0.00485589,-1.54246,0.125449,11.577,11.6799,0,32.9874
16.34,level,0.563617,0.169969,0.000601059,0.0676573,0,0,-0.0018604,0.193649,0.00209194,87.7872,87.9272,185.626,15.1147,nan,0.298424,0.299326,0.298122,0.298408,0.297847,0.299326,0.297847,0.298122,0.298408,1,0,0.0676615,0,0.00170549,-0.00226075,0.000776101,-0.00182556,-0.202949,0,0,0,-0.00509173,-0.210023,0.00692708,-1.5185,-0.0381908,11.6143,11.7132,0,32.9534
16.35,level,0.563416,0.168346,0.000839024,0.0676738,0,0,-0.00234978,0.193507,0.00359089,87.7799,87.9199,185.778,15.1326,nan,0.298387,0.300156,0.297068,0.299246,0.297086,0.300156,0.297086,0.297068,0.299246,1,0,0.0676615,0,0.00246394,-0.00169135,0.00230669,-0.00251431,-0.202961,0,0,0,0.000706633,-0.184835,0.010065,-1.46895,0.00132871,11.5024,11.5958,0,32.918
16.36,level,0.563211,0.166726,0.00102821,0.0676819,0,0,-0.00284778,0.193483,0.00289899,87.7726,87.9126,185.929,15.1504,nan,0.29835,0.298533,0.298518,0.297962,0.298395,0.298533,0.298395,0.298518,0.297962,1,0,0.0676756,0,0.00119012,-0.00131647,-0.000183453,-0.0030444,-0.203006,0,0,0,0.00517369,-0.197928,0.00925386,-1.4971,0.0749652,11.4498,11.5475,0,32.8854
16.37,level,0.563003,0.165107,0.00122377,0.0676957,0,0,-0.0033165,0.193455,0.00337708,87.7654,87.9054,186.081,15.1683,nan,0.298312,0.299505,0.297836,0.298856,0.297059,0.299505,0.297059,0.297836,0.298856,1,0,0.0676967,0,-0.00033966,-0.00270133,0.00152339,-0.00362804,-0.203029,0,0,0,0.00324088,-0.185388,-0.0127408,-1.47055,0.0912727,11.5128,11.6067,0,32.8525
16.38,level,0.562792,0.163487,0.00144963,0.0677299,0,0,-0.00381247,0.19358,0.00300238,87.7581,87.8981,186.232,15.1861,nan,0.298274,0.297339,0.299701,0.297074,0.298989,0.297339,0.298989,0.299701,0.297074,1,0,0.0677425,0,-0.00118453,-0.0018534,-0.00187992,-0.00426591,-0.203144,0,0,0,0.00250995,-0.18905,-0.00171102,-1.51011,0.195541,11.57,11.6698,0,32.8178
16.39,level,0.562577,0.161867,0.00169369,0.0677627,0,0,-0.00434703,0.193884,0.00352549,87.7509,87.8909,186.384,15.2039,nan,0.298235,0.297671,0.299548,0.297602,0.298127,0.297671,0.298127,0.299548,0.297602,1,0,0.0677777,0,-0.0035855,-0.00282568,-0.00105577,-0.00501443,-0.203253,0,0,0,-0.00230458,-0.198119,-0.000507985,-1.55565,0.181279,11.5064,11.6125,0,32.7821
16.4,level,0.562357,0.160245,0.00188005,0.0677671,0,0,-0.00498886,0.194335,0.00318149,87.7437,87.8837,186.536,15.2216,nan,0.298196,0.298096,0.298769,0.297551,0.298375,0.298096,0.298375,0.298769,0.297551,1,0,0.0677812,0,0.000400103,-0.00177763,-0.000658282,-0.00558523,-0.203266,0,0,0,0.00395711,-0.200135,-0.00374373,-1.44973,0.111183,11.4342,11.5262,0,32.7496
16.41,level,0.562134,0.158614,0.00207155,0.0677631,0,0,-0.00548236,0.194871,0.00273184,87.7364,87.8764,186.689,15.2393,nan,0.298156,0.29799,0.29835,0.298347,0.297946,0.29799,0.297946,0.29835,0.298347,1,0,0.0677882,0,-0.00201973,-8.66097e-05,1.80474e-05,-0.00623862,-0.203258,0,0,0,-0.0115971,-0.20424,0.00574215,-1.56752,-0.0232319,11.4494,11.5562,0,32.7168
16.42,level,0.561908,0.156976,0.00229332,0.0677598,0,0,-0.00600499,0.195287,0.002211,87.7292,87.8692,186.841,15.2569,nan,0.298116,0.298158,0.298523,0.297644,0.298147,0.298158,0.298147,0.298523,0.297644,1,0,0.0677812,0,0.000365437,-0.00168743,-0.000382034,-0.00687873,-0.203254,0,0,0,-0.00226558,-0.20833,-0.00457764,-1.67435,0.00634397,11.4755,11.597,0,32.6823
16.43,level,0.561678,0.155335,0.00259672,0.0677328,0,0,-0.00652519,0.195664,0.00313558,87.722,87.862,186.994,15.2745,nan,0.298075,0.298889,0.297601,0.29899,0.296829,0.298889,0.296829,0.297601,0.29899,1,0,0.0677706,0,-0.0023161,-0.00126947,0.00151567,-0.00778498,-0.203159,0,0,0,-0.00931373,-0.199036,0.00426491,-1.55262,0.0436563,11.5144,11.6187,0,32.6433
16.44,level,0.561444,0.153693,0.00289622,0.0677143,0,0,-0.00711776,0.195949,0.00312234,87.7148,87.8548,187.147,15.2921,nan,0.298034,0.297863,0.298532,0.297846,0.297902,0.297863,0.297902,0.298532,0.297846,1,0,0.0677671,0,-0.00162387,-0.0012256,-0.000318721,-0.00862595,-0.203095,0,0,0,-0.00640256,-0.189809,-0.00158644,-1.44973,0.16563,11.3431,11.4366,0,32.6045
16.45,level,0.561204,0.152053,0.00319806,0.0676816,0,0,-0.00774471,0.196116,0.00423999,87.7076,87.8476,187.3,15.3096,nan,0.297992,0.299509,0.297019,0.299107,0.296341,0.299509,0.296341,0.297019,0.299107,1,0,0.067746,0,-0.000731666,-0.00204861,0.00231007,-0.00950002,-0.203011,0,0,0,0.00148392,-0.196453,-0.00412828,-1.41821,0.204735,11.415,11.5046,0,32.5655
16.46,level,0.56096,0.150412,0.00336985,0.0676727,0,0,-0.00836689,0.196195,0.00348598,87.7004,87.8404,187.453,15.3271,nan,0.297949,0.298331,0.297734,0.298591,0.29715,0.298331,0.29715,0.297734,0.298591,1,0,0.0677425,0,-0.00224079,-0.000613022,0.000895916,-0.0100169,-0.202975,0,0,0,-0.00178358,-0.189181,-0.00392999,-1.53051,0.241639,11.4978,11.6018,0,32.5337
16.47,level,0.560712,0.148767,0.00351811,0.0676448,0,0,-0.00896229,0.19629,0.00317953,87.6933,87.8333,187.606,15.3446,nan,0.297906,0.299274,0.296877,0.298739,0.296745,0.299274,0.296745,0.296877,0.298739,1,0,0.0677319,0,0.00107029,-0.00126469,0.00193013,-0.0104873,-0.202913,0,0,0,-0.00488528,-0.207076,-0.00746753,-1.55327,0.190838,11.4343,11.5409,0,32.5034
16.48,level,0.560461,0.147118,0.00365831,0.0676003,0,0,-0.00945264,0.196354,0.00281119,87.6861,87.8261,187.76,15.362,nan,0.297863,0.297851,0.297991,0.297885,0.297733,0.297851,0.297733,0.297991,0.297885,1,0,0.0676932,0,-0.000770908,-0.000423852,5.51487e-06,-0.0108865,-0.202766,0,0,0,-0.00297785,-0.195837,0.00190046,-1.59764,0.251548,11.3899,11.5041,0,32.4735
16.49,level,0.560208,0.145469,0.00387565,0.0675672,0,0,-0.00985039,0.196245,0.00216051,87.6789,87.8189,187.914,15.3793,nan,0.297819,0.29767,0.298485,0.297515,0.297613,0.29767,0.297613,0.298485,0.297515,1,0,0.0676826,0,-0.00190326,-0.00194721,-0.000401296,-0.0115993,-0.202672,0,0,0,-0.0100731,-0.20443,0.00240926,-1.53681,0.102089,11.4248,11.5281,0,32.4393
16.5,level,0.559953,0.143819,0.00411283,0.0675403,0,0,-0.0102621,0.196236,0.0025955,87.6718,87.8118,188.067,15.3967,nan,0.297774,0.2979,0.297897,0.297529,0.297779,0.2979,0.297779,0.297897,0.297529,1,0,0.0676544,0,0.000668486,-0.000926213,-0.000108785,-0.0122959,-0.202584,0,0,0,0.00142024,-0.199904,-0.00543952,-1.52407,0.0970099,11.4668,11.568,0,32.404
16.51,level,0.559695,0.14217,0.00435789,0.0675254,0,0,-0.010712,0.196263,0.00238254,87.6647,87.8047,188.221,15.414,nan,0.297729,0.297414,0.298025,0.297469,0.298017,0.297414,0.298017,0.298025,0.297469,1,0,0.0676685,0,-0.00016468,8.93835e-05,-0.0005093,-0.0130683,-0.202549,0,0,0,-0.00610531,-0.206927,0.0132637,-1.50117,0.0283024,11.5061,11.6037,0,32.3682
16.52,level,0.559434,0.14052,0.0046342,0.0675073,0,0,-0.0112069,0.196292,0.00225241,87.6575,87.7975,188.376,15.4312,nan,0.297683,0.296774,0.29894,0.296672,0.298355,0.296774,0.298355,0.29894,0.296672,1,0,0.0676474,0,-0.00127872,-0.00130193,-0.00169182,-0.0138659,-0.202472,0,0,0,-0.023758,-0.188731,-0.00577164,-1.51738,0.177611,11.2975,11.4004,0,32.3308
16.53,level,0.559169,0.138871,0.00486131,0.0674909,0,0,-0.011826,0.196333,0.003012,87.6504,87.7904,188.53,15.4484,nan,0.297637,0.29829,0.297116,0.298589,0.296562,0.29829,0.296562,0.297116,0.298589,1,0,0.067665,0,-0.00225945,-0.000482428,0.00140662,-0.0144976,-0.202444,0,0,0,-0.0168466,-0.196885,-0.00105293,-1.46866,0.265795,11.4233,11.5204,0,32.2962
16.54,level,0.5589,0.137218,0.00504951,0.0674661,0,0,-0.0125626,0.196309,0.00204005,87.6433,87.7833,188.685,15.4656,nan,0.29759,0.297857,0.297767,0.298053,0.296693,0.297857,0.296693,0.297767,0.298053,1,0,0.0676579,0,-0.00336861,-0.0016626,0.000637014,-0.0150606,-0.202362,0,0,0,0.00218879,-0.196903,0.00431259,-1.44708,0.190677,11.5221,11.6142,0,32.2638
16.55,level,0.558625,0.135564,0.00527039,0.0674404,0,0,-0.0134389,0.196372,0.002266,87.6362,87.7762,188.839,15.4827,nan,0.297543,0.297187,0.297805,0.29755,0.297639,0.297187,0.297639,0.297805,0.29755,1,0,0.0676474,0,-0.0014055,0.000374716,-0.000310468,-0.0157284,-0.202302,0,0,0,-0.00576424,-0.207329,0.00442587,-1.5962,0.24052,11.3872,11.501,0,32.2294
16.56,level,0.558343,0.133911,0.00549428,0.0674043,0,0,-0.0142519,0.196293,0.00266628,87.6291,87.7691,188.994,15.4998,nan,0.297495,0.298332,0.296787,0.298045,0.296825,0.298332,0.296825,0.296787,0.298045,1,0,0.0676333,0,0.000859987,-0.000472737,0.00121532,-0.0164166,-0.202186,0,0,0,-0.0121199,-0.202868,-0.00039876,-1.609,0.223281,11.372,11.4874,0,32.1947
16.57,level,0.558056,0.132256,0.00569254,0.0673703,0,0,-0.014944,0.196115,0.00152805,87.622,87.762,189.149,15.5169,nan,0.297447,0.298163,0.297076,0.298222,0.296335,0.298163,0.296335,0.297076,0.298222,1,0,0.0676121,0,-0.00212142,-0.00129222,0.00130737,-0.0170272,-0.202079,0,0,0,-0.00987118,-0.201975,-0.00399727,-1.67938,0.17636,11.4936,11.617,0,32.1613
16.58,level,0.557765,0.130599,0.00591892,0.067358,0,0,-0.0156278,0.195881,0.000863859,87.6149,87.7549,189.305,15.5339,nan,0.297398,0.296761,0.298584,0.296505,0.297751,0.296761,0.297751,0.298584,0.296505,1,0,0.0676156,0,-0.00153375,-0.00206262,-0.00134891,-0.017731,-0.202036,0,0,0,-0.00728381,-0.199077,-0.00621915,-1.52766,0.0858354,11.4415,11.5433,0,32.1262
16.59,level,0.55747,0.128943,0.00622721,0.0673305,0,0,-0.0162682,0.195647,0.00137047,87.6079,87.7479,189.46,15.5509,nan,0.297348,0.296578,0.298386,0.296443,0.297996,0.296578,0.297996,0.298386,0.296443,1,0,0.0676121,0,-0.000676109,-0.000994139,-0.00147674,-0.0186094,-0.201963,0,0,0,-0.015469,-0.200598,0.00318356,-1.46319,0.221373,11.3362,11.4324,0,32.0865
16.6,level,0.557168,0.127292,0.006459,0.0672943,0,0,-0.0170188,0.195397,0.00115851,87.6008,87.7408,189.616,15.5679,nan,0.297298,0.297389,0.29776,0.296908,0.297147,0.297389,0.297147,0.29776,0.296908,1,0,0.0676121,0,-0.000348682,-0.00207027,-0.000268111,-0.0192831,-0.201867,0,0,0,-0.0147028,-0.205738,0.00902305,-1.47838,0.274586,11.4811,11.5792,0,32.0511
16.61,level,0.556861,0.125643,0.00664896,0.0672897,0,0,-0.0178186,0.19507,0.00223438,87.5938,87.7338,189.771,15.5848,nan,0.297248,0.296168,0.298662,0.296453,0.29772,0.296168,0.29772,0.298662,0.296453,1,0,0.067605,0,-0.0032565,-0.00124469,-0.00165274,-0.0198719,-0.201826,0,0,0,-0.0119031,-0.191658,-0.0146601,-1.58211,0.242854,11.4425,11.5539,0,32.0179
16.62,level,0.556547,0.124004,0.00681465,0.0672726,0,0,-0.018675,0.194689,0.00330077,87.5867,87.7267,189.927,15.6018,nan,0.297197,0.297331,0.297171,0.297782,0.296515,0.297331,0.296515,0.297171,0.297782,1,0,0.0676156,0,-0.00293571,-0.000387759,0.000627019,-0.020384,-0.201781,0,0,0,-0.0248329,-0.19524,-0.00111348,-1.54777,0.24453,11.3336,11.4414,0,31.9861
16.63,level,0.556225,0.122369,0.00703615,0.0672469,0,0,-0.0195237,0.194354,0.00320635,87.5797,87.7197,190.083,15.6187,nan,0.297146,0.297777,0.296798,0.297793,0.296227,0.297777,0.296227,0.296798,0.297793,1,0,0.0676192,0,-0.00155555,-0.00105211,0.00111861,-0.0210565,-0.2017,0,0,0,-0.0083106,-0.196022,0.00259991,-1.57717,0.157196,11.363,11.473,0,31.9509
16.64,level,0.555898,0.120735,0.0072653,0.0672467,0,0,-0.0203576,0.194122,0.0030937,87.5727,87.7127,190.24,15.6356,nan,0.297094,0.296609,0.297918,0.296193,0.297667,0.296609,0.297667,0.297918,0.296193,1,0,0.0676333,0,0.000438431,-0.00126556,-0.00122336,-0.0217494,-0.201707,0,0,0,-0.0143861,-0.200815,0.00367541,-1.65855,0.174653,11.4174,11.5386,0,31.915
16.65,level,0.555564,0.119103,0.00747022,0.0672367,0,0,-0.0210449,0.1939,0.00267009,87.5657,87.7057,190.396,15.6524,nan,0.297042,0.29632,0.298181,0.296456,0.297221,0.29632,0.297221,0.298181,0.296456,1,0,0.0676438,0,-0.00291087,-0.00156178,-0.0011544,-0.0223952,-0.201671,0,0,0,-0.025117,-0.197509,-0.00248107,-1.51337,0.123536,11.4039,11.5045,0,31.8805
16.66,level,0.555226,0.117472,0.00771054,0.0672161,0,0,-0.0217664,0.193766,0.00346628,87.5587,87.6987,190.553,15.6692,nan,0.296989,0.299113,0.295109,0.298644,0.295101,0.299113,0.295101,0.295109,0.298644,1,0,0.0676579,0,0.0012233,-0.00090326,0.00331657,-0.0230849,-0.201632,0,0,0,-0.0224393,-0.211416,-0.00499281,-1.50599,0.191868,11.2728,11.3745,0,31.8438
16.67,level,0.554882,0.115841,0.00786337,0.0672046,0,0,-0.0224944,0.193675,0.00254879,87.5517,87.6917,190.709,15.686,nan,0.296936,0.29649,0.297578,0.296567,0.297118,0.29649,0.297118,0.297578,0.296567,1,0,0.067665,0,-0.00142185,-0.000725232,-0.000720252,-0.0234821,-0.201583,0,0,0,-0.0224429,-0.191538,-0.00937003,-1.39208,0.317691,11.3465,11.436,0,31.8122
16.68,level,0.554534,0.114207,0.0080454,0.0671957,0,0,-0.023145,0.193589,0.0025745,87.5448,87.6848,190.866,15.7027,nan,0.296882,0.296047,0.298119,0.29622,0.297154,0.296047,0.297154,0.298119,0.29622,1,0,0.067665,0,-0.00302118,-0.00149942,-0.00132098,-0.0240487,-0.201546,0,0,0,-0.0205141,-0.189801,0.00935629,-1.4966,0.282786,11.5064,11.6067,0,31.7789
16.69,level,0.554181,0.112575,0.00820959,0.0671779,0,0,-0.0237651,0.193562,0.00290705,87.5378,87.6778,191.024,15.7194,nan,0.296828,0.296376,0.297649,0.296038,0.297259,0.296376,0.297259,0.297649,0.296038,1,0,0.0676615,0,-0.0001371,-0.00138122,-0.00109654,-0.0245515,-0.201495,0,0,0,-0.0136823,-0.194545,-0.00307624,-1.52532,0.238515,11.4254,11.5292,0,31.7466
16.7,level,0.553823,0.110946,0.00840425,0.0671703,0,0,-0.024382,0.193585,0.00315483,87.5309,87.6709,191.181,15.7361,nan,0.296773,0.297602,0.296221,0.29744,0.295841,0.297602,0.295841,0.296221,0.29744,1,0,0.0677002,0,-0.000580269,-0.00102468,0.00130985,-0.0251593,-0.201475,0,0,0,-0.0238715,-0.197375,0.00271924,-1.67474,0.237502,11.4262,11.5508,0,31.7124
16.71,level,0.553461,0.109314,0.00861424,0.067138,0,0,-0.0249725,0.193707,0.00251948,87.5239,87.6639,191.338,15.7528,nan,0.296718,0.2976,0.296393,0.297056,0.295835,0.2976,0.295835,0.296393,0.297056,1,0,0.0677002,0,-3.60736e-05,-0.00208737,0.00106743,-0.02578,-0.201397,0,0,0,-0.0203973,-0.209102,-0.00478574,-1.62593,0.243821,11.3518,11.4702,0,31.6773
16.72,level,0.553096,0.107679,0.00881197,0.0671053,0,0,-0.025494,0.193817,0.00242332,87.517,87.657,191.496,15.7694,nan,0.296662,0.296072,0.297477,0.295941,0.297171,0.296072,0.297171,0.297477,0.295941,1,0,0.0676791,0,-0.000462655,-0.000828508,-0.00115847,-0.0263604,-0.20128,0,0,0,-0.012151,-0.196488,-0.0102982,-1.51971,0.228356,11.3215,11.4253,0,31.6429
16.73,level,0.552727,0.106042,0.0090221,0.0670894,0,0,-0.0260346,0.193869,0.00213259,87.5101,87.6501,191.654,15.786,nan,0.296606,0.297161,0.296284,0.296901,0.29609,0.297161,0.29609,0.296284,0.296901,1,0,0.0676861,0,0.000173971,-0.000862163,0.000741901,-0.0269707,-0.201244,0,0,0,-0.0185108,-0.200581,0.00568202,-1.47842,0.292576,11.339,11.4387,0,31.6078
16.74,level,0.552354,0.104403,0.00922472,0.0670732,0,0,-0.0266677,0.193867,0.00242992,87.5032,87.6432,191.812,15.8026,nan,0.29655,0.297178,0.296608,0.296854,0.29557,0.297178,0.29557,0.296608,0.296854,1,0,0.0676932,0,-0.0018947,-0.00258085,0.000815473,-0.0275513,-0.20118,0,0,0,-0.0109648,-0.186747,-0.00441118,-1.5031,0.346048,11.3625,11.4667,0,31.5732
16.75,level,0.551977,0.102761,0.00945309,0.0670276,0,0,-0.0273721,0.193949,0.00230098,87.4963,87.6363,191.97,15.8191,nan,0.296493,0.29721,0.296123,0.297892,0.294757,0.29721,0.294757,0.296123,0.297892,1,0,0.0676791,0,-0.00542948,-0.00129531,0.00185554,-0.0282462,-0.201047,0,0,0,-0.0139241,-0.190947,0.00540195,-1.61175,0.359999,11.3709,11.4902,0,31.5369
16.76,level,0.551593,0.101119,0.00963726,0.0669924,0,0,-0.0282296,0.194024,0.00201142,87.4894,87.6294,192.128,15.8356,nan,0.296435,0.296739,0.296224,0.296881,0.295908,0.296739,0.295908,0.296224,0.296881,1,0,0.0676861,0,-0.00121745,-0.000330947,0.000653886,-0.0288527,-0.200937,0,0,0,-0.0214992,-0.193988,-0.00483677,-1.56974,0.226649,11.3145,11.4252,0,31.5031
16.77,level,0.551203,0.0994773,0.00987655,0.066963,0,0,-0.0290395,0.194035,0.00227692,87.4825,87.6225,192.286,15.852,nan,0.296377,0.296086,0.296804,0.296351,0.296277,0.296086,0.296277,0.296804,0.296351,1,0,0.0676826,0,-0.00210028,-0.000496028,-0.000282879,-0.0295988,-0.20086,0,0,0,-0.0217438,-0.203532,0.00776684,-1.64255,0.150257,11.3857,11.5046,0,31.4662
16.78,level,0.550806,0.097836,0.0101329,0.0669274,0,0,-0.0298932,0.194133,0.00240102,87.4757,87.6157,192.445,15.8684,nan,0.296318,0.296312,0.296779,0.295604,0.29659,0.296312,0.29659,0.296779,0.295604,1,0,0.0676896,0,0.00137517,-0.00169961,-0.000638821,-0.0303455,-0.200753,0,0,0,-0.0388018,-0.199568,0.00790954,-1.55215,0.274838,11.4038,11.5122,0,31.4281
16.79,level,0.550403,0.0961941,0.0103251,0.0668954,0,0,-0.0305644,0.194221,0.00318515,87.4688,87.6088,192.604,15.8847,nan,0.296259,0.29799,0.294938,0.297374,0.294746,0.29799,0.294746,0.294938,0.297374,1,0,0.0676896,0,0.00112582,-0.00153059,0.00249645,-0.0309203,-0.200641,0,0,0,-0.0276438,-0.190673,-0.00444373,-1.42237,0.217013,11.3584,11.4491,0,31.3933
16.8,level,0.549995,0.0945531,0.0104989,0.066846,0,0,-0.0311095,0.194349,0.00309206,87.462,87.602,192.763,15.901,nan,0.296199,0.296268,0.296285,0.29666,0.295597,0.296268,0.295597,0.296285,0.29666,1,0,0.067665,0,-0.00286491,-0.000560878,0.000459218,-0.0313943,-0.200511,0,0,0,-0.0228666,-0.196733,0.00639653,-1.55367,0.347798,11.3972,11.5078,0,31.3597
16.81,level,0.549584,0.0929093,0.0106116,0.0668096,0,0,-0.0317454,0.194343,0.00213831,87.4552,87.5952,192.922,15.9172,nan,0.296139,0.295695,0.296793,0.295795,0.296286,0.295695,0.296286,0.296793,0.295795,1,0,0.0676438,0,-0.00161084,-0.000770539,-0.000699074,-0.0317258,-0.200401,0,0,0,-0.0222286,-0.194895,-0.00205388,-1.55285,0.367491,11.3702,11.4816,0,31.3295
16.82,level,0.549168,0.091265,0.0107755,0.0667609,0,0,-0.0323296,0.1942,0.00273279,87.4483,87.5883,193.081,15.9334,nan,0.296078,0.2972,0.295177,0.297244,0.294705,0.2972,0.294705,0.295177,0.297244,1,0,0.0676333,0,-0.00136969,-0.000812668,0.00200518,-0.0322769,-0.200256,0,0,0,-0.0315328,-0.202704,0.00190174,-1.73804,0.26293,11.2172,11.3541,0,31.2964
16.83,level,0.548748,0.0896206,0.0110065,0.0666911,0,0,-0.0329031,0.193937,0.00171271,87.4415,87.5815,193.24,15.9496,nan,0.296017,0.295823,0.296313,0.296164,0.295781,0.295823,0.295781,0.296313,0.296164,1,0,0.0675945,0,-0.00231357,-0.000362942,-4.72537e-05,-0.0329909,-0.200054,0,0,0,-0.0356863,-0.208568,0.0101939,-1.54801,0.194035,11.3494,11.4562,0,31.2595
16.84,level,0.548325,0.0879771,0.0112464,0.0666506,0,0,-0.033504,0.193623,0.00205939,87.4348,87.5748,193.4,15.9657,nan,0.295955,0.296096,0.29603,0.295709,0.296,0.296096,0.296,0.29603,0.295709,1,0,0.067598,0,0.000948781,-0.000789872,-9.88884e-05,-0.0336713,-0.199929,0,0,0,-0.0345164,-0.202577,0.00260056,-1.51793,0.291775,11.3066,11.4118,0,31.2221
16.85,level,0.547898,0.0863348,0.01146,0.0666236,0,0,-0.0341128,0.193326,0.00162406,87.428,87.568,193.56,15.9818,nan,0.295893,0.295961,0.296349,0.295757,0.295518,0.295961,0.295518,0.296349,0.295757,1,0,0.067605,0,-0.00166178,-0.00195932,-6.531e-05,-0.0342366,-0.199855,0,0,0,-0.0186902,-0.196858,0.00112091,-1.54349,0.453923,11.244,11.3585,0,31.1862
16.86,level,0.547466,0.084694,0.0116569,0.0665909,0,0,-0.0347464,0.193154,0.00254271,87.4212,87.5612,193.72,15.9979,nan,0.29583,0.295111,0.296631,0.294931,0.296661,0.295111,0.296661,0.296631,0.294931,1,0,0.0675945,0,0.000554885,-0.000282346,-0.00142839,-0.0348685,-0.199743,0,0,0,-0.0300485,-0.192792,-0.00892777,-1.52904,0.373934,11.4444,11.5521,0,31.1514
16.87,level,0.547029,0.0830604,0.0117987,0.0665414,0,0,-0.0353459,0.193007,0.00244265,87.4145,87.5545,193.88,16.0139,nan,0.295767,0.2959,0.295985,0.295748,0.295448,0.2959,0.295448,0.295985,0.295748,1,0,0.0675698,0,-0.00101787,-0.00130546,9.44019e-05,-0.0353082,-0.199592,0,0,0,-0.0345276,-0.193278,0.00469487,-1.60253,0.369341,11.3279,11.4467,0,31.1196
16.88,level,0.546589,0.0814245,0.0119783,0.0665044,0,0,-0.0358305,0.192759,0.00211138,87.4077,87.5477,194.04,16.03,nan,0.295703,0.29585,0.295917,0.296088,0.29497,0.29585,0.29497,0.295917,0.296088,1,0,0.0675662,0,-0.00314468,-0.00134357,0.00046205,-0.035878,-0.199469,0,0,0,-0.0326889,-0.18955,-0.00768116,-1.70799,0.287201,11.303,11.4349,0,31.0856
16.89,level,0.546146,0.079789,0.0121426,0.0664804,0,0,-0.0363521,0.192551,0.00212632,87.401,87.541,194.2,16.0459,nan,0.295639,0.295553,0.295739,0.295948,0.295329,0.295553,0.295329,0.295739,0.295948,1,0,0.0675698,0,-0.00213444,-3.08885e-05,0.000190186,-0.0363953,-0.199412,0,0,0,-0.0427027,-0.200884,0.001378,-1.68747,0.250017,11.2931,11.4212,0,31.0527
16.9,level,0.5457,0.0781547,0.0123811,0.0664429,0,0,-0.0368059,0.192325,0.00144167,87.3943,87.5343,194.361,16.0619,nan,0.295574,0.295589,0.295722,0.295423,0.295577,0.295589,0.295577,0.295722,0.295423,1,0,0.0675768,0,5.6293e-05,-0.000587622,-0.000126238,-0.0370565,-0.199297,0,0,0,-0.0314299,-0.194577,-0.00681447,-1.59011,0.35036,11.2724,11.3894,0,31.0155
16.91,level,0.545251,0.0765213,0.012634,0.0663866,0,0,-0.0372336,0.19196,0.00224586,87.3876,87.5276,194.521,16.0778,nan,0.295509,0.296812,0.294702,0.296027,0.29451,0.296812,0.29451,0.294702,0.296027,1,0,0.0675627,0,0.00157082,-0.00185002,0.00159441,-0.0377971,-0.19913,0,0,0,-0.0294088,-0.192743,0.000769654,-1.50567,0.36879,11.26,11.3662,0,30.9775
16.92,level,0.5448,0.0748892,0.0127635,0.0663437,0,0,-0.0376875,0.19164,0.000921566,87.3809,87.5209,194.682,16.0936,nan,0.295444,0.294747,0.295996,0.294742,0.296304,0.294747,0.296304,0.295996,0.294742,1,0,0.0675557,0,0.000827588,0.000575442,-0.00123513,-0.0381781,-0.199013,0,0,0,-0.0306604,-0.198571,0.000713539,-1.60467,0.429457,11.2518,11.3737,0,30.9466
16.93,level,0.544346,0.0732597,0.0129144,0.0663069,0,0,-0.0382067,0.191335,0.00196409,87.3743,87.5143,194.843,16.1094,nan,0.295378,0.294509,0.296451,0.294853,0.295712,0.294509,0.295712,0.296451,0.294853,1,0,0.0675521,0,-0.00287489,-0.000749984,-0.00123132,-0.0386363,-0.198889,0,0,0,-0.0276729,-0.191722,-0.0079516,-1.66138,0.415584,11.2796,11.4089,0,30.9147
16.94,level,0.543888,0.0716346,0.0131283,0.0662619,0,0,-0.038808,0.191035,0.00184476,87.3676,87.5076,195.004,16.1252,nan,0.295311,0.294744,0.296053,0.295001,0.295461,0.294744,0.295461,0.296053,0.295001,1,0,0.0675415,0,-0.00225121,-0.000633059,-0.000777565,-0.0393079,-0.198763,0,0,0,-0.0307179,-0.201839,0.00755742,-1.6832,0.329722,11.2636,11.3934,0,30.8792
16.95,level,0.543426,0.0700113,0.0133789,0.0662374,0,0,-0.0394803,0.190837,0.00187147,87.361,87.501,195.166,16.1409,nan,0.295245,0.295761,0.295035,0.294749,0.295448,0.295761,0.295448,0.295035,0.294749,1,0,0.0675698,0,0.00378048,-0.00113664,1.20247e-05,-0.040087,-0.198676,0,0,0,-0.0288343,-0.19599,-0.00317531,-1.63615,0.232189,11.3434,11.4632,0,30.8416
16.96,level,0.542958,0.068388,0.0136196,0.0662456,0,0,-0.0401108,0.190725,0.00196025,87.3543,87.4943,195.327,16.1566,nan,0.295178,0.295395,0.294983,0.295623,0.294723,0.295395,0.294723,0.294983,0.295623,1,0,0.0676192,0,-0.0012923,-6.07869e-05,0.000576878,-0.040785,-0.1987,0,0,0,-0.0457008,-0.19007,0.00206288,-1.5704,0.36482,11.2517,11.3666,0,30.8049
16.97,level,0.542486,0.0667656,0.0137854,0.0662103,0,0,-0.040792,0.190635,0.00176528,87.3477,87.4877,195.489,16.1723,nan,0.29511,0.295666,0.294842,0.29535,0.294597,0.295666,0.294597,0.294842,0.29535,1,0,0.0676227,0,0.000187167,-0.00106248,0.000693209,-0.0412433,-0.19861,0,0,0,-0.0377981,-0.1949,-0.00220008,-1.51048,0.429016,11.3384,11.4466,0,30.772
16.98,level,0.542009,0.0651413,0.0139664,0.0661781,0,0,-0.0414382,0.190627,0.00186759,87.3411,87.4811,195.651,16.188,nan,0.295042,0.295611,0.294665,0.296325,0.293582,0.295611,0.293582,0.294665,0.296325,1,0,0.0676262,0,-0.00476773,-0.000697895,0.00162149,-0.0417499,-0.198498,0,0,0,-0.030057,-0.178073,-0.00934939,-1.60613,0.554561,11.3378,11.4644,0,30.7383
16.99,level,0.541527,0.0635157,0.0140938,0.0661621,0,0,-0.0421609,0.190595,0.00170486,87.3345,87.4745,195.813,16.2036,nan,0.294974,0.294301,0.295533,0.294596,0.29548,0.294301,0.29548,0.295533,0.294596,1,0,0.0676403,0,-0.000926052,0.000457127,-0.000930026,-0.0421771,-0.198455,0,0,0,-0.0178277,-0.195491,0.00196518,-1.67193,0.352242,11.2166,11.346,0,30.7077
17,level,0.54104,0.0618908,0.0143105,0.066134,0,0,-0.0427783,0.19056,0.00149779,87.3279,87.4679,195.975,16.2193,nan,0.294905,0.295586,0.294395,0.29547,0.294184,0.295586,0.294184,0.294395,0.29547,1,0,0.0676579,0,-0.000252933,-0.000617685,0.00108876,-0.0428309,-0.198381,0,0,0,-0.0349196,-0.198649,0.00271142,-1.55506,0.390315,11.3508,11.4635,0,30.6719
17.01,level,0.540549,0.0602657,0.0145196,0.0661262,0,0,-0.0432709,0.190534,0.0017616,87.3214,87.4614,196.137,16.2349,nan,0.294836,0.293912,0.295641,0.294271,0.295535,0.293912,0.295535,0.295641,0.294271,1,0,0.0677037,0,-0.00123391,0.000479882,-0.00131559,-0.0434689,-0.198353,0,0,0,-0.033604,-0.197814,-0.0044274,-1.57718,0.360051,11.2366,11.3524,0,30.6367
17.02,level,0.540055,0.0586406,0.0147194,0.0661054,0,0,-0.0437341,0.190511,0.00157409,87.3148,87.4548,196.299,16.2504,nan,0.294767,0.29441,0.29549,0.294501,0.29468,0.29441,0.29468,0.29549,0.294501,1,0,0.0677178,0,-0.00238822,-0.00136183,-0.00055299,-0.0440338,-0.198295,0,0,0,-0.0414207,-0.190518,-0.00947289,-1.54744,0.49776,11.2414,11.3583,0,30.6021
17.03,level,0.539557,0.0570159,0.0148453,0.0660696,0,0,-0.0443315,0.190495,0.00180315,87.3083,87.4483,196.462,16.2659,nan,0.294697,0.294407,0.295127,0.29472,0.294548,0.294407,0.294548,0.295127,0.29472,1,0,0.0676967,0,-0.00236645,-0.000504871,-0.000241274,-0.044398,-0.198172,0,0,0,-0.028587,-0.182214,-0.00202068,-1.54453,0.474511,11.2783,11.3934,0,30.5716
17.04,level,0.539055,0.0553925,0.0149915,0.0660244,0,0,-0.0449787,0.190386,0.0020669,87.3018,87.4418,196.625,16.2814,nan,0.294627,0.295313,0.29426,0.295086,0.293862,0.295313,0.293862,0.29426,0.295086,1,0,0.0677002,0,-0.000452311,-0.00118485,0.00100088,-0.0448826,-0.198041,0,0,0,-0.0384529,-0.192127,0.0120227,-1.68376,0.409047,11.333,11.4647,0,30.5399
17.05,level,0.538548,0.0537672,0.0151616,0.0659672,0,0,-0.0455077,0.190188,0.00123738,87.2953,87.4353,196.788,16.2968,nan,0.294556,0.293932,0.295629,0.293834,0.294844,0.293932,0.294844,0.295629,0.293834,1,0,0.0676826,0,-0.00182318,-0.00167222,-0.00118959,-0.0454102,-0.197883,0,0,0,-0.0422713,-0.202934,0.00320016,-1.64054,0.363856,11.2936,11.4179,0,30.5065
17.06,level,0.538038,0.0521445,0.0154142,0.0659213,0,0,-0.0460338,0.189958,0.00215979,87.2888,87.4288,196.951,16.3122,nan,0.294485,0.292925,0.296235,0.293207,0.295587,0.292925,0.295587,0.296235,0.293207,1,0,0.0676967,0,-0.0024688,-0.000692709,-0.00250071,-0.046154,-0.197741,0,0,0,-0.0532975,-0.194206,-0.00304851,-1.53102,0.430999,11.1994,11.3117,0,30.4688
17.07,level,0.537524,0.0505276,0.0156158,0.0658903,0,0,-0.0465652,0.18982,0.00255961,87.2823,87.4223,197.114,16.3276,nan,0.294413,0.295665,0.293597,0.295418,0.292988,0.295665,0.292988,0.293597,0.295418,1,0,0.0676967,0,-0.000961418,-0.00162181,0.00197745,-0.046717,-0.197649,0,0,0,-0.0438334,-0.188409,0.00808,-1.46795,0.488494,11.2133,11.3195,0,30.4341
17.08,level,0.537007,0.0489063,0.015804,0.0658441,0,0,-0.0470991,0.18981,0.00184905,87.2758,87.4158,197.277,16.3429,nan,0.294342,0.29346,0.295455,0.293067,0.295399,0.29346,0.295399,0.295455,0.293067,1,0,0.0676932,0,0.000892018,-0.000849986,-0.00190185,-0.0472831,-0.197506,0,0,0,-0.0503846,-0.182679,-0.00852704,-1.55349,0.561391,11.1918,11.313,0,30.4001
17.09,level,0.536486,0.0472862,0.0159411,0.0658184,0,0,-0.0475328,0.189763,0.00228685,87.2694,87.4094,197.441,16.3582,nan,0.294269,0.295088,0.293439,0.294981,0.293584,0.295088,0.293584,0.293439,0.294981,1,0,0.0677178,0,0.000670029,7.07804e-05,0.00133857,-0.0477217,-0.197435,0,0,0,-0.0439976,-0.196575,-0.00695391,-1.61976,0.456984,11.1458,11.2721,0,30.3693
17.1,level,0.535963,0.0456652,0.0161239,0.0657831,0,0,-0.0478669,0.189748,0.00171883,87.2629,87.4029,197.604,16.3735,nan,0.294197,0.293348,0.295197,0.293071,0.295187,0.293348,0.295187,0.295197,0.293071,1,0,0.0677214,0,0.000707819,-0.000543639,-0.00174267,-0.0482958,-0.197314,0,0,0,-0.0453458,-0.190734,-0.000609066,-1.6796,0.390243,11.3223,11.4529,0,30.3359
17.11,level,0.535439,0.0440449,0.0163557,0.0657419,0,0,-0.0481547,0.189705,0.00203558,87.2565,87.3965,197.768,16.3888,nan,0.294124,0.295057,0.293273,0.29501,0.29317,0.295057,0.29317,0.293273,0.29501,1,0,0.0677319,0,-0.000147667,-0.000285164,0.00159272,-0.0489537,-0.197192,0,0,0,-0.0459952,-0.184484,-0.00254816,-1.47605,0.45183,11.2508,11.3562,0,30.2997
17.12,level,0.534913,0.0424195,0.0166046,0.0656712,0,0,-0.0485575,0.189579,0.000989544,87.2501,87.3901,197.932,16.404,nan,0.29405,0.293561,0.294872,0.293421,0.294362,0.293561,0.294362,0.294872,0.293421,1,0,0.0677284,0,-0.000983431,-0.00123149,-0.000990192,-0.0497209,-0.196987,0,0,0,-0.0498801,-0.192477,-0.000429935,-1.49093,0.413907,11.1958,11.3022,0,30.2625
17.13,level,0.534385,0.0407957,0.0168175,0.0656307,0,0,-0.0489602,0.189522,0.00234155,87.2437,87.3837,198.096,16.4192,nan,0.293977,0.294559,0.293697,0.294889,0.292777,0.294559,0.292777,0.293697,0.294889,1,0,0.0677425,0,-0.00331624,-0.00111823,0.00130662,-0.0503325,-0.19687,0,0,0,-0.0449489,-0.19103,-0.00809795,-1.57582,0.505405,11.2895,11.4101,0,30.228
17.14,level,0.533854,0.0391752,0.0169794,0.0655659,0,0,-0.0494208,0.189504,0.00204571,87.2373,87.3773,198.26,16.4344,nan,0.293903,0.294129,0.293884,0.294589,0.293023,0.294129,0.293023,0.293884,0.294589,1,0,0.0677178,0,-0.00350443,-0.000758957,0.000795962,-0.0508068,-0.196672,0,0,0,-0.0377833,-0.188459,0.00193042,-1.70618,0.553894,11.2209,11.3634,0,30.1959
17.15,level,0.53332,0.0375514,0.0171843,0.0654802,0,0,-0.0499341,0.189351,0.000722698,87.231,87.371,198.425,16.4496,nan,0.293828,0.293623,0.293981,0.293881,0.293843,0.293623,0.293843,0.293981,0.293881,1,0,0.0676791,0,-0.00105254,0.000227829,-0.000140737,-0.0514456,-0.196408,0,0,0,-0.0389405,-0.188621,0.00816062,-1.63315,0.446355,11.2083,11.3355,0,30.1613
17.16,level,0.532782,0.0359275,0.0173566,0.0654589,0,0,-0.0504204,0.188991,0.00114825,87.2246,87.3646,198.589,16.4647,nan,0.293753,0.294072,0.293388,0.294167,0.293403,0.294072,0.293403,0.293388,0.294167,1,0,0.0677108,0,-0.000212131,0.000209345,0.000636519,-0.0519971,-0.19634,0,0,0,-0.0498491,-0.18917,-0.0051316,-1.62339,0.388258,11.2589,11.3819,0,30.1293
17.17,level,0.532242,0.0343074,0.0175707,0.0654401,0,0,-0.0508542,0.188677,0.00148962,87.2183,87.3583,198.754,16.4798,nan,0.293678,0.2941,0.29364,0.293798,0.29319,0.2941,0.29319,0.29364,0.293798,1,0,0.0677425,0,-0.000390617,-0.00142512,0.00046967,-0.052593,-0.196302,0,0,0,-0.0618317,-0.186723,-0.00139675,-1.42908,0.521027,11.1775,11.2805,0,30.0951
17.18,level,0.531699,0.0326882,0.0177083,0.0654022,0,0,-0.0512291,0.188558,0.00100719,87.212,87.352,198.919,16.4949,nan,0.293603,0.293235,0.294571,0.293162,0.293459,0.293235,0.293459,0.294571,0.293162,1,0,0.0677425,0,-0.00275742,-0.00224642,-0.000717633,-0.0530106,-0.196172,0,0,0,-0.0486519,-0.182725,0.00406483,-1.54867,0.490841,11.1211,11.2392,0,30.0651
17.19,level,0.531155,0.0310669,0.0178978,0.0653881,0,0,-0.0515864,0.188486,0.000507474,87.2057,87.3457,199.084,16.5099,nan,0.293527,0.293388,0.293995,0.293352,0.29339,0.293388,0.29339,0.293995,0.293352,1,0,0.0677777,0,-0.00150897,-0.00121464,-0.000283908,-0.0535693,-0.196123,0,0,0,-0.0454107,-0.1776,-0.00146299,-1.61816,0.533137,11.1767,11.3058,0,30.0325
17.2,level,0.530608,0.0294438,0.0180855,0.0653623,0,0,-0.0520332,0.188475,0.000254169,87.1994,87.3394,199.249,16.5249,nan,0.293451,0.293083,0.294367,0.292842,0.293529,0.293083,0.293529,0.294367,0.292842,1,0,0.0678093,0,-0.00158555,-0.00204549,-0.000866681,-0.0541536,-0.196069,0,0,0,-0.041786,-0.198632,0.0085699,-1.70469,0.461993,11.2728,11.4103,0,30.0002
17.21,level,0.530058,0.0278207,0.0183189,0.065291,0,0,-0.0525408,0.188535,0.000604282,87.1931,87.3331,199.415,16.5399,nan,0.293375,0.293174,0.293612,0.29352,0.293211,0.293174,0.293211,0.293612,0.29352,1,0,0.0678128,0,-0.00198293,-0.000104949,-5.68155e-05,-0.0548257,-0.195867,0,0,0,-0.0360926,-0.202488,0.00314395,-1.55227,0.483388,11.2162,11.3334,0,29.9648
17.22,level,0.529504,0.0261985,0.0185224,0.0652307,0,0,-0.0531123,0.188471,0.00141998,87.1869,87.3269,199.58,16.5548,nan,0.293299,0.293629,0.293166,0.293753,0.292662,0.293629,0.292662,0.293166,0.293753,1,0,0.0677953,0,-0.00166607,-0.000720529,0.000683587,-0.0554585,-0.195659,0,0,0,-0.0504191,-0.184713,-0.00825479,-1.55363,0.484823,11.1401,11.2583,0,29.9312
17.23,level,0.528945,0.0245806,0.0187061,0.0651656,0,0,-0.0538211,0.188288,0.00179171,87.1806,87.3206,199.746,16.5697,nan,0.293222,0.293719,0.2931,0.293676,0.292408,0.293719,0.292408,0.2931,0.293676,1,0,0.0677847,0,-0.00172084,-0.00139342,0.000829059,-0.0559971,-0.195481,0,0,0,-0.0575082,-0.190468,0.00511347,-1.51536,0.541801,11.2112,11.3262,0,29.8988
17.24,level,0.52838,0.022964,0.0188836,0.0651263,0,0,-0.0545577,0.188065,0.00211826,87.1744,87.3144,199.911,16.5846,nan,0.293145,0.292556,0.29409,0.29244,0.293509,0.292556,0.293509,0.29409,0.29244,1,0,0.0677847,0,-0.00123493,-0.0013218,-0.00114455,-0.0565306,-0.19535,0,0,0,-0.0466285,-0.18656,0.00217274,-1.66474,0.538057,11.2109,11.3466,0,29.8669
17.25,level,0.52781,0.0213509,0.0190962,0.0650649,0,0,-0.0552487,0.187855,0.00163362,87.1682,87.3082,200.077,16.5995,nan,0.293067,0.292741,0.293663,0.292858,0.293023,0.292741,0.293023,0.293663,0.292858,1,0,0.0678058,0,-0.00200853,-0.00099082,-0.000478065,-0.0571959,-0.195181,0,0,0,-0.0431374,-0.202874,-0.00747788,-1.56096,0.40296,11.2362,11.3512,0,29.8327
17.26,level,0.527234,0.0197378,0.0193097,0.0650101,0,0,-0.0558726,0.187715,0.00145324,87.162,87.302,200.243,16.6143,nan,0.29299,0.292342,0.293736,0.2928,0.293096,0.292342,0.293096,0.293736,0.2928,1,0,0.0678093,0,-0.00291002,-0.000344981,-0.000742713,-0.0578503,-0.194997,0,0,0,-0.059126,-0.18757,-0.00369078,-1.55044,0.429811,11.2393,11.3539,0,29.7985
17.27,level,0.526654,0.0181248,0.0195605,0.064958,0,0,-0.0565696,0.187573,0.00210543,87.1558,87.2958,200.41,16.6292,nan,0.292912,0.293591,0.292202,0.294534,0.291336,0.293591,0.291336,0.292202,0.294534,1,0,0.0678269,0,-0.00480033,0.00014454,0.00201606,-0.0585305,-0.19485,0,0,0,-0.045067,-0.181975,0.00588582,-1.43082,0.53913,11.2029,11.3068,0,29.7623
17.28,level,0.526068,0.0165131,0.0196848,0.0649119,0,0,-0.0573163,0.187355,0.00188128,87.1497,87.2897,200.576,16.6439,nan,0.292834,0.293269,0.292693,0.293508,0.29188,0.293269,0.29188,0.292693,0.293508,1,0,0.0678199,0,-0.00279049,-0.00108866,0.000968533,-0.0589,-0.194723,0,0,0,-0.0425433,-0.189461,0.00366614,-1.62059,0.624947,11.2141,11.3478,0,29.7332
17.29,level,0.525477,0.0149017,0.0198625,0.0648329,0,0,-0.0580269,0.18704,0.0015346,87.1435,87.2835,200.743,16.6587,nan,0.292755,0.291654,0.293823,0.2919,0.29366,0.291654,0.29366,0.293823,0.2919,1,0,0.0677988,0,-0.00108548,0.000156625,-0.0017268,-0.05945,-0.194495,0,0,0,-0.0510097,-0.197021,-0.00235397,-1.66534,0.630223,11.0839,11.226,0,29.7005
17.3,level,0.52488,0.0132962,0.0200881,0.0647691,0,0,-0.0586513,0.186601,0.00228702,87.1374,87.2774,200.909,16.6734,nan,0.292676,0.293095,0.29251,0.292623,0.292493,0.293095,0.292493,0.29251,0.292623,1,0,0.0678093,0,0.00120763,-0.000925619,0.00031376,-0.0601793,-0.194279,0,0,0,-0.0593935,-0.189702,-0.00386399,-1.72635,0.497694,11.1759,11.3194,0,29.6653
17.31,level,0.524279,0.0116943,0.0202628,0.0647625,0,0,-0.0592031,0.186308,0.00247815,87.1313,87.2713,201.076,16.6881,nan,0.292597,0.293204,0.292316,0.29253,0.292354,0.293204,0.292354,0.292316,0.29253,1,0,0.067855,0,0.00188936,-0.00120502,0.000468047,-0.0606808,-0.194268,0,0,0,-0.0596143,-0.190937,-0.00666951,-1.50692,0.506498,11.1768,11.2893,0,29.6338
17.32,level,0.523675,0.010095,0.0204257,0.06471,0,0,-0.059614,0.18623,0.002797,87.1252,87.2652,201.243,16.7027,nan,0.292518,0.292286,0.293562,0.29207,0.292171,0.292286,0.292171,0.293562,0.29207,1,0,0.0678445,0,-0.00311661,-0.00304481,-0.000605368,-0.0611078,-0.194124,0,0,0,-0.0525113,-0.183949,0.000862362,-1.49413,0.676415,11.1457,11.2658,0,29.6024
17.33,level,0.523067,0.00849499,0.0206102,0.0646673,0,0,-0.0601153,0.186296,0.00207072,87.1191,87.2591,201.41,16.7173,nan,0.292438,0.292175,0.292781,0.292883,0.29193,0.292175,0.29193,0.292781,0.292883,1,0,0.0678515,0,-0.00413475,-0.000269793,0.000153047,-0.0616527,-0.193994,0,0,0,-0.0450589,-0.183734,-0.00635715,-1.55824,0.704141,11.1932,11.3231,0,29.57
17.34,level,0.522456,0.00688977,0.0208316,0.0645902,0,0,-0.0607389,0.186291,0.00180628,87.113,87.253,201.577,16.7318,nan,0.292359,0.291867,0.293027,0.292304,0.292252,0.291867,0.292252,0.293027,0.292304,1,0,0.0678621,0,-0.00321522,-0.000640222,-0.000486352,-0.062361,-0.193759,0,0,0,-0.0524897,-0.192496,0.00373607,-1.64284,0.608796,11.1528,11.2895,0,29.5351
17.35,level,0.521839,0.00528463,0.0210832,0.0645136,0,0,-0.0614773,0.186198,0.00205541,87.107,87.247,201.745,16.7464,nan,0.292278,0.291708,0.293282,0.291516,0.292624,0.291708,0.292624,0.293282,0.291516,1,0,0.0678585,0,-0.00123683,-0.00161053,-0.00117809,-0.0631352,-0.193511,0,0,0,-0.05244,-0.185206,0.00722227,-1.62632,0.52969,11.1094,11.2403,0,29.4986
17.36,level,0.521217,0.00368235,0.0212559,0.0644771,0,0,-0.062215,0.186101,0.0027191,87.1009,87.2409,201.912,16.7609,nan,0.292198,0.292582,0.292082,0.292778,0.291366,0.292582,0.291366,0.292082,0.292778,1,0,0.0678726,0,-0.00241948,-0.000987285,0.000840507,-0.0636584,-0.193416,0,0,0,-0.0701154,-0.189347,0.000334772,-1.5671,0.58483,11.1588,11.2835,0,29.467
17.37,level,0.520588,0.00208156,0.0214235,0.06442,0,0,-0.0629561,0.185999,0.00240281,87.0949,87.2349,202.08,16.7754,nan,0.292118,0.293624,0.290938,0.293442,0.290482,0.293624,0.290482,0.290938,0.293442,1,0,0.0678831,0,-0.000727293,-0.00120927,0.00248216,-0.0641197,-0.193247,0,0,0,-0.0481859,-0.188593,0.00463062,-1.55435,0.609189,11.1143,11.2389,0,29.4352
17.38,level,0.519954,0.000477882,0.0215721,0.0643764,0,0,-0.0636028,0.185989,0.00249389,87.0889,87.2289,202.248,16.7899,nan,0.292037,0.292411,0.292022,0.292152,0.291578,0.292411,0.291578,0.292022,0.292152,1,0,0.0678831,0,-0.00048927,-0.00133116,0.000422837,-0.0645985,-0.193113,0,0,0,-0.0539362,-0.19252,-0.00466211,-1.63053,0.554021,11.1357,11.2681,0,29.4047
17.39,level,0.519316,-0.00112654,0.021759,0.064326,0,0,-0.0641612,0.186097,0.00181401,87.0829,87.2229,202.416,16.8044,nan,0.291955,0.291587,0.292659,0.291878,0.291714,0.291587,0.291714,0.292659,0.291878,1,0,0.0678866,0,-0.00328241,-0.0012394,-0.000399095,-0.0651551,-0.192951,0,0,0,-0.0563078,-0.183976,0.00716523,-1.55978,0.551461,11.1493,11.2714,0,29.372
17.4,level,0.518674,-0.00273411,0.0219665,0.064254,0,0,-0.0647073,0.186259,0.00176982,87.0769,87.2169,202.584,16.8188,nan,0.291874,0.292368,0.29168,0.29239,0.291074,0.292368,0.291074,0.29168,0.29239,1,0,0.0679042,0,-0.00166274,-0.00110654,0.000881005,-0.0657794,-0.192759,0,0,0,-0.0671365,-0.196031,0.00111831,-1.53397,0.592846,11.1186,11.2396,0,29.3379
17.41,level,0.518027,-0.00434591,0.0221245,0.0641715,0,0,-0.0651749,0.186358,0.00142398,87.071,87.211,202.752,16.8332,nan,0.291792,0.291489,0.291924,0.291487,0.292285,0.291489,0.292285,0.291924,0.291487,1,0,0.0678656,0,0.000961689,0.000680701,-0.00054196,-0.0661764,-0.192523,0,0,0,-0.0443262,-0.188929,0.00616114,-1.44293,0.701738,11.1185,11.2337,0,29.3065
17.42,level,0.517379,-0.00595614,0.0222466,0.0640937,0,0,-0.0655589,0.186301,0.00252344,87.065,87.205,202.92,16.8476,nan,0.29171,0.292179,0.291431,0.292067,0.29118,0.292179,0.29118,0.291431,0.292067,1,0,0.0678304,0,-0.000367212,-0.000687894,0.000718309,-0.0665831,-0.192283,0,0,0,-0.0586011,-0.191586,-0.0115088,-1.58034,0.711051,11.1527,11.2866,0,29.2772
17.43,level,0.516727,-0.00756168,0.0224477,0.0640241,0,0,-0.0660225,0.186126,0.0029507,87.0591,87.1991,203.089,16.8619,nan,0.291628,0.291661,0.291571,0.292101,0.291194,0.291661,0.291194,0.291571,0.292101,1,0,0.0678375,0,-0.00216586,0.000120698,0.000438388,-0.0672373,-0.19205,0,0,0,-0.0618014,-0.188339,0.00203513,-1.6306,0.550992,11.107,11.2395,0,29.2439
17.44,level,0.516072,-0.0091684,0.0226163,0.0639615,0,0,-0.0665873,0.185844,0.00162838,87.0532,87.1932,203.258,16.8763,nan,0.291545,0.291604,0.291904,0.291007,0.291681,0.291604,0.291681,0.291904,0.291007,1,0,0.0678304,0,0.000991163,-0.00155485,-0.000428364,-0.0677461,-0.191866,0,0,0,-0.055869,-0.193727,-0.00124409,-1.65052,0.516217,11.0807,11.2148,0,29.2125
17.45,level,0.515414,-0.010777,0.0228165,0.0638878,0,0,-0.0670481,0.185722,0.0018882,87.0473,87.1873,203.426,16.8906,nan,0.291462,0.291285,0.291804,0.291077,0.2917,0.291285,0.2917,0.291804,0.291077,1,0,0.0678269,0,0.000276703,-0.000590684,-0.000501971,-0.0683046,-0.191666,0,0,0,-0.061117,-0.195289,0.0110864,-1.47395,0.617874,11.1548,11.2687,0,29.1792
17.46,level,0.514752,-0.0123837,0.0229615,0.0638526,0,0,-0.0674473,0.185578,0.00146766,87.0415,87.1815,203.596,16.9049,nan,0.291379,0.292093,0.290913,0.29183,0.290695,0.292093,0.290695,0.290913,0.29183,1,0,0.067841,0,0.000121027,-0.000910318,0.00101804,-0.0687355,-0.19155,0,0,0,-0.0659294,-0.183909,0.000929015,-1.60716,0.73267,11.1447,11.2838,0,29.1498
17.47,level,0.514087,-0.0139928,0.023115,0.0637959,0,0,-0.067913,0.18543,0.00147159,87.0356,87.1756,203.765,16.9191,nan,0.291295,0.290748,0.292178,0.290898,0.291373,0.290748,0.291373,0.292178,0.290898,1,0,0.067841,0,-0.00253217,-0.00124112,-0.000837491,-0.0692101,-0.191386,0,0,0,-0.0615177,-0.194761,0.00628848,-1.60615,0.64478,11.1629,11.2962,0,29.1197
17.48,level,0.513419,-0.0156016,0.0233041,0.0637352,0,0,-0.0684913,0.185368,0.000781166,87.0298,87.1698,203.934,16.9333,nan,0.291211,0.291357,0.291043,0.291457,0.291005,0.291357,0.291005,0.291043,0.291457,1,0,0.0678656,0,-0.000367426,0.000115283,0.000336981,-0.0698062,-0.191198,0,0,0,-0.0636989,-0.197107,0.0116975,-1.65454,0.566009,11.1164,11.2531,0,29.0876
17.49,level,0.512747,-0.0172134,0.0234975,0.0636555,0,0,-0.0690661,0.185323,0.000644248,87.0239,87.1639,204.103,16.9475,nan,0.291127,0.291297,0.290846,0.291278,0.291105,0.291297,0.291105,0.290846,0.291278,1,0,0.067848,0,0.000738413,0.000455051,0.000274333,-0.0703581,-0.19098,0,0,0,-0.0712546,-0.200798,-0.000600394,-1.44037,0.622077,11.1414,11.2513,0,29.055
17.5,level,0.51207,-0.0188223,0.0237181,0.0635669,0,0,-0.0695684,0.185092,0.00162408,87.0181,87.1581,204.273,16.9616,nan,0.291043,0.291506,0.290642,0.291664,0.290377,0.291506,0.290377,0.290642,0.291664,1,0,0.0678304,0,-0.00112131,-0.000203422,0.000945416,-0.0709841,-0.190708,0,0,0,-0.0628623,-0.188538,0.0125906,-1.46523,0.715518,11.1663,11.2848,0,29.0209
17.51,level,0.51139,-0.0204291,0.0238566,0.0635214,0,0,-0.0700942,0.184792,0.00150853,87.0123,87.1523,204.442,16.9758,nan,0.290959,0.291084,0.291321,0.291181,0.290265,0.291084,0.290265,0.291321,0.291181,1,0,0.067848,0,-0.00305629,-0.00181744,0.000298596,-0.0714167,-0.19056,0,0,0,-0.0620598,-0.187323,-0.00536876,-1.61202,0.728495,11.1775,11.3167,0,28.9921
17.52,level,0.510706,-0.0220327,0.0240355,0.0634375,0,0,-0.0706074,0.184486,0.00198215,87.0066,87.1466,204.612,16.9899,nan,0.290874,0.291289,0.2905,0.291402,0.290321,0.291289,0.290321,0.2905,0.291402,1,0,0.0678234,0,-0.000773352,-0.000124544,0.000821404,-0.0719598,-0.190308,0,0,0,-0.0570613,-0.191111,-0.0072545,-1.6513,0.690663,11.1137,11.2569,0,28.9604
17.53,level,0.510018,-0.0236295,0.024267,0.0633431,0,0,-0.071178,0.184044,0.00209317,87.0008,87.1408,204.782,17.004,nan,0.290789,0.291531,0.290348,0.291316,0.289978,0.291531,0.289978,0.290348,0.291316,1,0,0.0678234,0,-0.000411576,-0.00110784,0.0011081,-0.0726825,-0.190029,0,0,0,-0.0721179,-0.195818,0.00181969,-1.53966,0.617795,11.138,11.2609,0,28.9258
17.54,level,0.509326,-0.0252252,0.0244324,0.0632672,0,0,-0.0716819,0.183654,0.0019359,86.9951,87.1351,204.952,17.018,nan,0.290703,0.290546,0.291482,0.289866,0.290936,0.290546,0.290936,0.291482,0.289866,1,0,0.0677988,0,0.000357554,-0.00232238,-0.000881706,-0.0731467,-0.189802,0,0,0,-0.0686084,-0.187909,0.0115375,-1.47911,0.684488,10.9736,11.0939,0,28.8951
17.55,level,0.508632,-0.026816,0.0245286,0.063208,0,0,-0.0720266,0.183365,0.00292921,86.9894,87.1294,205.123,17.032,nan,0.290618,0.290996,0.290469,0.291062,0.289962,0.290996,0.289962,0.290469,0.291062,1,0,0.0677953,0,-0.00151871,-0.000836147,0.00071522,-0.0734344,-0.189617,0,0,0,-0.0637953,-0.184988,-0.00108318,-1.58718,0.718818,11.1524,11.2877,0,28.8685
17.56,level,0.507935,-0.0284068,0.0246939,0.0631343,0,0,-0.0723321,0.183092,0.00140711,86.9837,87.1237,205.293,17.046,nan,0.290532,0.290806,0.290701,0.290899,0.289739,0.290806,0.289739,0.290701,0.290899,1,0,0.0677777,0,-0.00279755,-0.00164513,0.000556485,-0.0739559,-0.189384,0,0,0,-0.0694339,-0.18227,-0.00606814,-1.61424,0.665232,11.061,11.1979,0,28.838
17.57,level,0.507236,-0.0299982,0.0249506,0.0630471,0,0,-0.0727943,0.182904,0.00212551,86.978,87.118,205.464,17.06,nan,0.290446,0.290197,0.290724,0.290682,0.2902,0.290197,0.2902,0.290724,0.290682,1,0,0.0677882,0,-0.00267769,-7.38895e-05,-1.96362e-05,-0.0747036,-0.189135,0,0,0,-0.0603557,-0.188111,-0.00422244,-1.48751,0.640066,11.1547,11.2717,0,28.8026
17.58,level,0.506533,-0.0315856,0.0251737,0.0629608,0,0,-0.0734059,0.182817,0.00244796,86.9723,87.1123,205.634,17.0739,nan,0.29036,0.291197,0.289937,0.291162,0.289161,0.291197,0.289161,0.289937,0.291162,1,0,0.0677953,0,-0.00196465,-0.00153503,0.00143344,-0.0753745,-0.188888,0,0,0,-0.0648702,-0.194496,0.0055873,-1.55499,0.688714,10.9643,11.0954,0,28.769
17.59,level,0.505825,-0.033176,0.0252997,0.0628977,0,0,-0.0740701,0.182738,0.000885982,86.9666,87.1066,205.805,17.0878,nan,0.290274,0.29006,0.290709,0.29003,0.290313,0.29006,0.290313,0.290709,0.29003,1,0,0.0677847,0,-0.000971909,-0.000804986,-0.000409545,-0.0757487,-0.188706,0,0,0,-0.0773728,-0.190923,0.00610929,-1.51453,0.757018,11.1903,11.3176,0,28.7412
17.6,level,0.505111,-0.0347699,0.0254119,0.0628129,0,0,-0.0748144,0.182494,0.000859024,86.961,87.101,205.976,17.1017,nan,0.290187,0.290751,0.290052,0.290815,0.289148,0.290751,0.289148,0.290052,0.290815,1,0,0.067753,0,-0.00256974,-0.00158996,0.00103983,-0.0760734,-0.188443,0,0,0,-0.0635027,-0.188972,-0.00787621,-1.57371,0.760105,11.0392,11.1767,0,28.7136
17.61,level,0.504391,-0.0363611,0.0255613,0.0627411,0,0,-0.075521,0.182197,0.00101845,86.9554,87.0954,206.147,17.1156,nan,0.2901,0.289194,0.290884,0.290064,0.290278,0.289194,0.290278,0.290884,0.290064,1,0,0.067739,0,-0.00391453,0.000502015,-0.000836999,-0.0765703,-0.188214,0,0,0,-0.073158,-0.190494,0.00555328,-1.60897,0.634305,11.0875,11.2216,0,28.6843
17.62,level,0.503665,-0.03795,0.0257838,0.0626613,0,0,-0.0763241,0.18176,0.000774001,86.9498,87.0898,206.318,17.1294,nan,0.290014,0.289668,0.290891,0.288753,0.29076,0.289668,0.29076,0.290891,0.288753,1,0,0.067746,0,0.002079,-0.00198194,-0.00141995,-0.077221,-0.187986,0,0,0,-0.0789988,-0.190364,0.0043826,-1.56821,0.71686,11.036,11.1699,0,28.6508
17.63,level,0.502933,-0.0395357,0.0259235,0.0626437,0,0,-0.0771435,0.181386,0.00146393,86.9442,87.0842,206.49,17.1432,nan,0.289926,0.290202,0.290411,0.289556,0.289554,0.290202,0.289554,0.290411,0.289556,1,0,0.0677953,0,-0.000559839,-0.00284665,-9.1117e-05,-0.0775997,-0.187946,0,0,0,-0.06759,-0.190503,-0.00117933,-1.52431,0.789348,11.216,11.3466,0,28.623
17.64,level,0.502193,-0.0411179,0.0260327,0.062588,0,0,-0.0779324,0.181179,0.00120771,86.9386,87.0786,206.661,17.157,nan,0.289839,0.28901,0.290815,0.289281,0.290268,0.28901,0.290268,0.290815,0.289281,1,0,0.0677812,0,-0.00217249,-0.000522397,-0.00122715,-0.0779511,-0.18776,0,0,0,-0.071296,-0.184942,0.00344737,-1.63576,0.770119,11.1246,11.2705,0,28.5959
17.65,level,0.501447,-0.0426993,0.0261935,0.062525,0,0,-0.0787233,0.181012,0.00189787,86.9331,87.0731,206.833,17.1708,nan,0.289751,0.290605,0.289176,0.29046,0.288783,0.290605,0.288783,0.289176,0.29046,1,0,0.0677847,0,-0.000657133,-0.00101906,0.00136472,-0.0784572,-0.187565,0,0,0,-0.0652141,-0.189966,-0.00557851,-1.67381,0.654031,11.1504,11.2943,0,28.5658
17.66,level,0.500695,-0.0442782,0.0263807,0.0624421,0,0,-0.0793734,0.18083,0.00157433,86.9276,87.0676,207.005,17.1846,nan,0.289664,0.289452,0.289895,0.289694,0.289631,0.289452,0.289631,0.289895,0.289694,1,0,0.0677917,0,-0.00134201,-4.08638e-05,-0.000166476,-0.0790289,-0.187319,0,0,0,-0.0843782,-0.186911,-0.00296843,-1.50811,0.655873,11.0808,11.2022,0,28.5338
17.67,level,0.499939,-0.0458548,0.0265126,0.0623782,0,0,-0.0799198,0.180704,0.00242714,86.9221,87.0621,207.176,17.1983,nan,0.289575,0.290267,0.289443,0.289825,0.288784,0.290267,0.288784,0.289443,0.289825,1,0,0.0677777,0,-0.000574523,-0.00208868,0.000819589,-0.0793722,-0.187169,0,0,0,-0.079106,-0.197853,-0.0187973,-1.43817,0.796808,11.1131,11.2341,0,28.5052
17.68,level,0.499179,-0.0474299,0.0266481,0.0623131,0,0,-0.0803517,0.180669,0.00238067,86.9166,87.0566,207.349,17.212,nan,0.289487,0.288955,0.290208,0.289025,0.289778,0.288955,0.289778,0.290208,0.289025,1,0,0.0677741,0,-0.00132934,-0.000680831,-0.000881886,-0.079786,-0.186955,0,0,0,-0.0724114,-0.192803,0.00400348,-1.56024,0.78789,11.0848,11.2217,0,28.4765
17.69,level,0.498416,-0.0490071,0.0268344,0.0622107,0,0,-0.0807066,0.180656,0.00101612,86.9111,87.0511,207.521,17.2257,nan,0.289399,0.288058,0.29099,0.287562,0.291002,0.288058,0.291002,0.29099,0.287562,1,0,0.0677354,0,0.00134642,-0.000917182,-0.00280078,-0.0803633,-0.18663,0,0,0,-0.074203,-0.186865,0.00353685,-1.61289,0.748433,11.0104,11.1531,0,28.4443
17.7,level,0.497651,-0.0505861,0.0270387,0.0621072,0,0,-0.0809865,0.18069,0.00208029,86.9056,87.0456,207.693,17.2393,nan,0.28931,0.289721,0.289129,0.289698,0.288708,0.289721,0.288708,0.289129,0.289698,1,0,0.0677354,0,-0.00105692,-0.000841743,0.000695474,-0.0810216,-0.186309,0,0,0,-0.0878562,-0.18687,0.0104294,-1.62985,0.6538,11.115,11.2529,0,28.4115
17.71,level,0.496885,-0.0521656,0.0272148,0.0620158,0,0,-0.0813232,0.180619,0.00171172,86.9002,87.0402,207.865,17.253,nan,0.289221,0.289338,0.289496,0.289394,0.288673,0.289338,0.288673,0.289496,0.289394,1,0,0.0677178,0,-0.00233016,-0.00145253,0.000247753,-0.0814761,-0.186063,0,0,0,-0.0787228,-0.184942,-0.00334051,-1.4763,0.829192,11.0212,11.1505,0,28.3807
17.72,level,0.496116,-0.0537457,0.0273497,0.0619345,0,0,-0.0817284,0.1806,0.00206656,86.8948,87.0348,208.038,17.2665,nan,0.289132,0.28818,0.290293,0.287852,0.290219,0.28818,0.290219,0.290293,0.287852,1,0,0.0676896,0,0.000669593,-0.000761696,-0.00196896,-0.0819063,-0.185795,0,0,0,-0.0763712,-0.180268,-0.00524973,-1.55646,0.751526,11.0437,11.1781,0,28.3525
17.73,level,0.495345,-0.0553254,0.0275006,0.061851,0,0,-0.0819901,0.180539,0.00153205,86.8893,87.0293,208.211,17.2801,nan,0.289042,0.288442,0.289656,0.289094,0.288995,0.288442,0.288995,0.289656,0.289094,1,0,0.0676756,0,-0.00348456,-1.52673e-05,-0.000489753,-0.082352,-0.185555,0,0,0,-0.0719307,-0.186789,0.00393388,-1.63328,0.78907,10.9641,11.1131,0,28.3235
17.74,level,0.494573,-0.0569052,0.0277437,0.0617517,0,0,-0.0822461,0.18033,0.00147324,86.884,87.024,208.384,17.2936,nan,0.288952,0.288371,0.28962,0.288362,0.289475,0.288371,0.289475,0.28962,0.288362,1,0,0.0676896,0,-0.000358918,-0.000290053,-0.00103822,-0.0830711,-0.185248,0,0,0,-0.0734388,-0.176169,0.00398974,-1.48566,0.762342,11.125,11.2496,0,28.2895
17.75,level,0.4938,-0.058483,0.027921,0.061663,0,0,-0.0825447,0.180105,0.00216587,86.8786,87.0186,208.557,17.3072,nan,0.288863,0.288622,0.289316,0.289059,0.288472,0.288622,0.288472,0.289316,0.289059,1,0,0.0676896,0,-0.00339986,-0.000770888,-4.67742e-05,-0.0835926,-0.185,0,0,0,-0.0770294,-0.181648,0.00236857,-1.49968,0.842411,10.996,11.1297,0,28.2596
17.76,level,0.493025,-0.0600557,0.0280579,0.0615782,0,0,-0.0829022,0.179902,0.00350958,86.8732,87.0132,208.73,17.3207,nan,0.288773,0.288423,0.289152,0.28858,0.288954,0.288423,0.288954,0.289152,0.28858,1,0,0.0676544,0,-0.0009396,-7.77313e-05,-0.000484871,-0.0840135,-0.18475,0,0,0,-0.080329,-0.186957,0.00152959,-1.52788,0.836265,11.0035,11.1405,0,28.232
17.77,level,0.492247,-0.0616261,0.028209,0.0615042,0,0,-0.0832545,0.179646,0.00182087,86.8679,87.0079,208.903,17.3341,nan,0.288682,0.28713,0.290285,0.287699,0.289633,0.28713,0.289633,0.290285,0.287699,1,0,0.0676509,0,-0.00323937,-0.000155823,-0.00223695,-0.0844746,-0.184508,0,0,0,-0.0670019,-0.183965,0.0187296,-1.63365,0.763523,11.0716,11.2174,0,28.204
17.78,level,0.491467,-0.0631992,0.0283853,0.0613926,0,0,-0.0836723,0.179461,0.001521,86.8626,87.0026,209.076,17.3477,nan,0.288592,0.28826,0.289001,0.288202,0.288923,0.28826,0.288923,0.289001,0.288202,1,0,0.0676368,0,-5.11864e-05,-0.000259168,-0.000642767,-0.0850029,-0.184206,0,0,0,-0.0814052,-0.19805,0.00657118,-1.52936,0.809704,11.1581,11.2915,0,28.1738
17.79,level,0.490683,-0.0647726,0.0285701,0.0613226,0,0,-0.084049,0.179282,0.00240266,86.8573,86.9973,209.25,17.3612,nan,0.288502,0.288381,0.289125,0.288109,0.288409,0.288381,0.288409,0.289125,0.288109,1,0,0.0676297,0,-0.00117575,-0.00187215,-0.000459128,-0.0855679,-0.183953,0,0,0,-0.079824,-0.17374,-0.00975773,-1.46696,0.729883,11.0519,11.1727,0,28.1446
17.8,level,0.489898,-0.0663416,0.0286682,0.061279,0,0,-0.0844678,0.17915,0.00278556,86.852,86.992,209.424,17.3746,nan,0.288411,0.288981,0.288371,0.288664,0.287645,0.288981,0.287645,0.288371,0.288664,1,0,0.0676403,0,-0.00108411,-0.00197608,0.000715889,-0.0858533,-0.183831,0,0,0,-0.0825021,-0.175133,0.0069434,-1.56378,0.830086,11.1703,11.3098,0,28.1207
17.81,level,0.489109,-0.0679104,0.0287675,0.0612388,0,0,-0.0848479,0.179036,0.00206786,86.8467,86.9867,209.597,17.3881,nan,0.28832,0.286843,0.289924,0.287369,0.289162,0.286843,0.289162,0.289924,0.287369,1,0,0.0676544,0,-0.00341848,-0.000446584,-0.0021423,-0.0861694,-0.183705,0,0,0,-0.081649,-0.178402,-0.00160289,-1.55233,0.74513,11.07,11.2031,0,28.0968
17.82,level,0.488318,-0.0694777,0.0290056,0.0611332,0,0,-0.0852533,0.178822,0.0028566,86.8415,86.9815,209.771,17.4015,nan,0.288229,0.289269,0.287644,0.288976,0.287046,0.289269,0.287046,0.287644,0.288976,1,0,0.067665,0,-0.000809495,-0.001687,0.0015621,-0.0868874,-0.183398,0,0,0,-0.0815495,-0.185913,-0.0146215,-1.51812,0.718953,11.1364,11.2624,0,28.0644
17.83,level,0.487524,-0.0710483,0.0292444,0.0610253,0,0,-0.0856949,0.178705,0.000614538,86.8363,86.9763,209.945,17.4148,nan,0.288138,0.288562,0.28817,0.288715,0.287123,0.288562,0.287123,0.28817,0.288715,1,0,0.0676615,0,-0.00318424,-0.00169485,0.00087239,-0.0875625,-0.183088,0,0,0,-0.0767537,-0.182248,-0.0130102,-1.44751,0.817393,10.9691,11.0943,0,28.032
17.84,level,0.486725,-0.0726215,0.0293657,0.060979,0,0,-0.0862328,0.178662,0.00212279,86.8311,86.9711,210.12,17.4282,nan,0.288047,0.287317,0.28948,0.287003,0.288406,0.287317,0.288406,0.28948,0.287003,1,0,0.0676826,0,-0.00201659,-0.00262838,-0.00156726,-0.0879331,-0.18296,0,0,0,-0.0894695,-0.184107,0.00523035,-1.48177,0.889368,11.0572,11.1915,0,28.0075
17.85,level,0.485924,-0.07419,0.0295466,0.0608531,0,0,-0.0867501,0.178687,0.0026899,86.8259,86.9659,210.294,17.4415,nan,0.287956,0.287576,0.288175,0.288473,0.287618,0.287576,0.287618,0.288175,0.288473,1,0,0.0676368,0,-0.00385485,0.000643596,0.000112572,-0.0884797,-0.18256,0,0,0,-0.0734475,-0.18063,0.00209149,-1.54548,0.804182,10.9531,11.0908,0,27.978
17.86,level,0.485117,-0.0757579,0.0297237,0.0607707,0,0,-0.0873631,0.178434,0.00249615,86.8207,86.9607,210.469,17.4548,nan,0.287864,0.28821,0.287771,0.288362,0.287132,0.28821,0.287132,0.287771,0.288362,1,0,0.0676403,0,-0.00210097,-0.000922943,0.000733698,-0.0890516,-0.182315,0,0,0,-0.0860365,-0.189302,0.00689775,-1.48453,0.688362,11.0456,11.1662,0,27.9499
17.87,level,0.484306,-0.0773235,0.0299214,0.0606798,0,0,-0.0880043,0.178082,0.00300416,86.8156,86.9556,210.643,17.468,nan,0.287773,0.287402,0.288166,0.287482,0.288059,0.287402,0.288059,0.288166,0.287482,1,0,0.0676438,0,-0.000497631,-5.20926e-05,-0.000589247,-0.089619,-0.182022,0,0,0,-0.0855923,-0.167437,-0.00302646,-1.48584,0.788378,10.9962,11.1241,0,27.9205
17.88,level,0.48349,-0.0788858,0.0300551,0.060599,0,0,-0.0885863,0.177659,0.00188485,86.8104,86.9504,210.818,17.4813,nan,0.287681,0.288017,0.287567,0.288266,0.286892,0.288017,0.286892,0.287567,0.288266,1,0,0.0676297,0,-0.00245136,-0.000807933,0.000802083,-0.08999,-0.181826,0,0,0,-0.0850077,-0.18565,0.000126707,-1.5164,0.942105,11.0337,11.1772,0,27.8946
17.89,level,0.482668,-0.0804493,0.0301782,0.0605221,0,0,-0.089181,0.177289,0.00158543,86.8053,86.9453,210.993,17.4945,nan,0.287589,0.286668,0.288563,0.286715,0.28843,0.286668,0.28843,0.288563,0.286715,1,0,0.0676156,0,-0.000475723,-0.000160633,-0.00158685,-0.0903884,-0.181569,0,0,0,-0.0821198,-0.182028,0.000906531,-1.58907,0.827263,11.0009,11.1458,0,27.8693
17.9,level,0.481842,-0.0820116,0.0303699,0.0604244,0,0,-0.0896824,0.176985,0.00139012,86.8002,86.9402,211.168,17.5077,nan,0.287498,0.287323,0.287854,0.287013,0.287818,0.287323,0.287818,0.287854,0.287013,1,0,0.0676121,0,0.000729928,-0.00065658,-0.00058741,-0.0909743,-0.181269,0,0,0,-0.0870595,-0.178519,-0.00162287,-1.48372,0.758774,11.0689,11.1937,0,27.8401
17.91,level,0.481013,-0.0835705,0.0305213,0.060346,0,0,-0.0900816,0.176746,0.00237048,86.7951,86.9351,211.343,17.5209,nan,0.287406,0.286205,0.288747,0.286175,0.288515,0.286205,0.288515,0.288747,0.286175,1,0,0.067605,0,-0.00053814,-0.000496326,-0.00214554,-0.0913931,-0.18104,0,0,0,-0.0833001,-0.171269,-0.000522874,-1.44617,0.862362,10.9389,11.0677,0,27.8136
17.92,level,0.480181,-0.0851262,0.0306386,0.0602795,0,0,-0.0905313,0.17661,0.0020693,86.7901,86.9301,211.518,17.5341,nan,0.287314,0.288094,0.286603,0.288324,0.286253,0.288094,0.286253,0.286603,0.288324,1,0,0.067605,0,-0.00153927,-0.000227591,0.0015654,-0.091736,-0.180866,0,0,0,-0.0882133,-0.180324,0.00729909,-1.42935,0.924889,11.078,11.2081,0,27.7892
17.93,level,0.479344,-0.0866847,0.0307631,0.0602297,0,0,-0.091107,0.176497,0.00139425,86.785,86.925,211.694,17.5473,nan,0.287223,0.287555,0.286996,0.287551,0.286807,0.287555,0.286807,0.286996,0.287551,1,0,0.0676192,0,-0.000491116,-0.000365661,0.000573268,-0.092146,-0.180688,0,0,0,-0.0818208,-0.180667,-0.00140542,-1.61415,0.827845,10.9894,11.1381,0,27.765
17.94,level,0.478502,-0.0882463,0.0309436,0.0601654,0,0,-0.0918251,0.176521,0.0008053,86.78,86.92,211.869,17.5605,nan,0.287131,0.287779,0.28683,0.287219,0.286715,0.287779,0.286715,0.28683,0.287219,1,0,0.0676403,0,0.00118237,-0.00127779,0.000638684,-0.0926604,-0.180516,0,0,0,-0.0819233,-0.183975,4.887e-05,-1.49344,0.881896,11.0153,11.151,0,27.7377
17.95,level,0.477653,-0.0898109,0.031152,0.0600555,0,0,-0.0925546,0.176648,0.000279019,86.775,86.915,212.045,17.5736,nan,0.28704,0.28621,0.287943,0.286872,0.287154,0.28621,0.287154,0.287943,0.286872,1,0,0.0676438,0,-0.00385011,-0.000242247,-0.000885467,-0.0933049,-0.180175,0,0,0,-0.0934891,-0.177369,-0.00820254,-1.42096,0.830742,11.0331,11.1552,0,27.7078
17.96,level,0.476798,-0.0913758,0.0313149,0.0599555,0,0,-0.0934529,0.176772,0.0018018,86.77,86.91,212.221,17.5867,nan,0.28695,0.287705,0.28671,0.287802,0.285601,0.287705,0.285601,0.28671,0.287802,1,0,0.0676297,0,-0.00319683,-0.00191581,0.00140464,-0.093751,-0.179885,0,0,0,-0.080082,-0.173187,0.000595442,-1.49221,0.986133,11.0714,11.2149,0,27.6805
17.97,level,0.475935,-0.0929418,0.0314317,0.0598629,0,0,-0.0944406,0.176976,0.000699189,86.765,86.905,212.397,17.5997,nan,0.28686,0.28615,0.287545,0.28657,0.287193,0.28615,0.287193,0.287545,0.28657,1,0,0.0676086,0,-0.00204756,0.000128234,-0.000886719,-0.0941319,-0.179604,0,0,0,-0.0867154,-0.180726,0.0106101,-1.49564,0.881324,11.0645,11.1999,0,27.6557
17.98,level,0.475063,-0.0945121,0.0315659,0.0597641,0,0,-0.0953827,0.177266,0.00148994,86.7601,86.9001,212.573,17.6127,nan,0.28677,0.288381,0.285555,0.2878,0.285363,0.288381,0.285363,0.285555,0.2878,1,0,0.0675733,0,0.00103333,-0.00146368,0.00231303,-0.0945424,-0.179304,0,0,0,-0.0820736,-0.184457,0.005525,-1.45789,0.798362,11.015,11.1397,0,27.6297
17.99,level,0.474184,-0.0960839,0.0317665,0.0596203,0,0,-0.0961962,0.177666,0.0013218,86.7552,86.8952,212.749,17.6256,nan,0.286681,0.288094,0.285736,0.28738,0.285531,0.288094,0.285531,0.285736,0.28738,1,0,0.0675486,0,0.00135094,-0.00174011,0.00184902,-0.0951155,-0.178884,0,0,0,-0.0889387,-0.17406,-0.00892952,-1.42298,0.962425,10.955,11.0889,0,27.5992
