t,phase,roll,pitch,roll_est,pitch_est,roll_sp,pitch_sp,p,q,r,alt,alt_abs,alt_est,vz,height_sp,thr,m0,m1,m2,m3,mp0,mp1,mp2,mp3,mix_scale,sat,att_err,gust,torque_x,torque_y,torque_z,rate_sp_x,rate_sp_y,bg_x,bg_y,bg_z,gx,gy,gz,ax,ay,az,acc_n,tilt_angle,tilt_err
0,ground hold,1.33648e-17,4.996e-16,-6.22164e-05,-8.20853e-05,0,0,-2.71051e-20,-9.88628e-13,6.77626e-21,9.9418e-10,0.14,0,0,nan,0,0,0,0,0,0,0,0,0,1,0,0,0,0,0,0,0,0,0,0,0,-0.0035307,-0.00485114,-0.00463508,0.0395118,-0.0299843,0.0813743,0.0952996,0,0.00590143
0.01,ground hold,-9.66316e-17,3.17464e-10,-0.000172048,-0.000924045,0,0,1.02544e-15,-1.36987e-07,3.74728e-14,-0.000539703,0.13946,0,0,nan,0,0,0,0,0,0,0,0,0,1,0,0,0,0,0,0,0,0,0,0,0,0.00888942,-0.00743554,-0.00769155,0.114693,-0.053679,0.0808005,0.150215,0,0.0538538
0.02,ground hold,-3.14601e-16,5.08769e-09,-0.000635319,-0.00161308,0,0,1.64399e-14,-1.05663e-06,5.81207e-13,-0.0020578,0.137942,0.000149705,7.48526e-05,nan,0,0,0,0,0,0,0,0,0,1,0,0,0,0,0,0,0,0,0,0,0,0.000120875,0.00162508,0.00504176,-0.0480511,0.00807011,0.0698986,0.0852047,0,0.0993331
0.03,ground hold,-2.76813e-16,2.5764e-08,-0.000778836,-0.00211345,0,0,8.32545e-14,-3.52245e-06,2.91203e-12,-0.0045553,0.135445,0.000150454,7.48976e-05,nan,0,0,0,0,0,0,0,0,0,1,0,0,0,0,0,0,0,0,0,0,0,0.000125276,-0.00553597,-0.00184382,-0.000287029,-0.0150423,0.0167256,0.0224966,0,0.129054
0.04,ground hold,4.05881e-16,8.14348e-08,-0.000824935,-0.00327763,0,0,2.63153e-13,-8.29791e-06,9.15582e-12,-0.00803215,0.131968,-6.92368e-05,-3.52774e-05,nan,0,0,0,0,0,0,0,0,0,1,0,0,0,0,0,0,0,0,0,0,0,0.00148698,-0.00622924,-0.0050095,0.00224754,0.0220584,0.00174095,0.0222409,0,0.193656
0.05,ground hold,1.24784e-08,0.000162918,-0.0010651,-0.00396163,0,0,1.45128e-06,-0.0435361,-1.47239e-08,-0.0112746,0.128725,-6.95896e-05,-3.52987e-05,nan,0,0,0,0,0,0,0,0,0,1,0,0,0,0,0,0,0,0,0,0,0,-0.0052366,0.0297355,0.011103,0.332245,0.0388264,57.7799,57.7809,0,0.244072
0.06,ground hold,1.39458e-08,0.000409517,-0.000967727,-0.00182729,0,0,-4.42932e-07,-0.00576068,-1.36797e-09,-0.0114606,0.128539,-3.1066e-05,0.000166585,nan,0,0,0,0,0,0,0,0,0,1,0,0,0,0,0,0,0,0,0,0,0,-0.000509183,-0.00903862,0.00138418,-0.269368,-0.00134696,12.408,12.4109,0,0.139641
0.07,ground hold,9.50431e-09,0.000426775,-0.00112149,8.8644e-05,0,0,-4.22045e-07,8.24828e-05,-4.82379e-10,-0.0113226,0.128677,-1.9894e-05,0.00219964,nan,0,0,0,0,0,0,0,0,0,1,0,0,0,0,0,0,0,0,0,0,0,-0.00464189,-0.00673058,0.00144539,-0.109524,-0.0712218,9.47326,9.47416,0,0.0671177
0.08,ground hold,6.21845e-09,0.000402564,-0.000824885,0.000927276,0,0,-2.55878e-07,0.00387613,1.85272e-08,-0.0112094,0.128791,9.25218e-06,0.00352618,nan,0,0,0,0,0,0,0,0,0,1,0,0,0,0,0,0,0,0,0,0,0,0.0134111,-0.00557509,-0.000886052,-0.00115768,0.0261257,9.46369,9.46373,0,0.0560173
0.09,ground hold,4.23027e-09,0.000365348,-0.0010131,-4.24876e-05,0,0,-1.34911e-07,0.00329212,1.13143e-08,-0.0111306,0.128869,4.73352e-05,0.00400362,nan,0,0,0,0,0,0,0,0,0,1,0,0,0,0,0,0,0,0,0,0,0,-0.000960192,-0.0186928,-0.00403107,0.0973966,-0.00977025,9.56761,9.56811,0,0.0625774
0.1,ground hold,2.87664e-09,0.000337561,-0.00106242,-0.000756453,0,0,-1.11859e-07,0.00223643,1.58204e-10,-0.0110766,0.128923,4.29323e-05,0.00396326,nan,0,0,0,0,0,0,0,0,0,1,0,0,0,0,0,0,0,0,0,0,0,0.00269739,-0.00384335,-0.00176269,-0.0142196,-0.00307259,9.57631,9.57632,0,0.0873787
0.11,ground hold,1.86375e-09,0.000319249,-0.00164466,-0.00161152,0,0,-8.07429e-08,0.00143595,-7.42072e-09,-0.0110397,0.12896,8.13059e-05,0.0036634,nan,0,0,0,0,0,0,0,0,0,1,0,0,0,0,0,0,0,0,0,0,0,-0.000713927,-0.00345995,-0.000674235,0.0160302,-0.0378727,9.72934,9.72943,0,0.145321
0.12,ground hold,1.28753e-09,0.000307606,-0.00129581,-0.00189473,0,0,-4.55159e-08,0.000904499,-5.82081e-09,-0.0110144,0.128986,-7.62346e-05,0.00313561,nan,0,0,0,0,0,0,0,0,0,1,0,0,0,0,0,0,0,0,0,0,0,0.00712142,-0.00529398,0.00393826,0.0499894,0.0652629,9.73893,9.73928,0,0.146409
0.13,ground hold,7.35559e-10,0.000300304,-0.0009883,-0.00152378,0,0,-6.38732e-08,0.000564477,-1.62069e-08,-0.0109972,0.129003,-4.70324e-05,0.00268686,nan,0,0,0,0,0,0,0,0,0,1,0,0,0,0,0,0,0,0,0,0,0,0.0137326,0.00335667,0.00172694,-0.0746299,-0.0418193,9.75264,9.75301,0,0.118869
0.14,ground hold,4.94519e-10,0.000295761,-0.00109046,-0.00173068,0,0,-1.03684e-08,0.000349856,-1.11073e-08,-0.0109855,0.129015,0.000119857,0.00235256,nan,0,0,0,0,0,0,0,0,0,1,0,0,0,0,0,0,0,0,0,0,0,0.00309767,-0.0132077,0.0226992,0.0550889,-0.012333,9.77956,9.77972,0,0.131852
0.15,ground hold,2.78706e-10,0.000292954,-0.0010696,-0.00163107,0,0,-1.50113e-08,0.000215309,-7.22951e-09,-0.0109774,0.129023,0.000141611,0.00198591,nan,0,0,0,0,0,0,0,0,0,1,0,0,0,0,0,0,0,0,0,0,0,-0.00312348,-0.0016149,0.00757989,-0.000494505,0.0382786,9.8204,9.82047,0,0.126131
0.16,ground hold,7.71033e-12,0.000291233,-0.001222,-0.00157881,0,0,-1.14173e-08,0.000131434,-1.34241e-09,-0.0109719,0.129028,0.000159942,0.00168096,nan,0,0,0,0,0,0,0,0,0,1,0,0,0,0,0,0,0,0,0,0,0,0.00530137,-0.00554929,0.00366013,-0.0780827,-0.0031404,9.7824,9.78271,0,0.127997
0.17,ground hold,-7.83253e-11,0.000290186,-0.00180788,-0.00161346,0,0,-1.06599e-08,7.94772e-05,-8.81516e-09,-0.0109682,0.129032,0.000175549,0.00143437,nan,0,0,0,0,0,0,0,0,0,1,0,0,0,0,0,0,0,0,0,0,0,0.01588,-0.0220837,0.00373918,0.0559074,0.0366368,9.86895,9.86918,0,0.150424
0.18,ground hold,-6.41111e-11,0.000289556,-0.00224893,-0.00175275,0,0,-2.71422e-08,4.75635e-05,-1.16527e-08,-0.0109656,0.129034,0.000188979,0.00124882,nan,0,0,0,0,0,0,0,0,0,1,0,0,0,0,0,0,0,0,0,0,0,0.00611875,-0.00215916,-0.00347429,0.0787889,0.0607758,9.74963,9.75013,0,0.174063
0.19,ground hold,-3.20603e-11,0.000289181,-0.00215259,-0.00144517,0,0,3.93061e-09,2.80269e-05,-5.44699e-09,-0.0109638,0.129036,0.000200819,0.00112232,nan,0,0,0,0,0,0,0,0,0,1,0,0,0,0,0,0,0,0,0,0,0,0.00804949,-0.00620422,0.000161061,0.028748,0.0141826,9.83819,9.83825,0,0.158391
0.2,ground hold,1.55669e-10,0.000288962,-0.00189057,-0.00136227,0,0,3.86964e-08,1.62412e-05,-1.46232e-09,-0.0109626,0.129037,0.000211683,0.00105639,nan,0,0,0,0,0,0,0,0,0,1,0,0,0,0,0,0,0,0,0,0,0,0.00501732,-0.000631601,0.00526079,0.0388718,-0.0542424,9.81819,9.81842,0,0.143826
0.21,ground hold,3.34182e-10,0.000288837,-0.00152556,-0.00130222,0,0,3.7147e-09,9.10641e-06,-1.43705e-09,-0.0109618,0.129038,0.000222178,0.00104963,nan,0,0,0,0,0,0,0,0,0,1,0,0,0,0,0,0,0,0,0,0,0,0.00287565,-0.00366188,-0.00206416,0.0800262,-0.00653102,9.82523,9.82555,0,0.1263
0.22,ground hold,2.61553e-10,0.000288767,-0.00142115,-0.00160466,0,0,-9.85041e-09,4.96157e-06,9.60669e-11,-0.0109613,0.129039,0.00043528,0.00118107,nan,0,0,0,0,0,0,0,0,0,1,0,0,0,0,0,0,0,0,0,0,0,0.00887149,-0.0065418,-0.00123068,0.0471283,0.00828779,9.79772,9.79784,0,0.135648
0.23,ground hold,1.46694e-10,0.00028873,-0.00205341,-0.00131832,0,0,4.39256e-09,2.5071e-06,-1.31587e-09,-0.0109609,0.129039,0.000447284,0.00122202,nan,0,0,0,0,0,0,0,0,0,1,0,0,0,0,0,0,0,0,0,0,0,0.0043028,-0.00622186,-0.00341927,0.0770232,-0.074591,9.88714,9.88772,0,0.149405
0.24,ground hold,2.3764e-10,0.000288712,-0.00252722,-0.00130361,0,0,-2.93377e-08,1.17219e-06,-2.58449e-09,-0.0109606,0.129039,0.000506024,0.00129486,nan,0,0,0,0,0,0,0,0,0,1,0,0,0,0,0,0,0,0,0,0,0,0.0073513,-0.00540638,0.0138883,-0.00867086,0.0356759,9.86185,9.86192,0,0.171151
0.25,ground hold,2.60757e-10,0.000288704,-0.00243213,-0.00151497,0,0,2.19147e-08,4.54595e-07,2.21997e-10,-0.0109604,0.12904,0.000519304,0.00137174,nan,0,0,0,0,0,0,0,0,0,1,0,0,0,0,0,0,0,0,0,0,0,0.0154168,-0.00365848,-0.00639787,0.0100882,-0.00268621,9.86654,9.86655,0,0.173496
0.26,ground hold,3.07748e-10,0.000288702,-0.0020595,-0.00165908,0,0,5.77308e-10,1.09899e-07,-3.80295e-10,-0.0109603,0.12904,0.000454791,0.0014283,nan,0,0,0,0,0,0,0,0,0,1,0,0,0,0,0,0,0,0,0,0,0,0.00454022,-0.00757584,0.0133929,0.021805,-0.0525101,9.80997,9.81013,0,0.162422
0.27,ground hold,1.8786e-10,0.000288702,-0.00215687,-0.00213398,0,0,3.27009e-09,-8.85379e-08,2.95878e-11,-0.0109602,0.12904,0.0004696,0.00154612,nan,0,0,0,0,0,0,0,0,0,1,0,0,0,0,0,0,0,0,0,0,0,-0.000820475,-0.00264763,0.00754756,0.0851938,-0.0511394,9.83378,9.83428,0,0.185856
0.28,ground hold,1.07568e-10,0.000288703,-0.00219453,-0.002608,0,0,-8.79413e-09,-1.15572e-07,-3.26047e-11,-0.0109602,0.12904,0.000527249,0.00170903,nan,0,0,0,0,0,0,0,0,0,1,0,0,0,0,0,0,0,0,0,0,0,0.00756909,-0.0062953,0.00602606,0.032765,0.0126835,9.8305,9.83056,0,0.208226
0.29,ground hold,1.26951e-10,0.000288705,-0.00199075,-0.00221354,0,0,5.8499e-09,-2.1722e-07,6.84573e-10,-0.0109601,0.12904,0.000545108,0.00187154,nan,0,0,0,0,0,0,0,0,0,1,0,0,0,0,0,0,0,0,0,0,0,-0.00760636,-0.00985285,-0.00775207,0.00634236,0.00252243,9.89211,9.89212,0,0.183213
0.3,ground hold,2.5175e-10,0.000288707,-0.00231046,-0.00177201,0,0,1.97548e-08,-2.02153e-07,-5.19615e-10,-0.0109601,0.12904,0.000445225,0.00197555,nan,0,0,0,0,0,0,0,0,0,1,0,0,0,0,0,0,0,0,0,0,0,0.0190913,0.00704108,-0.00506986,0.00749529,-0.0153694,9.75006,9.75008,0,0.177392
0.31,ground hold,1.24937e-10,0.000288709,-0.00187395,-0.00132272,0,0,1.27095e-08,-1.6926e-07,6.62019e-10,-0.0109601,0.12904,0.000465821,0.00215417,nan,0,0,0,0,0,0,0,0,0,1,0,0,0,0,0,0,0,0,0,0,0,0.00973415,-0.00308624,0.00612461,-0.0474583,-0.0312846,9.71148,9.71165,0,0.141616
0.32,ground hold,1.00256e-10,0.000288711,-0.00164479,-0.000902286,0,0,-1.78381e-08,-1.50257e-07,3.68641e-10,-0.0109601,0.12904,0.000511281,0.002312,nan,0,0,0,0,0,0,0,0,0,1,0,0,0,0,0,0,0,0,0,0,0,0.00588603,-0.00620888,0.00869468,-0.0107208,0.0179796,9.82534,9.82536,0,0.116361
0.33,ground hold,4.19512e-11,0.000288712,-0.00163756,-0.00160117,0,0,6.31267e-09,-1.24106e-07,1.16774e-10,-0.0109601,0.12904,0.000535046,0.00245291,nan,0,0,0,0,0,0,0,0,0,1,0,0,0,0,0,0,0,0,0,0,0,0.00245005,-0.00331835,0.00701019,0.068336,-0.0373748,9.81995,9.82026,0,0.143285
0.34,ground hold,5.53421e-11,0.000288713,-0.00151874,-0.00160679,0,0,2.03199e-10,-5.09902e-08,-3.32457e-11,-0.0109601,0.12904,0.000612951,0.00263166,nan,0,0,0,0,0,0,0,0,0,1,0,0,0,0,0,0,0,0,0,0,0,-0.00266051,0.00419907,-0.00260583,-0.0445026,0.0661495,9.8644,9.86472,0,0.139173
0.35,ground hold,1.71755e-10,0.000288713,-0.00174035,-0.00220583,0,0,-2.58865e-09,2.65155e-08,-1.20109e-10,-0.0109601,0.12904,0.00064004,0.00280283,nan,0,0,0,0,0,0,0,0,0,1,0,0,0,0,0,0,0,0,0,0,0,0.00313128,-0.0108991,-0.00890603,0.0436932,-0.10093,9.76694,9.76756,0,0.17428
0.36,ground hold,-1.66538e-10,0.000288712,-0.00173422,-0.002459,0,0,-8.80164e-09,1.06758e-08,7.15745e-11,-0.0109601,0.12904,0.000775503,0.00303171,nan,0,0,0,0,0,0,0,0,0,1,0,0,0,0,0,0,0,0,0,0,0,-0.00597127,-0.00584604,-0.00345542,0.0324743,-0.133059,9.80971,9.81067,0,0.186174
0.37,ground hold,-1.74113e-10,0.000288713,-0.00131587,-0.00241226,0,0,5.32861e-10,-6.37187e-08,-1.67224e-10,-0.0109601,0.12904,0.000806662,0.00320926,nan,0,0,0,0,0,0,0,0,0,1,0,0,0,0,0,0,0,0,0,0,0,0.00403555,-0.00460171,-0.00155103,0.0153416,0.038559,9.82858,9.82867,0,0.172149
0.38,ground hold,-1.87517e-10,0.000288714,-0.00164361,-0.00219392,0,0,1.11886e-08,-9.17092e-09,-1.00932e-10,-0.0109601,0.12904,0.000620751,0.00328986,nan,0,0,0,0,0,0,0,0,0,1,0,0,0,0,0,0,0,0,0,0,0,-0.00572513,0.00209131,0.0097938,-0.0536018,0.0564358,9.83146,9.83177,0,0.1706
0.39,ground hold,-2.64202e-10,0.000288714,-0.00141713,-0.00258729,0,0,-7.66359e-09,-1.00266e-08,2.04121e-10,-0.0109601,0.12904,0.000654434,0.00345305,nan,0,0,0,0,0,0,0,0,0,1,0,0,0,0,0,0,0,0,0,0,0,-0.000718671,-0.0081305,-0.00453153,0.0823066,0.000300809,9.8508,9.85115,0,0.183707
0.4,ground hold,-2.87238e-10,0.000288713,-0.000861011,-0.00260381,0,0,-3.06346e-10,4.48136e-08,-3.56948e-12,-0.0109601,0.12904,0.000689798,0.00363147,nan,0,0,0,0,0,0,0,0,0,1,0,0,0,0,0,0,0,0,0,0,0,0.0131457,0.00368363,7.19428e-05,0.0260124,-0.0927847,9.81951,9.81998,0,0.17292
0.41,ground hold,-2.88469e-10,0.000288713,-0.00142768,-0.00252221,0,0,-1.53951e-11,-9.50036e-08,1.93277e-11,-0.0109601,0.12904,0.000726937,0.00380214,nan,0,0,0,0,0,0,0,0,0,1,0,0,0,0,0,0,0,0,0,0,0,0.00333647,-0.00533184,0.00173151,-0.0318522,-0.0420526,9.83594,9.83608,0,0.180644
0.42,ground hold,-1.12039e-10,0.000288714,-0.0016337,-0.00192272,0,0,3.86566e-08,-1.23136e-07,-1.78652e-11,-0.0109601,0.12904,0.000680557,0.00393079,nan,0,0,0,0,0,0,0,0,0,1,0,0,0,0,0,0,0,0,0,0,0,0.00191946,-0.00237836,0.00318145,-0.0467538,-0.0107718,9.90225,9.90237,0,0.157541
0.43,ground hold,8.19348e-11,0.000288715,-0.00143455,-0.00149078,0,0,-8.93357e-09,-8.01104e-08,3.41401e-10,-0.0109601,0.12904,0.000720677,0.00410628,nan,0,0,0,0,0,0,0,0,0,1,0,0,0,0,0,0,0,0,0,0,0,-0.0026313,-0.00122198,-0.00256639,-0.0692867,-0.02099,9.80532,9.80559,0,0.130972
0.44,ground hold,-1.69023e-10,0.000288716,-0.000894143,-0.00132677,0,0,-2.33576e-08,-3.52871e-08,-2.96515e-10,-0.0109601,0.12904,0.000719727,0.00428252,nan,0,0,0,0,0,0,0,0,0,1,0,0,0,0,0,0,0,0,0,0,0,0.000255612,-0.0128424,0.0104412,0.0119414,0.0015484,9.82499,9.825,0,0.1058
0.45,ground hold,-4.05772e-10,0.000288716,-0.000874149,-0.00131614,0,0,-6.19913e-09,-2.58299e-08,2.38076e-11,-0.0109601,0.12904,0.00076349,0.00447953,nan,0,0,0,0,0,0,0,0,0,1,0,0,0,0,0,0,0,0,0,0,0,0.00714929,0.00185396,0.00145137,0.0585424,0.0337454,9.86634,9.86657,0,0.104715
0.46,ground hold,-3.44925e-10,0.000288716,-0.00112341,-0.00100535,0,0,2.8073e-09,-5.81528e-08,-7.01683e-13,-0.0109601,0.12904,0.000646597,0.00459792,nan,0,0,0,0,0,0,0,0,0,1,0,0,0,0,0,0,0,0,0,0,0,0.00650427,-0.00613735,-0.00145818,0.120817,-0.0124294,9.78813,9.78888,0,0.0981968
0.47,ground hold,-3.90299e-10,0.000288717,-0.000964984,-0.00124393,0,0,1.55153e-08,2.03947e-08,-1.69994e-10,-0.0109601,0.12904,0.000693606,0.00481963,nan,0,0,0,0,0,0,0,0,0,1,0,0,0,0,0,0,0,0,0,0,0,0.0112677,0.00973496,0.00459159,0.0555942,-0.0374437,9.87238,9.87261,0,0.103779
0.48,ground hold,-4.46387e-10,0.000288717,-0.00038762,-0.00167717,0,0,1.29439e-08,-3.18074e-08,2.98689e-11,-0.0109601,0.12904,0.000830442,0.00510744,nan,0,0,0,0,0,0,0,0,0,1,0,0,0,0,0,0,0,0,0,0,0,0.00792896,-0.00399905,0.017897,0.0121771,0.0333021,9.78462,9.78468,0,0.114809
0.49,ground hold,-2.04078e-10,0.000288717,-0.000811118,-0.00195357,0,0,2.06093e-08,-3.26817e-08,-1.47126e-10,-0.0109601,0.12904,0.00088268,0.005348,nan,0,0,0,0,0,0,0,0,0,1,0,0,0,0,0,0,0,0,0,0,0,0.0109156,-0.00874106,-0.00840617,0.00195239,-0.0639348,9.85848,9.85868,0,0.136627
0.5,ground hold,2.6295e-10,0.000288717,-0.00118288,-0.00170319,0,0,1.71293e-08,6.58128e-08,-1.29417e-10,-0.0109601,0.12904,0.000937225,0.00556879,nan,0.085,0,0,0,0,0,0,0,0,1,0,0,0,0,0,0,0,0,0,0,0,0.00393241,7.72528e-05,0.00671168,0.00664076,-0.0262815,9.79403,9.79407,0,0.132744
0.51,ground hold,1.22695e-10,0.000288716,-0.00137856,-0.00171109,0,0,-1.08901e-08,-4.17375e-07,1.56144e-08,-0.0109601,0.12904,0.000993861,0.00576464,nan,0.0866998,0.0843456,0.0889878,0.0847597,0.0883664,0.0843456,0.0883664,0.0889878,0.0847597,1,0,0.0020716,0,-0.00274678,-0.000393019,-0.00362559,0.004418,0.00525773,0,0,0,0.00328366,0.00681676,0.00153588,0.0103336,0.00224601,9.82293,9.82293,0,0.139177
0.52,ground hold,-4.04704e-09,0.000288761,-0.00123539,-0.00197134,0,0,-7.94111e-07,-1.05643e-05,-9.90854e-09,-0.0109597,0.12904,0.00105241,0.00596531,nan,0.0883882,0.0870928,0.0890103,0.0876764,0.0894374,0.0870928,0.0894374,0.0890103,0.0876764,1,0,0.00229024,0,-0.000415324,0.00191484,-0.00161682,0.00399558,0.00598833,0,0,0,0.00172665,-0.00905059,0.00996297,0.00219837,0.0436474,9.80353,9.80363,0,0.147586
0.53,ground hold,-1.56499e-08,0.000288919,-0.00114363,-0.00234831,0,0,-1.5225e-06,-2.06553e-05,1.18782e-10,-0.0109581,0.129042,0.00111312,0.00619105,nan,0.0900627,0.0905449,0.0890871,0.0908339,0.0894506,0.0905449,0.0894506,0.0890871,0.0908339,1,0,0.00229024,0,0.000197475,0.00123624,0.00124875,0.00357468,0.00677584,0,0,0,0.00647623,-0.000500023,0.00474708,0.110159,0.0322257,9.83845,9.83912,0,0.164705
0.54,ground hold,-4.06891e-08,0.000289149,-0.00124209,-0.00189816,0,0,-4.26075e-06,-2.48811e-05,5.99196e-09,-0.0109545,0.129046,0.00104424,0.00637363,nan,0.0917325,0.0911636,0.092098,0.0916255,0.0917091,0.0911636,0.0917091,0.092098,0.0916255,1,0,0.00229024,0,-0.00225706,0.000138376,-0.00044743,0.00397603,0.00587276,0,0,0,0.00723707,-0.0021245,-0.00622337,0.000512567,0.011673,9.86736,9.86736,0,0.144128
0.55,ground hold,-9.15558e-08,0.000289393,-0.00166844,-0.00206309,0,0,-4.26358e-06,-2.31229e-05,1.96837e-09,-0.0109489,0.129051,0.00110925,0.00664357,nan,0.093404,0.0940269,0.0925642,0.0939889,0.0927014,0.0940269,0.0927014,0.0925642,0.0939889,1,0,0.00248976,0,0.000464741,0.000188067,0.00120879,0.0052827,0.00629789,0,0,0,0.00242266,-0.0093659,0.0130421,0.0122679,0.00150903,9.87585,9.87586,0,0.165253
0.56,ground hold,-1.21061e-07,0.000289613,-0.00150641,-0.00188339,0,0,-1.96913e-06,-2.25404e-05,1.57212e-09,-0.0109416,0.129058,0.00102435,0.00688211,nan,0.09508,0.0946052,0.0949654,0.0950038,0.0954101,0.0946052,0.0954101,0.0949654,0.0950038,1,0,0.00229024,0,0.000122468,0.00159774,-0.000336877,0.00478393,0.0054948,0,0,0,0.00713006,0.00280351,0.00367079,0.028915,0.00180874,9.80399,9.80404,0,0.151502
0.57,ground hold,-1.42514e-07,0.000289838,-0.00189778,-0.00151573,0,0,-2.04083e-06,-2.14433e-05,-1.33486e-08,-0.0109329,0.129067,0.00109467,0.0071993,nan,0.0967617,0.0961193,0.0971646,0.0955653,0.0978606,0.0961193,0.0978606,0.0971646,0.0955653,1,0,0.00239208,0,0.00331562,0.000268996,-0.00146832,0.00544661,0.00472669,0,0,0,-0.0033645,0.00113277,0.00999131,-0.0603109,-0.12108,9.87595,9.87688,0,0.150093
0.58,ground hold,-1.33097e-07,0.000290035,-0.00201994,-0.00172715,0,0,2.6626e-06,-1.76888e-05,-9.27954e-09,-0.0109232,0.129077,0.000952563,0.00741204,nan,0.0984488,0.0978141,0.0988005,0.0977638,0.0990787,0.0978141,0.0990787,0.0988005,0.0977638,1,0,0.00258374,0,0.000871698,0.000431804,-0.00101148,0.00582826,0.00534055,0,0,0,0.0115076,-0.00574627,0.0137735,-0.00996302,-0.0596756,9.79403,9.79422,0,0.16357
0.59,ground hold,-1.00475e-07,0.000290175,-0.00193479,-0.00174028,0,0,3.32163e-06,-1.04874e-05,2.1028e-10,-0.0109128,0.129087,0.00102812,0.00770596,nan,0.100141,0.099939,0.0999564,0.0998218,0.100507,0.099939,0.100507,0.0999564,0.0998218,1,0,0.00229024,0,0.00177076,0.000820653,-0.000308694,0.00576592,0.0055291,0,0,0,0.000457399,0.0071929,0.0076255,-0.035218,-0.0258211,9.79241,9.79251,0,0.160706
0.6,ground hold,-7.51207e-08,0.000290277,-0.00138223,-0.00118526,0,0,-2.56728e-07,-9.51083e-06,1.76014e-08,-0.010902,0.129098,0.00110646,0.00797127,nan,0.101837,0.10181,0.10151,0.101699,0.101989,0.10181,0.101989,0.10151,0.101699,1,0,0.00119604,0,0.00156399,0.000696043,4.24099e-06,0.00443682,0.00342461,0,0,0,0.0138367,0.00054553,0.00758303,0.0119318,-0.0129741,9.80012,9.80014,0,0.115853
0.61,ground hold,-8.97846e-08,0.000290361,-0.00137457,-0.00142144,0,0,-2.78982e-06,-8.97749e-06,5.95238e-09,-0.010891,0.129109,0.00118733,0.00821452,nan,0.103536,0.103239,0.103876,0.103328,0.10336,0.103239,0.10336,0.103876,0.103328,1,0,0.00195312,0,-0.00160473,-0.000810054,-0.000294467,0.00428775,0.00402536,0,0,0,-0.000366183,0.00790976,-0.00389166,0.0496056,0.00982145,9.83924,9.83937,0,0.125797
0.62,ground hold,-1.21313e-07,0.000290442,-0.00116922,-0.00169068,0,0,-3.50135e-06,-9.69188e-06,1.51605e-09,-0.0108801,0.12912,0.00127059,0.00844827,nan,0.105237,0.104681,0.105317,0.105001,0.105609,0.104681,0.105609,0.105317,0.105001,1,0,0.00195312,0,-7.449e-05,0.00116053,-0.000546777,0.00362126,0.00477239,0,0,0,0.00761578,-0.0117167,-0.00917332,0.0540431,0.00202783,9.83905,9.8392,0,0.131812
0.63,ground hold,-1.58553e-07,0.000290556,-0.00171174,-0.00140702,0,0,-4.14535e-06,-1.40281e-05,1.20011e-09,-0.0108694,0.129131,0.00135614,0.00866724,nan,0.10694,0.10608,0.107168,0.106703,0.107469,0.10608,0.107469,0.107168,0.106703,1,0,0.00182698,0,-0.000854886,0.00175165,-0.000814874,0.00509215,0.00452318,0,0,0,0.00985805,0.00515155,0.00929935,-0.0188615,-0.0232971,9.82686,9.82691,0,0.138136
0.64,ground hold,-1.91037e-07,0.000290716,-0.00154446,-0.00149119,0,0,-3.66082e-06,-1.4766e-05,1.43621e-09,-0.0108589,0.129141,0.0014077,0.00883931,nan,0.108644,0.108039,0.10854,0.108803,0.108854,0.108039,0.108854,0.10854,0.108803,1,0,0.00218366,0,-0.00119442,0.00204253,-0.000242266,0.00493479,0.00446395,0,0,0,0.0010227,-0.000663878,0.000607878,0.0166644,0.0569587,9.78964,9.78982,0,0.135116
0.65,ground hold,-2.21286e-07,0.000290877,-0.00149299,-0.00193296,0,0,-6.32592e-07,-1.96188e-05,-3.34725e-10,-0.0108487,0.129151,0.00149702,0.00903643,nan,0.110349,0.110896,0.109546,0.110776,0.109837,0.110896,0.109837,0.109546,0.110776,1,0,0.00229024,0,0.0010898,0.000324666,0.00100551,0.00427029,0.00601073,0,0,0,0.00116109,-0.00134908,0.00444413,-0.00508937,-0.0383659,9.82707,9.82715,0,0.153474
0.66,ground hold,-2.13307e-07,0.000291053,-0.00132839,-0.0020422,0,0,2.37123e-06,-1.42669e-05,-4.1404e-10,-0.0108388,0.129161,0.00171736,0.00929486,nan,0.112054,0.11134,0.112212,0.111722,0.1126,0.11134,0.1126,0.112212,0.111722,1,0,0.00229024,0,1.57731e-05,0.00145854,-0.000769233,0.00424732,0.00595091,0,0,0,0.0034031,-0.0139822,-0.00633411,0.0456327,0.0299163,9.74195,9.7421,0,0.153839
0.67,ground hold,-1.9255e-07,0.000291179,-0.00141735,-0.00192385,0,0,-1.43752e-06,-1.08611e-05,6.6e-10,-0.0108293,0.129171,0.00181113,0.00946395,nan,0.113759,0.112157,0.114495,0.113222,0.114821,0.112157,0.114821,0.114495,0.113222,1,0,0.0020716,0,-0.00195957,0.00263613,-0.00172999,0.00398648,0.00588951,0,0,0,0.00457239,-0.00515913,0.00764838,-0.00875339,-0.0736934,9.80066,9.80094,0,0.150676
0.68,ground hold,-2.39392e-07,0.000291308,-0.00178109,-0.00231362,0,0,-5.29188e-06,-1.70096e-05,1.79656e-09,-0.01082,0.12918,0.00190649,0.00961708,nan,0.115464,0.114034,0.116472,0.114381,0.116627,0.114034,0.116627,0.116472,0.114381,1,0,0.00276214,0,-0.000509446,0.000952692,-0.0020589,0.00547547,0.00667933,0,0,0,-0.00415043,0.00306454,0.00213345,0.0345183,-0.0112749,9.79794,9.798,0,0.18081
0.69,ground hold,-2.83822e-07,0.000291492,-0.00186797,-0.00211924,0,0,-2.68662e-06,-1.89396e-05,1.21439e-09,-0.0108111,0.129189,0.00200341,0.00977489,nan,0.117168,0.116563,0.117183,0.116612,0.117975,0.116563,0.117975,0.117183,0.116612,1,0,0.00229024,0,0.00197244,0.00159485,-0.000871889,0.00551737,0.00607309,0,0,0,0.0123054,-0.00240707,0.00792318,0.0634237,-0.0342626,9.76186,9.76213,0,0.174743
0.7,ground hold,-2.69814e-07,0.000291665,-0.00114188,-0.00224833,0,0,4.89711e-06,-1.46617e-05,-1.39235e-09,-0.0108025,0.129198,0.00225092,0.0100192,nan,0.118872,0.11827,0.119288,0.118619,0.118973,0.11827,0.118973,0.119288,0.118619,1,0,0.00229024,0,-0.0017601,6.57033e-05,-0.00060321,0.00373456,0.00671163,0,0,0,0.00871191,0.0109593,-0.00786775,0.034266,0.0610418,9.80716,9.80741,0,0.159565
0.71,ground hold,-2.39221e-07,0.000291786,-0.00149197,-0.00246455,0,0,-1.24846e-06,-1.42023e-05,5.96513e-10,-0.0107941,0.129206,0.00235205,0.0102148,nan,0.120576,0.120252,0.120192,0.120445,0.121075,0.120252,0.121075,0.120192,0.120445,1,0,0.00276214,0,0.0018275,0.00203818,-0.000250742,0.00472237,0.00721444,0,0,0,0.00614709,0.00288129,0.0120206,0.0720282,0.0467422,9.90089,9.90126,0,0.179584
0.72,ground hold,-2.75945e-07,0.000291977,-0.00171858,-0.00251884,0,0,-1.85406e-06,-2.47963e-05,5.24355e-10,-0.010786,0.129214,0.00263082,0.0104916,nan,0.12228,0.12083,0.122963,0.121449,0.123536,0.12083,0.123536,0.122963,0.121449,1,0,0.00284714,0,-0.000123251,0.00225906,-0.00185491,0.00494155,0.00775792,0,0,0,0.00647086,0.00118479,-0.00791455,-0.00822191,-0.0537377,9.78854,9.78869,0,0.188771
0.73,ground hold,-2.89119e-07,0.000292254,-0.00170685,-0.00235149,0,0,-1.2668e-06,-2.86991e-05,2.62155e-10,-0.0107781,0.129222,0.00273664,0.0106871,nan,0.123982,0.123417,0.124284,0.123415,0.124473,0.123417,0.124473,0.124284,0.123415,1,0,0.00267443,0,0.000505249,0.000353978,-0.000846591,0.00503015,0.00733962,0,0,0,0.00753846,0.00193358,0.00239972,-0.0362342,-0.0381032,9.79093,9.79107,0,0.180307
0.74,ground hold,-2.93297e-07,0.000292514,-0.00155985,-0.00172763,0,0,-3.86544e-06,-2.31459e-05,1.35078e-09,-0.0107703,0.12923,0.00309345,0.0110139,nan,0.125685,0.125395,0.12551,0.125504,0.12599,0.125395,0.12599,0.12551,0.125504,1,0,0.00229024,0,0.000982623,0.00111385,-0.000264067,0.00470689,0.0054804,0,0,0,0.005626,-0.00124978,-0.00471854,-0.113414,-0.00716851,9.85298,9.85364,0,0.146241
0.75,ground hold,-3.03605e-07,0.000292703,-0.00154322,-0.00232645,0,0,2.28464e-06,-1.36016e-05,-1.35034e-09,-0.0107627,0.129237,0.0032046,0.0112235,nan,0.127387,0.127336,0.126744,0.128149,0.126979,0.127336,0.126979,0.126744,0.128149,1,0,0.00248976,0,-0.00153476,0.00198642,0.000774182,0.00493939,0.00696567,0,0,0,0.00669321,-0.0180388,-0.000100842,0.0206026,0.0362583,9.8837,9.88379,0,0.174183
0.76,ground hold,-3.22391e-07,0.000292867,-0.00139389,-0.00180657,0,0,-6.44167e-06,-2.12693e-05,1.99396e-09,-0.0107553,0.129245,0.00331784,0.0114296,nan,0.129089,0.12966,0.128358,0.129651,0.128345,0.12966,0.128345,0.128358,0.129651,1,0,0.00229024,0,-1.06e-05,-4.13719e-05,0.00114608,0.00421403,0.00511656,0,0,0,0.0122473,-0.00231682,0.000389478,0.0749656,-0.0111977,9.90093,9.90123,0,0.144392
0.77,ground hold,-3.71573e-07,0.000293058,-0.00144881,-0.00185279,0,0,-5.87834e-06,-1.82511e-05,8.58354e-10,-0.0107479,0.129252,0.003433,0.0116081,nan,0.13079,0.129943,0.131098,0.130591,0.131189,0.129943,0.131189,0.131098,0.130591,1,0,0.0020716,0,-0.00147853,0.00139926,-0.000770449,0.00463836,0.00565038,0,0,0,0.00365038,0.00190412,-0.000107024,0.00524274,0.027361,9.81044,9.81048,0,0.148351
0.78,ground hold,-4.63341e-07,0.000293237,-0.00131656,-0.00179861,0,0,-8.86443e-06,-1.8874e-05,2.40013e-09,-0.0107406,0.129259,0.00344712,0.0117514,nan,0.132491,0.132525,0.131824,0.132522,0.132754,0.132525,0.132754,0.131824,0.132522,1,0,0.00182698,0,0.00247326,0.00175742,0.00020618,0.00384272,0.00513251,0,0,0,0.00438427,0.0095604,0.00862558,0.0575039,-0.0292353,9.8489,9.84911,0,0.141617
0.79,ground hold,-5.31174e-07,0.00029342,-0.00138155,-0.0019284,0,0,-8.96021e-06,-1.6766e-05,-5.198e-09,-0.0107334,0.129267,0.0035657,0.0119771,nan,0.134192,0.133593,0.134344,0.134277,0.134215,0.133593,0.134215,0.134344,0.134277,1,0,0.00195312,0,-0.00215543,0.0010532,-0.00030284,0.00387346,0.00568347,0,0,0,0.00803402,-0.0019014,0.00549094,0.0246631,-0.0299776,9.83267,9.83275,0,0.149904
0.8,ground hold,-6.3719e-07,0.000293553,-0.00133643,-0.00185209,0,0,-8.24215e-06,-1.07981e-05,2.89044e-09,-0.0107263,0.129274,0.00363732,0.0121483,nan,0.135893,0.134757,0.136147,0.135622,0.136705,0.134757,0.136705,0.136147,0.135622,1,0,0.00229024,0,-0.000813705,0.00269518,-0.0010873,0.00431156,0.00561395,0,0,0,0.0056318,-0.00200027,-0.00459563,-0.00291905,0.0889089,9.81276,9.81316,0,0.144828
0.81,ground hold,-7.14446e-07,0.000293674,-0.00125105,-0.0016934,0,0,-9.1933e-06,-9.94e-06,2.91315e-09,-0.0107192,0.129281,0.00375966,0.0123264,nan,0.137593,0.137295,0.137536,0.137719,0.137483,0.137295,0.137483,0.137536,0.137719,1,0,0.00195312,0,-0.00126233,0.000703278,-2.10708e-06,0.00393224,0.00532494,0,0,0,0.00378137,-3.64873e-05,0.000569678,-0.0401011,0.0278876,9.78913,9.78926,0,0.13453
0.82,ground hold,-8.0365e-07,0.000293734,-0.000869956,-0.00196204,0,0,-7.68803e-06,-3.12917e-06,2.24271e-09,-0.0107121,0.129288,0.00396168,0.0125562,nan,0.139294,0.137872,0.140266,0.138218,0.140478,0.137872,0.140478,0.140266,0.138218,1,0,0.00195312,0,-0.000355746,0.00105584,-0.00204527,0.00255857,0.0055921,0,0,0,0.0136653,-0.00182985,0.000531072,0.0729373,-0.0218329,9.80209,9.80238,0,0.138519
0.83,ground hold,-8.52736e-07,0.00029376,-0.000680354,-0.00231302,0,0,-2.01809e-06,-3.47822e-06,6.59806e-10,-0.010705,0.129295,0.0040882,0.0127649,nan,0.140994,0.140126,0.140949,0.141149,0.14141,0.140126,0.14141,0.140949,0.141149,1,0,0.00218366,0,-0.00148946,0.00281195,-0.000476159,0.00219856,0.0072029,0,0,0,0.00624596,0.00198106,-0.00208116,-0.00454413,0.00877067,9.81991,9.81991,0,0.154355
0.84,ground hold,-8.74544e-07,0.000293842,-0.000432732,-0.00216043,0,0,-3.85039e-07,-1.11506e-05,1.16268e-10,-0.0106979,0.129302,0.00421694,0.0129971,nan,0.142694,0.142656,0.142233,0.14252,0.143025,0.142656,0.143025,0.142233,0.14252,1,0,0.00229024,0,0.00246046,0.00124267,-3.61207e-05,0.00160715,0.00649566,0,0,0,0.00673597,-0.00800462,-0.00300747,0.0166193,0.0451239,9.72631,9.72643,0,0.142785
0.85,ground hold,-8.52799e-07,0.000293947,-0.000600406,-0.00262601,0,0,3.40169e-06,-7.97817e-06,-4.7921e-09,-0.0106908,0.129309,0.00434796,0.0132162,nan,0.144394,0.144712,0.14359,0.145187,0.143745,0.144712,0.143745,0.14359,0.145187,1,0,0.00248976,0,-0.000846817,0.0011942,0.00112679,0.00163031,0.0081184,0,0,0,0.00128733,-0.0032398,0.00877319,-0.0580403,-0.0650168,9.84377,9.84416,0,0.170797
0.86,ground hold,-8.16722e-07,0.000294017,-0.000499769,-0.00247644,0,0,3.61701e-06,-9.08714e-06,-1.87247e-10,-0.0106837,0.129316,0.00471361,0.0135463,nan,0.146093,0.145276,0.14622,0.146063,0.146474,0.145276,0.146474,0.14622,0.146063,1,0,0.0020716,0,-0.00141295,0.00197401,-0.00059547,0.00121543,0.00737084,0,0,0,0.0055821,0.00615418,-0.00342858,0.0432493,-0.0865273,9.81716,9.81764,0,0.161295
0.87,ground hold,-8.08877e-07,0.000294129,-0.000758254,-0.00227827,0,0,-1.46016e-06,-1.15238e-05,9.46079e-10,-0.0106766,0.129323,0.00485011,0.0137664,nan,0.147793,0.147634,0.147443,0.147561,0.148194,0.147634,0.148194,0.147443,0.147561,1,0,0.00229024,0,0.00218694,0.00128457,-0.000194057,0.00212776,0.0070842,0,0,0,0.00421631,-0.0056444,-0.00127625,-0.0638208,-0.0587838,9.85946,9.85984,0,0.153653
0.88,ground hold,-7.82917e-07,0.000294225,-0.000707438,-0.00233728,0,0,4.73809e-06,-5.35785e-06,-6.76152e-10,-0.0106694,0.129331,0.00493481,0.0139704,nan,0.149492,0.147736,0.150596,0.14865,0.150648,0.147736,0.150648,0.150596,0.14865,1,0,0.00229024,0,-0.00228579,0.00182913,-0.00213491,0.0022472,0.00727358,0,0,0,-0.000730086,-0.00702104,-0.00389404,-0.0541129,0.0286911,9.80619,9.80638,0,0.156124
0.89,ground hold,-7.679e-07,0.000294281,-0.000746824,-0.00263008,0,0,1.74671e-06,-8.50617e-06,-6.60035e-10,-0.0106622,0.129338,0.00507554,0.0141866,nan,0.151192,0.149595,0.151815,0.150352,0.152665,0.149595,0.152665,0.151815,0.150352,1,0,0.00239208,0,0.000244443,0.00304497,-0.00199229,0.00197025,0.00775519,0,0,0,0.00243127,-0.00829784,0.0174525,0.0357028,-0.0294985,9.81763,9.81773,0,0.172928
0.9,ground hold,-7.71625e-07,0.000294405,-0.000579952,-0.00256225,0,0,-4.05094e-06,-1.23827e-05,1.40993e-09,-0.010655,0.129345,0.00521849,0.0144163,nan,0.152891,0.153572,0.151632,0.154065,0.151956,0.153572,0.151956,0.151632,0.154065,1,0,0.00248976,0,-0.000448052,0.00154947,0.00177993,0.00149168,0.00784979,0,0,0,0.0024756,7.55632e-05,-0.00404502,-0.0507263,-0.123428,9.90598,9.90688,0,0.167011
0.91,ground hold,-8.33799e-07,0.000294511,-0.00074121,-0.0023793,0,0,-8.27654e-06,-8.46962e-06,2.49456e-09,-0.0106477,0.129352,0.00536362,0.0146095,nan,0.154591,0.155562,0.15296,0.155965,0.153536,0.155562,0.153536,0.15296,0.155965,1,0,0.00218366,0,0.00046128,0.00185548,0.00221137,0.00196142,0.00699368,0,0,0,0.00468385,-0.00791456,-0.00184334,0.0347828,-0.0308833,9.7535,9.75361,0,0.158971
0.92,ground hold,-8.62954e-07,0.000294602,-0.00090102,-0.00217519,0,0,1.02156e-08,-6.03397e-06,2.77866e-10,-0.0106404,0.12936,0.00550578,0.0147623,nan,0.15629,0.155638,0.156657,0.156059,0.156467,0.155638,0.156467,0.156657,0.156059,1,0,0.0020716,0,-0.00162347,0.000436155,-0.000627545,0.00243637,0.00640341,0,0,0,0.00459728,0.000593949,-0.00903752,0.033891,-0.0368151,9.79924,9.79937,0,0.150625
0.93,ground hold,-8.81527e-07,0.000294617,-0.000993076,-0.00218656,0,0,-3.37157e-07,1.98659e-06,6.3004e-10,-0.010633,0.129367,0.00565411,0.0149162,nan,0.157989,0.157806,0.157769,0.15786,0.158182,0.157806,0.158182,0.157769,0.15786,1,0,0.0020716,0,0.000952497,0.000884874,-0.000124697,0.00276712,0.00675762,0,0,0,0.00299319,-0.00643091,-0.000109897,-0.0389194,-0.0726669,9.7954,9.79575,0,0.153118
0.94,ground hold,-8.8284e-07,0.000294557,-0.00102277,-0.00176221,0,0,-3.04027e-06,1.05695e-05,9.76182e-10,-0.0106256,0.129374,0.00580407,0.0150866,nan,0.159689,0.158971,0.159672,0.159897,0.159874,0.158971,0.159874,0.159672,0.159897,1,0,0.00154408,0,-0.00192157,0.0021379,-0.000298588,0.0032122,0.00501863,0,0,0,0.0027287,-0.0017239,0.0063168,0.0573558,0.0109497,9.86987,9.87004,0,0.131602
0.95,ground hold,-9.16533e-07,0.000294461,-0.000878461,-0.00226997,0,0,-1.46058e-06,5.90925e-06,2.42174e-10,-0.0106182,0.129382,0.00595583,0.0152801,nan,0.161388,0.161413,0.161161,0.161217,0.16142,0.161413,0.16142,0.161161,0.161217,1,0,0.0020716,0,0.00120724,0.000118773,2.14044e-05,0.0023609,0.00687043,0,0,0,0.0123621,-0.00251009,-0.00205883,0.0101242,-0.0638953,9.80373,9.80395,0,0.155306
0.96,ground hold,-9.07569e-07,0.000294429,-0.000858795,-0.00202311,0,0,4.49105e-06,1.29363e-06,-1.26959e-09,-0.0106107,0.129389,0.00610613,0.0154729,nan,0.163087,0.162918,0.162564,0.163577,0.16295,0.162918,0.16295,0.162564,0.163577,1,0,0.0020716,0,-0.000721785,0.00198159,0.000430809,0.00267433,0.00578466,0,0,0,-0.00187679,-0.0013916,-0.00607799,0.090067,0.0166135,9.8146,9.81503,0,0.141603
0.97,ground hold,-8.56246e-07,0.000294462,-0.000932653,-0.00182097,0,0,4.96587e-06,-8.2365e-06,-1.18675e-09,-0.0106031,0.129397,0.00626185,0.0156847,nan,0.164786,0.162429,0.166402,0.162938,0.167037,0.162429,0.167037,0.166402,0.162938,1,0,0.00138107,0,0.000334233,0.00216723,-0.00354782,0.00269065,0.00516874,0,0,0,-0.000868078,-0.00901882,-0.00553535,0.113377,-0.04525,9.84025,9.841,0,0.132456
0.98,ground hold,-7.91825e-07,0.000294574,-0.00134209,-0.00220351,0,0,1.51273e-05,-1.02021e-05,-4.24618e-09,-0.0105955,0.129405,0.00661624,0.0159979,nan,0.166485,0.16614,0.166439,0.165754,0.167268,0.16614,0.167268,0.166439,0.165754,1,0,0.00229024,0,0.00322342,0.000838851,-0.000797238,0.00395608,0.00631806,0,0,0,0.00496562,-0.00180049,0.00279488,0.0805905,-0.0289689,9.78205,9.78243,0,0.162473
0.99,ground hold,-5.71365e-07,0.000294633,-0.00143977,-0.00224049,0,0,1.90296e-05,-4.02684e-06,-1.80644e-08,-0.0105878,0.129412,0.00677727,0.0162167,nan,0.168184,0.167822,0.168087,0.168088,0.1684,0.167822,0.1684,0.168087,0.168088,1,0,0.00248976,0,0.000125121,0.00109703,-0.000253478,0.00410907,0.0065077,0,0,0,0.00395333,-0.00381708,0.00351517,0.0558023,-0.0493382,9.76961,9.7699,0,0.167043
1,ground hold,-4.61715e-07,0.000294664,-0.00124339,-0.00239043,0,0,5.8359e-06,-2.59381e-06,-1.08024e-08,-0.0105801,0.12942,0.00690869,0.0163878,nan,0.169884,0.169447,0.17002,0.169396,0.170331,0.169447,0.170331,0.17002,0.169396,1,0,0.00248976,0,0.000957678,0.00049153,-0.00066256,0.00392476,0.00693566,0,0,0,0.00628172,0.000267474,-0.00409846,0.0397077,0.000419137,9.84367,9.84375,0,0.169542
1.01,ground hold,-4.10435e-07,0.000294634,-0.000801035,-0.00226455,0,0,3.76607e-06,6.89963e-06,-1.79444e-09,-0.0105723,0.129428,0.00707357,0.0166033,nan,0.171583,0.171699,0.170853,0.172604,0.170835,0.171699,0.170835,0.170853,0.172604,1,0,0.00218366,0,-0.00244969,0.00168322,0.00114928,0.00260844,0.00701285,0,0,0,0.00198243,-0.00150299,0.00208492,-0.0188134,0.0296302,9.81927,9.81933,0,0.153649
1.02,ground hold,-4.65408e-07,0.000294633,-0.000982227,-0.00206681,0,0,-1.51211e-05,-6.37431e-06,5.15038e-09,-0.0105644,0.129436,0.00744194,0.0169618,nan,0.173282,0.173494,0.172886,0.173449,0.172959,0.173494,0.172959,0.172886,0.173449,1,0,0.0020716,0,0.000312428,5.29676e-05,0.000483297,0.00310947,0.00593488,0,0,0,0.00931181,-0.00338868,0.0085669,0.0812165,0.0250982,9.83626,9.83663,0,0.146541
1.03,ground hold,-6.05437e-07,0.000294692,-0.00121059,-0.00221937,0,0,-9.04871e-06,-4.76061e-06,-6.426e-09,-0.0105565,0.129443,0.00761287,0.0172395,nan,0.174981,0.173541,0.17593,0.173896,0.176217,0.173541,0.176217,0.17593,0.173896,1,0,0.00229024,0,-0.000179825,0.00121843,-0.00206988,0.00340971,0.00647937,0,0,0,0.010041,0.00337054,0.00727689,0.0397252,-0.0351684,9.74316,9.7433,0,0.159876
1.04,ground hold,-6.98103e-07,0.0002947,-0.00130456,-0.00203853,0,0,-1.37117e-05,-2.07423e-07,-6.15157e-09,-0.0105486,0.129451,0.00772802,0.0174569,nan,0.17668,0.17613,0.176721,0.176495,0.177034,0.17613,0.177034,0.176721,0.176495,1,0,0.00182698,0,-0.000137127,0.00128504,-0.000496899,0.00362716,0.00603127,0,0,0,0.00167916,-0.00262093,0.000616778,0.0422163,-0.0930566,9.75838,9.75892,0,0.153159
1.05,ground hold,-8.4675e-07,0.000294717,-0.00157004,-0.00195357,0,0,-1.48733e-05,-2.48016e-06,4.70656e-09,-0.0105405,0.129459,0.00790367,0.0176766,nan,0.178379,0.178123,0.177884,0.178343,0.178827,0.178123,0.178827,0.177884,0.178343,1,0,0.00229024,0,0.00191842,0.00220189,-0.000107734,0.00446585,0.00602475,0,0,0,0.00677948,0.00334238,0.0077956,-0.0181429,-0.0752276,9.82471,9.82502,0,0.157111
1.06,ground hold,-9.04857e-07,0.000294755,-0.0016213,-0.00200821,0,0,4.18635e-06,-4.98866e-06,-3.72189e-08,-0.0105325,0.129468,0.00808136,0.0178743,nan,0.180078,0.178881,0.180706,0.179375,0.181011,0.178881,0.181011,0.180706,0.179375,1,0,0.00267443,0,-0.000502154,0.00151248,-0.00152103,0.00481247,0.00630736,0,0,0,0.00941193,-0.00669246,0.00221739,-0.032744,-0.0277126,9.82424,9.82433,0,0.161361
1.07,ground hold,-8.62969e-07,0.000294789,-0.00157739,-0.00206738,0,0,7.3213e-07,-5.41816e-06,1.66496e-11,-0.0105243,0.129476,0.00826103,0.0180711,nan,0.181778,0.181674,0.181655,0.181773,0.181669,0.181674,0.181669,0.181655,0.181773,1,0,0.00229024,0,-0.000224249,0.000215661,5.38302e-05,0.0045004,0.006391,0,0,0,-0.0019791,-0.00347431,0.00617052,-0.0267955,-0.071289,9.89619,9.89649,0,0.162738
1.08,ground hold,-8.61049e-07,0.000294816,-0.00173937,-0.00174159,0,0,3.4438e-06,2.07828e-06,-9.56865e-10,-0.0105161,0.129484,0.00844278,0.0182874,nan,0.183477,0.18285,0.183743,0.18284,0.184134,0.18285,0.184134,0.183743,0.18284,1,0,0.00229024,0,0.00106207,0.000720647,-0.000961415,0.00494072,0.00531256,0,0,0,0.00490453,-0.00448288,0.00263611,-0.0191993,-0.12643,9.82614,9.82697,0,0.153437
1.09,ground hold,-7.65444e-07,0.000294752,-0.00168709,-0.00149755,0,0,1.10839e-05,9.26089e-06,-3.02276e-09,-0.0105079,0.129492,0.00862664,0.018491,nan,0.185176,0.185528,0.184236,0.186117,0.184483,0.185528,0.184483,0.184236,0.186117,1,0,0.00218366,0,-0.000908616,0.00158565,0.00128628,0.00501454,0.00477646,0,0,0,0.00654979,-0.00719987,-0.000355778,-0.0229673,-0.0239838,9.90085,9.90091,0,0.141025
1.1,ground hold,-6.82976e-07,0.000294692,-0.00126564,-0.00173754,0,0,7.62136e-06,7.80164e-06,-2.36341e-09,-0.0104996,0.1295,0.0088063,0.0186695,nan,0.186875,0.186473,0.18696,0.186502,0.187225,0.186473,0.187225,0.18696,0.186502,1,0,0.0020716,0,0.00062524,0.000557423,-0.0005325,0.00350023,0.00519821,0,0,0,0.00213695,-0.00382351,0.0110395,0.0194437,-0.0933116,9.85453,9.85499,0,0.137173
1.11,ground hold,-6.26141e-07,0.000294568,-0.00127718,-0.00156144,0,0,2.41447e-06,1.77334e-05,-6.64092e-10,-0.0104912,0.129509,0.00899377,0.0188384,nan,0.188574,0.188519,0.188168,0.188635,0.188635,0.188519,0.188635,0.188168,0.188635,1,0,0.00195312,0,0.000933359,0.00110343,0.00015422,0.00372159,0.00496577,0,0,0,0.0051058,0.00361988,0.00633086,-0.0374886,-0.03511,9.83645,9.83659,0,0.129089
1.12,ground hold,-6.31943e-07,0.00029438,-0.00160824,-0.00155294,0,0,-6.35868e-06,1.98211e-05,-1.56601e-09,-0.0104828,0.129517,0.00916934,0.0190225,nan,0.190273,0.190692,0.189328,0.191531,0.189202,0.190692,0.189202,0.189328,0.191531,1,0,0.00218366,0,-0.00255942,0.00135034,0.00162258,0.00511545,0.00477095,0,0,0,0.00684501,0.00372864,-0.00354808,-0.000573287,0.025844,9.80753,9.80757,0,0.140336
1.13,ground hold,-7.42735e-07,0.000294261,-0.00136035,-0.00145641,0,0,-8.88131e-06,-6.22439e-07,2.11377e-09,-0.0104743,0.129526,0.00936047,0.0192151,nan,0.191972,0.190882,0.192521,0.191454,0.192692,0.190882,0.192692,0.192521,0.191454,1,0,0.00182698,0,-0.00106239,0.00140821,-0.00126464,0.00411502,0.00466421,0,0,0,0.000148908,-0.00207727,0.00383128,-0.0178674,-0.00960929,9.73018,9.7302,0,0.127027
1.14,ground hold,-8.08391e-07,0.000294294,-0.0013517,-0.00102638,0,0,-1.74384e-06,-2.39902e-06,-2.62533e-09,-0.0104658,0.129534,0.00939697,0.0193486,nan,0.193672,0.193264,0.193645,0.193758,0.19368,0.193264,0.19368,0.193645,0.193758,1,0,0.00169146,0,-0.00121518,0.00100171,-0.000133199,0.00430275,0.00326573,0,0,0,0.00757018,0.00117223,0.00418761,-0.00843682,0.0103719,9.82114,9.82115,0,0.108272
1.15,ground hold,-8.51777e-07,0.000294293,-0.00162322,-0.000718013,0,0,-8.62649e-06,2.88713e-07,2.81767e-09,-0.0104572,0.129543,0.00959146,0.0195596,nan,0.195371,0.194579,0.195461,0.195262,0.195841,0.194579,0.195841,0.195461,0.195262,1,0,0.00154408,0,-0.000803854,0.00201617,-0.000642013,0.00509694,0.00236491,0,0,0,0.0169872,-0.00740506,0.00766261,-0.0882299,0.0706328,9.7648,9.76545,0,0.1096
1.16,ground hold,-9.05832e-07,0.000294285,-0.00162791,-0.000879582,0,0,1.84166e-06,2.94935e-06,6.30383e-09,-0.0104485,0.129551,0.00985164,0.0197681,nan,0.19707,0.19765,0.195986,0.198389,0.195915,0.19765,0.195915,0.195986,0.198389,1,0,0.00195312,0,-0.00215118,0.00126635,0.00181888,0.00520251,0.00264958,0,0,0,0.0136095,-0.0135845,0.0101658,0.00398031,0.0282605,9.87724,9.87728,0,0.114984
1.17,ground hold,-8.88294e-07,0.000294245,-0.00178765,-0.00130222,0,0,5.81796e-06,7.57799e-06,-2.03466e-08,-0.0104398,0.12956,0.0100501,0.0199421,nan,0.198769,0.197173,0.199947,0.197813,0.199803,0.197173,0.199803,0.199947,0.197813,1,0,0.0020716,0,-0.00208013,0.000938511,-0.00209351,0.00564042,0.0037633,0,0,0,0.00658763,-0.00517768,0.000948775,0.0382637,0.0330572,9.74701,9.74714,0,0.137316
1.18,ground hold,-8.4618e-07,0.00029415,-0.00172975,-0.00125104,0,0,3.28814e-06,1.01128e-05,-1.28074e-09,-0.0104311,0.129569,0.0102094,0.0201049,nan,0.200468,0.199696,0.200877,0.199695,0.201265,0.199696,0.201265,0.200877,0.199695,1,0,0.00182698,0,0.00103086,0.000735845,-0.00120917,0.00532796,0.00347364,0,0,0,0.0104851,-0.00390188,0.000633074,0.0758861,0.0115652,9.81505,9.81535,0,0.132887
1.19,ground hold,-7.43241e-07,0.000294071,-0.00159895,-0.0017108,0,0,1.51348e-05,7.24179e-06,2.49409e-08,-0.0104223,0.129578,0.0104113,0.0202769,nan,0.202167,0.201696,0.201698,0.202887,0.202048,0.201696,0.202048,0.201698,0.202887,1,0,0.00218366,0,-0.00222979,0.00291929,0.000367681,0.00509994,0.00510502,0,0,0,0.00260588,-0.00346081,-0.00157721,0.0259808,0.110197,9.74096,9.74162,0,0.146929
1.2,ground hold,-7.49086e-07,0.000294066,-0.00176775,-0.00185314,0,0,-1.12236e-05,-9.95303e-06,9.65418e-09,-0.0104134,0.129587,0.0106148,0.0204222,nan,0.203867,0.203349,0.203719,0.204142,0.203917,0.203349,0.203917,0.203719,0.204142,1,0,0.00229024,0,-0.00157914,0.00187895,-6.38866e-05,0.00520387,0.00527389,0,0,0,0.0043214,-0.00321587,-0.000447833,0.0993186,-0.0479282,9.7765,9.77712,0,0.159354
1.21,ground hold,-8.32782e-07,0.000294246,-0.0019024,-0.0019111,0,0,-1.26256e-06,-2.47187e-05,-2.37679e-08,-0.0104045,0.129596,0.0108196,0.0205507,nan,0.205566,0.204258,0.206309,0.204173,0.207184,0.204258,0.207184,0.206309,0.204173,1,0,0.00248976,0,0.00254671,0.00149811,-0.00222473,0.00543523,0.00582873,0,0,0,0.00593109,-0.00670274,0.00434973,-0.00616001,-0.0850181,9.82329,9.82366,0,0.166871
1.22,ground hold,-7.17925e-07,0.00029449,-0.00164631,-0.00195744,0,0,2.10575e-05,-2.1876e-05,2.46573e-08,-0.0103955,0.129605,0.0110448,0.0206848,nan,0.207265,0.207648,0.206521,0.207683,0.206868,0.207648,0.206868,0.206521,0.207683,1,0,0.00239208,0,0.00082466,0.000723424,0.000853585,0.00465335,0.00595096,0,0,0,0.00217309,-0.00158006,-0.00488841,-0.00334656,-0.0963743,9.79456,9.79504,0,0.15983
1.23,ground hold,-4.91555e-07,0.000294692,-0.00161466,-0.00184433,0,0,2.66059e-05,-1.78384e-05,-9.55907e-09,-0.0103864,0.129614,0.0112523,0.0208255,nan,0.208964,0.207925,0.209081,0.209136,0.209375,0.207925,0.209375,0.209081,0.209136,1,0,0.00239208,0,-0.00243612,0.002852,-0.000612983,0.00467888,0.00577565,0,0,0,0.00383488,-0.00261041,-0.00817733,-0.0465307,-0.0606397,9.81466,9.81496,0,0.153563
1.24,ground hold,-2.80721e-07,0.000294859,-0.00153998,-0.00170158,0,0,9.53735e-06,-7.68411e-06,-6.67044e-09,-0.0103774,0.129623,0.0114612,0.0209723,nan,0.210663,0.209872,0.21107,0.209947,0.211425,0.209872,0.211425,0.21107,0.209947,1,0,0.00195312,0,0.000743987,0.000815012,-0.00117629,0.00452802,0.00537432,0,0,0,0.00666982,-0.00840137,0.0113068,-0.0755939,-0.0483936,9.78131,9.78172,0,0.144481
1.25,ground hold,-2.34984e-07,0.000294851,-0.00172538,-0.0017673,0,0,1.78951e-06,9.11604e-06,-4.03544e-10,-0.0103682,0.129632,0.0116717,0.0211201,nan,0.212362,0.21126,0.212844,0.211763,0.213242,0.21126,0.213242,0.212844,0.211763,1,0,0.00229024,0,-0.000277991,0.001707,-0.00134611,0.00488417,0.00522382,0,0,0,3.14872e-05,-0.00619302,0.00453474,0.0401961,-0.114127,9.79844,9.79919,0,0.154074
1.26,ground hold,-2.30039e-07,0.000294785,-0.00151489,-0.00163137,0,0,-2.52791e-06,2.68987e-06,1.4125e-09,-0.010359,0.129641,0.0118836,0.0212712,nan,0.214062,0.212884,0.21485,0.21332,0.214853,0.212884,0.214853,0.21485,0.21332,1,0,0.00195312,0,-0.00114653,0.000830244,-0.00153772,0.00481688,0.00503257,0,0,0,0.00624569,-0.00410391,0.00999362,0.000217525,0.0137068,9.76421,9.76422,0,0.140423
1.27,ground hold,-2.68198e-07,0.0002948,-0.00111785,-0.00154406,0,0,1.11657e-06,-3.74586e-06,6.52747e-09,-0.0103498,0.12965,0.012097,0.0214272,nan,0.215761,0.214064,0.216641,0.21503,0.216968,0.214064,0.216968,0.216641,0.21503,1,0,0.00154408,0,-0.00169304,0.00245092,-0.00198415,0.00360863,0.00444141,0,0,0,0.00889902,-0.00875275,-0.000160089,0.0847081,0.0835695,9.85441,9.85513,0,0.123314
1.28,ground hold,-3.19491e-07,0.000294904,-0.00083644,-0.00177601,0,0,-1.78847e-05,-1.65975e-05,2.52002e-08,-0.0103405,0.12966,0.0123121,0.0216081,nan,0.21746,0.217826,0.216845,0.218119,0.21671,0.217826,0.21671,0.216845,0.218119,1,0,0.00119604,0,-0.00113446,0.000298647,0.00105039,0.00266262,0.00507696,0,0,0,0.00838049,0.00925069,-0.00758903,0.060581,0.0144947,9.89686,9.89706,0,0.127978
1.29,ground hold,-5.15482e-07,0.000295085,-0.000738265,-0.00188474,0,0,-1.87359e-05,-1.63789e-05,1.40571e-09,-0.0103311,0.129669,0.0125291,0.0218033,nan,0.219159,0.219615,0.218218,0.220107,0.218357,0.219615,0.218357,0.218218,0.220107,1,0,0.00182698,0,-0.000933763,0.00119453,0.00138312,0.00248001,0.00550259,0,0,0,0.00245927,-0.00309618,-0.00312473,0.0948173,0.128728,9.77263,9.77394,0,0.131869
1.3,ground hold,-7.66366e-07,0.000295218,-0.000808474,-0.0024848,0,0,-3.08548e-05,-1.54564e-05,9.2575e-09,-0.0103217,0.129678,0.0127658,0.0219988,nan,0.220858,0.220235,0.221204,0.220142,0.221514,0.220235,0.221514,0.221204,0.220142,1,0,0.00229024,0,0.00107058,0.000410094,-0.00102876,0.0021724,0.00731529,0,0,0,0.0128156,-0.00875438,-0.011375,0.0573767,-0.079657,9.75977,9.76027,0,0.165883
1.31,ground hold,-9.5533e-07,0.00029536,-0.000733247,-0.00190328,0,0,-5.7382e-06,-1.46747e-05,-7.69585e-09,-0.0103122,0.129688,0.0129867,0.0221777,nan,0.222558,0.221475,0.223257,0.22145,0.223709,0.221475,0.223709,0.223257,0.22145,1,0,0.00182698,0,0.00126532,0.000811053,-0.00177595,0.00229538,0.00598658,0,0,0,0.00193344,-0.00571008,0.00412174,-0.0481348,0.0145064,9.82691,9.82704,0,0.132791
1.32,ground hold,-9.97266e-07,0.000295479,-0.000891782,-0.00159444,0,0,-8.98188e-06,-8.49541e-06,8.61975e-09,-0.0103027,0.129697,0.0131904,0.0223482,nan,0.224257,0.223073,0.224888,0.223472,0.225254,0.223073,0.225254,0.224888,0.223472,1,0,0.00138107,0,-8.70405e-05,0.00145044,-0.00158113,0.00248335,0.00498833,0,0,0,0.00379026,-0.01375,-0.00315026,-0.0318481,-0.0503976,9.84772,9.8479,0,0.119729
1.33,ground hold,-1.09537e-06,0.000295516,-0.000968388,-0.00182988,0,0,-1.21622e-05,2.20269e-06,4.44479e-09,-0.0102931,0.129707,0.0134147,0.0225172,nan,0.225956,0.224938,0.226413,0.225382,0.226752,0.224938,0.226752,0.226413,0.225382,1,0,0.00182698,0,-0.000279991,0.00148527,-0.00125041,0.00281485,0.00521372,0,0,0,0.0129508,0.0022005,0.00709079,0.0550383,-0.0241196,9.75917,9.75935,0,0.133814
1.34,ground hold,-1.20094e-06,0.000295511,-0.000836178,-0.0017892,0,0,-1.15953e-05,-3.4917e-06,4.30195e-09,-0.0102835,0.129716,0.0137897,0.022776,nan,0.227655,0.227894,0.226836,0.229023,0.226529,0.227894,0.226529,0.226836,0.229023,1,0,0.00154408,0,-0.00381,0.00155686,0.0015605,0.00264308,0.00508548,0,0,0,0.0175822,-0.0015394,0.000160417,0.0390331,-5.07436e-05,9.85465,9.85472,0,0.128687
1.35,ground hold,-1.38651e-06,0.000295618,-0.00119394,-0.0018577,0,0,-1.68509e-05,-2.46365e-05,1.6658e-08,-0.0102739,0.129726,0.0140184,0.0229809,nan,0.229355,0.229233,0.229001,0.230289,0.228555,0.229233,0.228555,0.229001,0.230289,1,0,0.00182698,0,-0.00398197,0.0011553,0.000863881,0.00387843,0.00562533,0,0,0,0.000553967,0.00136015,0.001665,0.00431973,0.070371,9.81845,9.8187,0,0.141057
1.36,ground hold,-1.50166e-06,0.000295936,-0.00113604,-0.00170579,0,0,1.72586e-06,-2.91566e-05,-1.36112e-08,-0.0102641,0.129736,0.014334,0.0232458,nan,0.231054,0.231466,0.230331,0.231313,0.230766,0.231466,0.230766,0.230331,0.231313,1,0,0.00195312,0,0.00156017,0.000533655,0.000739278,0.00348889,0.0054161,0,0,0,0.00852326,0.0043584,0.0106561,-0.017151,-0.00326015,9.76517,9.76519,0,0.131855
1.37,ground hold,-1.43019e-06,0.000296155,-0.00132989,-0.00193219,0,0,4.17486e-06,-2.22815e-05,-8.50156e-09,-0.0102544,0.129746,0.0145675,0.0234595,nan,0.232753,0.232216,0.232969,0.232474,0.233013,0.232216,0.233013,0.232969,0.232474,1,0,0.0020716,0,-0.000568163,0.000572145,-0.000567724,0.00372679,0.00591035,0,0,0,0.00353119,-0.013811,0.00270545,-0.024487,-0.0996008,9.82183,9.82237,0,0.148666
1.38,ground hold,-1.36612e-06,0.000296332,-0.00166624,-0.00232253,0,0,4.8646e-06,-1.65771e-05,-1.42348e-09,-0.0102445,0.129755,0.0145606,0.0235311,nan,0.234452,0.233506,0.234865,0.234566,0.234533,0.233506,0.234533,0.234865,0.234566,1,0,0.00276214,0,-0.0036922,0.00137949,-0.000583322,0.00470806,0.00692724,0,0,0,0.00482011,-0.00348552,-0.0150908,0.030326,-0.0801558,9.83289,9.83326,0,0.17783
1.39,ground hold,-1.38829e-06,0.00029649,-0.00170049,-0.00246458,0,0,2.882e-06,-1.56858e-05,6.22939e-09,-0.0102347,0.129765,0.0147967,0.023712,nan,0.236152,0.234789,0.236891,0.235191,0.237395,0.234789,0.237395,0.236891,0.235191,1,0,0.00284714,0,0.000271848,0.00171786,-0.00189256,0.00513351,0.0076834,0,0,0,0.00670718,-0.00635839,0.00252945,-0.144826,-0.00442399,9.90161,9.90267,0,0.185777
1.4,ground hold,-1.30336e-06,0.00029661,-0.00130158,-0.00255307,0,0,7.11061e-06,-8.99483e-06,-1.52578e-08,-0.0102248,0.129775,0.0151498,0.0239665,nan,0.237851,0.236584,0.238368,0.237769,0.238343,0.236584,0.238343,0.238368,0.237769,1,0,0.00267443,0,-0.00321201,0.00219713,-0.00103673,0.00416798,0.00779893,0,0,0,0.000692115,-0.00404046,0.000187066,-0.0271655,0.0811216,9.81707,9.81744,0,0.179489
1.41,ground hold,-1.30169e-06,0.000296716,-0.001225,-0.00265265,0,0,5.8325e-07,2.59875e-06,-2.53819e-05,-0.0102148,0.129785,0.0153904,0.0241558,nan,0.23955,0.238898,0.239651,0.239514,0.239798,0.238898,0.239798,0.239651,0.239514,1,0,0.00267443,0,-0.00124315,0.00144512,-0.0004552,0.00379583,0.00768261,0,0,0,0.00820661,0.0029097,-0.00336098,0.14829,0.0351719,9.89888,9.90005,0,0.182973
1.42,ground hold,-1.36915e-06,0.000296895,-0.000751103,-0.00249708,0,0,-1.2518e-05,-1.35545e-05,1.6062e-09,-0.0102048,0.129795,0.0155566,0.0242884,nan,0.241249,0.24053,0.241593,0.240529,0.242006,0.24053,0.242006,0.241593,0.240529,1,0,0.00239208,0,0.00109696,0.00077976,-0.00111612,0.0020123,0.00731587,0,0,0,0.00156118,4.9092e-05,-0.000727462,0.0597074,-0.0563352,9.76537,9.76571,0,0.16576
1.43,ground hold,-1.40245e-06,0.000296942,-0.000897625,-0.00256259,0,0,3.87663e-06,3.98986e-06,-1.73853e-09,-0.0101947,0.129805,0.0158002,0.0244361,nan,0.242949,0.243419,0.241498,0.244248,0.24229,0.243419,0.24229,0.241498,0.244248,1,0,0.00248976,0,-9.60376e-05,0.00307132,0.00170523,0.00247506,0.00748888,0,0,0,0.0104334,-0.00699435,-0.00265913,0.0734987,-0.0686806,9.87601,9.87652,0,0.171713
1.44,ground hold,-1.35531e-06,0.000296973,-0.00101729,-0.00253968,0,0,6.47081e-07,-1.46475e-05,-5.44046e-10,-0.0101846,0.129815,0.0160454,0.0246147,nan,0.244648,0.245251,0.243575,0.245766,0.243659,0.245251,0.243659,0.243575,0.245766,1,0,0.00258374,0,-0.00114359,0.0011351,0.0016625,0.00276344,0.00768081,0,0,0,0.00177085,-0.00708288,-0.00955339,-0.00603593,-0.135075,9.88228,9.8832,0,0.172654
1.45,ground hold,-1.37107e-06,0.000297058,-0.00114407,-0.0022652,0,0,-4.24306e-06,2.3139e-05,6.60101e-05,-0.0101744,0.129826,0.0162925,0.0248172,nan,0.246347,0.246073,0.246066,0.24606,0.24685,0.246073,0.24685,0.246066,0.24606,1,0,0.00229024,0,0.00211595,0.00146272,-0.000344146,0.00333042,0.00707126,0,0,0,0.0152506,0.00185259,0.000236286,-0.0388339,-0.0392036,9.81606,9.81621,0,0.160765
1.46,ground hold,-1.33623e-06,0.000297237,-0.000586662,-0.00202662,0,0,3.28085e-06,-4.8332e-06,-3.2739e-06,-0.0101642,0.129836,0.0166188,0.025045,nan,0.248046,0.247288,0.248201,0.247711,0.248646,0.247288,0.248646,0.248201,0.247711,1,0,0.00169146,0,6.30476e-05,0.00164484,-0.000812222,0.00203125,0.00595214,0,0,0,0.00100043,0.0023649,-0.0027879,0.0515484,0.0592375,9.82244,9.82276,0,0.137318
1.47,ground hold,-1.36867e-06,0.000297271,-0.000247972,-0.00182895,0,0,-1.4588e-05,-9.20696e-06,3.00878e-09,-0.010154,0.129846,0.0168701,0.0252248,nan,0.249746,0.248812,0.250822,0.248822,0.250187,0.248812,0.250187,0.250822,0.248822,1,0,0.00119604,0,-0.00171271,-0.00118369,-0.00148339,0.000651771,0.00519877,0,0,0,0.00535459,-0.00353011,-0.0101495,0.117488,-0.0377248,9.8495,9.85028,0,0.122646
1.48,ground hold,-1.5084e-06,0.000297288,-0.00040448,-0.00211385,0,0,-1.65504e-05,-4.50562e-06,1.73522e-08,-0.0101436,0.129856,0.0170562,0.0253804,nan,0.251445,0.25188,0.250517,0.252251,0.250792,0.25188,0.250792,0.250517,0.252251,1,0,0.00182698,0,-0.000253679,0.00122511,0.00124033,0.00109921,0.00606148,0,0,0,0.00676893,-0.00470675,-0.00434718,0.138528,-0.0576777,9.82969,9.83083,0,0.140072
1.49,ground hold,-1.6505e-06,0.000297289,-0.000760475,-0.00208669,0,0,-1.90213e-05,-1.67285e-06,4.17261e-05,-0.0101333,0.129867,0.017311,0.0255803,nan,0.253144,0.252804,0.252777,0.253301,0.253355,0.252804,0.253355,0.252777,0.253301,1,0,0.00218366,0,0.000214379,0.00203673,-1.22387e-05,0.00200742,0.00635939,0,0,0,0.00318966,-0.00767048,0.0010149,-0.0249873,-0.122029,9.85623,9.85702,0,0.143361
1.5,ground hold,-1.86305e-06,0.000297522,-0.000610776,-0.00171075,0,0,-1.66064e-05,-7.05117e-06,-1.76854e-08,-0.0101229,0.129877,0.0176463,0.0258033,nan,0.254844,0.254497,0.254737,0.255003,0.254798,0.254497,0.254798,0.254737,0.255003,1,0,0.00154408,0,-0.00117841,0.00107529,-1.56119e-05,0.00208096,0.00531946,0,0,0,0.00957038,-0.00012849,-0.00770897,-0.0272245,0.0488901,9.7578,9.75796,0,0.120254
1.51,ground hold,-2.02136e-06,0.000297474,-0.000286389,-0.00153964,0,0,-8.88647e-06,5.12318e-05,0.000206684,-0.0101124,0.129888,0.0179052,0.0259885,nan,0.256543,0.256238,0.256553,0.256367,0.256674,0.256238,0.256674,0.256553,0.256367,1,0,0.000976562,0,-2.11148e-05,0.000475355,-0.00027373,0.0011654,0.00457927,0,0,0,0.00551397,-0.00314275,-0.00369194,0.0226525,0.0611003,9.85346,9.85367,0,0.106521
1.52,ground hold,-2.03306e-06,0.000297136,-0.000709377,-0.0016363,0,0,1.1275e-07,3.73222e-05,0.000297038,-0.0101019,0.129898,0.018166,0.0261719,nan,0.258242,0.258097,0.25783,0.258604,0.258098,0.258097,0.258098,0.25783,0.258604,1,0,0.00154408,0,-0.000634028,0.0014703,0.000339393,0.00200086,0.00463366,0,0,0,0.0096643,-0.00722863,9.86452e-05,0.0906049,-0.0469946,9.854,9.85453,0,0.117976
1.53,ground hold,-2.13165e-06,0.000297305,-0.001312,-0.00150254,0,0,-1.80213e-05,7.12315e-05,-0.000161534,-0.0100914,0.129909,0.0184284,0.0263237,nan,0.259942,0.259512,0.259563,0.260179,0.260172,0.259512,0.260172,0.259563,0.260179,1,0,0.00169146,0,-0.000154282,0.00241703,-1.92891e-05,0.00374584,0.00474977,0,0,0,0.000643094,0.00725984,0.00429946,-0.0826351,-0.0934609,9.84257,9.84336,0,0.127573
1.54,ground hold,-2.21923e-06,0.000297052,-0.00164529,-0.0016095,0,0,1.12197e-06,4.77874e-05,0.000337585,-0.0100808,0.129919,0.0184807,0.0263665,nan,0.261641,0.259572,0.262924,0.260182,0.263546,0.259572,0.263546,0.262924,0.260182,1,0,0.0020716,0,2.97662e-05,0.00233614,-0.00295146,0.00482345,0.0051037,0,0,0,0.00363522,-0.000447478,0.000741705,-0.0843675,-0.0589776,9.82427,9.8248,0,0.14424
1.55,ground hold,-2.15091e-06,0.000296635,-0.00180388,-0.00179402,0,0,-2.76879e-06,-1.5143e-05,0.000237697,-0.0100702,0.12993,0.018745,0.0264917,nan,0.26334,0.261853,0.264342,0.26223,0.264595,0.261853,0.264595,0.264342,0.26223,1,0,0.00229024,0,-0.000327291,0.00119544,-0.00213339,0.00569715,0.00521776,0,0,0,0.017382,-0.00913529,0.00461089,0.0857063,0.0995414,9.82658,9.82745,0,0.158166
1.56,ground hold,-1.7186e-06,0.000311213,-0.00145552,-0.0020798,0,0,0.000186378,-0.00403618,0.000623505,-0.0100579,0.129942,0.0191118,0.0267046,nan,0.264982,0.264554,0.265234,0.264632,0.265188,0.264554,0.265188,0.265234,0.264632,1,0,0.00229024,0,-0.000325054,5.97299e-05,-0.000543039,0.00459999,0.00604047,0,0,0,0.00464964,-0.00144897,-0.000127521,0.109108,0.0874029,9.91251,9.91349,0,0.16036
1.57,ground hold,-1.60466e-06,0.000394475,-0.00160015,-0.00205298,0,0,3.05443e-05,-0.0140905,0.00048822,-0.0100378,0.129962,0.0193801,0.026999,nan,0.266515,0.265578,0.267532,0.265317,0.267336,0.265578,0.267336,0.267532,0.265317,1,0,0.00239208,0,0.00017168,-0.00086693,-0.00174581,0.00452402,0.00607191,0,0,0,0.00463593,0.0076649,0.00611502,0.043365,-0.081799,9.94752,9.94795,0,0.167529
1.58,ground hold,-8.94396e-07,0.000605606,-0.00154176,-0.00201147,0,0,6.37583e-05,-0.0298635,0.000817816,-0.0100026,0.129997,0.0197967,0.027601,nan,0.267937,0.267034,0.268928,0.266855,0.268657,0.267034,0.268657,0.268928,0.266855,1,0,0.00248976,0,-0.000244211,-0.000853412,-0.00162483,0.0043815,0.00623333,0,0,0,0.00276847,0.0200504,-0.00887956,-0.0321597,-0.092657,10.0704,10.0709,0,0.174064
1.59,ground hold,-7.60036e-07,0.00100093,-0.00168053,-0.001597,0,0,-0.000120605,-0.0511608,0.000513676,-0.00994488,0.130055,0.0200766,0.0284764,nan,0.269253,0.269112,0.270435,0.268151,0.269061,0.269112,0.269061,0.270435,0.268151,1,0,0.00182698,0,-0.00109438,-0.00442614,-0.000981505,0.0047478,0.00486087,0,0,0,0.00416574,0.0464695,0.0102246,0.0162482,-0.0942039,10.0518,10.0522,0,0.177355
1.6,ground hold,-1.04069e-06,0.00163433,-0.00179118,-0.000493378,0,0,-1.82697e-05,-0.07767,0.00105212,-0.00985789,0.130142,0.020367,0.0297495,nan,0.27047,0.270172,0.272624,0.268303,0.270547,0.270172,0.270547,0.272624,0.268303,1,0,0.00182698,0,-0.000552256,-0.00747679,-0.00206422,0.00557989,0.0013638,0,0,0,0.00717506,0.0741035,-0.00762543,0.0592966,0.02833,10.0659,10.0661,0,0.159512
1.61,ground hold,-1.15117e-06,0.00255619,-0.00187481,0.000360644,0,0,-6.51354e-05,-0.109059,0.000736854,-0.00973529,0.130265,0.0206724,0.0315013,nan,0.271595,0.272583,0.273829,0.26911,0.270642,0.272583,0.270642,0.273829,0.26911,1,0,0.00182698,0,0.000759688,-0.0126206,-0.00122099,0.0058761,-0.00106706,0,0,0,-0.00302643,0.113963,-0.00327257,0.0463159,0.0618936,10.2884,10.2887,0,0.165687
1.62,ground hold,-1.61333e-06,0.00381346,-0.00153072,0.000999885,0,0,1.39214e-05,-0.144897,0.00113387,-0.00957127,0.130429,0.0209977,0.033752,nan,0.272637,0.274984,0.274957,0.26988,0.270527,0.274984,0.270527,0.274957,0.26988,1,0,0.00195312,0,0.0017909,-0.0180647,-0.000272593,0.00479848,-0.00299485,0,0,0,-0.00127154,0.147177,0.00102465,0.080812,0.0713026,10.387,10.3875,0,0.18382
1.63,ground hold,-1.60532e-06,0.00544829,-0.00164597,0.00178041,0,0,-1.47838e-05,-0.184676,0.00109135,-0.00936064,0.130639,0.021348,0.036532,nan,0.273606,0.276213,0.276152,0.270837,0.271035,0.276213,0.271035,0.276152,0.270837,1,0,0.0020716,0,0.000688313,-0.0198822,-6.06596e-05,0.0048391,-0.0053469,0,0,0,0.00327043,0.183854,0.0154953,0.0569409,-0.0443039,10.2706,10.2708,0,0.230734
1.64,ground hold,-1.97594e-06,0.00749846,-0.00126266,0.00334938,0,0,-3.52666e-05,-0.228081,0.0012498,-0.00909893,0.130901,0.0218866,0.0398684,nan,0.274512,0.278278,0.277549,0.271047,0.271,0.278278,0.271,0.277549,0.271047,1,0,0.00352105,0,0.00180897,-0.0261112,0.00034116,0.00400378,-0.00989924,0,0,0,-0.0131916,0.223102,0.00874556,0.00844096,0.0403265,10.3944,10.3945,0,0.248879
1.65,ground hold,-2.31013e-06,0.00999747,-0.00129713,0.0050672,0,0,-0.000104824,-0.27415,0.00122052,-0.00878224,0.131218,0.0223026,0.0436012,nan,0.275361,0.278897,0.280366,0.270273,0.271747,0.278897,0.271747,0.280366,0.270273,1,0,0.00516748,0,1.08725e-05,-0.0326729,-0.00129366,0.00366807,-0.0150106,0,0,0,0.00194196,0.258794,-0.0109394,0.017951,-0.0939231,10.5368,10.5373,0,0.29256
1.66,ground hold,-5.05911e-06,0.0129461,-0.00128313,0.00670308,0,0,-0.000434693,-0.316844,0.00133017,-0.00840541,0.131595,0.0227636,0.0478521,nan,0.276111,0.281194,0.280905,0.271453,0.270752,0.281194,0.270752,0.280905,0.271453,1,0,0.00655098,0,-0.00109142,-0.0376934,0.000434864,0.00355254,-0.0196639,0,0,0,0.00164377,0.310138,0.00889252,-0.0646446,-0.0774522,10.5231,10.5236,0,0.365632
1.67,ground hold,-1.12776e-05,0.0162962,-0.00150956,0.0086577,0,0,-0.000805396,-0.354085,0.00164434,-0.00796119,0.132039,0.0232644,0.0526386,nan,0.276751,0.282602,0.282608,0.270391,0.271287,0.282602,0.271287,0.282608,0.270391,1,0,0.00848543,0,0.00236035,-0.0445862,-0.000396526,0.00422304,-0.0254657,0,0,0,-0.0039978,0.349196,0.0035491,-0.0838569,-0.122147,10.5716,10.5727,0,0.446617
1.68,ground hold,-2.1094e-05,0.0199905,-0.00154177,0.0106108,0,0,-0.0010845,-0.385368,0.00210973,-0.00744263,0.132557,0.0239111,0.0580261,nan,0.277292,0.283284,0.283524,0.270992,0.271268,0.283284,0.271268,0.283524,0.270992,1,0,0.0105406,0,9.71576e-05,-0.0465134,-0.000226451,0.00438352,-0.0314508,0,0,0,-0.00461975,0.378946,-0.00551244,-0.0279559,-0.120775,10.6663,10.6671,0,0.545087
1.69,ground hold,-3.35743e-05,0.02397,-0.0014288,0.0128222,0,0,-0.00132609,-0.410861,0.00253174,-0.00684334,0.133157,0.0245187,0.0638852,nan,0.27774,0.283857,0.284977,0.270671,0.271375,0.283857,0.271375,0.284977,0.270671,1,0,0.0127702,0,-0.00110567,-0.0507586,-0.000801729,0.00432538,-0.0381434,0,0,0,0.00252274,0.413942,0.00730177,0.0163536,0.00264287,10.7085,10.7085,0,0.644321
1.7,ground hold,-4.8588e-05,0.0281776,-0.00164669,0.015166,0,0,-0.00155529,-0.430721,0.00234022,-0.0061575,0.133842,0.0251875,0.0702857,nan,0.278105,0.285321,0.28461,0.270926,0.271499,0.285321,0.271499,0.28461,0.270926,1,0,0.0150815,0,0.00340662,-0.0521186,6.08569e-05,0.00479805,-0.0451183,0,0,0,0.0106852,0.423025,0.00227792,-0.0625412,-0.0780731,10.717,10.7175,0,0.751831
1.71,ground hold,-6.55972e-05,0.032558,-0.00153599,0.0175533,0,0,-0.00168865,-0.44518,0.00224345,-0.00537992,0.13462,0.0259229,0.0772266,nan,0.278396,0.285611,0.285963,0.270983,0.270977,0.285611,0.270977,0.285963,0.270983,1,0,0.0174966,0,-0.000949556,-0.0561128,-0.000152088,0.00455483,-0.0523125,0,0,0,-0.00358955,0.428626,-0.00287693,0.0160811,-0.0493117,10.8889,10.889,0,0.864504
1.72,ground hold,-8.34854e-05,0.0370579,-0.00153078,0.0200597,0,0,-0.00172911,-0.454435,0.0020981,-0.00450596,0.135494,0.0269308,0.0848112,nan,0.278622,0.285284,0.286931,0.27052,0.271715,0.285284,0.271715,0.286931,0.27052,1,0,0.019954,0,-0.0011981,-0.0568074,-0.0012491,0.00457258,-0.0598117,0,0,0,0.008052,0.443106,0.00872993,0.0188342,-0.0414263,10.8887,10.8888,0,0.978131
1.73,ground hold,-0.00010147,0.0416278,-0.00168077,0.0227139,0,0,-0.00168706,-0.459039,0.00191785,-0.00353159,0.136468,0.0278165,0.0928127,nan,0.278791,0.286297,0.286638,0.270609,0.271592,0.286297,0.271592,0.286638,0.270609,1,0,0.0225881,0,0.00170412,-0.0582337,-0.000581808,0.00482607,-0.0676759,0,0,0,-0.00182718,0.450517,0.0106101,-0.11525,-0.148289,10.865,10.8666,0,1.08821
1.74,ground hold,-0.0001188,0.0462239,-0.00167341,0.0253272,0,0,-0.00157101,-0.459564,0.00228615,-0.00245332,0.137547,0.0288282,0.101305,nan,0.278912,0.288448,0.285087,0.272484,0.269607,0.288448,0.269607,0.285087,0.272484,1,0,0.0252496,0,0.00128237,-0.0595804,0.00274217,0.00493567,-0.0755909,0,0,0,0.00131823,0.450919,-0.00596949,-0.0614958,-0.0806512,10.863,10.8634,0,1.20135
1.75,ground hold,-0.000134959,0.0508076,-0.00155536,0.0279274,0,0,-0.00148871,-0.45646,0.00154176,-0.00126821,0.138732,0.0298832,0.110187,nan,0.278991,0.286592,0.287808,0.270171,0.271382,0.286592,0.271382,0.287808,0.270171,1,0,0.0278194,0,-1.38185e-05,-0.0622377,-0.00106648,0.00459514,-0.0833893,0,0,0,0.0037535,0.453684,-0.00437585,-0.00226662,-0.094402,10.9056,10.906,0,1.31417
1.76,ground hold,-0.000150519,0.0553443,-0.00144525,0.0304396,0,0,-0.00142091,-0.450061,0.00230592,2.61997e-05,0.140026,0.0310957,0.119491,nan,0.279037,0.287484,0.286406,0.271771,0.270481,0.287484,0.270481,0.286406,0.271771,1,0,0.0303367,0,-0.000564338,-0.0599483,0.00104081,0.00429517,-0.0909465,0,0,0,0.00127901,0.443978,-0.00198614,0.0283574,-0.0655707,11.0047,11.005,0,1.42952
1.77,ground hold,-0.00016612,0.0598038,-0.00139839,0.0329109,0,0,-0.00143565,-0.441006,0.00169991,0.00143191,0.141432,0.0323361,0.129131,nan,0.279056,0.288036,0.286432,0.271618,0.270136,0.288036,0.270136,0.286432,0.271618,1,0,0.032828,0,0.000320789,-0.0619863,0.0013563,0.0041296,-0.0983678,0,0,0,0.00562397,0.434338,-0.00112288,0.00412132,-0.105337,10.9665,10.967,0,1.54311
1.78,ground hold,-0.000181392,0.0641619,-0.00131303,0.0352692,0,0,-0.00142493,-0.429723,0.00175958,0.00295051,0.142951,0.0337732,0.139142,nan,0.279053,0.287227,0.287109,0.270827,0.271053,0.287227,0.271053,0.287109,0.270827,1,0,0.0351838,0,0.000912956,-0.0614986,-4.69829e-05,0.00394122,-0.105466,0,0,0,-6.73886e-05,0.424284,-0.00555727,0.0355967,-0.00829109,11.0091,11.0092,0,1.6573
1.79,ground hold,-0.000196823,0.0683988,-0.00126547,0.0374851,0,0,-0.00140697,-0.416792,0.00250876,0.00458321,0.144583,0.0352131,0.1494,nan,0.279035,0.286561,0.287895,0.269974,0.271716,0.286561,0.271716,0.287895,0.269974,1,0,0.0373852,0,0.0010834,-0.0620844,-0.00135167,0.0037907,-0.112133,0,0,0,0.000943658,0.410415,0.0058172,0.0851548,-0.0226513,10.8803,10.8807,0,1.77286
1.8,ground hold,-0.000212954,0.0725003,-0.00120674,0.0395628,0,0,-0.00137183,-0.402651,0.00292039,0.0063309,0.146331,0.0365559,0.159823,nan,0.279006,0.288171,0.285608,0.272468,0.269783,0.288171,0.269783,0.285608,0.272468,1,0,0.039476,0,-0.000323853,-0.0597369,0.00230677,0.00359641,-0.118378,0,0,0,0.00497174,0.400859,-0.000357555,0.106289,-0.0659511,11.0198,11.0205,0,1.88859
1.81,ground hold,-0.000228095,0.0764562,-0.00131326,0.0415463,0,0,-0.00134928,-0.387663,0.00222022,0.00819417,0.148194,0.0382051,0.170592,nan,0.278969,0.286725,0.286724,0.271036,0.271399,0.286725,0.271399,0.286724,0.271036,1,0,0.0414558,0,0.000962997,-0.0587657,-0.000159142,0.00400193,-0.124322,0,0,0,0.00183775,0.40059,-0.00615308,0.0752785,0.0990345,11.1134,11.1141,0,2.00175
1.82,ground hold,-0.000243077,0.0802597,-0.00128231,0.0433284,0,0,-0.0012936,-0.372237,0.00174289,0.0101734,0.150173,0.0401601,0.181684,nan,0.278929,0.28625,0.28663,0.271386,0.271457,0.28625,0.271457,0.28663,0.271386,1,0,0.0432627,0,-0.000818008,-0.0569129,-0.000198718,0.00389413,-0.129715,0,0,0,0.00673897,0.371321,0.0094671,0.0898497,0.060326,11.0139,11.0144,0,2.11742
1.83,ground hold,-0.000257508,0.0839087,-0.00132005,0.0449721,0,0,-0.00122131,-0.356807,0.00279911,0.0122687,0.152269,0.04203,0.192868,nan,0.278887,0.286069,0.286527,0.271746,0.271215,0.286069,0.271215,0.286527,0.271746,1,0,0.044891,0,-0.0026221,-0.0561518,3.20529e-05,0.00401808,-0.134653,0,0,0,0.0029816,0.364119,0.000442816,0.063553,0.0925982,11.0694,11.0699,0,2.23234
1.84,ground hold,-0.00027151,0.0874044,-0.00122129,0.0464492,0,0,-0.00114066,-0.341638,0.00218289,0.01448,0.15448,0.0440124,0.204207,nan,0.278847,0.285176,0.287333,0.270413,0.272473,0.285176,0.272473,0.287333,0.270413,1,0,0.0463698,0,-0.000255787,-0.0561307,-0.00185372,0.00377199,-0.139115,0,0,0,0.0189757,0.338791,0.00427073,-0.0985885,0.103781,11.003,11.0039,0,2.34774
1.85,ground hold,-0.000285807,0.0907507,-0.00117148,0.047788,0,0,-0.00122719,-0.326978,0.00283018,0.0168072,0.156807,0.0461088,0.215663,nan,0.27881,0.286031,0.285726,0.271885,0.271607,0.286031,0.271607,0.285726,0.271885,1,0,0.047743,0,7.13051e-05,-0.0535555,0.000256019,0.00350696,-0.143171,0,0,0,0.0154614,0.318671,-0.00138,0.0118632,-0.0623477,10.9979,10.9981,0,2.46263
1.86,ground hold,-0.000301393,0.0939534,-0.00111878,0.0489687,0,0,-0.00135493,-0.313,0.00220873,0.0192501,0.15925,0.0482929,0.227212,nan,0.278779,0.285357,0.286258,0.271079,0.272427,0.285357,0.272427,0.286258,0.271079,1,0,0.048922,0,0.00118497,-0.0532609,-0.000988366,0.00338612,-0.146746,0,0,0,0.0176726,0.296542,-0.00158363,-0.0297968,-0.00146714,11.0063,11.0064,0,2.57835
1.87,ground hold,-0.000317269,0.0970199,-0.0011191,0.0500176,0,0,-0.00144733,-0.299774,0.00186959,0.0218081,0.161808,0.0506203,0.238854,nan,0.278752,0.286248,0.285047,0.272033,0.271687,0.286248,0.271687,0.285047,0.272033,1,0,0.049978,0,0.00227029,-0.0522492,0.00068013,0.00339737,-0.149898,0,0,0,0.00605406,0.291478,0.00759891,-0.0369114,0.045606,11.0559,11.056,0,2.69392
1.88,ground hold,-0.000333612,0.0999583,-0.00102851,0.0509518,0,0,-0.00147834,-0.287447,0.00164466,0.0244811,0.164481,0.0528813,0.250467,nan,0.278733,0.285127,0.28597,0.271709,0.27213,0.285127,0.27213,0.28597,0.271709,1,0,0.0509139,0,-0.00111913,-0.0516486,-0.000555574,0.00309091,-0.152703,0,0,0,0.00172463,0.290542,0.00345225,0.0126481,-0.000748384,11.0738,11.0738,0,2.80859
1.89,ground hold,-0.000351237,0.102778,-0.00103278,0.0517604,0,0,-0.00163645,-0.276126,0.00271546,0.0272684,0.167268,0.0554418,0.262214,nan,0.278721,0.284717,0.286117,0.271567,0.272482,0.284717,0.272482,0.286117,0.271567,1,0,0.0517316,0,-0.00128687,-0.0507532,-0.00101738,0.00304251,-0.155162,0,0,0,0.00744361,0.263644,-0.0113851,0.00382499,-0.133866,10.9722,10.973,0,2.9238
1.9,ground hold,-0.000371514,0.10549,-0.000982904,0.0524671,0,0,-0.00181605,-0.265828,0.00239217,0.0301695,0.17017,0.0578741,0.273877,nan,0.278716,0.285088,0.285284,0.272431,0.272059,0.285088,0.272059,0.285284,0.272431,1,0,0.0524503,0,-0.00150541,-0.0490399,7.7489e-05,0.00292287,-0.157308,0,0,0,-0.000729865,0.249769,0.00478702,-0.0258838,-0.0516693,11.0588,11.0589,0,3.03857
1.91,ground hold,-0.000392947,0.108103,-0.000972293,0.0530719,0,0,-0.00202149,-0.256717,0.00158248,0.0331841,0.173184,0.060669,0.285704,nan,0.278718,0.283439,0.286914,0.270547,0.273971,0.283439,0.273971,0.286914,0.270547,1,0,0.0530425,0,-0.000135051,-0.0489529,-0.00303232,0.00286462,-0.159115,0,0,0,-0.00615287,0.25261,0.00411153,-0.0342418,-0.0847516,10.9735,10.9738,0,3.15364
1.92,ground hold,-0.000416768,0.110632,-0.000979459,0.0535556,0,0,-0.00231892,-0.248786,0.00209743,0.0363116,0.176312,0.0634076,0.297489,nan,0.278728,0.285903,0.284137,0.273385,0.271483,0.285903,0.271483,0.284137,0.273385,1,0,0.0535391,0,-0.000359152,-0.0476941,0.00161225,0.00288218,-0.160584,0,0,0,-0.00801852,0.240081,-0.00979358,0.0486004,-0.0968571,10.9978,10.9983,0,3.27079
1.93,ground hold,-0.000444014,0.113086,-0.000961459,0.0539925,0,0,-0.00265859,-0.241919,0.00213894,0.0395515,0.179552,0.066439,0.309381,nan,0.278744,0.286344,0.283922,0.273185,0.271522,0.286344,0.271522,0.283922,0.273185,1,0,0.0539738,0,0.00201257,-0.0484297,0.00179568,0.00286883,-0.161898,0,0,0,0.00180117,0.239199,-0.00226601,0.0699205,-0.0438449,11.0854,11.0857,0,3.38634
1.94,ground hold,-0.000474124,0.115477,-0.00095062,0.054356,0,0,-0.00293243,-0.236038,0.0015726,0.0429034,0.182903,0.0694784,0.321228,nan,0.278768,0.28472,0.285486,0.271913,0.272948,0.28472,0.272948,0.285486,0.271913,1,0,0.0543393,0,0.000713275,-0.0480242,-0.000791569,0.00286902,-0.162993,0,0,0,0.00787454,0.236263,0.00669715,0.0997089,0.00807396,11.0073,11.0078,0,3.50244
1.95,ground hold,-0.000506953,0.117813,-0.000957857,0.0546921,0,0,-0.00317484,-0.23102,0.00174686,0.0463668,0.186367,0.0727472,0.333113,nan,0.278798,0.28543,0.284492,0.273071,0.272191,0.28543,0.272191,0.284492,0.273071,1,0,0.0546892,0,0.000152175,-0.0467242,0.000798763,0.00288754,-0.164008,0,0,0,0.00226307,0.231191,-0.00174795,0.159624,0.0248224,10.9662,10.9674,0,3.617
1.96,ground hold,-0.000542197,0.120102,-0.00094729,0.0549598,0,0,-0.00338426,-0.226862,0.00210768,0.0499413,0.189941,0.0759628,0.34492,nan,0.278834,0.284937,0.285419,0.272412,0.27256,0.284937,0.27256,0.285419,0.272412,1,0,0.0549458,0,-0.000886859,-0.0480978,-0.000276271,0.00286645,-0.164816,0,0,0,0.00366473,0.227581,0.00382916,0.153414,0.0453067,11.0227,11.0238,0,3.73282
1.97,ground hold,-0.0005799,0.122354,-0.00098042,0.0551872,0,0,-0.00349827,-0.223534,0.00244426,0.0536266,0.193627,0.0794685,0.356812,nan,0.278875,0.285652,0.284716,0.273304,0.27182,0.285652,0.27182,0.284716,0.273304,1,0,0.0551711,0,-0.00145295,-0.0478336,0.00106358,0.00298963,-0.165494,0,0,0,0.00274855,0.228404,0.00323877,0.0895847,0.100873,11.0584,11.0592,0,3.84883
1.98,ground hold,-0.00061749,0.124577,-0.000943939,0.0553923,0,0,-0.00348614,-0.221012,0.00251622,0.0574222,0.197422,0.0830932,0.368709,nan,0.278921,0.285473,0.284838,0.273101,0.272263,0.285473,0.272263,0.284838,0.273101,1,0,0.0553781,0,-0.000539305,-0.0472677,0.000647121,0.00288441,-0.166106,0,0,0,0.00535568,0.229966,-0.0103661,0.014586,0.0925876,11.059,11.0594,0,3.96438
1.99,ground hold,-0.000655583,0.126778,-0.00100599,0.0555553,0,0,-0.00347202,-0.219173,0.00236458,0.061328,0.201328,0.0868367,0.380583,nan,0.278971,0.285875,0.284251,0.273412,0.272336,0.285875,0.272336,0.284251,0.273412,1,0,0.0555501,0,0.00145372,-0.0461899,0.0011867,0.00301833,-0.16663,0,0,0,-0.0024159,0.209109,0.00417719,0.0379975,0.0044035,11.0393,11.0394,0,4.08116
2,liftoff,-0.000692936,0.128963,-0.000986674,0.055724,0,0,-0.00338937,-0.217873,0.00207355,0.0653436,0.205344,0.0909178,0.392553,nan,0.279025,0.28548,0.284906,0.273166,0.272537,0.28548,0.272537,0.284906,0.273166,1,0,0.0557215,0,-0.000144889,-0.0467691,0.000528623,0.00299918,-0.167118,0,0,0,0.0105826,0.220262,-0.00237311,0.0569774,0.0496073,11.0298,11.0301,0,4.19667
2.01,liftoff,-0.000728199,0.131137,-0.000901334,0.0558862,0,0,-0.00323162,-0.216893,0.00019998,0.0694688,0.209469,0.0948996,0.404408,nan,0.276986,0.282629,0.283633,0.270419,0.271667,0.282629,0.271667,0.283633,0.270419,1,0,0.0558839,0,0.000651699,-0.0458082,-0.000989827,0.00265966,-0.167611,0,0,0,-0.00103097,0.215395,-0.00520128,0.0225469,-0.0938725,11.0161,11.0165,0,4.31186
2.02,liftoff,-0.000760729,0.133303,-0.000975922,0.0560318,0,0,-0.00300541,-0.216323,0.00117435,0.0737023,0.213702,0.099,0.416243,nan,0.27498,0.281347,0.280995,0.269063,0.26891,0.281347,0.26891,0.280995,0.269063,1,0,0.056033,0,0.000530441,-0.0461754,0.000221793,0.00293928,-0.168059,0,0,0,0.00666188,0.209501,8.80246e-05,-0.0392395,-0.00118745,10.9795,10.9796,0,4.42765
2.03,liftoff,-0.000792636,0.135464,-0.000804954,0.0561544,0,0,-0.00288532,-0.215842,0.00213628,0.0780406,0.218041,0.103218,0.428007,nan,0.273039,0.280635,0.277924,0.26786,0.266118,0.280635,0.266118,0.277924,0.26786,1,0,0.0561436,0,0.00256935,-0.0465738,0.00195734,0.00241739,-0.168444,0,0,0,0.00198061,0.197787,-0.00901045,0.0201933,-0.00207958,10.9169,10.917,0,4.54434
2.04,liftoff,-0.000823032,0.13762,-0.000966397,0.0562635,0,0,-0.0027285,-0.215303,0.00130752,0.0824784,0.222478,0.107613,0.439646,nan,0.271188,0.277431,0.277516,0.265107,0.265057,0.277431,0.265057,0.277516,0.265107,1,0,0.0562539,0,-0.000355867,-0.0469593,-1.54791e-05,0.00287537,-0.168745,0,0,0,0.00459242,0.214289,0.00607477,-0.110506,-0.0569382,10.8564,10.8571,0,4.66168
2.05,liftoff,-0.000851749,0.13977,-0.000861429,0.0564008,0,0,-0.00256442,-0.2146,0.00160499,0.0870091,0.227009,0.112064,0.451023,nan,0.269444,0.276015,0.275053,0.26415,0.262895,0.276015,0.262895,0.275053,0.26415,1,0,0.0564021,0,-0.000779334,-0.0455191,0.000974488,0.00258648,-0.169153,0,0,0,-0.00497995,0.217723,-0.00391346,0.100647,0.0215288,10.7067,10.7072,0,4.77695
2.06,liftoff,-0.000878764,0.141911,-0.000990742,0.0565008,0,0,-0.00240283,-0.213663,0.00126778,0.091625,0.231625,0.116627,0.462102,nan,0.267821,0.273828,0.274167,0.261926,0.261678,0.273828,0.261678,0.274167,0.261926,1,0,0.0564992,0,-0.00155718,-0.046215,-4.00607e-05,0.00301486,-0.169447,0,0,0,0.00517943,0.219965,0.00757221,-0.0554701,0.0586592,10.6396,10.6399,0,4.89397
2.07,liftoff,-0.000904828,0.144043,-0.000853793,0.0566362,0,0,-0.00229062,-0.212574,0.00176044,0.0963178,0.236318,0.121299,0.472779,nan,0.266328,0.272031,0.273317,0.259366,0.260885,0.272031,0.260885,0.273317,0.259366,1,0,0.0566383,0,0.000617721,-0.0475556,-0.00123271,0.00251581,-0.16986,0,0,0,0.00216592,0.214881,-0.00902105,-0.0264465,-0.0963891,10.6486,10.649,0,5.00829
2.08,liftoff,-0.000929912,0.146162,-0.000926864,0.0567215,0,0,-0.00214258,-0.211156,0.00183658,0.101078,0.241078,0.126288,0.483076,nan,0.264969,0.270079,0.272329,0.258233,0.259492,0.270079,0.259492,0.272329,0.258233,1,0,0.0567182,0,-0.00262836,-0.046769,-0.00154249,0.00280396,-0.170122,0,0,0,0.00828705,0.212838,-0.0124785,-0.0365016,0.0188998,10.4963,10.4964,0,5.12485
2.09,liftoff,-0.000954365,0.148266,-0.000873104,0.0568451,0,0,-0.00215107,-0.209347,0.00207979,0.105898,0.245898,0.131165,0.492707,nan,0.263744,0.26996,0.270124,0.257748,0.257377,0.26996,0.257377,0.270124,0.257748,1,0,0.0568484,0,-0.00142104,-0.0472935,9.08717e-05,0.00257589,-0.170496,0,0,0,-0.00504119,0.209304,-0.00525731,-0.0159905,-0.0715494,10.4592,10.4595,0,5.23826
2.1,liftoff,-0.000979489,0.150349,-0.000863681,0.0569225,0,0,-0.0022408,-0.207085,0.00231427,0.110768,0.250768,0.136135,0.501711,nan,0.262653,0.269141,0.268593,0.257043,0.25604,0.269141,0.25604,0.268593,0.257043,1,0,0.0569239,0,-0.00120553,-0.0467076,0.000681198,0.00260064,-0.17074,0,0,0,-0.00038241,0.202556,0.000670679,0.0936404,0.0213481,10.3945,10.395,0,5.35317
2.11,liftoff,-0.00100603,0.152408,-0.000954232,0.0569808,0,0,-0.00231247,-0.204537,0.00245952,0.115679,0.255679,0.141192,0.510066,nan,0.261691,0.26686,0.268874,0.255141,0.256068,0.26686,0.256068,0.268874,0.255141,1,0,0.0569741,0,-0.00288343,-0.0464702,-0.00129289,0.00289597,-0.17091,0,0,0,0.00641666,0.205238,-0.0028927,-0.0311571,0.0409416,10.2693,10.2694,0,5.46782
2.12,liftoff,-0.00103437,0.15444,-0.000897215,0.0570002,0,0,-0.00247003,-0.20179,0.00294681,0.120623,0.260623,0.14633,0.517752,nan,0.260853,0.267202,0.266529,0.255393,0.254444,0.267202,0.254444,0.266529,0.255393,1,0,0.0570034,0,-0.000730635,-0.0452754,0.000712965,0.0026492,-0.170986,0,0,0,0.000786304,0.191798,0.00991558,-0.0909114,-0.077268,10.2261,10.2268,0,5.58314
2.13,liftoff,-0.00106446,0.156445,-0.000818107,0.0570103,0,0,-0.00257253,-0.198986,0.00290813,0.125592,0.265592,0.151541,0.524729,nan,0.260132,0.26626,0.266423,0.254031,0.253949,0.26626,0.253949,0.266423,0.254031,1,0,0.0570118,0,-0.000651205,-0.0468078,-3.53045e-05,0.00246697,-0.171008,0,0,0,-0.00104332,0.19943,-0.00547652,0.148402,0.0344267,10.0831,10.0843,0,5.6974
2.14,liftoff,-0.00109476,0.15842,-0.000901088,0.0569645,0,0,-0.00258055,-0.196001,0.00186263,0.130578,0.270578,0.157009,0.531091,nan,0.259522,0.264866,0.266435,0.252765,0.254134,0.264866,0.254134,0.266435,0.252765,1,0,0.0569699,0,-0.000530658,-0.0462386,-0.00129142,0.00274071,-0.17089,0,0,0,0.0105797,0.185678,-0.00648552,0.108119,0.0493016,10.1748,10.1755,0,5.81324
2.15,liftoff,-0.00112338,0.160366,-0.000956191,0.0569191,0,0,-0.00246176,-0.192996,0.0014964,0.135575,0.275575,0.162347,0.536661,nan,0.259013,0.265122,0.264952,0.253452,0.252618,0.265122,0.252618,0.264952,0.253452,1,0,0.0569364,0,-0.00175843,-0.0454827,0.000441324,0.00289222,-0.170749,0,0,0,-0.00356874,0.188712,0.00754792,-0.0590784,0.0445766,9.94389,9.94417,0,5.92734
2.16,liftoff,-0.00115082,0.162282,-0.000945597,0.0568025,0,0,-0.00238522,-0.19001,0.00183832,0.140575,0.280575,0.167587,0.541461,nan,0.258597,0.265648,0.263184,0.253432,0.252199,0.265648,0.252199,0.263184,0.253432,1,0,0.0568107,0,0.00326599,-0.0439613,0.0016252,0.00283994,-0.170409,0,0,0,0.00223657,0.183542,0.0106464,0.0316978,-0.00478069,9.95076,9.95081,0,6.04378
2.17,liftoff,-0.00117683,0.164168,-0.000901767,0.0566603,0,0,-0.00228233,-0.18715,0.000741581,0.145573,0.285573,0.173022,0.545652,nan,0.258266,0.264545,0.263709,0.252906,0.251961,0.264545,0.251961,0.263709,0.252906,1,0,0.0566762,0,-0.000286006,-0.0443134,0.000782632,0.00266157,-0.169983,0,0,0,0.00349781,0.180702,0.00422263,-0.015788,-0.0935028,9.89425,9.8947,0,6.16
2.18,liftoff,-0.00120105,0.166026,-0.000856135,0.0565054,0,0,-0.00223762,-0.184358,0.00132701,0.150564,0.290564,0.178329,0.5491,nan,0.25801,0.26468,0.263181,0.252807,0.251418,0.26468,0.251418,0.263181,0.252807,1,0,0.0565245,0,0.000292991,-0.0447835,0.0012691,0.00259345,-0.169518,0,0,0,-0.00305777,0.182028,-0.00324169,-0.00104148,0.0527714,9.80993,9.81007,0,6.27533
2.19,liftoff,-0.00122614,0.167857,-0.000953812,0.0563049,0,0,-0.00226637,-0.181703,0.00184747,0.155542,0.295542,0.183834,0.552007,nan,0.257823,0.264092,0.263459,0.252476,0.251296,0.264092,0.251296,0.263459,0.252476,1,0,0.0563132,0,-0.00145357,-0.0450566,0.000796735,0.00287043,-0.16891,0,0,0,0.00789829,0.187875,0.0041641,0.103053,-0.00898843,9.91392,9.91446,0,6.39174
2.2,liftoff,-0.00125208,0.169662,-0.000936139,0.0560935,0,0,-0.00232214,-0.179089,0.00161029,0.160504,0.300504,0.189384,0.554368,nan,0.257695,0.261701,0.265408,0.250131,0.253561,0.261701,0.253561,0.265408,0.250131,1,0,0.0561096,0,-0.000733766,-0.0443679,-0.00313676,0.00287675,-0.168283,0,0,0,0.0213291,0.181485,0.00657485,-0.0260784,0.0597506,9.82568,9.82589,0,6.50725
2.21,liftoff,-0.00128019,0.171441,-0.000918082,0.0558801,0,0,-0.00235723,-0.176586,0.00295992,0.165446,0.305446,0.194937,0.556212,nan,0.25762,0.263307,0.263578,0.25158,0.252024,0.263307,0.252024,0.263578,0.25158,1,0,0.0558839,0,0.000459075,-0.0441121,-0.000314066,0.00281353,-0.167638,0,0,0,-0.00143424,0.18215,-0.0108924,-0.0908988,0.0915025,9.65091,9.65177,0,6.62139
2.22,liftoff,-0.00130922,0.173195,-0.00095081,0.0556245,0,0,-0.00232712,-0.174282,0.0027558,0.170365,0.310365,0.200505,0.55754,nan,0.257589,0.263811,0.262802,0.252333,0.251413,0.263811,0.251413,0.262802,0.252333,1,0,0.0556444,0,0.000235444,-0.043329,0.00084759,0.0028411,-0.16689,0,0,0,0.0129158,0.173222,0.00652018,-0.0594047,-0.0539862,9.68205,9.68238,0,6.73658
2.23,liftoff,-0.00133689,0.174928,-0.000920045,0.0553426,0,0,-0.0022962,-0.172326,0.0024303,0.175258,0.315258,0.206085,0.558412,nan,0.257597,0.26208,0.264355,0.250684,0.253265,0.26208,0.253265,0.264355,0.250684,1,0,0.0553652,0,0.000811519,-0.0426031,-0.00213428,0.00274114,-0.166058,0,0,0,0.00629708,0.164507,-0.000165534,0.0139946,-0.0560378,9.81251,9.81268,0,6.85204
2.24,liftoff,-0.0013652,0.176644,-0.000920639,0.0550512,0,0,-0.00230976,-0.170652,0.00224603,0.180122,0.320122,0.211672,0.558898,nan,0.257638,0.26343,0.263268,0.251539,0.252303,0.26343,0.252303,0.263268,0.251539,1,0,0.0550802,0,0.00245553,-0.0433058,-0.000264411,0.00270422,-0.165183,0,0,0,0.00778535,0.161411,0.0032846,-0.139835,-0.0979293,9.66096,9.66247,0,6.967
2.25,liftoff,-0.00139255,0.178343,-0.000878224,0.0547402,0,0,-0.00225042,-0.16918,0.00232024,0.184956,0.324956,0.217262,0.559036,nan,0.257705,0.262632,0.264025,0.251616,0.252529,0.262632,0.252529,0.264025,0.251616,1,0,0.0547633,0,-0.00127436,-0.0426575,-0.0010134,0.00259659,-0.164248,0,0,0,0.000465102,0.166695,-0.0029396,0.0350216,-0.0763285,9.73866,9.73902,0,7.08218
2.26,liftoff,-0.00141953,0.180029,-0.000924407,0.0544074,0,0,-0.00217759,-0.167959,0.00249899,0.189757,0.329757,0.222852,0.558875,nan,0.257793,0.26323,0.263547,0.251806,0.252572,0.26323,0.252572,0.263547,0.251806,1,0,0.0544314,0,0.00119293,-0.042443,-0.000475578,0.00266974,-0.163249,0,0,0,-0.00462687,0.158226,-0.00563264,0.0531834,-0.198567,9.7196,9.72177,0,7.19785
2.27,liftoff,-0.00144505,0.181704,-0.000914176,0.0540681,0,0,-0.00209299,-0.167106,0.00156064,0.194526,0.334526,0.228439,0.558459,nan,0.257899,0.263618,0.263792,0.251744,0.252421,0.263618,0.252421,0.263792,0.251744,1,0,0.054093,0,0.00133478,-0.0440432,-0.000373781,0.00270558,-0.162242,0,0,0,-0.00334006,0.160323,-0.00197637,0.0146365,-0.0608301,9.71609,9.71629,0,7.31328
2.28,liftoff,-0.00147005,0.183372,-0.000835307,0.0537342,0,0,-0.00210402,-0.166433,0.00275515,0.199261,0.339261,0.23402,0.557817,nan,0.258019,0.263646,0.263517,0.252254,0.252633,0.263646,0.252633,0.263517,0.252254,1,0,0.0537525,0,0.0013473,-0.042207,-0.000109506,0.00250714,-0.161236,0,0,0,0.000374546,0.164449,0.00488398,0.123778,-0.00164099,9.5773,9.5781,0,7.42795
2.29,liftoff,-0.00149587,0.185034,-0.000876005,0.0533912,0,0,-0.00213639,-0.165967,0.00220855,0.20396,0.34396,0.239595,0.556928,nan,0.258148,0.263139,0.264574,0.251377,0.253475,0.263139,0.253475,0.264574,0.251377,1,0,0.0534054,0,0.00175819,-0.0433175,-0.00155308,0.00265324,-0.160198,0,0,0,0.00769194,0.170293,-0.0080166,0.0390466,0.0229343,9.50343,9.50354,0,7.54284
2.3,liftoff,-0.00152315,0.186691,-0.000880648,0.0530435,0,0,-0.00220779,-0.165592,0.00216238,0.208624,0.348624,0.245142,0.555855,nan,0.258283,0.263878,0.263399,0.253442,0.252387,0.263878,0.252387,0.263399,0.253442,1,0,0.053056,0,-0.00152686,-0.04064,0.000674045,0.00267111,-0.159161,0,0,0,-0.00346582,0.1654,0.00166643,0.00914305,0.0559242,9.59258,9.59275,0,7.65774
2.31,liftoff,-0.00154938,0.188346,-0.000917151,0.0526623,0,0,-0.00231228,-0.165513,0.00112715,0.213252,0.353252,0.250695,0.554629,nan,0.258423,0.264236,0.263792,0.253096,0.252539,0.264236,0.252539,0.263792,0.253096,1,0,0.0526907,0,-0.000298006,-0.0424308,0.000439732,0.00273592,-0.158023,0,0,0,0.00527842,0.163225,0.00797503,0.0478772,-0.0480979,9.62002,9.62026,0,7.77443
2.32,liftoff,-0.00157631,0.190002,-0.000931058,0.0522974,0,0,-0.00248576,-0.165659,0.00200568,0.217844,0.357844,0.256347,0.553342,nan,0.258565,0.263949,0.264589,0.252194,0.253498,0.263949,0.253498,0.264589,0.252194,1,0,0.0523228,0,0.00176007,-0.0432894,-0.000853923,0.00279457,-0.156925,0,0,0,-0.00591525,0.165587,-0.0136653,0.121363,0.0207883,9.6924,9.69319,0,7.8902
2.33,liftoff,-0.00160635,0.19166,-0.000927939,0.0519484,0,0,-0.00262865,-0.165931,0.00214378,0.2224,0.3624,0.261874,0.551906,nan,0.258706,0.265176,0.263566,0.253718,0.252337,0.265176,0.252337,0.263566,0.253718,1,0,0.0519799,0,0.000606638,-0.0429873,0.00131498,0.00285126,-0.155863,0,0,0,0.0135016,0.173547,-0.00217578,0.0242635,0.0803394,9.67894,9.6793,0,8.00519
2.34,liftoff,-0.00163738,0.193321,-0.000997915,0.0516079,0,0,-0.00270302,-0.166296,0.0020431,0.226919,0.366919,0.267279,0.550355,nan,0.258847,0.264358,0.264762,0.253155,0.253083,0.264358,0.253083,0.264762,0.253155,1,0,0.0516347,0,-0.00126035,-0.0433554,-0.000145538,0.00304244,-0.154855,0,0,0,0.00924875,0.165393,-0.00776484,0.116619,0.0701234,9.73104,9.73199,0,8.11988
2.35,liftoff,-0.0016695,0.194985,-0.00103239,0.0512412,0,0,-0.00272043,-0.16668,0.00229147,0.231403,0.371403,0.272775,0.548806,nan,0.258984,0.263617,0.265564,0.252553,0.254175,0.263617,0.254175,0.265564,0.252553,1,0,0.0512593,0,-0.000861051,-0.0425455,-0.00156862,0.00311103,-0.15374,0,0,0,0.01285,0.177502,-0.00843843,0.075553,-0.0132795,9.70267,9.70297,0,8.23628
2.36,liftoff,-0.00170249,0.196655,-0.00102982,0.0508902,0,0,-0.00273713,-0.167193,0.00235473,0.235851,0.375851,0.278256,0.54724,nan,0.259118,0.263619,0.265869,0.252507,0.254452,0.263619,0.254452,0.265869,0.252507,1,0,0.0509139,0,-0.000810779,-0.0426892,-0.00184378,0.00315319,-0.152703,0,0,0,0.00643545,0.163746,-0.00563439,-0.0277398,0.0801789,9.62034,9.62071,0,8.35203
2.37,liftoff,-0.00173506,0.198329,-0.00106492,0.0505634,0,0,-0.00277336,-0.167732,0.00191267,0.240264,0.380264,0.283721,0.545666,nan,0.259248,0.264369,0.265447,0.253424,0.253727,0.264369,0.253727,0.265447,0.253424,1,0,0.050585,0,-0.00205575,-0.042945,-0.000607414,0.00323107,-0.151716,0,0,0,0.00860559,0.171272,0.00031813,0.0605712,0.0382617,9.66169,9.66196,0,8.4667
2.38,liftoff,-0.00176859,0.200009,-0.00107418,0.0502048,0,0,-0.00290027,-0.168296,0.00276512,0.244641,0.384641,0.289379,0.544218,nan,0.259373,0.265323,0.264525,0.254165,0.253455,0.265323,0.253455,0.264525,0.254165,1,0,0.0502492,0,0.000229946,-0.0421177,0.0006627,0.00325501,-0.150661,0,0,0,0.012574,0.15769,-0.0135645,-0.0735522,0.0136473,9.53605,9.53635,0,8.5835
2.39,liftoff,-0.00180323,0.201695,-0.00106393,0.0498715,0,0,-0.00299662,-0.168899,0.0016939,0.248984,0.388984,0.294814,0.542649,nan,0.259493,0.265113,0.265186,0.25414,0.253511,0.265113,0.253511,0.265186,0.25414,1,0,0.0498777,0,-0.0018601,-0.0429149,0.000244679,0.00317921,-0.149658,0,0,0,-0.000662732,0.160314,-0.00254593,-0.0553617,-0.0222937,9.69666,9.69684,0,8.69919
2.4,liftoff,-0.00183716,0.203387,-0.00100584,0.0495275,0,0,-0.00300973,-0.169578,0.00143413,0.253292,0.393292,0.300213,0.54111,nan,0.259608,0.265033,0.265392,0.254116,0.253869,0.265033,0.253869,0.265392,0.254116,1,0,0.0495516,0,-0.00160846,-0.042519,-4.99075e-05,0.00299817,-0.148627,0,0,0,-0.00689583,0.160188,-0.00183263,-0.00617579,-0.0192979,9.68213,9.68215,0,8.81586
2.41,liftoff,-0.00187249,0.205086,-0.00104038,0.0492098,0,0,-0.0030858,-0.170294,0.00217705,0.257566,0.397566,0.305618,0.53965,nan,0.259718,0.265667,0.264904,0.254436,0.253843,0.265667,0.253843,0.264904,0.254436,1,0,0.0492378,0,0.000451811,-0.0422392,0.000595717,0.00306662,-0.147653,0,0,0,0.00121513,0.171035,-0.0114826,0.00184745,-0.0949004,9.65,9.65047,0,8.93142
2.42,liftoff,-0.00190853,0.206793,-0.0010875,0.0488688,0,0,-0.00312061,-0.171107,0.00254774,0.261807,0.401807,0.311007,0.538215,nan,0.259823,0.265589,0.265294,0.254566,0.253821,0.265589,0.253821,0.265294,0.254566,1,0,0.0488928,0,-0.00119279,-0.0426243,0.00045708,0.00325221,-0.146649,0,0,0,0.0142337,0.160617,0.000973333,-0.057324,-0.0506314,9.6913,9.6916,0,9.04876
2.43,liftoff,-0.00194567,0.208508,-0.00108325,0.048569,0,0,-0.00314821,-0.171874,0.00247546,0.266014,0.406014,0.316383,0.536815,nan,0.259922,0.265386,0.265543,0.253938,0.254803,0.265386,0.254803,0.265543,0.253938,1,0,0.0485895,0,0.00187895,-0.0420442,-0.000449342,0.00318988,-0.14575,0,0,0,-0.00998956,0.159854,-0.00402789,0.055647,-0.0850594,9.78885,9.78937,0,9.16419
2.44,liftoff,-0.00198377,0.21023,-0.00111501,0.0482773,0,0,-0.00316227,-0.172697,0.00234987,0.270187,0.410187,0.321744,0.535468,nan,0.260018,0.265584,0.265784,0.253941,0.254742,0.265584,0.254742,0.265784,0.253941,1,0,0.0482991,0,0.00159406,-0.0429832,-0.000439906,0.00331809,-0.144863,0,0,0,0.00238421,0.169089,-0.00239557,-0.0281798,-0.0514967,9.76655,9.76673,0,9.2796
2.45,liftoff,-0.00202086,0.211961,-0.00111165,0.0480066,0,0,-0.00311215,-0.173524,0.00240544,0.274328,0.414328,0.327093,0.534162,nan,0.260108,0.266039,0.265284,0.254993,0.254099,0.266039,0.254099,0.265284,0.254993,1,0,0.0480218,0,-0.000366597,-0.0421225,0.000724883,0.00333675,-0.144046,0,0,0,0.00132872,0.173287,0.0011572,0.0413245,-0.00637695,9.7102,9.71029,0,9.39429
2.46,liftoff,-0.00205655,0.2137,-0.00110932,0.0477305,0,0,-0.00303602,-0.174377,0.00152803,0.278436,0.418436,0.332428,0.532894,nan,0.260195,0.265855,0.265682,0.254101,0.255126,0.265855,0.255126,0.265682,0.254101,1,0,0.0477579,0,0.00317635,-0.0422737,-0.000374866,0.00325144,-0.143214,0,0,0,-0.00316294,0.170337,0.00305562,0.0842501,-0.139561,9.64614,9.64752,0,9.50977
2.47,liftoff,-0.00209035,0.215448,-0.00109866,0.0474484,0,0,-0.00296327,-0.175295,0.00113268,0.282512,0.422512,0.337751,0.531679,nan,0.260278,0.266331,0.265899,0.254504,0.254363,0.266331,0.254363,0.265899,0.254504,1,0,0.0474725,0,0.000772431,-0.0442693,0.000252252,0.00325867,-0.142374,0,0,0,-0.0111323,0.171213,-0.00363992,0.152097,-0.0464459,9.69432,9.69562,0,9.62609
2.48,liftoff,-0.00212334,0.217205,-0.00109047,0.0472106,0,0,-0.00285829,-0.176171,0.00104554,0.286556,0.426556,0.343176,0.53056,nan,0.260358,0.265689,0.266538,0.253757,0.255434,0.265689,0.255434,0.266538,0.253757,1,0,0.0472308,0,0.00219477,-0.0436501,-0.00111042,0.00335521,-0.141659,0,0,0,0.00797106,0.166551,-0.00974606,0.100053,0.133845,9.69633,9.69777,0,9.74041
2.49,liftoff,-0.00215458,0.21897,-0.00114956,0.0469798,0,0,-0.00266964,-0.17684,0.00205752,0.290568,0.430568,0.348476,0.529429,nan,0.260435,0.266437,0.265905,0.254919,0.254466,0.266437,0.254466,0.265905,0.254919,1,0,0.0469929,0,0.00020952,-0.0434999,0.000432866,0.00347696,-0.140959,0,0,0,0.000751978,0.177256,0.00623341,0.126836,0.0465541,9.70636,9.7073,0,9.85477
2.5,liftoff,-0.00218653,0.220741,-0.00119199,0.0467501,0,0,-0.00243667,-0.177384,0.00303938,0.294548,0.434548,0.353765,0.52836,nan,0.26051,0.266049,0.266551,0.254934,0.254491,0.266049,0.254491,0.266551,0.254934,1,0,0.0467793,0,-0.00250567,-0.043912,-2.64403e-05,0.00361193,-0.14026,0,0,0,-0.000733178,0.18303,-0.00651017,0.158227,0.0721188,9.7983,9.79984,0,9.96941
2.51,liftoff,-0.002218,0.222517,-0.00118667,0.0465144,0,0,-0.00225369,-0.177877,0.00366347,0.298497,0.438497,0.359044,0.527347,nan,0.260582,0.265232,0.267769,0.253596,0.255718,0.265232,0.255718,0.267769,0.253596,1,0,0.0465391,0,-0.00109736,-0.0448828,-0.00204782,0.00368414,-0.139556,0,0,0,0.0103555,0.16878,-0.00953799,-0.038179,0.1548,9.70409,9.7054,0,10.0847
2.52,liftoff,-0.00224966,0.224298,-0.00110304,0.0462689,0,0,-0.00212721,-0.178342,0.00392663,0.302414,0.442414,0.364265,0.526363,nan,0.260653,0.267478,0.265294,0.25578,0.254046,0.267478,0.254046,0.265294,0.25578,1,0,0.0462926,0,0.00119333,-0.0434788,0.00172216,0.00337426,-0.138819,0,0,0,-0.00400494,0.177012,-0.00104814,-0.0214413,0.099108,9.82656,9.82708,0,10.2008
2.53,liftoff,-0.00227727,0.226084,-0.00114509,0.0460491,0,0,-0.00188239,-0.178811,0.00112106,0.3063,0.4463,0.369524,0.525451,nan,0.260722,0.265873,0.267044,0.25426,0.255699,0.265873,0.255699,0.267044,0.25426,1,0,0.046055,0,0.000710559,-0.0435029,-0.00114705,0.00348381,-0.138145,0,0,0,0.00410603,0.190854,0.0061491,0.0131766,0.0579834,9.68497,9.68515,0,10.3157
2.54,liftoff,-0.00229893,0.227874,-0.00119537,0.0458281,0,0,-0.0015863,-0.17922,0.00115807,0.310155,0.450155,0.374775,0.52459,nan,0.260791,0.26781,0.265148,0.256434,0.253757,0.26781,0.253757,0.265148,0.256434,1,0,0.0458423,0,-4.04711e-05,-0.0431394,0.00234596,0.00357284,-0.137511,0,0,0,0.0029836,0.173472,0.0080417,0.0426744,-0.0367222,9.70942,9.70958,0,10.4309
2.55,liftoff,-0.00231644,0.229668,-0.00125513,0.0455936,0,0,-0.00131942,-0.179546,0.00114153,0.313978,0.453978,0.380017,0.523784,nan,0.260858,0.265929,0.267221,0.25461,0.255658,0.265929,0.255658,0.267221,0.25461,1,0,0.0456076,0,-0.00064924,-0.0433587,-0.00102845,0.00378433,-0.136794,0,0,0,0.00973042,0.183359,0.00253671,-0.0270638,-0.00234766,9.72013,9.72017,0,10.5472
2.56,liftoff,-0.00233314,0.231465,-0.00123199,0.0453718,0,0,-0.00118452,-0.179842,0.000890558,0.31777,0.45777,0.385251,0.52304,nan,0.260925,0.265957,0.267255,0.25449,0.255983,0.265957,0.255983,0.267255,0.25449,1,0,0.0453875,0,0.000518718,-0.0430847,-0.00122653,0.00364983,-0.136143,0,0,0,-0.000285755,0.171763,0.00174707,-0.07659,-0.0643335,9.68587,9.68639,0,10.6628
2.57,liftoff,-0.00234837,0.233264,-0.00126228,0.0451662,0,0,-0.00105975,-0.180021,0.00126045,0.321532,0.461532,0.390478,0.522337,nan,0.260991,0.267124,0.266141,0.255443,0.255243,0.267124,0.255243,0.266141,0.255443,1,0,0.0451821,0,0.00207623,-0.0427835,0.000520437,0.00376511,-0.135528,0,0,0,-0.00224679,0.172111,0.00193587,-0.0386383,-0.0331437,9.75366,9.7538,0,10.7777
2.58,liftoff,-0.00236243,0.235065,-0.00126099,0.0449293,0,0,-0.000954367,-0.18012,0.00165176,0.325262,0.465262,0.395698,0.521675,nan,0.261058,0.267586,0.265924,0.256046,0.254661,0.267586,0.254661,0.265924,0.256046,1,0,0.0449387,0,0.000731871,-0.0432073,0.00133906,0.00371311,-0.134806,0,0,0,0.00420112,0.174176,-0.00246036,-0.0560926,-0.108398,9.77059,9.77136,0,10.8945
2.59,liftoff,-0.002376,0.236866,-0.00125009,0.0447383,0,0,-0.000921743,-0.180163,0.00158039,0.328961,0.468961,0.400912,0.521055,nan,0.261124,0.266121,0.267843,0.25421,0.256309,0.266121,0.256309,0.267843,0.25421,1,0,0.044758,0,0.00100073,-0.0444257,-0.00167965,0.0037507,-0.134227,0,0,0,0.00406715,0.184368,-0.0060475,-0.022234,-0.01578,9.89692,9.89696,0,11.0086
2.6,liftoff,-0.00239039,0.238668,-0.00127804,0.044529,0,0,-0.000881,-0.180179,0.00152449,0.332629,0.472629,0.406122,0.520518,nan,0.261191,0.266469,0.267231,0.255008,0.256042,0.266469,0.256042,0.267231,0.255008,1,0,0.044539,0,0.000720831,-0.0429169,-0.000789869,0.00379868,-0.133621,0,0,0,-0.00683225,0.169054,-0.0112443,0.0608235,-0.0482927,9.79671,9.79702,0,11.1238
2.61,liftoff,-0.00240391,0.24047,-0.00124632,0.0443308,0,0,-0.000852745,-0.180223,0.00194551,0.336266,0.476266,0.411325,0.520032,nan,0.261258,0.267367,0.266777,0.255479,0.255396,0.267367,0.255396,0.266777,0.255479,1,0,0.0443459,0,0.0013434,-0.04409,0.000296096,0.00369237,-0.133003,0,0,0,2.21306e-05,0.183037,-0.00514115,0.0488585,-0.0833936,9.85541,9.85589,0,11.2384
2.62,liftoff,-0.00241944,0.242272,-0.00123809,0.0441393,0,0,-0.000860724,-0.180255,0.00330882,0.339871,0.479871,0.416523,0.519602,nan,0.261326,0.266979,0.267443,0.25486,0.256008,0.266979,0.256008,0.267443,0.25486,1,0,0.0441735,0,0.00181483,-0.0446326,-0.000708483,0.0036828,-0.132434,0,0,0,0.00801038,0.180211,-0.00320553,0.0478044,-0.0775155,9.79276,9.79319,0,11.3527
2.63,liftoff,-0.00243809,0.244074,-0.00117754,0.0439579,0,0,-0.000823277,-0.180181,0.00388746,0.343446,0.483446,0.421718,0.519247,nan,0.261394,0.267283,0.267311,0.255512,0.255457,0.267283,0.255457,0.267311,0.255512,1,0,0.043995,0,-0.000219445,-0.0447659,1.15788e-05,0.00355238,-0.13189,0,0,0,0.00590889,0.181857,-0.0158263,0.0941489,0.0137727,9.71422,9.71469,0,11.4663
2.64,liftoff,-0.00245586,0.245875,-0.00122115,0.0437402,0,0,-0.000777602,-0.180099,0.00323282,0.346989,0.486989,0.427083,0.519006,nan,0.261463,0.267274,0.267071,0.256053,0.255442,0.267274,0.255442,0.267071,0.256053,1,0,0.0437722,0,-0.0010846,-0.0432966,0.00035774,0.00367478,-0.131251,0,0,0,-0.00189054,0.172394,-0.00252116,0.0381696,0.014501,9.81817,9.81825,0,11.582
2.65,liftoff,-0.00247168,0.247676,-0.00110979,0.043536,0,0,-0.000778495,-0.180032,0.00259278,0.350501,0.490501,0.432271,0.518712,nan,0.261533,0.268053,0.266725,0.256684,0.254658,0.268053,0.254658,0.266725,0.256684,1,0,0.0435483,0,-0.00185049,-0.0444053,0.00147414,0.00333863,-0.130634,0,0,0,-0.0048911,0.174984,0.00423164,0.0197351,0.0169761,9.80827,9.80831,0,11.6969
2.66,liftoff,-0.00248695,0.249476,-0.00113328,0.0433162,0,0,-0.000854774,-0.179949,0.00250967,0.353981,0.493981,0.437288,0.518365,nan,0.261604,0.267582,0.267368,0.256119,0.255333,0.267582,0.255333,0.267368,0.256119,1,0,0.0433508,0,-0.00151936,-0.0445258,0.000439813,0.00344969,-0.12998,0,0,0,0.0129626,0.170688,0.0027839,0.0916657,0.0455855,9.89181,9.89234,0,11.8126
2.67,liftoff,-0.00250307,0.251275,-0.00112826,0.0431087,0,0,-0.00106197,-0.179857,0.00175097,0.35743,0.49743,0.442471,0.518151,nan,0.261676,0.268494,0.266408,0.256795,0.254992,0.268494,0.254992,0.266408,0.256795,1,0,0.0431413,0,0.000750967,-0.043799,0.00170903,0.003448,-0.129337,0,0,0,0.00868714,0.182366,-0.00566301,0.0583961,0.0745976,9.74031,9.74077,0,11.9276
2.68,liftoff,-0.00251931,0.253073,-0.0012206,0.0428859,0,0,-0.00132473,-0.179721,0.00106086,0.360848,0.500848,0.447809,0.518054,nan,0.261749,0.266876,0.268134,0.255209,0.25676,0.266876,0.25676,0.268134,0.255209,1,0,0.0428974,0,0.000779529,-0.0436573,-0.0012346,0.00375495,-0.128674,0,0,0,0.0110232,0.175275,0.00171619,-0.0773264,0.0817411,9.8241,9.82475,0,12.0433
2.69,liftoff,-0.00253724,0.25487,-0.00125513,0.0426828,0,0,-0.00148892,-0.179676,0.000919524,0.364234,0.504234,0.452989,0.517918,nan,0.261822,0.267812,0.267434,0.255883,0.256145,0.267812,0.256145,0.267434,0.255883,1,0,0.0426968,0,0.00169571,-0.0439931,5.10365e-05,0.00379619,-0.128058,0,0,0,0.00343215,0.185874,0.00625632,-0.0908861,0.0180269,9.76818,9.76862,0,12.158
2.7,liftoff,-0.00255654,0.256666,-0.00123969,0.0424656,0,0,-0.00156074,-0.179651,0.00121728,0.367589,0.507589,0.45839,0.517917,nan,0.261897,0.26707,0.268494,0.255259,0.256749,0.26707,0.256749,0.268494,0.255259,1,0,0.0424953,0,0.000174526,-0.0446368,-0.00128082,0.00379302,-0.127436,0,0,0,0.00751723,0.16247,0.00886813,-0.00536343,0.0778668,9.74599,9.7463,0,12.2733
2.71,liftoff,-0.00257752,0.258462,-0.00122171,0.0422446,0,0,-0.00161488,-0.179572,0.00146584,0.370911,0.510911,0.463569,0.517838,nan,0.261972,0.267199,0.267859,0.255961,0.256855,0.267199,0.256855,0.267859,0.255961,1,0,0.0422646,0,0.000622587,-0.0421429,-0.000683266,0.00371118,-0.126756,0,0,0,0.0022781,0.176286,0.000788465,-0.0345158,0.0454862,9.7882,9.78836,0,12.3889
2.72,liftoff,-0.00260036,0.260258,-0.00111855,0.0420355,0,0,-0.0016698,-0.179496,0.00275906,0.374202,0.514202,0.468509,0.517687,nan,0.262049,0.268126,0.267301,0.256844,0.25591,0.268126,0.25591,0.267301,0.256844,1,0,0.042061,0,-0.000286902,-0.0429618,0.000773235,0.00333363,-0.126121,0,0,0,-0.00760582,0.183799,0.000718499,-0.016285,-0.0219539,9.77509,9.77513,0,12.5038
2.73,liftoff,-0.00262541,0.262052,-0.00114927,0.0418417,0,0,-0.00174641,-0.17941,0.00228579,0.377462,0.517462,0.473686,0.51766,nan,0.262126,0.267525,0.268314,0.25621,0.256442,0.267525,0.256442,0.268314,0.25621,1,0,0.0418849,0,-0.00147774,-0.0439336,-0.000448833,0.00339052,-0.125555,0,0,0,0.00712232,0.168891,-0.00409516,-0.00980795,-0.101104,9.84948,9.85,0,12.6177
2.74,liftoff,-0.00265179,0.263846,-0.00118907,0.0416145,0,0,-0.00185751,-0.179393,0.00259969,0.380689,0.520689,0.478863,0.51769,nan,0.262205,0.26664,0.269189,0.255263,0.257711,0.26664,0.257711,0.269189,0.255263,1,0,0.0416394,0,-0.000266931,-0.0433047,-0.00219646,0.00353007,-0.124874,0,0,0,0.00132085,0.172283,0.0048814,-0.0210405,-0.05984,9.81425,9.81445,0,12.7335
2.75,liftoff,-0.00268003,0.26564,-0.0011141,0.0414003,0,0,-0.0019797,-0.179442,0.00225281,0.383884,0.523884,0.48404,0.51775,nan,0.262284,0.268613,0.267239,0.257035,0.256234,0.268613,0.256234,0.267239,0.257035,1,0,0.0414213,0,0.00151724,-0.0427905,0.000956195,0.00322582,-0.124222,0,0,0,-0.0054044,0.166982,-0.00777462,-0.0119726,-0.15964,9.8428,9.8441,0,12.8486
2.76,liftoff,-0.00270726,0.267435,-0.0010153,0.0411964,0,0,-0.00200412,-0.179593,0.00240605,0.387048,0.527048,0.489175,0.51781,nan,0.262365,0.268542,0.267413,0.257047,0.256442,0.268542,0.256442,0.267413,0.257047,1,0,0.0412135,0,0.00138934,-0.0425689,0.000761825,0.00298011,-0.123599,0,0,0,0.00162238,0.182398,-0.0023345,0.0261023,-0.108029,9.90556,9.90619,0,12.9631
2.77,liftoff,-0.00273558,0.269232,-0.00101316,0.0409838,0,0,-0.00195188,-0.179752,0.00311676,0.390179,0.530179,0.494354,0.517988,nan,0.262446,0.266998,0.269216,0.255271,0.258284,0.266998,0.258284,0.269216,0.255271,1,0,0.0410047,0,0.00210953,-0.0429321,-0.00229912,0.00298129,-0.122984,0,0,0,0.00309254,0.168086,-0.00413602,-0.00612749,-0.0917616,9.83593,9.83636,0,13.0782
2.78,liftoff,-0.00276405,0.27103,-0.00101194,0.0407762,0,0,-0.00185364,-0.17992,0.0020654,0.393278,0.533278,0.499434,0.51816,nan,0.262529,0.26848,0.268337,0.256676,0.256604,0.26848,0.256604,0.268337,0.256676,1,0,0.0408065,0,0.000188058,-0.0445975,9.41486e-05,0.00305832,-0.122358,0,0,0,-0.00193935,0.173759,-0.00684067,0.115523,0.0381911,9.93079,9.93154,0,13.1932
2.79,liftoff,-0.00278973,0.272829,-0.00109656,0.0405745,0,0,-0.00175414,-0.179986,0.00270326,0.396346,0.536346,0.504617,0.518437,nan,0.262612,0.268545,0.26813,0.256941,0.256814,0.268545,0.256814,0.26813,0.256941,1,0,0.0405956,0,0.000761996,-0.0434291,0.000238422,0.00325305,-0.121752,0,0,0,-0.00136424,0.17398,0.00294165,0.0553993,-0.0604908,9.82112,9.82146,0,13.3078
2.8,liftoff,-0.00281523,0.274629,-0.000997368,0.0403577,0,0,-0.0016761,-0.180019,0.00292499,0.39938,0.53938,0.509803,0.518762,nan,0.262696,0.26919,0.267719,0.257971,0.255887,0.26919,0.255887,0.267719,0.257971,1,0,0.0403718,0,-0.00162482,-0.0436762,0.00156255,0.00305094,-0.121091,0,0,0,-0.00123066,0.178169,-0.0142491,0.0292128,0.0817595,9.78545,9.78583,0,13.4234
2.81,liftoff,-0.00284079,0.27643,-0.00106621,0.0401423,0,0,-0.00163978,-0.18023,0.0027765,0.402383,0.542383,0.514992,0.519104,nan,0.262781,0.268083,0.269275,0.256905,0.256844,0.268083,0.256844,0.269275,0.256905,1,0,0.0401646,0,-0.00332366,-0.0447349,-0.000496993,0.00321989,-0.120459,0,0,0,-0.00672858,0.17181,0.00568582,0.123213,0.0468765,9.8949,9.89578,0,13.5389
2.82,liftoff,-0.00286817,0.278234,-0.0010331,0.0399428,0,0,-0.00160543,-0.180546,0.00431575,0.405353,0.545353,0.520178,0.519469,nan,0.262867,0.268931,0.268234,0.258017,0.256269,0.268931,0.256269,0.268234,0.258017,1,0,0.0399682,0,-0.00279077,-0.0433504,0.00107439,0.00316595,-0.119837,0,0,0,0.00678096,0.1849,-0.00101862,0.0138695,0.0704791,9.84668,9.84694,0,13.6537
2.83,liftoff,-0.0028963,0.280041,-0.0010319,0.0397337,0,0,-0.00157052,-0.180817,0.00381694,0.408291,0.548291,0.525375,0.519867,nan,0.262954,0.269155,0.268326,0.257511,0.256808,0.269155,0.256808,0.268326,0.257511,1,0,0.0397529,0,0.00033631,-0.0438867,0.00067329,0.00314029,-0.119225,0,0,0,0.00808865,0.177621,0.000932886,0.0277765,0.0380465,9.892,9.89211,0,13.7692
2.84,liftoff,-0.0029229,0.28185,-0.000923495,0.0395263,0,0,-0.00155605,-0.181001,0.00324588,0.411196,0.551196,0.530434,0.520217,nan,0.263042,0.269073,0.268092,0.258098,0.256887,0.269073,0.256887,0.268092,0.258098,1,0,0.0395303,0,-0.000607223,-0.0420259,0.000963735,0.00284932,-0.118589,0,0,0,0.00640471,0.182082,0.00233375,0.017811,0.0903407,9.95271,9.95314,0,13.8848
2.85,liftoff,-0.00294951,0.283661,-0.000910142,0.0393228,0,0,-0.00168506,-0.181229,0.00296116,0.414068,0.554068,0.535638,0.520677,nan,0.263131,0.269349,0.268489,0.257811,0.256857,0.269349,0.256857,0.268489,0.257811,1,0,0.0393308,0,-0.000248165,-0.0439015,0.000797473,0.00273301,-0.11798,0,0,0,0.0176886,0.186244,0.00122958,0.0175693,-0.0395717,9.9143,9.91439,0,14.0002
2.86,liftoff,-0.00297655,0.285474,-0.000977057,0.0391442,0,0,-0.00181119,-0.18143,0.00262017,0.416908,0.556908,0.540951,0.521248,nan,0.263221,0.269126,0.268884,0.257395,0.257459,0.269126,0.257459,0.268884,0.257395,1,0,0.0391485,0,0.000812251,-0.043874,7.85227e-05,0.00295893,-0.117458,0,0,0,0.00782776,0.177814,0.00814365,-0.0888344,0.00740953,9.87652,9.87692,0,14.1143
2.87,liftoff,-0.00300318,0.287289,-0.000976885,0.0389675,0,0,-0.00188018,-0.181549,0.00192126,0.419716,0.559716,0.546166,0.52183,nan,0.263311,0.268272,0.270016,0.256725,0.258214,0.268272,0.258214,0.270016,0.256725,1,0,0.0389715,0,-0.000676235,-0.0442421,-0.00142073,0.00290857,-0.116913,0,0,0,-0.00146637,0.187364,-0.00252948,-0.0661388,-0.0285931,9.80935,9.80962,0,14.2285
2.88,liftoff,-0.00303152,0.289104,-0.00104703,0.0387727,0,0,-0.00200404,-0.181499,0.00282673,0.42249,0.56249,0.551387,0.522428,nan,0.263403,0.270032,0.268423,0.258512,0.256624,0.270032,0.256624,0.268423,0.258512,1,0,0.0387936,0,-0.000738442,-0.0441855,0.00153674,0.00309054,-0.116347,0,0,0,0.0104484,0.171027,0.00264775,-0.0485506,-0.0840502,9.88728,9.88776,0,14.3436
2.89,liftoff,-0.00306165,0.290919,-0.00118589,0.0385923,0,0,-0.00211212,-0.181437,0.00291428,0.425232,0.565232,0.556614,0.523086,nan,0.263495,0.269812,0.268858,0.258139,0.257152,0.269812,0.257152,0.268858,0.258139,1,0,0.0386211,0,-8.82337e-05,-0.0442986,0.000853057,0.00350424,-0.115804,0,0,0,-0.00544408,0.17514,0.00471496,-0.083271,-0.0554705,9.90558,9.90609,0,14.4579
2.9,liftoff,-0.00309171,0.292733,-0.00124686,0.0384002,0,0,-0.00214686,-0.181346,0.0023851,0.427941,0.567941,0.561819,0.523795,nan,0.263588,0.268209,0.270283,0.257014,0.258827,0.268209,0.258827,0.270283,0.257014,1,0,0.0384293,0,-0.000694452,-0.042919,-0.00170818,0.00368911,-0.115211,0,0,0,0.00103801,0.185455,-0.00182895,-0.0482034,-0.0689532,9.8564,9.85676,0,14.5729
2.91,liftoff,-0.00312233,0.294546,-0.00124524,0.0381813,0,0,-0.00219997,-0.181343,0.0023284,0.430617,0.570617,0.56706,0.524549,nan,0.263682,0.271754,0.26764,0.25972,0.255596,0.271754,0.255596,0.26764,0.25972,1,0,0.0382115,0,-2.83721e-05,-0.0456242,0.00362052,0.00369108,-0.114583,0,0,0,0.00623967,0.166107,-0.00182875,-0.0901019,-0.0627524,9.90146,9.90207,0,14.6893
2.92,liftoff,-0.00315049,0.296359,-0.00128421,0.0380219,0,0,-0.00223897,-0.181217,0.00137602,0.43326,0.57326,0.572309,0.52531,nan,0.263777,0.269378,0.269573,0.25847,0.257667,0.269378,0.257667,0.269573,0.25847,1,0,0.0380427,0,-0.00264639,-0.0432283,0.000267219,0.0038217,-0.114087,0,0,0,0.00795348,0.179336,0.0167325,-0.0344545,-0.0606706,9.90357,9.90381,0,14.8023
2.93,liftoff,-0.00317944,0.29817,-0.00124624,0.0378239,0,0,-0.00230509,-0.180995,0.00132453,0.43587,0.57587,0.577566,0.526123,nan,0.263873,0.269668,0.26962,0.257528,0.258656,0.269668,0.258656,0.26962,0.257528,1,0,0.0378416,0,0.00311972,-0.0437793,-0.000474704,0.0036667,-0.113481,0,0,0,0.00239141,0.183317,0.0104821,-0.0681261,-0.090989,9.96181,9.96246,0,14.9175
2.94,liftoff,-0.00320812,0.299979,-0.00123101,0.0376285,0,0,-0.00221391,-0.180721,0.00133398,0.438447,0.578447,0.58289,0.527016,nan,0.263969,0.270046,0.269416,0.257688,0.258708,0.270046,0.258708,0.269416,0.257688,1,0,0.0376457,0,0.00437792,-0.0437039,-0.000171492,0.00363944,-0.112901,0,0,0,-0.00237645,0.182782,-0.00598077,-0.00761975,-0.0709587,9.91716,9.91741,0,15.0323
2.95,liftoff,-0.00323553,0.301785,-0.00119007,0.037442,0,0,-0.00199784,-0.180615,0.0012173,0.440991,0.580991,0.588165,0.527921,nan,0.264067,0.268984,0.270609,0.25706,0.259594,0.268984,0.259594,0.270609,0.25706,1,0,0.0374616,0,0.00241198,-0.0434644,-0.00182842,0.00350721,-0.112348,0,0,0,-0.0060089,0.17758,0.00281843,-0.0195823,-0.0747235,10.0283,10.0286,0,15.1465
2.96,liftoff,-0.00326052,0.303591,-0.00118036,0.0372271,0,0,-0.00169896,-0.180623,0.00157918,0.443501,0.583501,0.593274,0.528787,nan,0.264165,0.269489,0.270124,0.258648,0.258378,0.269489,0.258378,0.270124,0.258648,1,0,0.037251,0,-0.0023968,-0.0427973,-0.000160501,0.00351325,-0.111719,0,0,0,-0.00263404,0.169951,0.00208652,0.0663425,-0.0440799,9.97512,9.97544,0,15.2623
2.97,liftoff,-0.00328378,0.305398,-0.00124535,0.0370789,0,0,-0.00144947,-0.180695,0.00198082,0.445979,0.585979,0.598566,0.529783,nan,0.264264,0.269965,0.270412,0.257739,0.258919,0.269965,0.258919,0.270412,0.257739,1,0,0.0371035,0,0.0019477,-0.0449416,-0.000715363,0.00371916,-0.111289,0,0,0,-0.00305911,0.160972,0.00190566,0.022844,-0.0260168,9.94745,9.94751,0,15.3743
2.98,liftoff,-0.00330593,0.307204,-0.00114579,0.0368898,0,0,-0.00132294,-0.180621,0.00159135,0.448423,0.588423,0.603863,0.530837,nan,0.264363,0.270699,0.269788,0.259025,0.25792,0.270699,0.25792,0.269788,0.259025,1,0,0.0369296,0,-0.000516696,-0.0446082,0.000886296,0.0034926,-0.110691,0,0,0,0.00732098,0.179219,-0.000686326,0.0456137,0.0520285,9.83095,9.8312,0,15.4887
2.99,liftoff,-0.00332547,0.30901,-0.00123773,0.0366882,0,0,-0.00129329,-0.180592,0.00117542,0.450834,0.590834,0.609177,0.531923,nan,0.264464,0.269614,0.270936,0.257934,0.259351,0.269614,0.259351,0.270936,0.257934,1,0,0.0367289,0,0.000253546,-0.044084,-0.0012039,0.00373876,-0.1101,0,0,0,0.00742265,0.171769,0.000191657,0.0600471,0.010763,9.92309,9.92328,0,15.6037
3,liftoff,-0.00334548,0.310816,-0.00132199,0.0364902,0,0,-0.00124455,-0.180558,0.00177847,0.453211,0.593211,0.61448,0.533052,nan,0.264565,0.269614,0.271117,0.257688,0.25982,0.269614,0.25982,0.271117,0.257688,1,0,0.0365271,0,0.0016702,-0.0440039,-0.00159767,0.00397521,-0.1095,0,0,0,0.00684611,0.176287,-0.00463497,-0.0457682,-0.0118606,9.9231,9.92321,0,15.7185
3.01,liftoff,-0.00336545,0.312621,-0.00131752,0.0362898,0,0,-0.00111396,-0.180594,0.00160561,0.455555,0.595555,0.619817,0.534244,nan,0.265066,0.271144,0.27068,0.259484,0.258858,0.271144,0.258858,0.27068,0.259484,1,0,0.0363373,0,-0.000429385,-0.0444932,0.00047866,0.0039144,-0.108905,0,0,0,-0.000322619,0.170596,-0.000354884,0.110323,-0.0688365,9.83642,9.83727,0,15.8334
3.02,liftoff,-0.0033829,0.314427,-0.00134428,0.0361048,0,0,-0.000944198,-0.180604,0.00158238,0.457866,0.597866,0.625165,0.535481,nan,0.265563,0.271298,0.271454,0.260008,0.259394,0.271298,0.259394,0.271454,0.260008,1,0,0.0361267,0,-0.00204211,-0.0442443,0.000201472,0.00405354,-0.108345,0,0,0,-0.000557365,0.174779,-0.00134706,0.00767791,0.0154576,9.92196,9.92198,0,15.9475
3.03,liftoff,-0.00339898,0.316233,-0.00132459,0.0359016,0,0,-0.000879952,-0.180593,0.00149016,0.460144,0.600144,0.630526,0.536763,nan,0.266051,0.27221,0.271565,0.260609,0.259722,0.27221,0.259722,0.271565,0.260609,1,0,0.0359348,0,-0.00064334,-0.04442,0.000673261,0.00392852,-0.107735,0,0,0,-0.000503167,0.174077,0.00435668,0.0584794,-0.0731723,9.97819,9.97863,0,16.0626
3.04,liftoff,-0.00341398,0.318039,-0.00131853,0.0356866,0,0,-0.000912758,-0.180619,0.0012517,0.462389,0.602389,0.635938,0.538126,nan,0.266524,0.272511,0.271909,0.261176,0.260408,0.272511,0.260408,0.271909,0.261176,1,0,0.0357218,0,-0.000441282,-0.0432691,0.000602316,0.00396633,-0.107102,0,0,0,0.0157186,0.168077,0.00496285,-0.0592793,-0.0244295,10.0378,10.038,0,16.1784
3.05,liftoff,-0.00342849,0.319845,-0.00135576,0.0354853,0,0,-0.000933813,-0.180584,0.000535677,0.464604,0.604604,0.641326,0.539545,nan,0.266981,0.27274,0.272546,0.261051,0.2615,0.27274,0.2615,0.272546,0.261051,1,0,0.0355278,0,0.00170701,-0.0430779,-0.000112279,0.00407583,-0.106485,0,0,0,0.0123315,0.176703,0.00451097,-0.0601636,-0.0215723,9.94938,9.94958,0,16.2934
3.06,liftoff,-0.00344246,0.321651,-0.00142129,0.0352699,0,0,-0.000922337,-0.180554,0.001169,0.466789,0.606789,0.646913,0.54119,nan,0.267419,0.273433,0.272466,0.262612,0.26108,0.273433,0.26108,0.272466,0.262612,1,0,0.0352988,0,-0.0014991,-0.0420803,0.00109836,0.00428651,-0.105853,0,0,0,0.00232501,0.166518,0.0089459,-0.038926,0.00740104,10.0115,10.0115,0,16.4092
3.07,liftoff,-0.00345704,0.323457,-0.00142852,0.0350553,0,0,-0.00102584,-0.180649,0.000842135,0.468946,0.608946,0.652333,0.542863,nan,0.267836,0.272401,0.274501,0.261217,0.263142,0.272401,0.263142,0.274501,0.261217,1,0,0.0351024,0,-0.000461593,-0.0427156,-0.00176891,0.00422875,-0.105189,0,0,0,0.0110094,0.175415,0.000854644,-0.0721609,-0.0828266,10.0482,10.0488,0,16.525
3.08,liftoff,-0.00347287,0.325263,-0.00144593,0.0348672,0,0,-0.00101825,-0.180646,0.00120617,0.471076,0.611076,0.657674,0.544631,nan,0.26823,0.274513,0.273394,0.262875,0.26206,0.274513,0.26206,0.273394,0.262875,1,0,0.0348912,0,0.000802919,-0.0435266,0.000849957,0.00435835,-0.104636,0,0,0,0.0043089,0.173462,-0.00592638,0.0117514,0.00517135,9.95421,9.95422,0,16.6393
3.09,liftoff,-0.00349004,0.327069,-0.00140886,0.0346812,0,0,-0.00095326,-0.18049,0.00218658,0.47318,0.61318,0.66313,0.546578,nan,0.268601,0.274795,0.273817,0.263528,0.262194,0.274795,0.262194,0.273817,0.263528,1,0,0.0347131,0,-0.000942862,-0.0433733,0.00101631,0.00434059,-0.104047,0,0,0,0.0102659,0.182645,0.00701016,-0.0637032,0.0872389,10.1264,10.127,0,16.7534
3.1,liftoff,-0.00350795,0.328872,-0.00123064,0.0344626,0,0,-0.000936466,-0.18018,0.00206817,0.47526,0.61526,0.668418,0.548583,nan,0.26895,0.276259,0.27322,0.264631,0.261623,0.276259,0.261623,0.27322,0.264631,1,0,0.0344926,0,7.84625e-05,-0.0440058,0.00265784,0.00376291,-0.103409,0,0,0,0.0089638,0.178553,0.00407399,-0.0173459,0.0541989,10.1893,10.1894,0,16.8693
3.11,liftoff,-0.00352509,0.330672,-0.00109628,0.0342738,0,0,-0.000979115,-0.179784,0.0014613,0.477318,0.617318,0.673915,0.550855,nan,0.269277,0.274706,0.275146,0.263355,0.263838,0.274706,0.263838,0.275146,0.263355,1,0,0.0342915,0,0.000114348,-0.0429343,-0.000405979,0.00336392,-0.102823,0,0,0,0.0032324,0.189456,-0.00723234,-0.00487337,0.0731013,10.09,10.0903,0,16.9832
3.12,liftoff,-0.00354273,0.332469,-0.00100663,0.0340882,0,0,-0.00104939,-0.179552,0.00149065,0.479355,0.619355,0.679551,0.553355,nan,0.269584,0.275045,0.275972,0.263584,0.263676,0.275045,0.263676,0.275972,0.263584,1,0,0.0340963,0,-0.00221365,-0.045013,-0.000447999,0.0031292,-0.10229,0,0,0,0.0099422,0.169187,-0.000154251,0.0502474,0.123546,10.2126,10.2134,0,17.0968
3.13,liftoff,-0.00356138,0.334263,-0.0010175,0.0339202,0,0,-0.00118976,-0.179363,0.00182707,0.481372,0.621372,0.685097,0.556013,nan,0.269872,0.275889,0.27536,0.263857,0.264326,0.275889,0.264326,0.27536,0.263857,1,0,0.0339421,0,0.00265051,-0.0437057,2.64038e-05,0.00305303,-0.101785,0,0,0,0.0126304,0.180439,-0.00953023,0.0644343,-0.0332658,10.239,10.2393,0,17.2093
3.14,liftoff,-0.00358297,0.336057,-0.00103659,0.0337143,0,0,-0.00124759,-0.179304,0.00195617,0.483371,0.623371,0.69067,0.558871,nan,0.270142,0.275771,0.27607,0.264224,0.26445,0.275771,0.26445,0.27607,0.264224,1,0,0.0337307,0,-0.000196715,-0.0438976,-0.00023047,0.00316369,-0.101152,0,0,0,0.0102673,0.188925,0.00894931,0.0111582,0.0361845,10.1711,10.1711,0,17.3238
3.15,liftoff,-0.00360469,0.33785,-0.00101375,0.0335164,0,0,-0.00121896,-0.17939,0.00229472,0.485352,0.625352,0.696273,0.561917,nan,0.270395,0.276713,0.276135,0.265034,0.263649,0.276713,0.263649,0.276135,0.265034,1,0,0.0335464,0,-0.00213878,-0.0457867,0.00086308,0.00303857,-0.100581,0,0,0,0.00179094,0.1756,0.00980461,-0.00265226,-0.0155427,10.2241,10.2241,0,17.4379
3.16,liftoff,-0.00362675,0.339644,-0.000950353,0.033279,0,0,-0.00111594,-0.179484,0.00297877,0.487317,0.627317,0.701907,0.565145,nan,0.270633,0.277713,0.275325,0.266576,0.262871,0.277713,0.262871,0.275325,0.266576,1,0,0.0333039,0,-0.00349042,-0.0446995,0.00267832,0.00288091,-0.0998793,0,0,0,-0.00330026,0.167131,0.00618602,0.0569248,0.0379724,10.2874,10.2876,0,17.5543
3.17,liftoff,-0.00364925,0.34144,-0.00100353,0.0330628,0,0,-0.00112582,-0.179694,0.00257998,0.489266,0.629266,0.707575,0.568567,nan,0.270857,0.277002,0.276269,0.265255,0.264857,0.277002,0.264857,0.276269,0.265255,1,0,0.0330884,0,0.000888235,-0.0438818,0.000496986,0.00300881,-0.099228,0,0,0,0.00422421,0.17053,-0.00403183,0.028228,-0.0182836,10.1576,10.1577,0,17.6696
3.18,liftoff,-0.00367091,0.343237,-0.000967585,0.0328405,0,0,-0.00118174,-0.179905,0.00179075,0.491201,0.631201,0.713106,0.572067,nan,0.271068,0.277085,0.276211,0.265928,0.265007,0.277085,0.265007,0.276211,0.265928,1,0,0.032857,0,-0.000123749,-0.0423676,0.00078925,0.00291224,-0.0985435,0,0,0,-0.00938884,0.181659,0.00344279,0.119489,0.027513,10.2308,10.2316,0,17.7853
3.19,liftoff,-0.00369219,0.345038,-0.00108823,0.0326661,0,0,-0.00132154,-0.180297,0.00218846,0.493123,0.633123,0.718844,0.575806,nan,0.271268,0.277104,0.27706,0.265152,0.265719,0.277104,0.265719,0.27706,0.265152,1,0,0.0326751,0,0.00162044,-0.0441353,-0.000229544,0.00324254,-0.0980254,0,0,0,0.00513381,0.178028,-0.00265309,0.0914707,-0.0516141,10.2458,10.2463,0,17.8985
3.2,liftoff,-0.00371569,0.346843,-0.00107248,0.0324773,0,0,-0.001474,-0.180747,0.00211037,0.495031,0.635031,0.724679,0.579747,nan,0.271459,0.276984,0.277846,0.265338,0.265631,0.276984,0.265631,0.277846,0.265338,1,0,0.0324995,0,-0.0015087,-0.0452123,-0.000507401,0.00326821,-0.0974673,0,0,0,0.0041582,0.171102,0.00276598,0.0813333,0.0530148,10.3336,10.3341,0,18.0128
3.21,liftoff,-0.00374052,0.348652,-0.00116477,0.0323111,0,0,-0.00166588,-0.181141,0.00138767,0.496927,0.636927,0.730496,0.58383,nan,0.271641,0.277682,0.27741,0.266151,0.265285,0.277682,0.265285,0.27741,0.266151,1,0,0.0323229,0,-0.00157524,-0.0448246,0.000500087,0.00356775,-0.0969624,0,0,0,0.0141227,0.17445,0.000547705,0.0532979,0.0578411,10.2848,10.2851,0,18.1259
3.22,liftoff,-0.00376464,0.350466,-0.00114561,0.0321524,0,0,-0.00186508,-0.181483,0.00133369,0.498811,0.638811,0.736472,0.588116,nan,0.271816,0.279026,0.276361,0.267085,0.264758,0.279026,0.264758,0.276361,0.267085,1,0,0.0321825,0,0.000895983,-0.0446112,0.00219388,0.00345545,-0.096473,0,0,0,-0.00616501,0.185647,-0.00412432,-0.0439726,0.01641,10.29,10.2901,0,18.2389
3.23,liftoff,-0.00378987,0.352282,-0.00117901,0.0320243,0,0,-0.00206039,-0.181799,0.00109092,0.500684,0.640684,0.742374,0.592469,nan,0.271985,0.276472,0.279078,0.265073,0.267283,0.276472,0.267283,0.279078,0.265073,1,0,0.032034,0,-0.00105246,-0.0439472,-0.00211692,0.00360086,-0.0960818,0,0,0,0.00312925,0.187048,0.00147064,-0.0129133,0.0528676,10.3043,10.3044,0,18.3503
3.24,liftoff,-0.00382034,0.354101,-0.00120887,0.0318469,0,0,-0.00234071,-0.182154,0.00210445,0.502546,0.642546,0.748516,0.597043,nan,0.272149,0.277222,0.278839,0.264979,0.267525,0.277222,0.267525,0.278839,0.264979,1,0,0.0318548,0,0.00246369,-0.0446339,-0.00182985,0.00371682,-0.0955545,0,0,0,0.00917619,0.181253,-0.00742237,0.110279,0.106065,10.3624,10.3636,0,18.4648
3.25,liftoff,-0.00385696,0.355925,-0.00125169,0.0316994,0,0,-0.00253998,-0.18255,0.0028016,0.504396,0.644396,0.754508,0.601633,nan,0.27231,0.279917,0.276497,0.267855,0.264939,0.279917,0.264939,0.276497,0.267855,1,0,0.0317048,0,0.00133515,-0.0447538,0.00278503,0.00379665,-0.0951098,0,0,0,-0.00112567,0.187398,0.00229815,0.0196005,0.0390448,10.3143,10.3144,0,18.5777
3.26,liftoff,-0.00389356,0.357752,-0.00125633,0.0315262,0,0,-0.00260353,-0.18292,0.00255584,0.506237,0.646237,0.760547,0.606352,nan,0.272467,0.278748,0.278249,0.266718,0.266123,0.278748,0.266123,0.278249,0.266718,1,0,0.031554,0,-0.00025605,-0.0457698,0.000480439,0.00371981,-0.0946137,0,0,0,-0.00350986,0.171868,0.000829595,-0.0198379,-0.056776,10.3512,10.3513,0,18.6923
3.27,liftoff,-0.00393222,0.359582,-0.00122693,0.03141,0,0,-0.00266098,-0.183245,0.00289746,0.508066,0.648066,0.766634,0.611204,nan,0.272623,0.278468,0.278727,0.266275,0.266991,0.278468,0.266991,0.278727,0.266275,1,0,0.0314481,0,0.00121178,-0.0453396,-0.000428816,0.00377491,-0.0942266,0,0,0,0.000443354,0.189342,-0.0011674,0.0343735,0.107265,10.3958,10.3964,0,18.8039
3.28,liftoff,-0.00397127,0.361416,-0.00121654,0.0312766,0,0,-0.00267505,-0.183513,0.00170068,0.509886,0.649886,0.772769,0.616186,nan,0.272777,0.277931,0.279046,0.266374,0.267728,0.277931,0.267728,0.279046,0.266374,1,0,0.0313037,0,0.000633538,-0.0433434,-0.00108564,0.00368735,-0.0938647,0,0,0,0.00243064,0.172611,-0.00412341,0.0497023,0.0319211,10.3396,10.3398,0,18.9166
3.29,liftoff,-0.00400749,0.363252,-0.00127292,0.0311341,0,0,-0.00260428,-0.183789,0.0018356,0.511695,0.651695,0.778955,0.621254,nan,0.272931,0.278887,0.278987,0.267148,0.266672,0.278887,0.266672,0.278987,0.267148,1,0,0.031128,0,-0.00152644,-0.0455787,0.000165089,0.00386865,-0.0934103,0,0,0,-0.0108709,0.186978,0.000280107,-0.0566892,0.0484039,10.4055,10.4058,0,19.03
3.3,liftoff,-0.00404386,0.365091,-0.00128501,0.0310182,0,0,-0.00253499,-0.183933,0.00230383,0.513494,0.653494,0.785052,0.626337,nan,0.273085,0.279566,0.278642,0.267569,0.266531,0.279566,0.266531,0.278642,0.267569,1,0,0.031036,0,-0.000300205,-0.0456796,0.000862286,0.00392311,-0.0930641,0,0,0,-0.00383578,0.184784,-0.00112139,0.0489632,0.0830611,10.4477,10.4482,0,19.142
3.31,liftoff,-0.00407989,0.36693,-0.00143773,0.0309313,0,0,-0.00236128,-0.183876,0.00227124,0.515283,0.655283,0.79134,0.631595,nan,0.273239,0.27919,0.279363,0.267487,0.266885,0.27919,0.266885,0.279363,0.267487,1,0,0.030959,0,-0.00205333,-0.0458171,0.000188402,0.00441237,-0.0927951,0,0,0,0.00936969,0.187996,-0.0061604,0.0296151,0.0915529,10.4528,10.4532,0,19.2523
3.32,liftoff,-0.00411406,0.368768,-0.00156196,0.0308025,0,0,-0.00229048,-0.183732,0.00199561,0.517061,0.657061,0.797682,0.63695,nan,0.273394,0.28028,0.27833,0.267863,0.267072,0.28028,0.267072,0.27833,0.267863,1,0,0.0308588,0,0.0030745,-0.0448609,0.00120504,0.00469924,-0.0924322,0,0,0,-0.00063963,0.180754,-0.00524334,0.0275864,0.00257634,10.4812,10.4812,0,19.365
3.33,liftoff,-0.00414637,0.370604,-0.00149137,0.0306551,0,0,-0.002196,-0.183549,0.0020868,0.518829,0.658829,0.804077,0.642374,nan,0.27355,0.279051,0.279893,0.266758,0.268466,0.279051,0.268466,0.279893,0.266758,1,0,0.0306805,0,0.00229878,-0.0449455,-0.00112118,0.00460227,-0.0919658,0,0,0,0.00673491,0.18063,0.006594,-0.0408049,0.105115,10.4427,10.4433,0,19.4787
3.34,liftoff,-0.00417838,0.37244,-0.00144254,0.0305166,0,0,-0.00205716,-0.183562,0.00223054,0.520587,0.660587,0.810527,0.647883,nan,0.273706,0.280177,0.279149,0.268119,0.267349,0.280177,0.267349,0.279149,0.268119,1,0,0.0305403,0,0.000684111,-0.0452066,0.000789877,0.00437461,-0.091567,0,0,0,0.00734689,0.184506,0.00999655,-0.0397275,0.0194377,10.422,10.4221,0,19.5918
3.35,liftoff,-0.00420775,0.374276,-0.0014143,0.0303716,0,0,-0.00189151,-0.183749,0.00125555,0.522334,0.662334,0.817032,0.653479,nan,0.273863,0.280761,0.278701,0.269334,0.266624,0.280761,0.266624,0.278701,0.269334,1,0,0.0303916,0,-0.00172455,-0.0445369,0.00209683,0.00429987,-0.0911376,0,0,0,0.0128795,0.180723,-0.000785508,0.0838867,0.0377802,10.4017,10.4022,0,19.7053
3.36,liftoff,-0.00423174,0.376115,-0.00153157,0.0302443,0,0,-0.00171596,-0.184179,0.000471754,0.524071,0.664071,0.823667,0.659208,nan,0.27402,0.279644,0.280307,0.268501,0.267597,0.279644,0.267597,0.280307,0.268501,1,0,0.0302737,0,-0.00415476,-0.0451973,0.000105983,0.00460622,-0.0907546,0,0,0,-0.00081174,0.182856,-0.00257764,-0.0264248,-0.00208464,10.4538,10.4538,0,19.818
3.37,liftoff,-0.0042551,0.377959,-0.00149426,0.0301568,0,0,-0.00163827,-0.184701,0.00123298,0.525797,0.665797,0.830286,0.664956,nan,0.274179,0.281158,0.279281,0.269476,0.266768,0.281158,0.266768,0.279281,0.269476,1,0,0.0301791,0,-0.00220567,-0.0458468,0.00201516,0.00459314,-0.0904829,0,0,0,0.0199895,0.18181,0.00498219,-0.00547161,0.0717681,10.4621,10.4623,0,19.9287
3.38,liftoff,-0.00427671,0.379809,-0.00147901,0.0300447,0,0,-0.00157793,-0.185253,0.000851497,0.527512,0.667512,0.836963,0.670762,nan,0.274338,0.280338,0.280029,0.2693,0.267655,0.280338,0.267655,0.280029,0.2693,1,0,0.0300762,0,-0.00354329,-0.0443606,0.000858825,0.00448046,-0.0901536,0,0,0,0.0165899,0.184138,0.00619197,-0.0456822,0.00218078,10.5705,10.5706,0,20.0411
3.39,liftoff,-0.00429906,0.381664,-0.0013909,0.0299442,0,0,-0.00151728,-0.185742,0.00142288,0.529217,0.669217,0.843699,0.67666,nan,0.274499,0.281018,0.280028,0.269444,0.267474,0.281018,0.267474,0.280028,0.269444,1,0,0.0299809,0,-0.00259853,-0.0457189,0.00130055,0.00419455,-0.0898562,0,0,0,0.00534311,0.181589,0.0104683,-0.000105312,0.000834235,10.504,10.504,0,20.1531
3.4,liftoff,-0.00432176,0.383522,-0.00148901,0.0298507,0,0,-0.00151101,-0.185983,0.00102822,0.530911,0.670911,0.850277,0.682525,nan,0.27466,0.28074,0.280622,0.268793,0.268453,0.28074,0.268453,0.280622,0.268793,1,0,0.0299013,0,-0.000586672,-0.0456953,0.000201123,0.00454112,-0.0895664,0,0,0,0.0111594,0.184322,-0.00326967,-0.0427316,0.0383564,10.484,10.4841,0,20.265
3.41,liftoff,-0.00434352,0.385383,-0.00148888,0.029793,0,0,-0.00147846,-0.186031,0.000873905,0.532595,0.672595,0.857131,0.688584,nan,0.274821,0.281264,0.280815,0.268877,0.268297,0.281264,0.268297,0.280815,0.268877,1,0,0.0298294,0,-0.000345981,-0.04719,0.000452641,0.00461577,-0.0893709,0,0,0,0.0117474,0.182391,0.000219058,-0.0572914,0.109331,10.4315,10.4322,0,20.3749
3.42,liftoff,-0.00436691,0.387242,-0.00144491,0.0296768,0,0,-0.00139133,-0.185916,0.00191003,0.534267,0.674267,0.864155,0.694761,nan,0.274983,0.280957,0.280801,0.268982,0.269161,0.280957,0.269161,0.280801,0.268982,1,0,0.0296772,0,0.000890123,-0.0447468,-1.00417e-05,0.00444366,-0.0890302,0,0,0,0.00270233,0.185035,-0.00116557,-0.0383022,0.0881686,10.5047,10.5052,0,20.4881
3.43,liftoff,-0.00439193,0.389101,-0.00162391,0.0295972,0,0,-0.00128211,-0.185779,0.00182838,0.535929,0.675929,0.871132,0.700966,nan,0.275146,0.28196,0.280552,0.269598,0.268441,0.28196,0.268441,0.280552,0.269598,1,0,0.0296531,0,0.000664913,-0.0463721,0.00112727,0.0049416,-0.0887928,0,0,0,0.00997342,0.193329,-0.00229968,-0.072824,0.028274,10.4543,10.4546,0,20.5992
3.44,liftoff,-0.00441151,0.390958,-0.00171295,0.0295227,0,0,-0.00106417,-0.185627,0.000579367,0.53758,0.67758,0.878344,0.707303,nan,0.27531,0.281235,0.281119,0.269001,0.269853,0.281235,0.269853,0.281119,0.269001,1,0,0.0295483,0,0.00256976,-0.0445277,-0.000323453,0.0052234,-0.0885747,0,0,0,0.000815401,0.185238,-0.00809835,-0.0585268,0.0564374,10.508,10.5083,0,20.7098
3.45,liftoff,-0.00442784,0.392813,-0.00153785,0.029442,0,0,-0.000630979,-0.185499,0.00199082,0.53922,0.67922,0.885447,0.713627,nan,0.275475,0.280828,0.281888,0.269154,0.269998,0.280828,0.269998,0.281888,0.269154,1,0,0.0294837,0,-0.000572627,-0.0446493,-0.000836504,0.00476294,-0.088313,0,0,0,0.0122978,0.185759,-0.00505593,-0.0707777,0.100798,10.4923,10.493,0,20.8208
3.46,liftoff,-0.00444407,0.394668,-0.00153647,0.0293676,0,0,-0.000235779,-0.185344,0.00241267,0.540849,0.680849,0.892614,0.720009,nan,0.275641,0.281646,0.281545,0.269716,0.269625,0.281646,0.269625,0.281545,0.269716,1,0,0.0293865,0,2.68123e-05,-0.045192,8.41392e-05,0.00474063,-0.088096,0,0,0,0.0109399,0.186693,0.000490087,-0.0607478,0.0874031,10.4856,10.4861,0,20.9313
3.47,liftoff,-0.00445737,0.39652,-0.00152596,0.0292951,0,0,2.94926e-05,-0.185117,0.00211394,0.542467,0.682467,0.899844,0.726445,nan,0.275809,0.281512,0.282024,0.269596,0.270071,0.281512,0.270071,0.282024,0.269596,1,0,0.0293215,0,-9.8885e-05,-0.0452293,-0.000433744,0.00474638,-0.0878469,0,0,0,0.00639333,0.192406,-0.00248835,-0.0999895,0.114911,10.5048,10.5059,0,21.0416
3.48,liftoff,-0.00446759,0.39837,-0.00154644,0.0292161,0,0,0.000159805,-0.184841,0.00187589,0.544073,0.684073,0.906985,0.732858,nan,0.275978,0.281382,0.282633,0.269749,0.270115,0.281382,0.270115,0.282633,0.269749,1,0,0.0292483,0,-0.0023465,-0.04576,-0.000710689,0.00475922,-0.0876591,0,0,0,0.00541238,0.175847,-0.00410684,-0.102653,0.0662394,10.4482,10.4489,0,21.1521
3.49,liftoff,-0.0044772,0.400216,-0.00158867,0.0290842,0,0,0.000237658,-0.18446,0.0021231,0.545669,0.685669,0.914345,0.739407,nan,0.276149,0.281111,0.28325,0.269101,0.271101,0.281111,0.271101,0.28325,0.269101,1,0,0.0291339,0,-0.000369521,-0.045777,-0.00181936,0.0047963,-0.0872729,0,0,0,-0.00116331,0.182991,0.0107584,-0.0581705,0.010708,10.5282,10.5284,0,21.2654
3.5,liftoff,-0.00448944,0.402059,-0.00153042,0.0289746,0,0,0.000276284,-0.184137,0.00297811,0.547252,0.687252,0.921644,0.745948,nan,0.276321,0.282119,0.282423,0.270355,0.270353,0.282119,0.270353,0.282423,0.270355,1,0,0.0289945,0,-0.000808126,-0.0451602,-0.000132709,0.00464879,-0.0869443,0,0,0,0.0072758,0.181648,-0.00835499,0.019034,0.0369578,10.6038,10.6039,0,21.3773
3.51,liftoff,-0.00450329,0.403899,-0.00136049,0.0289437,0,0,0.00030497,-0.18392,0.00323393,0.548824,0.688824,0.929135,0.752617,nan,0.276495,0.283299,0.281836,0.270889,0.269921,0.283299,0.269921,0.281836,0.270889,1,0,0.0289615,0,0.00131154,-0.0460907,0.00106849,0.00414463,-0.0868416,0,0,0,0.00724452,0.187709,-0.00482943,0.0363756,0.047597,10.5187,10.5189,0,21.4845
3.52,liftoff,-0.00451533,0.405737,-0.00115504,0.0288367,0,0,0.000343751,-0.18369,0.00254097,0.550385,0.690385,0.936845,0.759417,nan,0.27667,0.282921,0.282543,0.270835,0.270346,0.282921,0.270346,0.282543,0.270835,1,0,0.0288461,0,-0.000294659,-0.0460116,0.000380281,0.00356942,-0.0865315,0,0,0,0.00620039,0.172989,-0.00473974,-0.0403987,0.0768436,10.5434,10.5437,0,21.596
3.53,liftoff,-0.00452553,0.407572,-0.00135622,0.0287733,0,0,0.000354661,-0.183413,0.00189187,0.551934,0.691934,0.944472,0.766219,nan,0.276847,0.282241,0.283196,0.270222,0.271692,0.282241,0.271692,0.283196,0.270222,1,0,0.0288047,0,0.00136827,-0.0445716,-0.0010657,0.00412512,-0.0863453,0,0,0,0.0146267,0.179563,0.000282527,-0.0604454,0.0149013,10.6397,10.6399,0,21.7048
3.54,liftoff,-0.00453632,0.409405,-0.00124998,0.0286866,0,0,0.000369012,-0.18307,0.00288442,0.553471,0.693471,0.952285,0.773124,nan,0.277025,0.283158,0.282644,0.271651,0.270611,0.283158,0.270611,0.282644,0.271651,1,0,0.0286969,0,-0.0013951,-0.0446056,0.000682691,0.00394116,-0.0860152,0,0,0,-0.00259862,0.178949,0.000603354,-0.10591,0.156406,10.5586,10.5603,0,21.8147
3.55,liftoff,-0.00454762,0.411234,-0.00137448,0.0285764,0,0,0.000322141,-0.182801,0.0031162,0.554996,0.694996,0.960048,0.780012,nan,0.277205,0.283238,0.283211,0.271519,0.270814,0.283238,0.270814,0.283211,0.271519,1,0,0.028597,0,-0.00179959,-0.0456952,0.000321787,0.00423059,-0.085733,0,0,0,0.00106988,0.18223,-0.0115537,-0.0659201,0.0757069,10.5836,10.5841,0,21.9258
3.56,liftoff,-0.00456198,0.413061,-0.00144638,0.0285018,0,0,0.000211276,-0.182651,0.0033746,0.556509,0.696509,0.967882,0.786983,nan,0.277386,0.283682,0.283202,0.271655,0.270968,0.283682,0.270968,0.283202,0.271655,1,0,0.0285135,0,-0.000546732,-0.0459694,0.000512977,0.00448818,-0.0854941,0,0,0,0.00115246,0.179164,-0.00706835,-0.0812782,0.111182,10.6493,10.6502,0,22.0348
3.57,liftoff,-0.00457792,0.414887,-0.00147656,0.0284075,0,0,3.55836e-05,-0.182504,0.00249077,0.55801,0.69801,0.975785,0.794026,nan,0.277568,0.285015,0.282293,0.27259,0.270339,0.285015,0.270339,0.282293,0.27259,1,0,0.0284298,0,0.00125162,-0.0461926,0.00218553,0.0045375,-0.0852308,0,0,0,0.00631193,0.181132,-0.00474235,-0.0588825,0.0698172,10.6304,10.6308,0,22.1448
3.58,liftoff,-0.00459039,0.416711,-0.00150599,0.028322,0,0,-3.90947e-05,-0.182332,0.00190896,0.559499,0.699499,0.983759,0.801133,nan,0.277752,0.284935,0.282826,0.272725,0.270487,0.284935,0.270487,0.282826,0.272725,1,0,0.0283542,0,-0.000339582,-0.0465159,0.00191075,0.00466829,-0.0849622,0,0,0,0.00462686,0.175934,0.00563879,-0.0518272,0.119684,10.5731,10.5739,0,22.2542
3.59,liftoff,-0.00460109,0.418533,-0.00149595,0.0282265,0,0,-8.9528e-05,-0.182169,0.0014949,0.560975,0.700975,0.991804,0.80832,nan,0.277938,0.284441,0.283406,0.272814,0.271053,0.284441,0.271053,0.283406,0.272814,1,0,0.0282447,0,-0.00192484,-0.0454372,0.00122863,0.00451752,-0.0847046,0,0,0,0.00828127,0.180926,0.00287792,-0.0294569,0.000686204,10.6138,10.6138,0,22.3641
3.6,liftoff,-0.00461038,0.420354,-0.00128969,0.0281129,0,0,-0.000150907,-0.181905,0.000965262,0.562439,0.702439,0.999922,0.815589,nan,0.278124,0.283219,0.285104,0.270932,0.273205,0.283219,0.273205,0.285104,0.270932,1,0,0.0281347,0,0.00102901,-0.0458294,-0.00182767,0.00391494,-0.0843655,0,0,0,0.00781256,0.178791,-0.00181215,-0.0846635,0.0114559,10.5663,10.5666,0,22.4749
3.61,liftoff,-0.00462289,0.422171,-0.00130083,0.0280493,0,0,-0.000208933,-0.181654,0.00196358,0.563891,0.703891,1.00811,0.822927,nan,0.278313,0.283687,0.284798,0.272301,0.272427,0.283687,0.272427,0.284798,0.272301,1,0,0.0280838,0,-0.00261531,-0.0450137,-0.000543488,0.003952,-0.0841783,0,0,0,0.00764925,0.176038,-0.0106464,-0.0433485,0.0198851,10.592,10.5921,0,22.5827
3.62,liftoff,-0.00463934,0.423987,-0.00124446,0.0279387,0,0,-0.000362921,-0.181451,0.00232017,0.565329,0.705329,1.01638,0.83032,nan,0.278502,0.284953,0.283919,0.272903,0.272195,0.284953,0.272195,0.283919,0.272903,1,0,0.0279477,0,0.000866254,-0.045047,0.000765734,0.00377522,-0.0838373,0,0,0,0.0103584,0.183066,0.000543962,-0.00336036,0.0135849,10.6444,10.6444,0,22.6931
3.63,liftoff,-0.00465614,0.425801,-0.00102129,0.0277618,0,0,-0.000400962,-0.181407,0.00169598,0.566756,0.706756,1.02472,0.837777,nan,0.278693,0.284366,0.284657,0.272745,0.272965,0.284366,0.272965,0.284657,0.272745,1,0,0.0277765,0,-0.000189657,-0.0441725,-0.000224606,0.00316417,-0.0832972,0,0,0,0.00194743,0.179374,0.00616986,-0.0953999,0.057611,10.6016,10.6022,0,22.8072
3.64,liftoff,-0.00467428,0.427615,-0.000992953,0.0276798,0,0,-0.000469197,-0.181525,0.00295558,0.568169,0.708169,1.03313,0.845311,nan,0.278885,0.283971,0.28574,0.272169,0.27362,0.283971,0.27362,0.28574,0.272169,1,0,0.0276647,0,-0.000845114,-0.0453261,-0.00141532,0.00306306,-0.0830477,0,0,0,0.00680862,0.186324,-0.00371894,-0.0437437,0.053839,10.6273,10.6275,0,22.9158
3.65,liftoff,-0.00469829,0.42943,-0.00102585,0.0276894,0,0,-0.000577548,-0.181365,0.0034023,0.56957,0.70957,1.04162,0.852905,nan,0.27908,0.284972,0.28515,0.272977,0.273183,0.284972,0.273183,0.28515,0.272977,1,0,0.0276992,0,7.37348e-05,-0.0454042,-0.000169125,0.00318928,-0.0830744,0,0,0,0.000212719,0.17955,-0.00189094,-0.0172232,0.100111,10.5728,10.5733,0,23.0193
3.66,liftoff,-0.00472308,0.431241,-0.00101018,0.0276387,0,0,-0.000751279,-0.18081,0.00241058,0.570957,0.710957,1.05006,0.860458,nan,0.27928,0.286257,0.284327,0.273815,0.27268,0.286257,0.27268,0.284327,0.273815,1,0,0.0276475,0,0.00210649,-0.045643,0.00134711,0.0030261,-0.0829358,0,0,0,0.000950716,0.185098,-0.00856075,0.0230531,-0.0155195,10.5525,10.5525,0,23.1259
3.67,liftoff,-0.00474353,0.433045,-0.00117607,0.0275417,0,0,-0.000859328,-0.180025,0.00177759,0.572331,0.712331,1.0587,0.868139,nan,0.279484,0.286652,0.284313,0.274501,0.272428,0.286652,0.272428,0.284313,0.274501,1,0,0.0275697,0,0.000707325,-0.0455426,0.0019391,0.00350505,-0.0826619,0,0,0,-0.00446467,0.17343,0.00230572,-0.000835667,-0.0276606,10.663,10.663,0,23.2349
3.68,liftoff,-0.00476425,0.43484,-0.00118826,0.0274861,0,0,-0.000974928,-0.178857,0.00182421,0.573691,0.713691,1.06727,0.875802,nan,0.279691,0.285904,0.28563,0.273891,0.273298,0.285904,0.273298,0.28563,0.273891,1,0,0.0275351,0,-0.000846157,-0.0461263,0.000380894,0.00357903,-0.0824892,0,0,0,-0.00225818,0.177319,-0.000215384,0.00156859,0.00558835,10.5695,10.5695,0,23.3409
3.69,liftoff,-0.00478682,0.436622,-0.00140042,0.02735,0,0,-0.0010942,-0.177419,0.00237178,0.575037,0.715037,1.07606,0.883582,nan,0.279902,0.287042,0.28457,0.274897,0.273057,0.287042,0.273057,0.28457,0.274897,1,0,0.0273875,0,0.00167704,-0.0448263,0.00189581,0.00422462,-0.0820874,0,0,0,0.00436015,0.172885,0.00116408,-0.0392483,0.000110787,10.5593,10.5594,0,23.4508
3.7,liftoff,-0.004811,0.438389,-0.00150816,0.0273126,0,0,-0.0011061,-0.175912,0.00204709,0.576369,0.716369,1.08493,0.891415,nan,0.280117,0.286472,0.285954,0.274572,0.273428,0.286472,0.273428,0.285954,0.274572,1,0,0.0273527,0,-0.00165775,-0.0462819,0.000730774,0.00453847,-0.0819729,0,0,0,0.00179331,0.174644,-0.00168684,-0.0919555,-0.00769832,10.6083,10.6087,0,23.5542
3.71,liftoff,-0.00483455,0.440141,-0.00136295,0.0271521,0,0,-0.00108045,-0.174397,0.00189757,0.577687,0.717687,1.09389,0.899332,nan,0.280339,0.286463,0.286158,0.274373,0.274316,0.286463,0.274316,0.286158,0.274373,1,0,0.0272129,0,0.000657557,-0.0453446,0.000158774,0.00411146,-0.0815012,0,0,0,-0.00306616,0.167461,-0.00850326,-0.0272515,0.0105128,10.5877,10.5877,0,23.6638
3.72,liftoff,-0.00485569,0.441878,-0.00121785,0.0271356,0,0,-0.00108805,-0.173001,0.000555451,0.578989,0.718989,1.10292,0.907307,nan,0.280566,0.286075,0.286822,0.274186,0.275133,0.286075,0.275133,0.286822,0.274186,1,0,0.0271427,0,0.000527145,-0.0446756,-0.000744562,0.00353283,-0.0814221,0,0,0,-0.00473759,0.173426,0.00793854,-0.0631847,-0.10402,10.6251,10.6258,0,23.7642
3.73,liftoff,-0.00487531,0.443602,-0.001293,0.0270356,0,0,-0.00116201,-0.171803,0.00149441,0.580276,0.720276,1.11203,0.915325,nan,0.280798,0.286369,0.287112,0.274281,0.275382,0.286369,0.275382,0.287112,0.274281,1,0,0.0270106,0,0.00095027,-0.0451278,-0.00081058,0.00360803,-0.0809887,0,0,0,0.000515074,0.163861,-0.00681238,-0.20578,-0.182148,10.6363,10.6399,0,23.8688
3.74,liftoff,-0.00489992,0.445315,-0.00138425,0.0268427,0,0,-0.00133904,-0.170788,0.00162068,0.581548,0.721548,1.12104,0.923266,nan,0.281035,0.286797,0.28691,0.275486,0.274898,0.286797,0.274898,0.28691,0.275486,1,0,0.0268779,0,-0.00186255,-0.0441925,0.000208734,0.00398588,-0.0805257,0,0,0,0.00431796,0.163557,0.00519714,-0.110355,-0.137127,10.6335,10.635,0,23.978
3.75,liftoff,-0.00492648,0.447018,-0.00139574,0.026826,0,0,-0.0015287,-0.169876,0.00224559,0.582803,0.722803,1.13031,0.931333,nan,0.281276,0.28672,0.287399,0.274956,0.275979,0.28672,0.275979,0.287399,0.274956,1,0,0.0268246,0,0.000915008,-0.0439279,-0.000747891,0.00395813,-0.0804276,0,0,0,-0.00306021,0.165373,0.00347677,-0.161044,-0.156598,10.7609,10.7632,0,24.0765
3.76,liftoff,-0.00495884,0.448713,-0.00147592,0.026757,0,0,-0.0016478,-0.169156,0.00283998,0.584043,0.724043,1.13951,0.93934,nan,0.281521,0.286939,0.287403,0.275987,0.275705,0.286939,0.275705,0.287403,0.275987,1,0,0.0268246,0,-0.0019785,-0.0429171,-8.03398e-05,0.00448529,-0.0803125,0,0,0,-0.0111347,0.164271,-0.00800915,-0.183356,0.0111776,10.7461,10.7477,0,24.1776
3.77,liftoff,-0.00499411,0.450402,-0.00154412,0.0267571,0,0,-0.00182636,-0.168537,0.0026088,0.585266,0.725266,1.14894,0.947461,nan,0.28177,0.28793,0.28716,0.276231,0.275707,0.28793,0.275707,0.28716,0.276231,1,0,0.0267445,0,0.000653098,-0.0438687,0.000568265,0.0043813,-0.0802094,0,0,0,-0.00393722,0.156532,-0.00869813,-0.249956,-0.0650771,10.6774,10.6805,0,24.2743
3.78,liftoff,-0.00502981,0.452084,-0.00138882,0.0265988,0,0,-0.00190878,-0.168026,0.00344695,0.586472,0.726472,1.15846,0.955632,nan,0.282021,0.288961,0.286268,0.277534,0.275272,0.288961,0.275272,0.286268,0.277534,1,0,0.0266283,0,0.00114386,-0.0424883,0.00217734,0.00437532,-0.0797748,0,0,0,0.0111183,0.165795,-0.00275284,-0.276062,-0.00902369,10.6705,10.6741,0,24.3798
3.79,liftoff,-0.00506465,0.453763,-0.00144014,0.0265567,0,0,-0.00188634,-0.167657,0.00242322,0.587661,0.727661,1.16805,0.96384,nan,0.282276,0.287686,0.287964,0.276754,0.27665,0.287686,0.27665,0.287964,0.276754,1,0,0.0265745,0,-0.00101056,-0.0421511,-7.62254e-05,0.00424019,-0.0797074,0,0,0,0.0151539,0.161687,0.00329107,-0.22043,-0.0370544,10.5941,10.5965,0,24.4784
3.8,liftoff,-0.00509987,0.455438,-0.00170767,0.0265557,0,0,-0.00197028,-0.167448,0.00224146,0.588833,0.728833,1.17781,0.972121,nan,0.282534,0.289046,0.287641,0.277265,0.276132,0.289046,0.276132,0.287641,0.277265,1,0,0.0265925,0,0.000722596,-0.0441315,0.00111536,0.00519156,-0.0797041,0,0,0,-0.00474598,0.166941,-0.00665612,-0.171858,0.0108754,10.5882,10.5896,0,24.5745
3.81,liftoff,-0.00513181,0.457112,-0.0016822,0.0264111,0,0,-0.00202823,-0.167344,0.00167146,0.589988,0.729988,1.18757,0.980393,nan,0.282794,0.287934,0.289524,0.276278,0.277388,0.287934,0.277388,0.289524,0.276278,1,0,0.0264396,0,-0.00127196,-0.0450812,-0.00118695,0.00529749,-0.0791755,0,0,0,0.00888705,0.157995,0.00332124,-0.206958,0.0805916,10.7076,10.7099,0,24.6787
3.82,liftoff,-0.00516564,0.458785,-0.00167464,0.0263436,0,0,-0.00207945,-0.167311,0.00201769,0.591125,0.731125,1.19742,0.988736,nan,0.283056,0.288532,0.289001,0.27678,0.277858,0.288532,0.277858,0.289001,0.27678,1,0,0.0263764,0,0.00161719,-0.0433831,-0.000680237,0.00518153,-0.0790463,0,0,0,-0.000517436,0.157353,-0.00897535,-0.134421,0.0751992,10.7398,10.7409,0,24.7784
3.83,liftoff,-0.00520102,0.460458,-0.00206003,0.026388,0,0,-0.00209984,-0.167356,0.00195395,0.592245,0.732245,1.20734,0.997149,nan,0.283321,0.288702,0.289937,0.277135,0.277455,0.288702,0.277455,0.289937,0.277135,1,0,0.0264486,0,-0.00242625,-0.045569,-0.000683417,0.00607526,-0.0791886,0,0,0,0.00336758,0.16857,0.00660912,-0.174499,-0.0631418,10.6643,10.6659,0,24.8718
3.84,liftoff,-0.00523499,0.462131,-0.00191945,0.0263303,0,0,-0.0020568,-0.167194,0.00134518,0.593348,0.733348,1.21736,1.00563,nan,0.283587,0.288279,0.29026,0.277029,0.278728,0.288279,0.278728,0.29026,0.277029,1,0,0.0263945,0,-0.000745791,-0.043168,-0.00161767,0.00591602,-0.0790031,0,0,0,0.0124178,0.167194,0.0209398,-0.109365,0.0694268,10.6802,10.681,0,24.9709
3.85,liftoff,-0.0052686,0.463802,-0.00197533,0.026367,0,0,-0.00187087,-0.167006,0.00244532,0.594432,0.734432,1.22745,1.01416,nan,0.283856,0.287954,0.291809,0.275611,0.279997,0.287954,0.279997,0.291809,0.275611,1,0,0.0264486,0,0.00140726,-0.0457677,-0.00362249,0.00600927,-0.0791309,0,0,0,-0.00679532,0.168233,-0.00581928,-0.0641561,0.0521688,10.7833,10.7836,0,25.0646
3.86,liftoff,-0.00530604,0.46547,-0.0019215,0.0262847,0,0,-0.00153098,-0.166584,0.00297305,0.595498,0.735498,1.23747,1.02267,nan,0.284128,0.289842,0.290095,0.278516,0.278004,0.289842,0.278004,0.290095,0.278516,1,0,0.0263402,0,-0.00202951,-0.0443703,0.000114109,0.00574858,-0.0788774,0,0,0,0.000567709,0.182678,-0.00378968,-0.126017,-0.0283177,10.6903,10.691,0,25.1649
3.87,liftoff,-0.00534012,0.467133,-0.0019886,0.026337,0,0,-0.00116406,-0.166014,0.00286783,0.596546,0.736546,1.24774,1.0313,nan,0.284401,0.290695,0.290119,0.278051,0.278683,0.290695,0.278683,0.290119,0.278051,1,0,0.0264035,0,0.00320687,-0.0456254,-2.43646e-05,0.00600944,-0.0790696,0,0,0,0.00739653,0.158157,-0.00403567,-0.0595675,0.00412212,10.6738,10.674,0,25.2572
3.88,liftoff,-0.00536769,0.468789,-0.00200025,0.0263989,0,0,-0.000618023,-0.165316,0.00312102,0.597576,0.737576,1.25809,1.03998,nan,0.284676,0.290493,0.290802,0.278595,0.278758,0.290493,0.278758,0.290802,0.278595,1,0,0.0264847,0,-0.000387244,-0.0453657,-0.000207834,0.00610443,-0.0792276,0,0,0,-0.00459987,0.163213,-0.00906979,-0.0979825,0.0528807,10.6938,10.6944,0,25.3486
3.89,liftoff,-0.00539325,0.470439,-0.0017455,0.026596,0,0,-0.000165198,-0.164612,0.00331748,0.598588,0.738588,1.26854,1.04874,nan,0.284953,0.290748,0.290806,0.279296,0.278906,0.290748,0.278906,0.290806,0.279296,1,0,0.0266373,0,-0.00119048,-0.0442458,0.000145761,0.00521016,-0.0798265,0,0,0,0.00527345,0.171585,-0.00890894,-0.216973,-0.026088,10.7246,10.7268,0,25.4318
3.9,liftoff,-0.00541128,0.472082,-0.00149056,0.0266574,0,0,0.000199107,-0.163967,0.00252575,0.599581,0.739581,1.27906,1.05753,nan,0.285232,0.29097,0.291514,0.278347,0.280042,0.29097,0.280042,0.291514,0.278347,1,0,0.0267177,0,0.00305361,-0.0456542,-0.000984141,0.00451492,-0.0800277,0,0,0,0.0167781,0.161063,-0.0096665,-0.093407,-0.00347599,10.7585,10.7589,0,25.5224
3.91,liftoff,-0.00542687,0.473717,-0.0014077,0.0267213,0,0,0.000534546,-0.163139,0.00320092,0.600555,0.740555,1.28968,1.0664,nan,0.285513,0.291079,0.291594,0.279297,0.280027,0.291079,0.280027,0.291594,0.279297,1,0,0.0267623,0,0.000571199,-0.0442415,-0.000547508,0.00412694,-0.0802064,0,0,0,0.00640883,0.157441,0.00206183,-0.173461,-0.0569515,10.7225,10.7241,0,25.6125
3.92,liftoff,-0.00544118,0.475345,-0.00154847,0.0269247,0,0,0.000879938,-0.162303,0.00279948,0.60151,0.74151,1.30039,1.07532,nan,0.285796,0.292339,0.291013,0.280516,0.27926,0.292339,0.27926,0.291013,0.280516,1,0,0.0268867,0,0.000186531,-0.0446704,0.00113489,0.00437633,-0.0806358,0,0,0,0.00653264,0.166336,0.00136185,-0.285443,-0.0303842,10.8386,10.8424,0,25.694
3.93,liftoff,-0.00544815,0.476964,-0.00166282,0.0272222,0,0,0.00121955,-0.16148,0.00260902,0.602447,0.742447,1.31118,1.08429,nan,0.286081,0.292511,0.291169,0.281398,0.279189,0.292511,0.279189,0.291169,0.281398,1,0,0.0271427,0,-0.00230308,-0.043756,0.00156097,0.00472094,-0.0813373,0,0,0,0.0102738,0.149225,0.00659781,-0.307468,-0.0622704,10.7261,10.7306,0,25.7698
3.94,liftoff,-0.00545158,0.478575,-0.00174491,0.0271409,0,0,0.00140508,-0.160768,0.0027062,0.603364,0.743364,1.32207,1.0933,nan,0.286367,0.291726,0.292628,0.279811,0.281247,0.291726,0.281247,0.292628,0.279811,1,0,0.0272041,0,0.00141671,-0.0441437,-0.00102773,0.00516769,-0.081477,0,0,0,0.00801992,0.155202,-0.000186452,-0.244179,-0.03018,10.6214,10.6243,0,25.8667
3.95,liftoff,-0.00545589,0.480179,-0.00152601,0.0275568,0,0,0.00144271,-0.160094,0.00239849,0.604262,0.744262,1.33305,1.10235,nan,0.286655,0.292463,0.293086,0.280473,0.280541,0.292463,0.280541,0.293086,0.280473,1,0,0.0275524,0,-0.00147351,-0.0464888,-0.000303688,0.00482596,-0.0826099,0,0,0,0.00812563,0.161447,0.00887714,-0.212497,0.0912705,10.7872,10.7897,0,25.9348
3.96,liftoff,-0.00545736,0.481776,-0.00140131,0.0275608,0,0,0.00144602,-0.159379,0.00244556,0.605141,0.745141,1.34416,1.1115,nan,0.286945,0.293568,0.292355,0.281828,0.27997,0.293568,0.27997,0.292355,0.281828,1,0,0.0276129,0,-0.0017133,-0.0457118,0.00134973,0.00422075,-0.0827491,0,0,0,0.0205086,0.153599,-0.00221599,-0.209217,-0.0187818,10.7371,10.7391,0,26.0261
3.97,liftoff,-0.00545672,0.483367,-0.00131669,0.0279264,0,0,0.00130931,-0.158686,0.0010061,0.606001,0.746001,1.35532,1.1207,nan,0.287235,0.293354,0.293155,0.28165,0.280723,0.293354,0.280723,0.293155,0.28165,1,0,0.0279306,0,-0.00193319,-0.0457316,0.000494661,0.00414642,-0.083782,0,0,0,0.0147497,0.158452,-0.00390454,-0.172166,0.0796049,10.8566,10.8583,0,26.0963
3.98,liftoff,-0.00545387,0.48495,-0.000948362,0.0280111,0,0,0.000959114,-0.157933,0.00100388,0.606841,0.746841,1.36639,1.12987,nan,0.287527,0.293218,0.293627,0.282347,0.280858,0.293218,0.280858,0.293627,0.282347,1,0,0.0280158,0,-0.00503218,-0.0447932,0.000474951,0.00303087,-0.0840423,0,0,0,0.0155553,0.160004,0.00298019,-0.15586,0.0843545,10.8083,10.8097,0,26.1822
3.99,liftoff,-0.00545433,0.486526,-0.0010779,0.027792,0,0,0.000509106,-0.157211,7.44124e-05,0.607662,0.747662,1.37773,1.13918,nan,0.28782,0.293859,0.293792,0.281584,0.281987,0.293859,0.281987,0.293792,0.281584,1,0,0.027828,0,0.00124654,-0.0456288,-0.000147653,0.00321834,-0.0834282,0,0,0,0.00112011,0.162997,-0.00827633,-0.0702986,-0.0236004,10.7651,10.7654,0,26.285
4,liftoff,-0.00545935,0.488094,-0.000889323,0.027982,0,0,0.000103784,-0.156388,0.00153495,0.608463,0.748463,1.38917,1.14854,nan,0.288115,0.294502,0.293722,0.282214,0.28196,0.294502,0.28196,0.293722,0.282214,1,0,0.0280158,0,0.00139592,-0.0455692,0.000454513,0.00259347,-0.0839937,0,0,0,0.00240059,0.159434,0.00369096,-0.224435,-0.0294507,10.7112,10.7136,0,26.364
4.01,liftoff,-0.00547007,0.489654,-0.00116148,0.0282868,0,0,-0.000197176,-0.155513,0.000801896,0.609245,0.749245,1.4007,1.15797,nan,0.28841,0.295182,0.293347,0.283276,0.281775,0.295182,0.281775,0.293347,0.283276,1,0,0.0283205,0,0.000884651,-0.0444855,0.00146604,0.00347241,-0.0849382,0,0,0,0.00650007,0.145736,0.00159391,-0.0758113,-0.0282925,10.7368,10.7371,0,26.4359
4.02,liftoff,-0.00548323,0.491206,-0.00110068,0.0283517,0,0,-0.000336514,-0.154924,0.00114803,0.610007,0.750007,1.41232,1.16746,nan,0.288704,0.293846,0.295222,0.281935,0.283754,0.293846,0.283754,0.295222,0.281935,1,0,0.0283878,0,0.00117398,-0.0442967,-0.00140441,0.00316206,-0.0850904,0,0,0,0.00553859,0.148856,-0.0121858,-0.155697,-0.0946554,10.7253,10.7269,0,26.5211
4.03,liftoff,-0.00549974,0.492753,-0.00147635,0.0287192,0,0,-0.000485795,-0.154521,0.00169516,0.610749,0.750749,1.42404,1.177,nan,0.288998,0.294591,0.295102,0.28238,0.28386,0.294591,0.28386,0.295102,0.28238,1,0,0.0287633,0,0.00257255,-0.0444398,-0.000875145,0.00431172,-0.0862209,0,0,0,-0.00535247,0.142453,-0.00415805,-0.120749,-0.0886981,10.8128,10.8139,0,26.5887
4.04,liftoff,-0.00551805,0.494297,-0.00174388,0.0289655,0,0,-0.000566165,-0.154291,0.00187192,0.611472,0.751472,1.43584,1.18659,nan,0.289291,0.294945,0.295322,0.283311,0.283527,0.294945,0.283527,0.295322,0.283311,1,0,0.0290109,0,-0.000424785,-0.0443942,-0.000260589,0.00502134,-0.0868818,0,0,0,0.0018989,0.14925,0.0086501,-0.250025,-0.0801583,10.7804,10.7836,0,26.663
4.05,liftoff,-0.00553983,0.495839,-0.00147967,0.0292569,0,0,-0.000662494,-0.15417,0.00261533,0.612175,0.752175,1.44775,1.19626,nan,0.289584,0.294913,0.29619,0.282648,0.284524,0.294913,0.284524,0.29619,0.282648,1,0,0.0291012,0,0.00158753,-0.045344,-0.00138592,0.00440347,-0.0872511,0,0,0,0.00227183,0.146039,0.00396199,-0.376201,-0.0236495,10.8267,10.8332,0,26.7347
4.06,liftoff,-0.00556662,0.49738,-0.00130456,0.0296547,0,0,-0.000822514,-0.154133,0.00257392,0.612859,0.752859,1.45976,1.20601,nan,0.289876,0.295875,0.295693,0.284232,0.283645,0.295875,0.283645,0.295693,0.284232,1,0,0.0295967,0,-0.00107566,-0.04489,0.000338437,0.0042216,-0.0887875,0,0,0,0.00900878,0.149148,-0.00161893,-0.315679,0.00855985,10.7996,10.8042,0,26.8002
4.07,liftoff,-0.00559216,0.498921,-0.00115428,0.0297075,0,0,-0.000917255,-0.154052,0.00200505,0.613523,0.753523,1.47187,1.21582,nan,0.290168,0.295109,0.296956,0.283215,0.285333,0.295109,0.285333,0.296956,0.283215,1,0,0.0297253,0,0.000720156,-0.0445582,-0.00174307,0.00343875,-0.0891782,0,0,0,-0.00128905,0.160193,-0.0068942,-0.224638,-0.0189668,10.7721,10.7745,0,26.8855
4.08,liftoff,-0.00561651,0.500461,-0.00101343,0.0299413,0,0,-0.00104135,-0.153885,0.0015735,0.614168,0.754168,1.48407,1.22569,nan,0.290457,0.295889,0.296988,0.283931,0.284965,0.295889,0.284965,0.296988,0.283931,1,0,0.0299411,0,-0.000171024,-0.0454389,-0.000937723,0.00321606,-0.0898466,0,0,0,0.0061879,0.148709,0.00865834,-0.181848,0.0843356,10.8458,10.8476,0,26.9603
4.09,liftoff,-0.00564246,0.501998,-0.00122698,0.0302994,0,0,-0.00112791,-0.153565,0.00198452,0.614793,0.754793,1.49638,1.23564,nan,0.290746,0.296133,0.297763,0.284215,0.284816,0.296133,0.284816,0.297763,0.284215,1,0,0.0303445,0,-0.00272986,-0.0471144,-0.000980359,0.00374035,-0.0909708,0,0,0,0.00784141,0.146532,-0.00229663,-0.232376,0.0026417,10.8889,10.8914,0,27.0279
4.1,liftoff,-0.00567166,0.503531,-0.0015342,0.0304432,0,0,-0.00120354,-0.153074,0.00297222,0.6154,0.7554,1.50878,1.24568,nan,0.291033,0.297367,0.297096,0.285343,0.28427,0.297367,0.28427,0.297096,0.285343,1,0,0.0305013,0,-0.00212594,-0.047086,0.000590627,0.00467992,-0.0914005,0,0,0,-0.00389776,0.142087,0.000656151,-0.148038,0.0368949,10.857,10.8581,0,27.1075
4.11,liftoff,-0.00570339,0.505059,-0.00137287,0.0304831,0,0,-0.00128903,-0.152407,0.00271369,0.615987,0.755987,1.52129,1.25575,nan,0.29132,0.297345,0.297548,0.285271,0.285057,0.297345,0.285057,0.297548,0.285271,1,0,0.0304934,0,-0.00110822,-0.0465449,4.64939e-06,0.00415223,-0.0915084,0,0,0,0.00181927,0.156893,-0.00103761,-0.162446,0.00322855,10.8228,10.824,0,27.1928
4.12,liftoff,-0.0057375,0.506579,-0.00119079,0.030563,0,0,-0.00142437,-0.151653,0.00303554,0.616555,0.756555,1.53389,1.26591,nan,0.291605,0.297951,0.297365,0.285884,0.285164,0.297951,0.285164,0.297365,0.285884,1,0,0.0306105,0,-0.00035656,-0.0459819,0.000574121,0.00363284,-0.0917375,0,0,0,-0.00753237,0.15928,0.00893082,-0.237405,0.0105226,10.8643,10.8669,0,27.2753
4.13,liftoff,-0.00577239,0.508091,-0.00143382,0.0309915,0,0,-0.00153935,-0.150767,0.00219479,0.617105,0.757105,1.5466,1.27617,nan,0.291891,0.299084,0.296668,0.286828,0.284926,0.299084,0.284926,0.296668,0.286828,1,0,0.0310283,0,0.00136262,-0.045473,0.00189773,0.00416765,-0.0930266,0,0,0,-0.00311972,0.143731,-0.000760268,-0.202614,-0.0775643,10.8238,10.8259,0,27.3374
4.14,liftoff,-0.00580373,0.509594,-0.00156182,0.0313976,0,0,-0.0016208,-0.149765,0.00189047,0.617635,0.757635,1.55941,1.28649,nan,0.292176,0.298255,0.29809,0.285775,0.286527,0.298255,0.286527,0.29809,0.285775,1,0,0.0314405,0,0.00243303,-0.0455567,-0.000258768,0.00464242,-0.0942656,0,0,0,-0.0105085,0.14801,0.0178649,-0.256737,-0.0242978,10.864,10.867,0,27.4003
4.15,liftoff,-0.00583505,0.511087,-0.00170216,0.0317209,0,0,-0.00154938,-0.148617,0.00213366,0.618146,0.758146,1.57233,1.29688,nan,0.292461,0.29754,0.299566,0.285498,0.287184,0.29754,0.287184,0.299566,0.285498,1,0,0.0316973,0,-0.000899828,-0.0462787,-0.00163114,0.00482492,-0.0950437,0,0,0,0.00577079,0.131812,0.00260075,-0.315123,-0.123638,10.9036,10.9088,0,27.4672
4.16,liftoff,-0.00587095,0.512567,-0.00178929,0.031905,0,0,-0.00148709,-0.147403,0.00270711,0.618638,0.758638,1.58534,1.30735,nan,0.292746,0.29966,0.297859,0.287312,0.286098,0.29966,0.286098,0.297859,0.287312,1,0,0.0318698,0,0.00155497,-0.0456822,0.00132502,0.00508291,-0.0954668,0,0,0,0.0096221,0.136187,0.000407292,-0.363055,-0.127687,10.9438,10.9505,0,27.5415
4.17,liftoff,-0.00590273,0.514034,-0.00179738,0.031868,0,0,-0.0013379,-0.146087,0.00175877,0.619111,0.759111,1.59847,1.3179,nan,0.293032,0.298661,0.299569,0.286387,0.287452,0.298661,0.287452,0.299569,0.286387,1,0,0.0319072,0,0.000414706,-0.046217,-0.00086683,0.00523664,-0.0956304,0,0,0,0.0176936,0.139684,0.00316802,-0.207138,-0.121836,10.7976,10.8003,0,27.6277
4.18,liftoff,-0.00593095,0.515489,-0.00181776,0.0319692,0,0,-0.00111147,-0.14479,0.00201002,0.619565,0.759565,1.6117,1.32854,nan,0.293317,0.299184,0.299479,0.287667,0.286883,0.299184,0.286883,0.299479,0.287667,1,0,0.0319818,0,-0.00286094,-0.0456883,0.000214713,0.00572045,-0.0958242,0,0,0,-0.000153138,0.140467,-0.00562139,-0.322049,0.0346083,10.9231,10.9279,0,27.7053
4.19,liftoff,-0.00595536,0.516931,-0.00169737,0.0324986,0,0,-0.000905483,-0.143522,0.00187949,0.62,0.76,1.62503,1.33925,nan,0.293603,0.298168,0.301141,0.286369,0.288677,0.298168,0.288677,0.301141,0.286369,1,0,0.0325362,0,-0.00176566,-0.0459737,-0.00232151,0.00531294,-0.0974978,0,0,0,0.0107014,0.14084,0.00574365,-0.239414,0.0901077,10.9109,10.9139,0,27.7576
4.2,liftoff,-0.00598008,0.51836,-0.0013897,0.0327973,0,0,-0.000731592,-0.14224,0.0022577,0.620416,0.760416,1.63848,1.35,nan,0.293889,0.300217,0.299776,0.288113,0.287393,0.300217,0.287393,0.299776,0.288113,1,0,0.0328207,0,-0.000741427,-0.0463985,0.00050994,0.00441853,-0.0983448,0,0,0,0.00671941,0.147184,-0.00732388,-0.276216,0.0983095,10.9999,11.0038,0,27.8224
4.21,liftoff,-0.00600136,0.519776,-0.00145768,0.0330517,0,0,-0.000620763,-0.14088,0.00185016,0.620813,0.760813,1.65203,1.36082,nan,0.294175,0.300054,0.300565,0.287891,0.288133,0.300054,0.288133,0.300565,0.287891,1,0,0.0331028,0,-0.000717024,-0.0466017,-0.000330946,0.00456822,-0.0991775,0,0,0,0.013189,0.143365,0.00176326,-0.238688,0.073537,10.9472,10.95,0,27.8889
4.22,liftoff,-0.00602305,0.521177,-0.00135581,0.0334016,0,0,-0.000594574,-0.139435,0.00247782,0.621191,0.761191,1.66569,1.3717,nan,0.294462,0.301207,0.300222,0.288778,0.287583,0.301207,0.287583,0.300222,0.288778,1,0,0.0334396,0,-0.000556373,-0.0474976,0.000958131,0.0041094,-0.100279,0,0,0,0.00326228,0.145946,-0.0029156,-0.148506,0.0134133,10.9247,10.9257,0,27.9492
4.23,liftoff,-0.00604583,0.522565,-0.00153609,0.0336549,0,0,-0.000484152,-0.137971,0.00237517,0.62155,0.76155,1.67946,1.38265,nan,0.294748,0.301664,0.300231,0.288945,0.288095,0.301664,0.288095,0.300231,0.288945,1,0,0.0336883,0,0.00154718,-0.0470945,0.00100348,0.00445058,-0.10101,0,0,0,-0.00109188,0.138325,-0.00116091,-0.29417,-0.060094,10.912,10.9162,0,28.0142
4.24,liftoff,-0.00607099,0.523937,-0.00161329,0.0338036,0,0,-0.000283865,-0.136426,0.00346421,0.621889,0.761889,1.69334,1.39366,nan,0.295035,0.302346,0.299855,0.289848,0.288035,0.302346,0.288035,0.299855,0.289848,1,0,0.0338436,0,0.00179799,-0.0460756,0.00189164,0.00464764,-0.101427,0,0,0,0.00952673,0.132615,-0.00692829,-0.293331,-0.0875984,10.9241,10.9284,0,28.0843
4.25,liftoff,-0.00609564,0.525292,-0.00166043,0.0340352,0,0,-5.13658e-05,-0.134477,0.00298157,0.62221,0.76221,1.70732,1.40473,nan,0.295326,0.30174,0.301267,0.288945,0.289293,0.30174,0.289293,0.301267,0.288945,1,0,0.0339491,0,0.00217819,-0.0469323,5.47731e-05,0.00469844,-0.101801,0,0,0,0.00234811,0.135625,0.00149214,-0.399678,-0.0976745,10.9732,10.9809,0,28.1487
4.26,liftoff,-0.00611782,0.526625,-0.00177739,0.0345656,0,0,0.000150893,-0.13195,0.00281199,0.62251,0.76251,1.72142,1.41584,nan,0.295621,0.30242,0.300655,0.290766,0.288586,0.30242,0.288586,0.300655,0.290766,1,0,0.0345616,0,-0.00110189,-0.0449502,0.00173378,0.00505079,-0.103578,0,0,0,0.00839905,0.123339,-0.000117795,-0.360849,-0.0855326,10.9188,10.9251,0,28.1947
4.27,liftoff,-0.00613482,0.52793,-0.00178777,0.0350878,0,0,0.000334112,-0.128947,0.00218258,0.622791,0.762791,1.73564,1.42698,nan,0.295921,0.302602,0.301251,0.29066,0.28911,0.302602,0.28911,0.301251,0.29066,1,0,0.0349731,0,-0.000526009,-0.0456332,0.0012752,0.00527813,-0.104778,0,0,0,0.0135978,0.132515,0.00214673,-0.440665,-0.0408959,10.918,10.927,0,28.2395
4.28,liftoff,-0.00614745,0.529204,-0.0019923,0.0353656,0,0,0.000507368,-0.12547,0.00242183,0.623052,0.763052,1.74996,1.43815,nan,0.296223,0.302172,0.301726,0.291157,0.289778,0.302172,0.289778,0.301726,0.291157,1,0,0.0354067,0,-0.00247421,-0.0435127,0.00080204,0.0062559,-0.106037,0,0,0,0.0110158,0.128497,-0.0113999,-0.376131,-0.00435933,10.9085,10.915,0,28.2966
4.29,liftoff,-0.00616069,0.53044,-0.00164035,0.0354841,0,0,0.000595462,-0.121649,0.0026712,0.623293,0.763293,1.76439,1.4494,nan,0.296529,0.302507,0.302243,0.290477,0.290828,0.302507,0.290828,0.302243,0.290477,1,0,0.0355546,0,0.0016328,-0.0444235,-3.85926e-05,0.00508116,-0.106522,0,0,0,-0.00501677,0.114649,-0.00589784,-0.32797,0.0222609,10.8956,10.9005,0,28.3606
4.3,liftoff,-0.0061749,0.531638,-0.00144564,0.0354048,0,0,0.000658773,-0.117669,0.00243844,0.623513,0.763513,1.77894,1.46068,nan,0.296838,0.303276,0.3023,0.291367,0.290345,0.303276,0.290345,0.3023,0.291367,1,0,0.035474,0,-0.000120875,-0.0452167,0.000878086,0.00434004,-0.106337,0,0,0,0.0062579,0.114377,0.000411464,-0.299556,-0.0171657,10.9817,10.9858,0,28.4338
4.31,liftoff,-0.00618543,0.532797,-0.00120658,0.0353737,0,0,0.000647249,-0.114049,0.00214035,0.623712,0.763712,1.7936,1.47202,nan,0.297152,0.30316,0.302549,0.291706,0.291129,0.30316,0.291129,0.302549,0.291706,1,0,0.0354269,0,8.97975e-05,-0.0433411,0.00052187,0.00376858,-0.106215,0,0,0,0.0053722,0.10943,-0.00229601,-0.286745,0.0403482,10.9209,10.9247,0,28.502
4.32,liftoff,-0.00619673,0.533922,-0.00128788,0.0354704,0,0,0.000578436,-0.110902,0.00248636,0.62389,0.76389,1.80838,1.48338,nan,0.297472,0.302041,0.304618,0.289731,0.293433,0.302041,0.293433,0.304618,0.289731,1,0,0.0355345,0,0.00298703,-0.0445195,-0.00276014,0.00381057,-0.106548,0,0,0,0.00730809,0.10031,0.00188151,-0.214437,-0.0508593,10.9369,10.9392,0,28.5609
4.33,liftoff,-0.00621403,0.535017,-0.00141525,0.0357262,0,0,0.000494858,-0.108076,0.00299654,0.624047,0.764047,1.82326,1.49477,nan,0.297797,0.304158,0.302941,0.292256,0.291767,0.304158,0.291767,0.302941,0.292256,1,0,0.0357352,0,0.00193199,-0.0437245,0.000749381,0.0039643,-0.107108,0,0,0,0.00402133,0.106465,-0.0117389,-0.343472,-0.159791,10.9639,10.9705,0,28.609
4.34,liftoff,-0.00623046,0.536085,-0.00173954,0.0362723,0,0,0.000383167,-0.105621,0.00246619,0.624182,0.764182,1.83827,1.50616,nan,0.298126,0.304841,0.302795,0.293569,0.291232,0.304841,0.291232,0.302795,0.293569,1,0,0.0361795,0,-0.000771962,-0.0432656,0.00192631,0.00519263,-0.108361,0,0,0,0.00445359,0.101444,0.00900678,-0.433981,-0.0227858,11.0009,11.0095,0,28.6389
4.35,liftoff,-0.00624579,0.537131,-0.00189101,0.0366155,0,0,0.000156367,-0.103601,0.00271925,0.624295,0.764295,1.85338,1.51755,nan,0.298458,0.304916,0.303216,0.293471,0.292164,0.304916,0.292164,0.303216,0.293471,1,0,0.0366053,0,0.00104356,-0.0426276,0.00132184,0.00539473,-0.109701,0,0,0,0.0159815,0.102403,0.00548216,-0.391545,-0.109449,10.8207,10.8284,0,28.6792
4.36,liftoff,-0.00626174,0.538159,-0.00182817,0.036771,0,0,-0.00012966,-0.10194,0.00190249,0.624385,0.764385,1.86861,1.52895,nan,0.298793,0.303522,0.305251,0.292382,0.293952,0.303522,0.293952,0.305251,0.292382,1,0,0.0368455,0,-0.000423234,-0.042518,-0.00145026,0.00573949,-0.110353,0,0,0,0.0182091,0.0977087,0.00810506,-0.338211,0.050188,10.8024,10.8078,0,28.7292
4.37,liftoff,-0.00627887,0.539172,-0.00181026,0.0370362,0,0,-0.000327328,-0.100588,0.00164797,0.624453,0.764453,1.88395,1.54035,nan,0.299131,0.304982,0.304911,0.292964,0.293599,0.304982,0.293599,0.304911,0.292964,1,0,0.0370971,0,0.00187144,-0.0442066,-0.000247962,0.00565511,-0.111154,0,0,0,0.000542278,0.0971292,0.00737386,-0.300381,0.0985606,10.9119,10.9165,0,28.772
4.38,liftoff,-0.00629346,0.540172,-0.00201549,0.037263,0,0,-0.000268013,-0.0994685,0.000985008,0.624499,0.764499,1.89941,1.55175,nan,0.299471,0.304447,0.305997,0.293386,0.293983,0.304447,0.293983,0.305997,0.293386,1,0,0.0373533,0,-0.00252703,-0.0437216,-0.00094361,0.00620103,-0.111906,0,0,0,0.00172994,0.0884354,-0.00532219,-0.221394,0.0900034,10.913,10.9156,0,28.8164
4.39,liftoff,-0.00630867,0.541162,-0.00198193,0.0372836,0,0,-0.000200586,-0.0985084,0.00215186,0.624522,0.764522,1.91498,1.56321,nan,0.299812,0.30533,0.306118,0.293664,0.294066,0.30533,0.294066,0.306118,0.293664,1,0,0.0373915,0,-0.00102538,-0.0449405,-0.000523277,0.00600725,-0.112003,0,0,0,-0.00448124,0.0882847,0.00473885,-0.262522,0.0134158,10.9024,10.9056,0,28.8719
4.4,liftoff,-0.00632921,0.542142,-0.0018687,0.037352,0,0,-5.80842e-05,-0.0975571,0.00290095,0.624522,0.764522,1.93067,1.57472,nan,0.300154,0.306029,0.305771,0.294545,0.294203,0.306029,0.294203,0.305771,0.294545,1,0,0.0374107,0,-0.000222847,-0.0436791,0.000263431,0.00577345,-0.112162,0,0,0,0.00535668,0.0932031,0.00155376,-0.38901,-0.00812666,10.9377,10.9446,0,28.9242
4.41,liftoff,-0.00634867,0.543114,-0.00232056,0.0374902,0,0,6.67703e-05,-0.0968023,0.00258016,0.624499,0.764499,1.94647,1.58627,nan,0.300496,0.306377,0.306077,0.295509,0.293954,0.306377,0.293954,0.306077,0.295509,1,0,0.037576,0,-0.00332636,-0.043563,0.000815135,0.00680863,-0.112575,0,0,0,0.00970238,0.0937644,-0.000639901,-0.369662,-0.0546193,11.052,11.0583,0,28.9719
4.42,liftoff,-0.00636658,0.54408,-0.00211599,0.0382269,0,0,0.000186766,-0.0965155,0.0028108,0.624453,0.764453,1.96239,1.59786,nan,0.300836,0.307298,0.305711,0.295975,0.294295,0.307298,0.294295,0.305711,0.295975,1,0,0.0381428,0,-0.000248148,-0.0430847,0.00143619,0.00624532,-0.114252,0,0,0,-0.0111276,0.0888753,0.00347061,-0.47231,-0.0379531,11.0226,11.0328,0,28.9851
4.43,liftoff,-0.00638247,0.545045,-0.00194951,0.038599,0,0,0.000282954,-0.0967197,0.00242096,0.624385,0.764385,1.97842,1.60948,nan,0.301175,0.304849,0.309039,0.293048,0.297695,0.304849,0.297695,0.309039,0.293048,1,0,0.0385532,0,0.00121525,-0.0438552,-0.00388421,0.00615345,-0.115573,0,0,0,0.0120859,0.0931174,0.000448674,-0.450289,0.0718691,11.0315,11.0409,0,29.0191
4.44,liftoff,-0.00640347,0.546014,-0.00167449,0.0388116,0,0,0.00034854,-0.0971717,0.00319089,0.624294,0.764294,1.99435,1.621,nan,0.301511,0.307538,0.306972,0.296255,0.295211,0.307538,0.295211,0.306972,0.296255,1,0,0.0388734,0,-0.00126851,-0.0436639,0.00070701,0.00523922,-0.116502,0,0,0,0.0129972,0.100102,-0.00104103,-0.381271,0.0227083,11.0296,11.0362,0,29.0624
4.45,liftoff,-0.00642284,0.546989,-0.00149012,0.0390374,0,0,0.000432425,-0.0979088,0.00318049,0.624181,0.764181,2.01061,1.63267,nan,0.301845,0.308103,0.307607,0.296444,0.29516,0.308103,0.29516,0.307607,0.296444,1,0,0.0390692,0,-0.00208787,-0.045677,0.000782125,0.00473482,-0.117106,0,0,0,0.010608,0.108498,0.000795167,-0.354995,0.0972974,11.0104,11.0165,0,29.1053
4.46,liftoff,-0.00644121,0.547972,-0.00120397,0.0392844,0,0,0.000401135,-0.0988533,0.00333663,0.624046,0.764046,2.027,1.64439,nan,0.302179,0.307159,0.308963,0.295619,0.296906,0.307159,0.296906,0.308963,0.295619,1,0,0.0393671,0,-0.0013699,-0.0447108,-0.00135827,0.00364057,-0.118011,0,0,0,0.00108962,0.0883207,-0.00769537,-0.305637,-0.000898818,10.9398,10.944,0,29.1475
4.47,liftoff,-0.00646203,0.548966,-0.00124879,0.039193,0,0,0.000303442,-0.0999166,0.00299364,0.623889,0.763889,2.0435,1.65614,nan,0.30251,0.309158,0.307453,0.297814,0.29555,0.309158,0.29555,0.307453,0.297814,1,0,0.0392154,0,-0.00148397,-0.044051,0.00174428,0.00360546,-0.117677,0,0,0,0.00258452,0.105654,-0.00480805,-0.398703,-0.030603,10.981,10.9883,0,29.2097
4.48,liftoff,-0.0064789,0.549969,-0.00160418,0.0394357,0,0,0.000156346,-0.100719,0.00292613,0.623709,0.763709,2.06011,1.66794,nan,0.302838,0.309003,0.308369,0.297348,0.296567,0.309003,0.296567,0.308369,0.297348,1,0,0.03947,0,-0.000387612,-0.0444468,0.000622019,0.00460364,-0.11838,0,0,0,0.00281574,0.0886519,-0.00130933,-0.388565,-0.0664106,11.1141,11.1211,0,29.2533
4.49,liftoff,-0.00649989,0.550979,-0.00199657,0.0399221,0,0,2.10853e-05,-0.101358,0.00280548,0.623508,0.763508,2.07685,1.67979,nan,0.303163,0.310025,0.308071,0.29817,0.29632,0.310025,0.29632,0.308071,0.29817,1,0,0.0399563,0,0.000274931,-0.0447279,0.00167168,0.00571121,-0.119705,0,0,0,0.00283679,0.108415,0.00367078,-0.416011,-0.0825962,11.0244,11.0325,0,29.2833
4.5,liftoff,-0.00651937,0.551994,-0.00190593,0.0407485,0,0,-2.62504e-05,-0.101699,0.00246278,0.623285,0.763286,2.09353,1.69159,nan,0.303485,0.308354,0.310563,0.296646,0.298312,0.308354,0.298312,0.310563,0.296646,1,0,0.0406895,0,-0.00144036,-0.0453995,-0.00170333,0.00600687,-0.121953,0,0,0,0.0121668,0.108802,-0.00244374,-0.45982,0.0135371,10.9204,10.9301,0,29.2941
4.51,liftoff,-0.00654216,0.553011,-0.00159319,0.0411201,0,0,-7.49493e-05,-0.1016,0.00332389,0.623041,0.763041,2.1105,1.70352,nan,0.303804,0.310645,0.309066,0.298331,0.297112,0.310645,0.297112,0.309066,0.298331,1,0,0.0411962,0,0.000953121,-0.0459848,0.00122983,0.00495729,-0.123458,0,0,0,0.0128062,0.0978539,0.0112201,-0.344818,0.0536279,11.1273,11.1328,0,29.3311
4.52,liftoff,-0.0065652,0.554025,-0.00136946,0.0413122,0,0,-0.000114018,-0.101194,0.00319148,0.622776,0.762776,2.12759,1.7155,nan,0.304122,0.31007,0.310516,0.297745,0.298094,0.31007,0.298094,0.310516,0.297745,1,0,0.0413348,0,-0.000257326,-0.0468921,-0.000349549,0.00435888,-0.123953,0,0,0,0.00592042,0.0993098,-0.00475785,-0.377953,0.0959628,11.0682,11.0751,0,29.3782
4.53,liftoff,-0.00658914,0.555034,-0.00105785,0.0419418,0,0,-0.000160144,-0.100628,0.00327502,0.62249,0.76249,2.14481,1.72751,nan,0.304438,0.311229,0.310076,0.298673,0.297713,0.311229,0.297713,0.310076,0.298673,1,0,0.0419816,0,0.000510189,-0.0472155,0.000928913,0.00328927,-0.125944,0,0,0,0.00324712,0.0997215,-0.00304584,-0.336811,0.0379113,10.9359,10.9411,0,29.3999
4.54,liftoff,-0.00661181,0.556036,-0.000841743,0.042158,0,0,-8.22293e-05,-0.0997091,0.00262798,0.622182,0.762182,2.16214,1.73957,nan,0.304753,0.312003,0.309681,0.299217,0.298048,0.312003,0.298048,0.309681,0.299217,1,0,0.0421799,0,0.00306086,-0.0462683,0.00153448,0.00232999,-0.126546,0,0,0,0.00155229,0.0972373,-0.00422718,-0.430804,-0.0367864,10.9847,10.9932,0,29.445
4.55,liftoff,-0.00663135,0.557028,-0.000952476,0.0426701,0,0,3.73672e-05,-0.0985737,0.00201207,0.621854,0.761854,2.17959,1.75167,nan,0.305067,0.311062,0.311421,0.298759,0.298964,0.311062,0.298964,0.311421,0.298759,1,0,0.042585,0,-0.000408562,-0.0469149,-0.000247738,0.00262315,-0.127679,0,0,0,0.00973247,0.100913,-0.00501163,-0.518363,-0.0791328,11.0404,11.0529,0,29.4725
4.56,liftoff,-0.00664886,0.558006,-0.0011382,0.0434403,0,0,0.00012822,-0.0971302,0.00215805,0.621505,0.761505,2.19717,1.76382,nan,0.30538,0.311499,0.311751,0.299293,0.298914,0.311499,0.298914,0.311751,0.299293,1,0,0.0433398,0,-0.00167316,-0.0474526,5.62755e-05,0.00322594,-0.129969,0,0,0,0.011813,0.0816626,0.00629856,-0.588002,-0.114547,11.0162,11.0324,0,29.4844
4.57,liftoff,-0.00666498,0.558969,-0.0015497,0.0439645,0,0,8.66085e-05,-0.0952902,0.00166253,0.621135,0.761135,2.21486,1.77603,nan,0.305692,0.311405,0.312333,0.29913,0.299837,0.311405,0.299837,0.312333,0.29913,1,0,0.043843,0,-0.000585561,-0.0469354,-0.000718945,0.00459345,-0.131446,0,0,0,0.00283195,0.0948228,0.00560702,-0.587774,-0.037254,10.9961,11.0119,0,29.5095
4.58,liftoff,-0.00668012,0.559912,-0.00138346,0.0444188,0,0,7.20619e-06,-0.0932231,0.0014019,0.620744,0.760744,2.23268,1.78829,nan,0.306003,0.312776,0.311285,0.301391,0.298497,0.312776,0.298497,0.311285,0.301391,1,0,0.0444318,0,-0.00372207,-0.0458026,0.00192678,0.00437646,-0.133306,0,0,0,0.0047308,0.0940887,-0.00282664,-0.462813,0.0151608,11.046,11.0557,0,29.5375
4.59,liftoff,-0.00669127,0.560835,-0.00150317,0.0447436,0,0,-0.000133459,-0.0911479,0.00146398,0.620332,0.760332,2.25062,1.8006,nan,0.306313,0.311763,0.313366,0.299809,0.300251,0.311763,0.300251,0.313366,0.299809,1,0,0.0447793,0,-0.00307927,-0.0474998,-0.00089878,0.00471663,-0.1343,0,0,0,0.000343134,0.089055,0.00481547,-0.440967,0.0346007,11.03,11.0389,0,29.5718
4.6,liftoff,-0.00670838,0.561736,-0.00134237,0.044837,0,0,-0.000309876,-0.0890588,0.00176813,0.6199,0.7599,2.26869,1.81294,nan,0.306622,0.313379,0.312204,0.300893,0.299952,0.313379,0.299952,0.312204,0.300893,1,0,0.0449175,0,0.000622656,-0.0468743,0.000930261,0.00403604,-0.134684,0,0,0,0.0046261,0.0771325,-0.00175446,-0.329205,-0.0119664,10.999,11.0039,0,29.6181
4.61,liftoff,-0.00672934,0.562616,-0.00185821,0.045073,0,0,-0.000416474,-0.086953,0.00268684,0.619447,0.759447,2.28687,1.82531,nan,0.306931,0.313363,0.312567,0.301268,0.300463,0.313363,0.300463,0.312567,0.301268,1,0,0.0451346,0,-2.44448e-05,-0.0458541,0.000703655,0.00535443,-0.135285,0,0,0,0.000537068,0.0863574,-0.00194556,-0.416216,-0.105503,11.0447,11.053,0,29.655
4.62,liftoff,-0.00675481,0.563475,-0.00179588,0.045353,0,0,-0.000562372,-0.0847683,0.00280023,0.618974,0.758974,2.30519,1.83772,nan,0.307238,0.314341,0.312623,0.301514,0.300413,0.314341,0.300413,0.312623,0.301514,1,0,0.04544,0,0.00163747,-0.047441,0.00123961,0.00532075,-0.136231,0,0,0,0.00860842,0.07128,-0.00668081,-0.488658,-0.0239661,11.1133,11.1241,0,29.6882
4.63,liftoff,-0.00678109,0.564312,-0.00217362,0.0459172,0,0,-0.000580532,-0.0824945,0.00301982,0.61848,0.75848,2.32362,1.85018,nan,0.307544,0.313383,0.31369,0.300602,0.30244,0.313383,0.30244,0.31369,0.300602,1,0,0.0459046,0,0.00406265,-0.0455361,-0.00094292,0.00622553,-0.13759,0,0,0,0.00428447,0.069456,-0.0010406,-0.517298,-0.074897,11.0947,11.107,0,29.7039
4.64,liftoff,-0.00680877,0.565126,-0.00223824,0.0465221,0,0,-0.000484202,-0.0802465,0.00292239,0.617966,0.757966,2.34218,1.86267,nan,0.307849,0.313902,0.313984,0.301345,0.302104,0.313902,0.302104,0.313984,0.301345,1,0,0.0464468,0,0.00179532,-0.0463044,-0.000369339,0.00652137,-0.139226,0,0,0,0.0142345,0.0755322,0.00462045,-0.542534,-0.0566718,10.9564,10.97,0,29.7159
4.65,liftoff,-0.00683295,0.565916,-0.00191867,0.0472811,0,0,-0.00019077,-0.0775634,0.00251073,0.617431,0.757431,2.36087,1.87517,nan,0.308156,0.314362,0.313831,0.302761,0.301609,0.314362,0.301609,0.313831,0.302761,1,0,0.0471904,0,-0.00164846,-0.0451415,0.000739815,0.00590573,-0.141461,0,0,0,0.0133526,0.0678546,0.00230256,-0.546711,-0.00888574,11.0401,11.0536,0,29.7176
4.66,liftoff,-0.00685334,0.566677,-0.00201593,0.0475474,0,0,0.000105413,-0.074474,0.00276075,0.616876,0.756876,2.37968,1.88773,nan,0.308466,0.314567,0.31453,0.302781,0.301924,0.314567,0.301924,0.31453,0.302781,1,0,0.0474926,0,-0.0021736,-0.0462172,0.000392936,0.00627415,-0.142334,0,0,0,-0.000981657,0.0708554,-0.00217562,-0.532809,-0.0118294,11.0285,11.0413,0,29.746
4.67,liftoff,-0.00687126,0.567405,-0.00190956,0.047661,0,0,0.000283074,-0.0709425,0.00238101,0.6163,0.7563,2.39862,1.90032,nan,0.308779,0.313717,0.315863,0.302259,0.303212,0.313717,0.303212,0.315863,0.302259,1,0,0.0477629,0,-0.00316772,-0.0456816,-0.0013621,0.00572491,-0.143151,0,0,0,0.0121511,0.0785243,0.00354766,-0.36727,-0.0308129,11.139,11.1451,0,29.7812
4.68,liftoff,-0.00688511,0.568096,-0.00165824,0.0477682,0,0,0.000380016,-0.0669873,0.00225866,0.615704,0.755704,2.41768,1.91295,nan,0.309093,0.316339,0.314175,0.303897,0.301897,0.316339,0.301897,0.314175,0.303897,1,0,0.0478178,0,0.000431652,-0.0468384,0.00183033,0.00523142,-0.143367,0,0,0,0.0108695,0.0649982,0.00265906,-0.47826,0.0469702,10.9834,10.9939,0,29.8147
4.69,liftoff,-0.00689365,0.568746,-0.00183298,0.0480005,0,0,0.000391661,-0.0627053,0.00126158,0.615086,0.755086,2.43687,1.92557,nan,0.309408,0.314942,0.315325,0.303146,0.304155,0.314942,0.304155,0.315325,0.303146,1,0,0.0479672,0,0.00165744,-0.0435147,-0.000611843,0.00518909,-0.14385,0,0,0,-0.00619593,0.0588232,0.00179233,-0.556229,-0.164284,11.0832,11.0984,0,29.8386
4.7,liftoff,-0.00690065,0.569352,-0.0023091,0.0484879,0,0,0.000410952,-0.0582334,0.00104835,0.614447,0.754447,2.45619,1.93816,nan,0.309723,0.315802,0.315063,0.303756,0.304209,0.315802,0.304209,0.315063,0.303756,1,0,0.048447,0,0.00315957,-0.0433902,0.000125837,0.00667503,-0.145212,0,0,0,0.00782758,0.0562596,-0.00239798,-0.588477,-0.10848,11.1161,11.1322,0,29.8454
4.71,liftoff,-0.00690581,0.569912,-0.00215823,0.0493622,0,0,0.000502514,-0.0536436,0.00178873,0.613787,0.753787,2.47563,1.95078,nan,0.310039,0.316536,0.31514,0.304451,0.303966,0.316536,0.303966,0.31514,0.304451,1,0,0.0493201,0,0.00241707,-0.0440707,0.000826686,0.0067435,-0.147854,0,0,0,0.0159115,0.0356135,-0.00305118,-0.588154,0.0455806,10.99,11.0058,0,29.8274
4.72,liftoff,-0.00691326,0.570428,-0.00208302,0.0496895,0,0,0.000712506,-0.0493958,0.00223264,0.613107,0.753107,2.4952,1.9634,nan,0.310357,0.31661,0.315701,0.305245,0.303807,0.31661,0.303807,0.315701,0.305245,1,0,0.0497725,0,-0.00140364,-0.0440723,0.00103137,0.00650174,-0.149181,0,0,0,0.0145961,0.0383325,0.00827492,-0.478216,0.0668484,11.0409,11.0515,0,29.8382
4.73,liftoff,-0.00691764,0.570903,-0.00166584,0.0499951,0,0,0.000797794,-0.0455191,0.00139237,0.612404,0.752404,2.51489,1.97601,nan,0.310678,0.315768,0.317122,0.304483,0.305272,0.315768,0.305272,0.317122,0.304483,1,0,0.0500591,0,-0.00149844,-0.0438349,-0.000941764,0.0052618,-0.150063,0,0,0,0.0115702,0.0468494,0.00111649,-0.494976,0.0708818,11.0591,11.0704,0,29.8479
4.74,liftoff,-0.00692199,0.571342,-0.00162887,0.0500287,0,0,0.000764761,-0.0422401,0.00197697,0.611681,0.751681,2.53471,1.9886,nan,0.311,0.316792,0.316755,0.30549,0.304898,0.316792,0.304898,0.316755,0.30549,1,0,0.0501162,0,-0.00147091,-0.0438832,0.000276242,0.0047807,-0.150277,0,0,0,0.00882784,0.0468875,-0.00342838,-0.426279,-0.0688824,10.9884,10.9969,0,29.8711
4.75,liftoff,-0.00692806,0.57175,-0.00141428,0.0499349,0,0,0.000729879,-0.0394515,0.00221792,0.610935,0.750935,2.55465,2.00115,nan,0.311324,0.316331,0.317839,0.304511,0.306548,0.316331,0.306548,0.317839,0.304511,1,0,0.0500066,0,0.00140298,-0.0437904,-0.00155799,0.00406564,-0.149953,0,0,0,0.00884822,0.0475349,-0.00143451,-0.487745,-0.0654725,11.0233,11.0343,0,29.8999
4.76,liftoff,-0.00693992,0.572133,-0.0016265,0.0501922,0,0,0.000622987,-0.0370613,0.00280602,0.610169,0.750169,2.57473,2.0137,nan,0.311648,0.318038,0.316826,0.306335,0.305327,0.318038,0.305327,0.316826,0.306335,1,0,0.0501875,0,0.000543976,-0.0439621,0.000976115,0.00456543,-0.150497,0,0,0,-0.0065437,0.0287131,-0.00361239,-0.56253,-0.0830609,11.1122,11.1267,0,29.9071
4.77,liftoff,-0.00694996,0.572493,-0.00171705,0.0506162,0,0,0.000503231,-0.0349315,0.00191473,0.60938,0.74938,2.59492,2.02623,nan,0.311972,0.317378,0.317678,0.305899,0.306867,0.317378,0.306867,0.317678,0.305899,1,0,0.0505379,0,0.00177109,-0.0422376,-0.000557307,0.00514407,-0.151491,0,0,0,0.00385132,0.0280341,0.0147907,-0.635084,-0.0212619,11.0025,11.0208,0,29.9034
4.78,liftoff,-0.00695997,0.572834,-0.00152477,0.0515026,0,0,0.000450233,-0.0332121,0.00195309,0.60857,0.74857,2.61524,2.03878,nan,0.312295,0.318482,0.317457,0.306813,0.306364,0.318482,0.306364,0.317457,0.306813,1,0,0.0514033,0,0.00152962,-0.0431298,0.000648051,0.00464238,-0.154147,0,0,0,0.020791,0.0313782,-0.00180194,-0.660265,-0.00410012,11.032,11.0517,0,29.8722
4.79,liftoff,-0.00696927,0.573159,-0.00127067,0.0517002,0,0,0.000458053,-0.031867,0.00222296,0.607739,0.747739,2.63569,2.05134,nan,0.312618,0.317616,0.318703,0.306546,0.307541,0.317616,0.307541,0.318703,0.306546,1,0,0.0517316,0,-0.000244533,-0.0421247,-0.000915188,0.00410582,-0.155129,0,0,0,0.00704004,0.0263438,-0.00987287,-0.526588,0.134188,11.0231,11.0365,0,29.8795
4.8,liftoff,-0.00698192,0.573473,-0.000956429,0.0518947,0,0,0.000456252,-0.0308182,0.00337227,0.606886,0.746886,2.65626,2.06391,nan,0.312939,0.320534,0.316818,0.308945,0.305395,0.320534,0.305395,0.316818,0.308945,1,0,0.0519432,0,0.000439769,-0.0436043,0.0031936,0.00315058,-0.155781,0,0,0,0.0154012,0.0223616,-0.000552596,-0.50418,0.108303,11.005,11.0171,0,29.8863
4.81,liftoff,-0.00699475,0.573776,-0.000819198,0.0522786,0,0,0.000508614,-0.0298601,0.00317205,0.606012,0.746012,2.67696,2.07647,nan,0.313259,0.319791,0.318204,0.308283,0.306694,0.319791,0.306694,0.318204,0.308283,1,0,0.0523638,0,-6.16354e-06,-0.0436149,0.0013958,0.00254117,-0.157064,0,0,0,-0.000355767,0.0269111,-0.00411665,-0.507292,0.0111911,10.9712,10.9829,0,29.8817
4.82,liftoff,-0.00700978,0.57407,-0.00108958,0.0525245,0,0,0.00046703,-0.0290549,0.00210066,0.605116,0.745116,2.69779,2.089,nan,0.313577,0.318822,0.31951,0.307486,0.308428,0.318822,0.308428,0.31951,0.307486,1,0,0.0524912,0,0.000673637,-0.0424768,-0.000716602,0.00297243,-0.157414,0,0,0,-0.00723559,0.0258674,-0.00331898,-0.648289,-0.177775,11.1806,11.2008,0,29.8845
4.83,liftoff,-0.00702269,0.574358,-0.00123231,0.0529453,0,0,0.000357128,-0.0284559,0.00271723,0.604199,0.744199,2.71874,2.10152,nan,0.313894,0.320085,0.319229,0.308526,0.307672,0.320085,0.307672,0.319229,0.308526,1,0,0.0529119,0,4.40749e-06,-0.0438014,0.000751889,0.00341594,-0.158714,0,0,0,0.00988042,0.0212566,-0.00746551,-0.613509,-0.128266,11.0442,11.0619,0,29.8768
4.84,liftoff,-0.00703559,0.574639,-0.00129259,0.053782,0,0,0.000166896,-0.0278831,0.00210017,0.603261,0.743261,2.73981,2.11405,nan,0.314209,0.320629,0.318898,0.30915,0.308095,0.320629,0.308095,0.318898,0.30915,1,0,0.0536815,0,0.00179236,-0.0422186,0.00122466,0.00392955,-0.161006,0,0,0,0.00709369,0.0163791,-0.0100519,-0.69558,0.000908648,11.0971,11.1188,0,29.8451
4.85,liftoff,-0.0070472,0.574916,-0.00125296,0.0543394,0,0,-4.48276e-05,-0.0275559,0.00189089,0.602303,0.742303,2.76101,2.12657,nan,0.31452,0.320836,0.319888,0.309729,0.307564,0.320836,0.307564,0.319888,0.309729,1,0,0.0543524,0,-0.00322715,-0.0443966,0.00136854,0.00407254,-0.163024,0,0,0,0.0177782,0.0317448,0.00285663,-0.569518,0.121739,11.1051,11.1204,0,29.829
4.86,liftoff,-0.00705956,0.575191,-0.00135931,0.0545365,0,0,-0.000404844,-0.0274147,0.000990181,0.601323,0.741323,2.78234,2.1391,nan,0.314828,0.321406,0.319808,0.310034,0.308001,0.321406,0.308001,0.319808,0.310034,1,0,0.054615,0,-0.00115731,-0.0439201,0.00159608,0.00425206,-0.16379,0,0,0,-0.00143195,0.0253835,0.00659144,-0.578275,0.00159622,10.9987,11.0139,0,29.8334
4.87,liftoff,-0.0070719,0.575465,-0.00142922,0.0549638,0,0,-0.000623077,-0.0273054,0.00127095,0.600324,0.740324,2.80379,2.15163,nan,0.315133,0.321703,0.320169,0.310339,0.308258,0.321703,0.308258,0.320169,0.310339,1,0,0.0550456,0,-0.00144944,-0.0441007,0.00158919,0.00412996,-0.165079,0,0,0,0.00939515,0.0274836,-0.00779169,-0.539325,-0.0580374,10.9612,10.9746,0,29.8246
4.88,liftoff,-0.00708622,0.575737,-0.00135848,0.0551991,0,0,-0.00074027,-0.027185,0.000581165,0.599304,0.739304,2.82536,2.16418,nan,0.315435,0.321211,0.321247,0.309163,0.310057,0.321211,0.310057,0.321247,0.309163,1,0,0.0551494,0,0.00227369,-0.0440303,-0.000408803,0.00379232,-0.165418,0,0,0,-0.000558764,0.0287239,-0.0063881,-0.631776,-0.0536125,11.147,11.165,0,29.8268
4.89,liftoff,-0.00709919,0.576008,-0.00123556,0.0557955,0,0,-0.00066084,-0.0271503,0.000820734,0.598264,0.738264,2.84707,2.17673,nan,0.315734,0.321203,0.321878,0.30937,0.310427,0.321203,0.310427,0.321878,0.30937,1,0,0.0558924,0,0.00101478,-0.0441168,-0.000761494,0.00361867,-0.167617,0,0,0,0.000693927,0.0235053,0.000466107,-0.580248,-0.0244184,11.0458,11.0611,0,29.8082
4.9,liftoff,-0.00711568,0.57628,-0.00135389,0.0568608,0,0,-0.000559906,-0.0272478,0.00187158,0.597204,0.737204,2.86889,2.18929,nan,0.316032,0.322476,0.321143,0.311089,0.309359,0.322476,0.309359,0.321143,0.311089,1,0,0.0567729,0,-0.00105349,-0.043905,0.00134592,0.00421544,-0.170273,0,0,0,0.00403853,0.0190589,0.0109809,-0.711277,0.0358144,10.9769,11,0,29.7627
4.91,liftoff,-0.00713331,0.576553,-0.0015013,0.0570816,0,0,-0.000607681,-0.0273454,0.0011143,0.596124,0.736124,2.89084,2.20185,nan,0.316327,0.321853,0.322744,0.310002,0.310649,0.321853,0.310649,0.322744,0.310002,1,0,0.0571079,0,-0.000648633,-0.0453725,-0.000675934,0.00479847,-0.171246,0,0,0,0.00503376,0.0266567,-0.00570597,-0.614647,0.0534395,11.0302,11.0474,0,29.7657
4.92,liftoff,-0.00715129,0.576826,-0.00132666,0.0578528,0,0,-0.000761266,-0.0272117,0.00153938,0.595025,0.735025,2.91292,2.21439,nan,0.316619,0.323109,0.321826,0.311432,0.310053,0.323109,0.310053,0.321826,0.311432,1,0,0.0578216,0,-0.000255202,-0.0444346,0.00117002,0.00425728,-0.173389,0,0,0,0.0007443,0.0265799,0.00252296,-0.671343,0.0591455,11.1144,11.1348,0,29.7372
4.93,liftoff,-0.00716914,0.577097,-0.00122039,0.0581361,0,0,-0.000871358,-0.0269328,0.00143853,0.593907,0.733907,2.93513,2.22694,nan,0.316908,0.322263,0.323537,0.310645,0.31113,0.322263,0.31113,0.323537,0.310645,1,0,0.0582203,0,-0.00209142,-0.0455208,-0.000772876,0.0037797,-0.174624,0,0,0,-0.00513112,0.0198275,0.00236793,-0.499191,0.0563005,11.0574,11.0688,0,29.7364
4.94,liftoff,-0.00719191,0.577363,-0.00132353,0.0585251,0,0,-0.00109469,-0.0262734,0.00236783,0.592769,0.732769,2.95746,2.23948,nan,0.317194,0.324073,0.322144,0.311608,0.310895,0.324073,0.310895,0.322144,0.311608,1,0,0.0584696,0,0.00322969,-0.044933,0.00116141,0.0037036,-0.175363,0,0,0,-0.00296869,0.0222139,0.000255865,-0.69775,-0.0972802,11.0658,11.0882,0,29.7294
4.95,liftoff,-0.00721925,0.577621,-0.0016916,0.0590958,0,0,-0.0012626,-0.0252314,0.00246908,0.591612,0.731612,2.97991,2.25202,nan,0.317477,0.323321,0.323601,0.31093,0.312001,0.323321,0.312001,0.323601,0.31093,1,0,0.0590095,0,0.00209648,-0.0454579,-0.000594297,0.00493295,-0.176967,0,0,0,0.00718754,0.0222958,-8.36519e-06,-0.79421,-0.0951337,11.1094,11.1382,0,29.7115
4.96,liftoff,-0.00724722,0.577867,-0.00197768,0.0597759,0,0,-0.00126288,-0.0238681,0.00163794,0.590437,0.730437,3.00249,2.26455,nan,0.317758,0.323479,0.323801,0.311543,0.312153,0.323479,0.312153,0.323801,0.311543,1,0,0.0596885,0,0.000764119,-0.044687,-0.000409436,0.00589991,-0.178971,0,0,0,-0.00595003,0.0209567,0.000157169,-0.832853,-0.0311605,11.0433,11.0747,0,29.6867
4.97,liftoff,-0.00727306,0.578098,-0.00192364,0.0603512,0,0,-0.00120759,-0.0222405,0.00226822,0.589243,0.729243,3.02519,2.27707,nan,0.318035,0.322904,0.324972,0.311055,0.313156,0.322904,0.313156,0.324972,0.311055,1,0,0.0602966,0,8.60009e-05,-0.0448422,-0.00183275,0.00595051,-0.18075,0,0,0,0.00594798,0.0240702,-0.00371227,-0.719474,0.0199677,10.9919,11.0154,0,29.667
4.98,liftoff,-0.00730383,0.578312,-0.00180108,0.060935,0,0,-0.00110078,-0.0204023,0.00269152,0.58803,0.72803,3.04802,2.28957,nan,0.318311,0.323613,0.324783,0.312049,0.312743,0.323613,0.312743,0.324783,0.312049,1,0,0.06093,0,-0.00126253,-0.0447242,-0.000818768,0.00569278,-0.182664,0,0,0,0.00762395,0.0148964,-0.00549344,-0.696101,0.0531167,11.0321,11.0542,0,29.6458
4.99,liftoff,-0.00733358,0.578505,-0.00164003,0.061769,0,0,-0.0010117,-0.0182211,0.00288316,0.586799,0.726799,3.07098,2.30208,nan,0.318583,0.325103,0.323937,0.313555,0.311684,0.325103,0.311684,0.323937,0.313555,1,0,0.0618737,0,-0.00186934,-0.0450963,0.00133456,0.00497341,-0.185543,0,0,0,-0.00521315,0.0173005,0.00941801,-0.591824,0.00352686,11.0947,11.1104,0,29.6091
5,climb,-0.00736248,0.578676,-0.00151691,0.0620471,0,0,-0.000941556,-0.015882,0.00347487,0.585551,0.725551,3.09406,2.3146,nan,0.318853,0.325406,0.324683,0.312902,0.312367,0.325406,0.312367,0.324683,0.312902,1,0,0.0621506,0,0.000499717,-0.0470271,0.000552945,0.00447914,-0.186389,0,0,0,-0.00087839,0.00983394,0.00165578,-0.64989,-0.024116,11.0103,11.0295,0,29.603
5.01,climb,-0.0073925,0.578823,-0.00149789,0.0621513,0,0,-0.000929081,-0.0133256,0.00292359,0.584284,0.724284,3.11727,2.32712,nan,0.31912,0.326498,0.323728,0.314205,0.311997,0.326498,0.311997,0.323728,0.314205,1,0,0.0620584,0,0.00149038,-0.0455221,0.00218776,0.00441677,-0.186107,0,0,0,-0.00179339,0.0168105,-0.00982816,-0.734847,-0.0270554,11.0717,11.0961,0,29.6054
5.02,climb,-0.00741712,0.578944,-0.00184721,0.0625081,0,0,-0.00083116,-0.0106983,0.0023352,0.583,0.723,3.1406,2.33963,nan,0.319384,0.323989,0.326623,0.312349,0.314523,0.323989,0.314523,0.326623,0.312349,1,0,0.0624338,0,-0.0012212,-0.0449838,-0.00211325,0.00537571,-0.187232,0,0,0,0.00151523,0.0059317,0.00710981,-0.800987,-0.0857773,11.1563,11.1853,0,29.5919
5.03,climb,-0.00744144,0.579038,-0.00189358,0.0628475,0,0,-0.000713446,-0.00807285,0.00227347,0.581698,0.721698,3.16405,2.35213,nan,0.319645,0.325778,0.325431,0.313819,0.313501,0.325778,0.313501,0.325431,0.313819,1,0,0.0627652,0,7.72099e-05,-0.0452651,0.000292312,0.0057646,-0.1882,0,0,0,0.00578857,0.0165886,-0.00965971,-0.7783,0.00337378,11.0514,11.0788,0,29.5779
5.04,climb,-0.00746122,0.579106,-0.0018835,0.0634109,0,0,-0.000595975,-0.00550778,0.00199834,0.580379,0.720379,3.18763,2.36467,nan,0.319903,0.326024,0.325702,0.313372,0.314462,0.326024,0.314462,0.325702,0.313372,1,0,0.0633326,0,0.00374572,-0.0452717,-0.000337788,0.00566503,-0.189901,0,0,0,0.0100173,0.00055039,-0.000544472,-0.855114,-0.0166189,11.0156,11.0488,0,29.5495
5.05,climb,-0.0074818,0.57915,-0.00170447,0.0638894,0,0,-0.00038564,-0.00312523,0.00287168,0.579042,0.719042,3.21134,2.37721,nan,0.320157,0.326772,0.325341,0.315339,0.313126,0.326772,0.313126,0.325341,0.315339,1,0,0.0638276,0,-0.00207509,-0.0448075,0.00160147,0.00533972,-0.191397,0,0,0,0.0186773,0.0142665,0.00240912,-0.755195,0.0298227,10.9986,11.0245,0,29.5246
5.06,climb,-0.0074993,0.57917,-0.00155532,0.0645021,0,0,-0.000309734,-0.000848708,0.00140729,0.577689,0.717689,3.23517,2.38975,nan,0.320408,0.325283,0.32774,0.313235,0.315324,0.325283,0.315324,0.32774,0.313235,1,0,0.0645557,0,-0.000977969,-0.0463532,-0.00199828,0.00494996,-0.193573,0,0,0,0.00486708,-0.000598026,0.00773352,-0.68365,0.0762918,11.0919,11.1132,0,29.4907
5.07,climb,-0.00751464,0.579167,-0.00144508,0.0647395,0,0,-0.000214684,0.00147951,0.0022446,0.57632,0.71632,3.25913,2.40228,nan,0.320655,0.325928,0.327562,0.31391,0.315171,0.325928,0.315171,0.327562,0.31391,1,0,0.0648506,0,-0.000989274,-0.0462521,-0.00127253,0.00427747,-0.194486,0,0,0,0.00801715,-0.00565398,0.00491927,-0.604552,-0.0385251,10.942,10.9587,0,29.4769
5.08,climb,-0.00753301,0.57914,-0.0015137,0.065619,0,0,-3.70419e-05,0.00390832,0.00305769,0.574934,0.714934,3.28321,2.4148,nan,0.320898,0.32731,0.326468,0.315114,0.314652,0.32731,0.314652,0.326468,0.315114,1,0,0.0655491,0,0.00100668,-0.0454983,0.000573086,0.00432718,-0.19661,0,0,0,0.000262455,-0.00320123,-0.00239285,-0.756997,-0.0492301,10.9976,11.0237,0,29.425
5.09,climb,-0.00755087,0.57909,-0.00165942,0.0660944,0,0,5.09478e-05,0.00615564,0.00300076,0.573532,0.713532,3.30742,2.42733,nan,0.321137,0.326705,0.327446,0.314441,0.315911,0.326705,0.315911,0.327446,0.314441,1,0,0.0660601,0,0.00193236,-0.0450962,-0.000972213,0.00470637,-0.198116,0,0,0,-0.00229293,-0.0122932,-0.00535658,-0.809668,-0.150412,11.0766,11.1072,0,29.3949
5.1,climb,-0.00756831,0.579018,-0.00183928,0.0668754,0,0,0.000131563,0.0082843,0.00245886,0.572114,0.712114,3.33175,2.43986,nan,0.321373,0.327034,0.327722,0.31507,0.31562,0.327034,0.31562,0.327722,0.31507,1,0,0.0668103,0,-0.000368739,-0.0456012,-0.000544388,0.00534012,-0.200358,0,0,0,0.000108239,-0.0114621,-0.00625863,-0.823643,-0.0799975,10.9746,11.0058,0,29.3461
5.11,climb,-0.00758159,0.578925,-0.00160343,0.0676767,0,0,0.000187334,0.0106073,0.00221069,0.570681,0.710681,3.35621,2.45236,nan,0.321606,0.32812,0.326801,0.316214,0.315241,0.32812,0.315241,0.326801,0.316214,1,0,0.067598,0,0.000918921,-0.0444645,0.00100728,0.0046576,-0.202738,0,0,0,-0.00335217,-0.00754589,0.00091571,-0.904199,-0.101813,10.972,11.0097,0,29.2948
5.12,climb,-0.00758968,0.578806,-0.00162063,0.0680079,0,0,0.000254483,0.0131579,0.00125999,0.569232,0.709232,3.38079,2.46484,nan,0.321836,0.326901,0.328618,0.31543,0.316349,0.326901,0.316349,0.328618,0.31543,1,0,0.0679498,0,-0.00211501,-0.0449819,-0.00115834,0.0050459,-0.203771,0,0,0,0.00805615,-0.0176756,0.00449744,-0.883429,0.0815641,11.018,11.0536,0,29.269
5.13,climb,-0.00759724,0.578662,-0.00146328,0.068838,0,0,0.000278071,0.0157745,0.00228936,0.567768,0.707768,3.4055,2.47729,nan,0.322064,0.32826,0.32776,0.316374,0.315816,0.32826,0.315816,0.32776,0.316374,1,0,0.0687835,0,-0.00015482,-0.045155,0.000464955,0.00458765,-0.206263,0,0,0,0.0152922,-0.017906,-0.00915123,-0.860821,0.0561554,11.1238,11.1572,0,29.2132
5.14,climb,-0.00760794,0.578491,-0.00129168,0.0691397,0,0,0.000237455,0.0186045,0.0025534,0.566288,0.706288,3.43033,2.48973,nan,0.322288,0.328897,0.327887,0.316074,0.31625,0.328897,0.31625,0.327887,0.316074,1,0,0.0691155,0,0.00314678,-0.0463463,0.000366284,0.00416174,-0.207285,0,0,0,0.00890089,-0.00814948,-0.00597607,-0.784387,0.0374421,11.0449,11.0728,0,29.1862
5.15,climb,-0.00761947,0.578291,-0.00128446,0.0691617,0,0,0.000323978,0.0215994,0.00236494,0.564794,0.704794,3.45529,2.50215,nan,0.322509,0.329842,0.326903,0.318401,0.314847,0.329842,0.314847,0.326903,0.318401,1,0,0.0692809,0,-0.00163013,-0.0445217,0.00285428,0.00384079,-0.207771,0,0,0,-0.000696228,-0.0190246,-0.00988669,-0.712063,-0.0146013,10.943,10.9661,0,29.1734
5.16,climb,-0.00762749,0.578061,-0.00127316,0.0694552,0,0,0.000386246,0.0245383,0.00222023,0.563286,0.703286,3.48037,2.51453,nan,0.322727,0.327493,0.329599,0.315705,0.318068,0.327493,0.318068,0.329599,0.315705,1,0,0.0694494,0,0.000684247,-0.0441841,-0.00196402,0.00351923,-0.208326,0,0,0,0.00262845,-0.0299572,-0.00182952,-0.78086,-0.14603,10.9472,10.976,0,29.1434
5.17,climb,-0.0076402,0.577801,-0.00127064,0.0700808,0,0,0.000392209,0.0273952,0.00308959,0.561763,0.701763,3.50557,2.5269,nan,0.322941,0.328416,0.328954,0.316794,0.317558,0.328416,0.317558,0.328954,0.316794,1,0,0.0700613,0,0.000600418,-0.0436151,-0.000572563,0.00353478,-0.210158,0,0,0,0.0113407,-0.0294941,0.00390878,-0.822036,-0.173393,11.0273,11.0592,0,29.0927
5.18,climb,-0.00765467,0.577514,-0.00157304,0.0706284,0,0,0.000393204,0.0302422,0.0023591,0.560226,0.700226,3.5309,2.53925,nan,0.323151,0.327739,0.329939,0.316209,0.318673,0.327739,0.318673,0.329939,0.316209,1,0,0.0706173,0,0.000700104,-0.0431942,-0.00204992,0.00446007,-0.211752,0,0,0,0.00610417,-0.0408067,-0.000905113,-0.849187,-0.125576,11.1086,11.1417,0,29.0449
5.19,climb,-0.00766732,0.577198,-0.001604,0.0714676,0,0,0.000360108,0.0330134,0.00304266,0.558675,0.698675,3.55635,2.55157,nan,0.323356,0.328757,0.329206,0.317577,0.317844,0.328757,0.317844,0.329206,0.317577,1,0,0.0714332,0,-0.000484779,-0.0427113,-0.000314523,0.0045937,-0.214222,0,0,0,0.00829494,-0.0443095,-0.000499662,-0.825315,-0.0603311,10.9796,11.0107,0,28.9787
5.2,climb,-0.00768042,0.576854,-0.00137443,0.0719873,0,0,0.000318297,0.0358539,0.00239468,0.55711,0.69711,3.58192,2.56384,nan,0.323557,0.329623,0.329138,0.317954,0.317473,0.329623,0.317473,0.329138,0.317954,1,0,0.0719223,0,1.26472e-05,-0.0442129,0.000424656,0.00425453,-0.215693,0,0,0,0.0133788,-0.0348048,0.0064172,-0.871422,0.0178178,11.0154,11.0499,0,28.9293
5.21,climb,-0.0076888,0.576482,-0.00158056,0.0723881,0,0,0.000230269,0.03862,0.00203934,0.555533,0.695533,3.60762,2.5761,nan,0.323755,0.329676,0.329877,0.317781,0.317646,0.329676,0.317646,0.329877,0.317781,1,0,0.0723256,0,-0.000889859,-0.0457154,-2.88538e-05,0.00489821,-0.21692,0,0,0,0.00665439,-0.0391842,-0.00296397,-0.884948,0.0370605,10.9686,11.0043,0,28.885
5.22,climb,-0.00769951,0.576083,-0.00147051,0.0728291,0,0,0.00012147,0.0412603,0.00236467,0.553942,0.693942,3.63344,2.58834,nan,0.323949,0.329949,0.329723,0.318602,0.317482,0.329949,0.317482,0.329723,0.318602,1,0,0.0728873,0,-0.00237207,-0.0446962,0.000591879,0.00473074,-0.218559,0,0,0,0.0208416,-0.0493408,0.00118546,-0.79626,0.0691186,11.0921,11.1209,0,28.8369
5.23,climb,-0.00771278,0.575658,-0.0012591,0.0733696,0,0,1.90962e-05,0.0437691,0.00267533,0.552338,0.692338,3.65938,2.60054,nan,0.324139,0.331884,0.32798,0.320224,0.316431,0.331884,0.316431,0.32798,0.320224,1,0,0.0734836,0,0.000294015,-0.0439765,0.00338304,0.0036507,-0.220371,0,0,0,0.0161686,-0.0319781,-0.00762,-0.714001,-0.0612781,10.9108,10.9343,0,28.7816
5.24,climb,-0.00772321,0.575209,-0.00140581,0.0739633,0,0,-6.40176e-05,0.0460782,0.00183554,0.550722,0.690722,3.68544,2.61269,nan,0.324325,0.329061,0.331288,0.317774,0.319141,0.329061,0.319141,0.331288,0.317774,1,0,0.0739945,0,-0.0022816,-0.0444027,-0.00158,0.00391333,-0.221876,0,0,0,0.00276598,-0.0445267,-0.00820955,-0.822101,-0.121081,10.9474,10.9788,0,28.7218
5.25,climb,-0.00773823,0.574737,-0.00162622,0.0743586,0,0,-0.000221569,0.0483537,0.00246984,0.549094,0.689094,3.71163,2.62481,nan,0.324507,0.330641,0.329799,0.319112,0.318442,0.330641,0.318442,0.329799,0.319112,1,0,0.0744348,0,0.000454198,-0.0433623,0.000664847,0.0046089,-0.223209,0,0,0,0.0132224,-0.0486881,-0.00622993,-0.778636,-0.10643,10.9244,10.9526,0,28.6722
5.26,climb,-0.00775603,0.574243,-0.00168956,0.0748936,0,0,-0.000305927,0.0505418,0.00305889,0.547453,0.687453,3.73793,2.63689,nan,0.324685,0.332043,0.328483,0.320521,0.317658,0.332043,0.317658,0.328483,0.320521,1,0,0.0748405,0,0.00184916,-0.042341,0.00282298,0.00486635,-0.224453,0,0,0,-0.00495388,-0.0398989,0.00987097,-0.926625,-0.0987337,10.9849,11.0244,0,28.6132
5.27,climb,-0.00777228,0.573728,-0.00187513,0.0755335,0,0,-0.000274074,0.05257,0.00250809,0.545801,0.685801,3.76436,2.64894,nan,0.324858,0.330667,0.330469,0.319515,0.318749,0.330667,0.318749,0.330469,0.319515,1,0,0.0755225,0,-0.00150692,-0.043339,0.00042351,0.0053937,-0.226445,0,0,0,0.00679886,-0.0602878,0.000679707,-0.982143,-0.195206,11.0382,11.0835,0,28.547
5.28,climb,-0.007789,0.573193,-0.00203591,0.0762729,0,0,-0.000240479,0.0544628,0.00243811,0.544138,0.684138,3.79091,2.66096,nan,0.325027,0.330589,0.330764,0.319303,0.319421,0.330589,0.319421,0.330764,0.319303,1,0,0.0762328,0,-0.000152869,-0.0428776,-0.000128775,0.00611443,-0.228563,0,0,0,0.00335528,-0.0657211,0.00609501,-1.02904,-0.0130271,10.9239,10.9722,0,28.474
5.29,climb,-0.00780356,0.572639,-0.002139,0.0765355,0,0,-0.000247923,0.056352,0.001423,0.542463,0.682463,3.81757,2.67294,nan,0.325192,0.331957,0.330281,0.320494,0.318002,0.331957,0.318002,0.330281,0.320494,1,0,0.0765045,0,-0.00216823,-0.0449869,0.00183204,0.00626442,-0.229384,0,0,0,-0.00457326,-0.0680908,-0.00655419,-0.93211,-0.0699793,10.8932,10.9333,0,28.4273
5.3,climb,-0.00780982,0.572066,-0.00235608,0.0772904,0,0,-0.000266725,0.0582586,0.0013996,0.540778,0.680778,3.84436,2.68489,nan,0.325351,0.33077,0.331793,0.318783,0.320028,0.33077,0.320028,0.331793,0.318783,1,0,0.0772644,0,0.000588824,-0.0450054,-0.000997145,0.00720642,-0.231644,0,0,0,0.00850517,-0.0626158,-0.00117633,-0.996757,0.0575381,10.8546,10.9005,0,28.3512
5.31,climb,-0.00781897,0.571474,-0.00229386,0.077874,0,0,-0.000293563,0.0603417,0.00133295,0.539082,0.679082,3.87126,2.69678,nan,0.325506,0.331468,0.330865,0.3205,0.319161,0.331468,0.319161,0.330865,0.3205,1,0,0.0778517,0,-0.00195386,-0.0429612,0.000853437,0.00672061,-0.233401,0,0,0,0.00283361,-0.0644035,-0.00103661,-0.888718,-0.0438781,10.967,11.003,0,28.2839
5.32,climb,-0.0078262,0.570861,-0.00241253,0.0784118,0,0,-0.000334928,0.0623375,0.00132012,0.537376,0.677376,3.89829,2.70865,nan,0.325656,0.332093,0.331048,0.320182,0.319273,0.332093,0.319273,0.331048,0.320182,1,0,0.0784133,0,0.000362826,-0.0448787,0.000858429,0.00746512,-0.235078,0,0,0,0.00927181,-0.0641007,0.00792535,-0.948498,0.0834112,10.8877,10.9293,0,28.2179
5.33,climb,-0.00783404,0.570228,-0.0020669,0.0787838,0,0,-0.000253711,0.0642171,0.000840244,0.535661,0.675661,3.92543,2.72048,nan,0.325802,0.332394,0.330892,0.320839,0.319052,0.332394,0.319052,0.330892,0.320839,1,0,0.0787835,0,-0.000757985,-0.0443277,0.00144537,0.00644079,-0.236211,0,0,0,0.00691774,-0.062986,-0.00172352,-0.945316,0.089542,10.9546,10.9957,0,28.1604
5.34,climb,-0.00783927,0.569577,-0.00197602,0.079061,0,0,-3.5571e-05,0.0661391,0.00188174,0.533935,0.673935,3.95269,2.73227,nan,0.325942,0.332166,0.331571,0.320709,0.319294,0.332166,0.319294,0.331571,0.320709,1,0,0.0791971,0,-0.00217579,-0.0449729,0.000883425,0.00608612,-0.237478,0,0,0,0.00717412,-0.0701158,-0.00614292,-0.751733,0.0493579,10.8802,10.9062,0,28.1072
5.35,climb,-0.00784616,0.568906,-0.0018441,0.0794578,0,0,0.000264647,0.0680773,0.00184832,0.532201,0.672201,3.98007,2.74405,nan,0.326078,0.333296,0.330315,0.321678,0.318994,0.333296,0.318994,0.330315,0.321678,1,0,0.0794226,0,0.000787199,-0.0434665,0.00248996,0.00540036,-0.238167,0,0,0,0.00470005,-0.0850314,-0.00210795,-0.958147,-0.063285,10.8485,10.8909,0,28.046
5.36,climb,-0.00784569,0.568217,-0.00183839,0.0799442,0,0,0.00064672,0.0697897,0.00136043,0.530457,0.670457,4.00757,2.75579,nan,0.326208,0.331952,0.332057,0.320745,0.320054,0.331952,0.320054,0.332057,0.320745,1,0,0.0799076,0,-0.00211168,-0.0439783,0.000257558,0.00553881,-0.239597,0,0,0,-0.00282385,-0.0825876,-0.00152176,-1.0087,-0.00148526,10.9133,10.9598,0,27.9786
5.37,climb,-0.00784389,0.567511,-0.00214684,0.0807567,0,0,0.00096099,0.0714547,0.00143472,0.528706,0.668706,4.03518,2.76747,nan,0.326334,0.331909,0.332653,0.319915,0.320835,0.331909,0.320835,0.332653,0.319915,1,0,0.0807389,0,0.000464932,-0.0451185,-0.000731602,0.0062025,-0.2421,0,0,0,-0.00679374,-0.0711709,0.00206227,-0.946393,-0.0820636,10.9657,11.0068,0,27.8917
5.38,climb,-0.00784226,0.566788,-0.00224124,0.0811685,0,0,0.00117126,0.073314,0.00242414,0.526946,0.666946,4.06291,2.77908,nan,0.326455,0.332113,0.332033,0.3207,0.32095,0.332113,0.32095,0.332033,0.3207,1,0,0.0811426,0,0.000877616,-0.0426248,-7.47686e-05,0.00660142,-0.243287,0,0,0,-0.000383235,-0.0851818,-0.00137191,-1.03082,-0.0764906,10.9553,11.0039,0,27.8266
5.39,climb,-0.00783911,0.566046,-0.00221127,0.0816224,0,0,0.00126268,0.0750995,0.00181751,0.525178,0.665178,4.09076,2.79066,nan,0.326571,0.332728,0.332115,0.321054,0.320365,0.332728,0.320365,0.332115,0.321054,1,0,0.0816027,0,-0.000200449,-0.0443833,0.000572231,0.0064237,-0.244683,0,0,0,-0.00469432,-0.0784812,0.00318189,-1.007,-0.115548,10.899,10.946,0,27.7581
5.4,climb,-0.00783538,0.565286,-0.0023146,0.0821399,0,0,0.00125367,0.0768794,0.00243902,0.523402,0.663402,4.11872,2.80221,nan,0.326682,0.332243,0.332613,0.320603,0.321247,0.332243,0.321247,0.332613,0.320603,1,0,0.08213,0,0.000727307,-0.0435908,-0.000445378,0.00677836,-0.246218,0,0,0,0.00561897,-0.0815148,-0.00102628,-1.02096,-0.0974732,10.9587,11.0066,0,27.685
5.41,climb,-0.00783547,0.564509,-0.00210629,0.082548,0,0,0.00125336,0.0786018,0.00223525,0.521619,0.661619,4.1468,2.81371,nan,0.326788,0.330604,0.334613,0.319262,0.322654,0.330604,0.322654,0.334613,0.319262,1,0,0.0825095,0,-0.00163962,-0.044151,-0.00325282,0.00630878,-0.247397,0,0,0,0.00920983,-0.0814731,-0.00490551,-1.18707,-0.0298063,10.8511,10.9159,0,27.617
5.42,climb,-0.00783543,0.563715,-0.00201436,0.0831848,0,0,0.00115313,0.0803714,0.00204518,0.51983,0.65983,4.17499,2.82515,nan,0.32689,0.332703,0.332819,0.321343,0.320674,0.332703,0.320674,0.332819,0.321343,1,0,0.0831458,0,-0.0020829,-0.044538,0.000243051,0.00602428,-0.249298,0,0,0,0.00590086,-0.0761923,-0.00405383,-1.09352,-0.0290439,10.8975,10.9523,0,27.535
5.43,climb,-0.00783265,0.562902,-0.00188702,0.0838503,0,0,0.00107873,0.0821719,0.00218685,0.518034,0.658034,4.20329,2.83657,nan,0.326986,0.33317,0.332631,0.321018,0.321106,0.33317,0.321106,0.332631,0.321018,1,0,0.0838172,0,0.00166264,-0.044863,0.000198012,0.00559907,-0.251324,0,0,0,0.0154328,-0.0915796,0.00962049,-1.11005,-0.067827,10.9097,10.9663,0,27.4503
5.44,climb,-0.00782985,0.562072,-0.00167242,0.0847006,0,0,0.00110018,0.0839313,0.0017565,0.516231,0.656231,4.23171,2.84796,nan,0.327078,0.332374,0.333965,0.320079,0.321875,0.332374,0.321875,0.333965,0.320079,1,0,0.0846693,0,0.00054639,-0.0462056,-0.00148904,0.00511838,-0.253887,0,0,0,0.0120763,-0.0962089,0.00641126,-1.08811,0.0383599,10.8291,10.8837,0,27.3541
5.45,climb,-0.00783,0.561224,-0.00150164,0.0850834,0,0,0.00102898,0.085744,0.00222706,0.514423,0.654423,4.26025,2.8593,nan,0.327165,0.333856,0.332402,0.322099,0.320285,0.333856,0.320285,0.332402,0.322099,1,0,0.0850403,0,-0.000953546,-0.0452368,0.00143643,0.00465254,-0.25503,0,0,0,0.0174088,-0.0823964,-0.00116087,-1.06623,0.0523739,10.8772,10.9295,0,27.2835
5.46,climb,-0.00783132,0.560357,-0.00158149,0.0857129,0,0,0.000860874,0.0876673,0.00312995,0.512609,0.652609,4.28889,2.87059,nan,0.327246,0.331869,0.334641,0.320348,0.322112,0.331869,0.322112,0.334641,0.320348,1,0,0.0857107,0,-0.0026775,-0.0455698,-0.00199382,0.00499565,-0.257003,0,0,0,0.0190226,-0.084937,-0.00113163,-1.05959,0.138591,10.8973,10.9496,0,27.1978
5.47,climb,-0.00783952,0.55947,-0.00145162,0.0861498,0,0,0.000697155,0.0897587,0.00359983,0.510789,0.650789,4.31765,2.88183,nan,0.327325,0.332243,0.334158,0.320904,0.321977,0.332243,0.321977,0.334158,0.320904,1,0,0.0861132,0,-0.0022336,-0.0445655,-0.00131283,0.00448261,-0.258233,0,0,0,0.00117649,-0.0851517,-0.00887892,-1.04906,0.0422844,10.857,10.9077,0,27.122
5.48,climb,-0.00784831,0.558563,-0.00153834,0.0867587,0,0,0.000477531,0.0918587,0.00281054,0.508965,0.648965,4.34652,2.89304,nan,0.327399,0.333649,0.333089,0.321756,0.321086,0.333649,0.321086,0.333089,0.321756,1,0,0.0867341,0,-0.000292585,-0.0452785,0.000540511,0.00474314,-0.260063,0,0,0,0.0139402,-0.094713,-0.00112337,-0.998612,0.00512734,10.8984,10.944,0,27.0351
5.49,climb,-0.00785573,0.557634,-0.00143703,0.0872119,0,0,0.000323401,0.0940124,0.00290289,0.507136,0.647136,4.37551,2.9042,nan,0.327469,0.333207,0.333452,0.3214,0.321801,0.333207,0.321801,0.333452,0.3214,1,0,0.0871921,0,0.000415063,-0.044449,-0.00028439,0.00451543,-0.261479,0,0,0,0.00634981,-0.0952747,0.00469086,-1.06609,0.0923216,10.8832,10.9357,0,26.9559
5.5,climb,-0.00786429,0.556683,-0.00140846,0.0877409,0,0,0.000168742,0.096242,0.0024281,0.505302,0.645302,4.4046,2.9153,nan,0.327534,0.332336,0.33462,0.320199,0.322969,0.332336,0.322969,0.33462,0.320199,1,0,0.0877266,0,0.00129051,-0.0450734,-0.00222171,0.00443308,-0.263063,0,0,0,0.0152295,-0.100134,-0.000463761,-1.0285,0.0449466,10.897,10.9456,0,26.8711
5.51,climb,-0.00787437,0.555709,-0.00152946,0.0883102,0,0,1.21981e-05,0.0986731,0.00215748,0.503464,0.643464,4.43381,2.92633,nan,0.327595,0.333495,0.333336,0.322413,0.321125,0.333495,0.321125,0.333336,0.322413,1,0,0.0883497,0,-0.00299475,-0.0441382,0.000636114,0.00486667,-0.264922,0,0,0,-0.00175452,-0.0966406,0.0126201,-0.973933,0.0444052,10.8354,10.8792,0,26.7827
5.52,climb,-0.00788282,0.55471,-0.00124381,0.0888094,0,0,-0.000203515,0.101188,0.00230394,0.501623,0.641623,4.46312,2.93733,nan,0.327651,0.332839,0.333992,0.321435,0.322327,0.332839,0.322327,0.333992,0.321435,1,0,0.0888235,0,-0.000692348,-0.0437114,-0.000898942,0.00399605,-0.266372,0,0,0,0.00147074,-0.100733,-0.0109088,-0.968855,0.00470771,10.785,10.8284,0,26.6969
5.53,climb,-0.00789568,0.553686,-0.00140196,0.0893235,0,0,-0.000486226,0.103888,0.00157931,0.499777,0.639777,4.49255,2.94825,nan,0.327702,0.334251,0.3327,0.322915,0.320934,0.334251,0.320934,0.3327,0.322915,1,0,0.0893162,0,-0.00113936,-0.0437754,0.00155273,0.00395435,-0.267847,0,0,0,0.000280612,-0.0972397,-0.00205111,-1.04774,-0.125824,10.753,10.8046,0,26.6088
5.54,climb,-0.00790348,0.552633,-0.00125722,0.0897946,0,0,-0.000715295,0.106775,0.000725771,0.497929,0.637929,4.52208,2.95912,nan,0.327748,0.333873,0.333541,0.321644,0.321925,0.333873,0.321925,0.333541,0.321644,1,0,0.0897584,0,0.00162387,-0.0451832,2.25712e-05,0.00388919,-0.269189,0,0,0,-0.000657724,-0.109531,-0.00604145,-1.05145,0.0248208,10.7897,10.8408,0,26.5215
5.55,climb,-0.00791052,0.551551,-0.00150744,0.0904304,0,0,-0.00083297,0.109721,0.000253697,0.496077,0.636077,4.55173,2.96994,nan,0.327788,0.333143,0.333869,0.321903,0.322229,0.333143,0.322229,0.333869,0.321903,1,0,0.0904044,0,-0.00106367,-0.0433544,-0.000462301,0.00459852,-0.271087,0,0,0,-0.00291599,-0.114302,0.00718055,-1.09333,0.0209819,10.7955,10.8507,0,26.4231
5.56,climb,-0.00791869,0.55044,-0.00145361,0.0910928,0,0,-0.000960901,0.112563,0.00135372,0.494224,0.634224,4.58148,2.98069,nan,0.327822,0.334947,0.332314,0.322452,0.321568,0.334947,0.321568,0.332314,0.322452,1,0,0.091072,0,0.00463814,-0.044037,0.00154592,0.00419441,-0.2731,0,0,0,0.00747922,-0.110764,-0.00106061,-1.06063,-0.0665672,10.749,10.8014,0,26.3215
5.57,climb,-0.00793145,0.549301,-0.00143529,0.0914669,0,0,-0.000943008,0.11529,0.00115063,0.492368,0.632368,4.61133,2.99136,nan,0.327849,0.33339,0.33348,0.322201,0.322322,0.33339,0.322322,0.33348,0.322201,1,0,0.0914327,0,8.19676e-05,-0.0423424,-9.27285e-05,0.00433239,-0.274185,0,0,0,0.00140385,-0.117391,0.00769392,-1.15698,0.00658548,10.6733,10.7358,0,26.2348
5.58,climb,-0.00794397,0.548136,-0.00143182,0.092052,0,0,-0.00101279,0.117938,0.00134451,0.49051,0.63051,4.6413,3.00199,nan,0.32787,0.333577,0.333869,0.321779,0.322251,0.333577,0.322251,0.333869,0.321779,1,0,0.0920333,0,0.000479435,-0.0443672,-0.000335381,0.00436508,-0.275955,0,0,0,-0.00373271,-0.121149,-0.00346703,-1.15669,0.0378964,10.6739,10.7364,0,26.1345
5.59,climb,-0.00795979,0.546944,-0.00147019,0.0925008,0,0,-0.00102438,0.120599,0.00225716,0.488652,0.628652,4.67137,3.01256,nan,0.327884,0.333731,0.333894,0.321833,0.322077,0.333731,0.322077,0.333894,0.321833,1,0,0.0925682,0,0.000213715,-0.0449351,-0.000179311,0.00407758,-0.277575,0,0,0,-0.012519,-0.117754,0.00100935,-1.00037,-0.0254701,10.7752,10.8216,0,26.0405
5.6,climb,-0.00797741,0.545725,-0.00136846,0.0930575,0,0,-0.000971726,0.123236,0.00282181,0.486792,0.626792,4.70154,3.02307,nan,0.327892,0.334038,0.333391,0.322169,0.321968,0.334038,0.321968,0.333391,0.322169,1,0,0.0930308,0,0.00118533,-0.0441338,0.00037288,0.00404349,-0.278967,0,0,0,0.0139581,-0.123366,0.00658018,-1.0873,-0.0347343,10.7572,10.8121,0,25.9388
5.61,climb,-0.00799618,0.54448,-0.00157101,0.0935389,0,0,-0.000813046,0.125679,0.00262301,0.484933,0.624933,4.73182,3.03352,nan,0.327892,0.333191,0.333726,0.321641,0.323011,0.333191,0.323011,0.333726,0.321641,1,0,0.0935192,0,0.00221695,-0.0421866,-0.000837614,0.00464592,-0.280433,0,0,0,-0.000192722,-0.141527,0.00746623,-1.08601,-0.0298781,10.7915,10.8461,0,25.8399
5.62,climb,-0.00801644,0.543213,-0.00136736,0.0940552,0,0,-0.000590614,0.12788,0.00388585,0.483074,0.623074,4.76221,3.04392,nan,0.327885,0.335069,0.332687,0.323205,0.320582,0.335069,0.320582,0.332687,0.323205,1,0,0.0940431,0,-0.000641297,-0.0454169,0.00219996,0.0042434,-0.282007,0,0,0,-0.00474321,-0.130751,-0.00182107,-1.12958,0.0607679,10.7215,10.781,0,25.7377
5.63,climb,-0.00803234,0.541923,-0.00137469,0.0944281,0,0,-0.000415052,0.130082,0.00246672,0.481215,0.621215,4.7927,3.05428,nan,0.327871,0.332975,0.334306,0.321439,0.322768,0.332975,0.322768,0.334306,0.321439,1,0,0.0944,0,-1.74656e-06,-0.0437205,-0.00116913,0.00410234,-0.283083,0,0,0,-0.00634865,-0.135168,-0.00733854,-1.12755,-0.0137031,10.697,10.7562,0,25.6425
5.64,climb,-0.00804403,0.540612,-0.00135192,0.0948736,0,0,-0.000285924,0.13216,0.0014729,0.479358,0.619358,4.82329,3.06459,nan,0.32785,0.331638,0.335182,0.320417,0.324168,0.331638,0.324168,0.335182,0.320417,1,0,0.0948537,0,0.000552389,-0.042132,-0.00320637,0.00415443,-0.284435,0,0,0,-0.000309541,-0.131763,-0.00477464,-1.13739,0.0358319,10.6516,10.7122,0,25.5419
5.65,climb,-0.0080531,0.539281,-0.00138807,0.0953441,0,0,-8.36683e-05,0.134103,0.0027241,0.477502,0.617502,4.85398,3.07481,nan,0.327822,0.333266,0.333934,0.321735,0.322359,0.333266,0.322359,0.333934,0.321735,1,0,0.0953102,0,-0.000115599,-0.043781,-0.000567923,0.00417644,-0.285819,0,0,0,-0.00542695,-0.127654,0.000662781,-1.14578,-0.00163607,10.7694,10.8301,0,25.4387
5.66,climb,-0.00806107,0.53793,-0.00143565,0.095814,0,0,4.51952e-05,0.136118,0.00187391,0.475649,0.615649,4.88478,3.08499,nan,0.327787,0.333607,0.333556,0.322297,0.321695,0.333607,0.321695,0.333556,0.322297,1,0,0.095792,0,-0.00146326,-0.0439044,0.000286492,0.00425305,-0.287258,0,0,0,-0.00138603,-0.148016,-0.00485762,-1.10231,-0.0241567,10.7105,10.7671,0,25.3344
5.67,climb,-0.00806328,0.536559,-0.00150947,0.0962318,0,0,3.10699e-05,0.138138,0.00114615,0.473798,0.613798,4.91568,3.09512,nan,0.327745,0.33309,0.333816,0.321345,0.322738,0.33309,0.322738,0.333816,0.321345,1,0,0.0962391,0,0.0017711,-0.0432445,-0.000931412,0.00473745,-0.288573,0,0,0,0.00988944,-0.13458,-0.00301598,-1.14553,0.0926448,10.7107,10.7722,0,25.2319
5.68,climb,-0.00806165,0.535169,-0.00159044,0.0966618,0,0,9.59504e-05,0.140096,0.00126965,0.47195,0.61195,4.94668,3.1052,nan,0.327696,0.333461,0.333285,0.322132,0.321916,0.333461,0.321916,0.333285,0.322132,1,0,0.0966718,0,-0.00010697,-0.0430075,0.00017231,0.00493794,-0.289843,0,0,0,0.00718747,-0.142588,-0.00364529,-1.135,0.0493157,10.7261,10.7861,0,25.1276
5.69,climb,-0.00806057,0.533758,-0.00162979,0.0970446,0,0,0.000106299,0.142009,0.00137712,0.470105,0.610105,4.97778,3.11524,nan,0.32764,0.333698,0.333303,0.321927,0.321645,0.333698,0.321645,0.333303,0.321927,1,0,0.0970658,0,0.000300296,-0.0443908,0.00029746,0.00511344,-0.291068,0,0,0,0.00123897,-0.151248,-0.00845889,-1.12026,0.0755948,10.7846,10.8429,0,25.0248
5.7,climb,-0.00805927,0.532329,-0.00159661,0.097404,0,0,0.000180225,0.143875,0.00138596,0.468265,0.608265,5.00898,3.12523,nan,0.327578,0.333223,0.333832,0.321141,0.322129,0.333223,0.322129,0.333832,0.321141,1,0,0.097419,0,0.00100699,-0.0450667,-0.00070188,0.0049765,-0.292103,0,0,0,-0.000486824,-0.149854,-0.00230639,-1.18987,0.104148,10.8347,10.9003,0,24.9224
5.71,climb,-0.00805956,0.530882,-0.00155472,0.0977573,0,0,0.000284826,0.145641,0.00168999,0.466429,0.606429,5.04028,3.1352,nan,0.32751,0.333276,0.333181,0.322126,0.32147,0.333276,0.32147,0.333181,0.322126,1,0,0.0977587,0,-0.00148768,-0.0433176,0.000330284,0.00482448,-0.293113,0,0,0,0.0114424,-0.140124,0.000821743,-1.22811,0.0940508,10.7168,10.7873,0,24.8192
5.72,climb,-0.00805811,0.529417,-0.0018253,0.0980923,0,0,0.000262384,0.147358,0.00175302,0.464598,0.604598,5.07168,3.14511,nan,0.327435,0.331953,0.334014,0.320814,0.322975,0.331953,0.322975,0.334014,0.320814,1,0,0.0980827,0,0.000264986,-0.0420244,-0.00185581,0.00553914,-0.294095,0,0,0,0.0122447,-0.151634,0.00129231,-1.22949,0.0174075,10.7685,10.8385,0,24.7161
5.73,climb,-0.00806187,0.527936,-0.00185912,0.0984764,0,0,0.000326962,0.148965,0.00237752,0.462771,0.602771,5.10318,3.15495,nan,0.327355,0.333429,0.33221,0.3228,0.320996,0.333429,0.320996,0.33221,0.3228,1,0,0.0984686,0,-0.0015506,-0.0413894,0.00132861,0.00552802,-0.295246,0,0,0,0.00716997,-0.154661,0.00132271,-1.39042,-0.0660431,10.5743,10.6655,0,24.6092
5.74,climb,-0.00806253,0.526439,-0.00193117,0.0988378,0,0,0.00024407,0.150349,0.00161745,0.460951,0.600951,5.13477,3.16472,nan,0.327268,0.332877,0.332879,0.321113,0.322221,0.332877,0.322221,0.332879,0.321113,1,0,0.0988288,0,0.00293346,-0.0424856,-0.000488433,0.00578268,-0.296327,0,0,0,0.0208493,-0.154442,0.00202286,-1.32593,-0.0397125,10.6357,10.7181,0,24.5028
5.75,climb,-0.0080638,0.524929,-0.00194589,0.0991669,0,0,0.000279968,0.151689,0.00239939,0.459136,0.599136,5.16646,3.17442,nan,0.327176,0.333089,0.332387,0.322331,0.320914,0.333089,0.320914,0.332387,0.322331,1,0,0.0991637,0,-0.00189539,-0.0421241,0.000931416,0.00583434,-0.297328,0,0,0,0.00899064,-0.165256,-0.00233141,-1.35563,-0.0160113,10.7067,10.7922,0,24.3974
5.76,climb,-0.00806961,0.523406,-0.00182715,0.0994798,0,0,9.32869e-05,0.152989,0.00275813,0.457328,0.597328,5.19826,3.18404,nan,0.327078,0.331391,0.33367,0.320401,0.322867,0.331391,0.322867,0.33367,0.320401,1,0,0.0994759,0,0.000497065,-0.0412925,-0.0020854,0.00538018,-0.298275,0,0,0,0.00688839,-0.162026,0.00380449,-1.34398,-0.109558,10.6467,10.7318,0,24.2922
5.77,climb,-0.00808068,0.52187,-0.00194689,0.099832,0,0,-7.8728e-05,0.15429,0.00315906,0.455527,0.595527,5.23014,3.19357,nan,0.326974,0.332083,0.332843,0.321302,0.321688,0.332083,0.321688,0.332843,0.321302,1,0,0.0998278,0,-0.000993478,-0.041564,-0.000504011,0.00575434,-0.299321,0,0,0,-0.0057187,-0.1617,0.000448803,-1.30365,-0.0641299,10.733,10.812,0,24.184
5.78,climb,-0.00809383,0.520321,-0.00178067,0.100141,0,0,-0.000268174,0.155461,0.00300706,0.453733,0.593733,5.26212,3.20306,nan,0.326864,0.333105,0.331879,0.321849,0.320648,0.333105,0.320648,0.331879,0.321849,1,0,0.100138,0,6.58554e-05,-0.0426071,0.00106675,0.00525792,-0.300256,0,0,0,0.00374261,-0.165155,-0.00451905,-1.38272,-0.0919918,10.6744,10.764,0,24.0776
5.79,climb,-0.00810572,0.51876,-0.00174087,0.100456,0,0,-0.00049166,0.156713,0.00219441,0.451946,0.591946,5.2942,3.2125,nan,0.32675,0.331596,0.332995,0.320498,0.321933,0.331596,0.321933,0.332995,0.320498,1,0,0.100457,0,9.59905e-05,-0.0419868,-0.00124575,0.00509186,-0.301217,0,0,0,0.00737124,-0.16619,-0.00670199,-1.32464,-0.133841,10.531,10.6148,0,23.9702
5.8,climb,-0.00812011,0.517187,-0.00185143,0.100779,0,0,-0.000734579,0.15801,0.00302913,0.450167,0.590167,5.32637,3.22185,nan,0.32663,0.33245,0.332197,0.320977,0.320919,0.33245,0.320919,0.332197,0.320977,1,0,0.100781,0,0.000518098,-0.0431077,0.000137286,0.00541929,-0.302183,0,0,0,0.0136566,-0.161636,-0.00268996,-1.30155,-0.132373,10.6257,10.7059,0,23.8615
5.81,climb,-0.00813696,0.5156,-0.00181625,0.101072,0,0,-0.000983348,0.159278,0.00241389,0.448396,0.588396,5.35863,3.23115,nan,0.326505,0.332231,0.332084,0.320923,0.320805,0.332231,0.320805,0.332084,0.320923,1,0,0.101079,0,7.79593e-05,-0.0427991,0.000116523,0.00560875,-0.303072,0,0,0,0.0131449,-0.157706,-0.00774511,-1.2192,0.0721257,10.6093,10.6794,0,23.7539
5.82,climb,-0.00815345,0.514001,-0.00179711,0.101373,0,0,-0.00110152,0.160565,0.00232465,0.446634,0.586634,5.39099,3.24039,nan,0.326374,0.332406,0.33149,0.321025,0.320603,0.332406,0.320603,0.33149,0.321025,1,0,0.101369,0,0.00131098,-0.0421951,0.000588432,0.00550445,-0.303938,0,0,0,0.00643974,-0.146593,-0.0012582,-1.3112,0.0902434,10.5237,10.6054,0,23.645
5.83,climb,-0.00816687,0.51239,-0.0018765,0.101633,0,0,-0.00107944,0.161729,0.00142833,0.444881,0.584881,5.42343,3.24955,nan,0.326239,0.330432,0.333333,0.319333,0.321886,0.330432,0.321886,0.333333,0.319333,1,0,0.101634,0,-0.000925175,-0.0427214,-0.00239739,0.00576228,-0.304747,0,0,0,0.0108255,-0.161187,-0.0102495,-1.34543,0.122383,10.535,10.6212,0,23.5378
5.84,climb,-0.00818183,0.510767,-0.00209402,0.101875,0,0,-0.00112971,0.162865,0.00200649,0.443136,0.583136,5.45597,3.25862,nan,0.326099,0.331249,0.332105,0.319861,0.321208,0.331249,0.321208,0.332105,0.319861,1,0,0.101874,0,0.0013047,-0.042227,-0.000968629,0.00630098,-0.305437,0,0,0,0.00866127,-0.16004,0.0039135,-1.40765,0.0101686,10.5823,10.6755,0,23.431
5.85,climb,-0.00819571,0.509133,-0.00210114,0.102123,0,0,-0.00123921,0.163965,0.00107404,0.441402,0.581402,5.4886,3.26765,nan,0.325954,0.33159,0.331575,0.32029,0.320389,0.33159,0.320389,0.331575,0.32029,1,0,0.102128,0,0.000304725,-0.0426068,-3.69478e-05,0.00634279,-0.306203,0,0,0,-0.00068213,-0.172972,-0.00777078,-1.3994,0.0485246,10.5888,10.681,0,23.3232
5.86,climb,-0.00820603,0.507488,-0.00200217,0.10237,0,0,-0.00120016,0.165048,0.000765298,0.439677,0.579677,5.52132,3.27662,nan,0.325804,0.330386,0.332326,0.319345,0.321188,0.330386,0.321188,0.332326,0.319345,1,0,0.102373,0,-0.00025589,-0.0420254,-0.00166255,0.00592148,-0.306924,0,0,0,-0.00127399,-0.159359,0.0116912,-1.4765,-0.102169,10.5867,10.6896,0,23.2147
5.87,climb,-0.00821995,0.505833,-0.00202488,0.102608,0,0,-0.00115007,0.166065,0.00230015,0.437962,0.577962,5.55413,3.28553,nan,0.325649,0.33103,0.331216,0.319985,0.320397,0.33103,0.320397,0.331216,0.319985,1,0,0.102622,0,0.000599424,-0.0414295,-0.000263229,0.00593383,-0.307698,0,0,0,0.0121558,-0.182629,0.0127188,-1.38077,-0.168982,10.6056,10.6964,0,23.1063
5.88,climb,-0.00823628,0.504167,-0.00194595,0.102865,0,0,-0.000969167,0.167173,0.00147929,0.436258,0.576258,5.58703,3.29438,nan,0.32549,0.332102,0.330223,0.320463,0.319203,0.332102,0.319203,0.330223,0.320463,1,0,0.102875,0,0.00164354,-0.0429353,0.00137921,0.00573243,-0.30845,0,0,0,0.00135455,-0.185512,-0.00549167,-1.4101,-0.111513,10.6078,10.7017,0,22.9962
5.89,climb,-0.00824375,0.502489,-0.0017175,0.103082,0,0,-0.000781026,0.168469,0.00140394,0.434565,0.574565,5.62001,3.30319,nan,0.325326,0.329772,0.332121,0.318671,0.320773,0.329772,0.320773,0.332121,0.318671,1,0,0.103082,0,-0.000655227,-0.0425343,-0.0019566,0.00521174,-0.309077,0,0,0,-0.00126669,-0.17083,6.26783e-05,-1.32498,0.0490579,10.5021,10.5855,0,22.8877
5.9,climb,-0.00825378,0.500798,-0.0017529,0.103295,0,0,-0.000618823,0.169859,0.00219403,0.432883,0.572883,5.65309,3.3119,nan,0.325157,0.330204,0.33152,0.318823,0.320118,0.330204,0.320118,0.33152,0.318823,1,0,0.103294,0,-5.491e-05,-0.043169,-0.00114745,0.00526682,-0.309711,0,0,0,0.00151612,-0.172655,-0.00857827,-1.32711,0.0031811,10.5692,10.6522,0,22.7785
5.91,climb,-0.00826348,0.499093,-0.00183019,0.103489,0,0,-0.000563159,0.171112,0.00151451,0.431212,0.571212,5.68625,3.32054,nan,0.324984,0.330337,0.330994,0.31938,0.319261,0.330337,0.319261,0.330994,0.31938,1,0,0.103493,0,-0.00205598,-0.0429929,-0.0002367,0.00547714,-0.310296,0,0,0,0.00884091,-0.176711,-0.00170255,-1.44117,-0.0244108,10.6182,10.7156,0,22.6697
5.92,climb,-0.00827034,0.497376,-0.00190829,0.10365,0,0,-0.000590926,0.17231,0.00200844,0.429553,0.569553,5.71949,3.32912,nan,0.324807,0.331019,0.329654,0.320541,0.318048,0.331019,0.318048,0.329654,0.320541,1,0,0.103652,0,-0.00299275,-0.0418431,0.00169596,0.00578005,-0.310776,0,0,0,0.00486426,-0.168877,-0.00142366,-1.4824,0.0748472,10.4999,10.6043,0,22.5621
5.93,climb,-0.00827729,0.495647,-0.00195565,0.103799,0,0,-0.000711406,0.173557,0.00147744,0.427906,0.567906,5.75282,3.33765,nan,0.324624,0.330799,0.32969,0.319372,0.318672,0.330799,0.318672,0.32969,0.319372,1,0,0.103799,0,0.001085,-0.0425309,0.000795102,0.00583782,-0.311223,0,0,0,0.00392953,-0.176005,-0.00551405,-1.53218,-0.0358865,10.4789,10.5904,0,22.4545
5.94,climb,-0.00828559,0.493905,-0.0018672,0.10396,0,0,-0.000774143,0.174775,0.00187205,0.426271,0.566271,5.78624,3.3461,nan,0.324437,0.329496,0.330587,0.318154,0.31955,0.329496,0.31955,0.330587,0.318154,1,0,0.10398,0,0.000808473,-0.0424058,-0.00109314,0.00553376,-0.311744,0,0,0,0.0201651,-0.195598,0.00416584,-1.49275,-0.121991,10.5489,10.6547,0,22.3456
5.95,climb,-0.00829601,0.492152,-0.00181396,0.10412,0,0,-0.000772824,0.175927,0.00179953,0.424649,0.564649,5.81974,3.35449,nan,0.324245,0.330003,0.329331,0.319239,0.318447,0.330003,0.318447,0.329331,0.319239,1,0,0.104131,0,-0.000317625,-0.0410205,0.000643422,0.00530307,-0.312209,0,0,0,0.00836978,-0.172678,-0.00731317,-1.43272,-0.172365,10.5928,10.6906,0,22.2359
5.96,climb,-0.00830347,0.490387,-0.0017925,0.104255,0,0,-0.000763969,0.177033,0.000609437,0.42304,0.56304,5.85333,3.36279,nan,0.324049,0.330406,0.328803,0.319147,0.31788,0.330406,0.31788,0.328803,0.319147,1,0,0.104262,0,0.000892415,-0.0420311,0.00126134,0.00535136,-0.312603,0,0,0,-0.00826843,-0.18498,0.00109193,-1.42086,-0.00964233,10.3547,10.4518,0,22.1271
5.97,climb,-0.00830841,0.488612,-0.00176023,0.104386,0,0,-0.000733693,0.178084,0.00172593,0.421444,0.561444,5.88699,3.37099,nan,0.323848,0.329879,0.329144,0.318623,0.317788,0.329879,0.317788,0.329144,0.318623,1,0,0.104381,0,-0.000265165,-0.0428455,0.000689887,0.00527503,-0.312981,0,0,0,-0.00470549,-0.174804,-0.00590578,-1.46958,0.0110708,10.4811,10.5836,0,22.0179
5.98,climb,-0.00831582,0.486826,-0.00175876,0.104518,0,0,-0.00064966,0.179122,0.00177229,0.419861,0.559861,5.92074,3.37913,nan,0.323643,0.329159,0.329537,0.318059,0.317858,0.329159,0.317858,0.329537,0.318059,1,0,0.104518,0,-0.0015358,-0.0431613,-7.82183e-05,0.00530357,-0.313388,0,0,0,-0.00038144,-0.180614,0.0108535,-1.43179,0.0337791,10.54,10.6369,0,21.908
5.99,climb,-0.00832525,0.48503,-0.00190319,0.10463,0,0,-0.00062961,0.180107,0.00224099,0.418293,0.558293,5.95457,3.38719,nan,0.323433,0.328135,0.330223,0.316911,0.318505,0.328135,0.318505,0.330223,0.316911,1,0,0.104645,0,-0.00130916,-0.0434715,-0.00161821,0.00578537,-0.313745,0,0,0,0.00598813,-0.187806,-0.0077851,-1.5374,0.123304,10.368,10.482,0,21.7987
6,climb,-0.00833487,0.483224,-0.00192215,0.104733,0,0,-0.00055319,0.181105,0.00157677,0.416738,0.556738,5.98848,3.39518,nan,0.323219,0.329209,0.328166,0.318244,0.317299,0.329209,0.317299,0.328166,0.318244,1,0,0.104737,0,0.000261922,-0.0413653,0.000873663,0.00575279,-0.314041,0,0,0,0.0049987,-0.188015,-0.00530569,-1.63863,-0.0140134,10.4286,10.5566,0,21.6893
6.01,climb,-0.00834089,0.481408,-0.00180012,0.104831,0,0,-0.000428596,0.181987,0.00209274,0.415198,0.555198,6.02247,3.40311,nan,0.323001,0.328899,0.328115,0.317604,0.317429,0.328899,0.317429,0.328115,0.317604,1,0,0.104841,0,0.00161363,-0.0416508,0.000421185,0.00532125,-0.314351,0,0,0,0.000200871,-0.196536,-0.00183028,-1.60733,-0.11561,10.5033,10.6262,0,21.5798
6.02,climb,-0.00834852,0.479584,-0.00172846,0.104937,0,0,-0.000399832,0.182795,0.0027992,0.413673,0.553673,6.05654,3.41096,nan,0.322778,0.328713,0.328298,0.317192,0.316956,0.328713,0.316956,0.328298,0.317192,1,0,0.104948,0,0.000474345,-0.0433201,0.00028638,0.00510277,-0.314658,0,0,0,-0.00699083,-0.190135,0.00204296,-1.42138,-0.0746428,10.3656,10.4628,0,21.4692
6.03,climb,-0.00835482,0.477753,-0.00178864,0.105016,0,0,-0.000267701,0.183545,0.00146826,0.412163,0.552163,6.09069,3.41872,nan,0.322553,0.32847,0.327632,0.317597,0.316558,0.32847,0.316558,0.327632,0.317597,1,0,0.105023,0,-0.000532405,-0.0415867,0.000825121,0.00537873,-0.314883,0,0,0,0.0070973,-0.183419,0.000427066,-1.38193,0.00506685,10.3398,10.4317,0,21.3597
6.04,climb,-0.00835657,0.475914,-0.00185283,0.105098,0,0,-0.000123114,0.184082,0.00162539,0.410668,0.550668,6.12491,3.4264,nan,0.322323,0.327405,0.328311,0.316106,0.317516,0.327405,0.317516,0.328311,0.316106,1,0,0.105103,0,0.00133797,-0.0418643,-0.00101854,0.00556346,-0.315126,0,0,0,0.00504047,-0.183578,0.000419299,-1.50908,0.00780585,10.49,10.598,0,21.2497
6.05,climb,-0.00835614,0.474072,-0.00194708,0.105175,0,0,0.000198859,0.184449,0.00127681,0.409188,0.549188,6.15921,3.43401,nan,0.32209,0.326587,0.328297,0.316181,0.317341,0.326587,0.317341,0.328297,0.316181,1,0,0.105184,0,-0.00145962,-0.0404778,-0.00126116,0.0058712,-0.315362,0,0,0,0.015921,-0.185249,-0.000269703,-1.53223,0.0234825,10.4197,10.5318,0,21.1397
6.06,climb,-0.00835168,0.472226,-0.00188322,0.105253,0,0,0.000486504,0.184613,0.000895673,0.407724,0.547724,6.19359,3.44156,nan,0.321853,0.326547,0.328282,0.315288,0.317342,0.326547,0.317342,0.328282,0.315288,1,0,0.105259,0,0.000845701,-0.042062,-0.00166525,0.00558646,-0.315612,0,0,0,0.00258924,-0.19501,0.00116312,-1.60485,-0.0934795,10.4453,10.5683,0,21.0295
6.07,climb,-0.0083444,0.470379,-0.00181727,0.105356,0,0,0.000728608,0.184759,0.00120557,0.406276,0.546276,6.22804,3.44904,nan,0.321613,0.326633,0.328037,0.314923,0.316906,0.326633,0.316906,0.328037,0.314923,1,0,0.105375,0,0.00153615,-0.0432779,-0.00148864,0.00531928,-0.315927,0,0,0,-0.0115166,-0.191738,-0.00408222,-1.45498,-0.134208,10.3576,10.4601,0,20.9178
6.08,climb,-0.0083365,0.46853,-0.00179538,0.105453,0,0,0.000907667,0.185164,0.00131153,0.404844,0.544844,6.26256,3.45644,nan,0.32137,0.327886,0.325945,0.316396,0.315301,0.327886,0.315301,0.325945,0.316396,1,0,0.105463,0,0.00224314,-0.0419408,0.00133443,0.00533987,-0.316206,0,0,0,0.000115745,-0.194726,-0.00460902,-1.46499,-0.0470961,10.3725,10.4755,0,20.8064
6.09,climb,-0.0083221,0.466676,-0.00187508,0.10553,0,0,0.00109197,0.18563,0.000538742,0.403428,0.543428,6.29716,3.46376,nan,0.321124,0.327495,0.326021,0.316292,0.314737,0.327495,0.314737,0.326021,0.316292,1,0,0.105535,0,-0.00021464,-0.0426095,0.00133105,0.00562269,-0.316415,0,0,0,0.0144093,-0.179669,0.00417018,-1.49234,-0.02123,10.3833,10.49,0,20.6957
6.1,climb,-0.00830435,0.464818,-0.00200693,0.105599,0,0,0.0012462,0.186069,0.000171464,0.402029,0.542029,6.33183,3.47099,nan,0.320875,0.325793,0.327431,0.314026,0.316299,0.325793,0.316299,0.327431,0.314026,1,0,0.105612,0,0.00168515,-0.0433888,-0.00171829,0.00601739,-0.316638,0,0,0,0.0193578,-0.191093,-0.00378182,-1.62458,-0.0324148,10.3741,10.5006,0,20.5853
6.11,climb,-0.00828357,0.462955,-0.00191531,0.105664,0,0,0.001457,0.186548,-5.14136e-06,0.400647,0.540647,6.36658,3.47811,nan,0.320623,0.325875,0.326617,0.314525,0.315525,0.325875,0.315525,0.326617,0.314525,1,0,0.105689,0,0.00068186,-0.0425219,-0.000765772,0.00567748,-0.316855,0,0,0,-0.00141533,-0.204604,0.00514899,-1.60189,-0.0920533,10.4067,10.5297,0,20.4748
6.12,climb,-0.00826252,0.461087,-0.00186657,0.105707,0,0,0.00167738,0.186957,0.000490595,0.399281,0.539281,6.40139,3.48515,nan,0.320368,0.326071,0.32572,0.315216,0.314518,0.326071,0.314518,0.32572,0.315216,1,0,0.105718,0,-0.000923218,-0.0417931,0.000461402,0.00557278,-0.316975,0,0,0,0.00408918,-0.198916,-0.00643557,-1.58698,-0.0334328,10.2455,10.3677,0,20.3653
6.13,climb,-0.00824109,0.459217,-0.00183224,0.105762,0,0,0.00171768,0.187129,0.00105116,0.397933,0.537933,6.43628,3.49211,nan,0.320111,0.325525,0.325711,0.314353,0.314906,0.325525,0.314906,0.325711,0.314353,1,0,0.10577,0,0.000973153,-0.0416421,-0.000325107,0.00542618,-0.317119,0,0,0,0.00236065,-0.184289,-0.00651589,-1.46763,-0.082632,10.2566,10.3614,0,20.255
6.14,climb,-0.00822312,0.457345,-0.00193168,0.105799,0,0,0.00167055,0.187082,0.00160963,0.396602,0.536602,6.47123,3.49897,nan,0.319851,0.324682,0.325946,0.313689,0.31514,0.324682,0.31514,0.325946,0.313689,1,0,0.105811,0,0.000495721,-0.0413042,-0.0011929,0.00585063,-0.317233,0,0,0,0.0189105,-0.185475,0.0121404,-1.5785,0.0589945,10.408,10.5272,0,20.1456
6.15,climb,-0.00820732,0.455475,-0.00199822,0.105856,0,0,0.00171557,0.186875,0.00172206,0.395288,0.535288,6.50625,3.50579,nan,0.319589,0.324353,0.326061,0.313318,0.314676,0.324353,0.314676,0.326061,0.313318,1,0,0.105867,0,-0.000928991,-0.0424802,-0.00134735,0.00599677,-0.31739,0,0,0,0.00864506,-0.179382,-0.00192816,-1.66695,0.00761802,10.2516,10.3862,0,20.0353
6.16,climb,-0.00819113,0.453608,-0.00199761,0.105932,0,0,0.00175502,0.186622,0.00155297,0.393992,0.533992,6.54134,3.51254,nan,0.319324,0.325035,0.324814,0.314028,0.313475,0.325035,0.313475,0.324814,0.314028,1,0,0.10595,0,-0.000880692,-0.0423417,0.00034017,0.00592105,-0.317646,0,0,0,0.00811103,-0.193297,0.000154384,-1.65877,-0.13202,10.3423,10.4753,0,19.9239
6.17,climb,-0.00817267,0.451742,-0.00190589,0.105998,0,0,0.00175137,0.186415,0.00183894,0.392713,0.532713,6.5765,3.51922,nan,0.319058,0.325342,0.324151,0.314046,0.312745,0.325342,0.312745,0.324151,0.314046,1,0,0.106007,0,-0.000291055,-0.0430152,0.00109554,0.00563026,-0.317851,0,0,0,0.00996639,-0.195501,0.00420495,-1.57752,-0.148205,10.3864,10.5066,0,19.8132
6.18,climb,-0.00815523,0.449879,-0.00187042,0.106078,0,0,0.00162172,0.186275,0.00088385,0.391452,0.531452,6.61172,3.52581,nan,0.318789,0.324781,0.324473,0.31312,0.312836,0.324781,0.312836,0.324473,0.31312,1,0,0.106085,0,6.30434e-05,-0.0441447,0.000260175,0.00565566,-0.318068,0,0,0,0.00566755,-0.184246,0.00874734,-1.57752,0.074306,10.3483,10.4681,0,19.7019
6.19,climb,-0.00813744,0.448016,-0.00188836,0.106148,0,0,0.00159414,0.186335,0.00133885,0.39021,0.53021,6.64701,3.53235,nan,0.318519,0.324137,0.324063,0.313158,0.312773,0.324137,0.312773,0.324063,0.313158,1,0,0.106153,0,-0.000826444,-0.0421949,0.000202187,0.00570311,-0.318281,0,0,0,0.0181075,-0.188156,-0.00194612,-1.71729,0.0525687,10.3581,10.4996,0,19.5911
6.2,climb,-0.00812097,0.446152,-0.00190706,0.106192,0,0,0.00155419,0.186358,0.00114864,0.388985,0.528985,6.68237,3.53885,nan,0.318247,0.323523,0.324221,0.312066,0.313234,0.323523,0.313234,0.324221,0.312066,1,0,0.106198,0,0.00124585,-0.0425274,-0.000819648,0.00567392,-0.318405,0,0,0,0.00824739,-0.183556,0.000352023,-1.69854,-0.0916334,10.2425,10.3828,0,19.4818
6.21,climb,-0.0081059,0.444288,-0.00183933,0.106266,0,0,0.00153536,0.186406,0.0015306,0.387779,0.527779,6.71778,3.54525,nan,0.317974,0.324033,0.322659,0.313728,0.31153,0.324033,0.31153,0.322659,0.313728,1,0,0.106276,0,-0.00218605,-0.0406118,0.00156975,0.00550065,-0.318636,0,0,0,0.00612148,-0.191239,0.0103271,-1.71182,-0.0288001,10.3647,10.5052,0,19.3708
6.22,climb,-0.00808961,0.442425,-0.00176948,0.106342,0,0,0.00146419,0.186331,0.000681023,0.38659,0.52659,6.75327,3.55157,nan,0.317699,0.323145,0.323475,0.312189,0.312041,0.323145,0.312041,0.323475,0.312189,1,0,0.106355,0,-0.00126806,-0.0424222,-7.98629e-05,0.00519447,-0.31888,0,0,0,-0.00586349,-0.193086,0.00208635,-1.63489,-0.17343,10.2491,10.3802,0,19.2596
6.23,climb,-0.008072,0.440561,-0.00178722,0.10643,0,0,0.00136821,0.186324,0.000172981,0.385421,0.525421,6.78881,3.55783,nan,0.317422,0.323472,0.322851,0.312251,0.311172,0.323472,0.311172,0.322851,0.312251,1,0,0.106431,0,-0.00121294,-0.0433915,0.000747117,0.00540132,-0.319122,0,0,0,0.00669739,-0.185298,0.00754434,-1.59133,0.0672297,10.2526,10.3756,0,19.1479
6.24,climb,-0.00805145,0.438697,-0.00179977,0.106513,0,0,0.00120305,0.186498,6.29696e-05,0.384269,0.524269,6.82442,3.56402,nan,0.317146,0.322499,0.32369,0.311118,0.311332,0.322499,0.311332,0.32369,0.311118,1,0,0.106518,0,-0.00259341,-0.0449797,-0.000617432,0.0054063,-0.319368,0,0,0,0.0107021,-0.184315,0.00935436,-1.8024,0.0110599,10.1932,10.3513,0,19.0363
6.25,climb,-0.00803246,0.436831,-0.0017802,0.106597,0,0,0.00103845,0.186872,-0.000226204,0.383136,0.523136,6.86009,3.57014,nan,0.316868,0.322762,0.32218,0.311291,0.311295,0.322762,0.311295,0.32218,0.311291,1,0,0.106603,0,0.00155361,-0.0423598,0.000253527,0.00532216,-0.319624,0,0,0,0.00593512,-0.187833,-0.0067313,-1.8437,-0.0269938,10.2565,10.4209,0,18.9245
6.26,climb,-0.00801407,0.43496,-0.00172263,0.106674,0,0,0.000912564,0.187406,-0.000489994,0.382022,0.522022,6.89582,3.5762,nan,0.31659,0.321453,0.323234,0.309694,0.312034,0.321453,0.312034,0.323234,0.309694,1,0,0.106679,0,0.00148392,-0.0435014,-0.00181106,0.00505669,-0.319865,0,0,0,-0.00381188,-0.187837,0.00292492,-1.63826,-0.17384,10.2802,10.4114,0,18.813
6.27,climb,-0.00800007,0.433083,-0.00174129,0.106739,0,0,0.00082965,0.188113,0.000939263,0.380926,0.520926,6.93161,3.58218,nan,0.316311,0.32264,0.321708,0.310367,0.310584,0.32264,0.310584,0.321708,0.310367,1,0,0.106742,0,0.00304772,-0.0443332,0.000314458,0.00523892,-0.320062,0,0,0,0.010717,-0.19609,0.00195932,-1.55754,0.0141273,10.2567,10.3743,0,18.7017
6.28,climb,-0.00798755,0.431197,-0.00179961,0.106788,0,0,0.000848398,0.189108,0.000505392,0.379849,0.519849,6.96746,3.58805,nan,0.316031,0.320832,0.322795,0.309927,0.310625,0.320832,0.310625,0.322795,0.309927,1,0,0.106798,0,-0.00335613,-0.0437239,-0.00116959,0.00545036,-0.320205,0,0,0,0.0145568,-0.191737,-0.00141935,-1.65208,0.0817765,10.1912,10.3245,0,18.5908
6.29,climb,-0.00797741,0.4293,-0.00184974,0.106859,0,0,0.000759185,0.190294,0.00165619,0.378791,0.518791,7.00337,3.59382,nan,0.315749,0.321071,0.322252,0.309209,0.310522,0.321071,0.310522,0.322252,0.309209,1,0,0.106867,0,0.000350182,-0.0447012,-0.00109584,0.00549311,-0.320426,0,0,0,0.00458472,-0.197755,0.00719137,-1.73715,-0.105571,10.2319,10.3789,0,18.4781
6.3,climb,-0.00797267,0.427391,-0.00182557,0.106924,0,0,0.000661258,0.191545,0.00189103,0.377751,0.517751,7.03933,3.5995,nan,0.315466,0.320345,0.321754,0.309384,0.310439,0.320345,0.310439,0.321754,0.309384,1,0,0.10693,0,-0.000938398,-0.0422079,-0.00108255,0.00544559,-0.320603,0,0,0,0.000849877,-0.188427,0.00328607,-1.72258,-0.0383077,10.2808,10.4242,0,18.365
6.31,climb,-0.00796925,0.42547,-0.00180394,0.106952,0,0,0.00059297,0.192751,0.00215001,0.37673,0.51673,7.07535,3.60513,nan,0.315181,0.319766,0.32159,0.309198,0.310228,0.319766,0.310228,0.32159,0.309198,1,0,0.106963,0,-0.0021068,-0.0415526,-0.00125445,0.00535308,-0.320708,0,0,0,-0.00072766,-0.200848,-0.00247145,-1.60222,-0.0762099,10.1974,10.3228,0,18.2533
6.32,climb,-0.00796854,0.423537,-0.00184785,0.106931,0,0,0.000544427,0.193833,0.00341814,0.375729,0.515729,7.11143,3.61068,nan,0.314894,0.320822,0.320356,0.309226,0.309231,0.320822,0.309231,0.320356,0.309226,1,0,0.106939,0,0.00124969,-0.0430524,0.000202194,0.00558822,-0.32064,0,0,0,0.0124919,-0.195035,-0.00539155,-1.74497,0.0913113,10.2336,10.3817,0,18.1437
6.33,climb,-0.00796916,0.421594,-0.00195581,0.106934,0,0,0.000539473,0.194755,0.00207931,0.374746,0.514746,7.14756,3.61613,nan,0.314605,0.31999,0.320311,0.309004,0.309171,0.31999,0.309171,0.320311,0.309004,1,0,0.106947,0,-0.000409283,-0.0419227,-0.000214799,0.00584154,-0.320646,0,0,0,0.00190817,-0.196225,-0.011927,-1.86985,-0.0243341,10.1511,10.3219,0,18.0323
6.34,climb,-0.00796578,0.419642,-0.00187409,0.106918,0,0,0.000577396,0.195583,0.00228692,0.373784,0.513784,7.18375,3.62152,nan,0.314312,0.320698,0.318918,0.30978,0.307913,0.320698,0.307913,0.318918,0.30978,1,0,0.106932,0,-0.000228105,-0.04154,0.00160317,0.00552165,-0.320602,0,0,0,-0.0123174,-0.195457,0.00306541,-1.73901,-0.147192,10.1945,10.3428,0,17.9214
6.35,climb,-0.00796433,0.417683,-0.00182353,0.106882,0,0,0.00053266,0.196196,0.00217912,0.37284,0.51284,7.21999,3.62684,nan,0.314018,0.320647,0.318487,0.309957,0.30704,0.320647,0.30704,0.318487,0.309957,1,0,0.106881,0,-0.0020079,-0.0419444,0.00223145,0.00544581,-0.320473,0,0,0,0.00186162,-0.186116,0.00748476,-1.71359,-0.0296763,10.1942,10.3372,0,17.8112
6.36,climb,-0.00795992,0.415719,-0.00188738,0.106843,0,0,0.00043683,0.196597,0.00142482,0.371917,0.511917,7.25628,3.63209,nan,0.31372,0.320464,0.318141,0.309792,0.306543,0.320464,0.306543,0.318141,0.309792,1,0,0.106849,0,-0.00245656,-0.0421961,0.00244933,0.00569379,-0.32037,0,0,0,0.00781943,-0.192657,-0.00204049,-1.75732,0.0798507,10.1999,10.3505,0,17.7009
6.37,climb,-0.0079537,0.413751,-0.00198703,0.106811,0,0,0.000367789,0.196899,0.00126716,0.371013,0.511013,7.29263,3.63731,nan,0.31342,0.317092,0.320439,0.306455,0.309754,0.317092,0.309754,0.320439,0.306455,1,0,0.106825,0,-0.00012578,-0.0404011,-0.00292093,0.00589742,-0.320281,0,0,0,0.00365881,-0.196197,0.00295494,-1.75529,-0.119962,10.0918,10.244,0,17.59
6.38,climb,-0.00795217,0.411781,-0.00191921,0.106823,0,0,0.000321001,0.197117,0.00233858,0.370129,0.510129,7.32903,3.64248,nan,0.313117,0.318799,0.318262,0.307569,0.307898,0.318799,0.307898,0.318262,0.307569,1,0,0.106836,0,0.0022946,-0.0409175,9.11521e-05,0.00569257,-0.320324,0,0,0,0.0083902,-0.200544,0.00380251,-1.67355,-0.124575,10.1995,10.3366,0,17.4765
6.39,climb,-0.00795004,0.409809,-0.00181258,0.106796,0,0,0.000211576,0.197253,0.00134456,0.369266,0.509266,7.36548,3.64762,nan,0.312811,0.317292,0.319783,0.305858,0.308373,0.317292,0.308373,0.319783,0.305858,1,0,0.106805,0,6.28556e-05,-0.0432854,-0.00220029,0.00544556,-0.320242,0,0,0,0.0026022,-0.202682,-0.00164068,-1.65462,0.0324024,10.2324,10.3653,0,17.3651
6.4,climb,-0.00795165,0.407836,-0.0018616,0.106746,0,0,7.48817e-05,0.197399,0.00285572,0.368423,0.508423,7.40198,3.65273,nan,0.312503,0.317358,0.318785,0.306308,0.307623,0.317358,0.307623,0.318785,0.306308,1,0,0.106769,0,-0.000295466,-0.0420883,-0.00120468,0.00559732,-0.320104,0,0,0,0.0128895,-0.20956,0.000204008,-1.78455,0.020589,10.1493,10.305,0,17.2548
6.41,climb,-0.00795633,0.405861,-0.0019164,0.106704,0,0,-4.16858e-05,0.197574,0.00204235,0.367601,0.507601,7.43853,3.65777,nan,0.312192,0.31835,0.317162,0.30694,0.306381,0.31835,0.306381,0.317162,0.30694,1,0,0.106715,0,0.00166853,-0.0420481,0.000767883,0.0057101,-0.31997,0,0,0,-0.00516295,-0.206254,0.000332474,-1.87519,-0.0376714,10.0689,10.2421,0,17.1442
6.42,climb,-0.00795664,0.403884,-0.00185523,0.106679,0,0,-6.14787e-05,0.197764,0.000959475,0.3668,0.5068,7.47513,3.66275,nan,0.31188,0.317787,0.317057,0.306937,0.3058,0.317787,0.3058,0.317057,0.306937,1,0,0.106684,0,-0.00107944,-0.0418874,0.000820762,0.00553299,-0.319877,0,0,0,0.00394284,-0.192711,0.0064397,-1.77439,-0.0554718,10.0956,10.2505,0,17.0323
6.43,climb,-0.00795445,0.401905,-0.00185184,0.106641,0,0,-7.18505e-07,0.197979,0.00196113,0.366019,0.506019,7.51178,3.6677,nan,0.311565,0.316922,0.317055,0.30589,0.306454,0.316922,0.306454,0.317055,0.30589,1,0,0.106648,0,0.00114315,-0.0409916,-0.0003062,0.00553171,-0.319765,0,0,0,0.00821744,-0.194639,-0.00655287,-1.66002,-0.0407569,10.0515,10.1878,0,16.9212
6.44,climb,-0.00795394,0.399925,-0.00188651,0.106608,0,0,8.43707e-05,0.198153,0.00158289,0.36526,0.50526,7.54848,3.67257,nan,0.311247,0.316775,0.317113,0.305556,0.305609,0.316775,0.305609,0.317113,0.305556,1,0,0.106626,0,-0.000757864,-0.0430546,-0.000171815,0.00564049,-0.319686,0,0,0,0.00736525,-0.207712,0.00412938,-1.75103,-0.0338572,10.0798,10.2308,0,16.8096
6.45,climb,-0.00795319,0.397942,-0.00189568,0.106564,0,0,0.00010852,0.19841,0.00142082,0.364522,0.504522,7.58523,3.67738,nan,0.310928,0.315788,0.317207,0.304722,0.30606,0.315788,0.30606,0.317207,0.304722,1,0,0.106592,0,-0.000211466,-0.0420891,-0.00121187,0.00566269,-0.319558,0,0,0,0.00283174,-0.21086,0.012206,-1.89994,-0.036498,10.1976,10.3731,0,16.6985
6.46,climb,-0.00795163,0.395957,-0.00184632,0.106523,0,0,0.000207388,0.198657,0.00163619,0.363805,0.503805,7.62203,3.68213,nan,0.310607,0.316381,0.315792,0.304894,0.305426,0.316381,0.305426,0.315792,0.304894,1,0,0.106536,0,0.00297468,-0.0414076,2.46239e-05,0.00551253,-0.319424,0,0,0,0.00168508,-0.203624,-0.00865512,-1.75868,-0.0277674,10.07,10.2225,0,16.5871
6.47,climb,-0.00794922,0.393969,-0.00183326,0.106494,0,0,0.000417347,0.198929,0.00232261,0.36311,0.50311,7.65887,3.68685,nan,0.310284,0.316422,0.315391,0.305399,0.303989,0.316422,0.303989,0.315391,0.305399,1,0,0.106505,0,-0.00100581,-0.0424915,0.00107344,0.00548156,-0.31933,0,0,0,0.00843048,-0.197635,-0.00652579,-1.74577,-0.0327506,10.1554,10.3044,0,16.4749
6.48,climb,-0.00794543,0.391977,-0.00194243,0.106449,0,0,0.000465544,0.199307,0.00157327,0.362436,0.502436,7.69576,3.69149,nan,0.309959,0.31573,0.315341,0.304802,0.30403,0.31573,0.30403,0.315341,0.304802,1,0,0.106467,0,-0.00101523,-0.0421401,0.000510361,0.00579239,-0.319202,0,0,0,0.00740139,-0.20233,-0.00332497,-1.99288,-0.0830435,10.0479,10.2439,0,16.3634
6.49,climb,-0.00793865,0.389982,-0.00196658,0.10638,0,0,0.000481022,0.199765,0.000798039,0.361784,0.501784,7.7327,3.69606,nan,0.309633,0.31552,0.314669,0.304294,0.304113,0.31552,0.304113,0.314669,0.304294,1,0,0.106397,0,0.00177788,-0.0412734,0.000453648,0.0058235,-0.319003,0,0,0,-1.57837e-05,-0.204921,-0.00327317,-1.87747,-0.155918,10.1362,10.3098,0,16.253
6.5,climb,-0.00792981,0.387983,-0.00190577,0.106331,0,0,0.000653964,0.200059,0.000683977,0.361154,0.501154,7.76968,3.70058,nan,0.309304,0.31501,0.31505,0.303649,0.303574,0.31501,0.303574,0.31505,0.303649,1,0,0.106335,0,-0.000304384,-0.0432709,1.59578e-05,0.00568484,-0.318832,0,0,0,-0.00213971,-0.191939,0.0117402,-1.7258,-0.0342178,10.0773,10.224,0,16.1413
6.51,climb,-0.00791978,0.385981,-0.00199053,0.106261,0,0,0.000733911,0.200411,0.00115699,0.360546,0.500546,7.80671,3.70505,nan,0.308974,0.314715,0.314269,0.303782,0.303198,0.314715,0.303198,0.314269,0.303782,1,0,0.106283,0,-0.000369287,-0.0416933,0.000452658,0.0059611,-0.318654,0,0,0,0.0136961,-0.211906,0.00216253,-1.82261,-0.0352234,10.1013,10.2644,0,16.0306
6.52,climb,-0.00790905,0.383975,-0.00204559,0.106188,0,0,0.000802844,0.200726,0.000599538,0.35996,0.49996,7.84378,3.70946,nan,0.308643,0.313626,0.314438,0.302787,0.303785,0.313626,0.303785,0.314438,0.302787,1,0,0.106211,0,0.000491493,-0.0407238,-0.00079517,0.00609553,-0.318428,0,0,0,0.0107542,-0.206343,-0.00701222,-1.85722,-0.100566,10.0045,10.1759,0,15.9198
6.53,climb,-0.00789748,0.381967,-0.00195123,0.106118,0,0,0.000843163,0.200915,0.00107066,0.359396,0.499396,7.88089,3.71381,nan,0.308309,0.31342,0.314247,0.302234,0.303402,0.31342,0.303402,0.314247,0.302234,1,0,0.106141,0,0.000902703,-0.041745,-0.000877049,0.00578877,-0.318236,0,0,0,0.00929936,-0.21567,-0.0026051,-1.86191,-0.163054,10.0628,10.2349,0,15.8088
6.54,climb,-0.00788835,0.379957,-0.00187578,0.106042,0,0,0.000862785,0.201045,0.00189707,0.358854,0.498854,7.91805,3.71812,nan,0.307974,0.314676,0.312376,0.303801,0.301109,0.314676,0.301109,0.312376,0.303801,1,0,0.106054,0,-0.00104054,-0.0419553,0.00219428,0.00564583,-0.317978,0,0,0,0.00592572,-0.197372,0.0145385,-1.77872,0.0534287,10.1362,10.2912,0,15.698
6.55,climb,-0.00787834,0.377946,-0.00195514,0.105972,0,0,0.000804897,0.201194,0.00105296,0.358335,0.498335,7.95525,3.72235,nan,0.307638,0.312208,0.313814,0.301134,0.303465,0.312208,0.303465,0.313814,0.301134,1,0,0.105993,0,0.00192363,-0.0405928,-0.00173098,0.00586367,-0.317781,0,0,0,0.0177862,-0.207895,0.00220362,-2.03204,-0.0326413,10.0547,10.258,0,15.5868
6.56,climb,-0.00787007,0.375934,-0.00190684,0.105909,0,0,0.000737282,0.20113,0.00199866,0.357838,0.497838,7.9925,3.72652,nan,0.307303,0.31255,0.312915,0.301481,0.302333,0.31255,0.302333,0.312915,0.301481,1,0,0.105928,0,0.00129069,-0.0410235,-0.000534687,0.00566506,-0.317601,0,0,0,0.00463635,-0.21214,0.00349606,-1.83053,-0.117447,10.1468,10.3113,0,15.4752
6.57,climb,-0.00786506,0.373923,-0.00185557,0.105847,0,0,0.000807834,0.200916,0.00168083,0.357363,0.497363,8.02978,3.73063,nan,0.306967,0.31284,0.312377,0.301652,0.301066,0.31284,0.301066,0.312377,0.301652,1,0,0.105865,0,-0.000326948,-0.0426312,0.000461213,0.0055711,-0.317408,0,0,0,0.00993136,-0.207895,0.00442921,-1.67067,0.00587804,10.0312,10.1694,0,15.3635
6.58,climb,-0.00785758,0.371915,-0.00194236,0.105782,0,0,0.000846857,0.200676,0.00177954,0.356911,0.496911,8.06711,3.73468,nan,0.306632,0.311951,0.312393,0.300458,0.301791,0.311951,0.301791,0.312393,0.300458,1,0,0.105806,0,0.00236295,-0.0418633,-0.000780228,0.00581242,-0.317207,0,0,0,0.00465088,-0.20518,-0.00143537,-1.82234,-0.0118004,9.99199,10.1568,0,15.2522
6.59,climb,-0.00784942,0.369909,-0.00193856,0.105746,0,0,0.000812503,0.200409,0.00149113,0.356481,0.496481,8.10447,3.73867,nan,0.306296,0.31159,0.311972,0.301086,0.300604,0.31159,0.300604,0.311972,0.301086,1,0,0.105768,0,-0.0022925,-0.0414412,4.40224e-05,0.00577019,-0.317098,0,0,0,0.00990691,-0.202681,-0.00830358,-1.91386,-0.117902,10.0349,10.2164,0,15.1394
6.6,climb,-0.00784202,0.367907,-0.001811,0.105685,0,0,0.000649939,0.199963,0.000676591,0.356074,0.496074,8.14188,3.7426,nan,0.305961,0.311805,0.311315,0.300159,0.300632,0.311805,0.300632,0.311315,0.300159,1,0,0.105696,0,0.00255283,-0.0423092,7.17605e-06,0.00542934,-0.31691,0,0,0,0.0049447,-0.200436,-0.00809519,-1.81104,0.0142148,9.99242,10.1552,0,15.0282
6.61,climb,-0.0078337,0.36591,-0.00184923,0.105646,0,0,0.000549206,0.1993,0.000745521,0.355689,0.495689,8.17932,3.74647,nan,0.305626,0.310008,0.312347,0.299405,0.300811,0.310008,0.300811,0.312347,0.299405,1,0,0.105659,0,-0.00247539,-0.0419484,-0.00164598,0.00552455,-0.31679,0,0,0,0.0142895,-0.199176,-0.006615,-1.83521,-0.0706435,10.0408,10.2074,0,14.9161
6.62,climb,-0.00782627,0.363921,-0.00191959,0.10561,0,0,0.000237979,0.198499,0.000593558,0.355326,0.495326,8.21681,3.75028,nan,0.305291,0.311599,0.309953,0.300643,0.299036,0.311599,0.299036,0.309953,0.300643,1,0,0.105619,0,0.000102276,-0.0414454,0.00143018,0.00570152,-0.316685,0,0,0,-0.000957414,-0.198936,0.013191,-2.01931,-0.127364,10.0563,10.2578,0,14.8041
6.63,climb,-0.00782096,0.36194,-0.00179501,0.105591,0,0,-3.06074e-05,0.197626,0.00035691,0.354985,0.494985,8.25433,3.75404,nan,0.304958,0.311247,0.309922,0.299756,0.298973,0.311247,0.298973,0.309922,0.299756,1,0,0.105608,0,0.00143523,-0.0425189,0.00092655,0.00535204,-0.316636,0,0,0,-0.00208768,-0.205295,-0.00586898,-1.87478,-0.0355593,9.93525,10.1107,0,14.6918
6.64,climb,-0.00781767,0.359968,-0.00178399,0.10556,0,0,-0.000337079,0.196935,0.000443375,0.354667,0.494667,8.29189,3.75776,nan,0.304627,0.310393,0.310417,0.299181,0.29858,0.310393,0.29858,0.310417,0.299181,1,0,0.105576,0,-0.00165718,-0.0436739,0.000253523,0.00535386,-0.316538,0,0,0,-0.000902686,-0.200922,0.00539342,-1.84454,0.0465587,10.0276,10.196,0,14.5805
6.65,climb,-0.00781806,0.358001,-0.00185678,0.105532,0,0,-0.00077559,0.196408,-0.000132147,0.354371,0.494371,8.32948,3.76143,nan,0.304297,0.310392,0.309354,0.299221,0.298287,0.310392,0.298287,0.309354,0.299221,1,0,0.105544,0,0.000274338,-0.0421374,0.000866895,0.00554242,-0.316451,0,0,0,0.0139113,-0.199996,0.0102978,-1.86404,-0.092126,9.91699,10.0911,0,14.4695
6.66,climb,-0.00782076,0.356039,-0.00190376,0.105517,0,0,-0.00100935,0.195956,1.29731e-05,0.354096,0.494096,8.36711,3.76504,nan,0.30397,0.309509,0.309634,0.297902,0.298901,0.309509,0.298901,0.309634,0.297902,1,0,0.105533,0,0.00231957,-0.04233,-0.000494288,0.00564325,-0.316398,0,0,0,0.00640558,-0.191502,0.000187363,-1.88314,-0.168362,10.0327,10.2093,0,14.3579
6.67,climb,-0.00782733,0.354081,-0.00187981,0.105504,0,0,-0.00101957,0.195586,0.00126815,0.353843,0.493843,8.40478,3.76861,nan,0.303645,0.309063,0.309372,0.298263,0.297947,0.309063,0.297947,0.309372,0.298263,1,0,0.105517,0,-0.00165757,-0.0421096,3.07937e-06,0.00560686,-0.316382,0,0,0,-0.00224195,-0.209096,0.00415155,-1.86347,-0.0359579,9.89295,10.067,0,14.2465
6.68,climb,-0.00783708,0.352126,-0.0019353,0.105482,0,0,-0.00100035,0.19543,0.00227301,0.353612,0.493612,8.44248,3.77209,nan,0.303322,0.308329,0.309696,0.297051,0.298274,0.308329,0.298274,0.309696,0.297051,1,0,0.105497,0,-0.000381902,-0.0430127,-0.0011381,0.00581322,-0.316292,0,0,0,0.0156641,-0.194742,0.00536575,-1.89065,0.000705174,9.97347,10.1511,0,14.1358
6.69,climb,-0.00784752,0.350172,-0.00197514,0.105473,0,0,-0.000925215,0.19537,0.0014358,0.353403,0.493403,8.48022,3.77552,nan,0.303,0.307609,0.309727,0.296257,0.29847,0.307609,0.29847,0.309727,0.296257,1,0,0.105492,0,0.000251909,-0.0428395,-0.00190314,0.00591047,-0.316285,0,0,0,0.00678575,-0.207926,0.00796059,-1.93695,-0.0246795,9.98464,10.1708,0,14.0244
6.7,climb,-0.007858,0.348218,-0.00188876,0.105478,0,0,-0.000688772,0.1955,0.00240113,0.353214,0.493214,8.51799,3.77891,nan,0.30268,0.309046,0.307816,0.297222,0.296699,0.309046,0.296699,0.307816,0.297222,1,0,0.10549,0,0.00187419,-0.0434697,0.000770547,0.00562184,-0.31628,0,0,0,0.00172408,-0.19422,0.0010409,-1.90332,-0.0852456,10.0212,10.2007,0,13.9122
6.71,climb,-0.00786607,0.346261,-0.00195425,0.105426,0,0,-0.000450892,0.195826,0.00218907,0.353048,0.493048,8.55579,3.78224,nan,0.302361,0.30865,0.307701,0.296903,0.296253,0.30865,0.296253,0.307701,0.296903,1,0,0.105443,0,0.000795195,-0.0439478,0.000702484,0.00583961,-0.316122,0,0,0,0.0123067,-0.192011,-0.0127812,-1.94281,-0.0641177,10.0097,10.1967,0,13.803
6.72,climb,-0.00787041,0.344301,-0.00201114,0.105387,0,0,-0.00011802,0.196248,0.00217418,0.352902,0.492902,8.59363,3.78554,nan,0.302043,0.306818,0.308417,0.295879,0.29712,0.306818,0.29712,0.308417,0.295879,1,0,0.105404,0,-0.000949718,-0.0421355,-0.00124838,0.00599639,-0.316027,0,0,0,0.00515533,-0.205757,0.00331381,-2.0859,-0.0900691,9.85374,10.0725,0,13.6929
6.73,climb,-0.0078706,0.342337,-0.0019579,0.105365,0,0,9.63871e-05,0.196669,0.00121651,0.352777,0.492777,8.6315,3.78878,nan,0.301725,0.306255,0.308583,0.294888,0.297239,0.306255,0.297239,0.308583,0.294888,1,0,0.105384,0,6.11453e-05,-0.0430327,-0.00205589,0.0057913,-0.315965,0,0,0,0.00655128,-0.204894,0.0089651,-1.94089,-0.230092,9.93053,10.121,0,13.5817
6.74,climb,-0.0078703,0.340368,-0.00191173,0.105351,0,0,0.000240099,0.197138,0.00228901,0.352674,0.492674,8.66941,3.79199,nan,0.301408,0.307782,0.306271,0.296324,0.295321,0.307782,0.295321,0.306271,0.296324,1,0,0.105366,0,0.00134803,-0.0424591,0.00110473,0.00569481,-0.315903,0,0,0,0.00576487,-0.196551,0.00459445,-1.88332,-0.0901517,10.0508,10.2262,0,13.4697
6.75,climb,-0.00786795,0.338394,-0.00194643,0.105313,0,0,0.000274671,0.197606,0.00163007,0.352592,0.492592,8.70734,3.79513,nan,0.301092,0.306069,0.307329,0.295497,0.295536,0.306069,0.295536,0.307329,0.295497,1,0,0.105323,0,-0.00323585,-0.0423785,-0.000570845,0.00582571,-0.315789,0,0,0,0.0144911,-0.195773,0.00581847,-2.096,-0.0608585,9.9363,10.1551,0,13.3588
6.76,climb,-0.00786516,0.336416,-0.00191653,0.105285,0,0,0.000260675,0.198042,0.00193883,0.35253,0.49253,8.74531,3.79825,nan,0.300775,0.306124,0.306749,0.294693,0.295598,0.306124,0.295598,0.306749,0.294693,1,0,0.105298,0,0.000743125,-0.0427905,-0.000672755,0.0057384,-0.315713,0,0,0,0.0088637,-0.201445,0.00792985,-2.08537,-0.0255159,9.9914,10.2067,0,13.2471
6.77,climb,-0.00786345,0.334433,-0.00184458,0.105252,0,0,0.00031993,0.198465,0.00138609,0.35249,0.49249,8.78331,3.8013,nan,0.300458,0.305641,0.30634,0.295424,0.294491,0.305641,0.294491,0.30634,0.295424,1,0,0.105264,0,-0.00432935,-0.0418097,0.000102783,0.00551599,-0.3156,0,0,0,0.00329202,-0.192496,0.00175522,-1.95808,-0.0182653,9.8649,10.0574,0,13.1355
6.78,climb,-0.00785956,0.332447,-0.00183991,0.105204,0,0,0.000301143,0.198852,0.0012318,0.352471,0.492471,8.82133,3.80428,nan,0.300141,0.306172,0.305556,0.295133,0.293766,0.306172,0.293766,0.305556,0.295133,1,0,0.105216,0,-0.0019928,-0.0432542,0.000871458,0.00551934,-0.315471,0,0,0,-0.00757645,-0.201337,-0.00556813,-2.04274,0.0963715,9.98114,10.1885,0,13.0244
6.79,climb,-0.00785456,0.330456,-0.00189094,0.105132,0,0,0.0002094,0.199195,0.00117361,0.352474,0.492474,8.85939,3.80719,nan,0.299823,0.305395,0.305392,0.294597,0.293972,0.305395,0.293972,0.305392,0.294597,1,0,0.105153,0,-0.00164692,-0.0420989,0.000276029,0.00561349,-0.315274,0,0,0,0.010472,-0.21063,-0.00665003,-2.0734,-0.194576,9.8568,10.0744,0,12.9145
6.8,climb,-0.00785087,0.328463,-0.00184667,0.105094,0,0,0.000122417,0.199462,0.000731202,0.352497,0.492497,8.89747,3.81007,nan,0.299504,0.305478,0.304799,0.293576,0.294228,0.305478,0.294228,0.304799,0.293576,1,0,0.105105,0,0.00352955,-0.042581,1.1715e-05,0.00552653,-0.315127,0,0,0,0.00939963,-0.19301,-0.000797797,-1.90928,-0.0312955,9.89546,10.078,0,12.8026
6.81,climb,-0.0078467,0.326467,-0.0018656,0.105041,0,0,0.000212279,0.199685,0.000584594,0.352542,0.492542,8.93559,3.81292,nan,0.299185,0.304635,0.305297,0.293333,0.293539,0.304635,0.293539,0.305297,0.293333,1,0,0.105057,0,-0.00120782,-0.0436951,-0.000381428,0.00560173,-0.314981,0,0,0,-0.00109706,-0.199718,-0.00200066,-1.92577,0.0688059,9.98635,10.1706,0,12.6912
6.82,climb,-0.00784268,0.324469,-0.0019055,0.105002,0,0,0.000249111,0.199978,0.00168548,0.352608,0.492608,8.97373,3.81572,nan,0.298865,0.302472,0.306447,0.291476,0.295128,0.302472,0.295128,0.306447,0.291476,1,0,0.105023,0,-0.000858484,-0.042283,-0.00335212,0.00568536,-0.314867,0,0,0,0.00818318,-0.202459,0.0130288,-1.99863,-0.0893735,9.74183,9.94514,0,12.579
6.83,climb,-0.0078424,0.322467,-0.00191122,0.104972,0,0,0.000293751,0.200342,0.00230437,0.352695,0.492695,9.0119,3.81846,nan,0.298544,0.304215,0.304257,0.292791,0.292976,0.304215,0.292976,0.304257,0.292791,1,0,0.104991,0,0.000377489,-0.0430215,-0.000100008,0.00566765,-0.314791,0,0,0,0.00490399,-0.208744,-0.00164824,-1.99743,-0.17765,9.9192,10.1199,0,12.466
6.84,climb,-0.0078412,0.320462,-0.00190574,0.104916,0,0,0.0004557,0.200769,0.0026443,0.352804,0.492804,9.0501,3.8212,nan,0.298222,0.302977,0.304714,0.291151,0.29411,0.302977,0.29411,0.304714,0.291151,1,0,0.10493,0,0.00324067,-0.0425011,-0.00206418,0.00569767,-0.31461,0,0,0,0.00888659,-0.202777,-0.00273594,-1.95546,-0.0456716,9.96347,10.1537,0,12.3543
6.85,climb,-0.00784168,0.318452,-0.00195719,0.104855,0,0,0.000660119,0.201154,0.00360401,0.352935,0.492935,9.08832,3.8239,nan,0.297898,0.303242,0.303931,0.29196,0.292526,0.303242,0.292526,0.303931,0.29196,1,0,0.104866,0,-0.000327599,-0.0429874,-0.000551272,0.00585733,-0.314415,0,0,0,0.00953746,-0.195994,0.00858113,-2.03601,-0.0381739,9.91696,10.1239,0,12.2427
6.86,climb,-0.00783934,0.316438,-0.00195456,0.104786,0,0,0.000739124,0.201681,0.0026084,0.353087,0.493087,9.12658,3.82657,nan,0.297573,0.302582,0.303681,0.291774,0.292322,0.302582,0.292322,0.303681,0.291774,1,0,0.104816,0,-0.00146182,-0.041999,-0.000723785,0.00583391,-0.31424,0,0,0,0.0205335,-0.214244,0.00222672,-2.04794,-0.143018,9.92233,10.1325,0,12.1313
6.87,climb,-0.00783354,0.314418,-0.00184197,0.104718,0,0,0.000653024,0.20246,0.00122518,0.35326,0.49326,9.16485,3.8292,nan,0.297245,0.301398,0.304127,0.290414,0.293109,0.301398,0.293109,0.304127,0.290414,1,0,0.104734,0,-8.78878e-05,-0.0416907,-0.00238392,0.00550792,-0.314016,0,0,0,0.00673024,-0.202459,-0.0121682,-1.99669,-0.0293273,9.9736,10.1715,0,12.0195
6.88,climb,-0.00782869,0.312389,-0.00192985,0.104612,0,0,0.000537185,0.203229,0.00240718,0.353456,0.493456,9.20316,3.83182,nan,0.296914,0.301908,0.303188,0.291218,0.291409,0.301908,0.291409,0.303188,0.291218,1,0,0.104636,0,-0.00289129,-0.0425759,-0.000646245,0.00577363,-0.313715,0,0,0,0.00129566,-0.21306,0.00415667,-1.97415,-0.00303368,9.91341,10.1081,0,11.9093
6.89,climb,-0.00782766,0.310353,-0.00194388,0.104544,0,0,0.000350036,0.204002,0.00243877,0.353674,0.493674,9.24149,3.83442,nan,0.29658,0.302224,0.302112,0.291371,0.290682,0.302224,0.290682,0.302112,0.291371,1,0,0.104568,0,-0.00153033,-0.0422228,0.000352267,0.00574835,-0.313515,0,0,0,-0.00264389,-0.21225,0.00221437,-2.0244,-0.205074,9.92088,10.1274,0,11.7966
6.9,climb,-0.00782866,0.308309,-0.00186323,0.104472,0,0,7.69725e-06,0.204905,0.00259957,0.353915,0.493915,9.27984,3.83698,nan,0.296243,0.301663,0.301968,0.290248,0.291161,0.301663,0.291161,0.301968,0.290248,1,0,0.104481,0,0.00160963,-0.0421061,-0.00053536,0.00554728,-0.313271,0,0,0,0.00177659,-0.196549,-0.00301994,-1.93799,-0.0841168,9.83114,10.0207,0,11.6837
6.91,climb,-0.00783242,0.306254,-0.0019194,0.104346,0,0,-0.000269281,0.205948,0.00247922,0.354177,0.494177,9.31823,3.83952,nan,0.295903,0.301553,0.301172,0.290881,0.290073,0.301553,0.290073,0.301172,0.290881,1,0,0.104367,0,-0.00113128,-0.0412511,0.000522494,0.00579533,-0.31291,0,0,0,0.0225655,-0.206764,0.00104813,-2.07777,0.0737638,9.89142,10.1076,0,11.5732
6.92,climb,-0.00783853,0.304191,-0.00190831,0.10427,0,0,-0.000413984,0.206815,0.00246132,0.354463,0.494463,9.35663,3.84204,nan,0.295558,0.301462,0.30054,0.290572,0.289726,0.301462,0.289726,0.30054,0.290572,1,0,0.104287,0,0.000200307,-0.0411236,0.000776772,0.00568527,-0.31269,0,0,0,0.0173797,-0.210444,0.0100161,-2.09923,-0.176325,9.87017,10.0925,0,11.4593
6.93,climb,-0.00784556,0.302119,-0.00185513,0.104163,0,0,-0.000554898,0.20748,0.00264215,0.354772,0.494772,9.39507,3.84454,nan,0.295208,0.300914,0.300604,0.289512,0.289873,0.300914,0.289873,0.300604,0.289512,1,0,0.104182,0,0.00177965,-0.0419385,-2.22368e-05,0.00550983,-0.312371,0,0,0,-0.00281218,-0.21289,-0.00237906,-1.91789,-0.10274,9.81587,10.002,0,11.3468
6.94,climb,-0.00785361,0.300041,-0.00191796,0.104016,0,0,-0.000606237,0.208029,0.0022909,0.355105,0.495105,9.43352,3.84701,nan,0.294854,0.301882,0.298851,0.290346,0.288407,0.301882,0.288407,0.298851,0.290346,1,0,0.104037,0,0.00289647,-0.041649,0.00218469,0.00574653,-0.311914,0,0,0,-0.000505651,-0.203143,-0.00526506,-2.15514,0.0468272,9.85318,10.0862,0,11.2362
6.95,climb,-0.00785918,0.297959,-0.00190286,0.1039,0,0,-0.000566977,0.208452,0.00107135,0.355461,0.495461,9.472,3.84946,nan,0.294495,0.29886,0.300623,0.288556,0.290014,0.29886,0.290014,0.300623,0.288556,1,0,0.103914,0,-0.000810042,-0.0396261,-0.00141562,0.00566365,-0.311551,0,0,0,0.000143378,-0.193134,9.68043e-05,-2.05651,-0.0941253,9.93206,10.1432,0,11.1236
6.96,climb,-0.00786353,0.295873,-0.00186377,0.103778,0,0,-0.000592052,0.208626,0.000644226,0.355841,0.495841,9.51051,3.85189,nan,0.294133,0.299575,0.299537,0.288644,0.288847,0.299575,0.288847,0.299537,0.288644,1,0,0.103801,0,0.000638197,-0.0409678,-7.21195e-05,0.00559254,-0.311209,0,0,0,0.0126235,-0.209504,-0.00513718,-1.94733,-0.00132498,9.95163,10.1404,0,11.0112
6.97,climb,-0.00786654,0.293787,-0.00198347,0.103611,0,0,-0.000633055,0.208602,0.00102518,0.356246,0.496246,9.54904,3.85432,nan,0.293766,0.297184,0.301207,0.286216,0.290532,0.297184,0.290532,0.301207,0.286216,1,0,0.103638,0,0.000779556,-0.0410086,-0.00366476,0.00592253,-0.310724,0,0,0,0.0113558,-0.217757,-0.0028448,-2.06554,-0.0908855,9.8297,10.0448,0,10.9012
6.98,climb,-0.00787384,0.291701,-0.00198938,0.103497,0,0,-0.000658327,0.208612,0.00233577,0.356675,0.496675,9.5876,3.85673,nan,0.293397,0.298683,0.299017,0.287668,0.288296,0.298683,0.288296,0.299017,0.287668,1,0,0.103516,0,0.00077784,-0.0411844,-0.000422483,0.00590434,-0.310385,0,0,0,0.00323219,-0.217768,0.00380969,-2.09826,-0.181527,9.98893,10.2085,0,10.7882
6.99,climb,-0.00788217,0.289615,-0.00194238,0.103368,0,0,-0.00060064,0.208567,0.00195732,0.357129,0.497129,9.62617,3.85916,nan,0.293025,0.298341,0.298692,0.287521,0.287623,0.298341,0.287623,0.298692,0.287521,1,0,0.103387,0,-0.00065981,-0.0414759,-0.000198852,0.00581395,-0.309986,0,0,0,0.0108702,-0.212642,0.00162265,-2.03178,-0.0406414,9.91674,10.1228,0,10.6762
7,climb,-0.00788803,0.287529,-0.00202859,0.103229,0,0,-0.000520451,0.208482,0.00269276,0.357607,0.497607,9.66478,3.8616,nan,0.292651,0.299534,0.29706,0.288471,0.285614,0.299534,0.285614,0.29706,0.288471,1,0,0.103253,0,-0.00101629,-0.0426513,0.00234309,0.00606306,-0.309574,0,0,0,0.00730376,-0.215769,0.00550924,-2.04692,-0.0547248,9.97406,10.1821,0,10.5647
7.01,climb,-0.00789424,0.285445,-0.00201089,0.103109,0,0,-0.000383348,0.208353,0.00186932,0.358111,0.498111,9.70341,3.86403,nan,0.292275,0.297658,0.297648,0.286933,0.286935,0.297658,0.286935,0.297648,0.286933,1,0,0.10313,0,3.01973e-05,-0.0406218,3.64189e-06,0.00599609,-0.309201,0,0,0,0.0025573,-0.20636,-0.00612325,-2.0941,-0.0748898,9.9327,10.1513,0,10.4522
7.02,climb,-0.00789686,0.283362,-0.00197178,0.102957,0,0,-9.30086e-05,0.20812,0.00109009,0.35864,0.49864,9.74206,3.86645,nan,0.291897,0.29753,0.297712,0.286464,0.285958,0.29753,0.285958,0.297712,0.286464,1,0,0.102977,0,-0.00182641,-0.0432407,0.000142683,0.00588196,-0.308747,0,0,0,-0.00417894,-0.2071,0.0127137,-1.94566,-0.0368106,9.9713,10.1594,0,10.3416
7.03,climb,-0.00789511,0.281282,-0.00205364,0.102805,0,0,7.9637e-05,0.207885,0.000751176,0.359194,0.499194,9.78073,3.86887,nan,0.291518,0.295652,0.29807,0.284775,0.28765,0.295652,0.28765,0.29807,0.284775,1,0,0.102831,0,0.0012124,-0.0403536,-0.00232639,0.00614223,-0.308297,0,0,0,0.00969532,-0.210794,-0.00589711,-2.21747,-0.0517861,9.87747,10.1235,0,10.2311
7.04,climb,-0.00789232,0.279205,-0.0019724,0.102717,0,0,0.000305075,0.207547,0.00108697,0.359773,0.499773,9.81943,3.87126,nan,0.291138,0.296856,0.296318,0.285689,0.285766,0.296856,0.285766,0.296318,0.285689,1,0,0.102732,0,0.00163293,-0.0411533,0.000202607,0.00587992,-0.308032,0,0,0,0.00550505,-0.209882,-0.00529423,-2.00183,-0.0892381,9.91882,10.1192,0,10.1172
7.05,climb,-0.00788462,0.277131,-0.0019622,0.102577,0,0,0.000745018,0.207311,0.000588523,0.360378,0.500378,9.85816,3.87365,nan,0.290758,0.297911,0.294578,0.28665,0.283969,0.297911,0.283969,0.294578,0.28665,1,0,0.102588,0,0.0017302,-0.0414404,0.0026435,0.00588259,-0.307595,0,0,0,0.0101802,-0.197551,-0.00267522,-1.99747,-0.00541865,9.95335,10.1518,0,10.0064
7.06,climb,-0.00787191,0.275059,-0.00196445,0.102483,0,0,0.00110605,0.206828,0.000631099,0.361008,0.501008,9.8969,3.87605,nan,0.29038,0.29505,0.296668,0.284711,0.285167,0.29505,0.285167,0.296668,0.284711,1,0,0.102506,0,-0.00308345,-0.0413813,-0.00091198,0.00583767,-0.307347,0,0,0,6.03483e-05,-0.219359,0.000846486,-2.26118,-0.155022,9.96533,10.2198,0,9.89317
7.07,climb,-0.00785709,0.272996,-0.00191738,0.102384,0,0,0.00136311,0.205713,0.00089634,0.361663,0.501663,9.93568,3.87843,nan,0.290007,0.295345,0.295631,0.284551,0.284576,0.295345,0.284576,0.295631,0.284551,1,0,0.102399,0,-0.000691691,-0.0414,-0.000137115,0.0057103,-0.307017,0,0,0,-0.00660702,-0.197754,-0.0081372,-1.99354,-0.0454845,9.8294,10.0296,0,9.78066
7.08,climb,-0.00784149,0.270946,-0.0019444,0.102294,0,0,0.00161007,0.204078,0.00188851,0.362343,0.502343,9.97447,3.88077,nan,0.289639,0.294395,0.295972,0.283231,0.28503,0.294395,0.28503,0.295972,0.283231,1,0,0.102303,0,0.000592073,-0.0418869,-0.00148372,0.00581702,-0.306747,0,0,0,0.0117448,-0.196863,0.0100858,-2.09892,-0.0642199,9.86556,10.0866,0,9.66836
7.09,climb,-0.00782473,0.268915,-0.00186837,0.102229,0,0,0.00177969,0.202021,0.000909959,0.363047,0.503047,10.0133,3.88312,nan,0.289275,0.293855,0.295876,0.282702,0.284741,0.293855,0.284741,0.295876,0.282702,1,0,0.10225,0,4.69118e-05,-0.0422319,-0.00178497,0.00556323,-0.306562,0,0,0,0.00974727,-0.202372,-0.00204698,-2.01393,-0.133312,9.85182,10.0564,0,9.55577
7.1,climb,-0.00780587,0.266905,-0.00177771,0.102179,0,0,0.00176313,0.199806,0.00170798,0.363775,0.503775,10.0521,3.88545,nan,0.288919,0.294909,0.293733,0.284279,0.282825,0.294909,0.282825,0.293733,0.284279,1,0,0.102184,0,-0.000738466,-0.0408099,0.00115591,0.00532904,-0.306402,0,0,0,0.00259328,-0.197468,0.00412599,-2.01562,0.0228726,9.94558,10.1478,0,9.4436
7.11,climb,-0.00778818,0.264917,-0.00180893,0.102129,0,0,0.00165109,0.197806,0.00147023,0.364526,0.504526,10.091,3.88776,nan,0.288572,0.29399,0.294501,0.282822,0.283042,0.29399,0.283042,0.294501,0.282822,1,0,0.102145,0,-0.000770971,-0.0428735,-0.000321872,0.00542118,-0.306259,0,0,0,0.0100772,-0.201641,0.00260103,-2.1106,-0.0176114,9.90255,10.125,0,9.33251
7.12,climb,-0.0077723,0.262947,-0.00174785,0.102117,0,0,0.00145873,0.196081,0.00110516,0.365301,0.505301,10.1299,3.89005,nan,0.288234,0.294361,0.293305,0.283015,0.282323,0.294361,0.282323,0.293305,0.283015,1,0,0.102126,0,0.000967136,-0.0423053,0.000767859,0.00520254,-0.306219,0,0,0,0.0111198,-0.198897,0.00531526,-2.04367,-0.147942,9.93861,10.1476,0,9.22047
7.13,climb,-0.00775771,0.260993,-0.00173226,0.102133,0,0,0.00128875,0.194627,0.00150489,0.366097,0.506097,10.1688,3.89231,nan,0.287906,0.293436,0.293602,0.282086,0.282564,0.293436,0.282564,0.293602,0.282086,1,0,0.102135,0,0.000826375,-0.0424208,-0.000283225,0.00519598,-0.306251,0,0,0,0.00652132,-0.189467,-0.0052943,-2.04752,0.0190635,9.90663,10.116,0,9.10765
7.14,climb,-0.00774529,0.259053,-0.00181894,0.102129,0,0,0.00119503,0.19343,0.00133248,0.366915,0.506915,10.2077,3.89454,nan,0.287586,0.291893,0.29439,0.280596,0.283529,0.291893,0.283529,0.29439,0.280596,1,0,0.10214,0,0.00115355,-0.041986,-0.00238659,0.00543342,-0.306258,0,0,0,0.0169602,-0.199921,-0.00182816,-2.14545,-0.121621,9.77369,10.0071,0,8.99661
7.15,climb,-0.00773552,0.257124,-0.00177302,0.102164,0,0,0.00108614,0.192369,0.00227785,0.367754,0.507754,10.2467,3.89668,nan,0.287275,0.292469,0.29377,0.280831,0.282091,0.292469,0.282091,0.29377,0.280831,1,0,0.102173,0,-0.000108991,-0.0441813,-0.00112504,0.00527639,-0.306341,0,0,0,0.0052379,-0.186202,0.0076638,-2.19343,-0.139183,9.90955,10.1503,0,8.88417
7.16,climb,-0.00772743,0.255203,-0.001755,0.102182,0,0,0.0010211,0.191722,0.00248212,0.368614,0.508614,10.2857,3.89873,nan,0.286971,0.292444,0.293331,0.279979,0.282191,0.292444,0.282191,0.293331,0.279979,1,0,0.102201,0,0.00351782,-0.0447258,-0.0013623,0.00528174,-0.306412,0,0,0,0.00995256,-0.196868,0.00218907,-1.99328,0.0556152,9.79855,9.9994,0,8.77313
7.17,climb,-0.00772026,0.253287,-0.00181493,0.102199,0,0,0.000978193,0.191404,0.00315197,0.369493,0.509493,10.3247,3.90071,nan,0.286674,0.291295,0.293672,0.279851,0.281938,0.291295,0.281938,0.293672,0.279851,1,0,0.102212,0,-0.000769401,-0.0439177,-0.00196145,0.00542986,-0.306474,0,0,0,0.00942471,-0.205163,0.0052531,-2.15934,-0.0506829,9.80306,10.0382,0,8.66238
7.18,climb,-0.00771628,0.251373,-0.00180847,0.102251,0,0,0.000808921,0.191392,0.00367258,0.370392,0.510392,10.3637,3.9026,nan,0.286384,0.291857,0.292654,0.279821,0.281261,0.291857,0.281261,0.292654,0.279821,1,0,0.102261,0,0.00170709,-0.0443929,-0.00098304,0.00538349,-0.30662,0,0,0,0.00180183,-0.198339,0.000947061,-2.06919,-0.101045,9.8396,10.0553,0,8.5498
7.19,climb,-0.00771426,0.249458,-0.00174416,0.102297,0,0,0.000668311,0.191752,0.00324629,0.371311,0.511311,10.4027,3.90442,nan,0.286099,0.291771,0.291968,0.280266,0.280447,0.291771,0.280447,0.291968,0.280266,1,0,0.102303,0,-4.03494e-05,-0.0436286,-0.000166105,0.00518813,-0.306731,0,0,0,0.00149592,-0.180941,0.00133444,-2.08675,-0.112486,9.73374,9.95554,0,8.43754
7.2,climb,-0.00771332,0.247538,-0.00180114,0.102321,0,0,0.000578858,0.192181,0.00393578,0.372248,0.512248,10.4418,3.90617,nan,0.285819,0.291854,0.291751,0.279958,0.279768,0.291854,0.279768,0.291751,0.279958,1,0,0.102334,0,-0.000227986,-0.0452457,0.000128865,0.00537106,-0.306828,0,0,0,-0.00380085,-0.198387,0.00151766,-2.08379,-0.0382062,9.78077,10.0004,0,8.32617
7.21,climb,-0.00771208,0.245613,-0.00186949,0.102382,0,0,0.000606182,0.192783,0.00282866,0.373203,0.513203,10.4808,3.90787,nan,0.285543,0.291708,0.290928,0.279894,0.279697,0.291708,0.279697,0.290928,0.279894,1,0,0.102394,0,0.00154829,-0.0436656,0.000429183,0.00556933,-0.307018,0,0,0,0.00146944,-0.201379,0.00379991,-2.21016,-0.0980811,9.83456,10.0803,0,8.21235
7.22,climb,-0.00770765,0.243682,-0.00178367,0.102432,0,0,0.000770084,0.193515,0.00196848,0.374177,0.514177,10.5199,3.9095,nan,0.28527,0.290225,0.291979,0.278786,0.280147,0.290225,0.280147,0.291979,0.278786,1,0,0.102441,0,-0.00104258,-0.0440939,-0.00136926,0.00531007,-0.307157,0,0,0,0.00736667,-0.195749,-0.0101989,-2.04648,-0.120037,9.73697,9.95043,0,8.09901
7.23,climb,-0.00770144,0.241743,-0.00183178,0.102424,0,0,0.000898946,0.194275,0.00283278,0.375169,0.515169,10.559,3.9111,nan,0.285001,0.290667,0.291116,0.278791,0.279483,0.290667,0.279483,0.291116,0.278791,1,0,0.102434,0,0.000643181,-0.0445445,-0.000501358,0.00550996,-0.307128,0,0,0,0.00667699,-0.192244,0.00291654,-2.09936,0.0758518,9.80534,10.0279,0,7.98837
7.24,climb,-0.00769375,0.239796,-0.00187492,0.102408,0,0,0.000997209,0.195104,0.00191371,0.376179,0.516179,10.5981,3.91265,nan,0.284733,0.290878,0.289729,0.279621,0.278757,0.290878,0.278757,0.289729,0.279621,1,0,0.102427,0,0.000757809,-0.0421191,0.000884653,0.00562725,-0.307105,0,0,0,0.0237349,-0.209936,0.000188405,-2.18837,-0.0616464,9.71796,9.9615,0,7.87774
7.25,climb,-0.00768409,0.237841,-0.00182974,0.1024,0,0,0.00106004,0.195867,0.00180467,0.377206,0.517206,10.6373,3.91414,nan,0.284467,0.289579,0.290648,0.278054,0.279639,0.289579,0.279639,0.290648,0.278054,1,0,0.102411,0,0.00136664,-0.0426979,-0.00116698,0.00543635,-0.30706,0,0,0,0.00685969,-0.192307,0.00509382,-2.05433,-0.166934,9.81043,10.0246,0,7.76625
7.26,climb,-0.00767468,0.235879,-0.00179771,0.102391,0,0,0.00106282,0.196618,0.00174296,0.378252,0.518252,10.6764,3.91558,nan,0.284202,0.290578,0.289378,0.278849,0.278054,0.290578,0.278054,0.289378,0.278849,1,0,0.102408,0,0.00107318,-0.0436796,0.000877053,0.00537351,-0.307051,0,0,0,0.00516886,-0.206631,0.00220132,-1.97333,-0.0386929,9.72883,9.92701,0,7.65443
7.27,climb,-0.00766301,0.233909,-0.00191158,0.102356,0,0,0.00106142,0.197347,0.000685122,0.379314,0.519314,10.7156,3.917,nan,0.283937,0.288574,0.290563,0.277462,0.279202,0.288574,0.279202,0.290563,0.277462,1,0,0.10238,0,-0.000661003,-0.0425805,-0.00163898,0.0057281,-0.306946,0,0,0,0.00875499,-0.207543,0.00241645,-2.15741,-0.00961127,9.79043,10.0253,0,7.5435
7.28,climb,-0.00765126,0.231933,-0.00190964,0.102322,0,0,0.00105065,0.19799,0.00105317,0.380395,0.520395,10.7548,3.91839,nan,0.283673,0.289713,0.288926,0.278484,0.277622,0.289713,0.277622,0.288926,0.278484,1,0,0.102343,0,-0.000199058,-0.0426953,0.000724666,0.00570449,-0.306844,0,0,0,0.0122228,-0.206222,0.00726894,-2.24892,-0.107815,9.71522,9.9727,0,7.43222
7.29,climb,-0.0076384,0.22995,-0.00185978,0.102277,0,0,0.00115279,0.198508,-2.21336e-05,0.381493,0.521493,10.794,3.91976,nan,0.283408,0.287907,0.290344,0.275985,0.279449,0.287907,0.279449,0.290344,0.275985,1,0,0.102285,0,0.00272523,-0.0432349,-0.00259361,0.00555679,-0.306691,0,0,0,0.00718836,-0.195312,0.0114392,-2.04177,-0.0639485,9.74374,9.95557,0,7.32134
7.3,climb,-0.00762384,0.227963,-0.00188229,0.102223,0,0,0.00134449,0.199011,0.00107201,0.382609,0.522609,10.8332,3.9211,nan,0.283143,0.288828,0.288781,0.277564,0.277454,0.288828,0.277454,0.288781,0.277564,1,0,0.102229,0,-0.000168688,-0.0428036,6.91589e-05,0.00564611,-0.306519,0,0,0,0.00857213,-0.188413,0.0079737,-2.05284,0.00693195,9.80027,10.013,0,7.21057
7.31,climb,-0.00760869,0.225969,-0.00194348,0.102178,0,0,0.00136882,0.199723,0.000460152,0.383743,0.523743,10.8724,3.92243,nan,0.282875,0.288347,0.288546,0.277164,0.277497,0.288347,0.277497,0.288546,0.277164,1,0,0.102191,0,0.000357592,-0.0421255,-0.000233397,0.00578948,-0.306413,0,0,0,0.0138823,-0.206223,0.0122785,-2.23172,-0.187219,9.80469,10.0572,0,7.09892
7.32,climb,-0.00759227,0.223968,-0.00187388,0.102123,0,0,0.00126411,0.200744,-0.000882464,0.384894,0.524894,10.9116,3.92376,nan,0.282602,0.288323,0.288174,0.276817,0.27715,0.288323,0.27715,0.288174,0.276817,1,0,0.102138,0,0.00127897,-0.0426888,-8.12031e-05,0.0055638,-0.306238,0,0,0,-0.00114803,-0.199816,-0.0143925,-2.12698,-0.138441,9.79702,10.0262,0,6.9875
7.33,climb,-0.00757535,0.221954,-0.00183143,0.102058,0,0,0.00103501,0.202017,-0.000663744,0.386064,0.526064,10.9509,3.92509,nan,0.282326,0.288329,0.287762,0.277128,0.276139,0.288329,0.276139,0.287762,0.277128,1,0,0.102079,0,-0.00111868,-0.0432495,0.000683888,0.00549873,-0.306057,0,0,0,0.0121752,-0.209605,0.00456139,-2.08513,0.00702818,9.80023,10.0196,0,6.87596
7.34,climb,-0.0075615,0.219928,-0.00189917,0.101942,0,0,0.000767648,0.203219,-0.000435408,0.387253,0.527253,10.9901,3.92642,nan,0.282042,0.286339,0.28895,0.275872,0.277066,0.286339,0.277066,0.28895,0.275872,1,0,0.101958,0,-0.00376046,-0.0423492,-0.00167252,0.00567075,-0.305713,0,0,0,0.00148546,-0.212259,0.014145,-2.17796,-0.0538551,9.70503,9.94655,0,6.76648
7.35,climb,-0.00755191,0.217891,-0.00184008,0.101866,0,0,0.000430174,0.204201,-1.28355e-05,0.388461,0.528461,11.0294,3.92774,nan,0.281752,0.287846,0.286641,0.277179,0.2754,0.287846,0.2754,0.286641,0.277179,1,0,0.101883,0,-0.00152419,-0.0415116,0.00131116,0.00546856,-0.305479,0,0,0,0.0114639,-0.205435,-0.00567172,-2.18989,-0.203814,9.82181,10.065,0,6.65426
7.36,climb,-0.00754587,0.215845,-0.00178524,0.101783,0,0,0.000110702,0.204957,0.000309362,0.389688,0.529688,11.0687,3.92908,nan,0.281454,0.288184,0.285851,0.276512,0.275329,0.288184,0.275329,0.285851,0.276512,1,0,0.101801,0,0.00304862,-0.0420533,0.00154501,0.00534615,-0.305233,0,0,0,0.0113647,-0.210269,-0.00645497,-2.09735,-0.0350357,9.75177,9.97482,0,6.54197
7.37,climb,-0.00754302,0.213793,-0.00185127,0.101677,0,0,-0.000216851,0.205578,0.000830877,0.390936,0.530936,11.108,3.93047,nan,0.28115,0.285496,0.287792,0.274766,0.276606,0.285496,0.276606,0.287792,0.274766,1,0,0.101688,0,-0.00120944,-0.0415248,-0.00181757,0.00554878,-0.304909,0,0,0,0.00888718,-0.204365,0.00267779,-2.19254,-0.00720172,9.77627,10.0191,0,6.43037
7.38,climb,-0.0075456,0.211735,-0.00187163,0.101591,0,0,-0.000510022,0.206052,0.00100167,0.392204,0.532204,11.1473,3.93188,nan,0.280839,0.28493,0.287855,0.273228,0.277406,0.28493,0.277406,0.287855,0.273228,1,0,0.101616,0,0.00332652,-0.0419706,-0.00312159,0.00557246,-0.30467,0,0,0,0.0110448,-0.21504,0.0063112,-2.10517,-0.160116,9.79984,10.0247,0,6.31745
7.39,climb,-0.00755131,0.209672,-0.00182594,0.101486,0,0,-0.000611415,0.206384,0.00139215,0.393493,0.533493,11.1866,3.93334,nan,0.280524,0.286059,0.285975,0.274982,0.275142,0.286059,0.275142,0.285975,0.274982,1,0,0.101503,0,0.00065008,-0.0415147,-3.32269e-05,0.00550135,-0.304342,0,0,0,0.00748474,-0.206464,-0.00328984,-2.05467,0.101246,9.86557,10.0778,0,6.20548
7.4,climb,-0.00755649,0.207607,-0.0018797,0.101377,0,0,-0.000567241,0.206638,0.00119427,0.394803,0.534803,11.2259,3.93484,nan,0.280203,0.284311,0.287844,0.273254,0.275468,0.284311,0.275468,0.287844,0.273254,1,0,0.101395,0,-0.00349983,-0.0444014,-0.00252614,0.005586,-0.304005,0,0,0,-0.0153559,-0.201426,-0.0164384,-2.16808,-0.0416434,9.74714,9.98544,0,6.09343
7.41,climb,-0.00756186,0.20554,-0.00184517,0.101291,0,0,-0.000642464,0.206851,0.000926687,0.396134,0.536134,11.2653,3.93637,nan,0.279879,0.286349,0.284594,0.274902,0.273735,0.286349,0.273735,0.284594,0.274902,1,0,0.101305,0,0.00156151,-0.0422668,0.00128438,0.00550099,-0.303747,0,0,0,0.00360135,-0.201215,0.00199438,-2.07669,-0.0860138,9.88032,10.0966,0,5.9801
7.42,climb,-0.00756742,0.20347,-0.00185695,0.101165,0,0,-0.000623265,0.207007,0.00175483,0.397488,0.537488,11.3047,3.93794,nan,0.27955,0.284632,0.285973,0.272593,0.27507,0.284632,0.27507,0.285973,0.272593,1,0,0.101197,0,0.00301187,-0.0434715,-0.00167841,0.00554134,-0.303392,0,0,0,0.0025536,-0.216042,0.00040317,-2.00397,-0.0584822,9.89057,10.0917,0,5.86882
7.43,climb,-0.00757365,0.2014,-0.00194168,0.10101,0,0,-0.000463434,0.207085,0.00188778,0.398863,0.538863,11.344,3.93954,nan,0.279219,0.284199,0.285217,0.273253,0.274275,0.284199,0.274275,0.285217,0.273253,1,0,0.101034,0,7.72895e-06,-0.0414729,-0.000896528,0.00579097,-0.302918,0,0,0,0.00384294,-0.210579,-0.00152689,-2.20655,-0.0892232,9.78713,10.0332,0,5.75907
7.44,climb,-0.00757782,0.199329,-0.0018764,0.100908,0,0,-0.000210915,0.206955,0.00146677,0.400261,0.540261,11.3835,3.94118,nan,0.278886,0.285473,0.283274,0.274373,0.27249,0.285473,0.27249,0.283274,0.274373,1,0,0.100933,0,0.000841159,-0.0414663,0.00179409,0.00559394,-0.302623,0,0,0,0.00233564,-0.217616,-0.0053269,-2.09463,-0.0792015,9.74745,9.97028,0,5.64652
7.45,climb,-0.00757854,0.197261,-0.00190218,0.100755,0,0,0.000144923,0.206551,0.00191715,0.401681,0.541681,11.4229,3.94283,nan,0.278551,0.283183,0.285292,0.271873,0.273924,0.283183,0.273924,0.285292,0.271873,1,0,0.100774,0,-0.000156279,-0.0429706,-0.00182848,0.00569004,-0.302161,0,0,0,0.000193786,-0.214847,0.00151438,-2.12566,-0.00137394,9.88051,10.1066,0,5.53685
7.46,climb,-0.00757777,0.1952,-0.00192327,0.100645,0,0,0.000319145,0.20549,0.00252401,0.403123,0.543123,11.4623,3.94452,nan,0.27822,0.283693,0.283666,0.272991,0.272597,0.283693,0.272597,0.283666,0.272991,1,0,0.100661,0,-0.000972995,-0.0412516,0.000184878,0.00572017,-0.301815,0,0,0,0.00857499,-0.202674,0.00620521,-2.15002,-0.179636,9.88696,10.1196,0,5.42514
7.47,climb,-0.00757556,0.193153,-0.00184084,0.100546,0,0,0.000484173,0.203731,0.00268291,0.404587,0.544587,11.5018,3.94622,nan,0.277894,0.282774,0.283871,0.27184,0.273155,0.282774,0.273155,0.283871,0.27184,1,0,0.100556,0,0.000576218,-0.0410226,-0.00105989,0.00549483,-0.301509,0,0,0,0.00411854,-0.197629,-0.00399484,-2.04466,-0.0617271,9.68086,9.89462,0,5.31378
7.48,climb,-0.00757232,0.191125,-0.00187984,0.100454,0,0,0.000639154,0.201784,0.00261262,0.406072,0.546072,11.5412,3.94792,nan,0.277576,0.283847,0.282645,0.273039,0.270833,0.283847,0.270833,0.282645,0.273039,1,0,0.100473,0,-0.00266504,-0.0428596,0.00149748,0.00562799,-0.301241,0,0,0,0.00935189,-0.203492,-0.00780515,-2.11601,-0.0299077,9.80247,10.0283,0,5.20291
7.49,climb,-0.00756743,0.189115,-0.00188497,0.100393,0,0,0.000626223,0.200009,0.00245685,0.407579,0.547579,11.5807,3.9496,nan,0.277267,0.283636,0.282134,0.27187,0.271489,0.283636,0.271489,0.282134,0.27187,1,0,0.100414,0,0.00297373,-0.0424643,0.000827597,0.00562286,-0.301066,0,0,0,-0.00106331,-0.208508,-0.00527239,-2.22533,-0.0528949,9.77468,10.0249,0,5.09139
7.5,climb,-0.0075619,0.187123,-0.00184647,0.100383,0,0,0.00065256,0.198475,0.00168209,0.409105,0.549105,11.6202,3.95127,nan,0.276969,0.282964,0.282567,0.271196,0.271209,0.282964,0.271209,0.282567,0.271196,1,0,0.100392,0,0.00108686,-0.0438183,0.000168786,0.00552027,-0.301013,0,0,0,0.0044849,-0.191387,-6.91769e-05,-1.97352,-0.0343377,9.77854,9.97576,0,4.97795
7.51,climb,-0.00755501,0.185144,-0.00186545,0.100341,0,0,0.00074463,0.197194,0.00182571,0.410651,0.550651,11.6597,3.95291,nan,0.276681,0.283524,0.281063,0.272596,0.269599,0.283524,0.269599,0.281063,0.272596,1,0,0.100357,0,-0.00142126,-0.0424288,0.0023987,0.00563014,-0.300896,0,0,0,0.0220376,-0.198861,0.0073761,-2.12409,0.0607006,9.78422,10.0123,0,4.86712
7.52,climb,-0.00754719,0.183177,-0.00189596,0.10032,0,0,0.000824758,0.196087,0.00181345,0.412216,0.552216,11.6993,3.9545,nan,0.276403,0.281726,0.282591,0.270535,0.270813,0.281726,0.270813,0.282591,0.270535,1,0,0.10034,0,-0.00155654,-0.0435197,-0.000502617,0.00564694,-0.300853,0,0,0,0.00444883,-0.210471,0.0101986,-2.25653,-0.136291,9.77261,10.0307,0,4.75567
7.53,climb,-0.00753896,0.181221,-0.00185046,0.100336,0,0,0.000954212,0.195138,0.00104105,0.413799,0.553799,11.7388,3.95604,nan,0.276133,0.281416,0.282289,0.269625,0.271255,0.281416,0.271255,0.282289,0.269625,1,0,0.100345,0,0.00201163,-0.0432483,-0.00110042,0.00549042,-0.300879,0,0,0,-0.00839071,-0.19555,0.00562454,-1.9578,-0.110566,9.74431,9.93965,0,4.64289
7.54,climb,-0.00752874,0.179273,-0.00186598,0.100346,0,0,0.00105425,0.194485,0.00175642,0.4154,0.5554,11.7784,3.95752,nan,0.275872,0.280879,0.282574,0.269134,0.270951,0.280879,0.270951,0.282574,0.269134,1,0,0.100357,0,0.000324122,-0.0442773,-0.00154352,0.00559513,-0.300899,0,0,0,0.00610006,-0.190107,0.00275876,-2.19216,0.016225,9.9172,10.1566,0,4.53082
7.55,climb,-0.00751879,0.17733,-0.00188247,0.100377,0,0,0.00109437,0.194034,0.00192936,0.417018,0.557018,11.818,3.95898,nan,0.275618,0.281275,0.281709,0.269519,0.270019,0.281275,0.270019,0.281709,0.269519,1,0,0.100397,0,0.00017258,-0.0444259,-0.000410482,0.00562964,-0.301001,0,0,0,-0.00262659,-0.197115,0.00542943,-2.16639,0.00788258,9.72827,9.96657,0,4.41786
7.56,climb,-0.00750853,0.175391,-0.00184229,0.100403,0,0,0.00109358,0.193795,0.00177441,0.418652,0.558652,11.8576,3.9604,nan,0.275372,0.281191,0.280983,0.269636,0.269725,0.281191,0.269725,0.280983,0.269636,1,0,0.100416,0,0.000787348,-0.043224,5.22128e-05,0.00547993,-0.301086,0,0,0,0.00607103,-0.200658,0.00238165,-2.05,-0.145403,9.72148,9.93634,0,4.30551
7.57,climb,-0.00749713,0.173454,-0.00182997,0.100414,0,0,0.00107205,0.193661,0.00049874,0.420303,0.560303,11.8972,3.96176,nan,0.275132,0.28014,0.281915,0.26829,0.270229,0.28014,0.270229,0.281915,0.26829,1,0,0.100435,0,0.000435872,-0.0445944,-0.00163239,0.00548489,-0.301121,0,0,0,0.0039197,-0.201604,0.0148352,-2.01743,0.00831546,9.7429,9.94958,0,4.19402
7.58,climb,-0.00748594,0.171517,-0.00189289,0.10043,0,0,0.00101837,0.19375,0.00152545,0.421969,0.561969,11.9368,3.96306,nan,0.274898,0.280752,0.280615,0.269376,0.268893,0.280752,0.268893,0.280615,0.269376,1,0,0.100445,0,-0.000918684,-0.0437683,0.00027266,0.00564766,-0.301158,0,0,0,0.00445083,-0.195031,0.00235886,-2.11135,-0.0810011,9.72527,9.95214,0,4.08215
7.59,climb,-0.00747601,0.169578,-0.00186426,0.100418,0,0,0.00082723,0.193971,0.000649936,0.423651,0.563651,11.9764,3.96433,nan,0.274668,0.280721,0.280001,0.269052,0.268945,0.280721,0.268945,0.280001,0.269052,1,0,0.100442,0,0.00162683,-0.0430589,0.000362843,0.00555401,-0.301152,0,0,0,-0.00160341,-0.214122,0.0101624,-2.18945,-0.0857106,9.76573,10.0085,0,3.97199
7.6,climb,-0.00746727,0.167638,-0.00183078,0.100429,0,0,0.000690287,0.194154,0.000976943,0.425348,0.565348,12.0161,3.96557,nan,0.274444,0.280273,0.280161,0.267963,0.269423,0.280273,0.269423,0.280161,0.267963,1,0,0.10044,0,0.00416891,-0.0436723,-0.000592636,0.00547691,-0.301159,0,0,0,-0.00281672,-0.197568,-0.000154747,-2.06894,0.0166651,9.74459,9.96182,0,3.86048
7.61,climb,-0.00745932,0.165695,-0.00186345,0.100445,0,0,0.000737079,0.194378,0.000668397,0.42706,0.56706,12.0558,3.96678,nan,0.274223,0.281109,0.279087,0.269584,0.267155,0.281109,0.267155,0.279087,0.269584,1,0,0.100449,0,-0.00107882,-0.0444484,0.00195661,0.00559035,-0.301195,0,0,0,0.0106296,-0.190903,0.0188351,-2.15241,-0.00909589,9.79468,10.0284,0,3.74839
7.62,climb,-0.00744986,0.16375,-0.00196301,0.100457,0,0,0.000795105,0.194758,0.000534098,0.428787,0.568787,12.0954,3.96797,nan,0.274005,0.280128,0.27929,0.268729,0.267916,0.280128,0.267916,0.27929,0.268729,1,0,0.100473,0,6.69329e-05,-0.0431486,0.000725927,0.00584094,-0.301249,0,0,0,-0.000486447,-0.201863,0.0012433,-2.17491,-0.119614,9.78125,10.0209,0,3.63614
7.63,climb,-0.00743996,0.1618,-0.00195714,0.100461,0,0,0.000911375,0.195168,0.000808253,0.430528,0.570528,12.1351,3.96912,nan,0.27379,0.279891,0.279117,0.268342,0.267854,0.279891,0.267854,0.279117,0.268342,1,0,0.100483,0,0.000757501,-0.0432247,0.000554804,0.00582577,-0.301274,0,0,0,0.0141062,-0.209816,-0.00638152,-2.07637,-0.179202,9.76671,9.9866,0,3.52445
7.64,climb,-0.00742922,0.159847,-0.00192834,0.100448,0,0,0.000998948,0.195515,0.000728318,0.432283,0.572283,12.1748,3.97026,nan,0.273577,0.278045,0.28043,0.266528,0.269349,0.278045,0.269349,0.28043,0.266528,1,0,0.100461,0,0.00115703,-0.0428185,-0.00228813,0.00577645,-0.301206,0,0,0,0.0113475,-0.192107,-0.0084596,-2.04447,-0.0273511,9.76431,9.97609,0,3.41358
7.65,climb,-0.00741783,0.15789,-0.0019251,0.100428,0,0,0.00105782,0.195742,0.000407193,0.434052,0.574052,12.2145,3.97139,nan,0.273366,0.278804,0.279451,0.267098,0.268154,0.278804,0.268154,0.279451,0.267098,1,0,0.10044,0,0.00108683,-0.0435845,-0.000748536,0.00576607,-0.30116,0,0,0,0.00412107,-0.199676,-0.0047466,-2.16639,0.009425,9.69992,9.9389,0,3.30284
7.66,climb,-0.00740598,0.155931,-0.00193722,0.100407,0,0,0.00106103,0.196079,0.000890074,0.435835,0.575835,12.2542,3.9725,nan,0.273156,0.277467,0.280329,0.266037,0.268832,0.277467,0.268832,0.280329,0.266037,1,0,0.100419,0,-0.000176218,-0.0434419,-0.00248682,0.00576846,-0.301093,0,0,0,-0.00218551,-0.196653,0.000259036,-2.17288,-0.0902095,9.82562,10.0634,0,3.19203
7.67,climb,-0.00739505,0.153968,-0.00188956,0.100389,0,0,0.000991752,0.196669,0.000560358,0.437633,0.577633,12.294,3.9736,nan,0.272944,0.277823,0.27973,0.265999,0.268265,0.277823,0.268265,0.27973,0.265999,1,0,0.100407,0,0.000952307,-0.0441281,-0.00183397,0.00562971,-0.301054,0,0,0,-0.00590803,-0.207298,0.00412062,-2.13944,-0.0546643,9.64524,9.87982,0,3.08102
7.68,climb,-0.00738461,0.151998,-0.00187842,0.10038,0,0,0.000926665,0.19748,0.000527139,0.439444,0.579444,12.3337,3.97468,nan,0.272729,0.279319,0.277728,0.267953,0.265959,0.279319,0.265959,0.277728,0.267953,1,0,0.100392,0,-0.00107059,-0.0438367,0.0015753,0.0056326,-0.301003,0,0,0,0.00091396,-0.191429,-0.00105928,-2.05789,0.0435863,9.79551,10.0094,0,2.96899
7.69,climb,-0.00737414,0.150019,-0.00190188,0.100345,0,0,0.000765902,0.198292,0.000807461,0.44127,0.58127,12.3735,3.97578,nan,0.27251,0.277487,0.278954,0.266525,0.267118,0.277487,0.267118,0.278954,0.266525,1,0,0.100357,0,-0.00232054,-0.0431993,-0.000905668,0.00568388,-0.300913,0,0,0,0.0049123,-0.200579,0.00852784,-2.16542,-0.0534815,9.83434,10.0701,0,2.85783
7.7,climb,-0.00736615,0.148032,-0.001903,0.100319,0,0,0.000506297,0.199004,0.000285339,0.443111,0.583111,12.4132,3.97688,nan,0.272287,0.277959,0.277843,0.266717,0.266674,0.277959,0.266674,0.277843,0.266717,1,0,0.100335,0,0.000196365,-0.0424644,6.98195e-05,0.00567997,-0.300834,0,0,0,0.00371194,-0.199906,0.00474081,-2.20309,-0.074228,9.89895,10.1414,0,2.74588
7.71,climb,-0.00736114,0.146039,-0.00181805,0.100284,0,0,0.000188957,0.199633,0.00081425,0.444967,0.584967,12.453,3.97801,nan,0.272061,0.276794,0.27896,0.26542,0.267114,0.276794,0.267114,0.27896,0.26542,1,0,0.100295,0,-0.00125303,-0.0439985,-0.0016964,0.00545107,-0.300727,0,0,0,0.00587183,-0.199792,0.00362758,-2.15913,0.0144448,9.67795,9.91588,0,2.6345
7.72,climb,-0.0073612,0.14404,-0.00185826,0.100236,0,0,-0.000244677,0.200212,0.00174915,0.446838,0.586838,12.4928,3.97913,nan,0.271831,0.277883,0.277257,0.266578,0.265652,0.277883,0.265652,0.277257,0.266578,1,0,0.100243,0,-0.000798858,-0.0434103,0.000682158,0.00557125,-0.300574,0,0,0,0.000263422,-0.193081,-0.000320433,-2.07528,0.0436907,9.8137,10.0308,0,2.523
7.73,climb,-0.00736597,0.142035,-0.00190417,0.100201,0,0,-0.000653598,0.200778,0.00151941,0.448725,0.588725,12.5326,3.9803,nan,0.271598,0.278151,0.276521,0.266806,0.264962,0.278151,0.264962,0.276521,0.266806,1,0,0.100224,0,-0.000566723,-0.0434003,0.00152664,0.00569374,-0.300501,0,0,0,0.000970177,-0.213648,-0.00718548,-2.17676,-0.00954139,9.82737,10.0656,0,2.41046
7.74,climb,-0.00737373,0.140025,-0.0018928,0.100164,0,0,-0.000923947,0.201274,0.00165871,0.450627,0.590627,12.5724,3.98149,nan,0.271363,0.277643,0.276342,0.266321,0.265194,0.277643,0.265194,0.276342,0.266321,1,0,0.100178,0,0.000460402,-0.042576,0.00106692,0.00562534,-0.300378,0,0,0,9.49717e-05,-0.205164,-0.0134364,-2.06772,-0.126956,9.7666,9.98389,0,2.2981
7.75,climb,-0.00738354,0.13801,-0.00191972,0.100091,0,0,-0.00103949,0.201618,0.00179097,0.452544,0.592544,12.6122,3.98269,nan,0.271125,0.275333,0.278004,0.264333,0.266879,0.275333,0.266879,0.278004,0.264333,1,0,0.100112,0,-0.000330153,-0.0419215,-0.00229292,0.00573079,-0.300166,0,0,0,-0.000398859,-0.210615,0.00362699,-2.09603,-0.0437962,9.78353,10.0056,0,2.1874
7.76,climb,-0.00739469,0.135993,-0.00195864,0.100015,0,0,-0.00108381,0.201833,0.00137106,0.454478,0.594478,12.6521,3.98392,nan,0.270886,0.276852,0.276693,0.264787,0.265259,0.276852,0.265259,0.276693,0.264787,1,0,0.100026,0,0.00167466,-0.0445266,-0.000137278,0.00587978,-0.299923,0,0,0,0.015781,-0.201027,0.0108021,-2.11469,-0.0166348,9.72038,9.94776,0,2.07672
7.77,climb,-0.00740545,0.133974,-0.00198263,0.0999529,0,0,-0.00108537,0.201871,0.00134384,0.456428,0.596428,12.6919,3.98516,nan,0.270644,0.276318,0.276301,0.264945,0.265061,0.276318,0.265061,0.276301,0.264945,1,0,0.099971,0,0.000351434,-0.0428492,-4.32325e-05,0.00590347,-0.299749,0,0,0,0.00204319,-0.208129,0.000643985,-2.17754,-0.120297,9.84005,10.0788,0,1.96531
7.78,climb,-0.00741552,0.131956,-0.00196366,0.0998804,0,0,-0.0010337,0.201771,0.00153107,0.458394,0.598394,12.7318,3.98643,nan,0.270402,0.277447,0.274927,0.265776,0.263505,0.277447,0.263505,0.274927,0.265776,1,0,0.0998875,0,0.00066069,-0.0437543,0.00210592,0.00588518,-0.299504,0,0,0,0.00726979,-0.190192,-0.00436767,-2.0308,0.00181684,9.73603,9.94557,0,1.85487
7.79,climb,-0.00742486,0.129939,-0.00199503,0.0998247,0,0,-0.00103742,0.201574,0.000872151,0.460376,0.600376,12.7716,3.98772,nan,0.270158,0.275945,0.275617,0.264911,0.264209,0.275945,0.264209,0.275617,0.264911,1,0,0.0998493,0,-0.000990734,-0.0425226,0.00045264,0.00598556,-0.299379,0,0,0,0.00752429,-0.218436,0.0161652,-2.13115,0.0150573,9.84964,10.0776,0,1.74333
7.8,climb,-0.00743435,0.127925,-0.00203691,0.0997756,0,0,-0.00112163,0.201259,-0.000170799,0.462374,0.602374,12.8115,3.98905,nan,0.269914,0.273801,0.277218,0.262183,0.266504,0.273801,0.266504,0.277218,0.262183,1,0,0.0997991,0,0.00239937,-0.0423131,-0.00340129,0.00606085,-0.299222,0,0,0,-0.00201891,-0.2109,0.00585356,-2.11769,-0.115188,9.72781,9.95631,0,1.6316
7.81,climb,-0.00744425,0.125914,-0.00198167,0.0997284,0,0,-0.00105088,0.200826,0.00169569,0.464389,0.604389,12.8514,3.9904,nan,0.269671,0.275808,0.275023,0.264057,0.263844,0.275808,0.263844,0.275023,0.264057,1,0,0.0997513,0,0.0015199,-0.0434478,0.00043886,0.00589882,-0.299072,0,0,0,0.00299194,-0.20509,0.00127316,-2.03128,-0.120129,9.82217,10.0307,0,1.52087
7.82,climb,-0.00745479,0.123908,-0.00202544,0.0996756,0,0,-0.000994778,0.20042,0.00164878,0.46642,0.60642,12.8913,3.9918,nan,0.269429,0.274625,0.275877,0.26312,0.264142,0.274625,0.264142,0.275877,0.26312,1,0,0.0996915,0,-0.000610071,-0.0440333,-0.000999562,0.00606449,-0.298902,0,0,0,0.00755961,-0.1984,-0.0113799,-2.06386,-0.0159255,9.87232,10.0858,0,1.41014
7.83,climb,-0.00746428,0.121905,-0.00206317,0.0996163,0,0,-0.000880003,0.200085,0.00107157,0.468467,0.608467,12.9312,3.99322,nan,0.269188,0.273749,0.276118,0.262327,0.264608,0.273749,0.264608,0.276118,0.262327,1,0,0.0996412,0,-0.000233168,-0.0434519,-0.00204402,0.0061504,-0.298738,0,0,0,0.0104974,-0.206036,0.000277808,-2.16073,-0.146315,9.77717,10.0142,0,1.30024
7.84,climb,-0.00747221,0.119906,-0.00204924,0.0995736,0,0,-0.000742118,0.199759,0.00130018,0.47053,0.61053,12.9712,3.99464,nan,0.26895,0.275398,0.273621,0.263919,0.262907,0.275398,0.262907,0.273621,0.263919,1,0,0.0995933,0,0.0020317,-0.0420532,0.00122543,0.0060981,-0.298606,0,0,0,0.0028336,-0.203645,2.25212e-05,-2.07008,-0.133153,9.82461,10.0412,0,1.19036
7.85,climb,-0.00747862,0.11791,-0.00202521,0.0995439,0,0,-0.000597321,0.199354,0.0012946,0.472608,0.612608,13.0111,3.99609,nan,0.268713,0.273076,0.275752,0.261894,0.264176,0.273076,0.264176,0.275752,0.261894,1,0,0.0995646,0,-0.00104846,-0.0431218,-0.00217923,0.00607027,-0.298511,0,0,0,0.00437012,-0.200814,-0.000457942,-2.00689,0.016547,9.83413,10.0368,0,1.08051
7.86,climb,-0.0074846,0.115918,-0.00209372,0.0995092,0,0,-0.000594459,0.199044,0.00107108,0.474703,0.614703,13.0511,3.99752,nan,0.268478,0.273679,0.274628,0.262698,0.262954,0.273679,0.262954,0.274628,0.262698,1,0,0.0995239,0,-0.00183649,-0.042927,-0.000529461,0.00627739,-0.298406,0,0,0,0.0175296,-0.20002,0.00823654,-2.12951,-0.0510647,9.73459,9.96492,0,0.970568
7.87,climb,-0.00749039,0.113929,-0.00204139,0.0994625,0,0,-0.000562081,0.198751,0.00186823,0.476813,0.616813,13.0911,3.99896,nan,0.268245,0.273261,0.274463,0.262185,0.263117,0.273261,0.263117,0.274463,0.262185,1,0,0.0994855,0,-0.000713988,-0.0424858,-0.0009381,0.00608039,-0.29828,0,0,0,0.00147008,-0.208315,-0.00693808,-2.11595,-0.1044,9.8238,10.0496,0,0.863802
7.88,climb,-0.00749588,0.111942,-0.00200306,0.0994279,0,0,-0.000447616,0.198486,0.00190051,0.478938,0.618938,13.1311,4.00041,nan,0.268014,0.274962,0.27295,0.262865,0.261326,0.274962,0.261326,0.27295,0.262865,1,0,0.0994495,0,0.00125302,-0.0449472,0.00156103,0.005987,-0.298173,0,0,0,0.0137322,-0.206508,-0.00583403,-2.04713,-0.0897604,9.76143,9.97418,0,0.757602
7.89,climb,-0.0074999,0.109958,-0.00204101,0.0993699,0,0,-0.000265446,0.198423,0.00278314,0.481079,0.621079,13.1711,4.00187,nan,0.267785,0.274258,0.273143,0.262654,0.261133,0.274258,0.261133,0.273143,0.262654,1,0,0.0993872,0,-0.00107574,-0.0447455,0.00115884,0.00608779,-0.297989,0,0,0,-0.000614284,-0.199851,-0.00119323,-2.1837,-0.0664508,9.70875,9.95152,0,0.653082
7.9,climb,-0.00750303,0.107974,-0.00205235,0.0993382,0,0,-0.000121578,0.198381,0.00270791,0.483235,0.623235,13.2111,4.00336,nan,0.267559,0.27372,0.27288,0.26258,0.2611,0.27372,0.2611,0.27288,0.26258,1,0,0.0993512,0,-0.001696,-0.0434305,0.00101947,0.00612682,-0.297895,0,0,0,0.0087825,-0.200549,-0.000510729,-2.1323,-0.0993535,9.80947,10.039,0,0.55006
7.91,climb,-0.00750444,0.10599,-0.00199149,0.099315,0,0,-8.00335e-05,0.198321,0.00142892,0.485406,0.625406,13.2512,4.00487,nan,0.267334,0.272268,0.273932,0.260316,0.262866,0.272268,0.262866,0.273932,0.260316,1,0,0.0993295,0,0.0023514,-0.0436147,-0.00185255,0.00596028,-0.297806,0,0,0,-0.00218486,-0.188038,-0.00625406,-2.04517,0.0236093,9.76925,9.98106,0,0.453017
7.92,climb,-0.00750554,0.104007,-0.00200709,0.0992811,0,0,-4.13153e-05,0.198286,0.00172109,0.487592,0.627592,13.2912,4.00637,nan,0.267111,0.273396,0.272325,0.261887,0.260883,0.273396,0.260883,0.272325,0.261887,1,0,0.0993007,0,0.000177609,-0.0434893,0.000912003,0.00599165,-0.297715,0,0,0,-0.00554907,-0.19485,-0.00713251,-2.10092,-0.0124696,9.83053,10.0525,0,0.362514
7.93,climb,-0.00750551,0.102024,-0.0020476,0.0992586,0,0,-3.72501e-05,0.198118,0.000676493,0.489793,0.629793,13.3313,4.00787,nan,0.266893,0.27262,0.272932,0.260741,0.26132,0.27262,0.26132,0.272932,0.260741,1,0,0.0992743,0,0.000709125,-0.0445114,-0.000391936,0.00610249,-0.297653,0,0,0,-0.00122769,-0.198305,-0.00319273,-2.2264,-0.0838493,9.85969,10.1083,0,0.285801
7.94,climb,-0.00750542,0.100045,-0.00201953,0.0992297,0,0,-8.94112e-05,0.197788,0.00091267,0.492008,0.632008,13.3714,4.00938,nan,0.266683,0.272415,0.272534,0.260573,0.26125,0.272415,0.26125,0.272534,0.260573,1,0,0.0992479,0,0.00148117,-0.0438192,-0.000349829,0.00601927,-0.297573,0,0,0,0.00266846,-0.202232,-0.00366892,-2.04506,-0.0927626,9.78851,10.0003,0,0.243082
7.95,climb,-0.00750666,0.0980682,-0.00199741,0.0992134,0,0,-0.000201191,0.197515,0.00161517,0.494236,0.634236,13.4115,4.01091,nan,0.266484,0.272766,0.27174,0.260911,0.26056,0.272766,0.26056,0.27174,0.260911,1,0,0.0992286,0,0.00178713,-0.0436473,0.000605165,0.00593765,-0.29751,0,0,0,-0.00197207,-0.192388,0.00824488,-2.00423,-0.125768,9.7584,9.96288,0,0.2477
7.96,climb,-0.00750854,0.0960937,-0.00206818,0.0991668,0,0,-0.000247007,0.19737,0.000510236,0.496477,0.636477,13.4516,4.01244,nan,0.266296,0.272374,0.271767,0.260662,0.260418,0.272374,0.260418,0.271767,0.260662,1,0,0.0991854,0,0.00096203,-0.043695,0.000374357,0.00618405,-0.297384,0,0,0,0.000409839,-0.202387,0.00246566,-2.04795,-0.01534,9.74616,9.95901,0,0.29287
7.97,climb,-0.00750985,0.0941207,-0.00211977,0.0991155,0,0,-0.000179265,0.197239,0.00145499,0.498731,0.638731,13.4917,4.01395,nan,0.266117,0.271333,0.272143,0.260252,0.260777,0.271333,0.260777,0.272143,0.260252,1,0,0.0991421,0,-0.000758462,-0.0425329,-0.000586836,0.00629923,-0.297251,0,0,0,0.000950726,-0.214623,0.00380005,-2.08319,-0.165171,9.75787,9.97913,0,0.367259
7.98,climb,-0.00751127,0.092149,-0.00210104,0.0990881,0,0,-8.26297e-05,0.197054,0.00107275,0.500996,0.640996,13.5319,4.01545,nan,0.265947,0.270319,0.273269,0.258169,0.262065,0.270319,0.262065,0.273269,0.258169,1,0,0.099106,0,0.00250862,-0.0442521,-0.00300881,0.00627538,-0.297153,0,0,0,0.00355193,-0.205985,0.0134385,-2.05316,-0.0633312,9.78351,9.99683,0,0.459445
7.99,climb,-0.00751169,0.0901791,-0.00208046,0.0990603,0,0,2.60172e-05,0.196924,0.00146998,0.503272,0.643272,13.572,4.01691,nan,0.265786,0.271713,0.271058,0.260848,0.259556,0.271713,0.259556,0.271058,0.260848,1,0,0.0990795,0,-0.00168894,-0.0423796,0.000855611,0.00620468,-0.297063,0,0,0,0.0031911,-0.200826,-0.00557418,-1.97446,-0.0795392,9.80159,9.9988,0,0.558602
8,roll -6deg,-0.00751147,0.0882103,-0.00208943,0.0990439,-0.10472,0,-1.32643e-05,0.196807,0.00253089,0.505559,0.645559,13.6122,4.01833,nan,0.265631,0.270972,0.271936,0.259459,0.260188,0.270972,0.260188,0.271936,0.259459,1,0,0.0990602,0,-0.000626082,-0.0440735,-0.000744301,0.00625286,-0.297003,0,0,0,0.0018697,-0.194031,0.00176656,-2.12382,-0.00339691,9.85297,10.0793,0,0.661499
8.01,roll -6deg,-0.00751902,0.0862425,-0.00211814,0.0990294,-0.10472,0,-0.00284173,0.196728,0.00162556,0.507856,0.647856,13.6524,4.01973,nan,0.265484,0.264404,0.277943,0.265623,0.253993,0.264404,0.253993,0.277943,0.265623,1,0,0.142287,0,-0.066767,-0.0430718,-0.000839166,-0.308105,-0.294933,0,0,0,-0.00315824,-0.202342,0.000351087,-2.20039,-0.128839,9.79785,10.0427,0,0.766823
8.02,roll -6deg,-0.00759349,0.0842756,-0.002221,0.0990041,-0.10472,0,-0.0137273,0.196639,0.0023475,0.510162,0.650162,13.6926,4.02111,nan,0.265342,0.263743,0.27816,0.264532,0.254959,0.263743,0.254959,0.27816,0.264532,1,0,0.142205,0,-0.0636372,-0.0424653,-0.00212902,-0.307811,-0.294868,0,0,0,-0.00187451,-0.205879,0.005775,-2.08684,-0.181142,9.76272,9.98491,0,0.872955
8.03,roll -6deg,-0.00780954,0.0823096,-0.00240152,0.0990095,-0.10472,0,-0.0311296,0.196528,0.00272228,0.512477,0.652477,13.7328,4.02247,nan,0.265204,0.266671,0.275607,0.266337,0.25223,0.266671,0.25223,0.275607,0.266337,1,0,0.142075,0,-0.0611258,-0.0449293,0.0022728,-0.307278,-0.294859,0,0,0,-0.0317571,-0.188714,-0.0017344,-2.05919,-0.0299344,9.68274,9.89932,0,0.982669
8.04,roll -6deg,-0.00822326,0.0803444,-0.00279989,0.0989577,-0.10472,0,-0.0533899,0.196466,0.00111357,0.514802,0.654802,13.773,4.02378,nan,0.265072,0.265571,0.275837,0.264926,0.25398,0.265571,0.25398,0.275837,0.264926,1,0,0.141757,0,-0.0562667,-0.042635,0.000298506,-0.306089,-0.294743,0,0,0,-0.0470078,-0.214122,0.00287446,-2.00235,0.037145,9.83466,10.0365,0,1.08937
8.05,roll -6deg,-0.00887607,0.0783803,-0.00347704,0.0989271,-0.10472,0,-0.0789454,0.196321,0.00166178,0.517135,0.657135,13.8133,4.02508,nan,0.264943,0.26683,0.274551,0.264858,0.253558,0.26683,0.253558,0.274551,0.264858,1,0,0.141265,0,-0.0504577,-0.0435128,0.00157271,-0.304133,-0.294622,0,0,0,-0.0707865,-0.200098,-0.00929723,-2.09051,-0.0700249,9.73886,9.96095,0,1.19701
8.06,roll -6deg,-0.00979428,0.0764179,-0.00437836,0.0989228,-0.10472,0,-0.106368,0.196173,0.000807274,0.519477,0.659477,13.8535,4.02638,nan,0.264818,0.267126,0.274198,0.263672,0.254299,0.267126,0.254299,0.274198,0.263672,1,0,0.140622,0,-0.0436224,-0.0442493,0.00101183,-0.301479,-0.294606,0,0,0,-0.0870752,-0.201839,-0.00534288,-2.16007,-0.131593,9.76214,9.99913,0,1.30672
8.07,roll -6deg,-0.0109905,0.0744563,-0.00550924,0.0989164,-0.10472,0,-0.134463,0.196181,0.00147326,0.521827,0.661827,13.8938,4.02768,nan,0.264696,0.266083,0.274741,0.261045,0.256938,0.266083,0.256938,0.274741,0.261045,1,0,0.139825,0,-0.0338595,-0.0432798,-0.00200024,-0.298174,-0.29457,0,0,0,-0.134234,-0.204331,-0.00742039,-2.06129,-0.137877,9.80167,10.017,0,1.41679
8.08,roll -6deg,-0.012467,0.0724941,-0.00686739,0.0989138,-0.10472,0,-0.162239,0.196257,0.000739685,0.524185,0.664185,13.9341,4.02898,nan,0.264577,0.267191,0.273269,0.261665,0.256206,0.267191,0.256206,0.273269,0.261665,1,0,0.138865,0,-0.0306053,-0.0428001,-0.000271987,-0.294143,-0.294533,0,0,0,-0.152514,-0.196383,0.0114792,-1.90329,-0.136687,9.84716,10.0303,0,1.52757
8.09,roll -6deg,-0.0142162,0.0705313,-0.00851386,0.0988956,-0.10472,0,-0.188962,0.196256,0.000847899,0.526551,0.666551,13.9744,4.03029,nan,0.264461,0.268876,0.27179,0.261657,0.255544,0.268876,0.255544,0.27179,0.261657,1,0,0.137688,0,-0.0239431,-0.04446,0.00140601,-0.289218,-0.294463,0,0,0,-0.178421,-0.197663,0.00525375,-2.02834,0.0108368,9.76615,9.97456,0,1.63725
8.1,roll -6deg,-0.0162243,0.0685694,-0.0104306,0.0988759,-0.10472,0,-0.21393,0.196167,-0.000172396,0.528924,0.668924,14.0147,4.03157,nan,0.264348,0.266862,0.273177,0.258359,0.259016,0.266862,0.259016,0.273177,0.258359,1,0,0.136333,0,-0.0150079,-0.0429446,-0.00306429,-0.283512,-0.294382,0,0,0,-0.200056,-0.20005,0.000351488,-2.07935,0.0535397,9.83327,10.0509,0,1.74654
8.11,roll -6deg,-0.0184699,0.0666083,-0.0125203,0.0988882,-0.10472,0,-0.236261,0.196119,-6.71562e-05,0.531305,0.671305,14.055,4.03285,nan,0.264236,0.268848,0.271326,0.258659,0.258132,0.268848,0.258132,0.271326,0.258659,1,0,0.13492,0,-0.00797279,-0.0443071,-0.000857621,-0.277358,-0.294381,0,0,0,-0.235802,-0.199018,0.00843136,-2.12284,-0.087942,9.71055,9.94027,0,1.85799
8.12,roll -6deg,-0.0209238,0.0646471,-0.0147588,0.0988835,-0.10472,0,-0.255473,0.19622,-0.000461445,0.533694,0.673694,14.0954,4.03412,nan,0.264122,0.269259,0.270656,0.258451,0.258146,0.269259,0.258146,0.270656,0.258451,1,0,0.133396,0,-0.00451615,-0.0441826,-0.000479658,-0.270708,-0.294342,0,0,0,-0.242664,-0.202998,0.00317332,-2.09462,-0.199665,9.78632,10.01,0,1.9689
8.13,roll -6deg,-0.0235547,0.0626846,-0.0170895,0.0988686,-0.10472,0,-0.271583,0.196369,0.000209956,0.53609,0.67609,14.1357,4.0354,nan,0.264006,0.270518,0.269157,0.259126,0.257246,0.270518,0.257246,0.269157,0.259126,1,0,0.131813,0,-0.00137636,-0.0441569,0.00142447,-0.263742,-0.294265,0,0,0,-0.269134,-0.202379,-0.00690478,-1.99043,-0.0576835,9.81541,10.0154,0,2.07988
8.14,roll -6deg,-0.026332,0.060721,-0.0195733,0.0988502,-0.10472,0,-0.284627,0.196478,-0.000281302,0.538494,0.678494,14.1761,4.0367,nan,0.263887,0.271093,0.268399,0.258736,0.257344,0.271093,0.257344,0.268399,0.258736,1,0,0.130146,0,0.00345434,-0.0443616,0.00179563,-0.2563,-0.294177,0,0,0,-0.274656,-0.193539,-0.00424268,-1.97251,0.0292862,9.7722,9.96933,0,2.19058
8.15,roll -6deg,-0.0292237,0.0587567,-0.0221454,0.0988281,-0.10472,0,-0.294472,0.196577,-0.00146675,0.540906,0.680906,14.2164,4.03802,nan,0.263766,0.269914,0.269568,0.256632,0.258973,0.269914,0.258973,0.269568,0.256632,1,0,0.128452,0,0.00712533,-0.0452425,-0.000876674,-0.24863,-0.294073,0,0,0,-0.292718,-0.198483,0.00710886,-1.96337,0.0495365,9.76726,9.96276,0,2.3011
8.16,roll -6deg,-0.0321989,0.0567916,-0.0247493,0.0988055,-0.10472,0,-0.301271,0.196766,-0.00144073,0.543326,0.683326,14.2568,4.03937,nan,0.263642,0.2691,0.269709,0.255668,0.260117,0.2691,0.260117,0.269709,0.255668,1,0,0.126762,0,0.0101854,-0.0436251,-0.00222353,-0.240873,-0.293956,0,0,0,-0.289661,-0.203556,0.0088461,-2.08247,-0.0456965,9.80751,10.0263,0,2.41201
8.17,roll -6deg,-0.0352288,0.0548245,-0.027293,0.0987539,-0.10472,0,-0.305251,0.196908,-0.000976921,0.545754,0.685754,14.2972,4.04077,nan,0.263518,0.270404,0.268387,0.255928,0.259376,0.270404,0.259376,0.268387,0.255928,1,0,0.12512,0,0.014497,-0.0445039,-0.000628913,-0.23328,-0.293754,0,0,0,-0.292927,-0.206451,0.000473633,-2.03768,-0.081667,9.85736,10.0661,0,2.52235
8.18,roll -6deg,-0.0382849,0.0528561,-0.029804,0.0986763,-0.10472,0,-0.306418,0.197072,0.000256817,0.548191,0.688191,14.3376,4.04219,nan,0.263392,0.271328,0.267169,0.256746,0.25835,0.271328,0.25835,0.267169,0.256746,1,0,0.123507,0,0.0152893,-0.0443394,0.00112323,-0.225788,-0.293482,0,0,0,-0.312649,-0.213944,0.0119462,-1.98467,-0.0406534,9.70899,9.90984,0,2.6318
8.19,roll -6deg,-0.0413406,0.0508859,-0.0323679,0.0986182,-0.10472,0,-0.305063,0.197247,0.000411942,0.550636,0.690636,14.3781,4.04364,nan,0.263266,0.271077,0.266936,0.256306,0.258769,0.271077,0.258769,0.266936,0.256306,1,0,0.121884,0,0.0175165,-0.0434639,0.000737589,-0.218067,-0.293241,0,0,0,-0.298993,-0.197652,0.00447576,-1.92946,0.0678841,9.83341,10.0211,0,2.74196
8.2,roll -6deg,-0.0443718,0.048915,-0.034865,0.0985335,-0.10472,0,-0.301491,0.197246,0.00035653,0.55309,0.69309,14.4185,4.0451,nan,0.263139,0.270749,0.267025,0.256086,0.258723,0.270749,0.258723,0.267025,0.256086,1,0,0.120324,0,0.0168738,-0.0435153,0.000477284,-0.210626,-0.292928,0,0,0,-0.303463,-0.199541,0.0104044,-2.00003,0.0150631,9.78557,9.98788,0,2.85107
8.21,roll -6deg,-0.0473577,0.0469452,-0.03722,0.0984598,-0.10472,0,-0.296011,0.197185,-0.000638142,0.555552,0.695552,14.459,4.04657,nan,0.263013,0.270171,0.267293,0.255484,0.25913,0.270171,0.25913,0.267293,0.255484,1,0,0.1189,0,0.0173081,-0.0432961,-0.000337327,-0.203592,-0.292631,0,0,0,-0.288457,-0.197012,0.00105498,-2.11727,-0.0698839,9.73124,9.95915,0,2.96175
8.22,roll -6deg,-0.0502808,0.0449763,-0.0394145,0.0983505,-0.10472,0,-0.289053,0.197149,-0.00150821,0.558022,0.698022,14.4994,4.0481,nan,0.262888,0.268587,0.268451,0.254018,0.260522,0.268587,0.260522,0.268451,0.254018,1,0,0.117554,0,0.0176138,-0.042629,-0.00279899,-0.197003,-0.292266,0,0,0,-0.280198,-0.205335,0.00363552,-2.07406,-0.0462292,9.98753,10.2007,0,3.07166
8.23,roll -6deg,-0.0531297,0.0430085,-0.0415174,0.098214,-0.10472,0,-0.281191,0.197017,-0.000541416,0.560501,0.700501,14.5399,4.04971,nan,0.262768,0.269692,0.267393,0.254841,0.259168,0.269692,0.259168,0.267393,0.254841,1,0,0.116254,0,0.0175762,-0.0437245,-0.000890841,-0.190689,-0.291797,0,0,0,-0.276231,-0.202034,0.00932533,-1.91848,-0.0257507,9.84518,10.0304,0,3.18027
8.24,roll -6deg,-0.0558969,0.041042,-0.0435608,0.0980698,-0.10472,0,-0.272645,0.196873,-0.000656601,0.562987,0.702987,14.5804,4.05136,nan,0.262652,0.2689,0.267898,0.25461,0.259223,0.2689,0.259223,0.267898,0.25461,1,0,0.115006,0,0.0148943,-0.0435133,-0.00158688,-0.184549,-0.291303,0,0,0,-0.271046,-0.197165,0.00810742,-1.96817,0.0744116,9.92935,10.1228,0,3.28826
8.25,roll -6deg,-0.0585762,0.0390779,-0.0455066,0.0979251,-0.10472,0,-0.263669,0.196645,-0.00140583,0.565481,0.705481,14.621,4.05301,nan,0.262542,0.269459,0.26733,0.254578,0.258821,0.269459,0.258821,0.26733,0.254578,1,0,0.113843,0,0.0169038,-0.0443187,-0.000929066,-0.17874,-0.290805,0,0,0,-0.261661,-0.201506,0.0057784,-2.00088,-0.0104513,9.70122,9.90541,0,3.39645
8.26,roll -6deg,-0.0611636,0.0371164,-0.047294,0.0977848,-0.10472,0,-0.2542,0.196467,-0.000601281,0.567982,0.707982,14.6615,4.05466,nan,0.262439,0.270435,0.26603,0.255526,0.257786,0.270435,0.257786,0.26603,0.255526,1,0,0.112775,0,0.017682,-0.0438684,0.000942946,-0.173389,-0.29031,0,0,0,-0.244345,-0.199509,0.000167823,-2.1185,-0.0775398,9.84325,10.0689,0,3.50571
8.27,roll -6deg,-0.0636541,0.035157,-0.0489661,0.0976227,-0.10472,0,-0.244333,0.196302,-0.000818102,0.57049,0.71049,14.7021,4.05631,nan,0.262346,0.268138,0.26788,0.253403,0.25998,0.268138,0.25998,0.26788,0.253403,1,0,0.111777,0,0.018132,-0.0428899,-0.00277773,-0.168379,-0.289777,0,0,0,-0.240516,-0.210419,0.0105071,-2.0549,-0.106291,9.86332,10.0757,0,3.61409
8.28,roll -6deg,-0.0660448,0.0331994,-0.0504763,0.0974558,-0.10472,0,-0.234173,0.196026,-0.00057222,0.573003,0.713003,14.7426,4.05796,nan,0.26226,0.270404,0.265739,0.256324,0.256591,0.270404,0.256591,0.265739,0.256324,1,0,0.110847,0,0.0130867,-0.0440118,0.00193303,-0.163848,-0.289197,0,0,0,-0.226401,-0.205506,0.0010554,-1.9442,-0.174072,9.8167,10.0089,0,3.72304
8.29,roll -6deg,-0.0683335,0.0312455,-0.0518991,0.0973022,-0.10472,0,-0.223968,0.195739,-0.000548447,0.575522,0.715522,14.7832,4.05963,nan,0.262182,0.269702,0.266203,0.255346,0.257493,0.269702,0.257493,0.266203,0.255346,1,0,0.109995,0,0.0149773,-0.0437062,0.000594428,-0.159527,-0.288681,0,0,0,-0.22718,-0.19592,0.00683193,-1.93638,0.0984448,9.83885,10.0281,0,3.83259
8.3,roll -6deg,-0.0705209,0.0292949,-0.0532071,0.0971537,-0.10472,0,-0.213902,0.195416,-0.00107406,0.578046,0.718046,14.8238,4.06129,nan,0.262111,0.268565,0.266983,0.255061,0.25785,0.268565,0.25785,0.266983,0.255061,1,0,0.109203,0,0.011598,-0.0428922,-0.000530624,-0.155604,-0.288146,0,0,0,-0.217811,-0.186637,0.00838206,-1.93189,0.0563908,9.87643,10.0638,0,3.94265
8.31,roll -6deg,-0.0726086,0.0273481,-0.0544287,0.0969803,-0.10472,0,-0.204035,0.195072,-0.00133034,0.580574,0.720574,14.8644,4.06296,nan,0.262047,0.269136,0.266751,0.254891,0.257421,0.269136,0.257421,0.266751,0.254891,1,0,0.108469,0,0.0130375,-0.0446683,-6.3371e-05,-0.151952,-0.287564,0,0,0,-0.199575,-0.196313,-0.00265346,-2.04526,-0.0279172,9.78856,9.99999,0,4.05133
8.32,roll -6deg,-0.0745988,0.0254054,-0.0554909,0.0968002,-0.10472,0,-0.194454,0.194743,-0.00185908,0.583106,0.723106,14.9051,4.06464,nan,0.261988,0.267049,0.268389,0.254278,0.258246,0.267049,0.258246,0.268389,0.254278,1,0,0.107792,0,0.00697077,-0.0434174,-0.00233285,-0.148764,-0.286954,0,0,0,-0.180237,-0.202476,0.00274534,-2.09105,-0.114875,9.78792,10.0094,0,4.16043
8.33,roll -6deg,-0.0764963,0.0234663,-0.0564304,0.0965994,-0.10472,0,-0.185489,0.194327,-0.00142284,0.585643,0.725643,14.9457,4.0663,nan,0.261934,0.269439,0.265726,0.256938,0.255642,0.269439,0.255642,0.265726,0.256938,1,0,0.107157,0,0.00641237,-0.0427917,0.00220153,-0.145931,-0.286273,0,0,0,-0.181083,-0.1928,0.00754107,-1.97538,-0.0870221,9.90046,10.096,0,4.26885
8.34,roll -6deg,-0.0783076,0.0215323,-0.0572729,0.0964083,-0.10472,0,-0.177199,0.193865,-0.00121268,0.588182,0.728182,14.9864,4.06797,nan,0.261884,0.268279,0.266944,0.255582,0.25674,0.268279,0.25674,0.266944,0.255582,1,0,0.106581,0,0.00661308,-0.0433926,7.8091e-05,-0.143375,-0.285637,0,0,0,-0.167933,-0.197912,0.00153377,-1.97609,-0.0216467,9.84143,10.0379,0,4.37792
8.35,roll -6deg,-0.0800391,0.019603,-0.0580213,0.0962079,-0.10472,0,-0.16954,0.193333,-0.000741416,0.590725,0.730725,15.0271,4.06965,nan,0.261838,0.267916,0.267128,0.255681,0.256636,0.267916,0.256636,0.267128,0.255681,1,0,0.10604,0,0.00462324,-0.0430634,-7.34269e-05,-0.141144,-0.284935,0,0,0,-0.17441,-0.183547,0.00460162,-1.90689,-0.060797,9.73245,9.91768,0,4.48663
8.36,roll -6deg,-0.081698,0.0176795,-0.0586974,0.0960299,-0.10472,0,-0.16264,0.192639,-0.000534665,0.593271,0.733271,15.0678,4.07132,nan,0.261796,0.267618,0.267629,0.254988,0.256957,0.267618,0.256957,0.267629,0.254988,1,0,0.105553,0,0.00519384,-0.0441551,-0.000870192,-0.139077,-0.284347,0,0,0,-0.149149,-0.191909,-0.000641952,-1.8965,-0.0607974,9.83236,10.0138,0,4.59662
8.37,roll -6deg,-0.0832917,0.015764,-0.0593352,0.0958784,-0.10472,0,-0.156458,0.191816,-0.000633093,0.595819,0.735819,15.1085,4.07299,nan,0.261757,0.267551,0.267572,0.255284,0.256627,0.267551,0.256627,0.267572,0.255284,1,0,0.10513,0,0.00350709,-0.043985,-0.000599513,-0.137163,-0.283839,0,0,0,-0.156683,-0.19651,0.0069013,-1.92644,0.0147466,9.83669,10.0236,0,4.7074
8.38,roll -6deg,-0.0848272,0.0138565,-0.0598953,0.0957187,-0.10472,0,-0.150965,0.191135,-0.000944645,0.59837,0.73837,15.1492,4.07465,nan,0.26172,0.26576,0.269155,0.253889,0.258081,0.26576,0.258081,0.269155,0.253889,1,0,0.104712,0,0.00211619,-0.043475,-0.00333479,-0.135477,-0.283284,0,0,0,-0.154465,-0.193086,-0.00505665,-1.97392,0.0748862,9.86304,10.0589,0,4.81772
8.39,roll -6deg,-0.0863111,0.011955,-0.0603966,0.0955547,-0.10472,0,-0.146114,0.190587,-0.000284183,0.600923,0.740923,15.19,4.07632,nan,0.261685,0.268068,0.267195,0.256316,0.255167,0.268068,0.255167,0.267195,0.256316,1,0,0.104319,0,-0.000731949,-0.0450588,0.000888294,-0.133978,-0.282701,0,0,0,-0.136797,-0.187997,0.00503671,-1.98327,-0.0888017,9.84717,10.0453,0,4.9279
8.4,roll -6deg,-0.0877502,0.0100592,-0.0608413,0.0953705,-0.10472,0,-0.14197,0.190106,-0.00142661,0.603479,0.743479,15.2308,4.07801,nan,0.261652,0.266365,0.268586,0.254767,0.256894,0.266365,0.256894,0.268586,0.254767,1,0,0.103953,0,-0.000251271,-0.0441294,-0.00191129,-0.132615,-0.2821,0,0,0,-0.131389,-0.195082,0.00432266,-1.96883,0.0137778,9.784,9.98014,0,5.037
8.41,roll -6deg,-0.089151,0.00816852,-0.0612054,0.0951762,-0.10472,0,-0.138441,0.189576,-0.000319743,0.606037,0.746037,15.2716,4.07971,nan,0.26162,0.267135,0.267571,0.255707,0.256073,0.267135,0.256073,0.267571,0.255707,1,0,0.103605,0,-0.000184984,-0.0434407,-0.000352889,-0.131582,-0.281437,0,0,0,-0.1422,-0.206456,0.00483864,-2.04948,-0.175156,9.8421,10.0548,0,5.14609
8.42,roll -6deg,-0.0905198,0.00628321,-0.0615158,0.094994,-0.10472,0,-0.135534,0.188968,0.000182724,0.608596,0.748596,15.3124,4.08141,nan,0.261588,0.267083,0.267814,0.255402,0.256062,0.267083,0.256062,0.267814,0.255402,1,0,0.103273,0,-0.000188831,-0.0443992,-0.000611459,-0.130597,-0.280801,0,0,0,-0.126546,-0.188219,0.00899216,-1.97121,-0.0872409,9.89121,10.0861,0,5.25612
8.43,roll -6deg,-0.0918622,0.00440441,-0.0618318,0.0948327,-0.10472,0,-0.133102,0.188337,-0.000568974,0.611158,0.751158,15.3532,4.08314,nan,0.261556,0.267422,0.267353,0.255629,0.255829,0.267422,0.255829,0.267353,0.255629,1,0,0.102975,0,0.000712372,-0.0441814,-5.74275e-05,-0.129619,-0.280267,0,0,0,-0.120553,-0.191669,0.0126295,-1.92983,-0.00411287,9.80739,9.99546,0,5.36665
8.44,roll -6deg,-0.093183,0.0025331,-0.062119,0.0946654,-0.10472,0,-0.13115,0.187644,-0.00131628,0.613723,0.753723,15.394,4.08489,nan,0.261523,0.266442,0.268344,0.254942,0.25637,0.266442,0.25637,0.268344,0.254942,1,0,0.102687,0,-0.00125569,-0.0444792,-0.00146331,-0.128777,-0.279707,0,0,0,-0.130632,-0.200427,-0.00233873,-1.83681,-0.0808528,9.80187,9.97281,0,5.47676
8.45,roll -6deg,-0.0944868,0.00066949,-0.062379,0.0944909,-0.10472,0,-0.129687,0.186952,-0.00161468,0.616289,0.756289,15.4349,4.08667,nan,0.261487,0.267585,0.267199,0.256388,0.254782,0.267585,0.254782,0.267199,0.256388,1,0,0.10239,0,-0.00323576,-0.0447443,0.00087499,-0.127961,-0.279119,0,0,0,-0.125242,-0.191371,0.00410602,-1.84713,0.0419098,9.91392,10.0846,0,5.5864
8.46,roll -6deg,-0.0957786,-0.00118663,-0.062662,0.094358,-0.10472,0,-0.128661,0.186268,-0.00157489,0.618858,0.758858,15.4758,4.08845,nan,0.261449,0.266631,0.267887,0.255112,0.256175,0.266631,0.256175,0.267887,0.255112,1,0,0.102128,0,-0.000511145,-0.044018,-0.00101939,-0.127117,-0.278627,0,0,0,-0.122252,-0.187428,0.0153489,-1.91663,0.0282978,9.82768,10.0129,0,5.6972
8.47,roll -6deg,-0.0970615,-0.00303626,-0.0629354,0.0942324,-0.10472,0,-0.127827,0.185554,-0.000544834,0.621429,0.761429,15.5167,4.09027,nan,0.261411,0.265953,0.268677,0.254477,0.256544,0.265953,0.256544,0.268677,0.254477,1,0,0.101869,0,-0.00174547,-0.044734,-0.00210579,-0.126312,-0.278163,0,0,0,-0.124437,-0.188592,0.00636751,-1.9077,-0.0449563,9.89168,10.0741,0,5.80807
8.48,roll -6deg,-0.0983371,-0.00487939,-0.0631347,0.0940859,-0.10472,0,-0.127127,0.184921,-0.000491896,0.624003,0.764003,15.5576,4.09214,nan,0.261372,0.267399,0.266636,0.256197,0.255262,0.267399,0.255262,0.266636,0.256197,1,0,0.101632,0,-0.000457263,-0.0427745,0.000746226,-0.125713,-0.277641,0,0,0,-0.117667,-0.18566,0.0153623,-1.96753,-0.0766366,9.89938,10.0933,0,5.919
8.49,roll -6deg,-0.0996068,-0.0067163,-0.0633279,0.0939474,-0.10472,0,-0.126632,0.184362,-0.000406148,0.62658,0.76658,15.5985,4.09407,nan,0.261332,0.266865,0.267471,0.255619,0.25538,0.266865,0.25538,0.267471,0.255619,1,0,0.101402,0,-0.00224306,-0.0442187,-0.000161217,-0.125149,-0.277147,0,0,0,-0.115762,-0.18738,0.00726558,-2.04638,-0.133673,9.88535,10.0958,0,6.03017
8.5,roll -6deg,-0.100874,-0.008548,-0.0635016,0.0938023,-0.10472,0,-0.126498,0.183877,0.000224381,0.629159,0.769159,15.6394,4.09603,nan,0.261292,0.266874,0.267348,0.255601,0.255352,0.266874,0.255352,0.267348,0.255601,1,0,0.101176,0,-0.00191713,-0.044091,-9.87685e-05,-0.124629,-0.276652,0,0,0,-0.131643,-0.189007,0.0014332,-1.94438,-0.0950183,10.0033,10.191,0,6.1411
8.51,roll -6deg,-0.102141,-0.0103746,-0.0637001,0.0936877,-0.10472,0,-0.126702,0.183369,-0.00151104,0.631741,0.771741,15.6804,4.09805,nan,0.261252,0.266861,0.266845,0.255822,0.255487,0.266861,0.255487,0.266845,0.255822,1,0,0.100973,0,-0.000845611,-0.0424384,0.000154839,-0.124016,-0.27624,0,0,0,-0.130663,-0.184548,0.00739542,-1.78531,-0.105772,9.85214,10.0132,0,6.2531
8.52,roll -6deg,-0.103412,-0.0121945,-0.0638973,0.0935254,-0.10472,0,-0.126972,0.182805,-0.000914093,0.634326,0.774326,15.7214,4.10011,nan,0.261212,0.266014,0.26828,0.254504,0.256059,0.266014,0.256059,0.26828,0.254504,1,0,0.100715,0,-0.00188424,-0.0449656,-0.0016792,-0.123413,-0.275662,0,0,0,-0.119978,-0.176888,-0.0038301,-1.82428,-0.123163,9.9664,10.1327,0,6.36229
8.53,roll -6deg,-0.104685,-0.0140097,-0.0640972,0.0934112,-0.10472,0,-0.127275,0.182262,-0.000503953,0.636913,0.776913,15.7624,4.10224,nan,0.261173,0.26711,0.267006,0.255291,0.255292,0.26711,0.255292,0.267006,0.255291,1,0,0.100516,0,0.000279317,-0.0445911,4.52359e-05,-0.122788,-0.275272,0,0,0,-0.121695,-0.179943,-0.00315088,-1.84223,0.0202754,9.97403,10.1428,0,6.47397
8.54,roll -6deg,-0.105963,-0.0158191,-0.0643122,0.0933027,-0.10472,0,-0.127532,0.18175,-0.00101754,0.639503,0.779503,15.8035,4.10441,nan,0.261135,0.265489,0.268462,0.254442,0.256153,0.265489,0.256153,0.268462,0.254442,1,0,0.100309,0,-0.00334699,-0.0442531,-0.00205854,-0.122159,-0.274884,0,0,0,-0.1218,-0.19436,0.000318431,-1.88828,-0.0401638,9.92495,10.1031,0,6.58542
8.55,roll -6deg,-0.107243,-0.0176245,-0.0645067,0.0931758,-0.10472,0,-0.127791,0.18164,-0.00138607,0.642096,0.782096,15.8445,4.10663,nan,0.2611,0.265682,0.268202,0.254663,0.255858,0.265682,0.255858,0.268202,0.254663,1,0,0.100083,0,-0.00351266,-0.0442669,-0.00163301,-0.121561,-0.274402,0,0,0,-0.110371,-0.179091,0.00617622,-1.9096,-0.0594385,9.91442,10.0968,0,6.69622
8.56,roll -6deg,-0.108526,-0.01943,-0.064674,0.0930208,-0.10472,0,-0.128257,0.181862,-0.000220772,0.64469,0.78469,15.8856,4.1089,nan,0.261069,0.26638,0.267133,0.25516,0.25561,0.26638,0.25561,0.267133,0.25516,1,0,0.0998421,0,-0.000805827,-0.0430935,-0.000528762,-0.12109,-0.273869,0,0,0,-0.125576,-0.185839,0.00236638,-1.86027,-0.133107,9.88583,10.0602,0,6.80633
8.57,roll -6deg,-0.109816,-0.0212391,-0.0648603,0.092877,-0.10472,0,-0.128912,0.182364,-0.00126951,0.647286,0.787286,15.9267,4.11118,nan,0.261049,0.265826,0.268024,0.254147,0.256202,0.265826,0.256202,0.268024,0.254147,1,0,0.0996221,0,-0.000379792,-0.0445282,-0.00186951,-0.12053,-0.273364,0,0,0,-0.121075,-0.187777,-0.00278661,-1.93295,-0.134259,9.89635,10.0842,0,6.91701
8.58,roll -6deg,-0.111113,-0.0230543,-0.0650262,0.0927117,-0.10472,0,-0.129627,0.183013,0.000192146,0.649883,0.789883,15.9678,4.11346,nan,0.261039,0.267315,0.266211,0.255871,0.254761,0.267315,0.254761,0.266211,0.255871,1,0,0.0993872,0,-1.67954e-05,-0.0433789,0.000973016,-0.120027,-0.27281,0,0,0,-0.13016,-0.191022,0.000800386,-1.90626,-0.0848412,10.0068,10.1871,0,7.02756
8.59,roll -6deg,-0.112417,-0.0248747,-0.0652006,0.0925545,-0.10472,0,-0.130186,0.183438,-0.000280126,0.652481,0.792481,16.009,4.11576,nan,0.26104,0.266104,0.267682,0.254223,0.256151,0.266104,0.256151,0.267682,0.254223,1,0,0.0991445,0,0.000929065,-0.0443611,-0.00154056,-0.1195,-0.272247,0,0,0,-0.128359,-0.183914,0.00254326,-1.81156,-0.138124,9.88845,10.054,0,7.13875
8.6,roll -6deg,-0.113726,-0.0266993,-0.0654126,0.0923811,-0.10472,0,-0.130574,0.183809,0.000155959,0.655078,0.795078,16.0501,4.11806,nan,0.261051,0.267855,0.265834,0.256157,0.254355,0.267855,0.254355,0.265834,0.256157,1,0,0.0988771,0,0.000581006,-0.0439161,0.0016804,-0.118848,-0.271656,0,0,0,-0.112974,-0.188785,0.00846466,-1.77418,-0.205956,9.8829,10.043,0,7.24875
8.61,roll -6deg,-0.115039,-0.0285265,-0.0656163,0.0922166,-0.10472,0,-0.130697,0.184073,-4.86749e-05,0.657674,0.797674,16.0913,4.12036,nan,0.26107,0.266669,0.267298,0.254794,0.255516,0.266669,0.255516,0.267298,0.254794,1,0,0.0986186,0,0.000245794,-0.0448243,-0.000593512,-0.118228,-0.271098,0,0,0,-0.124085,-0.189484,0.0103007,-1.8253,-0.0752535,9.8881,10.0554,0,7.35958
8.62,roll -6deg,-0.116352,-0.030356,-0.0658177,0.0920349,-0.10472,0,-0.130665,0.184243,-0.000187321,0.660268,0.800268,16.1325,4.12268,nan,0.261097,0.267199,0.266499,0.255362,0.255321,0.267199,0.255321,0.266499,0.255362,1,0,0.0983498,0,0.00174741,-0.0436099,0.00032597,-0.117626,-0.270467,0,0,0,-0.131132,-0.177252,0.0014859,-1.77835,-0.0835788,9.96517,10.123,0,7.4699
8.63,roll -6deg,-0.117665,-0.0321857,-0.0659762,0.0918419,-0.10472,0,-0.130526,0.18424,-0.000430451,0.662861,0.802861,16.1738,4.125,nan,0.261129,0.267265,0.266823,0.255557,0.254865,0.267265,0.254865,0.266823,0.255557,1,0,0.0980778,0,-0.000661243,-0.0448434,0.000498434,-0.117109,-0.269832,0,0,0,-0.116374,-0.18132,0.00267269,-1.76945,-0.0143754,9.99588,10.1513,0,7.58066
8.64,roll -6deg,-0.118977,-0.034013,-0.0661596,0.0916552,-0.10472,0,-0.130257,0.183984,-0.00141108,0.665451,0.805451,16.215,4.12733,nan,0.261166,0.265916,0.268116,0.253733,0.256892,0.265916,0.256892,0.268116,0.253733,1,0,0.0978221,0,0.00254517,-0.0443515,-0.00235535,-0.116567,-0.269222,0,0,0,-0.126071,-0.195034,0.0108256,-1.82614,0.0451746,9.94057,10.107,0,7.69117
8.65,roll -6deg,-0.120285,-0.0358371,-0.0663348,0.0914791,-0.10472,0,-0.129838,0.183554,2.73386e-06,0.668038,0.808038,16.2563,4.12966,nan,0.261208,0.266393,0.267604,0.254746,0.25608,0.266393,0.25608,0.267604,0.254746,1,0,0.0975682,0,0.000328574,-0.0439038,-0.00111821,-0.116053,-0.268595,0,0,0,-0.135857,-0.182813,-0.00316586,-1.74962,-0.00707474,9.92574,10.0788,0,7.8021
8.66,roll -6deg,-0.121589,-0.0376568,-0.0664684,0.0913012,-0.10472,0,-0.129367,0.18302,0.000650479,0.670622,0.810622,16.2976,4.13199,nan,0.261253,0.267615,0.266548,0.255767,0.255072,0.267615,0.255072,0.266548,0.255767,1,0,0.0973382,0,0.000985406,-0.0441957,0.000774186,-0.115642,-0.267993,0,0,0,-0.130674,-0.189608,0.00138632,-1.83294,0.0453536,9.95138,10.1189,0,7.91364
8.67,roll -6deg,-0.122889,-0.0394709,-0.0666308,0.0911286,-0.10472,0,-0.128833,0.182424,0.000264482,0.673204,0.813204,16.3389,4.13434,nan,0.2613,0.267137,0.267413,0.255545,0.255094,0.267137,0.255094,0.267413,0.255545,1,0,0.0970707,0,-0.00192748,-0.0453068,7.68274e-05,-0.11515,-0.267377,0,0,0,-0.121333,-0.179855,-0.00162226,-1.85564,-0.0179054,9.98478,10.1558,0,8.02454
8.68,roll -6deg,-0.124184,-0.0412787,-0.0667643,0.0909546,-0.10472,0,-0.128275,0.181841,0.000869642,0.675782,0.815782,16.3803,4.13672,nan,0.261349,0.266921,0.267484,0.254518,0.256463,0.266921,0.256463,0.267484,0.254518,1,0,0.096837,0,0.00366697,-0.0443832,-0.00110221,-0.114739,-0.266802,0,0,0,-0.125348,-0.191032,0.00186968,-1.78635,0.000120869,9.99535,10.1537,0,8.13557
8.69,roll -6deg,-0.125472,-0.0430809,-0.0669441,0.0907867,-0.10472,0,-0.12748,0.181196,0.000569616,0.678357,0.818357,16.4217,4.1391,nan,0.2614,0.267364,0.266734,0.255755,0.255735,0.267364,0.255735,0.266734,0.255755,1,0,0.0965978,0,0.00161846,-0.0428374,0.000286017,-0.114195,-0.266217,0,0,0,-0.123981,-0.182911,0.00352689,-1.76877,-0.020421,10.0015,10.1567,0,8.24561
8.7,roll -6deg,-0.126753,-0.0448751,-0.0670617,0.0906357,-0.10472,0,-0.126576,0.18037,-0.000377088,0.680928,0.820928,16.4631,4.14151,nan,0.261451,0.266981,0.267452,0.255693,0.255669,0.266981,0.255669,0.267452,0.255693,1,0,0.0963778,0,-0.00131304,-0.0437129,-0.000196367,-0.113852,-0.265682,0,0,0,-0.115043,-0.179893,-0.00989863,-1.89532,-0.0728766,10.0308,10.2085,0,8.35766
8.71,roll -6deg,-0.128025,-0.0466596,-0.067184,0.0904896,-0.10472,0,-0.125777,0.179432,0.000222344,0.683496,0.823496,16.5045,4.14394,nan,0.261503,0.267568,0.266797,0.255889,0.255749,0.267568,0.255749,0.266797,0.255889,1,0,0.0961846,0,0.00167053,-0.0430629,0.000400492,-0.113473,-0.265187,0,0,0,-0.12062,-0.18454,-0.00160161,-1.8295,-0.0154434,9.89623,10.0639,0,8.46898
8.72,roll -6deg,-0.12929,-0.0484351,-0.0672974,0.0903534,-0.10472,0,-0.12493,0.178441,0.00119865,0.686061,0.826061,16.546,4.1464,nan,0.261555,0.266823,0.267763,0.25505,0.256576,0.266823,0.256576,0.267763,0.25505,1,0,0.0959885,0,0.00155353,-0.0435027,-0.00108369,-0.11315,-0.264679,0,0,0,-0.124101,-0.176133,-0.00406022,-1.86324,-0.0709528,9.89441,10.0686,0,8.58034
8.73,roll -6deg,-0.130546,-0.0502012,-0.0674093,0.0902284,-0.10472,0,-0.124006,0.177466,0.000669898,0.688622,0.828622,16.5874,4.14891,nan,0.261608,0.268116,0.266353,0.256577,0.255373,0.268116,0.255373,0.266353,0.256577,1,0,0.0958069,0,0.00148108,-0.042668,0.00130387,-0.112805,-0.264247,0,0,0,-0.115513,-0.185734,-0.00160512,-1.85238,-0.12236,9.94574,10.1175,0,8.69185
8.74,roll -6deg,-0.131793,-0.0519559,-0.0675236,0.0900968,-0.10472,0,-0.123025,0.176401,-0.000634098,0.69118,0.83118,16.6289,4.15143,nan,0.261659,0.26604,0.268658,0.254584,0.257345,0.26604,0.257345,0.268658,0.254584,1,0,0.09562,0,0.000381524,-0.0431426,-0.00236417,-0.112464,-0.263772,0,0,0,-0.114717,-0.184471,0.000489501,-1.83745,-0.162424,9.96855,10.1378,0,8.8021
8.75,roll -6deg,-0.133031,-0.0536991,-0.0675776,0.0899664,-0.10472,0,-0.122078,0.175335,-0.00114068,0.693734,0.833734,16.6705,4.15396,nan,0.261711,0.266354,0.26859,0.254702,0.257186,0.266354,0.257186,0.26859,0.254702,1,0,0.0954502,0,0.000657806,-0.0436874,-0.00207439,-0.112298,-0.263303,0,0,0,-0.109093,-0.184262,0.000358806,-1.89303,-0.170087,9.94227,10.1223,0,8.91321
8.76,roll -6deg,-0.134261,-0.0554303,-0.0676272,0.0898473,-0.10472,0,-0.121197,0.174247,-0.00125766,0.696285,0.836285,16.712,4.15653,nan,0.261762,0.267373,0.267928,0.255033,0.256702,0.267373,0.256702,0.267928,0.255033,1,0,0.0953052,0,0.00295358,-0.0446519,-0.000977518,-0.11215,-0.262884,0,0,0,-0.122134,-0.182249,-0.000773888,-1.81061,-0.146251,9.97251,10.1366,0,9.02438
8.77,roll -6deg,-0.135483,-0.057151,-0.067666,0.089748,-0.10472,0,-0.12046,0.173224,-0.000690229,0.698832,0.838832,16.7536,4.15917,nan,0.261812,0.267413,0.267937,0.255661,0.256226,0.267413,0.256226,0.267937,0.255661,1,0,0.09517,0,0.00010847,-0.0444564,-0.000478643,-0.112013,-0.262504,0,0,0,-0.119683,-0.177366,0.0102861,-1.82332,-0.0866466,10.0059,10.1711,0,9.13591
8.78,roll -6deg,-0.136699,-0.0588616,-0.0676854,0.0896422,-0.10472,0,-0.119883,0.172338,-0.000983707,0.701376,0.841376,16.7952,4.16188,nan,0.261861,0.267266,0.268219,0.255468,0.256482,0.267266,0.256482,0.268219,0.255468,1,0,0.0950345,0,0.000160262,-0.0445945,-0.000864878,-0.111953,-0.262111,0,0,0,-0.115954,-0.178799,0.00438546,-1.77228,-0.144271,9.98243,10.1396,0,9.24713
8.79,roll -6deg,-0.137909,-0.0605643,-0.0676857,0.0895465,-0.10472,0,-0.11937,0.171564,-0.000271605,0.703917,0.843917,16.8368,4.16461,nan,0.26191,0.266876,0.268739,0.254968,0.257047,0.266876,0.257047,0.268739,0.254968,1,0,0.0949266,0,0.000575952,-0.0447161,-0.00173248,-0.111947,-0.26176,0,0,0,-0.119371,-0.182964,-0.000776489,-1.77905,-0.110557,10.0015,10.1591,0,9.35885
8.8,roll -6deg,-0.139115,-0.0622596,-0.0677089,0.0894465,-0.10472,0,-0.118852,0.17084,-0.000314263,0.706454,0.846454,16.8785,4.16738,nan,0.261958,0.268353,0.267045,0.256461,0.255963,0.268353,0.255963,0.267045,0.256461,1,0,0.0947983,0,0.00214785,-0.0435305,0.000794135,-0.111887,-0.261367,0,0,0,-0.117703,-0.171345,-0.0016923,-1.80015,-0.187768,10.1393,10.2995,0,9.46945
8.81,roll -6deg,-0.140317,-0.0639466,-0.0677326,0.0893526,-0.10472,0,-0.118282,0.170122,-0.00144399,0.708989,0.848989,16.9202,4.17021,nan,0.262005,0.267384,0.268269,0.255637,0.256721,0.267384,0.256721,0.268269,0.255637,1,0,0.0946851,0,0.000528558,-0.0441391,-0.000864896,-0.111826,-0.26101,0,0,0,-0.116776,-0.176949,0.00723238,-1.79488,-0.245011,10.0088,10.1714,0,9.57973
8.82,roll -6deg,-0.141513,-0.0656264,-0.0677065,0.0892719,-0.10472,0,-0.117734,0.169511,-0.00109786,0.71152,0.85152,16.9619,4.17309,nan,0.262052,0.267192,0.268683,0.255194,0.25713,0.267192,0.25713,0.268683,0.255194,1,0,0.0945943,0,0.00117985,-0.0446251,-0.00150645,-0.111891,-0.260681,0,0,0,-0.11968,-0.166462,0.00555467,-1.70423,-0.241885,10.1042,10.2498,0,9.69147
8.83,roll -6deg,-0.142705,-0.0673007,-0.0676576,0.0891801,-0.10472,0,-0.117375,0.1689,-4.33362e-05,0.714048,0.854048,17.0036,4.17601,nan,0.262098,0.266973,0.268797,0.2556,0.257013,0.266973,0.257013,0.268797,0.2556,1,0,0.0945086,0,-0.00109375,-0.0438783,-0.00142281,-0.112019,-0.260337,0,0,0,-0.11613,-0.171147,0.00869986,-1.71403,-0.190705,10.0229,10.1702,0,9.80284
8.84,roll -6deg,-0.143894,-0.06897,-0.0676482,0.0891344,-0.10472,0,-0.11723,0.168268,0.000743958,0.716573,0.856573,17.0454,4.17896,nan,0.262144,0.268171,0.267812,0.256187,0.256395,0.268171,0.256395,0.267812,0.256187,1,0,0.0944379,0,0.00150256,-0.0443408,6.63492e-05,-0.112055,-0.260105,0,0,0,-0.120473,-0.161845,0.00116379,-1.83303,-0.138663,10.0586,10.2252,0,9.91524
8.85,roll -6deg,-0.145083,-0.0706331,-0.0676217,0.0890698,-0.10472,0,-0.117195,0.167721,-4.37948e-05,0.719095,0.859095,17.0872,4.18195,nan,0.262189,0.268291,0.267875,0.25639,0.25619,0.268291,0.25619,0.267875,0.25639,1,0,0.0943646,0,0.000574097,-0.044688,0.000270827,-0.112096,-0.259863,0,0,0,-0.106708,-0.174481,0.00488894,-1.71175,-0.145355,10.0112,10.1576,0,10.0269
8.86,roll -6deg,-0.146272,-0.0722905,-0.0675807,0.0890011,-0.10472,0,-0.117187,0.167266,9.05949e-05,0.721615,0.861615,17.129,4.18499,nan,0.262234,0.26891,0.267362,0.257185,0.255469,0.26891,0.255469,0.267362,0.257185,1,0,0.0942989,0,-0.000445672,-0.044751,0.00143414,-0.112225,-0.259578,0,0,0,-0.113826,-0.170744,0.00140227,-1.66667,-0.171473,10.0432,10.182,0,10.1385
8.87,roll -6deg,-0.147462,-0.0739424,-0.0675681,0.0889344,-0.10472,0,-0.117144,0.166867,-0.00102423,0.724131,0.864131,17.1709,4.18807,nan,0.262278,0.268278,0.268155,0.256747,0.255924,0.268278,0.255924,0.268155,0.256747,1,0,0.0942204,0,-0.00185683,-0.0450246,0.000415263,-0.112265,-0.25932,0,0,0,-0.122697,-0.176942,0.00689755,-1.65921,-0.129041,9.96392,10.102,0,10.2494
8.88,roll -6deg,-0.148653,-0.0755902,-0.0675851,0.0889327,-0.10472,0,-0.117231,0.166492,0.000561491,0.726644,0.866644,17.2128,4.19118,nan,0.262323,0.268393,0.268734,0.255736,0.256419,0.268393,0.256419,0.268734,0.255736,1,0,0.0941748,0,0.000906109,-0.0473171,-0.000450106,-0.112204,-0.259216,0,0,0,-0.107674,-0.171826,0.00538151,-1.69797,-0.186916,10.0974,10.2409,0,10.3625
8.89,roll -6deg,-0.149844,-0.0772358,-0.0675271,0.0888696,-0.10472,0,-0.117295,0.166228,-1.09798e-05,0.729154,0.869154,17.2547,4.19435,nan,0.262367,0.268918,0.267693,0.256773,0.256074,0.268918,0.256074,0.267693,0.256773,1,0,0.0941216,0,0.00139577,-0.0450282,0.00084598,-0.112367,-0.258963,0,0,0,-0.116829,-0.172464,0.00614006,-1.64266,-0.126986,10.0843,10.218,0,10.4743
8.9,roll -6deg,-0.151037,-0.0788775,-0.0674724,0.0888026,-0.10472,0,-0.117327,0.166011,-0.000507223,0.731661,0.871661,17.2967,4.1976,nan,0.262411,0.267139,0.26984,0.255031,0.257626,0.267139,0.257626,0.26984,0.255031,1,0,0.0940633,0,-0.000278901,-0.0460854,-0.00232795,-0.112515,-0.258688,0,0,0,-0.109148,-0.17815,0.0106597,-1.70124,-0.0850965,10.0811,10.224,0,10.5858
8.91,roll -6deg,-0.152231,-0.0805179,-0.0674566,0.0887549,-0.10472,0,-0.117442,0.16595,-0.000479922,0.734166,0.874166,17.3387,4.2009,nan,0.262455,0.269104,0.268146,0.257295,0.255268,0.269104,0.255268,0.268146,0.257295,1,0,0.0939999,0,-0.00283378,-0.0467768,0.00131216,-0.112572,-0.258463,0,0,0,-0.120606,-0.169019,-0.00551736,-1.62888,-0.120149,10.1868,10.3169,0,10.6973
8.92,roll -6deg,-0.153427,-0.0821574,-0.0674475,0.0886982,-0.10472,0,-0.117613,0.165962,-8.89266e-05,0.736667,0.876667,17.3807,4.20422,nan,0.2625,0.267795,0.26919,0.255683,0.257323,0.267795,0.257323,0.26919,0.255683,1,0,0.0939238,0,0.000651982,-0.0454361,-0.00133384,-0.112593,-0.258199,0,0,0,-0.111587,-0.163718,-0.0112895,-1.70138,-0.0929619,10.0468,10.1903,0,10.8082
8.93,roll -6deg,-0.154625,-0.0837972,-0.0674449,0.0886365,-0.10472,0,-0.117833,0.165839,0.000150406,0.739165,0.879165,17.4228,4.20759,nan,0.262545,0.268914,0.268161,0.256761,0.256334,0.268914,0.256334,0.268161,0.256761,1,0,0.0938425,0,0.00086532,-0.04544,0.000518541,-0.112598,-0.257953,0,0,0,-0.117723,-0.167085,0.00242739,-1.65506,-0.094619,10.0752,10.2106,0,10.9189
8.94,roll -6deg,-0.155827,-0.0854345,-0.0673624,0.0885592,-0.10472,0,-0.118052,0.165641,-0.000166925,0.741661,0.881661,17.4649,4.21102,nan,0.26259,0.267504,0.269658,0.255875,0.257312,0.267504,0.257312,0.269658,0.255875,1,0,0.0937891,0,-0.00190156,-0.0454268,-0.00157813,-0.112817,-0.257663,0,0,0,-0.108953,-0.169187,-0.00332778,-1.68224,-0.0260279,10.2068,10.3446,0,11.0309
8.95,roll -6deg,-0.157031,-0.0870695,-0.067336,0.0885324,-0.10472,0,-0.118316,0.165581,-0.00105334,0.744153,0.884153,17.507,4.21451,nan,0.262635,0.268394,0.268708,0.256778,0.256653,0.268394,0.256653,0.268708,0.256778,1,0,0.0937459,0,-0.00116527,-0.0448513,-8.28481e-05,-0.112911,-0.257488,0,0,0,-0.11266,-0.16019,0.00480041,-1.6825,-0.0780095,10.0652,10.2052,0,11.144
8.96,roll -6deg,-0.158239,-0.0887027,-0.0673136,0.088468,-0.10472,0,-0.118578,0.165506,-0.00106541,0.746642,0.886642,17.5491,4.21802,nan,0.262681,0.26809,0.269227,0.256245,0.257153,0.26809,0.257153,0.269227,0.256245,1,0,0.0936797,0,-0.000607644,-0.0453187,-0.0008987,-0.112984,-0.257232,0,0,0,-0.117015,-0.171371,0.00762841,-1.61898,-0.142487,10.09,10.2201,0,11.2551
8.97,roll -6deg,-0.159451,-0.090335,-0.0673412,0.0884353,-0.10472,0,-0.118809,0.165434,-0.000796869,0.749129,0.889129,17.5913,4.22159,nan,0.262727,0.269332,0.268081,0.257488,0.256,0.269332,0.256,0.268081,0.257488,1,0,0.0936084,0,-0.00062826,-0.0453333,0.00120396,-0.11287,-0.257057,0,0,0,-0.107534,-0.1639,-0.000487775,-1.68979,-0.00445727,10.058,10.199,0,11.3664
8.98,roll -6deg,-0.160665,-0.0919659,-0.0673287,0.0883838,-0.10472,0,-0.118915,0.165421,-0.00156893,0.751612,0.891612,17.6336,4.22519,nan,0.262774,0.268553,0.268657,0.25721,0.256667,0.268553,0.256667,0.268657,0.25721,1,0,0.0935421,0,-0.00171615,-0.0442125,0.000192749,-0.112927,-0.256816,0,0,0,-0.113966,-0.160888,0.0110976,-1.64574,-0.113593,10.0357,10.1704,0,11.4781
8.99,roll -6deg,-0.161881,-0.0935963,-0.0672625,0.0883104,-0.10472,0,-0.119066,0.165427,-0.00118235,0.754092,0.894092,17.6758,4.22884,nan,0.262822,0.26831,0.269087,0.256756,0.257124,0.26831,0.257124,0.269087,0.256756,1,0,0.0934809,0,-0.00108535,-0.0445599,-0.000503297,-0.113116,-0.256522,0,0,0,-0.116365,-0.161175,0.0121595,-1.68917,-0.039095,10.0835,10.2241,0,11.59
9,roll -6deg,-0.163098,-0.0952268,-0.0672486,0.0882923,-0.10472,0,-0.119162,0.165393,-0.00083823,0.756568,0.896568,17.7182,4.23255,nan,0.26287,0.268379,0.269382,0.256118,0.25759,0.268379,0.25759,0.269382,0.256118,1,0,0.0934426,0,0.00124197,-0.0455761,-0.00108761,-0.113149,-0.256386,0,0,0,-0.100338,-0.168936,-0.0059592,-1.69349,-0.115076,10.0668,10.2089,0,11.7034
9.01,roll -6deg,-0.164317,-0.0968573,-0.0672032,0.0882126,-0.10472,0,-0.119125,0.165403,-0.00073949,0.759042,0.899042,17.7605,4.23631,nan,0.262919,0.268893,0.268551,0.256868,0.257353,0.268893,0.257353,0.268551,0.256868,1,0,0.0933788,0,0.00219291,-0.044004,-6.33272e-05,-0.113298,-0.25608,0,0,0,-0.105467,-0.178509,-0.00433636,-1.68446,-0.160648,10.0316,10.1733,0,11.8146
9.02,roll -6deg,-0.165535,-0.0984866,-0.0671639,0.0881359,-0.10472,0,-0.118972,0.165298,-0.0015124,0.761512,0.901512,17.8029,4.24013,nan,0.262968,0.267528,0.270145,0.255994,0.258195,0.267528,0.258195,0.270145,0.255994,1,0,0.093297,0,-0.00110368,-0.0444973,-0.00211726,-0.113425,-0.25577,0,0,0,-0.118644,-0.175063,0.00422248,-1.73468,-0.11082,10.0906,10.2392,0,11.9258
9.03,roll -6deg,-0.166752,-0.100114,-0.0671341,0.0880575,-0.10472,0,-0.118798,0.165084,-0.000632073,0.763979,0.903979,17.8453,4.24398,nan,0.263018,0.268574,0.269009,0.256983,0.257497,0.268574,0.257497,0.269009,0.256983,1,0,0.0932126,0,0.000211204,-0.0437767,-0.000417139,-0.113506,-0.25545,0,0,0,-0.117456,-0.174588,0.0102106,-1.7367,-0.100984,10.0935,10.2424,0,12.0364
9.04,roll -6deg,-0.167967,-0.10174,-0.0670938,0.0880157,-0.10472,0,-0.118568,0.164813,-0.000107602,0.766443,0.906443,17.8878,4.24788,nan,0.263069,0.267657,0.270255,0.256067,0.258286,0.267657,0.258286,0.270255,0.256067,1,0,0.0931691,0,-0.00100289,-0.0446404,-0.00211726,-0.113642,-0.255235,0,0,0,-0.117664,-0.17296,0.00264982,-1.78076,-0.159137,10.1255,10.2821,0,12.1492
9.05,roll -6deg,-0.169181,-0.103364,-0.0670303,0.0879697,-0.10472,0,-0.118474,0.164702,-0.000112215,0.768903,0.908903,17.9303,4.25181,nan,0.26312,0.269077,0.26912,0.257772,0.256502,0.269077,0.256502,0.26912,0.257772,1,0,0.0931307,0,-0.00348243,-0.0453318,0.000539566,-0.113805,-0.255045,0,0,0,-0.117904,-0.173494,-0.000511933,-1.65058,-0.123268,10.088,10.2229,0,12.2624
9.06,roll -6deg,-0.170395,-0.104986,-0.066946,0.0879017,-0.10472,0,-0.118525,0.164597,-0.000628148,0.77136,0.91136,17.9728,4.25578,nan,0.263172,0.267948,0.270251,0.256063,0.258417,0.267948,0.258417,0.270251,0.256063,1,0,0.0930667,0,0.000136711,-0.0449439,-0.00204711,-0.114054,-0.254745,0,0,0,-0.103503,-0.170493,0.00307052,-1.66674,-0.214745,10.1192,10.2578,0,12.375
9.07,roll -6deg,-0.171612,-0.106606,-0.0668677,0.0878352,-0.10472,0,-0.118665,0.164526,-0.00131376,0.773813,0.913813,18.0154,4.25981,nan,0.263225,0.269431,0.269227,0.25699,0.257242,0.269431,0.257242,0.269227,0.25699,1,0,0.0930231,0,0.00121005,-0.0462816,-2.14602e-05,-0.114336,-0.254465,0,0,0,-0.125575,-0.173042,0.0108059,-1.71791,-0.277797,10.2505,10.3972,0,12.4875
9.08,roll -6deg,-0.172831,-0.108224,-0.0667999,0.0877467,-0.10472,0,-0.118857,0.16453,-0.00204441,0.776263,0.916263,18.058,4.26388,nan,0.263279,0.26978,0.268666,0.25759,0.257068,0.26978,0.257068,0.268666,0.25759,1,0,0.092941,0,0.00157187,-0.045075,0.000719164,-0.114484,-0.254139,0,0,0,-0.116244,-0.166308,0.012981,-1.65952,-0.144807,10.1529,10.2886,0,12.5987
9.09,roll -6deg,-0.174054,-0.109842,-0.0667234,0.087657,-0.10472,0,-0.119058,0.164544,-0.0015497,0.778709,0.918709,18.1006,4.26799,nan,0.263333,0.268735,0.269684,0.256855,0.258047,0.268735,0.258047,0.269684,0.256855,1,0,0.0928743,0,0.000646337,-0.0445601,-0.000941318,-0.1147,-0.253803,0,0,0,-0.107023,-0.178831,-0.000730801,-1.64671,-0.16379,10.1239,10.2582,0,12.7101
9.1,roll -6deg,-0.175279,-0.11146,-0.0666582,0.087587,-0.10472,0,-0.119326,0.164594,-0.00105871,0.781151,0.921151,18.1433,4.27214,nan,0.263388,0.268018,0.27098,0.256159,0.258383,0.268018,0.258383,0.27098,0.256159,1,0,0.0928023,0,-0.00195801,-0.0463377,-0.00227936,-0.114913,-0.253503,0,0,0,-0.109865,-0.176854,-0.00420501,-1.68117,-0.218315,10.1531,10.2937,0,12.8223
9.11,roll -6deg,-0.176507,-0.11308,-0.0665734,0.0875134,-0.10472,0,-0.119632,0.164655,-0.00119857,0.78359,0.92359,18.1861,4.27633,nan,0.263444,0.268633,0.269893,0.257217,0.258021,0.268633,0.258021,0.269893,0.257217,1,0,0.0927458,0,-0.00121119,-0.0441259,-0.00090687,-0.115168,-0.253204,0,0,0,-0.121732,-0.172835,0.00389718,-1.62607,-0.207248,10.1655,10.2968,0,12.935
9.12,roll -6deg,-0.17774,-0.114698,-0.0665087,0.0874294,-0.10472,0,-0.120052,0.164549,-0.00157187,0.786025,0.926025,18.2289,4.28058,nan,0.2635,0.268139,0.270423,0.256329,0.259098,0.268139,0.259098,0.270423,0.256329,1,0,0.0926737,0,0.00128721,-0.0438361,-0.00222124,-0.115342,-0.252884,0,0,0,-0.114796,-0.176387,0.00313953,-1.62265,-0.188065,10.1913,10.3214,0,13.0467
9.13,roll -6deg,-0.178978,-0.116314,-0.0664256,0.0873598,-0.10472,0,-0.120506,0.164412,-0.00135062,0.788456,0.928456,18.2717,4.28489,nan,0.263557,0.268863,0.269873,0.257181,0.2583,0.268863,0.2583,0.269873,0.257181,1,0,0.0926274,0,0.00028754,-0.0440625,-0.000935931,-0.11559,-0.25259,0,0,0,-0.115758,-0.169574,0.0034124,-1.65793,-0.171173,10.1946,10.33,0,13.1599
9.14,roll -6deg,-0.180221,-0.117929,-0.0663708,0.0872947,-0.10472,0,-0.120942,0.164256,-0.00154866,0.790884,0.930884,18.3146,4.28924,nan,0.263615,0.269172,0.269899,0.256684,0.258694,0.269172,0.258694,0.269899,0.256684,1,0,0.0925604,0,0.00340762,-0.0448932,-0.00120282,-0.11575,-0.252318,0,0,0,-0.110382,-0.170041,-0.00447959,-1.61604,-0.236301,10.2845,10.4134,0,13.2726
9.15,roll -6deg,-0.181469,-0.119541,-0.0663006,0.087217,-0.10472,0,-0.121254,0.164031,-0.00138732,0.793307,0.933307,18.3575,4.29364,nan,0.263674,0.26948,0.269712,0.257793,0.257699,0.26948,0.257699,0.269712,0.257793,1,0,0.0924986,0,-0.000865364,-0.0449059,-6.02052e-05,-0.11594,-0.252018,0,0,0,-0.122098,-0.158663,0.00571803,-1.54952,-0.136846,10.2406,10.3581,0,13.3851
9.16,roll -6deg,-0.18272,-0.12115,-0.0662224,0.0871328,-0.10472,0,-0.121476,0.163671,-0.00120882,0.795727,0.935727,18.4004,4.29807,nan,0.263733,0.269737,0.269817,0.257618,0.25775,0.269737,0.25775,0.269817,0.257618,1,0,0.0924315,0,0.000140009,-0.0458294,-9.29828e-05,-0.11619,-0.251695,0,0,0,-0.130592,-0.168847,0.00763523,-1.58296,-0.145732,10.2299,10.3526,0,13.4974
9.17,roll -6deg,-0.183974,-0.122755,-0.0661668,0.087032,-0.10472,0,-0.121725,0.163244,-0.000988425,0.798142,0.938142,18.4434,4.30257,nan,0.263794,0.269701,0.269838,0.257701,0.257923,0.269701,0.257923,0.269838,0.257701,1,0,0.0923386,0,0.000227111,-0.0453152,-0.000157794,-0.116379,-0.25131,0,0,0,-0.127797,-0.177338,-0.00108235,-1.58266,-0.261353,10.1835,10.3091,0,13.6082
9.18,roll -6deg,-0.185231,-0.124356,-0.0660736,0.086927,-0.10472,0,-0.122016,0.162812,-0.00135623,0.800554,0.940554,18.4865,4.30711,nan,0.263855,0.269395,0.270079,0.25729,0.258642,0.269395,0.258642,0.270079,0.25729,1,0,0.0922636,0,0.00177214,-0.0446069,-0.000894551,-0.116612,-0.250923,0,0,0,-0.124083,-0.165998,0.00406464,-1.45474,-0.215761,10.1743,10.28,0,13.7197
9.19,roll -6deg,-0.186492,-0.125951,-0.0659679,0.0868031,-0.10472,0,-0.122292,0.162383,-0.00194093,0.802961,0.942961,18.5296,4.31166,nan,0.263916,0.268986,0.270833,0.257027,0.258807,0.268986,0.258807,0.270833,0.257027,1,0,0.0921705,0,-0.00017734,-0.0454474,-0.00159366,-0.116933,-0.250468,0,0,0,-0.117893,-0.17369,0.00196384,-1.55939,-0.212012,10.1716,10.2926,0,13.8306
9.2,roll -6deg,-0.187757,-0.127542,-0.0659066,0.0867194,-0.10472,0,-0.122598,0.16202,-0.00170615,0.805365,0.945365,18.5727,4.31626,nan,0.263979,0.26987,0.270081,0.258034,0.257918,0.26987,0.257918,0.270081,0.258034,1,0,0.0921006,0,-0.000868228,-0.0454742,-4.1722e-05,-0.117087,-0.250146,0,0,0,-0.111813,-0.171611,0.00575763,-1.52206,-0.181974,10.2239,10.3382,0,13.942
9.21,roll -6deg,-0.189026,-0.129128,-0.0657982,0.0865831,-0.10472,0,-0.122924,0.161714,-0.00205233,0.807764,0.947764,18.6159,4.32092,nan,0.264042,0.269722,0.27053,0.257461,0.258442,0.269722,0.258442,0.27053,0.257461,1,0,0.091997,0,0.000459396,-0.0461343,-0.000786539,-0.117434,-0.24966,0,0,0,-0.126914,-0.17245,0.00415958,-1.45573,-0.244238,10.1826,10.289,0,14.0523
9.22,roll -6deg,-0.190299,-0.130712,-0.0657053,0.0864913,-0.10472,0,-0.123276,0.16141,-0.0006803,0.810159,0.950159,18.6591,4.32563,nan,0.264106,0.269661,0.270418,0.257724,0.258607,0.269661,0.258607,0.270418,0.257724,1,0,0.091927,0,0.000333963,-0.0449986,-0.00072136,-0.117689,-0.249297,0,0,0,-0.117746,-0.162339,-0.0106592,-1.48493,-0.19313,10.1816,10.2911,0,14.1643
9.23,roll -6deg,-0.191575,-0.132293,-0.0656606,0.0864106,-0.10472,0,-0.12353,0.161067,-0.00146682,0.812549,0.952549,18.7024,4.33039,nan,0.26417,0.270553,0.269882,0.258299,0.257933,0.270553,0.257933,0.269882,0.258299,1,0,0.0918465,0,0.000810171,-0.0458612,0.000455663,-0.11781,-0.249005,0,0,0,-0.117774,-0.169425,0.00364063,-1.45229,-0.193459,10.205,10.3096,0,14.2756
9.24,roll -6deg,-0.192854,-0.13387,-0.0655923,0.0863199,-0.10472,0,-0.123639,0.160786,-0.00113375,0.814935,0.954935,18.7457,4.3352,nan,0.264236,0.270402,0.269994,0.258087,0.258447,0.270402,0.258447,0.269994,0.258087,1,0,0.0917738,0,0.00203945,-0.0452148,2.13539e-05,-0.118006,-0.248655,0,0,0,-0.12008,-0.1599,-0.00539398,-1.41451,-0.191005,10.2272,10.3263,0,14.3869
9.25,roll -6deg,-0.194133,-0.135444,-0.0655093,0.0862636,-0.10472,0,-0.123625,0.160439,-0.00106419,0.817317,0.957317,18.7891,4.34006,nan,0.264302,0.270335,0.270391,0.258316,0.258151,0.270335,0.258151,0.270391,0.258316,1,0,0.0917348,0,-0.00058566,-0.0459669,4.82436e-05,-0.118288,-0.248395,0,0,0,-0.126984,-0.158995,4.84035e-05,-1.44782,-0.261834,10.174,10.2799,0,14.5002
9.26,roll -6deg,-0.195415,-0.137013,-0.0654124,0.0861588,-0.10472,0,-0.123747,0.16014,-0.00191416,0.819695,0.959695,18.8325,4.345,nan,0.264368,0.270185,0.270441,0.258557,0.258277,0.270185,0.258277,0.270441,0.258557,1,0,0.0916463,0,-0.00142191,-0.0450827,1.04797e-05,-0.118512,-0.248017,0,0,0,-0.10713,-0.151628,-0.00129282,-1.48376,-0.112523,10.2942,10.4012,0,14.6114
9.27,roll -6deg,-0.1967,-0.138578,-0.0652914,0.0860621,-0.10472,0,-0.12394,0.159749,-0.00223945,0.822068,0.962068,18.876,4.34999,nan,0.264436,0.269052,0.271884,0.256892,0.259901,0.269052,0.259901,0.271884,0.256892,1,0,0.0915943,0,0.000470295,-0.0457463,-0.00256665,-0.118885,-0.247645,0,0,0,-0.118142,-0.154791,-0.00282739,-1.37368,-0.207369,10.2692,10.3628,0,14.7234
9.28,roll -6deg,-0.197986,-0.14014,-0.0651507,0.0859415,-0.10472,0,-0.124252,0.159278,-0.00131174,0.824436,0.964436,18.9195,4.35503,nan,0.264504,0.270391,0.270651,0.258146,0.258813,0.270391,0.258813,0.270651,0.258146,1,0,0.0915239,0,0.00107876,-0.0456325,-0.00040775,-0.119283,-0.247222,0,0,0,-0.116139,-0.15366,-0.00156101,-1.37654,-0.125107,10.2442,10.337,0,14.8349
9.29,roll -6deg,-0.199277,-0.141696,-0.0650923,0.0858835,-0.10472,0,-0.124574,0.158808,-0.00165546,0.8268,0.9668,18.9631,4.36009,nan,0.264572,0.271862,0.268946,0.259672,0.257796,0.271862,0.257796,0.268946,0.259672,1,0,0.091477,0,0.0027565,-0.0442244,0.00210604,-0.119503,-0.246955,0,0,0,-0.122008,-0.168174,0.00161006,-1.43354,-0.250332,10.2368,10.3397,0,14.9469
9.3,roll -6deg,-0.200572,-0.143246,-0.0650281,0.0858201,-0.10472,0,-0.124835,0.158394,-0.00212931,0.829159,0.969159,19.0067,4.3652,nan,0.264642,0.270752,0.270688,0.258994,0.25812,0.270752,0.25812,0.270688,0.258994,1,0,0.0914249,0,-0.00214852,-0.0460928,0.00041198,-0.119668,-0.24669,0,0,0,-0.120167,-0.162372,0.00400726,-1.41337,-0.198662,10.3056,10.404,0,15.0586
9.31,roll -6deg,-0.201871,-0.144791,-0.0649297,0.0857516,-0.10472,0,-0.12514,0.157898,-0.00242542,0.831514,0.971514,19.0504,4.37038,nan,0.264712,0.27131,0.270249,0.25893,0.258344,0.27131,0.258344,0.270249,0.25893,1,0,0.0913805,0,0.00126145,-0.0460132,0.000724086,-0.119955,-0.246419,0,0,0,-0.120027,-0.168236,-0.00559539,-1.36894,-0.210032,10.2527,10.3458,0,15.171
9.32,roll -6deg,-0.203174,-0.146331,-0.0648303,0.0857134,-0.10472,0,-0.125414,0.157438,-0.00234353,0.833864,0.973864,19.0941,4.37562,nan,0.264783,0.269579,0.272277,0.257312,0.259949,0.269579,0.259949,0.272277,0.257312,1,0,0.0913622,0,-0.000161933,-0.0466003,-0.00234488,-0.120248,-0.246213,0,0,0,-0.126948,-0.156865,0.00748734,-1.37832,-0.161142,10.2642,10.3576,0,15.2848
9.33,roll -6deg,-0.20448,-0.147867,-0.0647363,0.0856427,-0.10472,0,-0.125714,0.157167,-0.00161277,0.836209,0.976209,19.1379,4.38091,nan,0.264854,0.270126,0.271671,0.257922,0.259683,0.270126,0.259683,0.271671,0.257922,1,0,0.0913022,0,0.0005727,-0.0458382,-0.00145258,-0.120554,-0.245884,0,0,0,-0.121858,-0.154346,0.00712915,-1.42058,-0.275436,10.2958,10.397,0,15.3967
9.34,roll -6deg,-0.205789,-0.149401,-0.0646248,0.0855447,-0.10472,0,-0.125934,0.15696,-0.00247871,0.83855,0.97855,19.1818,4.38626,nan,0.264926,0.270438,0.271507,0.258297,0.259448,0.270438,0.259448,0.271507,0.258297,1,0,0.0912499,0,0.000215313,-0.0458534,-0.00097547,-0.120829,-0.245558,0,0,0,-0.111699,-0.161295,-0.00557416,-1.42316,-0.0879652,10.2311,10.33,0,15.508
9.35,roll -6deg,-0.207101,-0.150931,-0.0645318,0.0854399,-0.10472,0,-0.126136,0.156684,-0.0024415,0.840885,0.980885,19.2256,4.39168,nan,0.264999,0.27105,0.270838,0.258966,0.259127,0.27105,0.259127,0.270838,0.258966,1,0,0.0911767,0,0.000991359,-0.045086,2.23334e-05,-0.121128,-0.245156,0,0,0,-0.125391,-0.162687,0.000348777,-1.42299,-0.12597,10.3095,10.408,0,15.6182
9.36,roll -6deg,-0.208417,-0.152457,-0.0644221,0.0853476,-0.10472,0,-0.126285,0.156356,-0.00338953,0.843216,0.983216,19.2696,4.39715,nan,0.265072,0.270647,0.271392,0.258463,0.259773,0.270647,0.259773,0.271392,0.258463,1,0,0.0911113,0,0.00149807,-0.045102,-0.000903162,-0.121442,-0.244789,0,0,0,-0.123847,-0.153127,0.0186832,-1.4159,-0.102061,10.2557,10.3535,0,15.7296
9.37,roll -6deg,-0.209736,-0.153978,-0.064322,0.0852844,-0.10472,0,-0.126446,0.15604,-0.00326359,0.845542,0.985542,19.3136,4.40267,nan,0.265146,0.270371,0.271759,0.258727,0.259713,0.270371,0.259713,0.271759,0.258727,1,0,0.0910825,0,-0.0010663,-0.0448881,-0.00104276,-0.121762,-0.24453,0,0,0,-0.134307,-0.166364,0.00824115,-1.33707,-0.20449,10.1879,10.2773,0,15.8419
9.38,roll -6deg,-0.211057,-0.155496,-0.0642411,0.0852169,-0.10472,0,-0.126632,0.15571,-0.00342431,0.847863,0.987863,19.3576,4.40824,nan,0.265221,0.271674,0.271031,0.259329,0.258835,0.271674,0.258835,0.271031,0.259329,1,0,0.0910327,0,0.00039657,-0.0465005,0.000499198,-0.121984,-0.244246,0,0,0,-0.130802,-0.161309,0.00994773,-1.36382,-0.150246,10.3358,10.4264,0,15.9534
9.39,roll -6deg,-0.212381,-0.157009,-0.0641004,0.0851074,-0.10472,0,-0.12677,0.155373,-0.00395016,0.850178,0.990178,19.4017,4.41387,nan,0.265296,0.269988,0.272571,0.257999,0.260612,0.269988,0.260612,0.272571,0.257999,1,0,0.0909698,0,8.00327e-05,-0.0453772,-0.00228366,-0.122388,-0.243823,0,0,0,-0.118166,-0.159568,0.00807985,-1.40197,-0.138742,10.2851,10.3812,0,16.0646
9.4,roll -6deg,-0.213707,-0.158518,-0.0640082,0.0850303,-0.10472,0,-0.126941,0.155072,-0.00347318,0.852489,0.992489,19.4459,4.41954,nan,0.265372,0.269095,0.273576,0.257335,0.261468,0.269095,0.261468,0.273576,0.257335,1,0,0.0909095,0,-0.000922339,-0.045227,-0.00378642,-0.122676,-0.243496,0,0,0,-0.127013,-0.156714,0.00758704,-1.37104,-0.183022,10.2685,10.3612,0,16.1757
9.41,roll -6deg,-0.215035,-0.160026,-0.0639253,0.0849903,-0.10472,0,-0.12719,0.154795,-0.00246308,0.854795,0.994795,19.4901,4.42522,nan,0.265449,0.271181,0.271894,0.258481,0.260225,0.271181,0.260225,0.271894,0.258481,1,0,0.0908937,0,0.00273559,-0.0461737,-0.00107957,-0.122943,-0.243278,0,0,0,-0.124904,-0.161426,0.00994324,-1.39271,-0.259454,10.225,10.3227,0,16.2884
9.42,roll -6deg,-0.216366,-0.161532,-0.0638336,0.0849431,-0.10472,0,-0.127436,0.154565,-0.00288142,0.857095,0.997095,19.5344,4.43095,nan,0.265526,0.270077,0.273394,0.258108,0.26051,0.270077,0.26051,0.273394,0.258108,1,0,0.0908649,0,-0.00242656,-0.0470912,-0.00251367,-0.123154,-0.243092,0,0,0,-0.118261,-0.147022,-0.00320613,-1.27588,-0.155323,10.2492,10.3294,0,16.4011
9.43,roll -6deg,-0.217701,-0.163035,-0.0637613,0.0848759,-0.10472,0,-0.127819,0.154475,-0.00218274,0.859391,0.999391,19.5787,4.43672,nan,0.265604,0.269738,0.273181,0.257785,0.261697,0.269738,0.261697,0.273181,0.257785,1,0,0.0908176,0,0.00124591,-0.0444088,-0.003233,-0.123395,-0.242795,0,0,0,-0.126897,-0.151371,-0.00744151,-1.28748,-0.222773,10.2695,10.3523,0,16.5121
9.44,roll -6deg,-0.219039,-0.164538,-0.0636618,0.0847653,-0.10472,0,-0.128109,0.15425,-0.0022244,0.861681,1.00168,19.6231,4.44256,nan,0.265683,0.271593,0.27206,0.258995,0.260068,0.271593,0.260068,0.27206,0.258995,1,0,0.0907414,0,0.00160741,-0.0465952,-0.00067701,-0.123711,-0.242398,0,0,0,-0.132054,-0.166686,0.00332174,-1.38163,-0.202882,10.2947,10.389,0,16.6222
9.45,roll -6deg,-0.220381,-0.166037,-0.0635464,0.0846889,-0.10472,0,-0.128377,0.15394,-0.00245412,0.863966,1.00397,19.6676,4.44844,nan,0.265762,0.270645,0.273271,0.258236,0.260881,0.270645,0.260881,0.273271,0.258236,1,0,0.0906915,0,5.12652e-05,-0.0469881,-0.0023166,-0.124058,-0.242069,0,0,0,-0.130229,-0.154729,0.00729315,-1.32602,-0.271891,10.2237,10.3129,0,16.7344
9.46,roll -6deg,-0.221727,-0.167532,-0.0634092,0.0845968,-0.10472,0,-0.128618,0.153646,-0.00313628,0.866246,1.00625,19.7121,4.45439,nan,0.265842,0.271456,0.272269,0.259431,0.260197,0.271456,0.260197,0.272269,0.259431,1,0,0.0906599,0,-0.000123619,-0.045658,-0.000694116,-0.124454,-0.241726,0,0,0,-0.128724,-0.15444,0.000581135,-1.35569,-0.226005,10.3061,10.3974,0,16.8465
9.47,roll -6deg,-0.223078,-0.169022,-0.0632659,0.0844919,-0.10472,0,-0.128883,0.153394,-0.00388536,0.86852,1.00852,19.7567,4.46037,nan,0.265923,0.270565,0.273012,0.259156,0.260943,0.270565,0.260943,0.273012,0.259156,1,0,0.0906099,0,-0.00175159,-0.0444852,-0.00186104,-0.124854,-0.241349,0,0,0,-0.127282,-0.149315,0.00570926,-1.31409,-0.177205,10.3252,10.41,0,16.9581
9.48,roll -6deg,-0.224432,-0.170509,-0.0631909,0.0844246,-0.10472,0,-0.129252,0.153119,-0.00338561,0.870789,1.01079,19.8013,4.46642,nan,0.266004,0.271367,0.272661,0.259632,0.260342,0.271367,0.260342,0.272661,0.259632,1,0,0.0905599,0,-0.00155036,-0.0455769,-0.000880703,-0.125091,-0.241065,0,0,0,-0.131801,-0.157551,0.00033213,-1.2852,-0.235366,10.2254,10.3085,0,17.0692
9.49,roll -6deg,-0.225791,-0.171993,-0.0630822,0.0843253,-0.10472,0,-0.129672,0.152934,-0.00340309,0.873052,1.01305,19.846,4.47252,nan,0.266086,0.272207,0.271818,0.260593,0.259711,0.272207,0.259711,0.271818,0.260593,1,0,0.0904914,0,-0.0013104,-0.0449468,0.000558519,-0.125403,-0.240688,0,0,0,-0.127148,-0.153178,0.0047571,-1.29597,-0.236766,10.3577,10.4412,0,17.1801
9.5,roll -6deg,-0.227156,-0.173474,-0.0629948,0.0842451,-0.10472,0,-0.13016,0.152695,-0.00398998,0.87531,1.01531,19.8908,4.47869,nan,0.266169,0.271627,0.273071,0.25929,0.260672,0.271627,0.260672,0.273071,0.25929,1,0,0.090436,0,-0.000166268,-0.0468703,-0.0012424,-0.125659,-0.240374,0,0,0,-0.127267,-0.158823,0.00257625,-1.30545,-0.226853,10.3894,10.4735,0,17.2911
9.51,roll -6deg,-0.228527,-0.174952,-0.0628579,0.0841211,-0.10472,0,-0.130734,0.152418,-0.00365614,0.877562,1.01756,19.9356,4.48493,nan,0.266253,0.271561,0.272921,0.25935,0.261162,0.271561,0.261162,0.272921,0.25935,1,0,0.0903569,0,0.00120084,-0.0454189,-0.00139454,-0.126079,-0.239888,0,0,0,-0.12826,-0.148168,0.00500366,-1.32485,-0.259839,10.3755,10.4629,0,17.4017
9.52,roll -6deg,-0.229905,-0.176427,-0.0627598,0.0840358,-0.10472,0,-0.131233,0.152166,-0.0034801,0.879809,1.01981,19.9805,4.49121,nan,0.266337,0.27195,0.272775,0.259494,0.261111,0.27195,0.261111,0.272775,0.259494,1,0,0.0903093,0,0.0021013,-0.0457023,-0.00107386,-0.12639,-0.239536,0,0,0,-0.133427,-0.151668,0.00481516,-1.36664,-0.272952,10.3583,10.4517,0,17.5128
9.53,roll -6deg,-0.231287,-0.1779,-0.0626894,0.0839594,-0.10472,0,-0.131517,0.151851,-0.00329686,0.88205,1.02205,20.0254,4.49755,nan,0.266422,0.273188,0.271448,0.261008,0.260026,0.273188,0.260026,0.271448,0.261008,1,0,0.0902539,0,0.00200992,-0.0447216,0.00119638,-0.126583,-0.239243,0,0,0,-0.122485,-0.163148,-0.00728452,-1.36426,-0.279906,10.3597,10.4529,0,17.6237
9.54,roll -6deg,-0.232672,-0.179367,-0.0625848,0.0838638,-0.10472,0,-0.131751,0.151415,-0.00339675,0.884285,1.02429,20.0704,4.50395,nan,0.266508,0.271675,0.273515,0.259671,0.261152,0.271675,0.261152,0.273515,0.259671,1,0,0.0901878,0,-0.00095101,-0.0461709,-0.00145946,-0.126892,-0.238863,0,0,0,-0.132561,-0.15208,0.00720646,-1.30421,-0.28931,10.3764,10.462,0,17.7346
9.55,roll -6deg,-0.234062,-0.18083,-0.0625055,0.083787,-0.10472,0,-0.132159,0.151048,-0.00450982,0.886515,1.02652,20.1155,4.51039,nan,0.266594,0.272138,0.272945,0.25986,0.261415,0.272138,0.261415,0.272945,0.25986,1,0,0.0901349,0,0.00198403,-0.0451137,-0.00103815,-0.127124,-0.238561,0,0,0,-0.130849,-0.156176,0.0152706,-1.31879,-0.29291,10.4408,10.5279,0,17.8456
9.56,roll -6deg,-0.235458,-0.182286,-0.0624349,0.0837338,-0.10472,0,-0.132579,0.150665,-0.00478926,0.888739,1.02874,20.1606,4.51688,nan,0.266681,0.272346,0.273174,0.260398,0.260789,0.272346,0.260789,0.273174,0.260398,1,0,0.0900925,0,-0.00116191,-0.0461064,-0.000536113,-0.127352,-0.238311,0,0,0,-0.134615,-0.163102,0.00880835,-1.35749,-0.30123,10.3768,10.4695,0,17.9573
9.57,roll -6deg,-0.236859,-0.183738,-0.0623469,0.0836454,-0.10472,0,-0.132933,0.150318,-0.00441007,0.890957,1.03096,20.2058,4.52341,nan,0.266769,0.271556,0.273906,0.259277,0.262321,0.271556,0.262321,0.273906,0.259277,1,0,0.0900316,0,0.00183978,-0.0452183,-0.00237104,-0.127568,-0.237971,0,0,0,-0.123112,-0.158494,0.00648421,-1.28355,-0.28597,10.4217,10.5044,0,18.0678
9.58,roll -6deg,-0.238263,-0.185188,-0.0622465,0.0835585,-0.10472,0,-0.133199,0.15004,-0.00424438,0.893169,1.03317,20.2511,4.52999,nan,0.266858,0.272522,0.273187,0.260401,0.261304,0.272522,0.261304,0.273187,0.260401,1,0,0.089968,0,0.000629992,-0.0454829,-0.000689306,-0.127907,-0.237598,0,0,0,-0.127251,-0.157523,0.00728755,-1.38882,-0.308398,10.3357,10.4331,0,18.1789
9.59,roll -6deg,-0.239671,-0.186635,-0.0621093,0.0834226,-0.10472,0,-0.133484,0.149762,-0.00422367,0.895375,1.03538,20.2964,4.5366,nan,0.266947,0.272217,0.273738,0.259718,0.262097,0.272217,0.262097,0.273738,0.259718,1,0,0.0898885,0,0.00227607,-0.0457398,-0.00171379,-0.128273,-0.237111,0,0,0,-0.126217,-0.141116,0.0121454,-1.29727,-0.278712,10.4528,10.5367,0,18.2889
9.6,roll -6deg,-0.241082,-0.188078,-0.061994,0.083316,-0.10472,0,-0.133724,0.149348,-0.00433307,0.897576,1.03758,20.3418,4.54326,nan,0.267037,0.272005,0.274103,0.259699,0.262323,0.272005,0.262323,0.274103,0.259699,1,0,0.0898354,0,0.00139787,-0.0456391,-0.00207561,-0.128669,-0.236721,0,0,0,-0.139375,-0.166317,-0.00439594,-1.33677,-0.351447,10.4778,10.5686,0,18.3996
9.61,roll -6deg,-0.242496,-0.189517,-0.0618654,0.0832188,-0.10472,0,-0.133909,0.148972,-0.00394405,0.89977,1.03977,20.3873,4.54999,nan,0.267128,0.27229,0.273902,0.260203,0.262099,0.27229,0.262099,0.273902,0.260203,1,0,0.089777,0,0.000754066,-0.0452642,-0.00154194,-0.129028,-0.236334,0,0,0,-0.136866,-0.150563,0.00627925,-1.39035,-0.261119,10.4391,10.5345,0,18.511
9.62,roll -6deg,-0.243912,-0.190953,-0.0617058,0.0831084,-0.10472,0,-0.134167,0.148712,-0.00328801,0.901958,1.04196,20.4328,4.5568,nan,0.26722,0.273902,0.272828,0.261695,0.260434,0.273902,0.260434,0.272828,0.261695,1,0,0.0897265,0,-0.000494469,-0.0466151,0.00102623,-0.129475,-0.235932,0,0,0,-0.129586,-0.154851,0.00834375,-1.34647,-0.242832,10.4167,10.5061,0,18.6227
9.63,roll -6deg,-0.245332,-0.192385,-0.0615606,0.0829902,-0.10472,0,-0.134502,0.148469,-0.00450075,0.90414,1.04414,20.4784,4.56365,nan,0.267312,0.27184,0.274869,0.259745,0.262775,0.27184,0.262775,0.274869,0.259745,1,0,0.0896759,0,1.92216e-06,-0.0458327,-0.00266252,-0.129915,-0.235491,0,0,0,-0.134839,-0.158209,0.00828411,-1.28066,-0.312518,10.4565,10.5392,0,18.7335
9.64,roll -6deg,-0.246758,-0.193812,-0.0614857,0.0829431,-0.10472,0,-0.1348,0.148163,-0.00462222,0.906316,1.04632,20.5241,4.57058,nan,0.267405,0.271842,0.274957,0.260008,0.262793,0.271842,0.262793,0.274957,0.260008,1,0,0.0896467,0,-0.00087576,-0.0454717,-0.00259344,-0.130121,-0.235262,0,0,0,-0.129875,-0.155282,0.0193702,-1.37359,-0.218936,10.4388,10.531,0,18.8454
9.65,roll -6deg,-0.248188,-0.195236,-0.0613493,0.0828675,-0.10472,0,-0.135144,0.147822,-0.00452258,0.908485,1.04849,20.5698,4.57757,nan,0.267499,0.272619,0.274142,0.261274,0.261941,0.272619,0.261941,0.274142,0.261274,1,0,0.0896121,0,-0.00227095,-0.0446171,-0.000962615,-0.130548,-0.234913,0,0,0,-0.131829,-0.138728,0.0113095,-1.37556,-0.291134,10.5099,10.6035,0,18.9581
9.66,roll -6deg,-0.249622,-0.196657,-0.0612208,0.082783,-0.10472,0,-0.135534,0.147578,-0.00479716,0.910649,1.05065,20.6156,4.58458,nan,0.267593,0.271286,0.276222,0.259115,0.26373,0.271286,0.26373,0.276222,0.259115,1,0,0.0895801,0,-0.000851924,-0.0467333,-0.00419818,-0.130907,-0.234602,0,0,0,-0.133845,-0.141873,0.000291367,-1.31817,-0.24399,10.4527,10.5383,0,19.0701
9.67,roll -6deg,-0.251061,-0.198074,-0.0611163,0.0827001,-0.10472,0,-0.136033,0.147407,-0.00427041,0.912806,1.05281,20.6615,4.59167,nan,0.267688,0.271553,0.275978,0.259518,0.263684,0.271553,0.263684,0.275978,0.259518,1,0,0.0895455,0,-0.000687221,-0.0460993,-0.00377602,-0.131229,-0.234287,0,0,0,-0.137223,-0.156558,-0.00559215,-1.32045,-0.254925,10.3242,10.4115,0,19.1815
9.68,roll -6deg,-0.252505,-0.199492,-0.0610327,0.0826325,-0.10472,0,-0.136531,0.147242,-0.00328861,0.914956,1.05496,20.7075,4.59879,nan,0.267784,0.272027,0.275547,0.260329,0.263215,0.272027,0.263215,0.275547,0.260329,1,0,0.0894816,0,-0.00167908,-0.0455315,-0.0028157,-0.131445,-0.233991,0,0,0,-0.129376,-0.139558,8.12539e-05,-1.34711,-0.192386,10.5106,10.5983,0,19.293
9.69,roll -6deg,-0.253953,-0.20091,-0.060882,0.0824878,-0.10472,0,-0.136988,0.147133,-0.00247702,0.9171,1.0571,20.7535,4.60598,nan,0.267881,0.273227,0.274457,0.261507,0.262313,0.273227,0.262313,0.274457,0.261507,1,0,0.0894176,0,-0.00112463,-0.0452168,-0.000894579,-0.131879,-0.233517,0,0,0,-0.129518,-0.157108,0.000636313,-1.28381,-0.199011,10.4676,10.5479,0,19.4033
9.7,roll -6deg,-0.255406,-0.202326,-0.060753,0.082361,-0.10472,0,-0.137462,0.146964,-0.00291158,0.919238,1.05924,20.7996,4.61325,nan,0.267978,0.273535,0.274536,0.261678,0.262145,0.273535,0.262145,0.274536,0.261678,1,0,0.0893456,0,-0.00141786,-0.0459443,-0.000645347,-0.132263,-0.233046,0,0,0,-0.135161,-0.150407,0.00203512,-1.28429,-0.178794,10.4672,10.5472,0,19.5138
9.71,roll -6deg,-0.256865,-0.203739,-0.0606472,0.0822094,-0.10472,0,-0.137904,0.146663,-0.00389358,0.921369,1.06137,20.8457,4.62057,nan,0.268076,0.272515,0.275656,0.260479,0.263636,0.272515,0.263636,0.275656,0.260479,1,0,0.0892414,0,4.28962e-05,-0.0455824,-0.00276809,-0.132575,-0.232499,0,0,0,-0.129257,-0.146747,0.00450077,-1.25825,-0.251148,10.4917,10.5699,0,19.6226
9.72,roll -6deg,-0.25833,-0.205147,-0.060537,0.0820823,-0.10472,0,-0.138153,0.146301,-0.00351657,0.923494,1.06349,20.892,4.62796,nan,0.268176,0.272832,0.275891,0.260534,0.263425,0.272832,0.263425,0.275891,0.260534,1,0,0.0891558,0,-0.000446873,-0.0469225,-0.00261501,-0.13286,-0.232053,0,0,0,-0.123321,-0.133224,-0.00430897,-1.20367,-0.185653,10.5529,10.623,0,19.7326
9.73,roll -6deg,-0.259797,-0.206551,-0.0603886,0.0819494,-0.10472,0,-0.138312,0.145982,-0.002997,0.925612,1.06561,20.9383,4.63542,nan,0.268275,0.273264,0.275302,0.261806,0.262709,0.273264,0.262709,0.275302,0.261806,1,0,0.0891077,0,-0.00301314,-0.0455713,-0.00129312,-0.13329,-0.231642,0,0,0,-0.133106,-0.1549,0.00499085,-1.14479,-0.12114,10.5294,10.5922,0,19.8435
9.74,roll -6deg,-0.261267,-0.207952,-0.0601974,0.081773,-0.10472,0,-0.138566,0.145683,-0.00387115,0.927723,1.06772,20.9847,4.64293,nan,0.268376,0.274038,0.275089,0.26212,0.262237,0.274038,0.262237,0.275089,0.26212,1,0,0.0890246,0,-0.0024758,-0.0469336,-0.000513371,-0.133882,-0.231002,0,0,0,-0.135712,-0.153042,-0.00831952,-1.184,-0.205325,10.5763,10.6443,0,19.9541
9.75,roll -6deg,-0.262742,-0.209348,-0.0600569,0.0816477,-0.10472,0,-0.138966,0.145388,-0.00301762,0.929828,1.06983,21.0312,4.65049,nan,0.268477,0.274111,0.274884,0.262275,0.26262,0.274111,0.26262,0.274884,0.262275,1,0,0.0889523,0,-0.00113379,-0.0456638,-0.000491392,-0.134321,-0.230497,0,0,0,-0.13144,-0.14865,0.00449186,-1.22282,-0.286871,10.5726,10.647,0,20.065
9.76,roll -6deg,-0.264222,-0.21074,-0.0599217,0.0815088,-0.10472,0,-0.139354,0.144968,-0.00447305,0.931925,1.07193,21.0777,4.65813,nan,0.26858,0.273635,0.275487,0.261945,0.263232,0.273635,0.263232,0.275487,0.261945,1,0,0.0888906,0,-0.00149871,-0.0453707,-0.00137978,-0.134687,-0.230042,0,0,0,-0.130226,-0.150628,0.0135612,-1.18913,-0.193773,10.5158,10.5846,0,20.1753
9.77,roll -6deg,-0.265707,-0.212125,-0.0597972,0.0814121,-0.10472,0,-0.139678,0.144382,-0.00427535,0.934016,1.07402,21.1243,4.66583,nan,0.268683,0.274266,0.275647,0.261848,0.262949,0.274266,0.262949,0.275647,0.261848,1,0,0.0888262,0,-0.0007422,-0.0475903,-0.00109048,-0.135096,-0.229629,0,0,0,-0.145675,-0.140137,0.00437915,-1.16903,-0.286381,10.4892,10.558,0,20.287
9.78,roll -6deg,-0.267197,-0.213504,-0.0596711,0.0812717,-0.10472,0,-0.140018,0.143864,-0.00444893,0.9361,1.0761,21.171,4.67358,nan,0.268786,0.273808,0.276134,0.261595,0.263589,0.273808,0.263589,0.276134,0.261595,1,0,0.088759,0,-0.000879568,-0.0469108,-0.00189892,-0.135435,-0.229157,0,0,0,-0.13656,-0.145167,0.007474,-1.15244,-0.24142,10.5493,10.6148,0,20.3967
9.79,roll -6deg,-0.26869,-0.214878,-0.059525,0.0811373,-0.10472,0,-0.140241,0.1434,-0.00432657,0.938177,1.07818,21.2178,4.68136,nan,0.268891,0.274362,0.27548,0.262642,0.263058,0.274362,0.263058,0.27548,0.262642,1,0,0.0886865,0,-0.00186331,-0.0457431,-0.000674664,-0.135861,-0.228682,0,0,0,-0.139166,-0.14365,0.0136657,-1.09995,-0.275655,10.5531,10.6138,0,20.5072
9.8,roll -6deg,-0.270188,-0.216246,-0.0594198,0.0810338,-0.10472,0,-0.140574,0.142943,-0.00545625,0.940248,1.08025,21.2646,4.68922,nan,0.268996,0.275735,0.274137,0.263995,0.262097,0.275735,0.262097,0.274137,0.263995,1,0,0.0886273,0,-0.000797105,-0.0450584,0.00153626,-0.136198,-0.228252,0,0,0,-0.137797,-0.139082,-0.0070861,-1.19252,-0.271103,10.5849,10.6553,0,20.6177
9.81,roll -6deg,-0.271692,-0.217603,-0.0592543,0.0808447,-0.10472,0,-0.140858,0.142343,-0.00672269,0.942311,1.08231,21.3116,4.69713,nan,0.269102,0.273565,0.277081,0.260803,0.264939,0.273565,0.264939,0.277081,0.260803,1,0,0.0885169,0,0.00164265,-0.047187,-0.00336301,-0.136686,-0.227603,0,0,0,-0.13692,-0.144634,0.00696799,-1.15728,-0.312437,10.5726,10.6403,0,20.7261
9.82,roll -6deg,-0.2732,-0.218955,-0.0591123,0.0806728,-0.10472,0,-0.141148,0.14174,-0.00606997,0.944367,1.08437,21.3586,4.70512,nan,0.269209,0.27475,0.276123,0.262597,0.263344,0.27475,0.263344,0.276123,0.262597,1,0,0.0884144,0,-0.00166102,-0.0472414,-0.000931766,-0.13711,-0.227015,0,0,0,-0.144825,-0.151732,0.00607539,-1.20935,-0.233252,10.5826,10.654,0,20.8344
9.83,roll -6deg,-0.274711,-0.220301,-0.0589724,0.0804991,-0.10472,0,-0.141465,0.141121,-0.00536938,0.946415,1.08642,21.4057,4.71316,nan,0.269317,0.275905,0.274537,0.263961,0.262842,0.275905,0.262842,0.274537,0.263961,1,0,0.0883227,0,0.000661238,-0.0447893,0.00109314,-0.137511,-0.22641,0,0,0,-0.144367,-0.14428,0.0181631,-1.18313,-0.227422,10.5864,10.6547,0,20.9424
9.84,roll -6deg,-0.276227,-0.221639,-0.0587974,0.0803514,-0.10472,0,-0.141808,0.140367,-0.00635671,0.948457,1.08846,21.4528,4.72126,nan,0.269425,0.274301,0.276706,0.262141,0.264529,0.274301,0.264529,0.276706,0.262141,1,0,0.0882605,0,-4.69767e-05,-0.0461136,-0.00210676,-0.138013,-0.225882,0,0,0,-0.136394,-0.142012,0.00587353,-1.1719,-0.228397,10.6595,10.7262,0,21.0526
9.85,roll -6deg,-0.277746,-0.22297,-0.0587315,0.0802635,-0.10472,0,-0.142235,0.1396,-0.00549499,0.950491,1.09049,21.5001,4.72942,nan,0.269534,0.273615,0.277588,0.261519,0.265392,0.273615,0.265392,0.277588,0.261519,1,0,0.0881875,0,-0.000268668,-0.0460277,-0.00344842,-0.138263,-0.225474,0,0,0,-0.138436,-0.1444,0.0167017,-1.24646,-0.340416,10.6645,10.7425,0,21.1615
9.86,roll -6deg,-0.279269,-0.224294,-0.0586226,0.0801548,-0.10472,0,-0.142599,0.138859,-0.00505535,0.952518,1.09252,21.5474,4.73764,nan,0.269644,0.275133,0.276425,0.263409,0.263585,0.275133,0.263585,0.276425,0.263409,1,0,0.0881334,0,-0.00296036,-0.0465434,-0.000645368,-0.138596,-0.225076,0,0,0,-0.143689,-0.15494,0.0107732,-1.16612,-0.405841,10.6556,10.7269,0,21.2709
9.87,roll -6deg,-0.280796,-0.22561,-0.0585002,0.0800823,-0.10472,0,-0.143159,0.138126,-0.00554363,0.954538,1.09454,21.5948,4.74589,nan,0.269754,0.27495,0.276477,0.26331,0.264257,0.27495,0.264257,0.276477,0.26331,1,0,0.0881118,0,-0.00154011,-0.0452104,-0.00108769,-0.138882,-0.224815,0,0,0,-0.130453,-0.148221,0.00508814,-1.17921,-0.242927,10.6743,10.742,0,21.3822
9.88,roll -6deg,-0.282333,-0.226917,-0.0583672,0.0799424,-0.10472,0,-0.143775,0.137382,-0.00663951,0.95655,1.09655,21.6423,4.75422,nan,0.269865,0.274899,0.27675,0.26311,0.264677,0.274899,0.264677,0.27675,0.26311,1,0,0.0880387,0,-0.000753588,-0.045214,-0.00150215,-0.139333,-0.224274,0,0,0,-0.142115,-0.147453,-0.000106581,-1.24488,-0.297932,10.587,10.6641,0,21.4909
9.89,roll -6deg,-0.283876,-0.228214,-0.0582415,0.0798519,-0.10472,0,-0.144309,0.136607,-0.00585499,0.958555,1.09856,21.6899,4.76262,nan,0.269977,0.27486,0.277032,0.263236,0.264756,0.27486,0.264756,0.277032,0.263236,1,0,0.087998,0,-0.001732,-0.0452872,-0.0016228,-0.139702,-0.223915,0,0,0,-0.14559,-0.144835,0.00446714,-1.25428,-0.278562,10.6362,10.7135,0,21.6012
9.9,roll -6deg,-0.285424,-0.229506,-0.0581381,0.0797479,-0.10472,0,-0.144886,0.135901,-0.00568987,0.960553,1.10055,21.7376,4.77107,nan,0.270089,0.274807,0.277446,0.262843,0.265238,0.274807,0.265238,0.277446,0.262843,1,0,0.087933,0,-0.000647318,-0.0457988,-0.00221262,-0.139955,-0.223517,0,0,0,-0.131731,-0.129779,0.0110863,-1.22301,-0.199626,10.5905,10.6628,0,21.71
9.91,roll -6deg,-0.286977,-0.230791,-0.0579394,0.0796017,-0.10472,0,-0.145421,0.135322,-0.0055389,0.962543,1.10254,21.7853,4.77959,nan,0.270202,0.275362,0.277408,0.263805,0.26421,0.275362,0.26421,0.277408,0.263805,1,0,0.0878896,0,-0.00434929,-0.0469064,-0.00107745,-0.140534,-0.223028,0,0,0,-0.142225,-0.130683,0.0119058,-1.14671,-0.179676,10.625,10.6882,0,21.8203
9.92,roll -6deg,-0.288537,-0.232071,-0.0578388,0.0795275,-0.10472,0,-0.146106,0.134831,-0.0059562,0.964525,1.10453,21.8332,4.78818,nan,0.270316,0.276068,0.277255,0.263145,0.264773,0.276068,0.264773,0.277255,0.263145,1,0,0.0878651,0,0.00116865,-0.0481374,-0.00123688,-0.14084,-0.222714,0,0,0,-0.146871,-0.12909,0.0161706,-1.14049,-0.207866,10.6229,10.686,0,21.9304
9.93,roll -6deg,-0.290107,-0.233343,-0.0576776,0.0793922,-0.10472,0,-0.146709,0.134415,-0.00699656,0.9665,1.1065,21.8811,4.79683,nan,0.27043,0.275823,0.277455,0.263985,0.264435,0.275823,0.264435,0.277455,0.263985,1,0,0.0878135,0,-0.0031377,-0.0470999,-0.000914861,-0.141298,-0.22225,0,0,0,-0.14632,-0.126476,0.00548093,-1.12558,-0.127218,10.6819,10.7418,0,22.04
9.94,roll -6deg,-0.291684,-0.23461,-0.0575507,0.0792569,-0.10472,0,-0.147403,0.134005,-0.00631621,0.968467,1.10847,21.9291,4.80554,nan,0.270545,0.274721,0.278333,0.26343,0.265675,0.274721,0.265675,0.278333,0.26343,1,0,0.0877402,0,-0.00362721,-0.0453807,-0.00257446,-0.141679,-0.221757,0,0,0,-0.143936,-0.141234,0.012314,-1.1257,-0.207582,10.7073,10.7683,0,22.1483
9.95,roll -6deg,-0.293268,-0.235873,-0.057405,0.0790842,-0.10472,0,-0.148072,0.133548,-0.00584117,0.970426,1.11043,21.9772,4.81432,nan,0.270661,0.277095,0.276537,0.264746,0.264245,0.277095,0.264245,0.276537,0.264746,1,0,0.087645,0,0.000150172,-0.0466896,0.000465517,-0.142088,-0.22117,0,0,0,-0.141041,-0.127742,0.0078715,-1.06427,-0.189252,10.6559,10.7106,0,22.2559
9.96,roll -6deg,-0.294859,-0.237131,-0.0572005,0.0788798,-0.10472,0,-0.148655,0.133094,-0.00594986,0.972378,1.11238,22.0254,4.82316,nan,0.270778,0.27629,0.277577,0.263819,0.265402,0.27629,0.265402,0.277577,0.263819,1,0,0.0875606,0,0.000785216,-0.0466993,-0.00126117,-0.142689,-0.220462,0,0,0,-0.132676,-0.134211,0.0123538,-1.09394,-0.21706,10.7411,10.7988,0,22.3642
9.97,roll -6deg,-0.296456,-0.238385,-0.0570927,0.078753,-0.10472,0,-0.149203,0.132635,-0.00580261,0.974322,1.11432,22.0736,4.83204,nan,0.270896,0.27714,0.277315,0.264525,0.264578,0.27714,0.264578,0.277315,0.264525,1,0,0.0874979,0,-0.000323823,-0.0480365,-0.000100182,-0.143058,-0.21999,0,0,0,-0.163302,-0.136411,0.00101496,-1.08236,-0.247872,10.6603,10.718,0,22.4724
9.98,roll -6deg,-0.298059,-0.239635,-0.0569671,0.0786229,-0.10472,0,-0.149712,0.132364,-0.0057899,0.976258,1.11626,22.122,4.841,nan,0.271014,0.277419,0.276911,0.265087,0.264614,0.277419,0.264614,0.276911,0.265087,1,0,0.0874216,0,9.44285e-05,-0.0466672,0.000431508,-0.143409,-0.219498,0,0,0,-0.14457,-0.133356,0.00662616,-1.06686,-0.309639,10.6736,10.7313,0,22.5813
9.99,roll -6deg,-0.299668,-0.24088,-0.0569046,0.0785608,-0.10472,0,-0.150078,0.132172,-0.00662001,0.978186,1.11819,22.1705,4.85005,nan,0.271133,0.278416,0.276237,0.265836,0.264019,0.278416,0.264019,0.276237,0.265836,1,0,0.0873806,0,0.000957565,-0.0469883,0.00175614,-0.143619,-0.219199,0,0,0,-0.148689,-0.128698,0.00909813,-1.08164,-0.353798,10.6556,10.7162,0,22.6911
10,roll -6deg,-0.301283,-0.242121,-0.0567862,0.0783654,-0.10472,0,-0.150365,0.132024,-0.00655737,0.980106,1.12011,22.219,4.85915,nan,0.271253,0.276343,0.2787,0.263405,0.266539,0.276343,0.266539,0.2787,0.263405,1,0,0.0872441,0,0.00206152,-0.0475558,-0.00241354,-0.144026,-0.218493,0,0,0,-0.143901,-0.146724,0.0186931,-1.10822,-0.45553,10.69,10.757,0,22.7968
10.01,roll -6deg,-0.3029,-0.243362,-0.0566662,0.0782097,-0.10472,0,-0.150549,0.131885,-0.00671723,0.982018,1.12202,22.2676,4.86831,nan,0.271373,0.276798,0.27809,0.265059,0.265522,0.276798,0.265522,0.27809,0.265059,1,0,0.0871675,0,-0.00219761,-0.0460555,-0.00077106,-0.144304,-0.218012,0,0,0,-0.152917,-0.146737,0.0160688,-1.06498,-0.334669,10.8,10.8575,0,22.9045
10.02,roll -6deg,-0.30452,-0.2446,-0.0565257,0.0780571,-0.10472,0,-0.150803,0.131734,-0.00622374,0.983922,1.12392,22.3164,4.87754,nan,0.271495,0.276562,0.2785,0.264211,0.266682,0.276562,0.266682,0.2785,0.264211,1,0,0.0870772,0,0.00141622,-0.0457959,-0.00193793,-0.144791,-0.21738,0,0,0,-0.157746,-0.128537,0.000179707,-1.11956,-0.407884,10.6937,10.7599,0,23.0132
10.03,roll -6deg,-0.306143,-0.245837,-0.0563934,0.0778797,-0.10472,0,-0.150974,0.13177,-0.00646344,0.985818,1.12582,22.3652,4.88685,nan,0.271617,0.276791,0.278471,0.264939,0.266244,0.276791,0.266244,0.278471,0.264939,1,0,0.086984,0,-0.000994822,-0.0456268,-0.00131181,-0.145157,-0.216767,0,0,0,-0.138028,-0.134872,0.00360394,-1.11271,-0.424036,10.7075,10.7736,0,23.1206
10.04,roll -6deg,-0.30777,-0.247074,-0.0563258,0.0777476,-0.10472,0,-0.151094,0.131719,-0.00620622,0.987705,1.12771,22.4141,4.89622,nan,0.27174,0.277397,0.278156,0.265201,0.266182,0.277397,0.266182,0.278156,0.265201,1,0,0.0868935,0,0.000588001,-0.0457968,-0.000764998,-0.145289,-0.216361,0,0,0,-0.141601,-0.139468,0.00773456,-1.09015,-0.304201,10.8029,10.862,0,23.2278
10.05,roll -6deg,-0.309397,-0.248309,-0.0561726,0.0775701,-0.10472,0,-0.151222,0.131549,-0.00621662,0.989585,1.12958,22.4631,4.90567,nan,0.271865,0.276576,0.279066,0.264953,0.266839,0.276576,0.266839,0.279066,0.264953,1,0,0.0867946,0,-0.00160199,-0.0451904,-0.00192322,-0.145754,-0.215711,0,0,0,-0.145021,-0.130029,0.012177,-1.09235,-0.311586,10.6864,10.7466,0,23.3361
10.06,roll -6deg,-0.311027,-0.249542,-0.0560679,0.0774701,-0.10472,0,-0.151411,0.131307,-0.00629207,0.991456,1.13146,22.5122,4.91517,nan,0.271989,0.277615,0.2786,0.265647,0.266071,0.277615,0.266071,0.2786,0.265647,1,0,0.0867589,0,-0.00148771,-0.0464163,-0.000618986,-0.146068,-0.215325,0,0,0,-0.146815,-0.134229,0.0151301,-1.07045,-0.341495,10.6617,10.7208,0,23.4461
10.07,roll -6deg,-0.312661,-0.250771,-0.0559111,0.0772467,-0.10472,0,-0.151632,0.130987,-0.00622801,0.993319,1.13332,22.5614,4.92474,nan,0.272115,0.277455,0.279093,0.265256,0.266632,0.277455,0.266632,0.279093,0.265256,1,0,0.0866516,0,-0.000695323,-0.0467249,-0.00132439,-0.146456,-0.214659,0,0,0,-0.137415,-0.129187,0.00938249,-0.979039,-0.235076,10.7537,10.8007,0,23.5526
10.08,roll -6deg,-0.314297,-0.251995,-0.0557193,0.0770308,-0.10472,0,-0.151866,0.130611,-0.00589603,0.995173,1.13517,22.6107,4.9344,nan,0.272242,0.277,0.279981,0.264496,0.267466,0.277,0.267466,0.279981,0.264496,1,0,0.0865387,0,-3.02043e-05,-0.0474044,-0.00261562,-0.147069,-0.213858,0,0,0,-0.142909,-0.133272,-0.00022291,-1.10844,-0.247219,10.8712,10.9304,0,23.6606
10.09,roll -6deg,-0.315936,-0.253217,-0.0555915,0.0768783,-0.10472,0,-0.152069,0.130221,-0.00547833,0.997019,1.13702,22.6601,4.94413,nan,0.272369,0.277871,0.279348,0.265895,0.266338,0.277871,0.266338,0.279348,0.265895,1,0,0.0864587,0,-0.00274445,-0.0473441,-0.000844056,-0.147447,-0.213319,0,0,0,-0.143609,-0.13502,0.0154052,-1.11068,-0.241816,10.7945,10.8542,0,23.7692
10.1,roll -6deg,-0.317577,-0.254435,-0.0554062,0.07665,-0.10472,0,-0.152378,0.12988,-0.0054564,0.998856,1.13886,22.7096,4.9539,nan,0.272498,0.278076,0.279285,0.265242,0.267361,0.278076,0.267361,0.279285,0.265242,1,0,0.0863649,0,0.00241259,-0.0469121,-0.00146254,-0.148007,-0.212538,0,0,0,-0.150938,-0.12517,0.00985321,-1.03319,-0.33471,10.747,10.8017,0,23.8766
10.11,roll -6deg,-0.319222,-0.255649,-0.0552292,0.0763252,-0.10472,0,-0.152646,0.129594,-0.00580563,1.00069,1.14069,22.7592,4.9637,nan,0.272627,0.27825,0.279077,0.26578,0.267375,0.27825,0.267375,0.279077,0.26578,1,0,0.0861797,0,0.0020355,-0.045802,-0.00106458,-0.148493,-0.211564,0,0,0,-0.151062,-0.142539,-0.00248642,-0.952526,-0.324263,10.7843,10.8312,0,23.9794
10.12,roll -6deg,-0.320872,-0.256859,-0.0550711,0.0760986,-0.10472,0,-0.152865,0.1292,-0.0064315,1.00251,1.14251,22.8088,4.97358,nan,0.272757,0.277831,0.279595,0.265267,0.268308,0.277831,0.268308,0.279595,0.265267,1,0,0.0860523,0,0.00338938,-0.0451912,-0.00211173,-0.148993,-0.21075,0,0,0,-0.159064,-0.138188,0.00817791,-1.01471,-0.31258,10.756,10.8083,0,24.0858
10.13,roll -6deg,-0.322525,-0.258061,-0.0549006,0.0758983,-0.10472,0,-0.15308,0.128668,-0.00693584,1.00432,1.14432,22.8586,4.98354,nan,0.272888,0.278783,0.279193,0.266244,0.267304,0.278783,0.267304,0.279193,0.266244,1,0,0.085958,0,0.00172545,-0.0462865,-0.000646452,-0.149467,-0.210055,0,0,0,-0.14095,-0.126728,0.00817712,-0.993817,-0.347068,10.8499,10.9008,0,24.1938
10.14,roll -6deg,-0.324182,-0.259257,-0.0547023,0.0756503,-0.10472,0,-0.153312,0.128028,-0.00650866,1.00612,1.14612,22.9085,4.99358,nan,0.273019,0.279101,0.279109,0.267146,0.266695,0.279101,0.266695,0.279109,0.267146,1,0,0.0858386,0,-0.00121796,-0.0461745,0.000195317,-0.150112,-0.209184,0,0,0,-0.155644,-0.130764,0.00336916,-1.07908,-0.339022,10.8361,10.895,0,24.3006
10.15,roll -6deg,-0.325842,-0.260445,-0.0545918,0.0754668,-0.10472,0,-0.15359,0.127266,-0.00743481,1.00791,1.14791,22.9585,5.0037,nan,0.273152,0.278161,0.280134,0.265819,0.268466,0.278161,0.268466,0.280134,0.265819,1,0,0.0857385,0,0.00178622,-0.0454948,-0.00203048,-0.150457,-0.20852,0,0,0,-0.145831,-0.133564,0.00564201,-1.03565,-0.434656,10.7923,10.8506,0,24.4068
10.16,roll -6deg,-0.327508,-0.261621,-0.0545214,0.0753122,-0.10472,0,-0.153775,0.12639,-0.00752122,1.0097,1.1497,23.0086,5.0139,nan,0.273285,0.278382,0.280779,0.265664,0.268289,0.278382,0.268289,0.280779,0.265664,1,0,0.08563,0,0.000605258,-0.0477644,-0.00220777,-0.150615,-0.208009,0,0,0,-0.145335,-0.130619,0.00660718,-1.08492,-0.301773,10.7819,10.8406,0,24.5125
10.17,roll -6deg,-0.329174,-0.262791,-0.0543673,0.0750665,-0.10472,0,-0.154072,0.125601,-0.00659523,1.01147,1.15147,23.0588,5.02418,nan,0.273419,0.278012,0.281238,0.265963,0.268436,0.278012,0.268436,0.281238,0.265963,1,0,0.0855073,0,-0.0020015,-0.0470879,-0.0025048,-0.151021,-0.207246,0,0,0,-0.146678,-0.122226,-0.00524163,-0.954394,-0.281648,10.7021,10.7482,0,24.6172
10.18,roll -6deg,-0.330842,-0.263955,-0.0542578,0.0748864,-0.10472,0,-0.154511,0.124857,-0.00627022,1.01324,1.15324,23.1091,5.03452,nan,0.273554,0.278177,0.281273,0.266272,0.268467,0.278177,0.268467,0.281273,0.266272,1,0,0.0853929,0,-0.00239022,-0.0468238,-0.00232561,-0.151374,-0.206585,0,0,0,-0.14732,-0.129574,0.00120053,-1.01097,-0.334492,10.8278,10.8801,0,24.7229
10.19,roll -6deg,-0.332515,-0.265113,-0.0540004,0.0745734,-0.10472,0,-0.155026,0.124164,-0.0055235,1.015,1.155,23.1595,5.04492,nan,0.273689,0.278465,0.28126,0.266479,0.268525,0.278465,0.268525,0.28126,0.266479,1,0,0.0852811,0,-0.00198847,-0.0468435,-0.00212762,-0.152091,-0.205623,0,0,0,-0.148352,-0.115307,0.000762425,-0.961066,-0.164733,10.8172,10.8611,0,24.8283
10.2,roll -6deg,-0.334192,-0.266266,-0.0538009,0.0743135,-0.10472,0,-0.155653,0.12343,-0.00625792,1.01675,1.15675,23.2099,5.0554,nan,0.273825,0.280735,0.279338,0.268472,0.266728,0.280735,0.266728,0.279338,0.268472,1,0,0.0851692,0,-0.000917667,-0.0471303,0.00138037,-0.152665,-0.204808,0,0,0,-0.144551,-0.120772,0.00285274,-0.901478,-0.240561,10.9646,11.0043,0,24.934
10.21,roll -6deg,-0.335881,-0.267403,-0.0536442,0.0740714,-0.10472,0,-0.15628,0.122454,-0.00789351,1.01849,1.15849,23.2606,5.06595,nan,0.273962,0.279192,0.281216,0.26643,0.268983,0.279192,0.268983,0.281216,0.26643,1,0,0.0850403,0,0.00140137,-0.0473613,-0.00201178,-0.153155,-0.203962,0,0,0,-0.153471,-0.127334,0.000212182,-0.960088,-0.206431,10.7749,10.8196,0,25.0387
10.22,roll -6deg,-0.337577,-0.268529,-0.0534759,0.0737783,-0.10472,0,-0.156777,0.121497,-0.00731975,1.02022,1.16022,23.3113,5.07657,nan,0.2741,0.279374,0.280803,0.267594,0.2686,0.279374,0.2686,0.280803,0.267594,1,0,0.0848999,0,-0.00112182,-0.0454441,-0.00107023,-0.153657,-0.203041,0,0,0,-0.166678,-0.129247,0.000882046,-0.870428,-0.33974,10.833,10.8732,0,25.1414
10.23,roll -6deg,-0.339277,-0.269647,-0.0534055,0.0736722,-0.10472,0,-0.157339,0.120466,-0.00694534,1.02194,1.16194,23.3621,5.08729,nan,0.274238,0.279332,0.281592,0.266729,0.269272,0.279332,0.269272,0.281592,0.266729,1,0,0.0848072,0,0.000749217,-0.0472245,-0.00211114,-0.153896,-0.202522,0,0,0,-0.152006,-0.123542,0.0189689,-0.979093,-0.384665,10.9593,11.0096,0,25.2482
10.24,roll -6deg,-0.340983,-0.270754,-0.0532905,0.073442,-0.10472,0,-0.15795,0.119398,-0.00739645,1.02365,1.16365,23.413,5.09811,nan,0.274377,0.279582,0.281386,0.267548,0.268964,0.279582,0.268964,0.281386,0.267548,1,0,0.0846721,0,-0.00102745,-0.0463393,-0.00141534,-0.154279,-0.201687,0,0,0,-0.14877,-0.111494,0.0123282,-0.952038,-0.472045,10.9128,10.9644,0,25.3513
10.25,roll -6deg,-0.342695,-0.271849,-0.0531705,0.0732944,-0.10472,0,-0.158628,0.118374,-0.00745486,1.02536,1.16536,23.464,5.10896,nan,0.274517,0.279781,0.281646,0.267389,0.269223,0.279781,0.269223,0.281646,0.267389,1,0,0.0846101,0,-8.22951e-05,-0.0470174,-0.00162587,-0.154619,-0.20119,0,0,0,-0.160637,-0.119189,0.00929563,-1.01878,-0.379951,10.9765,11.0302,0,25.4577
10.26,roll -6deg,-0.344416,-0.272934,-0.0530729,0.0731603,-0.10472,0,-0.159303,0.117452,-0.00776161,1.02705,1.16705,23.5152,5.11989,nan,0.274657,0.280696,0.281371,0.268093,0.268441,0.280696,0.268441,0.281371,0.268093,1,0,0.0845368,0,-0.000864895,-0.0483792,-0.000449816,-0.154863,-0.200739,0,0,0,-0.160215,-0.114447,0.0160138,-0.991047,-0.30497,10.9308,10.9799,0,25.5637
10.27,roll -6deg,-0.346145,-0.274007,-0.0530111,0.0730983,-0.10472,0,-0.159988,0.116533,-0.00838985,1.02873,1.16873,23.5664,5.13089,nan,0.274798,0.279588,0.282439,0.267317,0.269821,0.279588,0.269821,0.282439,0.267317,1,0,0.0844973,0,-0.00092057,-0.04716,-0.00235386,-0.15508,-0.200436,0,0,0,-0.153347,-0.128723,0.00302545,-1.10067,-0.305546,10.8875,10.9473,0,25.6714
10.28,roll -6deg,-0.347881,-0.275071,-0.0528724,0.0728842,-0.10472,0,-0.160587,0.115615,-0.00779839,1.03041,1.17041,23.6178,5.14199,nan,0.27494,0.281571,0.280511,0.269695,0.267955,0.281571,0.267955,0.280511,0.269695,1,0,0.0843843,0,-0.00180422,-0.0462944,0.00123035,-0.155434,-0.199743,0,0,0,-0.15026,-0.114153,0.0144241,-1.01321,-0.268553,10.9589,11.009,0,25.7754
10.29,roll -6deg,-0.349622,-0.276127,-0.0527263,0.0726926,-0.10472,0,-0.161195,0.114708,-0.00777039,1.03207,1.17207,23.6693,5.1532,nan,0.275083,0.279748,0.282789,0.267256,0.27051,0.279748,0.27051,0.282789,0.267256,1,0,0.0843108,0,0.000563598,-0.0469348,-0.00276641,-0.15585,-0.199138,0,0,0,-0.16454,-0.110604,0.00779955,-0.915311,-0.237578,10.9275,10.9683,0,25.8805
10.3,roll -6deg,-0.351368,-0.277174,-0.0525551,0.072452,-0.10472,0,-0.161747,0.113887,-0.00744037,1.03373,1.17373,23.7208,5.16448,nan,0.275226,0.281806,0.28118,0.269114,0.268776,0.281806,0.268776,0.28118,0.269114,1,0,0.0842061,0,0.000766432,-0.0475532,0.000423899,-0.156354,-0.198305,0,0,0,-0.157204,-0.110645,0.0146688,-0.904417,-0.347321,10.9702,11.0129,0,25.9845
10.31,roll -6deg,-0.353121,-0.278211,-0.0524531,0.0722682,-0.10472,0,-0.162127,0.113196,-0.00842739,1.03538,1.17538,23.7725,5.17582,nan,0.27537,0.279785,0.283625,0.267068,0.270974,0.279785,0.270974,0.283625,0.267068,1,0,0.0841126,0,0.000175056,-0.0480655,-0.00340468,-0.156622,-0.197746,0,0,0,-0.150651,-0.117264,-0.00236722,-0.847976,-0.320322,10.9412,10.9787,0,26.0882
10.32,roll -6deg,-0.354878,-0.279243,-0.0522978,0.0719999,-0.10472,0,-0.162439,0.112736,-0.00814538,1.03701,1.17701,23.8244,5.1872,nan,0.275515,0.280601,0.282767,0.268192,0.27047,0.280601,0.27047,0.282767,0.268192,1,0,0.0839707,0,0.000298235,-0.046814,-0.00195288,-0.1571,-0.196829,0,0,0,-0.161914,-0.116559,0.0185394,-0.850506,-0.359752,10.8703,10.9095,0,26.1902
10.33,roll -6deg,-0.356639,-0.280268,-0.0521505,0.0718277,-0.10472,0,-0.16275,0.112261,-0.00810729,1.03864,1.17864,23.8763,5.19866,nan,0.27566,0.279891,0.283795,0.267944,0.270981,0.279891,0.270981,0.283795,0.267944,1,0,0.0838939,0,-0.00229889,-0.0469173,-0.00305039,-0.157581,-0.196133,0,0,0,-0.16133,-0.117105,0.0150608,-0.93406,-0.389407,10.9958,11.0423,0,26.296
10.34,roll -6deg,-0.358402,-0.281291,-0.0519911,0.0716065,-0.10472,0,-0.163155,0.111795,-0.00755252,1.04026,1.18026,23.9283,5.21018,nan,0.275806,0.281624,0.282341,0.269273,0.269957,0.281624,0.269957,0.282341,0.269273,1,0,0.0837915,0,-8.62766e-05,-0.0468674,-0.000615895,-0.158138,-0.195306,0,0,0,-0.159189,-0.115362,0.00884646,-0.977418,-0.464332,10.9703,11.0236,0,26.4003
10.35,roll -6deg,-0.36017,-0.282309,-0.0519438,0.0713628,-0.10472,0,-0.163554,0.111233,-0.00698312,1.04187,1.18187,23.9805,5.22178,nan,0.275953,0.28218,0.281804,0.269802,0.269997,0.28218,0.269997,0.281804,0.269802,1,0,0.0836092,0,0.00151403,-0.0458257,7.95027e-05,-0.158254,-0.194519,0,0,0,-0.163448,-0.125816,0.00195552,-1.01979,-0.403877,10.9262,10.9811,0,26.4992
10.36,roll -6deg,-0.36194,-0.283321,-0.0518104,0.0710382,-0.10472,0,-0.163828,0.110582,-0.00769095,1.04346,1.18346,24.0328,5.23347,nan,0.276101,0.281307,0.283492,0.269179,0.270395,0.281307,0.270395,0.283492,0.269179,1,0,0.0834236,0,-0.00256763,-0.047796,-0.00149484,-0.158519,-0.193588,0,0,0,-0.154916,-0.112328,0.00933546,-0.868145,-0.311557,10.9021,10.941,0,26.598
10.37,roll -6deg,-0.363716,-0.284323,-0.0517399,0.0707877,-0.10472,0,-0.164025,0.109904,-0.00821364,1.04505,1.18505,24.0851,5.24523,nan,0.276249,0.281621,0.28341,0.269366,0.270569,0.281621,0.270569,0.28341,0.269366,1,0,0.083249,0,-0.00155554,-0.0475523,-0.0013146,-0.158761,-0.192682,0,0,0,-0.158132,-0.10883,0.011723,-0.902897,-0.363874,10.819,10.8627,0,26.6974
10.38,roll -6deg,-0.365495,-0.285317,-0.0515051,0.0703326,-0.10472,0,-0.164276,0.109228,-0.00877961,1.04663,1.18663,24.1377,5.25706,nan,0.276398,0.280899,0.284401,0.26823,0.272033,0.280899,0.272033,0.284401,0.26823,1,0,0.0830396,0,0.000798418,-0.0474397,-0.00321117,-0.159398,-0.191355,0,0,0,-0.152034,-0.112979,0.00736642,-0.826574,-0.31801,11.0108,11.0464,0,26.7947
10.39,roll -6deg,-0.367276,-0.286302,-0.0514379,0.0700853,-0.10472,0,-0.164465,0.108388,-0.00798065,1.0482,1.1882,24.1903,5.26898,nan,0.276548,0.280545,0.284749,0.268726,0.272143,0.280545,0.272143,0.284749,0.268726,1,0,0.0828614,0,-0.00208557,-0.0462802,-0.00334972,-0.159615,-0.190483,0,0,0,-0.163282,-0.103527,0.0108195,-0.833311,-0.373791,10.9833,11.0212,0,26.8938
10.4,roll -6deg,-0.369057,-0.287283,-0.0512567,0.0697963,-0.10472,0,-0.16474,0.107472,-0.00760132,1.04975,1.18975,24.243,5.28097,nan,0.276699,0.281593,0.283839,0.269628,0.271705,0.281593,0.271705,0.283839,0.269628,1,0,0.0827577,0,-0.000444197,-0.0456627,-0.00190001,-0.160136,-0.18964,0,0,0,-0.16311,-0.120117,0.00406191,-0.774741,-0.39949,10.9649,10.9995,0,26.9955
10.41,roll -6deg,-0.370842,-0.288252,-0.0511868,0.0695568,-0.10472,0,-0.165096,0.106473,-0.00782817,1.0513,1.1913,24.2959,5.29302,nan,0.27685,0.28217,0.284073,0.269071,0.272056,0.28217,0.272056,0.284073,0.269071,1,0,0.0825644,0,0.00286924,-0.047589,-0.0021484,-0.160351,-0.18872,0,0,0,-0.159483,-0.108414,0.00968274,-0.823157,-0.412209,10.9437,10.9823,0,27.0946
10.42,roll -6deg,-0.372631,-0.289211,-0.051215,0.0694667,-0.10472,0,-0.165429,0.105457,-0.00806729,1.05284,1.19284,24.3489,5.30514,nan,0.277002,0.281879,0.284496,0.26946,0.272144,0.281879,0.272144,0.284496,0.26946,1,0,0.0824517,0,0.000181095,-0.0469366,-0.00232998,-0.160292,-0.188323,0,0,0,-0.166574,-0.105523,0.00609575,-0.868119,-0.407772,11.0891,11.1305,0,27.1958
10.43,roll -6deg,-0.374423,-0.29016,-0.0511566,0.0691976,-0.10472,0,-0.165777,0.104531,-0.00779572,1.05437,1.19437,24.402,5.31736,nan,0.277155,0.282495,0.284288,0.269915,0.271892,0.282495,0.271892,0.284288,0.269915,1,0,0.0822634,0,0.000489365,-0.0473245,-0.0016564,-0.160505,-0.187362,0,0,0,-0.16288,-0.0965705,0.00543937,-0.886987,-0.461224,11.1239,11.1687,0,27.2929
10.44,roll -6deg,-0.376219,-0.291099,-0.0510374,0.0689667,-0.10472,0,-0.166137,0.103648,-0.00835618,1.05589,1.19589,24.4552,5.32965,nan,0.277309,0.281065,0.285568,0.269705,0.272866,0.281065,0.272866,0.285568,0.269705,1,0,0.0821445,0,-0.00356039,-0.0455938,-0.00336854,-0.1608,-0.186652,0,0,0,-0.161108,-0.103004,0.0083824,-0.909204,-0.317719,10.9818,11.024,0,27.3936
10.45,roll -6deg,-0.378019,-0.292029,-0.0509337,0.0686294,-0.10472,0,-0.166592,0.102762,-0.00744648,1.05739,1.19739,24.5086,5.34204,nan,0.277463,0.281423,0.285689,0.269189,0.273518,0.281423,0.273518,0.285689,0.269189,1,0,0.081941,0,0.000168213,-0.0462417,-0.00377722,-0.161064,-0.185592,0,0,0,-0.148728,-0.104981,0.0101263,-0.879014,-0.312764,11.1115,11.1506,0,27.4891
10.46,roll -6deg,-0.379821,-0.292954,-0.0507709,0.0681569,-0.10472,0,-0.167017,0.101874,-0.00702617,1.05889,1.19889,24.5621,5.35453,nan,0.277617,0.282706,0.28466,0.270669,0.272402,0.282706,0.272402,0.28466,0.270669,1,0,0.0816816,0,-0.000584907,-0.0460333,-0.00162032,-0.161527,-0.184165,0,0,0,-0.153344,-0.106829,0.0104383,-0.80388,-0.309269,11.0243,11.0579,0,27.5816
10.47,roll -6deg,-0.381627,-0.293868,-0.0506512,0.0677915,-0.10472,0,-0.167421,0.100809,-0.00721539,1.06038,1.20038,24.6157,5.36712,nan,0.277773,0.282501,0.285893,0.269834,0.272832,0.282501,0.272832,0.285893,0.269834,1,0,0.0814828,0,-0.00104338,-0.0487505,-0.00280828,-0.161883,-0.183079,0,0,0,-0.160317,-0.10443,0.00118246,-0.727635,-0.316737,11.0858,11.1142,0,27.6766
10.48,roll -6deg,-0.383437,-0.294773,-0.0505392,0.0675933,-0.10472,0,-0.167856,0.0997687,-0.00704742,1.06185,1.20185,24.6694,5.37977,nan,0.277929,0.284256,0.284323,0.270828,0.272277,0.284256,0.272277,0.284323,0.270828,1,0,0.0813686,0,0.00366312,-0.048268,-0.000666518,-0.162227,-0.182316,0,0,0,-0.17176,-0.0913551,0.0182634,-0.7908,-0.294672,11.1163,11.1482,0,27.7779
10.49,roll -6deg,-0.385251,-0.295665,-0.0504378,0.0673383,-0.10472,0,-0.168212,0.09877,-0.0077685,1.06332,1.20332,24.7232,5.3925,nan,0.278085,0.283557,0.285445,0.271414,0.271894,0.283557,0.271894,0.285445,0.271414,1,0,0.081219,0,-0.0037348,-0.048686,-0.0010406,-0.162538,-0.181431,0,0,0,-0.165622,-0.121076,0.0116585,-0.825355,-0.377963,10.9997,11.0371,0,27.8762
10.5,roll -6deg,-0.387072,-0.296545,-0.0504234,0.0672334,-0.10472,0,-0.168652,0.0979063,-0.00813125,1.06477,1.20477,24.7772,5.40531,nan,0.278243,0.28312,0.285195,0.270964,0.273661,0.28312,0.273661,0.285195,0.270964,1,0,0.0811073,0,0.00165102,-0.0448862,-0.00209759,-0.162618,-0.180934,0,0,0,-0.156386,-0.111603,0.0177492,-0.830992,-0.473407,11.0808,11.122,0,27.9768
10.51,roll -6deg,-0.388896,-0.297417,-0.0503501,0.0670726,-0.10472,0,-0.169019,0.0969862,-0.00864059,1.06622,1.20622,24.8313,5.41822,nan,0.278401,0.282669,0.286854,0.269876,0.274173,0.282669,0.274173,0.286854,0.269876,1,0,0.081019,0,0.000296669,-0.0482674,-0.00372786,-0.16284,-0.180368,0,0,0,-0.174051,-0.101175,0.0154748,-0.884464,-0.400689,11.1475,11.1897,0,28.0774
10.52,roll -6deg,-0.390723,-0.298279,-0.0502882,0.0667392,-0.10472,0,-0.169349,0.0960826,-0.007499,1.06765,1.20765,24.8856,5.43121,nan,0.278559,0.283468,0.285863,0.270989,0.273886,0.283468,0.273886,0.285863,0.270989,1,0,0.0807891,0,0.00133152,-0.0463407,-0.00232585,-0.162971,-0.179329,0,0,0,-0.158851,-0.10483,0.00964925,-0.861173,-0.362898,11.0392,11.0787,0,28.1705
10.53,roll -6deg,-0.392552,-0.299134,-0.0502394,0.0664783,-0.10472,0,-0.169603,0.0951921,-0.00814782,1.06908,1.20908,24.94,5.44427,nan,0.278719,0.283373,0.286666,0.270857,0.273946,0.283373,0.273946,0.286666,0.270857,1,0,0.0806207,0,-0.000543274,-0.0478174,-0.00280474,-0.163084,-0.178522,0,0,0,-0.159968,-0.0993469,0.00961457,-0.841433,-0.308047,11.1669,11.2028,0,28.266
10.54,roll -6deg,-0.394384,-0.299979,-0.0500416,0.0659945,-0.10472,0,-0.169879,0.0942621,-0.00770185,1.07049,1.21049,24.9945,5.45742,nan,0.278878,0.283624,0.286792,0.271062,0.274003,0.283624,0.274003,0.286792,0.271062,1,0,0.0804044,0,-0.000602437,-0.048035,-0.00268474,-0.16365,-0.177131,0,0,0,-0.160959,-0.0958013,0.00766837,-0.708805,-0.351707,11.1517,11.1797,0,28.3581
10.55,roll -6deg,-0.396218,-0.300815,-0.0499634,0.0657023,-0.10472,0,-0.170184,0.0933442,-0.00783082,1.07189,1.21189,25.0491,5.47064,nan,0.279039,0.283913,0.286565,0.271863,0.273781,0.283913,0.273781,0.286565,0.271863,1,0,0.0802233,0,-0.00194672,-0.0470555,-0.00200869,-0.163887,-0.176189,0,0,0,-0.166375,-0.0938781,0.0123605,-0.692151,-0.364971,11.1221,11.1496,0,28.4528
10.56,roll -6deg,-0.398056,-0.301642,-0.049918,0.0653967,-0.10472,0,-0.170436,0.0924419,-0.00835625,1.07328,1.21328,25.1039,5.48395,nan,0.2792,0.283689,0.287272,0.271373,0.274434,0.283689,0.274434,0.287272,0.271373,1,0,0.0799881,0,-0.00138591,-0.047661,-0.00292043,-0.164023,-0.175097,0,0,0,-0.174719,-0.098088,0.0135023,-0.754395,-0.391332,11.1043,11.1367,0,28.5457
10.57,roll -6deg,-0.399895,-0.302459,-0.0499107,0.065252,-0.10472,0,-0.170713,0.0914711,-0.00756,1.07466,1.21466,25.1588,5.49732,nan,0.279362,0.284024,0.287083,0.27114,0.275168,0.284024,0.275168,0.287083,0.27114,1,0,0.0798419,0,0.00257072,-0.0469891,-0.00311442,-0.164077,-0.174423,0,0,0,-0.151056,-0.0961003,0.00899692,-0.793265,-0.479999,11.0916,11.1302,0,28.6432
10.58,roll -6deg,-0.401736,-0.303267,-0.0499655,0.0651664,-0.10472,0,-0.170916,0.0904455,-0.00743618,1.07603,1.21603,25.2138,5.51076,nan,0.279524,0.285614,0.285767,0.27303,0.273652,0.285614,0.273652,0.285767,0.27303,1,0,0.0797343,0,0.0012428,-0.046801,-0.000340649,-0.164089,-0.173997,0,0,0,-0.162269,-0.0965443,0.0101461,-0.909348,-0.525402,11.1811,11.2303,0,28.7402
10.59,roll -6deg,-0.40358,-0.304063,-0.0499503,0.0649848,-0.10472,0,-0.171021,0.0894385,-0.00832351,1.07739,1.21739,25.269,5.52427,nan,0.279687,0.285351,0.286464,0.272663,0.274237,0.285351,0.274237,0.286464,0.272663,1,0,0.0795846,0,0.00122162,-0.0472095,-0.00118122,-0.16399,-0.173451,0,0,0,-0.171053,-0.0957692,0.0116805,-0.878666,-0.405534,11.0706,11.1128,0,28.836
10.6,roll -6deg,-0.405426,-0.304847,-0.049966,0.0649238,-0.10472,0,-0.17122,0.0884932,-0.00850617,1.07874,1.21874,25.3243,5.53789,nan,0.27985,0.284263,0.287729,0.271847,0.27553,0.284263,0.27553,0.287729,0.271847,1,0,0.0795217,0,0.00057581,-0.0466436,-0.00314217,-0.163854,-0.17332,0,0,0,-0.17256,-0.0919386,0.0174775,-0.79812,-0.289028,11.1437,11.176,0,28.9349
10.61,roll -6deg,-0.407273,-0.305622,-0.0499475,0.064647,-0.10472,0,-0.171498,0.0875246,-0.00803526,1.08008,1.22008,25.3797,5.55157,nan,0.280014,0.284647,0.288123,0.272066,0.275189,0.284647,0.275189,0.288123,0.272066,1,0,0.0793325,0,-0.000935825,-0.0483448,-0.00290019,-0.163896,-0.172494,0,0,0,-0.175301,-0.0954511,0.00908335,-0.73181,-0.306579,11.2277,11.2557,0,29.0266
10.62,roll -6deg,-0.409122,-0.30639,-0.0498275,0.0643542,-0.10472,0,-0.171818,0.0865938,-0.00857929,1.0814,1.2214,25.4353,5.56535,nan,0.280179,0.28692,0.286059,0.274275,0.273428,0.28692,0.273428,0.286059,0.274275,1,0,0.0791911,0,3.57976e-05,-0.0478938,0.00075076,-0.164231,-0.171559,0,0,0,-0.164432,-0.0886521,0.0124388,-0.714134,-0.335976,11.27,11.2976,0,29.1217
10.63,roll -6deg,-0.410977,-0.307144,-0.0497042,0.0637955,-0.10472,0,-0.17208,0.085669,-0.00867339,1.08272,1.22272,25.491,5.57924,nan,0.280344,0.285956,0.287524,0.273153,0.27471,0.285956,0.27471,0.287524,0.273153,1,0,0.0788259,0,-2.92075e-05,-0.0485393,-0.00137317,-0.164595,-0.169792,0,0,0,-0.168798,-0.088986,0.0021956,-0.714788,-0.425459,11.1852,11.2161,0,29.2061
10.64,roll -6deg,-0.412833,-0.307889,-0.0497712,0.0636213,-0.10472,0,-0.172227,0.0848161,-0.00910444,1.08402,1.22402,25.5469,5.59322,nan,0.28051,0.285965,0.287586,0.273106,0.275349,0.285965,0.275349,0.287586,0.273106,1,0,0.0786653,0,0.00165167,-0.0475517,-0.00169848,-0.164396,-0.169246,0,0,0,-0.172415,-0.0930914,0.0116215,-0.714938,-0.5537,11.2105,11.247,0,29.2977
10.65,roll -6deg,-0.41469,-0.308625,-0.0499105,0.0635294,-0.10472,0,-0.172281,0.0839041,-0.00945615,1.08532,1.22532,25.6029,5.60729,nan,0.280676,0.28555,0.287698,0.273736,0.275687,0.28555,0.275687,0.287698,0.273736,1,0,0.0784376,0,-0.00052337,-0.0451433,-0.00180162,-0.164082,-0.168604,0,0,0,-0.1608,-0.0995949,0.0167196,-0.825288,-0.487958,11.2403,11.2811,0,29.3892
10.66,roll -6deg,-0.416548,-0.30935,-0.0498705,0.0632678,-0.10472,0,-0.172287,0.0828147,-0.00933553,1.0866,1.2266,25.659,5.62143,nan,0.280843,0.28518,0.289042,0.272537,0.276578,0.28518,0.276578,0.289042,0.272537,1,0,0.0782611,0,0.000474164,-0.0475733,-0.00347302,-0.164192,-0.16774,0,0,0,-0.179691,-0.0826348,0.00939889,-0.867786,-0.415761,11.1551,11.1965,0,29.4811
10.67,roll -6deg,-0.418406,-0.310064,-0.0497124,0.0629006,-0.10472,0,-0.172324,0.0818117,-0.00962011,1.08787,1.22787,25.7153,5.63567,nan,0.28101,0.28546,0.288857,0.272928,0.276761,0.28546,0.276761,0.288857,0.272928,1,0,0.0781086,0,0.0011562,-0.0466652,-0.00317735,-0.164549,-0.166729,0,0,0,-0.172683,-0.0924809,0.0185407,-0.762829,-0.320912,11.2394,11.2699,0,29.5735
10.68,roll -6deg,-0.420264,-0.310768,-0.0498922,0.0624566,-0.10472,0,-0.17231,0.0809666,-0.0092852,1.08913,1.22913,25.7717,5.64997,nan,0.281177,0.284619,0.290112,0.272384,0.27756,0.284619,0.27756,0.290112,0.272384,1,0,0.0776861,0,-0.000840315,-0.046966,-0.00468931,-0.164001,-0.165499,0,0,0,-0.161596,-0.0888144,0.0136167,-0.615365,-0.345299,11.2765,11.2985,0,29.6485
10.69,roll -6deg,-0.422118,-0.311468,-0.0498456,0.0620579,-0.10472,0,-0.172302,0.080125,-0.00887768,1.09038,1.23038,25.8283,5.66437,nan,0.281346,0.286998,0.28835,0.274472,0.275529,0.286998,0.275529,0.28835,0.274472,1,0,0.0774186,0,-0.000780325,-0.0480276,-0.00105843,-0.164138,-0.164207,0,0,0,-0.172205,-0.0919675,0.00707687,-0.625965,-0.347062,11.1245,11.1475,0,29.7346
10.7,roll -6deg,-0.423974,-0.312157,-0.0498618,0.0618086,-0.10472,0,-0.172212,0.0793681,-0.00972458,1.09162,1.23162,25.885,5.67886,nan,0.281514,0.286068,0.289151,0.273405,0.277399,0.286068,0.277399,0.289151,0.273405,1,0,0.0771656,0,0.00241508,-0.0462611,-0.00311087,-0.164059,-0.163257,0,0,0,-0.16771,-0.0745884,0.018744,-0.705152,-0.407652,11.3113,11.3406,0,29.8236
10.71,roll -6deg,-0.425827,-0.312839,-0.0497107,0.0614717,-0.10472,0,-0.172011,0.0785318,-0.00903806,1.09284,1.23284,25.9419,5.69342,nan,0.281683,0.286875,0.28916,0.274293,0.276371,0.286875,0.276371,0.28916,0.274293,1,0,0.0770078,0,-0.000551434,-0.048073,-0.0019173,-0.164506,-0.162126,0,0,0,-0.164064,-0.0926463,0.0124881,-0.713531,-0.506889,11.3319,11.3657,0,29.9159
10.72,roll -6deg,-0.427678,-0.313513,-0.049809,0.061219,-0.10472,0,-0.171905,0.0777088,-0.0089012,1.09406,1.23406,25.9989,5.70806,nan,0.281853,0.286701,0.289742,0.274309,0.276625,0.286701,0.276625,0.289742,0.274309,1,0,0.0767255,0,-0.00192237,-0.0483344,-0.00235471,-0.164319,-0.161113,0,0,0,-0.166663,-0.0821986,0.0120362,-0.860722,-0.440323,11.3026,11.3439,0,30.0007
10.73,roll -6deg,-0.429527,-0.31418,-0.049926,0.060964,-0.10472,0,-0.1719,0.0768699,-0.00803831,1.09526,1.23526,26.056,5.72278,nan,0.282023,0.287518,0.288956,0.27463,0.276952,0.287518,0.276952,0.288956,0.27463,1,0,0.0764484,0,0.00234223,-0.0471648,-0.00165243,-0.163841,-0.160446,0,0,0,-0.163848,-0.0761659,0.00783939,-0.739097,-0.333896,11.3071,11.3361,0,30.0844
10.74,roll -6deg,-0.431373,-0.314842,-0.0497647,0.060547,-0.10472,0,-0.171863,0.0760488,-0.00769787,1.09645,1.23645,26.1133,5.73762,nan,0.282193,0.287737,0.28911,0.275429,0.276461,0.287737,0.276461,0.28911,0.275429,1,0,0.0762672,0,-0.000904467,-0.047287,-0.00105662,-0.1643,-0.159186,0,0,0,-0.157689,-0.0748075,0.00122954,-0.689522,-0.367416,11.3976,11.4243,0,30.1734
10.75,roll -6deg,-0.433219,-0.315495,-0.049777,0.0600989,-0.10472,0,-0.171849,0.0751295,-0.00736321,1.09763,1.23763,26.1708,5.75257,nan,0.282363,0.287006,0.290008,0.274627,0.277779,0.287006,0.277779,0.290008,0.274627,1,0,0.075935,0,0.000397798,-0.0466275,-0.00270533,-0.164271,-0.157765,0,0,0,-0.17009,-0.080056,0.00998744,-0.688121,-0.392106,11.2616,11.2894,0,30.2536
10.76,roll -6deg,-0.435062,-0.31614,-0.0497185,0.059855,-0.10472,0,-0.171848,0.0741127,-0.00713446,1.0988,1.2388,26.2284,5.7676,nan,0.282534,0.287386,0.290256,0.274407,0.278054,0.287386,0.278054,0.290256,0.274407,1,0,0.0757904,0,0.00205997,-0.0477139,-0.002864,-0.164444,-0.156926,0,0,0,-0.172598,-0.0785268,0.0171299,-0.695296,-0.477291,11.3573,11.3885,0,30.3443
10.77,roll -6deg,-0.436903,-0.316777,-0.049634,0.0594636,-0.10472,0,-0.171826,0.073028,-0.00771572,1.09996,1.23996,26.2861,5.78272,nan,0.282706,0.28762,0.290279,0.274119,0.278771,0.28762,0.278771,0.290279,0.274119,1,0,0.0755383,0,0.00528603,-0.0473865,-0.00321329,-0.164795,-0.155491,0,0,0,-0.163038,-0.0794626,0.0145029,-0.814702,-0.476757,11.4855,11.5242,0,30.4303
10.78,roll -6deg,-0.438744,-0.317403,-0.0499122,0.0594706,-0.10472,0,-0.171751,0.0719328,-0.00715535,1.10111,1.24111,26.344,5.79796,nan,0.282878,0.286496,0.29149,0.274496,0.278994,0.286496,0.278994,0.29149,0.274496,1,0,0.0753107,0,-0.0013159,-0.046417,-0.0041717,-0.163944,-0.155438,0,0,0,-0.173568,-0.0697264,0.010531,-0.711996,-0.5302,11.3132,11.348,0,30.5154
10.79,roll -6deg,-0.440583,-0.318019,-0.0499394,0.0593587,-0.10472,0,-0.171743,0.0708305,-0.00782831,1.10224,1.24224,26.4021,5.81329,nan,0.28305,0.287328,0.291331,0.274824,0.278681,0.287328,0.278681,0.291331,0.274824,1,0,0.0751997,0,-0.000384947,-0.0476635,-0.00345489,-0.163803,-0.155084,0,0,0,-0.165106,-0.0709816,-0.00473153,-0.72957,-0.482821,11.2945,11.3283,0,30.6065
10.8,roll -6deg,-0.442422,-0.318621,-0.0499633,0.0589938,-0.10472,0,-0.17171,0.0697757,-0.00781655,1.10337,1.24337,26.4603,5.8287,nan,0.283222,0.287244,0.29138,0.275192,0.279039,0.287244,0.279039,0.29138,0.275192,1,0,0.0749456,0,-0.00076644,-0.0462211,-0.00350855,-0.163679,-0.154063,0,0,0,-0.172441,-0.0746868,0.00725059,-0.696065,-0.417492,11.4641,11.4928,0,30.6877
10.81,roll -6deg,-0.444261,-0.319212,-0.0500351,0.0582116,-0.10472,0,-0.17168,0.0686518,-0.00811031,1.10448,1.24448,26.5186,5.84419,nan,0.283395,0.288945,0.290297,0.276017,0.278287,0.288945,0.278287,0.290297,0.276017,1,0,0.0743578,0,0.00243688,-0.0472525,-0.00159225,-0.16346,-0.151758,0,0,0,-0.173465,-0.0720597,0.0032211,-0.61704,-0.363077,11.4209,11.4433,0,30.7507
10.82,roll -6deg,-0.446099,-0.319792,-0.0499957,0.0578643,-0.10472,0,-0.171644,0.0675258,-0.00779838,1.10558,1.24558,26.5772,5.85979,nan,0.283568,0.288609,0.290937,0.276079,0.278613,0.288609,0.278613,0.290937,0.276079,1,0,0.0741073,0,0.000545303,-0.0470932,-0.00213708,-0.16355,-0.150539,0,0,0,-0.164822,-0.0704518,0.00523866,-0.677642,-0.442915,11.3926,11.4213,0,30.8347
10.83,roll -6deg,-0.447935,-0.320361,-0.0502289,0.0575858,-0.10472,0,-0.171545,0.0664235,-0.00863967,1.10667,1.24667,26.6358,5.87549,nan,0.283741,0.288685,0.291503,0.275791,0.278952,0.288685,0.278952,0.291503,0.275791,1,0,0.0737686,0,0.000907524,-0.0482143,-0.00262834,-0.163205,-0.149395,0,0,0,-0.174211,-0.0762778,0.0131814,-0.73808,-0.587961,11.45,11.4888,0,30.9091
10.84,roll -6deg,-0.449771,-0.320916,-0.0502543,0.0572263,-0.10472,0,-0.171296,0.0653202,-0.00856677,1.10775,1.24775,26.6947,5.89126,nan,0.283915,0.288732,0.291618,0.276378,0.278897,0.288732,0.278897,0.291618,0.276378,1,0,0.0734933,0,-0.000972713,-0.0475128,-0.00237541,-0.162792,-0.148653,0,0,0,-0.167426,-0.0640699,0.00163138,-0.616955,-0.491127,11.4856,11.5126,0,30.989
10.85,roll -6deg,-0.451603,-0.321462,-0.0503833,0.0571228,-0.10472,0,-0.171085,0.0642879,-0.00855315,1.10881,1.24881,26.7537,5.90712,nan,0.284089,0.288607,0.291996,0.276277,0.27944,0.288607,0.27944,0.291996,0.276277,1,0,0.0732495,0,-0.000600047,-0.0471541,-0.00287993,-0.162406,-0.148007,0,0,0,-0.167277,-0.0774824,0.0102025,-0.729403,-0.437369,11.3734,11.4051,0,31.0734
10.86,roll -6deg,-0.453432,-0.321998,-0.0505004,0.0567907,-0.10472,0,-0.170911,0.0632743,-0.00929226,1.10987,1.24987,26.8128,5.92309,nan,0.284263,0.288437,0.292816,0.276135,0.279628,0.288437,0.279628,0.292816,0.276135,1,0,0.0729527,0,-0.00235103,-0.0482972,-0.0034603,-0.162013,-0.147084,0,0,0,-0.170606,-0.0606943,0.00969448,-0.644298,-0.429018,11.4801,11.5061,0,31.1495
10.87,roll -6deg,-0.45526,-0.322521,-0.0505888,0.0564149,-0.10472,0,-0.170562,0.0622761,-0.00954536,1.11091,1.25091,26.8721,5.93916,nan,0.284437,0.289764,0.29169,0.277073,0.279185,0.289764,0.279185,0.29169,0.277073,1,0,0.0726415,0,0.000493845,-0.0477409,-0.00177513,-0.161747,-0.145943,0,0,0,-0.170012,-0.0600517,0.0140008,-0.575652,-0.320911,11.3945,11.4136,0,31.2248
10.88,roll -6deg,-0.457083,-0.323034,-0.0504799,0.0559456,-0.10472,0,-0.170178,0.0612432,-0.00943874,1.11194,1.25194,26.9316,5.95532,nan,0.284611,0.290521,0.291682,0.277455,0.278751,0.290521,0.278751,0.291682,0.277455,1,0,0.0723817,0,0.000360044,-0.0492582,-0.0010797,-0.162065,-0.144488,0,0,0,-0.165986,-0.0584587,0.0110199,-0.597593,-0.460138,11.3897,11.4146,0,31.3047
10.89,roll -6deg,-0.458902,-0.323537,-0.0505546,0.0556681,-0.10472,0,-0.169841,0.0601885,-0.00862633,1.11296,1.25296,26.9912,5.97159,nan,0.284786,0.289495,0.293022,0.276057,0.280533,0.289495,0.280533,0.293022,0.276057,1,0,0.0720779,0,0.00251808,-0.0491268,-0.00351733,-0.161974,-0.143218,0,0,0,-0.154737,-0.0655857,0.00882641,-0.706133,-0.550118,11.4704,11.5052,0,31.3833
10.9,roll -6deg,-0.460714,-0.324033,-0.0506033,0.0556837,-0.10472,0,-0.169455,0.0591777,-0.00863977,1.11397,1.25397,27.051,5.98792,nan,0.28496,0.289839,0.292609,0.277311,0.280047,0.289839,0.280047,0.292609,0.277311,1,0,0.0720415,0,-8.82794e-05,-0.0475421,-0.00241986,-0.161881,-0.143173,0,0,0,-0.167914,-0.063784,0.021125,-0.761759,-0.54062,11.4001,11.4383,0,31.4734
10.91,roll -6deg,-0.462521,-0.324519,-0.0507923,0.0555752,-0.10472,0,-0.16911,0.058093,-0.00932014,1.11496,1.25496,27.111,6.00434,nan,0.285135,0.289128,0.293705,0.276276,0.281395,0.289128,0.281395,0.293705,0.276276,1,0,0.0718161,0,0.00143863,-0.0476784,-0.00426203,-0.161092,-0.142992,0,0,0,-0.163592,-0.0606515,0.0165171,-0.676413,-0.402345,11.443,11.47,0,31.5523
10.92,roll -6deg,-0.464325,-0.324994,-0.0507193,0.0554011,-0.10472,0,-0.168885,0.0570945,-0.00886518,1.11595,1.25595,27.1711,6.02086,nan,0.285309,0.290292,0.292913,0.277764,0.280235,0.290292,0.280235,0.292913,0.277764,1,0,0.0717397,0,-0.000398544,-0.0477611,-0.00223819,-0.161297,-0.142444,0,0,0,-0.163264,-0.0602345,0.0148461,-0.654829,-0.336285,11.5342,11.5577,0,31.6397
10.93,roll -6deg,-0.466126,-0.325459,-0.0507434,0.0548875,-0.10472,0,-0.168696,0.0561921,-0.00907756,1.11692,1.25692,27.2314,6.03747,nan,0.285484,0.290536,0.293361,0.277338,0.280666,0.290536,0.280666,0.293361,0.277338,1,0,0.0714198,0,0.0013374,-0.0490624,-0.0027044,-0.161266,-0.141014,0,0,0,-0.166064,-0.0601536,0.00118288,-0.526051,-0.413443,11.4988,11.5182,0,31.7101
10.94,roll -6deg,-0.467924,-0.325917,-0.0508853,0.0544774,-0.10472,0,-0.168514,0.0553532,-0.0092745,1.11788,1.25788,27.2918,6.05417,nan,0.285659,0.291577,0.292862,0.278734,0.279427,0.291577,0.279427,0.292862,0.278734,1,0,0.0709811,0,-0.00157012,-0.0497927,-0.000869266,-0.160792,-0.13956,0,0,0,-0.17088,-0.0556339,0.00729153,-0.626322,-0.488498,11.4935,11.5209,0,31.7789
10.95,roll -6deg,-0.469721,-0.326364,-0.0510686,0.0539491,-0.10472,0,-0.168352,0.0545124,-0.00958738,1.11883,1.25883,27.3524,6.07097,nan,0.285834,0.290633,0.293539,0.277894,0.281232,0.290633,0.281232,0.293539,0.277894,1,0,0.0704652,0,0.00114741,-0.0474582,-0.00274462,-0.160381,-0.137649,0,0,0,-0.162557,-0.0607034,0.0101692,-0.739322,-0.531791,11.5684,11.6042,0,31.8412
10.96,roll -6deg,-0.471515,-0.326804,-0.0510476,0.0537389,-0.10472,0,-0.168217,0.0536226,-0.00889507,1.11977,1.25977,27.4132,6.08787,nan,0.286008,0.290647,0.294081,0.277868,0.281402,0.290647,0.281402,0.294081,0.277868,1,0,0.0703195,0,0.000265796,-0.0482385,-0.00306253,-0.160315,-0.137022,0,0,0,-0.150159,-0.0500468,0.000274036,-0.657442,-0.534914,11.4969,11.5281,0,31.9238
10.97,roll -6deg,-0.473306,-0.327237,-0.0514442,0.0536225,-0.10472,0,-0.168016,0.0526875,-0.00979543,1.1207,1.2607,27.4742,6.10485,nan,0.286183,0.290256,0.294728,0.277221,0.282493,0.290256,0.282493,0.294728,0.277221,1,0,0.0699284,0,0.00212202,-0.047882,-0.00428292,-0.159116,-0.136651,0,0,0,-0.157622,-0.0661408,0.0224869,-0.671873,-0.505748,11.5118,11.5425,0,31.9911
10.98,roll -6deg,-0.475093,-0.32766,-0.051449,0.0532782,-0.10472,0,-0.167713,0.0517103,-0.00830983,1.12161,1.26161,27.5353,6.12193,nan,0.286358,0.292607,0.292945,0.27972,0.280126,0.292607,0.280126,0.292945,0.27972,1,0,0.0697372,0,0.000180077,-0.0487071,-0.000327308,-0.159095,-0.135829,0,0,0,-0.162265,-0.0537512,0.00627149,-0.534486,-0.442737,11.5474,11.5683,0,32.0669
10.99,roll -6deg,-0.476876,-0.328074,-0.051429,0.0528102,-0.10472,0,-0.167422,0.0505733,-0.00881014,1.12251,1.26251,27.5966,6.13907,nan,0.286534,0.290095,0.295781,0.277505,0.282719,0.290095,0.282719,0.295781,0.277505,1,0,0.0694494,0,-0.00125012,-0.0486056,-0.00479108,-0.159182,-0.13441,0,0,0,-0.168352,-0.0569855,0.00872698,-0.502467,-0.455653,11.5222,11.5422,0,32.1391
11,level,-0.478652,-0.328477,-0.0515123,0.0523659,0,0,-0.166512,0.0493586,-0.00963761,1.12341,1.26341,27.6581,6.15629,nan,0.286716,0.292611,0.293475,0.279434,0.281307,0.292611,0.281307,0.293475,0.279434,1,0,0.0690672,0,0.00267593,-0.0480228,-0.00120353,-0.15887,-0.132948,0,0,0,-0.162877,-0.0568516,0.00582142,-0.588005,-0.546401,11.536,11.5639,0,32.2071
11.01,level,-0.480411,-0.328862,-0.0519066,0.0521753,0,0,-0.162233,0.0482205,-0.0109119,1.12428,1.26428,27.7197,6.17358,nan,0.286909,0.297439,0.289744,0.271621,0.288791,0.297439,0.288791,0.289744,0.271621,1,0,0.0735549,0,0.0659567,-0.0507246,-0.00416444,0.155552,-0.15647,0,0,0,-0.153349,-0.0623126,0.0130886,-0.668755,-0.530982,11.6792,11.7104,0,32.2691
11.02,level,-0.482087,-0.329239,-0.0520832,0.0523129,0,0,-0.149595,0.0478138,-0.0101536,1.12515,1.26515,27.7816,6.19096,nan,0.287114,0.296198,0.291384,0.270933,0.289899,0.296198,0.289899,0.291384,0.270933,1,0,0.0738752,0,0.0630812,-0.0506869,-0.00622047,0.156136,-0.157214,0,0,0,-0.129082,-0.0588015,0.0150681,-0.529326,-0.478168,11.4196,11.4419,0,32.3489
11.03,level,-0.483601,-0.329618,-0.0518806,0.0521854,0,0,-0.130201,0.0479814,-0.00955365,1.126,1.266,27.8435,6.20839,nan,0.287329,0.298276,0.289436,0.274004,0.287557,0.298276,0.287557,0.289436,0.274004,1,0,0.0736197,0,0.0594052,-0.049551,-0.00207146,0.155564,-0.156727,0,0,0,-0.129434,-0.0466653,0.0107494,-0.565777,-0.429171,11.5733,11.595,0,32.4295
11.04,level,-0.484899,-0.329997,-0.0513438,0.0518397,0,0,-0.105905,0.0485592,-0.0109853,1.12684,1.26684,27.9057,6.22586,nan,0.287551,0.296592,0.291874,0.273371,0.288323,0.296592,0.288323,0.291874,0.273371,1,0,0.073005,0,0.0521776,-0.0507285,-0.00449823,0.15399,-0.155689,0,0,0,-0.109562,-0.0536124,0.0133036,-0.580925,-0.505759,11.4918,11.5176,0,32.5083
11.05,level,-0.48594,-0.330381,-0.0507639,0.0515936,0,0,-0.0784178,0.0496055,-0.0108477,1.12766,1.26766,27.9681,6.24335,nan,0.287776,0.298571,0.29022,0.276078,0.286189,0.298571,0.286189,0.29022,0.276078,1,0,0.0723553,0,0.0489749,-0.0502562,-0.000773977,0.152216,-0.154686,0,0,0,-0.0785276,-0.0588936,0.0100447,-0.683211,-0.501352,11.5345,11.5656,0,32.5825
11.06,level,-0.4867,-0.330774,-0.0499916,0.0516313,0,0,-0.0490726,0.0510107,-0.0103418,1.12847,1.26847,28.0306,6.26088,nan,0.287999,0.297717,0.291744,0.276901,0.285592,0.297717,0.285592,0.291744,0.276901,1,0,0.071836,0,0.0389001,-0.0510979,-0.00119472,0.149908,-0.154764,0,0,0,-0.047046,-0.0596566,0.0122281,-0.73933,-0.480492,11.5267,11.5603,0,32.6642
11.07,level,-0.487165,-0.331181,-0.0491378,0.0514452,0,0,-0.0194149,0.0525932,-0.0106731,1.12926,1.26926,28.0933,6.27846,nan,0.288219,0.297068,0.292873,0.277663,0.285228,0.297068,0.285228,0.292873,0.277663,1,0,0.0712125,0,0.0311928,-0.0512532,-0.00148121,0.147504,-0.154515,0,0,0,-0.0248343,-0.0458931,0.010374,-0.55251,-0.408546,11.6152,11.6355,0,32.7299
11.08,level,-0.48734,-0.331602,-0.0480827,0.0508232,0,0,0.0096065,0.05429,-0.0106224,1.13004,1.27004,28.1561,6.29611,nan,0.28843,0.297363,0.293142,0.278598,0.284577,0.297363,0.284577,0.293142,0.278598,1,0,0.0700613,0,0.0270572,-0.0517851,-0.000772451,0.144247,-0.152849,0,0,0,0.0128764,-0.056251,0.02426,-0.495646,-0.511233,11.584,11.6059,0,32.7777
11.09,level,-0.487234,-0.332037,-0.0470483,0.0503183,0,0,0.0373217,0.056021,-0.0111293,1.1308,1.2708,28.2192,6.31382,nan,0.28863,0.295605,0.294823,0.27794,0.286115,0.295605,0.286115,0.294823,0.27794,1,0,0.0689428,0,0.0237564,-0.0499709,-0.00324944,0.140911,-0.151337,0,0,0,0.0322794,-0.0592625,0.00690352,-0.524704,-0.572912,11.5437,11.5698,0,32.8177
11.1,level,-0.486862,-0.332487,-0.0458582,0.0504329,0,0,0.062941,0.057641,-0.0112642,1.13155,1.27155,28.2824,6.3316,nan,0.288817,0.294925,0.295403,0.279332,0.285571,0.294925,0.285571,0.295403,0.279332,1,0,0.0680866,0,0.015282,-0.0481758,-0.00295199,0.137389,-0.151157,0,0,0,0.0652334,-0.066667,0.0167012,-0.692747,-0.589984,11.6086,11.6442,0,32.8763
11.11,level,-0.486248,-0.332952,-0.0445191,0.0503122,0,0,0.0858798,0.059016,-0.00991157,1.13229,1.27229,28.3458,6.34945,nan,0.288987,0.295085,0.295764,0.280311,0.284758,0.295085,0.284758,0.295764,0.280311,1,0,0.0671556,0,0.00999525,-0.0488472,-0.00225343,0.133606,-0.150753,0,0,0,0.092135,-0.0610058,0.0125171,-0.650596,-0.506559,11.5922,11.6215,0,32.9236
11.12,level,-0.485417,-0.333434,-0.0436847,0.0499216,0,0,0.105917,0.0601233,-0.00846944,1.13302,1.27302,28.4094,6.36738,nan,0.28914,0.295001,0.296154,0.281059,0.284318,0.295001,0.284318,0.296154,0.281059,1,0,0.0664703,0,0.00558729,-0.0488455,-0.00193934,0.131354,-0.15004,0,0,0,0.124104,-0.0567826,0.0258219,-0.510284,-0.407059,11.6309,11.6492,0,32.9303
11.13,level,-0.484399,-0.333929,-0.0426032,0.0491273,0,0,0.122958,0.0609791,-0.00900621,1.13374,1.27374,28.4731,6.38536,nan,0.289274,0.293451,0.298036,0.28111,0.284473,0.293451,0.284473,0.298036,0.28111,1,0,0.0651733,0,-0.00323889,-0.0490825,-0.00349313,0.128113,-0.147668,0,0,0,0.12696,-0.0574471,0.0104158,-0.518541,-0.424002,11.7294,11.7485,0,32.9264
11.14,level,-0.483228,-0.334429,-0.0419464,0.0485254,0,0,0.136895,0.0615988,-0.00974359,1.13445,1.27445,28.5371,6.40341,nan,0.289387,0.293807,0.297724,0.281687,0.28431,0.293807,0.28431,0.297724,0.281687,1,0,0.0641221,0,-0.00343347,-0.0483805,-0.00287422,0.125643,-0.145665,0,0,0,0.148705,-0.0574645,0.0134717,-0.565956,-0.533722,11.5908,11.6168,0,32.9044
11.15,level,-0.481934,-0.334931,-0.0405784,0.0479502,0,0,0.14793,0.0619393,-0.00967701,1.13515,1.27515,28.6012,6.42154,nan,0.289479,0.294341,0.297539,0.28257,0.283452,0.294341,0.283452,0.297539,0.28257,1,0,0.0629625,0,-0.00614374,-0.0489962,-0.00179366,0.122028,-0.144211,0,0,0,0.155403,-0.0664675,0.0151314,-0.498157,-0.430466,11.6204,11.639,0,32.9099
11.16,level,-0.480545,-0.335434,-0.040026,0.0474672,0,0,0.156077,0.0620247,-0.010369,1.13585,1.27585,28.6655,6.43976,nan,0.289551,0.294322,0.297106,0.283596,0.283167,0.294322,0.283167,0.297106,0.283596,1,0,0.0621045,0,-0.00852106,-0.0467347,-0.00103481,0.119909,-0.142558,0,0,0,0.157981,-0.0655441,0.00174285,-0.536435,-0.568324,11.5888,11.6151,0,32.8783
11.17,level,-0.479089,-0.335934,-0.03893,0.0468227,0,0,0.161566,0.0618332,-0.0106675,1.13655,1.27655,28.73,6.45808,nan,0.289602,0.293381,0.298408,0.282751,0.28386,0.293381,0.28386,0.298408,0.282751,1,0,0.0609026,0,-0.0103937,-0.0477063,-0.00269641,0.116628,-0.14062,0,0,0,0.159071,-0.0679422,0.0100599,-0.534597,-0.543669,11.6303,11.6552,0,32.8624
11.18,level,-0.477589,-0.336432,-0.0382413,0.0466203,0,0,0.164493,0.0613217,-0.0101331,1.13724,1.27724,28.7947,6.47651,nan,0.289634,0.29355,0.298289,0.282656,0.284036,0.29355,0.284036,0.298289,0.282656,1,0,0.0602887,0,-0.00891149,-0.0476464,-0.00268964,0.114579,-0.139886,0,0,0,0.16305,-0.0592637,0.0143878,-0.575549,-0.557104,11.7039,11.7313,0,32.8421
11.19,level,-0.47607,-0.336927,-0.0376572,0.0464304,0,0,0.165126,0.0606342,-0.010083,1.13793,1.27793,28.8595,6.49503,nan,0.289648,0.293714,0.298404,0.282805,0.283668,0.293714,0.283668,0.298404,0.282805,1,0,0.0597763,0,-0.010153,-0.0485913,-0.00244055,0.112824,-0.139387,0,0,0,0.165879,-0.0582142,0.017418,-0.545507,-0.589095,11.6913,11.7188,0,32.8168
11.2,level,-0.474551,-0.337416,-0.0373746,0.0461802,0,0,0.163996,0.0597819,-0.0104003,1.13862,1.27862,28.9245,6.51363,nan,0.289646,0.29313,0.29906,0.282642,0.283753,0.29313,0.283753,0.29906,0.282642,1,0,0.0594001,0,-0.012784,-0.0488781,-0.00309471,0.111979,-0.1386,0,0,0,0.164927,-0.0589942,0.0201083,-0.55421,-0.563546,11.5991,11.626,0,32.7758
11.21,level,-0.473049,-0.337898,-0.036881,0.0460546,0,0,0.161313,0.0588033,-0.0105003,1.13931,1.27931,28.9898,6.53227,nan,0.289629,0.293483,0.298443,0.282825,0.283771,0.293483,0.283771,0.298443,0.282825,1,0,0.0591467,0,-0.010649,-0.0479931,-0.00259579,0.110954,-0.138519,0,0,0,0.171107,-0.0558648,0.00545343,-0.42909,-0.36988,11.7391,11.7527,0,32.7491
11.22,level,-0.47158,-0.338369,-0.0365007,0.0457575,0,0,0.157423,0.0576337,-0.0101874,1.14,1.28,29.0552,6.55097,nan,0.2896,0.293274,0.298822,0.282468,0.283844,0.293274,0.283844,0.298822,0.282468,1,0,0.0586772,0,-0.0110692,-0.0488556,-0.00304318,0.109949,-0.137495,0,0,0,0.169984,-0.0749166,0.0169946,-0.507657,-0.34336,11.7355,11.7515,0,32.7122
11.23,level,-0.470151,-0.338831,-0.0367268,0.0455434,0,0,0.152577,0.0563446,-0.0101403,1.1407,1.2807,29.1208,6.56973,nan,0.289561,0.293461,0.298411,0.282538,0.283842,0.293461,0.283842,0.298411,0.282538,1,0,0.0584696,0,-0.00966994,-0.0483021,-0.00274861,0.110071,-0.136567,0,0,0,0.160852,-0.0496842,0.0174759,-0.604784,-0.553273,11.7491,11.7777,0,32.653
11.24,level,-0.468771,-0.339282,-0.0366574,0.0453611,0,0,0.147218,0.0550677,-0.00961428,1.14139,1.28139,29.1866,6.58852,nan,0.289513,0.294508,0.297426,0.28311,0.283017,0.294508,0.283017,0.297426,0.28311,1,0,0.0582817,0,-0.00798616,-0.0488995,-0.00124185,0.109897,-0.135981,0,0,0,0.151103,-0.0655462,0.0153094,-0.627347,-0.526163,11.6743,11.7029,0,32.6096
11.25,level,-0.467445,-0.339723,-0.0368976,0.0449139,0,0,0.141521,0.054003,-0.0104756,1.14209,1.28209,29.2525,6.60735,nan,0.289458,0.293611,0.297962,0.28223,0.284039,0.293611,0.284039,0.297962,0.28223,1,0,0.058089,0,-0.0067435,-0.0479472,-0.00270803,0.110558,-0.134731,0,0,0,0.153822,-0.0621042,0.0204959,-0.626866,-0.675419,11.692,11.7282,0,32.545
11.26,level,-0.466176,-0.340153,-0.0366901,0.0445885,0,0,0.135751,0.0528231,-0.0102599,1.1428,1.2828,29.3187,6.62623,nan,0.289397,0.29306,0.298322,0.281778,0.284442,0.29306,0.284442,0.298322,0.281778,1,0,0.057706,0,-0.00688844,-0.0476766,-0.00348377,0.109949,-0.133683,0,0,0,0.139881,-0.0546714,0.00636324,-0.659321,-0.619066,11.706,11.7409,0,32.5064
11.27,level,-0.464961,-0.340573,-0.036899,0.0442791,0,0,0.130062,0.0516164,-0.0109393,1.14351,1.28351,29.3851,6.64509,nan,0.289333,0.294404,0.29709,0.282435,0.283417,0.294404,0.283417,0.29709,0.282435,1,0,0.0575985,0,-0.00451876,-0.0485863,-0.00161185,0.110622,-0.132722,0,0,0,0.138532,-0.0664271,0.0175127,-0.602587,-0.505268,11.6809,11.7074,0,32.4522
11.28,level,-0.463801,-0.340981,-0.0369635,0.0439536,0,0,0.124723,0.0505081,-0.0110608,1.14422,1.28422,29.4516,6.66393,nan,0.289267,0.293994,0.297424,0.28147,0.284193,0.293994,0.284193,0.297424,0.28147,1,0,0.0574119,0,-0.00187546,-0.0488003,-0.00270397,0.110693,-0.131941,0,0,0,0.125824,-0.0504308,0.00453468,-0.514385,-0.569067,11.5965,11.6219,0,32.4056
11.29,level,-0.462693,-0.341379,-0.0371525,0.0438352,0,0,0.119779,0.0495094,-0.0109193,1.14494,1.28494,29.5183,6.68275,nan,0.2892,0.29304,0.298005,0.280951,0.284816,0.29304,0.284816,0.298005,0.280951,1,0,0.0574576,0,-0.00291874,-0.0478945,-0.00388105,0.111246,-0.131668,0,0,0,0.109081,-0.047604,0.01335,-0.49568,-0.486913,11.6263,11.647,0,32.3629
11.3,level,-0.461631,-0.341768,-0.0373879,0.0440909,0,0,0.115277,0.0486652,-0.0117143,1.14566,1.28566,29.5852,6.70157,nan,0.289133,0.293062,0.298048,0.280767,0.284667,0.293062,0.284667,0.298048,0.280767,1,0,0.0577597,0,-0.00288238,-0.048653,-0.00390582,0.112125,-0.132091,0,0,0,0.130261,-0.0453441,0.015921,-0.57392,-0.471063,11.7505,11.7739,0,32.3337
11.31,level,-0.460611,-0.342149,-0.0378515,0.0438269,0,0,0.11127,0.0479554,-0.0113023,1.14639,1.28639,29.6523,6.72039,nan,0.289066,0.295166,0.295728,0.282699,0.282685,0.295166,0.282685,0.295728,0.282699,1,0,0.0578711,0,-0.001527,-0.0483362,-0.000240916,0.113374,-0.131453,0,0,0,0.126837,-0.0401251,0.00788991,-0.561828,-0.581274,11.6778,11.7058,0,32.2769
11.32,level,-0.459628,-0.342525,-0.0383733,0.0435808,0,0,0.107791,0.0474095,-0.0117757,1.14712,1.28712,29.7196,6.7392,nan,0.289002,0.293761,0.297378,0.280522,0.284359,0.293761,0.284359,0.297378,0.280522,1,0,0.0580069,0,0.000583753,-0.0497518,-0.00327636,0.114921,-0.13071,0,0,0,0.113304,-0.0386387,0.0211491,-0.574171,-0.623856,11.6862,11.717,0,32.2196
11.33,level,-0.458676,-0.342896,-0.0386164,0.0434562,0,0,0.104934,0.0470227,-0.0119439,1.14786,1.28786,29.7871,6.758,nan,0.28894,0.294143,0.296379,0.281098,0.284151,0.294143,0.284151,0.296379,0.281098,1,0,0.0580685,0,0.00216695,-0.0478856,-0.00232446,0.115764,-0.130199,0,0,0,0.107126,-0.0483812,0.0166535,-0.69609,-0.566155,11.5527,11.5874,0,32.1802
11.34,level,-0.457748,-0.343266,-0.0391088,0.0427577,0,0,0.102763,0.0467031,-0.0111857,1.1486,1.2886,29.8548,6.77673,nan,0.28888,0.295449,0.295295,0.281693,0.283096,0.295449,0.283096,0.295295,0.281693,1,0,0.0579205,0,0.00412952,-0.0491786,-0.000548808,0.117105,-0.128384,0,0,0,0.110275,-0.0489879,0.00646283,-0.487909,-0.609698,11.6637,11.6898,0,32.1096
11.35,level,-0.456839,-0.343632,-0.0396424,0.0426264,0,0,0.101237,0.0464742,-0.0113203,1.14934,1.28934,29.9226,6.79541,nan,0.288824,0.293751,0.296947,0.280473,0.284136,0.293751,0.284136,0.296947,0.280473,1,0,0.0581424,0,0.00123795,-0.0494343,-0.00301508,0.118716,-0.127855,0,0,0,0.102235,-0.0507713,0.00496582,-0.510275,-0.498305,11.562,11.584,0,32.059
11.36,level,-0.455942,-0.343999,-0.0397961,0.042675,0,0,0.100256,0.0463436,-0.011729,1.15009,1.29009,29.9907,6.814,nan,0.288771,0.294307,0.29607,0.280645,0.284071,0.294307,0.284071,0.29607,0.280645,1,0,0.0583471,0,0.00441107,-0.0486247,-0.00228099,0.119175,-0.128207,0,0,0,0.108842,-0.0541588,0.011102,-0.452267,-0.60437,11.5687,11.5934,0,32.0323
11.37,level,-0.455053,-0.344362,-0.0402244,0.0427051,0,0,0.0998326,0.046325,-0.0120161,1.15084,1.29084,30.0589,6.83253,nan,0.288721,0.293879,0.296092,0.280979,0.283942,0.293879,0.283942,0.296092,0.280979,1,0,0.0587137,0,0.00198968,-0.047466,-0.00227494,0.120525,-0.128419,0,0,0,0.108067,-0.0559384,0.0091973,-0.376272,-0.60159,11.6562,11.6778,0,31.9934
11.38,level,-0.454168,-0.344724,-0.0407699,0.042454,0,0,0.099889,0.0462816,-0.0125977,1.15159,1.29159,30.1273,6.85101,nan,0.288674,0.293853,0.296068,0.280582,0.284202,0.293853,0.284202,0.296068,0.280582,1,0,0.0587949,0,0.00372488,-0.0476308,-0.00256431,0.122137,-0.127269,0,0,0,0.104418,-0.0480509,0.00683218,-0.549967,-0.547696,11.6164,11.6423,0,31.9389
11.39,level,-0.453281,-0.345083,-0.041371,0.0422579,0,0,0.100433,0.0462363,-0.0127237,1.15235,1.29235,30.1959,6.86942,nan,0.288631,0.293359,0.296168,0.280465,0.284539,0.293359,0.284539,0.296168,0.280465,1,0,0.0590902,0,0.00335349,-0.0464665,-0.00302549,0.123939,-0.126737,0,0,0,0.11995,-0.0606054,0.00871777,-0.516552,-0.529566,11.5126,11.5364,0,31.8842
11.4,level,-0.452385,-0.345446,-0.0417956,0.0416593,0,0,0.101314,0.0460966,-0.0108946,1.15311,1.29311,30.2647,6.88777,nan,0.28859,0.293224,0.29687,0.279617,0.284657,0.293224,0.284657,0.29687,0.279617,1,0,0.0589488,0,0.00369517,-0.0489235,-0.00381737,0.125308,-0.124798,0,0,0,0.105758,-0.0420318,0.0263315,-0.671971,-0.591096,11.4914,11.5262,0,31.8216
11.41,level,-0.451473,-0.345813,-0.0421858,0.041352,0,0,0.102498,0.0458736,-0.0110696,1.15387,1.29387,30.3337,6.90606,nan,0.288552,0.293665,0.296384,0.279701,0.284465,0.293665,0.284465,0.296384,0.279701,1,0,0.0590135,0,0.00542521,-0.0490432,-0.00328937,0.126424,-0.123936,0,0,0,0.102613,-0.0578625,0.0193811,-0.591389,-0.587741,11.583,11.6129,0,31.7711
11.42,level,-0.450549,-0.346177,-0.0424472,0.0412096,0,0,0.104038,0.0456742,-0.0113265,1.15463,1.29463,30.4028,6.9243,nan,0.288517,0.293861,0.295752,0.280137,0.284323,0.293861,0.284323,0.295752,0.280137,1,0,0.0591185,0,0.00608891,-0.0476586,-0.00267075,0.127167,-0.12357,0,0,0,0.10931,-0.0597581,0.00741773,-0.59484,-0.666142,11.532,11.5665,0,31.7319
11.43,level,-0.449609,-0.346537,-0.0427872,0.0411095,0,0,0.105909,0.045443,-0.0119273,1.1554,1.2954,30.4721,6.94244,nan,0.288483,0.292355,0.29744,0.278785,0.285359,0.292355,0.285359,0.29744,0.278785,1,0,0.0593359,0,0.00395102,-0.0486026,-0.00512495,0.128149,-0.123554,0,0,0,0.0998312,-0.0529613,0.012943,-0.409931,-0.628158,11.493,11.5175,0,31.6903
11.44,level,-0.448648,-0.346896,-0.0430197,0.0407739,0,0,0.108051,0.0452489,-0.0113544,1.15617,1.29617,30.5417,6.96052,nan,0.288451,0.292967,0.296874,0.27891,0.28506,0.292967,0.28506,0.296874,0.27891,1,0,0.0592635,0,0.00594832,-0.0490197,-0.00442017,0.128833,-0.122461,0,0,0,0.106216,-0.0499572,0.0189771,-0.45683,-0.581378,11.5003,11.524,0,31.6435
11.45,level,-0.447662,-0.347257,-0.0430557,0.0407351,0,0,0.110371,0.0450837,-0.0104007,1.15694,1.29694,30.6113,6.97852,nan,0.288421,0.293828,0.295914,0.279939,0.284007,0.293828,0.284007,0.295914,0.279939,1,0,0.0592434,0,0.00525908,-0.0488798,-0.00270498,0.128939,-0.122306,0,0,0,0.107346,-0.0497988,0.00944433,-0.466534,-0.632603,11.5056,11.5324,0,31.6156
11.46,level,-0.446651,-0.347618,-0.0435204,0.0406999,0,0,0.112807,0.0449645,-0.0103389,1.15771,1.29771,30.6812,6.99646,nan,0.288391,0.293574,0.295787,0.280355,0.283853,0.293574,0.283853,0.295787,0.280355,1,0,0.0595645,0,0.00340694,-0.0476598,-0.00251036,0.13034,-0.122202,0,0,0,0.113479,-0.0532993,0.00610638,-0.469592,-0.572058,11.5258,11.5495,0,31.5689
11.47,level,-0.445617,-0.347977,-0.0435972,0.0409142,0,0,0.115259,0.0449784,-0.0109467,1.15849,1.29849,30.7513,7.01432,nan,0.288362,0.293335,0.296368,0.280237,0.283514,0.293335,0.283514,0.296368,0.280237,1,0,0.0599277,0,0.000647903,-0.0491743,-0.00277302,0.131045,-0.123086,0,0,0,0.11738,-0.0512118,0.0115576,-0.436473,-0.479685,11.5871,11.6052,0,31.5474
11.48,level,-0.44456,-0.348337,-0.0439177,0.0406255,0,0,0.117513,0.0451611,-0.0110578,1.15927,1.29927,30.8215,7.03209,nan,0.288334,0.292527,0.296996,0.2791,0.284718,0.292527,0.284718,0.296996,0.2791,1,0,0.0597683,0,0.00304753,-0.048706,-0.00443284,0.131636,-0.121749,0,0,0,0.120841,-0.0460201,0.0100502,-0.526115,-0.561135,11.4856,11.5113,0,31.4953
11.49,level,-0.443481,-0.348699,-0.0442737,0.0404344,0,0,0.119616,0.0454472,-0.0109675,1.16004,1.30004,30.8919,7.04978,nan,0.288308,0.292565,0.29672,0.279094,0.284858,0.292565,0.284858,0.29672,0.279094,1,0,0.0599595,0,0.00426983,-0.048001,-0.00435946,0.132649,-0.121482,0,0,0,0.13941,-0.0574007,0.0257595,-0.439658,-0.626702,11.5534,11.5787,0,31.4449
11.5,level,-0.442381,-0.349065,-0.0444828,0.0400686,0,0,0.121541,0.0457002,-0.0104654,1.16082,1.30082,30.9625,7.06744,nan,0.288285,0.292554,0.296374,0.280033,0.284185,0.292554,0.284185,0.296374,0.280033,1,0,0.0598202,0,0.000880688,-0.0468205,-0.00350387,0.133324,-0.120097,0,0,0,0.133205,-0.0386796,0.0141269,-0.556853,-0.6312,11.4157,11.4467,0,31.3933
11.51,level,-0.441264,-0.349433,-0.0447249,0.0393926,0,0,0.123249,0.0459669,-0.0119729,1.16161,1.30161,31.0332,7.08503,nan,0.288264,0.292116,0.297121,0.27911,0.284714,0.292116,0.284714,0.297121,0.27911,1,0,0.0595605,0,0.00158703,-0.0481507,-0.00466325,0.134076,-0.118075,0,0,0,0.138649,-0.0542421,0.0146444,-0.615304,-0.687323,11.4889,11.5258,0,31.3278
11.52,level,-0.440134,-0.349801,-0.0451676,0.0390044,0,0,0.124725,0.0461754,-0.0118121,1.16239,1.30239,31.1042,7.10254,nan,0.288247,0.292148,0.296982,0.278995,0.284865,0.292148,0.284865,0.296982,0.278995,1,0,0.0596285,0,0.00274727,-0.0478815,-0.0047049,0.135365,-0.116952,0,0,0,0.129327,-0.0610363,0.0143443,-0.576715,-0.697803,11.464,11.4997,0,31.2646
11.53,level,-0.438991,-0.350169,-0.0453168,0.0389049,0,0,0.126007,0.046308,-0.0119024,1.16317,1.30317,31.1753,7.12,nan,0.288231,0.291385,0.297276,0.278717,0.28555,0.291385,0.28555,0.297276,0.278717,1,0,0.0596885,0,0.00250006,-0.0462215,-0.00559264,0.135785,-0.116663,0,0,0,0.122237,-0.04901,0.0193223,-0.547955,-0.698121,11.5555,11.5896,0,31.2246
11.54,level,-0.437835,-0.350541,-0.0453505,0.0386083,0,0,0.127122,0.0462612,-0.0112576,1.16396,1.30396,31.2466,7.13738,nan,0.288218,0.293087,0.2959,0.279907,0.28398,0.293087,0.28398,0.2959,0.279907,1,0,0.0595245,0,0.00334105,-0.047562,-0.00302672,0.13587,-0.115848,0,0,0,0.129152,-0.0554149,0.0037241,-0.477683,-0.638302,11.4774,11.505,0,31.1814
11.55,level,-0.436669,-0.350911,-0.0455228,0.0384691,0,0,0.128032,0.0461929,-0.0117816,1.16474,1.30474,31.318,7.15471,nan,0.288206,0.292845,0.296305,0.279431,0.284245,0.292845,0.284245,0.296305,0.279431,1,0,0.0595685,0,0.00358948,-0.0482689,-0.00363671,0.136368,-0.115511,0,0,0,0.123761,-0.0490352,0.0168163,-0.433097,-0.743864,11.39,11.4225,0,31.1383
11.56,level,-0.435495,-0.35128,-0.0453873,0.0381169,0,0,0.128835,0.046194,-0.0115981,1.16553,1.30553,31.3897,7.17197,nan,0.288195,0.293026,0.296146,0.280012,0.2836,0.293026,0.2836,0.296146,0.280012,1,0,0.0592595,0,0.00123815,-0.0484309,-0.00294819,0.13598,-0.114472,0,0,0,0.134987,-0.0487652,0.0117511,-0.428348,-0.625583,11.4495,11.4745,0,31.0994
11.57,level,-0.434314,-0.351649,-0.0449896,0.038002,0,0,0.129454,0.0462112,-0.0119163,1.16632,1.30632,31.4615,7.18917,nan,0.288186,0.291782,0.297021,0.279374,0.284568,0.291782,0.284568,0.297021,0.279374,1,0,0.0590337,0,-0.0001232,-0.0471073,-0.00458552,0.135381,-0.11416,0,0,0,0.134422,-0.0517784,0.0156494,-0.433998,-0.511969,11.4074,11.4271,0,31.0805
11.58,level,-0.433127,-0.352019,-0.0452514,0.0381807,0,0,0.130006,0.0460546,-0.0116712,1.16711,1.30711,31.5334,7.20629,nan,0.288177,0.292928,0.295803,0.280445,0.283534,0.292928,0.283534,0.295803,0.280445,1,0,0.059183,0,0.000568853,-0.0469006,-0.00262099,0.135564,-0.114651,0,0,0,0.129995,-0.0589246,0.0139344,-0.439299,-0.575917,11.4753,11.4982,0,31.0457
11.59,level,-0.431935,-0.352386,-0.0454213,0.0379645,0,0,0.130403,0.045743,-0.0118791,1.16789,1.30789,31.6056,7.22333,nan,0.288169,0.293589,0.295306,0.281006,0.282775,0.293589,0.282775,0.295306,0.281006,1,0,0.0592233,0,0.000137915,-0.0475841,-0.0015322,0.136141,-0.114172,0,0,0,0.127273,-0.0416043,0.00828077,-0.362919,-0.601715,11.3916,11.4133,0,30.9991
11.6,level,-0.430741,-0.352749,-0.0453666,0.038114,0,0,0.130612,0.045351,-0.0115249,1.16868,1.30868,31.6779,7.24029,nan,0.28816,0.29327,0.295811,0.280305,0.283258,0.29327,0.283258,0.295811,0.280305,1,0,0.0592233,0,0.00109188,-0.0483501,-0.00241485,0.13614,-0.114149,0,0,0,0.131946,-0.0510104,0.0186722,-0.468564,-0.528269,11.4462,11.468,0,30.976
11.61,level,-0.429544,-0.35311,-0.0456926,0.0378494,0,0,0.130744,0.0450389,-0.0117455,1.16947,1.30947,31.7504,7.25717,nan,0.288152,0.292733,0.296211,0.280053,0.283614,0.292733,0.283614,0.296211,0.280053,1,0,0.0593238,0,0.00021998,-0.047893,-0.00309371,0.136929,-0.113685,0,0,0,0.154911,-0.0454076,0.0158065,-0.426738,-0.586396,11.5003,11.5232,0,30.9207
11.62,level,-0.428344,-0.353469,-0.0459164,0.0374083,0,0,0.130869,0.0446861,-0.011349,1.17026,1.31026,31.823,7.27399,nan,0.288144,0.292114,0.296796,0.279278,0.284391,0.292114,0.284391,0.296796,0.279278,1,0,0.0593077,0,0.00114565,-0.0478254,-0.00430528,0.137776,-0.112591,0,0,0,0.129075,-0.0375682,0.014421,-0.39493,-0.533317,11.3901,11.4094,0,30.8626
11.63,level,-0.427142,-0.353826,-0.0460877,0.0373619,0,0,0.130982,0.0443418,-0.0123113,1.17105,1.31105,31.8958,7.29075,nan,0.288136,0.29292,0.295786,0.280015,0.283826,0.29292,0.283826,0.295786,0.280015,1,0,0.0592957,0,0.0025042,-0.0471134,-0.00293464,0.138166,-0.111983,0,0,0,0.142696,-0.0462997,0.00478237,-0.472243,-0.579365,11.4209,11.4453,0,30.8223
11.64,level,-0.42594,-0.354178,-0.0463742,0.0371552,0,0,0.131125,0.0440741,-0.0119415,1.17185,1.31185,31.9688,7.30747,nan,0.288128,0.291829,0.297085,0.279183,0.284416,0.291829,0.284416,0.297085,0.279183,1,0,0.0593881,0,-6.07992e-05,-0.0479676,-0.00461024,0.13911,-0.111283,0,0,0,0.135519,-0.0423164,0.0156917,-0.514565,-0.573285,11.3627,11.3888,0,30.7708
11.65,level,-0.424735,-0.354529,-0.0465434,0.0370148,0,0,0.131213,0.0437438,-0.0112563,1.17264,1.31264,32.042,7.32411,nan,0.288119,0.293402,0.29555,0.280181,0.283345,0.293402,0.283345,0.29555,0.280181,1,0,0.0594242,0,0.002694,-0.0481777,-0.0023347,0.139497,-0.110981,0,0,0,0.138424,-0.0452536,0.0111466,-0.501018,-0.661594,11.4076,11.4377,0,30.7268
11.66,level,-0.423529,-0.354878,-0.0468208,0.0367583,0,0,0.131403,0.0435119,-0.0120172,1.17343,1.31343,32.1153,7.3407,nan,0.28811,0.292106,0.296649,0.279308,0.284379,0.292106,0.284379,0.296649,0.279308,1,0,0.0594884,0,0.00139968,-0.0474986,-0.00422497,0.140371,-0.110157,0,0,0,0.134401,-0.0484931,0.0159702,-0.553815,-0.666604,11.3554,11.3884,0,30.6737
11.67,level,-0.42232,-0.355225,-0.0471831,0.0367232,0,0,0.131634,0.0432994,-0.0127949,1.17422,1.31422,32.1888,7.35726,nan,0.288101,0.290872,0.297849,0.278428,0.285255,0.290872,0.285255,0.297849,0.278428,1,0,0.0597404,0,-0.000397674,-0.0474412,-0.00606672,0.141449,-0.110061,0,0,0,0.134048,-0.0495047,0.0273621,-0.586775,-0.716925,11.3962,11.4338,0,30.6261
11.68,level,-0.421111,-0.355568,-0.0472735,0.0366904,0,0,0.131727,0.0430926,-0.0125558,1.17502,1.31502,32.2624,7.37375,nan,0.288091,0.291878,0.296781,0.279378,0.284326,0.291878,0.284326,0.296781,0.279378,1,0,0.0597883,0,0.000119103,-0.0472845,-0.00432975,0.141666,-0.110048,0,0,0,0.137681,-0.0439729,0.0227979,-0.482273,-0.691753,11.5095,11.5404,0,30.5896
11.69,level,-0.4199,-0.355911,-0.0473817,0.0365915,0,0,0.131811,0.0429058,-0.0123264,1.17581,1.31581,32.3363,7.39017,nan,0.28808,0.292249,0.296343,0.279599,0.284132,0.292249,0.284132,0.296343,0.279599,1,0,0.0598321,0,0.00116596,-0.0471072,-0.00379217,0.141952,-0.109842,0,0,0,0.126396,-0.0454502,0.0109967,-0.43576,-0.751836,11.4067,11.4398,0,30.5498
11.7,level,-0.418686,-0.356254,-0.0474041,0.0359715,0,0,0.131923,0.0427007,-0.0117302,1.17661,1.31661,32.4102,7.40651,nan,0.288069,0.291972,0.296626,0.279045,0.284636,0.291972,0.284636,0.296626,0.279045,1,0,0.0594804,0,0.00248638,-0.0472113,-0.00450274,0.142055,-0.107936,0,0,0,0.141383,-0.054769,0.0172408,-0.458347,-0.709652,11.3218,11.3532,0,30.4921
11.71,level,-0.417471,-0.356595,-0.0476565,0.0359761,0,0,0.132064,0.0424739,-0.0127681,1.1774,1.3174,32.4844,7.42279,nan,0.288058,0.292066,0.29658,0.27933,0.284258,0.292066,0.284258,0.29658,0.27933,1,0,0.0597085,0,0.00109913,-0.0474783,-0.00415033,0.142801,-0.108078,0,0,0,0.137921,-0.0439928,0.0172145,-0.364792,-0.748221,11.2988,11.3295,0,30.4507
11.72,level,-0.416257,-0.356931,-0.0479432,0.0359819,0,0,0.132146,0.0423283,-0.0122382,1.1782,1.3182,32.5587,7.43901,nan,0.288046,0.293999,0.294826,0.280555,0.282806,0.293999,0.282806,0.294826,0.280555,1,0,0.0599078,0,0.00377776,-0.0482501,-0.00135343,0.143706,-0.107855,0,0,0,0.135957,-0.0382849,0.0119353,-0.453821,-0.608475,11.3387,11.3641,0,30.408
11.73,level,-0.415042,-0.357267,-0.047957,0.0357596,0,0,0.132284,0.0421867,-0.0125626,1.179,1.319,32.6331,7.45518,nan,0.288033,0.292003,0.296567,0.279126,0.28444,0.292003,0.28444,0.296567,0.279126,1,0,0.0598321,0,0.00199008,-0.0473787,-0.00434186,0.143743,-0.107515,0,0,0,0.144601,-0.044231,0.00388962,-0.386016,-0.585196,11.369,11.3906,0,30.367
11.74,level,-0.413826,-0.357601,-0.0482631,0.0353821,0,0,0.132447,0.0420971,-0.013263,1.17979,1.31979,32.7078,7.4713,nan,0.28802,0.292931,0.295921,0.279984,0.283249,0.292931,0.283249,0.295921,0.279984,1,0,0.0598481,0,0.000728936,-0.0485408,-0.00274906,0.144635,-0.106356,0,0,0,0.137868,-0.0493101,0.00385874,-0.35272,-0.685468,11.4272,11.4532,0,30.3081
11.75,level,-0.412609,-0.357932,-0.0486298,0.0354574,0,0,0.132688,0.0419358,-0.0133531,1.18059,1.32059,32.7826,7.48735,nan,0.288007,0.291595,0.297354,0.278085,0.284996,0.291595,0.284996,0.297354,0.278085,1,0,0.0601422,0,0.0030538,-0.0490136,-0.00556884,0.145705,-0.106401,0,0,0,0.128837,-0.0375924,0.0124189,-0.416906,-0.623162,11.3901,11.4148,0,30.2654
11.76,level,-0.411389,-0.358262,-0.0488703,0.0353837,0,0,0.133081,0.0416762,-0.0134765,1.18139,1.32139,32.8575,7.50335,nan,0.287992,0.291827,0.296657,0.279559,0.283927,0.291827,0.283927,0.296657,0.279559,1,0,0.0603243,0,-0.00122718,-0.0473685,-0.00404255,0.146445,-0.106253,0,0,0,0.143931,-0.0385507,0.0071105,-0.397619,-0.644732,11.3649,11.3901,0,30.2215
11.77,level,-0.410163,-0.35859,-0.0491902,0.035397,0,0,0.133586,0.0412238,-0.0128961,1.18219,1.32219,32.9326,7.5193,nan,0.287975,0.291758,0.296792,0.27927,0.284084,0.291758,0.284084,0.296792,0.27927,1,0,0.060561,0,-0.000582882,-0.0477415,-0.00432881,0.147525,-0.106049,0,0,0,0.144965,-0.0481575,0.0208524,-0.442844,-0.590593,11.3904,11.4143,0,30.1779
11.78,level,-0.40893,-0.358914,-0.0495218,0.035084,0,0,0.13416,0.0406172,-0.0126982,1.183,1.323,33.0079,7.53519,nan,0.287957,0.290798,0.297445,0.278273,0.285315,0.290798,0.285315,0.297445,0.278273,1,0,0.0606515,0,0.00104623,-0.0467165,-0.00601641,0.14846,-0.10518,0,0,0,0.151546,-0.0454425,0.0167332,-0.510918,-0.732082,11.2723,11.3076,0,30.1201
11.79,level,-0.407688,-0.359235,-0.0497418,0.03471,0,0,0.134783,0.0399535,-0.012522,1.1838,1.3238,33.0833,7.55105,nan,0.287936,0.291544,0.296565,0.278823,0.284817,0.291544,0.284817,0.296565,0.278823,1,0,0.0606161,0,0.00258225,-0.0463626,-0.00484101,0.149115,-0.104051,0,0,0,0.149276,-0.0379196,0.0102571,-0.490444,-0.714309,11.3894,11.4223,0,30.0638
11.8,level,-0.406439,-0.359548,-0.0498688,0.034551,0,0,0.135524,0.0391791,-0.0128171,1.1846,1.3246,33.1589,7.56686,nan,0.287914,0.292574,0.295869,0.279205,0.284011,0.292574,0.284011,0.295869,0.279205,1,0,0.060624,0,0.00400855,-0.0477995,-0.00356056,0.149511,-0.103536,0,0,0,0.132108,-0.0455581,0.00613529,-0.55754,-0.730879,11.2699,11.3073,0,30.0198
11.81,level,-0.405183,-0.359854,-0.0500798,0.0342667,0,0,0.136339,0.0385635,-0.0136552,1.18541,1.32541,33.2346,7.5826,nan,0.28789,0.291849,0.296826,0.277955,0.284935,0.291849,0.284935,0.296826,0.277955,1,0,0.0606358,0,0.00531356,-0.0488557,-0.00525542,0.150104,-0.10275,0,0,0,0.132091,-0.0568121,0.00679268,-0.519198,-0.770262,11.3334,11.3714,0,29.9667
11.82,level,-0.403918,-0.360154,-0.0502304,0.0344833,0,0,0.137303,0.0380647,-0.0130459,1.18622,1.32622,33.3105,7.59829,nan,0.287864,0.292802,0.295584,0.279502,0.283574,0.292802,0.283574,0.295584,0.279502,1,0,0.060883,0,0.00342073,-0.0479559,-0.00301223,0.150518,-0.103479,0,0,0,0.135712,-0.0403122,0.00380561,-0.427518,-0.753332,11.3133,11.3464,0,29.9366
11.83,level,-0.40264,-0.360452,-0.0503511,0.0344314,0,0,0.13835,0.0376362,-0.0131174,1.18703,1.32703,33.3866,7.61394,nan,0.287836,0.293533,0.295035,0.280735,0.282049,0.293533,0.282049,0.295035,0.280735,1,0,0.0609652,0,-0.000497584,-0.0488545,-0.00123805,0.150864,-0.103372,0,0,0,0.127272,-0.0502442,0.0266402,-0.397718,-0.69133,11.2396,11.2679,0,29.896
11.84,level,-0.401355,-0.360743,-0.0502751,0.0346169,0,0,0.139225,0.0373957,-0.0141294,1.18784,1.32784,33.4628,7.62954,nan,0.287807,0.291525,0.296828,0.278536,0.284344,0.291525,0.284344,0.296828,0.278536,1,0,0.0610121,0,0.001341,-0.0482675,-0.00488309,0.150657,-0.103904,0,0,0,0.141328,-0.0437318,0.00949579,-0.409453,-0.706327,11.2721,11.3016,0,29.8727
11.85,level,-0.400061,-0.361034,-0.0505178,0.0345151,0,0,0.140093,0.0372787,-0.0131128,1.18866,1.32866,33.5392,7.64512,nan,0.287775,0.291973,0.296293,0.278658,0.284183,0.291973,0.284183,0.296293,0.278658,1,0,0.0611488,0,0.00319604,-0.0481753,-0.00432695,0.151396,-0.103581,0,0,0,0.146998,-0.0405041,0.015457,-0.407627,-0.661354,11.3334,11.36,0,29.8246
11.86,level,-0.398756,-0.361327,-0.0506445,0.0342885,0,0,0.140893,0.0372007,-0.013425,1.18947,1.32947,33.6157,7.66065,nan,0.287742,0.29277,0.295639,0.279608,0.282958,0.29277,0.282958,0.295639,0.279608,1,0,0.0612228,0,0.00127841,-0.0489671,-0.00273335,0.151913,-0.103198,0,0,0,0.14302,-0.0314695,0.0185965,-0.296557,-0.632884,11.3713,11.3928,0,29.7757
11.87,level,-0.397447,-0.361616,-0.0508828,0.0338582,0,0,0.1416,0.0371818,-0.0137226,1.19029,1.33029,33.6924,7.67612,nan,0.287708,0.291814,0.296428,0.278921,0.283675,0.291814,0.283675,0.296428,0.278921,1,0,0.0610902,0,0.000370853,-0.0485959,-0.00411758,0.152491,-0.101652,0,0,0,0.148959,-0.0398282,0.0100629,-0.387356,-0.649316,11.349,11.3741,0,29.7137
11.88,level,-0.396129,-0.361907,-0.0510996,0.0333166,0,0,0.142368,0.0372433,-0.0132813,1.19111,1.33111,33.7692,7.69154,nan,0.287672,0.292472,0.295537,0.27966,0.283025,0.292472,0.283025,0.295537,0.27966,1,0,0.0609887,0,0.000796043,-0.0479834,-0.00282576,0.153159,-0.100065,0,0,0,0.159657,-0.0570717,0.0127082,-0.373994,-0.650841,11.2145,11.2396,0,29.6477
11.89,level,-0.394803,-0.362198,-0.0513496,0.0330227,0,0,0.143167,0.0371985,-0.0128735,1.19193,1.33193,33.8462,7.70692,nan,0.287635,0.291267,0.296515,0.278723,0.284042,0.291267,0.284042,0.296515,0.278723,1,0,0.0610199,0,0.000189057,-0.0474013,-0.00464394,0.153947,-0.0989834,0,0,0,0.145868,-0.0438772,0.0219984,-0.479615,-0.725625,11.2827,11.3162,0,29.5907
11.9,level,-0.393468,-0.362491,-0.0515962,0.0324559,0,0,0.143895,0.037029,-0.0136234,1.19276,1.33276,33.9234,7.72226,nan,0.287597,0.29175,0.295664,0.279293,0.283688,0.29175,0.283688,0.295664,0.279293,1,0,0.0609065,0,0.00127696,-0.0462957,-0.00365254,0.154693,-0.0972646,0,0,0,0.145863,-0.0354152,0.0122106,-0.539785,-0.806551,11.3252,11.3667,0,29.5221
11.91,level,-0.392128,-0.362778,-0.0518442,0.0324236,0,0,0.144623,0.0366747,-0.0145729,1.19359,1.33359,34.0007,7.73758,nan,0.287558,0.293002,0.294548,0.280302,0.282387,0.293002,0.282387,0.294548,0.280302,1,0,0.0611059,0,0.00143173,-0.0471064,-0.0015963,0.155412,-0.097224,0,0,0,0.149439,-0.0412187,0.0226094,-0.469463,-0.789022,11.2745,11.3119,0,29.4761
11.92,level,-0.390784,-0.363058,-0.052108,0.0321434,0,0,0.145327,0.0362454,-0.0151825,1.19442,1.33442,34.0781,7.75286,nan,0.287518,0.292471,0.295024,0.279531,0.283054,0.292471,0.283054,0.295024,0.279531,1,0,0.0611839,0,0.00257359,-0.0471998,-0.0026703,0.156182,-0.0964038,0,0,0,0.142415,-0.0384805,0.0193608,-0.464796,-0.841434,11.2956,11.3364,0,29.4186
11.93,level,-0.389433,-0.363332,-0.0522746,0.0322229,0,0,0.146009,0.0356179,-0.0155764,1.19525,1.33525,34.1557,7.7681,nan,0.287477,0.292274,0.295184,0.279235,0.283225,0.292274,0.283225,0.295184,0.279235,1,0,0.0613784,0,0.00286504,-0.0473662,-0.00303276,0.156687,-0.0966545,0,0,0,0.149425,-0.0375517,0.0122289,-0.404028,-0.71196,11.1075,11.1376,0,29.38
11.94,level,-0.388075,-0.3636,-0.0522656,0.0322091,0,0,0.146717,0.0350433,-0.0145816,1.19609,1.33609,34.2334,7.78327,nan,0.287435,0.290018,0.29738,0.277485,0.284868,0.290018,0.284868,0.29738,0.277485,1,0,0.0613706,0,5.6622e-05,-0.0474558,-0.00648053,0.156648,-0.0966918,0,0,0,0.152738,-0.0252515,0.00774075,-0.364338,-0.735059,11.2565,11.2863,0,29.3436
11.95,level,-0.386704,-0.363871,-0.0523907,0.0322721,0,0,0.147387,0.0347244,-0.0136277,1.19693,1.33693,34.3114,7.79838,nan,0.287393,0.29224,0.295306,0.278992,0.283043,0.29224,0.283043,0.295306,0.278992,1,0,0.0615065,0,0.00261424,-0.0483394,-0.00312792,0.157016,-0.0969297,0,0,0,0.145593,-0.0239792,0.0150907,-0.348489,-0.701111,11.3233,11.3503,0,29.3053
11.96,level,-0.385327,-0.364139,-0.0524895,0.0323863,0,0,0.147913,0.0346142,-0.0133364,1.19777,1.33777,34.3894,7.81343,nan,0.28735,0.292303,0.294938,0.279593,0.282573,0.292303,0.282573,0.294938,0.279593,1,0,0.0616498,0,0.000912075,-0.0475116,-0.00246784,0.157392,-0.0970643,0,0,0,0.161305,-0.0382621,0.0186632,-0.43441,-0.68472,11.3186,11.3477,0,29.27
11.97,level,-0.383942,-0.364409,-0.0526742,0.0319813,0,0,0.148447,0.034546,-0.0132986,1.19862,1.33862,34.4676,7.82845,nan,0.287306,0.291734,0.295252,0.279028,0.283217,0.291734,0.283217,0.295252,0.279028,1,0,0.0615917,0,0.00177975,-0.0468803,-0.00338764,0.157929,-0.0958857,0,0,0,0.159203,-0.0476059,0.0180757,-0.402319,-0.661267,11.1342,11.1611,0,29.209
11.98,level,-0.382551,-0.36468,-0.0528086,0.0313816,0,0,0.148944,0.0344528,-0.013232,1.19946,1.33946,34.546,7.84342,nan,0.287261,0.290997,0.296277,0.278398,0.283381,0.290997,0.283381,0.296277,0.278398,1,0,0.0613862,0,-0.000787659,-0.0483083,-0.0045107,0.158315,-0.0941048,0,0,0,0.153466,-0.0479647,0.0189063,-0.430397,-0.741019,11.24,11.2727,0,29.1414
11.99,level,-0.381158,-0.364947,-0.0529322,0.0312704,0,0,0.149296,0.0343629,-0.0150048,1.20031,1.34031,34.6245,7.85833,nan,0.287215,0.291158,0.295562,0.278359,0.283792,0.291158,0.283792,0.295562,0.278359,1,0,0.0614444,0,0.00272887,-0.0465549,-0.00432379,0.158675,-0.0938049,0,0,0,0.157919,-0.0444781,0.0184561,-0.442215,-0.845776,11.3033,11.3435,0,29.0955
12,level,-0.379765,-0.365211,-0.0530559,0.0308474,0,0,0.149703,0.0342773,-0.0146862,1.20117,1.34117,34.7031,7.87318,nan,0.28717,0.291754,0.295119,0.279101,0.282714,0.291754,0.282714,0.295119,0.279101,1,0,0.0613318,0,0.000656826,-0.0474795,-0.00306681,0.159039,-0.0925461,0,0,0,0.156195,-0.037201,0.0204892,-0.413312,-0.836051,11.2602,11.2988,0,29.0359
12.01,level,-0.378365,-0.365475,-0.053162,0.0307043,0,0,0.15011,0.0340649,-0.0138566,1.20203,1.34203,34.7819,7.88797,nan,0.287123,0.291703,0.294746,0.279277,0.282777,0.291703,0.282777,0.294746,0.279277,1,0,0.0613978,0,0.0012088,-0.0462242,-0.00287572,0.15936,-0.0923253,0,0,0,0.147559,-0.0410637,0.0265697,-0.286732,-0.722875,11.1818,11.2088,0,28.9891
12.02,level,-0.376961,-0.365738,-0.053216,0.0304792,0,0,0.15046,0.0338707,-0.0144702,1.20289,1.34289,34.8609,7.90269,nan,0.287077,0.290795,0.2959,0.277635,0.283986,0.290795,0.283986,0.2959,0.277635,1,0,0.0613745,0,0.00330804,-0.0475092,-0.00503515,0.159581,-0.0917304,0,0,0,0.148921,-0.037416,0.00519347,-0.301938,-0.640266,11.213,11.2353,0,28.9406
12.03,level,-0.375553,-0.366,-0.0534018,0.0304904,0,0,0.150839,0.0337468,-0.0142245,1.20375,1.34375,34.94,7.91737,nan,0.287029,0.291704,0.294772,0.278743,0.282908,0.291704,0.282908,0.294772,0.278743,1,0,0.0614405,0,0.00290706,-0.0470378,-0.00317902,0.160093,-0.0913903,0,0,0,0.145618,-0.030492,0.00917919,-0.399155,-0.693243,11.1753,11.2039,0,28.8977
12.04,level,-0.374143,-0.36626,-0.0535811,0.030473,0,0,0.151277,0.0335719,-0.0149073,1.20462,1.34462,35.0192,7.93198,nan,0.286982,0.291183,0.295247,0.278519,0.282988,0.291183,0.282988,0.295247,0.278519,1,0,0.061642,0,0.001074,-0.0472246,-0.00375072,0.160615,-0.0916078,0,0,0,0.154675,-0.044776,0.00537192,-0.330136,-0.635585,11.1793,11.2022,0,28.8536
12.05,level,-0.372728,-0.366517,-0.0538215,0.0303638,0,0,0.151799,0.0334129,-0.0152374,1.20549,1.34549,35.0986,7.94658,nan,0.286934,0.29046,0.295674,0.27784,0.283771,0.29046,0.283771,0.295674,0.27784,1,0,0.0617618,0,0.00190123,-0.0464659,-0.0048985,0.161424,-0.0909486,0,0,0,0.157416,-0.0333716,0.0156539,-0.425835,-0.681217,11.1726,11.2015,0,28.8033
12.06,level,-0.371309,-0.366771,-0.0539832,0.0302194,0,0,0.152325,0.033202,-0.0153632,1.20636,1.34636,35.1781,7.96111,nan,0.286886,0.289812,0.2964,0.277083,0.284257,0.289812,0.284257,0.2964,0.277083,1,0,0.061839,0,0.00155563,-0.0471279,-0.00604927,0.161883,-0.0905401,0,0,0,0.156991,-0.0316953,0.0225396,-0.444526,-0.728474,11.095,11.1278,0,28.7543
12.07,level,-0.369883,-0.367026,-0.0541827,0.0302718,0,0,0.152739,0.0330032,-0.0147039,1.20723,1.34723,35.2578,7.97557,nan,0.286837,0.292239,0.293886,0.279479,0.281752,0.292239,0.281752,0.293886,0.279479,1,0,0.062043,0,0.00165994,-0.0471692,-0.00172311,0.162417,-0.0908458,0,0,0,0.158464,-0.0373728,0.0287234,-0.383261,-0.845418,11.2193,11.2577,0,28.7125
12.08,level,-0.368454,-0.367279,-0.0543479,0.0299445,0,0,0.153017,0.0329724,-0.0154484,1.20811,1.34811,35.3377,7.98997,nan,0.286788,0.290975,0.294845,0.278046,0.283294,0.290975,0.283294,0.294845,0.278046,1,0,0.0620315,0,0.00365601,-0.0463839,-0.00400786,0.162911,-0.0899043,0,0,0,0.159899,-0.0426766,0.0150183,-0.353402,-0.840277,11.2069,11.2439,0,28.6553
12.09,level,-0.367025,-0.36753,-0.0545696,0.0297536,0,0,0.153334,0.0329813,-0.0162898,1.209,1.349,35.4176,8.00429,nan,0.286738,0.29174,0.294193,0.278936,0.282094,0.29174,0.282094,0.294193,0.278936,1,0,0.0621621,0,0.00186931,-0.0471865,-0.00246664,0.16359,-0.08945,0,0,0,0.159672,-0.0439308,0.0208965,-0.250074,-0.857797,11.1499,11.1857,0,28.6022
12.1,level,-0.365595,-0.367778,-0.0547613,0.0296021,0,0,0.153743,0.0329275,-0.0159433,1.20988,1.34988,35.4977,8.01856,nan,0.286689,0.290474,0.295411,0.277884,0.282996,0.290474,0.282996,0.295411,0.277884,1,0,0.0622387,0,0.000463559,-0.0473794,-0.00441687,0.164152,-0.0888838,0,0,0,0.160865,-0.0302661,0.017995,-0.330805,-0.686263,11.175,11.201,0,28.552
12.11,level,-0.364157,-0.368029,-0.0549556,0.0294581,0,0,0.154195,0.032913,-0.0157253,1.21077,1.35077,35.578,8.03276,nan,0.286639,0.28999,0.295412,0.277336,0.283828,0.28999,0.283828,0.295412,0.277336,1,0,0.0623383,0,0.00283813,-0.0459264,-0.00523686,0.16475,-0.0884889,0,0,0,0.169499,-0.030994,0.0127752,-0.315976,-0.745582,11.2526,11.2817,0,28.502
12.12,level,-0.362715,-0.368281,-0.055207,0.029379,0,0,0.154589,0.0327791,-0.0157763,1.21166,1.35166,35.6584,8.04695,nan,0.286588,0.291288,0.294451,0.278938,0.281688,0.291288,0.281688,0.294451,0.278938,1,0,0.062514,0,-0.00109559,-0.0475835,-0.00259877,0.165492,-0.0882328,0,0,0,0.162981,-0.0384969,0.007055,-0.326566,-0.776637,11.225,11.2566,0,28.4531
12.13,level,-0.361268,-0.368531,-0.0553954,0.0291897,0,0,0.155016,0.032621,-0.0155359,1.21256,1.35256,35.7389,8.06106,nan,0.286538,0.29025,0.29551,0.277362,0.28304,0.29025,0.28304,0.29551,0.277362,1,0,0.0626017,0,0.00110871,-0.0480476,-0.00480794,0.166203,-0.0874102,0,0,0,0.167097,-0.0433723,0.0178588,-0.425837,-0.682991,11.1615,11.1905,0,28.4014
12.14,level,-0.359817,-0.36878,-0.0556384,0.0288695,0,0,0.155469,0.0323937,-0.0154435,1.21346,1.35346,35.8196,8.07511,nan,0.286487,0.290713,0.294498,0.277906,0.282841,0.290713,0.282841,0.294498,0.277906,1,0,0.0626397,0,0.00305081,-0.0463541,-0.00383246,0.166822,-0.0865365,0,0,0,0.159906,-0.0313463,0.0117999,-0.401537,-0.759816,11.1313,11.1645,0,28.3419
12.15,level,-0.35836,-0.369028,-0.0558455,0.0284049,0,0,0.156021,0.0321978,-0.0163167,1.21436,1.35436,35.9004,8.08909,nan,0.286436,0.29046,0.294453,0.277922,0.28292,0.29046,0.28292,0.294453,0.277922,1,0,0.0626283,0,0.00266614,-0.0456094,-0.00395225,0.167429,-0.0851943,0,0,0,0.158951,-0.0466266,0.0206549,-0.422984,-0.866605,11.2019,11.2434,0,28.2772
12.16,level,-0.356899,-0.369272,-0.0560884,0.0281906,0,0,0.156609,0.0320034,-0.015968,1.21527,1.35527,35.9814,8.103,nan,0.286385,0.290623,0.294334,0.278111,0.28248,0.290623,0.28248,0.294334,0.278111,1,0,0.0627386,0,0.00174516,-0.0461686,-0.00355145,0.168119,-0.0846345,0,0,0,0.148838,-0.0387862,0.0230363,-0.325637,-0.751451,11.167,11.197,0,28.2223
12.17,level,-0.355431,-0.369515,-0.0561908,0.027803,0,0,0.157206,0.0317499,-0.0155808,1.21618,1.35618,36.0625,8.11686,nan,0.286333,0.28955,0.295359,0.2769,0.283533,0.28955,0.283533,0.295359,0.2769,1,0,0.062693,0,0.0021882,-0.0463773,-0.00546822,0.168457,-0.0835601,0,0,0,0.165343,-0.0414545,0.0288446,-0.253607,-0.894038,11.0943,11.1331,0,28.1644
12.18,level,-0.353955,-0.369758,-0.0563379,0.0276839,0,0,0.157712,0.0314122,-0.0151247,1.21709,1.35709,36.1437,8.13066,nan,0.286281,0.290833,0.294029,0.277877,0.282395,0.290833,0.282395,0.294029,0.277877,1,0,0.0627842,0,0.00350933,-0.046592,-0.00339047,0.168925,-0.0832693,0,0,0,0.165343,-0.0327438,0.00984213,-0.24705,-0.746714,11.1242,11.152,0,28.1171
12.19,level,-0.352472,-0.369999,-0.0565644,0.0277078,0,0,0.158225,0.0310789,-0.0151016,1.21801,1.35801,36.2251,8.14442,nan,0.286228,0.290659,0.29409,0.27825,0.281925,0.290659,0.281925,0.29409,0.27825,1,0,0.0629663,0,0.000649093,-0.0465614,-0.00312342,0.169562,-0.0832807,0,0,0,0.153882,-0.0375518,0.0214069,-0.286887,-0.723829,11.1448,11.1719,0,28.0734
12.2,level,-0.350987,-0.370234,-0.0566599,0.0276468,0,0,0.158736,0.0306503,-0.0160785,1.21893,1.35893,36.3066,8.15815,nan,0.286176,0.290044,0.294565,0.278148,0.281957,0.290044,0.281957,0.294565,0.278148,1,0,0.0630344,0,-0.00188724,-0.0464297,-0.00366144,0.170007,-0.0827699,0,0,0,0.171429,-0.0362296,0.0209494,-0.364972,-0.666826,11.1033,11.1293,0,28.0303
12.21,level,-0.349498,-0.370463,-0.0568984,0.0274335,0,0,0.159239,0.0301615,-0.0171952,1.21985,1.35985,36.3882,8.1718,nan,0.286123,0.288966,0.295561,0.276674,0.2833,0.288966,0.2833,0.295561,0.276674,1,0,0.0631365,0,8.49724e-05,-0.0465241,-0.00581084,0.170602,-0.0822489,0,0,0,0.16883,-0.0241385,0.025578,-0.387578,-0.828744,11.0262,11.0641,0,27.9752
12.22,level,-0.348004,-0.370687,-0.0570985,0.0272482,0,0,0.15983,0.0296642,-0.0165828,1.22078,1.36078,36.47,8.18538,nan,0.286069,0.291019,0.293302,0.27839,0.281576,0.291019,0.281576,0.293302,0.27839,1,0,0.0632421,0,0.00239587,-0.0461482,-0.00240364,0.171222,-0.0816496,0,0,0,0.154046,-0.041427,0.0115421,-0.465647,-0.838792,11.0946,11.136,0,27.9226
12.23,level,-0.346504,-0.370906,-0.0572641,0.0268712,0,0,0.160405,0.0292038,-0.0170924,1.22171,1.36171,36.5519,8.1989,nan,0.286015,0.28989,0.294213,0.277404,0.282565,0.28989,0.282565,0.294213,0.277404,1,0,0.0632195,0,0.00222144,-0.0457301,-0.00416875,0.171667,-0.0806147,0,0,0,0.155663,-0.0327347,0.0171381,-0.3541,-0.841097,11.1456,11.1829,0,27.862
12.24,level,-0.344997,-0.371121,-0.057363,0.0268141,0,0,0.161016,0.0287003,-0.0172171,1.22264,1.36264,36.634,8.21241,nan,0.285961,0.289794,0.294539,0.276543,0.282979,0.289794,0.282979,0.294539,0.276543,1,0,0.0633137,0,0.0044853,-0.0470118,-0.00491429,0.171967,-0.080627,0,0,0,0.15276,-0.0361172,0.0260387,-0.230331,-0.826297,11.0931,11.1263,0,27.8182
12.25,level,-0.343484,-0.371333,-0.0574011,0.0266438,0,0,0.161588,0.028309,-0.0164793,1.22358,1.36358,36.7162,8.22585,nan,0.285906,0.290037,0.294312,0.277159,0.282125,0.290037,0.282125,0.294312,0.277159,1,0,0.0632911,0,0.00182995,-0.0474942,-0.00406145,0.17213,-0.0801561,0,0,0,0.17362,-0.0349134,0.007406,-0.214551,-0.787978,11.0704,11.1005,0,27.7711
12.26,level,-0.341964,-0.371541,-0.0574883,0.0266879,0,0,0.1621,0.0279076,-0.0171914,1.22452,1.36452,36.7985,8.23927,nan,0.28585,0.289043,0.295498,0.276585,0.282286,0.289043,0.282286,0.295498,0.276585,1,0,0.0633589,0,-0.00200067,-0.0486388,-0.00534231,0.172365,-0.0801171,0,0,0,0.179105,-0.0182004,0.0193717,-0.299972,-0.826213,11.1353,11.17,0,27.7321
12.27,level,-0.34044,-0.371745,-0.0574898,0.0268279,0,0,0.162409,0.0276804,-0.0165288,1.22547,1.36547,36.8809,8.25263,nan,0.285794,0.290193,0.293704,0.277548,0.281743,0.290193,0.281743,0.293704,0.277548,1,0,0.063468,0,0.00181747,-0.0466237,-0.00338668,0.172412,-0.0807255,0,0,0,0.172906,-0.0280726,0.0157671,-0.229475,-0.74119,11.1101,11.1371,0,27.7004
12.28,level,-0.338913,-0.371949,-0.0576348,0.0264519,0,0,0.162735,0.0273771,-0.0169257,1.22642,1.36642,36.9635,8.26594,nan,0.285738,0.288754,0.295138,0.276104,0.282966,0.288754,0.282966,0.295138,0.276104,1,0,0.0633777,0,0.00126754,-0.04703,-0.00582213,0.172807,-0.0793198,0,0,0,0.16812,-0.0250054,0.00948933,-0.35352,-0.803404,11.0075,11.0424,0,27.64
12.29,level,-0.33738,-0.372151,-0.0577768,0.0261635,0,0,0.162986,0.0269839,-0.0161802,1.22737,1.36737,37.0463,8.27917,nan,0.285681,0.288539,0.294906,0.276008,0.283281,0.288539,0.283281,0.294906,0.276008,1,0,0.0633928,0,0.00240548,-0.0457713,-0.00599492,0.173222,-0.0784937,0,0,0,0.165124,-0.0379778,0.0119161,-0.350399,-0.848032,11.0584,11.0964,0,27.5837
12.3,level,-0.335841,-0.372351,-0.0579244,0.0257171,0,0,0.163369,0.026448,-0.0149871,1.22833,1.36833,37.1291,8.29234,nan,0.285623,0.290342,0.29326,0.277619,0.281284,0.290342,0.281284,0.29326,0.277619,1,0,0.0633476,0,0.00198188,-0.0468012,-0.00289325,0.173651,-0.0771938,0,0,0,0.161671,-0.0258914,0.0224308,-0.300286,-0.817784,11.0812,11.1154,0,27.5196
12.31,level,-0.334296,-0.372548,-0.058013,0.0255571,0,0,0.163779,0.0260116,-0.0159698,1.22929,1.36929,37.2121,8.30546,nan,0.285565,0.287748,0.295684,0.275138,0.283703,0.287748,0.283703,0.295684,0.275138,1,0,0.063374,0,0.00167041,-0.0465943,-0.0072527,0.173925,-0.0767361,0,0,0,0.167618,-0.0292803,0.0250188,-0.286602,-0.8375,10.996,11.0316,0,27.4708
12.32,level,-0.332747,-0.372741,-0.0581165,0.025513,0,0,0.164144,0.0256313,-0.016165,1.23025,1.37025,37.2952,8.31851,nan,0.285507,0.289974,0.293596,0.277109,0.28136,0.289974,0.28136,0.293596,0.277109,1,0,0.0634792,0,0.00166866,-0.047561,-0.00346052,0.174259,-0.0767265,0,0,0,0.167203,-0.0252528,0.0123375,-0.177589,-0.886842,11.069,11.1059,0,27.427
12.33,level,-0.331197,-0.372928,-0.0583216,0.0254568,0,0,0.164536,0.0253023,-0.0166532,1.23122,1.37122,37.3785,8.3315,nan,0.285448,0.290056,0.293243,0.277012,0.281491,0.290056,0.281491,0.293243,0.277012,1,0,0.0636593,0,0.00342429,-0.0469833,-0.00336951,0.174898,-0.0766057,0,0,0,0.174721,-0.0403547,0.0116192,-0.22661,-0.748966,11.0743,11.102,0,27.3793
12.34,level,-0.329644,-0.373111,-0.0584603,0.0252339,0,0,0.164945,0.025042,-0.0168956,1.23219,1.37219,37.4618,8.34444,nan,0.285388,0.28911,0.294136,0.276624,0.281697,0.28911,0.281697,0.294136,0.276624,1,0,0.0636855,0,0.000124365,-0.0472281,-0.004439,0.175295,-0.0758847,0,0,0,0.174825,-0.0344176,0.0171519,-0.242527,-0.75539,11.0931,11.1214,0,27.3258
12.35,level,-0.328087,-0.373293,-0.0585316,0.0251555,0,0,0.165274,0.0248461,-0.0171617,1.23317,1.37317,37.5453,8.35736,nan,0.285329,0.289226,0.29418,0.276486,0.281436,0.289226,0.281436,0.29418,0.276486,1,0,0.0636855,0,-9.55782e-06,-0.0482863,-0.00435326,0.175491,-0.0754696,0,0,0,0.167655,-0.0329973,0.0225959,-0.326479,-0.836677,10.9549,10.9917,0,27.2814
12.36,level,-0.326527,-0.373474,-0.0586665,0.0248021,0,0,0.165578,0.0247976,-0.0160991,1.23415,1.37415,37.629,8.37022,nan,0.285268,0.288387,0.294317,0.276062,0.282319,0.288387,0.282319,0.294317,0.276062,1,0,0.0636668,0,0.00086799,-0.0460873,-0.00535662,0.175964,-0.074289,0,0,0,0.172556,-0.0311581,0.0161077,-0.447537,-0.85608,11.064,11.1061,0,27.2218
12.37,level,-0.324959,-0.373657,-0.0588368,0.0246706,0,0,0.165859,0.024677,-0.0162447,1.23513,1.37513,37.7127,8.38303,nan,0.285208,0.288679,0.294035,0.275924,0.282205,0.288679,0.282205,0.294035,0.275924,1,0,0.0637716,0,0.00245399,-0.0465831,-0.00511482,0.1764,-0.0740196,0,0,0,0.163984,-0.0334068,0.0161935,-0.320208,-0.844747,11.0152,11.0521,0,27.1719
12.38,level,-0.323391,-0.373839,-0.058954,0.0244503,0,0,0.166124,0.0245047,-0.0166106,1.23612,1.37612,37.7966,8.3958,nan,0.285147,0.289179,0.293521,0.27662,0.281279,0.289179,0.281279,0.293521,0.27662,1,0,0.0638164,0,0.000842278,-0.046995,-0.00395638,0.176764,-0.0735159,0,0,0,0.165549,-0.0229542,0.0169714,-0.209686,-0.822065,11.0435,11.0761,0,27.1196
12.39,level,-0.321821,-0.374017,-0.0591157,0.0242125,0,0,0.166455,0.0243404,-0.0170798,1.23711,1.37711,37.8807,8.40851,nan,0.285085,0.288611,0.293817,0.276486,0.28144,0.288611,0.28144,0.293817,0.276486,1,0,0.0638986,0,-0.000666431,-0.0464265,-0.0044655,0.177291,-0.0728719,0,0,0,0.166289,-0.0180725,0.0157549,-0.14466,-0.815844,10.9853,11.0165,0,27.0651
12.4,level,-0.320247,-0.374194,-0.0592499,0.0242228,0,0,0.166757,0.0241157,-0.016863,1.23811,1.37811,37.9648,8.42117,nan,0.285024,0.289387,0.293037,0.276905,0.280779,0.289387,0.280779,0.293037,0.276905,1,0,0.0640104,0,0.000593141,-0.0468772,-0.00330651,0.177673,-0.0728197,0,0,0,0.184153,-0.0262003,0.0157392,-0.23752,-0.769469,11.0908,11.12,0,27.0235
12.41,level,-0.318673,-0.374368,-0.0593965,0.0239964,0,0,0.167062,0.0238793,-0.0177423,1.23911,1.37911,38.0491,8.4338,nan,0.284962,0.288436,0.293381,0.276462,0.281581,0.288436,0.281581,0.293381,0.276462,1,0,0.0640328,0,0.000461213,-0.0450478,-0.00442366,0.178106,-0.0719662,0,0,0,0.179403,-0.0181481,0.0210996,-0.295448,-0.770921,10.9258,10.957,0,26.9701
12.42,level,-0.317095,-0.374538,-0.05952,0.0238366,0,0,0.167442,0.0234075,-0.017303,1.24012,1.38012,38.1335,8.44639,nan,0.2849,0.288743,0.293438,0.276131,0.281299,0.288743,0.281299,0.293438,0.276131,1,0,0.0641072,0,0.00125363,-0.0468993,-0.00433492,0.178524,-0.0713852,0,0,0,0.169791,-0.0284504,0.0143867,-0.403527,-0.819407,11.0079,11.0457,0,26.9207
12.43,level,-0.315513,-0.374703,-0.059665,0.0234077,0,0,0.167886,0.0228781,-0.0179558,1.24113,1.38113,38.218,8.45898,nan,0.284837,0.288152,0.293572,0.275432,0.282205,0.288152,0.282205,0.293572,0.275432,1,0,0.0640626,0,0.00358982,-0.045639,-0.00535924,0.178897,-0.0702415,0,0,0,0.172339,-0.0328776,0.0186667,-0.316855,-0.947701,11.0391,11.0842,0,26.8575
12.44,level,-0.313924,-0.374864,-0.0596711,0.0229291,0,0,0.168373,0.0222685,-0.0173684,1.24214,1.38214,38.3026,8.47153,nan,0.284775,0.28802,0.293637,0.275592,0.281862,0.28802,0.281862,0.293637,0.275592,1,0,0.0639135,0,0.00173257,-0.0458606,-0.0052245,0.178905,-0.0689071,0,0,0,0.16492,-0.0226081,0.0151694,-0.20243,-0.907899,10.9588,10.9982,0,26.7959
12.45,level,-0.312329,-0.375021,-0.0597872,0.0228215,0,0,0.168817,0.0216468,-0.0166649,1.24316,1.38316,38.3874,8.48403,nan,0.284712,0.288531,0.293334,0.275711,0.281283,0.288531,0.281283,0.293334,0.275711,1,0,0.0639918,0,0.00203804,-0.0471249,-0.00456026,0.179257,-0.0685972,0,0,0,0.163879,-0.0163391,0.011974,-0.16733,-0.954188,10.9217,10.9646,0,26.7487
12.46,level,-0.310728,-0.375173,-0.0599044,0.0226322,0,0,0.16923,0.0211246,-0.0169997,1.24418,1.38418,38.4723,8.49645,nan,0.284648,0.287839,0.293784,0.275153,0.281828,0.287839,0.281828,0.293784,0.275153,1,0,0.0640291,0,0.00193708,-0.0466911,-0.00554687,0.179614,-0.0680015,0,0,0,0.17226,-0.0281058,0.0272064,-0.22765,-0.841669,10.9939,11.0284,0,26.6973
12.47,level,-0.309123,-0.37532,-0.0599789,0.0222851,0,0,0.169666,0.0206618,-0.0170208,1.2452,1.3852,38.5573,8.5088,nan,0.284584,0.287934,0.293536,0.275337,0.281542,0.287934,0.281542,0.293536,0.275337,1,0,0.0640365,0,0.00160319,-0.0465946,-0.00518942,0.179965,-0.0671382,0,0,0,0.179962,-0.0108945,0.0174184,-0.203212,-0.697959,11.0543,11.0781,0,26.6395
12.48,level,-0.307512,-0.375463,-0.0601059,0.0221108,0,0,0.170153,0.0203019,-0.0171663,1.24623,1.38623,38.6425,8.52109,nan,0.28452,0.287639,0.293535,0.275292,0.281626,0.287639,0.281626,0.293535,0.275292,1,0,0.0640291,0,0.00116041,-0.0459615,-0.00537494,0.180239,-0.0663493,0,0,0,0.183841,-0.02964,0.0097443,-0.272872,-0.821737,10.9051,10.9395,0,26.5884
12.49,level,-0.305897,-0.375603,-0.0601941,0.0218595,0,0,0.170649,0.019955,-0.0175663,1.24727,1.38727,38.7278,8.53332,nan,0.284455,0.288301,0.292741,0.276159,0.280633,0.288301,0.280633,0.292741,0.276159,1,0,0.0640104,0,8.8633e-05,-0.0459475,-0.0039182,0.180481,-0.0656118,0,0,0,0.168029,-0.0393695,0.0205268,-0.291215,-0.947793,10.9521,10.9969,0,26.5347
12.5,level,-0.304278,-0.375739,-0.0603626,0.0217663,0,0,0.171027,0.0196262,-0.0177768,1.24831,1.38831,38.8131,8.5455,nan,0.28439,0.288087,0.292663,0.275314,0.281509,0.288087,0.281509,0.292663,0.275314,1,0,0.0641481,0,0.00429428,-0.045337,-0.00473421,0.181007,-0.0652472,0,0,0,0.175096,-0.0107689,0.0282083,-0.332116,-0.944276,10.9861,11.0316,0,26.4861
12.51,level,-0.302657,-0.375871,-0.0604956,0.0216036,0,0,0.17148,0.0192632,-0.0187921,1.24935,1.38935,38.8987,8.55763,nan,0.284325,0.287372,0.293348,0.275195,0.281398,0.287372,0.281398,0.293348,0.275195,1,0,0.0642224,0,0.000603865,-0.0457171,-0.00535299,0.181394,-0.0649218,0,0,0,0.175128,-0.029414,0.0206359,-0.201995,-0.920904,10.9297,10.9703,0,26.4353
12.52,level,-0.301033,-0.375997,-0.0605674,0.0216022,0,0,0.171843,0.0189323,-0.018827,1.2504,1.3904,38.9843,8.56971,nan,0.284259,0.288478,0.292385,0.275926,0.280262,0.288478,0.280262,0.292385,0.275926,1,0,0.0642892,0,0.00114073,-0.046754,-0.00362314,0.181608,-0.0648296,0,0,0,0.173499,-0.0292975,0.0273843,-0.260184,-0.809063,10.9532,10.9861,0,26.3942
12.53,level,-0.299408,-0.37612,-0.0607299,0.0215032,0,0,0.172133,0.0187441,-0.019268,1.25145,1.39145,39.07,8.58176,nan,0.284194,0.28746,0.292871,0.275336,0.281122,0.28746,0.281122,0.292871,0.275336,1,0,0.06443,0,0.000995504,-0.0452325,-0.00492147,0.182119,-0.0646423,0,0,0,0.184927,-0.0177701,0.016034,-0.20329,-0.789821,10.967,10.9973,0,26.3457
12.54,level,-0.297779,-0.376242,-0.0608686,0.0214183,0,0,0.17253,0.0185864,-0.0189461,1.2525,1.3925,39.1559,8.59377,nan,0.284128,0.287164,0.293063,0.274825,0.281474,0.287164,0.281474,0.293063,0.274825,1,0,0.0645188,0,0.00198983,-0.0453385,-0.00551552,0.18252,-0.0643957,0,0,0,0.175462,-0.0265549,0.0310154,-0.205251,-0.788273,10.9773,11.0075,0,26.2987
12.55,level,-0.296145,-0.376363,-0.0609756,0.0211764,0,0,0.172996,0.0183143,-0.0194704,1.25357,1.39357,39.2419,8.60571,nan,0.284062,0.288408,0.292177,0.275626,0.280049,0.288408,0.280049,0.292177,0.275626,1,0,0.0645299,0,0.00173637,-0.0472009,-0.00360056,0.182845,-0.063523,0,0,0,0.180159,-0.0165557,0.0273329,-0.281051,-0.92114,10.9118,10.9542,0,26.2449
12.56,level,-0.294508,-0.37648,-0.0610731,0.0207413,0,0,0.173441,0.0182051,-0.0196709,1.25463,1.39463,39.328,8.61759,nan,0.283995,0.287864,0.292193,0.275179,0.280759,0.287864,0.280759,0.292193,0.275179,1,0,0.0644707,0,0.00332196,-0.0457005,-0.00435526,0.183169,-0.0621161,0,0,0,0.169984,-0.0223745,0.0203772,-0.367126,-0.87692,10.9377,10.9789,0,26.182
12.57,level,-0.292868,-0.376596,-0.0611396,0.0205285,0,0,0.173932,0.0180972,-0.0202373,1.2557,1.3957,39.4143,8.62942,nan,0.283929,0.287104,0.292866,0.274195,0.281563,0.287104,0.281563,0.292866,0.274195,1,0,0.0644596,0,0.00426055,-0.0458768,-0.00577136,0.183313,-0.061637,0,0,0,0.167423,-0.0200575,0.01428,-0.231281,-0.996115,10.951,10.9986,0,26.1309
12.58,level,-0.291222,-0.376711,-0.0612095,0.0203323,0,0,0.174449,0.0179408,-0.020172,1.25677,1.39677,39.5006,8.64119,nan,0.283862,0.286445,0.293356,0.274054,0.281605,0.286445,0.281605,0.293356,0.274054,1,0,0.0644929,0,0.0016986,-0.0457435,-0.0063569,0.183557,-0.0611486,0,0,0,0.180297,-0.0215971,0.0106114,-0.143287,-0.915402,10.9245,10.9637,0,26.0806
12.59,level,-0.289571,-0.376825,-0.0613009,0.0201292,0,0,0.174861,0.0176776,-0.0196821,1.25785,1.39785,39.5871,8.65292,nan,0.283794,0.28804,0.291881,0.275647,0.279624,0.28804,0.279624,0.291881,0.275647,1,0,0.0645668,0,0.000360479,-0.0467086,-0.00343623,0.183917,-0.0606648,0,0,0,0.180547,-0.0197962,0.0296843,-0.101554,-0.780144,10.9412,10.9694,0,26.0294
12.6,level,-0.287917,-0.376936,-0.0613819,0.0199996,0,0,0.175228,0.0174114,-0.0199518,1.25893,1.39893,39.6737,8.66457,nan,0.283727,0.287192,0.292212,0.275346,0.280171,0.287192,0.280171,0.292212,0.275346,1,0,0.0645927,0,-0.000516826,-0.0452614,-0.00432709,0.184133,-0.0602523,0,0,0,0.181632,-0.022255,0.0106291,-0.0922442,-0.817309,10.8627,10.8938,0,25.9823
12.61,level,-0.286259,-0.377044,-0.0614403,0.0197238,0,0,0.175544,0.0169896,-0.0195724,1.26002,1.40002,39.7604,8.67614,nan,0.283659,0.286896,0.292529,0.274951,0.280273,0.286896,0.280273,0.292529,0.274951,1,0,0.0645114,0,-0.000824148,-0.0458558,-0.0048147,0.184269,-0.0591042,0,0,0,0.181302,-0.0265454,0.0270401,-0.332104,-0.909259,10.8747,10.9177,0,25.9284
12.62,level,-0.284596,-0.37715,-0.0615133,0.0195355,0,0,0.175745,0.016469,-0.0196599,1.26111,1.40111,39.8472,8.68767,nan,0.283591,0.286089,0.293354,0.273783,0.281151,0.286089,0.281151,0.293354,0.273783,1,0,0.0645225,0,0.000273749,-0.0464372,-0.0064317,0.184475,-0.0585672,0,0,0,0.178792,-0.0301745,0.00968011,-0.34734,-1.01047,10.9573,11.0093,0,25.8785
12.63,level,-0.282928,-0.377252,-0.0616042,0.0191653,0,0,0.175883,0.016038,-0.0190917,1.26221,1.40221,39.9341,8.69914,nan,0.283522,0.28569,0.293243,0.27393,0.28124,0.28569,0.28124,0.293243,0.27393,1,0,0.0645077,0,-0.000643718,-0.0450251,-0.00653314,0.184734,-0.0575858,0,0,0,0.181875,-0.0229185,0.026046,-0.178516,-0.9707,10.9106,10.9551,0,25.819
12.64,level,-0.281258,-0.377352,-0.0616956,0.0190276,0,0,0.175931,0.0157189,-0.0190698,1.26331,1.40331,40.0212,8.71057,nan,0.283453,0.28785,0.291178,0.275693,0.279106,0.28785,0.279106,0.291178,0.275693,1,0,0.0645631,0,0.000225026,-0.0459114,-0.00296304,0.185022,-0.0572598,0,0,0,0.171212,-0.0117051,0.0237632,-0.10195,-0.878778,10.8399,10.876,0,25.7713
12.65,level,-0.27959,-0.377448,-0.0617847,0.0190192,0,0,0.17587,0.0154062,-0.0192632,1.26442,1.40442,40.1083,8.72194,nan,0.283384,0.285238,0.293933,0.272424,0.281956,0.285238,0.281956,0.293933,0.272424,1,0,0.0646333,0,0.00222032,-0.0469717,-0.00801137,0.185259,-0.0571536,0,0,0,0.170604,-0.0185978,0.0168222,-0.177009,-0.885661,10.8831,10.9205,0,25.7302
12.66,level,-0.277921,-0.377543,-0.0619034,0.01894,0,0,0.175743,0.0151343,-0.0187605,1.26553,1.40553,40.1956,8.73328,nan,0.283315,0.28616,0.293051,0.273387,0.280675,0.28616,0.280675,0.293051,0.273387,1,0,0.0647254,0,0.00105391,-0.0476519,-0.00623199,0.18564,-0.0567765,0,0,0,0.176736,-0.0235631,0.0203301,-0.252026,-0.79917,10.8979,10.9301,0,25.6849
12.67,level,-0.276251,-0.377636,-0.0619923,0.0185975,0,0,0.17569,0.0149218,-0.0186304,1.26664,1.40664,40.283,8.74459,nan,0.283246,0.2863,0.292213,0.274315,0.280168,0.2863,0.280168,0.292213,0.274315,1,0,0.0646996,0,-0.000161447,-0.0455315,-0.00517172,0.185882,-0.0558194,0,0,0,0.170778,-0.0242628,0.0210401,-0.224125,-0.866562,10.8601,10.8969,0,25.6274
12.68,level,-0.274581,-0.377729,-0.062062,0.0183356,0,0,0.175605,0.0146788,-0.0181236,1.26776,1.40776,40.3705,8.75585,nan,0.283176,0.285723,0.292804,0.273052,0.281138,0.285723,0.281138,0.292804,0.273052,1,0,0.0647107,0,0.00266491,-0.0461142,-0.00666604,0.186122,-0.0550873,0,0,0,0.191219,-0.0213644,0.0315247,-0.181612,-0.922314,10.9765,11.0167,0,25.5747
12.69,level,-0.27291,-0.37782,-0.0621805,0.0180966,0,0,0.175582,0.0144771,-0.0180945,1.26889,1.40889,40.4581,8.76708,nan,0.283106,0.286867,0.291643,0.273904,0.280024,0.286867,0.280024,0.291643,0.273904,1,0,0.0647549,0,0.00356655,-0.0465775,-0.0047886,0.186466,-0.0543851,0,0,0,0.182486,-0.0191707,0.0172602,-0.161955,-0.92128,10.848,10.8882,0,25.5221
12.7,level,-0.271239,-0.37791,-0.0622216,0.0179312,0,0,0.175539,0.0143905,-0.018627,1.27001,1.41001,40.5458,8.77827,nan,0.283036,0.285073,0.292965,0.272764,0.281358,0.285073,0.281358,0.292965,0.272764,1,0,0.0647438,0,0.0018645,-0.0453179,-0.00724575,0.186591,-0.0539056,0,0,0,0.181586,-0.0220909,0.0228462,-0.150691,-0.912701,10.8474,10.8868,0,25.4754
12.71,level,-0.26957,-0.377999,-0.0623167,0.0178542,0,0,0.17543,0.0142077,-0.0189895,1.27115,1.41115,40.6337,8.78941,nan,0.282966,0.286818,0.291473,0.274007,0.279582,0.286818,0.279582,0.291473,0.274007,1,0,0.0648322,0,0.0024412,-0.0468073,-0.00449643,0.186898,-0.0537373,0,0,0,0.18478,-0.0248937,0.028654,-0.123015,-0.852216,10.8645,10.8986,0,25.4321
12.72,level,-0.267904,-0.378083,-0.0624154,0.0179454,0,0,0.175447,0.0139114,-0.0192056,1.27229,1.41229,40.7216,8.8005,nan,0.282896,0.286621,0.291169,0.274289,0.279521,0.286621,0.279521,0.291169,0.274289,1,0,0.0649241,0,0.00181745,-0.0454379,-0.00429847,0.187189,-0.0537823,0,0,0,0.184088,-0.0175147,0.020952,-0.239894,-0.800689,10.8889,10.9209,0,25.3975
12.73,level,-0.266238,-0.378165,-0.06251,0.0177246,0,0,0.175611,0.0135086,-0.0195654,1.27343,1.41343,40.8097,8.81152,nan,0.282827,0.286527,0.291257,0.273747,0.279789,0.286527,0.279789,0.291257,0.273747,1,0,0.0649645,0,0.00347974,-0.0459442,-0.00473486,0.187449,-0.0532194,0,0,0,0.179949,-0.0278793,0.0213087,-0.20497,-0.872975,10.8102,10.8473,0,25.3471
12.74,level,-0.264569,-0.378242,-0.0626069,0.0174679,0,0,0.176069,0.0130774,-0.0198203,1.27458,1.41458,40.8978,8.82248,nan,0.282757,0.285498,0.291984,0.272744,0.280815,0.285498,0.280815,0.291984,0.272744,1,0,0.0649681,0,0.0042063,-0.0453286,-0.00639812,0.187738,-0.0523963,0,0,0,0.172734,-0.0282816,0.0171222,-0.262873,-0.96914,10.8613,10.9076,0,25.2949
12.75,level,-0.262894,-0.378315,-0.062702,0.0172226,0,0,0.176676,0.0127021,-0.0194936,1.27573,1.41573,40.9861,8.83343,nan,0.282687,0.28654,0.291104,0.273523,0.279594,0.28654,0.279594,0.291104,0.273523,1,0,0.0650268,0,0.00399672,-0.0464727,-0.00467416,0.188046,-0.0518022,0,0,0,0.184338,-0.0148031,0.0383572,-0.103696,-0.953136,10.9127,10.9547,0,25.2433
12.76,level,-0.261212,-0.378386,-0.0627638,0.0170136,0,0,0.177409,0.0124804,-0.0195714,1.27689,1.41689,41.0745,8.84435,nan,0.282616,0.286121,0.291078,0.273706,0.279573,0.286121,0.279573,0.291078,0.273706,1,0,0.0650305,0,0.00241302,-0.045325,-0.0047574,0.188233,-0.051196,0,0,0,0.180423,-0.0147321,0.0224323,-0.0591317,-0.992964,10.777,10.8228,0,25.1944
12.77,level,-0.259524,-0.378454,-0.0628257,0.0168633,0,0,0.178007,0.0123153,-0.020322,1.27805,1.41805,41.163,8.85522,nan,0.282546,0.285516,0.291583,0.273053,0.280045,0.285516,0.280045,0.291583,0.273053,1,0,0.0650415,0,0.00245518,-0.0454765,-0.00573991,0.188401,-0.050711,0,0,0,0.174362,-0.0085183,0.0262417,-0.109419,-0.940285,10.9304,10.9713,0,25.1485
12.78,level,-0.257833,-0.37852,-0.062913,0.0168478,0,0,0.178577,0.0120742,-0.0202414,1.27921,1.41921,41.2516,8.86605,nan,0.282475,0.285552,0.291091,0.273616,0.279655,0.285552,0.279655,0.291091,0.273616,1,0,0.0651294,0,0.00132535,-0.0442835,-0.00508892,0.188672,-0.0506462,0,0,0,0.184928,-0.0148257,0.0306192,-0.156239,-0.822374,10.8698,10.902,0,25.1089
12.79,level,-0.256136,-0.378583,-0.0629756,0.0163387,0,0,0.178975,0.0116526,-0.0203624,1.28038,1.42038,41.3403,8.87684,nan,0.282404,0.28563,0.291257,0.272984,0.27976,0.28563,0.27976,0.291257,0.272984,1,0,0.0650525,0,0.00304747,-0.0457449,-0.0054513,0.188849,-0.0490958,0,0,0,0.180161,-0.0216751,0.030821,-0.152178,-0.973185,10.8324,10.8771,0,25.0446
12.8,level,-0.254432,-0.378643,-0.0630088,0.0159336,0,0,0.179404,0.0112191,-0.0195813,1.28156,1.42156,41.4291,8.88758,nan,0.282333,0.285114,0.291573,0.272375,0.280282,0.285114,0.280282,0.291573,0.272375,1,0,0.0649608,0,0.00384066,-0.0455324,-0.00631376,0.188946,-0.0477951,0,0,0,0.17519,-0.0167555,0.0180861,-0.234907,-1.0307,10.8813,10.9325,0,24.9864
12.81,level,-0.252722,-0.378701,-0.0630333,0.0155925,0,0,0.179894,0.0107305,-0.0203758,1.28274,1.42274,41.518,8.89831,nan,0.282261,0.285325,0.291188,0.272833,0.279712,0.285325,0.279712,0.291188,0.272833,1,0,0.064913,0,0.00269646,-0.0454146,-0.00560011,0.189028,-0.046814,0,0,0,0.183616,-0.00664554,0.0236973,-0.162499,-0.987885,10.778,10.8244,0,24.9316
12.82,level,-0.251009,-0.378752,-0.0631234,0.015506,0,0,0.180351,0.0102455,-0.0204602,1.28393,1.42393,41.6071,8.90899,nan,0.282189,0.28607,0.29018,0.273691,0.278828,0.28607,0.278828,0.29018,0.273691,1,0,0.0649938,0,0.00272402,-0.0449638,-0.00406394,0.189304,-0.0466385,0,0,0,0.180898,-0.0160594,0.0210613,-0.0976379,-0.953432,10.7978,10.8403,0,24.8883
12.83,level,-0.249293,-0.378798,-0.0631938,0.0154823,0,0,0.180836,0.00973462,-0.0199531,1.28512,1.42512,41.6962,8.91962,nan,0.282116,0.286537,0.289834,0.274185,0.277924,0.286537,0.277924,0.289834,0.274185,1,0,0.0650671,0,0.00117317,-0.0459713,-0.00309287,0.18953,-0.0464896,0,0,0,0.197395,-0.0114064,0.021405,-0.164817,-0.852892,10.7931,10.828,0,24.8487
12.84,level,-0.247571,-0.378839,-0.0632838,0.0154551,0,0,0.181363,0.00909562,-0.0201867,1.28631,1.42631,41.7855,8.9302,nan,0.282043,0.285337,0.291123,0.272945,0.278782,0.285337,0.278782,0.291123,0.272945,1,0,0.0651331,0,0.000134498,-0.0468648,-0.00510829,0.189794,-0.0463823,0,0,0,0.193286,-0.0098501,0.0140504,-0.178406,-0.849925,10.8313,10.866,0,24.8084
12.85,level,-0.245844,-0.378873,-0.0633003,0.0152457,0,0,0.181765,0.00841979,-0.0206672,1.28751,1.42751,41.8748,8.94072,nan,0.28197,0.283641,0.292383,0.271733,0.280139,0.283641,0.280139,0.292383,0.271733,1,0,0.0651148,0,-0.000892216,-0.0457623,-0.0075365,0.189849,-0.0457496,0,0,0,0.19653,0.000200792,0.0267357,-0.170042,-0.901209,10.7819,10.8208,0,24.7602
12.86,level,-0.244113,-0.378902,-0.0633079,0.01489,0,0,0.181967,0.00776058,-0.0213234,1.28871,1.42871,41.9643,8.95117,nan,0.281897,0.284252,0.291981,0.271471,0.279898,0.284252,0.279898,0.291981,0.271471,1,0,0.0650268,0,0.00185287,-0.0471126,-0.00710105,0.189869,-0.0446615,0,0,0,0.191629,-0.014616,0.022462,-0.207535,-0.956646,10.7948,10.8391,0,24.7047
12.87,level,-0.24238,-0.378924,-0.0633281,0.0146711,0,0,0.182135,0.00716473,-0.0208765,1.28992,1.42992,42.0538,8.96159,nan,0.281823,0.284945,0.290624,0.272029,0.279708,0.284945,0.279708,0.290624,0.272029,1,0,0.0649865,0,0.00530527,-0.0451556,-0.00587158,0.189911,-0.0440677,0,0,0,0.181189,-0.0108781,0.02509,-0.140851,-0.993961,10.8505,10.8968,0,24.6557
12.88,level,-0.240643,-0.378941,-0.0633557,0.0144838,0,0,0.182351,0.00642494,-0.0200719,1.29114,1.43114,42.1435,8.972,nan,0.281748,0.286106,0.289788,0.273453,0.27766,0.286106,0.27766,0.289788,0.273453,1,0,0.0650048,0,0.00139254,-0.0469546,-0.00346747,0.190034,-0.0436565,0,0,0,0.177996,-0.0172956,0.0159886,0.00279421,-0.938506,10.7674,10.8082,0,24.6082
12.89,level,-0.238905,-0.378951,-0.0634209,0.0144423,0,0,0.182504,0.00579911,-0.020407,1.29236,1.43236,42.2333,8.98236,nan,0.281674,0.283957,0.291507,0.271959,0.279287,0.283957,0.279287,0.291507,0.271959,1,0,0.0650342,0,-0.000591045,-0.0458897,-0.00653966,0.190207,-0.043414,0,0,0,0.189635,-0.00617863,0.027097,-0.130098,-0.816321,10.7864,10.818,0,24.5674
12.9,level,-0.237163,-0.378958,-0.0634477,0.0142649,0,0,0.182689,0.00533366,-0.0205442,1.29358,1.43358,42.3231,8.99268,nan,0.281598,0.283013,0.292091,0.271039,0.280267,0.283013,0.280267,0.292091,0.271039,1,0,0.0650195,0,0.000398337,-0.0450927,-0.008046,0.190273,-0.0427868,0,0,0,0.182171,-0.00601998,0.0272854,-0.179388,-0.890744,10.8717,10.9096,0,24.5203
12.91,level,-0.235418,-0.37896,-0.0635171,0.0140531,0,0,0.182922,0.00485499,-0.0204759,1.29481,1.43481,42.4131,9.00296,nan,0.281523,0.283214,0.291692,0.271688,0.279512,0.283214,0.279512,0.291692,0.271688,1,0,0.0650305,0,-0.00173489,-0.0449165,-0.00716539,0.190482,-0.0421436,0,0,0,0.179766,-0.016874,0.0229772,-0.205835,-0.951594,10.7213,10.7654,0,24.4706
12.92,level,-0.23367,-0.378958,-0.0635479,0.0137083,0,0,0.182987,0.00430903,-0.0199433,1.29605,1.43605,42.5032,9.01318,nan,0.281447,0.283862,0.291144,0.271226,0.27957,0.283862,0.27957,0.291144,0.271226,1,0,0.0649901,0,0.00281634,-0.0458745,-0.00686773,0.190567,-0.0411231,0,0,0,0.177755,-0.00547217,0.0233564,-0.178394,-0.999153,10.8459,10.8933,0,24.4147
12.93,level,-0.23192,-0.378952,-0.0635931,0.0135802,0,0,0.183068,0.00389053,-0.0199663,1.29729,1.43729,42.5934,9.02337,nan,0.281371,0.284738,0.290046,0.272225,0.278488,0.284738,0.278488,0.290046,0.272225,1,0,0.0650268,0,0.00253452,-0.0456111,-0.00508612,0.190729,-0.0407846,0,0,0,0.195918,-0.00356832,0.0238359,-0.122066,-1.00436,10.6142,10.6623,0,24.37
12.94,level,-0.230171,-0.378942,-0.0636055,0.0134793,0,0,0.183149,0.00354103,-0.0204666,1.29853,1.43853,42.6837,9.03351,nan,0.281294,0.284359,0.29027,0.271907,0.278656,0.284359,0.278656,0.29027,0.271907,1,0,0.0650268,0,0.00222563,-0.0455991,-0.00556407,0.190778,-0.0405966,0,0,0,0.186351,-0.0110673,0.00978283,-0.0457837,-0.914558,10.8237,10.8623,0,24.3275
12.95,level,-0.228422,-0.378928,-0.0636851,0.0134568,0,0,0.183253,0.00313262,-0.0209874,1.29978,1.43978,42.774,9.04361,nan,0.281218,0.283826,0.290967,0.271509,0.278585,0.283826,0.278585,0.290967,0.271509,1,0,0.0650818,0,-0.000174394,-0.0468014,-0.00624877,0.190996,-0.0404036,0,0,0,0.189537,-0.00388955,0.026061,-0.141228,-0.851427,10.8425,10.8768,0,24.2879
12.96,level,-0.226672,-0.378909,-0.0637471,0.0133406,0,0,0.183403,0.00272486,-0.020438,1.30104,1.44104,42.8645,9.05366,nan,0.281142,0.28356,0.290983,0.271202,0.278836,0.28356,0.278836,0.290983,0.271202,1,0,0.0651184,0,0.000561851,-0.0464307,-0.00661776,0.191206,-0.0399315,0,0,0,0.187798,-0.00997749,0.0232519,-0.25622,-0.937212,10.7513,10.7951,0,24.2438
12.97,level,-0.22492,-0.378889,-0.0637795,0.013163,0,0,0.183448,0.00238745,-0.0206427,1.3023,1.4423,42.9551,9.06369,nan,0.281065,0.282797,0.291368,0.271012,0.279099,0.282797,0.279099,0.291368,0.271012,1,0,0.0651111,0,-0.00128482,-0.0455779,-0.00732144,0.191281,-0.0394818,0,0,0,0.188924,-0.00852322,0.00592545,-0.187839,-1.03492,10.7312,10.7827,0,24.1973
12.98,level,-0.223168,-0.378864,-0.0638565,0.0130289,0,0,0.183459,0.00201809,-0.0209142,1.30356,1.44356,43.0458,9.07369,nan,0.280989,0.284007,0.289808,0.272106,0.278049,0.284007,0.278049,0.289808,0.272106,1,0,0.065166,0,0.000376758,-0.0448321,-0.00516168,0.191517,-0.039192,0,0,0,0.188197,-0.00983632,0.0263227,-0.0457162,-1.06137,10.7215,10.774,0,24.1522
12.99,level,-0.221417,-0.378835,-0.0638723,0.0129955,0,0,0.183373,0.0015145,-0.0217426,1.30483,1.44483,43.1366,9.08366,nan,0.280912,0.283757,0.290736,0.270865,0.278306,0.283757,0.278306,0.290736,0.270865,1,0,0.0651697,0,0.00122344,-0.0479795,-0.00633808,0.191566,-0.0390843,0,0,0,0.18841,-0.00150108,0.0218724,-0.0569645,-0.989176,10.675,10.7209,0,24.1139
13,level,-0.219668,-0.378801,-0.0639515,0.0129643,0,0,0.183258,0.00114196,-0.0212891,1.30611,1.44611,43.2275,9.09359,nan,0.280836,0.28403,0.289701,0.271796,0.277829,0.28403,0.277829,0.289701,0.271796,1,0,0.0652465,0,0.000959687,-0.0456766,-0.00514429,0.191807,-0.0389923,0,0,0,0.187496,0.00767932,0.0181268,-0.0722583,-0.895665,10.7423,10.7798,0,24.0747
13.01,level,-0.217922,-0.378764,-0.0639876,0.0127952,0,0,0.183092,0.00087124,-0.0218449,1.30739,1.44739,43.3185,9.1035,nan,0.280759,0.282735,0.290997,0.270346,0.278974,0.282735,0.278974,0.290997,0.270346,1,0,0.0652501,0,0.000969877,-0.0462554,-0.0074233,0.191928,-0.038475,0,0,0,0.198808,0.00309815,0.0350473,-0.0880059,-0.879955,10.7925,10.8287,0,24.0291
13.02,level,-0.216176,-0.378724,-0.0639966,0.0124644,0,0,0.182883,0.000635885,-0.0212652,1.30867,1.44867,43.4095,9.11339,nan,0.280682,0.283333,0.290261,0.271333,0.277818,0.283333,0.277818,0.290261,0.271333,1,0,0.0651843,0,-0.00117666,-0.0463143,-0.00589587,0.191938,-0.0373838,0,0,0,0.190283,-0.020714,0.0258069,-0.194997,-1.00205,10.6562,10.705,0,23.9756
13.03,level,-0.214433,-0.378685,-0.0639905,0.0123182,0,0,0.182604,0.000601585,-0.0216021,1.30996,1.44996,43.5007,9.12323,nan,0.280606,0.282689,0.290292,0.270385,0.279074,0.282689,0.279074,0.290292,0.270385,1,0,0.0651587,0,0.00288021,-0.0445694,-0.00716085,0.191914,-0.0369982,0,0,0,0.188967,-0.00130747,0.0294334,-0.10282,-1.05444,10.8185,10.8702,0,23.9327
13.04,level,-0.212691,-0.378645,-0.064015,0.0121708,0,0,0.182372,0.000551203,-0.0212929,1.31126,1.45126,43.592,9.13304,nan,0.28053,0.284538,0.288553,0.271783,0.277259,0.284538,0.277259,0.288553,0.271783,1,0,0.0651587,0,0.00387519,-0.0455688,-0.00417166,0.191989,-0.0366561,0,0,0,0.173645,-0.00356537,0.0191921,0.0132212,-1.0133,10.7228,10.7706,0,23.8894
13.05,level,-0.210952,-0.378605,-0.064065,0.0121707,0,0,0.182267,0.000429554,-0.0222538,1.31256,1.45256,43.6834,9.14283,nan,0.280453,0.284395,0.289062,0.271486,0.276886,0.284395,0.276886,0.289062,0.271486,1,0,0.0652172,0,0.00194489,-0.0475331,-0.00442456,0.192162,-0.0366674,0,0,0,0.183615,0.000430479,0.0254197,-0.0129388,-0.916806,10.7635,10.8024,0,23.8539
13.06,level,-0.209217,-0.378562,-0.0641222,0.0120975,0,0,0.182241,0.000352478,-0.0218628,1.31387,1.45387,43.7748,9.15258,nan,0.280377,0.282694,0.289934,0.270324,0.278573,0.282694,0.278573,0.289934,0.270324,1,0,0.0652721,0,0.00267585,-0.0449655,-0.00680762,0.192338,-0.0364298,0,0,0,0.188247,0.00941225,0.0222643,-0.055073,-0.849126,10.8446,10.878,0,23.8147
13.07,level,-0.207478,-0.378521,-0.0641618,0.0118663,0,0,0.182254,0.000270464,-0.0210063,1.31518,1.45518,43.8664,9.16227,nan,0.280302,0.283098,0.28943,0.270998,0.277696,0.283098,0.277696,0.28943,0.270998,1,0,0.0652428,0,0.000968287,-0.0451611,-0.00572721,0.19243,-0.035617,0,0,0,0.190467,-0.0186007,0.0146614,-0.160044,-1.05831,10.6526,10.7062,0,23.7675
13.08,level,-0.205736,-0.37848,-0.0641932,0.0116111,0,0,0.182408,0.000218343,-0.0210131,1.31649,1.45649,43.9581,9.17191,nan,0.280226,0.282006,0.290598,0.269884,0.278431,0.282006,0.278431,0.290598,0.269884,1,0,0.0652209,0,-0.00012035,-0.0460217,-0.00753289,0.192527,-0.0347947,0,0,0,0.188581,-0.00390463,0.0320227,-0.190502,-1.0163,10.716,10.7658,0,23.7196
13.09,level,-0.203993,-0.37844,-0.0642304,0.0113338,0,0,0.182554,0.000117289,-0.0216091,1.31781,1.45781,44.0498,9.18149,nan,0.280151,0.282353,0.290046,0.269564,0.278655,0.282353,0.278655,0.290046,0.269564,1,0,0.0652245,0,0.00370848,-0.0458183,-0.00737687,0.192642,-0.0341036,0,0,0,0.189967,-0.0142922,0.024884,-0.0627582,-0.955072,10.7281,10.7707,0,23.6706
13.1,level,-0.202249,-0.378397,-0.0642287,0.0111525,0,0,0.182659,-8.16899e-05,-0.0206154,1.31914,1.45914,44.1417,9.19105,nan,0.280076,0.282427,0.289393,0.27028,0.278217,0.282427,0.278217,0.289393,0.27028,1,0,0.0651953,0,0.00257322,-0.0441918,-0.00655041,0.192637,-0.0335988,0,0,0,0.179691,-0.00762402,0.0231365,0.0199164,-1.01146,10.5405,10.5889,0,23.6277
13.11,level,-0.200503,-0.378353,-0.0642861,0.0110589,0,0,0.182733,-0.000427236,-0.0212364,1.32047,1.46047,44.2337,9.20054,nan,0.280001,0.28256,0.289358,0.270224,0.277875,0.28256,0.277875,0.289358,0.270224,1,0,0.0652501,0,0.00226192,-0.045133,-0.0063506,0.192854,-0.0333763,0,0,0,0.184055,-0.00210857,0.0184707,-0.0186505,-0.827578,10.7696,10.8014,0,23.5888
13.12,level,-0.198755,-0.378306,-0.0643032,0.0107672,0,0,0.182863,-0.000902659,-0.0202033,1.32181,1.46181,44.3257,9.20999,nan,0.279926,0.284005,0.287768,0.271302,0.276643,0.284005,0.276643,0.287768,0.271302,1,0,0.065188,0,0.00418577,-0.0451502,-0.00400151,0.192858,-0.0323299,0,0,0,0.191839,0.00701524,0.0240877,-0.092816,-0.966155,10.6883,10.7322,0,23.5399
13.13,level,-0.197004,-0.378255,-0.0643559,0.0104978,0,0,0.183133,-0.00133761,-0.0205839,1.32315,1.46315,44.4179,9.2194,nan,0.279851,0.283375,0.288493,0.270857,0.276694,0.283375,0.276694,0.288493,0.270857,1,0,0.065199,0,0.00190953,-0.046077,-0.00481529,0.193021,-0.0314565,0,0,0,0.192567,7.05503e-05,0.0230269,-0.173903,-1.04643,10.6788,10.7314,0,23.4918
13.14,level,-0.195251,-0.378199,-0.064368,0.0102603,0,0,0.183443,-0.00175444,-0.0208079,1.32449,1.46449,44.5101,9.22876,nan,0.279777,0.281224,0.2903,0.268536,0.279063,0.281224,0.279063,0.2903,0.268536,1,0,0.0651587,0,0.00384966,-0.0453312,-0.00861634,0.19303,-0.030798,0,0,0,0.177465,-0.0074238,0.0221723,-0.121009,-1.07967,10.7694,10.8241,0,23.4461
13.15,level,-0.193492,-0.378141,-0.0644437,0.0101638,0,0,0.183727,-0.0021744,-0.0195645,1.32585,1.46585,44.6024,9.23808,nan,0.279703,0.283348,0.287954,0.270172,0.277351,0.283348,0.277351,0.287954,0.270172,1,0,0.0652355,0,0.00682664,-0.0450561,-0.00517946,0.193282,-0.0305824,0,0,0,0.187711,-0.00184804,0.0275999,-0.0255902,-1.00637,10.6141,10.6618,0,23.4071
13.16,level,-0.191729,-0.37808,-0.0644799,0.0101412,0,0,0.184127,-0.00256932,-0.0199624,1.3272,1.4672,44.6949,9.24734,nan,0.279628,0.282994,0.2882,0.270597,0.276737,0.282994,0.276737,0.2882,0.270597,1,0,0.0652684,0,0.00247697,-0.0452089,-0.00498683,0.193394,-0.0305186,0,0,0,0.18669,0.00664838,0.0198338,-0.0146083,-0.986781,10.6947,10.7401,0,23.373
13.17,level,-0.189964,-0.378014,-0.0645504,0.0100925,0,0,0.184473,-0.00294904,-0.0208182,1.32856,1.46856,44.7874,9.25654,nan,0.279554,0.282769,0.288495,0.270661,0.276306,0.282769,0.276306,0.288495,0.270661,1,0,0.0653195,0,-0.000216072,-0.0460378,-0.00499739,0.193601,-0.0302784,0,0,0,0.193082,-0.000362975,0.0213156,-0.122858,-1.02523,10.6847,10.7345,0,23.337
13.18,level,-0.188201,-0.377942,-0.0645861,0.0098746,0,0,0.184707,-0.00334403,-0.022471,1.32993,1.46993,44.88,9.26572,nan,0.27948,0.282927,0.288117,0.270445,0.276447,0.282927,0.276447,0.288117,0.270445,1,0,0.0653232,0,0.00215142,-0.0457636,-0.00491928,0.193714,-0.0296449,0,0,0,0.196818,-0.00409253,0.0234622,-0.102886,-1.05525,10.6055,10.6584,0,23.2924
13.19,level,-0.186437,-0.377865,-0.0646362,0.00966579,0,0,0.184935,-0.00386723,-0.0218533,1.3313,1.4713,44.9727,9.27488,nan,0.279406,0.282184,0.288479,0.269701,0.277275,0.282184,0.277275,0.288479,0.269701,1,0,0.0653451,0,0.0033917,-0.0448811,-0.00609616,0.193864,-0.0289543,0,0,0,0.193658,0.00203641,0.0261575,-0.170536,-1.06794,10.6167,10.6717,0,23.2481
13.2,level,-0.184668,-0.377784,-0.0646373,0.00958842,0,0,0.185205,-0.00455472,-0.0211736,1.33267,1.47267,45.0655,9.28401,nan,0.279332,0.282945,0.287701,0.269945,0.276751,0.282945,0.276751,0.287701,0.269945,1,0,0.0653451,0,0.00543742,-0.0453797,-0.00508181,0.193877,-0.0287935,0,0,0,0.202724,0.0048013,0.0204573,-0.0799402,-1.00907,10.7499,10.7974,0,23.2119
13.21,level,-0.182893,-0.377697,-0.0646757,0.00944159,0,0,0.185593,-0.00523722,-0.0218539,1.33405,1.47405,45.1584,9.29313,nan,0.279258,0.283367,0.287152,0.27079,0.275736,0.283367,0.275736,0.287152,0.27079,1,0,0.0653597,0,0.00307867,-0.0454625,-0.00383746,0.193975,-0.028434,0,0,0,0.182503,-0.00435263,0.0230735,-0.00471582,-0.989436,10.5805,10.6266,0,23.1713
13.22,level,-0.181118,-0.377603,-0.0647251,0.0092635,0,0,0.186007,-0.00584514,-0.0220629,1.33544,1.47544,45.2513,9.30221,nan,0.279184,0.2825,0.288232,0.26971,0.276307,0.2825,0.276307,0.288232,0.26971,1,0,0.0653816,0,0.00229771,-0.0468305,-0.0054192,0.194135,-0.0279265,0,0,0,0.184817,-0.00675266,0.0215273,-0.00799244,-0.918033,10.6954,10.7348,0,23.1286
13.23,level,-0.179338,-0.377504,-0.0647463,0.00909633,0,0,0.186329,-0.00628384,-0.0218844,1.33683,1.47683,45.3444,9.31129,nan,0.279109,0.280875,0.289591,0.268588,0.277398,0.280875,0.277398,0.289591,0.268588,1,0,0.0653743,0,0.000251821,-0.0463852,-0.00770302,0.194192,-0.0273529,0,0,0,0.192247,-0.0019754,0.0361993,-0.0498436,-0.975261,10.686,10.7306,0,23.0871
13.24,level,-0.177555,-0.377401,-0.0647485,0.00884098,0,0,0.186535,-0.00666706,-0.0227614,1.33823,1.47823,45.4375,9.32032,nan,0.279035,0.280727,0.289277,0.268616,0.277534,0.280727,0.277534,0.289277,0.268616,1,0,0.0653341,0,0.000973559,-0.0451995,-0.00767784,0.194188,-0.0264904,0,0,0,0.184625,-0.0042625,0.0319838,-0.148591,-1.01413,10.6804,10.7295,0,23.0411
13.25,level,-0.175772,-0.377294,-0.0647504,0.00858527,0,0,0.186734,-0.00706013,-0.023058,1.33963,1.47963,45.5308,9.32931,nan,0.27896,0.281463,0.288242,0.269262,0.276888,0.281463,0.276888,0.288242,0.269262,1,0,0.0653195,0,0.00224841,-0.0446313,-0.00633096,0.194207,-0.0258426,0,0,0,0.190285,-0.00461483,0.0342477,0.0123393,-1.13365,10.7059,10.7657,0,22.9952
13.26,level,-0.173987,-0.377183,-0.0646948,0.00829791,0,0,0.186998,-0.00740271,-0.0220084,1.34103,1.48103,45.6241,9.3383,nan,0.278885,0.281089,0.288507,0.268801,0.277159,0.281089,0.277159,0.288507,0.268801,1,0,0.0652245,0,0.00249438,-0.0447855,-0.00693389,0.194041,-0.0249755,0,0,0,0.190146,0.00114085,0.0226755,-0.00422983,-1.02225,10.5783,10.6276,0,22.9485
13.27,level,-0.172195,-0.377071,-0.06471,0.00810949,0,0,0.18729,-0.00774261,-0.0221653,1.34244,1.48244,45.7176,9.34724,nan,0.27881,0.281726,0.288403,0.269056,0.27607,0.281726,0.27607,0.288403,0.269056,1,0,0.0652172,0,0.000891662,-0.0473747,-0.00601766,0.194104,-0.0244247,0,0,0,0.198782,0.00221689,0.0123311,-0.0148379,-0.924535,10.6426,10.6827,0,22.9065
13.28,level,-0.170401,-0.376956,-0.0647378,0.00789793,0,0,0.187505,-0.00809185,-0.0210222,1.34386,1.48386,45.8111,9.35612,nan,0.278735,0.281578,0.28812,0.26883,0.276427,0.281578,0.276427,0.28812,0.26883,1,0,0.0652136,0,0.00280086,-0.0463118,-0.00621444,0.194163,-0.0237089,0,0,0,0.191284,0.00878383,0.024022,-0.0653425,-0.991376,10.5804,10.6269,0,22.8631
13.29,level,-0.168602,-0.376839,-0.0647603,0.00770609,0,0,0.187714,-0.00843539,-0.0212191,1.34528,1.48528,45.9047,9.36494,nan,0.27866,0.281138,0.288267,0.269373,0.275876,0.281138,0.275876,0.288267,0.269373,1,0,0.0652026,0,-0.00166265,-0.0457692,-0.00599157,0.194233,-0.0230934,0,0,0,0.191555,0.00121818,0.0229169,-0.116635,-1.00272,10.5772,10.6253,0,22.8211
13.3,level,-0.166802,-0.376719,-0.0647378,0.00736247,0,0,0.187836,-0.00866338,-0.0221951,1.3467,1.4867,45.9984,9.3737,nan,0.278584,0.280203,0.288815,0.268104,0.27723,0.280203,0.27723,0.288815,0.268104,1,0,0.0651477,0,0.00136422,-0.0448771,-0.00779627,0.194164,-0.0220989,0,0,0,0.191324,-0.00369327,0.0303637,-0.0825207,-1.12939,10.6369,10.6971,0,22.7715
13.31,level,-0.165003,-0.376596,-0.0647476,0.00720447,0,0,0.187973,-0.00887768,-0.021534,1.34813,1.48813,46.0921,9.38242,nan,0.278509,0.27991,0.288847,0.267472,0.27782,0.27991,0.27782,0.288847,0.267472,1,0,0.0651294,0,0.00374134,-0.0444628,-0.00847593,0.194193,-0.0216159,0,0,0,0.19136,0.00136055,0.0194623,-0.0823523,-1.04272,10.5838,10.6354,0,22.732
13.32,level,-0.163199,-0.376473,-0.0647271,0.0070708,0,0,0.187971,-0.00916358,-0.0212596,1.34957,1.48957,46.186,9.39111,nan,0.278433,0.282376,0.2866,0.269834,0.274937,0.282376,0.274937,0.2866,0.269834,1,0,0.0651074,0,0.00233101,-0.0458653,-0.00409936,0.19415,-0.0213078,0,0,0,0.194322,0.00283462,0.015897,0.0297762,-1.02476,10.6335,10.6828,0,22.6946
13.33,level,-0.161398,-0.376346,-0.0647782,0.00699929,0,0,0.187896,-0.00948808,-0.0215408,1.35101,1.49101,46.28,9.39977,nan,0.278357,0.281602,0.287129,0.269246,0.275467,0.281602,0.275467,0.287129,0.269246,1,0,0.065155,0,0.0018423,-0.0455109,-0.00516371,0.194318,-0.0211591,0,0,0,0.184365,0.00230667,0.0197576,0.10624,-0.992866,10.6805,10.727,0,22.66
13.34,level,-0.159598,-0.376216,-0.0647849,0.00683217,0,0,0.187851,-0.00988748,-0.0220123,1.35246,1.49246,46.374,9.40843,nan,0.278281,0.281576,0.28744,0.269035,0.27509,0.281576,0.27509,0.28744,0.269035,1,0,0.0651441,0,0.000507074,-0.0471653,-0.00523859,0.194323,-0.0205087,0,0,0,0.203476,0.000580723,0.0264286,-0.0664476,-1.02336,10.5019,10.5519,0,22.6208
13.35,level,-0.157802,-0.376081,-0.064781,0.00662886,0,0,0.187747,-0.010188,-0.0227448,1.35391,1.49391,46.4681,9.41708,nan,0.278206,0.279393,0.288563,0.268476,0.276406,0.279393,0.276406,0.288563,0.268476,1,0,0.0651111,0,-0.00328784,-0.0437187,-0.00751575,0.194299,-0.0198744,0,0,0,0.19452,0.00491777,0.032105,-0.0825797,-0.989974,10.5741,10.6206,0,22.58
13.36,level,-0.156008,-0.375943,-0.0647882,0.00636433,0,0,0.187525,-0.0106275,-0.0232407,1.35536,1.49536,46.5623,9.42569,nan,0.27813,0.280997,0.287039,0.268863,0.275637,0.280997,0.275637,0.287039,0.268863,1,0,0.0650891,0,0.00194145,-0.0445961,-0.00563267,0.194316,-0.0190803,0,0,0,0.191089,0.0011594,0.0259474,-0.0952134,-1.13286,10.6322,10.6928,0,22.5358
13.37,level,-0.154219,-0.375799,-0.0647825,0.00622463,0,0,0.18729,-0.0110904,-0.0236854,1.35682,1.49682,46.6566,9.43427,nan,0.278055,0.281214,0.286849,0.268756,0.275416,0.281214,0.275416,0.286849,0.268756,1,0,0.0650745,0,0.00271694,-0.0452686,-0.00540422,0.194313,-0.0187463,0,0,0,0.193974,0.0102199,0.0249556,0.0349884,-1.05137,10.5809,10.633,0,22.4989
13.38,level,-0.152432,-0.375652,-0.0648428,0.00618096,0,0,0.187162,-0.0114342,-0.0231368,1.35829,1.49829,46.751,9.44283,nan,0.27798,0.280345,0.287833,0.26823,0.275525,0.280345,0.275525,0.287833,0.26823,1,0,0.0651331,0,-0.000511878,-0.0462745,-0.00649744,0.194495,-0.0186433,0,0,0,0.186696,0.0138758,0.0215528,0.0469638,-0.967692,10.6359,10.68,0,22.4668
13.39,level,-0.150644,-0.375502,-0.0648476,0.00603691,0,0,0.187011,-0.0118774,-0.0227578,1.35976,1.49976,46.8455,9.45138,nan,0.277904,0.280857,0.287106,0.268413,0.275256,0.280857,0.275256,0.287106,0.268413,1,0,0.0651148,0,0.00157465,-0.0460317,-0.00575481,0.194493,-0.0181348,0,0,0,0.190174,0.00439738,0.0230519,-0.0432444,-0.96058,10.6197,10.6631,0,22.4299
13.4,level,-0.148857,-0.375349,-0.0648637,0.00583317,0,0,0.186889,-0.0123146,-0.0226734,1.36124,1.50124,46.94,9.45994,nan,0.277829,0.278493,0.289045,0.266628,0.277165,0.278493,0.277165,0.289045,0.266628,1,0,0.0651148,0,-3.86838e-05,-0.0449924,-0.00926961,0.194554,-0.0174948,0,0,0,0.198911,0.00470457,0.0319105,-0.0655088,-0.961784,10.6123,10.656,0,22.3898
13.41,level,-0.147067,-0.375192,-0.064849,0.00557329,0,0,0.186791,-0.0128248,-0.021575,1.36272,1.50272,47.0347,9.46842,nan,0.277754,0.28042,0.287087,0.268073,0.27545,0.28042,0.27545,0.287087,0.268073,1,0,0.0650708,0,0.00188466,-0.0454454,-0.00617274,0.194497,-0.0166797,0,0,0,0.187854,0.00162954,0.0256999,-0.112633,-1.04752,10.5394,10.5919,0,22.347
13.42,level,-0.145275,-0.375032,-0.0648811,0.00538979,0,0,0.186692,-0.013283,-0.0217069,1.3642,1.5042,47.1294,9.47686,nan,0.277679,0.280257,0.287341,0.267409,0.275724,0.280257,0.275724,0.287341,0.267409,1,0,0.0651038,0,0.0032671,-0.0463563,-0.00676836,0.194603,-0.0162379,0,0,0,0.190887,0.00462963,0.0338517,0.0139139,-0.984364,10.5841,10.6298,0,22.3082
13.43,level,-0.143485,-0.374868,-0.0649192,0.00534906,0,0,0.18672,-0.0135151,-0.0216998,1.36569,1.50569,47.2242,9.48524,nan,0.277604,0.280662,0.286588,0.26879,0.274391,0.280662,0.274391,0.286588,0.26879,1,0,0.0651221,0,-0.000864741,-0.0456067,-0.0050663,0.1947,-0.0160469,0,0,0,0.183566,0.0301196,0.0202286,-0.0187637,-0.977462,10.5274,10.5727,0,22.2776
13.44,level,-0.141696,-0.374702,-0.0649524,0.00516161,0,0,0.186687,-0.0136425,-0.0220942,1.36719,1.50719,47.3191,9.49357,nan,0.277529,0.280238,0.287116,0.267804,0.274975,0.280238,0.274975,0.287116,0.267804,1,0,0.0651587,0,0.000777712,-0.046565,-0.00617499,0.194807,-0.0154741,0,0,0,0.190141,0.0103669,0.0194501,-0.055924,-0.950011,10.5628,10.6056,0,22.2391
13.45,level,-0.139907,-0.374536,-0.0649902,0.00491576,0,0,0.186686,-0.0138104,-0.0215632,1.36869,1.50869,47.4141,9.50187,nan,0.277455,0.279646,0.287418,0.267038,0.275732,0.279646,0.275732,0.287418,0.267038,1,0,0.0651624,0,0.00244677,-0.0460324,-0.00723723,0.194918,-0.0147302,0,0,0,0.188765,0.0140274,0.0194786,-0.0544344,-1.04555,10.5605,10.6123,0,22.1976
13.46,level,-0.138116,-0.374368,-0.0650199,0.00460971,0,0,0.186789,-0.014039,-0.0217653,1.3702,1.5102,47.5091,9.51016,nan,0.27738,0.280224,0.286479,0.267924,0.27491,0.280224,0.27491,0.286479,0.267924,1,0,0.065177,0,0.00194097,-0.0452258,-0.00581997,0.195016,-0.013845,0,0,0,0.193595,0.00832371,0.0249549,-0.0165834,-1.10071,10.5679,10.625,0,22.1532
13.47,level,-0.136326,-0.374197,-0.0650125,0.00439953,0,0,0.186914,-0.0143571,-0.0222763,1.37171,1.51171,47.6043,9.51841,nan,0.277306,0.278055,0.288182,0.266432,0.27657,0.278055,0.27657,0.288182,0.266432,1,0,0.0651404,0,2.81069e-05,-0.0440268,-0.00890686,0.194984,-0.0132081,0,0,0,0.186904,0.0133187,0.0348111,-0.0120967,-1.08502,10.5383,10.594,0,22.1147
13.48,level,-0.134533,-0.374024,-0.0650487,0.00433625,0,0,0.186916,-0.0147772,-0.0216125,1.37322,1.51322,47.6995,9.52664,nan,0.277232,0.278955,0.287192,0.266724,0.276073,0.278955,0.276073,0.287192,0.266724,1,0,0.0651916,0,0.0029495,-0.044244,-0.0077288,0.195096,-0.0130387,0,0,0,0.186777,0.0170461,0.0248976,0.027536,-1.11215,10.5355,10.5941,0,22.0844
13.49,level,-0.132738,-0.373847,-0.0650396,0.00418764,0,0,0.186822,-0.015297,-0.0209476,1.37474,1.51474,47.7948,9.53483,nan,0.277159,0.279092,0.287065,0.267251,0.275241,0.279092,0.275241,0.287065,0.267251,1,0,0.065199,0,4.45103e-05,-0.0448437,-0.00701625,0.195164,-0.0127586,0,0,0,0.198628,0.0106599,0.0150113,0.109918,-0.858976,10.666,10.7011,0,22.0499
13.5,level,-0.130944,-0.373665,-0.0650195,0.00393215,0,0,0.186617,-0.0158776,-0.0206392,1.37627,1.51627,47.8902,9.54302,nan,0.277085,0.279551,0.286471,0.268153,0.274179,0.279551,0.274179,0.286471,0.268153,1,0,0.0651331,0,-0.00237385,-0.0448877,-0.00569045,0.195021,-0.011849,0,0,0,0.192927,0.0138129,0.011513,0.0307695,-0.992589,10.4764,10.5233,0,22.0096
13.51,level,-0.129152,-0.373478,-0.0650272,0.00370186,0,0,0.186363,-0.0165205,-0.0208549,1.3778,1.5178,47.9857,9.55118,nan,0.277011,0.27945,0.286426,0.267458,0.274727,0.27945,0.274727,0.286426,0.267458,1,0,0.0651184,0,0.000774428,-0.0448906,-0.00626137,0.195032,-0.0110988,0,0,0,0.189652,0.018122,0.0155783,-0.0202728,-1.04401,10.574,10.6255,0,21.9706
13.52,level,-0.127362,-0.373284,-0.0650398,0.00346254,0,0,0.186109,-0.0171343,-0.0209749,1.37933,1.51933,48.0812,9.55932,nan,0.276938,0.27964,0.285774,0.268193,0.27416,0.27964,0.27416,0.285774,0.268193,1,0,0.0651331,0,-0.000443202,-0.043696,-0.0053182,0.195073,-0.0104523,0,0,0,0.187157,0.00344966,0.026079,0.0506709,-1.07085,10.5589,10.6132,0,21.9311
13.53,level,-0.125575,-0.373084,-0.0650623,0.0033822,0,0,0.185854,-0.0178374,-0.0206907,1.38087,1.52087,48.1768,9.56743,nan,0.276865,0.278295,0.287334,0.265913,0.275934,0.278295,0.275934,0.287334,0.265913,1,0,0.0651514,0,0.0026024,-0.0450618,-0.00837727,0.195145,-0.0101659,0,0,0,0.193064,0.0176384,0.0195305,0.0186986,-1.07604,10.6052,10.6597,0,21.9006
13.54,level,-0.123789,-0.372879,-0.0650947,0.00322286,0,0,0.18561,-0.0183478,-0.0212742,1.38242,1.52242,48.2726,9.57553,nan,0.276792,0.280072,0.285708,0.267246,0.274157,0.280072,0.274157,0.285708,0.267246,1,0,0.0651916,0,0.0033833,-0.0461896,-0.00551491,0.195312,-0.00984832,0,0,0,0.191825,0.0145009,0.0246366,0.206328,-0.964796,10.607,10.6528,0,21.8658
13.55,level,-0.12201,-0.372669,-0.0651378,0.00307101,0,0,0.185434,-0.0187961,-0.0222188,1.38397,1.52397,48.3684,9.5836,nan,0.27672,0.279038,0.286392,0.266629,0.274835,0.279038,0.274835,0.286392,0.266629,1,0,0.0651953,0,0.00226119,-0.0454097,-0.00683919,0.195362,-0.00926155,0,0,0,0.183811,0.0152395,0.0189687,0.0283211,-0.9507,10.5701,10.6128,0,21.8315
13.56,level,-0.120232,-0.372453,-0.0651634,0.00280773,0,0,0.18544,-0.019273,-0.0220641,1.38552,1.52552,48.4642,9.59165,nan,0.276647,0.280353,0.284671,0.26813,0.27345,0.280353,0.27345,0.284671,0.26813,1,0,0.0652026,0,0.00265719,-0.0444224,-0.00423628,0.195437,-0.00842252,0,0,0,0.186779,0.0170144,0.020821,-0.00236364,-1.05034,10.5081,10.5605,0,21.7912
13.57,level,-0.118455,-0.372233,-0.0652034,0.00259992,0,0,0.185586,-0.0197429,-0.0218883,1.38708,1.52708,48.5602,9.59964,nan,0.276575,0.280135,0.284835,0.26808,0.273264,0.280135,0.273264,0.284835,0.26808,1,0,0.0652465,0,0.00128306,-0.0447647,-0.00434426,0.195565,-0.00781736,0,0,0,0.190949,0.0178559,0.029279,0.0319832,-1.10429,10.6013,10.6587,0,21.754
13.58,level,-0.116675,-0.372008,-0.0651919,0.00239247,0,0,0.185869,-0.0202445,-0.0217112,1.38865,1.52865,48.6562,9.60759,nan,0.276503,0.279172,0.285875,0.266645,0.274333,0.279172,0.274333,0.285875,0.266645,1,0,0.0652355,0,0.00261265,-0.0456065,-0.00632521,0.195562,-0.00729225,0,0,0,0.193766,0.0131375,0.00539504,0.127879,-0.9987,10.4617,10.51,0,21.7174
13.59,level,-0.11489,-0.371779,-0.065189,0.00233149,0,0,0.186196,-0.020721,-0.0214362,1.39022,1.53022,48.7523,9.61549,nan,0.276431,0.279254,0.285494,0.267239,0.27375,0.279254,0.27375,0.285494,0.267239,1,0,0.0652282,0,0.000717641,-0.0450187,-0.00560425,0.195526,-0.00701101,0,0,0,0.193513,0.019325,0.0253701,0.0231959,-1.00818,10.5246,10.5728,0,21.6892
13.6,level,-0.113103,-0.371547,-0.0652124,0.00223319,0,0,0.186381,-0.0210669,-0.0229187,1.39179,1.53179,48.8485,9.62336,nan,0.276359,0.279061,0.285668,0.266609,0.274111,0.279061,0.274111,0.285668,0.266609,1,0,0.0652428,0,0.00237622,-0.0454926,-0.00620108,0.195601,-0.00675381,0,0,0,0.189562,0.0247285,0.0243809,0.0576847,-0.946655,10.531,10.5736,0,21.6589
13.61,level,-0.111317,-0.37131,-0.0652067,0.00189424,0,0,0.186554,-0.021502,-0.0223344,1.39337,1.53337,48.9448,9.63122,nan,0.276287,0.278642,0.285539,0.266794,0.274187,0.278642,0.274187,0.285539,0.266794,1,0,0.0652209,0,0.00131454,-0.043959,-0.00628119,0.195589,-0.00570775,0,0,0,0.200196,0.0116384,0.020392,0.0256007,-1.02356,10.6326,10.6818,0,21.6153
13.62,level,-0.109526,-0.37107,-0.0651816,0.00165821,0,0,0.186895,-0.0219778,-0.0225706,1.39495,1.53495,49.0411,9.63907,nan,0.276215,0.278914,0.285268,0.267286,0.273406,0.278914,0.273406,0.285268,0.267286,1,0,0.0651916,0,-0.000622581,-0.0445103,-0.00548272,0.195492,-0.00496293,0,0,0,0.187354,0.0181274,0.0156043,0.00217443,-1.10605,10.6019,10.6595,0,21.5778
13.63,level,-0.107733,-0.370825,-0.0651636,0.00146148,0,0,0.187102,-0.022431,-0.0223534,1.39654,1.53654,49.1376,9.64691,nan,0.276143,0.278916,0.285189,0.266241,0.274241,0.278916,0.274241,0.285189,0.266241,1,0,0.0651624,0,0.00458283,-0.04476,-0.00627306,0.195441,-0.00440141,0,0,0,0.186902,0.0231638,0.0191583,0.0622258,-1.14205,10.6085,10.67,0,21.5427
13.64,level,-0.105937,-0.370576,-0.0651185,0.00127462,0,0,0.187267,-0.02293,-0.0214117,1.39813,1.53813,49.2341,9.65474,nan,0.276071,0.278576,0.285338,0.266335,0.274051,0.278576,0.274051,0.285338,0.266335,1,0,0.0651404,0,0.00252882,-0.0445789,-0.00636333,0.195346,-0.00394702,0,0,0,0.188243,0.0202967,0.0184491,0.133599,-0.937079,10.5609,10.6033,0,21.5085
13.65,level,-0.104136,-0.370324,-0.0651395,0.00123653,0,0,0.187343,-0.0234596,-0.0206503,1.39973,1.53973,49.3307,9.66256,nan,0.275999,0.278462,0.285784,0.265625,0.274141,0.278462,0.274141,0.285784,0.265625,1,0,0.0651624,0,0.00316679,-0.0463848,-0.00696086,0.19539,-0.00380754,0,0,0,0.183341,0.0225268,0.029299,0.0975659,-0.913877,10.5527,10.5926,0,21.4826
13.66,level,-0.102332,-0.370067,-0.0651454,0.0011621,0,0,0.187438,-0.0239379,-0.0205686,1.40133,1.54133,49.4273,9.67037,nan,0.275927,0.278041,0.285607,0.266281,0.273794,0.278041,0.273794,0.285607,0.266281,1,0,0.0651587,0,-0.000139849,-0.0446651,-0.0066275,0.195406,-0.00341898,0,0,0,0.202044,0.0275468,0.0263797,-0.0413235,-1.02978,10.4763,10.5269,0,21.4549
13.67,level,-0.10053,-0.369804,-0.0651394,0.000931007,0,0,0.187482,-0.024518,-0.0219783,1.40294,1.54294,49.5241,9.67816,nan,0.275856,0.278005,0.285954,0.265624,0.273854,0.278005,0.273854,0.285954,0.265624,1,0,0.065155,0,0.000744781,-0.0463876,-0.0071115,0.195377,-0.0028088,0,0,0,0.193238,0.0167354,0.0285664,0.0379745,-1.02101,10.4827,10.5324,0,21.4184
13.68,level,-0.0987289,-0.369536,-0.0650867,0.000674906,0,0,0.187429,-0.0250477,-0.0215866,1.40455,1.54455,49.6209,9.68592,nan,0.275784,0.277367,0.286129,0.265146,0.274507,0.277367,0.274507,0.286129,0.265146,1,0,0.0650855,0,0.0015887,-0.0451793,-0.00796561,0.195216,-0.00200754,0,0,0,0.192343,0.0286929,0.0270381,0.0275616,-1.07371,10.6536,10.7076,0,21.3808
13.69,level,-0.0969273,-0.369264,-0.065095,0.000561533,0,0,0.187401,-0.0254601,-0.0214231,1.40617,1.54617,49.7178,9.69367,nan,0.275712,0.278645,0.284912,0.266732,0.272573,0.278645,0.272573,0.284912,0.266732,1,0,0.0650928,0,-0.0011316,-0.0459528,-0.00532182,0.195248,-0.00169685,0,0,0,0.195305,0.0238851,0.0125791,0.0576443,-1.07489,10.5118,10.5668,0,21.3515
13.7,level,-0.0951301,-0.368988,-0.0650976,0.000468558,0,0,0.187243,-0.0258145,-0.0225931,1.40779,1.54779,49.8148,9.70141,nan,0.27564,0.277405,0.2862,0.265097,0.273873,0.277405,0.273873,0.2862,0.265097,1,0,0.0650965,0,-4.82036e-05,-0.0466788,-0.00772271,0.195292,-0.00151776,0,0,0,0.196169,0.0217203,0.0356671,0.175122,-1.00412,10.4887,10.5381,0,21.3235
13.71,level,-0.0933355,-0.368708,-0.065116,0.000446161,0,0,0.187031,-0.0260544,-0.0226117,1.40942,1.54942,49.9118,9.70913,nan,0.275568,0.276151,0.287149,0.263803,0.275184,0.276151,0.275184,0.287149,0.263803,1,0,0.0651184,0,0.00101503,-0.0460681,-0.0098361,0.195326,-0.00138876,0,0,0,0.200945,0.0175541,0.0384264,0.0675034,-0.944177,10.4449,10.4877,0,21.2997
13.72,level,-0.0915414,-0.368427,-0.0650961,0.000262398,0,0,0.186893,-0.026295,-0.0222839,1.41105,1.55105,50.0089,9.71684,nan,0.275496,0.278762,0.284491,0.265929,0.272819,0.278762,0.272819,0.284491,0.265929,1,0,0.0650855,0,0.0030799,-0.0464306,-0.00554637,0.195261,-0.00073519,0,0,0,0.203903,0.0231191,0.0324456,-0.0224325,-1.08947,10.4696,10.5262,0,21.2673
13.73,level,-0.0897524,-0.368144,-0.0650557,-4.23894e-05,0,0,0.186704,-0.0264077,-0.023489,1.41269,1.55269,50.1061,9.72452,nan,0.275424,0.277387,0.285262,0.265025,0.274038,0.277387,0.274038,0.285262,0.265025,1,0,0.0650525,0,0.00302074,-0.0446895,-0.00742259,0.195119,0.000154496,0,0,0,0.190612,0.0226021,0.0189384,0.0128012,-1.12334,10.5553,10.6149,0,21.2283
13.74,level,-0.0879651,-0.367861,-0.065023,-0.000259629,0,0,0.186565,-0.0263792,-0.0220336,1.41433,1.55433,50.2034,9.73215,nan,0.275352,0.277939,0.284761,0.265529,0.273195,0.277939,0.273195,0.284761,0.265529,1,0,0.0650195,0,0.00223898,-0.0454303,-0.0063676,0.19504,0.000721045,0,0,0,0.190692,0.0289729,0.0279279,0.144404,-1.06655,10.5044,10.5594,0,21.1947
13.75,level,-0.0861763,-0.367579,-0.0650677,-0.000307411,0,0,0.186412,-0.0263768,-0.0220307,1.41597,1.55597,50.3008,9.73978,nan,0.27528,0.277681,0.284961,0.265438,0.273053,0.277681,0.273053,0.284961,0.265438,1,0,0.0650598,0,0.000892052,-0.0457604,-0.00654686,0.195166,0.000841025,0,0,0,0.179818,0.027116,0.0315727,0.147256,-1.00021,10.534,10.5824,0,21.1711
13.76,level,-0.0843892,-0.367297,-0.0650875,-0.000244678,0,0,0.186321,-0.026411,-0.0225052,1.41762,1.55762,50.3982,9.74736,nan,0.275207,0.278179,0.284299,0.265718,0.272646,0.278179,0.272646,0.284299,0.265718,1,0,0.0650745,0,0.00214372,-0.0456898,-0.00573471,0.195232,0.000714862,0,0,0,0.199641,0.0187067,0.0127307,0.0498504,-0.976376,10.5752,10.6203,0,21.1545
13.77,level,-0.082605,-0.367015,-0.0650899,-0.000389547,0,0,0.186188,-0.026416,-0.0227487,1.41928,1.55928,50.4957,9.75494,nan,0.275135,0.276949,0.285089,0.264914,0.2736,0.276949,0.2736,0.285089,0.264914,1,0,0.0650891,0,0.00145063,-0.0445731,-0.00739534,0.195241,0.00121714,0,0,0,0.203589,0.0251436,0.0191065,-0.00625426,-1.05331,10.386,10.4392,0,21.1264
13.78,level,-0.0808233,-0.366732,-0.065099,-0.000624055,0,0,0.185971,-0.0265133,-0.0232966,1.42094,1.56094,50.5933,9.76248,nan,0.275062,0.277508,0.284257,0.265371,0.273128,0.277508,0.273128,0.284257,0.265371,1,0,0.0650855,0,0.0026746,-0.0440854,-0.00637598,0.195238,0.00191313,0,0,0,0.183347,0.0174991,0.0308498,-0.00683481,-1.0695,10.5808,10.6348,0,21.0937
13.79,level,-0.0790448,-0.366449,-0.0650708,-0.000897849,0,0,0.185764,-0.0267309,-0.0227059,1.42261,1.56261,50.691,9.77,nan,0.27499,0.27759,0.284586,0.264875,0.272924,0.27759,0.272924,0.284586,0.264875,1,0,0.0650745,0,0.00279355,-0.0461875,-0.00661294,0.195173,0.00264972,0,0,0,0.188207,0.0249544,0.0159682,0.13109,-1.10416,10.5515,10.6099,0,21.0592
13.8,level,-0.0772673,-0.366163,-0.0650767,-0.00109442,0,0,0.18558,-0.0270011,-0.0227607,1.42428,1.56428,50.7887,9.77751,nan,0.274918,0.276516,0.285519,0.263906,0.273746,0.276516,0.273746,0.285519,0.263906,1,0,0.0650818,0,0.00221831,-0.0462012,-0.00828209,0.195207,0.00323612,0,0,0,0.195241,0.0339054,0.0273607,0.162563,-1.10085,10.4947,10.5535,0,21.0294
13.81,level,-0.0754899,-0.365876,-0.0651445,-0.00106016,0,0,0.185468,-0.0272139,-0.022437,1.42595,1.56595,50.8865,9.78501,nan,0.274846,0.27729,0.284525,0.264897,0.272687,0.27729,0.272687,0.284525,0.264897,1,0,0.0651441,0,0.00147391,-0.0459117,-0.00660343,0.195391,0.00316354,0,0,0,0.187833,0.0366665,0.0144471,0.0943269,-1.00699,10.4898,10.5384,0,21.0131
13.82,level,-0.0737136,-0.365587,-0.0651569,-0.00127993,0,0,0.185432,-0.0273621,-0.0223935,1.42763,1.56763,50.9844,9.79251,nan,0.274774,0.276601,0.285037,0.26458,0.272894,0.276601,0.272894,0.285037,0.26458,1,0,0.0651587,0,-0.000324144,-0.0457863,-0.0073617,0.19543,0.00383135,0,0,0,0.19263,0.0258207,0.0402258,0.0739039,-1.01898,10.4556,10.5054,0,20.9827
13.83,level,-0.071939,-0.365296,-0.0651324,-0.00155475,0,0,0.185329,-0.027606,-0.0226967,1.42931,1.56931,51.0824,9.79998,nan,0.274702,0.276402,0.284738,0.264089,0.273594,0.276402,0.273594,0.284738,0.264089,1,0,0.0651404,0,0.0031022,-0.0444455,-0.0078414,0.195361,0.00466798,0,0,0,0.19577,0.0321113,0.0284226,0.0869666,-1.10995,10.5697,10.6282,0,20.9494
13.84,level,-0.0701644,-0.365003,-0.065125,-0.00187445,0,0,0.185327,-0.0279839,-0.0230819,1.431,1.571,51.1804,9.80746,nan,0.27463,0.277001,0.283873,0.264859,0.272799,0.277001,0.272799,0.283873,0.264859,1,0,0.0651404,0,0.00283088,-0.0439891,-0.00651049,0.195324,0.00558863,0,0,0,0.183058,0.019563,0.0284386,0.123419,-1.12183,10.5512,10.6114,0,20.9141
13.85,level,-0.0683903,-0.364706,-0.065141,-0.00201349,0,0,0.185502,-0.0284884,-0.0236043,1.4327,1.5727,51.2785,9.81491,nan,0.274556,0.277595,0.283452,0.264941,0.272252,0.277595,0.272252,0.283452,0.264941,1,0,0.065166,0,0.00385757,-0.0451982,-0.00578753,0.195388,0.00595495,0,0,0,0.18167,0.0224208,0.0274833,0.169314,-1.01019,10.5205,10.5703,0,20.8893
13.86,level,-0.0666157,-0.364403,-0.0651431,-0.0021759,0,0,0.18575,-0.0290064,-0.0227463,1.4344,1.5744,51.3767,9.82233,nan,0.274483,0.277179,0.283938,0.264721,0.272108,0.277179,0.272108,0.283938,0.264721,1,0,0.0651697,0,0.00166602,-0.04602,-0.00621803,0.195388,0.00650563,0,0,0,0.189896,0.0277319,0.0225126,0.0976784,-1.00537,10.5882,10.6363,0,20.8633
13.87,level,-0.0648364,-0.364097,-0.0651628,-0.00229131,0,0,0.185998,-0.0295038,-0.0230584,1.4361,1.5761,51.475,9.82973,nan,0.274408,0.275799,0.284853,0.263587,0.273409,0.275799,0.273409,0.284853,0.263587,1,0,0.065188,0,0.00203688,-0.0448224,-0.00829626,0.195451,0.00691241,0,0,0,0.197874,0.033952,0.0218536,0.046025,-1.04431,10.512,10.5638,0,20.8402
13.88,level,-0.0630544,-0.363786,-0.0651671,-0.00245138,0,0,0.18621,-0.0299098,-0.0228469,1.43781,1.57781,51.5733,9.83714,nan,0.274333,0.276682,0.283799,0.264386,0.272482,0.276682,0.272482,0.283799,0.264386,1,0,0.0652099,0,0.002599,-0.0447406,-0.00668688,0.195444,0.00740524,0,0,0,0.18455,0.024471,0.0340041,0.0182653,-1.01402,10.5388,10.5875,0,20.8148
13.89,level,-0.0612692,-0.363472,-0.06507,-0.00288626,0,0,0.186388,-0.0302607,-0.0218099,1.43952,1.57952,51.6717,9.84453,nan,0.274258,0.276555,0.28355,0.264933,0.272007,0.276555,0.272007,0.28355,0.264933,1,0,0.0651221,0,0.000211217,-0.0438938,-0.00618382,0.195168,0.00870288,0,0,0,0.195089,0.0326079,0.0240971,0.0475618,-1.12028,10.5368,10.5963,0,20.7737
13.9,level,-0.0594794,-0.363155,-0.0650042,-0.00313469,0,0,0.186595,-0.0306867,-0.021292,1.44124,1.58124,51.7702,9.8519,nan,0.274182,0.275572,0.284519,0.263608,0.273043,0.275572,0.273043,0.284519,0.263608,1,0,0.0650708,0,0.00129571,-0.0444139,-0.00807961,0.194991,0.00931941,0,0,0,0.185431,0.0317728,0.0244587,0.261258,-1.11412,10.4262,10.4889,0,20.7436
13.91,level,-0.0576856,-0.362834,-0.0650186,-0.00325258,0,0,0.18667,-0.0311522,-0.0213639,1.44297,1.58297,51.8687,9.85923,nan,0.274106,0.277871,0.282602,0.265296,0.270669,0.277871,0.270669,0.282602,0.265296,1,0,0.0651038,0,0.0017024,-0.0464369,-0.00444076,0.195058,0.00964085,0,0,0,0.193832,0.022898,0.0373776,0.193296,-0.938393,10.5257,10.5693,0,20.7216
13.92,level,-0.0558944,-0.362508,-0.0650243,-0.00339133,0,0,0.186816,-0.0316049,-0.0217067,1.44469,1.58469,51.9674,9.86653,nan,0.274029,0.276218,0.283827,0.264102,0.271985,0.276218,0.271985,0.283827,0.264102,1,0,0.0651148,0,0.000724065,-0.0453944,-0.00680928,0.195049,0.0101332,0,0,0,0.201241,0.0154405,0.0327958,0.110633,-0.984338,10.4778,10.5245,0,20.6984
13.93,level,-0.0541028,-0.362178,-0.0650104,-0.00360666,0,0,0.186941,-0.0321016,-0.0223686,1.44643,1.58643,52.0661,9.87382,nan,0.273953,0.275212,0.284543,0.262814,0.273257,0.275212,0.273257,0.284543,0.262814,1,0,0.0651038,0,0.00294806,-0.0448765,-0.00869115,0.194989,0.0107901,0,0,0,0.189158,0.0224722,0.0248284,0.133512,-1.07315,10.5173,10.5728,0,20.6711
13.94,level,-0.0523081,-0.361844,-0.0649813,-0.0038032,0,0,0.187013,-0.0324725,-0.0214432,1.44817,1.58817,52.1648,9.88108,nan,0.273876,0.27634,0.283282,0.264456,0.271441,0.27634,0.271441,0.283282,0.264456,1,0,0.0650818,0,0.000113775,-0.0449554,-0.00612151,0.194893,0.0114415,0,0,0,0.189065,0.022304,0.0269792,0.0541235,-1.09091,10.5964,10.6525,0,20.6451
13.95,level,-0.0505136,-0.361507,-0.0649413,-0.00400603,0,0,0.186946,-0.0328183,-0.0218306,1.44991,1.58991,52.2637,9.88831,nan,0.273799,0.275182,0.283857,0.263208,0.272966,0.275182,0.272966,0.283857,0.263208,1,0,0.0650488,0,0.00286972,-0.0433254,-0.00810189,0.194788,0.0120008,0,0,0,0.194213,0.029506,0.0185991,0.125209,-1.03083,10.498,10.5492,0,20.619
13.96,level,-0.0487201,-0.361167,-0.064944,-0.00415326,0,0,0.186833,-0.0333121,-0.0209277,1.45166,1.59166,52.3626,9.89553,nan,0.273723,0.276945,0.282254,0.264608,0.271098,0.276945,0.271098,0.282254,0.264608,1,0,0.0650818,0,0.00313469,-0.0445154,-0.00518616,0.194851,0.0123655,0,0,0,0.197256,0.0493535,0.024432,0.258004,-0.978591,10.5349,10.5834,0,20.5966
13.97,level,-0.0469271,-0.36082,-0.0649298,-0.00431979,0,0,0.186723,-0.0339976,-0.0214404,1.45342,1.59342,52.4616,9.90275,nan,0.273646,0.276057,0.283405,0.263526,0.271612,0.276057,0.271612,0.283405,0.263526,1,0,0.0650671,0,0.00195645,-0.0460888,-0.00678393,0.194761,0.0129168,0,0,0,0.192051,0.0346403,0.0196095,0.153169,-0.974724,10.4519,10.4984,0,20.5731
13.98,level,-0.0451344,-0.360468,-0.0649088,-0.00453701,0,0,0.18665,-0.0346288,-0.0213548,1.45518,1.59518,52.5607,9.90993,nan,0.27357,0.27578,0.283279,0.263477,0.271757,0.27578,0.271757,0.283279,0.263477,1,0,0.0650708,0,0.00207207,-0.0451447,-0.00693532,0.194693,0.0136724,0,0,0,0.201022,0.0256649,0.0172094,0.0330772,-1.00316,10.5133,10.5611,0,20.5469
13.99,level,-0.0433425,-0.36011,-0.0648508,-0.00481918,0,0,0.186571,-0.0352027,-0.020922,1.45694,1.59694,52.6598,9.9171,nan,0.273493,0.276037,0.282997,0.263595,0.27136,0.276037,0.27136,0.282997,0.263595,1,0,0.0650232,0,0.00213321,-0.0456256,-0.00647184,0.194524,0.0144785,0,0,0,0.202326,0.0385242,0.0297734,0.118649,-1.10639,10.4847,10.5436,0,20.517
14,level,-0.0415493,-0.359746,-0.0648386,-0.00501746,0,0,0.186436,-0.0357987,-0.0206281,1.45871,1.59871,52.759,9.92427,nan,0.273417,0.276089,0.282329,0.263941,0.271325,0.276089,0.271325,0.282329,0.263941,1,0,0.0650195,0,0.00303647,-0.0438692,-0.00598817,0.194471,0.0150243,0,0,0,0.185205,0.0325682,0.0194322,0.168268,-1.06476,10.4967,10.552,0,20.4922
14.01,level,-0.039758,-0.359377,-0.0648381,-0.00517176,0,0,0.18633,-0.0364929,-0.0207176,1.46049,1.60049,52.8583,9.93143,nan,0.273341,0.275387,0.283565,0.262991,0.271437,0.275387,0.271437,0.283565,0.262991,1,0,0.0650305,0,0.000711016,-0.046467,-0.00730651,0.194486,0.0154401,0,0,0,0.181309,0.0376123,0.0160322,0.19147,-0.939582,10.5072,10.5509,0,20.4702
14.02,level,-0.0379666,-0.359002,-0.0648493,-0.00528281,0,0,0.186246,-0.0370992,-0.0204317,1.46227,1.60227,52.9576,9.93857,nan,0.273265,0.275683,0.282715,0.263275,0.271403,0.275683,0.271403,0.282715,0.263275,1,0,0.0650598,0,0.00290613,-0.044946,-0.00666314,0.194515,0.0158475,0,0,0,0.196905,0.035115,0.0249442,0.113378,-0.942078,10.4259,10.4689,0,20.4508
14.03,level,-0.0361766,-0.35862,-0.0648172,-0.0054931,0,0,0.186241,-0.0376301,-0.0201883,1.46405,1.60405,53.057,9.94568,nan,0.27319,0.275282,0.282942,0.263304,0.271245,0.275282,0.271245,0.282942,0.263304,1,0,0.0650342,0,0.000742177,-0.0448594,-0.00685714,0.194411,0.0165093,0,0,0,0.195617,0.0336088,0.0203368,0.099042,-1.07689,10.4543,10.51,0,20.4258
14.04,level,-0.0343842,-0.358235,-0.0647744,-0.00577945,0,0,0.186259,-0.0381718,-0.0203712,1.46584,1.60584,53.1565,9.95278,nan,0.273114,0.275847,0.281946,0.263749,0.270929,0.275847,0.270929,0.281946,0.263749,1,0,0.0650158,0,0.00286818,-0.0437967,-0.00583615,0.194265,0.0173688,0,0,0,0.183954,0.0335699,0.0227467,0.109478,-1.14626,10.4761,10.5392,0,20.3966
14.05,level,-0.032594,-0.357844,-0.0647427,-0.00596609,0,0,0.186231,-0.0387191,-0.0206547,1.46764,1.60764,53.2561,9.95988,nan,0.273039,0.276418,0.281478,0.264079,0.270195,0.276418,0.270195,0.281478,0.264079,1,0,0.0650158,0,0.00279993,-0.0447585,-0.00491192,0.194206,0.0178438,0,0,0,0.191438,0.0383638,0.0245252,0.231732,-1.04959,10.4061,10.4614,0,20.3733
14.06,level,-0.0308041,-0.357448,-0.0647231,-0.00605318,0,0,0.186282,-0.0391782,-0.0205799,1.46944,1.60944,53.3557,9.96695,nan,0.272964,0.274084,0.283969,0.261682,0.272135,0.274084,0.272135,0.283969,0.261682,1,0,0.0650195,0,0.00150533,-0.0459239,-0.0089392,0.194185,0.0180262,0,0,0,0.187052,0.0334304,0.0123017,0.274412,-0.930715,10.5187,10.5633,0,20.3561
14.07,level,-0.0290139,-0.357048,-0.0647293,-0.00621127,0,0,0.186221,-0.0395539,-0.0207154,1.47124,1.61124,53.4554,9.97403,nan,0.272889,0.274019,0.283437,0.262407,0.271708,0.274019,0.271708,0.283437,0.262407,1,0,0.0650158,0,-0.000309044,-0.0442257,-0.00822757,0.194145,0.0186492,0,0,0,0.191082,0.0432218,0.0279564,0.147335,-1.06665,10.4293,10.4847,0,20.3353
14.08,level,-0.0272252,-0.356646,-0.064646,-0.00646433,0,0,0.186057,-0.039865,-0.0207198,1.47305,1.61305,53.5552,9.9811,nan,0.272814,0.275762,0.281574,0.263719,0.270216,0.275762,0.270216,0.281574,0.263719,1,0,0.0649681,0,0.0018175,-0.0443413,-0.00540972,0.193896,0.0193994,0,0,0,0.192247,0.0342623,0.0272504,0.129636,-0.990051,10.3853,10.4332,0,20.3088
14.09,level,-0.0254397,-0.35624,-0.0646301,-0.00660154,0,0,0.1859,-0.0402389,-0.0212253,1.47487,1.61487,53.655,9.98815,nan,0.27274,0.274313,0.282725,0.262459,0.271476,0.274313,0.271476,0.282725,0.262459,1,0,0.0649534,0,0.00160323,-0.0437754,-0.0076605,0.193841,0.0197903,0,0,0,0.181986,0.0423115,0.0248034,0.185252,-1.04323,10.4403,10.4939,0,20.2897
14.1,level,-0.0236563,-0.35583,-0.0646363,-0.00663033,0,0,0.185787,-0.0407527,-0.0206436,1.47669,1.61669,53.755,9.99517,nan,0.272665,0.27507,0.282621,0.262349,0.270637,0.27507,0.270637,0.282621,0.262349,1,0,0.0649681,0,0.001955,-0.0468099,-0.00696165,0.193876,0.0198267,0,0,0,0.185662,0.0287648,0.0242289,0.242636,-1.07329,10.4514,10.5092,0,20.277
14.11,level,-0.021872,-0.355416,-0.0646469,-0.00671563,0,0,0.185684,-0.0411968,-0.0212253,1.47851,1.61851,53.8549,10.0022,nan,0.272591,0.276023,0.281309,0.26343,0.269619,0.276023,0.269619,0.281309,0.26343,1,0,0.0649865,0,0.00239424,-0.04601,-0.00504375,0.193922,0.0200504,0,0,0,0.182383,0.0316699,0.0229578,0.287547,-1.03518,10.5107,10.5654,0,20.2616
14.12,level,-0.0200905,-0.354997,-0.0646337,-0.00679471,0,0,0.185645,-0.041661,-0.0213165,1.48034,1.62034,53.955,10.0092,nan,0.272518,0.2751,0.281893,0.263122,0.269971,0.2751,0.269971,0.281893,0.263122,1,0,0.0649865,0,0.000147919,-0.0452874,-0.00599635,0.193879,0.0203572,0,0,0,0.197508,0.0413902,0.0261667,0.189377,-1.00401,10.465,10.5147,0,20.2465
14.13,level,-0.0183121,-0.354574,-0.0645887,-0.00697327,0,0,0.185602,-0.0422402,-0.0221582,1.48218,1.62218,54.0551,10.0161,nan,0.272444,0.274631,0.282278,0.262764,0.27012,0.274631,0.27012,0.282278,0.262764,1,0,0.0649608,0,-0.000771509,-0.0455219,-0.00659461,0.193709,0.0210395,0,0,0,0.184836,0.0447527,0.0292053,0.0215247,-1.06533,10.3842,10.4388,0,20.2258
14.14,level,-0.0165347,-0.354145,-0.0644797,-0.00730787,0,0,0.185579,-0.0428104,-0.0216837,1.48402,1.62402,54.1553,10.0231,nan,0.272372,0.274944,0.281819,0.262394,0.270345,0.274944,0.270345,0.281819,0.262394,1,0,0.0648873,0,0.00285258,-0.0455189,-0.0065162,0.193394,0.0219401,0,0,0,0.190864,0.0395434,0.0268713,0.154452,-1.08226,10.5729,10.6292,0,20.1959
14.15,level,-0.0147567,-0.353711,-0.0644716,-0.00747041,0,0,0.185595,-0.0434288,-0.0220018,1.48586,1.62586,54.2556,10.0301,nan,0.2723,0.275567,0.280486,0.263442,0.269719,0.275567,0.269719,0.280486,0.263442,1,0,0.0648983,0,0.00360361,-0.043375,-0.00492104,0.193371,0.0223642,0,0,0,0.178357,0.0411455,0.016969,0.260979,-1.08382,10.4041,10.4636,0,20.1768
14.16,level,-0.0129806,-0.35327,-0.0644532,-0.007576,0,0,0.185713,-0.0441258,-0.0218646,1.48771,1.62771,54.3559,10.037,nan,0.272229,0.274501,0.281908,0.262043,0.270479,0.274501,0.270479,0.281908,0.262043,1,0,0.064902,0,0.00272667,-0.0452597,-0.00696315,0.193379,0.0226185,0,0,0,0.198277,0.0378914,0.0156696,0.304646,-0.982577,10.5564,10.6064,0,20.1609
14.17,level,-0.0111999,-0.352823,-0.0644487,-0.00768103,0,0,0.185905,-0.0448703,-0.0212954,1.48956,1.62956,54.4563,10.044,nan,0.272159,0.273821,0.28228,0.262139,0.270409,0.273821,0.270409,0.28228,0.262139,1,0,0.064902,0,-0.000501918,-0.0446257,-0.00735289,0.193306,0.0230905,0,0,0,0.196803,0.0477322,0.0198378,0.119895,-0.982761,10.5127,10.5592,0,20.1454
14.18,level,-0.00941524,-0.352368,-0.0644195,-0.00774346,0,0,0.186065,-0.045627,-0.0205827,1.49142,1.63142,54.5568,10.051,nan,0.272089,0.276301,0.279929,0.264256,0.267885,0.276301,0.267885,0.279929,0.264256,1,0,0.0648726,0,1.7639e-06,-0.0456448,-0.00318932,0.193213,0.0233461,0,0,0,0.193942,0.0564256,0.0226476,0.0632962,-1.01111,10.5223,10.571,0,20.1323
14.19,level,-0.00763131,-0.351907,-0.0643359,-0.00801628,0,0,0.186196,-0.0463775,-0.0217745,1.49329,1.63329,54.6573,10.0579,nan,0.272021,0.273845,0.281744,0.262334,0.270172,0.273845,0.270172,0.281744,0.262334,1,0,0.0648211,0,-0.000162507,-0.0437374,-0.00691704,0.192957,0.0241033,0,0,0,0.190493,0.0430144,0.0223648,0.119658,-1.10506,10.4351,10.4942,0,20.1068
14.2,level,-0.00584628,-0.351437,-0.064289,-0.00816166,0,0,0.186302,-0.0472685,-0.0209097,1.49515,1.63515,54.7579,10.0648,nan,0.271952,0.274262,0.281722,0.261261,0.270578,0.274262,0.270578,0.281722,0.261261,1,0,0.0648027,0,0.00492842,-0.0457511,-0.00737401,0.192866,0.0244245,0,0,0,0.195617,0.0533323,0.0269486,0.283653,-0.996891,10.3927,10.4443,0,20.089
14.21,level,-0.00405668,-0.35096,-0.0642485,-0.00824274,0,0,0.186493,-0.0481438,-0.0202661,1.49703,1.63703,54.8586,10.0717,nan,0.271885,0.273849,0.281717,0.261739,0.270249,0.273849,0.270249,0.281717,0.261739,1,0,0.064777,0,0.00170356,-0.0446733,-0.00719856,0.192726,0.0246963,0,0,0,0.197274,0.045271,0.0115533,0.255553,-1.08568,10.4375,10.4969,0,20.0749
14.22,level,-0.0022634,-0.350473,-0.0642566,-0.008186,0,0,0.186716,-0.0490693,-0.0200494,1.4989,1.6389,54.9594,10.0786,nan,0.27182,0.274282,0.281293,0.262166,0.269551,0.274282,0.269551,0.281293,0.262166,1,0,0.0647622,0,0.000993369,-0.0452069,-0.00632788,0.192729,0.0246005,0,0,0,0.195911,0.0457433,0.0352014,0.127024,-0.963561,10.5422,10.5869,0,20.0691
14.23,level,-0.000467755,-0.349978,-0.0641832,-0.00831157,0,0,0.186885,-0.0499455,-0.0191258,1.50078,1.64078,55.0602,10.0854,nan,0.271756,0.27272,0.282797,0.260781,0.270739,0.27272,0.270739,0.282797,0.260781,1,0,0.0647107,0,-0.000312642,-0.0454689,-0.00880587,0.192506,0.0249724,0,0,0,0.193962,0.0442601,0.0196825,0.137875,-1.01859,10.4309,10.4814,0,20.0523
14.24,level,0.00133236,-0.349475,-0.0641141,-0.00848255,0,0,0.186966,-0.0507191,-0.0196742,1.50267,1.64267,55.1611,10.0923,nan,0.271694,0.274635,0.280691,0.262323,0.26914,0.274635,0.26914,0.280691,0.262323,1,0,0.0646628,0,0.00201773,-0.045214,-0.00565773,0.192309,0.0254924,0,0,0,0.199659,0.0561443,0.0207449,0.166052,-1.08768,10.3979,10.4559,0,20.0331
14.25,level,0.00312919,-0.348965,-0.0640355,-0.00861771,0,0,0.18702,-0.0513935,-0.0200868,1.50456,1.64456,55.262,10.0992,nan,0.271635,0.274491,0.280439,0.262498,0.269121,0.274491,0.269121,0.280439,0.262498,1,0,0.0646185,0,0.00179045,-0.0441708,-0.00552524,0.192108,0.025782,0,0,0,0.196165,0.0484455,0.0187472,0.275055,-0.968979,10.4889,10.5371,0,20.0159
14.26,level,0.004925,-0.348448,-0.0639848,-0.00880638,0,0,0.187094,-0.0520569,-0.0209102,1.50645,1.64645,55.3631,10.106,nan,0.271577,0.274082,0.280983,0.262357,0.268897,0.274082,0.268897,0.280983,0.262357,1,0,0.0645742,0,-0.000957106,-0.0451164,-0.0059078,0.191929,0.0263796,0,0,0,0.192467,0.0416026,0.0194473,0.228661,-0.985099,10.302,10.3515,0,19.9962
14.27,level,0.00672068,-0.347926,-0.0639586,-0.00883811,0,0,0.187033,-0.0526812,-0.0198862,1.50835,1.64835,55.4641,10.1129,nan,0.271521,0.274454,0.280799,0.26196,0.268882,0.274454,0.268882,0.280799,0.26196,1,0,0.0645483,0,0.00152851,-0.0462543,-0.00583132,0.191834,0.0264924,0,0,0,0.186047,0.0413503,0.021417,0.216793,-1.02377,10.4664,10.5186,0,19.9857
14.28,level,0.00851608,-0.347398,-0.0639692,-0.00883449,0,0,0.186938,-0.0531803,-0.0200921,1.51025,1.65025,55.5653,10.1197,nan,0.271467,0.273341,0.281771,0.26123,0.269535,0.273341,0.269535,0.281771,0.26123,1,0,0.0645742,0,-0.000329219,-0.0461331,-0.00735527,0.191871,0.0264803,0,0,0,0.183553,0.055873,0.0192168,0.216234,-0.944129,10.3891,10.4342,0,19.9781
14.29,level,0.0103104,-0.346866,-0.0638995,-0.00893946,0,0,0.186934,-0.0535524,-0.0199076,1.51215,1.65215,55.6665,10.1265,nan,0.271414,0.273665,0.281407,0.261512,0.26908,0.273665,0.26908,0.281407,0.261512,1,0,0.064504,0,-0.000460693,-0.0463831,-0.00672922,0.191649,0.0269465,0,0,0,0.190993,0.0515056,0.0230013,0.0495279,-1.03782,10.3834,10.4353,0,19.9636
14.3,level,0.012105,-0.346332,-0.0638316,-0.00915683,0,0,0.186985,-0.053834,-0.0204733,1.51406,1.65406,55.7678,10.1333,nan,0.271362,0.273963,0.280884,0.26124,0.269371,0.273963,0.269371,0.280884,0.26124,1,0,0.0644818,0,0.00320789,-0.0459223,-0.00661551,0.191454,0.0274634,0,0,0,0.190351,0.0412113,0.0196575,0.209538,-1.05451,10.4629,10.518,0,19.9433
14.31,level,0.0138998,-0.345795,-0.0637109,-0.00938916,0,0,0.18708,-0.054003,-0.0203336,1.51597,1.65597,55.8692,10.1401,nan,0.271311,0.273971,0.280562,0.262068,0.268653,0.273971,0.268653,0.280562,0.262068,1,0,0.0643856,0,-1.75368e-05,-0.0451194,-0.00579088,0.191089,0.0281974,0,0,0,0.188983,0.0620064,0.0260012,0.204038,-1.04915,10.4242,10.4788,0,19.9218
14.32,level,0.0156949,-0.345258,-0.0636053,-0.00957278,0,0,0.187065,-0.0541194,-0.0204889,1.51789,1.65789,55.9706,10.1468,nan,0.271262,0.274018,0.280484,0.261866,0.268688,0.274018,0.268688,0.280484,0.261866,1,0,0.0643226,0,0.000946445,-0.0453758,-0.00584011,0.190792,0.0286737,0,0,0,0.187687,0.0501413,0.0144454,0.278719,-1.01559,10.3956,10.4488,0,19.9038
14.33,level,0.0174886,-0.344719,-0.0635598,-0.00966175,0,0,0.186996,-0.054278,-0.0202193,1.5198,1.6598,56.0721,10.1535,nan,0.271213,0.271968,0.282687,0.259388,0.270818,0.271968,0.270818,0.282687,0.259388,1,0,0.0642855,0,0.00188494,-0.0463266,-0.0097347,0.19067,0.0289266,0,0,0,0.19195,0.0507344,0.0230622,0.216297,-0.864589,10.4937,10.5315,0,19.8921
14.34,level,0.0192851,-0.34418,-0.0635426,-0.00970468,0,0,0.186999,-0.0543139,-0.0198568,1.52173,1.66173,56.1737,10.1602,nan,0.271165,0.273063,0.28126,0.260798,0.269549,0.273063,0.269549,0.28126,0.260798,1,0,0.0642744,0,0.00146905,-0.0454281,-0.00744924,0.190615,0.0290835,0,0,0,0.193041,0.0630487,0.0276491,0.193208,-0.836936,10.4857,10.5208,0,19.884
14.35,level,0.0210818,-0.343641,-0.0634735,-0.00979697,0,0,0.187085,-0.0543911,-0.0197548,1.52365,1.66365,56.2753,10.1669,nan,0.271118,0.272929,0.281311,0.261085,0.269156,0.272929,0.269156,0.281311,0.261085,1,0,0.064215,0,-0.000823072,-0.0454743,-0.00723201,0.190389,0.0294174,0,0,0,0.197116,0.0602516,0.0258008,0.198323,-1.00116,10.3117,10.3621,0,19.873
14.36,level,0.0228782,-0.343101,-0.0633706,-0.0100736,0,0,0.187125,-0.0544755,-0.0198558,1.52558,1.66558,56.377,10.1735,nan,0.271072,0.273213,0.280814,0.26131,0.268959,0.273213,0.268959,0.280814,0.26131,1,0,0.0641778,0,0.000125961,-0.0450163,-0.00670307,0.190087,0.030231,0,0,0,0.202784,0.0453133,0.0272646,0.205026,-1.04429,10.409,10.4633,0,19.8519
14.37,level,0.0246742,-0.34256,-0.0632463,-0.0103414,0,0,0.187113,-0.0545661,-0.0196431,1.52751,1.66751,56.4788,10.1801,nan,0.271026,0.273329,0.280622,0.260999,0.269163,0.273329,0.269163,0.280622,0.260999,1,0,0.0640737,0,0.00230847,-0.0450763,-0.00679358,0.189704,0.0310582,0,0,0,0.19856,0.0511125,0.0151019,0.191013,-1.06943,10.425,10.4815,0,19.8314
14.38,level,0.0264682,-0.342019,-0.0631573,-0.0104803,0,0,0.187128,-0.0547814,-0.0205714,1.52944,1.66944,56.5806,10.1867,nan,0.270981,0.27246,0.28132,0.260422,0.26973,0.27246,0.26973,0.28132,0.260422,1,0,0.0640179,0,0.0011894,-0.0447705,-0.00798498,0.189461,0.0313847,0,0,0,0.197817,0.0397092,0.0234449,0.308939,-1.05956,10.4051,10.4634,0,19.819
14.39,level,0.0282638,-0.341476,-0.0630696,-0.0106192,0,0,0.18709,-0.055094,-0.01905,1.53138,1.67138,56.6825,10.1933,nan,0.270936,0.273274,0.280584,0.261265,0.268632,0.273274,0.268632,0.280584,0.261265,1,0,0.0639657,0,0.000150392,-0.0453995,-0.00645053,0.189215,0.031789,0,0,0,0.201248,0.046257,0.0251186,0.302386,-0.970381,10.3639,10.4136,0,19.807
14.4,level,0.0300605,-0.340929,-0.0630139,-0.0107077,0,0,0.186981,-0.0555072,-0.0190441,1.53332,1.67332,56.7845,10.1998,nan,0.270892,0.274411,0.27914,0.262319,0.267709,0.274411,0.267709,0.27914,0.262319,1,0,0.0639321,0,0.00175353,-0.0445727,-0.00444759,0.189054,0.0320654,0,0,0,0.200154,0.0618435,0.016839,0.283596,-0.914005,10.4511,10.4948,0,19.7987
14.41,level,0.0318528,-0.340378,-0.0629599,-0.0107842,0,0,0.186843,-0.055954,-0.0201045,1.53526,1.67526,56.8865,10.2064,nan,0.270849,0.273487,0.280161,0.261041,0.268716,0.273487,0.268716,0.280161,0.261041,1,0,0.0638836,0,0.0026545,-0.0452705,-0.00630689,0.188894,0.0322907,0,0,0,0.203819,0.0547651,0.0287757,0.287352,-0.927212,10.3882,10.4335,0,19.7914
14.42,level,0.0336442,-0.339823,-0.0628714,-0.010914,0,0,0.186743,-0.0564668,-0.0195477,1.5372,1.6772,56.9886,10.2129,nan,0.270806,0.273311,0.280318,0.261302,0.268301,0.273311,0.268301,0.280318,0.261302,1,0,0.0638127,0,-2.27886e-05,-0.0455254,-0.006156,0.188582,0.0327896,0,0,0,0.202984,0.0457549,0.0236867,0.151802,-0.94306,10.3785,10.4223,0,19.7808
14.43,level,0.0354336,-0.339263,-0.0627718,-0.0110948,0,0,0.186593,-0.056909,-0.0202028,1.53915,1.67915,57.0908,10.2195,nan,0.270763,0.273437,0.280147,0.260967,0.268508,0.273437,0.268508,0.280147,0.260967,1,0,0.0637416,0,0.00220424,-0.0456813,-0.00626386,0.188263,0.0334194,0,0,0,0.188505,0.0454398,0.0128723,0.0519178,-1.03751,10.396,10.4477,0,19.7677
14.44,level,0.0372209,-0.3387,-0.0626944,-0.0112647,0,0,0.186358,-0.0573413,-0.0198,1.5411,1.6811,57.193,10.226,nan,0.27072,0.274487,0.27886,0.262487,0.267056,0.274487,0.267056,0.27886,0.262487,1,0,0.0636855,0,0.000519647,-0.0451059,-0.00393007,0.188019,0.0337887,0,0,0,0.175238,0.0413692,0.0239073,0.248923,-1.09096,10.3837,10.4438,0,19.7558
14.45,level,0.0390039,-0.338132,-0.0625704,-0.0114873,0,0,0.185992,-0.0577444,-0.0200186,1.54305,1.68305,57.2953,10.2325,nan,0.270678,0.27261,0.280914,0.260876,0.268322,0.27261,0.268322,0.280914,0.260876,1,0,0.0636068,0,-0.00227649,-0.0460957,-0.00692249,0.187695,0.0344085,0,0,0,0.187798,0.0539425,0.0156012,0.309712,-0.974996,10.4173,10.4674,0,19.7404
14.46,level,0.0407847,-0.337561,-0.0625502,-0.0115093,0,0,0.185548,-0.0581082,-0.0191253,1.54501,1.68501,57.3977,10.2389,nan,0.270637,0.273349,0.28025,0.26089,0.268066,0.273349,0.268066,0.28025,0.26089,1,0,0.0635806,0,0.000729056,-0.046693,-0.00618696,0.187626,0.0344735,0,0,0,0.181725,0.0540463,0.0215371,0.301103,-0.955573,10.4369,10.4849,0,19.7381
14.47,level,0.0425624,-0.336987,-0.0625538,-0.0115378,0,0,0.185122,-0.0584024,-0.0185284,1.54697,1.68697,57.5001,10.2455,nan,0.270595,0.27265,0.280485,0.261096,0.268158,0.27265,0.268158,0.280485,0.261096,1,0,0.0635956,0,-0.00205107,-0.0452505,-0.0065477,0.187621,0.0345941,0,0,0,0.1832,0.0544641,0.0139449,0.264116,-0.98381,10.3853,10.4352,0,19.7362
14.48,level,0.0443377,-0.33641,-0.0625197,-0.0116198,0,0,0.184649,-0.0587478,-0.0183981,1.54893,1.68893,57.6026,10.252,nan,0.270554,0.272568,0.280493,0.260439,0.268723,0.272568,0.268723,0.280493,0.260439,1,0,0.0635843,0,0.000953658,-0.0452846,-0.00712455,0.187525,0.034865,0,0,0,0.19198,0.0583862,0.0357013,0.223757,-0.934483,10.3922,10.4365,0,19.7311
14.49,level,0.0461093,-0.33583,-0.0624761,-0.0117304,0,0,0.184272,-0.059123,-0.0184231,1.5509,1.6909,57.7051,10.2585,nan,0.270513,0.272322,0.280671,0.260447,0.268619,0.272322,0.268619,0.280671,0.260447,1,0,0.0635543,0,-0.000469685,-0.0453361,-0.00726178,0.187381,0.0352268,0,0,0,0.190279,0.0539278,0.0157579,0.203913,-1.0255,10.3946,10.4471,0,19.7246
14.5,level,0.0478773,-0.335247,-0.0623736,-0.0119298,0,0,0.183913,-0.0593664,-0.018753,1.55286,1.69286,57.8077,10.265,nan,0.270472,0.27294,0.280191,0.260789,0.267976,0.27294,0.267976,0.280191,0.260789,1,0,0.0634905,0,-0.000169735,-0.0461694,-0.00634566,0.18706,0.0358524,0,0,0,0.185271,0.0490404,0.0177314,0.167618,-1.08621,10.4334,10.4911,0,19.7125
14.51,level,0.0496396,-0.334662,-0.0623036,-0.0121192,0,0,0.183554,-0.0595386,-0.0182384,1.55483,1.69483,57.9104,10.2715,nan,0.270431,0.27303,0.279672,0.261211,0.267821,0.27303,0.267821,0.279672,0.261211,1,0,0.063468,0,-8.63379e-05,-0.0448488,-0.00582484,0.18686,0.0364207,0,0,0,0.19094,0.0568226,0.0209683,0.179649,-1.02587,10.5156,10.567,0,19.7019
14.52,level,0.051399,-0.334076,-0.0622372,-0.0122776,0,0,0.183217,-0.0597577,-0.0183712,1.55681,1.69681,58.0132,10.2779,nan,0.270391,0.274631,0.278327,0.262144,0.266471,0.274631,0.266471,0.278327,0.262144,1,0,0.0634341,0,0.00167155,-0.046124,-0.00352649,0.186701,0.0367869,0,0,0,0.192679,0.0577732,0.0212304,0.292064,-0.921565,10.2593,10.3047,0,19.6936
14.53,level,0.0531516,-0.333488,-0.0621934,-0.012422,0,0,0.182924,-0.0599362,-0.0190943,1.55878,1.69878,58.116,10.2844,nan,0.270352,0.271705,0.280778,0.260036,0.268897,0.271705,0.268897,0.280778,0.260036,1,0,0.0634191,0,-0.000562815,-0.0446216,-0.00788223,0.186563,0.0372335,0,0,0,0.191066,0.0607639,0.028052,0.299641,-0.961377,10.4544,10.5028,0,19.6868
14.54,level,0.0549038,-0.332899,-0.0621525,-0.0125542,0,0,0.182663,-0.0602181,-0.0182942,1.56076,1.70076,58.2188,10.2909,nan,0.270313,0.272713,0.280282,0.260484,0.267779,0.272713,0.267779,0.280282,0.260484,1,0,0.0633965,0,-0.000726652,-0.0468647,-0.00653301,0.186442,0.0375988,0,0,0,0.183159,0.0546922,0.0298809,0.298643,-0.902248,10.4823,10.5253,0,19.6811
14.55,level,0.056654,-0.332307,-0.0621214,-0.0126988,0,0,0.182454,-0.0604583,-0.0184521,1.56274,1.70274,58.3218,10.2973,nan,0.270274,0.27273,0.279523,0.260508,0.268341,0.27273,0.268341,0.279523,0.260508,1,0,0.0633928,0,0.00275805,-0.0443475,-0.00642837,0.186319,0.0381173,0,0,0,0.184084,0.0717745,0.0253615,0.277333,-1.0245,10.3569,10.4111,0,19.6754
14.56,level,0.0584036,-0.331712,-0.0620861,-0.01288,0,0,0.182371,-0.0608248,-0.0180381,1.56472,1.70472,58.4248,10.3037,nan,0.270235,0.272358,0.280148,0.260154,0.268287,0.272358,0.268287,0.280148,0.260154,1,0,0.0634003,0,0.000910814,-0.0455988,-0.00699852,0.186184,0.0387142,0,0,0,0.177875,0.0419932,0.031033,0.145155,-0.96144,10.4089,10.4542,0,19.6681
14.57,level,0.0601541,-0.331113,-0.0620094,-0.0130569,0,0,0.182306,-0.0611999,-0.0177835,1.56671,1.70671,58.5279,10.3102,nan,0.270197,0.273482,0.278824,0.261339,0.26715,0.273482,0.26715,0.278824,0.261339,1,0,0.0633551,0,0.0012435,-0.0451301,-0.00490213,0.185973,0.039196,0,0,0,0.184951,0.0507425,0.0200143,0.25535,-1.13375,10.4403,10.5048,0,19.6605
14.58,level,0.0619017,-0.330511,-0.0619,-0.0132534,0,0,0.182251,-0.061664,-0.018916,1.5687,1.7087,58.631,10.3166,nan,0.270159,0.271718,0.280614,0.258915,0.269396,0.271718,0.269396,0.280614,0.258915,1,0,0.0632874,0,0.00420581,-0.0455162,-0.00851703,0.185656,0.0397907,0,0,0,0.193509,0.0518207,0.0264078,0.237039,-1.06547,10.4282,10.4852,0,19.6514
14.59,level,0.0636493,-0.329905,-0.0618268,-0.013405,0,0,0.182216,-0.0621666,-0.0178716,1.57069,1.71069,58.7342,10.323,nan,0.270121,0.273596,0.278589,0.261266,0.267042,0.273596,0.267042,0.278589,0.261266,1,0,0.0632572,0,0.00207612,-0.0452419,-0.00473294,0.185471,0.0401594,0,0,0,0.180493,0.0703073,0.0260112,0.366948,-0.93583,10.2792,10.3283,0,19.6458
14.6,level,0.0653939,-0.329294,-0.0617953,-0.0134584,0,0,0.182118,-0.0627227,-0.0186368,1.57268,1.71268,58.8374,10.3294,nan,0.270084,0.272323,0.279479,0.260543,0.267999,0.272323,0.267999,0.279479,0.260543,1,0,0.0632459,0,0.000793981,-0.0440733,-0.00642184,0.18539,0.0402874,0,0,0,0.180521,0.0600662,0.0217306,0.331881,-0.86008,10.3861,10.427,0,19.6466
14.61,level,0.0671365,-0.328678,-0.0617718,-0.0135576,0,0,0.181899,-0.0633142,-0.0183397,1.57468,1.71468,58.9408,10.3358,nan,0.270047,0.272425,0.279414,0.260885,0.267472,0.272425,0.267472,0.279414,0.260885,1,0,0.063227,0,-0.00106856,-0.0444933,-0.00596706,0.185283,0.0406526,0,0,0,0.184668,0.0631576,0.0237004,0.309524,-0.973034,10.3868,10.4368,0,19.6455
14.62,level,0.0688753,-0.328056,-0.0617421,-0.0137137,0,0,0.181535,-0.0639247,-0.0186145,1.57668,1.71668,59.0442,10.3421,nan,0.270011,0.271931,0.280456,0.259063,0.268601,0.271931,0.268601,0.280456,0.259063,1,0,0.0632384,0,0.00268237,-0.046845,-0.00793912,0.185213,0.041091,0,0,0,0.179865,0.0719857,0.0204525,0.289275,-0.84017,10.4087,10.4466,0,19.6413
14.63,level,0.0706123,-0.327428,-0.061683,-0.0138111,0,0,0.181241,-0.0644232,-0.0178211,1.57868,1.71868,59.1476,10.3485,nan,0.269975,0.27223,0.279957,0.260289,0.267431,0.27223,0.267431,0.279957,0.260289,1,0,0.0631969,0,-0.00155133,-0.0463609,-0.00653543,0.184997,0.0415139,0,0,0,0.19215,0.0629262,0.018962,0.18411,-0.988073,10.3193,10.3682,0,19.6398
14.64,level,0.0723472,-0.326796,-0.0616255,-0.0140475,0,0,0.180883,-0.0648928,-0.0176925,1.58068,1.72068,59.2511,10.3548,nan,0.269939,0.27216,0.279592,0.259739,0.268272,0.27216,0.268272,0.279592,0.259739,1,0,0.0631855,0,0.00292124,-0.0449841,-0.00701723,0.184806,0.0421639,0,0,0,0.174,0.0553414,0.0262026,0.285696,-1.1214,10.3901,10.4543,0,19.6314
14.65,level,0.074079,-0.326159,-0.0615727,-0.0141866,0,0,0.180589,-0.0653852,-0.0180909,1.58268,1.72268,59.3547,10.3612,nan,0.269903,0.271609,0.28023,0.259546,0.268233,0.271609,0.268233,0.28023,0.259546,1,0,0.063178,0,0.000174048,-0.0455884,-0.00760777,0.184667,0.0425579,0,0,0,0.18142,0.0553478,0.027921,0.288947,-1.00907,10.3713,10.4243,0,19.6284
14.66,level,0.0758079,-0.325519,-0.0615151,-0.0143421,0,0,0.180286,-0.0657894,-0.0171999,1.58469,1.72469,59.4583,10.3675,nan,0.269867,0.271329,0.28045,0.259214,0.268483,0.271329,0.268483,0.28045,0.259214,1,0,0.0631402,0,0.000391819,-0.0456282,-0.00808304,0.184497,0.043033,0,0,0,0.179989,0.0695424,0.0263288,0.299792,-0.982195,10.3116,10.3626,0,19.6247
14.67,level,0.077535,-0.324874,-0.0614695,-0.0144187,0,0,0.179949,-0.0662462,-0.0166669,1.5867,1.7267,59.562,10.3738,nan,0.269832,0.271765,0.280437,0.25933,0.267801,0.271765,0.267801,0.280437,0.25933,1,0,0.0631516,0,-0.000533405,-0.0475052,-0.00753517,0.184445,0.0431483,0,0,0,0.189178,0.0604128,0.0162716,0.405255,-0.874969,10.3515,10.3963,0,19.6256
14.68,level,0.0792598,-0.324224,-0.0614625,-0.0144306,0,0,0.17968,-0.0666604,-0.0166321,1.58872,1.72872,59.6658,10.3801,nan,0.269796,0.27328,0.278261,0.260732,0.266917,0.27328,0.266917,0.278261,0.260732,1,0,0.0631402,0,0.00319193,-0.0452688,-0.00490783,0.184402,0.0432361,0,0,0,0.189465,0.0794549,0.0206501,0.388042,-0.916254,10.4619,10.5091,0,19.6312
14.69,level,0.0809804,-0.323572,-0.061417,-0.0145823,0,0,0.17956,-0.0670841,-0.0172447,1.59073,1.73073,59.7696,10.3865,nan,0.26976,0.271723,0.27944,0.260318,0.267566,0.271723,0.267566,0.27944,0.260318,1,0,0.0631176,0,-0.00124252,-0.0441093,-0.00657735,0.184223,0.043752,0,0,0,0.192065,0.0719974,0.00896129,0.284222,-0.927626,10.2911,10.3368,0,19.629
14.7,level,0.082699,-0.322915,-0.0613319,-0.0148136,0,0,0.179359,-0.0675817,-0.0176194,1.59275,1.73275,59.8736,10.3928,nan,0.269724,0.27219,0.278987,0.26036,0.267368,0.27219,0.267368,0.278987,0.26036,1,0,0.0630836,0,0.000561158,-0.0444313,-0.00606754,0.183928,0.0444956,0,0,0,0.181845,0.0533358,0.0158868,0.196991,-0.907692,10.3274,10.3691,0,19.6219
14.71,level,0.0844149,-0.322253,-0.0612644,-0.014995,0,0,0.179074,-0.0680461,-0.0170845,1.59477,1.73477,59.9775,10.3992,nan,0.269688,0.272009,0.279258,0.25989,0.267605,0.272009,0.267605,0.279258,0.25989,1,0,0.0630571,0,0.00123715,-0.0450416,-0.00657712,0.183729,0.0450305,0,0,0,0.17931,0.0673313,0.017092,0.253749,-1.00067,10.4691,10.5199,0,19.6182
14.72,level,0.0861277,-0.321588,-0.061133,-0.015279,0,0,0.178741,-0.0684407,-0.0173855,1.59679,1.73679,60.0815,10.4056,nan,0.269652,0.272354,0.278433,0.260621,0.267208,0.272354,0.267208,0.278433,0.260621,1,0,0.0630079,0,0.0013469,-0.0434999,-0.00556753,0.183354,0.0458511,0,0,0,0.186219,0.0667932,0.00432271,0.287191,-0.972063,10.4899,10.5387,0,19.6079
14.73,level,0.0878362,-0.320919,-0.061097,-0.015391,0,0,0.178421,-0.0688526,-0.0178493,1.59881,1.73881,60.1856,10.412,nan,0.269616,0.273119,0.277666,0.260794,0.266892,0.273119,0.266892,0.277666,0.260794,1,0,0.0630004,0,0.0041152,-0.0437653,-0.00467889,0.183252,0.0461735,0,0,0,0.186785,0.0655406,0.0134396,0.320721,-1.00212,10.3798,10.433,0,19.6091
14.74,level,0.0895399,-0.320248,-0.0610626,-0.015469,0,0,0.178231,-0.069202,-0.0174129,1.60084,1.74084,60.2898,10.4184,nan,0.269579,0.271285,0.279965,0.259084,0.267989,0.271285,0.267989,0.279965,0.259084,1,0,0.0630004,0,0.000596634,-0.0458111,-0.00772945,0.18319,0.0463421,0,0,0,0.181693,0.0729019,0.0173274,0.435654,-0.956478,10.5197,10.572,0,19.6123
14.75,level,0.0912433,-0.319573,-0.0610483,-0.0155075,0,0,0.177998,-0.069495,-0.0167763,1.60287,1.74287,60.394,10.4248,nan,0.269542,0.271375,0.279627,0.259573,0.2676,0.271375,0.2676,0.279627,0.259573,1,0,0.0629776,0,-0.000599544,-0.0451517,-0.00715486,0.183117,0.0465241,0,0,0,0.190646,0.0738396,0.0223255,0.307703,-0.9342,10.4551,10.5012,0,19.6184
14.76,level,0.092945,-0.318895,-0.0609939,-0.0156691,0,0,0.177792,-0.0698709,-0.0173308,1.6049,1.7449,60.4983,10.4313,nan,0.269505,0.272744,0.278229,0.260686,0.266367,0.272744,0.266367,0.278229,0.260686,1,0,0.0629663,0,0.000519402,-0.0453252,-0.0049074,0.182966,0.0469662,0,0,0,0.18908,0.0624896,0.0254316,0.32419,-0.893155,10.3886,10.432,0,19.6176
14.77,level,0.094643,-0.318214,-0.0609,-0.0159004,0,0,0.177705,-0.0702969,-0.017407,1.60694,1.74694,60.6026,10.4377,nan,0.269467,0.271235,0.279574,0.259822,0.267246,0.271235,0.267246,0.279574,0.259822,1,0,0.0629322,0,-0.00242721,-0.0449826,-0.00692819,0.182641,0.0477695,0,0,0,0.186042,0.0740543,0.0141087,0.227081,-0.90697,10.3183,10.3606,0,19.6126
14.78,level,0.0963402,-0.317529,-0.0608509,-0.0160269,0,0,0.177523,-0.0706703,-0.0177929,1.60897,1.74897,60.707,10.4441,nan,0.26943,0.272045,0.278908,0.259992,0.266783,0.272045,0.266783,0.278908,0.259992,1,0,0.062917,0,-0.000190307,-0.0458118,-0.00600134,0.18248,0.0482004,0,0,0,0.181508,0.064565,0.0106007,0.166662,-1.12077,10.3688,10.4305,0,19.6144
14.79,level,0.0980342,-0.316841,-0.0608115,-0.0161547,0,0,0.17728,-0.0709911,-0.0169247,1.61101,1.75101,60.8115,10.4506,nan,0.269393,0.271386,0.279007,0.259317,0.26787,0.271386,0.26787,0.279007,0.259317,1,0,0.0629094,0,0.00247126,-0.0439706,-0.0071093,0.182381,0.0484769,0,0,0,0.180269,0.0685143,0.0142977,0.31868,-1.00167,10.3841,10.4372,0,19.6168
14.8,level,0.0997289,-0.316149,-0.0607234,-0.0163565,0,0,0.177164,-0.0713518,-0.0162368,1.61305,1.75305,60.916,10.457,nan,0.269356,0.271612,0.279156,0.258871,0.267795,0.271612,0.267795,0.279156,0.258871,1,0,0.0628791,0,0.00366216,-0.0456674,-0.00723836,0.182178,0.0490036,0,0,0,0.191062,0.066308,0.020496,0.4157,-0.93245,10.3526,10.4028,0,19.6144
14.81,level,0.101426,-0.315454,-0.0606634,-0.0165706,0,0,0.177162,-0.0716512,-0.0158692,1.6151,1.7551,61.0206,10.4635,nan,0.26932,0.273381,0.277502,0.260627,0.265777,0.273381,0.265777,0.277502,0.260627,1,0,0.0628943,0,0.00273052,-0.0463823,-0.00407512,0.182029,0.0496135,0,0,0,0.192052,0.0657499,0.0264929,0.452229,-0.89242,10.5041,10.5516,0,19.6127
14.82,level,0.103122,-0.314756,-0.0606345,-0.0166397,0,0,0.177328,-0.0719091,-0.0156655,1.61715,1.75715,61.1253,10.4699,nan,0.269284,0.271389,0.278859,0.26013,0.266763,0.271389,0.266763,0.278859,0.26013,1,0,0.0628867,0,-0.00221925,-0.0442524,-0.00619869,0.181916,0.0498667,0,0,0,0.192934,0.0779492,0.011165,0.386865,-0.889278,10.458,10.5028,0,19.6194
14.83,level,0.104821,-0.314055,-0.060602,-0.0166925,0,0,0.177367,-0.0722744,-0.0161338,1.61919,1.75919,61.23,10.4764,nan,0.269248,0.271726,0.279135,0.259542,0.266597,0.271726,0.266597,0.279135,0.259542,1,0,0.0628601,0,-0.000938122,-0.046843,-0.00635752,0.181805,0.0500326,0,0,0,0.192544,0.0712905,0.0164263,0.339938,-0.860976,10.3951,10.4362,0,19.6274
14.84,level,0.106516,-0.313353,-0.0605204,-0.01683,0,0,0.17731,-0.0726027,-0.0165598,1.62125,1.76125,61.3348,10.4828,nan,0.269213,0.272627,0.277928,0.260301,0.266003,0.272627,0.266003,0.277928,0.260301,1,0,0.0627994,0,0.00106209,-0.0459524,-0.00483621,0.181498,0.0505521,0,0,0,0.185836,0.0601676,0.022326,0.242705,-1.00687,10.3512,10.4029,0,19.6301
14.85,level,0.10821,-0.312647,-0.0604662,-0.0169621,0,0,0.177172,-0.0729757,-0.0163486,1.6233,1.7633,61.4397,10.4892,nan,0.269178,0.270878,0.279664,0.258397,0.267781,0.270878,0.267781,0.279664,0.258397,1,0,0.0627842,0,0.00158937,-0.0461652,-0.00798618,0.181332,0.0509228,0,0,0,0.176495,0.0717709,0.0352291,0.295321,-0.976371,10.4227,10.4725,0,19.6342
14.86,level,0.109905,-0.311937,-0.0603573,-0.0171695,0,0,0.176978,-0.0733697,-0.0151686,1.62536,1.76536,61.5446,10.4956,nan,0.269144,0.273229,0.276982,0.26081,0.265562,0.273229,0.265562,0.276982,0.26081,1,0,0.0627386,0,0.00264903,-0.0451693,-0.00373824,0.181011,0.0515325,0,0,0,0.179418,0.0670737,0.019626,0.29988,-0.965426,10.4112,10.4602,0,19.6334
14.87,level,0.111598,-0.311223,-0.0602666,-0.017312,0,0,0.176855,-0.0737713,-0.0154581,1.62741,1.76741,61.6496,10.5021,nan,0.26911,0.271346,0.278978,0.259425,0.2667,0.271346,0.2667,0.278978,0.259425,1,0,0.0626968,0,-0.000948208,-0.0458529,-0.00655228,0.1808,0.0518791,0,0,0,0.185094,0.0741266,0.0241728,0.446347,-0.941917,10.3539,10.4062,0,19.6366
14.88,level,0.113289,-0.310505,-0.0602195,-0.0174038,0,0,0.176613,-0.0741888,-0.01552,1.62947,1.76947,61.7546,10.5084,nan,0.269077,0.270743,0.279423,0.258062,0.268089,0.270743,0.268089,0.279423,0.258062,1,0,0.0626626,0,0.0035741,-0.0455041,-0.00822232,0.180629,0.0521835,0,0,0,0.181366,0.0716726,0.0167327,0.332009,-0.865751,10.3844,10.4257,0,19.6439
14.89,level,0.114979,-0.309783,-0.0601303,-0.0175928,0,0,0.176273,-0.0746599,-0.0151823,1.63154,1.77154,61.8597,10.5148,nan,0.269045,0.270654,0.279177,0.258892,0.267462,0.270654,0.267462,0.279177,0.258892,1,0,0.0626435,0,0.000125911,-0.0444832,-0.00751266,0.180405,0.0526756,0,0,0,0.177071,0.0616104,0.0195231,0.409974,-0.839201,10.4669,10.5085,0,19.6456
14.9,level,0.116665,-0.309056,-0.0600619,-0.0177249,0,0,0.175902,-0.0751046,-0.0146954,1.6336,1.7736,61.9649,10.5212,nan,0.269013,0.271247,0.278721,0.259859,0.266231,0.271247,0.266231,0.278721,0.259859,1,0,0.0626207,0,-0.00292389,-0.0452463,-0.00608579,0.180168,0.0531655,0,0,0,0.196138,0.0729307,0.0140717,0.365947,-0.95868,10.3672,10.4179,0,19.6508
14.91,level,0.118347,-0.308326,-0.0600421,-0.017731,0,0,0.17547,-0.0755411,-0.0147805,1.63567,1.77567,62.0702,10.5277,nan,0.268982,0.272057,0.278082,0.259734,0.266059,0.272057,0.266059,0.278082,0.259734,1,0,0.0625788,0,0.000796682,-0.0461309,-0.00542832,0.180038,0.0532603,0,0,0,0.169465,0.0651896,0.0192121,0.240578,-0.921632,10.3463,10.3901,0,19.664
14.92,level,0.120025,-0.307592,-0.0599234,-0.0180106,0,0,0.175147,-0.075879,-0.0144756,1.63774,1.77774,62.1755,10.5341,nan,0.268951,0.271686,0.277564,0.260449,0.26611,0.271686,0.26611,0.277564,0.260449,1,0,0.0625597,0,-0.000576559,-0.0429966,-0.00507172,0.179711,0.0540703,0,0,0,0.183548,0.0701754,0.0218063,0.287474,-0.932642,10.384,10.4297,0,19.6611
14.93,level,0.1217,-0.306854,-0.0598243,-0.0182939,0,0,0.174916,-0.0762975,-0.0148323,1.63981,1.77981,62.2808,10.5405,nan,0.26892,0.272295,0.277435,0.260194,0.265764,0.272295,0.265764,0.277435,0.260194,1,0,0.0625407,0,0.00114241,-0.0450422,-0.00470723,0.179414,0.0548884,0,0,0,0.17727,0.0666438,0.0196716,0.351022,-0.994063,10.4103,10.4636,0,19.6591
14.94,level,0.123371,-0.306113,-0.0596869,-0.0186282,0,0,0.174775,-0.0767492,-0.0154505,1.64188,1.78188,62.3863,10.5469,nan,0.268891,0.271848,0.277779,0.259668,0.266274,0.271848,0.266274,0.277779,0.259668,1,0,0.0625216,0,0.00179207,-0.044881,-0.00551019,0.179026,0.0558595,0,0,0,0.176249,0.0779868,0.0167268,0.418052,-0.954493,10.4218,10.4737,0,19.6538
14.95,level,0.125041,-0.305368,-0.0595802,-0.0188166,0,0,0.174601,-0.0772547,-0.0152932,1.64396,1.78396,62.4918,10.5533,nan,0.268862,0.270858,0.278711,0.259035,0.266848,0.270858,0.266848,0.278711,0.259035,1,0,0.0624796,0,-0.000104905,-0.0448787,-0.00688543,0.178705,0.0564328,0,0,0,0.184322,0.0685868,0.0123825,0.381914,-0.956057,10.3779,10.4289,0,19.6567
14.96,level,0.126709,-0.304618,-0.0595434,-0.0189105,0,0,0.174386,-0.0777668,-0.0144651,1.64603,1.78603,62.5973,10.5598,nan,0.268833,0.272575,0.277588,0.260488,0.264687,0.272575,0.264687,0.277588,0.260488,1,0,0.0624758,0,-0.00215954,-0.0473474,-0.0040486,0.178651,0.0566614,0,0,0,0.177699,0.0876752,0.018308,0.471609,-0.858232,10.4362,10.482,0,19.6665
14.97,level,0.128373,-0.303863,-0.0594777,-0.0190252,0,0,0.174154,-0.078269,-0.0146967,1.64811,1.78811,62.703,10.5663,nan,0.268805,0.271622,0.277876,0.259892,0.265835,0.271622,0.265835,0.277876,0.259892,1,0,0.0624606,0,-0.00082258,-0.0450414,-0.00536092,0.178468,0.0569761,0,0,0,0.177755,0.0757334,0.0143379,0.410355,-0.781251,10.4058,10.4432,0,19.6746
14.98,level,0.130036,-0.303104,-0.059391,-0.0191987,0,0,0.173846,-0.0787307,-0.0148351,1.65019,1.79019,62.8087,10.5728,nan,0.268777,0.271754,0.277324,0.260165,0.265871,0.271754,0.265871,0.277324,0.260165,1,0,0.0624147,0,0.000358254,-0.0436598,-0.00495624,0.17819,0.0575242,0,0,0,0.182404,0.0793339,0.0304754,0.365809,-0.77609,10.4184,10.4537,0,19.6796
14.99,level,0.131695,-0.30234,-0.059358,-0.0193214,0,0,0.173496,-0.0792672,-0.0144517,1.65228,1.79228,62.9144,10.5793,nan,0.26875,0.270698,0.278708,0.258554,0.267045,0.270698,0.267045,0.278708,0.258554,1,0,0.0624224,0,0.0012759,-0.0451101,-0.00725319,0.178006,0.0579943,0,0,0,0.177385,0.0695529,0.0291802,0.289132,-0.861915,10.387,10.4267,0,19.6889
15,level,0.133351,-0.301571,-0.0592209,-0.0196177,0,0,0.173229,-0.0797526,-0.0149546,1.65436,1.79436,63.0202,10.5858,nan,0.268723,0.271606,0.27771,0.259503,0.266078,0.271606,0.266078,0.27771,0.259503,1,0,0.0623803,0,0.00125025,-0.044973,-0.00557285,0.177585,0.058903,0,0,0,0.173302,0.0744134,0.0266094,0.304694,-0.938394,10.3999,10.4466,0,19.6871
15.01,level,0.135005,-0.300798,-0.0591481,-0.019765,0,0,0.173216,-0.0803363,-0.0144764,1.65645,1.79645,63.1261,10.5923,nan,0.268698,0.271546,0.27754,0.260008,0.265703,0.271546,0.265703,0.27754,0.260008,1,0,0.0623536,0,-0.000794051,-0.0442915,-0.00513815,0.177372,0.0593492,0,0,0,0.176463,0.0795234,0.024444,0.324689,-0.982924,10.3953,10.4468,0,19.6945
15.02,level,0.136659,-0.300018,-0.0590699,-0.0199113,0,0,0.173257,-0.0810279,-0.0146324,1.65853,1.79853,63.2321,10.5988,nan,0.268675,0.271554,0.278071,0.259052,0.266026,0.271554,0.266026,0.278071,0.259052,1,0,0.0623345,0,0.00121442,-0.0465113,-0.00592918,0.177172,0.0597324,0,0,0,0.185128,0.0767145,0.0107302,0.377368,-0.929277,10.3882,10.4365,0,19.7021
15.03,level,0.138315,-0.299232,-0.0589792,-0.0201348,0,0,0.173461,-0.0816539,-0.0131456,1.66062,1.80062,63.3381,10.6053,nan,0.268654,0.27297,0.276029,0.260922,0.2647,0.27297,0.2647,0.276029,0.260922,1,0,0.0623153,0,0.00190628,-0.0442941,-0.00300495,0.176915,0.0603596,0,0,0,0.18067,0.0713327,0.0181347,0.450105,-0.93674,10.3452,10.3972,0,19.7061
15.04,level,0.139973,-0.298439,-0.0589275,-0.0202071,0,0,0.173841,-0.0824238,-0.0149977,1.66271,1.80271,63.4442,10.6119,nan,0.268636,0.271935,0.277348,0.259252,0.266012,0.271935,0.266012,0.277348,0.259252,1,0,0.0623077,0,0.00357206,-0.0455122,-0.00535066,0.176813,0.060552,0,0,0,0.183792,0.0889835,0.0256846,0.478847,-0.8358,10.3425,10.3872,0,19.7186
15.05,level,0.141634,-0.29764,-0.0589098,-0.0202233,0,0,0.174511,-0.0832967,-0.0144198,1.66481,1.80481,63.5504,10.6184,nan,0.26862,0.270196,0.278795,0.258477,0.267014,0.270196,0.267014,0.278795,0.258477,1,0,0.0622847,0,-0.000165166,-0.04453,-0.00753191,0.176717,0.0606177,0,0,0,0.173776,0.0830324,0.00850188,0.407365,-0.831112,10.4794,10.5202,0,19.7351
15.06,level,0.143302,-0.296831,-0.0588351,-0.020341,0,0,0.1751,-0.0842283,-0.0143661,1.6669,1.8069,63.6566,10.6248,nan,0.268606,0.271379,0.27825,0.258645,0.266153,0.271379,0.266153,0.27825,0.258645,1,0,0.0622502,0,0.00168732,-0.0470514,-0.00631995,0.176527,0.0609499,0,0,0,0.188023,0.0778975,0.0191507,0.377529,-0.772585,10.4342,10.4696,0,19.7455
15.07,level,0.144975,-0.296015,-0.0587874,-0.020395,0,0,0.175707,-0.0851428,-0.0144715,1.66899,1.80899,63.7628,10.6313,nan,0.268596,0.270477,0.278783,0.258651,0.266473,0.270477,0.266473,0.278783,0.258651,1,0,0.0622042,0,-0.00128683,-0.0457341,-0.00708854,0.176284,0.0612561,0,0,0,0.175231,0.0843396,0.0102894,0.301321,-0.924399,10.4217,10.4669,0,19.76
15.08,level,0.146653,-0.295189,-0.0586965,-0.0205328,0,0,0.176201,-0.085973,-0.014513,1.67109,1.81109,63.8692,10.6377,nan,0.268589,0.270794,0.278122,0.259215,0.266225,0.270794,0.266225,0.278122,0.259215,1,0,0.0621889,0,-0.00084191,-0.0444827,-0.00630166,0.176062,0.0616036,0,0,0,0.18711,0.091372,0.0114709,0.328629,-0.796126,10.4054,10.441,0,19.7696
15.09,level,0.148335,-0.294356,-0.0585079,-0.0207256,0,0,0.176482,-0.0866586,-0.0137964,1.67318,1.81318,63.9756,10.6441,nan,0.268585,0.271353,0.277752,0.259603,0.265632,0.271353,0.265632,0.277752,0.259603,1,0,0.0620584,0,-0.000982313,-0.0452279,-0.00546212,0.175472,0.0621976,0,0,0,0.179534,0.085633,0.0162347,0.351344,-0.878373,10.398,10.441,0,19.7736
15.1,level,0.15002,-0.293517,-0.0583582,-0.0209032,0,0,0.176364,-0.0872025,-0.014314,1.67527,1.81527,64.0821,10.6506,nan,0.268583,0.271619,0.27746,0.259424,0.26583,0.271619,0.26583,0.27746,0.259424,1,0,0.0619854,0,0.00149606,-0.0451445,-0.00538294,0.174984,0.0628335,0,0,0,0.175022,0.071905,0.0149131,0.230339,-0.944936,10.3895,10.4349,0,19.78
15.11,level,0.1517,-0.292674,-0.0582442,-0.0209839,0,0,0.176104,-0.0877166,-0.0141306,1.67737,1.81737,64.1886,10.657,nan,0.268584,0.271441,0.277971,0.259649,0.265275,0.271441,0.265275,0.277971,0.259649,1,0,0.0618968,0,-0.00239745,-0.0463977,-0.00534269,0.174655,0.0630369,0,0,0,0.179594,0.0785481,0.0114216,0.275839,-0.886736,10.4444,10.4856,0,19.7922
15.12,level,0.153379,-0.291826,-0.0581263,-0.0211185,0,0,0.175659,-0.0880348,-0.0134988,1.67946,1.81946,64.2952,10.6634,nan,0.268587,0.271413,0.277894,0.259095,0.265945,0.271413,0.265945,0.277894,0.259095,1,0,0.0618351,0,0.000980946,-0.0459804,-0.00585975,0.174307,0.0633947,0,0,0,0.174544,0.0798972,0.0155529,0.34577,-0.931478,10.4218,10.469,0,19.8021
15.13,level,0.155052,-0.290975,-0.0579372,-0.021257,0,0,0.175196,-0.088336,-0.0135617,1.68156,1.82156,64.4019,10.6697,nan,0.268591,0.272333,0.277055,0.260207,0.264769,0.272333,0.264769,0.277055,0.260207,1,0,0.0617039,0,-0.000424742,-0.0462557,-0.00408019,0.17373,0.0638433,0,0,0,0.173782,0.085209,0.00719002,0.314867,-0.932838,10.3434,10.3901,0,19.8096
15.14,level,0.156719,-0.290123,-0.0577678,-0.0214769,0,0,0.174673,-0.0887198,-0.0141821,1.68365,1.82365,64.5086,10.6761,nan,0.268596,0.270868,0.278494,0.258682,0.26634,0.270868,0.26634,0.278494,0.258682,1,0,0.0616265,0,8.33436e-05,-0.0461211,-0.00671734,0.173262,0.0644223,0,0,0,0.173723,0.0894577,0.00990946,0.427992,-0.900629,10.3991,10.4468,0,19.8144
15.15,level,0.15838,-0.289267,-0.0576202,-0.02161,0,0,0.174151,-0.0891362,-0.0136469,1.68574,1.82574,64.6154,10.6825,nan,0.268603,0.271759,0.277449,0.259793,0.265408,0.271759,0.265408,0.277449,0.259793,1,0,0.061553,0,-0.000198798,-0.04549,-0.00496896,0.172863,0.0648008,0,0,0,0.186214,0.0966423,0.017181,0.426139,-0.819667,10.3296,10.3708,0,19.8241
15.16,level,0.160038,-0.288406,-0.0575906,-0.0216504,0,0,0.173726,-0.0895307,-0.0135412,1.68784,1.82784,64.7222,10.6888,nan,0.26861,0.271005,0.278512,0.258415,0.266505,0.271005,0.266505,0.278512,0.258415,1,0,0.0615181,0,0.00154655,-0.0466056,-0.00685532,0.172725,0.0649528,0,0,0,0.173893,0.0903253,0.00281832,0.394534,-0.868544,10.4374,10.4809,0,19.8424
15.17,level,0.161691,-0.287542,-0.0574965,-0.021744,0,0,0.17326,-0.0899321,-0.0136145,1.68993,1.82993,64.8292,10.6952,nan,0.268617,0.271103,0.278263,0.259277,0.265826,0.271103,0.265826,0.278263,0.259277,1,0,0.0614793,0,-0.00162109,-0.0459727,-0.00602565,0.172506,0.0651398,0,0,0,0.176544,0.0730544,0.0085305,0.472694,-0.809587,10.4188,10.4609,0,19.8562
15.18,level,0.163339,-0.286675,-0.0573453,-0.0218449,0,0,0.172734,-0.0903076,-0.0132376,1.69202,1.83202,64.9361,10.7015,nan,0.268625,0.271694,0.277655,0.259912,0.265239,0.271694,0.265239,0.277655,0.259912,1,0,0.0613901,0,-0.00168407,-0.0458506,-0.00496129,0.17219,0.0654115,0,0,0,0.18137,0.095831,0.00517574,0.470759,-0.652103,10.4215,10.4525,0,19.8677
15.19,level,0.16498,-0.285805,-0.0572999,-0.021855,0,0,0.172292,-0.0907057,-0.0140653,1.69411,1.83411,65.0432,10.7079,nan,0.268634,0.270756,0.279083,0.258703,0.26599,0.270756,0.26599,0.279083,0.258703,1,0,0.061324,0,-0.00275805,-0.0476456,-0.00686262,0.171913,0.0654903,0,0,0,0.176,0.0838794,0.00492058,0.444307,-0.785658,10.4222,10.4612,0,19.8873
15.2,level,0.166619,-0.284931,-0.0572058,-0.0219611,0,0,0.171909,-0.0910271,-0.0127352,1.6962,1.8362,65.1503,10.7143,nan,0.268642,0.27107,0.27851,0.259424,0.265562,0.27107,0.265562,0.27851,0.259424,1,0,0.0612812,0,-0.00345469,-0.0466017,-0.00596765,0.171628,0.0658346,0,0,0,0.185084,0.0901858,0.0192342,0.373843,-0.741451,10.3826,10.4157,0,19.9012
15.21,level,0.168256,-0.284052,-0.0571106,-0.0220889,0,0,0.171518,-0.0912371,-0.0115626,1.69829,1.83829,65.2575,10.7206,nan,0.26865,0.270755,0.278634,0.258962,0.266246,0.270755,0.266246,0.278634,0.258962,1,0,0.0612345,0,-0.00157823,-0.045818,-0.00666442,0.1713,0.0662426,0,0,0,0.173225,0.0884223,0.024968,0.354563,-0.756105,10.468,10.5013,0,19.9145
15.22,level,0.169892,-0.283171,-0.0570525,-0.0221278,0,0,0.171122,-0.0914857,-0.0112292,1.70038,1.84038,65.3647,10.727,nan,0.268658,0.270593,0.278908,0.258517,0.266612,0.270593,0.266612,0.278908,0.258517,1,0,0.0611761,0,-0.000584294,-0.0461817,-0.00721264,0.171077,0.0664924,0,0,0,0.177796,0.0974766,0.0121156,0.278382,-0.809939,10.4207,10.4558,0,19.9333
15.23,level,0.171525,-0.282287,-0.0568767,-0.0223766,0,0,0.170666,-0.0916526,-0.0109773,1.70247,1.84247,65.472,10.7334,nan,0.268666,0.271448,0.277928,0.259425,0.26586,0.271448,0.26586,0.277928,0.259425,1,0,0.0611059,0,-0.000118968,-0.0456458,-0.00567635,0.170566,0.0671741,0,0,0,0.176782,0.0917234,0.0125189,0.339976,-0.835885,10.3051,10.3445,0,19.9391
15.24,level,0.173152,-0.281402,-0.0568176,-0.0224562,0,0,0.170246,-0.091877,-0.0112576,1.70456,1.84456,65.5794,10.7398,nan,0.268673,0.271114,0.277983,0.259061,0.266535,0.271114,0.266535,0.277983,0.259061,1,0,0.0610902,0,0.00160514,-0.0445284,-0.00630415,0.170372,0.0674687,0,0,0,0.178165,0.0902828,0.00613308,0.291789,-0.864965,10.4061,10.446,0,19.9569
15.25,level,0.174776,-0.280514,-0.0566339,-0.0226884,0,0,0.16985,-0.0921833,-0.0110082,1.70665,1.84665,65.6868,10.7462,nan,0.268681,0.27075,0.278219,0.259191,0.266562,0.27075,0.266562,0.278219,0.259191,1,0,0.0610043,0,-0.000260392,-0.0439901,-0.00652272,0.169819,0.0681696,0,0,0,0.177934,0.0898496,0.0176295,0.296132,-0.888625,10.4506,10.4925,0,19.9638
15.26,level,0.176394,-0.279625,-0.0565519,-0.0228105,0,0,0.169463,-0.092474,-0.0113564,1.70874,1.84874,65.7943,10.7526,nan,0.268689,0.270952,0.278548,0.258908,0.266346,0.270952,0.266346,0.278548,0.258908,1,0,0.0609613,0,-0.000417126,-0.0459394,-0.00660814,0.169558,0.0685455,0,0,0,0.16924,0.0896982,0.0163072,0.280413,-0.849153,10.4239,10.4622,0,19.9795
15.27,level,0.178008,-0.278734,-0.0564063,-0.0229687,0,0,0.169043,-0.0926991,-0.0112808,1.71082,1.85082,65.9019,10.759,nan,0.268696,0.271729,0.277629,0.259651,0.265774,0.271729,0.265774,0.277629,0.259651,1,0,0.0608869,0,0.000591448,-0.0453479,-0.00528456,0.169146,0.0689893,0,0,0,0.180598,0.0918078,0.000787338,0.31505,-0.857399,10.4141,10.4541,0,19.9915
15.28,level,0.179617,-0.277841,-0.0563591,-0.0230024,0,0,0.168615,-0.0928979,-0.0118004,1.71291,1.85291,66.0095,10.7654,nan,0.268704,0.271319,0.278218,0.259477,0.265798,0.271319,0.265798,0.278218,0.259477,1,0,0.0608595,0,-0.00153493,-0.0459709,-0.00581051,0.168986,0.0690446,0,0,0,0.161197,0.0833551,0.0095415,0.386737,-0.942423,10.4655,10.515,0,20.0127
15.29,level,0.181222,-0.276947,-0.056216,-0.0231756,0,0,0.16826,-0.0930385,-0.0109411,1.715,1.855,66.1172,10.7718,nan,0.268711,0.271442,0.278075,0.259147,0.266178,0.271442,0.266178,0.278075,0.259147,1,0,0.0607968,0,0.00105461,-0.0458378,-0.00600568,0.168597,0.0695518,0,0,0,0.173687,0.103413,0.0066595,0.411324,-0.860932,10.3123,10.3564,0,20.0247
15.3,level,0.182825,-0.27605,-0.0560818,-0.0233464,0,0,0.167969,-0.093285,-0.0106336,1.71708,1.85708,66.2249,10.7782,nan,0.268718,0.273097,0.276767,0.260753,0.264252,0.273097,0.264252,0.276767,0.260753,1,0,0.0607458,0,-0.000455541,-0.0471032,-0.00315088,0.168214,0.0700343,0,0,0,0.180706,0.0934521,0.0185229,0.448118,-0.87304,10.3004,10.347,0,20.0376
15.31,level,0.184425,-0.275152,-0.055891,-0.0235369,0,0,0.167751,-0.0934878,-0.0103833,1.71917,1.85917,66.3327,10.7847,nan,0.268725,0.271972,0.277714,0.259835,0.265377,0.271972,0.265377,0.277714,0.259835,1,0,0.0606318,0,-0.000530124,-0.0463733,-0.00495947,0.167647,0.0705583,0,0,0,0.166567,0.0829815,0.0219529,0.493402,-0.849023,10.4274,10.4736,0,20.0477
15.32,level,0.186023,-0.274252,-0.0557697,-0.0236931,0,0,0.167464,-0.093677,-0.0104166,1.72125,1.86125,66.4406,10.7911,nan,0.268732,0.271637,0.277985,0.259283,0.266021,0.271637,0.266021,0.277985,0.259283,1,0,0.0606122,0,0.00103408,-0.0460754,-0.00575169,0.167395,0.0709728,0,0,0,0.173856,0.0957517,-0.00129158,0.460683,-0.671729,10.3805,10.4124,0,20.0625
15.33,level,0.187619,-0.27335,-0.0556479,-0.0237712,0,0,0.167242,-0.0938581,-0.0103713,1.72334,1.86334,66.5485,10.7975,nan,0.268739,0.27213,0.277403,0.260178,0.265243,0.27213,0.265243,0.277403,0.260178,1,0,0.0605256,0,-0.000555342,-0.045687,-0.004544,0.166964,0.0712529,0,0,0,0.175606,0.0980736,0.0184045,0.490389,-0.77477,10.4869,10.527,0,20.0806
15.34,level,0.189212,-0.272447,-0.0555634,-0.0238889,0,0,0.167001,-0.0940672,-0.0100832,1.72542,1.86542,66.6566,10.804,nan,0.268746,0.272163,0.277481,0.26032,0.265019,0.272163,0.265019,0.277481,0.26032,1,0,0.0604783,0,-0.0016419,-0.0460535,-0.0044033,0.166666,0.0716557,0,0,0,0.181989,0.0945952,0.00824969,0.422039,-0.810767,10.4245,10.4645,0,20.0991
15.35,level,0.190802,-0.271542,-0.0555317,-0.0239791,0,0,0.166568,-0.0942961,-0.0105614,1.7275,1.8675,66.7646,10.8105,nan,0.268753,0.27155,0.277858,0.259525,0.266078,0.27155,0.266078,0.277858,0.259525,1,0,0.0604901,0,0.000650552,-0.045107,-0.00565321,0.166579,0.0718907,0,0,0,0.177052,0.0829562,0.0170795,0.382268,-0.729146,10.4244,10.4568,0,20.1213
15.36,level,0.192387,-0.270635,-0.0554785,-0.0240411,0,0,0.166133,-0.0946338,-0.0100898,1.72959,1.86959,66.8728,10.817,nan,0.268761,0.271675,0.278223,0.259475,0.265667,0.271675,0.265667,0.278223,0.259475,1,0,0.0604507,0,-0.000946354,-0.046909,-0.00559919,0.166373,0.0721492,0,0,0,0.171473,0.0964076,0.00676112,0.362382,-0.779631,10.4051,10.4405,0,20.1439
15.37,level,0.193968,-0.269724,-0.0553008,-0.024241,0,0,0.165652,-0.0949538,-0.00953514,1.73167,1.87167,66.9809,10.8235,nan,0.268768,0.270818,0.278679,0.258605,0.266968,0.270818,0.266968,0.278679,0.258605,1,0,0.0603678,0,0.00133436,-0.04533,-0.00713081,0.165821,0.0727934,0,0,0,0.17106,0.099914,0.0133794,0.358876,-0.854851,10.3804,10.4217,0,20.1561
15.38,level,0.195546,-0.268809,-0.0552464,-0.0243223,0,0,0.165218,-0.0953198,-0.00975773,1.73375,1.87375,67.0892,10.83,nan,0.268776,0.273443,0.276205,0.261675,0.263778,0.273443,0.263778,0.276205,0.261675,1,0,0.060352,0,-0.00174764,-0.0458432,-0.00213844,0.165733,0.0729241,0,0,0,0.184947,0.0846131,0.00747303,0.369091,-0.707805,10.3575,10.3882,0,20.1785
15.39,level,0.197117,-0.267893,-0.0551108,-0.024524,0,0,0.164826,-0.0957214,-0.010054,1.73583,1.87583,67.1976,10.8364,nan,0.268783,0.272446,0.276966,0.260455,0.265265,0.272446,0.265265,0.276966,0.260455,1,0,0.0603164,0,0.000770036,-0.0448921,-0.00410078,0.165224,0.0736859,0,0,0,0.163009,0.0937581,0.0166269,0.310515,-0.873403,10.3607,10.4021,0,20.1929
15.4,level,0.198683,-0.266973,-0.0550024,-0.0246574,0,0,0.164469,-0.0962123,-0.0106492,1.73791,1.87791,67.3059,10.8429,nan,0.268791,0.271647,0.278176,0.25951,0.265831,0.271647,0.265831,0.278176,0.25951,1,0,0.0602531,0,-0.000550348,-0.0463869,-0.00564782,0.164921,0.0740289,0,0,0,0.166032,0.0963189,0.0116211,0.366024,-0.83543,10.3532,10.3933,0,20.2113
15.41,level,0.200244,-0.266049,-0.0548377,-0.0247762,0,0,0.16398,-0.0966096,-0.0105271,1.73999,1.87999,67.4144,10.8493,nan,0.2688,0.271125,0.278161,0.259384,0.266527,0.271125,0.266527,0.278161,0.259384,1,0,0.0601739,0,0.000282485,-0.044291,-0.00623173,0.164422,0.0744244,0,0,0,0.174047,0.0880058,0.0245642,0.324455,-0.868621,10.4365,10.4776,0,20.2279
15.42,level,0.201802,-0.265121,-0.0547028,-0.0249569,0,0,0.163485,-0.0970959,-0.0100651,1.74207,1.88207,67.5229,10.8558,nan,0.268808,0.271981,0.277838,0.259189,0.266222,0.271981,0.266222,0.277838,0.259189,1,0,0.0601065,0,0.00311807,-0.0462474,-0.00566555,0.164014,0.0749383,0,0,0,0.164422,0.0937143,0.0133156,0.373682,-0.888384,10.4677,10.5119,0,20.2437
15.43,level,0.203356,-0.264187,-0.0545825,-0.0251378,0,0,0.162967,-0.097576,-0.00913568,1.74415,1.88415,67.6315,10.8622,nan,0.268816,0.271967,0.277729,0.259319,0.266249,0.271967,0.266249,0.277729,0.259319,1,0,0.0600787,0,0.00309997,-0.0457188,-0.00557869,0.163656,0.075466,0,0,0,0.16543,0.0873343,0.00984218,0.403436,-0.944515,10.4309,10.4813,0,20.2603
15.44,level,0.204906,-0.263248,-0.0545095,-0.0252028,0,0,0.162545,-0.0979879,-0.0101396,1.74623,1.88623,67.7402,10.8688,nan,0.268825,0.271413,0.27826,0.259097,0.266529,0.271413,0.266529,0.27826,0.259097,1,0,0.0600549,0,0.00155404,-0.045566,-0.00627598,0.163416,0.0757445,0,0,0,0.162682,0.0992491,0.00671375,0.296189,-0.816764,10.4063,10.4425,0,20.2834
15.45,level,0.20645,-0.262306,-0.0544727,-0.0253433,0,0,0.162175,-0.0984748,-0.00861673,1.74831,1.88831,67.8489,10.8753,nan,0.268834,0.271168,0.278425,0.259317,0.266425,0.271168,0.266425,0.278425,0.259317,1,0,0.0600708,0,-0.000393625,-0.0451924,-0.0063134,0.163408,0.0759729,0,0,0,0.165125,0.0945875,-0.00474326,0.535802,-0.807028,10.3886,10.4337,0,20.3055
15.46,level,0.207994,-0.261357,-0.0542694,-0.0256263,0,0,0.161853,-0.0990397,-0.00847174,1.75039,1.89039,67.9577,10.8819,nan,0.268843,0.272508,0.277229,0.260232,0.265402,0.272508,0.265402,0.277229,0.260232,1,0,0.0600033,0,0.00118759,-0.0456696,-0.00434746,0.162748,0.0768641,0,0,0,0.15771,0.0949691,0.00577321,0.444176,-0.791702,10.3255,10.3654,0,20.3154
15.47,level,0.209534,-0.260404,-0.0542085,-0.0257323,0,0,0.161542,-0.0995071,-0.00831051,1.75246,1.89246,68.0665,10.8885,nan,0.268853,0.273019,0.277057,0.260555,0.264778,0.273019,0.264778,0.277057,0.260555,1,0,0.0600033,0,0.000494289,-0.0468825,-0.00363108,0.162624,0.0771461,0,0,0,0.162207,0.105413,0.0177535,0.500981,-0.745324,10.3757,10.4145,0,20.3381
15.48,level,0.21107,-0.259447,-0.0541605,-0.0258959,0,0,0.161316,-0.0999044,-0.00858613,1.75454,1.89454,68.1755,10.8951,nan,0.268862,0.272599,0.277087,0.25995,0.265811,0.272599,0.265811,0.277087,0.25995,1,0,0.0600311,0,0.00364085,-0.0453327,-0.00454904,0.1625,0.0776234,0,0,0,0.175397,0.0968894,0.0161939,0.499569,-0.743519,10.4451,10.4834,0,20.3598
15.49,level,0.212605,-0.258486,-0.0542054,-0.0258346,0,0,0.161198,-0.10034,-0.00907799,1.75661,1.89661,68.2844,10.9017,nan,0.268872,0.271853,0.278018,0.259211,0.266405,0.271853,0.266405,0.278018,0.259211,1,0,0.060039,0,0.00273127,-0.0459599,-0.00587122,0.162609,0.0774403,0,0,0,0.168469,0.0886747,0.0220558,0.425287,-0.704887,10.4695,10.5019,0,20.3937
15.5,level,0.214137,-0.257523,-0.0540891,-0.0259175,0,0,0.161078,-0.100604,-0.00875591,1.75869,1.89869,68.3935,10.9083,nan,0.268882,0.271706,0.278344,0.259743,0.265734,0.271706,0.265734,0.278344,0.259743,1,0,0.0599874,0,-0.00171936,-0.0465616,-0.00555078,0.162284,0.0776852,0,0,0,0.165382,0.101247,0.0153413,0.450702,-0.690509,10.455,10.4874,0,20.4156
15.51,level,0.215668,-0.256558,-0.0540799,-0.0259882,0,0,0.160826,-0.100795,-0.00830358,1.76076,1.90076,68.5026,10.915,nan,0.268893,0.272016,0.278048,0.259654,0.265851,0.272016,0.265851,0.278048,0.259654,1,0,0.0599953,0,0.000437506,-0.0465347,-0.00537479,0.162205,0.0779343,0,0,0,0.164107,0.0976607,0.00727911,0.4504,-0.759076,10.4767,10.5139,0,20.4432
15.52,level,0.217197,-0.25559,-0.054002,-0.0260344,0,0,0.160529,-0.10104,-0.0083295,1.76284,1.90284,68.6118,10.9216,nan,0.268903,0.270489,0.279328,0.258925,0.266869,0.270489,0.266869,0.279328,0.258925,1,0,0.0599476,0,-0.00237457,-0.0455191,-0.00737702,0.161993,0.0780517,0,0,0,0.168594,0.0931434,0.0119206,0.416071,-0.701968,10.5119,10.5435,0,20.4688
15.53,level,0.218724,-0.254619,-0.0538534,-0.026214,0,0,0.160243,-0.101287,-0.00781387,1.76491,1.90491,68.721,10.9283,nan,0.268914,0.272921,0.27709,0.261048,0.264595,0.272921,0.264595,0.27709,0.261048,1,0,0.059876,0,-0.00165,-0.0461725,-0.00339068,0.161524,0.0786326,0,0,0,0.174104,0.098722,0.00752265,0.39578,-0.720454,10.514,10.5461,0,20.4869
15.54,level,0.220247,-0.253648,-0.0537622,-0.0263781,0,0,0.159956,-0.101553,-0.00828937,1.76698,1.90698,68.8303,10.9349,nan,0.268925,0.272168,0.27783,0.259912,0.265789,0.272168,0.265789,0.27783,0.259912,1,0,0.059864,0,0.000568411,-0.0460386,-0.00507199,0.16119,0.0792118,0,0,0,0.167863,0.0919627,0.0106945,0.333569,-0.751665,10.3841,10.4166,0,20.5085
15.55,level,0.221766,-0.252674,-0.0535435,-0.02661,0,0,0.159661,-0.101885,-0.00853082,1.76905,1.90905,68.9397,10.9417,nan,0.268937,0.270814,0.279172,0.259011,0.266749,0.270814,0.266749,0.279172,0.259011,1,0,0.0597883,0,-0.00164333,-0.0459044,-0.00707405,0.160562,0.0798567,0,0,0,0.172505,0.0920328,0.00550783,0.35528,-0.707777,10.427,10.457,0,20.5222
15.56,level,0.223282,-0.251696,-0.0533001,-0.026898,0,0,0.159233,-0.102273,-0.00782175,1.77112,1.91112,69.0491,10.9484,nan,0.268949,0.27208,0.278005,0.260108,0.265601,0.27208,0.265601,0.278005,0.260108,1,0,0.0596965,0,-0.00114726,-0.0461893,-0.00501873,0.159809,0.0807618,0,0,0,0.163334,0.10854,0.00880319,0.367976,-0.751083,10.4001,10.4337,0,20.5331
15.57,level,0.224795,-0.250714,-0.0531051,-0.0271795,0,0,0.15868,-0.102657,-0.00702957,1.77319,1.91319,69.1587,10.9551,nan,0.268961,0.271835,0.277855,0.260018,0.266134,0.271835,0.266134,0.277855,0.260018,1,0,0.0596245,0,0.000254521,-0.0446004,-0.00533392,0.159238,0.0815476,0,0,0,0.156518,0.0993727,-0.00123666,0.401015,-0.730386,10.4468,10.48,0,20.5467
15.58,level,0.226303,-0.249727,-0.0530054,-0.0271768,0,0,0.158032,-0.103082,-0.00714258,1.77526,1.91526,69.2682,10.9618,nan,0.268974,0.271852,0.277944,0.259804,0.266291,0.271852,0.266291,0.277944,0.259804,1,0,0.0595485,0,0.00104768,-0.0449071,-0.00552908,0.1589,0.0816457,0,0,0,0.161002,0.0965436,0.0111699,0.332059,-0.800391,10.4387,10.4746,0,20.5743
15.59,level,0.227804,-0.248736,-0.0528684,-0.0273615,0,0,0.157486,-0.10353,-0.00689382,1.77733,1.91733,69.3779,10.9686,nan,0.268986,0.272645,0.277409,0.260405,0.265485,0.272645,0.265485,0.277409,0.260405,1,0,0.0595084,0,0.000836746,-0.0457864,-0.00432683,0.158464,0.0822437,0,0,0,0.147246,0.103551,0.0124724,0.308369,-0.802683,10.5271,10.5622,0,20.594
15.6,level,0.229299,-0.247741,-0.0526466,-0.0276164,0,0,0.156878,-0.104042,-0.00649533,1.7794,1.9194,69.4876,10.9754,nan,0.268999,0.271608,0.278834,0.259306,0.266248,0.271608,0.266248,0.278834,0.259306,1,0,0.0594323,0,-0.00075445,-0.0471578,-0.00622708,0.157831,0.0829286,0,0,0,0.158782,0.0992246,0.00207633,0.382532,-0.826003,10.4838,10.5232,0,20.6076
15.61,level,0.230789,-0.246739,-0.0524104,-0.0278125,0,0,0.156159,-0.104564,-0.00660303,1.78146,1.92146,69.5974,10.9821,nan,0.269013,0.271496,0.278414,0.259345,0.266793,0.271496,0.266793,0.278414,0.259345,1,0,0.0593158,0,0.00140264,-0.0450433,-0.0063142,0.157112,0.0835386,0,0,0,0.157125,0.0963731,0.0140492,0.352126,-0.799181,10.4351,10.4716,0,20.6224
15.62,level,0.232271,-0.245734,-0.0523687,-0.0279146,0,0,0.155527,-0.105172,-0.00689086,1.78353,1.92353,69.7073,10.9889,nan,0.269026,0.273303,0.277131,0.260736,0.264932,0.273303,0.264932,0.277131,0.260736,1,0,0.0593238,0,0.000977323,-0.0469265,-0.0035268,0.157032,0.083763,0,0,0,0.158254,0.107695,0.0178521,0.506185,-0.859102,10.4383,10.4858,0,20.6495
15.63,level,0.233747,-0.244724,-0.0522421,-0.0280448,0,0,0.155028,-0.105683,-0.00641383,1.78559,1.92559,69.8172,10.9957,nan,0.26904,0.272763,0.277432,0.260855,0.265108,0.272763,0.265108,0.277432,0.260855,1,0,0.0592876,0,-0.00110171,-0.0459162,-0.00392156,0.156693,0.0840988,0,0,0,0.160602,0.101019,0.0202538,0.534258,-0.781582,10.4499,10.4927,0,20.6717
15.64,level,0.235218,-0.243708,-0.0519805,-0.0281961,0,0,0.154477,-0.106144,-0.00595937,1.78766,1.92766,69.9272,11.0025,nan,0.269054,0.271893,0.278123,0.259732,0.266466,0.271893,0.266466,0.278123,0.259732,1,0,0.0591185,0,0.0013359,-0.0451324,-0.00569816,0.155922,0.0845393,0,0,0,0.153864,0.106171,0.00936091,0.524678,-0.725967,10.4318,10.4702,0,20.6868
15.65,level,0.236686,-0.242687,-0.0519416,-0.028281,0,0,0.154031,-0.106617,-0.00557472,1.78972,1.92972,70.0372,11.0093,nan,0.269068,0.272279,0.277691,0.260222,0.26608,0.272279,0.26608,0.277691,0.260222,1,0,0.0591306,0,0.0011819,-0.0448451,-0.00495326,0.155787,0.084817,0,0,0,0.1554,0.109943,0.0138935,0.47655,-0.712763,10.3923,10.4276,0,20.7149
15.66,level,0.238149,-0.241661,-0.0517848,-0.0283675,0,0,0.153574,-0.107176,-0.00521662,1.79178,1.93178,70.1474,11.0161,nan,0.269083,0.273836,0.276491,0.261706,0.264296,0.273836,0.264296,0.276491,0.261706,1,0,0.0590418,0,-0.000172304,-0.0460903,-0.00230492,0.15542,0.0850113,0,0,0,0.156252,0.109421,0.000745355,0.538352,-0.63448,10.5068,10.5397,0,20.7373
15.67,level,0.239605,-0.240632,-0.0516418,-0.0285079,0,0,0.153088,-0.10767,-0.00666069,1.79384,1.93384,70.2575,11.0229,nan,0.269098,0.272631,0.277431,0.260902,0.265424,0.272631,0.265424,0.277431,0.260902,1,0,0.0589973,0,-0.000737707,-0.0449756,-0.00409732,0.154982,0.0854361,0,0,0,0.156585,0.109033,0.00496005,0.507158,-0.630853,10.5464,10.5774,0,20.7587
15.68,level,0.241053,-0.239602,-0.0516641,-0.0284633,0,0,0.152636,-0.108152,-0.00756164,1.7959,1.9359,70.3678,11.0297,nan,0.269112,0.272454,0.27815,0.260145,0.265698,0.272454,0.265698,0.27815,0.260145,1,0,0.0589973,0,-0.000380487,-0.0469185,-0.00494407,0.155059,0.0852843,0,0,0,0.159887,0.0987485,0.00520398,0.539409,-0.63726,10.5131,10.5462,0,20.794
15.69,level,0.242496,-0.238568,-0.0515066,-0.0286634,0,0,0.152089,-0.108455,-0.00673296,1.79796,1.93796,70.4781,11.0366,nan,0.269128,0.272585,0.277684,0.260861,0.265377,0.272585,0.265377,0.277684,0.260861,1,0,0.0589367,0,-0.00154591,-0.0455321,-0.00422615,0.154527,0.08594,0,0,0,0.163418,0.112043,0.0114336,0.476757,-0.665901,10.5071,10.5389,0,20.8131
15.7,level,0.243934,-0.237531,-0.0514283,-0.0287194,0,0,0.151602,-0.108725,-0.00727368,1.80002,1.94002,70.5885,11.0435,nan,0.269143,0.271559,0.278832,0.259484,0.266694,0.271559,0.266694,0.278832,0.259484,1,0,0.0588922,0,-0.00016769,-0.0458789,-0.00636571,0.154286,0.0861146,0,0,0,0.170108,0.108762,0.010771,0.501203,-0.702824,10.5236,10.5589,0,20.8407
15.71,level,0.245369,-0.236492,-0.0513529,-0.0287983,0,0,0.151256,-0.109083,-0.00554124,1.80207,1.94207,70.699,11.0504,nan,0.269158,0.273268,0.277234,0.261147,0.264981,0.273268,0.264981,0.277234,0.261147,1,0,0.058876,0,-0.000351085,-0.0461843,-0.00342792,0.154085,0.0863265,0,0,0,0.163432,0.108511,0.0105599,0.401383,-0.599855,10.523,10.5477,0,20.8679
15.72,level,0.246801,-0.235446,-0.0512705,-0.0289527,0,0,0.150798,-0.109545,-0.00560983,1.80413,1.94413,70.8095,11.0573,nan,0.269174,0.272526,0.277427,0.260957,0.265782,0.272526,0.265782,0.277427,0.260957,1,0,0.0588638,0,-0.000201436,-0.0439873,-0.00427489,0.153773,0.0868301,0,0,0,0.160124,0.104012,0.0135336,0.443628,-0.677935,10.3985,10.43,0,20.8927
15.73,level,0.24823,-0.234395,-0.0513106,-0.0289021,0,0,0.150448,-0.110072,-0.00487958,1.80618,1.94618,70.9202,11.0642,nan,0.269189,0.27322,0.277111,0.261342,0.265082,0.27322,0.265082,0.277111,0.261342,1,0,0.0588638,0,-0.000397826,-0.0452999,-0.00335379,0.153906,0.0866652,0,0,0,0.15494,0.108169,0.00602117,0.405378,-0.624191,10.4745,10.5009,0,20.9296
15.74,level,0.249657,-0.233338,-0.0511356,-0.0290938,0,0,0.150235,-0.110695,-0.00454317,1.80824,1.94824,71.0308,11.0711,nan,0.269205,0.273068,0.277054,0.261355,0.265342,0.273068,0.265342,0.277054,0.261355,1,0,0.0588071,0,1.52641e-06,-0.0443848,-0.00350433,0.153327,0.0873101,0,0,0,0.15892,0.109527,-0.000883752,0.418454,-0.713989,10.484,10.5166,0,20.9491
15.75,level,0.251082,-0.232275,-0.0509816,-0.0292299,0,0,0.150155,-0.111348,-0.00458746,1.81029,1.95029,71.1416,11.0781,nan,0.269221,0.27294,0.277703,0.26084,0.2654,0.27294,0.2654,0.277703,0.26084,1,0,0.0587381,0,-0.000538265,-0.046238,-0.00409762,0.15283,0.087768,0,0,0,0.152902,0.108206,0.00332447,0.380953,-0.724731,10.3838,10.416,0,20.9715
15.76,level,0.252508,-0.231205,-0.0508739,-0.0293102,0,0,0.150089,-0.111932,-0.00381958,1.81234,1.95234,71.2524,11.0851,nan,0.269238,0.272857,0.277755,0.260837,0.265498,0.272857,0.265498,0.277755,0.260837,1,0,0.0587097,0,-0.000630369,-0.0460003,-0.00420128,0.152511,0.0880369,0,0,0,0.16267,0.10613,0.00517658,0.358464,-0.720779,10.4446,10.4755,0,20.998
15.77,level,0.253934,-0.230128,-0.0507383,-0.0294255,0,0,0.150044,-0.112505,-0.00406959,1.81439,1.95439,71.3633,11.0921,nan,0.269254,0.272521,0.278064,0.260236,0.266192,0.272521,0.266192,0.278064,0.260236,1,0,0.0586447,0,0.00109554,-0.0457741,-0.00505386,0.152081,0.0884463,0,0,0,0.153815,0.107059,0.00475167,0.316877,-0.671665,10.4678,10.4941,0,21.0224
15.78,level,0.255358,-0.229047,-0.0505703,-0.0294836,0,0,0.149973,-0.112965,-0.00382919,1.81644,1.95644,71.4742,11.0991,nan,0.269271,0.271429,0.279492,0.258987,0.267172,0.271429,0.267172,0.279492,0.258987,1,0,0.0585185,0,0.000323835,-0.0469203,-0.00714129,0.15159,0.0885922,0,0,0,0.160632,0.109203,0.00247647,0.344918,-0.738143,10.5472,10.5786,0,21.0471
15.79,level,0.256783,-0.227962,-0.0504227,-0.0295682,0,0,0.149836,-0.113331,-0.0044328,1.81849,1.95849,71.5853,11.1061,nan,0.269288,0.273115,0.277666,0.260471,0.265894,0.273115,0.265894,0.277666,0.260471,1,0,0.058441,0,0.00231115,-0.046263,-0.00438411,0.151138,0.0888485,0,0,0,0.155782,0.100264,0.00388441,0.334763,-0.738102,10.5422,10.5733,0,21.0723
15.8,level,0.258204,-0.226877,-0.0502789,-0.0296239,0,0,0.149782,-0.113541,-0.00431166,1.82053,1.96053,71.6963,11.1131,nan,0.269305,0.273312,0.277229,0.261076,0.265599,0.273312,0.265599,0.277229,0.261076,1,0,0.0583389,0,0.00160771,-0.0452218,-0.00370936,0.150738,0.0889085,0,0,0,0.146373,0.11516,0.00949088,0.418203,-0.695008,10.489,10.5203,0,21.0989
15.81,level,0.259624,-0.22579,-0.0500037,-0.0297932,0,0,0.149685,-0.113695,-0.00457382,1.82258,1.96258,71.8075,11.1202,nan,0.269322,0.272781,0.27859,0.260011,0.265903,0.272781,0.265903,0.27859,0.260011,1,0,0.0581834,0,0.000219311,-0.0482351,-0.00514257,0.149898,0.0894624,0,0,0,0.157468,0.101977,0.00571515,0.376781,-0.713198,10.5182,10.549,0,21.1161
15.82,level,0.261043,-0.224702,-0.0498145,-0.0298912,0,0,0.149618,-0.113819,-0.00453474,1.82463,1.96463,71.9187,11.1272,nan,0.26934,0.273943,0.276884,0.261773,0.264755,0.273943,0.264755,0.276884,0.261773,1,0,0.0580767,0,0.00010693,-0.0460405,-0.00260327,0.14931,0.0897842,0,0,0,0.150724,0.0975972,0.00964366,0.360137,-0.748828,10.4172,10.4503,0,21.14
15.83,level,0.262461,-0.223615,-0.0496396,-0.030002,0,0,0.149567,-0.113923,-0.00483017,1.82667,1.96667,72.03,11.1343,nan,0.269358,0.272174,0.278474,0.260389,0.26639,0.272174,0.26639,0.278474,0.260389,1,0,0.0579863,0,-0.000790723,-0.0452265,-0.00540648,0.148841,0.0900148,0,0,0,0.148512,0.113543,0.00184791,0.478276,-0.727039,10.4628,10.4989,0,21.1646
15.84,level,0.26388,-0.222526,-0.0493989,-0.0301954,0,0,0.149503,-0.114147,-0.00448872,1.82871,1.96871,72.1414,11.1414,nan,0.269376,0.271844,0.278645,0.259761,0.267251,0.271844,0.267251,0.278645,0.259761,1,0,0.0578917,0,0.0018277,-0.0444845,-0.00628088,0.148111,0.0906104,0,0,0,0.154135,0.1092,0.0105201,0.436605,-0.700478,10.5725,10.6047,0,21.184
15.85,level,0.265297,-0.221435,-0.0492641,-0.0301703,0,0,0.149364,-0.114432,-0.0053326,1.83075,1.97075,72.2529,11.1485,nan,0.269395,0.272302,0.278921,0.259308,0.267045,0.272302,0.267045,0.278921,0.259308,1,0,0.0577515,0,0.00296515,-0.0471231,-0.00630992,0.1477,0.0905505,0,0,0,0.150243,0.117723,0.00416708,0.453132,-0.73003,10.3702,10.4058,0,21.2151
15.86,level,0.266712,-0.220342,-0.0491136,-0.030339,0,0,0.149163,-0.114631,-0.00395067,1.83279,1.97279,72.3644,11.1556,nan,0.269414,0.27425,0.276933,0.261512,0.264956,0.27425,0.264956,0.276933,0.261512,1,0,0.0577143,0,0.00201945,-0.0468308,-0.00269346,0.147345,0.0909397,0,0,0,0.146616,0.105701,-0.00200227,0.44,-0.58416,10.4253,10.451,0,21.2405
15.87,level,0.268125,-0.219247,-0.0489037,-0.0305313,0,0,0.148886,-0.114784,-0.00450199,1.83483,1.97483,72.476,11.1628,nan,0.269433,0.273867,0.277267,0.261632,0.264963,0.273867,0.264963,0.277267,0.261632,1,0,0.0576688,0,-0.000181589,-0.0464974,-0.00295815,0.146793,0.0914983,0,0,0,0.162146,0.109464,0.00751933,0.48682,-0.567942,10.4391,10.4659,0,21.2625
15.88,level,0.269535,-0.218153,-0.048677,-0.0307118,0,0,0.148545,-0.114864,-0.00497763,1.83687,1.97687,72.5877,11.1699,nan,0.269453,0.272912,0.278289,0.260659,0.265948,0.272912,0.265948,0.278289,0.260659,1,0,0.0575446,0,-0.000232241,-0.0465988,-0.00468772,0.146021,0.0920757,0,0,0,0.154311,0.106358,0.00139354,0.472991,-0.618143,10.4201,10.4491,0,21.2843
15.89,level,0.27094,-0.217059,-0.048429,-0.0306543,0,0,0.148134,-0.114955,-0.0046392,1.8389,1.9789,72.6993,11.177,nan,0.269473,0.272091,0.279129,0.26031,0.266359,0.272091,0.266359,0.279129,0.26031,1,0,0.0573204,0,-0.00262316,-0.0465194,-0.00575203,0.145345,0.0918797,0,0,0,0.153544,0.11554,0.00355872,0.523362,-0.584638,10.4638,10.4931,0,21.3114
15.9,level,0.272341,-0.215962,-0.0482752,-0.0308423,0,0,0.14752,-0.115101,-0.0039558,1.84094,1.98094,72.8112,11.1842,nan,0.269494,0.272315,0.278467,0.260723,0.266466,0.272315,0.266466,0.278467,0.260723,1,0,0.0572747,0,-0.00108485,-0.044703,-0.00522808,0.144815,0.0924618,0,0,0,0.147361,0.107417,0.00769077,0.501245,-0.626697,10.5645,10.595,0,21.3371
15.91,level,0.273738,-0.214863,-0.0480521,-0.031031,0,0,0.146896,-0.115393,-0.00405847,1.84297,1.98297,72.923,11.1913,nan,0.269515,0.272395,0.278676,0.260498,0.266486,0.272395,0.266486,0.278676,0.260498,1,0,0.0572163,0,-0.000774425,-0.0456397,-0.00539247,0.144222,0.0930079,0,0,0,0.155152,0.115573,0.00970171,0.467702,-0.556201,10.4963,10.5214,0,21.3594
15.92,level,0.275128,-0.213761,-0.0479042,-0.0311935,0,0,0.146234,-0.1157,-0.00382113,1.845,1.985,73.035,11.1985,nan,0.269536,0.272737,0.278634,0.260206,0.266563,0.272737,0.266563,0.278634,0.260206,1,0,0.057158,0,0.00121744,-0.0466145,-0.00538596,0.143741,0.0935076,0,0,0,0.158762,0.111631,-0.00362783,0.513704,-0.605656,10.5092,10.5392,0,21.3864
15.93,level,0.27651,-0.212657,-0.0477136,-0.0313623,0,0,0.14555,-0.116061,-0.00468196,1.84703,1.98703,73.147,11.2058,nan,0.269558,0.272648,0.27877,0.260544,0.266263,0.272648,0.266263,0.27877,0.260544,1,0,0.0570828,0,-0.00106947,-0.0466333,-0.0052045,0.14311,0.0940526,0,0,0,0.152204,0.114653,0.00429108,0.420154,-0.578026,10.5229,10.5472,0,21.411
15.94,level,0.277885,-0.21155,-0.0473817,-0.0315106,0,0,0.144862,-0.116409,-0.00342584,1.84906,1.98906,73.2591,11.213,nan,0.26958,0.272739,0.278958,0.260552,0.266065,0.272739,0.266065,0.278958,0.260552,1,0,0.0569741,0,-0.00187369,-0.0475219,-0.00515699,0.142408,0.0944412,0,0,0,0.156393,0.113751,0.0137858,0.461548,-0.459765,10.5721,10.5921,0,21.4288
15.95,level,0.279255,-0.210439,-0.0471984,-0.0316783,0,0,0.144124,-0.116734,-0.00297667,1.85109,1.99109,73.3713,11.2202,nan,0.269602,0.273375,0.277979,0.261564,0.265485,0.273375,0.265485,0.277979,0.261564,1,0,0.0568274,0,-0.00180852,-0.0460523,-0.00374687,0.141475,0.0951216,0,0,0,0.151818,0.111525,0.00546476,0.384555,-0.633761,10.522,10.5481,0,21.4539
15.96,level,0.280617,-0.209324,-0.0470339,-0.0317883,0,0,0.143316,-0.11713,-0.00317167,1.85311,1.99311,73.4835,11.2275,nan,0.269624,0.273094,0.278448,0.260783,0.266169,0.273094,0.266169,0.278448,0.260783,1,0,0.0567939,0,8.27751e-05,-0.0465937,-0.0047206,0.141244,0.0952542,0,0,0,0.154343,0.110535,0.00209294,0.472136,-0.503509,10.455,10.4778,0,21.4814
15.97,level,0.281971,-0.208205,-0.0469199,-0.0318225,0,0,0.14244,-0.117553,-0.00274788,1.85514,1.99514,73.5958,11.2347,nan,0.269647,0.273138,0.278473,0.260606,0.266367,0.273138,0.266367,0.278473,0.260606,1,0,0.0566762,0,0.00112975,-0.0466855,-0.00487731,0.140663,0.0954934,0,0,0,0.144497,0.115411,-0.000627934,0.417717,-0.614012,10.521,10.5471,0,21.5132
15.98,level,0.283316,-0.207081,-0.0468092,-0.0317153,0,0,0.141611,-0.118018,-0.00283636,1.85716,1.99716,73.7082,11.2419,nan,0.26967,0.271989,0.279344,0.26051,0.266832,0.271989,0.266832,0.279344,0.26051,1,0,0.0565245,0,-0.00273923,-0.0454582,-0.00601088,0.140379,0.0951081,0,0,0,0.150165,0.103826,-0.00316571,0.422011,-0.576458,10.4147,10.4391,0,21.5483
15.99,level,0.284654,-0.205954,-0.0466753,-0.0317521,0,0,0.140794,-0.118405,-0.00235853,1.85918,1.99918,73.8207,11.2492,nan,0.269693,0.273516,0.278062,0.261893,0.265297,0.273516,0.265297,0.278062,0.261893,1,0,0.0564528,0,-0.00303092,-0.0462091,-0.00349441,0.139883,0.0954214,0,0,0,0.146525,0.125227,0.0126197,0.362061,-0.678808,10.4389,10.4672,0,21.5786
