t,phase,roll,pitch,roll_est,pitch_est,roll_sp,pitch_sp,p,q,r,alt,alt_abs,alt_est,vz,height_sp,thr,m0,m1,m2,m3,mp0,mp1,mp2,mp3,mix_scale,sat,att_err,gust,torque_x,torque_y,torque_z,rate_sp_x,rate_sp_y,bg_x,bg_y,bg_z,gx,gy,gz,ax,ay,az,acc_n,tilt_angle,tilt_err
0,hover,1.54166e-17,1.19068e-33,1.07406e-07,1.69508e-06,0,0,-4.06576e-20,-9.88628e-13,2.03288e-20,99.8595,99.9995,99.8694,-0.00488815,nan,0,0,0,0,0,0,0,0,0,1,0,0,0,0,0,0,0,0,0,0,0,0.000214806,0.00339016,0.00696641,0.109687,0.00594226,0.0303522,0.113964,0,9.73152e-05
0.01,hover,-1.2339e-17,1.03001e-13,5.81529e-05,-4.06539e-05,0,0,-1.21973e-19,-2.07612e-11,4.64852e-18,99.859,99.999,99.5544,-0.102739,nan,0,0,0,0,0,0,0,0,0,1,0,0,0,0,0,0,0,0,0,0,0,0.0109626,0.00169182,-0.0015435,0.0551992,0.00186293,0.0012954,0.0552458,0,0.00406537
0.02,hover,-2.75504e-16,4.03511e-13,0.000109189,-9.2251e-05,0,0,4.60786e-19,-4.05337e-11,1.75641e-17,99.8575,99.9975,99.5529,-0.200484,nan,0,0,0,0,0,0,0,0,0,1,0,0,0,0,0,0,0,0,-3.98139e-13,2.11134e-13,3.06938e-18,-0.000703638,-0.016625,0.00251685,0.0567823,0.0729582,0.109739,0.143492,0,0.00818999
0.03,hover,1.84002e-16,9.0189e-13,0.000174252,-0.000127502,0,0,1.65341e-18,-6.03063e-11,3.88415e-17,99.855,99.995,99.3932,-0.299784,nan,0,0,0,0,0,0,0,0,0,1,0,0,0,0,0,0,0,0,-3.98139e-13,2.11134e-13,3.06938e-18,0.00744955,-0.00316741,0.000697797,0.0865531,-0.0296026,0.0986272,0.134518,0,0.0123712
0.04,hover,-9.81732e-16,1.59731e-12,0.000224992,-0.000167498,0,0,3.49655e-18,-8.00788e-11,6.83996e-17,99.8515,99.9915,99.3897,-0.397473,nan,0,0,0,0,0,0,0,0,0,1,0,0,0,0,0,0,0,0,-5.88393e-13,3.61393e-13,-4.7867e-17,-0.000180052,-0.0102729,0.00020836,0.0608389,-0.0675908,0.065182,0.111887,0,0.0160712
0.05,hover,-3.11994e-15,2.48984e-12,0.000292277,-0.000224332,0,0,5.97666e-18,-9.98514e-11,1.06265e-16,99.847,99.987,99.5736,-0.490528,nan,0.286536,0,0,0,0,0,0,0,0,1,0,0,0,0,0,0,0,0,-5.88393e-13,3.61393e-13,-4.7867e-17,0.0154861,-0.00806698,-0.00221549,-0.00881222,-0.0261148,0.0169003,0.0323305,0,0.0211102
0.06,hover,-9.90199e-10,1.35019e-09,0.000337189,-0.000284005,0,0,-8.97254e-07,-1.43495e-06,-0.000372532,99.8416,99.9816,99.5682,-0.588094,nan,0.291426,0.290092,0.292107,0.290511,0.29202,0.290092,0.29202,0.292107,0.290511,1,0,0,0,-0.00134405,0.000630968,-0.00154909,-0.000977929,0.000825712,8.27166e-13,1.81385e-12,-4.32842e-16,0.0224244,-0.0175376,-0.00675811,-0.0454351,-0.0361229,0.0973297,0.113324,0,0.0252594
0.07,hover,-6.88957e-08,1.32291e-07,0.000378417,-0.000314341,0,0,-1.63576e-05,-3.4513e-05,0.000761786,99.8352,99.9752,99.5708,-0.6827,nan,0.296164,0.294947,0.296714,0.295377,0.296698,0.294947,0.296698,0.296714,0.295377,1,0,0,0,-0.00118262,0.000786193,-0.00135696,-0.001111,0.000939906,8.27166e-13,1.81385e-12,-4.32842e-16,0.0161667,-0.00207666,0.00146932,-0.0395944,-0.116513,0.582461,0.595318,0,0.0281942
0.08,hover,-4.64545e-07,8.715e-07,0.000454771,-0.000363394,0,0,-9.02989e-05,-0.000124963,0.000421047,99.8279,99.9679,99.5635,-0.770437,nan,0.30053,0.300039,0.300406,0.300539,0.300306,0.300039,0.300306,0.300406,0.300539,1,0,0,0,-0.00159364,0.000758055,-5.892e-05,-0.00133868,0.00108665,2.48547e-11,3.84083e-11,-8.91878e-15,0.0170866,-0.00235363,7.55594e-05,-0.0201058,-0.12726,1.51675,1.52222,0,0.0334054
0.09,hover,-2.42424e-06,2.71311e-06,0.000508686,-0.000382068,0,0,-0.00034062,-0.000255473,0.000326778,99.8198,99.9598,99.6104,-0.84429,nan,0.304385,0.303589,0.304734,0.30367,0.304828,0.303589,0.304828,0.304734,0.30367,1,0,0,0,3.43688e-05,0.000332665,-0.00101189,-0.00151993,0.00114468,2.48547e-11,3.84083e-11,-8.91878e-15,0.00408132,-0.0010144,-0.00262954,-0.0282682,-0.0326047,2.63929,2.63964,0,0.0366554
0.1,hover,-7.55427e-06,5.98204e-06,0.000556078,-0.000403294,0,0,-0.000726107,-0.000417546,0.000486575,99.8109,99.9509,99.6016,-0.910396,nan,0.307657,0.307332,0.307167,0.307841,0.30769,0.307332,0.30769,0.307167,0.307841,1,0,0,0,3.94388e-05,0.00195582,0.000138812,-0.00165577,0.00119389,2.07887e-10,2.23841e-10,-7.20192e-14,0.008313,-0.010659,0.00118788,-0.112169,-0.0335115,3.74374,3.74557,0,0.0399097
0.11,hover,-1.68976e-05,1.15975e-05,0.000599813,-0.00042387,0,0,-0.00117786,-0.000754643,-0.000246699,99.8015,99.9415,99.7314,-0.950516,nan,0.310324,0.31098,0.30927,0.311542,0.309028,0.31098,0.309028,0.30927,0.311542,1,0,0,0,-0.00212982,0.00060687,0.00185655,-0.00178732,0.00127112,2.07887e-10,2.23841e-10,-7.20192e-14,0.00808167,-0.000325406,0.00266479,-0.0646178,-0.111294,4.94284,4.94451,0,0.043256
0.12,hover,-3.08978e-05,2.12979e-05,0.000616505,-0.000486129,0,0,-0.00165336,-0.0012091,0.000783205,99.7916,99.9316,99.7217,-0.992641,nan,0.312398,0.313352,0.310896,0.31371,0.311274,0.313352,0.311274,0.310896,0.31371,1,0,0,0,5.44547e-05,0.00139538,0.00215044,-0.00183831,0.00144145,3.39476e-10,3.23744e-10,-1.18376e-13,0.00746905,-0.0112934,0.00149442,0.00109021,-0.0781905,6.14292,6.14342,0,0.0471295
0.13,hover,-4.98198e-05,3.58951e-05,0.000670243,-0.000523913,0,0,-0.00217423,-0.00176338,0.000436014,99.7814,99.9214,99.7548,-1.01771,nan,0.313913,0.312587,0.314889,0.313069,0.314855,0.312587,0.314855,0.314889,0.313069,1,0,0.000976562,0,-0.00136905,0.000847125,-0.00179706,-0.00200971,0.00155688,3.39476e-10,3.23744e-10,-1.18376e-13,0.000679655,-0.00990801,-0.0026264,-0.0482863,-0.0566231,7.23832,7.2387,0,0.0522579
0.14,hover,-7.41546e-05,5.6521e-05,-0.0079406,0.00730839,0,0,-0.00271803,-0.00240269,-0.00010189,99.7709,99.9109,99.7445,-1.0384,nan,0.314917,0.314831,0.315145,0.313787,0.315752,0.314831,0.315752,0.315145,0.313787,1,0,0.0107422,0,0.00437883,-0.00082856,-0.0010015,0.0238315,-0.0219282,1.19957e-05,-1.0951e-05,1.5801e-09,0.00679814,-0.00195061,0.0034927,-0.155703,-0.0652422,8.20639,8.20812,0,0.61301
0.15,hover,-0.00010285,8.32167e-05,-5.88559e-05,-0.00447116,0,0,-0.00299726,-0.0029022,-0.000112421,99.7602,99.9002,99.6899,-1.05741,nan,0.315466,0.314624,0.31599,0.315137,0.316042,0.314624,0.316042,0.31599,0.315137,1,0,0.00436732,0,-0.00122022,0.00107005,-0.00099824,0.000173021,0.0134076,-2.03415e-08,1.03155e-05,-6.5143e-07,-0.00235867,-0.00390614,0.00114182,-0.0315267,-0.0682725,9.05404,9.05435,0,0.260963
0.16,hover,-0.000134158,0.000114247,0.000592609,-0.00110731,0,0,-0.00330698,-0.003322,0.000525652,99.7495,99.8895,99.6793,-1.06081,nan,0.315615,0.316353,0.314936,0.316106,0.315071,0.316353,0.315071,0.314936,0.316106,1,0,0,0,0.00100957,-0.000212109,0.00107778,-0.00176887,0.00331809,-3.39743e-07,1.44291e-06,-5.3857e-07,0.00597596,-0.00255618,0.00667231,0.00438283,-0.0871051,9.84724,9.84762,0,0.0814424
0.17,hover,-0.000169072,0.000149588,8.00172e-05,-0.000747023,0,0,-0.00370555,-0.00376041,0.000817733,99.7388,99.8788,99.5831,-1.07563,nan,0.315422,0.315102,0.315523,0.315648,0.315484,0.315102,0.315484,0.315523,0.315648,1,0,0,0,-0.00155256,0.000961103,-0.000112749,-0.000222589,0.00224235,3.18334e-06,-6.66998e-08,-5.32126e-07,0.01164,0.000857185,-0.00664557,-0.0363767,-0.177802,10.513,10.5146,0,0.0533218
0.18,hover,-0.000208137,0.000189513,-0.000445409,-0.00183941,0,0,-0.00408353,-0.00425659,-7.7503e-05,99.7282,99.8682,99.5724,-1.06636,nan,0.314939,0.315305,0.314538,0.315504,0.314531,0.315305,0.314531,0.314538,0.315504,1,0,0.00182698,0,-0.000545864,0.000361339,0.000764708,0.0013367,0.00551206,7.56206e-06,9.81919e-06,-5.71603e-07,0.000345535,-0.00411069,0.0122311,-0.0308038,-0.0829472,10.9308,10.9311,0,0.117049
0.19,hover,-0.000250298,0.000234398,-3.14421e-05,-0.00190975,0,0,-0.00436236,-0.00473884,0.00102141,99.7177,99.8577,99.5464,-1.05603,nan,0.314215,0.314296,0.313812,0.314675,0.314243,0.314296,0.314243,0.313812,0.314675,1,0,0.00182698,0,0.000138349,0.00153498,0.000402495,9.28029e-05,0.00572874,2.7661e-06,1.15476e-05,-5.34682e-07,-0.000993987,-0.000332604,0.00978154,-0.0399992,-0.0571354,11.5022,11.5025,0,0.123497
0.2,hover,-0.000295199,0.000284504,4.44658e-05,-0.00225896,0,0,-0.00463302,-0.00530194,0.00109686,99.7074,99.8474,99.536,-1.03782,nan,0.313294,0.313344,0.31344,0.313825,0.312769,0.313344,0.312769,0.31344,0.313825,1,0,0.00229024,0,-0.00305464,-0.000358062,0.000422027,-0.000127366,0.00677924,2.55563e-06,1.97191e-05,-5.68619e-07,0.00402548,0.00159986,0.000858308,0.0253596,-0.103314,11.7831,11.7836,0,0.147033
0.21,hover,-0.000343349,0.000339995,2.86483e-05,-0.0022509,0,0,-0.00502404,-0.00580383,0.00104636,99.6972,99.8372,99.4723,-1.03317,nan,0.312215,0.311804,0.312393,0.312469,0.312424,0.311804,0.312424,0.312393,0.312469,1,0,0.00169146,0,-0.00168212,0.00131628,-0.000238957,-0.000114973,0.00675264,2.55563e-06,1.97191e-05,-5.68619e-07,-0.0193641,-1.01588e-05,-0.00653415,0.0818629,-0.132523,12.0434,12.0444,0,0.149981
0.22,hover,-0.000395271,0.000400769,3.59296e-05,-0.00222525,0,0,-0.00536403,-0.00642499,0.00101739,99.6873,99.8273,99.4621,-1.00915,nan,0.311012,0.310491,0.311482,0.310429,0.311899,0.310491,0.311899,0.311482,0.310429,1,0,0.00195312,0,0.00126957,0.000673514,-0.00108152,-0.000100107,0.00667819,2.55527e-06,1.97188e-05,-5.68619e-07,0.00510952,0.0016395,-0.00645084,0.0764551,-0.0155697,12.2658,12.266,0,0.152488
0.23,hover,-0.000449927,0.000468329,2.59e-05,-0.00219577,0,0,-0.00553602,-0.00710289,0.00118982,99.6777,99.8177,99.4644,-0.97854,nan,0.309715,0.310761,0.308577,0.310877,0.308912,0.310761,0.308912,0.308577,0.310877,1,0,0.00195312,0,0.000580592,0.000854647,0.00182377,-6.64354e-05,0.006591,2.55527e-06,1.97188e-05,-5.68619e-07,0.00754975,0.00248262,0.0171003,0.0559741,-0.0675497,12.4627,12.463,0,0.155072
0.24,hover,-0.000505704,0.000542313,3.91374e-05,-0.00216969,0,0,-0.00562359,-0.00772718,0.000931351,99.6683,99.8083,99.4547,-0.951102,nan,0.308348,0.30862,0.307972,0.308868,0.308209,0.30862,0.308209,0.307972,0.308868,1,0,0.00195312,0,-2.87343e-05,0.000921291,0.000574368,-0.000120742,0.00652336,2.55358e-06,1.97173e-05,-5.68621e-07,-0.00219886,0.00954949,0.00864966,0.0648992,-7.102e-05,12.5929,12.5931,0,0.158507
0.25,hover,-0.000562385,0.000622345,4.40369e-05,-0.00210178,0,0,-0.00573855,-0.00830637,0.0016939,99.6592,99.7992,99.4945,-0.901962,nan,0.306932,0.307474,0.30679,0.307112,0.30664,0.307474,0.30664,0.30679,0.307112,1,0,0.00195312,0,0.000563392,-0.000970851,0.000508465,-0.000117108,0.00631334,2.55358e-06,1.97173e-05,-5.68621e-07,0.0100085,0.00534436,0.00200612,0.0990497,-0.00606645,12.7182,12.7186,0,0.15992
0.26,hover,-0.000620893,0.000707617,3.1479e-05,-0.00204846,0,0,-0.00598597,-0.00878466,0.00140331,99.6504,99.7904,99.4856,-0.872918,nan,0.305487,0.30597,0.305265,0.305998,0.305005,0.30597,0.305005,0.305265,0.305998,1,0,0.00195312,0,-0.000763925,-0.000439281,0.000746144,-9.5779e-05,0.00614126,2.55342e-06,1.97171e-05,-5.68622e-07,-0.00087672,-0.00272312,0.00752069,0.0343316,0.0235871,12.854,12.854,0,0.162294
0.27,hover,-0.000681873,0.000797713,3.59211e-05,-0.00196976,0,0,-0.006215,-0.00926532,0.00180817,99.6418,99.7818,99.4813,-0.841542,nan,0.304026,0.305127,0.30315,0.305053,0.303068,0.305127,0.303068,0.30315,0.305053,1,0,0.00169146,0,-1.92724e-05,-0.000295015,0.00174127,-9.86172e-05,0.00592166,2.55342e-06,1.97171e-05,-5.68622e-07,0.00609474,0.00826325,-0.00265107,0.0652369,0.0483717,12.7775,12.7778,0,0.163833
0.28,hover,-0.000745195,0.00089241,5.33755e-05,-0.00191089,0,0,-0.00644154,-0.00966482,0.000998699,99.6336,99.7736,99.473,-0.812189,nan,0.302563,0.302614,0.302508,0.303221,0.302201,0.302614,0.302201,0.302508,0.303221,1,0,0.00138107,0,-0.00242583,0.000566743,0.000494915,-0.000140009,0.00574128,2.55567e-06,1.97193e-05,-5.68618e-07,0.0134136,0.00574876,-0.000301175,0.0277689,0.074307,12.8144,12.8146,0,0.167029
0.29,hover,-0.000810613,0.000990789,2.87654e-05,-0.0018735,0,0,-0.00665029,-0.0100499,0.000540177,99.6257,99.7657,99.4137,-0.81029,nan,0.301107,0.302041,0.300405,0.302021,0.300252,0.302041,0.300252,0.300405,0.302021,1,0,0.00169146,0,-0.000353144,-0.000327736,0.0014967,-7.38439e-05,0.00563011,2.55567e-06,1.97193e-05,-5.68618e-07,0.00829689,0.00642376,-0.00383622,-0.0361239,-0.028822,12.708,12.708,0,0.171036
0.3,hover,-0.000877856,0.0010929,4.2288e-07,-0.00178965,0,0,-0.00678673,-0.0103259,0.000389983,99.618,99.758,99.4058,-0.781218,nan,0.299666,0.299014,0.300086,0.299713,0.300139,0.299014,0.300139,0.300086,0.299713,1,0,0.00182698,0,-0.00171524,0.00142317,-0.000658591,-6.91516e-06,0.00537097,2.55559e-06,1.97192e-05,-5.68618e-07,-0.00376257,0.00135769,-0.000433058,-0.0454973,-0.00800788,12.7184,12.7185,0,0.172678
0.31,hover,-0.00094621,0.00119681,-1.89244e-05,-0.00172153,0,0,-0.00688328,-0.0104465,-0.000208491,99.6107,99.7507,99.3999,-0.751636,nan,0.298248,0.29765,0.299342,0.297434,0.298847,0.29765,0.298847,0.299342,0.297434,1,0,0.00138107,0,-0.00073966,-0.00134594,-0.00136475,5.9231e-05,0.00517382,2.55559e-06,1.97192e-05,-5.68618e-07,0.0016495,0.00617206,0.00487942,-0.045452,-0.129649,12.6013,12.6021,0,0.175471
0.32,hover,-0.00101543,0.001301,-4.11396e-05,-0.00163214,0,0,-0.00695149,-0.0103461,0.000585105,99.6036,99.7436,99.3925,-0.723554,nan,0.296857,0.296432,0.297199,0.296423,0.29765,0.296432,0.29765,0.297199,0.296423,1,0,0.000976562,0,0.00121888,0.000836385,-0.000876402,0.000108711,0.00489456,2.55593e-06,1.97196e-05,-5.68618e-07,-0.00979175,-0.00121776,0.00672215,-0.0189978,-0.0829382,12.6009,12.6012,0,0.177111
0.33,hover,-0.00108452,0.00140373,-6.03497e-05,-0.00156856,0,0,-0.00685002,-0.0101911,0.000937142,99.5968,99.7368,99.3789,-0.700578,nan,0.295497,0.295995,0.295,0.295781,0.295482,0.295995,0.295482,0.295,0.295781,1,0,0.00138107,0,0.00184859,0.000509485,0.000568681,0.000163405,0.00471856,2.55593e-06,1.97196e-05,-5.68618e-07,-0.0117501,0.00860946,0.00633297,-0.0126808,-0.131129,12.5376,12.5383,0,0.180154
0.34,hover,-0.00115231,0.00150487,-5.49753e-05,-0.00148434,0,0,-0.00669627,-0.0100734,0.000930274,99.5902,99.7302,99.372,-0.673901,nan,0.294172,0.295113,0.293749,0.294311,0.293777,0.295113,0.293777,0.293749,0.294311,1,0,0.00138107,0,0.00220451,-0.00146532,0.000834249,0.000160067,0.00446706,2.55453e-06,1.97181e-05,-5.68621e-07,-0.00324365,0.00937857,-0.00450597,0.0241364,-0.0173192,12.4528,12.4528,0,0.182472
0.35,hover,-0.00121842,0.00160522,-7.70814e-05,-0.0014266,0,0,-0.0065209,-0.0100011,0.00104863,99.5839,99.7239,99.3905,-0.630099,nan,0.292883,0.293603,0.292338,0.293168,0.292678,0.293603,0.292678,0.292338,0.293168,1,0,0.000976562,0,0.00205643,-0.000180023,0.000771419,0.000219051,0.00428161,2.55453e-06,1.97181e-05,-5.68621e-07,-0.00812238,0.00122116,0.00267223,0.0582939,-0.0484119,12.338,12.3382,0,0.185641
0.36,hover,-0.0012828,0.00170484,-7.4336e-05,-0.00134869,0,0,-0.00634853,-0.00992545,0.00126239,99.5779,99.7179,99.3843,-0.604735,nan,0.291633,0.29287,0.290969,0.292004,0.290936,0.29287,0.290936,0.290969,0.292004,1,0,0.000976562,0,0.00220985,-0.0017024,0.00130482,0.000216453,0.00406591,2.55356e-06,1.9717e-05,-5.68623e-07,-0.0043566,0.0132383,0.00791735,0.0815388,0.0271379,12.2817,12.282,0,0.188187
0.37,hover,-0.00134513,0.00180318,-9.46318e-05,-0.00129429,0,0,-0.00607613,-0.00969142,0.00131475,99.5721,99.7121,99.3964,-0.566617,nan,0.290422,0.292589,0.288408,0.292355,0.288575,0.292589,0.288575,0.288408,0.292355,1,0,0,0,0.00106496,-0.000127358,0.00349965,0.000289059,0.00387791,2.55356e-06,1.9717e-05,-5.68623e-07,0.00344536,-0.00329805,0.000222159,0.0977082,0.146286,12.2184,12.2196,0,0.19142
0.38,hover,-0.00140452,0.00189869,-0.000103486,-0.00124602,0,0,-0.00580009,-0.00942641,0.000863646,99.5666,99.7066,99.3908,-0.542897,nan,0.289251,0.288971,0.289255,0.289252,0.289756,0.288971,0.289756,0.289255,0.289252,1,0,0.000976562,0,0.000583936,0.00147888,-0.000346281,0.000298505,0.00374548,2.55318e-06,1.97165e-05,-5.68625e-07,-0.00797225,0.00497074,-0.00427687,0.0578146,-0.0420485,12.0984,12.0986,0,0.195021
0.39,hover,-0.00146149,0.00199242,-0.000111056,-0.00120414,0,0,-0.00559629,-0.00934448,0.00126634,99.5613,99.7013,99.3929,-0.514053,nan,0.28812,0.288859,0.287717,0.288516,0.287608,0.288859,0.287608,0.287717,0.288516,1,0,0.000976562,0,0.000620702,-0.000856154,0.000901085,0.000334119,0.00361919,2.55318e-06,1.97165e-05,-5.68625e-07,0.000649766,0.00453298,0.00983836,-0.0302086,-0.0291371,11.9658,11.9659,0,0.198854
0.4,hover,-0.00151638,0.00208556,-0.000119689,-0.00114789,0,0,-0.00537295,-0.0092501,0.000970591,99.5562,99.6962,99.3878,-0.491846,nan,0.287028,0.285571,0.288464,0.285626,0.288665,0.285571,0.288665,0.288464,0.285626,1,0,0.000976562,0,0.000386921,0.00048416,-0.00260733,0.000368046,0.00344324,2.55314e-06,1.97164e-05,-5.68625e-07,0.005983,-0.000258424,-0.00489168,-0.126084,-0.0194814,12.0154,12.0161,0,0.201839
0.41,hover,-0.00156934,0.00217739,-0.000130864,-0.001093,0,0,-0.00520929,-0.00912163,0.000275303,99.5513,99.6913,99.3839,-0.469722,nan,0.285976,0.286105,0.28604,0.285654,0.286312,0.286105,0.286312,0.28604,0.285654,1,0,0,0,0.00191791,-0.000340198,-0.00026084,0.000379658,0.00328501,2.55314e-06,1.97164e-05,-5.68625e-07,-0.00861594,0.00402555,0.00298141,-0.161156,-0.123424,11.9725,11.9743,0,0.204736
0.42,hover,-0.00162068,0.00226796,-0.000346702,-0.000274178,0,0,-0.00506414,-0.00893265,0.000527851,99.5466,99.6866,99.3793,-0.449443,nan,0.284963,0.285746,0.284344,0.285414,0.284547,0.285746,0.284547,0.284344,0.285414,1,0,0,0,0.001419,-0.00024176,0.000997235,0.00103838,0.000816519,2.5413e-05,-5.24857e-05,-6.33713e-07,-0.00112362,-0.00406654,0.00907326,0.0453718,-0.0665474,11.9452,11.9454,0,0.162945
0.43,hover,-0.0016707,0.00235576,2.30265e-05,-0.000738954,0,0,-0.00492362,-0.00861777,-0.000494358,99.5421,99.6821,99.3919,-0.41397,nan,0.283988,0.284731,0.28346,0.284648,0.283306,0.284731,0.283306,0.28346,0.284648,1,0,0,0,-0.000189223,-0.00044851,0.00114867,-6.73203e-05,0.00221636,-1.22715e-05,-1.83242e-06,-6.10594e-07,0.00115804,-0.000339795,-0.00342485,-0.028273,-0.0757519,11.7743,11.7745,0,0.202152
0.44,hover,-0.00171931,0.00244028,0.000197609,-0.000464473,0,0,-0.00478987,-0.00826937,0.000285409,99.5379,99.6779,99.3878,-0.394949,nan,0.283051,0.28325,0.283021,0.282553,0.283562,0.28325,0.283562,0.283021,0.282553,1,0,0,0,0.00328372,-0.000298454,-0.000342738,-0.000591979,0.00139525,-3.2869e-05,-2.59882e-05,-6.43277e-07,0.000534983,0.00119575,0.00646723,0.070034,-0.105622,11.7591,11.7598,0,0.199409
0.45,hover,-0.00176652,0.00252106,0.000527001,-0.000329419,0,0,-0.004665,-0.00782911,0.000628162,99.5338,99.6738,99.4162,-0.345373,nan,0.282149,0.281852,0.282574,0.28202,0.282328,0.281852,0.282328,0.282574,0.28202,1,0,0,0,-0.00109629,-0.000147432,-0.000452211,-0.00158798,0.000991126,-6.66872e-05,-3.45751e-05,-5.73137e-07,-0.00471766,0.00187943,0.00230521,0.0950865,0.0840114,11.5549,11.5556,0,0.20961
0.46,hover,-0.00181306,0.00259691,-3.82798e-05,-0.000656692,0,0,-0.00463402,-0.00735454,0.000322645,99.5298,99.6698,99.4128,-0.327859,nan,0.281283,0.280718,0.28213,0.280527,0.281929,0.280718,0.281929,0.28213,0.280527,1,0,0.000690534,0,-2.55102e-05,-0.000742015,-0.00123711,0.00011167,0.00198297,-7.35709e-06,4.5964e-06,-7.1925e-07,-0.0021184,0.00859929,0.00256337,0.087852,0.0293805,11.6231,11.6235,0,0.212371
0.47,hover,-0.00185917,0.00266849,-0.000441145,-0.00016671,0,0,-0.00459596,-0.0069668,0.000850836,99.5261,99.6661,99.3778,-0.343513,nan,0.280452,0.280271,0.280789,0.280533,0.280378,0.280271,0.280378,0.280789,0.280533,1,0,0,0,-0.00178347,-0.000283875,-0.000159238,0.00132492,0.000513698,3.76619e-05,-4.84604e-05,-8.73746e-07,0.00102713,0.00900277,-0.012373,-0.013243,0.0179864,11.4805,11.4805,0,0.181661
0.48,hover,-0.00190525,0.00273662,-0.000514514,-0.000247017,0,0,-0.00460244,-0.00663576,0.00066841,99.5225,99.6625,99.3744,-0.327445,nan,0.279653,0.280244,0.279502,0.279906,0.279118,0.280244,0.279118,0.279502,0.279906,1,0,0,0,-0.000125579,-0.00136887,0.000672568,0.00154251,0.000752606,4.75627e-05,-3.28474e-05,-9.32436e-07,-0.000642036,0.0076716,-0.00107019,-0.015212,0.0622167,11.4031,11.4033,0,0.188647
0.49,hover,-0.00195125,0.00280122,-0.000494953,-0.000700712,0,0,-0.00457873,-0.00629561,0.000889658,99.5191,99.6591,99.4329,-0.246655,nan,0.278887,0.278664,0.278855,0.278964,0.279217,0.278664,0.279217,0.278855,0.278964,1,0,0,0,0.000164843,0.00125442,-0.000195215,0.00149833,0.00211216,4.33398e-05,2.58531e-05,-8.7287e-07,0.0090206,0.00671167,-0.000993577,-0.0154159,0.0364275,11.2416,11.2417,0,0.217354
0.5,hover,-0.00199693,0.00286322,1.55929e-06,-0.000228407,0,0,-0.00455531,-0.00611119,0.00128773,99.5158,99.6558,99.4305,-0.231712,nan,0.278152,0.278178,0.277948,0.278315,0.278311,0.278178,0.278311,0.277948,0.278315,1,0,0.000690534,0,0.000603088,0.000947927,0.000102874,-1.54896e-05,0.000674995,-1.67642e-05,-3.36774e-05,-6.30553e-07,-0.00722287,-0.0068514,0.00745054,-0.0189514,-0.1124,11.3247,11.3253,0,0.210932
0.51,hover,-0.00204222,0.00292388,3.57827e-05,-0.000498869,0,0,-0.00448938,-0.00602255,0.000983601,99.5126,99.6526,99.4238,-0.222334,nan,0.277447,0.278643,0.276444,0.278336,0.276502,0.278643,0.276502,0.276444,0.278336,1,0,0,0,0.000969093,-0.000471408,0.00177296,-9.87768e-05,0.0014948,-1.96297e-05,4.42307e-06,-6.62043e-07,0.00570441,-0.00120194,0.0196939,0.00131268,-0.10734,11.2461,11.2466,0,0.229437
0.52,hover,-0.00208667,0.00298321,-8.40858e-05,-0.000485748,0,0,-0.00441452,-0.0058083,0.00104769,99.5096,99.6496,99.4216,-0.208574,nan,0.27677,0.277281,0.276231,0.277153,0.276549,0.277281,0.276549,0.276231,0.277153,1,0,0,0,0.00118516,0.000360221,0.000726917,0.000246838,0.00144654,-6.64193e-06,1.05184e-05,-6.7725e-07,-0.00361933,-0.00712869,0.00093276,0.112196,-0.037102,11.1891,11.1898,0,0.229521
0.53,hover,-0.00213078,0.00303987,-6.50237e-05,-0.000718167,0,0,-0.00442138,-0.0055295,0.00187295,99.5068,99.6468,99.4143,-0.201372,nan,0.276121,0.275807,0.276296,0.276508,0.276002,0.275807,0.276002,0.276296,0.276508,1,0,0,0,-0.0026371,0.000771506,7.30798e-06,0.00019418,0.00217205,-6.54598e-06,4.75647e-05,-6.5294e-07,-0.000609878,0.0117442,-0.0129609,0.182481,-0.0931619,11.0033,11.0052,0,0.245735
0.54,hover,-0.00217532,0.00309424,-7.41733e-05,-0.00088775,0,0,-0.00445924,-0.00536231,0.00183903,99.504,99.644,99.4123,-0.188799,nan,0.275499,0.27645,0.274766,0.276466,0.274437,0.27645,0.274437,0.274766,0.276466,1,0,0,0,-0.00091836,-0.000592356,0.00163221,0.000217403,0.00266892,-3.4918e-06,7.06076e-05,-6.61275e-07,-0.00342046,0.00385011,-0.00672063,0.0901375,-0.123762,11.0103,11.0114,0,0.257999
0.55,hover,-0.00222003,0.00314694,0.000242772,-0.000787552,0,0,-0.00447329,-0.00518482,0.000498061,99.5014,99.6414,99.3777,-0.214656,nan,0.274903,0.274098,0.276221,0.274314,0.275094,0.274098,0.275094,0.276221,0.274314,1,0,0,0,-0.0035619,-0.00172482,-0.00127588,-0.000715638,0.00237829,-4.89453e-05,6.03719e-05,-4.98342e-07,0.00840479,0.0104839,0.00329787,0.0438759,-0.0301409,11.0208,11.0209,0,0.265966
0.56,hover,-0.00226513,0.00319769,0.000270732,-0.000747641,0,0,-0.00453658,-0.00496701,0.00167677,99.4989,99.6389,99.3756,-0.203081,nan,0.274331,0.273522,0.275519,0.273049,0.275346,0.273522,0.275346,0.275519,0.273049,1,0,0,0,0.000798361,-0.00122429,-0.00188761,-0.000802783,0.00225412,-5.16414e-05,5.53239e-05,-4.83796e-07,0.00622962,0.00752048,0.00735967,0.10171,-0.0110366,10.9366,10.9371,0,0.268731
0.57,hover,-0.00231077,0.00324641,3.61992e-05,-0.00031879,0,0,-0.00459905,-0.0047707,0.00178246,99.4965,99.6365,99.3851,-0.178443,nan,0.273783,0.273277,0.27453,0.272825,0.274607,0.273277,0.274607,0.27453,0.272825,1,0,0,0,0.00140355,-0.000713097,-0.0013339,-9.86123e-05,0.000967727,-1.08271e-05,-7.91918e-06,-5.13899e-07,0.00664752,0.00756279,0.00455568,-0.0451712,0.0263818,10.9541,10.9543,0,0.24457
0.58,hover,-0.00235729,0.00329311,-0.000259062,-0.000665987,0,0,-0.00469094,-0.00456185,0.00168862,99.4942,99.6342,99.3834,-0.167665,nan,0.273258,0.272761,0.273549,0.273233,0.27359,0.272761,0.27359,0.273549,0.273233,1,0,0,0,-0.0011434,0.000971736,-0.000503514,0.000767464,0.00199583,3.35655e-05,4.63301e-05,-7.41334e-07,-0.00644883,-0.00137286,-0.00101747,-0.0562312,-0.0627722,10.7857,10.786,0,0.256769
0.59,hover,-0.00240466,0.00333787,-0.00023737,-0.000865138,0,0,-0.00478147,-0.00441741,0.00107935,99.492,99.632,99.4251,-0.105097,nan,0.272754,0.270897,0.274284,0.27134,0.274594,0.270897,0.274594,0.274284,0.27134,1,0,0,0,-0.000355252,0.00142519,-0.00291894,0.000716694,0.00260127,2.84403e-05,8.0175e-05,-7.49033e-07,0.00308837,0.00398052,0.00525523,-0.0685255,-0.059817,10.8057,10.806,0,0.270993
0.6,hover,-0.00245302,0.00338183,-0.000339065,-0.00113498,0,0,-0.00489121,-0.00439431,0.000893432,99.4899,99.6299,99.4241,-0.0953168,nan,0.272271,0.271822,0.272737,0.271981,0.27264,0.271822,0.27264,0.272737,0.271981,1,0,0,0,-0.00068017,0.000118044,-0.000692035,0.0010125,0.00341586,4.47077e-05,0.000124895,-7.62469e-07,-0.00307611,0.00739763,0.00620647,-0.0261233,-0.0812615,10.7658,10.7661,0,0.285798
0.61,hover,-0.00250257,0.00342611,-0.000460242,-0.00126588,0,0,-0.00503412,-0.00448372,0.0012921,99.4879,99.6279,99.4443,-0.0599381,nan,0.271809,0.271509,0.271993,0.271874,0.271951,0.271509,0.271951,0.271993,0.271874,1,0,0.00138107,0,-0.00107894,0.00061315,-0.000246893,0.00137696,0.00379277,6.76671e-05,0.000146167,-8.30213e-07,-0.00244318,-0.00310967,0.00118988,0.0648611,-0.116662,10.7463,10.7471,0,0.293268
0.62,hover,-0.0025539,0.00347169,-0.000769199,-0.00124882,0,0,-0.00522893,-0.00467566,0.00167958,99.486,99.626,99.4437,-0.0509512,nan,0.271366,0.272586,0.27038,0.271832,0.270751,0.272586,0.270751,0.27038,0.271832,1,0,0.00138107,0,0.00298471,-0.000724017,0.00144447,0.00230301,0.00376074,0.000123394,0.000145634,-1.08027e-06,-0.00293617,0.00966424,-0.00250658,0.123154,-0.103544,10.6195,10.6207,0,0.289245
0.63,hover,-0.00260721,0.00351961,-0.000644278,-0.0013105,0,0,-0.00542514,-0.00493641,0.00128054,99.4842,99.6242,99.4502,-0.0336339,nan,0.270941,0.271406,0.270385,0.271067,0.270988,0.271406,0.270988,0.270385,0.271067,1,0,0.00119604,0,0.00250083,0.000499433,0.000483362,0.00192623,0.00394622,9.78673e-05,0.000154302,-9.50075e-07,-0.00429183,0.00997307,0.00693638,0.0915751,0.077098,10.6027,10.6034,0,0.298814
0.64,hover,-0.00266189,0.00357003,-0.00068275,-0.00166308,0,0,-0.00545377,-0.00515407,0.00192526,99.4825,99.6225,99.4499,-0.0252556,nan,0.270534,0.27032,0.270666,0.270537,0.270691,0.27032,0.270691,0.270666,0.270537,1,0,0.00169146,0,-0.000506663,0.000459394,-0.000219871,0.00204742,0.0049831,0.000101564,0.000220815,-7.57869e-07,-0.00047099,-0.00386218,-0.0111998,0.0669083,-0.00952251,10.6427,10.6429,0,0.320661
0.65,hover,-0.00271633,0.00362278,-0.000864846,-0.00160542,0,0,-0.00538003,-0.00544233,0.00156322,99.4808,99.6208,99.4588,-0.00567127,nan,0.270143,0.269732,0.270457,0.26965,0.27081,0.269732,0.27081,0.270457,0.26965,1,0,0.00169146,0,0.00115233,0.000513548,-0.000828752,0.00260298,0.00482023,0.000131806,0.000208602,-9.98699e-07,0.00576913,0.0028503,0.00633615,0.059267,0.0920633,10.7292,10.7297,0,0.317896
0.66,hover,-0.00276905,0.00367877,-0.000987479,-0.00169202,0,0,-0.00508983,-0.00576878,0.0025133,99.4793,99.6193,99.4588,0.00178395,nan,0.269769,0.269492,0.269897,0.269396,0.270365,0.269492,0.270365,0.269897,0.269396,1,0,0.00195312,0,0.00149476,0.000704064,-0.000603921,0.00297113,0.00507632,0.000148269,0.000231093,-1.03325e-06,0.00594962,0.000405148,0.00292866,-0.0297806,0.0537836,10.5588,10.559,0,0.324339
0.67,hover,-0.00281825,0.00373781,-0.00124727,-0.00190744,0,0,-0.00468898,-0.00607707,0.00169446,99.4777,99.6177,99.4491,-0.00306386,nan,0.269411,0.269427,0.269158,0.269646,0.269483,0.269427,0.269483,0.269158,0.269646,1,0,0.00195312,0,0.00028074,0.00103206,0.000189831,0.00375255,0.00573057,0.000196012,0.000277515,-1.19909e-06,0.00733965,0.00579702,-0.00789988,-0.0216699,-0.0303056,10.5506,10.5506,0,0.335892
0.68,hover,-0.00286318,0.00380063,-0.00114818,-0.00184547,0,0,-0.00427144,-0.00652595,0.000519872,99.4763,99.6163,99.4491,0.0039553,nan,0.269067,0.267127,0.27052,0.267716,0.270974,0.267127,0.270974,0.27052,0.267716,1,0,0.00218366,0,-0.000359856,0.00197649,-0.0029233,0.00344906,0.00552458,0.00017613,0.000266403,-1.1368e-06,0.00318073,-0.0076213,-0.00744652,-0.110176,-0.0508314,10.4818,10.4825,0,0.338239
0.69,hover,-0.00290399,0.0038685,-0.00108689,-0.00159928,0,0,-0.00388071,-0.00708014,0.000434983,99.4749,99.6149,99.466,0.0324582,nan,0.268738,0.268752,0.26879,0.268646,0.268829,0.268752,0.268829,0.26879,0.268646,1,0,0.00154408,0,0.000386215,-0.000128007,-9.7364e-05,0.00328188,0.00478573,0.000161573,0.000227139,-1.17039e-06,0.014287,-0.0078364,-0.0150883,-0.0412304,-0.0285576,10.5385,10.5386,0,0.330267
0.7,hover,-0.00294113,0.00394169,-0.00131325,-0.0016513,0,0,-0.0035584,-0.00755887,9.34048e-05,99.4736,99.6136,99.4664,0.0388367,nan,0.268423,0.267972,0.268754,0.267782,0.269245,0.267972,0.269245,0.268754,0.267782,1,0,0.00154408,0,0.00180912,0.000570202,-0.000987075,0.00393481,0.00495763,0.00020587,0.000244694,-1.27689e-06,-0.00309248,0.00272388,-0.000203629,-0.0189436,-0.0523278,10.4635,10.4637,0,0.333914
0.71,hover,-0.00297513,0.00401937,-0.000860159,-0.00155477,0,0,-0.00321474,-0.00799826,0.000379217,99.4724,99.6124,99.4969,0.0837109,nan,0.26812,0.268037,0.268464,0.267466,0.268573,0.268037,0.268573,0.268464,0.267466,1,0,0.00154408,0,0.00180328,-0.000874971,-0.00067408,0.00257718,0.00466763,0.000117943,0.000231362,-9.78981e-07,-0.00206021,0.00242712,0.0102545,0.00734743,0.0167304,10.425,10.425,0,0.341718
0.72,hover,-0.00300548,0.00410091,-0.000960288,-0.00161181,0,0,-0.00283867,-0.00832537,0.000312389,99.4712,99.6112,99.4978,0.0900603,nan,0.267831,0.267513,0.268176,0.267637,0.268052,0.267513,0.268052,0.268176,0.267637,1,0,0.00138107,0,-0.000656474,-3.67115e-07,-0.000473869,0.00287112,0.00483289,0.000142229,0.000245808,-1.06146e-06,-0.00635016,-0.00145137,0.00260758,0.0572026,-0.133892,10.4524,10.4534,0,0.347795
0.73,hover,-0.00303247,0.00418564,-0.000963873,-0.0015479,0,0,-0.0025468,-0.00864139,0.000770597,99.4701,99.6101,99.4975,0.0944533,nan,0.267553,0.26749,0.267962,0.267448,0.267365,0.26749,0.267365,0.267962,0.267448,1,0,0.00119604,0,-0.00147403,-0.00121184,-0.000170872,0.00288619,0.00464135,0.000144701,0.000239166,-1.09081e-06,-0.00347152,-0.00133677,0.000524231,0.0427638,0.0689605,10.4344,10.4347,0,0.349372
0.74,hover,-0.0030571,0.00427326,-0.0010462,-0.00140699,0,0,-0.00237014,-0.00890294,0.00138684,99.469,99.609,99.4985,0.100053,nan,0.267287,0.266587,0.267941,0.267079,0.267592,0.266587,0.267592,0.267941,0.267079,1,0,0.00154408,0,-0.00223068,0.000268884,-0.000820542,0.00314543,0.0042455,0.000167348,0.00021801,-1.24297e-06,0.0047195,0.0165742,-0.00356352,0.0172893,-0.0115493,10.3857,10.3857,0,0.345388
0.75,hover,-0.00308022,0.00436343,-0.0010939,-0.00125152,0,0,-0.00224539,-0.00914244,0.00124148,99.468,99.608,99.5249,0.138231,nan,0.267031,0.265637,0.26859,0.266111,0.267837,0.265637,0.267837,0.26859,0.266111,1,0,0.00154408,0,-0.00325554,-0.000530138,-0.00205631,0.00328384,0.00375209,0.000181191,0.000198655,-1.37109e-06,0.00162765,-0.00145238,0.00977965,-0.026799,0.0520522,10.3744,10.3746,0,0.341394
0.76,hover,-0.00310258,0.00445534,-0.00120577,-0.000956554,0,0,-0.00221309,-0.00922308,0.00157631,99.467,99.607,99.5263,0.143338,nan,0.266787,0.267434,0.266395,0.267543,0.265824,0.267434,0.265824,0.266395,0.267543,1,0,0.00138107,0,-0.00180149,-0.000875623,0.00121235,0.00363349,0.00287414,0.000209124,0.000149859,-1.67986e-06,0.0110155,0.00312402,0.0102669,0.0153378,0.0595343,10.3356,10.3358,0,0.328721
0.77,hover,-0.00312453,0.00454732,-0.00134541,-0.000974817,0,0,-0.00216743,-0.00913521,0.00146026,99.4661,99.6061,99.5068,0.121221,nan,0.266552,0.266562,0.266819,0.266503,0.266372,0.266562,0.266372,0.266819,0.266503,1,0,0.00169146,0,-0.00102779,-0.000957155,-5.52891e-05,0.00405082,0.00293823,0.000241337,0.000170138,-1.69071e-06,0.00996492,0.00935358,0.00333539,-0.0763494,0.0235737,10.3035,10.3038,0,0.332575
0.78,hover,-0.0031463,0.00463746,-0.00104449,-0.00141238,0,0,-0.00218967,-0.0088653,0.00186556,99.4652,99.6052,99.508,0.125918,nan,0.266328,0.266907,0.265745,0.266692,0.266011,0.266907,0.266011,0.265745,0.266692,1,0,0.00119604,0,0.00127632,9.71302e-05,0.000810746,0.0031347,0.00423898,0.000181614,0.000271525,-1.1284e-06,0.000995079,0.00148613,0.00267722,-0.0549031,0.0272261,10.2105,10.2107,0,0.367102
0.79,hover,-0.0031687,0.00472469,-0.00101088,-0.00141112,0,0,-0.00227882,-0.00855493,0.00146194,99.4644,99.6044,99.4996,0.117887,nan,0.266112,0.267247,0.264915,0.267229,0.265101,0.267247,0.265101,0.264915,0.267229,1,0,0.00154408,0,0.0005445,0.000318376,0.00196039,0.00303423,0.00424404,0.000182742,0.000286494,-1.10394e-06,0.0012621,0.00739411,0.0112361,-0.0465761,-0.0832485,10.2772,10.2777,0,0.372808
0.8,hover,-0.00319192,0.00480859,-0.00101319,-0.00128399,0,0,-0.00236445,-0.00821026,0.000333863,99.4636,99.6036,99.5008,0.122276,nan,0.265906,0.266053,0.265768,0.265964,0.26588,0.266053,0.26588,0.265768,0.265964,1,0,0.00119604,0,0.000531325,4.25298e-05,0.000162101,0.00304909,0.00384759,0.000190443,0.00027064,-1.17083e-06,0.00652911,-0.00265263,-0.00199471,0.0143328,-0.0557072,10.298,10.2982,0,0.370872
0.81,hover,-0.00321591,0.00488888,-0.00117958,-0.00125457,0,0,-0.00242384,-0.0078379,0.00160453,99.4629,99.6029,99.4864,0.105829,nan,0.265708,0.26677,0.264627,0.26631,0.265164,0.26677,0.265164,0.264627,0.26631,1,0,0.00154408,0,0.00264512,0.000146004,0.00144504,0.00354709,0.0037789,0.00023048,0.000276767,-1.30147e-06,0.00580989,0.0103873,0.0123899,0.0321201,-0.0226795,10.2333,10.2334,0,0.370987
0.82,hover,-0.00323983,0.0049654,-0.00151356,-0.00113672,0,0,-0.00232855,-0.00746381,0.00102681,99.4622,99.6022,99.4874,0.109723,nan,0.265518,0.26575,0.265684,0.265108,0.265568,0.26575,0.265568,0.265684,0.265108,1,0,0.00195312,0,0.00139357,-0.0014381,-0.000172911,0.00453153,0.00341944,0.000303424,0.000262766,-1.60752e-06,-0.00580683,0.00646271,-0.00688179,0.009523,-0.00266102,10.1643,10.1643,0,0.363538
0.83,hover,-0.00326247,0.00503803,-0.00128403,-0.000864331,0,0,-0.00218226,-0.00704819,0.00080649,99.4615,99.6015,99.4768,0.0984763,nan,0.265336,0.265595,0.265138,0.265341,0.265308,0.265595,0.265308,0.265138,0.265341,1,0,0.000976562,0,0.00112588,-0.000158145,0.000215345,0.00386449,0.00261003,0.00026538,0.000216002,-1.77038e-06,0.00853535,0.0115811,-0.00421496,0.0600647,0.0615403,10.1578,10.1582,0,0.356837
0.84,hover,-0.00328355,0.00510675,-0.000906247,-0.00105709,0,0,-0.00196736,-0.00670041,0.00056087,99.4609,99.6009,99.4778,0.102032,nan,0.265162,0.264126,0.26596,0.2645,0.266096,0.264126,0.266096,0.26596,0.2645,1,0,0.000976562,0,-0.00063294,0.000968156,-0.00150769,0.00272608,0.00317551,0.000188286,0.000264189,-1.53304e-06,0.00508017,0.0030999,-0.00495202,0.0352496,0.0383597,10.1753,10.1754,0,0.378652
0.85,hover,-0.00330209,0.00517251,-0.00111954,-0.0010274,0,0,-0.00174824,-0.00649058,0.000993615,99.4603,99.6003,99.4877,0.117008,nan,0.264995,0.264556,0.26536,0.264993,0.265104,0.264556,0.265104,0.26536,0.264993,1,0,0.00138107,0,-0.00183564,0.00034385,-0.000402323,0.00336913,0.00310439,0.000242406,0.000261002,-1.74315e-06,0.00725962,0.0150599,0.00267722,0.0177284,0.0651249,10.1457,10.1459,0,0.376752
0.86,hover,-0.00331927,0.00523694,-0.00141939,-0.00121513,0,0,-0.00168332,-0.00639023,0.00141056,99.4597,99.5997,99.4889,0.120433,nan,0.264835,0.264733,0.264459,0.265232,0.264946,0.264733,0.264946,0.264459,0.265232,1,0,0.00154408,0,-3.24217e-05,0.00186778,0.000246524,0.00425876,0.00364709,0.000304343,0.000304616,-2.04142e-06,0.000690796,0.00142826,0.00158279,0.0518948,0.0611553,10.1038,10.1041,0,0.385567
0.87,hover,-0.0033359,0.00530058,-0.00121359,-0.00121145,0,0,-0.00162458,-0.00635392,0.00105725,99.4591,99.5991,99.5335,0.179181,nan,0.264681,0.264089,0.265441,0.264061,0.265163,0.264089,0.265163,0.265441,0.264061,1,0,0.00154408,0,-0.000664223,-0.000580101,-0.00107839,0.00365542,0.00364126,0.000267871,0.000314209,-1.78776e-06,0.0100237,0.00493148,-0.00745771,-0.0408855,0.0772928,10.0926,10.093,0,0.392602
0.88,hover,-0.00335184,0.00536407,-0.000992348,-0.0012138,0,0,-0.00157657,-0.00635848,0.00134668,99.4586,99.5986,99.5353,0.182331,nan,0.264534,0.26507,0.263979,0.264621,0.264495,0.26507,0.264495,0.263979,0.264621,1,0,0.00119604,0,0.00256101,0.000126202,0.00053524,0.00299619,0.00363773,0.000231728,0.000316445,-1.67268e-06,0.0129994,-0.00213684,0.00419711,-0.0855403,-0.146311,10.0788,10.0802,0,0.400552
0.89,hover,-0.00336768,0.00542779,-0.000998711,-0.00152548,0,0,-0.00157054,-0.00640339,0.00135597,99.4582,99.5982,99.5233,0.167819,nan,0.264393,0.263706,0.264975,0.263321,0.265597,0.263706,0.265597,0.264975,0.263321,1,0,0.00154408,0,0.00267107,0.000449875,-0.00155799,0.00299686,0.00456042,0.000236538,0.000386139,-1.57366e-06,0.000720391,-0.010305,-0.00161286,-0.0192926,-0.115243,10.2038,10.2044,0,0.421047
0.9,hover,-0.00338316,0.00549258,-0.00118066,-0.00122507,0,0,-0.00150961,-0.00659394,0.00153102,99.4577,99.5977,99.525,0.170652,nan,0.264257,0.264762,0.263391,0.265306,0.263596,0.264762,0.263596,0.263391,0.265306,1,0,0.00154408,0,-0.000900948,0.00142026,0.00135379,0.00353615,0.00368221,0.000283137,0.000328667,-1.83305e-06,-0.00359437,0.00498157,0.0127391,-0.00303976,-0.00152153,10.1114,10.1114,0,0.40523
0.91,hover,-0.00339859,0.00555977,-0.00102189,-0.00132506,0,0,-0.00156444,-0.00687381,0.001202,99.4573,99.5973,99.5689,0.226567,nan,0.264127,0.263846,0.264364,0.26378,0.264545,0.263846,0.264545,0.264364,0.26378,1,0,0.000976562,0,0.000655079,0.000218435,-0.000564009,0.00308144,0.00397179,0.000257454,0.000354436,-1.72834e-06,0.0107736,-0.00189488,-0.00526497,0.00498278,0.0332913,10.0637,10.0638,0,0.41748
0.92,hover,-0.00341459,0.00562988,-0.000830414,-0.00124904,0,0,-0.00163431,-0.00717062,0.00179821,99.4569,99.5969,99.5712,0.229128,nan,0.264003,0.264748,0.263355,0.26464,0.263293,0.264748,0.263293,0.263355,0.26464,1,0,0.000690534,0,0.000121438,-0.000320421,0.00120402,0.00249273,0.00375174,0.000224196,0.000346298,-1.72278e-06,0.00121556,0.00343411,-0.00159063,0.120399,-0.0937206,9.99751,9.99867,0,0.421172
0.93,hover,-0.00343162,0.00570261,-0.000900255,-0.00129289,0,0,-0.00174926,-0.00739942,0.00218406,99.4565,99.5965,99.5527,0.205726,nan,0.263884,0.263617,0.264123,0.263722,0.264096,0.263617,0.264096,0.264123,0.263722,1,0,0.000690534,0,-0.000349924,0.000146844,-0.000386357,0.00269831,0.00387501,0.000246734,0.000361114,-1.70991e-06,-0.00138358,-0.00209142,0.00408731,0.104501,0.00882878,10.1129,10.1134,0,0.426403
0.94,hover,-0.00344941,0.00577754,-0.000737183,-0.00151567,0,0,-0.00175237,-0.0076119,0.00182177,99.4561,99.5961,99.5548,0.208372,nan,0.263769,0.265564,0.262298,0.264895,0.262342,0.265564,0.262342,0.262298,0.264895,1,0,0.00154408,0,0.00189075,-0.00118262,0.00255736,0.00222176,0.00456596,0.000214303,0.000415832,-1.41259e-06,0.00702135,0.0130416,0.000425367,0.0879113,0.0300323,10.101,10.1014,0,0.445977
0.95,hover,-0.00346663,0.00585448,-0.000796639,-0.00133444,0,0,-0.00167998,-0.00778765,0.000657204,99.4558,99.5958,99.5486,0.200212,nan,0.26366,0.264114,0.263447,0.263317,0.263782,0.264114,0.263782,0.263447,0.263317,1,0,0.00138107,0,0.00300307,-0.000873822,8.84104e-05,0.00239566,0.00401902,0.000232369,0.000387093,-1.48736e-06,0.00407033,0.0108585,0.00613712,0.0592016,0.0506164,10.0915,10.0918,0,0.439534
0.96,hover,-0.00348324,0.00593286,-0.000657325,-0.00112137,0,0,-0.00163394,-0.00789344,0.00148153,99.4555,99.5955,99.5506,0.202431,nan,0.263554,0.263803,0.263495,0.263714,0.263227,0.263803,0.263227,0.263495,0.263714,1,0,0.000690534,0,-0.000473497,-0.000675028,0.000349113,0.00196679,0.00337295,0.000208453,0.000351269,-1.52107e-06,-0.00325435,0.00625019,-0.00292976,-0.00407775,0.0150843,9.96813,9.96814,0,0.43553
0.97,hover,-0.00349926,0.00601203,-0.000945528,-0.00112697,0,0,-0.00155546,-0.00796107,0.00138948,99.4552,99.5952,99.5857,0.245512,nan,0.263454,0.264145,0.262814,0.264183,0.262692,0.264145,0.262692,0.262814,0.264183,1,0,0.000690534,0,-0.000424908,-0.00015765,0.0012405,0.00283105,0.00338164,0.00027764,0.000357477,-1.74182e-06,-0.0034111,0.000852182,-4.26427e-05,-0.0615068,-0.0405731,9.91762,9.9179,0,0.434576
0.98,hover,-0.00351477,0.00609204,-0.00103539,-0.00128562,0,0,-0.00152335,-0.00804325,0.00226774,99.4549,99.5949,99.5881,0.247663,nan,0.263357,0.262154,0.264853,0.262306,0.264133,0.262154,0.264133,0.264853,0.262306,1,0,0.00182698,0,-0.0023125,-0.00107589,-0.00198928,0.00312045,0.00384722,0.00030521,0.000398989,-1.77165e-06,0.00981052,-0.00603212,-0.00374042,-0.0881186,-0.0825812,10.0553,10.056,0,0.446118
0.99,hover,-0.00353022,0.00617247,-0.00113751,-0.00133697,0,0,-0.00152484,-0.00803328,0.00320542,99.4547,99.5947,99.595,0.255122,nan,0.263264,0.262602,0.263672,0.263126,0.263676,0.262602,0.263676,0.263672,0.263126,1,0,0.00154408,0,-0.00137879,0.00100102,-0.000711723,0.00342616,0.00401951,0.000333323,0.000418424,-1.85191e-06,0.00941508,0.00615137,-0.00225766,0.0484167,-0.124533,10.0539,10.0548,0,0.451765
1,hover,-0.00354569,0.00625256,-0.00153067,-0.00122572,0,0,-0.00152313,-0.00799278,0.00273821,99.4545,99.5945,99.5976,0.2572,nan,0.263175,0.263629,0.262791,0.263346,0.262953,0.263629,0.262953,0.262791,0.263346,1,0,0.00195312,0,0.00117993,-0.000228501,0.000540848,0.00460947,0.00368305,0.000422558,0.000402618,-2.23408e-06,0.0120584,0.00433082,0.000944216,0.0253715,-0.0603344,10.1226,10.1228,0,0.443996
1.01,hover,-0.00356095,0.00633211,-0.00133761,-0.00128232,0,0,-0.0014882,-0.00792494,0.00300483,99.4542,99.5942,99.5389,0.184645,nan,0.26309,0.263486,0.262508,0.263479,0.262905,0.263486,0.262905,0.262508,0.263479,1,0,0.00119604,0,0.00106882,0.000740449,0.000682405,0.00401742,0.00384277,0.000392084,0.000421547,-2.00371e-06,0.00344627,-0.00236722,-0.0013616,0.03296,-0.113629,9.90997,9.91068,0,0.454714
1.02,hover,-0.00357573,0.00641084,-0.000978698,-0.00124086,0,0,-0.00142881,-0.0078332,0.00313314,99.454,99.594,99.5408,0.18649,nan,0.263008,0.26278,0.263335,0.26251,0.263425,0.26278,0.263425,0.263335,0.26251,1,0,0.00138107,0,0.000956068,-0.000338623,-0.000646332,0.00294195,0.00372171,0.000323533,0.000419606,-1.89969e-06,0.00422762,-0.00015529,-0.0042654,0.132677,-0.135158,9.97444,9.97624,0,0.463154
1.03,hover,-0.00359001,0.00648879,-0.00095508,-0.00112324,0,0,-0.0013846,-0.00780198,0.00220231,99.4539,99.5939,99.5453,0.191505,nan,0.26293,0.263691,0.262428,0.263174,0.262443,0.263691,0.262443,0.262428,0.263174,1,0,0.000690534,0,0.0014119,-0.000950182,0.000876363,0.00286126,0.0033769,0.000325562,0.000401435,-1.99564e-06,-0.00232401,0.00519517,0.00111536,0.173582,0.0506806,10.0116,10.0133,0,0.461701
1.04,hover,-0.00360403,0.00656661,-0.000648747,-0.00147013,0,0,-0.00139987,-0.00779795,0.00192496,99.4537,99.5937,99.5473,0.193128,nan,0.262855,0.263192,0.262754,0.263024,0.262464,0.263192,0.262464,0.262754,0.263024,1,0,0.00154408,0,-0.000325305,-0.000869149,0.000438814,0.00195706,0.00441688,0.000271223,0.000479753,-1.48511e-06,0.00749058,0.00481252,0.00227846,0.0891004,-0.00565639,9.98725,9.98765,0,0.490767
1.05,hover,-0.00361837,0.00664459,-0.000920345,-0.00101117,0,0,-0.00141966,-0.00781576,0.00181551,99.4535,99.5935,99.5352,0.177942,nan,0.262783,0.26358,0.26226,0.263245,0.262061,0.26358,0.262061,0.26226,0.263245,1,0,0.000690534,0,0.000357323,-0.00101267,0.00110044,0.00278366,0.00306887,0.000331125,0.000397149,-2.02154e-06,0.0154125,0.0239827,-0.00430794,0.0879686,0.116737,10.0353,10.0363,0,0.465251
1.06,hover,-0.00363258,0.00672297,-0.000826141,-0.00160001,0,0,-0.0013939,-0.00787537,0.00205484,99.4534,99.5934,99.5371,0.179512,nan,0.262714,0.262554,0.262799,0.262907,0.262609,0.262554,0.262609,0.262799,0.262907,1,0,0.00119604,0,-0.00144027,0.000310133,2.34452e-05,0.00248813,0.0048255,0.000318652,0.000530441,-1.72339e-06,0.00679624,0.0175169,0.00115617,-0.0612624,0.126622,9.95853,9.95952,0,0.503431
1.07,hover,-0.00364657,0.00680157,-0.00111783,-0.0017613,0,0,-0.00135584,-0.00787549,0.00250332,99.4533,99.5933,99.5473,0.190954,nan,0.262647,0.263523,0.261912,0.264109,0.261059,0.263523,0.261059,0.261912,0.264109,1,0,0.00195312,0,-0.00381729,-0.00050345,0.00204848,0.00336747,0.00530768,0.000389102,0.000575517,-2.16039e-06,0.00970775,0.0164452,-0.0060841,0.0348342,0.070127,9.9758,9.97611,0,0.511785
1.08,hover,-0.00366062,0.00688047,-0.000947806,-0.00182146,0,0,-0.00144322,-0.00793917,0.0012856,99.4532,99.5932,99.5493,0.192558,nan,0.262584,0.262374,0.262711,0.262468,0.262795,0.262374,0.262795,0.262711,0.262468,1,0,0.00154408,0,-2.51039e-05,0.000335803,-0.000292252,0.00283962,0.00545768,0.000360852,0.000597073,-1.74395e-06,-0.00214942,-0.00387231,0.0104152,-0.02261,0.0197591,9.90548,9.90553,0,0.522452
1.09,hover,-0.00367555,0.00696071,-0.000812019,-0.0020916,0,0,-0.00152436,-0.00813366,0.000678792,99.4531,99.5931,99.5087,0.144126,nan,0.262523,0.262383,0.26267,0.261919,0.263132,0.262383,0.263132,0.26267,0.261919,1,0,0.0020716,0,0.00245757,-4.01536e-06,-0.000659038,0.00244342,0.00627549,0.000337892,0.000659655,-1.40635e-06,0.00525689,0.00110792,0.0044238,-0.0214931,-0.159036,9.93242,9.93372,0,0.544186
1.1,hover,-0.00369079,0.00704285,-0.000360828,-0.00190891,0,0,-0.00148439,-0.0082809,-1.03383e-05,99.453,99.593,99.5101,0.145445,nan,0.262465,0.261811,0.263319,0.262071,0.262669,0.261811,0.262669,0.263319,0.262071,1,0,0.00169146,0,-0.00241496,-0.000740409,-0.000925707,0.00109981,0.00574027,0.000254907,0.000634574,-8.28186e-07,0.0118024,0.00965876,-0.000139383,0.027397,-0.00597728,9.91584,9.91588,0,0.547372
1.11,hover,-0.00370554,0.00712601,-0.000172529,-0.00195169,0,0,-0.00150894,-0.00835668,0.000960079,99.4529,99.5929,99.5078,0.142549,nan,0.262409,0.261084,0.263823,0.260752,0.263987,0.261084,0.263987,0.263823,0.260752,1,0,0.00195312,0,0.00131376,-0.000319251,-0.00262611,0.000519737,0.0058672,0.000223091,0.000652906,-6.07944e-07,0.00166151,0.00875001,0.00267567,0.136613,-0.0176096,9.98071,9.98166,0,0.558236
1.12,hover,-0.00372146,0.00720997,-0.000434089,-0.00163386,0,0,-0.00167651,-0.00844094,0.00146321,99.4528,99.5928,99.5092,0.143855,nan,0.262355,0.261923,0.262338,0.262475,0.262693,0.261923,0.262693,0.262338,0.262475,1,0,0.00154408,0,-0.000522709,0.00172009,-0.000278318,0.00128816,0.00491646,0.000282797,0.000596609,-1.04886e-06,-0.0091325,0.0105248,-0.00603632,0.0442717,-0.00127809,9.93092,9.93102,0,0.540725
1.13,hover,-0.00373967,0.00729489,-0.000389612,-0.00133833,0,0,-0.00196486,-0.00857453,0.00179579,99.4528,99.5928,99.503,0.136241,nan,0.262303,0.262893,0.261951,0.262823,0.261556,0.262893,0.261556,0.261951,0.262823,1,0,0.000690534,0,-0.000861229,-0.000878374,0.000971053,0.00117363,0.00399588,0.000279056,0.000543319,-1.17956e-06,0.00347105,-0.0121908,-0.00436166,0.0713087,0.0211496,9.94116,9.94144,0,0.530703
1.14,hover,-0.00376123,0.00738085,-0.00053969,-0.00133397,0,0,-0.0023716,-0.00863268,0.00236137,99.4527,99.5927,99.5044,0.137438,nan,0.262254,0.263593,0.261371,0.263143,0.260918,0.263593,0.260918,0.261371,0.263143,1,0,0.00138107,0,-9.41151e-06,-0.00171094,0.00195484,0.00162874,0.00402208,0.00031484,0.000551554,-1.30915e-06,0.00677086,0.0139977,0.00717299,0.133891,-0.0348663,9.89287,9.89384,0,0.532487
1.15,hover,-0.00378706,0.0074668,-0.000772517,-0.00110807,0,0,-0.00275253,-0.00855908,0.00230133,99.4527,99.5927,99.54,0.177775,nan,0.262207,0.262684,0.261591,0.262853,0.261708,0.262684,0.261708,0.261591,0.262853,1,0,0.00119604,0,-0.000137568,0.000543007,0.000983678,0.00231896,0.00333484,0.000362206,0.000514836,-1.64458e-06,0.00129917,0.00759393,-0.000408702,0.0687898,0.0474003,9.86473,9.86508,0,0.520943
1.16,hover,-0.00381606,0.00755196,-0.000733543,-0.00117817,0,0,-0.00301774,-0.00847802,0.00165481,99.4527,99.5927,99.5418,0.178953,nan,0.262161,0.261024,0.263351,0.261438,0.26284,0.261024,0.26284,0.263351,0.261438,1,0,0.000976562,0,-0.00245673,-0.000184411,-0.00163901,0.00220035,0.00353368,0.000362401,0.000535977,-1.59024e-06,0.000170075,-1.48488e-05,-0.00377166,0.00427353,0.0898038,9.93196,9.93237,0,0.530627
1.17,hover,-0.00384796,0.00763606,-0.000629781,-0.000946388,0,0,-0.00335181,-0.00836259,0.00235597,99.4527,99.5927,99.549,0.186051,nan,0.262118,0.262993,0.261339,0.262996,0.26115,0.262993,0.26115,0.261339,0.262996,1,0,0.000690534,0,-0.000508291,-0.000352157,0.00153846,0.00188821,0.0028447,0.000347238,0.00049469,-1.72499e-06,-0.00040768,0.00418598,-0.000975234,0.0368658,0.110325,9.92382,9.9245,0,0.525311
1.18,hover,-0.00388309,0.00771911,-0.00049773,-0.000901659,0,0,-0.00364127,-0.0082303,0.00191993,99.4527,99.5927,99.5508,0.187002,nan,0.262076,0.261714,0.262464,0.261756,0.262377,0.261714,0.262377,0.262464,0.261756,1,0,0.000976562,0,-0.000343479,-8.41784e-05,-0.00060313,0.00149446,0.00272069,0.000322659,0.000498325,-1.59661e-06,0.00116509,0.0109759,-0.00276616,-0.0243632,-0.0278616,9.85839,9.85846,0,0.530775
1.19,hover,-0.00392061,0.00780035,-0.000642425,-0.000926426,0,0,-0.0037927,-0.00799646,0.00223002,99.4527,99.5927,99.5659,0.202886,nan,0.262036,0.262735,0.261724,0.261779,0.261914,0.262735,0.261914,0.261724,0.261779,1,0,0.00119604,0,0.00303911,-0.00145112,0.000385172,0.00193003,0.00278176,0.000350486,0.000514455,-1.63937e-06,0.00218031,0.00217144,-0.00474593,-0.0526053,-0.0850788,9.87314,9.87364,0,0.534265
1.2,hover,-0.00395879,0.00787883,-0.000641358,-0.000845924,0,0,-0.00379376,-0.00767595,0.0023224,99.4527,99.5927,99.5679,0.203865,nan,0.261998,0.262001,0.262041,0.262072,0.261883,0.262001,0.261883,0.262041,0.262072,1,0,0,0,-0.00060873,-0.000164204,6.55368e-05,0.00191581,0.00254513,0.000347071,0.000505959,-1.6452e-06,-0.00515881,0.00540728,0.00516706,-0.0287482,-0.0868552,9.91357,9.914,0,0.534948
1.21,hover,-0.00399665,0.00795365,-0.000936497,-0.00119581,0,0,-0.00373623,-0.00727771,0.0016949,99.4527,99.5927,99.5463,0.178372,nan,0.261961,0.262488,0.261413,0.262784,0.261167,0.262488,0.261167,0.261413,0.262784,1,0,0.00138107,0,-0.00143885,9.31936e-05,0.0011832,0.00280289,0.00360696,0.000407914,0.000588184,-1.63641e-06,-0.00398527,0.0136011,0.00429326,0.0209579,-0.049556,9.96114,9.96129,0,0.552968
1.22,hover,-0.00403406,0.00802445,-0.00104169,-0.0012467,0,0,-0.00374102,-0.0068796,0.00212222,99.4527,99.5927,99.5482,0.179205,nan,0.261926,0.262183,0.261675,0.261743,0.26211,0.262183,0.26211,0.261675,0.261743,1,0,0.00119604,0,0.00231944,-7.10811e-06,6.19967e-05,0.0031364,0.00373914,0.000428083,0.000607564,-1.51137e-06,0.00798435,-3.04654e-05,-0.000337697,-0.0796622,-0.0121847,9.93804,9.93836,0,0.558399
1.23,hover,-0.00407136,0.00809137,-0.00092902,-0.0013814,0,0,-0.0036712,-0.00652018,0.00245357,99.4527,99.5927,99.5262,0.153736,nan,0.261893,0.261852,0.26191,0.261847,0.261967,0.261852,0.261967,0.26191,0.261847,1,0,0.00169146,0,0.000164211,9.94823e-05,-7.83301e-05,0.00278108,0.00415524,0.000409303,0.000639641,-1.17576e-06,-0.00357556,0.00800971,-0.000921345,0.104699,0.000769004,9.79232,9.79288,0,0.572041
1.24,hover,-0.00410757,0.00815499,-0.000927013,-0.00164145,0,0,-0.00353219,-0.0061996,0.00261965,99.4528,99.5928,99.5277,0.154666,nan,0.261861,0.261817,0.261899,0.261911,0.261822,0.261817,0.261822,0.261899,0.261911,1,0,0.00154408,0,-0.000454282,3.12963e-05,2.83498e-06,0.00279489,0.0049542,0.000413895,0.000702451,-8.44603e-07,0.00966177,0.0206035,0.00794603,0.0550297,-0.0136071,9.84347,9.84363,0,0.590355
1.25,hover,-0.00414238,0.0082157,-0.00101126,-0.001626,0,0,-0.00336752,-0.00597237,0.00277583,99.4528,99.5928,99.5265,0.152557,nan,0.26183,0.262114,0.261326,0.262397,0.261488,0.262114,0.261488,0.261326,0.262397,1,0,0.00154408,0,-0.000322642,0.000844717,0.000745552,0.00303089,0.00488881,0.000433387,0.000704853,-9.92091e-07,-0.00149732,0.00790431,-0.00197818,0.0692729,0.0470314,9.82278,9.82314,0,0.591971
1.26,hover,-0.00417537,0.0082748,-0.000627417,-0.00151022,0,0,-0.00314126,-0.00588918,0.00313202,99.4528,99.5928,99.5281,0.153224,nan,0.261801,0.262601,0.260994,0.262044,0.261569,0.262601,0.261569,0.260994,0.262044,1,0,0.00138107,0,0.00300518,3.37117e-05,0.000914898,0.00188166,0.00451539,0.000353391,0.000676638,-4.35643e-07,-4.51333e-05,-0.00950811,-0.00191218,0.0307436,0.0528304,9.97072,9.97091,0,0.596532
1.27,hover,-0.00420535,0.00833347,-0.00064823,-0.00163982,0,0,-0.00280963,-0.00586424,0.00257914,99.4529,99.5929,99.5095,0.132232,nan,0.261772,0.261594,0.262188,0.261089,0.262226,0.261594,0.262226,0.262188,0.261089,1,0,0.00154408,0,0.00144037,-0.000884357,-0.000760769,0.00194104,0.0049259,0.000360106,0.000708651,-3.86922e-07,-0.00207274,0.00500645,0.000515414,-0.0372501,0.0375561,9.89949,9.89963,0,0.606871
1.28,hover,-0.00423254,0.00839173,-0.000462,-0.00154026,0,0,-0.00260042,-0.00580275,0.00196291,99.453,99.593,99.5109,0.133028,nan,0.261746,0.261582,0.261527,0.262263,0.261615,0.261582,0.261615,0.261527,0.262263,1,0,0.00119604,0,-0.00157475,0.00145585,0.000309195,0.00139094,0.00463432,0.00032825,0.000692599,-5.49693e-08,0.00363624,0.00971167,0.00967806,0.0861919,0.0693314,9.87607,9.87669,0,0.608845
1.29,hover,-0.00425853,0.00844982,-0.000652281,-0.00183112,0,0,-0.00255844,-0.00584928,0.00211253,99.453,99.593,99.5067,0.127874,nan,0.26172,0.261114,0.262249,0.261406,0.262117,0.261114,0.262117,0.262249,0.261406,1,0,0.0020716,0,-0.00112403,0.000303242,-0.000811506,0.00196594,0.00550829,0.000370043,0.000755716,-3.37384e-07,0.00646475,0.0107089,0.0139539,0.0121385,-0.0423839,9.90383,9.90393,0,0.62444
1.3,hover,-0.00428411,0.00850875,-0.000423986,-0.00215183,0,0,-0.00252695,-0.00598385,0.00165187,99.4531,99.5931,99.5079,0.128677,nan,0.261695,0.261706,0.261636,0.261674,0.26177,0.261706,0.26177,0.261636,0.261674,1,0,0.00182698,0,0.000440855,0.000193874,-1.15352e-05,0.00127604,0.00643179,0.000326685,0.000821132,1.77432e-07,0.00305945,-0.0149797,0.00567762,0.0658421,-0.00739765,9.94962,9.94984,0,0.649799
1.31,hover,-0.00430942,0.00856947,-0.000366547,-0.00253575,0,0,-0.00250763,-0.00618228,0.00185023,99.4532,99.5932,99.5212,0.141985,nan,0.261672,0.261476,0.26162,0.261831,0.261764,0.261476,0.261764,0.26162,0.261831,1,0,0.00229024,0,-0.000559158,0.000946378,-3.40221e-05,0.00110746,0.00760249,0.000316902,0.000901422,1.67309e-07,0.00552282,-0.00228134,-0.00447492,-0.0576872,-0.0762487,9.81154,9.812,0,0.675392
1.32,hover,-0.00433469,0.00863232,-0.00038855,-0.0026805,0,0,-0.00252605,-0.00643076,0.00207687,99.4532,99.5932,99.5225,0.142638,nan,0.261649,0.26049,0.262711,0.261074,0.262326,0.26049,0.262326,0.262711,0.261074,1,0,0.00239208,0,-0.00257109,0.000377645,-0.00152584,0.00117331,0.00803162,0.000330739,0.000935171,-8.7669e-08,0.00540844,-0.00564681,-0.0121915,0.00866033,-0.132267,9.82352,9.82442,0,0.686687
1.33,hover,-0.00436093,0.00869774,-0.000378735,-0.00270087,0,0,-0.0026886,-0.00668267,0.00195655,99.4533,99.5933,99.5236,0.142769,nan,0.261628,0.260742,0.262529,0.260798,0.262445,0.260742,0.262445,0.262529,0.260798,1,0,0.00258374,0,-0.000368386,-5.21135e-05,-0.00150915,0.0011338,0.00810137,0.000331989,0.00094754,-9.95029e-08,-0.00127698,0.000122664,-0.00169637,0.00542721,-0.0908511,9.88269,9.88311,0,0.692009
1.34,hover,-0.00438907,0.00876566,-0.000712134,-0.00255224,0,0,-0.0029224,-0.00693444,0.00273167,99.4534,99.5934,99.5249,0.143311,nan,0.261607,0.262737,0.260201,0.262461,0.261033,0.262737,0.261033,0.260201,0.262461,1,0,0.00248976,0,0.00293996,0.00105212,0.00174244,0.00214054,0.00765814,0.00040498,0.000920495,-1.3279e-06,0.00319088,0.00186486,0.0102705,0.0328419,0.0325622,9.77519,9.7753,0,0.682086
1.35,hover,-0.00441941,0.0088364,-0.000368396,-0.00243387,0,0,-0.00310253,-0.00726443,0.00261222,99.4535,99.5935,99.5236,0.141162,nan,0.261587,0.26173,0.261546,0.26169,0.261386,0.26173,0.261386,0.261546,0.26169,1,0,0.00229024,0,-0.000319685,-0.000379769,0.000214585,0.00111902,0.00731225,0.000336461,0.000901717,-5.25531e-07,0.00956629,0.00799195,0.00142744,-0.00988292,-0.00482345,9.76097,9.76098,0,0.686389
1.36,hover,-0.00445137,0.00891065,-5.94122e-05,-0.0025333,0,0,-0.00324576,-0.00764969,0.00288685,99.4536,99.5936,99.525,0.141885,nan,0.261568,0.261273,0.261751,0.261266,0.261986,0.261273,0.261986,0.261751,0.261266,1,0,0.00248976,0,0.000642223,0.000431176,-0.000526797,0.000183593,0.00760711,0.000282735,0.000926227,1.47591e-07,0.00383154,0.00573358,-0.00894818,0.00437851,-0.0123972,9.76338,9.76338,0,0.702484
1.37,hover,-0.00448499,0.00898906,-4.87094e-05,-0.0022736,0,0,-0.00341658,-0.00809899,0.00373148,99.4537,99.5937,99.5441,0.160633,nan,0.26155,0.26153,0.261415,0.26179,0.261468,0.26153,0.261468,0.261415,0.26179,1,0,0.0020716,0,-0.000548432,0.000592471,0.000192312,0.000153038,0.00683842,0.000281778,0.000880262,1.8417e-07,0.00490147,0.0126278,0.00582454,0.121791,0.0288369,9.90461,9.9054,0,0.693711
1.38,hover,-0.00452006,0.00907215,-0.000594161,-0.00206274,0,0,-0.00354006,-0.00853966,0.0027709,99.4538,99.5938,99.5457,0.161202,nan,0.261532,0.260913,0.261828,0.261363,0.262029,0.260913,0.262029,0.261828,0.261363,1,0,0.00154408,0,-0.000659432,0.00123549,-0.000694968,0.00179773,0.00620417,0.00039061,0.000845,-1.14101e-06,0.0105661,0.0114799,0.00452298,0.0695603,-0.039585,9.91912,9.91945,0,0.6767
1.39,hover,-0.00455601,0.00915928,-0.00109534,-0.00207301,0,0,-0.00357061,-0.00893585,0.00292896,99.4539,99.5939,99.5726,0.187522,nan,0.261516,0.261757,0.261167,0.26188,0.261263,0.261757,0.261263,0.261167,0.26188,1,0,0.00229024,0,-7.26878e-05,0.000415292,0.000530966,0.00329286,0.00622524,0.000493007,0.000854339,-1.99289e-06,0.00504909,0.00500229,-0.00637517,-0.0504239,0.0931795,9.85944,9.86001,0,0.673724
1.4,hover,-0.00459143,0.0092504,-0.000983521,-0.00223531,0,0,-0.0034384,-0.00932639,0.0016401,99.454,99.594,99.5744,0.187971,nan,0.2615,0.262079,0.261101,0.261708,0.261115,0.262079,0.261115,0.261101,0.261708,1,0,0.00239208,0,0.00102065,-0.000676359,0.000689972,0.0029547,0.00672045,0.000467668,0.000897508,-1.40306e-06,0.00323822,0.0105739,0.00465883,0.00982797,0.0503221,9.86674,9.86687,0,0.690082
1.41,hover,-0.00462498,0.00934511,-0.00109434,-0.00227064,0,0,-0.00323983,-0.00962999,0.00190059,99.4541,99.5941,99.6169,0.2296,nan,0.261485,0.261305,0.2616,0.261241,0.261795,0.261305,0.261795,0.2616,0.261241,1,0,0.00248976,0,0.000689734,0.000249177,-0.000373011,0.00331167,0.00682858,0.000491821,0.000915964,-1.61163e-06,0.0196101,0.0120161,0.000589093,0.0109422,-0.0451724,9.78956,9.78967,0,0.695916
1.42,hover,-0.00465648,0.00944281,-0.00113488,-0.00262456,0,0,-0.00301155,-0.00995642,0.00176138,99.4542,99.5942,99.6192,0.230043,nan,0.26147,0.261033,0.262117,0.260221,0.262512,0.261033,0.262512,0.262117,0.260221,1,0,0.00248976,0,0.00319932,-0.000790201,-0.00148349,0.00341467,0.00788605,0.000502549,0.000998852,-1.73179e-06,0.00722165,0.0092247,0.0135032,-0.0130672,-0.115339,9.84358,9.84426,0,0.720594
1.43,hover,-0.00468548,0.0095439,-0.000998031,-0.00260448,0,0,-0.00274345,-0.0102964,0.00239156,99.4544,99.5944,99.6178,0.226763,nan,0.261456,0.261616,0.260946,0.262046,0.261219,0.261616,0.261219,0.260946,0.262046,1,0,0.00248976,0,-0.000416316,0.00133344,0.000657848,0.00299872,0.00780453,0.000478967,0.00100169,-1.35361e-06,0.00354448,-0.00492995,-0.00885414,-0.0777921,-0.0788685,9.79333,9.79396,0,0.727732
1.44,hover,-0.0047121,0.00964905,-0.00101981,-0.00264542,0,0,-0.0025474,-0.0107754,0.00210804,99.4545,99.5945,99.6201,0.227095,nan,0.261443,0.260629,0.261896,0.260908,0.26234,0.260629,0.26234,0.261896,0.260908,1,0,0.00276214,0,0.000437037,0.00137107,-0.0011865,0.00306966,0.00794255,0.000485602,0.00102353,-1.31356e-06,0.00731292,0.00522373,7.82474e-05,0.00373105,-0.0777114,9.88531,9.88562,0,0.735832
1.45,hover,-0.00473702,0.00975884,-0.000809962,-0.00272247,0,0,-0.00239976,-0.0112176,0.00251881,99.4546,99.5946,99.5977,0.202892,nan,0.26143,0.262442,0.260527,0.26212,0.260632,0.262442,0.260632,0.260527,0.26212,1,0,0.00276214,0,0.00113198,-0.000410544,0.00149566,0.00243152,0.00817075,0.000449691,0.0010512,-8.06895e-07,0.00157479,0.00327669,0.0105616,-0.0475247,-0.155693,9.87413,9.87547,0,0.74999
1.46,hover,-0.00476064,0.0098726,-0.000577366,-0.00259611,0,0,-0.00226661,-0.0115361,0.00269003,99.4547,99.5947,99.5997,0.203529,nan,0.261417,0.261875,0.261053,0.261745,0.261,0.261875,0.261,0.261053,0.261745,1,0,0.00229024,0,0.000205165,-0.000347335,0.000688755,0.00173946,0.0077867,0.000412494,0.00104224,-3.15356e-07,0.005316,-3.96354e-05,-0.00359661,0.0198273,0.0184137,9.8125,9.81254,0,0.753799
1.47,hover,-0.00478279,0.00998862,-0.000535022,-0.00232253,0,0,-0.00210848,-0.0116996,0.00270768,99.4549,99.5949,99.6131,0.215207,nan,0.261406,0.262034,0.260403,0.262247,0.260941,0.262034,0.260941,0.260403,0.262247,1,0,0.00218366,0,0.000860983,0.00142038,0.00129077,0.00159946,0.00697753,0.000407652,0.00100035,-3.55058e-07,-0.00331109,0.00763317,0.00813781,0.041131,0.023713,9.82894,9.82906,0,0.746423
1.48,hover,-0.00480349,0.0101064,-0.000357428,-0.00236157,0,0,-0.00197649,-0.0118741,0.00266672,99.455,99.595,99.6153,0.215743,nan,0.261394,0.260868,0.261923,0.261296,0.261493,0.260868,0.261493,0.261923,0.261296,1,0,0.00218366,0,-0.00227369,-4.41293e-06,-0.000550168,0.00107457,0.00709205,0.000378858,0.00102103,-7.77656e-08,0.00189992,0.00592294,-0.00313497,0.0906115,-0.0122964,9.91679,9.91721,0,0.758636
1.49,hover,-0.00482328,0.0102253,-0.000480546,-0.00207221,0,0,-0.00195199,-0.0119239,0.00311315,99.4551,99.5951,99.5823,0.181827,nan,0.261384,0.261579,0.261212,0.261618,0.261127,0.261579,0.261127,0.261212,0.261618,1,0,0.00182698,0,-0.00032592,-8.64102e-05,0.000377267,0.00146499,0.00624474,0.000408395,0.000980981,-5.35799e-07,0.015966,0.0197271,-0.00623879,0.139126,0.0271253,9.9904,9.9914,0,0.747462
1.5,hover,-0.00484362,0.0103442,-0.000580914,-0.00187919,0,0,-0.00207889,-0.0118767,0.00279074,99.4553,99.5953,99.5842,0.182086,nan,0.261373,0.261665,0.261202,0.261571,0.261056,0.261665,0.261056,0.261202,0.261571,1,0,0.00195312,0,-0.000139151,-0.000455384,0.000430102,0.00174629,0.00565732,0.00043307,0.000955691,-7.89869e-07,0.00280082,0.0141178,-0.00119427,0.0445887,0.018103,9.91294,9.91305,0,0.741942
1.51,hover,-0.00486536,0.0104623,-0.00088854,-0.00159306,0,0,-0.0021964,-0.0117444,0.00234859,99.4554,99.5954,99.573,0.169912,nan,0.261363,0.260469,0.262329,0.260561,0.262096,0.260469,0.262096,0.262329,0.260561,1,0,0.00169146,0,-0.000860662,-0.000267716,-0.00149216,0.00266101,0.00479069,0.000492318,0.00091518,-1.28988e-06,-0.00259865,0.00859831,-0.0102149,-0.0469369,-0.00159214,9.86512,9.86523,0,0.7276
1.52,hover,-0.00488792,0.0105789,-0.00070137,-0.00156305,0,0,-0.00228047,-0.0115425,0.00283602,99.4555,99.5955,99.5747,0.170206,nan,0.261354,0.262209,0.260426,0.262722,0.260061,0.262209,0.260061,0.260426,0.262722,1,0,0.00138107,0,-0.00233003,0.000281197,0.00195375,0.00210905,0.00470322,0.000463213,0.000926372,-1.0406e-06,0.00375502,0.0103002,-0.00276381,-0.0414463,0.0119345,9.7953,9.7954,0,0.736105
1.53,hover,-0.00491144,0.0106929,-0.0008062,-0.00173865,0,0,-0.00237014,-0.0112903,0.00195052,99.4557,99.5957,99.5079,0.104906,nan,0.261345,0.26186,0.260734,0.26168,0.261108,0.26186,0.261108,0.260734,0.26168,1,0,0.00182698,0,0.0014689,0.000368694,0.000746645,0.00242299,0.00521704,0.000485766,0.000975405,-1.03014e-06,0.00342129,0.00170799,0.00344626,-0.00418242,0.0362277,9.84812,9.84819,0,0.750368
1.54,hover,-0.00493553,0.0108046,-0.000890023,-0.00159886,0,0,-0.00242655,-0.0110366,0.00214727,99.4558,99.5958,99.5089,0.105204,nan,0.261336,0.261533,0.261138,0.261242,0.261434,0.261533,0.261434,0.261138,0.261242,1,0,0.00138107,0,0.0015567,8.14509e-06,8.94136e-05,0.00269429,0.00482023,0.000508371,0.000965437,-1.22734e-06,0.0166601,0.0167199,3.2173e-05,-0.114999,-0.0478774,9.80366,9.80445,0,0.747781
1.55,hover,-0.00496041,0.0109134,-0.000866159,-0.00142504,0,0,-0.00250833,-0.0107207,0.00247328,99.456,99.596,99.4939,0.090283,nan,0.261328,0.261479,0.260989,0.26093,0.261915,0.261479,0.261915,0.260989,0.26093,1,0,0.00169146,0,0.00391069,0.000715613,-0.000217796,0.00261739,0.00427689,0.000508453,0.000941392,-1.3184e-06,0.0131289,0.00211791,0.0063213,-0.102188,-0.0679245,9.84313,9.84389,0,0.745102
1.56,hover,-0.00498579,0.0110191,-0.00111671,-0.00146953,0,0,-0.00252178,-0.0104127,0.00237067,99.4561,99.5961,99.4948,0.0905487,nan,0.26132,0.259738,0.26283,0.259987,0.262727,0.259738,0.262727,0.26283,0.259987,1,0,0.00138107,0,-0.000931846,0.00027759,-0.00256352,0.00335357,0.00441805,0.000565301,0.000964952,-1.30719e-06,0.00284769,0.007277,-0.00879796,0.14308,-0.137499,9.96461,9.96659,0,0.749404
1.57,hover,-0.00501143,0.0111216,-0.000820552,-0.00166921,0,0,-0.00252568,-0.010119,0.00259363,99.4563,99.5963,99.4884,0.0838378,nan,0.261312,0.262475,0.260172,0.262516,0.260088,0.262475,0.260088,0.260172,0.262516,1,0,0.00169146,0,-0.000329905,-8.06982e-05,0.00207977,0.00244445,0.00503097,0.000511497,0.00101668,-5.72973e-07,-0.0109652,0.0165895,-0.00333459,0.0265307,-0.095968,9.79116,9.79167,0,0.771457
1.58,hover,-0.00503658,0.011221,-0.000840606,-0.00151215,0,0,-0.00246606,-0.00974255,0.00175032,99.4564,99.5964,99.4892,0.0839044,nan,0.261305,0.261657,0.261229,0.261401,0.260935,0.261657,0.260935,0.261229,0.261401,1,0,0.00169146,0,-0.000102509,-0.00104254,0.000393174,0.0025499,0.00454043,0.000521559,0.000996027,-7.62908e-07,0.0192523,0.00364102,0.00562621,0.0938111,-0.0984662,9.77478,9.77573,0,0.768406
1.59,hover,-0.00506144,0.0113162,-0.000720153,-0.00139378,0,0,-0.00244305,-0.00928551,0.00281728,99.4566,99.5966,99.4841,0.0787798,nan,0.261298,0.259943,0.262631,0.260352,0.262269,0.259943,0.262269,0.262631,0.260352,1,0,0.00119604,0,-0.00204654,8.91294e-05,-0.00202384,0.00217703,0.00418622,0.000503203,0.000986658,-7.00834e-07,0.0115344,0.00425504,-0.0102569,0.0724476,0.0534909,9.80036,9.80078,0,0.769768
1.6,hover,-0.005086,0.0114064,-0.000708302,-0.00136761,0,0,-0.00238128,-0.0087561,0.00337365,99.4567,99.5967,99.4848,0.0791022,nan,0.261292,0.26124,0.261267,0.26195,0.260711,0.26124,0.260711,0.261267,0.26195,1,0,0.00119604,0,-0.00335845,0.00029357,0.00053259,0.00212478,0.00412326,0.000507253,0.000987554,-7.52714e-07,0.000420321,0.0146025,-0.00215485,0.0977196,0.0868489,9.77958,9.78045,0,0.773911
1.61,hover,-0.00511022,0.0114913,-0.000767739,-0.00108714,0,0,-0.00242712,-0.00826698,0.00258533,99.4569,99.5969,99.482,0.0758803,nan,0.261285,0.261318,0.261663,0.261184,0.260977,0.261318,0.260977,0.261663,0.261184,1,0,0.000690534,0,-0.00146465,-0.00155462,-6.0219e-05,0.00230317,0.00326146,0.000526663,0.000940905,-1.10906e-06,0.00050145,0.000963108,0.00855424,0.148053,0.0530231,9.84158,9.84284,0,0.762659
1.62,hover,-0.00513553,0.0115716,-0.000699727,-0.00105715,0,0,-0.0025781,-0.0077799,0.00300795,99.457,99.597,99.4827,0.0760038,nan,0.261279,0.261492,0.261245,0.261336,0.261045,0.261492,0.261045,0.261245,0.261336,1,0,0.000690534,0,-0.000115748,-0.00067412,0.00023671,0.00210824,0.00317237,0.000520736,0.000944041,-1.06194e-06,0.00654537,0.00156864,-0.0123329,0.0912475,-0.0187086,9.82342,9.82386,0,0.767123
1.63,hover,-0.00516234,0.0116468,-0.000972115,-0.000928049,0,0,-0.00269806,-0.00725867,0.00232623,99.4572,99.5972,99.5007,0.0922641,nan,0.261273,0.261149,0.261058,0.261656,0.261232,0.261149,0.261232,0.261058,0.261656,1,0,0.000690534,0,-0.000883436,0.00129176,0.000226366,0.00291538,0.00279663,0.000573153,0.000925526,-1.41341e-06,-6.70306e-05,0.00924504,0.00334295,-0.0122775,-0.0459328,9.80352,9.80364,0,0.75969
1.64,hover,-0.00518974,0.011717,-0.00129567,-0.00121524,0,0,-0.0027119,-0.00678162,0.00155642,99.4573,99.5973,99.5016,0.0924742,nan,0.261268,0.261346,0.261114,0.261131,0.261481,0.261346,0.261481,0.261114,0.261131,1,0,0.00119604,0,0.001544,0.000288702,-5.13772e-05,0.00390547,0.00365696,0.000631707,0.000986261,-1.58974e-06,0.0129571,0.00845251,0.0122042,0.00517119,0.0151435,9.86653,9.86655,0,0.774168
1.65,hover,-0.00521672,0.0117827,-0.00150676,-0.00165958,0,0,-0.00264605,-0.00633899,0.00198754,99.4575,99.5975,99.5186,0.10747,nan,0.261262,0.261056,0.261495,0.261065,0.261434,0.261056,0.261434,0.261495,0.261065,1,0,0.00218366,0,-0.000184687,-9.77966e-05,-0.000355501,0.00453027,0.00498644,0.000676937,0.00108033,-1.12174e-06,0.00734798,0.00621835,-0.000434199,-0.0158267,-0.106493,9.88424,9.88483,0,0.799385
1.66,hover,-0.00524305,0.0118441,-0.00162962,-0.00164088,0,0,-0.00254657,-0.00599295,0.00204897,99.4576,99.5976,99.5197,0.107754,nan,0.261257,0.260932,0.261446,0.260387,0.262264,0.260932,0.262264,0.261446,0.260387,1,0,0.00218366,0,0.00361743,0.000516265,-0.00105126,0.00490375,0.00491633,0.000705371,0.00108063,-1.42417e-06,0.0106253,-0.00311227,-0.0134022,0.000427838,-0.129846,9.85644,9.8573,0,0.800325
1.67,hover,-0.00526762,0.011903,-0.00126521,-0.00161143,0,0,-0.00227777,-0.00580148,0.00282552,99.4578,99.5978,99.5414,0.126953,nan,0.261252,0.261273,0.261272,0.261206,0.261259,0.261273,0.261259,0.261272,0.261206,1,0,0.00182698,0,0.000141066,-0.000151005,-2.28395e-05,0.00381537,0.00483326,0.000640652,0.00107913,-7.52884e-07,0.0137924,0.000400297,-0.00562757,0.0358381,-0.0974515,9.90797,9.90852,0,0.807925
1.68,hover,-0.0052894,0.0119603,-0.00123775,-0.00170286,0,0,-0.00201175,-0.0057043,0.00343204,99.458,99.598,99.5427,0.127227,nan,0.261248,0.262643,0.259848,0.26182,0.260681,0.262643,0.260681,0.259848,0.26182,1,0,0.00182698,0,0.00439188,1.96948e-05,0.00172902,0.00370515,0.00509575,0.000641824,0.00109599,-6.57354e-07,-0.00474418,-0.00746961,0.00414904,0.0270989,-0.0515355,9.81991,9.82008,0,0.816899
1.69,hover,-0.00530847,0.0120171,-0.00110967,-0.00169838,0,0,-0.00171554,-0.00569057,0.00209902,99.4581,99.5981,99.5275,0.1129,nan,0.261243,0.262598,0.26002,0.262346,0.260009,0.262598,0.260009,0.26002,0.262346,1,0,0.00182698,0,0.000637185,-0.000499029,0.00216068,0.00333433,0.00509853,0.000623864,0.00110043,-5.14197e-07,0.00417732,0.00336513,-0.00119431,0.103381,-0.0566155,9.78069,9.7814,0,0.822174
1.7,hover,-0.00532459,0.0120741,-0.00106463,-0.00147497,0,0,-0.00147877,-0.00576807,0.00199998,99.4583,99.5983,99.5285,0.113169,nan,0.261239,0.259839,0.262659,0.259939,0.26252,0.259839,0.26252,0.262659,0.259939,1,0,0.00182698,0,-0.000634975,-7.51159e-05,-0.00237421,0.00319837,0.00442026,0.000621676,0.00106006,-7.29377e-07,0.0036046,-0.00204778,0.00369593,0.08016,-0.0276212,9.7601,9.76047,0,0.81409
1.71,hover,-0.00533895,0.0121324,-0.00107661,-0.00131022,0,0,-0.00131588,-0.00592546,0.00274185,99.4585,99.5985,99.5216,0.106417,nan,0.261235,0.261633,0.261218,0.26113,0.260959,0.261633,0.260959,0.261218,0.26113,1,0,0.00182698,0,0.000649608,-0.00144432,0.00025789,0.00325214,0.00394608,0.00063004,0.00103294,-9.58526e-07,0.0154957,0.0113323,-0.0114491,0.101631,0.0927433,9.81432,9.81529,0,0.80831
1.72,hover,-0.00535159,0.0121919,-0.000809962,-0.00138324,0,0,-0.00116585,-0.00601137,0.00211443,99.4586,99.5986,99.5227,0.106435,nan,0.261231,0.261262,0.261479,0.261377,0.260807,0.261262,0.260807,0.261479,0.261377,1,0,0.00119604,0,-0.00208859,-0.00105516,0.00015544,0.00243884,0.00416394,0.000588522,0.00105164,-6.49514e-07,0.00656559,0.0105326,0.00563148,0.1051,0.0020698,9.8356,9.83616,0,0.820438
1.73,hover,-0.00536337,0.012252,-0.0010629,-0.00131581,0,0,-0.00113561,-0.00604107,0.0017561,99.4588,99.5988,99.4895,0.0763,nan,0.261227,0.25955,0.262545,0.260035,0.262779,0.25955,0.262779,0.262545,0.260035,1,0,0.00154408,0,-0.000663441,0.00136272,-0.00252204,0.00320055,0.0039302,0.000637947,0.00104016,-1.03969e-06,0.00854904,-0.0104593,0.00953878,0.0988204,0.0339811,9.891,9.89155,0,0.815811
1.74,hover,-0.00537521,0.0123132,-0.00106519,-0.00147417,0,0,-0.00118299,-0.00627665,0.0032304,99.4589,99.5989,99.4902,0.0766404,nan,0.261224,0.25977,0.262403,0.260407,0.262315,0.25977,0.262315,0.262403,0.260407,1,0,0.00154408,0,-0.00192605,0.00104166,-0.00199585,0.00318013,0.0044229,0.000646433,0.00106783,-9.88396e-07,-0.00964277,0.00131482,0.0016475,0.00368713,0.020765,9.84853,9.84855,0,0.82799
1.75,hover,-0.00538794,0.0123774,-0.000927402,-0.00141324,0,0,-0.00128141,-0.00661239,0.00329019,99.4591,99.5991,99.5181,0.100783,nan,0.26122,0.261825,0.260573,0.261897,0.260585,0.261825,0.260585,0.260573,0.261897,1,0,0.00154408,0,-0.000158165,0.000158598,0.00112684,0.00278326,0.0042414,0.000627607,0.00106074,-9.04272e-07,0.00134104,0.00217997,0.00594994,-0.0675291,0.0210364,9.74862,9.74888,0,0.830746
1.76,hover,-0.00540147,0.0124448,-0.00128656,-0.00142305,0,0,-0.00130389,-0.00693421,0.00311844,99.4593,99.5993,99.5192,0.101173,nan,0.261217,0.261707,0.260517,0.261453,0.261192,0.261707,0.261192,0.260517,0.261453,1,0,0.0020716,0,0.00246445,0.000798458,0.000637412,0.00386478,0.00426904,0.000691573,0.00106584,-1.21545e-06,0.00410974,0.000978171,0.00722403,-0.0109488,-0.0880431,9.78664,9.78704,0,0.829191
1.77,hover,-0.00541433,0.0125154,-0.00104515,-0.0018956,0,0,-0.00118378,-0.00721643,0.0020918,99.4594,99.5994,99.4956,0.0800705,nan,0.261214,0.26031,0.261842,0.260633,0.26207,0.26031,0.26207,0.261842,0.260633,1,0,0.00182698,0,-0.000249961,0.00104322,-0.00130497,0.00314033,0.00569125,0.000652542,0.00116059,-4.98144e-07,0.00392076,0.00411367,0.00718822,-0.0376371,-0.148212,9.89182,9.893,0,0.86316
1.78,hover,-0.00542562,0.0125886,-0.00142626,-0.00213181,0,0,-0.00100979,-0.00746016,0.00249187,99.4596,99.5996,99.4963,0.0803372,nan,0.261211,0.261181,0.260657,0.261262,0.261744,0.261181,0.261744,0.260657,0.261262,1,0,0.00248976,0,0.00266758,0.00221449,1.8333e-05,0.00427929,0.00639638,0.00072569,0.0012081,-9.404e-07,0.00108142,0.00183103,0.00321822,0.0236281,-0.0885862,9.95168,9.9521,0,0.874443
1.79,hover,-0.00543532,0.0126648,-0.00157482,-0.00208237,0,0,-0.000889325,-0.0078292,0.00190508,99.4598,99.5998,99.5211,0.101217,nan,0.261208,0.26163,0.260979,0.261185,0.261038,0.26163,0.261038,0.260979,0.261185,1,0,0.00248976,0,0.00134021,-0.000732532,0.000350726,0.00472664,0.00626335,0.000761419,0.00120463,-1.39983e-06,0.00222501,0.0120173,0.00618812,0.04368,0.00684558,9.78248,9.78258,0,0.873902
1.8,hover,-0.00544408,0.0127446,-0.00172749,-0.00214469,0,0,-0.000801287,-0.00817695,0.00136337,99.46,99.6,99.5221,0.101366,nan,0.261205,0.260514,0.261764,0.260438,0.262106,0.260514,0.262106,0.261764,0.260438,1,0,0.00276214,0,0.00110817,0.000503633,-0.00128253,0.00518506,0.00642888,0.000797392,0.00122052,-1.63666e-06,0.00253068,-0.00224911,0.00498431,0.0670021,-0.135347,9.8379,9.83906,0,0.879784
1.81,hover,-0.0054518,0.012828,-0.00175968,-0.00221041,0,0,-0.000672641,-0.0085731,0.00242351,99.4601,99.6001,99.4845,0.0681903,nan,0.261203,0.260946,0.261424,0.260375,0.262066,0.260946,0.262066,0.261424,0.260375,1,0,0.00284714,0,0.00321866,0.000134721,-0.00095317,0.00527904,0.00663824,0.000807885,0.00123974,-1.50802e-06,0.000800726,0.00591596,-0.00748366,0.0172587,-0.0651608,9.79139,9.79163,0,0.887752
1.82,hover,-0.00545809,0.0129159,-0.0019381,-0.00224983,0,0,-0.00049536,-0.00907029,0.0033768,99.4603,99.6003,99.4851,0.0684443,nan,0.2612,0.261231,0.261045,0.261794,0.260731,0.261231,0.260731,0.261045,0.261794,1,0,0.00267443,0,-0.00232768,0.000469802,0.000548733,0.00582465,0.00675299,0.000851073,0.00124908,-1.80302e-06,0.00775621,0.0035768,-0.0019037,0.08683,0.0704222,9.82951,9.83015,0,0.892602
1.83,hover,-0.00546308,0.0130086,-0.0019089,-0.00205228,0,0,-0.000404856,-0.009543,0.00361046,99.4605,99.6005,99.4844,0.0677254,nan,0.261198,0.26231,0.260016,0.262406,0.260059,0.26231,0.260059,0.260016,0.262406,1,0,0.00248976,0,-0.000139809,0.000264795,0.00204024,0.00574041,0.0061706,0.000851037,0.00121777,-2.40925e-06,0.00997959,0.0104113,-0.00534757,0.11063,0.0970345,9.91146,9.91255,0,0.887191
1.84,hover,-0.00546698,0.0131062,-0.00182225,-0.00224966,0,0,-0.000276604,-0.0100144,0.00315771,99.4606,99.6006,99.485,0.0680405,nan,0.261195,0.260236,0.262354,0.260194,0.261998,0.260236,0.261998,0.262354,0.260194,1,0,0.00267443,0,-0.000835361,-0.000752226,-0.00172382,0.00547099,0.00674643,0.00084156,0.00126162,-1.57189e-06,0.00364464,-0.000411044,-0.0135469,-0.0293355,0.07795,9.81439,9.81475,0,0.904822
1.85,hover,-0.00546981,0.013208,-0.0016618,-0.00210055,0,0,-0.000217217,-0.0103646,0.00331286,99.4608,99.6008,99.4812,0.0642398,nan,0.261193,0.261319,0.261114,0.261369,0.260972,0.261319,0.260972,0.261114,0.261369,1,0,0.00239208,0,-0.00050803,-0.000172009,0.000264465,0.00500613,0.00630695,0.000824229,0.00124653,-1.4739e-06,0.0146485,0.00477614,0.00420975,0.0623974,0.0483653,9.77522,9.77554,0,0.904356
1.86,hover,-0.00547236,0.0133126,-0.00166,-0.00212908,0,0,-0.000178824,-0.0105883,0.00277564,99.461,99.601,99.4818,0.0642376,nan,0.261191,0.260957,0.261367,0.261271,0.261169,0.260957,0.261169,0.261367,0.261271,1,0,0.00258374,0,-0.00135725,0.00021999,-0.000135499,0.00498319,0.00639775,0.000830926,0.00126322,-1.33986e-06,0.00296285,0.00825597,0.00115223,-0.0289318,0.093683,9.81908,9.81957,0,0.911824
1.87,hover,-0.00547421,0.0134191,-0.0018809,-0.00223207,0,0,-0.000100023,-0.0107694,0.00342335,99.4612,99.6012,99.4878,0.0690579,nan,0.261189,0.261478,0.261202,0.261551,0.260527,0.261478,0.260527,0.261202,0.261551,1,0,0.00300997,0,-0.00198521,-0.00113965,0.000571458,0.00564376,0.00668884,0.000878185,0.00129201,-1.68487e-06,0.00160302,-0.00361938,0.00504978,-0.0794872,-0.0488796,9.71044,9.71089,0,0.92065
1.88,hover,-0.00547536,0.0135278,-0.00183826,-0.00248024,0,0,-6.37891e-05,-0.0110064,0.00252071,99.4613,99.6013,99.4885,0.0691429,nan,0.261187,0.25994,0.262395,0.259496,0.262919,0.25994,0.262919,0.262395,0.259496,1,0,0.00284714,0,0.0025703,0.000149982,-0.0025834,0.00552195,0.00744217,0.000877078,0.00135058,-1.04444e-06,0.00566612,0.00232016,-0.00120582,-0.117301,-0.111789,9.79995,9.80129,0,0.941144
1.89,hover,-0.0054762,0.0136389,-0.00192413,-0.00226944,0,0,-3.645e-05,-0.0112676,0.00323378,99.4615,99.6015,99.4907,0.0706991,nan,0.261186,0.260039,0.262044,0.260344,0.262317,0.260039,0.262317,0.262044,0.260344,1,0,0.00267443,0,-8.58231e-05,0.00109431,-0.00174852,0.00577412,0.00680735,0.000903674,0.0013246,-1.7153e-06,0.00205604,0.000686253,-0.00360674,-0.0247343,-0.0777311,9.84095,9.84128,0,0.934516
1.9,hover,-0.0054771,0.0137527,-0.00197857,-0.00198904,0,0,-2.59109e-05,-0.0115332,0.00326637,99.4617,99.6017,99.4915,0.0709214,nan,0.261184,0.261131,0.261253,0.261173,0.261178,0.261131,0.261178,0.261253,0.261173,1,0,0.00248976,0,-0.000308746,-6.16432e-05,-5.57682e-05,0.00593652,0.00597568,0.000921122,0.00128696,-2.47109e-06,0.0014838,0.00698853,0.00334377,0.0508969,-0.0758526,9.93671,9.93713,0,0.92454
1.91,hover,-0.00547739,0.0138685,-0.0018301,-0.00206995,0,0,4.80806e-05,-0.0116707,0.00352099,99.4618,99.6018,99.4877,0.0674281,nan,0.261182,0.261537,0.260885,0.260983,0.261323,0.261537,0.261323,0.260885,0.260983,1,0,0.00267443,0,0.00263119,-0.000219812,0.000137128,0.00549484,0.00618483,0.000899964,0.00131269,-1.94684e-06,0.003909,-0.015337,-0.0103775,0.0136445,-0.0504437,9.84233,9.84247,0,0.937384
1.92,hover,-0.005477,0.0139857,-0.00180463,-0.0018448,0,0,0.00012257,-0.0118212,0.00321974,99.462,99.602,99.4883,0.0676911,nan,0.261181,0.261692,0.260762,0.260913,0.261357,0.261692,0.261357,0.260762,0.260913,1,0,0.00248976,0,0.0036452,-0.000349758,0.000213882,0.00540797,0.0055453,0.000900858,0.00128538,-2.39644e-06,-0.00303907,0.00855636,-0.00248876,-0.00262465,-0.0198315,9.73799,9.73801,0,0.931665
1.93,hover,-0.00547563,0.0141044,-0.00162229,-0.00161428,0,0,0.000259002,-0.0119286,0.00288392,99.4622,99.6022,99.4794,0.0600412,nan,0.261179,0.261654,0.2606,0.261575,0.260888,0.261654,0.260888,0.2606,0.261575,1,0,0.0020716,0,0.000972178,0.000398056,0.000764915,0.00487544,0.0048559,0.000876213,0.00125471,-2.82857e-06,0.00659166,0.00996478,-2.44971e-06,0.0536562,-0.0102704,9.80448,9.80463,0,0.92779
1.94,hover,-0.00547278,0.0142233,-0.00171863,-0.00176232,0,0,0.000385386,-0.011865,0.0028746,99.4624,99.6024,99.48,0.0602446,nan,0.261178,0.262616,0.260029,0.261762,0.260305,0.262616,0.260305,0.260029,0.261762,1,0,0.0020716,0,0.00299689,-0.00109483,0.00177788,0.0051636,0.00526916,0.000902015,0.0012924,-2.61748e-06,0.00605297,-0.0105881,0.00195414,0.109302,0.0690456,9.86563,9.86648,0,0.941367
1.95,hover,-0.00546866,0.0143409,-0.0017851,-0.00158239,0,0,0.000523445,-0.0116726,0.00342876,99.4625,99.6025,99.4735,0.05467,nan,0.261177,0.26128,0.261335,0.261316,0.260776,0.26128,0.260776,0.261335,0.261316,1,0,0.0020716,0,-0.00157876,-0.000991224,0.000213055,0.00537102,0.00474875,0.000922153,0.0012732,-2.9491e-06,0.0113982,0.00234538,-0.0111534,0.0259429,0.122976,9.81303,9.81383,0,0.936981
1.96,hover,-0.00546311,0.0144564,-0.00184951,-0.0012768,0,0,0.0006957,-0.0114521,0.00205378,99.4627,99.6027,99.4742,0.0548237,nan,0.261175,0.260431,0.262147,0.260581,0.261542,0.260431,0.261542,0.262147,0.260581,1,0,0.00182698,0,-0.00200077,-0.00086122,-0.00117623,0.00555087,0.003835,0.000941206,0.00122633,-3.64974e-06,0.00249048,0.00430075,-0.00630144,0.0200881,0.031527,9.78198,9.78205,0,0.925471
1.97,hover,-0.00545571,0.0145696,-0.0019582,-0.00100361,0,0,0.000855462,-0.0111465,0.00202633,99.4629,99.6029,99.4833,0.062146,nan,0.261174,0.260798,0.261543,0.260899,0.261456,0.260798,0.261456,0.261543,0.260899,1,0,0.00195312,0,-0.00050088,2.67819e-05,-0.000572272,0.00590268,0.00303263,0.000970664,0.00118952,-4.16028e-06,0.0196854,0.0157167,0.00350801,-0.0258781,-0.000704307,9.77428,9.77431,0,0.915075
1.98,hover,-0.0054469,0.0146788,-0.00155598,-0.0010283,0,0,0.000983586,-0.0106749,0.0020768,99.4631,99.6031,99.484,0.0622931,nan,0.261173,0.261567,0.260806,0.261806,0.260514,0.261567,0.260514,0.260806,0.261806,1,0,0.00138107,0,-0.00140803,-0.000102007,0.000902166,0.00466757,0.00309914,0.000905374,0.00120751,-4.23891e-06,0.000659372,0.010699,0.0014653,-0.0406401,0.0188402,9.80775,9.80785,0,0.927626
1.99,hover,-0.00543715,0.0147835,-0.00139809,-0.00113666,0,0,0.000979136,-0.0102835,0.00039196,99.4632,99.6032,99.4759,0.0554659,nan,0.261172,0.261113,0.260996,0.261394,0.261186,0.261113,0.261186,0.260996,0.261394,1,0,0.00154408,0,-0.000241562,0.000891367,0.000142954,0.004216,0.00341445,0.000887462,0.00123262,-4.0615e-06,0.0153847,0.0041916,0.0119713,-0.0053503,0.00470359,9.81015,9.81015,0,0.941495
2,hover,-0.00542806,0.0148848,-0.00106311,-0.00113872,0,0,0.000821712,-0.00993551,0.000446409,99.4634,99.6034,99.4766,0.0556028,nan,0.261171,0.260967,0.261185,0.261186,0.261346,0.260967,0.261346,0.261185,0.261186,1,0,0.00138107,0,-0.00015147,0.000720335,-0.000165994,0.0031984,0.00341846,0.000837788,0.00124264,-4.13598e-06,0.00689614,0.00277301,0.00541279,-0.0212041,-0.0227545,9.85082,9.85087,0,0.951891
2.01,hover,-0.00542105,0.0149823,-0.000790262,-0.00128931,0,0,0.000592203,-0.00954157,0.00096468,99.4636,99.6036,99.4666,0.0471245,nan,0.26117,0.260658,0.261912,0.26091,0.261201,0.260658,0.261201,0.261912,0.26091,1,0,0.00119604,0,-0.00255573,-0.000869774,-0.000679304,0.00235857,0.00387334,0.0007966,0.00127848,-4.37075e-06,-0.00734401,0.00487865,0.000263544,-0.0509615,-0.0597418,9.88307,9.88338,0,0.969613
2.02,hover,-0.0054166,0.0150757,-0.000746018,-0.00154201,0,0,0.00029027,-0.00912206,0.00185208,99.4638,99.6038,99.467,0.0472041,nan,0.261169,0.26058,0.261542,0.260858,0.261696,0.26058,0.261696,0.261542,0.260858,1,0,0.00138107,0,-0.000329597,0.000818353,-0.000791174,0.00223779,0.00463148,0.000796891,0.00133523,-4.47223e-06,0.000646394,0.00495442,0.0145611,0.0521635,-0.0613803,9.88067,9.88099,0,0.989323
2.03,hover,-0.00541573,0.0151645,-0.000528778,-0.0015042,0,0,-6.29201e-05,-0.00864533,0.0023601,99.464,99.604,99.4548,0.0371511,nan,0.261168,0.261879,0.260452,0.262242,0.2601,0.261879,0.2601,0.260452,0.262242,1,0,0.000976562,0,-0.0018956,2.25831e-05,0.00156897,0.0015909,0.00449742,0.000768106,0.00133789,-4.27643e-06,0.00380444,-0.0087854,-0.00668933,0.0619107,0.028028,9.86053,9.86076,0,0.995498
2.04,hover,-0.00541837,0.0152487,-0.00076586,-0.0018114,0,0,-0.000417434,-0.0082398,0.00195544,99.4641,99.6041,99.4551,0.0372918,nan,0.261168,0.260606,0.261797,0.260357,0.26191,0.260606,0.26191,0.261797,0.260357,1,0,0.00169146,0,0.000962172,-0.000256696,-0.00120582,0.00229682,0.00544402,0.000816567,0.00139577,-4.96474e-06,0.000320017,0.00794448,0.0040577,0.0654902,-0.0454273,9.83035,9.83067,0,1.0135
2.05,hover,-0.00542446,0.0153296,-0.000825979,-0.00144988,0,0,-0.000726715,-0.00798318,0.00317344,99.4643,99.6043,99.4553,0.0374664,nan,0.261167,0.261683,0.260732,0.261275,0.260977,0.261683,0.260977,0.260732,0.261275,1,0,0.00154408,0,0.00173519,-0.000308264,0.000548947,0.00248849,0.00436576,0.000837152,0.0013388,-5.40311e-06,0.00786942,0.0120794,-0.00179116,0.0617252,0.0829174,9.85192,9.85246,0,0.997171
2.06,hover,-0.0054338,0.0154084,-0.000958984,-0.00167523,0,0,-0.0010757,-0.00777496,0.00244189,99.4645,99.6045,99.4556,0.0376584,nan,0.261166,0.262011,0.260592,0.261602,0.26046,0.262011,0.26046,0.260592,0.261602,1,0,0.00195312,0,0.000735988,-0.00102573,0.00112545,0.0028717,0.00504951,0.000864496,0.00138934,-5.40283e-06,-0.00263553,0.0172705,-0.000919723,0.060896,-0.0118019,9.9188,9.919,0,1.01221
2.07,hover,-0.00544652,0.0154848,-0.0010979,-0.00164627,0,0,-0.00138915,-0.00752617,0.00321924,99.4647,99.6047,99.4368,0.0224082,nan,0.261165,0.260468,0.261792,0.26053,0.261872,0.260468,0.261872,0.261792,0.26053,1,0,0.00182698,0,4.53603e-05,0.00026909,-0.00117208,0.00330658,0.00495862,0.000894125,0.0013902,-5.90109e-06,0.00948156,0.0146038,-0.00145207,0.0404746,0.00603347,9.77075,9.77083,0,1.01308
2.08,hover,-0.00546209,0.015559,-0.00133702,-0.00199806,0,0,-0.0016307,-0.00737906,0.00320715,99.4648,99.6048,99.4369,0.022439,nan,0.261165,0.260418,0.261764,0.26071,0.261768,0.260418,0.261768,0.261764,0.26071,1,0,0.00229024,0,-0.000762387,0.000559877,-0.00105662,0.0040171,0.00602551,0.000942258,0.00145721,-6.25218e-06,0.00497605,0.0223521,-0.002725,-0.0131901,-0.0185751,9.80813,9.80816,0,1.03384
2.09,hover,-0.00547982,0.0156326,-0.00113936,-0.00213027,0,0,-0.00180219,-0.0073756,0.00293077,99.465,99.605,99.4445,0.0283638,nan,0.261164,0.261128,0.261086,0.261258,0.261185,0.261128,0.261185,0.261086,0.261258,1,0,0.00239208,0,-8.02926e-05,0.000435729,5.05588e-05,0.00341489,0.006381,0.000909078,0.00148631,-5.34786e-06,-0.00120497,-0.00506329,0.00816143,-0.0265872,0.0558301,9.81107,9.81127,0,1.04814
2.1,hover,-0.00549869,0.0157065,-0.00120188,-0.00195408,0,0,-0.00188776,-0.00746351,0.00206726,99.4652,99.6052,99.4448,0.0285602,nan,0.261164,0.260884,0.261362,0.260982,0.261426,0.260884,0.261426,0.261362,0.260982,1,0,0.00218366,0,-9.07527e-05,0.000305184,-0.00040518,0.00361296,0.00584945,0.000924299,0.00145932,-5.77909e-06,0.00579386,-0.00707353,-0.00192884,-0.0391664,0.0272841,9.76674,9.76686,0,1.04186
2.11,hover,-0.00551841,0.0157818,-0.00141984,-0.00231399,0,0,-0.00199078,-0.00763104,0.00235757,99.4654,99.6054,99.4416,0.0259163,nan,0.261163,0.261296,0.260608,0.261663,0.261085,0.261296,0.261085,0.260608,0.261663,1,0,0.00248976,0,0.000291911,0.00159838,0.000556397,0.0042671,0.00693564,0.000963462,0.0015279,-6.26998e-06,0.00603288,-0.00268867,0.00325592,-0.128349,-0.0572716,9.88107,9.88207,0,1.06362
2.12,hover,-0.00553903,0.015859,-0.00107773,-0.00219233,0,0,-0.00208213,-0.00786508,0.0025678,99.4656,99.6056,99.4419,0.0259552,nan,0.261163,0.261609,0.260743,0.261968,0.260331,0.261609,0.260331,0.260743,0.261968,1,0,0.0020716,0,-0.00204346,-0.000101448,0.0011001,0.00323974,0.00655361,0.000913175,0.00150858,-5.33495e-06,0.00530422,-0.0140925,0.0068413,-0.083577,-0.0674883,9.79803,9.79862,0,1.06583
2.13,hover,-0.00556142,0.0159389,-0.00104663,-0.00244407,0,0,-0.00234564,-0.00815146,0.00223507,99.4657,99.6057,99.4027,-0.0049246,nan,0.261162,0.261268,0.260473,0.261766,0.261142,0.261268,0.261142,0.260473,0.261766,1,0,0.00258374,0,0.00045407,0.0022111,0.000624131,0.00313051,0.00733078,0.000911323,0.00155896,-5.15524e-06,-0.0053495,0.00060489,-0.00453486,-0.0267687,-0.09745,9.84856,9.84908,0,1.08503
2.14,hover,-0.00558624,0.0160219,-0.00114858,-0.0026252,0,0,-0.00255373,-0.00852574,0.00273682,99.4659,99.6059,99.4027,-0.00466955,nan,0.261162,0.261071,0.26107,0.261426,0.26108,0.261071,0.26108,0.26107,0.261426,1,0,0.00284714,0,-0.000915338,0.000689237,0.000152514,0.00344902,0.00786857,0.000934364,0.0015935,-5.50926e-06,0.00312308,-0.00309522,4.57586e-05,0.0738615,-0.118899,9.78138,9.78238,0,1.09874
2.15,hover,-0.00561344,0.016109,-0.00116457,-0.00259202,0,0,-0.00278399,-0.00894855,0.00207097,99.4661,99.6061,99.4077,-0.000412439,nan,0.261161,0.26058,0.261573,0.26138,0.261112,0.26058,0.261112,0.261573,0.26138,1,0,0.00258374,0,-0.00334821,0.000642922,-0.000318705,0.00349705,0.00778742,0.000938306,0.0015912,-5.6272e-06,0.00314384,0.00916925,-0.0133585,0.0778225,-0.0853359,9.89279,9.89346,0,1.10189
2.16,hover,-0.00564247,0.0162006,-0.00135257,-0.00261508,0,0,-0.0029789,-0.0094422,0.00165579,99.4663,99.6063,99.4077,-0.000299515,nan,0.261161,0.260772,0.261613,0.260596,0.261663,0.260772,0.261663,0.261613,0.260596,1,0,0.00300997,0,0.00060125,-0.000240761,-0.000838584,0.00405335,0.00785134,0.000969573,0.00160337,-6.26443e-06,-0.00194214,0.00566734,-0.00412766,0.125901,-0.0829338,9.82775,9.82891,0,1.10628
2.17,hover,-0.00567331,0.0162972,-0.00139616,-0.00249509,0,0,-0.00308186,-0.00992476,0.00205776,99.4664,99.6064,99.4633,0.043484,nan,0.261161,0.26152,0.261008,0.261413,0.260703,0.26152,0.260703,0.261008,0.261413,1,0,0.00267443,0,-0.000524114,-0.000780517,0.000536986,0.00421313,0.00748956,0.000976651,0.00158995,-6.56401e-06,0.0174349,0.00444634,0.00559709,0.0975045,0.0235258,9.75073,9.75124,0,1.10482
2.18,hover,-0.00570407,0.0163979,-0.0012807,-0.00247063,0,0,-0.00299137,-0.010254,0.00140519,99.4666,99.6066,99.4637,0.0435424,nan,0.26116,0.260004,0.262186,0.260254,0.262198,0.260004,0.262198,0.262186,0.260254,1,0,0.00267443,0,-0.000629028,0.000495546,-0.0018134,0.00384592,0.00742846,0.000959807,0.00159349,-6.22225e-06,0.00350817,0.0126426,-0.0015316,0.0760591,-0.0017594,9.86305,9.86334,0,1.11093
2.19,hover,-0.00573377,0.0165019,-0.00154497,-0.00223358,0,0,-0.00287409,-0.0105711,0.00220187,99.4668,99.6068,99.4636,0.0432325,nan,0.26116,0.261729,0.260436,0.262089,0.260386,0.261729,0.260386,0.260436,0.262089,1,0,0.00267443,0,-0.00108816,0.000584764,0.00131681,0.00463969,0.00672073,0.00100802,0.00156264,-7.4821e-06,0.00423653,0.0148792,0.0133276,-0.0812065,-0.0376144,9.90964,9.91005,0,1.10057
2.2,hover,-0.00576233,0.0166091,-0.00140904,-0.00212521,0,0,-0.00272305,-0.010884,0.00283469,99.467,99.607,99.464,0.0434798,nan,0.26116,0.261554,0.260813,0.261987,0.260285,0.261554,0.260285,0.260813,0.261987,1,0,0.00229024,0,-0.00255228,-0.000178964,0.00107371,0.0042409,0.006385,0.000989473,0.00155303,-7.31723e-06,0.0101656,0.00781915,-0.0109236,0.0603627,-0.0257526,9.81019,9.81041,0,1.10255
2.21,hover,-0.00578914,0.0167188,-0.00156739,-0.00214954,0,0,-0.00257265,-0.0110962,0.00267815,99.4672,99.6072,99.494,0.0666142,nan,0.26116,0.26056,0.261784,0.260778,0.261517,0.26056,0.261517,0.261784,0.260778,1,0,0.00239208,0,-0.00128471,-9.24865e-05,-0.000863097,0.00472293,0.0064489,0.00102238,0.00155967,-7.83263e-06,0.0148742,0.00173759,0.00119509,0.0221617,-0.15208,9.84419,9.84539,0,1.10841
2.22,hover,-0.00581509,0.0168305,-0.00142848,-0.00224558,0,0,-0.00254737,-0.011268,0.00249635,99.4673,99.6073,99.4947,0.066655,nan,0.261159,0.2603,0.261923,0.260319,0.262096,0.2603,0.262096,0.261923,0.260319,1,0,0.00248976,0,0.000409677,0.000363249,-0.00149384,0.00428216,0.00673443,0.001004,0.00158594,-7.61068e-06,-0.00117641,5.01461e-05,-7.1631e-05,-0.0847095,-0.0403991,9.81341,9.81386,0,1.12208
2.23,hover,-0.00584084,0.0169436,-0.0011945,-0.00237054,0,0,-0.0024761,-0.0113723,0.00264652,99.4675,99.6075,99.4515,0.0332026,nan,0.261159,0.260965,0.261185,0.26034,0.262147,0.260965,0.262147,0.261185,0.26034,1,0,0.00229024,0,0.00420834,0.000639191,-0.000891173,0.00359884,0.00712022,0.000963831,0.00161989,-6.73243e-06,0.0111829,0.00736212,-0.00502512,-0.0870334,-0.0581901,9.75033,9.7509,0,1.13871
2.24,hover,-0.00586489,0.0170576,-0.000985027,-0.00209152,0,0,-0.00221679,-0.011455,0.00128045,99.4677,99.6077,99.4518,0.033209,nan,0.261159,0.261844,0.26035,0.262164,0.260278,0.261844,0.260278,0.26035,0.262164,1,0,0.00218366,0,-0.00103897,0.00046894,0.00148596,0.002962,0.00627057,0.000937174,0.001581,-6.5302e-06,0.005553,-0.00108268,-0.000754022,-0.00917276,-0.00696512,9.83599,9.83599,0,1.13267
2.25,hover,-0.00588624,0.0171726,-0.00106532,-0.00226695,0,0,-0.00196504,-0.0115594,0.00279044,99.4679,99.6079,99.4415,0.0252041,nan,0.261159,0.26204,0.260352,0.262022,0.260221,0.26204,0.260221,0.260352,0.262022,1,0,0.00239208,0,-0.000300587,-0.000281443,0.00153317,0.0031959,0.00679876,0.000952526,0.00162562,-6.8207e-06,0.00090833,0.000244906,-0.00230114,-0.0182696,0.00164943,9.83098,9.831,0,1.14803
2.26,hover,-0.00590502,0.0172884,-0.00130906,-0.00203395,0,0,-0.00169954,-0.0116263,0.00210577,99.468,99.608,99.4418,0.0253183,nan,0.261159,0.261503,0.260827,0.261304,0.261002,0.261503,0.261002,0.260827,0.261304,1,0,0.0020716,0,0.000992835,-4.51344e-05,0.000429842,0.00391708,0.00610416,0.00100073,0.00159984,-7.4039e-06,-0.00573882,0.00314417,-0.0066446,0.0648838,-0.0377835,9.84455,9.84483,0,1.13851
2.27,hover,-0.00592096,0.0174043,-0.00128028,-0.00177027,0,0,-0.00137944,-0.0115591,0.00175753,99.4682,99.6082,99.4281,0.0147266,nan,0.261159,0.262544,0.260187,0.261966,0.259938,0.262544,0.259938,0.260187,0.261966,1,0,0.00182698,0,0.000874635,-0.00156658,0.0019275,0.00384292,0.00533378,0.000996524,0.00156996,-7.75736e-06,0.00237613,0.0168819,-0.007939,0.110006,-0.0260007,9.70469,9.70535,0,1.13085
2.28,hover,-0.0059333,0.0175187,-0.000903309,-0.00180967,0,0,-0.00101847,-0.0113246,0.0022,99.4684,99.6084,99.4282,0.0150595,nan,0.261159,0.26138,0.261081,0.2605,0.261674,0.26138,0.261674,0.261081,0.2605,1,0,0.00154408,0,0.00390838,-0.000543758,-0.000384066,0.00272025,0.00545098,0.000938103,0.00158878,-7.32648e-06,0.0078164,0.0162295,-0.00184004,0.136619,-0.0293824,9.79269,9.79368,0,1.14473
2.29,hover,-0.00594219,0.0176303,-0.000998149,-0.00136256,0,0,-0.000673622,-0.0109928,0.0021,99.4686,99.6086,99.4363,0.0213941,nan,0.261159,0.262273,0.260361,0.262385,0.259615,0.262273,0.259615,0.260361,0.262385,1,0,0.00154408,0,-0.00227526,-0.00120241,0.00205758,0.00299028,0.00409794,0.000960426,0.00152552,-7.48082e-06,-0.00182868,0.00837437,-0.00915954,0.111293,-0.0178752,9.84983,9.85048,0,1.12488
2.3,hover,-0.00594795,0.0177379,-0.00108405,-0.00120017,0,0,-0.000431787,-0.0104753,0.000984093,99.4688,99.6088,99.4365,0.021519,nan,0.261159,0.259879,0.262903,0.259566,0.262286,0.259879,0.262286,0.262903,0.259566,1,0,0.00154408,0,-0.000807043,-0.00176262,-0.00252491,0.00325691,0.00359638,0.000978736,0.00151006,-7.61362e-06,0.00416092,-0.00123922,0.000152714,0.0924669,0.0998064,9.83301,9.83395,0,1.12071
2.31,hover,-0.0059518,0.0178396,-0.00103329,-0.00114051,0,0,-0.000295147,-0.00988022,0.00190691,99.4689,99.6089,99.4459,0.0287191,nan,0.261159,0.260849,0.26162,0.261003,0.261163,0.260849,0.261163,0.26162,0.261003,1,0,0.00138107,0,-0.00162129,-0.000576208,-0.000409296,0.00311437,0.00343934,0.000978461,0.00150602,-7.61895e-06,0.0106609,0.0133747,0.0091179,0.0209618,0.00559247,9.85968,9.8597,0,1.1238
2.32,hover,-0.00595497,0.017936,-0.00111212,-0.000719049,0,0,-0.000303192,-0.00941832,0.00132929,99.4691,99.6091,99.4462,0.0288012,nan,0.261159,0.260851,0.261964,0.260239,0.26158,0.260851,0.26158,0.261964,0.260239,1,0,0,0,0.000606682,-0.00188583,-0.00107842,0.00335132,0.0021685,0.000996499,0.00144378,-7.31541e-06,0.0109678,0.00901974,-0.00446432,-0.0434574,0.0879825,9.7999,9.8004,0,1.10468
2.33,hover,-0.00595874,0.0180276,-0.00117925,-0.00071171,0,0,-0.00038793,-0.00884942,0.00150414,99.4693,99.6093,99.4436,0.026861,nan,0.261159,0.261082,0.261303,0.261475,0.260774,0.261082,0.260774,0.261303,0.261475,1,0,0.000690534,0,-0.00244813,-0.000257384,0.000211085,0.00354913,0.00213708,0.00101279,0.00145138,-7.20031e-06,0.00860074,0.00275036,-0.00125813,-0.0592774,-0.0420915,9.80221,9.80248,0,1.10847
2.34,hover,-0.00596309,0.0181132,-0.00132628,-0.000889041,0,0,-0.000412406,-0.00823719,0.00139208,99.4695,99.6095,99.4439,0.0270329,nan,0.261159,0.261345,0.260796,0.261783,0.260711,0.261345,0.260711,0.260796,0.261783,1,0,0.000976562,0,-0.00138588,0.000667825,0.000712908,0.00398025,0.00266303,0.00103985,0.0014853,-7.14104e-06,0.00196694,-0.00123268,-0.00860336,-0.0638041,-0.0753154,9.84275,9.84324,0,1.12116
2.35,hover,-0.00596742,0.018193,-0.00112094,-0.0012799,0,0,-0.000419627,-0.00774894,0.00169925,99.4697,99.6097,99.4351,0.0203107,nan,0.261159,0.261067,0.261131,0.261227,0.261209,0.261067,0.261209,0.261131,0.261227,1,0,0.00154408,0,-0.000216537,0.000451667,-2.0037e-05,0.00336175,0.00382744,0.00101351,0.0015517,-7.05361e-06,0.000312117,-0.00661092,0.000328718,-0.00235637,-0.167787,9.88078,9.88221,0,1.15019
2.36,hover,-0.00597189,0.0182688,-0.00105377,-0.00118174,0,0,-0.00043067,-0.00743658,0.00126708,99.4698,99.6098,99.4352,0.0206075,nan,0.261159,0.261365,0.261054,0.260955,0.26126,0.261365,0.26126,0.261054,0.260955,1,0,0.00154408,0,0.00163377,-0.00038574,2.33327e-06,0.00318024,0.00353759,0.00100846,0.00153993,-7.01511e-06,0.0136223,-0.00354926,-0.00445167,0.0302589,-0.0533024,9.82738,9.82758,0,1.14992
2.37,hover,-0.00597652,0.018342,-0.00101168,-0.00139433,0,0,-0.000455756,-0.00721714,0.00073294,99.47,99.61,99.4563,0.0362028,nan,0.261159,0.259788,0.262709,0.259391,0.262747,0.259788,0.262747,0.262709,0.259391,1,0,0.00154408,0,0.00115249,-0.000680038,-0.00275936,0.00303673,0.00419205,0.00100801,0.00158072,-6.95648e-06,0.00215239,0.00761975,0.0051633,0.02871,-0.027669,9.75445,9.75453,0,1.16645
2.38,hover,-0.00598162,0.0184134,-0.000966014,-0.00162362,0,0,-0.000503634,-0.00708939,0.00153128,99.4702,99.6102,99.4566,0.0363254,nan,0.261159,0.260232,0.2619,0.260107,0.262396,0.260232,0.262396,0.2619,0.260107,1,0,0.00169146,0,0.00164608,0.000704156,-0.00173944,0.00290173,0.00484696,0.00100319,0.0016199,-7.07443e-06,0.00347387,-0.0143203,0.00653023,-0.0147626,-0.0693215,9.68559,9.68585,0,1.18388
2.39,hover,-0.00598715,0.0184837,-0.00117114,-0.00150364,0,0,-0.000545701,-0.00701714,0.00188949,99.4704,99.6104,99.4684,0.0451599,nan,0.261159,0.261672,0.260625,0.261896,0.260442,0.261672,0.260442,0.260625,0.261896,1,0,0.00182698,0,-0.00108025,7.77241e-05,0.00109909,0.00352072,0.00450051,0.00104878,0.0016067,-7.61357e-06,0.00592552,-0.00533913,0.00985898,0.119452,0.00524094,9.79802,9.79875,0,1.17845
2.4,hover,-0.00599349,0.0185537,-0.00117037,-0.00154519,0,0,-0.000667723,-0.00700678,0.00175893,99.4706,99.6106,99.4689,0.0453908,nan,0.261159,0.26124,0.261043,0.260965,0.261388,0.26124,0.261388,0.261043,0.260965,1,0,0.00182698,0,0.00164531,0.000132293,-9.96e-05,0.00352677,0.00464552,0.00105523,0.00161326,-7.61811e-06,0.0115066,0.0082456,0.00266462,0.051029,-0.0194012,9.76782,9.76797,0,1.18476
2.41,hover,-0.00600106,0.0186239,-0.00123276,-0.00163561,0,0,-0.000739934,-0.00706186,0.00159866,99.4707,99.6107,99.4928,0.0631908,nan,0.261159,0.260845,0.26149,0.261129,0.261173,0.260845,0.261173,0.26149,0.261129,1,0,0.00154408,0,-0.00159529,-6.14381e-05,-0.000302788,0.00371641,0.00490772,0.00107112,0.00162752,-7.68956e-06,0.0131326,0.00223095,-0.0123096,0.0952735,-0.0266657,9.85477,9.85526,0,1.19301
2.42,hover,-0.00600897,0.0186947,-0.00102548,-0.00157201,0,0,-0.000798375,-0.00711236,0.000917368,99.4709,99.6109,99.4934,0.0632838,nan,0.261159,0.261729,0.260696,0.261381,0.260832,0.261729,0.260832,0.260696,0.261381,1,0,0.00119604,0,0.00128459,-0.000401992,0.000695076,0.00307818,0.00472084,0.00104156,0.00162205,-7.45733e-06,0.00221238,0.0048397,0.000560831,0.0695465,0.0257779,9.7592,9.75948,0,1.19623
2.43,hover,-0.00601743,0.018766,-0.00110687,-0.00161553,0,0,-0.000808433,-0.00716129,0.00166664,99.4711,99.6111,99.4709,0.046214,nan,0.261159,0.261701,0.260465,0.262249,0.260223,0.261701,0.260223,0.260465,0.262249,1,0,0.00182698,0,-0.00209563,0.000581698,0.00143371,0.0033412,0.00486709,0.00105976,0.00163308,-7.69546e-06,0.0147863,0.0152887,0.00278364,-0.0431507,-0.0412963,9.8445,9.84469,0,1.20166
2.44,hover,-0.00602546,0.0188382,-0.000886416,-0.00171454,0,0,-0.000744056,-0.00731685,0.00146322,99.4713,99.6113,99.4714,0.0463185,nan,0.26116,0.261008,0.261329,0.261435,0.260865,0.261008,0.260865,0.261329,0.261435,1,0,0.00154408,0,-0.00236402,-7.08774e-05,0.000109511,0.00267238,0.0051358,0.00103099,0.00165502,-7.17389e-06,0.00980518,-0.00357249,0.00912317,-0.0210777,-0.0586994,9.81723,9.81743,0,1.21425
2.45,hover,-0.00603322,0.0189122,-0.000639908,-0.00152316,0,0,-0.000788089,-0.00750882,0.00155953,99.4714,99.6114,99.4483,0.0289398,nan,0.26116,0.261103,0.261049,0.261701,0.260785,0.261103,0.260785,0.261049,0.261701,1,0,0.00119604,0,-0.00228523,0.00063472,0.000426728,0.00194242,0.00457851,0.00100003,0.00162731,-6.48287e-06,0.016123,0.00765982,-0.00595591,-0.0296963,0.0122012,9.78219,9.78224,0,1.21128
2.46,hover,-0.00604227,0.0189877,-0.000857773,-0.00142619,0,0,-0.00094091,-0.00760564,0.00196474,99.4716,99.6116,99.4486,0.0292789,nan,0.26116,0.261487,0.261091,0.261396,0.260665,0.261487,0.260665,0.261091,0.261396,1,0,0.00119604,0,-0.000889717,-0.000981581,0.000495667,0.00258382,0.00426973,0.00103676,0.00161458,-6.83681e-06,0.00802987,-0.0042837,-0.00406538,0.0234806,-0.0478696,9.91776,9.9179,0,1.20715
2.47,hover,-0.00605266,0.0190639,-0.000973609,-0.00139011,0,0,-0.00112104,-0.00766535,0.00233584,99.4718,99.6118,99.454,0.0331238,nan,0.26116,0.262382,0.25951,0.262481,0.260267,0.262382,0.260267,0.25951,0.262481,1,0,0.00119604,0,0.00174667,0.00162032,0.00223579,0.00291108,0.00417531,0.001062,0.00161408,-7.00276e-06,-0.0054372,0.00493648,-0.00238262,0.00645301,-0.124025,9.83905,9.83983,0,1.20794
2.48,hover,-0.0060654,0.0191411,-0.000839456,-0.00146488,0,0,-0.00134222,-0.00780277,0.00240924,99.472,99.612,99.4543,0.0331589,nan,0.26116,0.261168,0.261105,0.26131,0.261056,0.261168,0.261056,0.261105,0.26131,1,0,0.00154408,0,-0.000507146,0.000177001,0.000139187,0.00253251,0.00439837,0.0010468,0.00163002,-7.02596e-06,0.0104631,0.00411338,-0.00989437,0.0652623,-0.0770296,9.8589,9.85942,0,1.2184
2.49,hover,-0.00607991,0.0192196,-0.000605465,-0.00130972,0,0,-0.00148955,-0.00788539,0.00227572,99.4722,99.6122,99.4508,0.0304944,nan,0.26116,0.261499,0.261038,0.260997,0.261106,0.261499,0.261106,0.261038,0.260997,1,0,0.00138107,0,0.00151194,-0.000822754,0.000154888,0.00181854,0.00392459,0.00101378,0.00161086,-6.95061e-06,0.00244342,-0.00143069,0.000154199,-0.0140342,-0.0277179,9.87402,9.87406,0,1.21765
2.5,hover,-0.00609579,0.0192984,-0.000581728,-0.00169956,0,0,-0.00160726,-0.00794411,0.00240172,99.4723,99.6123,99.4511,0.0307447,nan,0.26116,0.260915,0.261629,0.260803,0.261295,0.260915,0.261295,0.261629,0.260803,1,0,0.00154408,0,-0.000590134,-0.000844004,-0.000530283,0.00172964,0.00510248,0.00101424,0.00167794,-6.55956e-06,-0.00934516,0.00419944,0.00225678,0.114754,0.0699133,9.82876,9.82968,0,1.24421
2.51,hover,-0.00611314,0.0193784,-0.000546128,-0.00164355,0,0,-0.00175465,-0.00810467,0.00343194,99.4725,99.6125,99.4699,0.0447406,nan,0.261161,0.261937,0.260612,0.261901,0.260193,0.261937,0.260193,0.260612,0.261901,1,0,0.00154408,0,-0.00101408,-0.00086301,0.00133331,0.00164076,0.0049407,0.00100973,0.00167227,-6.51973e-06,0.00258048,0.00838425,-0.00854833,0.0468208,-0.0246517,9.86004,9.86018,0,1.2463
2.52,hover,-0.00613189,0.0194599,-0.000674324,-0.00158767,0,0,-0.00186176,-0.00825097,0.00295236,99.4727,99.6127,99.4704,0.0447744,nan,0.261161,0.260238,0.262469,0.260006,0.261931,0.260238,0.261931,0.262469,0.260006,1,0,0.00169146,0,-0.000814098,-0.00145842,-0.00182662,0.00202732,0.00477858,0.00103858,0.00167007,-6.95906e-06,0.00393489,0.012061,-0.00361916,0.0857347,-0.0193216,9.79293,9.79333,0,1.24616
2.53,hover,-0.00615163,0.0195425,-0.000815845,-0.00124866,0,0,-0.00194322,-0.00831654,0.00361551,99.4729,99.6129,99.4514,0.0306286,nan,0.261161,0.26022,0.262064,0.260391,0.26197,0.26022,0.26197,0.262064,0.260391,1,0,0.00169146,0,-0.000700807,0.000147398,-0.00150494,0.00245355,0.00375,0.00106229,0.00161728,-7.35844e-06,0.00508032,0.00428855,0.00390759,0.0535424,-0.00984877,9.84354,9.84369,0,1.23022
2.54,hover,-0.00617192,0.019626,-0.000900765,-0.000855984,0,0,-0.00196919,-0.00839691,0.00383097,99.4731,99.6131,99.4517,0.030679,nan,0.261161,0.260181,0.262091,0.260893,0.26148,0.260181,0.26148,0.262091,0.260893,1,0,0,0,-0.00350857,0.000192448,-0.00109714,0.00269767,0.00257019,0.00108033,0.0015613,-7.41068e-06,-0.0020123,0.00305636,-0.00817301,0.0528945,0.0388974,9.84414,9.84436,0,1.21213
2.55,hover,-0.00619276,0.0197098,-0.00116365,-0.000906195,0,0,-0.00205032,-0.00841763,0.00325413,99.4732,99.6132,99.4614,0.0377756,nan,0.261161,0.261068,0.260966,0.260945,0.261667,0.261068,0.261667,0.260966,0.260945,1,0,0.00119604,0,0.00218698,0.00109453,-0.000271993,0.00348649,0.00271929,0.0011238,0.00157089,-7.49202e-06,-0.00183578,0.00202065,0.0140851,-0.0331054,0.0894618,9.75876,9.75922,0,1.21631
2.56,hover,-0.00621393,0.0197938,-0.00123163,-0.00126008,0,0,-0.00203396,-0.008381,0.00329242,99.4734,99.6134,99.4617,0.0381684,nan,0.261162,0.260624,0.261505,0.26124,0.261278,0.260624,0.261278,0.261505,0.26124,1,0,0.00119604,0,-0.00223769,0.000734614,-0.000404088,0.00370155,0.00377537,0.00113845,0.00163301,-7.04153e-06,0.00556997,-0.00161535,-0.00742662,-0.0802536,-0.0275147,9.80232,9.80269,0,1.24012
2.57,hover,-0.00623477,0.0198769,-0.00124321,-0.00133086,0,0,-0.00202255,-0.00826799,0.00301872,99.4736,99.6136,99.4723,0.0459403,nan,0.261162,0.26238,0.25957,0.262843,0.259854,0.26238,0.259854,0.25957,0.262843,1,0,0.00119604,0,-0.000473349,0.00141541,0.00254881,0.00372848,0.00400029,0.00114261,0.00164769,-6.99471e-06,0.000388846,0.00677253,0.00344371,-0.0705894,-0.0377188,9.81156,9.81189,0,1.24884
2.58,hover,-0.00625533,0.0199592,-0.00130586,-0.00158427,0,0,-0.00201982,-0.00822952,0.00176343,99.4738,99.6138,99.4728,0.0460488,nan,0.261162,0.261083,0.261377,0.260986,0.261203,0.261083,0.261203,0.261377,0.260986,1,0,0.00195312,0,-0.000204618,-0.000511577,-0.000224776,0.0039175,0.00474613,0.00115509,0.00169504,-6.50393e-06,0.00112181,-0.00276102,0.00727007,-0.0411126,-0.122221,9.82474,9.82559,0,1.26706
2.59,hover,-0.00627585,0.0200413,-0.00128735,-0.00155746,0,0,-0.00200491,-0.00822935,0.00135745,99.4739,99.6139,99.4569,0.034293,nan,0.261162,0.261255,0.261137,0.260774,0.261484,0.261255,0.261484,0.261137,0.260774,1,0,0.00195312,0,0.00219834,-0.000254708,-0.000260152,0.00386278,0.00467942,0.00115337,0.00169627,-6.43551e-06,0.00164461,0.00638521,0.00207472,0.0348185,-0.146228,9.81568,9.81683,0,1.27065
2.6,hover,-0.00629566,0.0201235,-0.00171345,-0.00174215,0,0,-0.00191427,-0.00821844,0.00155457,99.4741,99.6141,99.4572,0.0344876,nan,0.261163,0.261075,0.261073,0.260978,0.261524,0.261075,0.261524,0.261073,0.260978,1,0,0.0020716,0,0.00145144,0.000670277,-0.000239006,0.00514261,0.00524739,0.0012249,0.00173016,-6.64658e-06,0.00273006,0.0156951,-0.00200404,-0.00809641,-0.0791664,9.82252,9.82284,0,1.28073
2.61,hover,-0.00631462,0.0202055,-0.00113133,-0.00167385,0,0,-0.00179732,-0.00820712,0.00132964,99.4743,99.6143,99.4781,0.0495281,nan,0.261163,0.261196,0.260914,0.26143,0.261111,0.261196,0.261111,0.260914,0.26143,1,0,0.00182698,0,-9.42541e-05,0.00081722,0.000264304,0.00338997,0.00502684,0.00113567,0.001725,-5.60081e-06,-0.00155048,0.00526157,-0.00324307,0.0676439,-0.0025732,9.81495,9.81518,0,1.2888
2.62,hover,-0.00633214,0.0202877,-0.000907649,-0.00153568,0,0,-0.00167557,-0.0082718,0.00139179,99.4745,99.6145,99.4785,0.0496457,nan,0.261163,0.260621,0.261728,0.260653,0.261651,0.260621,0.261651,0.261728,0.260653,1,0,0.00119604,0,-0.00028718,-8.50803e-05,-0.000925433,0.002724,0.00461752,0.00110785,0.00170804,-5.44128e-06,0.00180008,0.00870784,-0.00551266,0.104383,-0.0162766,9.74745,9.74803,0,1.28886
2.63,hover,-0.00634923,0.0203705,-0.00092598,-0.00147096,0,0,-0.00167372,-0.00830622,0.000928642,99.4747,99.6147,99.4854,0.0543539,nan,0.261163,0.260114,0.262119,0.259837,0.262584,0.260114,0.262584,0.262119,0.259837,1,0,0.00154408,0,0.00196816,0.00035577,-0.00208868,0.0027833,0.0044276,0.00111157,0.00170374,-5.5251e-06,0.00469998,0.0115068,0.00777786,0.0650655,0.042766,9.81439,9.8147,0,1.28986
2.64,hover,-0.00636626,0.0204535,-0.000917758,-0.00139859,0,0,-0.00168495,-0.00830906,0.00269727,99.4748,99.6148,99.486,0.0546135,nan,0.261164,0.261807,0.260657,0.261688,0.260503,0.261807,0.260503,0.260657,0.261688,1,0,0.00169146,0,-9.49392e-05,-0.000516694,0.00102667,0.00276442,0.00420189,0.00111795,0.0016948,-5.76743e-06,0.00854916,0.00576703,-0.0021682,0.0548678,0.0479512,9.82616,9.82643,0,1.29079
2.65,hover,-0.00638417,0.0205361,-0.000883935,-0.00129914,0,0,-0.00180369,-0.00824553,0.00277324,99.475,99.615,99.4805,0.0503257,nan,0.261164,0.261256,0.261106,0.261364,0.26093,0.261256,0.26093,0.261106,0.261364,1,0,0.00138107,0,-0.000750767,-0.000129528,0.000256762,0.0026677,0.00390923,0.00111378,0.00168245,-5.7587e-06,0.0117154,0.00955493,0.00358635,0.108598,0.0605586,9.78924,9.79003,0,1.29055
2.66,hover,-0.00640337,0.0206183,-0.000712831,-0.00132356,0,0,-0.00197423,-0.00822982,0.00158355,99.4752,99.6152,99.4809,0.0503907,nan,0.261164,0.259405,0.263127,0.259382,0.262743,0.259405,0.262743,0.263127,0.259382,1,0,0.000690534,0,-0.00095837,-0.000773392,-0.0031131,0.00213617,0.00397235,0.0010896,0.00169198,-5.50464e-06,-0.000448298,0.00280948,0.0069279,-0.0518976,-0.00474351,9.81205,9.81219,0,1.29912
2.67,hover,-0.00642491,0.0206998,-0.000758257,-0.0014554,0,0,-0.00224218,-0.00807975,0.00303029,99.4754,99.6154,99.4964,0.0615921,nan,0.261164,0.260261,0.261803,0.260928,0.261666,0.260261,0.261666,0.261803,0.260928,1,0,0.00154408,0,-0.00213309,0.00100267,-0.00100195,0.00229436,0.00437912,0.0011001,0.00171521,-5.7286e-06,0.0141823,0.0103127,0.014302,0.0368086,0.0296607,9.73681,9.73693,0,1.31065
2.68,hover,-0.00644935,0.0207799,-0.000942659,-0.00148429,0,0,-0.00249922,-0.00797204,0.00369081,99.4755,99.6155,99.497,0.0617705,nan,0.261165,0.26236,0.259962,0.262317,0.26002,0.26236,0.26002,0.259962,0.262317,1,0,0.00169146,0,0.000265486,2.83741e-05,0.00206313,0.0028378,0.00445423,0.00112704,0.00172673,-6.18084e-06,0.00766958,0.00263739,-0.00614205,-0.0820829,0.00485662,9.75135,9.75169,0,1.31453
2.69,hover,-0.00647595,0.0208589,-0.00115807,-0.00172747,0,0,-0.00269303,-0.00785763,0.00312059,99.4757,99.6157,99.4788,0.0480704,nan,0.261165,0.261948,0.260095,0.261913,0.260704,0.261948,0.260704,0.260095,0.261913,1,0,0.00154408,0,0.00171041,0.00108764,0.00134616,0.00346583,0.00517555,0.00116445,0.00176886,-6.74968e-06,-0.00439396,-0.00281883,0.0125402,-0.0971225,-0.0566346,9.80263,9.80327,0,1.33003
2.7,hover,-0.00650441,0.0209371,-0.00105261,-0.00143067,0,0,-0.00289667,-0.00782677,0.00231362,99.4759,99.6159,99.4792,0.0481731,nan,0.261165,0.261469,0.261236,0.261,0.260956,0.261469,0.260956,0.261236,0.261,1,0,0.00154408,0,0.000501184,-0.00141775,0.000121721,0.00315737,0.0042833,0.00114819,0.00172732,-6.95842e-06,0.000831663,-0.00407628,-0.00854398,0.0316368,-0.0419366,9.81217,9.81231,0,1.31958
2.71,hover,-0.00653464,0.0210146,-0.000836786,-0.00136369,0,0,-0.00306004,-0.00766587,0.00186838,99.4761,99.6161,99.5032,0.0653036,nan,0.261166,0.260112,0.262215,0.260746,0.26159,0.260112,0.26159,0.262215,0.260746,1,0,0.00138107,0,-0.00333915,1.76422e-05,-0.0012957,0.00253703,0.00408556,0.00111877,0.0017233,-6.87481e-06,0.0188932,-0.00194387,-0.0038579,0.0415207,-0.00644368,9.77515,9.77524,0,1.3235
2.72,hover,-0.00656644,0.0210904,-0.00126404,-0.00118273,0,0,-0.00317642,-0.00754861,0.00251118,99.4763,99.6163,99.5038,0.0656771,nan,0.261166,0.262475,0.259881,0.262312,0.259996,0.262475,0.259996,0.259881,0.262312,1,0,0.00169146,0,0.000736381,-9.14837e-05,0.00215844,0.00377174,0.00355001,0.00118703,0.00170239,-7.51951e-06,-0.0123922,0.00291412,-0.00225948,0.0618282,-0.000787502,9.85661,9.85681,0,1.31237
2.73,hover,-0.00659869,0.0211652,-0.00094069,-0.00130156,0,0,-0.00320063,-0.00740557,0.00110723,99.4764,99.6164,99.4848,0.0517081,nan,0.261166,0.260443,0.261748,0.260389,0.262085,0.260443,0.262085,0.261748,0.260389,1,0,0.00138107,0,0.00103797,0.000536452,-0.00131937,0.0028124,0.00391333,0.0011387,0.00172495,-6.96766e-06,-0.0053033,0.00749311,-0.000348231,0.0544648,0.0228309,9.72755,9.72773,0,1.32789
2.74,hover,-0.00663124,0.0212381,-0.000973123,-0.00124855,0,0,-0.00323934,-0.00719045,0.00169049,99.4766,99.6166,99.4852,0.0519348,nan,0.261167,0.261913,0.260204,0.26227,0.26028,0.261913,0.26028,0.260204,0.26227,1,0,0.000976562,0,-0.000741768,0.000821199,0.00162565,0.00293243,0.00374223,0.0011467,0.00172027,-7.21027e-06,0.00985675,-0.000556775,-0.00177693,0.0663788,-0.0144554,9.83169,9.83192,0,1.329
2.75,hover,-0.00666439,0.0213091,-0.0011266,-0.00115295,0,0,-0.00330917,-0.00703532,0.00199868,99.4768,99.6168,99.4745,0.0440353,nan,0.261167,0.262209,0.26006,0.262072,0.260327,0.262209,0.260327,0.26006,0.262072,1,0,0.00154408,0,0.00106972,0.000246946,0.00171206,0.00338895,0.00346207,0.00117374,0.00170656,-7.46391e-06,0.00728179,0.00385325,0.00121533,0.123225,0.0425089,9.84202,9.84288,0,1.32601
2.76,hover,-0.00669769,0.0213785,-0.00111772,-0.00135194,0,0,-0.00326409,-0.00684667,0.00145307,99.477,99.617,99.475,0.0442794,nan,0.261167,0.261514,0.260972,0.260918,0.261265,0.261514,0.261265,0.260972,0.260918,1,0,0.00154408,0,0.00235713,-0.000573693,8.55736e-05,0.00335435,0.00405842,0.00117026,0.00174171,-7.15319e-06,0.00194849,0.00347974,-0.00419917,0.0483975,0.0576823,9.96571,9.966,0,1.34154
2.77,hover,-0.00673011,0.0214459,-0.00123121,-0.00152264,0,0,-0.00313278,-0.00668222,0.00234432,99.4771,99.6171,99.4731,0.0424606,nan,0.261168,0.260781,0.261781,0.260088,0.26202,0.260781,0.26202,0.261781,0.260088,1,0,0.00154408,0,0.00247255,-0.000859554,-0.00128836,0.0037,0.00456389,0.00118855,0.0017731,-7.27119e-06,0.00544013,-0.000920354,0.00258731,0.0104669,0.0382301,9.79747,9.79755,0,1.35376
2.78,hover,-0.00676117,0.0215118,-0.00115127,-0.00152156,0,0,-0.00296946,-0.00650023,0.00227012,99.4773,99.6173,99.4735,0.0427172,nan,0.261168,0.261726,0.260332,0.261737,0.260877,0.261726,0.260877,0.260332,0.261737,1,0,0.00154408,0,0.00141747,0.00105236,0.000990522,0.00346617,0.00456113,0.00117905,0.00177391,-7.12914e-06,0.00942829,-0.000587908,0.00194674,-0.0388859,0.0256718,9.77111,9.77123,0,1.35884
2.79,hover,-0.00679076,0.0215756,-0.00140602,-0.00149211,0,0,-0.00283651,-0.00627999,0.00247582,99.4775,99.6175,99.4894,0.0539717,nan,0.261168,0.260877,0.261427,0.260943,0.261426,0.260877,0.261426,0.261427,0.260943,1,0,0.00195312,0,-0.000175432,0.000124761,-0.000454025,0.00423558,0.00449169,0.00122197,0.00177256,-7.86697e-06,0.0129031,0.0120161,0.000267812,-0.00706975,0.00353673,9.76191,9.76191,0,1.35785
2.8,hover,-0.00681895,0.0216374,-0.00133253,-0.00144572,0,0,-0.00271137,-0.00611286,0.00165555,99.4777,99.6177,99.4901,0.0540669,nan,0.261169,0.260904,0.261364,0.260898,0.261508,0.260904,0.261508,0.261364,0.260898,1,0,0.00169146,0,0.000398435,0.000260983,-0.000470188,0.00399736,0.0043346,0.00121741,0.00176776,-8.09057e-06,0.00105062,5.76292e-05,-0.00608349,-0.070853,-0.0234696,9.75014,9.75043,0,1.36002
2.81,hover,-0.00684604,0.021698,-0.00103719,-0.00169171,0,0,-0.00263052,-0.00601768,0.00179057,99.4778,99.6178,99.4992,0.0605606,nan,0.261169,0.261035,0.261182,0.260971,0.261489,0.261035,0.261489,0.261182,0.260971,1,0,0.0020716,0,0.000984192,0.000461231,-0.00029228,0.00311254,0.00507504,0.00117451,0.00181087,-6.87355e-06,0.00182195,0.00175891,-0.000560352,-0.0430914,-0.071144,9.93388,9.93423,0,1.38136
2.82,hover,-0.00687246,0.0217575,-0.00133134,-0.00199411,0,0,-0.00258762,-0.00591647,0.00148474,99.478,99.618,99.4998,0.0607246,nan,0.261169,0.261602,0.260758,0.261195,0.261121,0.261602,0.261121,0.260758,0.261195,1,0,0.00229024,0,0.00204059,-8.35379e-05,0.00040359,0.00399411,0.0059625,0.00122499,0.00185621,-7.50714e-06,0.00130051,-0.0113623,0.00041776,0.0134631,-0.132437,9.88812,9.88901,0,1.39806
2.83,hover,-0.0068987,0.0218165,-0.00137524,-0.00200049,0,0,-0.00259705,-0.00590641,0.00196718,99.4782,99.6182,99.51,0.067812,nan,0.26117,0.262446,0.259544,0.26219,0.260498,0.262446,0.260498,0.259544,0.26219,1,0,0.00218366,0,0.00321125,0.00132204,0.00201951,0.00412893,0.00600495,0.00123545,0.00185996,-7.66786e-06,0.00337619,0.00417006,0.00174628,0.015011,-0.100026,9.87223,9.87275,0,1.4015
2.84,hover,-0.00692511,0.0218758,-0.000866125,-0.00188529,0,0,-0.00259219,-0.0059831,0.00221933,99.4784,99.6184,99.5106,0.067863,nan,0.26117,0.261997,0.25974,0.262057,0.260886,0.261997,0.260886,0.25974,0.262057,1,0,0.00154408,0,0.00288087,0.00228506,0.00150675,0.002599,0.00564453,0.00115997,0.0018414,-6.51093e-06,0.00158778,-0.00571687,0.00542402,0.0462225,-0.0214889,9.79299,9.79313,0,1.40546
2.85,hover,-0.00695145,0.0219362,-0.000612884,-0.00171294,0,0,-0.0025809,-0.00616017,0.00196256,99.4786,99.6186,99.5237,0.0770161,nan,0.26117,0.261396,0.260916,0.261034,0.261334,0.261396,0.261334,0.260916,0.261034,1,0,0.00169146,0,0.00206737,0.000104751,7.948e-05,0.00184239,0.00513798,0.00112366,0.00181438,-6.13004e-06,0.00362414,0.00124589,0.00251239,0.130816,-0.0365261,9.78159,9.78254,0,1.4032
2.86,hover,-0.00697782,0.0219987,-0.000606731,-0.00201947,0,0,-0.00263335,-0.00638922,0.00127903,99.4787,99.6187,99.5245,0.0771166,nan,0.261171,0.260487,0.261751,0.260683,0.261761,0.260487,0.261761,0.261751,0.260683,1,0,0.0020716,0,-0.000489777,0.000389965,-0.00102923,0.0018248,0.00607325,0.00112872,0.00186302,-6.14819e-06,0.00418722,0.0117583,-0.00833105,0.122336,0.0427081,9.81875,9.81961,0,1.42414
2.87,hover,-0.0070049,0.0220638,-0.000805435,-0.0016709,0,0,-0.00270479,-0.00669648,0.00184009,99.4789,99.6189,99.5087,0.0653643,nan,0.261171,0.259742,0.26266,0.259844,0.262437,0.259742,0.262437,0.26266,0.259844,1,0,0.00169146,0,-0.000860578,-0.000229502,-0.00242225,0.00241572,0.00502358,0.00116102,0.00181327,-6.74749e-06,0.000753693,0.00907108,-0.00994678,0.127781,-0.0142115,9.84387,9.84471,0,1.40597
2.88,hover,-0.00703283,0.0221321,-0.000949976,-0.00194585,0,0,-0.00279344,-0.00698233,0.00220748,99.4791,99.6191,99.5093,0.0655614,nan,0.261171,0.262489,0.25999,0.262555,0.259651,0.262489,0.259651,0.25999,0.262555,1,0,0.00182698,0,-0.0010712,-0.000516587,0.00237468,0.00284892,0.00585666,0.00118863,0.00186289,-7.16718e-06,0.000528363,0.0145978,0.00353906,0.048659,0.025575,9.81079,9.81095,0,1.42343
2.89,hover,-0.00706172,0.0222029,-0.00088302,-0.00169287,0,0,-0.00288211,-0.00723856,0.00214374,99.4793,99.6193,99.4878,0.0499392,nan,0.261172,0.261074,0.261249,0.261233,0.261131,0.261074,0.261131,0.261249,0.261233,1,0,0.00182698,0,-0.000733715,7.86218e-05,-3.22597e-05,0.00264518,0.00509893,0.00118165,0.00182481,-7.02344e-06,-0.00139746,0.0153636,0.00453432,0.121192,0.0351467,9.84764,9.84845,0,1.41464
2.9,hover,-0.00709105,0.0222766,-0.00089889,-0.00202,0,0,-0.00290628,-0.00755494,0.00233152,99.4794,99.6194,99.4883,0.0501968,nan,0.261172,0.261042,0.260778,0.261691,0.261176,0.261042,0.261176,0.260778,0.261691,1,0,0.0020716,0,-0.000667616,0.00198291,0.000342777,0.00271421,0.00605396,0.00118608,0.00187653,-7.26832e-06,0.0128879,-0.00215962,0.00272295,0.00400251,-0.0224276,9.73394,9.73397,0,1.43711
2.91,hover,-0.00712124,0.0223539,-0.000801265,-0.00190256,0,0,-0.00302929,-0.00795255,0.00243583,99.4796,99.6196,99.5128,0.0675718,nan,0.261172,0.260552,0.261692,0.260968,0.261477,0.260552,0.261477,0.261692,0.260968,1,0,0.00182698,0,-0.00166928,0.000380997,-0.000724794,0.00241164,0.00571647,0.00117421,0.00186127,-6.86759e-06,0.00642194,0.00771898,0.00833278,-0.106418,0.0136503,9.80278,9.80336,0,1.43667
2.92,hover,-0.00715241,0.0224347,-0.000730702,-0.00179268,0,0,-0.00310718,-0.0082264,0.00237417,99.4798,99.6198,99.5134,0.0677702,nan,0.261173,0.260229,0.26183,0.260546,0.262086,0.260229,0.262086,0.26183,0.260546,1,0,0.00154408,0,-0.000164094,0.00108654,-0.00138028,0.00218636,0.00537492,0.00116375,0.00185205,-6.66149e-06,-0.00266614,-0.000229748,-0.00127383,-0.0325391,-0.0284,9.87702,9.87711,0,1.43651
2.93,hover,-0.00718426,0.0225179,-0.000856069,-0.00170454,0,0,-0.00316595,-0.00846219,0.00220782,99.48,99.62,99.5428,0.0885758,nan,0.261173,0.260746,0.261355,0.260652,0.261938,0.260746,0.261938,0.261355,0.260652,1,0,0.00154408,0,0.00179496,0.000925785,-0.000833069,0.0025774,0.0051116,0.00118408,0.00184522,-6.86615e-06,0.00731258,0.000506579,0.000243892,-0.0806334,-0.0868639,9.90547,9.90618,0,1.43491
2.94,hover,-0.00721664,0.0226036,-0.000836436,-0.00158249,0,0,-0.00317763,-0.00872458,0.00254796,99.4801,99.6201,99.5437,0.0887812,nan,0.261173,0.260586,0.262061,0.260085,0.26196,0.260586,0.26196,0.262061,0.260085,1,0,0.00154408,0,0.00106069,-0.00114037,-0.00147222,0.00249847,0.00474612,0.00118318,0.00183676,-7.0829e-06,-0.00604133,0.000943064,-0.00178625,-0.0245907,-0.0840844,9.81802,9.81841,0,1.43363
2.95,hover,-0.00724896,0.0226917,-0.000510661,-0.00165659,0,0,-0.00313967,-0.00893026,0.00304869,99.4803,99.6203,99.5664,0.104637,nan,0.261174,0.26083,0.261551,0.260694,0.26162,0.26083,0.26162,0.261551,0.260694,1,0,0.00154408,0,0.000546023,-0.000126916,-0.000723526,0.00153334,0.00499734,0.00113602,0.00185285,-6.78398e-06,0.00202994,0.0202459,-0.00583503,0.0151671,-0.0958012,9.78782,9.7883,0,1.44785
2.96,hover,-0.00728107,0.0227815,-0.000621985,-0.00177969,0,0,-0.00316423,-0.00907669,0.00271052,99.4805,99.6205,99.5675,0.104845,nan,0.261174,0.262353,0.260042,0.261964,0.260338,0.262353,0.260338,0.260042,0.261964,1,0,0.00154408,0,0.00181945,-0.000174815,0.00172996,0.00184714,0.00534248,0.00115563,0.00187594,-6.86674e-06,-0.0113844,0.00414499,-0.000623936,0.0629775,0.0187516,9.82499,9.82521,0,1.45847
2.97,hover,-0.00731324,0.0228727,-0.000641083,-0.00154782,0,0,-0.00313385,-0.00918628,0.00255095,99.4807,99.6207,99.5665,0.103673,nan,0.261174,0.261399,0.260649,0.26167,0.26098,0.261399,0.26098,0.260649,0.26167,1,0,0.00138107,0,0.000157809,0.00114037,0.000633095,0.00195838,0.00464997,0.00116238,0.00184737,-7.12252e-06,0.0245854,0.00618827,-0.00157715,0.103177,0.0447322,9.81819,9.81884,0,1.45087
2.98,hover,-0.00734481,0.0229646,-0.000461607,-0.00174244,0,0,-0.00304147,-0.0092441,0.00229813,99.4808,99.6208,99.5676,0.104062,nan,0.261175,0.260722,0.26165,0.261072,0.261256,0.260722,0.261256,0.26165,0.261072,1,0,0.00169146,0,-0.00197686,-8.39913e-05,-0.000488842,0.00139071,0.00524288,0.00113656,0.00188407,-6.86731e-06,0.00507392,0.0122613,0.00467574,0.036874,0.0643462,9.7722,9.77248,0,1.46987
2.99,hover,-0.00737563,0.0230572,-0.000814559,-0.00180262,0,0,-0.00305224,-0.00931716,0.00207301,99.481,99.621,99.5827,0.11433,nan,0.261175,0.260493,0.261816,0.2606,0.261792,0.260493,0.261792,0.261816,0.2606,1,0,0.00182698,0,-0.000347706,0.000158047,-0.00110557,0.00245682,0.0054111,0.00119422,0.00189715,-7.98981e-06,0.00996229,0.00405396,0.00208444,0.109546,0.116457,9.83781,9.83911,0,1.47363
3,hover,-0.00740716,0.0231507,-0.000810264,-0.00166311,0,0,-0.00312332,-0.00943367,0.00266664,99.4812,99.6212,99.5839,0.114604,nan,0.261176,0.261479,0.261036,0.261866,0.260322,0.261479,0.260322,0.261036,0.261866,1,0,0.00182698,0,-0.00291925,-0.000618473,0.000872885,0.00243385,0.00500788,0.00119266,0.00188203,-8.12375e-06,0.00322483,0.0142484,-0.00359215,0.00875263,-0.012954,9.86251,9.86252,0,1.47159
3.01,hover,-0.00743922,0.0232455,-0.0013469,-0.00140901,0,0,-0.00316104,-0.00954959,0.00257782,99.4814,99.6214,99.5895,0.117896,nan,0.261176,0.260824,0.262056,0.260147,0.261676,0.260824,0.261676,0.262056,0.260147,1,0,0.00154408,0,0.000787951,-0.00200195,-0.00121335,0.00406069,0.00423819,0.00127218,0.00185047,-9.72831e-06,0.014587,0.0092872,-0.00437276,-0.0529696,0.0191352,9.81453,9.81469,0,1.45575
3.02,hover,-0.00747147,0.0233408,-0.00125038,-0.00142287,0,0,-0.00313066,-0.00952879,0.00247634,99.4815,99.6215,99.5908,0.118119,nan,0.261176,0.260057,0.26231,0.259915,0.262423,0.260057,0.262423,0.26231,0.259915,1,0,0.00154408,0,0.000675567,-5.49226e-05,-0.00209277,0.00376401,0.00426959,0.00125582,0.00185924,-9.35933e-06,0.0098479,0.00250553,0.00301747,-0.00550718,0.0231384,9.77151,9.77154,0,1.46357
3.03,hover,-0.00750295,0.0234355,-0.00122501,-0.00170237,0,0,-0.0030284,-0.00945947,0.0030061,99.4817,99.6217,99.6036,0.126873,nan,0.261177,0.262412,0.259949,0.261856,0.260491,0.262412,0.260491,0.259949,0.261856,1,0,0.00195312,0,0.00291025,-2.71617e-05,0.00168223,0.00367844,0.00511127,0.00125331,0.00190723,-8.55452e-06,0.00354878,0.00467756,0.0102538,-0.0853145,-0.052088,9.83772,9.83822,0,1.48518
3.04,hover,-0.00753317,0.0235296,-0.00112198,-0.00148899,0,0,-0.00286905,-0.00935665,0.00200802,99.4819,99.6219,99.6049,0.127075,nan,0.261177,0.262123,0.26008,0.261866,0.260639,0.262123,0.260639,0.26008,0.261866,1,0,0.00169146,0,0.00216472,0.000572849,0.00143743,0.00337059,0.00446047,0.00123373,0.00188159,-8.38981e-06,0.00434709,-0.00246371,0.00265246,-0.0123728,-0.0775958,9.78572,9.78604,0,1.48036
3.05,hover,-0.00756152,0.0236223,-0.000985514,-0.00173878,0,0,-0.0027149,-0.00918301,0.00215411,99.4821,99.6221,99.6162,0.134312,nan,0.261178,0.261546,0.26107,0.261282,0.260812,0.261546,0.260812,0.26107,0.261282,1,0,0.00182698,0,1.35824e-05,-0.000987923,0.000415508,0.00297149,0.00521551,0.00121643,0.00192796,-7.80435e-06,0.0111913,0.00138247,0.00559354,0.00444961,-0.0111742,9.79377,9.79378,0,1.5017
3.06,hover,-0.00758864,0.0237126,-0.00116253,-0.00175936,0,0,-0.0025908,-0.00889382,0.00230168,99.4822,99.6222,99.6176,0.134399,nan,0.261178,0.261713,0.260324,0.26142,0.261255,0.261713,0.261255,0.260324,0.26142,1,0,0.00182698,0,0.00324616,0.00120925,0.000682638,0.00348268,0.00527189,0.00124688,0.00193509,-8.29769e-06,-0.00202322,-0.00219304,0.00300362,0.0357437,-0.0287897,9.76701,9.76712,0,1.50579
3.07,hover,-0.00761445,0.0238003,-0.0012118,-0.00160581,0,0,-0.00248152,-0.00870143,0.00170631,99.4824,99.6224,99.6238,0.137902,nan,0.261179,0.26119,0.261222,0.260794,0.261509,0.26119,0.261509,0.261222,0.260794,1,0,0.00182698,0,0.00180958,-0.000206246,-0.000328218,0.00363347,0.00481649,0.00125547,0.0019201,-8.69495e-06,-2.97177e-05,0.00130742,-0.00381962,0.0352001,-0.0530341,9.71118,9.71139,0,1.50181
3.08,hover,-0.00763915,0.0238864,-0.001273,-0.00180172,0,0,-0.00234688,-0.00851969,0.00241854,99.4826,99.6226,99.6252,0.137942,nan,0.261179,0.261738,0.260692,0.261365,0.26092,0.261738,0.26092,0.260692,0.261365,1,0,0.00182698,0,0.00159462,-0.000274199,0.000655624,0.00381021,0.00541788,0.00126724,0.00195714,-8.37659e-06,-0.0045781,0.0104497,-0.000521099,0.140133,0.0273967,9.7046,9.70565,0,1.51702
3.09,hover,-0.00766242,0.0239703,-0.00108889,-0.00174573,0,0,-0.00214552,-0.00831794,0.0030578,99.4828,99.6228,99.619,0.132846,nan,0.261179,0.262098,0.26039,0.261667,0.260562,0.262098,0.260562,0.26039,0.261667,1,0,0.0020716,0,0.0015978,-0.000492118,0.00123642,0.00328122,0.0052372,0.00123909,0.00195283,-7.97277e-06,0.0109479,0.001955,0.00145852,0.0506198,0.0820247,9.75219,9.75266,0,1.5214
3.1,hover,-0.00768318,0.0240526,-0.00106261,-0.00174098,0,0,-0.00181684,-0.00821195,0.00393271,99.4829,99.6229,99.6204,0.13306,nan,0.26118,0.261756,0.26057,0.262114,0.260278,0.261756,0.260278,0.26057,0.262114,1,0,0.00154408,0,-0.00172407,0.000125251,0.00132847,0.00319378,0.0052325,0.00123685,0.00195657,-8.06792e-06,0.00518464,0.00832819,-0.00700202,0.0937268,0.023379,9.80898,9.80946,0,1.52637
3.11,hover,-0.00770097,0.0241343,-0.00128817,-0.00170135,0,0,-0.00156541,-0.00817122,0.00230844,99.4831,99.6231,99.6129,0.126929,nan,0.26118,0.261561,0.260962,0.261319,0.26088,0.261561,0.26088,0.260962,0.261319,1,0,0.00182698,0,0.000424956,-0.000613776,0.000456069,0.0038781,0.00510899,0.00127323,0.00195441,-8.77253e-06,0.0103281,0.00524869,-0.00112876,0.021635,-0.0190067,9.88344,9.88348,0,1.52587
3.12,hover,-0.00771553,0.0242157,-0.00113073,-0.00169928,0,0,-0.00122383,-0.00815625,0.00191524,99.4833,99.6233,99.6141,0.1271,nan,0.261181,0.260948,0.261482,0.260905,0.261389,0.260948,0.261389,0.261482,0.260905,1,0,0.00154408,0,-0.000131673,-0.000257526,-0.000447579,0.00340483,0.00510617,0.00125414,0.00195931,-8.52805e-06,0.00967993,0.00751143,-0.00120057,0.0289666,0.0929045,9.8531,9.85358,0,1.53262
3.13,hover,-0.00772691,0.0242974,-0.00164994,-0.00158231,0,0,-0.000947724,-0.00820608,0.00217211,99.4835,99.6235,99.6108,0.124018,nan,0.261181,0.260347,0.261961,0.260295,0.262122,0.260347,0.262122,0.261961,0.260295,1,0,0.00218366,0,0.000563729,0.000206479,-0.00151269,0.00494944,0.00475778,0.00133239,0.001946,-1.03294e-05,0.00107823,0.00918114,-0.00356952,-0.0249297,-0.0252007,9.79304,9.7931,0,1.52395
3.14,hover,-0.00773559,0.0243795,-0.00177024,-0.00170968,0,0,-0.00069025,-0.00826168,0.00162893,99.4836,99.6236,99.6121,0.124316,nan,0.261182,0.262056,0.260154,0.262492,0.260024,0.262056,0.260024,0.260154,0.262492,1,0,0.00229024,0,-0.00150185,0.000578445,0.00192061,0.00531378,0.00512891,0.00135584,0.00196728,-1.07628e-05,0.00338825,0.00189401,-0.00206571,-0.0295775,0.0889551,9.7686,9.76905,0,1.53426
3.15,hover,-0.00774196,0.0244623,-0.00198481,-0.00165877,0,0,-0.000529567,-0.00831397,0.00074829,99.4838,99.6238,99.6196,0.129145,nan,0.261182,0.260626,0.261702,0.260349,0.262052,0.260626,0.262052,0.261702,0.260349,1,0,0.00229024,0,0.00166203,0.000139101,-0.00122157,0.00595963,0.00497579,0.00138918,0.00196151,-1.12487e-05,0.00487744,0.00160554,0.005752,-0.0767828,-0.0724263,9.85478,9.85535,0,1.53352
3.16,hover,-0.00774682,0.0245453,-0.00239468,-0.00193246,0,0,-0.0003726,-0.00828466,0.00156226,99.484,99.624,99.6208,0.129384,nan,0.261183,0.259947,0.262092,0.260273,0.262418,0.259947,0.262418,0.262092,0.260273,1,0,0.00308816,0,-2.09012e-06,0.00123594,-0.00188552,0.00717843,0.00577855,0.00145104,0.00200548,-1.08371e-05,-0.00227878,-0.0105521,-0.000803809,-0.0276475,-0.0665969,9.85797,9.85824,0,1.5489
3.17,hover,-0.00775007,0.0246281,-0.00215146,-0.00219303,0,0,-0.00017755,-0.00831053,0.0019707,99.4842,99.6242,99.6266,0.132731,nan,0.261183,0.261782,0.260324,0.261489,0.261138,0.261782,0.261138,0.260324,0.261489,1,0,0.00276214,0,0.00293708,0.000986696,0.00079511,0.00647404,0.00657476,0.0014207,0.00204784,-8.3167e-06,0.0145266,-0.000841659,-0.00483205,0.0037429,0.0132141,9.90756,9.90757,0,1.57093
3.18,hover,-0.0077509,0.0247115,-0.00238649,-0.00235323,0,0,0.000105388,-0.00839446,0.00184213,99.4843,99.6243,99.628,0.132839,nan,0.261183,0.259823,0.262689,0.259697,0.262525,0.259823,0.262525,0.262689,0.259697,1,0,0.00331169,0,-9.8113e-05,-0.00054882,-0.00250259,0.00716326,0.0070632,0.00145865,0.00207609,-8.42857e-06,0.00398128,0.00441396,-0.00272966,0.00681891,0.00196232,9.85069,9.85069,0,1.58203
3.19,hover,-0.00774965,0.0247956,-0.00209056,-0.0022769,0,0,0.000252988,-0.0085082,0.00249883,99.4845,99.6245,99.6272,0.131597,nan,0.261184,0.261676,0.26072,0.26191,0.260429,0.261676,0.260429,0.26072,0.26191,1,0,0.00308816,0,-0.00139281,-0.000106118,0.00107103,0.00626039,0.00682691,0.0014219,0.00206666,-7.77925e-06,-0.00610416,-0.000460942,-0.00402197,0.0546338,0.0395773,9.82735,9.82758,0,1.58572
3.2,hover,-0.00774753,0.0248814,-0.00203951,-0.00245974,0,0,0.000295844,-0.00868542,0.00168884,99.4847,99.6247,99.6286,0.131887,nan,0.261184,0.261276,0.260892,0.26155,0.26102,0.261276,0.26102,0.260892,0.26155,1,0,0.00292969,0,-0.000386433,0.000761838,0.000401779,0.00613145,0.00739261,0.00141946,0.00209965,-6.57137e-06,0.01002,0.0110436,-0.00554179,0.0620188,-0.00986543,9.82639,9.82659,0,1.60134
3.21,hover,-0.00774464,0.0249685,-0.00205776,-0.00212777,0,0,0.000381211,-0.00877821,0.00220503,99.4849,99.6249,99.6095,0.117521,nan,0.261185,0.260647,0.261612,0.261139,0.26134,0.260647,0.26134,0.261612,0.261139,1,0,0.00267443,0,-0.00202716,0.000416988,-0.000512519,0.00618987,0.00639862,0.00142788,0.0020538,-8.56868e-06,0.012509,0.0122478,0.00191984,0.0456182,-0.0374768,9.84937,9.84955,0,1.58736
3.22,hover,-0.00774111,0.025057,-0.00197327,-0.00213414,0,0,0.000475623,-0.00899472,0.00266132,99.485,99.625,99.6108,0.117592,nan,0.261185,0.262526,0.260023,0.262301,0.259891,0.262526,0.259891,0.260023,0.262301,1,0,0.00267443,0,0.000246865,-0.000676314,0.00215952,0.00592599,0.00641822,0.00142167,0.00205753,-8.33334e-06,0.00552817,0.0126109,-0.00920631,0.0788442,0.0130595,9.85173,9.85205,0,1.5936
3.23,hover,-0.00773654,0.025148,-0.00202115,-0.00205803,0,0,0.000553026,-0.00927427,0.00266167,99.4852,99.6252,99.5842,0.0979778,nan,0.261186,0.261372,0.261222,0.261256,0.260893,0.261372,0.260893,0.261222,0.261256,1,0,0.00284714,0,-0.000564788,-0.000844775,0.000225519,0.00606899,0.00618323,0.0014339,0.00205521,-8.79882e-06,0.00516106,0.00812581,0.00958203,0.0330887,0.0288302,9.87905,9.87915,0,1.59384
3.24,hover,-0.00773145,0.0252417,-0.00203875,-0.00196657,0,0,0.000584669,-0.00948614,0.00125093,99.4854,99.6254,99.5851,0.0981664,nan,0.261186,0.260967,0.261402,0.260949,0.261427,0.260967,0.261427,0.261402,0.260949,1,0,0.00248976,0,0.0001131,1.3965e-05,-0.000401522,0.00612722,0.00589847,0.00144436,0.00204655,-9.52936e-06,0.00875252,0.00122354,-0.00265148,-0.0311055,0.100546,9.77366,9.77423,0,1.5937
3.25,hover,-0.00772567,0.0253375,-0.00222573,-0.00196227,0,0,0.000637206,-0.00969846,0.00138354,99.4855,99.6255,99.584,0.0969541,nan,0.261187,0.260162,0.262139,0.260571,0.261874,0.260162,0.261874,0.262139,0.260571,1,0,0.00267443,0,-0.00178924,0.000271044,-0.00144129,0.00668463,0.00588868,0.00147729,0.00205239,-1.01874e-05,0.00644945,0.00328686,0.000286497,-0.120857,-0.0209184,9.84635,9.84711,0,1.59669
3.26,hover,-0.00771968,0.025435,-0.00188804,-0.00202058,0,0,0.000632968,-0.00982263,0.00247671,99.4857,99.6257,99.5849,0.0972144,nan,0.261187,0.26154,0.261021,0.260958,0.261229,0.26154,0.261229,0.261021,0.260958,1,0,0.00267443,0,0.00209832,-0.000707278,0.000109299,0.0056595,0.00605237,0.00143193,0.00206819,-9.02755e-06,-0.00163566,-0.00419978,0.00760097,-0.078669,-0.0147591,9.75024,9.75057,0,1.60915
3.27,hover,-0.00771408,0.0255332,-0.00179365,-0.0020792,0,0,0.000617692,-0.00978834,0.00197185,99.4859,99.6259,99.6043,0.110559,nan,0.261188,0.260529,0.26152,0.261407,0.261295,0.260529,0.261295,0.26152,0.261407,1,0,0.00248976,0,-0.0029241,0.00123632,-0.000385857,0.0053839,0.00624062,0.00142627,0.00208555,-8.51784e-06,0.00338767,0.00410212,-0.000863884,-0.0583945,-0.0553252,9.87956,9.87989,0,1.61896
3.28,hover,-0.00770859,0.0256302,-0.00172871,-0.0020946,0,0,0.000606613,-0.00961213,0.00228974,99.4861,99.6261,99.6053,0.110761,nan,0.261188,0.261225,0.260779,0.261555,0.261193,0.261225,0.261193,0.260779,0.261555,1,0,0.00276214,0,0.000223117,0.00140908,0.00035465,0.0051977,0.00627788,0.00142295,0.00209509,-8.4107e-06,0.00911669,-0.00183632,-0.00660503,-0.0522554,-0.102495,9.8463,9.84698,0,1.62595
3.29,hover,-0.007703,0.0257252,-0.00154372,-0.00197815,0,0,0.000621613,-0.00944005,0.00148035,99.4862,99.6262,99.5862,0.0966083,nan,0.261189,0.26073,0.261895,0.260752,0.261378,0.26073,0.261378,0.261895,0.260752,1,0,0.00218366,0,-0.00142746,-0.000937975,-0.000787132,0.00463046,0.00593079,0.00140274,0.00208484,-8.12573e-06,0.000935925,-0.000348841,-0.00423717,-0.0162434,-0.018585,9.83836,9.83839,0,1.62687
3.3,hover,-0.00769775,0.0258186,-0.00159158,-0.00170381,0,0,0.000546452,-0.00928558,0.00285746,99.4864,99.6264,99.5871,0.0968359,nan,0.261189,0.261928,0.260594,0.261723,0.260511,0.261928,0.260511,0.260594,0.261723,1,0,0.00182698,0,0.000322383,-0.000546037,0.00111934,0.00476719,0.00511064,0.00141616,0.00204914,-8.94004e-06,-0.00362141,0.00150978,-0.00100194,0.0681127,0.00504103,9.8438,9.84404,0,1.61609
3.31,hover,-0.0076934,0.0259107,-0.00156634,-0.00158025,0,0,0.000475251,-0.00918447,0.00262906,99.4866,99.6266,99.5955,0.102275,nan,0.26119,0.259734,0.262678,0.259773,0.262574,0.259734,0.262574,0.262678,0.259773,1,0,0.0020716,0,-0.000378832,-0.000122919,-0.00252548,0.00470041,0.00475049,0.00141817,0.00203755,-9.1542e-06,0.00234455,0.00852408,-0.00470195,0.0668476,0.0415315,9.84807,9.84838,0,1.61457
3.32,hover,-0.00768966,0.0260021,-0.00150239,-0.0019103,0,0,0.00038989,-0.00914828,0.00232898,99.4868,99.6268,99.5966,0.102426,nan,0.26119,0.261169,0.261335,0.26101,0.261246,0.261169,0.261246,0.261335,0.26101,1,0,0.00229024,0,0.0001862,-0.000469208,-0.000176258,0.0045178,0.00573416,0.0014176,0.00208854,-8.08929e-06,0.00849848,0.0042663,-0.00110145,0.0417089,0.00517231,9.8069,9.80699,0,1.63889
3.33,hover,-0.00768703,0.0260934,-0.00146387,-0.0015578,0,0,0.000245916,-0.00916796,0.0019824,99.4869,99.6269,99.5814,0.0910845,nan,0.261191,0.260153,0.261925,0.260677,0.262007,0.260153,0.262007,0.261925,0.260677,1,0,0.00218366,0,-0.00117605,0.00114943,-0.00136342,0.00439204,0.00469486,0.00141635,0.00204359,-8.67349e-06,0.00169478,0.0163509,-0.00648135,0.0636193,0.0368637,9.78288,9.78316,0,1.62469
3.34,hover,-0.00768599,0.0261854,-0.00184365,-0.00131198,0,0,6.69084e-05,-0.00927231,0.0025814,99.4871,99.6271,99.5824,0.0912976,nan,0.261191,0.260479,0.261812,0.260761,0.261712,0.260479,0.261712,0.261812,0.260761,1,0,0.00182698,0,-0.00101177,0.000344499,-0.00100358,0.0055377,0.00394471,0.0014753,0.00201378,-9.24463e-06,0.00596455,0.0078767,-0.00745086,0.128646,0.0248423,9.78825,9.78913,0,1.61156
3.35,hover,-0.0076872,0.0262785,-0.0020873,-0.0014097,0,0,-0.000199962,-0.00939998,0.00207548,99.4873,99.6273,99.5739,0.0848068,nan,0.261192,0.261164,0.261311,0.260948,0.261343,0.261164,0.261343,0.261311,0.260948,1,0,0.00218366,0,0.00065996,-0.000348484,-0.000238131,0.00626802,0.00424362,0.00151638,0.00203416,-9.0317e-06,0.0056111,0.0117204,0.00140329,0.078022,0.0195748,9.84428,9.84461,0,1.61955
3.36,hover,-0.00769098,0.0263728,-0.00217171,-0.00144531,0,0,-0.000407782,-0.00946719,0.00274155,99.4874,99.6274,99.5749,0.085181,nan,0.261192,0.260999,0.261359,0.261117,0.261293,0.260999,0.261293,0.261359,0.261117,1,0,0.00267443,0,-0.000485971,9.9124e-05,-0.000235405,0.006522,0.00434657,0.00153067,0.00204325,-8.98836e-06,0.00610662,0.00913891,-0.00343825,-0.0404465,0.100713,9.90088,9.90147,0,1.62598
3.37,hover,-0.00769621,0.0264671,-0.0019761,-0.00142726,0,0,-0.000482968,-0.009427,0.00247935,99.4876,99.6276,99.5865,0.0930523,nan,0.261193,0.262021,0.260679,0.261521,0.260548,0.262021,0.260548,0.260679,0.261521,1,0,0.0020716,0,0.000977454,-0.00119681,0.00101784,0.00593476,0.00428909,0.00150688,0.00204988,-8.36417e-06,0.00581363,0.00692803,-0.00380831,-0.00496441,-0.113474,9.74235,9.74302,0,1.63246
3.38,hover,-0.00770142,0.0265607,-0.00215783,-0.00119964,0,0,-0.00044304,-0.00930096,0.0026273,99.4878,99.6278,99.5874,0.0932575,nan,0.261193,0.260935,0.261538,0.260844,0.261455,0.260935,0.261455,0.261538,0.260844,1,0,0.00239208,0,2.25837e-05,-0.000330734,-0.000533743,0.00647872,0.00360042,0.00153588,0.00202359,-9.27724e-06,0.0050166,0.00302851,0.000921553,-0.102137,0.0466964,9.74539,9.74604,0,1.62299
3.39,hover,-0.00770634,0.0266527,-0.00220663,-0.00146829,0,0,-0.000407663,-0.00911307,0.00215049,99.488,99.628,99.5921,0.0960554,nan,0.261194,0.259304,0.262883,0.259073,0.263515,0.259304,0.263515,0.262883,0.259073,1,0,0.00229024,0,0.00228877,0.000758394,-0.00352552,0.00663109,0.00440348,0.00154699,0.00206825,-8.29263e-06,0.00902053,0.001154,-0.00381211,-0.0115184,-0.0997616,9.77557,9.77608,0,1.64282
3.4,hover,-0.00771023,0.0267426,-0.0023311,-0.00122537,0,0,-0.000228002,-0.00887855,0.00185482,99.4881,99.6281,99.593,0.0963037,nan,0.261194,0.260369,0.261793,0.260267,0.262347,0.260369,0.262347,0.261793,0.260267,1,0,0.00248976,0,0.00173854,0.000857077,-0.0015404,0.00698322,0.00367949,0.00156756,0.00203932,-9.23586e-06,-0.00511393,0.00422735,0.024624,-0.024969,-0.0261776,9.89104,9.8911,0,1.63294
3.41,hover,-0.00771227,0.0268301,-0.00240509,-0.00122497,0,0,-2.46801e-05,-0.00862731,0.00267407,99.4883,99.6283,99.593,0.0957239,nan,0.261195,0.261031,0.261536,0.260753,0.261458,0.261031,0.261458,0.261536,0.260753,1,0,0.00239208,0,0.000533015,-0.000675393,-0.000532013,0.00722583,0.00368378,0.00158422,0.00204496,-9.006e-06,0.00862695,0.00797336,-0.00351625,-0.0894223,-0.0152985,9.80123,9.80165,0,1.6371
3.42,hover,-0.00771211,0.0269147,-0.00215927,-0.00133192,0,0,0.000245189,-0.0083552,0.00300949,99.4885,99.6285,99.594,0.0959936,nan,0.261195,0.261365,0.260915,0.261894,0.260606,0.261365,0.260606,0.260915,0.261894,1,0,0.0020716,0,-0.00222256,0.000418191,0.00076368,0.00649846,0.00400214,0.00155573,0.00206145,-8.2963e-06,0.0153198,0.00631084,0.00150865,0.0713784,-0.0679077,9.80489,9.80539,0,1.65045
3.43,hover,-0.00770923,0.0269971,-0.00201611,-0.00117351,0,0,0.000449897,-0.0081581,0.00262764,99.4886,99.6286,99.6105,0.107428,nan,0.261196,0.262834,0.259667,0.262793,0.259488,0.262834,0.259488,0.259667,0.262793,1,0,0.00182698,0,-0.000368553,-0.000415793,0.00284467,0.00606875,0.00351732,0.00154089,0.00204103,-9.02355e-06,0.0151392,-7.93067e-05,-0.00644487,0.0490852,-0.0751445,9.88293,9.88334,0,1.64768
3.44,hover,-0.00770485,0.0270776,-0.00163466,-0.00115538,0,0,0.000520279,-0.00796841,0.00200669,99.4888,99.6288,99.6115,0.107605,nan,0.261196,0.262207,0.260321,0.261454,0.260802,0.262207,0.260802,0.260321,0.261454,1,0,0.0020716,0,0.00327412,-0.000517106,0.00111545,0.00491316,0.00346562,0.00149502,0.00203956,-9.47234e-06,0.00760739,0.0017132,-0.00636877,0.132599,0.0538168,9.84191,9.84295,0,1.65542
3.45,hover,-0.00769943,0.0271562,-0.00172429,-0.00114583,0,0,0.000682274,-0.00780128,0.00135092,99.489,99.629,99.5937,0.0943493,nan,0.261197,0.262067,0.260376,0.261991,0.260352,0.262067,0.260352,0.260376,0.261991,1,0,0.00195312,0,0.000138417,-0.000190998,0.00146346,0.00517348,0.00343857,0.00151361,0.00203942,-9.5812e-06,0.00193551,0.00275223,0.00753301,0.0627581,0.110417,9.87304,9.87386,0,1.6582
3.46,hover,-0.00769212,0.0272337,-0.00150853,-0.00118574,0,0,0.000802327,-0.00773214,0.00118251,99.4892,99.6292,99.5946,0.0945515,nan,0.261197,0.260733,0.261685,0.260633,0.261737,0.260733,0.261737,0.261685,0.260633,1,0,0.00182698,0,0.00040304,-9.10871e-05,-0.000903857,0.0045463,0.00356626,0.00149005,0.00204286,-9.42418e-06,0.0152965,0.00807283,-0.000519282,0.00567188,0.0112597,9.88012,9.88013,0,1.66719
3.47,hover,-0.00768455,0.027311,-0.00150806,-0.00149941,0,0,0.000777053,-0.00774207,0.00103234,99.4893,99.6293,99.6035,0.100323,nan,0.261198,0.260307,0.261659,0.260869,0.261955,0.260307,0.261955,0.261659,0.260869,1,0,0.00218366,0,-0.000705365,0.00162523,-0.00107193,0.00454043,0.00450284,0.00149764,0.00208843,-9.34529e-06,0.0123404,0.00514045,0.00822592,0.0346319,0.0484822,9.82787,9.82805,0,1.68903
3.48,hover,-0.00767738,0.0273886,-0.00163942,-0.00118052,0,0,0.000740399,-0.00785017,0.00175154,99.4895,99.6295,99.6046,0.100443,nan,0.261198,0.261652,0.261042,0.261108,0.26099,0.261652,0.26099,0.261042,0.261108,1,0,0.00182698,0,0.00130332,-0.00112939,0.000319828,0.0049393,0.00353638,0.0015222,0.00204562,-1.00424e-05,0.0155584,-0.00142519,0.00716483,-0.0299773,0.0896899,9.71169,9.71215,0,1.67389
3.49,hover,-0.0076706,0.0274677,-0.0013331,-0.00125765,0,0,0.00068848,-0.00798637,0.00141003,99.4897,99.6297,99.5984,0.0956311,nan,0.261199,0.260317,0.262051,0.260202,0.262225,0.260317,0.262225,0.262051,0.260202,1,0,0.00154408,0,0.000765143,0.00011233,-0.00165125,0.00400502,0.00377102,0.00148515,0.00205738,-9.54175e-06,0.0053032,0.000763425,-0.000694945,-0.0686558,-0.0480663,9.84162,9.84198,0,1.68614
3.5,hover,-0.00766418,0.0275479,-0.00106958,-0.0013265,0,0,0.000719937,-0.00805684,0.0030723,99.4898,99.6298,99.5993,0.0958539,nan,0.261199,0.260995,0.261008,0.261643,0.261151,0.260995,0.261151,0.261008,0.261643,1,0,0.00154408,0,-0.00133904,0.00149975,0.000210647,0.00320869,0.00399537,0.00145509,0.00206945,-9.49693e-06,0.00140503,0.012668,-0.0138361,-0.0969089,0.013056,9.83502,9.8355,0,1.69759
3.51,hover,-0.00765791,0.0276283,-0.000900192,-0.00160347,0,0,0.000665668,-0.00807703,0.0027515,99.49,99.63,99.6208,0.11055,nan,0.2612,0.262197,0.259873,0.262304,0.260426,0.262197,0.260426,0.259873,0.262304,1,0,0.00154408,0,0.00118272,0.00125052,0.00184697,0.00271503,0.00480106,0.00143649,0.00211096,-9.95328e-06,0.0110912,-0.00412494,0.00899272,-0.0640301,-0.0691596,9.7533,9.75376,0,1.7196
3.52,hover,-0.00765235,0.0277092,-0.00123332,-0.00161525,0,0,0.000591244,-0.00815924,0.00169209,99.4902,99.6302,99.6219,0.110661,nan,0.2612,0.260523,0.261709,0.260789,0.26178,0.260523,0.26178,0.261709,0.260789,1,0,0.00182698,0,-0.000519373,0.000639359,-0.000957041,0.00369175,0.00483616,0.0014905,0.00211144,-1.08961e-05,-0.00400694,-0.00427126,-0.0111428,-0.121242,-0.18228,9.90385,9.90627,0,1.72067
3.53,hover,-0.00764721,0.0277913,-0.00141996,-0.00172104,0,0,0.000532147,-0.0083088,0.002759,99.4904,99.6304,99.6405,0.123412,nan,0.261201,0.26167,0.260548,0.262085,0.2605,0.26167,0.2605,0.260548,0.262085,1,0,0.0020716,0,-0.00122385,0.000695831,0.00118986,0.0042568,0.00516309,0.00152291,0.00212752,-1.1212e-05,-0.00053959,0.0021089,-0.00672788,0.00515977,0.0184748,9.84424,9.84426,0,1.72898
3.54,hover,-0.00764326,0.0278753,-0.00140569,-0.00174849,0,0,0.000362463,-0.00851342,0.00199374,99.4905,99.6305,99.6417,0.123642,nan,0.261201,0.260139,0.262504,0.259812,0.26235,0.260139,0.26235,0.262504,0.259812,1,0,0.00182698,0,0.000456778,-0.00091273,-0.00215504,0.00420912,0.0052411,0.00152622,0.00213332,-1.11991e-05,-0.00379061,-0.000770769,-0.00615435,0.133748,-0.0399704,9.83363,9.83462,0,1.73534
3.55,hover,-0.00764113,0.0279608,-0.0013198,-0.00158035,0,0,0.000200842,-0.00863903,0.00250121,99.4907,99.6307,99.6311,0.115383,nan,0.261202,0.262028,0.260314,0.262395,0.26007,0.262028,0.26007,0.260314,0.262395,1,0,0.00169146,0,-0.00162096,0.000230718,0.0017751,0.0039627,0.00474426,0.00152026,0.00211489,-1.1356e-05,0.00372016,0.00424815,0.00337319,-0.00400262,-0.00375086,9.66436,9.66436,0,1.73166
3.56,hover,-0.00764024,0.0280477,-0.00138356,-0.00165522,0,0,0.000113894,-0.00881909,0.00195438,99.4909,99.6309,99.6323,0.115693,nan,0.261202,0.261389,0.260768,0.261731,0.260921,0.261389,0.260921,0.260768,0.261731,1,0,0.00182698,0,-0.000501485,0.000937335,0.00062914,0.00415587,0.0049791,0.00153359,0.0021273,-1.16164e-05,0.0049827,0.0111003,-0.00359696,0.0822465,-0.0467267,9.84086,9.84131,0,1.73999
3.57,hover,-0.00763987,0.028137,-0.00151785,-0.00169254,0,0,3.12804e-05,-0.00904691,0.000564367,99.491,99.631,99.6187,0.105229,nan,0.261203,0.261391,0.261298,0.261319,0.260803,0.261391,0.260803,0.261298,0.261319,1,0,0.00218366,0,-0.00112108,-0.00107504,0.000267814,0.00457895,0.00506915,0.00155824,0.00213806,-1.19175e-05,0.0184931,-0.00351108,0.00411697,0.10834,0.0042924,9.84907,9.84967,0,1.74559
3.58,hover,-0.00764039,0.0282278,-0.00141386,-0.00184371,0,0,-6.58585e-05,-0.00913073,0.00115545,99.4912,99.6312,99.6198,0.105432,nan,0.261203,0.262025,0.260654,0.261774,0.260361,0.262025,0.260361,0.260654,0.261774,1,0,0.00229024,0,-0.000110132,-0.00102892,0.00122353,0.00425081,0.00555412,0.00154847,0.0021641,-1.16626e-05,0.007685,0.0175005,-0.00636135,0.0875198,0.0247151,9.87766,9.87808,0,1.76034
3.59,hover,-0.00764137,0.0283193,-0.00182136,-0.0018905,0,0,-9.769e-05,-0.00920018,0.00110928,99.4914,99.6314,99.6297,0.111942,nan,0.261204,0.261503,0.261021,0.261248,0.261043,0.261503,0.261043,0.261021,0.261248,1,0,0.00229024,0,0.000736368,-0.000443119,0.000301744,0.0054692,0.00567924,0.0016106,0.00217202,-1.31183e-05,0.00504328,0.00731765,0.00631618,-0.0543104,0.0543775,9.8479,9.8482,0,1.76374
3.6,hover,-0.00764254,0.0284121,-0.0019018,-0.0015719,0,0,-6.39182e-05,-0.00938457,0.000871746,99.4915,99.6315,99.6308,0.112127,nan,0.261205,0.261054,0.261149,0.261339,0.261277,0.261054,0.261277,0.261149,0.261339,1,0,0.00229024,0,-0.000418912,0.000780906,-1.49147e-05,0.00571568,0.00471758,0.00162496,0.00213152,-1.4542e-05,0.00848311,0.00337546,6.46956e-05,-0.105082,-0.106704,9.74019,9.74134,0,1.75019
3.61,hover,-0.00764341,0.0285068,-0.00163856,-0.0013742,0,0,-3.14352e-05,-0.00956672,0.0012729,99.4917,99.6317,99.6451,0.121745,nan,0.261205,0.260114,0.262123,0.260229,0.262354,0.260114,0.262354,0.262123,0.260229,1,0,0.0020716,0,0.000307466,0.000655359,-0.00181683,0.00491976,0.00413506,0.00158995,0.00210859,-1.42532e-05,0.00431607,0.0104124,-0.00333453,0.0331293,-0.105857,9.83912,9.83975,0,1.74718
3.62,hover,-0.00764356,0.0286027,-0.00170903,-0.00141445,0,0,8.88784e-05,-0.00960529,0.00161413,99.4919,99.6319,99.6463,0.121973,nan,0.261206,0.262638,0.259573,0.262941,0.259671,0.262638,0.259671,0.259573,0.262941,1,0,0.00182698,0,-0.000541792,0.000759786,0.00278451,0.00513637,0.00425122,0.00160501,0.00211654,-1.44484e-05,0.00780257,0.00736722,0.00379057,-0.052292,-0.00634159,9.76124,9.76138,0,1.75408
3.63,hover,-0.00764248,0.0286988,-0.00134041,-0.00141528,0,0,0.000190753,-0.00962537,0.00148539,99.4921,99.6321,99.6556,0.127998,nan,0.261206,0.260987,0.261327,0.260787,0.261724,0.260987,0.261724,0.261327,0.260787,1,0,0.00182698,0,0.0015842,0.00037415,-0.000560958,0.00403301,0.00425623,0.00155721,0.0021244,-1.42769e-05,0.00940895,0.00904243,0.000400582,-0.0254944,-0.0435502,9.80024,9.80037,0,1.76355
3.64,hover,-0.00764043,0.0287947,-0.00144558,-0.00143358,0,0,0.000344869,-0.00960734,0.00167921,99.4922,99.6322,99.6568,0.127996,nan,0.261207,0.260559,0.26202,0.260647,0.261601,0.260559,0.261601,0.26202,0.260647,1,0,0.00182698,0,-0.00134436,-0.000629183,-0.00106152,0.00434353,0.00431377,0.0015754,0.00213101,-1.44059e-05,0.00608929,0.0108108,-0.00124175,0.015394,-0.0569015,9.83956,9.83974,0,1.76877
3.65,hover,-0.00763713,0.0288908,-0.00132489,-0.00123324,0,0,0.000439529,-0.00964232,0.00292527,99.4924,99.6324,99.6342,0.111045,nan,0.261207,0.260863,0.261817,0.260506,0.261643,0.260863,0.261643,0.261817,0.260506,1,0,0.00119604,0,0.00048543,-0.00100859,-0.000919026,0.00397756,0.00371174,0.00156376,0.00210954,-1.46322e-05,0.00348396,0.0101245,-0.00659188,0.0357922,-0.0667839,9.82802,9.82832,0,1.76421
3.66,hover,-0.0076334,0.0289871,-0.00162716,-0.00113648,0,0,0.000441847,-0.00965431,0.00206441,99.4926,99.6326,99.6353,0.111393,nan,0.261208,0.261676,0.26078,0.261644,0.260731,0.261676,0.260731,0.26078,0.261644,1,0,0.00169146,0,-4.73207e-05,-0.000152833,0.000794923,0.00488658,0.00341221,0.00161166,0.00209737,-1.44537e-05,0.00501407,0.00395044,-0.0078997,0.0499154,0.100272,9.79012,9.79076,0,1.76081
3.67,hover,-0.00762956,0.0290834,-0.00158624,-0.00105136,0,0,0.000441854,-0.00965073,0.00232223,99.4927,99.6327,99.6363,0.111548,nan,0.261208,0.261165,0.261581,0.260665,0.261423,0.261165,0.261423,0.261581,0.260665,1,0,0.00154408,0,0.000905786,-0.00124548,-0.000516082,0.00475754,0.0031685,0.00161213,0.00209299,-1.45266e-05,0.000826258,0.0117212,-0.0087234,0.0958976,0.016804,9.88532,9.8858,0,1.76183
3.68,hover,-0.00762606,0.0291794,-0.00141256,-0.00121427,0,0,0.0004138,-0.00957111,0.00194661,99.4929,99.6329,99.6373,0.111702,nan,0.261209,0.261069,0.26179,0.260649,0.261328,0.261069,0.261328,0.26179,0.260649,1,0,0.00169146,0,-0.000109487,-0.00167025,-0.000615038,0.00423872,0.00364866,0.00159214,0.00212315,-1.40847e-05,0.00229336,0.00603338,-0.00135996,-0.0390043,0.0426876,9.77162,9.77179,0,1.77824
3.69,hover,-0.00762229,0.029274,-0.00113633,-0.00103699,0,0,0.000456841,-0.00936047,0.00199754,99.4931,99.6331,99.6256,0.102841,nan,0.26121,0.26226,0.260323,0.262192,0.260063,0.26226,0.260063,0.260323,0.262192,1,0,0.000976562,0,-0.000510257,-0.000619487,0.00178699,0.00341681,0.00311501,0.00156009,0.00210451,-1.41373e-05,0.00678145,0.00478833,0.00805642,-0.0137128,0.0570761,9.87844,9.87861,0,1.77665
3.7,hover,-0.00761822,0.0293665,-0.00113846,-0.00115217,0,0,0.000422518,-0.00914351,0.00153624,99.4932,99.6332,99.6267,0.102979,nan,0.26121,0.26134,0.260893,0.261583,0.261024,0.26134,0.261024,0.260893,0.261583,1,0,0.000690534,0,-0.000297017,0.00070855,0.000441644,0.00342291,0.00345221,0.00156479,0.00212364,-1.43368e-05,0.00659229,-0.000755916,0.00404324,-0.00551149,0.0516904,9.81566,9.8158,0,1.78823
3.71,hover,-0.00761472,0.0294569,-0.00148296,-0.00110896,0,0,0.000318381,-0.00895194,0.00060787,99.4934,99.6334,99.6352,0.108521,nan,0.261211,0.26093,0.261218,0.261278,0.261417,0.26093,0.261417,0.261218,0.261278,1,0,0.00169146,0,-0.000393843,0.00103604,-0.000187771,0.00445728,0.0033377,0.00161834,0.00212215,-1.51289e-05,0.00721634,0.00932234,0.00594871,-0.0708896,-0.0939946,9.77829,9.779,0,1.78701
3.72,hover,-0.00761258,0.0295455,-0.00146926,-0.00124683,0,0,0.000159093,-0.00877799,0.00154493,99.4936,99.6336,99.6363,0.108615,nan,0.261211,0.260365,0.262108,0.260527,0.261845,0.260365,0.261845,0.262108,0.260527,1,0,0.00195312,0,-0.00112398,-0.000191578,-0.00134564,0.00440036,0.00373673,0.00162168,0.00214412,-1.47657e-05,-0.0033091,-0.000377894,0.00373444,-0.0170947,-0.0414355,9.78471,9.78481,0,1.79987
3.73,hover,-0.00761259,0.029632,-0.00154548,-0.00134081,0,0,-4.91192e-05,-0.00851084,0.00162658,99.4937,99.6337,99.6025,0.0838711,nan,0.261212,0.260126,0.262349,0.260083,0.262289,0.260126,0.262289,0.262349,0.260083,1,0,0.00182698,0,-4.64979e-05,-0.000194072,-0.00194688,0.0046725,0.00401345,0.00163946,0.00216077,-1.46967e-05,0.0256819,-0.00382644,-0.000541756,-0.0161516,-0.0349716,9.76182,9.76189,0,1.80921
3.74,hover,-0.00761432,0.0297154,-0.00152563,-0.00131537,0,0,-0.000152338,-0.00817811,0.00232995,99.4939,99.6339,99.6034,0.0840278,nan,0.261213,0.261862,0.260285,0.261902,0.260802,0.261862,0.260802,0.260285,0.261902,1,0,0.00195312,0,0.00126562,0.00105574,0.00117649,0.00456616,0.00394185,0.00164058,0.00216047,-1.45652e-05,-0.00551602,-0.000657392,-0.00952334,0.0570503,0.0213943,9.89879,9.89898,0,1.8127
3.75,hover,-0.00761664,0.029796,-0.00151163,-0.00138219,0,0,-0.000181756,-0.00800775,0.00166231,99.4941,99.6341,99.6074,0.0864271,nan,0.261213,0.260918,0.261433,0.261176,0.261325,0.260918,0.261325,0.261433,0.261176,1,0,0.00195312,0,-0.000971996,0.00028404,-0.00029211,0.00454098,0.00414643,0.0016436,0.00217249,-1.44961e-05,0.0057261,0.00207127,0.00659539,0.049122,-0.100886,9.78228,9.78292,0,1.82117
3.76,hover,-0.00761891,0.0298755,-0.00152545,-0.00136614,0,0,-0.000146271,-0.00788859,0.0025103,99.4942,99.6342,99.6083,0.0865552,nan,0.261214,0.261111,0.261316,0.260811,0.261616,0.261111,0.261616,0.261316,0.260811,1,0,0.00195312,0,0.00159292,-1.15318e-06,-0.000444222,0.00458059,0.00409727,0.00164903,0.00217382,-1.48108e-05,0.00447335,0.00140521,0.0024126,0.0592263,-0.122069,9.819,9.81993,0,1.82462
3.77,hover,-0.00762082,0.0299534,-0.00152878,-0.00139484,0,0,-5.82336e-05,-0.0077274,0.00239455,99.4944,99.6344,99.6367,0.106465,nan,0.261214,0.261889,0.260761,0.261543,0.260663,0.261889,0.260663,0.260761,0.261543,1,0,0.00195312,0,0.000658327,-0.000840606,0.000882752,0.00458232,0.00419402,0.00165009,0.00218075,-1.4607e-05,-0.00103216,0.00851955,-0.00777582,0.0455617,-0.0210767,9.78018,9.78031,0,1.8306
3.78,hover,-0.00762187,0.0300295,-0.00181439,-0.00142045,0,0,-2.77959e-06,-0.00752158,0.00327253,99.4946,99.6346,99.6377,0.106676,nan,0.261215,0.260996,0.261662,0.260363,0.261839,0.260996,0.261839,0.261662,0.260363,1,0,0.00229024,0,0.00215074,-0.000863067,-0.0009416,0.00546002,0.0042663,0.00169368,0.00218943,-1.50217e-05,0.0129073,0.00550721,-0.0112997,0.0708106,0.000225338,9.84038,9.84063,0,1.83344
3.79,hover,-0.00762269,0.0301036,-0.00172167,-0.00126735,0,0,3.61354e-05,-0.00735087,0.00312642,99.4947,99.6347,99.6423,0.109438,nan,0.261215,0.262289,0.260018,0.261962,0.260592,0.262289,0.260592,0.260018,0.261962,1,0,0.00182698,0,0.0023906,0.000466728,0.00160013,0.00516663,0.00380159,0.00168361,0.00216959,-1.56899e-05,0.0027652,0.00187584,-0.00315995,0.0967245,0.00423721,9.82755,9.82803,0,1.82992
3.8,hover,-0.00762272,0.0301765,-0.00128151,-0.0013414,0,0,0.000117356,-0.0072644,0.00266053,99.4949,99.6349,99.6434,0.109731,nan,0.261216,0.261454,0.261032,0.261529,0.260849,0.261454,0.260849,0.261032,0.261529,1,0,0.00182698,0,-0.000683009,-0.000203881,0.000484594,0.00385403,0.00403844,0.00162946,0.00217889,-1.4524e-05,0.00797113,0.011676,-0.00104461,0.109268,-0.0022732,9.92357,9.92417,0,1.84279
3.81,hover,-0.00762185,0.0302487,-0.00135374,-0.00121348,0,0,0.000216497,-0.00721516,0.00128073,99.4951,99.6351,99.6132,0.0876086,nan,0.261217,0.260958,0.261308,0.261413,0.261187,0.260958,0.261187,0.261308,0.261413,1,0,0.00138107,0,-0.00152822,0.000632867,-5.39724e-05,0.00405979,0.00364176,0.00164287,0.00216261,-1.48321e-05,0.000693842,0.00302431,0.00623644,0.0225184,0.00908464,9.86121,9.86124,0,1.83886
3.82,hover,-0.00762002,0.0303206,-0.0011851,-0.00124965,0,0,0.000196693,-0.00719718,0.00144457,99.4953,99.6353,99.6141,0.0879201,nan,0.261217,0.261673,0.260866,0.261216,0.261114,0.261673,0.261114,0.260866,0.261216,1,0,0.00154408,0,0.00186779,-0.000395419,0.000399489,0.00355483,0.00375,0.00162422,0.00216984,-1.45357e-05,0.00131034,0.00287009,0.00276062,-0.0272182,0.054594,9.76672,9.76691,0,1.84674
3.83,hover,-0.00761852,0.0303924,-0.00104205,-0.00151215,0,0,0.000161476,-0.00719553,0.000876877,99.4954,99.6354,99.6308,0.0994377,nan,0.261218,0.25975,0.262613,0.260285,0.262223,0.25975,0.262223,0.262613,0.260285,1,0,0.00182698,0,-0.00245243,0.000274725,-0.00210993,0.00313475,0.00454657,0.00161048,0.00220699,-1.45967e-05,0.00735284,0.00893855,0.00583965,-0.0212486,-0.0446243,9.79486,9.79499,0,1.8671
3.84,hover,-0.00761793,0.0304643,-0.00101639,-0.00159073,0,0,3.96905e-05,-0.00717513,0.00156177,99.4956,99.6356,99.6319,0.0996239,nan,0.261218,0.261038,0.261329,0.26094,0.261566,0.261038,0.261566,0.261329,0.26094,1,0,0.00154408,0,0.000888295,0.00026293,-0.000403006,0.00304223,0.00475456,0.00161043,0.00222219,-1.51164e-05,-0.00301683,-0.00953073,-0.00190918,-0.0053913,-0.00398805,9.80858,9.80859,0,1.87583
3.85,hover,-0.00761875,0.0305354,-0.00094337,-0.00183188,0,0,-0.000102397,-0.0070614,0.00206802,99.4958,99.6358,99.6156,0.0875481,nan,0.261219,0.263305,0.259056,0.26364,0.258874,0.263305,0.258874,0.259056,0.26364,1,0,0.00182698,0,-0.00137065,0.000290283,0.0039625,0.00283433,0.00550746,0.00160569,0.00225667,-1.53368e-05,0.00441005,0.010149,-0.00481121,0.0007985,-0.0938545,9.94041,9.94085,0,1.89419
3.86,hover,-0.00762147,0.0306058,-0.00117651,-0.00186333,0,0,-0.000366149,-0.00706284,0.00141965,99.4959,99.6359,99.6166,0.0876638,nan,0.26122,0.261357,0.260677,0.26117,0.261675,0.261357,0.261675,0.260677,0.26117,1,0,0.00182698,0,0.00314488,0.00153814,7.65176e-05,0.00353974,0.0055841,0.00164055,0.00226296,-1.65684e-05,0.00846711,-0.00167091,0.0040604,-0.0547185,-0.132435,9.79913,9.80018,0,1.89742
3.87,hover,-0.0076264,0.0306772,-0.00113222,-0.00224788,0,0,-0.00053362,-0.00727275,0.00102993,99.4961,99.6361,99.6085,0.0813769,nan,0.26122,0.261383,0.260846,0.261473,0.261179,0.261383,0.261179,0.260846,0.261473,1,0,0.00229024,0,0.000644892,0.00080224,0.000365165,0.00338904,0.00675615,0.00163893,0.00231629,-1.64637e-05,-0.00342965,0.010646,0.00465824,0.175768,-0.0941078,9.79589,9.79792,0,1.9236
3.88,hover,-0.00763289,0.0307511,-0.000874747,-0.00177445,0,0,-0.000693969,-0.00755275,0.00167775,99.4963,99.6363,99.6093,0.0816003,nan,0.261221,0.261984,0.260315,0.262504,0.260081,0.261984,0.260081,0.260315,0.262504,1,0,0.00182698,0,-0.00200154,0.000541418,0.00179829,0.0026355,0.00532553,0.00160823,0.00225441,-1.64504e-05,0.00913424,0.00370475,0.00790071,-0.0467714,-0.0308985,9.81528,9.81544,0,1.904
3.89,hover,-0.00764138,0.0308281,-0.000940661,-0.00185677,0,0,-0.000914442,-0.00790178,0.00144732,99.4964,99.6364,99.6139,0.0845113,nan,0.261221,0.261617,0.260789,0.261474,0.261005,0.261617,0.261005,0.260789,0.261474,1,0,0.0020716,0,0.000953352,0.000141081,0.000570282,0.00282054,0.00557081,0.00161985,0.00226574,-1.65241e-05,0.00064391,0.00261542,-0.00814073,0.0491961,0.0124689,9.72753,9.72766,0,1.91232
3.9,hover,-0.00765195,0.0309087,-0.00130973,-0.00154201,0,0,-0.00112868,-0.00824321,0.00111645,99.4966,99.6366,99.6149,0.0849899,nan,0.261222,0.262782,0.259689,0.26252,0.259898,0.262782,0.259898,0.259689,0.26252,1,0,0.00182698,0,0.00124894,-0.000100641,0.00251209,0.00392573,0.00461965,0.00166947,0.00222789,-1.82085e-05,-0.0006304,-0.00200743,-0.00436664,0.0929642,0.0143156,9.90813,9.90858,0,1.89528
3.91,hover,-0.00766423,0.0309923,-0.0016637,-0.0014619,0,0,-0.00127686,-0.00845884,0.00152026,99.4967,99.6367,99.624,0.0912606,nan,0.261223,0.262279,0.260317,0.262229,0.260065,0.262279,0.260065,0.260317,0.262229,1,0,0.0020716,0,-0.000536934,-0.000572318,0.00181354,0.00499882,0.00438521,0.00171969,0.00222137,-1.8643e-05,0.00688332,0.00187582,0.00756076,-0.00286128,0.00365613,9.85545,9.85545,0,1.89199
3.92,hover,-0.00767848,0.0310772,-0.00173865,-0.0017766,0,0,-0.00150198,-0.00855693,0.00107554,99.4969,99.6369,99.6249,0.0914388,nan,0.261223,0.26014,0.26276,0.259429,0.262563,0.26014,0.262563,0.26276,0.259429,1,0,0.00229024,0,0.00136234,-0.001721,-0.00252932,0.00522495,0.00534564,0.00173156,0.0022678,-1.71551e-05,0.00774908,0.0128118,0.00309972,-0.00848533,0.0174943,9.81906,9.81908,0,1.91395
3.93,hover,-0.00769458,0.0311625,-0.00200193,-0.00172404,0,0,-0.00159988,-0.0085026,0.00176169,99.4971,99.6371,99.6314,0.0957004,nan,0.261224,0.261084,0.261229,0.261408,0.261174,0.261084,0.261174,0.261229,0.261408,1,0,0.00229024,0,-0.00100452,0.000508529,3.8712e-05,0.00601581,0.0051636,0.00176829,0.00226563,-1.82649e-05,0.00845142,-0.00342265,0.0011199,-0.0552174,0.0390833,9.89744,9.89768,0,1.91346
3.94,hover,-0.00771142,0.0312475,-0.00196499,-0.0017763,0,0,-0.00162345,-0.00850993,0.00167266,99.4972,99.6372,99.6323,0.0960679,nan,0.261224,0.261275,0.261275,0.261184,0.261163,0.261275,0.261163,0.261275,0.261184,1,0,0.00248976,0,-5.44047e-05,-0.000382523,9.26529e-06,0.00589211,0.00532441,0.00176411,0.00227425,-1.79623e-05,-0.000118436,-0.000732239,0.00815122,-0.0285437,-0.0297695,9.80693,9.80701,0,1.92172
3.95,hover,-0.00772783,0.0313323,-0.00202918,-0.0016242,0,0,-0.0015197,-0.00846041,0.00190284,99.4974,99.6374,99.6413,0.102001,nan,0.261225,0.259918,0.262542,0.260183,0.262257,0.259918,0.262257,0.262542,0.260183,1,0,0.00258374,0,-0.00146176,-3.78796e-05,-0.00206503,0.00610598,0.00485608,0.00177631,0.00225955,-1.88013e-05,0.0140791,-0.00875961,-0.00124308,0.0120157,0.00681544,9.86778,9.86779,0,1.91748
3.96,hover,-0.00774318,0.0314167,-0.00175855,-0.0014412,0,0,-0.00138922,-0.00848737,0.00171621,99.4976,99.6376,99.6423,0.10206,nan,0.261226,0.25972,0.262477,0.260222,0.262484,0.25972,0.262484,0.262477,0.260222,1,0,0.0020716,0,-0.00131242,0.000964145,-0.00220567,0.00527242,0.00432429,0.00173961,0.00223642,-1.91887e-05,-0.000407868,0.00270116,0.00133447,-0.0874871,-0.0459111,9.8741,9.8746,0,1.91463
3.97,hover,-0.00775682,0.0315019,-0.00166502,-0.00137222,0,0,-0.00121011,-0.00858028,0.00141217,99.4977,99.6377,99.6331,0.0949553,nan,0.261226,0.262036,0.260073,0.26207,0.260726,0.262036,0.260726,0.260073,0.26207,1,0,0.00218366,0,0.00164333,0.00129958,0.00145374,0.00499501,0.00411922,0.00172978,0.00223347,-1.92218e-05,0.00170883,0.00393547,0.00349679,0.00859876,-0.103717,9.87181,9.87236,0,1.9166
3.98,hover,-0.0077685,0.0315877,-0.00152577,-0.001397,0,0,-0.00100608,-0.00860445,0.00200958,99.4979,99.6379,99.634,0.0951469,nan,0.261227,0.261152,0.261189,0.261395,0.261171,0.261152,0.261171,0.261189,0.261395,1,0,0.00169146,0,-0.000690699,0.000425564,8.20852e-05,0.00460541,0.00420685,0.00171362,0.00224158,-1.92603e-05,0.0204504,0.0127963,0.000838438,-0.0578976,-0.0474172,9.88583,9.88612,0,1.92436
3.99,hover,-0.00777813,0.0316739,-0.00157772,-0.00144274,0,0,-0.000801331,-0.0086569,0.00115856,99.4981,99.6381,99.6453,0.102524,nan,0.261227,0.261224,0.261369,0.260582,0.261734,0.261224,0.261734,0.261369,0.260582,1,0,0.00154408,0,0.00267034,-0.000523978,-0.000570037,0.00474266,0.00432877,0.00172342,0.00225488,-1.89474e-05,0.00805558,0.00261997,-0.00684824,0.0263727,-0.0628067,9.82966,9.82989,0,1.93137
4,push 2.5N fwd,-0.00778564,0.0317604,-0.00162863,-0.00172179,0,0,-0.000584563,-0.0086587,0.00137699,99.4982,99.6382,99.6464,0.102698,nan,0.261228,0.262747,0.259852,0.262669,0.259644,0.262747,0.259644,0.259852,0.262669,1,0,0.0020716,2.5,-0.000344811,-0.000542418,0.00260163,0.00487958,0.00516433,0.00173239,0.00229478,-1.88206e-05,-0.00247546,0.00159813,-0.000361786,0.0395496,-0.0848626,9.81258,9.81303,0,1.95157
4.01,push 2.5N fwd,-0.00779098,0.0318466,-0.00144973,-0.00165542,0,0,-0.000397671,-0.00858639,0.00127993,99.4984,99.6384,99.6149,0.0796797,nan,0.261229,0.260985,0.261694,0.261028,0.261208,0.260985,0.261208,0.261694,0.261028,1,0,0.00182698,2.5,-0.00140417,-0.000837547,-0.000390769,0.00434515,0.0049827,0.00171392,0.0022905,-1.87708e-05,-0.000971545,0.0132395,0.00263726,0.0869659,-0.0390028,9.73058,9.73105,0,1.95452
4.02,push 2.5N fwd,-0.00779499,0.0319319,-0.00129549,-0.00141253,0,0,-0.000305532,-0.00850724,0.0019087,99.4986,99.6386,99.6156,0.0799767,nan,0.261229,0.261983,0.260869,0.261596,0.260469,0.261983,0.260469,0.260869,0.261596,1,0,0.00119604,2.5,-3.52069e-05,-0.00149044,0.000985012,0.00389524,0.00424741,0.00169864,0.00226437,-1.93051e-05,0.00754919,0.00880889,0.00558693,0.0711146,-0.0354995,9.89755,9.89787,0,1.94726
4.03,push 2.5N fwd,-0.00779804,0.0320163,-0.00134499,-0.00101813,0,0,-0.000156506,-0.00840643,0.00179166,99.4987,99.6387,99.631,0.0907032,nan,0.26123,0.261219,0.261202,0.261511,0.260987,0.261219,0.260987,0.261202,0.261511,1,0,0.00119604,2.5,-0.00134348,0.000146808,0.000238083,0.00406166,0.00306273,0.00171001,0.00221495,-2.0818e-05,0.0195072,0.00778355,0.00145074,0.13258,0.0697016,9.87617,9.87731,0,1.92931
4.04,push 2.5N fwd,-0.00779951,0.0320997,-0.00135963,-0.00138407,0,0,4.40276e-07,-0.00828257,0.00152461,99.4989,99.6389,99.6319,0.0907044,nan,0.261231,0.260388,0.261914,0.261029,0.261592,0.260388,0.261592,0.261914,0.261029,1,0,0.00154408,2.5,-0.00255417,0.000602753,-0.000917943,0.00407356,0.00416082,0.00171463,0.00226674,-2.00362e-05,-0.00183124,0.00800499,-4.96059e-05,0.0330375,0.0622739,9.88451,9.88476,0,1.95449
4.05,push 2.5N fwd,-0.00779941,0.0321819,-0.00160397,-0.00145339,0,0,0.000137651,-0.00817004,0.00185404,99.4991,99.6391,99.6408,0.0966116,nan,0.261231,0.262166,0.260522,0.261886,0.260352,0.262166,0.260352,0.260522,0.261886,1,0,0.0020716,2.5,0.000292957,-0.000852188,0.00139662,0.00483005,0.00435825,0.0017521,0.0022762,-2.08871e-05,0.0138712,0.0009713,0.00822883,-0.050865,0.0223069,9.77901,9.77917,0,1.96057
4.06,push 2.5N fwd,-0.00779799,0.0322628,-0.00176635,-0.000954551,0,0,0.000269736,-0.00803299,0.00178756,99.4992,99.6392,99.6417,0.0968411,nan,0.261232,0.261799,0.260589,0.262193,0.260346,0.261799,0.260346,0.260589,0.262193,1,0,0.00195312,2.5,-0.0016888,0.000287575,0.00134364,0.00530264,0.00285897,0.00177837,0.00221536,-2.2963e-05,0.00418147,-0.000915311,0.00552217,-0.0299024,-0.0319315,9.81756,9.81766,0,1.93537
4.07,push 2.5N fwd,-0.00779542,0.032343,-0.00190114,-0.000908375,0,0,0.00031215,-0.00802947,0.0013587,99.4994,99.6394,99.6483,0.101205,nan,0.261233,0.260592,0.261812,0.260778,0.261749,0.260592,0.261749,0.261812,0.260778,1,0,0.00169146,2.5,-0.000659357,0.000234672,-0.000963222,0.00571278,0.00272642,0.0018026,0.00220888,-2.31643e-05,0.00803767,0.00306518,0.00188982,-0.0529855,0.02983,9.81246,9.81265,0,1.93597
4.08,push 2.5N fwd,-0.00779349,0.0324232,-0.0019652,-0.00100803,0,0,0.000135928,-0.00803364,0.00133666,99.4996,99.6396,99.6494,0.101425,nan,0.261233,0.261044,0.261173,0.261559,0.261156,0.261044,0.261156,0.261173,0.261559,1,0,0.00195312,2.5,-0.00140955,0.000942019,0.000120352,0.00591471,0.00303712,0.00181846,0.00222459,-2.2477e-05,0.0145546,0.0109055,0.00352196,0.00143347,-0.0186701,9.88899,9.88901,0,1.94551
4.09,push 2.5N fwd,-0.00779382,0.0325037,-0.00175436,-0.00111064,0,0,-0.000108276,-0.00806261,0.000936729,99.4997,99.6397,99.6571,0.10638,nan,0.261234,0.261146,0.261607,0.26072,0.261462,0.261146,0.261462,0.261607,0.26072,1,0,0.00195312,2.5,0.000745731,-0.00108322,-0.000528605,0.00525867,0.00333218,0.00179363,0.00224095,-2.19849e-05,-0.00115283,0.00241047,-0.0010944,-0.06347,-0.125633,9.85569,9.85669,0,1.95785
4.1,push 2.5N fwd,-0.00779594,0.0325838,-0.00206131,-0.00138657,0,0,-0.000262486,-0.0079622,0.00107087,99.4999,99.6399,99.6582,0.106429,nan,0.261234,0.261445,0.261156,0.26131,0.261026,0.261445,0.261026,0.261156,0.26131,1,0,0.00229024,2.5,1.37472e-05,-0.000503365,0.000251583,0.00617191,0.00414229,0.00183988,0.00227858,-1.96719e-05,-0.00616754,-0.00934135,0.00399338,0.0487371,-0.171484,9.90749,9.90909,0,1.97512
4.11,push 2.5N fwd,-0.00779978,0.0326626,-0.00179424,-0.00167117,0,0,-0.000452946,-0.0078186,0.00104614,99.5,99.64,99.6423,0.0944104,nan,0.261235,0.261209,0.261301,0.260719,0.261712,0.261209,0.261712,0.261301,0.260719,1,0,0.00239208,2.5,0.00238693,-0.000148823,-0.000476719,0.00539998,0.00503318,0.00181124,0.00231673,-1.7119e-05,0.0133184,0.0154269,0.00366608,0.0668419,-0.0324465,9.74932,9.74961,0,1.99815
4.12,push 2.5N fwd,-0.00780505,0.0327402,-0.00175415,-0.00148409,0,0,-0.000530647,-0.00770325,0.00112528,99.5002,99.6402,99.6432,0.0945674,nan,0.261236,0.261981,0.260778,0.261392,0.260793,0.261981,0.260793,0.260778,0.261392,1,0,0.00195312,2.5,0.00160218,-0.00108772,0.000791937,0.00526859,0.00445162,0.00181329,0.00229474,-1.84251e-05,0.00590172,0.00186966,-0.00514803,0.0379437,0.0106065,9.80544,9.80552,0,1.99239
4.13,push 2.5N fwd,-0.00781096,0.0328165,-0.00179087,-0.00138213,0,0,-0.000546923,-0.00756025,0.00127711,99.5004,99.6404,99.6288,0.0838702,nan,0.261236,0.261002,0.261725,0.260378,0.26184,0.261002,0.26184,0.261725,0.260378,1,0,0.0020716,2.5,0.00196256,-0.000963407,-0.000960077,0.00538302,0.00413935,0.00182361,0.0022847,-1.9031e-05,0.00876472,-0.00240929,-0.00165187,0.132731,0.0734983,9.82379,9.82496,0,1.99065
4.14,push 2.5N fwd,-0.00781663,0.0328908,-0.00171587,-0.00130852,0,0,-0.000451153,-0.00729225,0.00225377,99.5005,99.6405,99.6297,0.0841993,nan,0.261237,0.261848,0.260717,0.261862,0.260521,0.261848,0.260521,0.260717,0.261862,1,0,0.0020716,2.5,-0.000558041,-0.000345703,0.00108656,0.00515334,0.00395407,0.00181894,0.00227927,-1.96255e-05,0.00562942,0.0213029,-0.00861183,-0.00310302,-0.012038,9.88228,9.88228,0,1.99145
4.15,push 2.5N fwd,-0.00782105,0.0329623,-0.00178283,-0.00160237,0,0,-0.000274159,-0.00701764,0.00271435,99.5007,99.6407,99.6427,0.0931485,nan,0.261238,0.261312,0.261343,0.261087,0.261208,0.261312,0.261208,0.261343,0.261087,1,0,0.00239208,2.5,0.000237024,-0.000683096,-6.66428e-05,0.00536892,0.00480638,0.00183081,0.00232028,-1.84754e-05,0.0154309,0.00185875,-0.0104034,0.0687128,-0.0153289,9.77938,9.77963,0,2.0115
4.16,push 2.5N fwd,-0.00782366,0.0330306,-0.00154121,-0.00162282,0,0,-5.48867e-05,-0.00666815,0.00231668,99.5009,99.6409,99.6436,0.0932295,nan,0.261238,0.260855,0.261674,0.260757,0.261668,0.260855,0.261668,0.261674,0.260757,1,0,0.00182698,2.5,0.000244149,-0.000196364,-0.000760308,0.0046333,0.00485948,0.00180341,0.00232683,-1.71703e-05,0.00825278,-0.00366325,-0.0025364,0.0687637,0.0363567,9.85638,9.85669,0,2.01884
4.17,push 2.5N fwd,-0.00782435,0.0330954,-0.00155227,-0.0017097,0,0,9.57489e-05,-0.00631299,0.0027182,99.501,99.641,99.6492,0.0967667,nan,0.261239,0.26121,0.261166,0.261589,0.260991,0.26121,0.260991,0.261166,0.261589,1,0,0.00195312,2.5,-0.0014732,0.000385959,0.000282197,0.0046545,0.00512731,0.00180815,0.00233738,-1.71297e-05,0.000258138,0.00115425,-0.00494175,-0.0507157,-0.079072,9.77461,9.77506,0,2.02729
4.18,push 2.5N fwd,-0.0078234,0.0331572,-0.00164226,-0.00134274,0,0,0.000268758,-0.00613139,0.00237229,99.5012,99.6412,99.6501,0.0969328,nan,0.26124,0.261577,0.260457,0.262004,0.260921,0.261577,0.260921,0.260457,0.262004,1,0,0.00182698,2.5,9.87712e-05,0.00168871,0.000968054,0.00494122,0.00401485,0.00182463,0.00229136,-1.82648e-05,0.0114628,-0.00663207,0.00180243,-0.0592066,0.0577775,9.8275,9.82785,0,2.00919
4.19,push 2.5N fwd,-0.00782048,0.0332184,-0.0018404,-0.00177012,0,0,0.00041905,-0.00612754,0.00210577,99.5013,99.6413,99.6558,0.100491,nan,0.26124,0.260616,0.261759,0.260783,0.261803,0.260616,0.261803,0.261759,0.260783,1,0,0.00229024,2.5,-0.000322901,0.000399794,-0.000950681,0.00552773,0.00530916,0.00185452,0.00234708,-1.80316e-05,0.00622526,0.0015494,0.00312009,-0.123225,0.0318717,9.7785,9.77933,0,2.03492
4.2,push 2.5N fwd,-0.00781681,0.0332793,-0.00161812,-0.00176436,0,0,0.000438069,-0.00608608,0.00206208,99.5015,99.6415,99.6569,0.100872,nan,0.261241,0.262489,0.259818,0.262905,0.259752,0.262489,0.259752,0.259818,0.262905,1,0,0.00239208,2.5,-0.0012786,0.000662753,0.00256034,0.00486837,0.00528237,0.00183328,0.00234711,-1.73436e-05,0.0111748,-0.00480405,0.000840543,-0.0681533,-0.0225677,9.90115,9.90141,0,2.04006
4.21,push 2.5N fwd,-0.00781327,0.0333401,-0.00150649,-0.00178134,0,0,0.000374822,-0.00609789,0.00273799,99.5017,99.6417,99.6674,0.10784,nan,0.261242,0.261861,0.26037,0.261889,0.260846,0.261861,0.260846,0.26037,0.261889,1,0,0.0020716,2.5,0.0011875,0.000955154,0.00111332,0.00451931,0.00533388,0.00182327,0.00235272,-1.70621e-05,0.00171376,-0.00440693,-0.00413577,0.0386919,-0.0336799,9.92017,9.9203,0,2.04548
4.22,push 2.5N fwd,-0.00781071,0.0334009,-0.00154483,-0.00164459,0,0,0.000292438,-0.00611362,0.00255232,99.5018,99.6418,99.6685,0.108115,nan,0.261242,0.261758,0.260451,0.261862,0.260898,0.261758,0.260898,0.260451,0.261862,1,0,0.0020716,2.5,0.000907101,0.00104338,0.000998186,0.00464392,0.00494151,0.00183336,0.00233816,-1.75639e-05,0.00811175,0.00750024,-0.00646983,0.0544978,-0.065953,9.85784,9.85821,0,2.04079
4.23,push 2.5N fwd,-0.00780913,0.0334622,-0.00134528,-0.00182918,0,0,0.000163914,-0.00617651,0.00253046,99.502,99.642,99.6776,0.114079,nan,0.261243,0.261228,0.261025,0.261236,0.261482,0.261228,0.261482,0.261025,0.261236,1,0,0.00182698,2.5,0.00119208,0.000880703,-1.89996e-05,0.00402573,0.00550222,0.00181225,0.00236746,-1.63966e-05,-0.00491477,0.0121376,0.00689268,0.0504268,-0.0906173,9.82057,9.82112,0,2.05658
4.24,push 2.5N fwd,-0.00780902,0.0335243,-0.00167614,-0.00225924,0,0,4.30749e-05,-0.00634377,0.00287207,99.5022,99.6422,99.6787,0.114386,nan,0.261244,0.26165,0.260804,0.261534,0.260986,0.26165,0.260986,0.260804,0.261534,1,0,0.00248976,2.5,0.000789812,0.00012401,0.00061243,0.00502016,0.0067706,0.0018585,0.00242232,-1.61514e-05,-0.00365933,-0.00231543,-0.00911612,0.0775106,0.025979,9.84037,9.84071,0,2.08125
4.25,push 2.5N fwd,-0.00780968,0.0335885,-0.00154206,-0.00198154,0,0,6.0427e-06,-0.00656572,0.00224321,99.5023,99.6423,99.6598,0.100325,nan,0.261244,0.261474,0.261006,0.261544,0.260953,0.261474,0.260953,0.261006,0.261544,1,0,0.00229024,2.5,-0.000325537,3.06205e-05,0.000465554,0.00462531,0.00594118,0.00184551,0.00238708,-1.6813e-05,0.00125444,0.00010402,-0.00762005,0.0864495,0.0270664,9.83047,9.83088,0,2.07043
4.26,push 2.5N fwd,-0.00781039,0.0336553,-0.00170457,-0.0015672,0,0,-2.84404e-05,-0.00682863,0.00148492,99.5025,99.6425,99.6609,0.100632,nan,0.261245,0.261654,0.261196,0.261929,0.2602,0.261654,0.2602,0.261196,0.261929,1,0,0.00195312,2.5,-0.00337108,-0.00136378,0.000961501,0.00512386,0.00470476,0.00187184,0.00233807,-1.96657e-05,0.00865565,0.00442987,0.00966604,0.0817852,0.0726403,9.9283,9.9289,0,2.04928
4.27,push 2.5N fwd,-0.00781188,0.0337242,-0.00185487,-0.00145259,0,0,-0.000129774,-0.00700143,0.00274112,99.5026,99.6426,99.6401,0.0850086,nan,0.261245,0.261473,0.261214,0.261555,0.260739,0.261473,0.260739,0.261214,0.261555,1,0,0.00182698,2.5,-0.001478,-0.000743812,0.000472357,0.00558557,0.00435677,0.00189367,0.00232406,-2.01716e-05,0.0158643,0.00164446,0.00108121,0.0241181,0.0110355,9.85195,9.85198,0,2.04534
4.28,push 2.5N fwd,-0.00781429,0.0337949,-0.00152581,-0.00159196,0,0,-0.00017014,-0.00715985,0.003115,99.5028,99.6428,99.641,0.0852316,nan,0.261246,0.260612,0.261824,0.260992,0.261557,0.260612,0.261557,0.261824,0.260992,1,0,0.00195312,2.5,-0.00171761,0.000214055,-0.000781173,0.00458048,0.00478593,0.00185708,0.00234348,-1.93044e-05,0.00389518,0.00904036,-0.00450096,-0.0194748,-0.0168963,9.85989,9.85992,0,2.06028
4.29,push 2.5N fwd,-0.0078176,0.0338668,-0.00157745,-0.00170564,0,0,-0.000260794,-0.00727346,0.00371272,99.503,99.643,99.6476,0.0895298,nan,0.261247,0.261303,0.261139,0.261577,0.260968,0.261303,0.260968,0.261139,0.261577,1,0,0.00218366,2.5,-0.00118246,0.000196497,0.000340129,0.00476897,0.0051147,0.00187009,0.00235934,-1.91686e-05,0.0262906,0.000881183,-0.00258016,-6.88354e-05,-0.0746172,9.73152,9.73181,0,2.07031
4.3,push 2.5N fwd,-0.00782179,0.03394,-0.00145143,-0.00129289,0,0,-0.000357986,-0.00743832,0.00341586,99.5031,99.6431,99.6485,0.0897483,nan,0.261247,0.261044,0.261399,0.26098,0.261566,0.261044,0.261566,0.261399,0.26098,1,0,0.0020716,2.5,0.000610406,0.000196082,-0.000413715,0.00433401,0.00388159,0.00185764,0.00230823,-2.01927e-05,-0.0116576,0.0042446,0.00269218,-0.0183428,-0.106735,9.75558,9.75618,0,2.05236
4.31,push 2.5N fwd,-0.00782726,0.0340151,-0.00159889,-0.00133396,0,0,-0.000480439,-0.00761283,0.00303507,99.5033,99.6433,99.6602,0.0976968,nan,0.261248,0.26059,0.261919,0.260737,0.261746,0.26059,0.261746,0.261919,0.260737,1,0,0.00169146,2.5,-0.000847695,-5.12753e-05,-0.00102769,0.00480615,0.0040122,0.00187726,0.00231678,-1.99267e-05,0.00821012,0.00917731,0.0125008,-0.0311089,0.0246202,9.83962,9.8397,0,2.05757
4.32,push 2.5N fwd,-0.00783281,0.0340915,-0.00191543,-0.00152884,0,0,-0.000470151,-0.00769136,0.00191843,99.5034,99.6434,99.6611,0.0977982,nan,0.261249,0.261945,0.260241,0.261822,0.260987,0.261945,0.260987,0.260241,0.261822,1,0,0.0020716,2.5,0.00230474,0.00118167,0.00111618,0.00575617,0.00456546,0.00192057,0.00234389,-1.91318e-05,0.00851685,-0.011719,0.00793837,0.0157115,-0.0320745,9.84781,9.84788,0,2.07008
4.33,push 2.5N fwd,-0.00783767,0.0341689,-0.00192667,-0.00166695,0,0,-0.00035199,-0.00781019,0.00192582,99.5036,99.6436,99.6387,0.081105,nan,0.261249,0.261196,0.261407,0.261736,0.260659,0.261196,0.260659,0.261407,0.261736,1,0,0.00248976,2.5,-0.00341593,-0.000394418,0.000380777,0.00578108,0.00498389,0.00192807,0.00236347,-1.8388e-05,0.00264835,-0.00893988,-1.68624e-06,0.00162254,-0.0890457,9.81471,9.81511,0,2.08222
4.34,push 2.5N fwd,-0.00784183,0.034247,-0.00141881,-0.00163121,0,0,-0.000360479,-0.00783467,0.00253093,99.5038,99.6438,99.6395,0.0812526,nan,0.26125,0.262033,0.260455,0.261558,0.260954,0.262033,0.260954,0.260455,0.261558,1,0,0.00154408,2.5,0.00258305,4.62811e-05,0.000958879,0.00425816,0.00489752,0.00187069,0.00236508,-1.84015e-05,0.00301908,0.00495608,0.00118525,0.106499,-0.136896,9.90073,9.90225,0,2.0893
4.35,push 2.5N fwd,-0.00784626,0.0343251,-0.0013487,-0.00147013,0,0,-0.000350183,-0.00782273,0.00257753,99.5039,99.6439,99.619,0.0661235,nan,0.261251,0.261585,0.26118,0.261147,0.26109,0.261585,0.26109,0.26118,0.261147,1,0,0.00154408,2.5,0.000926291,-0.00100024,0.000203242,0.00404098,0.00440451,0.00186709,0.00234772,-1.85114e-05,-0.00156166,-0.00156313,-0.00946435,0.0570336,0.0100377,9.8449,9.84507,0,2.08533
4.36,push 2.5N fwd,-0.00785065,0.0344029,-0.00146638,-0.00125175,0,0,-0.000384233,-0.00780761,0.00239392,99.5041,99.6441,99.6196,0.0663947,nan,0.261251,0.260895,0.261409,0.26099,0.26171,0.260895,0.26171,0.261409,0.26099,1,0,0.00154408,2.5,0.000544529,0.000750211,-0.00054242,0.00439704,0.00375024,0.00188885,0.00231906,-1.92401e-05,0.000489455,-0.00101133,-0.00644804,0.153303,0.0372355,9.75976,9.76103,0,2.0763
4.37,push 2.5N fwd,-0.00785569,0.0344811,-0.00148865,-0.0012374,0,0,-0.000482847,-0.00786921,0.00243596,99.5043,99.6443,99.6092,0.0587144,nan,0.261252,0.261883,0.260527,0.262241,0.260356,0.261883,0.260356,0.260527,0.262241,1,0,0.00154408,2.5,-0.00140044,0.000355799,0.00142461,0.0044791,0.00372131,0.00189401,0.00231823,-1.91877e-05,0.0106596,0.00838669,0.0038698,0.120753,0.00779375,9.84382,9.84456,0,2.07973
4.38,push 2.5N fwd,-0.00786187,0.03456,-0.00130925,-0.00117845,0,0,-0.000610623,-0.00796043,0.00208118,99.5044,99.6444,99.6098,0.0587956,nan,0.261253,0.26095,0.261372,0.261077,0.26161,0.26095,0.26161,0.261372,0.261077,1,0,0.00154408,2.5,0.000293538,0.000691448,-0.000419946,0.00393349,0.00354129,0.00187441,0.0023122,-1.92564e-05,0.00571659,0.00625911,0.0143531,0.111698,0.0528513,9.8599,9.86067,0,2.08265
4.39,push 2.5N fwd,-0.00786931,0.03464,-0.00128145,-0.00125183,0,0,-0.00069674,-0.00810494,0.00308628,99.5046,99.6446,99.5904,0.0445709,nan,0.261253,0.262419,0.260097,0.262356,0.260141,0.262419,0.260141,0.260097,0.262356,1,0,0.00154408,2.5,0.000281366,-3.7827e-05,0.00199403,0.00385375,0.00375109,0.00187274,0.00232303,-1.91459e-05,0.00815298,-0.000610359,0.00494726,0.0342278,0.0699045,9.77218,9.77249,0,2.09165
4.4,recover,-0.00787749,0.0347216,-0.00151946,-0.00132606,0,0,-0.00074879,-0.00824737,0.00247559,99.5047,99.6447,99.5909,0.0449089,nan,0.261254,0.262165,0.260667,0.262287,0.259897,0.262165,0.259897,0.260667,0.262287,1,0,0.00154408,0,-0.00236446,-0.00122652,0.00170843,0.00455763,0.00398052,0.0019071,0.00233604,-1.92455e-05,0.00142866,0.00388311,0.00674112,-0.00546671,0.0421827,9.82375,9.82384,0,2.09825
4.41,recover,-0.00788639,0.0348043,-0.00138147,-0.00143722,0,0,-0.000880864,-0.00832928,0.00241858,99.5049,99.6449,99.6141,0.06161,nan,0.261255,0.261236,0.261134,0.261353,0.261294,0.261236,0.261294,0.261134,0.261353,1,0,0.00154408,0,0.000113503,0.000525859,7.0693e-05,0.00416448,0.00433178,0.00189154,0.00235208,-1.88435e-05,0.015274,0.0157732,0.00100366,-0.0869711,-0.032767,9.78875,9.78919,0,2.11059
4.42,recover,-0.00789637,0.0348879,-0.0016073,-0.00144846,0,0,-0.00093511,-0.00842003,0.00241465,99.5051,99.6451,99.6147,0.0616016,nan,0.261255,0.261378,0.26111,0.261356,0.261176,0.261378,0.261176,0.26111,0.261356,1,0,0.00218366,0,0.000234422,8.27122e-05,0.000196958,0.004828,0.00435366,0.00191911,0.00235689,-1.90135e-05,0.00599134,0.00788979,-0.00300683,0.027863,0.00687167,9.76306,9.7631,0,2.11392
4.43,recover,-0.00790673,0.0349721,-0.00145279,-0.00158172,0,0,-0.000960987,-0.00847303,0.00234001,99.5052,99.6452,99.603,0.053012,nan,0.261256,0.261418,0.261187,0.261363,0.261055,0.261418,0.261055,0.261187,0.261363,1,0,0.00182698,0,-0.000205799,-0.000353909,0.000236967,0.00434816,0.00474032,0.0019027,0.00237574,-1.84832e-05,-0.00491805,-0.000851075,-0.00727855,-0.036181,-0.0263321,9.82057,9.82068,0,2.12776
4.44,recover,-0.00791709,0.0350566,-0.0014305,-0.00171242,0,0,-0.000987048,-0.00842936,0.00206048,99.5054,99.6454,99.6034,0.0532649,nan,0.261257,0.260506,0.262265,0.259795,0.26246,0.260506,0.26246,0.262265,0.259795,1,0,0.00182698,0,0.00240194,-0.000977771,-0.00194456,0.00429829,0.00511097,0.00190222,0.00239369,-1.90032e-05,0.00643801,-0.015131,-0.000744116,-0.0185529,-0.0885194,9.93884,9.93925,0,2.14023
4.45,recover,-0.00792784,0.0351406,-0.00134461,-0.00173048,0,0,-0.00097925,-0.00842958,0.00224466,99.5055,99.6455,99.597,0.0486455,nan,0.261257,0.260238,0.261914,0.26035,0.262527,0.260238,0.262527,0.261914,0.26035,1,0,0.00182698,0,0.00132577,0.00137426,-0.00169361,0.00401903,0.0051859,0.001894,0.00239849,-1.88325e-05,-0.00795957,-0.00131335,0.00350649,0.0548211,-0.0412886,9.86013,9.86037,0,2.1469
4.46,recover,-0.007938,0.0352251,-0.00118093,-0.00171631,0,0,-0.000865112,-0.00850337,0.00148853,99.5057,99.6457,99.5975,0.0488715,nan,0.261258,0.260275,0.262109,0.260242,0.262406,0.260275,0.262406,0.262109,0.260242,1,0,0.0020716,0,0.000875302,0.000499719,-0.00175702,0.0035441,0.00515829,0.00187676,0.00239824,-1.85116e-05,0.00275074,0.00864483,0.00303679,-0.00765168,-0.0729906,9.77886,9.77914,0,2.15255
4.47,recover,-0.00794673,0.0353099,-0.00108076,-0.0015072,0,0,-0.000703322,-0.00848806,0.0027668,99.5058,99.6458,99.5893,0.04277,nan,0.261259,0.261796,0.260836,0.2617,0.260702,0.261796,0.260702,0.260836,0.2617,1,0,0.00138107,0,-9.92487e-05,-0.000435547,0.000860453,0.00323428,0.00453802,0.00186601,0.00237612,-1.81816e-05,-0.00347794,0.0133155,-0.000954265,0.0445983,-0.0532106,9.83083,9.83107,0,2.1466
4.48,recover,-0.00795402,0.0353941,-0.00112945,-0.00159443,0,0,-0.000518527,-0.00835977,0.00330803,99.506,99.646,99.5898,0.0430138,nan,0.261259,0.261261,0.26161,0.260889,0.261277,0.261261,0.261277,0.26161,0.260889,1,0,0.00195312,0,0.000103699,-0.00133442,-0.000323755,0.00339968,0.00479119,0.00187284,0.00239067,-1.8262e-05,0.00942982,0.0076464,0.00543812,0.191556,-0.0374945,9.80274,9.80469,0,2.15587
4.49,recover,-0.00795944,0.0354763,-0.00123327,-0.00137815,0,0,-0.000323653,-0.00813183,0.00318027,99.5062,99.6462,99.5807,0.0365013,nan,0.26126,0.261448,0.261536,0.260872,0.261184,0.261448,0.261184,0.261536,0.260872,1,0,0.00154408,0,0.000592384,-0.00175744,-0.000175831,0.00370887,0.00415022,0.00188855,0.0023663,-1.86136e-05,0.00789833,0.012909,-0.0189335,0.00737292,0.0286165,9.83278,9.83282,0,2.14733
4.5,recover,-0.00796296,0.0355567,-0.0014768,-0.00147516,0,0,-0.000156333,-0.00797506,0.00299458,99.5063,99.6463,99.581,0.0367651,nan,0.261261,0.262931,0.259599,0.263231,0.259283,0.262931,0.259283,0.259599,0.263231,1,0,0.0020716,0,-0.00163439,-3.0767e-05,0.00319964,0.00442144,0.00444135,0.00192066,0.0023813,-1.92146e-05,-0.00404245,0.0129538,0.00735762,0.137611,0.0268031,9.93351,9.9345,0,2.15507
4.51,recover,-0.00796476,0.0356352,-0.001613,-0.00159886,0,0,-2.5229e-05,-0.00772124,0.00260661,99.5065,99.6465,99.586,0.0400601,nan,0.261262,0.261592,0.261288,0.261309,0.260856,0.261592,0.260856,0.261288,0.261309,1,0,0.00182698,0,-0.000397158,-0.00135623,0.000332966,0.00482968,0.00480328,0.00193597,0.00239987,-1.91397e-05,-0.00426779,0.00686303,0.00450906,0.00361615,0.04311,9.88897,9.88906,0,2.16526
4.52,recover,-0.00796518,0.0357107,-0.00131578,-0.00154159,0,0,0.000131949,-0.00745793,0.00317737,99.5066,99.6466,99.5864,0.0402213,nan,0.261262,0.261429,0.261223,0.261221,0.261176,0.261429,0.261176,0.261223,0.261221,1,0,0.00182698,0,0.000426722,-0.000482536,0.000110839,0.00393877,0.00460642,0.00190177,0.0023942,-1.81372e-05,-0.00381163,-0.00984532,-0.00360599,-0.0707479,0.0688217,9.76926,9.76976,0,2.16905
4.53,recover,-0.00796446,0.0357844,-0.00136732,-0.00175265,0,0,0.000242192,-0.00731624,0.00367306,99.5068,99.6468,99.5693,0.0277406,nan,0.261263,0.261406,0.261039,0.261153,0.261454,0.261406,0.261454,0.261039,0.261153,1,0,0.00182698,0,0.00177383,0.000308284,2.88566e-05,0.00410929,0.00526733,0.00191269,0.00242319,-1.85175e-05,0.0067838,0.00868605,-0.00685606,0.000344277,0.0089542,9.80288,9.80288,0,2.18464
4.54,recover,-0.00796266,0.0358568,-0.00152025,-0.00194976,0,0,0.000395363,-0.00720514,0.00346366,99.507,99.647,99.5696,0.0280712,nan,0.261264,0.261436,0.260906,0.262015,0.260698,0.261436,0.260698,0.260906,0.262015,1,0,0.0020716,0,-0.00208732,0.000701574,0.000811834,0.00456353,0.00583624,0.0019331,0.00244906,-1.92365e-05,0.00377535,-0.00624517,-0.00375255,0.0299102,-0.0778012,9.87248,9.87283,0,2.19845
4.55,recover,-0.0079593,0.0359285,-0.00129264,-0.00174209,0,0,0.000507025,-0.00719348,0.00380595,99.5071,99.6471,99.5512,0.0147571,nan,0.261264,0.261478,0.260723,0.261624,0.261232,0.261478,0.261232,0.260723,0.261624,1,0,0.00218366,0,0.000963968,0.00123972,0.000503869,0.00388662,0.00522658,0.00190975,0.00242785,-1.78665e-05,0.0077137,0.00262957,-0.000275983,0.0471645,-0.082363,9.86073,9.86119,0,2.19283
4.56,recover,-0.00795544,0.0360003,-0.0011207,-0.00152849,0,0,0.000466277,-0.00719623,0.00313007,99.5073,99.6473,99.5513,0.0149766,nan,0.261265,0.261698,0.260562,0.261561,0.261239,0.261698,0.261239,0.260562,0.261561,1,0,0.00154408,0,0.00215713,0.00102426,0.000640397,0.00337424,0.00457649,0.00189514,0.00240549,-1.83596e-05,0.00998724,-0.00359095,-0.000913699,-0.028413,-0.149344,9.85021,9.85138,0,2.18642
4.57,recover,-0.00795239,0.0360721,-0.00090868,-0.00144741,0,0,0.000354486,-0.00725239,0.00281581,99.5074,99.6474,99.5558,0.0184322,nan,0.261266,0.261524,0.261071,0.260958,0.26151,0.261524,0.26151,0.261071,0.260958,1,0,0.00169146,0,0.00266577,-0.000239229,-4.32985e-05,0.00271053,0.00432883,0.00187411,0.00239509,-1.8126e-05,-0.00847384,-0.00653509,-0.00432858,0.0246189,-0.100612,9.82732,9.82787,0,2.18794
4.58,recover,-0.0079502,0.0361451,-0.000990456,-0.0015094,0,0,0.000273544,-0.00737898,0.00236754,99.5076,99.6476,99.5559,0.018566,nan,0.261267,0.260403,0.261838,0.26073,0.262096,0.260403,0.262096,0.261838,0.26073,1,0,0.00154408,0,-0.000185803,0.00110912,-0.00123104,0.00298169,0.0045308,0.0018892,0.00240305,-1.8489e-05,0.00877379,0.00414185,0.00190942,0.0700162,-0.0131694,9.85756,9.85781,0,2.19472
4.59,recover,-0.0079489,0.0362192,-0.00112244,-0.0013978,0,0,0.00019832,-0.00749952,0.00332153,99.5077,99.6477,99.5623,0.0232031,nan,0.261267,0.261935,0.260385,0.262137,0.260612,0.261935,0.260612,0.260385,0.262137,1,0,0.00119604,0,6.68569e-05,0.000810735,0.0013514,0.00337953,0.0041833,0.00191098,0.00239277,-1.86536e-05,0.0100449,-0.00434555,0.000552043,0.077504,-0.00660758,9.77664,9.77695,0,2.1913
4.6,recover,-0.00794875,0.0362944,-0.000886208,-0.00143916,0,0,6.62064e-05,-0.00760852,0.00307443,99.5079,99.6479,99.5627,0.0234047,nan,0.261268,0.262084,0.260598,0.261717,0.260674,0.262084,0.260674,0.260598,0.261717,1,0,0.00169146,0,0.00117436,-0.000550981,0.00111154,0.00267084,0.00432245,0.00188732,0.00239911,-1.88319e-05,0.0100357,0.00571413,0.00325211,0.102567,0.0210052,9.87417,9.87473,0,2.20019
4.61,recover,-0.00794947,0.0363708,-0.000977332,-0.000951411,0,0,1.06286e-06,-0.00773131,0.00293518,99.5081,99.6481,99.5783,0.0347557,nan,0.261269,0.261592,0.2614,0.261455,0.260628,0.261592,0.260628,0.2614,0.261455,1,0,0.000976562,0,-0.00168476,-0.00172245,0.000447377,0.00293337,0.00287027,0.00190011,0.00234251,-1.90586e-05,0.00281072,0.0130388,-0.00297884,0.0163555,-0.0219268,9.93552,9.93555,0,2.17607
4.62,recover,-0.00795118,0.0364481,-0.00075443,-0.000826209,0,0,-0.000148353,-0.0077443,0.00309151,99.5082,99.6482,99.5786,0.0347248,nan,0.26127,0.260548,0.262157,0.260825,0.261548,0.260548,0.261548,0.262157,0.260825,1,0,0,0,-0.00235101,-0.000629114,-0.00102488,0.00227281,0.00247917,0.00187751,0.00233073,-1.97512e-05,0.00821658,0.00269812,-0.00699953,0.0435829,0.0784881,9.81764,9.81805,0,2.17563
4.63,recover,-0.00795479,0.0365247,-0.000830479,-0.000765961,0,0,-0.000340678,-0.00761766,0.00318869,99.5084,99.6484,99.6008,0.050843,nan,0.26127,0.259963,0.262408,0.260027,0.262683,0.259963,0.262683,0.262408,0.260027,1,0,0.000690534,0,0.000562228,0.000642157,-0.00224183,0.00250587,0.00229422,0.00188971,0.00232472,-1.94893e-05,0.0115118,-0.000120162,0.00136712,-0.0552832,0.0411181,9.78017,9.78041,0,2.17581
4.64,recover,-0.00796047,0.0366001,-0.000856339,-0.000897272,0,0,-0.000581676,-0.00751355,0.00328851,99.5085,99.6485,99.6012,0.0511191,nan,0.261271,0.260407,0.262002,0.260706,0.261968,0.260407,0.261968,0.262002,0.260706,1,0,0.000976562,0,-0.000883528,0.000500347,-0.00125569,0.00255679,0.00271573,0.00189743,0.00234153,-1.93574e-05,-0.00625747,0.018288,-0.00335466,-0.0595318,-0.120901,9.79488,9.79581,0,2.18726
4.65,recover,-0.00796889,0.0366745,-0.00102158,-0.0013445,0,0,-0.000863518,-0.00742226,0.00245935,99.5087,99.6487,99.6337,0.0743487,nan,0.261272,0.260632,0.261852,0.260743,0.26186,0.260632,0.26186,0.261852,0.260743,1,0,0.00169146,0,-0.000274298,0.000227486,-0.00102689,0.0030618,0.00402746,0.00192052,0.00239516,-1.92517e-05,-3.52649e-05,-0.00162719,0.00219011,-0.0627958,-0.0755683,9.76562,9.76611,0,2.21515
4.66,recover,-0.00797971,0.0367479,-0.000680517,-0.00145003,0,0,-0.00113078,-0.00729495,0.00265766,99.5088,99.6488,99.6345,0.074577,nan,0.261272,0.259991,0.262378,0.260549,0.262171,0.259991,0.262171,0.262378,0.260549,1,0,0.000690534,0,-0.00202722,0.000664743,-0.0017619,0.00204597,0.00436299,0.00188296,0.0024096,-1.89278e-05,0.00483063,0.0110094,-0.00131945,-0.00927175,-0.0555807,9.89572,9.89588,0,2.22874
4.67,recover,-0.00799353,0.0368207,-0.000598864,-0.0016687,0,0,-0.00148337,-0.00729631,0.00208351,99.509,99.649,99.6427,0.0801461,nan,0.261273,0.261286,0.260985,0.261174,0.261647,0.261286,0.261647,0.260985,0.261174,1,0,0.00119604,0,0.00205382,0.00104098,-7.59192e-05,0.00178329,0.00500781,0.00187678,0.00243962,-1.88853e-05,-0.00701745,0.00359294,-0.0160362,-0.0354996,-0.103066,9.88003,9.88064,0,2.24614
4.68,recover,-0.00801099,0.0368937,-0.000909178,-0.00147902,0,0,-0.00184512,-0.00733127,0.00234577,99.5091,99.6491,99.6434,0.080401,nan,0.261274,0.261085,0.261357,0.261012,0.261642,0.261085,0.261642,0.261357,0.261012,1,0,0.00138107,0,0.000951479,0.000402032,-0.000396673,0.00273854,0.00444174,0.00191432,0.00242033,-1.98113e-05,0.00924964,0.00555309,-0.00314133,0.0691334,-0.0838724,9.89041,9.89101,0,2.23663
4.69,recover,-0.00803163,0.0369667,-0.000631863,-0.00161784,0,0,-0.00213125,-0.00732574,0.00177338,99.5093,99.6493,99.6362,0.074741,nan,0.261275,0.263267,0.259257,0.263078,0.259496,0.263267,0.259496,0.259257,0.263078,1,0,0.00138107,0,0.00113352,9.44924e-05,0.00333669,0.00189589,0.00485178,0.00188219,0.00243791,-1.92496e-05,0.00207323,0.00128005,-0.0073173,0.0923062,-0.139894,9.72208,9.72353,0,2.25157
4.7,recover,-0.00805468,0.0370399,-0.0004705,-0.00147826,0,0,-0.00238685,-0.00734955,0.00203043,99.5095,99.6495,99.6369,0.0748785,nan,0.261275,0.26149,0.261011,0.261956,0.260646,0.26149,0.260646,0.261011,0.261956,1,0,0.000690534,0,-0.00220351,0.000191852,0.000786189,0.00141715,0.00442629,0.00186372,0.00242357,-1.8968e-05,0.0056269,-0.00323266,-0.00299959,0.0547315,-0.0843225,9.87991,9.88042,0,2.24974
4.71,recover,-0.00808083,0.0371135,-0.000199587,-0.00130753,0,0,-0.00269288,-0.00742417,0.00250858,99.5096,99.6496,99.6438,0.0795155,nan,0.261276,0.26265,0.260061,0.262371,0.260022,0.26265,0.260022,0.260061,0.262371,1,0,0,0,0.000636017,-0.000602997,0.00217033,0.000582979,0.00392578,0.00183108,0.00240336,-1.86671e-05,-0.00869323,0.00452817,-0.00304991,0.0256792,0.0154695,9.72944,9.72949,0,2.24746
4.72,recover,-0.00810977,0.0371881,-0.000439548,-0.00103938,0,0,-0.00294921,-0.00749698,0.00185025,99.5098,99.6498,99.6445,0.0797905,nan,0.261277,0.261347,0.261481,0.261168,0.261111,0.261347,0.261111,0.261481,0.261168,1,0,0.000690534,0,-0.000504535,-0.00104132,-3.38808e-05,0.00131266,0.00310407,0.00186029,0.0023742,-1.92672e-05,-0.00213259,-0.00701131,-0.00573985,0.0892038,0.0251958,9.88606,9.8865,0,2.2343
4.73,recover,-0.00814107,0.0372627,-0.000551119,-0.000521457,0,0,-0.00317951,-0.00745024,0.0015368,99.5099,99.6499,99.6566,0.0882508,nan,0.261278,0.261071,0.261411,0.261586,0.261043,0.261071,0.261043,0.261411,0.261586,1,0,0,0,-0.00234542,0.000277429,8.90447e-05,0.00165539,0.00157499,0.00187345,0.00231409,-1.85925e-05,0.0032256,0.00939473,-0.00684128,0.0545256,0.10973,9.83988,9.84064,0,2.2085
4.74,recover,-0.00817448,0.0373368,-0.000620184,-0.000670213,0,0,-0.00338752,-0.00736868,0.00122609,99.5101,99.6501,99.6575,0.0886034,nan,0.261278,0.26124,0.261462,0.261331,0.26108,0.26124,0.26108,0.261462,0.261331,1,0,0,0,-0.0012543,-0.000550929,1.25942e-05,0.00187982,0.00200125,0.0018814,0.00233318,-1.83186e-05,0.0147341,-0.0039316,0.00857004,-0.0543316,0.0806796,9.82752,9.828,0,2.22068
4.75,recover,-0.00820974,0.0374098,-0.000751207,-0.000775958,0,0,-0.00353544,-0.00722968,0.00145328,99.5102,99.6502,99.6383,0.0742474,nan,0.261279,0.261036,0.261417,0.261154,0.261509,0.261036,0.261509,0.261417,0.261154,1,0,0.000690534,0,-6.72921e-05,0.000395988,-0.000323657,0.0022588,0.00232959,0.00189555,0.00234729,-1.80824e-05,0.00536056,0.00347999,0.0116872,-0.0754443,-0.0220558,9.77683,9.77715,0,2.22976
4.76,recover,-0.00824588,0.0374811,-0.00117849,-0.000953172,0,0,-0.00358517,-0.00703755,0.00118095,99.5104,99.6504,99.6391,0.074446,nan,0.26128,0.260802,0.261665,0.260982,0.26167,0.260802,0.26167,0.261665,0.260982,1,0,0.00119604,0,-0.000464152,0.00035199,-0.000681794,0.00352805,0.00286469,0.00194601,0.00237013,-1.77995e-05,-0.00298523,0.00581288,0.00520317,0.015099,-0.0501838,9.7616,9.76174,0,2.23985
4.77,recover,-0.00828257,0.0375506,-0.00146746,-0.00119802,0,0,-0.00366738,-0.00686951,0.00133017,99.5105,99.6505,99.6349,0.0710941,nan,0.261281,0.262003,0.260546,0.261877,0.260697,0.262003,0.260697,0.260546,0.261877,1,0,0.00119604,0,0.000735533,4.5862e-05,0.00115877,0.00439406,0.00359408,0.00197844,0.00240038,-1.68989e-05,-0.00355129,0.00240545,0.00880593,-0.0375482,0.0438405,9.76195,9.76212,0,2.25522
4.78,recover,-0.00832029,0.0376185,-0.001606,-0.00109496,0,0,-0.00378279,-0.00671495,0.00130389,99.5107,99.6507,99.6357,0.0714486,nan,0.261282,0.260395,0.262302,0.259736,0.262694,0.260395,0.262694,0.262302,0.259736,1,0,0.00195312,0,0.00278757,-0.000505682,-0.00213825,0.00480872,0.00327924,0.00199362,0.00238758,-1.78706e-05,-0.00418604,-0.00137317,0.00222279,-0.0869242,-0.0706256,9.8551,9.85573,0,2.25231
4.79,recover,-0.00835832,0.0376848,-0.00144936,-0.00114322,0,0,-0.00370877,-0.00655511,0.000912921,99.5109,99.6509,99.5956,0.0421459,nan,0.261282,0.262261,0.260299,0.262461,0.260109,0.262261,0.260109,0.260299,0.262461,1,0,0.00169146,0,-0.00103383,1.80697e-05,0.00189607,0.00434663,0.00342729,0.00197309,0.00239323,-1.77134e-05,0.00101073,0.00081078,-0.000488261,-0.063612,-0.0210844,9.84622,9.84645,0,2.26062
4.8,recover,-0.0083955,0.0377498,-0.00147295,-0.00116043,0,0,-0.00363417,-0.00647792,0.00175281,99.511,99.651,99.596,0.0423565,nan,0.261283,0.262027,0.260778,0.260815,0.261513,0.262027,0.261513,0.260778,0.260815,1,0,0.00138107,0,0.00516471,-0.000903254,0.00024203,0.00442658,0.00346862,0.00197535,0.00239449,-1.79026e-05,0.00713239,-0.00605245,-0.000794559,-0.0288055,-0.0221656,9.80656,9.80663,0,2.26541
4.81,recover,-0.00843167,0.0378143,-0.00121219,-0.00104367,0,0,-0.0034326,-0.00646922,0.00166345,99.5112,99.6512,99.5918,0.0391287,nan,0.261284,0.261534,0.261234,0.261216,0.261151,0.261534,0.261151,0.261234,0.261216,1,0,0.000976562,0,0.000622682,-0.000760223,0.000160656,0.00363686,0.00311933,0.00194637,0.00238151,-1.84856e-05,0.00214782,-0.00540904,0.00156337,0.0383864,-0.0879744,9.75327,9.75374,0,2.26535
4.82,recover,-0.00846569,0.0378785,-0.000960903,-0.00105826,0,0,-0.00324432,-0.00637526,0.00148812,99.5113,99.6513,99.5923,0.0394125,nan,0.261285,0.2604,0.262099,0.260332,0.262308,0.2604,0.262308,0.262099,0.260332,1,0,0.000976562,0,0.000737034,0.000268408,-0.00161561,0.00288442,0.00317774,0.00191895,0.00238382,-1.89342e-05,0.00305894,0.00436546,-0.00218189,0.0414024,-0.0138679,9.7717,9.7718,0,2.27267
4.83,recover,-0.00849824,0.0379418,-0.00102182,-0.000609214,0,0,-0.00311881,-0.00632463,0.001375,99.5115,99.6515,99.5831,0.0325932,nan,0.261285,0.260989,0.261742,0.260612,0.261799,0.260989,0.261799,0.261742,0.260612,1,0,0,0,0.00115107,-0.000608026,-0.000852832,0.00305473,0.0018187,0.00192389,0.00233103,-1.98732e-05,-0.00522107,-0.00362353,-0.0042709,0.0663433,0.0246325,9.8463,9.84656,0,2.25065
4.84,recover,-0.0085293,0.0380045,-0.00105036,-0.000707039,0,0,-0.00291206,-0.00622221,0.0018169,99.5116,99.6516,99.5834,0.0328199,nan,0.261286,0.261719,0.260668,0.262535,0.260222,0.261719,0.260222,0.260668,0.262535,1,0,0,0,-0.00334799,0.000701374,0.00147843,0.00315937,0.00212931,0.00192864,0.0023448,-1.96828e-05,0.00745564,0.00781323,-0.00707249,0.0896695,0.0289739,9.83996,9.84041,0,2.25974
4.85,recover,-0.00855832,0.038066,-0.001153,-0.000737195,0,0,-0.00277606,-0.00614571,0.00156033,99.5118,99.6518,99.5767,0.027813,nan,0.261287,0.260959,0.261858,0.260694,0.261636,0.260959,0.261636,0.261858,0.260694,1,0,0.00138107,0,0.000115043,-0.000920625,-0.000808992,0.00343941,0.00221936,0.00193821,0.00234682,-1.95088e-05,-0.0111272,0.00753202,-0.0023395,0.063132,0.0241349,9.87333,9.87356,0,2.26417
4.86,recover,-0.008586,0.0381272,-0.00121765,-0.000802535,0,0,-0.00260932,-0.00610695,0.00218779,99.5119,99.6519,99.577,0.0281712,nan,0.261288,0.261135,0.261328,0.261559,0.26113,0.261135,0.26113,0.261328,0.261559,1,0,0.00119604,0,-0.00164952,0.000428346,0.000103612,0.00365053,0.00239231,0.00194512,0.00235549,-1.93877e-05,0.000330225,-0.00784821,0.00303307,0.0141168,0.0126852,9.88724,9.88726,0,2.27094
4.87,recover,-0.00861256,0.0381879,-0.00142686,-0.0010043,0,0,-0.00255505,-0.00607472,0.00228091,99.5121,99.6521,99.5663,0.0204888,nan,0.261288,0.261203,0.261142,0.261466,0.261343,0.261203,0.261343,0.261142,0.261466,1,0,0.00154408,0,-0.000164221,0.000879664,8.10114e-05,0.00426611,0.00303144,0.00197116,0.00237829,-1.89342e-05,-0.00767314,0.0147511,-0.00302242,-0.00954359,0.0374575,9.75357,9.75364,0,2.28397
4.88,recover,-0.00863913,0.038248,-0.000903723,-0.000828669,0,0,-0.00256576,-0.00599133,0.00250224,99.5122,99.6522,99.5664,0.0207132,nan,0.261289,0.261693,0.261132,0.261341,0.26099,0.261693,0.26099,0.261132,0.261341,1,0,0,0,0.000557828,-0.000935268,0.000401195,0.00271107,0.00249124,0.00191194,0.00235741,-1.93181e-05,0.00184396,0.00584408,-0.00222231,-0.076676,-0.000722315,9.84152,9.84182,0,2.28302
4.89,recover,-0.00866591,0.0383074,-0.00116419,-0.00103888,0,0,-0.00260869,-0.00592058,0.00256914,99.5124,99.6524,99.5659,0.0206197,nan,0.26129,0.261728,0.261019,0.261613,0.2608,0.261728,0.2608,0.261019,0.261613,1,0,0.00119604,0,-0.00027531,-0.000633616,0.000668803,0.00348826,0.00312532,0.00194329,0.00238506,-1.94507e-05,-0.000931654,0.00818562,-0.00394543,-0.0677587,-0.113802,9.84082,9.84171,0,2.29582
4.9,recover,-0.00869297,0.0383656,-0.00124874,-0.000869934,0,0,-0.00262005,-0.00571428,0.00186523,99.5125,99.6525,99.566,0.0208223,nan,0.261291,0.261271,0.261353,0.261383,0.261156,0.261271,0.261156,0.261353,0.261383,1,0,0.00119604,0,-0.00081988,-0.000161724,6.32174e-05,0.00375879,0.00259851,0.00195439,0.00236737,-1.98371e-05,0.0103265,-0.00515453,-0.00593796,-0.0250978,-0.0787458,9.8474,9.84774,0,2.289
4.91,recover,-0.00871989,0.0384212,-0.00108606,-0.000907232,0,0,-0.00264192,-0.00540627,0.00169774,99.5127,99.6527,99.5616,0.0178098,nan,0.261292,0.261567,0.260878,0.261519,0.261202,0.261567,0.261202,0.260878,0.261519,1,0,0.000976562,0,0.000986264,0.0005212,0.000442258,0.00325615,0.00270406,0.00193648,0.00237251,-1.978e-05,0.000598104,-0.00938826,0.00496778,0.0212649,-0.0435425,9.89182,9.89194,0,2.29618
4.92,recover,-0.00874711,0.0384738,-0.00137529,-0.00100063,0,0,-0.00265848,-0.00515009,0.00236634,99.5128,99.6528,99.5617,0.0180275,nan,0.261292,0.260703,0.261852,0.261036,0.261579,0.260703,0.261579,0.261852,0.261036,1,0,0.00169146,0,-0.00160632,0.000113039,-0.000743745,0.00411047,0.0030125,0.00197287,0.00238257,-1.96492e-05,-0.00829758,0.00945744,-0.00167761,0.00918501,-0.117476,9.84363,9.84434,0,2.30179
4.93,recover,-0.00877481,0.0385241,-0.00124314,-0.000930475,0,0,-0.00268788,-0.00494152,0.00216432,99.513,99.653,99.5749,0.0276287,nan,0.261293,0.262479,0.260029,0.262204,0.260459,0.262479,0.260459,0.260029,0.262204,1,0,0.00138107,0,0.00186883,0.000293217,0.00184397,0.00371808,0.00278382,0.00195517,0.00237305,-2.00017e-05,-0.00560698,-0.00270709,0.00878732,0.0588686,0.0698238,9.93666,9.93708,0,2.30228
4.94,recover,-0.00880238,0.0385724,-0.00133055,-0.000885503,0,0,-0.00265345,-0.00477554,0.00238803,99.5131,99.6531,99.5752,0.0279212,nan,0.261294,0.260755,0.261758,0.260568,0.262095,0.260755,0.262095,0.261758,0.260568,1,0,0.000976562,0,0.00139026,0.000283831,-0.00111158,0.00398772,0.00266894,0.00196665,0.00236529,-2.04064e-05,-0.000656111,0.010659,-0.00421788,0.138103,0.0216715,9.79379,9.79479,0,2.30188
4.95,recover,-0.00882957,0.0386195,-0.00143573,-0.000555299,0,0,-0.00257767,-0.00468358,0.00283526,99.5133,99.6533,99.5702,0.0242102,nan,0.261295,0.262221,0.260006,0.262368,0.260584,0.262221,0.260584,0.260006,0.262368,1,0,0.00119604,0,0.00114191,0.00137353,0.00175747,0.0043132,0.00168585,0.00198227,0.00232673,-2.1962e-05,0.00597634,0.0156432,-0.00886001,0.0742196,-0.0104827,9.83731,9.83759,0,2.28514
4.96,recover,-0.00885598,0.038666,-0.00111664,-0.000757761,0,0,-0.00250722,-0.00466691,0.00218315,99.5134,99.6534,99.5705,0.024447,nan,0.261295,0.261302,0.261315,0.261659,0.260906,0.261302,0.260906,0.261315,0.261659,1,0,0.000690534,0,-0.00203134,-9.84665e-05,0.000324759,0.00335933,0.00228486,0.00194776,0.00235085,-2.17553e-05,0.00822918,0.0100546,0.0144099,0.0569226,0.0156095,9.833,9.83318,0,2.30271
4.97,recover,-0.00888181,0.0387124,-0.00160776,-0.000356512,0,0,-0.00252916,-0.00464946,0.00168582,99.5136,99.6536,99.5834,0.033771,nan,0.261296,0.262074,0.260789,0.261678,0.260643,0.262074,0.260643,0.260789,0.261678,1,0,0.00119604,0,0.000661064,-0.00102795,0.00102009,0.00483533,0.00107249,0.0020088,0.00230162,-2.26996e-05,0.01005,0.00425726,0.0065948,0.0586692,0.0132535,9.80629,9.80648,0,2.27801
4.98,recover,-0.00890818,0.0387587,-0.00119919,-0.000274683,0,0,-0.00256598,-0.00467499,0.00142566,99.5138,99.6538,99.5837,0.0339421,nan,0.261297,0.261514,0.260962,0.261692,0.26102,0.261514,0.26102,0.260962,0.261692,1,0,0,0,-0.000317897,0.000446912,0.000538111,0.00359124,0.000833053,0.00195824,0.00228767,-2.42573e-05,-0.00225224,0.00828933,0.00106578,-0.0339441,0.0759633,9.78093,9.78128,0,2.28043
4.99,recover,-0.00893412,0.0388061,-0.00139376,-0.000354998,0,0,-0.00247462,-0.0048211,0.00173583,99.5139,99.6539,99.5817,0.0325284,nan,0.261298,0.260791,0.261675,0.26062,0.262104,0.260791,0.262104,0.261675,0.26062,1,0,0.00138107,0,0.00159387,0.000488496,-0.00104068,0.00418248,0.00106012,0.00197873,0.00229824,-2.34168e-05,0.00278929,-0.000956099,0.00456421,-0.0852072,0.00432497,9.77969,9.78006,0,2.2859
5,recover,-0.00895927,0.0388548,-0.00157203,-0.000300139,0,0,-0.0023464,-0.00497466,0.00252806,99.5141,99.6541,99.582,0.0329795,nan,0.261298,0.261952,0.260695,0.261578,0.260968,0.261952,0.260968,0.260695,0.261578,1,0,0.000690534,0,0.00171468,-0.000189179,0.000820288,0.0047192,0.000896331,0.00199782,0.00229083,-2.30161e-05,0.00407825,-0.00043692,0.00206993,-0.00227839,-0.017389,9.76725,9.76727,0,2.28402
5.01,recover,-0.00898215,0.038905,-0.00132712,-0.00061557,0,0,-0.00206421,-0.00509242,0.00132393,99.5142,99.6542,99.5864,0.0362378,nan,0.261299,0.260092,0.262139,0.260303,0.262663,0.260092,0.262663,0.262139,0.260303,1,0,0.00119604,0,0.000829999,0.00139275,-0.00193704,0.00398449,0.00183193,0.00197111,0.0023271,-2.36253e-05,0.00406848,-0.0075231,-0.000490974,-0.0991853,-0.12666,9.74517,9.7465,0,2.30736
5.02,recover,-0.00900216,0.0389565,-0.00144077,-0.000855002,0,0,-0.00180041,-0.00525242,0.00202588,99.5144,99.6544,99.5867,0.036388,nan,0.2613,0.262142,0.260349,0.261875,0.260833,0.262142,0.260833,0.260349,0.261875,1,0,0.00169146,0,0.00199352,0.000410269,0.00124581,0.00432909,0.00256455,0.00198514,0.00235311,-2.3443e-05,0.00650962,0.00205662,-0.00414885,0.020525,0.00680561,9.90021,9.90024,0,2.32283
5.03,recover,-0.00902002,0.0390098,-0.00131855,-0.000856281,0,0,-0.00166395,-0.00545453,0.00171595,99.5145,99.6545,99.5637,0.0198164,nan,0.261301,0.26147,0.260966,0.261636,0.26113,0.26147,0.26113,0.260966,0.261636,1,0,0.00138107,0,-4.18411e-06,0.000626618,0.000444059,0.0039428,0.00255078,0.00197286,0.00235079,-2.36613e-05,-0.00659722,-0.00969157,0.00100221,0.0632021,-0.103972,9.86452,9.86527,0,2.32733
5.04,recover,-0.00903741,0.0390652,-0.00149793,-0.00112339,0,0,-0.00165166,-0.00567857,0.0019398,99.5147,99.6547,99.5638,0.020149,nan,0.261301,0.261679,0.261045,0.261335,0.261147,0.261679,0.261147,0.261045,0.261335,1,0,0.00119604,0,0.00118383,-0.000457021,0.000360941,0.0045044,0.00336612,0.0019948,0.00238334,-2.32404e-05,0.00906224,-0.000311013,-0.00194175,0.0240457,-0.0275138,9.82478,9.82485,0,2.3439
5.05,recover,-0.00905451,0.0391226,-0.00142263,-0.00107846,0,0,-0.00154979,-0.00587167,0.00367477,99.5148,99.6548,99.5571,0.0153141,nan,0.261302,0.261507,0.261182,0.261466,0.261053,0.261507,0.261053,0.261182,0.261466,1,0,0.00119604,0,-0.000234406,-0.000321218,0.000324171,0.00425238,0.00322944,0.00198618,0.00237844,-2.34255e-05,-0.00836102,-0.0015519,-0.0131542,0.118013,0.0311649,9.82997,9.83073,0,2.34553
5.06,recover,-0.00907109,0.0391821,-0.00160652,-0.00113915,0,0,-0.00143596,-0.00613372,0.00401329,99.515,99.655,99.5572,0.0156309,nan,0.261303,0.261365,0.261021,0.261747,0.261078,0.261365,0.261078,0.261021,0.261747,1,0,0.00195312,0,-0.000863686,0.000832104,0.000445189,0.00482463,0.00340809,0.00200972,0.00238266,-2.32866e-05,0.00539687,-0.00386517,0.00281057,0.041634,-0.0668284,9.81959,9.81991,0,2.35067
5.07,recover,-0.00908655,0.0392446,-0.00150107,-0.000999256,0,0,-0.00137508,-0.00645204,0.00386653,99.5151,99.6551,99.5411,0.0041358,nan,0.261304,0.261898,0.261016,0.2613,0.261001,0.261898,0.261001,0.261016,0.2613,1,0,0.00119604,0,0.00154689,-0.00116022,0.000518785,0.0044981,0.00300589,0.00200116,0.00236727,-2.39378e-05,-0.00141201,0.00778477,-0.00388351,0.048652,0.00208174,9.9267,9.92681,0,2.34749
5.08,recover,-0.00910175,0.0393101,-0.00141386,-0.00151422,0,0,-0.00140962,-0.00675704,0.00292463,99.5153,99.6553,99.5411,0.00445116,nan,0.261304,0.26061,0.262048,0.260799,0.261761,0.26061,0.261761,0.262048,0.260799,1,0,0.00154408,0,-0.00126217,-0.000185355,-0.00105451,0.00424247,0.00455197,0.00199609,0.00242508,-2.12284e-05,0.00260884,0.00863262,0.00378073,0.0613123,0.0502452,9.861,9.86132,0,2.38127
5.09,recover,-0.00911795,0.0393788,-0.0014038,-0.00164279,0,0,-0.0016027,-0.00702472,0.0029938,99.5154,99.6554,99.5288,-0.00439147,nan,0.261305,0.261094,0.261481,0.261679,0.260966,0.261094,0.260966,0.261481,0.261679,1,0,0.00154408,0,-0.00291764,0.000133593,0.000143514,0.00421096,0.00493824,0.00199688,0.00244089,-2.07083e-05,0.00168366,0.00902014,-0.00804372,0.0756456,0.0231846,9.81447,9.81479,0,2.39266
5.1,recover,-0.00913623,0.0394497,-0.00118768,-0.00196366,0,0,-0.00181469,-0.00723579,0.00259608,99.5156,99.6556,99.5288,-0.00425696,nan,0.261306,0.260397,0.262306,0.260483,0.262037,0.260397,0.262037,0.262306,0.260483,1,0,0.00195312,0,-0.000941306,-0.000348294,-0.0015218,0.00357198,0.00588128,0.00197373,0.00247905,-1.85421e-05,0.0079206,-0.0039851,-0.00534387,-0.00741636,0.0633171,9.73927,9.73947,0,2.41712
5.11,recover,-0.00915633,0.0395228,-0.0014492,-0.00201076,0,0,-0.00196395,-0.00742398,0.00246765,99.5157,99.6557,99.5155,-0.0135344,nan,0.261307,0.262098,0.260619,0.262065,0.260444,0.262098,0.260444,0.260619,0.262065,1,0,0.00239208,0,-0.000376025,-0.000395703,0.00136206,0.00434536,0.00603919,0.00200254,0.00248723,-2.01132e-05,0.000509745,0.00709464,0.00102045,-0.13266,-0.07165,9.78861,9.78978,0,2.4215
5.12,recover,-0.00917699,0.0395975,-0.00143993,-0.00170267,0,0,-0.001994,-0.00754533,0.00152953,99.5159,99.6559,99.5153,-0.0134196,nan,0.261307,0.26003,0.262405,0.260497,0.262297,0.26003,0.262297,0.262405,0.260497,1,0,0.00218366,0,-0.00152659,0.00068081,-0.00183477,0.00430709,0.00511088,0.00200277,0.00245582,-2.0912e-05,-0.00644794,0.00435922,0.00767755,-0.051432,-0.0287536,9.80114,9.80132,0,2.40863
5.13,recover,-0.00919771,0.0396728,-0.00143837,-0.00166983,0,0,-0.00200198,-0.00750841,0.00150389,99.516,99.656,99.5123,-0.015213,nan,0.261308,0.261616,0.26104,0.261628,0.260949,0.261616,0.260949,0.26104,0.261628,1,0,0.00218366,0,-0.000274521,-0.000150657,0.000551633,0.00433114,0.00501449,0.0020039,0.00245543,-2.09306e-05,0.012694,0.0057939,-0.0045007,-0.0286354,-0.0500952,9.73068,9.73085,0,2.41125
5.14,recover,-0.00921826,0.0397474,-0.00140252,-0.0012356,0,0,-0.00196297,-0.00744587,0.002197,99.5161,99.6561,99.5121,-0.0150137,nan,0.261309,0.262244,0.260207,0.262027,0.260757,0.262244,0.260757,0.260207,0.262027,1,0,0.00154408,0,0.0020327,0.000630479,0.00145344,0.00420984,0.00370882,0.00200181,0.00240822,-2.23546e-05,0.00351641,0.00375717,-0.00359605,-0.0235874,-0.0623814,9.91425,9.91447,0,2.39154
5.15,recover,-0.00923818,0.0398213,-0.00123159,-0.00111606,0,0,-0.00181449,-0.00737222,0.00208704,99.5163,99.6563,99.5466,0.0102674,nan,0.26131,0.262488,0.25992,0.262378,0.260453,0.262488,0.260453,0.25992,0.262378,1,0,0.000690534,0,0.00170595,0.000803582,0.00197476,0.00370498,0.00334648,0.0019822,0.00239653,-2.28322e-05,0.00878227,0.0012593,-0.0021413,0.0108039,-0.0852237,9.86609,9.86646,0,2.39092
5.16,recover,-0.00925534,0.0398948,-0.00118146,-0.00105155,0,0,-0.00150524,-0.00737367,0.00112209,99.5164,99.6564,99.5468,0.0104326,nan,0.261311,0.262782,0.259758,0.26302,0.259683,0.262782,0.259683,0.259758,0.26302,1,0,0.000690534,0,-0.000832527,0.000310124,0.0027961,0.00354161,0.00315156,0.0019805,0.00238872,-2.3113e-05,0.000139284,0.000328016,0.00361485,0.0273707,-0.032871,9.78589,9.78598,0,2.39213
5.17,recover,-0.00926981,0.0399686,-0.000948386,-0.000946259,0,0,-0.00132603,-0.00740146,0.000714672,99.5166,99.6566,99.543,0.0078744,nan,0.261311,0.261274,0.261618,0.260882,0.261471,0.261274,0.261471,0.261618,0.260882,1,0,0.000690534,0,0.000647483,-0.00102266,-0.000409991,0.00284536,0.00283553,0.00195752,0.00237851,-2.35305e-05,0.00208452,0.000223435,-0.00976666,0.0712323,-0.0706407,9.73793,9.73845,0,2.39298
5.18,recover,-0.00928254,0.0400425,-0.000731847,-0.000829086,0,0,-0.00116159,-0.00736092,8.81175e-05,99.5167,99.6567,99.5432,0.00823451,nan,0.261312,0.260457,0.262152,0.260854,0.261786,0.260457,0.261786,0.262152,0.260854,1,0,0.000690534,0,-0.00202249,5.9514e-05,-0.00115473,0.00218951,0.00248979,0.00193566,0.00236571,-2.38843e-05,-0.00208626,0.00405154,-0.000171418,0.127186,-0.0238047,9.80178,9.80264,0,2.39304
5.19,recover,-0.00929381,0.0401157,-0.000681285,-0.000592497,0,0,-0.00107015,-0.0073004,0.000291637,99.5169,99.6569,99.5359,0.00315057,nan,0.261313,0.260992,0.262139,0.260451,0.26167,0.260992,0.26167,0.262139,0.260451,1,0,0,0,0.000192738,-0.00191268,-0.00104003,0.00204523,0.00179324,0.00193287,0.00234091,-2.41105e-05,0.00284273,0.0128418,-0.00502727,0.13394,0.0435498,9.81678,9.81779,0,2.38455
5.2,recover,-0.00930449,0.0401881,-0.000576681,-0.000832598,0,0,-0.00104545,-0.00717732,0.000320202,99.517,99.657,99.5359,0.00343549,nan,0.261314,0.261623,0.261252,0.261506,0.260874,0.261623,0.260874,0.261252,0.261506,1,0,0,0,-0.000691351,-0.000937818,0.000440342,0.0017321,0.00250743,0.00192432,0.00236882,-2.50748e-05,0.00330285,0.00878978,0.0090813,0.0355989,0.0385013,9.88611,9.88625,0,2.4034
5.21,recover,-0.00931564,0.0402593,-0.000863493,-0.000475225,0,0,-0.00110363,-0.00707945,0.00166593,99.5172,99.6572,99.5659,0.0251867,nan,0.261315,0.26166,0.261314,0.2615,0.260784,0.26166,0.260784,0.261314,0.2615,1,0,0.00119604,0,-0.000981085,-0.00130964,0.00046708,0.0025883,0.00143075,0.00195609,0.00233084,-2.34891e-05,0.000500968,0.00571147,0.00153926,0.0374497,0.0180044,9.84934,9.84942,0,2.38425
5.22,recover,-0.00932731,0.0403295,-0.00103436,-0.000463006,0,0,-0.00111506,-0.00697299,0.00148622,99.5173,99.6573,99.5662,0.0254303,nan,0.261315,0.260353,0.262297,0.260633,0.261979,0.260353,0.261979,0.262297,0.260633,1,0,0.000690534,0,-0.00158593,-7.28449e-05,-0.00144574,0.00311754,0.00138609,0.00197848,0.00232996,-2.37977e-05,0.011613,0.000384982,-0.00374355,-0.0548085,0.0155326,9.83149,9.83165,0,2.38579
5.23,recover,-0.00933965,0.0403983,-0.0012439,-0.00046689,0,0,-0.00117138,-0.0068149,0.00250733,99.5175,99.6575,99.5777,0.0336934,nan,0.261316,0.260668,0.261975,0.260481,0.262141,0.260668,0.262141,0.261975,0.260481,1,0,0.000976562,0,0.000935312,-3.9837e-05,-0.00130446,0.0037362,0.0013868,0.00200296,0.0023318,-2.29363e-05,0.00501154,-0.00691709,-0.000126279,-0.0439648,-0.0563887,9.81812,9.81838,0,2.38779
5.24,recover,-0.00935238,0.0404654,-0.0014898,-0.000763952,0,0,-0.00114534,-0.00663958,0.00270177,99.5176,99.6576,99.578,0.0338926,nan,0.261317,0.261749,0.260844,0.262528,0.260147,0.261749,0.260147,0.260844,0.262528,1,0,0.000976562,0,-0.00391363,0.000157385,0.00144425,0.00446854,0.00229587,0.00203383,0.00236546,-2.26415e-05,0.00145581,0.00504009,-0.000601952,-0.130068,-0.0995097,9.83429,9.83565,0,2.40593
5.25,recover,-0.00936484,0.0405308,-0.00137056,-0.000847635,0,0,-0.0011733,-0.00645533,0.00216832,99.5178,99.6578,99.5677,0.0264328,nan,0.261318,0.260353,0.26203,0.2605,0.262388,0.260353,0.262388,0.26203,0.2605,1,0,0.00154408,0,0.000559727,0.000955376,-0.00156719,0.00411344,0.00254759,0.00202207,0.00237575,-2.24758e-05,0.00320045,0.00550404,-0.00120589,0.0393837,-0.0191349,9.88659,9.88669,0,2.41567
5.26,recover,-0.00937754,0.0405945,-0.00132283,-0.00088754,0,0,-0.00116143,-0.00634822,0.00250575,99.5179,99.6579,99.568,0.026569,nan,0.261319,0.261003,0.26163,0.261374,0.261267,0.261003,0.261267,0.26163,0.261374,1,0,0.000690534,0,-0.00194683,1.56797e-05,-0.000228016,0.00397606,0.00266991,0.00202087,0.00237963,-2.23216e-05,0.00705344,0.00725153,-0.00674167,0.0031657,-0.0306879,9.84915,9.8492,0,2.42213
5.27,recover,-0.00939076,0.0406577,-0.00131739,-0.000824346,0,0,-0.00129683,-0.00635649,0.00201241,99.5181,99.6581,99.5624,0.0225883,nan,0.261319,0.261642,0.261213,0.261358,0.261065,0.261642,0.261065,0.261213,0.261358,1,0,0.000690534,0,0.000360805,-0.000818066,0.000317204,0.00397569,0.00247526,0.00202452,0.00237101,-2.24883e-05,0.0177084,0.00384795,0.00355014,0.110829,-0.0734146,9.81467,9.81557,0,2.42232
5.28,recover,-0.00940535,0.0407207,-0.00120579,-0.000870695,0,0,-0.00144129,-0.00628531,0.00211469,99.5182,99.6582,99.5626,0.0229765,nan,0.26132,0.261735,0.260857,0.261575,0.261115,0.261735,0.261115,0.260857,0.261575,1,0,0.000690534,0,0.00110894,0.000186221,0.000588127,0.00361578,0.00262221,0.00201085,0.00237588,-2.30908e-05,0.000954892,0.00913209,-0.00383499,0.0732976,-0.0476011,9.76112,9.76151,0,2.4298
5.29,recover,-0.00942086,0.0407832,-0.00141917,-0.000576066,0,0,-0.00146908,-0.00627282,0.00165466,99.5184,99.6584,99.5641,0.0242351,nan,0.261321,0.26161,0.260961,0.261812,0.260901,0.26161,0.260901,0.260961,0.261812,1,0,0.000976562,0,-0.000695227,0.00026762,0.000685473,0.00425857,0.00174142,0.00203711,0.00234351,-2.34499e-05,0.00273098,0.0111621,-0.00335208,0.0526715,0.00100163,9.89336,9.8935,0,2.41468
5.3,recover,-0.0094361,0.0408458,-0.00117435,-0.000483314,0,0,-0.00146505,-0.00624818,0.00104527,99.5185,99.6585,99.5644,0.0244934,nan,0.261322,0.260147,0.262676,0.259823,0.262641,0.260147,0.262641,0.262676,0.259823,1,0,0.000690534,0,0.000766117,-0.000679872,-0.00234987,0.00353312,0.00145075,0.00201068,0.00233424,-2.49375e-05,0.00873373,0.00287508,-0.00211113,0.0735553,0.0372346,9.88841,9.88875,0,2.41568
5.31,recover,-0.00945128,0.0409078,-0.0014226,-0.00068694,0,0,-0.00141301,-0.0061851,0.00171767,99.5187,99.6587,99.5628,0.0233398,nan,0.261323,0.261648,0.261375,0.261736,0.260532,0.261648,0.260532,0.261375,0.261736,1,0,0.00138107,0,-0.00247187,-0.00143107,0.000649164,0.00427897,0.00205625,0.00204106,0.00235614,-2.33589e-05,0.00947869,-0.000680332,-0.00705047,0.0880929,0.0555513,9.94401,9.94456,0,2.42823
5.32,recover,-0.00946563,0.0409691,-0.00148518,-0.000891264,0,0,-0.00129102,-0.00611106,0.00190887,99.5188,99.6588,99.5631,0.0236063,nan,0.261324,0.260862,0.262225,0.260804,0.261403,0.260862,0.261403,0.262225,0.260804,1,0,0.00154408,0,-0.00202491,-0.00166811,-0.000862463,0.00445384,0.00266569,0.00204823,0.00238072,-2.30833e-05,0.000932095,-0.0030339,0.00825745,0.0602273,-0.00468121,9.86925,9.86943,0,2.44273
5.33,recover,-0.00947906,0.0410294,-0.00154401,-0.00132359,0,0,-0.0012093,-0.00599028,0.00240417,99.5189,99.6589,99.5575,0.019596,nan,0.261324,0.261623,0.260859,0.262278,0.260538,0.261623,0.260538,0.260859,0.262278,1,0,0.00154408,0,-0.00259096,0.000632741,0.00110077,0.00463324,0.00396659,0.00205734,0.00242647,-2.14139e-05,0.00287364,-0.000370943,0.00853363,-0.0509919,0.0680589,9.7171,9.71748,0,2.47008
5.34,recover,-0.00949177,0.0410893,-0.001514,-0.00141037,0,0,-0.00117535,-0.00603419,0.00194637,99.5191,99.6591,99.5577,0.0199277,nan,0.261325,0.261096,0.261466,0.260972,0.261766,0.261096,0.261766,0.261466,0.260972,1,0,0.00195312,0,0.00112437,0.000333317,-0.000511684,0.00454051,0.00422408,0.00205339,0.00243629,-2.08302e-05,0.00105224,-0.0022462,-0.00138977,-0.0819327,0.0299537,9.71334,9.71373,0,2.47878
5.35,recover,-0.0095039,0.0411496,-0.00146383,-0.00142945,0,0,-0.00106483,-0.00608283,0.00195895,99.5192,99.6592,99.5427,0.00935896,nan,0.261326,0.261485,0.260882,0.261849,0.261088,0.261485,0.261088,0.260882,0.261849,1,0,0.00182698,0,-0.000417324,0.00107827,0.000599684,0.0044032,0.00429072,0.0020491,0.00243833,-2.06504e-05,0.00987501,0.00400508,0.0100116,-0.109373,-0.0083321,9.84637,9.84698,0,2.48388
5.36,recover,-0.00951491,0.0412106,-0.00148014,-0.00117959,0,0,-0.00097418,-0.00615228,0.00178837,99.5194,99.6594,99.5429,0.00970155,nan,0.261327,0.261842,0.260993,0.261634,0.260839,0.261842,0.260839,0.260993,0.261634,1,0,0.00182698,0,0.000145342,-0.000687623,0.000722892,0.0044364,0.00352847,0.00205069,0.00241184,-2.15252e-05,-0.000630894,-0.0044563,-0.00364311,-0.0185285,-0.117979,9.82734,9.82807,0,2.47318
5.37,recover,-0.00952457,0.0412722,-0.00137961,-0.00126299,0,0,-0.000852722,-0.00618883,0.000713086,99.5195,99.6595,99.5301,0.000551235,nan,0.261328,0.261071,0.261463,0.261197,0.26158,0.261071,0.26158,0.261463,0.261197,1,0,0.00154408,0,-2.47668e-05,0.000459419,-0.000340466,0.0041417,0.00381261,0.00204098,0.00242295,-2.1358e-05,0.0039645,0.0181682,0.00621074,-0.0769979,-0.0463593,9.86695,9.86735,0,2.48246
5.38,recover,-0.00953268,0.0413343,-0.00159944,-0.00119564,0,0,-0.000699932,-0.00620355,0.00098979,99.5197,99.6597,99.5301,0.000791267,nan,0.261329,0.259721,0.263116,0.259756,0.262721,0.259721,0.262721,0.263116,0.259756,1,0,0.00169146,0,-0.00113875,-0.00068272,-0.0027953,0.00479301,0.00359282,0.00206987,0.00241906,-2.17869e-05,-0.0014823,0.00636132,-0.00185109,0.0141352,-0.0581339,9.78963,9.78981,0,2.48005
5.39,recover,-0.00953979,0.0413954,-0.00166476,-0.000831275,0,0,-0.000551483,-0.00603767,0.001882,99.5198,99.6598,99.5299,0.00089261,nan,0.261329,0.261113,0.26148,0.261128,0.261596,0.261113,0.261596,0.26148,0.261128,1,0,0.00154408,0,0.000268462,0.000248777,-0.000367018,0.00499544,0.00249201,0.00207816,0.00238062,-2.36104e-05,0.00286415,0.00116719,0.00245884,0.0216854,-0.0310099,9.76984,9.76992,0,2.46237
5.4,recover,-0.00954512,0.0414548,-0.00147849,-0.00104524,0,0,-0.000329659,-0.00589209,0.00191373,99.52,99.66,99.5299,0.00116559,nan,0.26133,0.261907,0.260563,0.262372,0.260479,0.261907,0.260479,0.260563,0.262372,1,0,0.00182698,0,-0.00145581,0.000721727,0.00142291,0.00443884,0.00312438,0.0020593,0.00240323,-2.20678e-05,0.00430858,-0.00515262,-0.00203986,0.0677559,0.00915953,9.73344,9.73368,0,2.47969
5.41,recover,-0.00954798,0.0415132,-0.00164854,-0.00103642,0,0,-0.000128244,-0.00581886,0.00113346,99.5201,99.6601,99.5389,0.00800858,nan,0.261331,0.26162,0.260916,0.261973,0.260815,0.26162,0.260815,0.260916,0.261973,1,0,0.00182698,0,-0.00120296,0.000477861,0.00081868,0.00493933,0.00311576,0.00208024,0.00240362,-2.18698e-05,-0.00210927,0.00672069,0.0032869,0.0761928,0.0757565,9.78901,9.7896,0,2.48083
5.42,recover,-0.00954921,0.0415711,-0.00118492,-0.00139551,0,0,-1.88474e-05,-0.00581238,0.00134812,99.5202,99.6602,99.539,0.00822247,nan,0.261332,0.26192,0.260732,0.261795,0.260881,0.26192,0.260881,0.260732,0.261795,1,0,0.00119604,0,0.000727139,4.45964e-05,0.000923667,0.0035741,0.00419483,0.00203299,0.00244262,-2.08809e-05,0.0149253,0.00796868,-0.00208787,0.148741,0.0400188,9.82426,9.82547,0,2.509
5.43,recover,-0.00954935,0.0416294,-0.00103104,-0.00107742,0,0,6.5263e-05,-0.0058664,0.000983201,99.5204,99.6604,99.5444,0.01228,nan,0.261333,0.261702,0.261054,0.261757,0.260818,0.261702,0.260818,0.261054,0.261757,1,0,0.00119604,0,-0.000772457,-0.000343767,0.000697031,0.00308916,0.00324771,0.00202061,0.00240825,-2.10553e-05,-0.000605715,0.012709,0.00622901,0.0560446,0.101007,9.82117,9.82185,0,2.49596
5.44,recover,-0.0095496,0.0416883,-0.0012521,-0.000983584,0,0,-2.49395e-05,-0.00596422,0.000713051,99.5205,99.6605,99.5446,0.012566,nan,0.261333,0.260846,0.261996,0.26126,0.261231,0.260846,0.261231,0.261996,0.26126,1,0,0.00138107,0,-0.00312891,-0.000664634,-0.000492589,0.00375951,0.00296025,0.00204839,0.00239627,-2.15393e-05,0.00419795,0.00872209,0.00416874,0.0646262,0.0491424,9.85888,9.85921,0,2.49169
5.45,recover,-0.00955079,0.0417484,-0.00121908,-0.00116417,0,0,-0.00012986,-0.00604452,0.00120465,99.5207,99.6607,99.5477,0.0149638,nan,0.261334,0.26061,0.262154,0.260489,0.262085,0.26061,0.262085,0.262154,0.260489,1,0,0.00182698,0,0.000136358,-0.000358691,-0.00137974,0.00366767,0.00349384,0.00204795,0.00241661,-2.12385e-05,0.00900234,0.00330989,-0.000199353,0.0140371,0.0235243,9.76372,9.76375,0,2.5056
5.46,recover,-0.00955353,0.0418087,-0.00124336,-0.000829071,0,0,-0.000337783,-0.00602638,0.00155744,99.5208,99.6608,99.5479,0.0151026,nan,0.261335,0.261795,0.261217,0.26143,0.260898,0.261795,0.260898,0.261217,0.26143,1,0,0.000976562,0,0.000120133,-0.00129604,0.000487526,0.00373788,0.00248569,0.00205483,0.00238187,-2.26327e-05,0.00725386,0.00135577,0.00646472,-0.0983139,-0.0122466,9.75899,9.7595,0,2.48989
5.47,recover,-0.00955863,0.0418683,-0.00122478,-0.000996311,0,0,-0.000593105,-0.00588588,0.000599694,99.521,99.661,99.5458,0.0136443,nan,0.261336,0.260059,0.262713,0.260288,0.262283,0.260059,0.262283,0.262713,0.260288,1,0,0.000976562,0,-0.00174752,-0.000380493,-0.0020436,0.00366876,0.00297431,0.00205312,0.00239901,-2.2248e-05,-0.00166721,-0.00736359,0.00881915,0.00142858,-0.0414059,9.81382,9.81391,0,2.50291
5.48,recover,-0.00956612,0.0419266,-0.00133366,-0.00123121,0,0,-0.000811788,-0.00581466,0.00160181,99.5211,99.6611,99.546,0.013999,nan,0.261337,0.262649,0.259781,0.262532,0.260385,0.262649,0.260385,0.259781,0.262532,1,0,0.00169146,0,0.0019134,0.000922214,0.0022037,0.004,0.0036769,0.00206737,0.00242382,-2.17636e-05,0.00142317,-0.00873399,0.0011507,-0.106313,-0.0410204,9.82804,9.8287,0,2.51842
5.49,recover,-0.00957608,0.0419844,-0.00130055,-0.00117528,0,0,-0.00106816,-0.00579627,0.000783167,99.5213,99.6613,99.5319,0.00388202,nan,0.261338,0.261518,0.26093,0.261167,0.261734,0.261518,0.261734,0.26093,0.261167,1,0,0.00154408,0,0.00306345,0.000857254,9.36728e-06,0.00391696,0.00349867,0.00206645,0.00241343,-2.20421e-05,0.0122702,-0.0156857,-0.00369675,-0.0401083,-0.0797231,9.88941,9.88982,0,2.51896
5.5,recover,-0.00958827,0.0420428,-0.0012142,-0.00119358,0,0,-0.00124012,-0.00587816,0.00164366,99.5214,99.6614,99.5319,0.00420348,nan,0.261338,0.260804,0.261717,0.260892,0.26194,0.260804,0.26194,0.261717,0.260892,1,0,0.00169146,0,0.000357236,0.000590668,-0.000862338,0.00364767,0.003598,0.00205923,0.00241834,-2.2044e-05,0.00542142,0.0139423,-0.00839537,0.0241804,-0.110853,9.88711,9.88776,0,2.52429
5.51,recover,-0.00960169,0.0421013,-0.000952577,-0.00132875,0,0,-0.00134325,-0.0058575,0.000995566,99.5215,99.6615,99.5495,0.0171844,nan,0.261339,0.261917,0.260535,0.261878,0.261026,0.261917,0.261026,0.260535,0.261878,1,0,0.00119604,0,0.00140443,0.000855988,0.000981958,0.00285896,0.00397584,0.00203272,0.00243064,-2.15569e-05,0.0028409,-0.00449905,-0.0096972,0.147162,0.034615,9.81532,9.81648,0,2.53805
5.52,recover,-0.00961637,0.0421603,-0.000890004,-0.00158215,0,0,-0.00156032,-0.00597648,0.00105922,99.5217,99.6617,99.5497,0.0173645,nan,0.26134,0.261684,0.260843,0.261813,0.26102,0.261684,0.26102,0.260843,0.261813,1,0,0.00169146,0,0.000126119,0.000580655,0.000718409,0.00265127,0.00475017,0.00202861,0.00245782,-2.08757e-05,-0.0104795,0.00493555,-0.00881539,0.0415038,0.0342709,9.81979,9.81994,0,2.55646
5.53,recover,-0.00963351,0.0422207,-0.000901434,-0.00163865,0,0,-0.00184327,-0.00610484,0.000349951,99.5218,99.6618,99.5323,0.00495519,nan,0.261341,0.261582,0.26102,0.261885,0.260877,0.261582,0.260877,0.26102,0.261885,1,0,0.00138107,0,-0.00118373,0.000305226,0.000690082,0.00271648,0.00492577,0.00203289,0.00246716,-2.08374e-05,0.0101523,0.00900626,0.00139364,0.00890658,-0.0423661,9.82451,9.8246,0,2.56311
5.54,recover,-0.0096538,0.0422823,-0.000736535,-0.00178904,0,0,-0.00221668,-0.00627129,-6.40663e-05,99.522,99.662,99.5323,0.00524691,nan,0.261342,0.261844,0.260828,0.261899,0.260795,0.261844,0.260795,0.260828,0.261899,1,0,0.00119604,0,-0.000232095,4.12588e-05,0.000931585,0.00221632,0.00535985,0.00201528,0.00248187,-2.0193e-05,0.00648921,-0.00235734,-0.00174348,0.064975,0.000308884,9.80455,9.80477,0,2.57702
5.55,recover,-0.00967809,0.0423461,-0.000692083,-0.00163962,0,0,-0.00262132,-0.006497,0.00068033,99.5221,99.6621,99.5455,0.0150945,nan,0.261343,0.262262,0.260495,0.262158,0.260455,0.262262,0.260455,0.260495,0.262158,1,0,0.00169146,0,0.0001696,-0.000274705,0.00152546,0.00208035,0.00493424,0.00201228,0.00246602,-1.9991e-05,0.00474611,0.0127117,0.000520335,0.0255869,0.0842308,9.85222,9.85262,0,2.57294
5.56,recover,-0.00970635,0.042412,-0.000923724,-0.00183449,0,0,-0.00297498,-0.00669887,0.000920096,99.5223,99.6623,99.5457,0.0152053,nan,0.261343,0.261945,0.260945,0.261257,0.261227,0.261945,0.261227,0.260945,0.261257,1,0,0.00154408,0,0.00257293,-0.00076972,0.000452308,0.00277426,0.00549261,0.00203553,0.00248703,-2.1246e-05,0.0041013,-0.00475716,0.00475723,0.00746274,-0.00748572,9.80133,9.80134,0,2.58548
5.57,recover,-0.00973775,0.0424797,-0.00113445,-0.00164319,0,0,-0.0032462,-0.00685325,0.000430569,99.5224,99.6624,99.5241,-0.000434789,nan,0.261344,0.261426,0.261003,0.261284,0.261664,0.261426,0.261664,0.261003,0.261284,1,0,0.0020716,0,0.00212787,0.000984604,1.91991e-05,0.00339679,0.00494628,0.00205791,0.00246627,-2.24257e-05,-0.00230154,0.0136091,0.00167523,-0.0400796,-0.0276458,9.76245,9.76257,0,2.57667
5.58,recover,-0.00977109,0.0425491,-0.000927106,-0.00152057,0,0,-0.00340088,-0.00703515,0.000831141,99.5225,99.6625,99.5241,-0.0001119,nan,0.261345,0.261356,0.261379,0.261065,0.261581,0.261356,0.261581,0.261379,0.261065,1,0,0.00169146,0,0.00130848,-0.00016705,-0.000237103,0.00278999,0.00456369,0.00203793,0.00245373,-2.18294e-05,0.00781761,0.00376864,-0.00182823,-0.15469,-0.0578066,9.90124,9.90261,0,2.57619
5.59,recover,-0.00980631,0.0426203,-0.000938729,-0.00171866,0,0,-0.00353875,-0.00723375,0.00115912,99.5227,99.6627,99.5425,0.0135921,nan,0.261346,0.261491,0.261029,0.261284,0.261579,0.261491,0.261579,0.261029,0.261284,1,0,0.00169146,0,0.00200609,0.000649382,7.32486e-05,0.00283046,0.00513161,0.00203991,0.00247301,-2.20956e-05,0.0115633,-0.0137742,0.00238223,-0.0543566,-0.0860659,9.87372,9.87425,0,2.59162
5.6,recover,-0.00984249,0.0426939,-0.00114747,-0.00172724,0,0,-0.00356983,-0.00754359,0.00147814,99.5228,99.6628,99.5427,0.0137468,nan,0.261347,0.260657,0.261857,0.26093,0.261943,0.260657,0.261943,0.261857,0.26093,1,0,0.00195312,0,-0.000495347,0.000681478,-0.000972927,0.00344673,0.00517171,0.00206222,0.00247434,-2.24495e-05,0.00494824,-0.00419515,-0.00133311,-0.064126,-0.106695,9.80195,9.80274,0,2.59447
5.61,recover,-0.00987922,0.0427709,-0.00136821,-0.00168459,0,0,-0.00358666,-0.00793512,0.00180083,99.523,99.663,99.5484,0.0178734,nan,0.261348,0.261855,0.260979,0.261193,0.261363,0.261855,0.261363,0.260979,0.261193,1,0,0.00218366,0,0.00277186,-0.000527093,0.000310418,0.00410518,0.00505283,0.00208329,0.00246954,-2.29671e-05,0.00244668,0.00184706,-0.00215853,-0.0239777,-0.073151,9.86509,9.86539,0,2.59455
5.62,recover,-0.00991514,0.0428519,-0.00136829,-0.0013107,0,0,-0.00337638,-0.00830832,0.0026062,99.5231,99.6631,99.5485,0.018056,nan,0.261349,0.262789,0.259911,0.263105,0.259588,0.262789,0.259588,0.259911,0.263105,1,0,0.00182698,0,-0.00169397,-1.34325e-05,0.00281065,0.00409357,0.00394558,0.00208387,0.0024317,-2.4411e-05,-0.00544879,0.0114149,0.00112583,0.018011,-0.110205,9.85078,9.85141,0,2.57842
5.63,recover,-0.00994914,0.0429361,-0.00157078,-0.00117783,0,0,-0.00331099,-0.00856266,0.00074779,99.5232,99.6632,99.564,0.0293661,nan,0.261349,0.261058,0.261657,0.260937,0.261746,0.261058,0.261746,0.261657,0.260937,1,0,0.00154408,0,0.000557525,-6.01198e-05,-0.000619189,0.00470712,0.00354692,0.00210714,0.00242061,-2.46724e-05,-0.00137214,0.011381,0.00149558,-0.0271757,-0.058732,9.82402,9.82423,0,2.57399
5.64,recover,-0.00998262,0.0430223,-0.00195583,-0.00148628,0,0,-0.00329406,-0.00870375,0.000648956,99.5234,99.6634,99.5643,0.0296867,nan,0.26135,0.261104,0.261724,0.261041,0.261533,0.261104,0.261533,0.261724,0.261041,1,0,0.00229024,0,-0.000340174,-0.000480133,-0.000488629,0.00587667,0.00445075,0.002147,0.00245582,-2.23956e-05,0.0082664,-0.00292788,-0.0044248,0.10838,-0.0377253,9.78365,9.78432,0,2.59287
5.65,recover,-0.0100158,0.0431099,-0.00204409,-0.0014921,0,0,-0.00321432,-0.00886529,0.0014874,99.5235,99.6635,99.5884,0.047046,nan,0.261351,0.262152,0.260804,0.261069,0.261379,0.262152,0.261379,0.260804,0.261069,1,0,0.00229024,0,0.00440033,-0.00096253,0.000456288,0.00614212,0.00447653,0.00215701,0.00245903,-2.2201e-05,0.00872384,0.00261899,7.26811e-05,0.103006,0.021833,9.78188,9.78244,0,2.59765
5.66,recover,-0.0100474,0.0431989,-0.00235703,-0.00149967,0,0,-0.00288843,-0.00894059,0.00184156,99.5237,99.6637,99.5889,0.0472879,nan,0.261352,0.261723,0.260973,0.261912,0.2608,0.261723,0.2608,0.260973,0.261912,1,0,0.00248976,0,-0.000960254,2.97264e-05,0.000818704,0.00706138,0.0045282,0.00218946,0.00246459,-2.28079e-05,-0.00427721,0.0219061,0.00437529,0.125074,0.106386,9.84778,9.84915,0,2.60054
5.67,recover,-0.0100751,0.0432882,-0.00251058,-0.00156637,0,0,-0.00249793,-0.00897411,0.00161255,99.5238,99.6638,99.6107,0.0629547,nan,0.261353,0.261392,0.261225,0.261332,0.261463,0.261392,0.261463,0.261225,0.261332,1,0,0.00276214,0,0.000791115,0.000337143,1.59422e-05,0.00752926,0.00467596,0.00220614,0.00247176,-2.22873e-05,0.000544546,-0.0129392,-0.00828167,0.0228025,0.0568406,9.85192,9.85211,0,2.60826
5.68,recover,-0.0100993,0.0433782,-0.00275143,-0.00157335,0,0,-0.0021618,-0.00908194,0.00193506,99.5239,99.6639,99.6113,0.0631326,nan,0.261354,0.262191,0.260557,0.261961,0.260707,0.262191,0.260707,0.260557,0.261961,1,0,0.00308816,0,0.00100936,-0.000151439,0.00126922,0.00826111,0.00472149,0.00223422,0.00247508,-2.27943e-05,0.00678348,0.00343582,-0.00408176,-0.0658928,-0.0358287,9.7928,9.79309,0,2.61188
5.69,recover,-0.0101201,0.0434694,-0.00302151,-0.00170113,0,0,-0.00179632,-0.00920587,0.0015319,99.5241,99.6641,99.6038,0.057496,nan,0.261355,0.261257,0.26103,0.262024,0.261108,0.261257,0.261108,0.26103,0.262024,1,0,0.00338291,0,-0.00182786,0.00159962,0.000502306,0.00906962,0.0051187,0.00226292,0.00249046,-2.1971e-05,0.00568411,0.0126665,0.0101682,-0.0139816,0.00881039,9.74231,9.74232,0,2.62222
5.7,recover,-0.0101367,0.0435624,-0.00330337,-0.00144492,0,0,-0.00138529,-0.00941367,0.00104865,99.5242,99.6642,99.6044,0.057746,nan,0.261356,0.260934,0.261295,0.26105,0.262144,0.260934,0.262144,0.261295,0.26105,1,0,0.00352105,0,0.00194579,0.00182887,-0.000639317,0.00992734,0.00432821,0.0022945,0.00246484,-2.58351e-05,0.0137988,-0.00190392,-0.00045277,-0.0475985,-0.0572347,9.77179,9.77208,0,2.61085
5.71,recover,-0.0101488,0.0436577,-0.00322099,-0.0016027,0,0,-0.000885202,-0.0096878,0.000546776,99.5244,99.6644,99.6156,0.0657491,nan,0.261357,0.26277,0.260029,0.262098,0.260531,0.26277,0.260531,0.260029,0.262098,1,0,0.00331169,0,0.00311419,-0.000319415,0.00189348,0.0096502,0.00480274,0.00228586,0.0024823,-2.36535e-05,-0.00623944,-0.00106848,-0.00858946,-0.0873945,0.0345698,9.84116,9.84161,0,2.62595
5.72,recover,-0.010155,0.0437555,-0.00332565,-0.00153577,0,0,-0.000250587,-0.0098477,0.00122485,99.5245,99.6645,99.6162,0.0658745,nan,0.261358,0.261338,0.261538,0.260994,0.261561,0.261338,0.261561,0.261538,0.260994,1,0,0.00358812,0,0.000974774,-0.000605885,-0.000336831,0.00998788,0.00461295,0.0023005,0.0024838,-2.37111e-05,0.00959747,0.00624347,0.000931574,-0.046845,-0.109573,9.8891,9.88982,0,2.62692
5.73,recover,-0.0101552,0.043854,-0.00313446,-0.00156643,0,0,0.000381756,-0.00988369,0.00154791,99.5246,99.6646,99.6167,0.0659435,nan,0.261359,0.261311,0.261381,0.26107,0.261674,0.261311,0.261674,0.261381,0.26107,1,0,0.00331169,0,0.00141748,9.88003e-05,-0.000295943,0.00939659,0.00471851,0.00228236,0.00249242,-2.25652e-05,-0.0022397,0.01531,-0.000715634,-0.0561797,-0.0790555,9.8459,9.84638,0,2.63575
5.74,recover,-0.0101488,0.0439528,-0.00310563,-0.00128845,0,0,0.00105462,-0.00989232,0.000722188,99.5248,99.6648,99.6173,0.0659942,nan,0.26136,0.26037,0.262515,0.260304,0.26225,0.26037,0.26225,0.262515,0.260304,1,0,0.00316442,0,-0.000529064,-0.000626025,-0.00179817,0.00931228,0.00387093,0.0022819,0.00246561,-2.6277e-05,-0.000793915,0.00621635,-0.00916482,0.0640599,-0.0709032,9.77703,9.7775,0,2.62577
5.75,recover,-0.0101357,0.0440514,-0.00312398,-0.0013307,0,0,0.00173632,-0.00985058,0.00229241,99.5249,99.6649,99.6124,0.0622381,nan,0.261361,0.261515,0.261527,0.261409,0.260993,0.261515,0.260993,0.261527,0.261409,1,0,0.00331169,0,-0.00113499,-0.00121413,0.000177669,0.00937079,0.00399368,0.00228761,0.00247556,-2.49518e-05,0.00151645,0.00353229,-0.00468814,-0.0035756,0.0244493,9.79045,9.79048,0,2.63349
5.76,recover,-0.0101171,0.0441489,-0.00311884,-0.0010673,0,0,0.00223701,-0.00965912,0.00259607,99.5251,99.6651,99.6131,0.0625762,nan,0.261362,0.260843,0.262076,0.260946,0.261583,0.260843,0.261583,0.262076,0.260946,1,0,0.00300997,0,-0.00158104,-0.000738643,-0.000821607,0.00935373,0.00321368,0.00229217,0.00245348,-2.76181e-05,0.000420023,0.0103293,-0.01093,0.0382176,-0.0527703,9.76497,9.76519,0,2.62396
5.77,recover,-0.0100937,0.0442438,-0.00273614,-0.00082896,0,0,0.00268879,-0.00937501,0.00324071,99.5252,99.6652,99.5961,0.0501411,nan,0.261363,0.262404,0.26052,0.261987,0.260541,0.262404,0.260541,0.26052,0.261987,1,0,0.00276214,0,0.00116083,-0.000750285,0.00146413,0.0082082,0.00249273,0.00225558,0.00243125,-3.07982e-05,0.00210614,0.00636678,-0.0127924,0.0442908,0.0230231,9.8719,9.87203,0,2.61879
5.78,recover,-0.010066,0.0443357,-0.00281702,-0.000750629,0,0,0.00312926,-0.00903326,0.00237316,99.5253,99.6653,99.5965,0.0503281,nan,0.261364,0.261482,0.261461,0.260921,0.261593,0.261482,0.261593,0.261461,0.260921,1,0,0.00267443,0,0.00183894,-0.000812769,-0.000285843,0.00845917,0.00226224,0.00226981,0.00242647,-3.05164e-05,0.00767286,0.00930697,0.00619803,0.0640018,-0.0465605,9.83922,9.83954,0,2.61861
5.79,recover,-0.0100334,0.044424,-0.00293756,-0.000661721,0,0,0.00359117,-0.00865994,0.000811986,99.5255,99.6655,99.5986,0.0517433,nan,0.261365,0.260918,0.26203,0.260814,0.261699,0.260918,0.261699,0.26203,0.260814,1,0,0.00284714,0,-0.000600064,-0.000825462,-0.000877627,0.00882943,0.0019972,0.0022912,0.00242132,-3.03671e-05,0.0134633,0.0104458,-0.000502477,0.0365682,0.0625817,9.76248,9.76275,0,2.61728
5.8,recover,-0.00999617,0.0445089,-0.00263101,-0.000623332,0,0,0.00399486,-0.00831063,0.00160066,99.5256,99.6656,99.599,0.0518355,nan,0.261366,0.259985,0.262797,0.260161,0.262521,0.259985,0.262521,0.262797,0.260161,1,0,0.00248976,0,-0.00120005,-0.000188924,-0.00227345,0.0078951,0.00188686,0.00226236,0.00242138,-3.11818e-05,0.00363941,0.0136699,-0.00208219,-0.0634957,0.0217193,9.77276,9.77299,0,2.62212
5.81,recover,-0.00995558,0.0445898,-0.00259084,-0.000818397,0,0,0.00433924,-0.00785765,0.00307279,99.5257,99.6657,99.6027,0.054352,nan,0.261367,0.261398,0.261278,0.261102,0.261691,0.261398,0.261691,0.261278,0.261102,1,0,0.00229024,0,0.00187995,0.000219883,-0.000206273,0.00779705,0.00245695,0.00226463,0.0024459,-3.03449e-05,0.0186332,0.00361406,0.00147716,0.0045997,-0.0162346,9.83821,9.83823,0,2.63772
5.82,recover,-0.00991233,0.0446654,-0.00264764,-0.000550898,0,0,0.00461813,-0.0072937,0.00346674,99.5259,99.6659,99.6033,0.0545702,nan,0.261368,0.261268,0.261459,0.261667,0.261079,0.261268,0.261079,0.261459,0.261667,1,0,0.00248976,0,-0.00206847,3.63554e-05,0.000174751,0.00795678,0.00164129,0.00227881,0.00242011,-3.13399e-05,0.0115133,-0.00517113,-0.00435108,-0.0657601,0.00150302,9.80424,9.80446,0,2.62597
5.83,recover,-0.00986702,0.0447356,-0.00213798,-0.000858901,0,0,0.00467196,-0.00676439,0.00229368,99.526,99.666,99.6087,0.0582479,nan,0.261369,0.260628,0.262399,0.260229,0.26222,0.260628,0.26222,0.262399,0.260229,1,0,0.00218366,0,0.00058366,-0.00109416,-0.00165344,0.00643033,0.00257197,0.00223355,0.00245425,-3.06584e-05,0.0131769,-0.000722601,0.0083233,-0.0954375,-0.116231,9.86653,9.86767,0,2.65134
5.84,recover,-0.00982172,0.0448001,-0.00188324,-0.000835219,0,0,0.00460946,-0.00617614,0.00279993,99.5262,99.6662,99.6093,0.0584061,nan,0.26137,0.26226,0.260218,0.26208,0.260924,0.26226,0.260924,0.260218,0.26208,1,0,0.00195312,0,0.00235161,0.000995888,0.00140588,0.00565748,0.00248861,0.00221595,0.00245103,-3.13257e-05,0.00737701,-0.00890511,-0.00452129,-0.0420124,-0.10028,9.88267,9.88327,0,2.65549
5.85,recover,-0.00977737,0.0448593,-0.00181364,-0.000644104,0,0,0.00446794,-0.0057055,0.0026899,99.5263,99.6663,99.5791,0.0364218,nan,0.261371,0.260571,0.261848,0.261259,0.261807,0.260571,0.261807,0.261848,0.261259,1,0,0.00154408,0,-0.00193587,0.00122501,-0.000802223,0.00544822,0.00192734,0.0022171,0.0024319,-3.13227e-05,0.00707641,-0.000885563,0.00171266,0.0831625,-0.0535033,9.84799,9.84849,0,2.64821
5.86,recover,-0.00973523,0.0449142,-0.00175393,-0.000957689,0,0,0.00418588,-0.00532949,0.00286705,99.5264,99.6664,99.5794,0.0367334,nan,0.261372,0.261479,0.261285,0.261236,0.261488,0.261479,0.261488,0.261285,0.261236,1,0,0.00182698,0,0.00118449,-7.49025e-05,-2.55088e-05,0.00528538,0.00286729,0.00221926,0.00246579,-3.17255e-05,0.0179474,-0.00138346,-0.001978,0.0362821,0.020259,9.84966,9.84974,0,2.66918
5.87,recover,-0.00969603,0.0449656,-0.0015116,-0.000672868,0,0,0.00385555,-0.00502924,0.00218157,99.5266,99.6666,99.5866,0.0418822,nan,0.261373,0.261593,0.261391,0.261682,0.260827,0.261593,0.260827,0.261391,0.261682,1,0,0.00169146,0,-0.0017325,-0.000902185,0.000464443,0.00454318,0.00202106,0.00220188,0.00243576,-3.20893e-05,0.00779575,0.0040806,-0.00469989,0.137838,-0.0159533,9.72876,9.72975,0,2.65782
5.88,recover,-0.00966028,0.0450146,-0.00116746,-0.000601618,0,0,0.00351708,-0.00478986,0.00278516,99.5267,99.6667,99.5871,0.0422702,nan,0.261374,0.26125,0.261494,0.26133,0.261422,0.26125,0.261422,0.261494,0.26133,1,0,0.00119604,0,-0.000403133,1.50816e-05,-0.000147413,0.00349937,0.00180138,0.00217295,0.00242716,-3.24081e-05,0.000167293,0.00011985,-0.00973432,0.0630847,-0.030708,9.82998,9.83023,0,2.65947
5.89,recover,-0.00962816,0.045061,-0.00115497,-0.00064994,0,0,0.00313399,-0.00455012,0.00303309,99.5268,99.6668,99.5826,0.0389405,nan,0.261375,0.26165,0.26129,0.261022,0.261539,0.26165,0.261539,0.26129,0.261022,1,0,0.00138107,0,0.00232597,-0.000718132,-6.89567e-05,0.0034647,0.00195844,0.00217873,0.00243204,-3.22797e-05,0.00203715,0.00818481,-0.00536629,-0.0255891,0.0898175,9.87467,9.87511,0,2.6646
5.9,recover,-0.00960002,0.045105,-0.00125321,-0.000598758,0,0,0.00275304,-0.00428285,0.00306329,99.527,99.667,99.583,0.0391359,nan,0.261376,0.260988,0.261642,0.261387,0.261487,0.260988,0.261487,0.261642,0.261387,1,0,0.000976562,0,-0.00147019,0.00046253,-0.000331897,0.00375593,0.00179485,0.00219493,0.00242531,-3.26912e-05,-0.000279744,0.00148066,-0.00489241,0.0143543,0.0436708,9.90835,9.90845,0,2.66296
5.91,recover,-0.00957553,0.0451463,-0.00125784,-0.000690202,0,0,0.00240512,-0.00402701,0.00208666,99.5271,99.6671,99.5555,0.0192066,nan,0.261377,0.26046,0.262183,0.260811,0.262054,0.26046,0.262054,0.262183,0.260811,1,0,0.000690534,0,-0.00126963,0.000421456,-0.00130358,0.00377921,0.00208286,0.00219937,0.00243293,-3.27609e-05,0.00599166,0.0106042,-0.00229438,0.0182982,0.010675,9.85926,9.85928,0,2.67016
5.92,recover,-0.00955407,0.0451855,-0.000950936,-0.000854794,0,0,0.00211186,-0.00385276,0.00278608,99.5272,99.6672,99.5556,0.019599,nan,0.261378,0.261302,0.261463,0.261504,0.261242,0.261302,0.261242,0.261463,0.261504,1,0,0,0,-0.00112066,-3.57117e-05,4.46401e-05,0.00285987,0.00256275,0.00217253,0.00244924,-3.30779e-05,0.00688091,0.00135684,0.00173234,0.0645334,-0.0812876,9.78079,9.78134,0,2.68439
5.93,recover,-0.00953559,0.045223,-0.00105067,-0.000924478,0,0,0.00181508,-0.00370063,0.0024562,99.5274,99.6674,99.571,0.0308442,nan,0.261379,0.261495,0.261065,0.261436,0.26152,0.261495,0.26152,0.261065,0.261436,1,0,0.00119604,0,0.00136273,0.000750931,0.0001522,0.00315066,0.00278835,0.00218356,0.00245669,-3.3743e-05,0.00128814,0.0123995,0.00409472,-0.067147,-0.107569,9.78081,9.78164,0,2.68928
5.94,recover,-0.00951964,0.0452594,-0.000996287,-0.000869912,0,0,0.00158329,-0.0036484,0.00274813,99.5275,99.6675,99.5713,0.0309626,nan,0.26138,0.260789,0.261361,0.261575,0.261794,0.260789,0.261794,0.261361,0.261575,1,0,0.000690534,0,-0.000937094,0.00231226,-0.000347947,0.00297884,0.00259543,0.00218515,0.00244858,-3.36591e-05,-0.00449402,-0.00709118,-0.000463378,-0.133105,-0.0710402,9.83571,9.83686,0,2.68861
5.95,recover,-0.00950654,0.0452962,-0.00115252,-0.00102986,0,0,0.00128373,-0.0038185,0.00339308,99.5276,99.6676,99.5784,0.0361958,nan,0.261381,0.260751,0.261739,0.261183,0.26185,0.260751,0.26185,0.261739,0.261183,1,0,0.000976562,0,-0.000854478,0.00102908,-0.000727279,0.00344124,0.00309569,0.00220622,0.00246415,-3.40426e-05,-0.00868639,0.00654859,-0.00722042,0.0761302,-0.0930312,9.93238,9.93311,0,2.6981
5.96,recover,-0.00949723,0.0453353,-0.0011336,-0.00122134,0,0,0.000853102,-0.00406802,0.00300108,99.5278,99.6678,99.5788,0.0363979,nan,0.261382,0.261091,0.261428,0.261209,0.2618,0.261091,0.2618,0.261428,0.261209,1,0,0.00119604,0,0.000674923,0.000927925,-0.00040775,0.00340686,0.00365183,0.00220896,0.00248332,-3.50948e-05,0.00624102,-0.00563038,-0.00582684,0.0588532,-0.144583,9.89863,9.89986,0,2.71122
5.97,recover,-0.00949275,0.0453764,-0.00108391,-0.00120337,0,0,0.000316644,-0.0042335,0.0032555,99.5279,99.6679,99.5918,0.0458764,nan,0.261383,0.262202,0.260378,0.262051,0.260899,0.262202,0.260899,0.260378,0.262051,1,0,0.00119604,0,0.00178239,0.000701194,0.00130776,0.00325643,0.00360239,0.00220561,0.00248132,-3.51789e-05,0.00533895,-0.0026537,-0.00541037,0.0728125,-0.0390353,9.85252,9.85286,0,2.71294
5.98,recover,-0.00949331,0.0454199,-0.00111367,-0.00129151,0,0,-0.000176072,-0.0045698,0.0026181,99.528,99.668,99.5922,0.0462378,nan,0.261383,0.260235,0.262295,0.260497,0.262506,0.260235,0.262506,0.262295,0.260497,1,0,0.00138107,0,-0.000136861,0.000897586,-0.00178848,0.00332335,0.003872,0.00221191,0.0024874,-3.54151e-05,-0.00954467,0.000782692,0.0111436,0.0264015,-0.0805647,9.79915,9.79952,0,2.72011
5.99,recover,-0.00949907,0.0454669,-0.00109907,-0.00133381,0,0,-0.000719039,-0.00491862,0.00333099,99.5282,99.6682,99.6045,0.0551511,nan,0.261384,0.261344,0.261531,0.261788,0.260875,0.261344,0.260875,0.261531,0.261788,1,0,0.00169146,0,-0.00291765,-0.000401075,0.000318926,0.00329756,0.00401261,0.00221418,0.00249149,-3.53417e-05,0.00244443,0.0099438,0.0026643,0.080828,-0.00620023,9.83326,9.83359,0,2.72535
6,recover,-0.00951036,0.0455173,-0.00142987,-0.00154396,0,0,-0.00128296,-0.00521914,0.00291936,99.5283,99.6683,99.6051,0.0555485,nan,0.261385,0.260931,0.261413,0.261823,0.261373,0.260931,0.261373,0.261413,0.261823,1,0,0.00195312,0,-0.00247299,0.00161539,-1.44833e-05,0.00430133,0.00465372,0.00225172,0.00251286,-3.64229e-05,0.0100548,0.017075,-0.00878407,0.0364394,0.020198,9.86237,9.86246,0,2.73717
6.01,recover,-0.00952687,0.0455707,-0.00153324,-0.00139228,0,0,-0.00181869,-0.00552642,0.00207966,99.5284,99.6684,99.5897,0.0441599,nan,0.261386,0.261598,0.261522,0.26153,0.260894,0.261598,0.260894,0.261522,0.26153,1,0,0.0020716,0,-0.00148233,-0.00131895,0.000312739,0.00461065,0.00419546,0.00226336,0.00249829,-3.76141e-05,0.00955177,0.0149086,0.00158383,0.069228,0.0470429,9.83003,9.83039,0,2.73084
6.02,recover,-0.00954841,0.0456271,-0.00177113,-0.00125365,0,0,-0.00231021,-0.00577536,0.00119849,99.5286,99.6686,99.5902,0.044196,nan,0.261387,0.261246,0.26151,0.26125,0.261542,0.261246,0.261542,0.26151,0.26125,1,0,0.00218366,0,7.40227e-05,6.91776e-05,-0.000244626,0.00530146,0.0037571,0.00228873,0.00248388,-3.95266e-05,-0.00566756,-7.64297e-05,-0.00100926,-0.00244865,0.0423792,9.83623,9.83633,0,2.72432
6.03,recover,-0.00957388,0.045686,-0.00179228,-0.00122725,0,0,-0.00266506,-0.00605976,0.00246303,99.5287,99.6687,99.5995,0.0507556,nan,0.261388,0.260866,0.261994,0.260457,0.262234,0.260866,0.262234,0.261994,0.260457,1,0,0.00154408,0,0.00172084,-0.000319558,-0.00127681,0.00537636,0.003688,0.00228958,0.00248084,-3.97052e-05,0.0019874,0.00663035,0.00730271,-0.0070199,0.0177328,9.82393,9.82395,0,2.72621
6.04,recover,-0.00960293,0.0457478,-0.00168768,-0.000898396,0,0,-0.00287191,-0.00636754,0.0019663,99.5288,99.6688,99.5999,0.0511264,nan,0.261389,0.261798,0.261155,0.261682,0.26092,0.261798,0.26092,0.261155,0.261682,1,0,0.00154408,0,-0.000314202,-0.000665498,0.00061802,0.0050574,0.00270437,0.0022783,0.00245019,-4.0917e-05,-0.00147136,0.00856912,0.00117133,0.0114956,0.0570675,9.77204,9.77221,0,2.71227
6.05,recover,-0.00963278,0.0458124,-0.00149345,-0.000937935,0,0,-0.00293879,-0.00658172,0.00163881,99.529,99.669,99.5885,0.0428108,nan,0.26139,0.260912,0.26183,0.260783,0.262033,0.260912,0.262033,0.26183,0.260783,1,0,0.00154408,0,0.000880071,0.000141886,-0.000953005,0.0044877,0.00280663,0.0022591,0.00245368,-4.13292e-05,0.00717226,-0.00235399,0.0145106,0.0114039,-0.0290122,9.81265,9.8127,0,2.72018
6.06,recover,-0.00966333,0.045879,-0.00126339,-0.000756541,0,0,-0.00301522,-0.00676779,0.00206153,99.5291,99.6691,99.5889,0.0430206,nan,0.261391,0.260702,0.261961,0.260814,0.262086,0.260702,0.262086,0.261961,0.260814,1,0,0.00119604,0,3.48581e-05,0.000449218,-0.00111278,0.00378436,0.00226052,0.00223645,0.0024348,-4.30118e-05,-0.00164059,-0.00364211,0.00909893,-0.0087392,-0.118601,9.83341,9.83413,0,2.7161
6.07,recover,-0.00969529,0.0459473,-0.00117023,-0.000726667,0,0,-0.00316343,-0.00693703,0.00255105,99.5292,99.6692,99.5956,0.0475718,nan,0.261391,0.261486,0.261484,0.261039,0.261556,0.261486,0.261556,0.261484,0.261039,1,0,0.000976562,0,0.00137762,-0.000711759,-0.000226595,0.0035122,0.00218515,0.00222764,0.00243247,-4.34014e-05,0.00323729,0.00585751,0.00889517,-0.0751021,-0.00690126,9.84658,9.84686,0,2.71948
6.08,recover,-0.0097282,0.0460168,-0.00139638,-0.000724946,0,0,-0.00318743,-0.0069843,0.0018112,99.5294,99.6694,99.5961,0.0480401,nan,0.261392,0.262107,0.260961,0.26153,0.260971,0.262107,0.260971,0.260961,0.26153,1,0,0.00119604,0,0.0015587,-0.00107309,0.000749385,0.00418183,0.00218259,0.0022499,0.00243464,-4.18429e-05,-0.00261386,0.00759975,0.00177006,-0.0784854,-0.0361817,9.86818,9.86856,0,2.72151
6.09,recover,-0.00976042,0.0460861,-0.00112896,-0.000632339,0,0,-0.00303858,-0.00688667,0.00220074,99.5295,99.6695,99.592,0.0450257,nan,0.261393,0.262493,0.260239,0.262465,0.260377,0.262493,0.260377,0.260239,0.262465,1,0,0.000690534,0,0.000440854,0.000207567,0.00190854,0.00338616,0.00189884,0.00222296,0.00242761,-4.29853e-05,0.00174198,0.00364695,-0.00358793,0.0301632,-0.0500258,9.78088,9.78105,0,2.72304
6.1,recover,-0.0097906,0.0461538,-0.00110799,-0.000551728,0,0,-0.00281101,-0.00665806,0.00202313,99.5296,99.6696,99.5924,0.0452841,nan,0.261394,0.261561,0.261122,0.261657,0.261237,0.261561,0.261237,0.261122,0.261657,1,0,0.000690534,0,4.88106e-05,0.000400011,0.000377176,0.00332237,0.00165166,0.00222282,0.00242365,-4.3393e-05,0.00115222,7.17001e-05,0.00383061,0.118637,-0.00268942,9.8264,9.82711,0,2.72282
6.11,recover,-0.00981831,0.0462187,-0.00106669,-0.000336636,0,0,-0.00259142,-0.0063291,0.001147,99.5298,99.6698,99.5906,0.0437953,nan,0.261395,0.261987,0.260996,0.261747,0.260851,0.261987,0.260851,0.260996,0.261747,1,0,0.000690534,0,0.000253221,-0.000727018,0.000829163,0.00318672,0.00102227,0.00222209,0.00240269,-4.36042e-05,-0.00668474,0.0106423,-0.000430207,0.0576978,0.0523077,9.7939,9.79421,0,2.71502
6.12,recover,-0.00984412,0.04628,-0.00127187,-0.000622276,0,0,-0.00245904,-0.00595183,0.00115911,99.5299,99.6699,99.5911,0.0440936,nan,0.261396,0.262278,0.260936,0.261724,0.260646,0.262278,0.260646,0.260936,0.261724,1,0,0.00154408,0,0.000702626,-0.00159932,0.00106364,0.00380862,0.00187459,0.00224232,0.00243272,-4.16828e-05,-0.00241721,0.00761089,-0.00458944,0.0988232,0.0741017,9.87623,9.877,0,2.7329
6.13,recover,-0.00986843,0.0463377,-0.00141064,-0.000572783,0,0,-0.00229729,-0.00561278,0.00113842,99.53,99.67,99.5575,0.0197851,nan,0.261397,0.261015,0.261509,0.261138,0.261926,0.261015,0.261926,0.261509,0.261138,1,0,0.00138107,0,0.000778253,0.00102468,-0.000563321,0.00423814,0.00172753,0.00225851,0.00242534,-4.16538e-05,0.00640425,0.00854615,0.00061407,0.053034,0.0516021,9.85295,9.85323,0,2.73229
6.14,recover,-0.00989127,0.0463928,-0.0014399,-0.000525877,0,0,-0.0021307,-0.00544,0.00173952,99.5302,99.6702,99.5577,0.0199601,nan,0.261398,0.261404,0.261492,0.26125,0.261446,0.261404,0.261446,0.261492,0.26125,1,0,0.000690534,0,0.000287988,-0.000378058,-0.000125148,0.00432602,0.00158058,0.00226288,0.00242084,-4.16926e-05,0.00648017,0.00439326,-0.00683868,-0.00898164,0.0856248,9.69523,9.69561,0,2.73271
6.15,recover,-0.00991262,0.0464463,-0.00156689,-0.000580013,0,0,-0.00198198,-0.00527314,0.00115323,99.5303,99.6703,99.5492,0.0139862,nan,0.261399,0.26059,0.262434,0.260513,0.262059,0.26059,0.262059,0.262434,0.260513,1,0,0.00119604,0,-0.000789211,-0.000854936,-0.0014898,0.00469944,0.00174683,0.00227776,0.00242826,-4.14104e-05,0.00146221,0.00695959,-0.00265213,-0.0387782,-0.0332044,9.79344,9.79357,0,2.73783
6.16,recover,-0.00993262,0.0464976,-0.00150818,-0.000475113,0,0,-0.0018531,-0.00501595,0.00194718,99.5304,99.6704,99.5493,0.0142801,nan,0.2614,0.262629,0.260067,0.262511,0.260393,0.262629,0.260393,0.260067,0.262511,1,0,0.00119604,0,0.00117505,0.000395167,0.00205706,0.00453434,0.00141148,0.0022715,0.00241836,-4.24007e-05,0.00881322,-0.00682542,0.00397667,-0.0737635,-0.0281885,9.76773,9.76805,0,2.73554
6.17,recover,-0.00995075,0.0465465,-0.00106985,-0.000682184,0,0,-0.00163063,-0.00479601,0.000473692,99.5306,99.6706,99.5421,0.00918759,nan,0.261401,0.260582,0.262147,0.260661,0.262214,0.260582,0.262214,0.262147,0.260661,1,0,0.00119604,0,-3.13129e-05,0.000276057,-0.00137072,0.00321608,0.00204579,0.00222715,0.00243816,-4.32497e-05,0.00657365,0.00192295,0.00330477,-0.0682199,-0.0823404,9.81859,9.81917,0,2.75436
6.18,recover,-0.00996646,0.0465939,-0.00107642,-0.00115198,0,0,-0.00144182,-0.00469969,0.00067261,99.5307,99.6707,99.5422,0.00946841,nan,0.261402,0.260549,0.262411,0.260377,0.26227,0.260549,0.26227,0.262411,0.260377,1,0,0.000690534,0,8.32783e-05,-0.000591409,-0.0016506,0.0032277,0.00345853,0.00222884,0.00248485,-4.47724e-05,0.00118684,0.00420643,-0.00152311,-0.0448184,-0.0276884,9.84858,9.84872,0,2.78367
6.19,recover,-0.00998033,0.0466408,-0.0011732,-0.00126715,0,0,-0.00124695,-0.00472087,0.000468111,99.5308,99.6708,99.5414,0.00903108,nan,0.261403,0.261817,0.260573,0.262215,0.261007,0.261817,0.261007,0.260573,0.262215,1,0,0.00154408,0,9.63903e-05,0.00157606,0.00107795,0.00352099,0.00379442,0.00223889,0.00249348,-4.49921e-05,0.00316118,-0.0022017,0.000601331,0.0476926,-0.116113,9.89719,9.89799,0,2.79203
6.2,recover,-0.00999221,0.0466888,-0.000897095,-0.00134899,0,0,-0.00111819,-0.00491024,0.000159219,99.5309,99.6709,99.5416,0.00919086,nan,0.261404,0.261418,0.261432,0.261469,0.261296,0.261418,0.261296,0.261432,0.261469,1,0,0.000690534,0,-0.000498435,-0.000159805,6.99919e-05,0.00271354,0.00403607,0.00221535,0.00250034,-4.46212e-05,0.0170601,-0.00476502,0.00285313,0.0216426,-0.104312,9.84202,9.8426,0,2.80216
6.21,recover,-0.0100036,0.0467388,-0.000696704,-0.00148535,0,0,-0.0011165,-0.00512145,0.000996037,99.5311,99.6711,99.5505,0.015785,nan,0.261405,0.261158,0.261429,0.26147,0.261562,0.261158,0.261562,0.261429,0.26147,1,0,0.00119604,0,-0.000472222,0.00084329,-0.000159733,0.00210132,0.00444909,0.00219823,0.00251195,-4.42578e-05,0.00966952,-0.00212379,-0.000170838,0.0636921,-0.0682836,9.85361,9.85405,0,2.81478
6.22,recover,-0.0100155,0.0467913,-0.00055598,-0.00126575,0,0,-0.00115644,-0.00542567,0.0012503,99.5312,99.6712,99.5506,0.015984,nan,0.261406,0.26219,0.260927,0.261878,0.260628,0.26219,0.260628,0.260927,0.261878,1,0,0.000976562,0,3.61883e-05,-0.0011588,0.00110463,0.00166877,0.00379322,0.00218632,0.00248836,-4.44543e-05,0.00273858,-0.000206003,0.00128748,0.0290156,-0.0500268,9.7881,9.78827,0,2.80691
6.23,recover,-0.0100281,0.0468467,-0.000526352,-0.00138881,0,0,-0.0012377,-0.00571351,0.00178258,99.5313,99.6713,99.5497,0.0154185,nan,0.261407,0.260265,0.262639,0.260132,0.26259,0.260265,0.26259,0.262639,0.260132,1,0,0.000690534,0,0.000221606,-0.000344809,-0.00212434,0.00158428,0.00418009,0.00218651,0.00250047,-4.48687e-05,0.00567055,0.0115986,-0.000823178,0.103406,-0.0335657,9.78919,9.78979,0,2.81741
6.24,recover,-0.0100422,0.0469051,-0.000383656,-0.00174792,0,0,-0.00140478,-0.00604151,0.00219918,99.5315,99.6715,99.5499,0.0157496,nan,0.261408,0.261217,0.261644,0.260811,0.261957,0.261217,0.261957,0.261644,0.260811,1,0,0.00119604,0,0.00190656,-0.000176286,-0.000691044,0.00115862,0.00523662,0.00217151,0.00253546,-4.54829e-05,0.00725736,-0.00221441,-0.0071043,0.0672321,0.0919077,9.91529,9.91594,0,2.84256
6.25,recover,-0.0100582,0.046967,-0.000354674,-0.00156139,0,0,-0.00160831,-0.00638388,0.00187076,99.5316,99.6716,99.5631,0.0255049,nan,0.261408,0.259787,0.262865,0.260422,0.26256,0.259787,0.26256,0.262865,0.260422,1,0,0.00119604,0,-0.00249521,0.000625939,-0.00229262,0.00108041,0.00468072,0.00216935,0.00251638,-4.4579e-05,0.013086,0.00022797,-0.00742172,-0.0124969,0.107263,9.90904,9.90963,0,2.83601
6.26,recover,-0.010077,0.0470321,-0.000160861,-0.00178819,0,0,-0.00191157,-0.00670583,0.00341766,99.5317,99.6717,99.5634,0.0257992,nan,0.261409,0.261313,0.261097,0.261454,0.261774,0.261313,0.261774,0.261097,0.261454,1,0,0.00154408,0,0.00142329,0.00154815,-4.54723e-05,0.000470567,0.00537655,0.00215034,0.00253987,-4.46557e-05,-0.00588115,0.0105177,-0.0116622,-0.0576127,0.0584456,9.85445,9.8548,0,2.85469
6.27,recover,-0.0100994,0.0471007,-0.000503447,-0.00195804,0,0,-0.0022464,-0.00711207,0.00370456,99.5318,99.6718,99.5534,0.0186112,nan,0.26141,0.260444,0.262353,0.260235,0.262609,0.260444,0.262609,0.262353,0.260235,1,0,0.00154408,0,0.00123233,8.68005e-05,-0.00188235,0.0015153,0.00587075,0.0021874,0.00255693,-4.85947e-05,0.00549196,0.000310138,0.000402364,-0.00466585,0.0102524,9.80797,9.80797,0,2.86481
6.28,recover,-0.0101248,0.0471735,-0.000450977,-0.00147659,0,0,-0.00250029,-0.00754023,0.00349929,99.532,99.672,99.5535,0.0189792,nan,0.261411,0.262479,0.259925,0.262881,0.26036,0.262479,0.26036,0.259925,0.262881,1,0,0.00119604,0,8.34526e-05,0.00158618,0.00223051,0.00136206,0.00443094,0.00218441,0.00251026,-4.60086e-05,0.00825809,0.00328732,-0.0074926,0.0207321,-0.0964576,9.90054,9.90104,0,2.84258
6.29,recover,-0.010153,0.0472507,-0.00039147,-0.00149075,0,0,-0.00293454,-0.00795934,0.00214925,99.5321,99.6721,99.5483,0.015411,nan,0.261412,0.261305,0.261393,0.260867,0.262084,0.261305,0.262084,0.261393,0.260867,1,0,0.00119604,0,0.0029946,0.000479522,-0.00057409,0.00116914,0.00446246,0.00217925,0.0025115,-4.58444e-05,-0.00133147,-0.00401964,0.000655607,0.0206532,-0.0715286,9.80213,9.80242,0,2.84866
6.3,recover,-0.0101853,0.0473317,-0.000379853,-0.00141693,0,0,-0.00327414,-0.00830894,0.00235125,99.5322,99.6722,99.5484,0.0157071,nan,0.261413,0.261057,0.26158,0.261489,0.261527,0.261057,0.261527,0.26158,0.261489,1,0,0.000690534,0,-0.0012862,0.00071956,-0.000246175,0.00113109,0.00423974,0.00217923,0.00250371,-4.54987e-05,-0.00346688,-0.00485774,-0.00310941,-0.0273731,-0.11041,9.8656,9.86626,0,2.84953
6.31,recover,-0.0102207,0.0474161,-0.000513787,-0.00151229,0,0,-0.00355547,-0.00864043,0.00279195,99.5324,99.6724,99.5472,0.0149242,nan,0.261414,0.262611,0.26025,0.262347,0.260449,0.262611,0.260449,0.26025,0.262347,1,0,0.00119604,0,0.00122526,-0.000123314,0.00187225,0.00152575,0.00455468,0.00219092,0.00251443,-4.61282e-05,-0.00822066,0.0143894,-0.00400612,-0.0530155,-0.0612477,9.85551,9.85584,0,2.85865
6.32,recover,-0.0102578,0.0475035,-0.000749781,-0.00114865,0,0,-0.00364919,-0.00885253,0.00167179,99.5325,99.6725,99.5473,0.015207,nan,0.261415,0.260996,0.261942,0.261297,0.261427,0.260996,0.261427,0.261942,0.261297,1,0,0.000976562,0,-0.00216437,-0.000406166,-0.000472618,0.00225135,0.00346879,0.00221445,0.00248217,-4.57982e-05,0.00356083,0.0177068,0.00773219,-0.0180712,-0.02104,9.80359,9.80363,0,2.84106
6.33,recover,-0.010296,0.0475919,-0.000709038,-0.000994824,0,0,-0.00380203,-0.00886558,0.00195592,99.5326,99.6726,99.5579,0.0229577,nan,0.261416,0.262405,0.260515,0.26276,0.259985,0.262405,0.259985,0.260515,0.26276,1,0,0,0,-0.00234939,-0.000332129,0.00205025,0.002126,0.00298843,0.00221157,0.00246892,-4.60272e-05,0.00146614,0.00511027,-0.00408543,0.108726,0.00732328,9.7203,9.72091,0,2.8382
6.34,recover,-0.0103355,0.0476799,-0.000719611,-0.000622026,0,0,-0.0038955,-0.00873912,0.00202538,99.5327,99.6727,99.5582,0.0231174,nan,0.261417,0.262419,0.260515,0.262376,0.260359,0.262419,0.260359,0.260515,0.262376,1,0,0.000690534,0,-0.000303413,-0.000376804,0.00172332,0.00215871,0.00187064,0.00221043,0.00243633,-4.68225e-05,0.00213035,0.00547875,-0.00100259,0.0583618,0.0255228,9.7907,9.79091,0,2.82247
6.35,recover,-0.0103747,0.047766,-0.00074664,-0.000666049,0,0,-0.00381908,-0.00844584,0.000939667,99.5329,99.6729,99.5782,0.0376281,nan,0.261418,0.261488,0.261586,0.261184,0.261415,0.261488,0.261415,0.261586,0.261184,1,0,0.000976562,0,0.000354185,-0.000899189,-0.000143998,0.00224275,0.00202315,0.00221158,0.00244423,-4.67327e-05,0.00409497,0.0191139,-0.00620753,0.104808,-0.00201425,9.75126,9.75182,0,2.82994
6.36,recover,-0.0104134,0.0478483,-0.000892363,-0.000870185,0,0,-0.00376452,-0.00800782,0.00184109,99.533,99.673,99.5785,0.0379106,nan,0.261419,0.261176,0.262006,0.261015,0.261481,0.261176,0.261481,0.262006,0.261015,1,0,0,0,-0.00096509,-0.00129896,-0.000569383,0.00267185,0.00260942,0.0022255,0.00246799,-4.66919e-05,-0.00126786,0.00171442,0.000142431,0.02931,-0.00166166,9.87631,9.87635,0,2.84501
6.37,recover,-0.0104519,0.0479255,-0.00107071,-0.000879781,0,0,-0.00373697,-0.00745301,0.00244703,99.5331,99.6731,99.5708,0.0322696,nan,0.261421,0.261565,0.261484,0.261305,0.261328,0.261565,0.261328,0.261484,0.261305,1,0,0.00119604,0,0.000275403,-0.000788293,2.59212e-05,0.00321629,0.00263498,0.0022435,0.00247188,-4.69979e-05,0.00502617,-0.000445718,0.0044871,-0.0500661,0.0452477,9.77314,9.77338,0,2.84852
6.38,recover,-0.01049,0.0479972,-0.00127112,-0.000863146,0,0,-0.00364444,-0.00688721,0.00197384,99.5332,99.6732,99.5711,0.0325393,nan,0.261422,0.261763,0.260933,0.262328,0.260662,0.261763,0.260662,0.260933,0.262328,1,0,0.00154408,0,-0.00221887,0.000555458,0.00109717,0.00381394,0.00258996,0.00226228,0.00247216,-4.8095e-05,0.00264335,0.00281735,-0.000865251,-0.0369948,0.0599863,9.86488,9.86514,0,2.85005
6.39,recover,-0.010527,0.0480636,-0.00136872,-0.000748947,0,0,-0.00357194,-0.00643603,0.0012617,99.5334,99.6734,99.559,0.0236777,nan,0.261423,0.261283,0.261322,0.261197,0.261889,0.261283,0.261889,0.261322,0.261197,1,0,0.000976562,0,0.00173257,0.000911272,-0.000321406,0.00411791,0.00224577,0.00227041,0.00246218,-4.84408e-05,0.0101087,0.00175484,-0.00683128,-0.0615647,0.0538319,9.7711,9.77145,0,2.84678
6.4,recover,-0.0105625,0.0481259,-0.00163788,-0.000609536,0,0,-0.00341152,-0.00601341,0.0003399,99.5335,99.6735,99.5593,0.0239435,nan,0.261424,0.260979,0.261556,0.261101,0.262059,0.260979,0.262059,0.261556,0.261101,1,0,0.00169146,0,0.00101246,0.00118413,-0.000675091,0.00491539,0.00184022,0.00229531,0.00245131,-4.87023e-05,0.00346334,0.0101935,-0.00036209,0.00700045,0.0202811,9.74778,9.7478,0,2.8402
6.41,recover,-0.0105956,0.0481845,-0.00152781,-0.000674457,0,0,-0.00312313,-0.00567636,-8.65762e-05,99.5336,99.6736,99.55,0.0175264,nan,0.261425,0.261092,0.261792,0.26107,0.261746,0.261092,0.261746,0.261792,0.26107,1,0,0.00169146,0,-6.48143e-05,-0.000128298,-0.000604473,0.0045732,0.00201812,0.00228144,0.00245834,-4.87493e-05,-0.00455428,-0.00102556,-0.0122068,0.0220306,-0.0544294,9.94348,9.94365,0,2.84857
6.42,recover,-0.0106252,0.0482395,-0.00147868,-0.000575532,0,0,-0.0027998,-0.00529759,-0.000553047,99.5337,99.6737,99.5501,0.017843,nan,0.261426,0.260137,0.262444,0.260015,0.263108,0.260137,0.263108,0.262444,0.260015,1,0,0.000976562,0,0.00208571,0.00102868,-0.00237349,0.00444711,0.00172468,0.00227773,0.00244895,-4.94168e-05,0.00965095,0.00117347,-0.00211818,-0.0200095,-0.107743,9.91382,9.91442,0,2.84687
6.43,recover,-0.010652,0.0482907,-0.00142081,-0.000658617,0,0,-0.00249722,-0.00494514,0.00112443,99.5339,99.6739,99.558,0.0236867,nan,0.261427,0.260831,0.262388,0.259867,0.262622,0.260831,0.262622,0.262388,0.259867,1,0,0.000690534,0,0.00317726,-0.00138219,-0.00189549,0.00425739,0.00198168,0.00226986,0.00245742,-4.93038e-05,-0.00109198,0.00634184,0.00156071,-0.0619003,-0.119366,9.83877,9.83969,0,2.85529
6.44,recover,-0.010676,0.0483384,-0.00141278,-0.000508114,0,0,-0.00208597,-0.00462671,0.0016607,99.534,99.674,99.5583,0.0238592,nan,0.261428,0.262777,0.26047,0.261995,0.26047,0.262777,0.26047,0.26047,0.261995,1,0,0.00119604,0,0.00207581,-0.0014813,0.00168415,0.00423291,0.00154501,0.00226903,0.00244264,-5.01423e-05,-0.00134672,0.0162273,-0.00536759,-0.0211122,-0.0477005,9.81519,9.81533,0,2.84982
6.45,recover,-0.0106953,0.0483829,-0.00136021,-0.000414638,0,0,-0.00159272,-0.00429079,0.00167726,99.5341,99.6741,99.5654,0.0289771,nan,0.261429,0.261854,0.261014,0.262278,0.260571,0.261854,0.260571,0.261014,0.262278,1,0,0.00154408,0,-0.00230157,-3.46591e-05,0.00111957,0.00407255,0.00124643,0.002263,0.00243082,-5.09441e-05,-0.00311335,0.004107,0.000911739,0.0921955,-0.0613442,9.79343,9.79405,0,2.84778
6.46,recover,-0.0107099,0.0484245,-0.00132143,-0.000234161,0,0,-0.0012253,-0.00407744,0.000943899,99.5342,99.6742,99.5657,0.0292121,nan,0.26143,0.261873,0.261331,0.261692,0.260825,0.261873,0.260825,0.261331,0.261692,1,0,0.000690534,0,-0.000865815,-0.0013015,0.000619385,0.00396816,0.00069952,0.00226219,0.00241207,-5.14171e-05,0.00483527,0.000435909,0.000593307,0.118585,0.0362209,9.76528,9.76607,0,2.84048
6.47,recover,-0.0107218,0.0484641,-0.00131741,-0.000403212,0,0,-0.00107752,-0.00384113,0.00071558,99.5344,99.6744,99.5524,0.0197214,nan,0.261431,0.262144,0.26067,0.261789,0.261123,0.262144,0.261123,0.26067,0.261789,1,0,0.000690534,0,0.00214155,0.000184865,0.000940447,0.00396303,0.00120426,0.00226448,0.00242715,-5.07466e-05,0.00946844,-0.00115875,0.00104946,0.111042,0.0116354,9.7471,9.74774,0,2.85242
6.48,recover,-0.0107323,0.0485013,-0.00110249,-0.000274256,0,0,-0.000966732,-0.00358739,0.000324105,99.5345,99.6745,99.5525,0.0199549,nan,0.261432,0.260336,0.262255,0.260417,0.262722,0.260336,0.262722,0.262255,0.260417,1,0,0,0,0.0010251,0.00103968,-0.00185707,0.00330179,0.000826916,0.00224355,0.00241246,-5.19202e-05,-0.00155098,0.00517969,-0.000857332,0.036642,0.00720714,9.86945,9.86952,0,2.84953
6.49,recover,-0.0107419,0.0485359,-0.0010282,-0.000276312,0,0,-0.00090042,-0.00337441,0.000615635,99.5346,99.6746,99.5493,0.0176506,nan,0.261433,0.261799,0.261198,0.262047,0.260689,0.261799,0.260689,0.261198,0.262047,1,0,0,0,-0.00200582,-0.000493698,0.000861103,0.00309196,0.000825477,0.00223983,0.0024108,-5.2112e-05,0.00714967,0.000100707,0.00331186,0.0875673,0.0134683,9.81389,9.81429,0,2.85246
6.5,recover,-0.0107514,0.0485691,-0.00120606,-0.00034745,0,0,-0.000962853,-0.00326415,0.000235744,99.5347,99.6747,99.5495,0.0179783,nan,0.261435,0.26094,0.261548,0.26118,0.26207,0.26094,0.26207,0.261548,0.26118,1,0,0.000976562,0,0.000750388,0.00144396,-0.00065876,0.00361834,0.0010509,0.00225739,0.00241333,-5.19032e-05,0.00235981,0.00810325,0.00804425,-0.120235,-0.0166859,9.72112,9.72187,0,2.85662
6.51,recover,-0.0107615,0.0486019,-0.00106461,-0.000485521,0,0,-0.000972504,-0.00330913,0.00145095,99.5349,99.6749,99.5743,0.0363585,nan,0.261436,0.262028,0.26087,0.261971,0.260873,0.262028,0.260873,0.26087,0.261971,1,0,0,0,0.000154907,-0.000102727,0.000991463,0.00320318,0.00146335,0.00224655,0.0024259,-5.2298e-05,0.00847419,0.00696082,-0.0103115,-0.0272644,-0.0267618,9.89405,9.89413,0,2.8678
6.52,recover,-0.010772,0.0486351,-0.00103895,-0.000390579,0,0,-0.001043,-0.00336213,0.000469344,99.535,99.675,99.5746,0.0364207,nan,0.261437,0.260232,0.262607,0.260074,0.262833,0.260232,0.262833,0.262607,0.260074,1,0,0.00119604,0,0.00102139,0.0001283,-0.00225656,0.0031143,0.00117242,0.00224712,0.00241428,-5.2412e-05,0.000553498,0.0028697,0.00299918,-0.121866,-0.04373,9.80209,9.80295,0,2.8647
6.53,recover,-0.0107832,0.0486686,-0.000637682,-0.000774711,0,0,-0.00111147,-0.00335644,0.00101965,99.5351,99.6751,99.5676,0.0310992,nan,0.261438,0.261808,0.260807,0.262021,0.261114,0.261808,0.261114,0.260807,0.262021,1,0,0,0,0.000251301,0.000985525,0.000838623,0.00190962,0.00232358,0.00220934,0.00245094,-5.43384e-05,-8.16902e-05,0.00208619,-0.00440244,-0.0227096,-0.0447241,9.74587,9.746,0,2.89255
6.54,recover,-0.0107955,0.0487021,-0.000675541,-0.000658212,0,0,-0.00124841,-0.00335025,0.00147084,99.5352,99.6752,99.5679,0.0313246,nan,0.261439,0.261023,0.261759,0.261095,0.261877,0.261023,0.261877,0.261759,0.261095,1,0,0.000976562,0,0.000120056,0.000359785,-0.000666959,0.00202136,0.00196242,0.00221381,0.00243839,-5.42048e-05,-0.00129395,-0.00570647,0.00283807,-0.130381,-0.102394,9.89073,9.89212,0,2.88761
6.55,recover,-0.0108094,0.0487354,-0.00045386,-0.000787476,0,0,-0.0013936,-0.00333472,0.0013705,99.5354,99.6754,99.571,0.0336507,nan,0.26144,0.261243,0.261682,0.261559,0.261274,0.261243,0.261274,0.261682,0.261559,1,0,0.000690534,0,-0.00192125,-0.00017554,-6.79501e-05,0.00135969,0.00235561,0.00219393,0.00245109,-5.51901e-05,0.000933642,-0.00209249,-0.00167272,0.0396311,-0.0608488,9.8761,9.87636,0,2.8993
6.56,recover,-0.0108249,0.0487684,-0.000308754,-0.000462415,0,0,-0.00156461,-0.00331974,0.00121658,99.5355,99.6755,99.5713,0.0337406,nan,0.26144,0.263115,0.259724,0.263004,0.25992,0.263115,0.25992,0.259724,0.263004,1,0,0,0,0.000813557,0.000161046,0.00284603,0.000926066,0.00138919,0.00217972,0.00241594,-5.48208e-05,0.00204952,0.00371138,-0.00037583,0.0167475,-0.0699802,9.69111,9.69138,0,2.88465
6.57,recover,-0.0108414,0.0488016,-0.000583941,-0.000408949,0,0,-0.00168633,-0.00334475,0.000662579,99.5356,99.6756,99.5764,0.0375402,nan,0.261441,0.261206,0.261755,0.261014,0.261791,0.261206,0.261791,0.261755,0.261014,1,0,0,0,0.000603687,-0.000294982,-0.000582452,0.00174883,0.00121919,0.00220737,0.00240732,-5.31378e-05,0.000211397,-0.00269746,-0.00545902,0.0792472,0.0315173,9.84868,9.84905,0,2.88068
6.58,recover,-0.0108591,0.0488352,-0.000947456,-0.0007287,0,0,-0.00176733,-0.00340801,0.000330661,99.5357,99.6757,99.5767,0.0378705,nan,0.261442,0.260524,0.262175,0.261064,0.262007,0.260524,0.262007,0.262175,0.261064,1,0,0,0,-0.00187682,0.000706656,-0.00114023,0.00283222,0.00219363,0.00224401,0.00243617,-5.20867e-05,-0.00452362,0.0074594,-0.00103744,0.0630057,-0.119994,9.7905,9.79144,0,2.89692
6.59,recover,-0.0108775,0.0488699,-0.00121483,-0.000646785,0,0,-0.00186314,-0.00358007,0.000866741,99.5358,99.6758,99.5647,0.0291416,nan,0.261443,0.261475,0.261452,0.261745,0.261102,0.261475,0.261102,0.261452,0.261745,1,0,0.00138107,0,-0.00164634,-0.000153353,0.000292444,0.00365432,0.00194475,0.00227152,0.00242486,-5.15909e-05,0.0088278,0.00534649,0.00619039,0.0192789,0.0110801,9.85983,9.85986,0,2.89172
6.6,recover,-0.010897,0.0489064,-0.00102193,-0.000800486,0,0,-0.00198069,-0.00373132,0.000456622,99.536,99.676,99.565,0.0293937,nan,0.261444,0.262051,0.261115,0.261542,0.261069,0.262051,0.261069,0.261115,0.261542,1,0,0.00138107,0,0.00123068,-0.00105186,0.000619653,0.00308088,0.0023829,0.00225169,0.00243726,-5.14476e-05,0.0123088,-0.00993106,-0.00219372,0.0979422,0.00524965,9.94946,9.94994,0,2.90462
6.61,recover,-0.0109175,0.0489441,-0.00101587,-0.000577724,0,0,-0.00209433,-0.00381467,0.000295824,99.5361,99.6761,99.5482,0.0171669,nan,0.261445,0.261419,0.261429,0.261334,0.261599,0.261419,0.261599,0.261429,0.261334,1,0,0,0,0.00067644,0.000159979,-0.000120721,0.00305897,0.00173062,0.00225073,0.00241317,-5.16628e-05,0.00982389,0.000711284,-0.000800015,-0.0294909,0.0855914,9.85165,9.85207,0,2.89448
6.62,recover,-0.010939,0.0489827,-0.000892363,-0.000648026,0,0,-0.00211873,-0.00396599,0.000743752,99.5362,99.6762,99.5483,0.0174355,nan,0.261446,0.261671,0.261083,0.261775,0.261254,0.261671,0.261254,0.261083,0.261775,1,0,0.000690534,0,0.000177567,0.00052114,0.000487414,0.00268596,0.00195061,0.00223788,0.00241652,-5.18861e-05,0.00814757,0.00677033,-0.00255132,-0.0736947,-0.0112089,9.87658,9.87686,0,2.90214
6.63,recover,-0.0109602,0.0490237,-0.00105168,-0.000653802,0,0,-0.00204137,-0.00424555,0.00088767,99.5363,99.6763,99.5512,0.0196848,nan,0.261447,0.260892,0.26204,0.261182,0.261674,0.260892,0.261674,0.26204,0.261182,1,0,0.000690534,0,-0.00174116,-0.00014386,-0.00072079,0.00317113,0.00196122,0.00225429,0.00241659,-5.18443e-05,0.0129766,0.00229072,0.00309575,-0.0210091,-0.0500217,9.82681,9.82696,0,2.90335
6.64,recover,-0.0109811,0.0490672,-0.000920311,-0.000490538,0,0,-0.00201367,-0.00449533,0.0014323,99.5365,99.6765,99.5513,0.019946,nan,0.261448,0.262044,0.260812,0.261706,0.26123,0.262044,0.26123,0.260812,0.261706,1,0,0.000690534,0,0.00200713,0.000151406,0.000750629,0.00275243,0.00147065,0.00224001,0.00240113,-5.2411e-05,-0.00342066,0.00174921,0.0135749,-0.0678066,-0.184757,9.74506,9.74704,0,2.8982
6.65,recover,-0.0110016,0.0491132,-0.000941883,-0.000641467,0,0,-0.00196952,-0.00473351,0.00126549,99.5366,99.6766,99.5682,0.0321617,nan,0.261449,0.26115,0.26163,0.261044,0.261972,0.26115,0.261972,0.26163,0.261044,1,0,0.000690534,0,0.00119049,0.000447231,-0.000619245,0.00282382,0.00191757,0.00224482,0.00241435,-5.26141e-05,0.00103044,-0.00214309,0.00208437,-0.094723,-0.0874095,9.84395,9.84479,0,2.9093
6.66,recover,-0.011022,0.0491611,-0.0011662,-0.000531594,0,0,-0.00200457,-0.00489463,0.000705594,99.5367,99.6767,99.5685,0.0325273,nan,0.26145,0.260028,0.26258,0.260356,0.262835,0.260028,0.262835,0.26258,0.260356,1,0,0.000690534,0,-0.00019251,0.00110232,-0.0022115,0.00348943,0.00159264,0.00226743,0.00239991,-5.22354e-05,-0.00383767,0.000960499,0.00801639,-0.0857259,-0.0202337,9.89969,9.90008,0,2.9037
6.67,recover,-0.0110433,0.0492112,-0.000984529,-0.000535766,0,0,-0.00207961,-0.00516775,0.00233857,99.5368,99.6768,99.5587,0.0253345,nan,0.261451,0.261981,0.260978,0.261872,0.260973,0.261981,0.260973,0.260978,0.261872,1,0,0.000690534,0,0.00027602,-0.000215041,0.000836108,0.0029538,0.00159142,0.00225064,0.00239896,-5.31184e-05,0.0023943,-0.0081888,-0.000217231,0.0693367,0.026219,9.90261,9.90289,0,2.90887
6.68,recover,-0.0110656,0.0492636,-0.00117628,-0.00049012,0,0,-0.00216132,-0.00537533,0.0019957,99.5369,99.6769,99.559,0.025465,nan,0.261452,0.259713,0.262991,0.259693,0.26341,0.259713,0.26341,0.262991,0.259693,1,0,0,0,0.0011636,0.000756397,-0.00307442,0.0035041,0.00146549,0.00226915,0.00239323,-5.25507e-05,-0.0142306,-0.000845838,-0.00691438,0.0377641,-0.0316011,9.74209,9.74222,0,2.9075
6.69,recover,-0.0110888,0.0493181,-0.00140549,-0.00016619,0,0,-0.00220244,-0.00563754,0.0023224,99.5371,99.6771,99.5414,0.0128248,nan,0.261453,0.261697,0.26175,0.260967,0.261397,0.261697,0.261397,0.26175,0.260967,1,0,0.000690534,0,0.00100184,-0.00205312,-0.000212297,0.00421491,0.000503521,0.00229106,0.00236146,-5.26789e-05,0.00124057,0.00567115,-0.00718097,-0.00226662,0.00695088,9.65808,9.65808,0,2.89022
6.7,recover,-0.0111117,0.049375,-0.00120202,-0.000354063,0,0,-0.00216124,-0.00578409,0.00240019,99.5372,99.6772,99.5415,0.0130521,nan,0.261454,0.26133,0.26166,0.2613,0.261525,0.26133,0.261525,0.26166,0.2613,1,0,0.000976562,0,-0.000276771,-0.000314489,-0.000243937,0.00360798,0.00107153,0.00227298,0.00237913,-5.34251e-05,0.0035591,0.00859917,0.00335938,0.09094,0.0751453,9.84572,9.84643,0,2.90635
6.71,recover,-0.0111345,0.0494328,-0.00120953,-0.000179092,0,0,-0.00213904,-0.00581131,0.00271571,99.5373,99.6773,99.5777,0.0391446,nan,0.261455,0.260291,0.262944,0.260476,0.262107,0.260291,0.262107,0.262944,0.260476,1,0,0.000976562,0,-0.00271358,-0.00123571,-0.00188274,0.00363612,0.000548418,0.00227581,0.00236272,-5.36236e-05,0.00729666,0.00977479,0.0121158,0.00669083,0.0397109,9.90857,9.90865,0,2.89992
6.72,recover,-0.0111573,0.0494901,-0.0011739,-0.000103709,0,0,-0.00214577,-0.0056931,0.00201127,99.5374,99.6774,99.5782,0.0393681,nan,0.261456,0.261109,0.262147,0.260792,0.261775,0.261109,0.261775,0.262147,0.260792,1,0,0.000976562,0,-0.000145483,-0.00130551,-0.00088787,0.00352805,0.000325062,0.00227471,0.00235551,-5.40418e-05,0.00650934,0.0116406,0.00473421,0.00538613,-0.0332269,9.88173,9.88179,0,2.89952
6.73,recover,-0.0111797,0.0495458,-0.00119823,4.04398e-06,0,0,-0.00210674,-0.00547415,0.00193681,99.5375,99.6775,99.5808,0.0411516,nan,0.261457,0.260318,0.262805,0.260637,0.262067,0.260318,0.262067,0.262805,0.260637,1,0,0.000690534,0,-0.00280178,-0.000795422,-0.00172156,0.00360264,4.26291e-06,0.00227648,0.00234468,-5.41616e-05,0.00757209,0.0132813,-0.00566574,-0.0834299,-0.0131667,9.86632,9.86668,0,2.89658
6.74,recover,-0.0112018,0.0495992,-0.00135743,0.000410431,0,0,-0.00205576,-0.00525045,0.00222723,99.5377,99.6777,99.5813,0.0415091,nan,0.261458,0.261011,0.26152,0.261672,0.261628,0.261011,0.261628,0.26152,0.261672,1,0,0.00138107,0,-0.00146698,0.00145774,-0.000203958,0.00409482,-0.00122367,0.00229129,0.00230207,-5.28714e-05,0.0173191,0.00738037,0.00172632,-0.014422,0.0300952,9.76669,9.76675,0,2.87527
6.75,recover,-0.0112228,0.0496508,-0.00138835,0.000185127,0,0,-0.00193063,-0.00508171,0.00160273,99.5378,99.6778,99.6191,0.0688688,nan,0.261459,0.26112,0.26181,0.261218,0.261686,0.26112,0.261686,0.26181,0.261218,1,0,0.00119604,0,-0.000588558,-5.00509e-05,-0.00050853,0.00416736,-0.00057053,0.0022937,0.00232214,-5.28238e-05,0.00382742,-0.00778109,0.00195661,-0.0200079,-0.0112497,9.75878,9.7588,0,2.89079
6.76,recover,-0.0112423,0.0496999,-0.00134718,0.000259366,0,0,-0.00175386,-0.0047131,0.00287703,99.5379,99.6779,99.6199,0.0690048,nan,0.26146,0.261643,0.261347,0.261775,0.261073,0.261643,0.261073,0.261347,0.261775,1,0,0.000976562,0,-0.00107386,-0.000270237,0.000438463,0.00404178,-0.000774737,0.00229017,0.00231555,-5.32638e-05,0.00245066,0.0045567,-0.000304408,-0.0393278,-0.0661306,9.82824,9.82855,0,2.89001
6.77,recover,-0.0112607,0.0497444,-0.00114448,8.86163e-05,0,0,-0.00167033,-0.00422867,0.00292854,99.538,99.678,99.6198,0.0687686,nan,0.261461,0.261415,0.261882,0.261293,0.261252,0.261415,0.261252,0.261882,0.261293,1,0,0.000976562,0,-0.00134891,-0.00142749,-0.000187077,0.00343574,-0.000273204,0.00227288,0.00233205,-5.45406e-05,0.00380599,-0.00256935,-0.0020932,-0.0132127,-0.0798435,9.88787,9.8882,0,2.90446
6.78,recover,-0.0112785,0.0497835,-0.00114752,0.000218582,0,0,-0.00160392,-0.0036193,0.00274836,99.5381,99.6781,99.6206,0.0690149,nan,0.261462,0.260335,0.262455,0.260723,0.262334,0.260335,0.262334,0.262455,0.260723,1,0,0,0,-0.00135101,0.00050692,-0.00163996,0.00342383,-0.000658168,0.0022725,0.00231756,-5.47724e-05,-0.0102168,0.000710492,-0.00696791,-0.00901239,-0.128301,9.88476,9.8856,0,2.89951
6.79,recover,-0.0112962,0.0498168,-0.000838046,0.0001874,0,0,-0.00162889,-0.00310384,0.00333404,99.5382,99.6782,99.628,0.0740761,nan,0.261463,0.261626,0.261064,0.261582,0.261577,0.261626,0.261577,0.261064,0.261582,1,0,0,0,0.00147709,0.000887625,0.0002493,0.00252272,-0.00055798,0.00224496,0.00231705,-5.71509e-05,0.00796679,0.00513422,-0.00472959,-0.090584,-0.0383065,9.86237,9.86286,0,2.90667
6.8,recover,-0.0113145,0.0498456,-0.000728048,-2.92312e-05,0,0,-0.00170718,-0.0027692,0.0028642,99.5384,99.6784,99.6288,0.0744762,nan,0.261464,0.262828,0.260259,0.262114,0.260654,0.262828,0.260654,0.260259,0.262114,1,0,0,0,0.00294286,-0.000604902,0.00177112,0.00218727,0.000104714,0.00223526,0.0023362,-5.82765e-05,0.00432296,0.0136886,-0.00761331,0.138411,-0.102441,9.83002,9.83152,0,2.92189
6.81,recover,-0.0113329,0.0498721,-0.000641952,0.000393374,0,0,-0.00175722,-0.00259429,0.0021356,99.5385,99.6785,99.6409,0.0830976,nan,0.261465,0.26154,0.261327,0.261703,0.261287,0.26154,0.261287,0.261327,0.261703,1,0,0,0,-0.000539776,0.000232637,0.000276519,0.00193451,-0.00117909,0.0022274,0.00229323,-5.78582e-05,0.00800047,0.00298695,-0.00842225,-0.00173869,-0.0913995,9.83924,9.83966,0,2.90079
6.82,recover,-0.0113519,0.0498975,-0.000855016,0.000197163,0,0,-0.00181869,-0.00257258,0.00181887,99.5386,99.6786,99.6416,0.0833548,nan,0.261465,0.260966,0.26232,0.260621,0.261956,0.260966,0.261956,0.26232,0.260621,1,0,0,0,-5.08624e-05,-0.00134305,-0.00118198,0.0025721,-0.000579829,0.00225012,0.00230953,-5.6626e-05,0.0069526,0.0100856,-0.00352907,-0.0394911,0.065448,9.93043,9.93073,0,2.91112
6.83,recover,-0.0113714,0.0499231,-0.00100068,0.000200335,0,0,-0.001828,-0.00259531,0.00322321,99.5387,99.6787,99.6487,0.0878849,nan,0.261466,0.261888,0.26108,0.261684,0.261214,0.261888,0.261214,0.26108,0.261684,1,0,0.000690534,0,0.000896986,-0.000133626,0.000561907,0.00300504,-0.000592155,0.00226453,0.00230607,-5.54005e-05,0.00426507,0.00821212,-0.00593153,0.0875488,0.0558168,9.84526,9.84581,0,2.91102
6.84,recover,-0.0113912,0.0499487,-0.00113815,-0.000177221,0,0,-0.0018207,-0.00262051,0.00366629,99.5388,99.6788,99.6496,0.0879384,nan,0.261467,0.261296,0.261628,0.261577,0.261368,0.261296,0.261368,0.261628,0.261577,1,0,0,0,-0.00143296,3.92547e-05,-5.45029e-05,0.00342144,0.000529639,0.00227955,0.0023378,-5.48374e-05,0.00693406,0.000980669,0.0072514,-0.00490941,0.0581665,9.8088,9.80898,0,2.93247
6.85,recover,-0.0114116,0.049975,-0.00139694,-0.000323971,0,0,-0.00189476,-0.00271927,0.00328992,99.539,99.679,99.6578,0.0934978,nan,0.261468,0.26163,0.261293,0.261637,0.261313,0.26163,0.261313,0.261293,0.261637,1,0,0.00119604,0,3.79515e-05,5.18285e-05,0.000290482,0.0041994,0.000981952,0.00230627,0.00234864,-5.41432e-05,0.0080205,0.00904443,-0.00184991,-0.124695,-0.0158542,9.80156,9.80237,0,2.93975
6.86,recover,-0.0114321,0.0500023,-0.00162467,-0.000243968,0,0,-0.00186481,-0.00280632,0.00270524,99.5391,99.6791,99.6587,0.0937568,nan,0.261469,0.261255,0.261502,0.261593,0.261526,0.261255,0.261526,0.261502,0.261593,1,0,0.00119604,0,-0.000834113,0.000685646,-7.91261e-05,0.00488388,0.000721901,0.00232852,0.00233927,-5.37322e-05,0.00890825,-0.00433892,0.0060957,-0.0418371,0.0519109,9.75827,9.7585,0,2.93468
6.87,recover,-0.0114514,0.0500307,-0.00143034,-0.000492772,0,0,-0.00172611,-0.00290901,0.00218492,99.5392,99.6792,99.6441,0.0826573,nan,0.26147,0.261748,0.260829,0.261561,0.261742,0.261748,0.261742,0.260829,0.261561,1,0,0.000690534,0,0.00291888,0.00137575,0.000324596,0.00428062,0.00147589,0.00230946,0.00236055,-5.31411e-05,-0.00462213,0.000742305,0.000259283,-0.0288786,-0.0149209,9.80062,9.80067,0,2.95249
6.88,recover,-0.0114692,0.0500601,-0.00147057,-0.000786602,0,0,-0.00159668,-0.00304926,0.00196172,99.5393,99.6793,99.6448,0.0828716,nan,0.261471,0.261961,0.260948,0.261977,0.260998,0.261961,0.260998,0.260948,0.261977,1,0,0.00119604,0,9.01308e-05,0.000124654,0.000876007,0.004412,0.00234955,0.00231304,0.00238714,-5.25284e-05,0.00250335,-0.00444845,-0.00207538,-0.0415667,-0.0931783,9.83034,9.83087,0,2.9705
6.89,recover,-0.0114854,0.0500911,-0.00143901,-0.000745492,0,0,-0.00146546,-0.00320501,0.00134308,99.5394,99.6794,99.6481,0.084868,nan,0.261472,0.261798,0.260749,0.261913,0.261427,0.261798,0.261427,0.260749,0.261913,1,0,0.00119604,0,0.00149055,0.00150307,0.000674621,0.00432309,0.00221629,0.00231188,0.00237941,-5.27104e-05,0.0063678,-0.0110912,0.0059828,-0.0385672,-0.057053,9.8283,9.82854,0,2.97043
6.9,recover,-0.0114996,0.0501243,-0.00152448,-0.000583651,0,0,-0.00117631,-0.00348936,0.0014962,99.5395,99.6795,99.649,0.0851724,nan,0.261473,0.261501,0.261068,0.261897,0.261425,0.261501,0.261425,0.261068,0.261897,1,0,0.00119604,0,-0.000102818,0.00142685,0.000397516,0.00459553,0.0017464,0.00232027,0.0023615,-5.28281e-05,0.0170425,-0.000658464,-0.00909342,0.0257762,-0.0809872,9.85899,9.85936,0,2.96245
6.91,recover,-0.0115107,0.0501606,-0.00134562,-0.00032244,0,0,-0.000891724,-0.00382871,0.00153509,99.5396,99.6796,99.6529,0.0875722,nan,0.261474,0.261882,0.260913,0.262129,0.260971,0.261882,0.260971,0.260913,0.262129,1,0,0.00119604,0,-0.000501225,0.000574993,0.000935001,0.00402801,0.000970847,0.00230228,0.00233454,-5.41841e-05,-0.00360414,0.00468732,-0.000869493,0.00081314,-0.043854,9.78942,9.78952,0,2.95174
6.92,recover,-0.0115192,0.0502003,-0.00148033,-0.000387172,0,0,-0.000684279,-0.00417327,0.0014243,99.5398,99.6798,99.6538,0.0879806,nan,0.261475,0.260887,0.262215,0.260413,0.262383,0.260887,0.262383,0.262215,0.260413,1,0,0.00119604,0,0.00170331,-0.000578568,-0.00144978,0.00443503,0.00116172,0.00231773,0.0023386,-5.30901e-05,-0.00165027,0.00246197,0.00731416,0.0165572,0.00161564,9.821,9.82101,0,2.95632
6.93,recover,-0.0115263,0.0502436,-0.00143161,-0.000361744,0,0,-0.000568514,-0.00451801,0.00151051,99.5399,99.6799,99.6581,0.0906759,nan,0.261476,0.261361,0.261647,0.261228,0.261666,0.261361,0.261666,0.261647,0.261228,1,0,0.00138107,0,0.000402494,-0.000213868,-0.00031842,0.0043051,0.00109359,0.00231506,0.00233572,-5.32986e-05,0.00916128,0.00790565,-0.000820222,0.0371162,-0.0205023,9.84566,9.84575,0,2.9579
6.94,recover,-0.0115323,0.0502898,-0.00153373,-0.000402789,0,0,-0.000464599,-0.00476637,0.00175887,99.54,99.68,99.659,0.0910388,nan,0.261477,0.261881,0.260991,0.262083,0.260951,0.261881,0.260951,0.260991,0.262083,1,0,0.00138107,0,-0.000639859,0.000306986,0.000889068,0.00458872,0.00119263,0.00232645,0.00233767,-5.30463e-05,-0.00598626,-0.00814575,-0.00349633,0.0923536,0.0589942,9.89429,9.8949,0,2.96184
6.95,recover,-0.0115376,0.0503381,-0.00161981,-0.000208564,0,0,-0.000429295,-0.00492337,0.00183858,99.5401,99.6801,99.6937,0.115669,nan,0.261477,0.260691,0.262009,0.26092,0.262289,0.260691,0.262289,0.262009,0.26092,1,0,0.00154408,0,0.000133135,0.000965652,-0.00118148,0.00487214,0.000630216,0.00233685,0.00231836,-5.37877e-05,0.0108198,0.0053314,0.00211966,-0.0114991,-0.0285317,9.81839,9.81843,0,2.95279
6.96,recover,-0.0115428,0.0503878,-0.0012534,-0.000362247,0,0,-0.000394255,-0.00509241,0.00229005,99.5402,99.6802,99.6949,0.115862,nan,0.261478,0.262755,0.26009,0.26281,0.260258,0.262755,0.260258,0.26009,0.26281,1,0,0.000690534,0,0.000297405,0.000423604,0.00229282,0.00375999,0.00109189,0.00230162,0.00233184,-5.46044e-05,0.00215164,0.00576763,-0.00203368,0.00392509,0.0683652,9.80084,9.80108,0,2.96808
6.97,recover,-0.0115471,0.0504395,-0.00124734,-0.000387789,0,0,-0.000291925,-0.00531032,0.00153248,99.5403,99.6803,99.6855,0.108502,nan,0.261479,0.260927,0.261916,0.260837,0.262237,0.260927,0.262237,0.261916,0.260837,1,0,0.00119604,0,0.00108685,0.000438349,-0.00105005,0.00374603,0.00116488,0.00230334,0.00233222,-5.44317e-05,0.00496668,0.00334239,-0.000691211,-0.0227464,0.0536015,9.80752,9.80769,0,2.97253
6.98,recover,-0.01155,0.0504938,-0.00130042,-0.000720532,0,0,-0.000127113,-0.00557552,0.000949012,99.5405,99.6805,99.6865,0.108602,nan,0.26148,0.260488,0.262111,0.261599,0.261723,0.260488,0.261723,0.262111,0.261599,1,0,0.00138107,0,-0.00397634,0.00137167,-0.000767663,0.00390242,0.00215973,0.00231037,0.00236421,-5.42853e-05,0.00309507,0.00111604,0.00345292,-0.108633,-0.0175647,9.72363,9.72425,0,2.99381
6.99,recover,-0.0115518,0.0505508,-0.00166087,-0.000443176,0,0,-8.47139e-05,-0.00589152,0.00177356,99.5406,99.6806,99.6773,0.101342,nan,0.261481,0.26162,0.261263,0.261438,0.261603,0.26162,0.261603,0.261263,0.261438,1,0,0.00119604,0,0.00138384,0.000298162,8.49217e-05,0.00499288,0.00131718,0.00234731,0.00233734,-5.42015e-05,0.00920369,-0.00589264,-7.38657e-05,0.0108739,-0.0167331,9.84469,9.84471,0,2.97774
7,recover,-0.0115528,0.0506109,-0.0018061,-0.000371629,0,0,6.63578e-05,-0.00617187,0.00128641,99.5407,99.6807,99.6784,0.10185,nan,0.261482,0.261868,0.260744,0.262252,0.261065,0.261868,0.261065,0.260744,0.262252,1,0,0.00119604,0,-0.000169447,0.0013374,0.00101617,0.00543335,0.00111732,0.00236371,0.00233224,-5.35638e-05,0.0124048,0.00394932,0.000876823,0.0305574,-0.0732336,9.91296,9.91328,0,2.97565
7.01,recover,-0.0115518,0.0506737,-0.00162622,-0.000258475,0,0,0.000288125,-0.00643518,0.00130474,99.5408,99.6808,99.6882,0.108491,nan,0.261483,0.259834,0.26333,0.260153,0.262615,0.259834,0.262615,0.26333,0.260153,1,0,0.00119604,0,-0.00274056,-0.000751013,-0.00261887,0.00489913,0.000767127,0.00235197,0.00232103,-5.50594e-05,0.0159922,-0.00319558,-0.0102354,-0.0203387,-0.0390369,9.89527,9.89537,0,2.97458
7.02,recover,-0.0115495,0.050739,-0.00149983,-0.000337132,0,0,0.000385513,-0.00666032,0.00197419,99.5409,99.6809,99.6893,0.108681,nan,0.261484,0.2607,0.262453,0.260253,0.26253,0.2607,0.26253,0.262453,0.260253,1,0,0,0,0.00138929,-0.00069999,-0.0017712,0.00450705,0.00102743,0.00234302,0.00233052,-5.53876e-05,0.00738804,0.013019,-2.29782e-05,0.00148566,-0.0266257,9.86528,9.86532,0,2.98394
7.03,recover,-0.0115462,0.0508054,-0.00143798,-0.000348295,0,0,0.000491525,-0.00666668,0.00183497,99.541,99.681,99.6942,0.11167,nan,0.261485,0.261591,0.261577,0.261678,0.261094,0.261591,0.261094,0.261577,0.261678,1,0,0.00154408,0,-0.00151219,-0.000752763,0.000262851,0.00431697,0.00105122,0.00234012,0.00233383,-5.54051e-05,0.00435466,0.0065758,-0.0109005,0.080852,-0.022009,9.77772,9.77808,0,2.9889
7.04,recover,-0.0115424,0.050871,-0.00153456,-0.000669744,0,0,0.000486344,-0.00645346,0.00302942,99.5411,99.6811,99.6953,0.112029,nan,0.261486,0.261293,0.261828,0.261013,0.26181,0.261293,0.26181,0.261828,0.261013,1,0,0.00119604,0,0.000692833,-0.000563785,-0.000585152,0.00459954,0.00202238,0.0023533,0.00236578,-5.26309e-05,-0.000409404,0.0111271,-0.000221442,0.110827,-0.0741485,9.86088,9.86178,0,3.0097
7.05,recover,-0.0115397,0.0509338,-0.0014152,-0.000744034,0,0,0.000343797,-0.0061778,0.00290331,99.5413,99.6813,99.698,0.113478,nan,0.261487,0.262733,0.260351,0.262944,0.25992,0.262733,0.25992,0.260351,0.262944,1,0,0.000690534,0,-0.00170415,-0.00041729,0.00237567,0.00424719,0.00223112,0.00234617,0.00237203,-5.24456e-05,0.003398,0.00173264,-0.0132707,0.0502433,0.0335344,9.84784,9.84802,0,3.01859
7.06,recover,-0.0115382,0.0509944,-0.00127096,-0.000732063,0,0,0.000168336,-0.00599087,0.00171796,99.5414,99.6814,99.6991,0.113611,nan,0.261488,0.261817,0.261322,0.261593,0.26122,0.261817,0.26122,0.261322,0.261593,1,0,0.00119604,0,0.000324623,-0.000617402,0.000381377,0.00381416,0.00220175,0.00233659,0.0023713,-5.25866e-05,0.00319089,0.0060724,0.00202574,0.0155265,-0.019777,9.82231,9.82234,0,3.02278
7.07,recover,-0.011538,0.0510532,-0.00136842,-0.000712655,0,0,4.79666e-05,-0.00580367,0.0017231,99.5415,99.6815,99.6879,0.105032,nan,0.261489,0.261336,0.26152,0.261832,0.261268,0.261336,0.261268,0.26152,0.261832,1,0,0.00119604,0,-0.00198583,0.000463849,0.000167423,0.00412005,0.00213057,0.00234803,0.00236977,-5.25592e-05,0.0122087,-0.00255009,-0.00965164,0.0259918,0.0391851,9.8797,9.87981,0,3.024
7.08,recover,-0.0115386,0.0511104,-0.00133972,-0.00063036,0,0,-7.29136e-06,-0.00565627,0.00135975,99.5416,99.6816,99.689,0.105247,nan,0.26149,0.260835,0.261994,0.261023,0.262108,0.260835,0.262108,0.261994,0.261023,1,0,0.00119604,0,-0.000197535,0.000570556,-0.000986596,0.00402778,0.00188104,0.00234657,0.00236124,-5.36682e-05,0.00808417,-0.004321,-0.00853122,0.0100948,0.0356878,9.827,9.82707,0,3.02287
7.09,recover,-0.01154,0.0511662,-0.00145827,-0.000469941,0,0,-6.15327e-05,-0.00554264,0.00258255,99.5417,99.6817,99.6766,0.0958346,nan,0.261491,0.261079,0.26183,0.261496,0.261559,0.261079,0.261559,0.26183,0.261496,1,0,0.000976562,0,-0.00182119,0.00027735,-0.000357971,0.00435873,0.00142556,0.0023584,0.0023463,-5.38433e-05,-0.00836464,0.0128291,0.00765445,-0.0350995,0.00761599,9.82766,9.82773,0,3.01578
7.1,recover,-0.0115423,0.051221,-0.00189637,-0.000378342,0,0,-0.000125629,-0.00548045,0.00181617,99.5418,99.6818,99.6775,0.0964214,nan,0.261492,0.261979,0.260602,0.262119,0.261268,0.261979,0.261268,0.260602,0.262119,1,0,0.00182698,0,0.00139615,0.00152553,0.000979541,0.00569831,0.00113692,0.00240185,0.00233529,-5.30474e-05,0.00853243,0.00359487,0.0031077,0.0314676,-0.0619548,9.81658,9.81682,0,3.00941
7.11,recover,-0.0115439,0.0512758,-0.00159488,-0.000379975,0,0,-6.25317e-05,-0.0054956,0.000554782,99.5419,99.6819,99.6976,0.110721,nan,0.261493,0.261355,0.261739,0.26137,0.261507,0.261355,0.261507,0.261739,0.26137,1,0,0.00119604,0,-0.00065521,-0.00040895,-0.000228956,0.00479006,0.00112946,0.00237698,0.00233526,-5.39792e-05,0.00599297,-0.00465925,0.00842614,-0.0678391,-0.0574932,9.81969,9.82009,0,3.01555
7.12,recover,-0.0115446,0.0513305,-0.00179846,-6.30612e-05,0,0,2.61797e-07,-0.00545725,0.000149726,99.542,99.682,99.6987,0.110958,nan,0.261494,0.260728,0.26219,0.260523,0.262535,0.260728,0.262535,0.26219,0.260523,1,0,0.00154408,0,0.0014584,0.000264736,-0.00152721,0.00541147,0.000195254,0.00239762,0.00230616,-5.40916e-05,0.0131286,0.00634898,0.00220433,-0.139248,-0.0644984,9.80421,9.80541,0,2.99875
7.13,recover,-0.0115449,0.0513848,-0.00147509,-0.000220042,0,0,2.44146e-05,-0.00542227,0.00145564,99.5421,99.6821,99.7047,0.11484,nan,0.261495,0.262109,0.260671,0.262157,0.261044,0.262109,0.261044,0.260671,0.262157,1,0,0.00119604,0,0.000860536,0.000797098,0.00112105,0.00442902,0.000658965,0.0023697,0.00232028,-5.60141e-05,0.00485884,0.00154955,-0.00210106,-0.0433988,-0.0837198,9.88218,9.88263,0,3.01387
7.14,recover,-0.0115452,0.0514389,-0.00174197,-0.000225629,0,0,6.01887e-05,-0.00541744,0.000989423,99.5423,99.6823,99.7059,0.114967,nan,0.261496,0.262872,0.259926,0.262805,0.26038,0.262872,0.26038,0.259926,0.262805,1,0,0.00154408,0,0.00138279,0.000733137,0.00236071,0.00523096,0.000676832,0.00239757,0.00232179,-5.31384e-05,0.0057603,0.00228649,-0.00100565,0.0219072,-0.0445291,9.87315,9.87328,0,3.01459
7.15,recover,-0.0115447,0.0514925,-0.0015997,0.000220588,0,0,0.000136038,-0.00531766,0.000884212,99.5424,99.6824,99.7266,0.129489,nan,0.261497,0.26185,0.261144,0.261538,0.261456,0.26185,0.261456,0.261144,0.261538,1,0,0.00119604,0,0.00165741,6.1766e-07,0.000346112,0.00479324,-0.000659971,0.00238765,0.00228033,-5.6821e-05,-0.00151869,0.00348381,-0.0049964,-0.017137,-0.0713716,9.79543,9.79571,0,2.99383
7.16,recover,-0.0115434,0.0515449,-0.00175102,-0.000351496,0,0,0.000227312,-0.00517025,0.00167552,99.5425,99.6825,99.7279,0.129698,nan,0.261498,0.261722,0.261553,0.261712,0.261005,0.261722,0.261005,0.261553,0.261712,1,0,0.00119604,0,-0.00142937,-0.00105871,0.0003851,0.00525174,0.0010588,0.00240596,0.00233213,-5.27324e-05,0.00151416,0.00520271,0.0024522,0.0780523,-0.0166685,9.80319,9.80351,0,3.02756
7.17,recover,-0.0115419,0.0515954,-0.00164686,9.86891e-05,0,0,0.000248511,-0.00497668,0.00190814,99.5426,99.6826,99.7067,0.113827,nan,0.261499,0.262493,0.260658,0.262288,0.260557,0.262493,0.260557,0.260658,0.262288,1,0,0.00154408,0,0.000275545,-0.000578156,0.00156759,0.00495701,-0.000294923,0.00240099,0.00228899,-5.61339e-05,0.0133603,0.00304899,0.00183333,0.0858896,-0.0060483,9.92023,9.9206,0,3.006
7.18,recover,-0.0115402,0.0516444,-0.00194621,-8.51059e-05,0,0,0.000239199,-0.00484689,0.0014846,99.5427,99.6827,99.7078,0.113876,nan,0.2615,0.260717,0.261864,0.261225,0.262193,0.260717,0.262193,0.261864,0.261225,1,0,0.00182698,0,-0.000474805,0.00158594,-0.000929829,0.00585408,0.000257615,0.00243251,0.0023037,-5.28949e-05,0.0127402,0.0038611,-0.0134672,0.00363834,-0.0140438,9.91963,9.91964,0,3.01621
7.19,recover,-0.0115389,0.0516923,-0.00198884,-0.000229464,0,0,0.000210034,-0.00480262,0.0024391,99.5428,99.6828,99.7044,0.110774,nan,0.261501,0.261566,0.261672,0.261605,0.261161,0.261566,0.261161,0.261672,0.261605,1,0,0.00195312,0,-0.00146078,-0.000894614,0.000148235,0.00597927,0.000677887,0.00243917,0.0023141,-5.15995e-05,0.0109419,-0.00467372,-0.00753151,0.0526392,0.0719101,9.82228,9.82269,0,3.02666
7.2,recover,-0.0115384,0.0517402,-0.00198212,5.85215e-05,0,0,0.000131022,-0.00482273,0.00162147,99.5429,99.6829,99.7055,0.111167,nan,0.261502,0.26193,0.261084,0.261878,0.261116,0.26193,0.261116,0.261084,0.261878,1,0,0.00182698,0,0.000223452,-3.86412e-05,0.000706165,0.00593929,-0.000172622,0.0024392,0.00228714,-5.37446e-05,-0.0022713,0.00422958,0.00974849,0.00593071,0.0369366,9.8647,9.86477,0,3.01315
7.21,recover,-0.0115377,0.0517882,-0.00189959,-4.7669e-05,0,0,0.000169048,-0.00479104,0.00127005,99.543,99.683,99.6896,0.0994561,nan,0.261503,0.2612,0.261903,0.261094,0.261816,0.2612,0.261816,0.261903,0.261094,1,0,0.00182698,0,5.02297e-05,-0.000365083,-0.000625927,0.00569773,0.000134905,0.00243392,0.00229861,-5.35714e-05,0.00174447,-0.0031142,0.00586494,-0.0392794,-0.00629524,9.84008,9.84016,0,3.02263
7.22,recover,-0.011536,0.0518354,-0.00229512,9.23798e-06,0,0,0.000332305,-0.00463259,0.00110503,99.5431,99.6831,99.6907,0.0996671,nan,0.261504,0.26125,0.261738,0.260817,0.262211,0.26125,0.262211,0.261738,0.260817,1,0,0.0020716,0,0.00240005,7.65365e-05,-0.000827266,0.00688834,-3.08574e-05,0.00247079,0.00229278,-5.106e-05,0.00446547,0.000190686,0.00275871,-0.0699471,0.0445928,9.87211,9.87246,0,3.01836
7.23,recover,-0.0115322,0.0518807,-0.0023526,-0.00013857,0,0,0.000491434,-0.00448024,-0.000117687,99.5433,99.6833,99.7041,0.108871,nan,0.261505,0.260901,0.262126,0.261084,0.261909,0.260901,0.261909,0.262126,0.261084,1,0,0.0020716,0,-0.00105985,-6.61704e-05,-0.000901155,0.00707569,0.000415293,0.0024799,0.00230563,-4.90868e-05,0.0144025,0.00204495,-0.00722104,0.0142888,-0.0508665,9.83579,9.83594,0,3.02872
7.24,recover,-0.0115272,0.0519252,-0.00192986,9.6516e-05,0,0,0.000533242,-0.00441682,0.000632344,99.5434,99.6834,99.7051,0.109092,nan,0.261506,0.262936,0.260174,0.262612,0.260303,0.262936,0.260303,0.260174,0.262612,1,0,0.00154408,0,0.00120071,-0.000370629,0.00222899,0.00579423,-0.000296988,0.00244429,0.0022842,-5.39026e-05,0.00554396,-0.00267973,0.00195461,-0.121609,-0.0894767,9.89878,9.89993,0,3.0218
7.25,recover,-0.0115216,0.0519689,-0.00185701,0.000234792,0,0,0.000652451,-0.00429395,0.000746758,99.5435,99.6835,99.6832,0.0926537,nan,0.261507,0.262359,0.26106,0.261665,0.260945,0.262359,0.260945,0.26106,0.261665,1,0,0.00182698,0,0.00153877,-0.00153215,0.000887353,0.00558779,-0.000708773,0.00244105,0.0022735,-5.49011e-05,0.0136204,-0.000684499,0.0139968,-0.0241435,-0.0637037,9.90619,9.90642,0,3.01709
7.26,recover,-0.0115147,0.0520103,-0.00192403,0.000661918,0,0,0.000782681,-0.00398069,0.00101466,99.5436,99.6836,99.6841,0.0928656,nan,0.261508,0.261743,0.261481,0.261426,0.261382,0.261743,0.261382,0.261481,0.261426,1,0,0.00195312,0,0.000580256,-0.000788557,0.000134521,0.00577703,-0.00198834,0.00244926,0.00223316,-5.6417e-05,0.00574399,0.000501301,0.00301457,0.133041,0.0540355,9.81951,9.82056,0,2.99459
7.27,recover,-0.0115069,0.0520483,-0.00198264,0.000729027,0,0,0.000885876,-0.00362727,0.00117873,99.5437,99.6837,99.701,0.104746,nan,0.261509,0.261091,0.262249,0.260878,0.261818,0.261091,0.261818,0.262249,0.260878,1,0,0.00182698,0,-0.000578975,-0.00121995,-0.000922041,0.00594094,-0.00217808,0.00245698,0.00222665,-5.54696e-05,-0.00218674,0.00822955,-0.00168673,0.051363,0.00247307,9.76946,9.7696,0,2.9923
7.28,recover,-0.011499,0.0520826,-0.00185463,0.000632443,0,0,0.000838442,-0.00324128,0.00169346,99.5438,99.6838,99.7021,0.105086,nan,0.26151,0.261936,0.260966,0.262192,0.260948,0.261936,0.260948,0.260966,0.262192,1,0,0.00169146,0,-0.000728041,0.000451043,0.000973199,0.00555624,-0.00190017,0.00244946,0.00223331,-5.61174e-05,-0.00264409,0.00034249,-0.00224878,0.0906562,-0.0497174,9.8705,9.87104,0,3.00083
7.29,recover,-0.0114917,0.0521131,-0.00190496,0.000733438,0,0,0.000752496,-0.00286185,0.000945159,99.5439,99.6839,99.7061,0.107544,nan,0.261511,0.262463,0.26043,0.26215,0.261002,0.262463,0.261002,0.26043,0.26215,1,0,0.00182698,0,0.00234741,0.00048941,0.0013981,0.00571767,-0.00220069,0.00245707,0.0022229,-5.60253e-05,0.00431984,0.00198911,-0.00881057,0.0128812,0.0556557,9.80757,9.80773,0,2.99628
7.3,recover,-0.0114854,0.0521398,-0.00200534,0.000272054,0,0,0.000624807,-0.00250001,0.00184284,99.544,99.684,99.7071,0.107841,nan,0.261512,0.260835,0.262259,0.260926,0.262029,0.260835,0.262029,0.262259,0.260926,1,0,0.00182698,0,-0.000850555,-0.000263083,-0.00111065,0.00602246,-0.000816213,0.00246749,0.00226225,-5.28422e-05,0.00675542,0.00221741,0.00585564,0.0724302,0.101684,9.81271,9.8135,0,3.02285
7.31,recover,-0.0114805,0.0521633,-0.00218011,0.000394811,0,0,0.000552792,-0.00223463,0.00155461,99.5441,99.6841,99.6838,0.0903975,nan,0.261513,0.260408,0.262556,0.260643,0.262445,0.260408,0.262445,0.262556,0.260643,1,0,0.00218366,0,-0.000917254,0.000234888,-0.0017365,0.00654818,-0.00119874,0.00248668,0.0022477,-5.31183e-05,0.00772006,-0.00729056,-0.000249288,0.0419988,0.0248437,9.73819,9.73832,0,3.01557
7.32,recover,-0.0114761,0.0521843,-0.00225158,0.000331657,0,0,0.000505056,-0.00199845,0.00147416,99.5442,99.6842,99.6847,0.0906729,nan,0.261514,0.261501,0.261445,0.261556,0.261555,0.261501,0.261555,0.261445,0.261556,1,0,0.0020716,0,0.000146373,0.000310061,2.51263e-05,0.0067833,-0.000997965,0.00249781,0.00225116,-5.22744e-05,0.0215328,0.000267765,-0.00525731,-0.0518636,0.0469511,9.79087,9.79112,0,3.01963
7.33,recover,-0.0114719,0.0522034,-0.00238298,0.00025859,0,0,0.000426201,-0.00184488,0.00149301,99.5443,99.6843,99.6962,0.0987301,nan,0.261515,0.261173,0.261559,0.261119,0.262209,0.261173,0.262209,0.261559,0.261119,1,0,0.00229024,0,0.00186759,0.00113069,-0.000648638,0.00715891,-0.000788474,0.00251221,0.00225368,-5.09729e-05,0.00915073,-0.00621271,-0.00127087,-0.0516184,-0.00872919,9.80495,9.80509,0,3.02361
7.34,recover,-0.0114689,0.0522215,-0.00207722,0.00033138,0,0,0.000348889,-0.00182391,0.00135409,99.5444,99.6844,99.6971,0.0989867,nan,0.261516,0.261743,0.260945,0.26192,0.261456,0.261743,0.261456,0.260945,0.26192,1,0,0.00169146,0,0.00088744,0.00130302,0.000555056,0.00624183,-0.00101564,0.00248625,0.00224235,-5.41508e-05,0.00926604,-0.0120811,-0.00575241,0.00855432,-0.0440192,9.7099,9.71,0,3.02327
7.35,recover,-0.0114663,0.0522397,-0.0020489,-5.66744e-05,0,0,0.000290204,-0.00185554,0.00120039,99.5446,99.6846,99.707,0.105686,nan,0.261517,0.260918,0.261752,0.26119,0.262208,0.260918,0.262208,0.261752,0.26119,1,0,0.00182698,0,0.000487324,0.00137929,-0.000814121,0.00615073,0.000165701,0.00248701,0.00227432,-5.17961e-05,0.00516319,-0.000613384,0.00303773,-0.0601606,-0.0660617,9.82723,9.82763,0,3.04648
7.36,recover,-0.0114646,0.0522587,-0.00180578,-9.53476e-05,0,0,0.000193434,-0.00200673,0.00192984,99.5447,99.6847,99.7081,0.105886,nan,0.261518,0.261792,0.260895,0.26207,0.261314,0.261792,0.261314,0.260895,0.26207,1,0,0.00182698,0,0.000375681,0.00132227,0.000726893,0.00542596,0.000287958,0.00246947,0.00227287,-5.27109e-05,0.00821279,0.00354024,0.00497754,-0.123956,-0.0350165,9.82499,9.82584,0,3.05198
7.37,recover,-0.0114643,0.0522795,-0.00145516,-0.000110257,0,0,0.00012644,-0.00221158,0.0023613,99.5448,99.6848,99.6939,0.0951437,nan,0.261519,0.262292,0.261035,0.261895,0.260853,0.262292,0.260853,0.261035,0.261895,1,0,0.00119604,0,0.000569985,-0.0010957,0.00101053,0.00435556,0.000310751,0.00243845,0.00227065,-5.46923e-05,-0.00417853,-0.0110786,0.00114793,-0.0921034,-0.0842978,9.83381,9.83461,0,3.05737
7.38,recover,-0.0114645,0.0523023,-0.00159608,-0.000466516,0,0,3.8267e-05,-0.00240294,0.0023638,99.5449,99.6849,99.6948,0.0956681,nan,0.26152,0.260833,0.262008,0.260711,0.262526,0.260833,0.262526,0.262008,0.260711,1,0,0.00169146,0,0.00169856,0.000748931,-0.00131444,0.00480492,0.00140743,0.00245634,0.00230027,-5.32188e-05,0.0135706,0.00756552,-0.00655478,0.0929178,-0.0273835,9.86432,9.8648,0,3.07741
7.39,recover,-0.0114661,0.0523272,-0.00163155,-0.000260836,0,0,-8.43486e-05,-0.00267932,0.00178567,99.545,99.685,99.6774,0.0826485,nan,0.261521,0.261197,0.261955,0.260804,0.262126,0.261197,0.262126,0.261955,0.260804,1,0,0.000690534,0,0.00149421,-0.000420729,-0.000913923,0.00490897,0.000780113,0.00246453,0.00227905,-5.38843e-05,0.0120109,0.000686962,-0.00302577,0.140245,-0.0905251,9.74433,9.74576,0,3.06687
7.4,recover,-0.0114682,0.0523549,-0.00157679,-8.10509e-05,0,0,-0.000118145,-0.00291285,0.00217928,99.5451,99.6851,99.6782,0.0829557,nan,0.261522,0.2619,0.261256,0.261817,0.261113,0.2619,0.261113,0.261256,0.261817,1,0,0.00138107,0,-0.000157423,-0.000427348,0.000592684,0.00474459,0.000238494,0.00246268,0.00226131,-5.62659e-05,0.0119388,-0.000838234,-0.00421133,0.1343,0.0138789,9.83505,9.83598,0,3.05883
7.41,recover,-0.0114699,0.0523847,-0.00181751,0.00010544,0,0,-1.72333e-05,-0.00307863,0.00144171,99.5452,99.6852,99.6501,0.0623739,nan,0.261522,0.260839,0.26212,0.260731,0.262399,0.260839,0.262399,0.26212,0.260731,1,0,0.00154408,0,0.00102535,0.000323924,-0.00129623,0.00545223,-0.000306065,0.00248774,0.00224152,-5.56541e-05,0.00228866,0.00908829,-0.00528637,0.0423717,0.0968723,9.83354,9.83411,0,3.04769
7.42,recover,-0.0114706,0.0524159,-0.00205479,-0.000162513,0,0,8.75556e-05,-0.00321406,0.00172201,99.5453,99.6853,99.6507,0.0626734,nan,0.261523,0.262422,0.260647,0.262447,0.260577,0.262422,0.260577,0.260647,0.262447,1,0,0.00195312,0,-0.000251518,-8.79713e-05,0.00160214,0.00616859,0.000495966,0.00251071,0.00226435,-5.19157e-05,0.00532233,0.00788099,0.000734535,0.0167718,-0.00135072,9.84552,9.84553,0,3.0624
7.43,recover,-0.0114699,0.0524485,-0.00210221,-0.000268343,0,0,0.000147524,-0.00334727,0.00128413,99.5454,99.6854,99.6517,0.0631433,nan,0.261524,0.262232,0.260714,0.262417,0.260734,0.262232,0.260734,0.260714,0.262417,1,0,0.00182698,0,-0.000439444,0.000389779,0.00140687,0.00630599,0.000798417,0.00251877,0.0022709,-5.10057e-05,0.00209663,-0.00214496,0.00408785,-0.0111879,-0.0578451,9.84434,9.84451,0,3.06979
7.44,recover,-0.011469,0.0524828,-0.00198538,-0.000484394,0,0,0.000142018,-0.00355928,0.00119118,99.5455,99.6855,99.6523,0.0636071,nan,0.261525,0.260564,0.262286,0.26096,0.26229,0.260564,0.26229,0.262286,0.26096,1,0,0.00182698,0,-0.00103966,0.000758351,-0.00134115,0.00596507,0.00145762,0.00251191,0.00228527,-5.02274e-05,0.00847065,0.0052225,0.0102586,-0.0128184,-0.121056,9.80126,9.80202,0,3.085
7.45,recover,-0.0114684,0.0525196,-0.00183388,-0.000537017,0,0,0.000172678,-0.00387078,0.00200255,99.5456,99.6856,99.6633,0.0712844,nan,0.261526,0.26193,0.260764,0.261963,0.261447,0.26193,0.261447,0.260764,0.261963,1,0,0.00154408,0,0.00172546,0.00135723,0.000739508,0.00551059,0.00159747,0.00249904,0.00228724,-5.01895e-05,0.00846399,-0.00676982,0.000289463,-0.127733,-0.0439941,9.7156,9.71654,0,3.09144
7.46,recover,-0.0114671,0.0525601,-0.00168832,-0.000299456,0,0,0.000328131,-0.00430158,0.0025856,99.5457,99.6857,99.664,0.0716536,nan,0.261527,0.261705,0.261118,0.261861,0.261423,0.261705,0.261423,0.261118,0.261861,1,0,0.00119604,0,0.000396247,0.000871814,0.0004507,0.00505281,0.000887172,0.00248684,0.00226572,-5.14072e-05,-0.00561424,-0.00519232,-0.0037358,-0.0264115,-0.00194512,9.88176,9.8818,0,3.08165
7.47,recover,-0.0114642,0.0526046,-0.00180256,-0.000763339,0,0,0.000539108,-0.00465822,0.00280447,99.5458,99.6858,99.6674,0.0739287,nan,0.261528,0.261776,0.260714,0.262498,0.261124,0.261776,0.261124,0.260714,0.262498,1,0,0.00154408,0,-0.000828471,0.00214625,0.00107079,0.00542291,0.00227695,0.00250004,0.0023044,-4.96253e-05,0.0126569,-0.00639123,-0.00790663,-0.104772,-0.0538868,9.82142,9.82213,0,3.10928
7.48,recover,-0.0114594,0.0526524,-0.00191901,-0.000340365,0,0,0.000704284,-0.00494329,0.00217909,99.5459,99.6859,99.6682,0.074158,nan,0.261529,0.26129,0.261933,0.260746,0.262145,0.26129,0.262145,0.261933,0.260746,1,0,0.00195312,0,0.00200701,-0.000630414,-0.00089741,0.00577125,0.00101926,0.00251204,0.0022671,-5.11841e-05,0.01199,0.00103807,0.00393032,0.0116594,-0.155613,9.77519,9.77643,0,3.08694
7.49,recover,-0.0114533,0.052702,-0.00157198,-0.000430259,0,0,0.000829419,-0.0050581,0.00325731,99.546,99.686,99.6627,0.0697284,nan,0.26153,0.261587,0.261042,0.261726,0.261764,0.261587,0.261764,0.261042,0.261726,1,0,0.00119604,0,0.00154851,0.00163224,0.000222735,0.00470426,0.00129019,0.00248334,0.00227351,-5.22003e-05,-0.00529495,0.00187793,0.00421457,-0.000178448,-0.0770194,9.78376,9.78406,0,3.098
7.5,recover,-0.0114457,0.0527531,-0.00169713,-0.000305906,0,0,0.0010134,-0.00520782,0.00267273,99.5461,99.6861,99.6634,0.0701271,nan,0.26153,0.261413,0.261873,0.26117,0.261665,0.261413,0.261665,0.261873,0.26117,1,0,0.00169146,0,9.19726e-05,-0.00085358,-0.000419804,0.0050953,0.000940592,0.0024961,0.00226353,-5.18796e-05,0.00510759,0.0175025,0.00587937,0.0742296,-0.0127458,9.88487,9.88516,0,3.09259
7.51,recover,-0.0114361,0.0528049,-0.00181063,9.82598e-07,0,0,0.00121665,-0.00523513,0.00272288,99.5462,99.6862,99.6464,0.0576261,nan,0.261531,0.260656,0.262302,0.260805,0.262363,0.260656,0.262363,0.262302,0.260805,1,0,0.00169146,0,-0.000234645,0.000399531,-0.00140805,0.00544371,-1.13777e-06,0.00251145,0.00223588,-5.18538e-05,0.0103855,0.00342819,0.00788069,0.0877271,-0.0108423,9.81385,9.81425,0,3.07701
7.52,recover,-0.0114246,0.0528571,-0.0015492,0.000163315,0,0,0.00131464,-0.00525394,0.00187846,99.5463,99.6863,99.647,0.0580289,nan,0.261532,0.260403,0.262675,0.260496,0.262555,0.260403,0.262555,0.262675,0.260496,1,0,0.000976562,0,-0.000564998,-5.14665e-05,-0.00190389,0.00465557,-0.000481818,0.00249298,0.0022212,-5.42779e-05,0.00780174,0.00764723,-0.00509052,0.0975947,0.0666577,9.88848,9.88918,0,3.07313
7.53,recover,-0.0114127,0.0529092,-0.00161991,0.000240749,0,0,0.00132681,-0.00526907,0.00278635,99.5465,99.6865,99.6198,0.0382324,nan,0.261533,0.262422,0.260857,0.262224,0.26063,0.262422,0.26063,0.260857,0.262224,1,0,0.00154408,0,-7.59903e-05,-0.000804919,0.00138778,0.00486766,-0.00071502,0.002504,0.00221161,-5.35353e-05,0.00778409,0.00704483,-0.00878299,0.0604892,-0.00480864,9.84859,9.84878,0,3.07089
7.54,recover,-0.0114012,0.0529622,-0.0015172,0.000563401,0,0,0.00121164,-0.00537584,0.002425,99.5466,99.6866,99.6202,0.0384528,nan,0.261534,0.26088,0.262203,0.261202,0.261851,0.26088,0.261851,0.262203,0.261202,1,0,0.00119604,0,-0.00178725,-5.50523e-05,-0.000866498,0.00455831,-0.00168836,0.00249984,0.00218257,-5.5364e-05,0.0069746,0.00340143,0.00571435,-0.094874,0.0454017,9.84191,9.84248,0,3.05651
7.55,recover,-0.0113917,0.0530161,-0.00172318,0.000576521,0,0,0.00101444,-0.00549618,0.00403782,99.5467,99.6867,99.6193,0.0377785,nan,0.261535,0.262694,0.260637,0.262153,0.260656,0.262694,0.260656,0.260637,0.262153,1,0,0.00154408,0,0.00148627,-0.000990045,0.00156181,0.0051846,-0.00172984,0.0025229,0.0021777,-5.23955e-05,0.0125624,0.00198001,0.00733581,-0.0269602,0.0344537,9.87222,9.87231,0,3.05675
7.56,recover,-0.011384,0.0530708,-0.00181506,7.21192e-05,0,0,0.000932617,-0.00546896,0.00329712,99.5468,99.6868,99.6196,0.0379816,nan,0.261536,0.262693,0.260365,0.262459,0.260627,0.262693,0.260627,0.260365,0.262459,1,0,0.00138107,0,0.00131725,5.39382e-05,0.00182823,0.005474,-0.000223106,0.0025347,0.00222331,-4.95185e-05,0.0217459,-0.00228006,0.00243368,-0.0606507,0.0596937,9.84047,9.84084,0,3.08741
7.57,recover,-0.0113759,0.0531244,-0.00203267,-8.91698e-05,0,0,0.000960967,-0.00528756,0.00168914,99.5469,99.6869,99.6062,0.0283586,nan,0.261537,0.26191,0.26158,0.261291,0.261366,0.26191,0.261366,0.26158,0.261291,1,0,0.00154408,0,0.00107341,-0.00157761,0.000112059,0.00610397,0.000265272,0.00255613,0.00223769,-4.80132e-05,0.00652392,0.000738532,0.00365415,-0.0328862,0.0365028,9.8378,9.83792,0,3.0975
7.58,recover,-0.011367,0.053176,-0.00184994,0.000207355,0,0,0.00104218,-0.00504796,0.00203588,99.547,99.687,99.6065,0.0286379,nan,0.261538,0.26161,0.261316,0.261685,0.261541,0.26161,0.261541,0.261316,0.261685,1,0,0.00138107,0,0.000399405,0.000569143,0.000192554,0.00556857,-0.00061614,0.00254236,0.00221111,-5.02428e-05,0.0150398,0.00615159,0.00513998,-0.162923,-0.110143,9.87874,9.8807,0,3.08521
7.59,recover,-0.011357,0.053225,-0.00186782,-0.000108976,0,0,0.00117112,-0.00476652,0.00204167,99.5471,99.6871,99.5914,0.0178493,nan,0.261539,0.261107,0.261881,0.261196,0.261972,0.261107,0.261972,0.261881,0.261196,1,0,0.00138107,0,5.10675e-06,0.0003415,-0.00068163,0.00559793,0.000316815,0.00254661,0.00224067,-4.87773e-05,-0.00114117,-0.00449203,-0.00532224,-0.0647753,-0.0544529,9.8945,9.89486,0,3.1056
7.6,recover,-0.0113458,0.0532711,-0.00188614,-4.89917e-05,0,0,0.00131289,-0.00451328,0.00266594,99.5472,99.6872,99.5916,0.0180702,nan,0.26154,0.260539,0.262491,0.260387,0.262743,0.260539,0.262743,0.262491,0.260387,1,0,0.00119604,0,0.00106997,0.000188846,-0.00189347,0.0056619,0.000148443,0.00255183,0.00223356,-4.92875e-05,0.00486882,0.00321496,-0.00160957,-0.03536,-0.0596034,9.90872,9.90896,0,3.10454
7.61,recover,-0.0113336,0.053315,-0.00183831,-1.31186e-05,0,0,0.00140863,-0.00434832,0.00240007,99.5473,99.6873,99.587,0.0149756,nan,0.261541,0.262573,0.260582,0.262374,0.260634,0.262573,0.260634,0.260582,0.262374,1,0,0.00138107,0,0.000668496,-0.000277587,0.00164022,0.00553021,2.16317e-05,0.00255153,0.00222879,-4.94873e-05,0.0127369,-0.00958042,-0.00383779,0.0683715,-0.0620309,9.82455,9.82499,0,3.1053
7.62,recover,-0.0113207,0.0533577,-0.00162802,-5.02789e-05,0,0,0.0013891,-0.00422202,0.00169881,99.5474,99.6874,99.5871,0.0153499,nan,0.261542,0.262126,0.260914,0.262364,0.260763,0.262126,0.260763,0.260914,0.262364,1,0,0.00119604,0,-0.00103303,0.00016524,0.00123666,0.0048841,0.000142971,0.00253698,0.00223223,-5.04239e-05,0.00257332,-0.00302675,0.00944712,0.0826784,-0.0821851,9.81954,9.82023,0,3.1116
7.63,recover,-0.0113078,0.0533988,-0.0012645,6.52808e-05,0,0,0.00136483,-0.00402753,0.00198538,99.5475,99.6875,99.5963,0.0222941,nan,0.261543,0.262117,0.260931,0.262092,0.261032,0.262117,0.261032,0.260931,0.262092,1,0,0.000690534,0,0.000333611,0.000143357,0.000987066,0.00380004,-0.000180414,0.00250948,0.00222218,-5.29982e-05,0.00687092,0.0125001,0.0059539,0.0353531,0.0362122,9.7912,9.79133,0,3.11068
7.64,recover,-0.0112958,0.053438,-0.000882537,7.11632e-05,0,0,0.00123003,-0.00383802,0.00214994,99.5476,99.6876,99.5965,0.0225547,nan,0.261544,0.261964,0.261021,0.262576,0.260614,0.261964,0.260614,0.261021,0.262576,1,0,0,0,-0.00270445,0.000388909,0.00127717,0.00264707,-0.000214925,0.00247907,0.00221993,-5.54007e-05,0.00211914,0.00126751,-0.00477889,0.0785914,0.0309785,9.83738,9.83774,0,3.11616
7.65,recover,-0.0112855,0.0534752,-0.000968957,0.000206228,0,0,0.00100338,-0.00364852,0.0017144,99.5477,99.6877,99.5911,0.0188489,nan,0.261545,0.261514,0.26163,0.261508,0.261527,0.261514,0.261527,0.26163,0.261508,1,0,0.000976562,0,-0.000258306,-0.000206235,-5.94936e-05,0.00292175,-0.000602026,0.0024895,0.00220916,-5.42333e-05,0.0124122,0.013314,0.00120644,0.0323907,0.109657,9.92159,9.92225,0,3.10967
7.66,recover,-0.0112772,0.0535106,-0.000776758,0.000188325,0,0,0.000759497,-0.00342187,0.000973487,99.5478,99.6878,99.5912,0.0191749,nan,0.261546,0.261267,0.262019,0.261358,0.261539,0.261267,0.261539,0.262019,0.261358,1,0,0,0,-0.00151586,-0.000738385,-0.000410032,0.00234607,-0.000558633,0.00247494,0.00221102,-5.54368e-05,0.0130047,0.00644336,-0.00679397,0.0374343,-0.00416774,9.83978,9.83985,0,3.1145
7.67,recover,-0.0112718,0.0535431,-0.000947303,0.00040042,0,0,0.000452411,-0.00309369,0.00158282,99.5479,99.6879,99.5621,-0.00173881,nan,0.261547,0.26132,0.261872,0.261682,0.261314,0.26132,0.261314,0.261872,0.261682,1,0,0.000690534,0,-0.00244261,-0.000369761,-8.04414e-05,0.00284972,-0.00120292,0.002494,0.00219229,-5.30596e-05,0.00769507,0.00107011,0.0164515,0.0556025,-0.0438854,9.78067,9.78093,0,3.10259
7.68,recover,-0.01127,0.0535724,-0.00129179,0.000593273,0,0,7.01227e-05,-0.00281948,0.00207907,99.548,99.688,99.5621,-0.00151059,nan,0.261548,0.260705,0.262094,0.261633,0.261758,0.260705,0.261758,0.262094,0.261633,1,0,0.000976562,0,-0.00335293,0.00112314,-0.000665294,0.00387811,-0.00178764,0.00252599,0.00217051,-4.89692e-05,0.00435374,-0.00303946,-0.00487975,-0.0527732,0.0808971,9.83657,9.83705,0,3.08997
7.69,recover,-0.0112724,0.0536,-0.00170205,0.000625622,0,0,-0.000311791,-0.00274844,0.00237409,99.5481,99.6881,99.5563,-0.0055948,nan,0.261549,0.260272,0.262623,0.260961,0.262338,0.260272,0.262338,0.262623,0.260961,1,0,0.00169146,0,-0.00258356,0.000764142,-0.0016388,0.00512806,-0.00187262,0.00256436,0.00216427,-4.41028e-05,0.0171768,0.00500678,-0.00487518,-0.108661,-0.122668,9.84854,9.8499,0,3.08586
7.7,recover,-0.0112788,0.0536273,-0.00158579,0.000378876,0,0,-0.000676351,-0.0027948,0.00302092,99.5482,99.6882,99.5563,-0.00515538,nan,0.26155,0.261953,0.260819,0.262105,0.261321,0.261953,0.261321,0.260819,0.262105,1,0,0.00154408,0,0.00092845,0.0012379,0.00084302,0.00475549,-0.00115146,0.00255612,0.00218366,-4.43034e-05,0.00131028,-0.007688,-0.0102854,-0.121829,-0.0639092,9.90895,9.9099,0,3.10249
7.71,recover,-0.0112883,0.0536552,-0.00137332,0.000153724,0,0,-0.000955755,-0.00282408,0.00196399,99.5483,99.6883,99.5649,0.00126186,nan,0.261551,0.261219,0.261628,0.261549,0.261806,0.261219,0.261806,0.261628,0.261549,1,0,0.000690534,0,-0.000402822,0.000961986,-0.000293348,0.00412499,-0.000469273,0.00253792,0.00220151,-4.58448e-05,0.00590188,-0.00319369,-0.00436302,-0.059463,-0.0751607,9.85114,9.85161,0,3.11888
7.72,recover,-0.0112998,0.0536833,-0.00166745,3.32622e-06,0,0,-0.00113939,-0.00280831,0.00197311,99.5484,99.6884,99.5649,0.00155567,nan,0.261552,0.261749,0.261452,0.261224,0.261781,0.261749,0.261781,0.261452,0.261224,1,0,0.00154408,0,0.00226612,-0.000373336,-0.000114138,0.00499501,1.10068e-06,0.00256555,0.00221159,-4.31774e-05,-0.00233036,0.00959957,-0.00109011,0.0172999,-0.104827,9.83028,9.83085,0,3.12635
7.73,recover,-0.0113125,0.0537109,-0.00151678,-2.74682e-06,0,0,-0.00117801,-0.00277573,0.00230333,99.5485,99.6885,99.5698,0.00539758,nan,0.261552,0.260568,0.26217,0.260854,0.262618,0.260568,0.262618,0.26217,0.260854,1,0,0.00119604,0,0.000426574,0.00139195,-0.00147936,0.00455745,1.11986e-05,0.00255464,0.00220901,-4.42547e-05,0.00730125,0.00417939,0.0010801,-0.0194558,-0.0704955,9.74566,9.74593,0,3.12977
7.74,recover,-0.0113255,0.0537386,-0.00128345,-1.89325e-05,0,0,-0.00115676,-0.00283547,0.00225737,99.5486,99.6886,99.5698,0.0057157,nan,0.261553,0.262204,0.26104,0.262053,0.260917,0.262204,0.260917,0.26104,0.262053,1,0,0.000690534,0,7.49224e-05,-0.000519303,0.00101136,0.00383491,5.86649e-05,0.00253355,0.0022093,-4.56562e-05,-0.00774842,0.00345621,-0.00163121,0.0954734,-0.0714424,9.81489,9.81561,0,3.13457
7.75,recover,-0.0113381,0.0537671,-0.0013431,-0.000121878,0,0,-0.0011398,-0.00292094,0.00192951,99.5487,99.6887,99.5755,0.0102117,nan,0.261554,0.261081,0.261622,0.261416,0.262098,0.261081,0.262098,0.261622,0.261416,1,0,0.00138107,0,0.000375046,0.00153796,-0.000537141,0.00402901,0.000350472,0.00253982,0.00221603,-4.53311e-05,0.00234037,-0.00789304,0.000500754,0.0204054,0.0297639,9.86252,9.86258,0,3.14157
7.76,recover,-0.0113506,0.0537967,-0.00115661,0.000223114,0,0,-0.00116006,-0.00307185,0.00268416,99.5488,99.6888,99.5756,0.0105989,nan,0.261555,0.26162,0.261791,0.261094,0.261716,0.26162,0.261716,0.261791,0.261094,1,0,0.000976562,0,0.001198,-0.00113774,-0.000348617,0.00346681,-0.000661304,0.00252533,0.002183,-4.71743e-05,0.000513267,0.00753083,0.0091378,0.118122,0.0504982,9.87597,9.8768,0,3.12567
7.77,recover,-0.0113636,0.0538275,-0.00163675,0.00055516,0,0,-0.00111799,-0.00314651,0.00271236,99.5489,99.6889,99.5685,0.00566772,nan,0.261556,0.262086,0.261435,0.261214,0.26149,0.262086,0.26149,0.261435,0.261214,1,0,0.00169146,0,0.00245959,-0.00154775,0.000164526,0.00492042,-0.00165948,0.00256794,0.00215307,-4.42378e-05,0.00934107,0.0061441,0.00597063,0.0290882,0.114147,9.89037,9.89107,0,3.10422
7.78,recover,-0.0113758,0.0538585,-0.00197077,0.000623644,0,0,-0.0010046,-0.00309507,0.00282358,99.549,99.689,99.5685,0.00576173,nan,0.261557,0.260715,0.262571,0.260938,0.262005,0.260715,0.262005,0.262571,0.260938,1,0,0.00154408,0,-0.00209256,-0.000649177,-0.00128522,0.00592351,-0.0018719,0.00259851,0.00214608,-4.29255e-05,0.0100702,0.001495,0.00247739,0.0237344,0.021052,9.90139,9.90144,0,3.09917
7.79,recover,-0.0113872,0.0538886,-0.00240961,0.00085996,0,0,-0.000892758,-0.00301256,0.00339634,99.5491,99.6891,99.5478,-0.00890888,nan,0.261558,0.261844,0.261562,0.261548,0.261278,0.261844,0.261278,0.261562,0.261548,1,0,0.00229024,0,3.30001e-05,-0.00109945,0.000242846,0.00724745,-0.00257407,0.00263732,0.00212291,-4.0792e-05,0.0150638,0.00602138,-0.0108019,-0.0753098,-0.0594566,9.804,9.80447,0,3.08376
7.8,recover,-0.011397,0.0539176,-0.00230999,0.00111485,0,0,-0.000646141,-0.00282053,0.00402461,99.5492,99.6892,99.5477,-0.00838822,nan,0.261559,0.261347,0.26189,0.261069,0.26193,0.261347,0.26193,0.26189,0.261069,1,0,0.00229024,0,0.000842056,-0.000451354,-0.000617412,0.00692648,-0.00335187,0.00263034,0.00210166,-4.44001e-05,0.000313291,-0.00278351,-0.000179326,-0.00752548,-0.0575735,9.77891,9.77908,0,3.07192
7.81,recover,-0.0114042,0.0539439,-0.00236617,0.000768276,0,0,-0.000342093,-0.00251873,0.00367967,99.5493,99.6893,99.5646,0.004074,nan,0.26156,0.26131,0.261328,0.261912,0.261689,0.26131,0.261689,0.261328,0.261912,1,0,0.00239208,0,-0.000638165,0.00182449,8.97396e-05,0.00710536,-0.00232763,0.00263462,0.00212803,-4.07307e-05,0.00721562,-0.0130655,-0.00160646,-0.0359916,-0.0603081,9.79282,9.79307,0,3.09261
7.82,recover,-0.0114082,0.053968,-0.0023112,0.000909044,0,0,-0.000123924,-0.0023807,0.00267028,99.5494,99.6894,99.5646,0.00428685,nan,0.261561,0.261682,0.26129,0.261646,0.261626,0.261682,0.261626,0.26129,0.261646,1,0,0.00239208,0,0.000985649,0.000567383,0.000180845,0.00694103,-0.00273156,0.00263275,0.00211195,-4.29063e-05,0.0075935,-0.000839618,0.000962514,-0.0560746,-0.121856,9.81816,9.81908,0,3.08652
7.83,recover,-0.0114097,0.0539914,-0.00238945,0.000643415,0,0,8.10425e-05,-0.0023386,0.00225947,99.5495,99.6895,99.5791,0.014906,nan,0.261562,0.261964,0.261126,0.262671,0.260486,0.261964,0.260486,0.261126,0.262671,1,0,0.00229024,0,-0.00357322,0.000126508,0.00132812,0.00716251,-0.00195326,0.00264163,0.00213207,-3.95479e-05,-0.00125248,-0.0131797,-0.0121135,-0.0655138,-0.0692876,9.92299,9.92345,0,3.10222
7.84,recover,-0.0114097,0.0540141,-0.00257536,0.000858336,0,0,0.000172757,-0.00224742,0.0026917,99.5496,99.6896,99.5792,0.0151563,nan,0.261563,0.261653,0.261591,0.261968,0.261039,0.261653,0.261039,0.261591,0.261968,1,0,0.00258374,0,-0.00229668,-0.000448342,0.000435563,0.00771834,-0.00257586,0.00265875,0.00211022,-4.04216e-05,-0.00250492,0.00152972,0.00661818,-0.126573,-0.0492038,9.87725,9.87819,0,3.08976
7.85,recover,-0.0114087,0.0540356,-0.00261238,0.000685853,0,0,0.000305732,-0.00213027,0.00195635,99.5497,99.6897,99.579,0.0152824,nan,0.261564,0.261344,0.262044,0.26091,0.261956,0.261344,0.261956,0.262044,0.26091,1,0,0.00248976,0,0.000919269,-0.000990015,-0.000767295,0.00784266,-0.00205863,0.00266584,0.0021211,-3.75257e-05,0.00635337,0.00140223,0.00289158,-0.0198608,-0.0208781,9.78708,9.78712,0,3.10043
7.86,recover,-0.0114063,0.0540561,-0.00283835,0.000677167,0,0,0.000411045,-0.0020345,0.00208281,99.5498,99.6898,99.5792,0.0156785,nan,0.261564,0.261708,0.261349,0.261665,0.261535,0.261708,0.261535,0.261349,0.261665,1,0,0.00284714,0,0.000608221,0.000271494,0.00021495,0.00852103,-0.00203786,0.00268757,0.00211742,-3.58235e-05,0.00667753,-0.00212522,0.00173175,0.0636194,-0.0842083,9.77682,9.77739,0,3.10021
7.87,recover,-0.0114027,0.0540761,-0.0029032,0.000778472,0,0,0.000556747,-0.00197493,0.00245801,99.5499,99.6899,99.5386,-0.0134467,nan,0.261565,0.259947,0.263408,0.259691,0.263215,0.259947,0.263215,0.263408,0.259691,1,0,0.00300997,0,0.000166018,-0.000850871,-0.00307029,0.00872918,-0.0023284,0.00269686,0.00210571,-3.69743e-05,0.0157697,0.00682184,-0.0130746,0.0178717,0.0761855,9.86269,9.863,0,3.09504
7.88,recover,-0.0113981,0.0540948,-0.00294132,0.000496427,0,0,0.000726815,-0.00185028,0.00301131,99.55,99.69,99.5385,-0.0132106,nan,0.261566,0.262039,0.261402,0.262061,0.260762,0.262039,0.260762,0.261402,0.262061,1,0,0.00267443,0,-0.0017578,-0.0011716,0.000851131,0.00881699,-0.00148991,0.00270357,0.00212706,-3.14863e-05,-0.00193466,0.00171545,-0.00272288,0.0989515,0.0053434,9.93581,9.93631,0,3.11174
7.89,recover,-0.0113912,0.0541126,-0.00277728,0.000722915,0,0,0.000953354,-0.00179076,0.00325463,99.5501,99.6901,99.5513,-0.00357784,nan,0.261567,0.262597,0.26103,0.262162,0.260479,0.262597,0.260479,0.26103,0.262162,1,0,0.00276214,0,-0.000308157,-0.00187086,0.00142854,0.00833883,-0.00218001,0.00269329,0.00210358,-3.64177e-05,0.00736224,-0.00539897,-0.00141181,-0.0212058,0.0901395,9.87454,9.87497,0,3.10117
7.9,recover,-0.0113824,0.0541297,-0.00268674,0.000793159,0,0,0.00109709,-0.00169017,0.00201933,99.5502,99.6902,99.5513,-0.00331241,nan,0.261568,0.261023,0.262099,0.261244,0.261906,0.261023,0.261906,0.262099,0.261244,1,0,0.00248976,0,-0.00109648,5.19348e-05,-0.000764071,0.00806163,-0.00238924,0.00268835,0.00209275,-3.8687e-05,0.00363698,-0.00440893,-0.00283605,-0.0309679,-0.0855915,9.80803,9.80845,0,3.09882
7.91,recover,-0.0113719,0.0541461,-0.00279802,0.000604997,0,0,0.00126996,-0.00163334,0.00231725,99.5503,99.6903,99.5684,0.00922372,nan,0.261569,0.261245,0.261879,0.261399,0.261752,0.261245,0.261752,0.261879,0.261399,1,0,0.00258374,0,-0.000746507,5.02478e-05,-0.000433142,0.00840822,-0.00182197,0.00269997,0.00210615,-3.5999e-05,0.0121408,-0.00256293,0.00750268,-0.106624,-0.012342,9.87352,9.8741,0,3.10942
7.92,recover,-0.0113599,0.0541623,-0.00268679,0.00073008,0,0,0.00143137,-0.00164496,0.00256909,99.5504,99.6904,99.5686,0.00961062,nan,0.26157,0.261641,0.261685,0.261633,0.26132,0.261641,0.26132,0.261685,0.261633,1,0,0.00276214,0,-0.000948595,-0.000706981,0.000118413,0.00806311,-0.00218782,0.0026931,0.00209611,-3.76866e-05,0.00451285,0.00369928,0.00335999,-0.146638,-0.0761505,9.74834,9.74974,0,3.10404
7.93,recover,-0.011346,0.0541787,-0.00241273,0.000612156,0,0,0.00165428,-0.0016977,0.00231986,99.5505,99.6905,99.5725,0.0125844,nan,0.261571,0.261079,0.262102,0.261173,0.261929,0.261079,0.261929,0.262102,0.261173,1,0,0.00239208,0,-0.000706312,-0.000148676,-0.000781953,0.00724977,-0.00185443,0.0026741,0.0021016,-3.87335e-05,0.0104052,-0.00984865,-0.00896552,-0.116289,-0.0937324,9.85126,9.85239,0,3.1138
7.94,recover,-0.0113297,0.0541956,-0.00281139,0.000686004,0,0,0.00183842,-0.00174693,0.00299915,99.5505,99.6905,99.5727,0.0126603,nan,0.261571,0.261478,0.261179,0.261806,0.261823,0.261478,0.261823,0.261179,0.261806,1,0,0.00284714,0,0.000836384,0.00184179,0.000123713,0.0084399,-0.00206673,0.00271302,0.00209189,-3.52927e-05,0.00654214,-0.00371344,-0.0012387,0.0154454,-0.104999,9.82501,9.82559,0,3.10714
7.95,recover,-0.0113124,0.0542133,-0.00268667,0.000763704,0,0,0.00193951,-0.00186595,0.00274862,99.5506,99.6906,99.5635,0.00623082,nan,0.261572,0.262288,0.26096,0.262435,0.260606,0.262288,0.260606,0.26096,0.262435,1,0,0.00276214,0,-0.00133292,-0.000392672,0.00138753,0.00806186,-0.00229389,0.00270567,0.00208281,-3.76698e-05,0.00394223,0.000214623,0.00736621,-0.0816008,-0.116877,9.85877,9.8598,0,3.10459
7.96,recover,-0.0112938,0.0542319,-0.00273175,0.000885059,0,0,0.00206089,-0.00188306,0.00234559,99.5507,99.6907,99.5635,0.00658046,nan,0.261573,0.260268,0.263038,0.26039,0.262596,0.260268,0.262596,0.263038,0.26039,1,0,0.00258374,0,-0.00149825,-0.000607219,-0.00218716,0.00820146,-0.00266084,0.00271424,0.00206886,-3.86947e-05,0.00685483,-0.00169791,-0.0036053,0.0323313,0.0066573,9.8744,9.87446,0,3.09824
7.97,recover,-0.0112742,0.0542499,-0.00275258,0.000920662,0,0,0.00217018,-0.00175093,0.00239089,99.5508,99.6908,99.5414,-0.00898923,nan,0.261574,0.261123,0.262089,0.261075,0.262009,0.261123,0.262009,0.262089,0.261075,1,0,0.00267443,0,-8.33041e-05,-0.000242013,-0.000835304,0.00826875,-0.00277195,0.00272024,0.00206309,-3.86835e-05,0.0100634,-0.00455131,-0.00951345,0.0267654,-0.0371759,9.76529,9.76539,0,3.09689
7.98,recover,-0.0112534,0.0542662,-0.00257809,0.000635015,0,0,0.0022618,-0.00157226,0.00317966,99.5509,99.6909,99.5413,-0.00869502,nan,0.261575,0.26128,0.261894,0.261387,0.261738,0.26128,0.261738,0.261894,0.261387,1,0,0.00248976,0,-0.000696206,-9.43239e-05,-0.00042375,0.0077266,-0.00190195,0.00271098,0.00208399,-3.71762e-05,-0.00240602,0.00412441,0.00821985,0.0404114,0.00420491,9.77952,9.7796,0,3.11524
7.99,recover,-0.0112327,0.0542807,-0.00264671,0.000837073,0,0,0.00224518,-0.00138371,0.00333463,99.551,99.691,99.5257,-0.0196684,nan,0.261576,0.262284,0.260795,0.261936,0.261287,0.262284,0.261287,0.260795,0.261936,1,0,0.00267443,0,0.00222862,0.000273219,0.000939326,0.00795079,-0.00251328,0.00272196,0.00206202,-3.90794e-05,0.00983933,0.000716574,-0.00938939,0.00666248,0.00133921,9.8959,9.89591,0,3.10386
8,recover,-0.0112119,0.0542931,-0.00273307,0.000751433,0,0,0.0023012,-0.00115747,0.00357116,99.5511,99.6911,99.5255,-0.0194114,nan,0.261576,0.262896,0.260313,0.262545,0.260551,0.262896,0.260551,0.260313,0.262545,1,0,0.00248976,0,0.00156081,-0.000212275,0.00201176,0.008201,-0.00225791,0.0027319,0.00206497,-3.82352e-05,0.00391825,-0.000337017,-0.00236226,-0.0508198,0.0847908,9.89491,9.89541,0,3.10854
8.01,recover,-0.0111896,0.0543034,-0.00266027,0.000786874,0,0,0.00249034,-0.000959754,0.0026456,99.5512,99.6912,99.5374,-0.0105242,nan,0.261577,0.26045,0.262874,0.260703,0.262282,0.26045,0.262282,0.262874,0.260703,1,0,0.00284714,0,-0.0022424,-0.000641995,-0.00175934,0.00798966,-0.00235724,0.00272923,0.00205735,-3.9484e-05,0.0086392,0.00433277,-0.00834555,-0.02928,0.070952,9.71462,9.71492,0,3.10749
8.02,recover,-0.0111655,0.0543119,-0.00222759,0.000633863,0,0,0.00261942,-0.000790286,0.00232117,99.5513,99.6913,99.5373,-0.0103427,nan,0.261578,0.260763,0.262423,0.261457,0.261668,0.260763,0.261668,0.262423,0.261457,1,0,0.00218366,0,-0.00384414,-0.000117058,-0.00082209,0.00669628,-0.00192388,0.0026971,0.00206675,-4.15847e-05,0.0117088,-0.012789,-0.00160076,-0.140882,0.0678069,9.77295,9.7742,0,3.11998
8.03,recover,-0.0111411,0.0543188,-0.00231821,0.000298315,0,0,0.00248501,-0.000688546,0.00284993,99.5514,99.6914,99.5309,-0.0143232,nan,0.261579,0.261833,0.261158,0.26246,0.260863,0.261833,0.260863,0.261158,0.26246,1,0,0.00182698,0,-0.00244775,0.000628591,0.000998503,0.00698788,-0.000908022,0.00271219,0.00209164,-3.9447e-05,0.0248751,-0.00661768,-0.0040139,-0.0269351,-0.0662974,9.79719,9.79745,0,3.13841
8.04,recover,-0.0111188,0.0543256,-0.00201159,0.000370464,0,0,0.00219029,-0.000688104,0.0015621,99.5515,99.6915,99.5308,-0.0141251,nan,0.261579,0.261119,0.262011,0.261247,0.261941,0.261119,0.261941,0.262011,0.261247,1,0,0.00182698,0,-0.000526484,0.000109098,-0.000697049,0.00604327,-0.00112245,0.00268879,0.00208253,-3.91455e-05,0.00834417,-0.0052908,0.00133177,-0.0467237,-0.04424,9.83437,9.83458,0,3.13705
8.05,recover,-0.0110988,0.0543323,-0.00197961,0.000304266,0,0,0.00197764,-0.000688523,0.00156988,99.5516,99.6916,99.5056,-0.0318654,nan,0.26158,0.261061,0.262253,0.260699,0.262308,0.261061,0.262308,0.262253,0.260699,1,0,0.00182698,0,0.00110683,-0.000580595,-0.00123131,0.00595347,-0.000917733,0.00268879,0.00208577,-3.91115e-05,0.0124561,-0.00121023,0.00329523,-0.0939988,-0.108495,9.84448,9.84553,0,3.14127
8.06,recover,-0.0110808,0.0543391,-0.00210505,0.000349033,0,0,0.00183701,-0.000698981,0.00230492,99.5517,99.6917,99.5053,-0.0316787,nan,0.261581,0.260739,0.262163,0.26105,0.262371,0.260739,0.262371,0.262163,0.26105,1,0,0.00182698,0,-0.000275556,0.000983968,-0.00120672,0.00631472,-0.00105114,0.00270391,0.00207859,-3.8473e-05,0.00241329,-0.000597039,-0.00819721,-0.052587,-0.0198064,9.90328,9.90344,0,3.13789
8.07,recover,-0.0110645,0.054346,-0.00204502,0.00039439,0,0,0.00173573,-0.00078955,0.00255345,99.5518,99.6918,99.5275,-0.0151752,nan,0.261582,0.261946,0.260967,0.262146,0.261267,0.261946,0.261267,0.260967,0.262146,1,0,0.00182698,0,0.000266874,0.000949486,0.000816859,0.00613508,-0.00119657,0.0027021,0.00207051,-3.89975e-05,0.00272601,-0.00683362,-0.0143592,-0.0247699,-0.0124275,9.89202,9.89206,0,3.13607
8.08,recover,-0.0110489,0.0543547,-0.00184088,0.000378795,0,0,0.00162625,-0.00102277,0.00181116,99.5519,99.6919,99.5273,-0.0148164,nan,0.261582,0.261069,0.261713,0.261717,0.26183,0.261069,0.26183,0.261713,0.261717,1,0,0.00154408,0,-0.00140785,0.00144869,-0.000332698,0.00552462,-0.00114398,0.00268745,0.0020672,-4.0383e-05,0.00400279,-0.00300587,0.0063848,0.0501241,-0.0358291,9.84775,9.84794,0,3.13903
8.09,recover,-0.0110345,0.0543659,-0.00170159,0.000703239,0,0,0.00147196,-0.00126476,0.00280855,99.552,99.692,99.5404,-0.00529403,nan,0.261583,0.261358,0.261715,0.261431,0.261829,0.261358,0.261829,0.261715,0.261431,1,0,0.00169146,0,0.000106966,0.000355248,-0.000331648,0.00511895,-0.00213176,0.00267955,0.00203787,-4.26512e-05,0.0121363,-0.0126507,-0.0056983,0.0494779,-0.0541528,9.79181,9.79208,0,3.12237
8.1,recover,-0.0110219,0.054379,-0.0016459,0.000683044,0,0,0.00132819,-0.00144809,0.0019664,99.5521,99.6921,99.5404,-0.00515047,nan,0.261584,0.261959,0.261064,0.262239,0.261073,0.261959,0.261073,0.261064,0.262239,1,0,0.00154408,0,-0.000722339,0.00054825,0.000905956,0.00494976,-0.00204539,0.00267882,0.00203353,-4.31262e-05,0.0107122,0.00451956,0.00426217,-0.0255714,0.0151449,9.8438,9.84385,0,3.12462
8.11,recover,-0.0110106,0.0543947,-0.00171789,0.000860995,0,0,0.0011841,-0.00176767,0.00322742,99.5522,99.6922,99.543,-0.00298489,nan,0.261584,0.263128,0.259797,0.263414,0.259999,0.263128,0.259999,0.259797,0.263414,1,0,0.00154408,0,-0.000224636,0.000925639,0.00296531,0.0051482,-0.00259208,0.00268914,0.00201466,-4.21026e-05,-0.000952841,-0.00402998,-0.0104095,-0.0468839,-0.0229232,9.82227,9.8224,0,3.11469
8.12,recover,-0.011001,0.0544136,-0.00188938,0.000786376,0,0,0.00103339,-0.0020551,0.00231911,99.5523,99.6923,99.543,-0.00278313,nan,0.261585,0.260713,0.262285,0.260959,0.262383,0.260713,0.262383,0.262285,0.260959,1,0,0.00182698,0,-0.000394174,0.00065353,-0.00131726,0.00566865,-0.00236397,0.00270651,0.0020193,-3.97913e-05,0.00305352,-0.00120718,-0.00110928,-0.0656346,0.128448,9.86609,9.86714,0,3.1184
8.13,recover,-0.0109927,0.0544349,-0.00205547,0.000686779,0,0,0.000951959,-0.00227655,0.00334422,99.5523,99.6923,99.5357,-0.00783344,nan,0.261586,0.2608,0.262346,0.260708,0.26249,0.2608,0.26249,0.262346,0.260708,1,0,0.0020716,0,0.000623748,9.92943e-05,-0.00146236,0.00617073,-0.00206536,0.00272133,0.00202585,-3.78162e-05,0.00560603,-0.00133085,0.00482181,-0.037279,-0.0606297,9.89166,9.89192,0,3.12377
8.14,recover,-0.010985,0.054458,-0.00215768,0.00062807,0,0,0.00099503,-0.00240304,0.00301341,99.5524,99.6924,99.5356,-0.00766302,nan,0.261587,0.26193,0.261327,0.261999,0.261091,0.26193,0.261091,0.261327,0.261999,1,0,0.0020716,0,-0.000809771,-0.000317682,0.000664051,0.00647551,-0.00190042,0.00273119,0.00202761,-3.71232e-05,0.00438794,-0.00875869,-0.00815647,-0.071134,0.029797,9.7599,9.76021,0,3.12748
8.15,recover,-0.0109759,0.0544821,-0.00245286,0.000590148,0,0,0.00114521,-0.00247606,0.00272373,99.5525,99.6925,99.5406,-0.00370278,nan,0.261587,0.262781,0.260297,0.262729,0.260542,0.262781,0.260542,0.260297,0.262729,1,0,0.00229024,0,0.000788091,0.00036578,0.00205271,0.00735582,-0.00178731,0.00275842,0.0020275,-3.44335e-05,0.000926233,-0.00921345,-0.000160894,-0.0470109,-0.000358685,9.80112,9.80124,0,3.12852
8.16,recover,-0.010965,0.0545071,-0.00267967,0.000860687,0,0,0.00133254,-0.00259956,0.00252464,99.5526,99.6926,99.5406,-0.00310381,nan,0.261588,0.261556,0.261453,0.261069,0.262274,0.261556,0.262274,0.261453,0.261069,1,0,0.00267443,0,0.00346867,0.000634681,-0.000484178,0.00804967,-0.00257501,0.00277991,0.00200224,-3.45369e-05,0.00988386,0.00669591,0.00392872,-0.0261095,0.0413142,9.85993,9.86005,0,3.11272
8.17,recover,-0.0109515,0.0545333,-0.00261217,0.000969074,0,0,0.00163871,-0.00268384,0.00291575,99.5527,99.6927,99.5579,0.00959485,nan,0.261589,0.261072,0.261971,0.260925,0.262387,0.261072,0.262387,0.261971,0.260925,1,0,0.00267443,0,0.00149613,0.00051001,-0.00103775,0.00784452,-0.00292069,0.00277587,0.00199115,-3.64084e-05,0.00811548,-0.00697205,-0.0052689,-0.00143506,-0.0274976,9.77729,9.77733,0,3.10847
8.18,recover,-0.0109357,0.0545597,-0.00247365,0.00101603,0,0,0.00187638,-0.00265536,0.00371319,99.5528,99.6928,99.5581,0.00961136,nan,0.26159,0.262074,0.261008,0.261843,0.261433,0.262074,0.261433,0.261008,0.261843,1,0,0.00258374,0,0.00174039,0.000365062,0.000648903,0.0074231,-0.00305743,0.00276812,0.00198559,-3.87484e-05,0.00420425,-0.0042582,0.00294779,-0.0288548,-0.167595,9.84224,9.84371,0,3.10825
8.19,recover,-0.0109177,0.0545856,-0.00215289,0.00108965,0,0,0.00209569,-0.00257197,0.00306922,99.5529,99.6929,99.5674,0.0163695,nan,0.26159,0.26178,0.261226,0.262331,0.261024,0.26178,0.261024,0.261226,0.262331,1,0,0.0020716,0,-0.00199996,0.000660898,0.000817646,0.00645409,-0.00326036,0.00274547,0.00197909,-4.35966e-05,-0.000306852,0.00770339,-0.00374038,0.0394706,-0.0906264,9.7814,9.7819,0,3.10797
8.2,recover,-0.0108974,0.0546106,-0.00210165,0.00121713,0,0,0.00222551,-0.00246094,0.00156748,99.553,99.693,99.5676,0.0165705,nan,0.261591,0.26282,0.260549,0.262886,0.260108,0.26282,0.260108,0.260549,0.262886,1,0,0.00218366,0,-0.00134643,-0.000711411,0.00221921,0.00629562,-0.00366105,0.00274638,0.00196724,-4.43443e-05,-0.0034833,-0.00449201,0.00623578,0.057045,-0.126212,9.75589,9.75687,0,3.10239
8.21,recover,-0.0108755,0.0546341,-0.00215093,0.00143268,0,0,0.00228182,-0.00224797,0.0012781,99.5531,99.6931,99.5672,0.0164894,nan,0.261592,0.262177,0.261299,0.261988,0.260903,0.262177,0.260903,0.261299,0.261988,1,0,0.00248976,0,-0.000547862,-0.0011081,0.000862341,0.00646013,-0.00430828,0.00275417,0.00194635,-4.44434e-05,0.00762555,-0.00490339,0.0134062,0.136345,-0.0933901,9.7826,9.784,0,3.09089
8.22,recover,-0.0108529,0.0546549,-0.00233853,0.00146148,0,0,0.00236184,-0.00188881,0.00157371,99.5532,99.6932,99.5674,0.0168175,nan,0.261593,0.262551,0.260633,0.262251,0.260935,0.262551,0.260935,0.260633,0.262251,1,0,0.00276214,0,0.00159578,4.60902e-06,0.0014212,0.00702195,-0.00439086,0.00277277,0.00194018,-4.11208e-05,0.00702044,-0.00235122,0.00213259,0.132696,0.0481636,9.84228,9.84329,0,3.08871
8.23,recover,-0.0108291,0.0546717,-0.00256518,0.00150936,0,0,0.0025289,-0.00147305,0.000917717,99.5533,99.6933,99.5734,0.0213058,nan,0.261593,0.260505,0.262974,0.260345,0.262549,0.260505,0.262549,0.262974,0.260345,1,0,0.00267443,0,-0.000701796,-0.00111104,-0.00205387,0.00770652,-0.00452991,0.00279745,0.0019327,-3.67246e-05,0.010127,0.000728055,-0.00280294,-0.0195223,0.0775391,9.81382,9.81414,0,3.08494
8.24,recover,-0.0108037,0.0546845,-0.00219923,0.00139224,0,0,0.00269841,-0.00112135,0.000889603,99.5534,99.6934,99.5736,0.0214579,nan,0.261594,0.261428,0.261915,0.26167,0.261363,0.261428,0.261363,0.261915,0.26167,1,0,0.00258374,0,-0.00210508,-0.000587765,-7.89682e-05,0.00661458,-0.00417975,0.0027709,0.00193891,-4.12051e-05,0.0140376,-7.28304e-05,-0.00330434,0.0444582,-0.0637131,9.88688,9.88718,0,3.09499
8.25,recover,-0.0107768,0.0546943,-0.00252967,0.00134069,0,0,0.00279222,-0.000846523,0.00161156,99.5535,99.6935,99.572,0.0204272,nan,0.261595,0.260494,0.262872,0.260601,0.262412,0.260494,0.262412,0.262872,0.260601,1,0,0.00248976,0,-0.00150267,-0.000668741,-0.00184084,0.00760414,-0.00402766,0.00280142,0.00193771,-3.59881e-05,0.0128792,-0.00180596,0.00850612,-0.0303851,-0.00133427,9.82666,9.82671,0,3.09562
8.26,recover,-0.0107498,0.0547015,-0.00246464,0.00151385,0,0,0.00285192,-0.000604372,0.00222219,99.5536,99.6936,99.5722,0.0206915,nan,0.261595,0.261788,0.261549,0.261802,0.261243,0.261788,0.261243,0.261549,0.261802,1,0,0.00267443,0,-0.000848728,-0.000552752,0.000351085,0.0074126,-0.00455454,0.0027997,0.00191847,-3.83291e-05,0.015271,-0.00673088,-0.0047903,-0.0588039,0.0452696,9.75189,9.75217,0,3.08647
8.27,recover,-0.0107219,0.0547058,-0.00241344,0.0013968,0,0,0.00298745,-0.000258048,0.00210653,99.5536,99.6936,99.5543,0.00782446,nan,0.261596,0.261657,0.261394,0.26173,0.261604,0.261657,0.261604,0.261394,0.26173,1,0,0.00248976,0,0.000364037,0.000537433,0.000170899,0.00726034,-0.00422508,0.00279874,0.00192361,-3.82106e-05,0.0161596,-0.0211867,-0.000282541,-0.0321829,-0.0632795,9.73538,9.73564,0,3.09351
8.28,recover,-0.0106922,0.0547065,-0.0028587,0.00164673,0,0,0.00323234,7.72659e-05,0.00248505,99.5537,99.6937,99.5545,0.00831814,nan,0.261597,0.261989,0.261528,0.261561,0.261308,0.261989,0.261308,0.261528,0.261561,1,0,0.00316442,0,0.000550838,-0.00122669,0.00031369,0.00858865,-0.00495197,0.0028409,0.00189717,-3.28573e-05,0.0112214,-0.00594025,-0.0025353,-0.112676,-0.0624479,9.88266,9.8835,0,3.07574
8.29,recover,-0.01066,0.0547038,-0.00251504,0.00118334,0,0,0.00342028,0.00042507,0.0020094,99.5538,99.6938,99.5453,0.00200218,nan,0.261598,0.261001,0.261975,0.260857,0.262557,0.261001,0.262557,0.261975,0.260857,1,0,0.00258374,0,0.00192547,0.00082928,-0.00117529,0.00754831,-0.00354828,0.00281723,0.00193148,-3.32201e-05,0.00496321,0.00310922,-0.00573242,-0.0548078,-0.00850962,9.87446,9.87461,0,3.1042
8.3,recover,-0.0106264,0.0546979,-0.00253961,0.00123218,0,0,0.00353233,0.000708299,0.00201212,99.5539,99.6939,99.5453,0.00214272,nan,0.261598,0.260693,0.26212,0.261379,0.2622,0.260693,0.2622,0.26212,0.261379,1,0,0.00267443,0,-0.00160995,0.00145142,-0.000987875,0.00761082,-0.00370959,0.00282563,0.00192237,-3.29328e-05,-0.00250675,-0.00678569,0.000671872,-0.0865082,-0.0471468,9.89695,9.89744,0,3.10062
8.31,recover,-0.0105925,0.0546897,-0.00239243,0.00097182,0,0,0.00352481,0.000867065,0.00358547,99.554,99.694,99.54,-0.00148584,nan,0.261599,0.261694,0.261562,0.261687,0.261451,0.261694,0.261451,0.261562,0.261687,1,0,0.00248976,0,-0.000276764,-0.00022296,0.000161752,0.00718431,-0.00292279,0.00281894,0.0019394,-3.2336e-05,0.00750542,-0.00294672,-0.000307906,-0.0160697,-0.0803815,9.80647,9.80681,0,3.11576
8.32,recover,-0.0105593,0.0546803,-0.00228047,0.000864934,0,0,0.00343666,0.000927971,0.0026611,99.5541,99.6941,99.54,-0.00108811,nan,0.261599,0.262147,0.261087,0.261698,0.261465,0.262147,0.261465,0.261087,0.261698,1,0,0.0020716,0,0.00219444,-0.000133591,0.000568387,0.00684106,-0.0026151,0.00281464,0.00194125,-3.3111e-05,0.00257883,-0.0115883,-0.000418167,0.0448361,-0.0572983,9.80364,9.80392,0,3.12187
8.33,recover,-0.0105268,0.0546707,-0.0020981,0.000879915,0,0,0.00334753,0.000923068,0.00221879,99.5542,99.6942,99.5743,0.0241541,nan,0.2616,0.261765,0.261711,0.26123,0.261695,0.261765,0.261695,0.261711,0.26123,1,0,0.00218366,0,0.00137818,-0.00104305,-0.000181072,0.00629492,-0.00265626,0.00280478,0.0019341,-3.49741e-05,0.00321745,-0.00909059,0.00870278,0.0386019,-0.0178428,9.75401,9.7541,0,3.12161
8.34,recover,-0.0104955,0.0546614,-0.00183882,0.000610973,0,0,0.00315457,0.000897145,0.00306459,99.5543,99.6943,99.5746,0.0245222,nan,0.261601,0.261918,0.261177,0.262561,0.260747,0.261918,0.260747,0.261177,0.262561,1,0,0.00154408,0,-0.00284637,0.000405057,0.00112268,0.00551673,-0.00183285,0.00278945,0.00195028,-3.55256e-05,0.00296568,0.00200099,-0.00128171,0.0191279,0.0611626,9.85301,9.85322,0,3.13811
8.35,recover,-0.0104668,0.0546523,-0.00196769,0.000820847,0,0,0.00284152,0.000826208,0.00245997,99.5544,99.6944,99.596,0.0398986,nan,0.261601,0.261363,0.262014,0.261521,0.261507,0.261363,0.261507,0.262014,0.261521,1,0,0.00218366,0,-0.00176118,-0.000661458,-0.000280057,0.00592452,-0.00247442,0.00280558,0.001927,-3.52911e-05,0.0171065,-0.00600306,0.00685184,0.0979401,0.080846,9.84287,9.84369,0,3.12442
8.36,recover,-0.0104417,0.0546444,-0.00184913,0.00104609,0,0,0.00239831,0.000692421,0.00305711,99.5545,99.6945,99.5964,0.0400966,nan,0.261602,0.260745,0.262301,0.261107,0.262255,0.260745,0.262255,0.262301,0.261107,1,0,0.0020716,0,-0.00108169,0.000598656,-0.00118825,0.00554798,-0.00315077,0.0028005,0.00190208,-3.70847e-05,0.00319295,-0.00642569,0.00275393,0.0871651,0.0833493,9.8479,9.84863,0,3.11191
8.37,recover,-0.0104218,0.054638,-0.00202007,0.0010366,0,0,0.00191797,0.000528226,0.00348767,99.5545,99.6945,99.5846,0.0314332,nan,0.261602,0.261431,0.261451,0.261813,0.261715,0.261431,0.261715,0.261451,0.261813,1,0,0.00195312,0,-0.000314201,0.00122229,3.42268e-05,0.00607436,-0.00313431,0.00281771,0.00189599,-3.53404e-05,0.0122387,-0.0144525,0.00883903,-0.145433,0.0165836,9.8084,9.80949,0,3.11055
8.38,recover,-0.0104061,0.0546333,-0.0019794,0.00117092,0,0,0.00154986,0.00036511,0.00255584,99.5546,99.6946,99.5849,0.0317227,nan,0.261603,0.261134,0.261625,0.261821,0.261832,0.261134,0.261832,0.261625,0.261821,1,0,0.00195312,0,-0.00127736,0.00169382,-0.000220706,0.00594208,-0.00350034,0.00281678,0.00188121,-3.55412e-05,0.0054045,0.0101492,0.00570141,-0.0724228,-0.0167806,9.77701,9.77729,0,3.10285
8.39,recover,-0.0103936,0.05463,-0.00214386,0.00105162,0,0,0.00125785,0.000204241,0.00293259,99.5547,99.6947,99.5789,0.0275438,nan,0.261604,0.26141,0.262253,0.26139,0.26136,0.26141,0.26136,0.262253,0.26139,1,0,0.00239208,0,-0.00231655,-0.00173011,-0.000357337,0.00643197,-0.00316784,0.00283243,0.00188641,-3.2674e-05,0.00308588,-0.00677647,0.00223105,-0.0860673,0.0235004,9.7502,9.75061,0,3.10805
8.4,recover,-0.0103838,0.0546284,-0.00171474,0.00163368,0,0,0.000982046,8.4462e-05,0.00290858,99.5548,99.6948,99.5792,0.0277348,nan,0.261604,0.262562,0.260807,0.262121,0.260927,0.262562,0.260927,0.260807,0.262121,1,0,0.0020716,0,0.00148586,-0.000608982,0.0012961,0.0051409,-0.00490933,0.00279853,0.00183648,-4.16178e-05,0.000589648,-0.00368192,-0.00165164,-0.113073,-0.0640943,9.78374,9.7846,0,3.07824
8.41,recover,-0.0103763,0.0546273,-0.00172427,0.00164463,0,0,0.000762915,0.000109627,0.00178322,99.5549,99.6949,99.5875,0.0338386,nan,0.261605,0.261807,0.261386,0.261639,0.261587,0.261807,0.261587,0.261386,0.261639,1,0,0.0020716,0,0.00097805,6.04606e-05,0.00020788,0.00518819,-0.00494188,0.00280131,0.00183121,-4.10247e-05,0.0130748,-0.00347355,-0.00813786,-0.021653,-0.0688839,9.87357,9.87383,0,3.07741
8.42,recover,-0.0103704,0.0546254,-0.00153175,0.00191135,0,0,0.000565916,0.000240564,0.00143821,99.555,99.695,99.5879,0.0340258,nan,0.261605,0.263879,0.259133,0.264384,0.259025,0.263879,0.259025,0.259133,0.264384,1,0,0.00229024,0,-0.00162774,0.000752582,0.00444175,0.00460434,-0.00573296,0.00278952,0.00180477,-4.52518e-05,0.00885915,0.0025404,-0.00112765,0.0542851,-0.0729321,9.82792,9.82834,0,3.06372
8.43,recover,-0.0103661,0.0546225,-0.00117612,0.00174736,0,0,0.000338793,0.000322609,0.000942988,99.5551,99.6951,99.5694,0.0206179,nan,0.261606,0.262324,0.261077,0.261613,0.26141,0.262324,0.26141,0.261077,0.261613,1,0,0.00182698,0,0.00276986,-0.000717232,0.000637309,0.00352342,-0.00525407,0.00276237,0.00181441,-5.32228e-05,-0.000527069,-0.00617314,0.000514052,0.0307873,-0.0903201,9.83564,9.8361,0,3.07585
8.44,recover,-0.0103646,0.0546185,-0.00119,0.00179464,0,0,0.000102896,0.000449006,0.00162857,99.5552,99.6952,99.5696,0.0207547,nan,0.261606,0.261841,0.261312,0.261903,0.261369,0.261841,0.261369,0.261312,0.261903,1,0,0.00182698,0,-1.15082e-05,0.000226703,0.000467187,0.00356451,-0.00538682,0.002765,0.00180552,-5.21476e-05,-0.000872889,-0.000119162,-0.0121505,0.0552964,-0.108812,9.80768,9.80844,0,3.07281
8.45,recover,-0.0103656,0.0546136,-0.0012139,0.00195948,0,0,-0.000153678,0.00048519,0.00163718,99.5553,99.6953,99.5758,0.0254563,nan,0.261607,0.261732,0.261467,0.261745,0.261483,0.261732,0.261483,0.261467,0.261745,1,0,0.00218366,0,7.9917e-06,5.44307e-05,0.0002318,0.00365081,-0.00589197,0.00276919,0.0017863,-5.07017e-05,0.0088183,-0.00724573,0.0113198,0.0233925,0.0130933,9.84508,9.84512,0,3.063
8.46,recover,-0.01037,0.0546084,-0.00134384,0.00213302,0,0,-0.000475605,0.000505429,0.00301747,99.5554,99.6954,99.5761,0.0256585,nan,0.261607,0.263522,0.260438,0.263034,0.259435,0.263522,0.259435,0.260438,0.263034,1,0,0.00218366,0,-0.00136685,-0.00282426,0.0029372,0.00402757,-0.00640266,0.00278416,0.00176681,-4.74669e-05,0.000180561,-0.000614973,-0.0146689,0.0403493,-0.0387424,9.88294,9.88309,0,3.0518
8.47,recover,-0.0103779,0.0546024,-0.00150116,0.00234337,0,0,-0.000804742,0.000668962,0.00348788,99.5554,99.6954,99.57,0.0213752,nan,0.261608,0.262286,0.261164,0.262194,0.260787,0.262286,0.260787,0.261164,0.262194,1,0,0.00276214,0,-0.000754477,-0.000888999,0.00111133,0.00452206,-0.00703421,0.00279823,0.00174433,-4.38807e-05,0.0152004,-0.000992666,-0.000810049,-0.00912274,0.0668575,9.92141,9.92164,0,3.03827
8.48,recover,-0.0103887,0.054594,-0.00135863,0.00214805,0,0,-0.00108032,0.000932994,0.00264496,99.5555,99.6955,99.5702,0.021675,nan,0.261608,0.261835,0.261535,0.261705,0.26136,0.261835,0.26136,0.261535,0.261705,1,0,0.00229024,0,-0.000118486,-0.00057737,0.000283277,0.00407017,-0.00645533,0.00278909,0.00175531,-4.61402e-05,-0.00102875,-0.00570116,0.00376601,-0.0798621,0.102195,9.8645,9.86535,0,3.05019
8.49,recover,-0.0104019,0.0545837,-0.00140266,0.00240401,0,0,-0.00135364,0.00108365,0.00183051,99.5556,99.6956,99.5751,0.0253413,nan,0.261609,0.262916,0.260675,0.26268,0.260165,0.262916,0.260165,0.260675,0.26268,1,0,0.00267443,0,-0.000726563,-0.00141375,0.00209101,0.00421032,-0.0072198,0.00279283,0.0017292,-4.4743e-05,0.00436081,-0.00343935,-0.00343422,-0.10876,0.0145254,9.81424,9.81485,0,3.03485
8.5,recover,-0.0104175,0.0545721,-0.00188653,0.00241778,0,0,-0.00163962,0.00122435,0.00163415,99.5557,99.6957,99.5754,0.0256223,nan,0.26161,0.261336,0.262114,0.261065,0.261923,0.261336,0.261923,0.262114,0.261065,1,0,0.00267443,0,0.000210394,-0.000877309,-0.000718957,0.00566497,-0.00724835,0.00283337,0.00172228,-3.51168e-05,0.00642301,0.00504978,0.00197181,-0.116947,0.042149,9.85099,9.85178,0,3.0295
8.51,recover,-0.010436,0.0545589,-0.00188396,0.00242531,0,0,-0.00185333,0.00139819,0.00180962,99.5558,99.6958,99.562,0.0159544,nan,0.26161,0.261769,0.261262,0.261678,0.261731,0.261769,0.261731,0.261262,0.261678,1,0,0.00284714,0,0.00148243,0.000715477,0.000199572,0.00564481,-0.00729002,0.00283271,0.0017156,-3.57975e-05,-0.00190818,-0.0077085,0.013366,-0.0636846,-0.124512,9.80384,9.80483,0,3.02852
8.52,recover,-0.0104563,0.0545438,-0.0017657,0.00227336,0,0,-0.00200863,0.00160749,0.00223407,99.5559,99.6959,99.5621,0.016225,nan,0.261611,0.261108,0.262173,0.260967,0.262195,0.261108,0.262195,0.262173,0.260967,1,0,0.00248976,0,0.000431498,-0.000224979,-0.00100733,0.00528524,-0.00682413,0.00282462,0.00172316,-3.81814e-05,-0.00509158,-0.000975113,0.00427937,-0.0924893,-0.16862,9.84472,9.8466,0,3.03744
8.53,recover,-0.0104784,0.0545264,-0.00168947,0.00205216,0,0,-0.00209169,0.00183447,0.00300197,99.556,99.696,99.5554,0.011474,nan,0.261611,0.261567,0.261767,0.261117,0.261993,0.261567,0.261993,0.261767,0.261117,1,0,0.00258374,0,0.00179582,-0.00042385,-0.00047268,0.00507324,-0.00619262,0.00281805,0.00173614,-3.91776e-05,0.00603179,-0.0223519,0.00320199,-0.057169,-0.107954,9.87407,9.87482,0,3.04985
8.54,recover,-0.0105005,0.0545064,-0.0020992,0.00207551,0,0,-0.00200643,0.00210778,0.00302435,99.5561,99.6961,99.5556,0.011911,nan,0.261612,0.26191,0.261221,0.261838,0.261478,0.26191,0.261478,0.261221,0.261838,1,0,0.00276214,0,0.000874799,0.000349796,0.000461221,0.00630684,-0.00624138,0.00285245,0.00173042,-3.14914e-05,0.00903332,-0.0081588,-0.00843366,-0.0090374,-0.0624975,9.91332,9.91352,0,3.04424
8.55,recover,-0.0105215,0.0544839,-0.00217842,0.00192355,0,0,-0.00187993,0.00231217,0.00263332,99.5562,99.6962,99.5612,0.0164413,nan,0.261612,0.261381,0.261861,0.261065,0.26214,0.261381,0.26214,0.261861,0.261065,1,0,0.00292969,0,0.00157759,-7.07193e-05,-0.000683265,0.00653369,-0.00579574,0.00286036,0.00173631,-2.89919e-05,0.00183162,-0.0149729,-0.0056924,0.0230008,-0.0256398,9.79954,9.7996,0,3.05116
8.56,recover,-0.0105412,0.0544594,-0.0024176,0.00213779,0,0,-0.00175398,0.00254907,0.00286031,99.5562,99.6962,99.5614,0.0167509,nan,0.261613,0.261464,0.261333,0.261939,0.261714,0.261464,0.261714,0.261333,0.261939,1,0,0.00316442,0,-0.000249114,0.00162039,0.0001564,0.00724785,-0.00642127,0.00288083,0.00171363,-2.79012e-05,-0.000417491,-0.00356274,0.00596188,0.023033,-0.137629,9.78774,9.78874,0,3.03592
8.57,recover,-0.0105597,0.0544329,-0.0022068,0.00207525,0,0,-0.00159507,0.00266032,0.00316399,99.5563,99.6963,99.5451,0.00537657,nan,0.261613,0.261983,0.261518,0.261484,0.261468,0.261983,0.261468,0.261518,0.261484,1,0,0.00292969,0,0.00119156,-0.00103895,0.000211307,0.00663261,-0.00623223,0.00286378,0.00171153,-3.19867e-05,0.0110104,-0.00261391,0.00618056,0.0717767,0.0314326,9.88521,9.88552,0,3.03979
8.58,recover,-0.0105764,0.0544055,-0.00207076,0.0019409,0,0,-0.00136941,0.00274108,0.00369109,99.5564,99.6964,99.5451,0.00552502,nan,0.261613,0.262104,0.261128,0.262297,0.260925,0.262104,0.260925,0.261128,0.262297,1,0,0.00258374,0,-0.00104953,-1.85676e-05,0.00103157,0.00623016,-0.00582954,0.00285241,0.00171584,-3.39395e-05,0.0147726,-0.00286158,0.00720702,0.0705755,0.0828389,9.90002,9.90061,0,3.04711
8.59,recover,-0.0105908,0.0543775,-0.00225868,0.0019498,0,0,-0.00114411,0.00278279,0.00313718,99.5565,99.6965,99.5295,-0.0055292,nan,0.261614,0.261591,0.261737,0.261392,0.261736,0.261591,0.261736,0.261737,0.261392,1,0,0.00276214,0,0.000523557,-0.000378594,-0.000215296,0.00678487,-0.0058615,0.00287057,0.00170913,-3.16521e-05,0.0087785,-0.00634788,-0.00326342,-0.0246672,-0.00873087,9.93589,9.93593,0,3.04365
8.6,recover,-0.0106025,0.0543494,-0.00198542,0.00184922,0,0,-0.000828813,0.00274605,0.00250715,99.5566,99.6966,99.5295,-0.00532213,nan,0.261614,0.261287,0.261677,0.261489,0.262004,0.261287,0.262004,0.261677,0.261489,1,0,0.00276214,0,0.000331446,0.00100222,-0.000397878,0.00596667,-0.0055535,0.00284665,0.00170994,-3.49174e-05,0.00978012,-0.00218632,0.00132936,-0.00968973,0.0218438,9.8447,9.84472,0,3.05007
8.61,recover,-0.0106105,0.0543225,-0.00229946,0.00166949,0,0,-0.000431898,0.00250449,0.00323733,99.5567,99.6967,99.5351,-0.000990394,nan,0.261615,0.260972,0.262359,0.261762,0.261366,0.260972,0.261366,0.262359,0.261762,1,0,0.00258374,0,-0.00473054,-0.000385683,-0.000435873,0.00690634,-0.00501447,0.00287414,0.00171719,-3.00498e-05,0.00818693,-0.00226355,-0.00293967,-0.0941512,-0.0118796,9.8703,9.87076,0,3.0563
8.62,recover,-0.0106153,0.0542982,-0.00247483,0.00170177,0,0,-0.000232868,0.00231032,0.00261406,99.5568,99.6968,99.5351,-0.000601889,nan,0.261615,0.26171,0.261432,0.261469,0.261849,0.26171,0.261849,0.261432,0.261469,1,0,0.00284714,0,0.001743,0.000334703,-4.49904e-05,0.0074358,-0.00511634,0.00289137,0.0017079,-2.83724e-05,0.0104382,-0.00563688,0.000655093,-0.0421892,-0.0913871,9.82624,9.82675,0,3.05178
8.63,recover,-0.0106179,0.0542759,-0.00242172,0.001724,0,0,-1.62816e-05,0.00210081,0.00200544,99.5569,99.6969,99.539,0.00250227,nan,0.261616,0.261687,0.261664,0.261474,0.261637,0.261687,0.261637,0.261664,0.261474,1,0,0.00300997,0,0.000495159,-0.000455541,-6.18874e-05,0.00727047,-0.00518885,0.00288724,0.00169987,-2.97434e-05,0.00642859,-0.0095313,-0.00053825,-0.0778977,-0.0884549,9.85852,9.85923,0,3.04969
8.64,recover,-0.0106175,0.0542553,-0.00257913,0.00160186,0,0,0.000281592,0.00196273,0.000476505,99.5569,99.6969,99.539,0.00266095,nan,0.261616,0.261239,0.261794,0.261325,0.262106,0.261239,0.262106,0.261794,0.261325,1,0,0.00292969,0,0.000600079,0.00075493,-0.00058781,0.00773629,-0.0048105,0.00290137,0.00170267,-2.77943e-05,0.00216841,-0.0015965,0.00421121,-0.0573531,-0.109767,9.87556,9.87634,0,3.05425
8.65,recover,-0.0106137,0.0542367,-0.00231019,0.00160832,0,0,0.000622368,0.00170343,0.00120163,99.557,99.697,99.5449,0.00720542,nan,0.261616,0.261612,0.261196,0.261982,0.261674,0.261612,0.261674,0.261196,0.261982,1,0,0.00267443,0,0.000286765,0.00160622,0.000318248,0.00692733,-0.00482545,0.0028813,0.00169662,-3.20597e-05,0.000725697,0.00137654,-0.00137846,-0.0811193,-0.0904355,9.83511,9.83586,0,3.05488
8.66,recover,-0.0106066,0.0542215,-0.00208457,0.00176377,0,0,0.000954024,0.00128852,0.00152968,99.5571,99.6971,99.5449,0.0074707,nan,0.261617,0.262481,0.260828,0.262093,0.261065,0.262481,0.261065,0.260828,0.262093,1,0,0.00267443,0,0.00165527,-0.000286202,0.00117796,0.00626351,-0.00530208,0.00286634,0.00167898,-3.68617e-05,0.00939717,-0.00549139,-0.000511523,-0.0219324,-0.0445732,9.86829,9.86841,0,3.04694
8.67,recover,-0.0105962,0.0542103,-0.00180666,0.00188022,0,0,0.0012228,0.000925336,0.00112357,99.5572,99.6972,99.5634,0.0209739,nan,0.261617,0.262266,0.261031,0.261863,0.261309,0.262266,0.261309,0.261031,0.261863,1,0,0.00258374,0,0.00180624,-0.000235665,0.00078669,0.00541723,-0.00564657,0.00284676,0.00166637,-4.14688e-05,0.00100947,-0.00227893,0.00588028,0.0297442,-0.109475,9.73461,9.73527,0,3.04189
8.68,recover,-0.0105837,0.0542021,-0.00206058,0.0015315,0,0,0.00139707,0.000668179,0.00113892,99.5573,99.6973,99.5635,0.0212736,nan,0.261618,0.261812,0.26185,0.261867,0.260942,0.261812,0.260942,0.26185,0.261867,1,0,0.00229024,0,-0.00255289,-0.00161551,0.000389649,0.00617989,-0.00459456,0.00286989,0.00168901,-3.51112e-05,0.00163381,0.00166084,-0.00155512,-0.0249687,-0.00210458,9.82361,9.82365,0,3.059
8.69,recover,-0.0105695,0.0541962,-0.00231013,0.00156001,0,0,0.00152013,0.000536485,0.00106139,99.5574,99.6974,99.5882,0.039139,nan,0.261618,0.262641,0.260897,0.262661,0.260272,0.262641,0.260272,0.260897,0.262661,1,0,0.00276214,0,-0.00171039,-0.00114453,0.00181661,0.00692339,-0.00468336,0.00289186,0.00168241,-3.27371e-05,-0.00177774,-0.000528328,-0.00173378,0.0828662,0.00923663,9.88608,9.88643,0,3.05495
8.7,recover,-0.0105547,0.0541906,-0.00243738,0.00153805,0,0,0.00156556,0.000532607,0.00155165,99.5575,99.6975,99.5886,0.039223,nan,0.261618,0.262333,0.260946,0.262245,0.260949,0.262333,0.260949,0.260946,0.262245,1,0,0.00267443,0,0.000241315,-0.00015868,0.00117948,0.00733372,-0.00462484,0.00290626,0.00167917,-3.15693e-05,0.0172791,-0.00548642,0.0148007,0.0187243,0.0692544,9.84857,9.84883,0,3.05477
8.71,recover,-0.0105392,0.0541856,-0.00233872,0.00170777,0,0,0.00171531,0.000438283,0.0015629,99.5575,99.6975,99.6235,0.064415,nan,0.261619,0.261767,0.261589,0.261835,0.261284,0.261767,0.261284,0.261589,0.261835,1,0,0.00267443,0,-0.000988243,-0.000450252,0.000320256,0.00702026,-0.00512462,0.00290103,0.00166009,-3.47501e-05,0.00565282,0.000793623,-0.000827987,-0.0136141,0.0580263,9.82416,9.82434,0,3.04548
8.72,recover,-0.0105218,0.0541811,-0.00253992,0.0016307,0,0,0.00188347,0.000462331,0.00112737,99.5576,99.6976,99.6241,0.0646368,nan,0.261619,0.260504,0.262906,0.26074,0.262326,0.260504,0.262326,0.262906,0.26074,1,0,0.00292969,0,-0.00216503,-0.000653609,-0.00175302,0.00764761,-0.00489674,0.00292042,0.00166181,-3.23947e-05,0.0214946,-0.00144402,0.00320456,-0.125388,0.000704647,9.80154,9.80234,0,3.04792
8.73,recover,-0.010503,0.054176,-0.00264588,0.00159309,0,0,0.00202049,0.000535111,0.00167406,99.5577,99.6977,99.6186,0.0603034,nan,0.261619,0.262673,0.261106,0.26188,0.260818,0.262673,0.260818,0.261106,0.26188,1,0,0.00316442,0,0.00134145,-0.00204819,0.00115543,0.00793416,-0.00478094,0.00293379,0.00166233,-3.07448e-05,0.000610165,0.000532148,0.00753527,-0.0765615,0.0448319,9.74199,9.7424,0,3.04882
8.74,recover,-0.010483,0.0541699,-0.00284134,0.00168164,0,0,0.00214046,0.000653687,0.0016615,99.5578,99.6978,99.6192,0.0605717,nan,0.26162,0.260659,0.262363,0.260745,0.262712,0.260659,0.262712,0.262363,0.260745,1,0,0.00331169,0,0.000698932,0.000824194,-0.00161351,0.00853282,-0.00505033,0.00295216,0.00164977,-3.11845e-05,0.0088352,-0.00194478,0.000307593,-0.114722,0.0200562,9.74547,9.74616,0,3.04187
8.75,recover,-0.010462,0.0541627,-0.00275381,0.00161085,0,0,0.00225201,0.000787967,0.000913606,99.5579,99.6979,99.6243,0.0640082,nan,0.26162,0.262114,0.260844,0.262327,0.261196,0.262114,0.261196,0.260844,0.262327,1,0,0.00292969,0,0.000370836,0.00107,0.00105554,0.00825296,-0.00484819,0.00294884,0.00165122,-3.14472e-05,-0.00270208,-0.00880702,0.0104009,-0.0744656,-0.0887884,9.8452,9.84588,0,3.04594
8.76,recover,-0.0104398,0.0541542,-0.00282561,0.00161837,0,0,0.0022682,0.000870065,0.00122064,99.558,99.698,99.6249,0.0643923,nan,0.261621,0.261102,0.261897,0.261098,0.262386,0.261102,0.262386,0.261897,0.261098,1,0,0.00300997,0,0.0013101,0.000917566,-0.000915143,0.00850297,-0.00487593,0.00295808,0.00164409,-3.12403e-05,0.0203839,-0.0122387,0.00435753,-0.0887457,-0.0623856,9.84918,9.84977,0,3.04434
8.77,recover,-0.0104178,0.0541455,-0.0026303,0.00142488,0,0,0.00230609,0.000813896,0.00163656,99.5581,99.6981,99.6147,0.0568257,nan,0.261621,0.261036,0.262398,0.26058,0.262469,0.261036,0.262469,0.262398,0.26058,1,0,0.00284714,0,0.00139765,-0.000728435,-0.00142909,0.00790105,-0.00427745,0.00294474,0.00165466,-3.15951e-05,0.00971604,-0.000233504,0.00450499,0.00615887,-0.0417869,9.92651,9.9266,0,3.05607
8.78,recover,-0.0103953,0.0541371,-0.00241146,0.00165262,0,0,0.00245662,0.000841896,0.00229321,99.5582,99.6982,99.6153,0.0569794,nan,0.261621,0.261296,0.261974,0.261009,0.262206,0.261296,0.262206,0.261974,0.261009,1,0,0.00267443,0,0.00137348,-0.000104533,-0.000824222,0.00723441,-0.00496653,0.0029313,0.0016351,-3.59546e-05,0.00296079,-0.00413713,-0.00175249,0.0445652,-0.0534339,9.82634,9.82658,0,3.04409
8.79,recover,-0.0103713,0.0541276,-0.00239297,0.00141753,0,0,0.00260814,0.00103873,0.00247813,99.5582,99.6982,99.6086,0.05223,nan,0.261622,0.261847,0.261241,0.261791,0.261608,0.261847,0.261608,0.261241,0.261791,1,0,0.00248976,0,0.00112365,0.000589373,0.000346364,0.007176,-0.00424414,0.00293514,0.00164901,-3.37196e-05,0.00101957,0.00731534,-0.0165634,-0.0260756,-0.0386106,9.82992,9.83003,0,3.05683
8.8,recover,-0.0103461,0.0541164,-0.00235177,0.00118262,0,0,0.00270569,0.00110202,0.00279445,99.5583,99.6983,99.6091,0.0524366,nan,0.261622,0.262402,0.260994,0.262072,0.261021,0.262402,0.261021,0.260994,0.262072,1,0,0.00229024,0,0.00094643,-0.000574413,0.00108114,0.00707566,-0.00355458,0.00293701,0.00166242,-3.23671e-05,0.0165214,-0.00279847,-0.00753068,0.0909736,-0.0557541,9.87612,9.87669,0,3.06963
8.81,recover,-0.0103199,0.0541051,-0.0027738,0.00129288,0,0,0.00277815,0.0010978,0.00223461,99.5584,99.6984,99.5781,0.0300827,nan,0.261622,0.261755,0.261546,0.261186,0.262002,0.261755,0.262002,0.261546,0.261186,1,0,0.00267443,0,0.00271788,-0.000212894,-0.000267087,0.00833354,-0.00389267,0.00297437,0.00164762,-3.14363e-05,0.0110501,-0.00773101,0.0110961,0.0079936,0.0321325,9.86328,9.86333,0,3.05947
8.82,recover,-0.010293,0.0540939,-0.00243383,0.00124951,0,0,0.00292542,0.00106853,0.0033771,99.5585,99.6985,99.5784,0.0303772,nan,0.261623,0.261322,0.262069,0.261586,0.261515,0.261322,0.261515,0.262069,0.261586,1,0,0.00248976,0,-0.00216867,-0.0005504,-0.00029695,0.00730992,-0.00376015,0.00295038,0.00164526,-3.30841e-05,0.00858734,-0.00609001,-0.0067691,-0.0070165,-0.00163935,9.85796,9.85796,0,3.06351
8.83,recover,-0.0102649,0.0540832,-0.00266168,0.00126837,0,0,0.00303566,0.000969783,0.00360466,99.5586,99.6986,99.5937,0.0414976,nan,0.261623,0.261164,0.262055,0.261259,0.262015,0.261164,0.262015,0.262055,0.261259,1,0,0.00267443,0,-0.00035796,0.000103464,-0.000723835,0.00800446,-0.00382123,0.00297427,0.00163761,-3.17194e-05,0.015928,-0.00909627,-0.00421261,-0.0599028,0.0377009,9.83214,9.8324,0,3.05997
8.84,recover,-0.0102364,0.0540739,-0.00264758,0.00129417,0,0,0.00301136,0.000810259,0.00320677,99.5587,99.6987,99.5942,0.0417018,nan,0.261624,0.260788,0.262413,0.261239,0.262055,0.260788,0.262055,0.262413,0.261239,1,0,0.00267443,0,-0.00214409,0.000175892,-0.0010727,0.00795771,-0.00390399,0.00297737,0.00163074,-3.30926e-05,0.012985,-0.012644,-0.0159827,-0.0661822,0.0670915,9.73193,9.73239,0,3.05785
8.85,recover,-0.0102085,0.0540666,-0.00264829,0.00153483,0,0,0.00288217,0.000562556,0.00267972,99.5588,99.6988,99.5766,0.028938,nan,0.261624,0.262361,0.26062,0.262463,0.261051,0.262361,0.261051,0.26062,0.262463,1,0,0.00308816,0,0.000870174,0.00101036,0.00138581,0.00796138,-0.0046184,0.00298192,0.00160606,-3.53117e-05,0.0139761,-0.00768154,0.00716943,-0.138403,-0.0509225,9.76932,9.77044,0,3.04353
8.86,recover,-0.0101815,0.0540624,-0.00241612,0.00154647,0,0,0.00279747,0.000212596,0.00238828,99.5588,99.6988,99.5769,0.0292633,nan,0.261624,0.262057,0.261107,0.262439,0.260894,0.262057,0.260894,0.261107,0.262439,1,0,0.00248976,0,-0.0015796,0.000319859,0.00109683,0.00726097,-0.00466458,0.00296702,0.0016006,-3.87397e-05,0.0113988,-0.0151426,-0.0112891,-0.148102,-0.0106465,9.73543,9.73656,0,3.04407
8.87,recover,-0.010155,0.0540615,-0.00212354,0.00160727,0,0,0.00272475,-7.09345e-05,0.00229069,99.5589,99.6989,99.5902,0.0389718,nan,0.261625,0.259759,0.26332,0.260013,0.263406,0.259759,0.263406,0.26332,0.260013,1,0,0.00258374,0,-0.00044877,0.000643439,-0.00305645,0.00637015,-0.00484181,0.00294679,0.00159246,-4.29367e-05,0.0026495,-0.0117185,-0.00992347,-0.137863,-0.143835,9.84746,9.84948,0,3.04251
8.88,recover,-0.0101296,0.0540627,-0.00242639,0.00181363,0,0,0.00267299,-0.000217669,0.00268149,99.559,99.699,99.5907,0.0392178,nan,0.261625,0.262582,0.260862,0.261903,0.261153,0.262582,0.261153,0.260862,0.261903,1,0,0.00276214,0,0.00257305,-0.000734062,0.00108512,0.00729247,-0.00545264,0.00297295,0.00157063,-3.91571e-05,0.0118312,-0.00626723,0.00628401,-0.105464,-0.113776,9.90699,9.90821,0,3.0284
8.89,recover,-0.0101044,0.0540648,-0.00236093,0.0017789,0,0,0.00265546,-0.000233393,0.00248717,99.5591,99.6991,99.5872,0.0367412,nan,0.261625,0.262333,0.261219,0.262112,0.260837,0.262333,0.260837,0.261219,0.262112,1,0,0.00267443,0,-0.000425682,-0.00114353,0.00104987,0.00709058,-0.00535434,0.00297211,0.00156869,-3.95365e-05,0.0081685,-0.0101856,-7.56049e-05,-0.0547861,-0.116086,9.85882,9.85966,0,3.03076
8.9,recover,-0.0100793,0.0540667,-0.00246196,0.00172738,0,0,0.00256905,-0.000176135,0.00173249,99.5592,99.6992,99.5875,0.0369393,nan,0.261626,0.261692,0.261614,0.261944,0.261253,0.261692,0.261253,0.261614,0.261944,1,0,0.00276214,0,-0.00162513,-0.000207001,0.000338226,0.00739386,-0.00519398,0.0029858,0.00156747,-3.69836e-05,0.00831787,-0.00631531,-0.00637212,0.0398994,-0.135065,9.72905,9.73007,0,3.03287
8.91,recover,-0.0100554,0.0540676,-0.00244055,0.00195331,0,0,0.0023801,-3.50197e-05,0.00154305,99.5593,99.6993,99.5914,0.0399046,nan,0.261626,0.261735,0.261564,0.261805,0.2614,0.261735,0.2614,0.261564,0.261805,1,0,0.00300997,0,-0.000619355,-0.000176538,0.000253082,0.00732669,-0.00586801,0.00298863,0.00154735,-3.88909e-05,0.00634495,-0.00384945,0.00295174,0.0335648,0.0706019,9.80394,9.80425,0,3.02003
8.92,recover,-0.0100338,0.0540671,-0.00226484,0.00211133,0,0,0.00211054,0.000155874,0.00195423,99.5594,99.6994,99.5919,0.0402808,nan,0.261626,0.262291,0.261309,0.262381,0.260526,0.262291,0.260526,0.261309,0.262381,1,0,0.00308816,0,-0.00231727,-0.00131327,0.00124688,0.00681488,-0.00633107,0.00298199,0.00153332,-4.24552e-05,0.0165521,0.00346501,0.00378285,0.0636514,-0.0654395,9.87824,9.87866,0,3.01212
8.93,recover,-0.0100153,0.0540635,-0.0022607,0.00192069,0,0,0.00178123,0.000526188,0.00189932,99.5594,99.6994,99.5859,0.0360989,nan,0.261627,0.261808,0.261556,0.261862,0.261282,0.261808,0.261282,0.261556,0.261862,1,0,0.00267443,0,-0.000870497,-0.000417407,0.000365512,0.0067875,-0.00575984,0.00298348,0.00154491,-4.06846e-05,0.00657686,0.00303159,0.00611685,0.0486981,0.0535877,9.8946,9.89486,0,3.02263
8.94,recover,-0.0099998,0.0540565,-0.00216866,0.00167297,0,0,0.00149716,0.000840467,0.00199876,99.5595,99.6995,99.5862,0.036454,nan,0.261627,0.261812,0.261504,0.262101,0.261092,0.261812,0.261092,0.261504,0.262101,1,0,0.00267443,0,-0.0018594,-0.000231723,0.000578923,0.00651789,-0.00503456,0.00298016,0.00155925,-3.99576e-05,0.0109315,-0.00887241,0.00168115,0.0487036,0.111849,9.94281,9.94356,0,3.03685
8.95,recover,-0.00998744,0.0540465,-0.00237802,0.00185405,0,0,0.00124482,0.00112878,0.00300446,99.5596,99.6996,99.5642,0.0204536,nan,0.261628,0.261236,0.261754,0.261414,0.262107,0.261236,0.262107,0.261754,0.261414,1,0,0.00284714,0,0.000465159,0.00100466,-0.000532077,0.00715415,-0.00556443,0.00299899,0.00154084,-3.91241e-05,0.0163772,3.46776e-06,0.0123895,-0.0352743,0.123367,9.76616,9.76701,0,3.02438
8.96,recover,-0.00997753,0.0540339,-0.00225863,0.00189823,0,0,0.0011304,0.0012945,0.00363143,99.5597,99.6997,99.5643,0.0207216,nan,0.261628,0.260758,0.262486,0.261006,0.262261,0.260758,0.262261,0.262486,0.261006,1,0,0.00292969,0,-0.00125608,4.4665e-05,-0.00131132,0.00677555,-0.0057116,0.00299115,0.00152826,-4.20091e-05,0.00277672,-0.00974214,0.00274352,-0.13872,0.10909,9.83878,9.84036,0,3.02194
8.97,recover,-0.00996855,0.0540203,-0.00216446,0.00179448,0,0,0.00102436,0.00135632,0.00304411,99.5598,99.6998,99.5343,-0.000773148,nan,0.261628,0.260926,0.262015,0.260892,0.262681,0.260926,0.262681,0.262015,0.260892,1,0,0.00284714,0,0.00185759,0.00119972,-0.0012651,0.00650393,-0.0054015,0.00298673,0.00152982,-4.28615e-05,0.0100166,-0.0105173,0.00565694,-0.00809422,-0.0299091,9.8123,9.81234,0,3.02768
8.98,recover,-0.00996003,0.0540065,-0.0023216,0.00177476,0,0,0.0010301,0.00134625,0.00281397,99.5599,99.6999,99.5343,-0.00050424,nan,0.261629,0.260587,0.262407,0.260852,0.262668,0.260587,0.262668,0.262407,0.260852,1,0,0.00267443,0,-1.22677e-05,0.000995222,-0.00159772,0.00695589,-0.00532349,0.00300108,0.00152702,-4.01949e-05,-0.00294183,0.00204021,0.00907625,-0.204116,-0.0550616,9.75078,9.75307,0,3.02681
8.99,recover,-0.0099509,0.0539932,-0.00211787,0.00146102,0,0,0.0010758,0.00124949,0.00201361,99.5599,99.6999,99.5245,-0.00733464,nan,0.261629,0.260889,0.26171,0.261864,0.262053,0.260889,0.262053,0.26171,0.261864,1,0,0.00229024,0,-0.00167766,0.00249699,-0.000444058,0.0063495,-0.00442046,0.00298702,0.00154621,-4.04178e-05,0.000252486,-0.0233741,-0.00217733,-0.0864127,-0.0779779,9.89823,9.89892,0,3.04528
9,recover,-0.00994143,0.0539814,-0.00231984,0.00181087,0,0,0.00104875,0.00101975,0.00311062,99.56,99.7,99.5245,-0.00714285,nan,0.261629,0.262693,0.260122,0.263259,0.260444,0.262693,0.260444,0.260122,0.263259,1,0,0.00292969,0,-0.000648432,0.00168096,0.00236705,0.00697628,-0.00544811,0.00300544,0.00151315,-4.00076e-05,0.0142,-0.00879552,-0.00706905,0.000383899,-0.135398,9.87521,9.87613,0,3.0232
9.01,recover,-0.00993259,0.0539722,-0.00219403,0.00160237,0,0,0.00093551,0.000789712,0.00179937,99.5601,99.7001,99.5187,-0.0110666,nan,0.26163,0.262212,0.261176,0.261999,0.261133,0.262212,0.261133,0.261176,0.261999,1,0,0.00248976,0,0.000449167,-0.000486225,0.000835809,0.00659908,-0.00481639,0.00299789,0.00152558,-4.03423e-05,0.014327,-0.00466231,0.0046616,-0.0403431,-0.0512088,9.7705,9.77072,0,3.03536
9.02,recover,-0.00992499,0.0539649,-0.00218751,0.0012775,0,0,0.000755984,0.000667014,0.001853,99.5602,99.7002,99.5186,-0.0109074,nan,0.26163,0.261818,0.261337,0.261898,0.261467,0.261818,0.261467,0.261337,0.261898,1,0,0.00248976,0,0.000129576,0.000397879,0.000400789,0.00656221,-0.00383804,0.00299994,0.00154614,-3.73886e-05,0.00279832,-0.00212642,-0.00825609,-0.0707916,0.00452017,9.84673,9.84699,0,3.05339
9.03,recover,-0.00991911,0.0539581,-0.00201893,0.00138529,0,0,0.000654999,0.00062164,0.00235483,99.5603,99.7003,99.5173,-0.0114296,nan,0.261631,0.261617,0.262372,0.26068,0.261853,0.261617,0.261853,0.262372,0.26068,1,0,0.00239208,0,0.00111231,-0.00275889,-0.000847526,0.00604813,-0.0041589,0.00298744,0.0015336,-4.03586e-05,-0.00277351,-0.000473498,-0.00230026,0.136116,-0.0322517,9.80885,9.80985,0,3.04806
9.04,recover,-0.00991351,0.0539516,-0.00203109,0.00153554,0,0,0.000765607,0.000652573,0.00188355,99.5604,99.7004,99.5171,-0.01094,nan,0.261631,0.261562,0.261648,0.261488,0.261825,0.261562,0.261825,0.261648,0.261488,1,0,0.00248976,0,0.00066551,0.000193747,-0.000185574,0.00609142,-0.00461159,0.00298935,0.00151658,-4.21477e-05,0.00176597,-0.00179692,0.000630482,0.036787,0.0108537,9.85343,9.8535,0,3.03902
9.05,recover,-0.00990588,0.0539448,-0.00207384,0.00155119,0,0,0.000959415,0.000635916,0.00162632,99.5605,99.7005,99.5352,0.00238853,nan,0.261631,0.260824,0.262548,0.260373,0.26278,0.260824,0.26278,0.262548,0.260373,1,0,0.00248976,0,0.00181126,-0.000414955,-0.00181563,0.00621275,-0.00465827,0.00299538,0.00151024,-4.1536e-05,-0.00284906,-0.00163132,0.00396181,0.0413552,0.065545,9.87343,9.87374,0,3.03737
9.06,recover,-0.00989648,0.0539386,-0.00241635,0.0018011,0,0,0.00113594,0.000579462,0.00220789,99.5605,99.7005,99.5352,0.00268366,nan,0.261632,0.260906,0.262654,0.260628,0.262338,0.260906,0.262338,0.262654,0.260628,1,0,0.00284714,0,-9.96624e-05,-0.00112421,-0.00151986,0.00727109,-0.00542135,0.00302628,0.00148473,-3.91741e-05,0.017721,-0.010553,0.00134162,-0.0415589,0.0417316,9.87384,9.87401,0,3.02029
9.07,recover,-0.00988613,0.0539324,-0.0028157,0.00171183,0,0,0.00124768,0.000621465,0.00342463,99.5606,99.7006,99.535,0.00287233,nan,0.261632,0.261954,0.261731,0.261744,0.261099,0.261954,0.261099,0.261731,0.261744,1,0,0.00316442,0,-0.00112042,-0.00159576,0.000381051,0.00844504,-0.00513137,0.00305978,0.00148746,-3.30174e-05,0.00167873,0.00422984,0.00584161,0.0251671,0.103503,9.88103,9.8816,0,3.02223
9.08,recover,-0.00987462,0.053925,-0.00268901,0.0015983,0,0,0.00139619,0.0008335,0.00268424,99.5607,99.7007,99.535,0.00306591,nan,0.261632,0.262091,0.261054,0.262116,0.261268,0.262091,0.261268,0.261054,0.262116,1,0,0.00300997,0,0.000500825,0.000454089,0.000828204,0.0080605,-0.00480682,0.0030514,0.00149255,-3.37204e-05,-0.00129543,-0.0064538,0.00354384,-0.104163,-0.05609,9.81381,9.81453,0,3.02903
9.09,recover,-0.00986132,0.0539155,-0.00260674,0.00145573,0,0,0.00150851,0.00103333,0.00274453,99.5608,99.7008,99.5489,0.0133871,nan,0.261633,0.261209,0.261961,0.26115,0.26221,0.261209,0.26221,0.261961,0.26115,1,0,0.00300997,0,0.000817769,0.000360419,-0.000796093,0.00782616,-0.00438747,0.00304805,0.00149698,-3.36394e-05,0.00699081,-0.0120516,0.0122039,-0.0843822,-0.0295205,9.74987,9.75028,0,3.03705
9.1,recover,-0.00984702,0.0539044,-0.002559,0.00197147,0,0,0.00162115,0.00113684,0.00256745,99.5609,99.7009,99.549,0.0136621,nan,0.261633,0.260997,0.262128,0.261171,0.262236,0.260997,0.262236,0.262128,0.261171,1,0,0.00316442,0,-0.000173602,0.000533967,-0.000965473,0.00769147,-0.00591682,0.00304879,0.00145475,-3.81427e-05,0.0126974,-0.000163333,0.00209403,-0.108286,-0.127162,9.90821,9.90961,0,3.0073
9.11,recover,-0.00983227,0.0538922,-0.00242619,0.00183316,0,0,0.00165505,0.00126619,0.00270971,99.561,99.701,99.5374,0.00540822,nan,0.261633,0.262536,0.260729,0.262278,0.260991,0.262536,0.260991,0.260729,0.262278,1,0,0.00300997,0,0.00137976,7.60241e-06,0.00135971,0.00728697,-0.0055086,0.00304182,0.00146069,-3.92475e-05,0.00866155,-0.00460563,-0.00327421,-0.0611875,-0.0972627,9.83166,9.83233,0,3.01527
9.12,recover,-0.00981656,0.0538784,-0.00238014,0.00164376,0,0,0.0018049,0.00146586,0.00281379,99.561,99.701,99.5374,0.00566693,nan,0.261634,0.261945,0.261627,0.26154,0.261423,0.261945,0.261423,0.261627,0.26154,1,0,0.00267443,0,0.000532608,-0.00115103,0.00019123,0.00712628,-0.00493681,0.00304003,0.00147096,-3.96999e-05,-0.0063615,-0.0022029,-0.00643593,0.0126297,-0.00423689,9.75451,9.75452,0,3.02545
9.13,recover,-0.00979876,0.0538621,-0.00216979,0.00167998,0,0,0.0020171,0.00174312,0.00176573,99.5611,99.7011,99.5413,0.00856353,nan,0.261634,0.262745,0.260678,0.262374,0.260739,0.262745,0.260739,0.260678,0.262374,1,0,0.00267443,0,0.00114726,-0.000584761,0.00162733,0.00650942,-0.00504243,0.00302536,0.00146261,-4.2489e-05,0.00307156,-0.000172489,-0.00803714,-0.0462627,-0.0810397,9.8403,9.84074,0,3.0238
9.14,recover,-0.00977816,0.0538434,-0.00212737,0.00154313,0,0,0.00225815,0.00199374,0.00196301,99.5612,99.7012,99.5414,0.00892178,nan,0.261634,0.260521,0.262598,0.260443,0.262976,0.260521,0.262976,0.262598,0.260443,1,0,0.00229024,0,0.00121126,0.000569022,-0.00202654,0.00639553,-0.00464439,0.00302403,0.00146716,-4.24729e-05,0.0119674,-0.00854137,-0.000122882,0.0534559,-0.0498476,9.79584,9.79611,0,3.03065
9.15,recover,-0.00975613,0.0538222,-0.00164817,0.0017589,0,0,0.00241254,0.00216679,0.00285327,99.5613,99.7013,99.5521,0.01691,nan,0.261635,0.263145,0.259926,0.263172,0.260296,0.263145,0.260296,0.259926,0.263172,1,0,0.00218366,0,0.000911062,0.000752839,0.00267939,0.00496054,-0.00529302,0.00298991,0.00144418,-4.79572e-05,0.0136719,-0.00944585,0.0035807,0.0789184,0.0372182,9.83929,9.83967,0,3.02054
9.16,recover,-0.00973272,0.0538001,-0.00160667,0.00165543,0,0,0.00250542,0.00217802,0.00218929,99.5614,99.7014,99.5522,0.0170868,nan,0.261635,0.261144,0.262203,0.261215,0.261979,0.261144,0.261979,0.262203,0.261215,1,0,0.00218366,0,-0.000784459,-0.000291298,-0.000801522,0.00481935,-0.00497265,0.00299022,0.00144538,-4.7949e-05,0.00255091,-0.002787,-0.00280243,0.0467096,0.0241028,9.79601,9.79615,0,3.02528
9.17,recover,-0.00970887,0.0537784,-0.00176942,0.00165063,0,0,0.00251803,0.00210565,0.00264359,99.5615,99.7015,99.5862,0.0418584,nan,0.261635,0.261178,0.262161,0.261318,0.261885,0.261178,0.261885,0.262161,0.261318,1,0,0.00239208,0,-0.00110281,-0.000258633,-0.000681543,0.00531446,-0.0049549,0.00300596,0.00144029,-4.50192e-05,0.00712717,-0.000562412,0.00356894,0.0910124,0.0656304,9.83342,9.83406,0,3.02289
9.18,recover,-0.00968546,0.0537571,-0.00166,0.00170939,0,0,0.00244518,0.00212657,0.00252254,99.5615,99.7015,99.5866,0.0422022,nan,0.261636,0.262075,0.261334,0.262222,0.260912,0.262075,0.260912,0.261334,0.262222,1,0,0.00218366,0,-0.00150517,-0.000521344,0.000901514,0.00500628,-0.00514275,0.00300125,0.00142982,-4.64369e-05,0.0205306,-0.00828782,-0.000121118,0.0663362,-0.0514837,9.89048,9.89084,0,3.01896
9.19,recover,-0.00966268,0.0537355,-0.00154809,0.00145632,0,0,0.00230897,0.00212809,0.00219691,99.5616,99.7016,99.5719,0.031601,nan,0.261636,0.26285,0.2606,0.262468,0.260627,0.26285,0.260627,0.2606,0.262468,1,0,0.0020716,0,0.00108494,-0.000671584,0.00179805,0.00463876,-0.00436414,0.00299443,0.00144344,-4.77699e-05,-0.000666584,0.00466594,-0.00711724,-0.103544,0.0199729,9.89424,9.8948,0,3.03277
9.2,recover,-0.00964113,0.0537145,-0.00138966,0.00137036,0,0,0.0021775,0.00203849,0.00127432,99.5617,99.7017,99.5722,0.0317631,nan,0.261636,0.26059,0.26269,0.260542,0.262723,0.26059,0.262723,0.26269,0.260542,1,0,0.00182698,0,0.00021648,-2.76518e-05,-0.00188142,0.00417521,-0.00413106,0.00298478,0.00144335,-4.89023e-05,0.00713407,-0.01188,0.0115811,-0.124928,-0.0869454,9.79045,9.79163,0,3.03748
9.21,recover,-0.00962033,0.0536942,-0.00131739,0.00135513,0,0,0.00212788,0.00199345,0.00172521,99.5618,99.7018,99.5817,0.0387235,nan,0.261637,0.26014,0.262886,0.261032,0.262489,0.26014,0.262489,0.262886,0.261032,1,0,0.00182698,0,-0.00341764,0.000938824,-0.00184755,0.00397626,-0.00407429,0.00298473,0.00144178,-4.88082e-05,0.0190375,-0.00450069,0.00461462,-0.11819,-0.00516271,9.80714,9.80785,0,3.03757
9.22,recover,-0.00960119,0.0536745,-0.00143842,0.00128906,0,0,0.00189551,0.00187044,0.00241464,99.5619,99.7019,99.5821,0.039136,nan,0.261637,0.26281,0.260683,0.262506,0.260548,0.26281,0.260548,0.260683,0.262506,1,0,0.00154408,0,0.000445852,-0.000831722,0.00179561,0.00430444,-0.00389117,0.00299677,0.00144053,-4.75388e-05,-0.00420437,-0.014549,-0.00260908,-0.0280082,-0.0588101,9.88625,9.88647,0,3.03911
9.23,recover,-0.00958425,0.0536565,-0.00134315,0.00125721,0,0,0.00163856,0.00168275,0.00103663,99.562,99.702,99.5898,0.0447521,nan,0.261637,0.260192,0.262743,0.260552,0.263062,0.260192,0.263062,0.262743,0.260552,1,0,0.00154408,0,-0.000109617,0.00128663,-0.00222484,0.00403602,-0.00378373,0.00299343,0.00143723,-4.78443e-05,0.00738331,-0.00663117,-0.00175282,-0.0672742,-0.00659839,9.95883,9.95906,0,3.04048
9.24,recover,-0.00957037,0.0536407,-0.00146565,0.00145988,0,0,0.00129734,0.00146172,0.0019566,99.562,99.702,99.5902,0.045032,nan,0.261637,0.262525,0.260528,0.262833,0.260663,0.262525,0.260663,0.260528,0.262833,1,0,0.00182698,0,-0.000457218,0.000839098,0.00183124,0.00439574,-0.00440017,0.00300556,0.00141792,-4.60273e-05,0.0021932,-0.0122674,0.00126715,0.0268974,-0.126916,9.84004,9.8409,0,3.02701
9.25,recover,-0.00956003,0.0536267,-0.00136475,0.00169589,0,0,0.000930668,0.00128798,0.00170843,99.5621,99.7021,99.5848,0.0409158,nan,0.261638,0.26158,0.261579,0.261621,0.261771,0.26158,0.261771,0.261579,0.261621,1,0,0.00218366,0,0.000398743,0.000439956,-6.57507e-05,0.00408827,-0.0050938,0.00300025,0.00139477,-4.77524e-05,-0.000979362,-0.00269725,0.000559097,-6.09095e-06,0.00964199,9.7707,9.77071,0,3.01351
9.26,recover,-0.00955387,0.0536141,-0.00151193,0.00153854,0,0,0.000504292,0.00121143,0.00252682,99.5622,99.7022,99.5853,0.0412428,nan,0.261638,0.261227,0.262099,0.261267,0.261959,0.261227,0.261959,0.262099,0.261267,1,0,0.00229024,0,-0.000477059,-0.000188014,-0.000687022,0.00452822,-0.00463888,0.0030131,0.00140248,-4.54989e-05,-0.00202942,-0.0140854,-0.00552797,-0.0080441,0.00741663,9.8145,9.81451,0,3.02055
9.27,recover,-0.00955211,0.0536019,-0.00147337,0.00211383,0,0,0.000139537,0.00115945,0.00234395,99.5623,99.7023,99.5845,0.0405359,nan,0.261638,0.261789,0.261793,0.26176,0.261211,0.261789,0.261211,0.261793,0.26176,1,0,0.00239208,0,-0.00146878,-0.00115891,0.000239776,0.00442765,-0.00635486,0.00301175,0.00135336,-4.86106e-05,0.00806107,-0.00755314,-0.00487564,0.0745519,-0.0193085,9.77476,9.77506,0,2.98747
9.28,recover,-0.00955336,0.0535899,-0.00171649,0.00196338,0,0,-0.000205567,0.00121918,0.0018882,99.5624,99.7024,99.585,0.0407882,nan,0.261639,0.261316,0.261566,0.261955,0.261718,0.261316,0.261718,0.261566,0.261955,1,0,0.00267443,0,-0.00129031,0.0014988,-5.69459e-06,0.00515394,-0.00589306,0.00303225,0.0013594,-4.28798e-05,0.00599796,-0.000603379,0.00747776,-0.0259664,-0.00493953,9.75911,9.75915,0,2.99351
9.29,recover,-0.00955814,0.0535775,-0.00185612,0.00218651,0,0,-0.000491938,0.00122106,0.00219155,99.5625,99.7025,99.5823,0.0389172,nan,0.261639,0.26045,0.26291,0.260565,0.262631,0.26045,0.262631,0.26291,0.260565,1,0,0.00276214,0,-0.00104293,-0.000308853,-0.00198963,0.00559141,-0.00656068,0.00304542,0.00133664,-4.25939e-05,0.0184031,0.000553061,0.00711424,-0.031193,0.0263431,9.84412,9.8442,0,2.97915
9.3,recover,-0.00956549,0.0535645,-0.00211537,0.00233931,0,0,-0.000716686,0.00136865,0.0022691,99.5625,99.7025,99.5827,0.0393941,nan,0.261639,0.261152,0.2622,0.26136,0.261845,0.261152,0.261845,0.2622,0.26136,1,0,0.00292969,0,-0.00149504,-0.00027757,-0.000673899,0.00634346,-0.00703762,0.00306498,0.00131991,-4.01476e-05,0.00131063,-0.011804,-0.00157369,-0.0371388,0.0403064,9.84142,9.84157,0,2.96793
9.31,recover,-0.0095745,0.0535496,-0.00214699,0.00210548,0,0,-0.00073738,0.0015797,0.00341074,99.5626,99.7026,99.5745,0.033545,nan,0.261639,0.261587,0.261653,0.261691,0.261626,0.261587,0.261626,0.261653,0.261691,1,0,0.00284714,0,-0.000347137,0.000144684,-7.65255e-07,0.00646018,-0.00631254,0.00306637,0.00133195,-3.83045e-05,0.0158953,0.00395555,-0.0106372,-0.0975656,-0.0579867,9.76066,9.76132,0,2.98023
9.32,recover,-0.00958327,0.0535327,-0.00227904,0.0023789,0,0,-0.000681552,0.00175318,0.00354152,99.5627,99.7027,99.5748,0.0338768,nan,0.26164,0.26132,0.261715,0.261343,0.26218,0.26132,0.26218,0.261715,0.261343,1,0,0.00331169,0,0.00117364,0.000924802,-0.000541203,0.00684709,-0.00713503,0.00307734,0.00130644,-3.84e-05,0.00973053,0.00243602,-0.00192182,-0.0101122,-0.000320077,9.75926,9.75926,0,2.96289
9.33,recover,-0.00959156,0.0535141,-0.00217252,0.00245234,0,0,-0.000572631,0.00191878,0.00340747,99.5628,99.7028,99.5865,0.0424472,nan,0.26164,0.261371,0.261929,0.261438,0.261821,0.261371,0.261821,0.261929,0.261438,1,0,0.00323889,0,-0.00046621,-7.95619e-05,-0.000413256,0.00652115,-0.00736306,0.0030702,0.00129719,-4.14293e-05,0.00547919,-0.0027135,-0.00273781,0.0196368,-0.0920091,9.87577,9.87622,0,2.95847
9.34,recover,-0.00959827,0.0534937,-0.00241235,0.00264961,0,0,-0.000381712,0.00211468,0.0039434,99.5629,99.7029,99.587,0.042793,nan,0.26164,0.261853,0.261335,0.261795,0.261578,0.261853,0.261578,0.261335,0.261795,1,0,0.00331169,0,0.000799815,0.000352517,0.000322993,0.00723736,-0.00797559,0.00308873,0.00127589,-3.84454e-05,0.0032911,-0.0165738,0.00708801,-0.048287,-0.0695623,9.86501,9.86537,0,2.94449
9.35,recover,-0.00960303,0.0534713,-0.00229722,0.00242294,0,0,-0.000157843,0.00230131,0.00288994,99.563,99.703,99.5924,0.046954,nan,0.261641,0.262444,0.260802,0.262439,0.260877,0.262444,0.260877,0.260802,0.262439,1,0,0.00316442,0,0.000211627,0.000133674,0.00140808,0.00689753,-0.0072909,0.00308024,0.00128893,-3.93148e-05,0.00700575,-0.0134346,0.00220564,-0.0604019,-0.141365,9.89521,9.89641,0,2.95694
9.36,recover,-0.00960464,0.0534469,-0.00211394,0.00287455,0,0,0.000124307,0.00254665,0.00252843,99.563,99.703,99.5929,0.0472089,nan,0.261641,0.262266,0.261447,0.261592,0.261258,0.262266,0.261258,0.261447,0.261592,1,0,0.00352105,0,0.00128754,-0.00163447,0.000506602,0.00635076,-0.00863424,0.00306799,0.00124926,-4.63104e-05,0.00905457,-0.0058003,-0.00469743,-0.0867073,-0.0838672,9.92147,9.9222,0,2.93119
9.37,recover,-0.00960359,0.0534197,-0.0018347,0.00282695,0,0,0.000331369,0.00287261,0.0025192,99.5631,99.7031,99.6037,0.0549636,nan,0.261641,0.261235,0.261879,0.261205,0.262245,0.261235,0.262245,0.261879,0.261205,1,0,0.00316442,0,0.00104835,0.000636032,-0.000739717,0.00548979,-0.00848059,0.0030488,0.00124711,-5.35596e-05,-0.00648005,0.00142227,-0.00112188,0.0311491,-0.0130404,9.75475,9.75481,0,2.9344
9.38,recover,-0.00960128,0.0533891,-0.00176148,0.00271467,0,0,0.000428606,0.00321687,0.00294646,99.5632,99.7032,99.6043,0.0552252,nan,0.261641,0.262144,0.260996,0.261871,0.261555,0.262144,0.261555,0.260996,0.261871,1,0,0.00323889,0,0.0022082,0.000543579,0.000643327,0.00528425,-0.00815849,0.00304559,0.00124989,-5.50949e-05,0.00292155,-0.00840751,0.00586701,0.140362,-0.0309108,9.72323,9.72429,0,2.93958
9.39,recover,-0.00959798,0.0533551,-0.00178945,0.00280044,0,0,0.000566604,0.00352211,0.0029937,99.5633,99.7033,99.5901,0.0450176,nan,0.261642,0.261665,0.261724,0.261475,0.261703,0.261665,0.261703,0.261724,0.261475,1,0,0.00300997,0,0.000447623,-0.000400828,-0.000126248,0.00537382,-0.00840728,0.00305105,0.00123784,-5.40772e-05,0.00669728,-0.00272743,0.000301971,0.000662507,0.0106474,9.89307,9.89307,0,2.93254
9.4,recover,-0.00959327,0.0533183,-0.00198917,0.00270527,0,0,0.000739869,0.00377827,0.00379337,99.5634,99.7034,99.5906,0.0453363,nan,0.261642,0.262261,0.26105,0.2625,0.260756,0.262261,0.260756,0.26105,0.2625,1,0,0.00316442,0,-0.00141347,-0.000105349,0.00129882,0.00596919,-0.00813404,0.00306834,0.00123837,-5.01047e-05,0.00419667,-0.010905,-0.00163369,-0.0170935,0.0383399,9.88527,9.88536,0,2.93435
9.41,recover,-0.00958711,0.0532791,-0.00193974,0.00280715,0,0,0.000888387,0.00398609,0.00322139,99.5634,99.7034,99.6129,0.0613946,nan,0.261642,0.26085,0.262747,0.260805,0.262165,0.26085,0.262165,0.262747,0.260805,1,0,0.00338291,0,-0.00142441,-0.001188,-0.00143142,0.00583442,-0.00844859,0.00306732,0.00122338,-5.13038e-05,0.0132114,-0.0168632,0.00108352,-0.025682,0.0478997,9.84971,9.84986,0,2.92665
9.42,recover,-0.00957936,0.0532381,-0.00192255,0.00280371,0,0,0.00101816,0.00415419,0.0030392,99.5635,99.7035,99.6135,0.0616701,nan,0.261642,0.26229,0.261181,0.262094,0.261004,0.26229,0.261004,0.261181,0.262094,1,0,0.00331169,0,5.02398e-05,-0.000705655,0.00096643,0.00576988,-0.00843239,0.00306773,0.00121569,-5.16057e-05,0.00458311,-0.0129352,-0.00874998,-0.10272,0.0495787,9.75721,9.75787,0,2.92459
9.43,recover,-0.00957028,0.0531955,-0.00237677,0.00282758,0,0,0.00111859,0.0043052,0.00315987,99.5636,99.7036,99.6225,0.0682502,nan,0.261642,0.261393,0.261867,0.261197,0.262113,0.261393,0.262113,0.261867,0.261197,1,0,0.00345267,0,0.00117337,9.50422e-05,-0.000610527,0.0071425,-0.0084986,0.00310608,0.00120585,-4.08854e-05,0.0112434,-0.00934944,-0.00171334,-0.13603,-0.0285266,9.84143,9.84241,0,2.91749
9.44,recover,-0.00956045,0.0531517,-0.00235437,0.00260537,0,0,0.00118966,0.00439854,0.00319814,99.5637,99.7037,99.6231,0.0685744,nan,0.261643,0.261384,0.261853,0.261167,0.262167,0.261384,0.262167,0.261853,0.261167,1,0,0.00338291,0,0.00140778,0.000184103,-0.000645334,0.00706961,-0.00784356,0.00310734,0.00121609,-4.00741e-05,0.00745826,-0.0170675,-0.00242619,-0.0585691,0.0154826,9.76351,9.7637,0,2.92773
9.45,recover,-0.00954991,0.053107,-0.0026187,0.00231209,0,0,0.00120784,0.00447985,0.00286275,99.5638,99.7038,99.6145,0.0621522,nan,0.261643,0.263035,0.260306,0.262715,0.260515,0.263035,0.260515,0.260306,0.262715,1,0,0.00331169,0,0.00140341,-0.000210509,0.00216691,0.00784631,-0.00694561,0.00312922,0.00123198,-3.26461e-05,-0.00338915,-0.00500693,0.00335012,-0.124449,-0.0931838,9.80705,9.80828,0,2.94002
9.46,recover,-0.00953882,0.0530617,-0.00273791,0.00250694,0,0,0.00122608,0.00456093,0.00176196,99.5639,99.7039,99.6151,0.0625411,nan,0.261643,0.26125,0.262305,0.260898,0.262119,0.26125,0.262119,0.262305,0.260898,1,0,0.00365396,0,0.000441732,-0.00101788,-0.00100073,0.00820962,-0.00752319,0.00313933,0.00121115,-3.37903e-05,0.000403186,-0.000373642,0.00138601,-0.0746812,-0.095461,9.84271,9.84345,0,2.9255
9.47,recover,-0.00952735,0.0530152,-0.00273429,0.00234349,0,0,0.00128292,0.00472209,0.00199275,99.5639,99.7039,99.6313,0.0738824,nan,0.261643,0.262368,0.260816,0.26191,0.261479,0.262368,0.261479,0.260816,0.26191,1,0,0.00345267,0,0.00297622,0.000387461,0.000871804,0.0081893,-0.00704938,0.00314064,0.00121627,-3.26234e-05,-0.00589694,-0.0113783,-0.00192752,-0.0283826,-0.111366,9.90402,9.90469,0,2.9321
9.48,recover,-0.00951513,0.0529669,-0.00268393,0.00231746,0,0,0.00134336,0.00489926,0.00161108,99.564,99.704,99.632,0.0742218,nan,0.261643,0.262974,0.260494,0.2627,0.260404,0.262974,0.260404,0.260494,0.2627,1,0,0.00331169,0,0.000488482,-0.000690801,0.00209918,0.00805268,-0.00698621,0.00313937,0.00121171,-3.43044e-05,0.0037185,-0.0213602,0.00949128,0.0529144,-0.0206662,9.77054,9.77071,0,2.93108
9.49,recover,-0.00950204,0.0529169,-0.0025085,0.00238453,0,0,0.00138434,0.00508797,0.000820807,99.5641,99.7041,99.6489,0.0862367,nan,0.261643,0.261898,0.261719,0.261184,0.261771,0.261898,0.261771,0.261719,0.261184,1,0,0.00338291,0,0.00203086,-0.00125461,-0.000179126,0.00752554,-0.0071803,0.00313158,0.0011984,-3.91638e-05,0.00316641,-0.0165887,-0.00200301,0.0233475,0.0165187,9.79316,9.7932,0,2.92548
9.5,recover,-0.00948875,0.052865,-0.00238354,0.0021667,0,0,0.00143626,0.00522751,0.00217409,99.5642,99.7042,99.6498,0.0865281,nan,0.261643,0.262759,0.260694,0.262274,0.260846,0.262759,0.260846,0.260694,0.262274,1,0,0.00300997,0,0.00169,-0.000631374,0.00153478,0.00714707,-0.00653303,0.00312612,0.00120497,-4.02962e-05,0.000776793,-0.0207385,-0.00374926,0.0293204,0.0338431,9.74352,9.74362,0,2.93567
9.51,recover,-0.00947511,0.0528123,-0.00250987,0.00223849,0,0,0.0015214,0.00524056,0.00214984,99.5643,99.7043,99.6553,0.0902024,nan,0.261643,0.260571,0.262552,0.260679,0.262772,0.260571,0.262772,0.262552,0.260679,1,0,0.00316442,0,0.000295324,0.000623656,-0.00179044,0.0075527,-0.00672581,0.00313932,0.00118967,-4.03572e-05,0.018527,-0.00573307,0.011798,-0.00771418,0.0388725,9.96832,9.9684,0,2.92765
9.52,recover,-0.00946047,0.0527604,-0.00240168,0.00276719,0,0,0.00165171,0.00507352,0.00190773,99.5643,99.7043,99.6562,0.0906033,nan,0.261643,0.261959,0.261224,0.262417,0.260974,0.261959,0.260974,0.261224,0.262417,1,0,0.00365396,0,-0.00187642,0.000393136,0.000957095,0.00721227,-0.0083254,0.00313284,0.00114183,-4.75808e-05,0.0079754,-0.0147483,-0.00241034,-0.0597195,0.0286435,9.81791,9.81814,0,2.89524
9.53,recover,-0.00944454,0.0527108,-0.0023918,0.0025768,0,0,0.00169355,0.00477402,0.0025135,99.5644,99.7044,99.6509,0.0863986,nan,0.261644,0.260423,0.263035,0.260316,0.2628,0.260423,0.2628,0.263035,0.260316,1,0,0.00345267,0,-0.00033683,-0.000647364,-0.00223969,0.00719211,-0.00772689,0.00313413,0.00114762,-4.62861e-05,0.014277,0.00348905,0.000912106,-0.0460772,0.037743,9.86422,9.8644,0,2.9032
9.54,recover,-0.00942942,0.0526642,-0.00235204,0.00245721,0,0,0.00160534,0.00445881,0.00296616,99.5645,99.7045,99.6519,0.0867512,nan,0.261644,0.261124,0.262068,0.2614,0.261982,0.261124,0.261982,0.262068,0.2614,1,0,0.00316442,0,-0.000962086,0.000359545,-0.000670456,0.00704814,-0.00737169,0.00313262,0.00115048,-4.66946e-05,-0.00217887,0.00111259,0.0011928,-0.0649113,0.0204676,9.79884,9.79908,0,2.90751
9.55,recover,-0.00941545,0.0526212,-0.0024655,0.00224427,0,0,0.00146349,0.00407296,0.00220295,99.5646,99.7046,99.6691,0.0991951,nan,0.261644,0.261109,0.261931,0.261389,0.262145,0.261109,0.262145,0.261931,0.261389,1,0,0.00323889,0,-0.000174896,0.000933606,-0.000693562,0.00740934,-0.00674987,0.00314494,0.00115904,-4.31067e-05,0.0117258,-0.0102039,-0.000836259,-0.0123272,-0.0242318,9.78472,9.78476,0,2.91632
9.56,recover,-0.00940223,0.0525823,-0.00240698,0.00208601,0,0,0.00135706,0.00367377,0.000765615,99.5647,99.7047,99.6701,0.0996392,nan,0.261644,0.260028,0.263068,0.260216,0.263263,0.260028,0.263263,0.263068,0.260216,1,0,0.00300997,0,1.70781e-05,0.00072676,-0.00267502,0.00722654,-0.00627695,0.00314357,0.00116512,-4.31148e-05,0.00686364,-0.0114742,0.00901086,-0.116714,-0.103463,9.85475,9.85599,0,2.9234
9.57,recover,-0.00938919,0.0525471,-0.00263929,0.00201968,0,0,0.00141096,0.00336688,0.0021839,99.5648,99.7048,99.6675,0.0975438,nan,0.261644,0.262633,0.26046,0.262475,0.261006,0.262633,0.261006,0.26046,0.262475,1,0,0.00316442,0,0.0018663,0.000734207,0.00160066,0.00792781,-0.00607364,0.00316385,0.00116422,-3.92113e-05,0.00979322,-0.00856248,-0.000530668,-0.105354,-0.120287,9.8346,9.8359,0,2.92356
9.58,recover,-0.0093757,0.0525142,-0.00250946,0.00201454,0,0,0.00153627,0.00317136,0.0020522,99.5648,99.7048,99.6684,0.0978208,nan,0.261644,0.262106,0.260834,0.262546,0.261088,0.262106,0.261088,0.260834,0.262546,1,0,0.00300997,0,-0.000496455,0.00131562,0.0011998,0.00754725,-0.00606856,0.0031565,0.00115767,-4.20746e-05,0.0157622,-0.0154518,-0.00535745,0.00370043,-0.0152783,9.90059,9.90061,0,2.92273
9.59,recover,-0.00936061,0.0524832,-0.00239316,0.00221237,0,0,0.00171118,0.00301352,0.00178438,99.5649,99.7049,99.6583,0.090115,nan,0.261644,0.262719,0.260029,0.262808,0.261017,0.262719,0.261017,0.260029,0.262808,1,0,0.00323889,0,0.00238321,0.00203984,0.00196977,0.0071883,-0.00664284,0.00314944,0.00113848,-4.56535e-05,0.00903055,-0.00267678,0.00267858,-0.0839191,-0.0601846,9.90903,9.90956,0,2.91036
9.6,recover,-0.00934275,0.0524535,-0.00237265,0.00202081,0,0,0.00200879,0.00287181,0.00110317,99.565,99.705,99.6592,0.090529,nan,0.261644,0.259651,0.263551,0.260175,0.263198,0.259651,0.263198,0.263551,0.260175,1,0,0.00300997,0,-0.00232746,0.000324377,-0.00304259,0.00712594,-0.0060862,0.00315104,0.00114436,-4.4644e-05,0.00850649,-0.0146798,-0.00683925,0.0420158,-0.0856073,9.78886,9.78932,0,2.91957
9.61,recover,-0.00932278,0.0524254,-0.0022422,0.002209,0,0,0.0022684,0.00268014,0.00349103,99.5651,99.7051,99.6452,0.0800434,nan,0.261644,0.263313,0.260112,0.26269,0.260459,0.263313,0.260459,0.260112,0.26269,1,0,0.00308816,0,0.00257168,-0.000523074,0.0023877,0.00673371,-0.00664046,0.00314413,0.00112438,-4.81115e-05,0.00788299,-0.0078503,0.001067,0.0205297,-0.0827691,9.7933,9.79367,0,2.90799
9.62,recover,-0.0093001,0.0523988,-0.00245269,0.00219632,0,0,0.00259605,0.00256228,0.00302898,99.5652,99.7052,99.6459,0.0803291,nan,0.261644,0.262125,0.261287,0.262004,0.261158,0.262125,0.261158,0.261287,0.262004,1,0,0.00300997,0,-2.06035e-05,-0.000473999,0.00074026,0.00734989,-0.00659643,0.00316412,0.0011201,-4.24654e-05,-0.00227171,-0.00385691,-0.00218553,-0.0256692,0.0345049,9.74133,9.74143,0,2.90563
9.63,recover,-0.00927435,0.0523733,-0.00251656,0.00217784,0,0,0.0028355,0.00247232,0.00296779,99.5652,99.7052,99.6408,0.0762917,nan,0.261644,0.262245,0.261108,0.261835,0.261386,0.262245,0.261386,0.261108,0.261835,1,0,0.00331169,0,0.00182465,-0.000251903,0.000697022,0.00755286,-0.00653964,0.00317222,0.00111631,-4.07244e-05,0.00531077,-0.00295208,-0.00235407,0.0332949,-0.017908,9.91246,9.91253,0,2.90463
9.64,recover,-0.00924681,0.0523486,-0.00231664,0.00218018,0,0,0.00295945,0.00241287,0.0033018,99.5653,99.7053,99.6415,0.0765613,nan,0.261644,0.262045,0.261697,0.261916,0.260916,0.262045,0.260916,0.261697,0.261916,1,0,0.00284714,0,-0.00173133,-0.00172612,0.000592695,0.00695462,-0.00655163,0.0031611,0.00111136,-4.38801e-05,0.00627855,-0.0062942,0.00681792,-0.0810327,-0.00189244,9.83711,9.83744,0,2.90419
9.65,recover,-0.00921853,0.0523244,-0.00252065,0.00253196,0,0,0.00295038,0.00239815,0.00292378,99.5654,99.7054,99.6185,0.0596163,nan,0.261644,0.2611,0.262309,0.261431,0.261735,0.2611,0.261735,0.262309,0.261431,1,0,0.00345267,0,-0.00239957,-0.000460297,-0.000665155,0.0075781,-0.00760238,0.00318155,0.00107902,-4.3028e-05,0.0139725,-0.00323475,-0.00614279,-0.0873237,0.0120067,9.86549,9.86588,0,2.88125
9.66,recover,-0.0091915,0.0522999,-0.00234114,0.00263028,0,0,0.00273994,0.00247713,0.00308977,99.5655,99.7055,99.6191,0.0597596,nan,0.261644,0.261844,0.261255,0.262264,0.261211,0.261844,0.261211,0.261255,0.262264,1,0,0.00345267,0,-0.00123261,0.000711469,0.000722162,0.00702501,-0.0078892,0.00317067,0.00106732,-4.78428e-05,0.00423516,0.002156,0.000768212,-0.0731138,-0.0847387,9.90071,9.90134,0,2.87522
9.67,recover,-0.00916646,0.0522743,-0.00238976,0.00257251,0,0,0.00252385,0.00260434,0.00254904,99.5656,99.7056,99.6268,0.0652642,nan,0.261644,0.262387,0.260701,0.262701,0.260786,0.262387,0.260786,0.260701,0.262701,1,0,0.00338291,0,-0.000609222,0.000754926,0.00158255,0.00717755,-0.00772619,0.00317725,0.00106534,-4.60701e-05,0.00866824,-0.0047306,0.0113008,-0.137341,-0.0790569,9.75357,9.75486,0,2.87655
9.68,recover,-0.00914314,0.0522476,-0.00246651,0.00284254,0,0,0.00233376,0.00267264,0.00218796,99.5657,99.7057,99.6274,0.0657724,nan,0.261644,0.261452,0.261734,0.261175,0.262214,0.261452,0.262214,0.261734,0.261175,1,0,0.00378221,0,0.0020079,0.000385649,-0.000580281,0.0074135,-0.00855241,0.00318778,0.00103883,-4.51417e-05,0.0125008,-0.0155094,0.00480653,-0.17345,-0.0501137,9.84764,9.84929,0,2.85899
9.69,recover,-0.00912155,0.0522206,-0.00258562,0.00299798,0,0,0.00222629,0.00272532,0.0028712,99.5657,99.7057,99.626,0.0644182,nan,0.261644,0.261437,0.26177,0.261298,0.26207,0.261437,0.26207,0.26177,0.261298,1,0,0.00371864,0,0.00116831,0.000304875,-0.00048581,0.00777113,-0.00898573,0.00319927,0.00102296,-4.2938e-05,0.012725,0.0064984,-0.00147936,-0.117018,-0.0688217,9.90602,9.90695,0,2.84769
9.7,recover,-0.00910089,0.0521924,-0.00254017,0.00309929,0,0,0.00217272,0.00290903,0.00241603,99.5658,99.7058,99.6266,0.0647399,nan,0.261644,0.263225,0.260419,0.262722,0.26021,0.263225,0.26021,0.260419,0.262722,1,0,0.00384473,0,0.000780574,-0.00134849,0.00233751,0.00762525,-0.00932813,0.00319952,0.0010104,-4.56374e-05,0.00636044,-0.019174,0.00250832,-0.01072,-0.0770856,10.0017,10.002,0,2.84045
9.71,recover,-0.00908033,0.0521616,-0.00226306,0.00310866,0,0,0.00210353,0.00323919,0.000980051,99.5659,99.7059,99.6485,0.0802672,nan,0.261644,0.261448,0.261975,0.261069,0.262083,0.261448,0.262083,0.261975,0.261069,1,0,0.00384473,0,0.00129195,-0.000513124,-0.000677719,0.00678208,-0.00933717,0.00318202,0.00100512,-5.30296e-05,-0.00151933,-0.00644147,-0.00633689,-0.00165774,-0.0396758,9.77308,9.77317,0,2.83982
9.72,recover,-0.00905984,0.052127,-0.00245806,0.00296976,0,0,0.00208561,0.00371279,0.000969099,99.566,99.706,99.6492,0.0805564,nan,0.261644,0.262176,0.261044,0.262049,0.261306,0.262176,0.261306,0.261044,0.262049,1,0,0.00358812,0,0.00103268,0.000257442,0.000824283,0.00737326,-0.00891573,0.00319924,0.00100871,-4.64567e-05,0.00259348,-0.00328495,-5.55768e-05,-0.0117016,-0.116119,9.83372,9.83442,0,2.84432
9.73,recover,-0.00903988,0.0520877,-0.00216284,0.00305871,0,0,0.00200145,0.00410127,0.00159505,99.5661,99.7061,99.6231,0.0612633,nan,0.261644,0.261968,0.261523,0.26159,0.261494,0.261968,0.261494,0.261523,0.26159,1,0,0.00371864,0,0.000926802,-0.000771933,0.00023715,0.00650254,-0.00917763,0.00318319,0.000994892,-5.35612e-05,0.01255,6.34742e-07,-0.0028585,0.0453276,0.000280597,9.7708,9.7709,0,2.83881
9.74,recover,-0.00902145,0.0520451,-0.00213762,0.00291372,0,0,0.00187049,0.00436747,0.00165105,99.5661,99.7061,99.6237,0.0615919,nan,0.261644,0.262199,0.261314,0.261934,0.261128,0.262199,0.261128,0.261314,0.261934,1,0,0.00345267,0,0.000212069,-0.00085493,0.000743232,0.0064188,-0.00875906,0.00318266,0.000998176,-5.35547e-05,0.00715091,-0.0109338,0.000843913,0.0550833,-0.0149592,9.79016,9.79033,0,2.84467
9.75,recover,-0.0090038,0.0520002,-0.00229304,0.00297206,0,0,0.00182379,0.00456751,0.00161672,99.5662,99.7062,99.6095,0.0511974,nan,0.261644,0.263435,0.259818,0.263905,0.259417,0.263435,0.259417,0.259818,0.263905,1,0,0.00345267,0,-0.00230958,0.000130348,0.00356251,0.00688908,-0.00892816,0.003197,0.000986125,-5.07428e-05,0.00985519,-0.00698742,-0.00287458,-0.0554298,0.0249303,9.83368,9.83387,0,2.83764
9.76,recover,-0.00898662,0.0519543,-0.00234138,0.00307455,0,0,0.00169737,0.00458066,0.00143039,99.5663,99.7063,99.61,0.0515269,nan,0.261644,0.260944,0.262448,0.261257,0.261926,0.260944,0.261926,0.262448,0.261257,1,0,0.00390625,0,-0.00221294,-0.000396606,-0.000955229,0.00702937,-0.00925955,0.00320422,0.000970105,-5.139e-05,0.00671072,-0.0229398,-0.00405877,-0.0508864,0.00386122,9.90589,9.90602,0,2.82876
9.77,recover,-0.00897125,0.0519081,-0.00237194,0.00279528,0,0,0.0015327,0.00464397,0.00229392,99.5664,99.7064,99.6147,0.0548017,nan,0.261644,0.260673,0.262968,0.260537,0.262397,0.260673,0.262397,0.262968,0.260537,1,0,0.00352105,0,-0.00115322,-0.00133686,-0.00182616,0.00711609,-0.00838145,0.00320859,0.000985069,-4.89175e-05,0.00341341,0.0039219,-0.00212747,-0.109767,-0.0788875,9.88831,9.88924,0,2.84173
9.78,recover,-0.00895771,0.0518607,-0.00273204,0.00276784,0,0,0.0014133,0.00481063,0.00142361,99.5665,99.7065,99.6153,0.0551089,nan,0.261644,0.261981,0.261256,0.262071,0.261267,0.261981,0.261267,0.261256,0.262071,1,0,0.00384473,0,-0.000210835,0.000190852,0.00067227,0.00820606,-0.00832641,0.00323845,0.000979816,-4.29419e-05,0.00986816,-0.0142889,0.00230741,-0.129997,0.0176442,9.7666,9.76748,0,2.83828
9.79,recover,-0.00894435,0.0518118,-0.00249057,0.00268996,0,0,0.00146173,0.00493002,0.00217965,99.5666,99.7066,99.6306,0.0662001,nan,0.261644,0.261903,0.261149,0.261998,0.261525,0.261903,0.261525,0.261149,0.261998,1,0,0.00365396,0,0.000746478,0.000893497,0.000539492,0.00746978,-0.00808532,0.00322298,0.000977961,-4.67185e-05,0.00195821,-0.00930737,-0.00155901,-0.119724,-0.0889717,9.9375,9.93862,0,2.84131
9.8,recover,-0.00893024,0.0517622,-0.00242816,0.00294214,0,0,0.00157512,0.00497967,0.00182538,99.5666,99.7066,99.6312,0.0665264,nan,0.261644,0.261541,0.261245,0.262227,0.261561,0.261541,0.261561,0.261245,0.262227,1,0,0.00358812,0,-0.000980498,0.0019008,0.00042299,0.00726479,-0.00884869,0.00321967,0.000952891,-4.91226e-05,-0.00987255,-0.0138783,-0.00507524,-0.23073,-0.20184,9.82513,9.82991,0,2.82442
9.81,recover,-0.00891492,0.0517121,-0.00243424,0.00261712,0,0,0.00164381,0.00501687,0.00118285,99.5667,99.7067,99.6527,0.0820287,nan,0.261644,0.261781,0.261221,0.262415,0.261157,0.261781,0.261157,0.261221,0.262415,1,0,0.00345267,0,-0.00185316,0.0010804,0.000799216,0.00730688,-0.00789372,0.00322157,0.000968774,-4.70585e-05,0.00598613,-0.0272728,0.00533062,-0.0593559,-0.114657,9.92507,9.92591,0,2.83993
9.82,recover,-0.00889902,0.0516617,-0.00264597,0.00259955,0,0,0.00167451,0.00504011,0.00121298,99.5668,99.7068,99.6535,0.0823492,nan,0.261644,0.26244,0.260587,0.262161,0.261386,0.26244,0.261386,0.260587,0.262161,1,0,0.00371864,0,0.00286133,0.00098706,0.00115507,0.00794917,-0.00782952,0.00323895,0.000961317,-4.33614e-05,0.010791,-0.019594,-0.00907762,-0.0900797,-0.172359,9.81353,9.81545,0,2.83666
9.83,recover,-0.00888217,0.0516111,-0.00267135,0.00251305,0,0,0.00186184,0.00503861,0.00194305,99.5669,99.7069,99.6608,0.0873203,nan,0.261643,0.261376,0.262106,0.261107,0.261985,0.261376,0.261985,0.262106,0.261107,1,0,0.00365396,0,0.000391467,-0.000740833,-0.000706694,0.00801948,-0.00755449,0.00324306,0.000961242,-4.24871e-05,0.00689279,-0.00925547,-0.00408698,-0.00653781,-0.154384,9.86144,9.86265,0,2.83845
9.84,recover,-0.00886305,0.0515608,-0.00294244,0.00298807,0,0,0.00216452,0.00496646,0.00114647,99.567,99.707,99.6617,0.0877637,nan,0.261643,0.262655,0.260931,0.261926,0.261061,0.262655,0.261061,0.260931,0.261926,1,0,0.00402647,0,0.00227721,-0.00113436,0.00113744,0.00883848,-0.00897626,0.00326528,0.00091854,-4.40979e-05,0.0107804,-0.00706013,-0.0156154,0.113711,-0.0553898,9.75038,9.7512,0,2.80682
9.85,recover,-0.00884038,0.0515113,-0.00296512,0.00279436,0,0,0.00256184,0.00489616,0.00156484,99.567,99.707,99.696,0.11225,nan,0.261643,0.262002,0.261384,0.26179,0.261397,0.262002,0.261397,0.261384,0.26179,1,0,0.00384473,0,0.00059529,-0.000378507,0.000444584,0.00890459,-0.00838331,0.00326795,0.000926078,-4.15558e-05,0.00943588,0.000786998,-2.03695e-05,0.00849694,-0.00331669,9.79184,9.79185,0,2.81477
9.86,recover,-0.00881425,0.0514624,-0.0032562,0.00267052,0,0,0.00285479,0.00483377,0.00178944,99.5671,99.7071,99.6971,0.112562,nan,0.261643,0.262442,0.261063,0.261837,0.26123,0.262442,0.26123,0.261063,0.261837,1,0,0.00408525,0,0.00204852,-0.000831103,0.000872821,0.00978752,-0.00802636,0.00329363,0.000928962,-3.45027e-05,0.0159154,-0.0089465,0.00307291,0.0659059,-0.0540446,9.92179,9.92216,0,2.81729
9.87,recover,-0.00878502,0.051414,-0.0031767,0.00287303,0,0,0.0032073,0.00480718,0.00208157,99.5672,99.7072,99.6788,0.0989119,nan,0.261643,0.260552,0.262515,0.26061,0.262894,0.260552,0.262894,0.262515,0.26061,1,0,0.00420035,0,0.000852069,0.000826278,-0.00186677,0.00952791,-0.00863113,0.00329241,0.000905256,-4.03856e-05,0.00184861,-0.00712701,-0.000163176,-0.0544424,0.0121117,9.82049,9.82065,0,2.80323
9.88,recover,-0.00875258,0.0513662,-0.0032135,0.00255438,0,0,0.00350288,0.00473897,0.00220132,99.5673,99.7073,99.6798,0.0991614,nan,0.261643,0.261673,0.261555,0.262316,0.261026,0.261673,0.261026,0.261555,0.262316,1,0,0.00396682,0,-0.00310901,0.000216286,0.000619057,0.00966044,-0.00765949,0.00329998,0.00092294,-3.42471e-05,0.0165943,0.00333969,0.00392908,0.0125008,0.00293791,9.837,9.83701,0,2.81828
9.89,recover,-0.00871754,0.0513186,-0.00333187,0.00271409,0,0,0.00371247,0.00470437,0.00233593,99.5674,99.7074,99.7069,0.118397,nan,0.261643,0.261505,0.261474,0.262619,0.260973,0.261505,0.260973,0.261474,0.262619,1,0,0.00425674,0,-0.0042826,0.00116116,0.000736632,0.0100004,-0.0081675,0.0033127,0.00090402,-3.52836e-05,0.00653709,-0.0158687,-0.011409,-0.0595427,0.0536323,9.90046,9.90079,0,2.80564
9.9,recover,-0.00868099,0.0512721,-0.00315272,0.00269914,0,0,0.00379002,0.00456336,0.00238704,99.5675,99.7075,99.7081,0.118673,nan,0.261643,0.261889,0.261397,0.262052,0.261232,0.261889,0.261232,0.261397,0.262052,1,0,0.00408525,0,-0.000868079,-3.67175e-06,0.000576479,0.00947324,-0.00811892,0.00330451,0.000899234,-3.89173e-05,0.0133374,-0.013453,0.0106814,-0.0420186,-0.0150367,9.76125,9.76135,0,2.80454
9.91,recover,-0.008644,0.0512271,-0.00290766,0.00300454,0,0,0.0038449,0.00442108,0.00190923,99.5675,99.7075,99.69,0.104999,nan,0.261642,0.261946,0.261524,0.261699,0.261401,0.261946,0.261401,0.261524,0.261699,1,0,0.00408525,0,0.000330184,-0.000703309,0.000316595,0.00873488,-0.0090261,0.00328994,0.000872302,-4.72058e-05,0.0112337,-0.00745551,0.00528742,-0.0416522,-0.0920692,9.7739,9.77443,0,2.78564
9.92,recover,-0.00860632,0.0511827,-0.00292304,0.0029852,0,0,0.00386811,0.00444155,0.00142735,99.5676,99.7076,99.691,0.105207,nan,0.261642,0.26077,0.262599,0.260505,0.262695,0.26077,0.262695,0.262599,0.260505,1,0,0.00396682,0,0.000955877,-0.000320045,-0.00176605,0.00876437,-0.0089631,0.00329479,0.000867928,-4.63276e-05,0.000133694,-0.00413494,0.00188417,-0.121505,-0.104101,9.7382,9.73951,0,2.78388
9.93,recover,-0.00856856,0.0511378,-0.00264502,0.00291135,0,0,0.00386846,0.0044967,0.00146536,99.5677,99.7077,99.7044,0.114206,nan,0.261642,0.26044,0.262611,0.260986,0.262532,0.26044,0.262532,0.262611,0.260986,1,0,0.00390625,0,-0.00165779,0.00088446,-0.00163416,0.00794923,-0.00874658,0.00327859,0.000866714,-5.1854e-05,0.0127291,-0.00748754,0.0013737,-0.0974883,-0.0933919,9.78414,9.78507,0,2.78684
9.94,recover,-0.00853103,0.0510927,-0.00274982,0.00290508,0,0,0.00382012,0.00450387,0.00247863,99.5678,99.7078,99.7056,0.114466,nan,0.261642,0.260445,0.262971,0.260108,0.263044,0.260445,0.263044,0.262971,0.260108,1,0,0.00384473,0,0.00108853,-0.000501273,-0.002401,0.00827028,-0.00873497,0.00329145,0.000860668,-4.83678e-05,0.0171984,-0.0122782,-0.0019166,-0.0674846,-0.115722,9.74869,9.74961,0,2.78378
9.95,recover,-0.00849459,0.0510471,-0.00260259,0.0027264,0,0,0.00378855,0.00455234,0.00291937,99.5679,99.7079,99.7155,0.121157,nan,0.261642,0.26052,0.262623,0.260542,0.262883,0.26052,0.262883,0.262623,0.260542,1,0,0.00371864,0,0.000631886,0.000534358,-0.00195343,0.0078125,-0.00819898,0.00328313,0.000868007,-5.0107e-05,0.00646097,-0.012293,-0.00457022,-0.02181,-0.065974,9.80665,9.8069,0,2.79196
9.96,recover,-0.00845833,0.051001,-0.00256156,0.00280866,0,0,0.00378288,0.00459509,0.00297623,99.5679,99.7079,99.7167,0.121495,nan,0.261642,0.261895,0.261195,0.262439,0.261037,0.261895,0.261037,0.261195,0.262439,1,0,0.00365396,0,-0.00186285,0.00073155,0.000923396,0.00768585,-0.00843769,0.00328514,0.000855239,-5.11225e-05,0.00407599,-0.00694652,0.000731846,-0.0280837,-0.0593391,9.7598,9.76002,0,2.78464
9.97,recover,-0.00842214,0.050955,-0.00249809,0.00283745,0,0,0.0037866,0.0045342,0.0033306,99.568,99.708,99.6962,0.106152,nan,0.261641,0.261414,0.261981,0.261219,0.261952,0.261414,0.261952,0.261981,0.261219,1,0,0.00365396,0,0.000440109,-0.000423907,-0.000571693,0.00748915,-0.00851912,0.00328233,0.000847457,-5.3069e-05,-8.8467e-05,-0.00363013,-0.0116112,-0.0149394,0.00683409,9.80524,9.80525,0,2.7805
9.98,recover,-0.00838546,0.05091,-0.00230132,0.00263749,0,0,0.00388933,0.00441323,0.00244846,99.5681,99.7081,99.6973,0.106439,nan,0.261641,0.261557,0.261834,0.261845,0.261329,0.261557,0.261329,0.261834,0.261845,1,0,0.00345267,0,-0.00210441,-0.000412226,0.000104672,0.00690594,-0.00793423,0.00327043,0.000856339,-5.57468e-05,0.00459577,-0.0136464,0.00118628,0.0436344,0.0624601,9.91644,9.91673,0,2.79022
9.99,recover,-0.00834718,0.050866,-0.00237819,0.00290757,0,0,0.00394093,0.00434808,0.00208079,99.5682,99.7082,99.7179,0.120789,nan,0.261641,0.260797,0.262687,0.261448,0.261632,0.260797,0.261632,0.262687,0.261448,1,0,0.00358812,0,-0.00452595,-0.000766695,-0.000911561,0.00714441,-0.00873369,0.00328108,0.000829624,-5.39788e-05,0.0098649,-0.00649202,-0.000511944,-0.0877472,0.0326234,9.87889,9.87934,0,2.7716
10,recover,-0.0083091,0.0508225,-0.00191139,0.00277934,0,0,0.00384508,0.00435147,0.00173086,99.5683,99.7083,99.7191,0.120991,nan,0.261641,0.260991,0.26212,0.261341,0.262111,0.260991,0.262111,0.26212,0.261341,1,0,0.00331169,0,-0.000950159,0.000645513,-0.000834554,0.00574697,-0.00833367,0.00325136,0.000833862,-6.24669e-05,0.0118109,0.00374361,-0.00686902,0.0230677,-0.0489272,9.87564,9.87579,0,2.77896
10.01,recover,-0.00827207,0.0507785,-0.0020339,0.00267342,0,0,0.00369357,0.00439716,0.00128996,99.5684,99.7084,99.7395,0.135199,nan,0.261641,0.260588,0.262867,0.260838,0.26227,0.260588,0.26227,0.262867,0.260838,1,0,0.00331169,0,-0.00224809,-0.000656921,-0.00163102,0.00611095,-0.0080443,0.00326427,0.000832936,-5.90529e-05,0.00942416,-0.0152022,0.00486848,-0.00947361,-0.0112788,9.7711,9.77111,0,2.78147
10.02,recover,-0.00823719,0.0507349,-0.00209997,0.00276519,0,0,0.00346214,0.00428639,0.00204372,99.5684,99.7084,99.7409,0.13558,nan,0.26164,0.261688,0.261538,0.26213,0.261205,0.261688,0.261205,0.261538,0.26213,1,0,0.00316442,0,-0.0020577,0.000207088,0.000472344,0.00631627,-0.00830702,0.00327343,0.00081976,-5.75546e-05,0.014206,-0.00680276,-0.00818029,-0.0704853,0.0173116,9.86042,9.86069,0,2.77312
10.03,recover,-0.00820471,0.050692,-0.00258602,0.0025296,0,0,0.00319853,0.00429171,0.00147613,99.5685,99.7085,99.7373,0.132184,nan,0.26164,0.262171,0.261056,0.261517,0.261817,0.262171,0.261817,0.261056,0.261517,1,0,0.00345267,0,0.00375243,0.000202935,0.00035802,0.0077659,-0.00760515,0.00331296,0.000830685,-4.74216e-05,0.00854168,-0.0100686,0.00533981,-0.140147,-0.0847522,9.86629,9.86765,0,2.78114
10.04,recover,-0.00817434,0.050649,-0.00240218,0.00263346,0,0,0.00298623,0.00428255,0.00102755,99.5686,99.7086,99.7387,0.132348,nan,0.26164,0.26186,0.261235,0.262312,0.261153,0.26186,0.261153,0.261235,0.262312,1,0,0.00331169,0,-0.00141818,0.000699736,0.00078395,0.00720994,-0.00792218,0.00330375,0.00081688,-5.17555e-05,0.00559045,-0.0137181,0.00036724,-0.113041,-0.0542454,9.85313,9.85393,0,2.77357
10.05,recover,-0.00814591,0.0506062,-0.00226332,0.00271435,0,0,0.00278048,0.00424804,0.00135551,99.5687,99.7087,99.7327,0.12736,nan,0.26164,0.261333,0.261987,0.261908,0.261332,0.261333,0.261332,0.261987,0.261908,1,0,0.00331169,0,-0.00326411,-0.000150399,-3.40239e-05,0.00678094,-0.00815935,0.00329646,0.000805087,-5.44211e-05,-0.00270234,-0.0100623,-0.000129464,-0.0581789,-0.157977,9.81424,9.81569,0,2.76711
10.06,recover,-0.00812035,0.0505636,-0.00226462,0.00311524,0,0,0.00246933,0.00425817,0.00199063,99.5688,99.7088,99.7339,0.127662,nan,0.26164,0.261307,0.262064,0.26102,0.262167,0.261307,0.262167,0.262064,0.26102,1,0,0.00371864,0,0.00103421,-0.000348707,-0.000836196,0.00678629,-0.00935885,0.0033002,0.000769472,-5.701e-05,-0.00173997,-0.00798883,0.00219742,-0.0461173,-0.181105,9.8262,9.82797,0,2.74166
10.07,recover,-0.00809849,0.0505206,-0.00220489,0.00345484,0,0,0.0020819,0.00433025,0.00237718,99.5689,99.7089,99.7573,0.144011,nan,0.261639,0.26181,0.261588,0.261471,0.261688,0.26181,0.261688,0.261588,0.261471,1,0,0.00390625,0,0.00116274,-0.00045346,2.39528e-06,0.00660497,-0.0103857,0.00330003,0.00073862,-6.14027e-05,-0.0031208,-0.0133648,-0.00740628,0.0398679,-0.088789,9.81942,9.81991,0,2.72005
10.08,recover,-0.00808048,0.0504764,-0.0021089,0.0033488,0,0,0.00175156,0.00449709,0.00229169,99.5689,99.7089,99.7586,0.144478,nan,0.261639,0.261238,0.262311,0.261481,0.261527,0.261238,0.261527,0.262311,0.261481,1,0,0.00384473,0,-0.00272469,-0.00102529,-0.000491769,0.00632785,-0.0100632,0.00329703,0.000738756,-6.30616e-05,0.00408576,-0.01042,-0.00221956,0.081876,-0.0466606,9.78864,9.7891,0,2.72401
10.09,recover,-0.00806566,0.0504301,-0.00228403,0.00313228,0,0,0.00147458,0.00471339,0.00306405,99.569,99.709,99.7737,0.154482,nan,0.261639,0.261674,0.261514,0.262046,0.261323,0.261674,0.261323,0.261514,0.262046,1,0,0.00384473,0,-0.00149438,0.000342768,0.00038777,0.00685141,-0.00940433,0.00331295,0.000746573,-5.59711e-05,0.00285202,-0.00426285,0.00675747,0.0351806,-0.0179005,9.83783,9.8379,0,2.73261
10.1,recover,-0.00805305,0.0503821,-0.00198871,0.00317402,0,0,0.00125428,0.00483249,0.00156582,99.5691,99.7091,99.7752,0.154817,nan,0.261639,0.262445,0.260834,0.262597,0.260679,0.262445,0.260679,0.260834,0.262597,1,0,0.00358812,0,-0.000813613,-7.05889e-06,0.00155121,0.00597542,-0.00952498,0.00329435,0.000736726,-6.24585e-05,0.00950286,-0.00121011,-0.000655563,-0.0318535,0.0766561,9.80469,9.80504,0,2.72912
10.11,recover,-0.00804181,0.0503331,-0.0023222,0.00306153,0,0,0.00114087,0.00499395,0.00105298,99.5692,99.7092,99.7763,0.154794,nan,0.261639,0.260525,0.262551,0.260839,0.26264,0.260525,0.26264,0.262551,0.260839,1,0,0.00378221,0,-0.000595045,0.000765132,-0.00168218,0.00699111,-0.00918614,0.00331926,0.000739261,-5.48491e-05,0.0196896,-0.000275848,-0.00506948,-0.0324048,0.0856517,9.83188,9.83231,0,2.73075
10.12,recover,-0.00803127,0.0502821,-0.00226378,0.00275754,0,0,0.0011169,0.00516625,0.00195497,99.5693,99.7093,99.7778,0.155162,nan,0.261638,0.259728,0.263718,0.258979,0.264128,0.259728,0.264128,0.263718,0.258979,1,0,0.00331169,0,0.00307377,-0.000643982,-0.0040168,0.0067962,-0.00828858,0.00331653,0.000754757,-5.45949e-05,0.00657119,-0.00986628,-0.00363602,-0.14278,-0.0208298,9.85721,9.85827,0,2.74544
10.13,recover,-0.00802139,0.0502298,-0.0023738,0.00291745,0,0,0.00112344,0.00525555,0.00260332,99.5694,99.7094,99.7663,0.146005,nan,0.261638,0.262637,0.260614,0.262435,0.260867,0.262637,0.260867,0.260614,0.262435,1,0,0.00358812,0,0.00120655,9.45259e-05,0.00157815,0.00712391,-0.00878528,0.00332665,0.000735557,-5.32042e-05,0.00503644,-0.021205,-0.00566433,-0.140004,-0.000109729,9.83024,9.83123,0,2.73267
10.14,recover,-0.00801066,0.0501768,-0.00208142,0.00285153,0,0,0.00126264,0.00532454,0.00214645,99.5694,99.7094,99.7678,0.146351,nan,0.261638,0.261149,0.261859,0.261083,0.262459,0.261149,0.262459,0.261859,0.261083,1,0,0.00352105,0,0.00176757,0.00101174,-0.000916819,0.0062423,-0.00858166,0.00330552,0.000733269,-5.83709e-05,0.0020142,-0.0173057,-0.000186284,-0.0128985,-0.0693214,9.81196,9.81221,0,2.73499
10.15,recover,-0.00799819,0.0501232,-0.00199466,0.00265434,0,0,0.00152951,0.00533379,0.00303463,99.5695,99.7095,99.7762,0.151753,nan,0.261638,0.260968,0.262267,0.2609,0.262414,0.260968,0.262414,0.262267,0.2609,1,0,0.00323889,0,0.000570498,0.000149457,-0.00123645,0.00599682,-0.00798374,0.00330166,0.000740773,-6.00758e-05,0.0118666,-0.0130711,0.00437076,-0.0497152,-0.102157,9.78426,9.78492,0,2.74361
10.16,recover,-0.00798259,0.0500696,-0.00216825,0.00287718,0,0,0.00193093,0.00533187,0.00254995,99.5696,99.7096,99.7778,0.152055,nan,0.261637,0.262412,0.260879,0.262241,0.261018,0.262412,0.261018,0.260879,0.262241,1,0,0.00345267,0,0.000824438,-5.95081e-05,0.00121111,0.00650016,-0.00865128,0.00331617,0.000718213,-5.65185e-05,0.000287178,-0.0124384,-0.00377077,-0.0346825,-0.0451316,9.88412,9.88429,0,2.72674
10.17,recover,-0.0079624,0.0500163,-0.00219049,0.00297828,0,0,0.00236902,0.00531038,0.00241223,99.5697,99.7097,99.7768,0.150368,nan,0.261637,0.261351,0.261851,0.26114,0.262206,0.261351,0.262206,0.261851,0.26114,1,0,0.00358812,0,0.00150469,0.000271596,-0.000688608,0.00656786,-0.00894507,0.00331881,0.000703956,-5.61009e-05,0.000921869,-0.00610095,-0.00214032,-0.00246706,-0.0707159,9.89451,9.89477,0,2.71768
10.18,recover,-0.00793832,0.0499628,-0.00227977,0.00302941,0,0,0.00268902,0.00533544,0.00333062,99.5698,99.7098,99.7784,0.15071,nan,0.261637,0.262483,0.260871,0.26193,0.261264,0.262483,0.261264,0.260871,0.26193,1,0,0.00371864,0,0.00250706,-0.000304431,0.00100114,0.00684966,-0.00909407,0.00332978,0.000693436,-5.2997e-05,0.0102948,-0.00317426,-0.0136372,-0.0975561,-0.114021,9.83933,9.84048,0,2.71105
10.19,recover,-0.00791144,0.0499094,-0.00227909,0.00316576,0,0,0.00293847,0.00530013,0.00192765,99.5699,99.7099,99.7801,0.151367,nan,0.261637,0.261435,0.262039,0.261441,0.261632,0.261435,0.261632,0.262039,0.261441,1,0,0.00390625,0,-0.00109821,-0.000759338,-0.000349305,0.00684672,-0.00951375,0.00333277,0.000676234,-5.31075e-05,0.00962814,-0.0103187,0.00789108,0.0707399,-0.0411528,9.74488,9.74522,0,2.70006
10.2,recover,-0.00788211,0.0498562,-0.00235825,0.00314844,0,0,0.00306516,0.00529004,0.00153134,99.5699,99.7099,99.7817,0.151555,nan,0.261636,0.261469,0.26203,0.261108,0.261939,0.261469,0.261939,0.26203,0.261108,1,0,0.00390625,0,0.000716057,-0.000853743,-0.000611768,0.00707704,-0.00944708,0.00334175,0.000672107,-5.06532e-05,0.00489095,-0.000492012,-0.00131046,0.0250555,0.0698671,9.82442,9.8247,0,2.6974
10.21,recover,-0.0078523,0.049803,-0.00267856,0.00338441,0,0,0.00308123,0.0053391,0.00184714,99.57,99.71,99.7622,0.1368,nan,0.261636,0.260695,0.26247,0.26085,0.26253,0.260695,0.26253,0.26247,0.26085,1,0,0.0041432,0,-0.000250822,0.000407518,-0.00151835,0.00803048,-0.0101573,0.0033686,0.000649461,-4.44568e-05,-6.38463e-05,-0.00203249,-0.00496802,0.086221,0.122072,9.80222,9.80336,0,2.67904
10.22,recover,-0.00782258,0.0497487,-0.00275864,0.00325094,0,0,0.00304964,0.00549342,0.00150625,99.5701,99.7101,99.7636,0.136921,nan,0.261636,0.261545,0.261562,0.261703,0.261733,0.261545,0.261733,0.261562,0.261703,1,0,0.0041432,0,3.2435e-05,0.000621435,-2.03788e-05,0.00828916,-0.00975397,0.00337796,0.000652556,-4.02174e-05,0.0122139,-0.000130299,0.00596438,0.0580011,0.0619996,9.85389,9.85425,0,2.68298
10.23,recover,-0.00779267,0.049693,-0.00272447,0.00310126,0,0,0.00310714,0.00565352,0.00208806,99.5702,99.7102,99.7538,0.129069,nan,0.261636,0.261079,0.262143,0.261094,0.262227,0.261079,0.262227,0.262143,0.261094,1,0,0.00396682,0,0.000183269,0.000186591,-0.000965497,0.00818646,-0.00931896,0.00337894,0.000655589,-3.9526e-05,0.0121093,-0.00944917,-0.00399853,-0.0950355,0.0915383,9.78624,9.78713,0,2.68833
10.24,recover,-0.00776215,0.0496355,-0.00284137,0.00308769,0,0,0.00322877,0.00580725,0.00231545,99.5703,99.7103,99.755,0.129309,nan,0.261635,0.260573,0.262863,0.260328,0.262778,0.260573,0.262778,0.262863,0.260328,1,0,0.00408525,0,0.000427381,-0.000624334,-0.00208358,0.00854137,-0.00928543,0.00339149,0.000649581,-3.74022e-05,0.0148926,-0.0142848,0.00832167,-0.0917182,0.00101398,9.80937,9.8098,0,2.68509
10.25,recover,-0.00773057,0.0495766,-0.00275335,0.00302949,0,0,0.0033699,0.0059292,0.00281157,99.5704,99.7104,99.7463,0.122262,nan,0.261635,0.261783,0.261121,0.262223,0.261413,0.261783,0.261413,0.261121,0.262223,1,0,0.00402647,0,-0.000390907,0.001388,0.000646935,0.0082668,-0.00912003,0.00338717,0.000645903,-3.88339e-05,0.00786637,-0.020435,0.0121766,-0.0542363,-0.0389801,9.81754,9.81777,0,2.68529
10.26,recover,-0.00769717,0.0495173,-0.0028002,0.00305894,0,0,0.00354939,0.00586648,0.002121,99.5704,99.7104,99.7475,0.122574,nan,0.261635,0.261071,0.262615,0.260494,0.262359,0.261071,0.262359,0.262615,0.260494,1,0,0.00396682,0,0.000849595,-0.00157895,-0.00149865,0.00840528,-0.00919297,0.00339399,0.000635811,-3.84631e-05,0.00650226,-0.0101555,0.00987513,-0.121699,-0.0135608,9.82992,9.83068,0,2.67981
10.27,recover,-0.007662,0.0494589,-0.00288242,0.0028509,0,0,0.0037445,0.00577485,0.00333108,99.5705,99.7105,99.7377,0.114735,nan,0.261634,0.2623,0.260648,0.262633,0.260957,0.2623,0.260957,0.260648,0.262633,1,0,0.00384473,0,-6.59885e-05,0.00121675,0.00146298,0.00865355,-0.00857907,0.00340298,0.000645004,-3.46863e-05,0.00764687,-0.0169065,-0.00873533,-0.126223,-0.0800376,9.75123,9.75237,0,2.68777
10.28,recover,-0.00762508,0.0494014,-0.00289213,0.002942,0,0,0.00391565,0.00569297,0.00249684,99.5706,99.7106,99.7389,0.114866,nan,0.261634,0.260764,0.262605,0.260328,0.26284,0.260764,0.26284,0.262605,0.260328,1,0,0.00396682,0,0.00177872,-0.000380997,-0.00191337,0.00866551,-0.00886418,0.00340699,0.000631505,-3.59658e-05,-0.00384945,-0.0248357,0.00501929,-0.0527786,-0.0852978,9.84606,9.84657,0,2.67904
10.29,recover,-0.00758675,0.0493445,-0.00254989,0.00259226,0,0,0.00407716,0.00562256,0.00409166,99.5707,99.7107,99.7496,0.121986,nan,0.261634,0.262324,0.260717,0.262463,0.261032,0.262324,0.261032,0.260717,0.262463,1,0,0.00345267,0,0.000466717,0.000860089,0.00133503,0.00765545,-0.00779682,0.00338741,0.000649744,-3.90012e-05,0.0072808,-0.0126832,-0.00905871,-0.0763283,-0.160058,9.81343,9.81503,0,2.69714
10.3,recover,-0.00754725,0.0492886,-0.00260648,0.00248674,0,0,0.00423079,0.00547573,0.00375828,99.5708,99.7108,99.7508,0.122428,nan,0.261633,0.260911,0.262201,0.261252,0.262169,0.260911,0.262169,0.262201,0.261252,1,0,0.00352105,0,-0.000989024,0.000585488,-0.000970189,0.00782705,-0.00747435,0.00339489,0.000650618,-3.73587e-05,0.00852116,-0.00872168,-0.0124077,-0.00903224,-0.00415595,9.86447,9.86447,0,2.69948
10.31,recover,-0.00750622,0.0492343,-0.00261342,0.00286145,0,0,0.00429987,0.00533623,0.00370925,99.5709,99.7109,99.7415,0.114885,nan,0.261633,0.262186,0.26099,0.26189,0.261465,0.262186,0.261465,0.26099,0.26189,1,0,0.00371864,0,0.00204574,0.000339952,0.000712451,0.0078613,-0.00859883,0.00340019,0.000618043,-4.13198e-05,0.0174704,-0.00900774,-0.0126012,-0.062882,0.00535181,9.79518,9.79539,0,2.67472
10.32,recover,-0.00746523,0.049181,-0.00267602,0.00316388,0,0,0.00427449,0.00522104,0.00377719,99.5709,99.7109,99.7428,0.115097,nan,0.261633,0.26217,0.26105,0.262201,0.261109,0.26217,0.261109,0.26105,0.262201,1,0,0.0041432,0,7.3169e-05,0.000169671,0.000972581,0.00802226,-0.00950964,0.00340875,0.000588942,-4.14941e-05,-0.000434653,-0.011405,-0.00212539,0.0218339,-0.0495128,9.81834,9.81849,0,2.6539
10.33,recover,-0.0074241,0.0491293,-0.00269926,0.00375011,0,0,0.00427648,0.00507982,0.00324617,99.571,99.711,99.7296,0.105092,nan,0.261632,0.261701,0.261862,0.261347,0.261619,0.261701,0.261619,0.261862,0.261347,1,0,0.00458049,0,0.000292393,-0.00113173,-0.000190488,0.00810267,-0.0112553,0.00341421,0.000542264,-4.7778e-05,0.00669345,-0.00275345,0.00380596,-0.0528669,0.0304541,9.906,9.90619,0,2.61714
10.34,recover,-0.00738285,0.0490785,-0.00229948,0.00381958,0,0,0.00424461,0.00502636,0.0029471,99.5711,99.7111,99.7306,0.105271,nan,0.261632,0.260885,0.262242,0.261218,0.262183,0.260885,0.262183,0.262242,0.261218,1,0,0.00442158,0,-0.00104063,0.000518527,-0.00102076,0.0069099,-0.0114676,0.0033907,0.000531369,-6.07924e-05,0.0110278,-0.0054068,0.00634031,-0.0041855,-0.0186372,9.87469,9.87471,0,2.61197
10.35,recover,-0.00734261,0.0490281,-0.00246466,0.00394878,0,0,0.00406626,0.00504148,0.00233848,99.5712,99.7112,99.7287,0.103438,nan,0.261632,0.262769,0.260748,0.262341,0.260668,0.262769,0.260668,0.260748,0.262341,1,0,0.00463224,0,0.000922497,-0.000963132,0.00162342,0.0073891,-0.0118729,0.00340685,0.000515327,-5.38868e-05,0.000223939,-0.0171906,-0.00737072,-0.0608595,0.101803,9.85869,9.8594,0,2.60065
10.36,recover,-0.00730349,0.0489767,-0.00241802,0.0040573,0,0,0.00394441,0.00526915,0.00184334,99.5713,99.7113,99.7298,0.10371,nan,0.261631,0.261132,0.262446,0.260909,0.262038,0.261132,0.262038,0.262446,0.260909,1,0,0.00458049,0,-0.000491484,-0.00119371,-0.00107352,0.00726506,-0.0121815,0.00340735,0.000501977,-5.48925e-05,0.0107558,-0.00590109,0.000996349,-0.156728,-0.0479024,9.7494,9.75078,0,2.59152
10.37,recover,-0.00726555,0.0489221,-0.00280478,0.00390554,0,0,0.00383273,0.00566223,0.00182421,99.5714,99.7114,99.7057,0.0859127,nan,0.261631,0.262948,0.260272,0.262826,0.260477,0.262948,0.260477,0.260272,0.262826,1,0,0.00463224,0,0.000865826,0.00015787,0.00220836,0.00842583,-0.0117266,0.00343728,0.000505434,-3.96324e-05,0.0111214,-0.0061344,0.00510637,-0.131262,-0.023101,9.73428,9.7352,0,2.59506
10.38,recover,-0.00722836,0.0488635,-0.00271489,0.00396461,0,0,0.0037071,0.00607155,0.00087196,99.5714,99.7114,99.7066,0.0862898,nan,0.261631,0.260662,0.262627,0.26049,0.262742,0.260662,0.262742,0.262627,0.26049,1,0,0.00473406,0,0.000759786,-0.000108108,-0.00185346,0.00813946,-0.0119123,0.00343413,0.000493618,-4.32838e-05,-2.76053e-05,-0.0118043,0.0032292,-0.12833,-0.126376,9.85238,9.85402,0,2.58854
10.39,recover,-0.00719253,0.0488005,-0.00283019,0.00365626,0,0,0.00365573,0.00651022,0.00250084,99.5715,99.7115,99.6997,0.0810411,nan,0.26163,0.261974,0.261155,0.261655,0.261737,0.261974,0.261737,0.261155,0.261655,1,0,0.00452814,0,0.00239008,0.000498719,0.000323783,0.00850954,-0.0109814,0.00344583,0.000508431,-3.67022e-05,0.0161063,-0.00794691,0.00582181,-0.0822366,-0.0721812,9.86838,9.86899,0,2.60187
