t,phase,roll,pitch,roll_est,pitch_est,roll_sp,pitch_sp,p,q,r,alt,alt_abs,alt_est,vz,height_sp,thr,m0,m1,m2,m3,mp0,mp1,mp2,mp3,mix_scale,sat,att_err,gust,torque_x,torque_y,torque_z,rate_sp_x,rate_sp_y,bg_x,bg_y,bg_z,gx,gy,gz,ax,ay,az,acc_n,tilt_angle,tilt_err
0,hold 2.0m,-2.77556e-17,4.16334e-16,4.113e-06,-5.83852e-06,0,0,-2.71051e-20,-9.88628e-13,1.35525e-20,1.85995,1.99995,1.86016,-0.00492358,2,0,0,0,0,0,0,0,0,0,1,0,0,0,0,0,0,0,0,0,0,0,0.00822596,-0.0116771,-0.00949552,-0.0544788,0.0802197,-0.0405117,0.105092,0,0.000409194
0.01,hold 2.0m,-6.8876e-17,1.03695e-13,5.88862e-05,-2.96025e-05,0,0,-1.0842e-19,-2.07612e-11,4.63496e-18,1.85941,1.99941,1.59372,-0.102635,2,0,0,0,0,0,0,0,0,0,1,0,0,0,0,0,0,0,0,0,0,0,-0.00267527,0.000804518,-0.00215802,0.067393,-0.0497016,0.0366686,0.0914147,0,0.00377626
0.02,hold 2.0m,-1.65508e-16,4.04482e-13,0.000113251,-4.60059e-05,0,0,4.74338e-19,-4.05337e-11,1.75641e-17,1.85789,1.99789,1.59221,-0.200249,2,0,0,0,0,0,0,0,0,0,1,0,0,0,0,0,0,0,0,-8.655e-13,-7.43544e-13,6.66001e-17,-0.0036432,-0.00331257,-0.00539735,0.0554628,-0.0433507,-0.0108199,0.0712213,0,0.00700377
0.03,hold 2.0m,-4.14282e-16,9.02944e-13,0.000170832,-0.000118106,0,0,1.66696e-18,-6.03063e-11,3.88348e-17,1.85539,1.99539,1.43609,-0.299502,2,0,0,0,0,0,0,0,0,0,1,0,0,0,0,0,0,0,0,-8.655e-13,-7.43544e-13,6.66001e-17,0.00702794,-0.0018151,-0.000583544,0.0433459,-0.054402,-0.0361796,0.0784054,0,0.0118994
0.04,hold 2.0m,-1.87094e-15,1.59872e-12,0.000233948,-0.00017063,0,0,3.49655e-18,-8.00788e-11,6.83861e-17,1.85191,1.99191,1.4326,-0.397354,2,0,0,0,0,0,0,0,0,0,1,0,0,0,0,0,0,0,0,9.00701e-13,5.81491e-12,-5.1539e-16,0.0130346,-0.0135697,-0.00508685,0.0171044,-0.0778983,-0.00538477,0.0799356,0,0.0165907
0.05,hold 2.0m,-3.98139e-15,2.49117e-12,0.000301603,-0.00019498,0,0,5.99022e-18,-9.98514e-11,1.06259e-16,1.84746,1.98746,1.49488,-0.493525,2,0,0,0,0,0,0,0,0,0,1,0,0,0,0,0,0,0,0,9.00701e-13,5.81491e-12,-5.1539e-16,0.0183254,-0.00234918,0.00102617,-0.0475854,-0.111895,0.062484,0.136708,0,0.0205772
0.06,hold 2.0m,-5.18214e-09,-2.8279e-09,0.000339599,-0.000210978,0,0,-2.87078e-06,2.99171e-06,0.000289381,1.84202,1.98202,1.48946,-0.591063,2,0,0.412523,0.412306,0.41277,0.412496,0.412523,0.412496,0.412306,0.41277,1,0,0,0,-0.000151747,0.000828872,0.0002157,-0.00101494,0.00061533,1.68986e-11,7.14001e-11,-8.54704e-15,0.00257488,-0.0117335,0.00579494,-0.0927655,-0.137166,0.151814,0.22465,0,0.0229069
0.07,hold 2.0m,-1.49812e-07,-7.91203e-08,0.000380009,-0.000250693,0,0,-3.92148e-05,1.10142e-05,0.000746435,1.83564,1.97564,1.64855,-0.6756,2,0,0.390237,0.391302,0.390567,0.391602,0.390237,0.391602,0.391302,0.390567,1,0,0,0,-7.87984e-05,0.00119386,-0.000922743,-0.00112932,0.000747854,1.68986e-11,7.14001e-11,-8.54704e-15,0.00714062,-0.00281249,0.011213,-0.0147617,-0.110013,1.0726,1.07833,0,0.0260886
0.08,hold 2.0m,-1.12879e-06,-1.53298e-07,0.000455265,-0.000280568,0,0,-0.00018646,-8.09391e-06,0.0014695,1.82841,1.96841,1.64139,-0.754139,2,0,0.400137,0.399565,0.400218,0.399721,0.400137,0.399721,0.399565,0.400218,1,0,0,0,0.000196606,0.000448401,0.000470044,-0.0013767,0.000843812,4.69594e-11,1.45192e-10,-2.27936e-14,-0.00727249,0.00140096,-0.00880076,-0.0697766,-0.161562,2.75977,2.76537,0,0.0306909
0.09,hold 2.0m,-4.20785e-06,4.36127e-07,0.00050255,-0.0003141,0,0,-0.000470189,-0.000130945,-9.14095e-05,1.82051,1.96051,1.71254,-0.809388,2,0,0.39133,0.392553,0.392068,0.392344,0.39133,0.392344,0.392553,0.392068,1,0,0,0,-0.00251153,0.00100293,-0.00065899,-0.00151122,0.00093966,4.69594e-11,1.45192e-10,-2.27936e-14,-0.00238003,-0.0017622,-0.00524336,-0.101514,-0.154843,4.71211,4.71575,0,0.0341733
0.1,hold 2.0m,-1.09789e-05,2.87262e-06,0.000554197,-0.000337109,0,0,-0.000933894,-0.000396984,-0.000160547,1.81211,1.95211,1.70423,-0.850887,2,0,0.397189,0.398373,0.397209,0.39851,0.397189,0.39851,0.398373,0.397209,1,0,0,0,0.000311654,0.000298978,-0.00109241,-0.00162443,0.001016,9.74105e-11,2.06716e-10,-4.0108e-14,0.0254455,0.00312214,0.00795997,-0.103491,-0.0991925,6.58412,6.58568,0,0.0377897
0.11,hold 2.0m,-2.28466e-05,8.6944e-06,-0.0139095,-0.000704378,0,0,-0.00145485,-0.000801591,-0.000552824,1.80342,1.94342,1.73228,-0.869272,2,0,0.393174,0.395865,0.391657,0.397859,0.393174,0.397859,0.395865,0.391657,1,0,0.0138968,0,0.00931255,0.000903308,-0.00390903,0.0417341,0.00210782,1.55855e-05,3.50162e-07,-1.84321e-09,0.00404274,-0.00354185,-0.00237744,-0.117624,-0.0214546,8.44086,8.44171,0,0.796693
0.12,hold 2.0m,-3.8026e-05,1.9599e-05,-0.00478614,-0.00381992,0,0,-0.0015498,-0.00147647,2.64312e-05,1.79463,1.93463,1.72356,-0.872926,2,0,0.397265,0.395849,0.398298,0.396163,0.397265,0.396163,0.395849,0.398298,1,0,0.0059802,0,-0.00190832,0.00255223,0.0015601,0.0143831,0.0114677,4.79342e-06,2.42276e-06,2.82642e-07,0.0165434,0.00523464,0.00620961,-0.0705315,0.0937553,10.2724,10.2731,0,0.349863
0.13,hold 2.0m,-5.34059e-05,3.93816e-05,-0.00382386,-0.00552627,0,0,-0.00151421,-0.00259962,-0.00043087,1.78589,1.92589,1.82115,-0.846151,2,0,0.376769,0.375468,0.376769,0.376605,0.376769,0.376605,0.375468,0.376769,1,0,0.00669498,0,0.00301545,0.00215167,0.000643993,0.0114813,0.0165711,3.43973e-06,7.4615e-06,2.31687e-07,0.00656243,-0.00511537,0.00291358,-0.0874066,-0.060182,11.6788,11.6793,0,0.385174
0.14,hold 2.0m,-6.75338e-05,7.23786e-05,-0.0037931,-0.00553763,0,0,-0.00130009,-0.004144,0.000161272,1.77737,1.91737,1.81281,-0.821128,2,0,0.374519,0.376421,0.375023,0.37754,0.374519,0.37754,0.376421,0.375023,1,0,0.00669498,0,0.00163014,0.00307361,-0.00194228,0.0113857,0.0166078,3.44009e-06,7.46208e-06,2.31689e-07,0.00438696,-0.00338924,-0.000729107,-0.011268,-0.106602,12.8979,12.8984,0,0.385852
0.15,hold 2.0m,-7.90106e-05,0.000122584,-0.00375002,-0.00551007,0,0,-0.000921345,-0.00602557,0.000783937,1.76916,1.90916,1.7415,-0.796155,2,0,0.387107,0.386577,0.387933,0.386929,0.387107,0.386929,0.386577,0.387933,1,0,0.00655098,0,-0.00125568,0.00223312,0.000674395,0.0112763,0.0165397,3.44009e-06,7.46208e-06,2.31689e-07,0.0176145,0.00632908,0.00276556,-0.0402889,0.0266341,13.9211,13.9212,0,0.385218
0.16,hold 2.0m,-8.5775e-05,0.000192379,-0.00370636,-0.00546393,0,0,-0.000405019,-0.00805132,0.000569051,1.76137,1.90137,1.73376,-0.750004,2,0,0.383909,0.384604,0.384169,0.385419,0.383909,0.385419,0.384604,0.384169,1,0,0.00662337,0,0.00147021,0.00203686,-0.000854806,0.0111363,0.0163891,3.44024e-06,7.46231e-06,2.31689e-07,0.0115824,-0.00182471,0.00136906,0.00904332,0.0721509,14.873,14.8732,0,0.384789
0.17,hold 2.0m,-8.70415e-05,0.000282778,-0.00365331,-0.00541582,0,0,0.000215664,-0.0101302,0.00132883,1.75409,1.89409,1.70716,-0.69917,2,0,0.383141,0.386551,0.383691,0.386623,0.383141,0.386623,0.386551,0.383691,1,0,0.00655098,0,-0.00126867,0.00117658,-0.00278754,0.0109784,0.0162789,3.44024e-06,7.46231e-06,2.31689e-07,0.0124271,0.0209604,0.00226551,0.0388206,0.0975204,15.7456,15.7459,0,0.385173
0.18,hold 2.0m,-8.19157e-05,0.00039399,-0.00359162,-0.00532663,0,0,0.000835597,-0.0121963,0.00135152,1.74741,1.88741,1.70047,-0.637342,2,0,0.38052,0.380884,0.38096,0.380441,0.38052,0.380441,0.380884,0.38096,1,0,0.00632885,0,-0.00234232,-5.60249e-06,6.75827e-05,0.0107858,0.015994,3.44074e-06,7.46305e-06,2.31691e-07,0.00736434,0.00938725,0.00188209,0.0727549,0.0307528,16.2353,16.2355,0,0.384539
0.19,hold 2.0m,-7.09588e-05,0.000525125,-0.00353834,-0.00522023,0,0,0.00137682,-0.0140838,0.00100001,1.74138,1.88138,1.64783,-0.582026,2,0,0.385934,0.385199,0.386147,0.385181,0.385934,0.385181,0.385199,0.386147,1,0,0.00632885,0,-0.000614983,0.000368764,0.0007476,0.0106331,0.0156798,3.44074e-06,7.46305e-06,2.31691e-07,0.0121264,0.0127571,-0.00754038,0.162273,0.0947984,16.7999,16.8009,0,0.38449
0.2,hold 2.0m,-5.50518e-05,0.000673901,-0.0034692,-0.00508705,0,0,0.00183718,-0.0157031,0.000743273,1.73606,1.87606,1.64237,-0.509709,2,0,0.380331,0.37995,0.380061,0.380073,0.380331,0.380073,0.37995,0.380061,1,0,0.00617633,0,0.00104348,-0.000281065,0.000162018,0.0104248,0.0152963,3.44044e-06,7.4626e-06,2.3169e-07,0.0115523,0.023419,-0.00449506,0.0505712,0.0365362,17.2556,17.2557,0,0.383692
0.21,hold 2.0m,-3.45196e-05,0.000837583,-0.00342173,-0.00496444,0,0,0.0023317,-0.017077,0.00122544,1.73148,1.87148,1.65794,-0.428012,2,0,0.369431,0.370304,0.369039,0.370238,0.369431,0.370238,0.370304,0.369039,1,0,0.00601994,0,0.000865039,-0.00087012,-0.000910493,0.0102754,0.0149066,3.44044e-06,7.4626e-06,2.3169e-07,0.00686834,0.00890812,-0.00366997,-0.0541029,-0.0116227,17.463,17.4631,0,0.384938
0.22,hold 2.0m,-8.74057e-06,0.0010134,-0.00337066,-0.00480059,0,0,0.00282382,-0.0180533,0.00100821,1.72765,1.86765,1.65405,-0.35124,2,0,0.363026,0.363952,0.362774,0.36418,0.363026,0.36418,0.363952,0.362774,1,0,0.00585938,0,0.00127478,-4.39603e-05,-0.0010247,0.0101263,0.0144219,3.44094e-06,7.46333e-06,2.3169e-07,0.00963601,0.0133964,0.00702431,-0.0702792,-0.0696963,17.4674,17.4677,0,0.384804
0.23,hold 2.0m,2.1391e-05,0.00119752,-0.00330486,-0.00464971,0,0,0.0032397,-0.0187524,0.00165576,1.7246,1.8646,1.62764,-0.282983,2,0,0.361235,0.363315,0.360934,0.363397,0.361235,0.363397,0.363315,0.360934,1,0,0.00569429,0,0.00101504,-0.000413726,-0.00199689,0.00991894,0.0139638,3.44094e-06,7.46333e-06,2.3169e-07,0.0030031,0.00971572,0.00924224,-0.0791092,-0.0845332,17.5633,17.5637,0,0.385441
0.24,hold 2.0m,5.64264e-05,0.00138769,-0.00321751,-0.00451273,0,0,0.0038103,-0.0192776,0.00174476,1.72231,1.86231,1.62519,-0.206713,2,0,0.356842,0.354643,0.356574,0.354761,0.356842,0.354761,0.354643,0.356574,1,0,0.00552427,0,0.00102329,-0.000283533,0.00176397,0.00967498,0.0135553,3.44049e-06,7.46271e-06,2.31691e-07,0.0150237,0.0113689,0.000120472,-0.0135381,-0.0693666,17.4079,17.408,0,0.386631
0.25,hold 2.0m,9.70477e-05,0.0015824,-0.00312816,-0.00435163,0,0,0.00433209,-0.0196625,0.00237181,1.72077,1.86077,1.63772,-0.125656,2,0,0.346429,0.345663,0.346137,0.345452,0.346429,0.345452,0.345663,0.346137,1,0,0.00534885,0,0.000214736,-0.000953864,0.000637632,0.00939848,0.0130844,3.44049e-06,7.46271e-06,2.31691e-07,0.00935761,0.019712,-0.00640341,0.097588,0.0131999,17.1594,17.1596,0,0.386977
0.26,hold 2.0m,0.000142875,0.00178,-0.00304752,-0.00421034,0,0,0.00484237,-0.0198722,0.00279241,1.71997,1.85997,1.63683,-0.0528049,2,0,0.340112,0.338704,0.340268,0.33853,0.340112,0.33853,0.338704,0.340268,1,0,0.00516748,0,-0.00087196,-3.42956e-05,0.00138259,0.00915733,0.0126553,3.43941e-06,7.46126e-06,2.31692e-07,0.00985927,0.0162316,-0.00631902,0.0623843,0.0791626,16.9801,16.9804,0,0.388875
0.27,hold 2.0m,0.000193323,0.00197932,-0.00295839,-0.00406467,0,0,0.0052664,-0.01994,0.00288813,1.71987,1.85987,1.66067,0.0281309,2,0,0.326962,0.327811,0.327201,0.327919,0.326962,0.327919,0.327811,0.327201,1,0,0.00488281,0,-0.000348572,0.000657498,-0.000688971,0.0088818,0.0122032,3.43941e-06,7.46126e-06,2.31692e-07,0.00447836,0.00613141,0.00476204,-0.0520061,-0.0210808,16.4996,16.4997,0,0.390564
0.28,hold 2.0m,0.000246939,0.00217892,-0.00284924,-0.00386616,0,0,0.00545324,-0.0199563,0.0019648,1.72044,1.86044,1.66128,0.0933315,2,0,0.321196,0.321642,0.320759,0.32181,0.321196,0.32181,0.321642,0.320759,1,0,0.00478416,0,0.00160316,-0.000507775,-0.000658156,0.00855128,0.0116126,3.43849e-06,7.46006e-06,2.31694e-07,0.00239936,0.00939262,-0.00411547,0.00660399,-0.173262,16.1632,16.1642,0,0.389159
0.29,hold 2.0m,0.000302462,0.0023776,-0.00273552,-0.00367183,0,0,0.00565002,-0.0197215,0.00243728,1.72164,1.86164,1.67722,0.161937,2,0,0.312096,0.312366,0.311651,0.311957,0.312096,0.311957,0.312366,0.311651,1,0,0.00458049,0,9.39556e-05,-0.00161937,-0.000253363,0.00821949,0.011063,3.43849e-06,7.46006e-06,2.31694e-07,0.00863907,0.0317159,-0.00489041,0.134443,-0.11296,15.5772,15.5782,0,0.387875
0.3,hold 2.0m,0.00035992,0.0025727,-0.00264729,-0.00352642,0,0,0.00583556,-0.0192997,0.00186065,1.7234,1.8634,1.67912,0.217776,2,0,0.306751,0.306378,0.30769,0.305189,0.306751,0.305189,0.306378,0.30769,1,0,0.00425674,0,-0.0056455,-0.000471771,0.00126305,0.00794758,0.0106135,3.43582e-06,7.45664e-06,2.31701e-07,0.0038279,0.0228395,-0.00055987,0.0308482,0.0117343,15.2316,15.2316,0,0.389641
0.31,hold 2.0m,0.000417761,0.00276356,-0.00255077,-0.00338219,0,0,0.00570707,-0.0188238,0.0017482,1.7257,1.8657,1.71346,0.287912,2,0,0.294459,0.292572,0.29392,0.293269,0.294459,0.293269,0.292572,0.29392,1,0,0.00425674,0,0.00327968,0.000300396,0.00111564,0.00768456,0.0101681,3.43582e-06,7.45664e-06,2.31701e-07,0.0215371,0.0143268,0.00488409,0.00221379,-0.115456,14.6926,14.6931,0,0.391071
0.32,hold 2.0m,0.00047453,0.00294928,-0.00243392,-0.00324855,0,0,0.00564907,-0.0182719,0.00215981,1.72847,1.86847,1.71657,0.333314,2,0,0.288331,0.289188,0.288122,0.289343,0.288331,0.289343,0.289188,0.288122,1,0,0.00390625,0,0.000967135,-0.000102295,-0.000913287,0.00733581,0.0097662,3.44122e-06,7.46344e-06,2.31687e-07,0.0227177,0.0136937,0.000609262,0.134194,-0.00420191,14.1015,14.1022,0,0.392287
0.33,hold 2.0m,0.000530744,0.00312937,-0.00233946,-0.00312785,0,0,0.00562175,-0.0177503,0.00128377,1.73166,1.87166,1.67021,0.341548,2,0,0.295629,0.297686,0.296064,0.297351,0.295629,0.297351,0.297686,0.296064,1,0,0.00390625,0,-0.00204284,0.000188926,-0.00146983,0.00702892,0.00940116,3.44122e-06,7.46344e-06,2.31687e-07,0.00704269,0.0117516,-0.00446821,-0.03661,-0.119121,13.7545,13.755,0,0.394451
0.34,hold 2.0m,0.000586308,0.0033049,-0.00223241,-0.00299189,0,0,0.00543943,-0.0173248,0.00173728,1.73524,1.87524,1.67382,0.379268,2,0,0.293718,0.291733,0.293376,0.291222,0.293718,0.291222,0.291733,0.293376,1,0,0.00352105,0,-0.000450665,-0.00161728,0.00181921,0.00671579,0.00900469,3.44639e-06,7.46979e-06,2.31673e-07,0.0123534,0.0193862,-0.0130701,0.110165,-0.0894042,13.3409,13.3417,0,0.395298
0.35,hold 2.0m,0.000639616,0.00347562,-0.00213781,-0.00283561,0,0,0.00521549,-0.0167581,0.0011615,1.73918,1.87918,1.63899,0.386601,2,0,0.298038,0.298963,0.297972,0.298588,0.298038,0.298588,0.298963,0.297972,1,0,0.00352105,0,-0.000818514,-0.000835931,-0.000677689,0.00641468,0.00851818,3.44639e-06,7.46979e-06,2.31673e-07,0.000847657,0.00757124,0.000856812,0.051565,-0.0884027,13.2022,13.2026,0,0.395095
0.36,hold 2.0m,0.000690579,0.00363999,-0.00201285,-0.00269779,0,0,0.00494623,-0.0160787,0.00265254,1.74346,1.88346,1.64302,0.419749,2,0,0.294775,0.294701,0.294443,0.294392,0.294775,0.294392,0.294701,0.294443,1,0,0.00338291,0,6.15491e-05,-0.00121575,5.50156e-05,0.00604144,0.00811807,3.44259e-06,7.46542e-06,2.31684e-07,0.0019431,0.016467,0.00260323,0.0870538,-0.0638889,12.9391,12.9396,0,0.394806
0.37,hold 2.0m,0.000738083,0.00379765,-0.00192453,-0.00256356,0,0,0.00454673,-0.0154253,0.00234765,1.74805,1.88805,1.67017,0.468219,2,0,0.285592,0.284592,0.285862,0.283943,0.285592,0.283943,0.284592,0.285862,1,0,0.00323889,0,-0.0024383,-0.000715866,0.00128313,0.00578052,0.00771576,3.44259e-06,7.46542e-06,2.31684e-07,0.00462871,0.0167277,-0.00252856,-0.106905,-0.00829693,12.703,12.7035,0,0.395134
0.38,hold 2.0m,0.000781279,0.0039487,-0.00184762,-0.00245179,0,0,0.00411551,-0.0147267,0.00273637,1.75293,1.89293,1.67499,0.496709,2,0,0.280866,0.281803,0.28103,0.28212,0.280866,0.28212,0.281803,0.28103,1,0,0.00292969,0,0.000406437,0.000908788,-0.000891098,0.00555581,0.00737168,3.43349e-06,7.45554e-06,2.31712e-07,0.00863628,0.0108829,-0.00152505,-0.119556,-0.10464,12.5752,12.5762,0,0.396474
0.39,hold 2.0m,0.000820908,0.00409314,-0.00177254,-0.00235161,0,0,0.00381802,-0.014159,0.00230353,1.75808,1.89808,1.72495,0.558805,2,0,0.266815,0.266149,0.266316,0.265888,0.266815,0.265888,0.266149,0.266316,1,0,0.00292969,0,0.00063135,-0.00144153,0.000480802,0.00533557,0.0070769,3.43349e-06,7.45554e-06,2.31712e-07,0.0119716,0.01473,-0.00498927,0.0030076,0.0226454,12.0767,12.0768,0,0.398058
0.4,hold 2.0m,0.000857464,0.00423216,-0.00167131,-0.00225016,0,0,0.00349634,-0.0135998,0.00228666,1.76345,1.90345,1.73065,0.580216,2,0,0.262434,0.264194,0.26257,0.263637,0.262434,0.263637,0.264194,0.26257,1,0,0.00258374,0,-0.0018383,-0.000798019,-0.00124251,0.00501542,0.00676811,3.4298e-06,7.45171e-06,2.31724e-07,0.00100884,0.0117709,-0.000543839,-0.0764232,-0.124281,11.7867,11.7876,0,0.398695
0.41,hold 2.0m,0.000890766,0.00436532,-0.000919956,-0.00205399,0,0,0.00315867,-0.0130068,0.00246129,1.76902,1.90902,1.7521,0.611507,2,0,0.257393,0.255216,0.257077,0.255269,0.257393,0.255269,0.255216,0.257077,1,0,0.00229024,0,0.000976199,-0.000499359,0.00175131,0.00276966,0.00618415,-3.39871e-05,2.71971e-06,3.47431e-07,0.00650286,0.0147772,0.00311568,0.109785,0.137539,11.386,11.3873,0,0.382163
0.42,hold 2.0m,0.000920378,0.00449286,5.07342e-05,-0.000943467,0,0,0.00274558,-0.0124993,0.0020492,1.77473,1.91473,1.75829,0.62537,2,0,0.253432,0.254266,0.253628,0.253677,0.253432,0.253677,0.254266,0.253628,1,0,0.000976562,0,-0.00208253,-0.000742256,-0.000388166,-0.000132593,0.00284776,-8.50822e-05,-5.86656e-05,4.83499e-07,0.0129873,0.0115133,-0.000507131,0.0515295,0.0300895,11.0761,11.0763,0,0.315432
0.43,hold 2.0m,0.000945476,0.00461567,0.000157934,-0.00117201,0,0,0.00223127,-0.0119991,0.00195324,1.78056,1.92056,1.7727,0.643373,2,0,0.249119,0.249443,0.249605,0.249143,0.249119,0.249143,0.249443,0.249605,1,0,0,0,-0.00208584,0.000352831,6.01152e-05,-0.000468774,0.00351939,-8.72509e-05,-3.80484e-05,4.56922e-07,0.00327307,0.00219216,0.00638952,-0.0298902,-0.0301191,10.6818,10.6819,0,0.334654
0.44,hold 2.0m,0.000964847,0.00473304,-0.000271463,-0.00125645,0,0,0.00162311,-0.0114511,0.00129764,1.78647,1.92647,1.77917,0.650523,2,0,0.248231,0.246334,0.248409,0.246644,0.248231,0.246644,0.246334,0.248409,1,0,0,0,0.000349215,0.000923933,0.00160928,0.000822949,0.0037756,-5.59782e-05,-2.63763e-05,3.5015e-07,0.00563964,0.00414692,-0.00901072,-0.0264014,-0.0542841,10.4028,10.403,0,0.350407
0.45,hold 2.0m,0.000978238,0.00484511,-0.00023165,-0.00124624,0,0,0.00102855,-0.0109427,0.00032263,1.79243,1.93243,1.76876,0.638392,2,0,0.249777,0.25112,0.250027,0.250866,0.249777,0.250866,0.25112,0.250027,1,0,0,0,-0.00133662,-8.64985e-06,-0.000959385,0.000698105,0.00374951,-5.61234e-05,-2.37655e-05,3.50902e-07,0.00204484,0.00717075,-0.00233722,0.0324977,-0.180331,10.1838,10.1854,0,0.355826
0.46,hold 2.0m,0.000985285,0.00495204,0.000120978,-0.00136985,0,0,0.000320207,-0.0104077,0.000713073,1.79843,1.93843,1.77516,0.640853,2,0,0.250075,0.247974,0.249808,0.248071,0.250075,0.248071,0.247974,0.249808,1,0,0.00119604,0,0.000967138,-0.000323505,0.00168718,-0.000355686,0.00410597,-7.58923e-05,-7.44273e-06,2.81016e-07,0.00475977,-0.00239269,0.00192853,0.0647735,-0.0127135,9.97141,9.97163,0,0.365574
0.47,hold 2.0m,0.000985098,0.00505346,-0.000283849,-0.00123497,0,0,-0.000354567,-0.00986083,0.00102314,1.80443,1.94443,1.80309,0.663081,2,0,0.242103,0.24127,0.242364,0.240764,0.242103,0.240764,0.24127,0.242364,1,0,0.00119604,0,-0.00203264,-0.000465612,0.00106921,0.000869866,0.00370578,-4.16495e-05,-1.49856e-05,7.18714e-08,0.01217,0.000572157,-0.000131158,-0.0910086,0.000385482,9.67144,9.67186,0,0.367564
0.48,hold 2.0m,0.000978578,0.00514935,0.000203942,-0.00139391,0,0,-0.000979569,-0.00924738,0.000914329,1.81042,1.95042,1.80972,0.661426,2,0,0.24059,0.240238,0.240593,0.240548,0.24059,0.240548,0.240238,0.240593,1,0,0.00138107,0,0.000816237,0.00059308,0.000174922,-0.000600539,0.00418366,-7.6922e-05,3.78753e-06,2.3213e-07,0.00744661,0.00128125,-0.000771919,-0.00839167,-0.129754,9.56949,9.57038,0,0.377503
0.49,hold 2.0m,0.000965768,0.00523887,0.000137397,-0.0015129,0,0,-0.00160526,-0.00863931,0.00156734,1.81638,1.95638,1.81902,0.660498,2,0,0.238839,0.238387,0.239047,0.238854,0.238839,0.238854,0.238387,0.239047,1,0,0.00138107,0,0.000686777,0.00127776,0.000283727,-0.000395381,0.00453924,-6.68733e-05,1.89564e-05,2.05142e-07,0.0111323,0.000383208,-0.00480376,0.0882435,-0.0684399,9.34027,9.34093,0,0.389733
0.5,hold 2.0m,0.000946879,0.00532284,-2.82097e-05,-0.00187711,0,0,-0.00216942,-0.00815339,0.00168729,1.82229,1.96229,1.8256,0.655097,2,0,0.237982,0.238057,0.238319,0.237633,0.237982,0.237633,0.238057,0.238319,1,0,0.00138107,0,-0.00202046,-0.000164225,0.000268755,7.6931e-05,0.00562848,-4.95084e-05,6.05374e-05,1.53549e-07,-0.00518234,-0.0018377,-0.000398376,0.104945,-0.0463454,9.13207,9.13279,0,0.416281
0.51,hold 2.0m,0.000922532,0.00540247,6.43721e-05,-0.00223121,0,0,-0.00268817,-0.00780126,0.00152853,1.82813,1.96813,1.81875,0.633123,2,0,0.241071,0.241473,0.241121,0.24145,0.241071,0.24145,0.241473,0.241121,1,0,0.00182698,0,-0.000193782,5.24933e-05,-0.000320921,-0.00020204,0.00669789,-5.61158e-05,9.91736e-05,2.39277e-07,-0.00600167,0.00294281,0.0015568,-0.0303039,0.00466645,8.94842,8.94847,0,0.440116
0.52,hold 2.0m,0.000893338,0.00547952,0.00016099,-0.00221807,0,0,-0.00313276,-0.00763284,0.00189262,1.83389,1.97389,1.82505,0.625083,2,0,0.240144,0.241479,0.239916,0.241693,0.240144,0.241693,0.241479,0.239916,1,0,0.00182698,0,0.0011725,-2.58728e-05,-0.00136761,-0.000476948,0.00666696,-6.59138e-05,0.000102476,2.97396e-07,0.00392814,0.00859457,-0.00883375,0.00979141,0.0888559,8.92281,8.92326,0,0.443012
0.53,hold 2.0m,0.000860225,0.0055555,0.000181615,-0.00206301,0,0,-0.00346391,-0.00755366,0.00179562,1.83956,1.97956,1.87222,0.662091,2,0,0.228087,0.228464,0.228834,0.228449,0.228087,0.228449,0.228464,0.228834,1,0,0.00169146,0,-0.00202383,0.00138822,3.49665e-06,-0.00054283,0.00621508,-6.56678e-05,9.13142e-05,2.76362e-07,0.00125836,0.017453,-0.0086012,0.00612221,-0.0316314,8.78847,8.78853,0,0.438218
0.54,hold 2.0m,0.000824177,0.0056311,-0.000367823,-0.00248194,0,0,-0.00373134,-0.00760468,0.00258017,1.84513,1.98513,1.87879,0.651192,2,0,0.228716,0.227395,0.229044,0.227545,0.228716,0.227545,0.227395,0.229044,1,0,0.00218366,0,-0.000471737,0.000907026,0.00123983,0.00110958,0.00745423,-1.21183e-06,0.000142599,-1.57503e-07,0.00401806,0.00575799,-0.0240128,0.0442785,0.0388757,8.60682,8.60702,0,0.469833
0.55,hold 2.0m,0.00078536,0.00570813,-0.000248685,-0.00281684,0,0,-0.00401195,-0.00782011,0.00169185,1.85057,1.99057,1.91287,0.670164,2,0,0.218995,0.220495,0.219184,0.221091,0.218995,0.221091,0.220495,0.219184,1,0,0.00258374,0,0.00108015,0.00148913,-0.00149776,0.000742267,0.00844237,-1.5841e-05,0.000188528,5.19232e-08,-0.00257291,-0.00524901,-0.0115843,0.0232804,-0.0813043,8.37598,8.37641,0,0.49202
0.56,hold 2.0m,0.00074422,0.0057882,-0.000290233,-0.00244536,0,0,-0.00419886,-0.00825229,0.00283609,1.85587,1.99587,1.9195,0.655344,2,0,0.219366,0.220672,0.219497,0.220464,0.219366,0.220464,0.220672,0.219497,1,0,0.00248976,0,-0.000898996,-0.000144125,-0.000998999,0.000864861,0.00734554,-8.27003e-06,0.000148701,-1.31033e-07,-0.00391979,0.00644645,-0.00844865,0.0578591,-0.156122,8.23511,8.23679,0,0.475456
0.57,hold 2.0m,0.000701103,0.00587312,-0.000307058,-0.00268806,0,0,-0.0044101,-0.00876604,0.00204613,1.86101,2.00101,1.94985,0.666777,2,0,0.213085,0.213246,0.213265,0.213016,0.213085,0.213016,0.213246,0.213265,1,0,0.00239208,0,-0.00108733,-9.4086e-05,3.83575e-05,0.000919448,0.00805496,-3.12372e-06,0.000187088,-1.24151e-07,-0.00114705,-0.00595684,0.00214486,-0.047039,-0.0233295,7.99981,7.99998,0,0.493908
0.58,hold 2.0m,0.000655776,0.00596311,-0.00015064,-0.00226801,0,0,-0.00462443,-0.00922192,0.00163417,1.86596,2.00596,1.95643,0.647608,2,0,0.214897,0.212283,0.21429,0.212993,0.214897,0.212993,0.212283,0.21429,1,0,0.00218366,0,0.00349468,0.000194356,0.00171855,0.000472109,0.00680098,-2.20089e-05,0.000139021,9.33293e-08,0.0134472,-0.00188708,0.00377578,-0.0621756,-0.0554185,7.83772,7.83816,0,0.473862
0.59,hold 2.0m,0.000609213,0.00605712,-0.000549009,-0.00237428,0,0,-0.00466784,-0.00958799,0.00104639,1.87071,2.01071,1.93312,0.591186,2,0,0.223667,0.222872,0.22304,0.223087,0.223667,0.223087,0.222872,0.22304,1,0,0.00239208,0,0.00223448,-0.000779112,0.000329062,0.00164897,0.00714119,3.6937e-05,0.000163232,-2.43183e-07,0.00133629,0.0124064,0.00150952,0.116748,-0.050674,7.7564,7.75744,0,0.487634
0.6,hold 2.0m,0.000562731,0.00615433,-0.000559875,-0.0023084,0,0,-0.00460309,-0.00984219,0.00085677,1.87524,2.01524,1.93893,0.570107,2,0,0.223458,0.224447,0.223309,0.224684,0.223458,0.224684,0.224447,0.223309,1,0,0.0020716,0,0.00102341,0.000166353,-0.00103925,0.00168505,0.00693911,3.69315e-05,0.000163228,-2.43164e-07,0.00367413,0.00943714,0.00686624,0.0638223,0.074954,7.70023,7.70086,0,0.489143
0.61,hold 2.0m,0.00051717,0.00625355,-0.0005235,-0.00222207,0,0,-0.00447233,-0.00998465,0.00230531,1.87956,2.01956,1.93273,0.534361,2,0,0.228446,0.228519,0.228479,0.228172,0.228446,0.228172,0.228519,0.228479,1,0,0.00182698,0,-0.00100692,-0.000596858,0.000102593,0.00156702,0.00668591,3.69315e-05,0.000163228,-2.43164e-07,-0.0022669,0.0132845,0.00622432,0.116854,0.06708,7.65023,7.65142,0,0.489281
0.62,hold 2.0m,0.0004729,0.00635369,-0.000526639,-0.00214478,0,0,-0.00434849,-0.010039,0.00216107,1.88367,2.02367,1.93797,0.513278,2,0,0.229496,0.229435,0.229362,0.229046,0.229496,0.229046,0.229435,0.229362,1,0,0.0020716,0,-0.00067635,-0.000990005,0.000165582,0.00159077,0.0064481,3.6931e-05,0.000163228,-2.43163e-07,0.00725907,0.00933538,-0.00684312,0.0478635,-0.0505995,7.73014,7.73045,0,0.490301
0.63,hold 2.0m,0.000429918,0.00645406,-0.000552169,-0.00210391,0,0,-0.00420474,-0.0100432,0.00231076,1.88757,2.02757,1.942,0.491225,2,0,0.230989,0.23008,0.231079,0.230166,0.230989,0.230166,0.23008,0.231079,1,0,0.0020716,0,-1.06214e-05,0.000334174,0.000800224,0.0016358,0.0063239,3.6931e-05,0.000163228,-2.43163e-07,-0.0137567,0.00828205,0.00393747,0.117784,-0.0757014,7.70827,7.70954,0,0.493574
0.64,hold 2.0m,0.000388732,0.00655522,-0.000801935,-0.00257719,0,0,-0.00401067,-0.0101992,0.00150376,1.89126,2.03126,1.94681,0.470803,2,0,0.231653,0.231011,0.231459,0.232007,0.231653,0.232007,0.231011,0.231459,1,0,0.00248976,0,0.00315945,0.00152028,4.10903e-05,0.00242028,0.0077478,7.86723e-05,0.000248031,-3.02077e-07,0.00971472,0.0110749,-0.00658817,0.125176,0.0659735,7.80626,7.80754,0,0.527709
0.65,hold 2.0m,0.000349327,0.00665806,-0.00109225,-0.00225248,0,0,-0.0038392,-0.010391,0.000888853,1.89474,2.03474,1.95604,0.45635,2,0,0.230853,0.230912,0.23137,0.231251,0.230853,0.231251,0.230912,0.23137,1,0,0.00218366,0,-0.000472561,0.00162079,2.66121e-05,0.00328384,0.0067716,0.000127947,0.000199373,-7.96967e-07,0.00486562,0.00964442,0.00690637,0.066341,0.0123725,7.798,7.79829,0,0.517227
0.66,hold 2.0m,0.00031173,0.00676337,-0.00169601,-0.0023995,0,0,-0.00362339,-0.0106951,0.00177106,1.89802,2.03802,1.9605,0.436553,2,0,0.231049,0.233234,0.230551,0.23338,0.231049,0.23338,0.233234,0.230551,1,0,0.00300997,0,0.0017101,-0.000666442,-0.00220367,0.00509014,0.00722118,0.000230754,0.000236938,-1.56002e-06,0.00163615,0.0153477,0.000846022,0.0755818,0.0545178,7.80969,7.81025,0,0.537542
0.67,hold 2.0m,0.000277217,0.00687148,-0.0016683,-0.0019076,0,0,-0.0031906,-0.0109068,0.00225721,1.90111,2.04111,2.01993,0.48687,2,0,0.216087,0.216182,0.216248,0.216103,0.216087,0.216103,0.216182,0.216248,1,0,0.00267443,0,-0.000635354,0.000154962,2.21926e-05,0.00501435,0.00572594,0.000226366,0.000167068,-1.95237e-06,0.00652285,0.00227232,-0.00373994,0.0586597,-0.127408,7.80149,7.80275,0,0.515311
0.68,hold 2.0m,0.000247469,0.00698125,-0.00165582,-0.00183806,0,0,-0.00272187,-0.011035,0.00138291,1.90399,2.04399,2.0247,0.465893,2,0,0.2171,0.217328,0.216523,0.217591,0.2171,0.217591,0.217328,0.216523,1,0,0.00218366,0,0.0022256,-0.000596054,-0.00056933,0.00496238,0.00553111,0.000226345,0.000167052,-1.9523e-06,-0.00315544,0.0114564,0.000517104,0.0326933,-0.0607353,7.71089,7.7112,0,0.517049
0.69,hold 2.0m,0.000222505,0.00709181,-0.00164421,-0.00176392,0,0,-0.00221332,-0.0110723,0.00149319,1.90665,2.04665,1.99298,0.397887,2,0,0.22982,0.229094,0.229073,0.229433,0.22982,0.229433,0.229094,0.229073,1,0,0.00248976,0,0.00288106,-0.000772239,0.000160974,0.0049487,0.00529636,0.000226345,0.000167052,-1.9523e-06,0.0109499,0.00322788,0.00590295,0.0493706,-0.0753026,7.69466,7.69519,0,0.518655
0.7,hold 2.0m,0.000203107,0.00720254,-0.00160907,-0.00168252,0,0,-0.00161968,-0.0110651,0.00137065,1.90909,2.04909,1.99685,0.376459,2,0,0.230159,0.230634,0.230431,0.23106,0.230159,0.23106,0.230634,0.230431,1,0,0.00218366,0,0.00040743,0.0013227,-0.000484954,0.00483183,0.00507018,0.000226335,0.000167044,-1.95226e-06,0.00329557,0.015273,-0.0095253,0.0615537,-0.0686347,7.66787,7.66843,0,0.519667
0.71,hold 2.0m,0.000189486,0.00731324,-0.00157559,-0.00161756,0,0,-0.00106421,-0.0110703,0.000585203,1.91132,2.05132,1.9834,0.333959,2,0,0.235628,0.238228,0.235687,0.2385,0.235628,0.2385,0.238228,0.235687,1,0,0.00218366,0,0.000566898,0.000626625,-0.0023793,0.00473709,0.00485614,0.000226335,0.000167044,-1.95226e-06,0.00711768,0.00247536,0.000465953,0.0437209,-0.0277037,7.77921,7.77939,0,0.521706
0.72,hold 2.0m,0.000181247,0.00742369,-0.00144196,-0.00174629,0,0,-0.000526019,-0.0109886,0.00211941,1.91335,2.05335,1.98664,0.314135,2,0,0.239684,0.23706,0.239187,0.236913,0.239684,0.236913,0.23706,0.239187,1,0,0.00218366,0,0.000930389,-0.00122124,0.00215258,0.00433767,0.0052611,0.000207923,0.000203291,-1.75394e-06,0.00808478,0.0150146,0.00312025,0.00401393,0.0422124,7.80793,7.80804,0,0.533669
0.73,hold 2.0m,0.00017876,0.00753272,-0.00150902,-0.00151948,0,0,7.67139e-05,-0.0108071,0.000926298,1.91519,2.05519,1.94248,0.234687,2,0,0.253274,0.254477,0.253449,0.254334,0.253274,0.254334,0.254477,0.253449,1,0,0.00195312,0,-0.00084272,6.02594e-05,-0.000918211,0.00454557,0.00457871,0.00022817,0.000175758,-2.02843e-06,0.012577,0.0136776,0.00540527,0.0564087,0.0483989,8.11869,8.11903,0,0.527704
0.74,hold 2.0m,0.000181738,0.00763961,-0.00107132,-0.00164243,0,0,0.000530667,-0.0105277,0.00140373,1.91686,2.05686,1.94475,0.218662,2,0,0.254626,0.255304,0.25454,0.255322,0.254626,0.255322,0.255304,0.25454,1,0,0.00182698,0,0.000273836,-0.000128068,-0.000641991,0.00321783,0.00493287,0.000156801,0.000213438,-1.53105e-06,0.00273636,0.0039179,0.00426619,0.0821732,-0.0306872,8.319,8.31946,0,0.536725
0.75,hold 2.0m,0.000188359,0.00774339,-0.00094262,-0.00197093,0,0,0.00080479,-0.0102249,0.00188467,1.91837,2.05837,1.97057,0.235413,2,0,0.249595,0.247778,0.249078,0.247677,0.249595,0.247677,0.247778,0.249078,1,0,0.0020716,0,0.00110296,-0.00117124,0.00141453,0.00283103,0.00591564,0.000142971,0.000286106,-1.29611e-06,0.00224612,0.00218857,-0.00806389,0.0219026,-0.00573926,8.45971,8.45974,0,0.560415
0.76,hold 2.0m,0.000197352,0.00784419,-0.00131385,-0.00195241,0,0,0.00100207,-0.00992321,0.0017373,1.91976,2.05976,1.97286,0.222673,2,0,0.249942,0.248588,0.249568,0.248974,0.249942,0.248974,0.248588,0.249568,1,0,0.00239208,0,0.00201602,2.30345e-05,0.000856274,0.00394884,0.00587302,0.000224075,0.000297264,-1.85994e-06,0.00509689,0.0108185,0.00218668,0.0786206,0.00422482,8.49779,8.49816,0,0.568041
0.77,hold 2.0m,0.000207838,0.00794218,-0.00188099,-0.00195102,0,0,0.00114283,-0.00967823,0.0020503,1.92102,2.06102,1.98471,0.223297,2,0,0.246302,0.247806,0.245486,0.248284,0.246302,0.248284,0.247806,0.245486,1,0,0.00276214,0,0.00343006,-0.000639271,-0.00189117,0.00564455,0.00587249,0.000340626,0.000307055,-2.63428e-06,0.00137868,0.0133021,-0.0159543,0.0679659,0.0741812,8.6206,8.62119,0,0.579483
0.78,hold 2.0m,0.000220096,0.00803796,-0.001646,-0.00202433,0,0,0.00135076,-0.0094665,0.00157162,1.92216,2.06216,1.98688,0.212036,2,0,0.248206,0.247363,0.247872,0.246918,0.248206,0.246918,0.247363,0.247872,1,0,0.00239208,0,-0.000293623,-0.00147609,0.000789307,0.00494388,0.00608717,0.000305948,0.000331414,-2.26039e-06,0.00423828,0.00977498,0.00149416,0.0169499,-0.0334989,8.7413,8.74138,0,0.586482
0.79,hold 2.0m,0.000234393,0.0081314,-0.00164774,-0.0022206,0,0,0.00153429,-0.00919811,0.00143951,1.9232,2.0632,2.02093,0.242602,2,0,0.237384,0.239373,0.237685,0.238848,0.237384,0.238848,0.239373,0.237685,1,0,0.00258374,0,-0.00218803,-0.000423298,-0.00138527,0.00494428,0.00666334,0.000319613,0.000380416,-2.15327e-06,0.00102866,0.00141463,-0.00118673,0.0748188,0.00373099,8.75072,8.75104,0,0.602973
0.8,hold 2.0m,0.000250213,0.00822178,-0.0012745,-0.00204663,0,0,0.00166131,-0.00884756,0.00182534,1.92412,2.06412,2.0233,0.231087,2,0,0.237961,0.239861,0.238429,0.239363,0.237961,0.239363,0.239861,0.238429,1,0,0.00218366,0,-0.00256261,-5.58153e-05,-0.00124561,0.00382219,0.00612793,0.000260791,0.00035327,-1.79883e-06,-0.000603338,-0.00761748,-0.00233723,0.0253853,0.00600984,8.614,8.61404,0,0.594883
0.81,hold 2.0m,0.000267145,0.00830864,-0.00159727,-0.00170262,0,0,0.0017729,-0.0085391,0.00233361,1.92492,2.06492,1.98561,0.168148,2,0,0.252794,0.250684,0.253424,0.250355,0.252794,0.250355,0.250684,0.253424,1,0,0.00239208,0,-0.00254391,0.000570261,0.00227645,0.00481137,0.00509778,0.000333699,0.000295949,-2.55817e-06,0.0133598,-0.00640051,-0.0105688,0.117578,-0.00382886,8.78294,8.78373,0,0.583598
0.82,hold 2.0m,0.000285218,0.00839308,-0.00138502,-0.00169272,0,0,0.00187195,-0.00835796,0.00176483,1.92562,2.06562,1.98724,0.157863,2,0,0.252227,0.253032,0.252266,0.252279,0.252227,0.252279,0.253032,0.252266,1,0,0.00218366,0,-0.00210162,-0.00135367,-0.000359892,0.00416771,0.00507628,0.000301214,0.000305164,-2.29601e-06,0.00873427,-0.000954774,0.00137889,0.0620223,0.0841752,8.82977,8.83039,0,0.585859
0.83,hold 2.0m,0.000303815,0.00847568,-0.00159773,-0.00130732,0,0,0.00186022,-0.00814348,0.00172051,1.92621,2.06621,1.99629,0.158072,2,0,0.249746,0.251468,0.25009,0.251552,0.249746,0.251552,0.251468,0.25009,1,0,0.00195312,0,-0.000689623,0.000809233,-0.00139939,0.00479535,0.00392264,0.000356928,0.000234747,-2.79945e-06,0.00179672,0.000688683,-0.002958,0.0211812,-0.0340648,8.8235,8.82359,0,0.571159
0.84,hold 2.0m,0.000322143,0.00855634,-0.00124985,-0.00152851,0,0,0.00181838,-0.00797577,0.00140513,1.92671,2.06671,1.99783,0.149318,2,0,0.251294,0.251075,0.251827,0.250708,0.251294,0.250708,0.251075,0.251827,1,0,0.00182698,0,-0.00238644,0.000315094,0.00058823,0.00376533,0.00460325,0.000301411,0.000288754,-2.46953e-06,0.0108269,0.012081,0.00699403,-0.0570815,-0.0472055,8.95044,8.95075,0,0.584905
0.85,hold 2.0m,0.000339427,0.00863552,-0.00107718,-0.00157335,0,0,0.00161919,-0.00786269,0.00186955,1.92713,2.06713,2.035,0.186453,2,0,0.240286,0.241154,0.240304,0.241319,0.240286,0.241319,0.241154,0.240304,1,0,0.00119604,0,0.000389537,0.00034758,-0.000827984,0.0032487,0.00473709,0.000281003,0.000309558,-2.32398e-06,0.0117041,0.0116793,-0.00713311,0.0414517,0.0003864,8.96191,8.962,0,0.590621
0.86,hold 2.0m,0.000354151,0.00871388,-0.000656379,-0.00137503,0,0,0.00132294,-0.00780129,0.00149177,1.92745,2.06745,2.03682,0.177499,2,0,0.242416,0.24016,0.242276,0.240018,0.242416,0.240018,0.24016,0.242276,1,0,0.00119604,0,-3.95471e-06,-0.00053224,0.00198369,0.00196674,0.00413228,0.000212775,0.000278221,-2.13675e-06,-0.00137987,0.0050592,0.0041165,0.0646222,-0.0550254,8.88084,8.88124,0,0.581
0.87,hold 2.0m,0.000365657,0.00879129,-0.000519188,-0.00158745,0,0,0.000957661,-0.00768045,0.000460448,1.92768,2.06768,2.06633,0.203044,2,0,0.232711,0.233682,0.233038,0.233584,0.232711,0.233584,0.233682,0.233038,1,0,0.00138107,0,-0.00112762,0.00043353,-0.00066614,0.0015648,0.00474807,0.000194387,0.000325823,-2.06114e-06,0.0050315,-0.00919193,0.00800487,0.0192647,-0.0372876,8.77654,8.77664,0,0.596857
0.88,hold 2.0m,0.000373077,0.00886807,-0.000633122,-0.00170624,0,0,0.000525678,-0.00769664,0.00183569,1.9278,2.0678,2.06831,0.19214,2,0,0.233507,0.234212,0.23335,0.234314,0.233507,0.234314,0.234212,0.23335,1,0,0.00119604,0,0.000687573,-0.000103994,-0.000733963,0.00191321,0.00511827,0.000231886,0.000360883,-2.20024e-06,0.00946651,5.36129e-05,0.00269912,-0.0488873,-0.0378506,8.69893,8.69915,0,0.608653
0.89,hold 2.0m,0.000376314,0.00894498,-0.000487635,-0.00202574,0,0,0.000142196,-0.00768989,0.00102513,1.92781,2.06781,2.08775,0.20253,2,0,0.228518,0.229391,0.228947,0.229816,0.228518,0.229816,0.229391,0.228947,1,0,0.00154408,0,-1.18783e-05,0.00161974,-0.000765695,0.00147177,0.00609498,0.000209033,0.000430776,-1.99134e-06,0.00612593,0.0122719,0.00394158,-0.0890339,-0.0356273,8.45976,8.4603,0,0.630559
0.9,hold 2.0m,0.000375899,0.00902196,-0.000711061,-0.00235972,0,0,-0.000222036,-0.00770574,0.00144568,1.92768,2.06768,2.08971,0.189296,2,0,0.23058,0.229576,0.230668,0.229082,0.23058,0.229082,0.229576,0.230668,1,0,0.00229024,0,-0.00154357,-0.000769253,0.00113877,0.00213171,0.00709498,0.000262689,0.000507245,-2.54812e-06,-0.00071834,0.011059,-0.00116453,-0.0717826,0.0255453,8.43217,8.43251,0,0.655146
0.91,hold 2.0m,0.000371737,0.0090993,-0.000860443,-0.00270797,0,0,-0.000609205,-0.0077876,0.00198531,1.92741,2.06741,2.09269,0.176472,2,0,0.230108,0.230931,0.23059,0.230593,0.230108,0.230593,0.230931,0.23059,1,0,0.00267443,0,-0.00217911,0.000273109,-0.00036295,0.00260506,0.00812464,0.000304547,0.00058434,-2.8929e-06,0.0161136,0.00108314,-0.00707256,-0.0589679,0.00368691,8.34057,8.34078,0,0.680249
0.92,hold 2.0m,0.000363539,0.00917777,-0.000534854,-0.00259676,0,0,-0.00104036,-0.00791544,0.00155666,1.92699,2.06699,2.09438,0.161413,2,0,0.231294,0.23138,0.232065,0.23162,0.231294,0.23162,0.23138,0.232065,1,0,0.00267443,0,-0.00140895,0.00191659,0.00015778,0.00161388,0.00779087,0.00024821,0.000570274,-2.3566e-06,0.00644595,0.000969166,-0.0057187,-0.0185742,-0.0785772,8.35334,8.35373,0,0.676631
0.93,hold 2.0m,0.00035057,0.00925789,-0.000507621,-0.00228349,0,0,-0.0015526,-0.00813463,0.00203348,1.92642,2.06642,2.05045,0.0895001,2,0,0.247612,0.245553,0.247506,0.245286,0.247612,0.245286,0.245553,0.247506,1,0,0.00218366,0,-0.000427476,-0.000707267,0.00188098,0.00152801,0.00685206,0.000251156,0.000516175,-2.55658e-06,0.00368543,0.00158749,-0.000313686,0.0764923,0.0153461,8.36326,8.36362,0,0.663138
0.94,hold 2.0m,0.000332873,0.0093402,-0.000166909,-0.00242692,0,0,-0.00197906,-0.00835194,0.00149672,1.9257,2.0657,2.05127,0.0753346,2,0,0.247636,0.247752,0.247374,0.247761,0.247636,0.247761,0.247752,0.247374,1,0,0.00229024,0,0.000716374,-0.000480615,-0.000220993,0.000497823,0.00728925,0.000187375,0.000553725,-2.08983e-06,-0.0017804,0.00622614,-0.0133251,0.0416081,-0.0346592,8.4012,8.40137,0,0.674821
0.95,hold 2.0m,0.000310996,0.00942487,-0.000708006,-0.00204782,0,0,-0.00237875,-0.00855034,0.00119743,1.92485,2.06485,2.03168,0.0371953,2,0,0.254446,0.255209,0.254489,0.25527,0.254446,0.25527,0.255209,0.254489,1,0,0.0020716,0,4.82308e-05,0.000196221,-0.000678184,0.00213341,0.00615522,0.000304644,0.000487123,-3.23228e-06,0.00657145,0.00833113,0.00239764,0.00400315,-0.0336969,8.69312,8.69318,0,0.659989
0.96,hold 2.0m,0.000285579,0.00951109,-0.000744854,-0.00179342,0,0,-0.00267943,-0.00873128,0.00125464,1.92387,2.06387,2.03199,0.0257923,2,0,0.256202,0.255223,0.256427,0.255538,0.256202,0.255538,0.255223,0.256427,1,0,0.00154408,0,0.000236336,0.00102494,0.000820949,0.00224266,0.0053996,0.000318718,0.000442266,-3.61916e-06,0.00571473,0.0133411,-0.00171565,0.0399959,0.0036488,8.76012,8.76021,0,0.650459
0.97,hold 2.0m,0.000257275,0.00959986,-0.000735069,-0.00187139,0,0,-0.00295195,-0.00901628,0.00124604,1.92279,2.06279,1.99228,-0.0331468,2,0,0.269113,0.268359,0.269113,0.26859,0.269113,0.26859,0.268359,0.269113,1,0,0.00182698,0,0.000613842,0.000438179,0.000560797,0.00218898,0.00562459,0.000317355,0.000474815,-3.45836e-06,-0.010512,0.00743396,-0.00621804,0.0651802,-0.130446,8.91983,8.92102,0,0.65978
0.98,hold 2.0m,0.000226934,0.00969116,-0.000702199,-0.00207089,0,0,-0.00309223,-0.00926334,0.000990222,1.92163,2.06163,1.99191,-0.040103,2,0,0.269497,0.26969,0.269291,0.269668,0.269497,0.269668,0.26969,0.269291,1,0,0.0020716,0,0.000485209,-0.000432091,-0.000250311,0.00210224,0.00620094,0.000313827,0.000525882,-3.36632e-06,-0.00258764,-0.00728443,-0.000901291,-0.0410082,-0.0743886,9.25347,9.25385,0,0.676083
0.99,hold 2.0m,0.000195388,0.00978464,-0.00107807,-0.00205613,0,0,-0.00319896,-0.00944959,0.000508799,1.92041,2.06041,1.96683,-0.0747333,2,0,0.277227,0.277748,0.277063,0.277927,0.277227,0.277927,0.277748,0.277063,1,0,0.0020716,0,0.000908343,2.76129e-05,-0.00060851,0.00323398,0.00615989,0.000394881,0.000529774,-3.82079e-06,0.000267056,-0.00514953,0.00951539,0.150528,-0.0753124,9.42628,9.42778,0,0.682449
1,hold 2.0m,0.000163155,0.00988012,-0.000773837,-0.00169158,0,0,-0.0032121,-0.00966723,0.00184477,1.91917,2.05917,1.96607,-0.0765366,2,0,0.278209,0.277974,0.277559,0.277597,0.278209,0.277597,0.277974,0.277559,1,0,0.000976562,0,0.000724848,-0.001945,8.649e-05,0.00231826,0.00508067,0.000333913,0.000466625,-3.71771e-06,-0.0018344,0.00443116,-0.000440999,0.0677141,-0.00491782,9.6444,9.64464,0,0.665262
1.01,hold 2.0m,0.000131177,0.0099776,-0.000966179,-0.00152858,0,0,-0.00312154,-0.0098353,0.00107517,1.91792,2.05792,1.97457,-0.0646523,2,0,0.27387,0.276203,0.273875,0.276729,0.27387,0.276729,0.276203,0.273875,1,0,0.00182698,0,0.00138289,0.00100618,-0.0022793,0.00289085,0.00459611,0.000367235,0.000441831,-3.92562e-06,-0.00475537,0.00734834,0.000830924,0.0951858,0.027742,9.99901,9.99951,0,0.662356
1.02,hold 2.0m,0.000100787,0.0100769,-0.00104873,-0.00142983,0,0,-0.00291401,-0.0100141,0.000862179,1.91668,2.05668,1.97394,-0.0622992,2,0,0.27339,0.276468,0.273737,0.276749,0.27339,0.276749,0.276468,0.273737,1,0,0.00195312,0,-0.000174795,0.00119061,-0.00267633,0.00315397,0.00430639,0.000387255,0.000432106,-4.04764e-06,0.00556572,0.0117045,0.000998681,0.0362343,0.00170107,9.98419,9.98425,0,0.662689
1.03,hold 2.0m,7.2321e-05,0.0101779,-0.00135303,-0.00138328,0,0,-0.00274655,-0.0101634,0.00219159,1.91548,2.05548,1.96985,-0.0629178,2,0,0.275384,0.276632,0.274897,0.276846,0.275384,0.276846,0.276632,0.274897,1,0,0.00195312,0,0.00185788,-0.000517399,-0.00140511,0.00406882,0.00416314,0.000453579,0.000436053,-4.33022e-06,0.00693255,0.00929888,-0.00324179,-0.0619254,0.0533829,10.2336,10.2339,0,0.667582
1.04,hold 2.0m,4.55105e-05,0.0102799,-0.00138743,-0.00125976,0,0,-0.0025758,-0.0102237,0.00170538,1.91432,2.05432,1.96924,-0.0581272,2,0,0.274865,0.275974,0.274859,0.276802,0.274865,0.276802,0.275974,0.274859,1,0,0.00138107,0,0.00221118,0.00155865,-0.00134099,0.00415255,0.00377445,0.000461046,0.000419313,-4.43407e-06,-0.00602681,-0.00279566,-0.0045862,-0.0676345,0.0556456,10.2376,10.238,0,0.666422
1.05,hold 2.0m,2.07614e-05,0.0103826,-0.00180579,-0.00123004,0,0,-0.00230203,-0.0103369,0.00243978,1.91321,2.05321,1.98971,-0.0275498,2,0,0.268314,0.269915,0.268409,0.269193,0.268314,0.269193,0.269915,0.268409,1,0,0.00195312,0,-0.00216607,-0.00118764,-0.00104839,0.00541525,0.00370795,0.000552605,0.000422759,-4.50679e-06,-0.00085342,0.0122859,0.0103245,-0.103098,-0.0780005,10.382,10.3828,0,0.673764
1.06,hold 2.0m,-1.14849e-06,0.0104862,-0.00197918,-0.00112985,0,0,-0.00199452,-0.010351,0.00232149,1.91216,2.05216,1.98946,-0.0215267,2,0,0.268512,0.268516,0.268162,0.268595,0.268512,0.268595,0.268516,0.268162,1,0,0.0020716,0,0.0011363,-0.000513053,-0.000192154,0.00593724,0.00340447,0.000587007,0.00041677,-4.68685e-06,0.00038517,0.0103616,-0.0023457,-0.119204,0.00866161,10.3365,10.3372,0,0.675386
1.07,hold 2.0m,-1.98248e-05,0.0105894,-0.00154972,-0.00130707,0,0,-0.00170338,-0.0102944,0.00270899,1.91117,2.05117,2.04566,0.0507318,2,0,0.250671,0.25187,0.250496,0.251607,0.250671,0.251607,0.25187,0.250496,1,0,0.00182698,0,-0.000233945,-0.000827264,-0.00101508,0.00465472,0.00392547,0.000506325,0.000466114,-4.19427e-06,0.00420305,0.00331702,-0.00410554,0.00122305,-0.0982571,10.2159,10.2164,0,0.687428
1.08,hold 2.0m,-3.65307e-05,0.0106924,-0.00115812,-0.00128605,0,0,-0.00160973,-0.0103226,0.00261517,1.91021,2.05021,2.04618,0.0542691,2,0,0.251655,0.249963,0.250772,0.25041,0.251655,0.25041,0.249963,0.250772,1,0,0.00154408,0,0.00352893,-0.000826826,0.000902652,0.00347159,0.00386115,0.00043336,0.00047317,-4.2106e-06,-0.00141701,0.00248278,-0.0120325,0.106626,-0.0207395,10.0335,10.034,0,0.689467
1.09,hold 2.0m,-5.28976e-05,0.0107956,-0.0011855,-0.00114215,0,0,-0.00162134,-0.0102881,0.00318491,1.90928,2.04928,2.0427,0.0514385,2,0,0.25178,0.251998,0.250488,0.252078,0.25178,0.252078,0.251998,0.250488,1,0,0,0,0.00363621,-0.00229559,-0.000794491,0.00357526,0.00342123,0.000446075,0.000455749,-4.30513e-06,0.0129469,-0.00300638,-0.0066954,0.0922624,-0.0634585,9.86625,9.86689,0,0.687211
1.1,hold 2.0m,-6.90335e-05,0.0108974,-0.00106399,-0.0011448,0,0,-0.00150263,-0.0100362,0.00298079,1.90835,2.04835,2.04322,0.052086,2,0,0.252654,0.250235,0.253019,0.249715,0.252654,0.249715,0.250235,0.253019,1,0,0.00119604,0,-0.00234979,-0.000294118,0.0025153,0.00318929,0.00344133,0.000427465,0.00046688,-4.19985e-06,-0.00136293,0.0050859,0.00268371,0.144453,0.0283493,9.84525,9.84635,0,0.692463
1.11,hold 2.0m,-8.35862e-05,0.0109962,-0.00109345,-0.000855221,0,0,-0.00136066,-0.00971814,0.00185222,1.90743,2.04743,1.9943,-0.00578182,2,0,0.266356,0.26607,0.265781,0.265617,0.266356,0.265617,0.26607,0.265781,1,0,0.00138107,0,0.000324104,-0.00194544,0.000197734,0.00329046,0.00256567,0.000436757,0.000415587,-4.38334e-06,0.00717344,0.000421116,-0.00121364,-0.0611774,0.047185,9.74612,9.74642,0,0.681646
1.12,hold 2.0m,-9.69662e-05,0.0110918,-0.000700184,-0.00109799,0,0,-0.00129797,-0.00938727,0.00203436,1.9065,2.0465,1.99424,-0.0054982,2,0,0.265788,0.266303,0.265397,0.266293,0.265788,0.266293,0.266303,0.265397,1,0,0,0,0.00100994,-0.000761857,-0.000620306,0.00211563,0.0033001,0.000365057,0.000475707,-4.08082e-06,0.0104112,0.00456507,-0.00454418,-0.0947897,-0.0220052,9.80328,9.80376,0,0.699375
1.13,hold 2.0m,-0.000110135,0.0111841,-0.000659056,-0.00110153,0,0,-0.00128159,-0.00905259,0.00249311,1.90558,2.04558,2.01936,0.0243945,2,0,0.259474,0.257481,0.259297,0.257534,0.259474,0.257534,0.257481,0.259297,1,0,0.000690534,0,0.000608884,-0.00023377,0.00165132,0.00199232,0.00331975,0.000361414,0.000489602,-4.098e-06,0.0104649,0.0106017,-0.00117713,-0.0477923,0.0474551,9.78907,9.7893,0,0.704707
1.14,hold 2.0m,-0.000123278,0.0112729,-0.00115524,-0.000943162,0,0,-0.00130839,-0.00870206,0.00209548,1.90467,2.04467,2.01961,0.0250153,2,0,0.258126,0.258374,0.258389,0.258455,0.258126,0.258455,0.258374,0.258389,1,0,0.00119604,0,-0.000479957,0.000652506,-0.000138067,0.00345925,0.00283258,0.000472731,0.000468512,-4.36852e-06,-0.00385068,0.00253393,-0.00233479,-0.0125799,-0.142385,9.86869,9.86972,0,0.702582
1.15,hold 2.0m,-0.000136842,0.0113586,-0.00131366,-0.00116782,0,0,-0.00135924,-0.00844988,0.00228082,1.90376,2.04376,2.01731,0.0223661,2,0,0.25818,0.259847,0.257863,0.260121,0.25818,0.260121,0.259847,0.257863,1,0,0.00119604,0,0.00156835,-8.19345e-05,-0.00172564,0.00392585,0.00350635,0.000506126,0.000522636,-4.28911e-06,-0.00958418,0.00243437,0.00106289,-0.0885382,-0.056081,9.83482,9.83538,0,0.721053
1.16,hold 2.0m,-0.00015094,0.0114424,-0.00145799,-0.00146534,0,0,-0.00140689,-0.00829282,0.00190971,1.90285,2.04285,2.01753,0.0226215,2,0,0.259067,0.25862,0.258866,0.25918,0.259067,0.25918,0.25862,0.258866,1,0,0.00169146,0,0.00201989,0.000678603,5.8008e-05,0.00436399,0.00440132,0.000541666,0.000595173,-4.33948e-06,-0.00611518,0.00412662,0.000253576,-0.103998,-0.113376,9.94831,9.9495,0,0.743541
1.17,hold 2.0m,-0.000165562,0.0115245,-0.00138731,-0.00182445,0,0,-0.00148959,-0.00813303,0.00244606,1.90194,2.04194,1.99553,-0.00238037,2,0,0.265643,0.264998,0.265326,0.26556,0.265643,0.26556,0.264998,0.265326,1,0,0.0020716,0,0.00233061,0.000464895,0.000180773,0.00416312,0.00548748,0.000531413,0.000683172,-3.56942e-06,0.00131491,0.0101032,-0.00237573,-0.019453,0.00543292,9.89255,9.89257,0,0.768221
1.18,hold 2.0m,-0.00018115,0.0116054,-0.0012881,-0.0020755,0,0,-0.00157856,-0.00803783,0.00147653,1.90104,2.04104,1.99551,-0.0012937,2,0,0.265058,0.265532,0.264893,0.26566,0.265058,0.26566,0.265532,0.264893,1,0,0.00195312,0,0.000777627,-7.21375e-05,-0.000545505,0.00385512,0.00621951,0.000517745,0.00074716,-3.09616e-06,-0.00561771,-0.0038998,-0.0120338,0.0579703,-0.0931842,9.90418,9.90479,0,0.786585
1.19,hold 2.0m,-0.000197463,0.0116855,-0.00149277,-0.00180371,0,0,-0.00163262,-0.00798127,0.00196225,1.90015,2.04015,1.95841,-0.0413433,2,0,0.273766,0.277805,0.274103,0.278274,0.273766,0.278274,0.277805,0.274103,1,0,0.0020716,0,0.000349718,0.00152697,-0.0036088,0.00447257,0.00542064,0.000562573,0.000699067,-3.80414e-06,-0.00326929,0.00705242,-0.00186275,-0.0493016,-0.0596453,9.97539,9.97569,0,0.776629
1.2,hold 2.0m,-0.000214,0.0117658,-0.00139406,-0.00187262,0,0,-0.00157959,-0.00811879,0.00264388,1.89928,2.03928,1.95801,-0.038149,2,0,0.275163,0.276267,0.275355,0.276395,0.275163,0.276395,0.276267,0.275355,1,0,0.00195312,0,-0.000169919,0.000605685,-0.000942303,0.00416682,0.00562118,0.000547413,0.000717341,-3.59318e-06,-0.00966764,0.00291884,0.00797911,-0.0473392,-0.0750355,10.2271,10.2275,0,0.78453
1.21,hold 2.0m,-0.000229515,0.011848,-0.00113302,-0.00208103,0,0,-0.00149393,-0.00834008,0.00236334,1.89845,2.03845,1.93544,-0.0583232,2,0,0.281688,0.282344,0.281237,0.282485,0.281688,0.282485,0.282344,0.281237,1,0,0.00229024,0,0.00156808,-0.000587211,-0.000836997,0.00341088,0.00624521,0.000501848,0.000773439,-2.98356e-06,0.00841528,0.00217186,0.00899781,0.020894,-0.0975774,10.3891,10.3896,0,0.799905
1.22,hold 2.0m,-0.000244802,0.011932,-0.00128068,-0.00178077,0,0,-0.00150817,-0.00845159,0.00181343,1.89767,2.03767,1.93489,-0.051846,2,0,0.281807,0.280883,0.282032,0.281181,0.281807,0.281181,0.280883,0.282032,1,0,0.00182698,0,0.000194929,0.000992076,0.00077978,0.00384213,0.00536251,0.00054136,0.00072186,-3.63094e-06,0.000603667,0.0141967,0.00161473,0.0305708,-0.0410571,10.5949,10.595,0,0.788101
1.23,hold 2.0m,-0.000260123,0.0120172,-0.00150221,-0.00160495,0,0,-0.0015087,-0.00858993,0.00212903,1.89697,2.03697,1.92494,-0.0540676,2,0,0.284369,0.282883,0.284047,0.283035,0.284369,0.283035,0.282883,0.284047,1,0,0.00195312,0,0.00125683,-0.000323224,0.00109798,0.00452679,0.00480908,0.000596722,0.000696303,-4.12753e-06,0.014031,-0.00315461,-0.00158033,-0.0982506,-0.0454157,10.7353,10.7358,0,0.783944
1.24,hold 2.0m,-0.000275286,0.0121036,-0.00149861,-0.00135425,0,0,-0.0014701,-0.00868391,0.00248606,1.89636,2.03636,1.92444,-0.0446189,2,0,0.283395,0.282163,0.283427,0.282333,0.283395,0.282333,0.282163,0.283427,1,0,0.00182698,0,0.000365278,0.000381866,0.00102271,0.00449724,0.00407135,0.00060149,0.000652358,-4.45558e-06,0.00152655,0.00639121,-0.00655933,0.00225581,-0.0578868,10.8257,10.8259,0,0.774479
1.25,hold 2.0m,-0.000290025,0.0121906,-0.0012514,-0.00146483,0,0,-0.0014027,-0.00871634,0.00157326,1.89584,2.03584,1.89401,-0.0665722,2,0,0.291056,0.290175,0.290604,0.290665,0.291056,0.290665,0.290175,0.290604,1,0,0.0020716,0,0.0025008,7.26156e-05,0.000360214,0.00376551,0.00438193,0.000554477,0.000682604,-4.08771e-06,0.00811341,-0.00769553,0.00791195,-0.0752814,-0.107609,11.0275,11.0283,0,0.784523
1.26,hold 2.0m,-0.000303396,0.0122782,-0.0010126,-0.00129029,0,0,-0.00122989,-0.00882536,0.00169791,1.89544,2.03544,1.89341,-0.0540152,2,0,0.28958,0.289507,0.289495,0.289868,0.28958,0.289868,0.289507,0.289495,1,0,0.000976562,0,0.00118325,0.000522538,-0.000132165,0.0030355,0.00387171,0.000512893,0.000656078,-4.13128e-06,-0.00100648,0.00120776,0.00614991,-0.0128566,-0.055792,11.1141,11.1142,0,0.778635
1.27,hold 2.0m,-0.000315215,0.0123674,-0.000930196,-0.00102032,0,0,-0.00109117,-0.00901793,0.00211586,1.89518,2.03518,1.87203,-0.0624723,2,0,0.293596,0.295453,0.293782,0.295002,0.293596,0.295002,0.295453,0.293782,1,0,0.000976562,0,-0.00168716,-0.000502136,-0.00135251,0.00280843,0.0030854,0.000505455,0.000615884,-4.32888e-06,0.0124018,0.0169113,0.00284288,0.0554348,0.0827827,11.2385,11.2389,0,0.768018
1.28,hold 2.0m,-0.000326264,0.012458,-0.000852649,-0.000913411,0,0,-0.00105695,-0.00910467,0.00197826,1.89506,2.03506,1.87148,-0.0467322,2,0,0.292785,0.29349,0.292683,0.293632,0.292785,0.293632,0.29349,0.292683,1,0,0,0,0.000647884,7.43656e-05,-0.000726642,0.00256207,0.00275631,0.000495651,0.000604483,-4.34614e-06,0.00325606,0.0113083,0.0137626,-0.0660494,-0.0686733,11.3954,11.3958,0,0.76686
1.29,hold 2.0m,-0.000336821,0.012549,-0.00108403,-0.00117265,0,0,-0.000999363,-0.00905324,0.00157717,1.89511,2.03511,1.86656,-0.0347388,2,0,0.293799,0.292576,0.293553,0.292087,0.293799,0.292087,0.292576,0.293553,1,0,0.000976562,0,-0.000642064,-0.00139271,0.00118185,0.0032509,0.00350835,0.000545893,0.000669769,-4.40953e-06,-0.000245778,-0.00573022,0.00598728,-0.0493099,-0.0107715,11.5223,11.5224,0,0.787532
1.3,hold 2.0m,-0.000346732,0.0126388,-0.00108332,-0.0011357,0,0,-0.000959307,-0.00886059,0.00174764,1.89533,2.03533,1.8663,-0.0168388,2,0,0.290044,0.292657,0.290587,0.292419,0.290044,0.292419,0.292657,0.290587,1,0,0.00138107,0,-0.00207033,0.000578242,-0.00195336,0.0032425,0.003421,0.000552975,0.000674419,-4.48758e-06,-0.00442809,0.00994266,-0.00134024,0.0235072,-0.0385997,11.5214,11.5215,0,0.790527
1.31,hold 2.0m,-0.000356749,0.0127261,-0.00105014,-0.000915216,0,0,-0.000992816,-0.00861562,0.00249746,1.89574,2.03574,1.84758,-0.0176807,2,0,0.294912,0.295195,0.294932,0.295224,0.294912,0.295224,0.295195,0.294932,1,0,0.00119604,0,2.28969e-05,9.26799e-05,-0.000253105,0.00316533,0.00275318,0.000552901,0.000630892,-4.74328e-06,0.0104996,0.00564654,0.00425721,0.00639424,0.0553287,11.6817,11.6818,0,0.782777
1.32,hold 2.0m,-0.000367289,0.0128113,-0.00108648,-0.000962665,0,0,-0.00101164,-0.00839002,0.00195703,1.89633,2.03633,1.8475,0.00203039,2,0,0.293063,0.29352,0.293195,0.293408,0.293063,0.293408,0.29352,0.293195,1,0,0.000690534,0,-0.000646111,3.9282e-05,-0.000294239,0.00324736,0.00288449,0.000558434,0.000652423,-4.71312e-06,-0.00748403,-0.00170026,0.0109013,-0.0401886,-0.151032,11.8341,11.8351,0,0.790447
1.33,hold 2.0m,-0.000377175,0.0128936,-0.00106634,-0.000893098,0,0,-0.000906217,-0.00804396,0.00226208,1.89713,2.03713,1.82253,-0.00394159,2,0,0.297411,0.299661,0.297247,0.300037,0.297411,0.300037,0.299661,0.297247,1,0,0.000976562,0,0.00143141,0.000403489,-0.00221531,0.00319598,0.00268364,0.000558434,0.000652423,-4.71312e-06,-0.00146456,0.00354845,-0.000269695,-0.0199664,-0.0831059,11.9703,11.9706,0,0.791091
1.34,hold 2.0m,-0.000386041,0.0129724,-0.00102456,-0.000870938,0,0,-0.000796474,-0.00772216,0.00249604,1.89813,2.03813,1.8226,0.0176624,2,0,0.297996,0.295387,0.297938,0.295144,0.297996,0.295144,0.295387,0.297938,1,0,0.000690534,0,-0.000488145,-0.000569314,0.00237475,0.00308988,0.00263489,0.000558443,0.00065243,-4.71318e-06,0.0113702,0.0153685,0.00256054,0.0769966,0.0972308,12.0139,12.0145,0,0.794189
1.35,hold 2.0m,-0.00039403,0.0130479,-0.000998431,-0.00082871,0,0,-0.000755706,-0.00735007,0.00198198,1.89935,2.03935,1.83882,0.0561694,2,0,0.288995,0.291247,0.288812,0.291068,0.288995,0.291068,0.291247,0.288812,1,0,0.000690534,0,1.03863e-05,-0.000685702,-0.00198139,0.00299883,0.00250752,0.000558443,0.00065243,-4.71318e-06,0.00292181,0.0149085,0.0071344,0.00775686,-0.0132809,12.0127,12.0127,0,0.796003
1.36,hold 2.0m,-0.00040196,0.0131191,-0.000950472,-0.000760603,0,0,-0.000769403,-0.00682178,0.00371473,1.90079,2.04079,1.83949,0.0776669,2,0,0.288525,0.287375,0.288428,0.287417,0.288525,0.287417,0.287375,0.288428,1,0,0.000976562,0,0.000368971,-0.000105963,0.000949809,0.00285712,0.00228622,0.000558442,0.000652429,-4.71317e-06,0.00435963,0.00359661,-0.00118766,0.111021,-0.133457,11.983,11.9842,0,0.796038
1.37,hold 2.0m,-0.000410396,0.0131845,-0.000917267,-0.000719048,0,0,-0.000822819,-0.00623429,0.00334044,1.90243,2.04243,1.8376,0.095803,2,0,0.285502,0.287759,0.285369,0.287874,0.285502,0.287874,0.287759,0.285369,1,0,0.000976562,0,0.000657923,-3.49935e-05,-0.002093,0.00276808,0.00216546,0.000558442,0.000652429,-4.71317e-06,0.0114098,0.00619759,-0.0041086,0.101376,0.041429,11.7889,11.7894,0,0.797312
1.38,hold 2.0m,-0.000419402,0.0132442,-0.000882378,-0.000714107,0,0,-0.000887475,-0.00568309,0.00398911,1.90428,2.04428,1.83866,0.116209,2,0,0.28588,0.283182,0.286167,0.283003,0.28588,0.283003,0.283182,0.286167,1,0,0.00119604,0,-0.00123252,0.000204836,0.0025765,0.00265123,0.00215268,0.00055844,0.000652428,-4.71316e-06,0.00328594,0.00756138,-0.0008616,-0.0256895,0.0372229,11.8284,11.8285,0,0.800352
1.39,hold 2.0m,-0.000429458,0.0132988,-0.00102891,-0.000768365,0,0,-0.00106795,-0.00522763,0.00347705,1.90633,2.04633,1.83699,0.132982,2,0,0.283962,0.282705,0.283913,0.282756,0.283962,0.282756,0.282705,0.283913,1,0,0.00119604,0,0.000266545,2.98801e-06,0.00106074,0.00309087,0.00229605,0.000591743,0.000667423,-4.82836e-06,0.00335707,-0.00536494,-0.0013253,-0.0204923,-0.116108,11.8014,11.802,0,0.806908
1.4,hold 2.0m,-0.000441485,0.013349,-0.000955063,-0.00082486,0,0,-0.0012616,-0.00478051,0.00377934,1.90857,2.04857,1.83842,0.151747,2,0,0.282186,0.280582,0.282008,0.280575,0.282186,0.280575,0.280582,0.282008,1,0,0.000690534,0,0.000454009,-0.000350091,0.00133469,0.00287071,0.0024835,0.00058313,0.000681413,-4.82393e-06,0.00425296,0.00663983,-0.014803,0.0532333,0.0943063,11.6534,11.6539,0,0.812812
1.41,hold 2.0m,-0.000455543,0.0133947,-0.000927982,-0.00111267,0,0,-0.00149366,-0.00437755,0.00230791,1.91099,2.05099,1.82786,0.157458,2,0,0.282474,0.283018,0.282449,0.283293,0.282474,0.283293,0.283018,0.282449,1,0,0.00119604,0,0.00079796,0.000474845,-0.000610014,0.00278258,0.0033491,0.000584257,0.0007405,-4.57244e-06,-0.000339547,0.00814032,-0.0115849,0.0781611,-0.102924,11.6163,11.617,0,0.831823
1.42,hold 2.0m,-0.00047185,0.013437,-0.000695991,-0.00101296,0,0,-0.00170079,-0.00411196,0.0024165,1.91359,2.05359,1.82952,0.175043,2,0,0.281232,0.28038,0.28198,0.279933,0.281232,0.279933,0.28038,0.28198,1,0,0,0,-0.00316977,0.000569569,0.00127405,0.00208964,0.00304507,0.000546555,0.000718222,-4.70401e-06,0.0016518,0.00484204,-0.00639655,0.0506532,0.00302494,11.5864,11.5866,0,0.828154
1.43,hold 2.0m,-0.000489997,0.0134769,-0.000435991,-0.00085405,0,0,-0.00192082,-0.00386239,0.00153695,1.91635,2.05635,1.88308,0.243445,2,0,0.264195,0.264586,0.264362,0.264725,0.264195,0.264725,0.264586,0.264362,1,0,0.000976562,0,-7.59523e-05,0.000580478,-0.000331396,0.0013141,0.00257283,0.000504707,0.000686983,-4.67512e-06,0.0045884,0.00780721,-0.00408482,0.027733,0.0264699,11.3528,11.3528,0,0.821194
1.44,hold 2.0m,-0.000510843,0.0135146,-0.000452555,-0.000333166,0,0,-0.0022186,-0.00368642,0.00139798,1.91927,2.05927,1.88558,0.257254,2,0,0.261702,0.263395,0.261608,0.264055,0.261702,0.264055,0.263395,0.261608,1,0,0,0,0.00199817,0.00107162,-0.00181986,0.00135129,0.000986699,0.000513107,0.000579933,-4.79286e-06,-0.00373667,-0.00795332,0.00173096,-0.100004,-0.121379,11.0255,11.0266,0,0.793516
1.45,hold 2.0m,-0.000534588,0.0135509,-0.000801325,-0.000230297,0,0,-0.0025054,-0.00359468,0.00223449,1.9223,2.0623,1.86018,0.241109,2,0,0.267749,0.270175,0.267656,0.270229,0.267749,0.270229,0.270175,0.267656,1,0,0,0,0.000392691,-7.54497e-05,-0.00219748,0.00240888,0.000688741,0.000587837,0.000555224,-4.90831e-06,0.0038569,-0.000880478,0.00328826,0.0242851,-0.103133,10.9344,10.935,0,0.789909
1.46,hold 2.0m,-0.000561612,0.0135868,-0.000850704,-0.000604746,0,0,-0.00286315,-0.00357343,0.00234047,1.92545,2.06545,1.86264,0.251876,2,0,0.268554,0.266163,0.268288,0.266924,0.268554,0.266924,0.266163,0.268288,1,0,0,0,0.00272652,0.000939779,0.00165084,0.00255378,0.00181353,0.000600771,0.000624158,-4.7005e-06,0.0017121,0.000150034,0.000677767,0.0388944,-0.12624,10.7616,10.7624,0,0.813448
1.47,hold 2.0m,-0.000591942,0.0136227,-0.000738672,-0.000536977,0,0,-0.00315524,-0.00362816,0.00234947,1.9287,2.0687,1.90377,0.299343,2,0,0.257479,0.253261,0.257103,0.25351,0.257479,0.25351,0.253261,0.257103,1,0,0,0,0.0016579,-0.00024092,0.00343336,0.00221748,0.00162142,0.000586056,0.000610385,-4.80851e-06,0.0015587,0.00760793,-0.00468878,0.103365,-0.00285499,10.6768,10.6773,0,0.811477
1.48,hold 2.0m,-0.000624964,0.0136591,-0.000778493,-0.000451088,0,0,-0.00338592,-0.00368064,0.00275246,1.93202,2.07202,1.9068,0.306261,2,0,0.253911,0.254584,0.253882,0.254001,0.253911,0.254001,0.254584,0.253882,1,0,0.000976562,0,-0.00147012,-0.00115888,-0.000348004,0.00234526,0.00135314,0.000593908,0.000589208,-4.91963e-06,0.00711882,0.000499818,0.00502252,-0.0778165,-0.0661364,10.4105,10.411,0,0.808657
1.49,hold 2.0m,-0.000660295,0.013696,-0.000751454,-0.0005557,0,0,-0.00360924,-0.00370315,0.00269781,1.9354,2.0754,1.91796,0.318982,2,0,0.249955,0.251723,0.249566,0.251889,0.249955,0.251889,0.251723,0.249566,1,0,0.000690534,0,0.00147514,-0.000422014,-0.00179801,0.00224797,0.00167168,0.000591389,0.000610791,-4.81411e-06,-0.0036742,0.00366927,-0.00542074,0.0800214,-0.00788892,10.1368,10.1372,0,0.816733
1.5,hold 2.0m,-0.000697495,0.0137331,-0.000736126,-0.000606343,0,0,-0.00373296,-0.00373386,0.00304563,1.93881,2.07881,1.92116,0.321915,2,0,0.249519,0.250218,0.249793,0.250003,0.249519,0.250003,0.250218,0.249793,1,0,0.000976562,0,-0.00129663,0.00011197,-0.000399681,0.00220643,0.00183091,0.000589769,0.000619428,-4.79686e-06,-0.000708606,0.00854177,-0.000788512,0.0464903,0.0960604,10.1082,10.1088,0,0.821741
1.51,hold 2.0m,-0.000735784,0.0137705,-0.000990356,-0.00106587,0,0,-0.00385131,-0.00376338,0.00266579,1.94224,2.08224,1.92112,0.319972,2,0,0.249965,0.250118,0.250128,0.249915,0.249965,0.249915,0.250118,0.250128,1,0,0.00119604,0,-0.000971142,-7.54023e-05,2.65669e-05,0.00298566,0.00319732,0.000645639,0.000707018,-4.57123e-06,0.0103675,0.000517754,-0.00464779,-0.0201774,0.00105855,9.79235,9.79237,0,0.850384
1.52,hold 2.0m,-0.000775368,0.0138086,-0.00138646,-0.000933575,0,0,-0.00397992,-0.00385998,0.00239034,1.94567,2.08567,1.92433,0.320003,2,0,0.248934,0.249982,0.24817,0.250512,0.248934,0.250512,0.249982,0.24817,1,0,0.00169146,0,0.0034343,-0.000442685,-0.00149047,0.00414444,0.00280746,0.000721874,0.000680125,-5.24245e-06,-0.00923668,0.00516639,0.00267198,-0.0170219,-0.0368948,9.69868,9.69877,0,0.845665
1.53,hold 2.0m,-0.000815282,0.0138476,-0.00173235,-0.00105173,0,0,-0.003904,-0.00393836,0.00233223,1.94909,2.08909,1.95985,0.349273,2,0,0.239257,0.240272,0.239518,0.24085,0.239257,0.24085,0.240272,0.239518,1,0,0.0020716,0,0.000842805,0.00158808,-0.00103205,0.00520033,0.00315549,0.000794195,0.000697792,-5.69812e-06,0.00299999,0.000876005,0.0100646,0.0851352,-0.0768556,9.56271,9.5634,0,0.85563
1.54,hold 2.0m,-0.000854096,0.0138878,-0.00160749,-0.000988848,0,0,-0.00376818,-0.00412273,0.00210354,1.95248,2.09248,1.96332,0.345699,2,0,0.239658,0.239581,0.239834,0.239362,0.239658,0.239362,0.239581,0.239834,1,0,0.00195312,0,-0.00104889,-8.24313e-05,0.000241499,0.00482871,0.00296681,0.000770735,0.000685733,-5.76151e-06,0.00492977,0.000851958,0.00545325,-0.0725211,-0.025232,9.43999,9.4403,0,0.853785
1.55,hold 2.0m,-0.00089145,0.01393,-0.00179549,-0.000499794,0,0,-0.00361473,-0.00432787,0.00253511,1.95582,2.09582,1.97589,0.348944,2,0,0.237371,0.236174,0.237953,0.236084,0.237371,0.236084,0.236174,0.237953,1,0,0.00169146,0,-0.00178551,0.000932882,0.00134748,0.00540337,0.0015118,0.00080776,0.000583574,-7.28516e-06,0.0120745,0.00888062,-0.00920195,-0.0218868,0.0732459,9.16395,9.16427,0,0.828764
1.56,hold 2.0m,-0.000926746,0.0139745,-0.00178968,-0.000530961,0,0,-0.00335275,-0.00459679,0.00196904,1.9591,2.0991,1.97934,0.341944,2,0,0.237426,0.236038,0.237308,0.236617,0.237426,0.236617,0.236038,0.237308,1,0,0.00119604,0,0.00184869,0.000874287,0.000913952,0.00536911,0.001607,0.000805697,0.000590059,-7.21892e-06,0.000851895,0.00998307,0.00864738,0.0173099,0.0044377,8.99724,8.99725,0,0.832948
1.57,hold 2.0m,-0.000958821,0.0140218,-0.00153772,-0.00111948,0,0,-0.00301975,-0.00488306,0.000821638,1.96229,2.10229,2.00719,0.356267,2,0,0.230373,0.229814,0.230146,0.230613,0.230373,0.230613,0.229814,0.230146,1,0,0.00154408,0,0.0027214,0.00108261,4.05934e-05,0.00460174,0.00336439,0.000758973,0.000706761,-6.18395e-06,-0.00684396,0.00467264,0.00323552,-0.00133617,-0.0575469,8.86968,8.86987,0,0.868483
1.58,hold 2.0m,-0.00098768,0.0140721,-0.00181774,-0.00141859,0,0,-0.00270593,-0.00520153,0.000694084,1.96538,2.10538,2.0107,0.345883,2,0,0.230586,0.230662,0.229833,0.230842,0.230586,0.230842,0.230662,0.229833,1,0,0.00195312,0,0.00247254,-0.00108614,-0.000476532,0.00544744,0.00425915,0.000815175,0.00076974,-5.83322e-06,-0.0030513,0.00303621,-0.00348181,0.0151209,-0.0504179,8.66288,8.66304,0,0.889192
1.59,hold 2.0m,-0.00101306,0.0141253,-0.00162352,-0.00147308,0,0,-0.0023202,-0.00542139,0.000622331,1.96836,2.10836,2.01237,0.332371,2,0,0.232367,0.230248,0.232076,0.230785,0.232367,0.230785,0.230248,0.232076,1,0,0.00195312,0,0.00219363,0.000465444,0.00149894,0.00486484,0.00440178,0.000781138,0.000781355,-5.44924e-06,-0.00303884,-0.0108354,-0.0101508,0.0811566,-0.0869909,8.56899,8.56982,0,0.894733
1.6,hold 2.0m,-0.00103414,0.0141805,-0.00158595,-0.00111109,0,0,-0.00185335,-0.00564888,0.000286117,1.9712,2.1112,2.01563,0.319599,2,0,0.233251,0.2303,0.23348,0.230549,0.233251,0.230549,0.2303,0.23348,1,0,0.00169146,0,5.41003e-05,0.000905648,0.00258562,0.00476582,0.00334388,0.000776572,0.000715116,-6.15693e-06,0.0061052,0.00777139,0.00669536,0.0354499,-0.0437197,8.55853,8.55872,0,0.877047
1.61,hold 2.0m,-0.00105041,0.0142381,-0.00161601,-0.000990622,0,0,-0.00139435,-0.00589324,0.000650452,1.97392,2.11392,1.96583,0.256935,2,0,0.246467,0.247784,0.24592,0.24792,0.246467,0.24792,0.247784,0.24592,1,0,0.000976562,0,0.00181353,-0.000779357,-0.00145777,0.00486354,0.00295703,0.000791416,0.000692992,-6.48153e-06,0.011149,-0.00921777,0.0132253,0.0474108,-0.0250152,8.41287,8.41304,0,0.873482
1.62,hold 2.0m,-0.00106246,0.0142984,-0.0018023,-0.00139603,0,0,-0.000948527,-0.00619383,0.00248054,1.9765,2.1165,1.96834,0.244252,2,0,0.247717,0.247843,0.247583,0.247729,0.247717,0.247729,0.247843,0.247583,1,0,0.00195312,0,5.06249e-05,-0.000470526,-0.000119497,0.00541016,0.004206,0.00083284,0.000777473,-5.79262e-06,0.00298893,0.0127416,-0.00956775,0.1144,0.0135426,8.59756,8.59833,0,0.900596
1.63,hold 2.0m,-0.00107048,0.0143615,-0.00167664,-0.00171754,0,0,-0.000582955,-0.00640568,0.00153218,1.97895,2.11895,1.98099,0.241669,2,0,0.246633,0.24443,0.246876,0.2443,0.246633,0.2443,0.24443,0.246876,1,0,0.00239208,0,-0.000991946,0.000215229,0.0021008,0.00503914,0.00516262,0.000811423,0.000845214,-5.02364e-06,0.00695917,0.0075131,0.000921373,-0.00498457,0.00543438,8.60262,8.60262,0,0.922257
1.64,hold 2.0m,-0.001075,0.014426,-0.00175859,-0.00165642,0,0,-0.000293451,-0.00649543,0.000647037,1.98129,2.12129,1.98335,0.230126,2,0,0.245523,0.246617,0.245567,0.24695,0.245523,0.24695,0.246617,0.245567,1,0,0.0020716,0,0.000765559,0.000713267,-0.00108912,0.00526612,0.0049643,0.000831545,0.000837876,-5.34414e-06,-0.00557601,-0.0024823,0.0117065,-0.00047527,-0.0937818,8.59606,8.59658,0,0.92265
1.65,hold 2.0m,-0.00107722,0.0144917,-0.00175109,-0.00199568,0,0,-0.000129056,-0.00666464,0.00110379,1.98352,2.12352,1.99678,0.229283,2,0,0.241927,0.245219,0.242465,0.245185,0.241927,0.245185,0.245219,0.242465,1,0,0.00248976,0,-0.00151726,0.000955295,-0.00264264,0.00525257,0.00599495,0.000840734,0.000909148,-4.47784e-06,0.000402062,0.00617124,0.00966146,0.0199752,-0.013716,8.66393,8.66396,0,0.945803
1.66,hold 2.0m,-0.00107828,0.0145593,-0.00174128,-0.00199795,0,0,-6.33574e-05,-0.0068375,0.000541401,1.98563,2.12563,1.99902,0.218279,2,0,0.244049,0.244698,0.244272,0.244086,0.244049,0.244086,0.244698,0.244272,1,0,0.00267443,0,-0.00221341,-0.000737,-0.000203859,0.00523569,0.00600417,0.000850502,0.000918868,-4.39125e-06,0.00875093,0.00780792,-0.00685752,0.0826465,0.0325937,8.72738,8.72783,0,0.949772
1.67,hold 2.0m,-0.00107933,0.0146278,-0.00163844,-0.00183631,0,0,-0.00012613,-0.0068837,0.000944516,1.98763,2.12763,1.98445,0.192405,2,0,0.249738,0.248673,0.250168,0.248999,0.249738,0.248999,0.248673,0.250168,1,0,0.00229024,0,-0.000278662,0.00143312,0.000982155,0.00490766,0.00551366,0.00084081,0.00089211,-4.57526e-06,-0.00424949,0.00402802,0.00467519,0.100802,-0.000707464,8.78966,8.79024,0,0.944205
1.68,hold 2.0m,-0.00108112,0.0146973,-0.00151434,-0.00185647,0,0,-0.000193322,-0.00703581,0.00102895,1.98953,2.12953,1.98632,0.182387,2,0,0.25134,0.248202,0.251635,0.248642,0.25134,0.248642,0.248202,0.251635,1,0,0.00229024,0,0.000386748,0.00139315,0.00269464,0.00454413,0.0055933,0.000825074,0.000904232,-4.32841e-06,0.00156204,0.0168291,-0.00650698,0.0317863,0.0392203,8.79548,8.79562,0,0.9491
1.69,hold 2.0m,-0.00108293,0.0147688,-0.001757,-0.0018425,0,0,-0.0001313,-0.00729173,0.00131394,1.99133,2.13133,1.99198,0.176259,2,0,0.250696,0.248384,0.250615,0.248102,0.250696,0.248102,0.248384,0.250615,1,0,0.00195312,0,-0.000530738,-0.000688668,0.00212095,0.00526895,0.00554013,0.000874842,0.00090587,-5.10152e-06,-0.00049465,0.00932015,-0.00169836,-0.0258322,0.0492957,8.91795,8.91812,0,0.952907
1.7,hold 2.0m,-0.00108412,0.0148433,-0.00173886,-0.00167905,0,0,-6.64502e-05,-0.00762681,0.00102677,1.99304,2.13304,1.99369,0.16706,2,0,0.249263,0.25044,0.249468,0.250675,0.249263,0.250675,0.25044,0.249468,1,0,0.00248976,0,7.94819e-05,0.00083337,-0.00104757,0.00523003,0.00503946,0.000873853,0.000875657,-5.37657e-06,0.00983172,0.00242308,-0.0046682,0.0325548,0.000198269,8.89812,8.89818,0,0.947768
1.71,hold 2.0m,-0.0010844,0.0149212,-0.00145582,-0.00161138,0,0,7.01584e-05,-0.00796814,0.00168777,1.99465,2.13465,1.9546,0.122404,2,0,0.261023,0.261984,0.260865,0.261891,0.261023,0.261891,0.261984,0.260865,1,0,0.00218366,0,0.000171758,-0.000477883,-0.000873102,0.00436894,0.00484154,0.000823361,0.000868469,-5.08851e-06,0.00180404,0.00581297,0.000751623,0.0956886,-0.0106168,8.97628,8.97679,0,0.947798
1.72,hold 2.0m,-0.00108319,0.0150021,-0.0014658,-0.00168778,0,0,0.00023523,-0.00821067,0.00104399,1.99619,2.13619,1.95578,0.115793,2,0,0.261806,0.261829,0.261687,0.262049,0.261806,0.262049,0.261829,0.261687,1,0,0.0020716,0,0.000898507,0.000190619,-0.000169085,0.00440077,0.0050723,0.000827978,0.000893288,-4.93818e-06,0.00307984,0.00686074,-0.000946132,0.111068,0.0622778,9.21914,9.22002,0,0.956829
1.73,hold 2.0m,-0.00108005,0.015085,-0.00116466,-0.00179064,0,0,0.000440912,-0.00834763,0.00127649,1.99768,2.13768,1.97242,0.123955,2,0,0.258296,0.257229,0.258791,0.257527,0.258296,0.257527,0.257229,0.258791,1,0,0.0020716,0,-0.000524609,0.00150191,0.00102431,0.00349195,0.00539814,0.000781409,0.000922308,-4.35054e-06,-0.000573948,0.0184146,-0.00452267,0.0339987,0.00247338,9.26251,9.26258,0,0.967169
1.74,hold 2.0m,-0.00107517,0.015169,-0.00119409,-0.00162358,0,0,0.000559416,-0.00842824,0.00176479,1.99911,2.13911,1.97363,0.119278,2,0,0.259185,0.257215,0.25932,0.256938,0.259185,0.256938,0.257215,0.25932,1,0,0.00182698,0,-0.00109432,-0.000269094,0.00191294,0.00358081,0.00487928,0.000798257,0.000899675,-4.78734e-06,-0.000187296,0.00660794,-0.00413711,0.120163,-0.0498042,9.3763,9.3772,0,0.962428
1.75,hold 2.0m,-0.00106962,0.015253,-0.000999045,-0.00149664,0,0,0.000575315,-0.00836275,0.001281,2.00049,2.14049,1.98547,0.12447,2,0,0.255604,0.255197,0.255533,0.255478,0.255604,0.255478,0.255197,0.255533,1,0,0.00119604,0,0.00093216,0.00039894,0.000202779,0.00302024,0.00448808,0.000768635,0.000884647,-4.55861e-06,0.0161948,-0.00035588,0.0123368,-0.0309922,-0.0570192,9.41636,9.41658,0,0.959919
1.76,hold 2.0m,-0.00106406,0.0153361,-0.000803535,-0.00135852,0,0,0.000575711,-0.00826991,0.0014948,2.00183,2.14183,1.98669,0.120455,2,0,0.256856,0.254187,0.256746,0.254561,0.256856,0.254561,0.254187,0.256746,1,0,0.00154408,0,0.00128535,0.000500995,0.0021333,0.00241192,0.00408389,0.000741657,0.000865857,-4.51171e-06,0.00160831,0.00643527,-0.00951574,-0.0957432,-0.0133892,9.49208,9.49257,0,0.956834
1.77,hold 2.0m,-0.00105884,0.0154186,-0.000836814,-0.00126119,0,0,0.000490185,-0.00823531,0.00124903,2.00313,2.14313,1.97933,0.109221,2,0,0.258677,0.257039,0.259401,0.256896,0.258677,0.256896,0.257039,0.259401,1,0,0.00138107,0,-0.00230051,0.00110292,0.00182125,0.00251984,0.00378111,0.000761901,0.000856993,-4.69248e-06,0.00702025,-0.000773063,-0.00549239,0.015275,0.0537088,9.49235,9.49251,0,0.95596
1.78,hold 2.0m,-0.00105508,0.0155007,-0.00101388,-0.00125903,0,0,0.000250768,-0.0081798,0.000926582,2.0044,2.1444,1.9804,0.105926,2,0,0.258278,0.258005,0.258306,0.257806,0.258278,0.257806,0.258005,0.258306,1,0,0.00169146,0,-0.000601708,-0.000324018,0.000339543,0.00304583,0.00379448,0.000800386,0.000861191,-4.88481e-06,0.00360118,0.0124469,-0.000676502,-0.0511253,0.0812774,9.47847,9.47896,0,0.960499
1.79,hold 2.0m,-0.00105411,0.0155823,-0.00089189,-0.000955237,0,0,-2.9187e-05,-0.00812782,0.00213538,2.00563,2.14563,1.97601,0.0984491,2,0,0.259936,0.259639,0.260044,0.258839,0.259936,0.258839,0.259639,0.260044,1,0,0.00119604,0,-0.00240789,-0.00131092,0.000660194,0.00267944,0.00286872,0.000785313,0.000811385,-5.15734e-06,0.00330675,0.00280893,0.00723916,0.0226372,0.13705,9.57252,9.57352,0,0.947785
1.8,hold 2.0m,-0.00105624,0.015663,-0.0010886,-0.00126944,0,0,-0.00036056,-0.00802565,0.00162877,2.00684,2.14684,1.97698,0.0962406,2,0,0.259083,0.260041,0.259333,0.260077,0.259083,0.260077,0.260041,0.259333,1,0,0.00154408,0,-0.000563934,0.000542808,-0.00074788,0.00326892,0.00381409,0.00082884,0.000874348,-5.07783e-06,0.00289691,0.00472207,-0.000615213,0.107625,0.0986478,9.6371,9.6382,0,0.97041
1.81,hold 2.0m,-0.00106181,0.0157433,-0.00123899,-0.0012993,0,0,-0.000735285,-0.00802877,0.000964297,2.00802,2.14802,1.95844,0.0773513,2,0,0.265174,0.264738,0.26484,0.26471,0.265174,0.26471,0.264738,0.26484,1,0,0.00154408,0,0.000810029,-0.000685465,0.000249011,0.0037322,0.00391811,0.000865053,0.000883238,-5.2508e-06,0.0110229,0.014358,0.00153855,-0.0045996,-0.00283988,9.59934,9.59935,0,0.976804
1.82,hold 2.0m,-0.00107131,0.0158234,-0.00124722,-0.00157893,0,0,-0.00111982,-0.00798794,0.00170181,2.00919,2.14919,1.9592,0.0763781,2,0,0.265386,0.264359,0.266009,0.263536,0.265386,0.263536,0.264359,0.266009,1,0,0.00182698,0,-0.00383437,-0.000378839,0.00153854,0.00374887,0.00474661,0.000867675,0.000941857,-4.72825e-06,0.00567885,0.00748775,-0.000609697,0.0398408,0.0407698,9.78756,9.78772,0,0.997413
1.83,hold 2.0m,-0.00108438,0.0159029,-0.000950822,-0.00161841,0,0,-0.00146597,-0.00793254,0.000288654,2.01035,2.15035,1.98674,0.098906,2,0,0.256865,0.258057,0.257172,0.258111,0.256865,0.258111,0.258057,0.257172,1,0,0.000976562,0,-0.000669191,0.000682298,-0.0009368,0.00284824,0.00487299,0.000818617,0.00095762,-4.1397e-06,-0.00199488,0.0127875,-7.85973e-05,0.145093,0.0503588,9.64837,9.64959,0,1.00415
1.84,hold 2.0m,-0.00110057,0.0159825,-0.00149012,-0.00159767,0,0,-0.00176664,-0.00800432,0.000968238,2.0115,2.1515,1.98773,0.0983752,2,0,0.25697,0.258075,0.25689,0.257687,0.25697,0.257687,0.258075,0.25689,1,0,0.00195312,0,-0.000816472,-0.000886781,-0.000835841,0.0044695,0.0048029,0.000921794,0.000963116,-4.59004e-06,0.000360749,0.00755148,0.00499988,0.051468,0.0481468,9.66658,9.66684,0,1.00785
1.85,hold 2.0m,-0.00111993,0.0160629,-0.00115339,-0.00150141,0,0,-0.00205467,-0.00812065,0.00176567,2.01264,2.15264,1.96894,0.0807879,2,0,0.263951,0.261406,0.263801,0.261079,0.263951,0.261079,0.261406,0.263801,1,0,0.00182698,0,-0.000466729,-0.000903007,0.00231498,0.00344893,0.00452874,0.000865589,0.000953355,-4.42409e-06,-0.00662693,0.017291,-0.00290589,0.0892356,0.0103449,9.69608,9.69649,0,1.00663
1.86,hold 2.0m,-0.0011418,0.0161448,-0.0011384,-0.00147955,0,0,-0.00228977,-0.00826753,0.000196984,2.01378,2.15378,1.96975,0.0805864,2,0,0.262182,0.262623,0.262034,0.262876,0.262182,0.262876,0.262623,0.262034,1,0,0.00138107,0,0.00106545,0.000200129,-0.000563999,0.00340636,0.00444577,0.000867161,0.000955916,-4.57705e-06,-0.00504488,0.00570844,-0.0101279,0.0671244,0.0541792,9.79436,9.79474,0,1.01006
1.87,hold 2.0m,-0.00116582,0.016228,-0.000965964,-0.00162616,0,0,-0.00250402,-0.00838009,0.000329285,2.01491,2.15491,1.98291,0.090952,2,0,0.259331,0.25903,0.258812,0.258766,0.259331,0.258766,0.25903,0.258812,1,0,0.000976562,0,0.000677466,-0.00148318,0.000151954,0.00290328,0.00489287,0.000840565,0.000990983,-4.23002e-06,0.00442118,0.0105976,-0.00636073,0.0911893,0.0417761,9.69488,9.6954,0,1.02326
1.88,hold 2.0m,-0.00119141,0.0163122,-0.000978168,-0.00127048,0,0,-0.00257705,-0.00847314,0.00166648,2.01604,2.15604,1.98382,0.09072,2,0,0.25923,0.258415,0.25919,0.258491,0.25923,0.258491,0.258415,0.25919,1,0,0.000976562,0,0.000305266,6.69464e-05,0.000665601,0.00291708,0.00381922,0.000842692,0.000929911,-4.80929e-06,-0.0107676,0.00610237,0.00624665,0.0993323,0.0402048,9.79206,9.79265,0,1.00772
1.89,hold 2.0m,-0.00121723,0.016397,-0.00139135,-0.00113579,0,0,-0.00248984,-0.00846991,0.00189442,2.01717,2.15717,1.98923,0.0941655,2,0,0.257818,0.257281,0.257571,0.25727,0.257818,0.25727,0.257281,0.257571,1,0,0.00154408,0,0.000625275,-0.000486432,0.00036839,0.00418673,0.00342998,0.000922369,0.000916475,-5.29794e-06,0.00937492,0.0159814,0.00213199,-0.057906,-0.0578117,9.73695,9.7373,0,1.00493
1.9,hold 2.0m,-0.00124173,0.0164814,-0.00108391,-0.00111764,0,0,-0.00231781,-0.00836883,0.00161346,2.01829,2.15829,1.99017,0.093732,2,0,0.256323,0.25826,0.256667,0.258125,0.256323,0.258125,0.25826,0.256667,1,0,0.00119604,0,-0.00127208,0.000397172,-0.00149239,0.00325235,0.00335085,0.000868407,0.000922189,-5.18117e-06,0.0012852,-0.000466019,0.00180098,0.0179923,-0.0126287,9.86663,9.86665,0,1.00865
1.91,hold 2.0m,-0.00126461,0.0165644,-0.000620498,-0.00132226,0,0,-0.00220462,-0.00819419,0.00270512,2.0194,2.1594,2.00973,0.108461,2,0,0.253451,0.250868,0.253621,0.251181,0.253451,0.251181,0.250868,0.253621,1,0,0.000690534,0,0.000376333,0.000915485,0.00220775,0.00185598,0.00397576,0.000792178,0.000964982,-5.09129e-06,-0.00288477,0.00694508,0.000189857,0.0824877,0.0500257,9.66724,9.66772,0,1.02565
1.92,hold 2.0m,-0.00128695,0.0166454,-0.000380728,-0.00113684,0,0,-0.00219825,-0.00804027,0.0028667,2.02049,2.16049,2.01081,0.10695,2,0,0.254147,0.250417,0.25393,0.250293,0.254147,0.250293,0.250417,0.25393,1,0,0,0,0.000247412,-0.0006466,0.00323805,0.00112899,0.0034211,0.000752842,0.000939621,-4.96795e-06,-0.00805039,0.00800004,-0.00704132,0.000391761,-0.0361984,9.61388,9.61395,0,1.02028
1.93,hold 2.0m,-0.0013097,0.016725,-0.000100878,-0.000978647,0,0,-0.00230011,-0.00782286,0.00147578,2.02157,2.16157,2.02531,0.115678,2,0,0.248068,0.249583,0.247569,0.249337,0.248068,0.249337,0.249583,0.247569,1,0,0.000690534,0,0.000668809,-0.00141189,-0.00144266,0.000289565,0.00294793,0.000704752,0.000924198,-4.72967e-06,-0.00801597,0.00891904,-0.00878489,-0.0156065,-0.0413897,9.51236,9.51246,0,1.01674
1.94,hold 2.0m,-0.00133347,0.0168014,-0.000151995,-0.000932432,0,0,-0.00241955,-0.00744516,0.000534324,2.02261,2.16261,2.02645,0.112676,2,0,0.24839,0.249336,0.247899,0.249091,0.24839,0.249091,0.249336,0.247899,1,0,0,0,0.000653494,-0.00139454,-0.000940395,0.000454997,0.0028031,0.000718084,0.000920004,-4.75661e-06,5.47131e-05,0.00478731,-0.00453923,0.00295735,-0.0282395,9.50289,9.50293,0,1.01838
1.95,hold 2.0m,-0.00135861,0.0168738,2.71419e-05,-0.00111011,0,0,-0.0025933,-0.00701898,0.00143863,2.02362,2.16362,2.04311,0.121641,2,0,0.244574,0.244834,0.244797,0.244521,0.244574,0.244521,0.244834,0.244797,1,0,0,0,-0.00142211,-0.000171636,7.34402e-06,-8.94385e-05,0.00333931,0.000691147,0.000961433,-4.95478e-06,-0.00466016,0.00693863,-0.00848627,0.144266,-0.00709054,9.2742,9.27533,0,1.03347
1.96,hold 2.0m,-0.00138573,0.016942,-0.00037799,-0.00148875,0,0,-0.00281293,-0.00659118,0.00152393,2.02457,2.16457,2.0443,0.116616,2,0,0.244793,0.24531,0.244715,0.24476,0.244793,0.24476,0.24531,0.244715,1,0,0.000690534,0,-0.00125105,-0.00118948,-0.000247057,0.00113355,0.00447175,0.000766901,0.00103588,-5.96416e-06,0.000473787,0.00471293,-0.00691423,0.0333932,0.0146742,9.26249,9.26256,0,1.05769
1.97,hold 2.0m,-0.00141545,0.0170059,-0.000353031,-0.00146471,0,0,-0.00310263,-0.00615898,0.00139549,2.02547,2.16547,2.03917,0.105578,2,0,0.246774,0.246846,0.246908,0.246867,0.246774,0.246867,0.246846,0.246908,1,0,0.00154408,0,-0.000301251,0.000294687,-1.38591e-05,0.00105592,0.00438229,0.000767029,0.00103795,-5.96507e-06,-0.00135511,-0.00685695,-0.00362566,0.0103523,-0.108396,9.11676,9.11741,0,1.06015
1.98,hold 2.0m,-0.00144797,0.0170656,-0.000591648,-0.00166859,0,0,-0.00333375,-0.00579366,0.00158607,2.02631,2.16631,2.0402,0.0992734,2,0,0.247156,0.247262,0.247076,0.247397,0.247156,0.247397,0.247262,0.247076,1,0,0.00154408,0,0.00057115,0.00010337,-0.000187562,0.00179435,0.00498969,0.000810153,0.00107694,-6.37121e-06,0.01375,-0.00965538,-0.000374602,-0.0331831,-0.056751,9.23926,9.2395,0,1.07468
1.99,hold 2.0m,-0.00148229,0.0171225,-0.000819759,-0.00167082,0,0,-0.00349174,-0.00566324,0.00186955,2.02708,2.16708,2.04595,0.096792,2,0,0.245027,0.247548,0.245257,0.247538,0.245027,0.247538,0.247548,0.245257,1,0,0.00119604,0,-0.000638571,0.000415853,-0.00211093,0.00245637,0.00500763,0.000854036,0.00107515,-6.95745e-06,-0.00109205,-0.00214906,-0.0071153,0.11875,0.0574077,9.09678,9.09773,0,1.07767
2,hold 2.0m,-0.00151848,0.0171795,-0.00102578,-0.00214628,0,0,-0.00366467,-0.0057712,0.00278205,2.02778,2.16778,2.04688,0.0897038,2,0,0.24714,0.246462,0.246759,0.246836,0.24714,0.246836,0.246462,0.246759,1,0,0.0020716,0,0.00200182,-1.37669e-05,0.000263759,0.00308707,0.00642935,0.000894615,0.00115901,-6.41167e-06,0.00736289,-0.00516026,-0.00666703,0.0863382,-0.0557176,9.06932,9.06991,0,1.10792
2.01,hold 2.0m,-0.00155585,0.017238,-0.0011871,-0.00222539,0,0,-0.00367786,-0.00594084,0.00306694,2.02841,2.16841,2.02941,0.0678801,2,0,0.252393,0.251712,0.252103,0.252117,0.252393,0.252117,0.251712,0.252103,1,0,0.00229024,0,0.00184582,0.00021812,0.000292929,0.003541,0.00666974,0.000923913,0.0011764,-6.66835e-06,-0.0125982,-0.00311796,0.00565173,0.078159,-0.069509,9.04434,9.04495,0,1.11568
2.02,hold 2.0m,-0.0015928,0.0172982,-0.00138697,-0.0022991,0,0,-0.00360426,-0.00613303,0.00277206,2.02897,2.16897,2.03006,0.0609994,2,0,0.252144,0.252516,0.25222,0.253468,0.252144,0.253468,0.252516,0.25222,1,0,0.00239208,0,0.00232387,0.00194798,-0.000711613,0.00415355,0.00690621,0.000960577,0.00119021,-7.27303e-06,-0.00396185,0.00713328,-0.00451271,0.154136,-0.156903,9.11775,9.12041,0,1.12327
2.03,hold 2.0m,-0.00162876,0.0173607,-0.00158432,-0.00229309,0,0,-0.00344319,-0.00641068,0.00299558,2.02946,2.16946,2.02199,0.0476976,2,0,0.255237,0.255555,0.25561,0.254897,0.255237,0.254897,0.255555,0.25561,1,0,0.00258374,0,-0.00273356,-0.000540583,0.000173601,0.00474296,0.00689853,0.000994972,0.00119201,-8.03964e-06,-0.00565368,0.014022,0.00481749,0.0145994,0.0378558,9.15365,9.15374,0,1.1265
2.04,hold 2.0m,-0.00166252,0.0174261,-0.00168832,-0.00226322,0,0,-0.00316754,-0.00665876,0.00265222,2.02989,2.16989,2.02244,0.0420172,2,0,0.255549,0.25563,0.256235,0.255648,0.255549,0.255648,0.25563,0.256235,1,0,0.00276214,0,-0.00176979,0.00133402,0.000222752,0.00506104,0.00679903,0.00101405,0.00119075,-8.47502e-06,-0.00159479,0.00743347,-0.000795194,-0.0211505,-0.0598994,9.33092,9.33114,0,1.12856
2.05,hold 2.0m,-0.00169294,0.0174939,-0.00193673,-0.00218403,0,0,-0.00282925,-0.00693818,0.00290473,2.03026,2.17026,2.0257,0.0391184,2,0,0.255598,0.254982,0.255849,0.255214,0.255598,0.255214,0.254982,0.255849,1,0,0.00284714,0,-5.06901e-05,0.000915046,0.00054986,0.00583235,0.00654826,0.0010637,0.00117875,-9.57053e-06,0.0158495,-0.00138047,-0.00264964,-0.0779905,-0.0635353,9.28419,9.28473,0,1.12806
2.06,hold 2.0m,-0.00172027,0.0175649,-0.00223323,-0.00196749,0,0,-0.00251445,-0.00729684,0.00177169,2.03058,2.17058,2.02606,0.0342039,2,0,0.25533,0.25613,0.255566,0.256127,0.25533,0.256127,0.25613,0.255566,1,0,0.00267443,0,-0.0006357,0.000442488,-0.000598461,0.00670808,0.00590974,0.00111764,0.00114215,-1.14179e-05,0.00671686,0.00599021,-0.00118489,-0.0231011,0.0477744,9.32056,9.32071,0,1.12011
2.07,hold 2.0m,-0.00174398,0.0176395,-0.00205036,-0.00216744,0,0,-0.00214765,-0.0076485,0.00204534,2.03085,2.17085,2.01523,0.0208165,2,0,0.260078,0.25784,0.259901,0.258412,0.260078,0.258412,0.25784,0.259901,1,0,0.00267443,0,0.00198929,0.000747403,0.00163801,0.00614387,0.00651238,0.00108759,0.0011789,-1.01056e-05,-0.00369723,0.00786286,0.00848439,0.0084896,-0.118848,9.36756,9.36831,0,1.13554
2.08,hold 2.0m,-0.00176391,0.0177177,-0.00220553,-0.00190192,0,0,-0.00175272,-0.00799342,0.00312959,2.03109,2.17109,2.01542,0.0170362,2,0,0.259447,0.259618,0.258956,0.259482,0.259447,0.259482,0.259618,0.258956,1,0,0.00248976,0,0.000945621,-0.00118787,-0.000306429,0.0066149,0.00568967,0.00111844,0.00113923,-1.13822e-05,1.0515e-05,-0.0096045,0.00404939,0.0450686,-0.126723,9.5379,9.53885,0,1.125
2.09,hold 2.0m,-0.00178023,0.0177985,-0.00179766,-0.00216734,0,0,-0.00140028,-0.0081724,0.00222639,2.03128,2.17128,2.01608,0.0143104,2,0,0.260372,0.258426,0.260701,0.258501,0.260372,0.258501,0.258426,0.260701,1,0,0.00284714,0,-0.000673281,0.00076346,0.00182212,0.00539538,0.00649546,0.00105181,0.00119091,-9.47622e-06,0.00264159,-0.00316249,-0.00633035,0.0915295,-0.0115762,9.54696,9.54741,0,1.14444
2.1,hold 2.0m,-0.00179324,0.017881,-0.00179697,-0.00190865,0,0,-0.00112775,-0.00835055,0.00253079,2.03145,2.17145,2.01621,0.0115854,2,0,0.26053,0.259073,0.260138,0.259145,0.26053,0.259145,0.259073,0.260138,1,0,0.00248976,0,0.00123172,-0.000606421,0.00107711,0.00540871,0.00573039,0.00105767,0.00115419,-1.01415e-05,0.0129478,0.00408768,0.0106933,0.0117787,-0.00439149,9.5186,9.51861,0,1.13436
2.11,hold 2.0m,-0.00180366,0.0179648,-0.0014822,-0.00182575,0,0,-0.000851892,-0.00837426,0.00207631,2.03159,2.17159,2.01482,0.00836499,2,0,0.259758,0.260699,0.259756,0.260912,0.259758,0.260912,0.260699,0.259756,1,0,0.0020716,0,0.000571469,0.000400073,-0.000921335,0.0044581,0.00546749,0.00100821,0.00114837,-9.61187e-06,0.00865537,-0.00532993,-0.0119979,-0.0810318,-0.0365067,9.65182,9.65223,0,1.13448
2.12,hold 2.0m,-0.00181119,0.0180486,-0.00151042,-0.00141679,0,0,-0.000570187,-0.0084297,0.000773648,2.03171,2.17171,2.0149,0.00651246,2,0,0.259888,0.260916,0.259653,0.261273,0.259888,0.261273,0.260916,0.259653,1,0,0.00195312,0,0.00157157,0.000229584,-0.00116377,0.0045264,0.00427202,0.00101777,0.00108351,-1.03276e-05,-0.00220168,0.0155074,0.0084349,0.0132165,-0.146209,9.61331,9.61443,0,1.11584
2.13,hold 2.0m,-0.00181551,0.0181337,-0.00183816,-0.00111063,0,0,-0.000227439,-0.00862283,0.00112326,2.03182,2.17182,2.01896,0.00830645,2,0,0.260407,0.258724,0.260207,0.258657,0.260407,0.258657,0.258724,0.260207,1,0,0.00182698,0,0.000351608,-0.000504953,0.00142106,0.00553682,0.00334079,0.00108198,0.00103117,-1.11501e-05,0.0159874,0.00695191,0.00320985,0.152104,0.0747162,9.62649,9.62799,0,1.10313
2.14,hold 2.0m,-0.00181644,0.0182209,-0.00191158,-0.00149642,0,0,0.000101762,-0.00883329,0.00132968,2.03191,2.17191,2.01903,0.00710208,2,0,0.259207,0.259896,0.259569,0.259704,0.259207,0.259704,0.259896,0.259569,1,0,0.00229024,0,-0.00147222,0.000322163,-0.00036174,0.00575374,0.00449556,0.00110128,0.00110526,-1.02782e-05,0.0137835,0.00530781,0.00341304,0.00342609,0.167831,9.71386,9.71531,0,1.13027
2.15,hold 2.0m,-0.0018143,0.0183102,-0.00185316,-0.00120067,0,0,0.000393593,-0.00903561,0.00125061,2.03199,2.17199,2.01432,0.00239709,2,0,0.261688,0.260214,0.261156,0.260577,0.261688,0.260577,0.260214,0.261156,1,0,0.00195312,0,0.00237473,-0.000319176,0.000902414,0.00557004,0.00361505,0.00109628,0.0010602,-1.09545e-05,0.00815041,0.00974382,0.00858677,0.0705472,-0.00282719,9.67966,9.67992,0,1.11842
2.16,hold 2.0m,-0.00180936,0.0184013,-0.00183263,-0.00135987,0,0,0.000652343,-0.00919154,0.00138585,2.03206,2.17206,2.01434,0.00173778,2,0,0.26106,0.260306,0.261393,0.261096,0.26106,0.261096,0.260306,0.261393,1,0,0.00218366,0,0.00121055,0.00212825,0.000461701,0.00550654,0.00409352,0.00109784,0.00109496,-1.05108e-05,0.0068751,0.0103558,0.00640441,0.0206753,0.0243358,9.72329,9.72334,0,1.13276
2.17,hold 2.0m,-0.00180182,0.0184941,-0.00200202,-0.00125781,0,0,0.000918706,-0.00939953,0.00158869,2.03212,2.17212,2.04524,0.025156,2,0,0.252881,0.253352,0.252477,0.253218,0.252881,0.253218,0.253352,0.252477,1,0,0.00239208,0,0.000716855,-0.00101881,-0.000532753,0.00602872,0.00378734,0.00113357,0.00108563,-1.08014e-05,0.0162342,0.0103786,-0.00788209,-0.0229147,-0.0120171,9.79101,9.79105,0,1.13233
2.18,hold 2.0m,-0.00179151,0.0185886,-0.00180844,-0.00170237,0,0,0.00123981,-0.00948446,0.00184166,2.03217,2.17217,2.04549,0.0238654,2,0,0.252765,0.253687,0.252617,0.253051,0.252765,0.253051,0.253687,0.252617,1,0,0.0020716,0,-0.00129356,-0.00148578,-0.000596222,0.00544151,0.00510626,0.00110674,0.00117103,-9.41637e-06,0.0119029,0.000611938,-0.00503116,0.0448871,-0.0138539,9.63092,9.63103,0,1.1631
2.19,hold 2.0m,-0.00177826,0.018683,-0.00200888,-0.00168129,0,0,0.00144744,-0.00937653,0.00152773,2.0322,2.1722,2.04129,0.0188695,2,0,0.254441,0.254025,0.254859,0.253742,0.254441,0.253742,0.254025,0.254859,1,0,0.00229024,0,-0.00185943,0.000255776,0.000674032,0.00603005,0.00505832,0.00115601,0.00117775,-9.70088e-06,0.00342202,0.0108166,-0.0053882,0.096943,0.145828,9.65731,9.6589,0,1.16743
2.2,hold 2.0m,-0.00176358,0.018776,-0.0021368,-0.00166813,0,0,0.00155831,-0.00920605,0.0013323,2.03221,2.17221,2.04147,0.016678,2,0,0.255831,0.253129,0.255667,0.253068,0.255831,0.253068,0.253129,0.255667,1,0,0.00267443,0,0.000272374,-0.000425582,0.00233048,0.00642411,0.00500711,0.00118553,0.00118646,-9.86879e-06,0.0103479,0.00296871,0.0137657,0.0588527,0.0390043,9.68891,9.68917,0,1.17216
2.21,hold 2.0m,-0.00174732,0.0188667,-0.00205986,-0.00190147,0,0,0.00173322,-0.00889956,0.000474138,2.0322,2.1722,2.03373,0.00808863,2,0,0.256032,0.257234,0.25607,0.257301,0.256032,0.257301,0.257234,0.25607,1,0,0.00267443,0,7.55948e-05,0.000199967,-0.00106978,0.00618684,0.00569097,0.00118289,0.00123613,-9.09601e-06,0.00605216,-0.00776616,0.0153425,-0.0576469,-0.0131007,9.63218,9.63236,0,1.19064
2.22,hold 2.0m,-0.0017299,0.0189546,-0.00208639,-0.00192449,0,0,0.00176004,-0.0086979,0.000795318,2.03216,2.17216,2.03379,0.00586764,2,0,0.255138,0.258152,0.255599,0.258498,0.255138,0.258498,0.258152,0.255599,1,0,0.00248976,0,-0.000302677,0.00152846,-0.00259911,0.00626801,0.00576918,0.00119788,0.00124957,-9.05446e-06,0.00709853,-0.00161482,0.00113845,-0.0489043,-0.033276,9.73943,9.7396,0,1.19704
2.23,hold 2.0m,-0.00171283,0.0190414,-0.00199036,-0.0016743,0,0,0.00169428,-0.00869412,0.0020719,2.03209,2.17209,2.06651,0.0287422,2,0,0.248508,0.248673,0.2485,0.24854,0.248508,0.24854,0.248673,0.2485,1,0,0.00258374,0,-0.000332437,-0.00026634,-8.98937e-05,0.00596307,0.00502488,0.00119081,0.00121072,-9.76172e-06,-0.0041497,0.00253002,7.57755e-05,0.0440477,-0.0355176,9.50891,9.50908,0,1.18759
2.24,hold 2.0m,-0.0016972,0.0191282,-0.00219353,-0.00170409,0,0,0.00149215,-0.00868818,0.00224205,2.032,2.172,2.06679,0.0254249,2,0,0.249816,0.247887,0.249411,0.248033,0.249816,0.248033,0.247887,0.249411,1,0,0.00284714,0,0.00146146,-0.000489518,0.00145347,0.00658767,0.00513165,0.00123309,0.00122545,-9.8209e-06,0.00597304,0.0141458,0.00211234,0.0760474,-0.0109592,9.45811,9.45842,0,1.19457
2.25,hold 2.0m,-0.00168317,0.0192149,-0.00251114,-0.0014695,0,0,0.00139869,-0.00865408,0.00142167,2.03186,2.17186,2.03984,0.00074007,2,0,0.256948,0.255332,0.257246,0.254961,0.256948,0.254961,0.255332,0.257246,1,0,0.00248976,0,-0.00177422,-0.000139167,0.00171477,0.00754082,0.00441819,0.00129614,0.00119064,-1.15948e-05,0.00624051,0.00764277,0.00112251,0.0130651,-0.0449491,9.54016,9.54027,0,1.1868
2.26,hold 2.0m,-0.00166954,0.0193009,-0.0021198,-0.00163408,0,0,0.00138901,-0.00855129,0.00151672,2.03169,2.17169,2.03983,-0.0027794,2,0,0.256454,0.256604,0.256443,0.256243,0.256454,0.256243,0.256604,0.256443,1,0,0.00239208,0,-0.000928745,-0.000705377,2.23781e-05,0.00635488,0.00492117,0.00123728,0.00122919,-1.02601e-05,-0.001778,0.0138306,0.00352411,0.0480887,0.0638343,9.46581,9.46615,0,1.20038
2.27,hold 2.0m,-0.00165608,0.019386,-0.00189937,-0.00161393,0,0,0.00135853,-0.0084602,0.00156347,2.03148,2.17148,2.01905,-0.0217943,2,0,0.26291,0.261452,0.262688,0.26137,0.26291,0.26137,0.261452,0.262688,1,0,0.00218366,0,0.000372317,-0.000578205,0.0012203,0.00570093,0.00485651,0.00121026,0.001235,-9.86791e-06,0.00310743,0.0110335,0.00530488,0.000653306,0.0112172,9.69079,9.6908,0,1.20384
2.28,hold 2.0m,-0.00164297,0.0194704,-0.00202651,-0.00166062,0,0,0.00129308,-0.00843309,0.00154001,2.03125,2.17125,2.01882,-0.024385,2,0,0.263189,0.261498,0.263293,0.261555,0.263189,0.261555,0.261498,0.263293,1,0,0.00248976,0,-0.000123993,0.000305191,0.00150781,0.00607794,0.00498082,0.00124202,0.00124732,-1.00298e-05,0.000188739,0.000534218,0.00470941,0.0620437,-0.174504,9.60341,9.6052,0,1.21151
2.29,hold 2.0m,-0.00163068,0.019555,-0.0019493,-0.00163277,0,0,0.00122515,-0.00852131,0.00161362,2.03099,2.17099,2.02634,-0.0202861,2,0,0.260018,0.261004,0.260644,0.260686,0.260018,0.260686,0.261004,0.260644,1,0,0.0020716,0,-0.00250323,0.000583102,-0.00045183,0.00586253,0.00491217,0.00123451,0.00124857,-9.89337e-06,0.0109966,0.010486,0.00276657,-0.0293799,0.0739449,9.57196,9.57229,0,1.21468
2.3,hold 2.0m,-0.00161905,0.019641,-0.0019984,-0.00171823,0,0,0.00115564,-0.00870044,0.0020777,2.03071,2.17071,2.02613,-0.0217372,2,0,0.260938,0.260485,0.260802,0.260834,0.260938,0.260834,0.260485,0.260802,1,0,0.00248976,0,0.00128879,0.000404908,0.000185242,0.00600177,0.00516584,0.00124984,0.00126912,-1.00595e-05,0.00562916,0.00869627,-0.00234358,-0.0668287,0.00836311,9.71725,9.71748,0,1.22457
2.31,hold 2.0m,-0.00160793,0.0197287,-0.00190703,-0.00179795,0,0,0.00115154,-0.0088164,0.0015978,2.03042,2.17042,2.01418,-0.0313509,2,0,0.263707,0.264163,0.26348,0.264243,0.263707,0.264243,0.264163,0.26348,1,0,0.00229024,0,0.000813986,-0.000277255,-0.000535788,0.00573168,0.00539541,0.00123914,0.0012955,-9.55753e-06,0.00830522,0.00233441,0.00355359,-0.115717,0.0307527,9.76101,9.76175,0,1.23406
2.32,hold 2.0m,-0.00159653,0.0198171,-0.00229105,-0.0016336,0,0,0.00117545,-0.00887479,0.00201596,2.03013,2.17013,2.01387,-0.0315514,2,0,0.263235,0.264705,0.263484,0.264492,0.263235,0.264492,0.264705,0.263484,1,0,0.00267443,0,-0.00122518,6.76207e-05,-0.00108927,0.00687888,0.00488305,0.00131028,0.00127775,-1.09325e-05,0.0051429,-0.0105543,-0.00081201,-0.0433849,-0.0902953,9.81077,9.81128,0,1.23036
2.33,hold 2.0m,-0.00158568,0.0199059,-0.00210069,-0.00179992,0,0,0.0010968,-0.00890567,0.00197937,2.02983,2.16983,2.04148,-0.0103949,2,0,0.257136,0.256361,0.257307,0.256512,0.257136,0.256512,0.256361,0.257307,1,0,0.00248976,0,-5.17104e-05,0.000611935,0.000690264,0.00631964,0.00539804,0.00128604,0.00131405,-9.95451e-06,0.0130289,0.000134063,0.00949925,0.067326,-0.0323951,9.83969,9.83998,0,1.24462
2.34,hold 2.0m,-0.00157532,0.0199955,-0.00223828,-0.00176117,0,0,0.00105724,-0.0090161,0.00198648,2.02953,2.16953,2.04138,-0.0105448,2,0,0.256475,0.257241,0.256806,0.256871,0.256475,0.256871,0.257241,0.256806,1,0,0.00276214,0,-0.00186162,-7.4781e-05,-0.000364955,0.0067224,0.00528596,0.00131927,0.00131582,-1.04982e-05,0.00635315,0.00296669,-0.00922651,-0.0180563,-0.0358855,9.7765,9.77658,0,1.24781
2.35,hold 2.0m,-0.0015656,0.0200859,-0.00215084,-0.00179497,0,0,0.000973673,-0.00907904,0.00265266,2.02923,2.16923,2.00353,-0.0393642,2,0,0.266467,0.267171,0.266409,0.266445,0.266467,0.266445,0.267171,0.266409,1,0,0.00248976,0,-0.00177114,-0.00148585,-0.000325697,0.00646306,0.00540082,0.00131291,0.00132794,-1.00833e-05,0.00833046,0.0119463,-0.00381906,0.0669844,-0.0189883,9.77075,9.771,0,1.25477
2.36,hold 2.0m,-0.00155655,0.0201768,-0.00207648,-0.00206958,0,0,0.000973217,-0.00911648,0.00246216,2.02892,2.16892,2.00313,-0.038855,2,0,0.266023,0.26723,0.266089,0.267306,0.266023,0.267306,0.26723,0.266089,1,0,0.00276214,0,2.43735e-05,0.000269246,-0.00106544,0.00624501,0.00622052,0.00130378,0.00138045,-9.00175e-06,0.0116809,0.00923117,-0.00122935,0.0377882,0.0501449,9.94026,9.94046,0,1.27559
2.37,hold 2.0m,-0.0015471,0.0202684,-0.0022047,-0.00180958,0,0,0.000988678,-0.00921641,0.002159,2.02862,2.16862,1.98153,-0.0535427,2,0,0.272951,0.271025,0.272889,0.271508,0.272951,0.271508,0.271025,0.272889,1,0,0.00276214,0,0.00144552,0.000797595,0.00145289,0.00661659,0.00542427,0.00133281,0.00134108,-1.00688e-05,0.00301136,-0.00166324,0.00622266,0.0626443,-0.136948,10.055,10.0561,0,1.26619
2.38,hold 2.0m,-0.00153769,0.0203612,-0.00188202,-0.00211209,0,0,0.000966474,-0.00933583,0.0022118,2.02834,2.16834,1.98101,-0.0509356,2,0,0.272754,0.271303,0.272445,0.271361,0.272754,0.271361,0.271303,0.272445,1,0,0.00267443,0,0.000977746,-0.000475984,0.00111417,0.00565606,0.00635129,0.0012892,0.00140136,-8.32439e-06,0.00795718,0.0114171,0.000130271,-0.0444443,0.00645913,10.1372,10.1373,0,1.28834
2.39,hold 2.0m,-0.00152847,0.0204546,-0.00155689,-0.00209157,0,0,0.000936781,-0.00936933,0.00138663,2.02809,2.16809,1.951,-0.0693516,2,0,0.278588,0.28008,0.278693,0.279955,0.278588,0.279955,0.28008,0.278693,1,0,0.00248976,0,-0.000608974,-3.93616e-05,-0.00121053,0.00468285,0.0062756,0.00124487,0.00140413,-7.72604e-06,0.00937827,0.00199226,0.000171792,-0.0247397,-0.0714298,10.2339,10.2341,0,1.29227
2.4,hold 2.0m,-0.00151966,0.0205488,-0.00159464,-0.0019219,0,0,0.000905455,-0.00947208,0.00238905,2.02789,2.16789,1.95033,-0.0640156,2,0,0.279221,0.278803,0.278742,0.279174,0.279221,0.279174,0.278803,0.278742,1,0,0.00218366,0,0.0022555,-0.000206703,-6.32956e-06,0.00480389,0.00577094,0.00126124,0.00138506,-8.19689e-06,0.0145875,0.00486741,0.00465899,0.0988407,-0.00212995,10.303,10.3035,0,1.28796
2.41,hold 2.0m,-0.00151106,0.0206436,-0.0017864,-0.00170962,0,0,0.000901057,-0.00951458,0.00234512,2.02774,2.16774,1.97873,-0.0359811,2,0,0.270264,0.271787,0.270215,0.272055,0.270264,0.272055,0.271787,0.270215,1,0,0.00229024,0,0.000840175,0.000414357,-0.00147805,0.00537483,0.0051254,0.00130321,0.00135332,-9.28821e-06,0.0117243,-0.000956397,-0.00391818,-0.0503521,-0.0162178,10.5352,10.5353,0,1.28139
2.42,hold 2.0m,-0.00150254,0.0207392,-0.00163442,-0.00150354,0,0,0.000912804,-0.0095718,0.0020696,2.02766,2.16766,1.9784,-0.0292416,2,0,0.270865,0.270517,0.270432,0.27026,0.270865,0.27026,0.270517,0.270432,1,0,0.00218366,0,0.000464783,-0.00130854,0.000228254,0.0048945,0.00451426,0.00128372,0.00132892,-9.32108e-06,-0.00456034,0.0037748,-0.00630463,-0.0968663,-0.0530145,10.4231,10.4237,0,1.27494
2.43,hold 2.0m,-0.00149374,0.0208341,-0.00144701,-0.00119643,0,0,0.000935448,-0.00937959,0.00179043,2.02764,2.16764,1.99526,-0.00983977,2,0,0.266509,0.26505,0.266207,0.264476,0.266509,0.264476,0.26505,0.266207,1,0,0.00119604,0,-0.000718658,-0.00165911,0.00140186,0.00434497,0.00358773,0.00126157,0.00128493,-9.64099e-06,0.00390553,0.000238017,0.00325609,0.085907,-0.0439937,10.497,10.4975,0,1.26271
2.44,hold 2.0m,-0.00148454,0.0209266,-0.00160517,-0.00122505,0,0,0.00094412,-0.00911792,0.00180022,2.02769,2.16769,1.99519,-0.00369427,2,0,0.265195,0.264961,0.265217,0.264625,0.265195,0.264625,0.264961,0.265217,1,0,0.00182698,0,-0.000945595,-0.000595452,0.000363148,0.00480495,0.00368955,0.00129607,0.00129364,-9.77622e-06,-0.00572728,0.0108781,0.00514858,-0.0533413,0.106725,10.4522,10.4529,0,1.26971
2.45,hold 2.0m,-0.00147633,0.0210164,-0.00150075,-0.000883501,0,0,0.000737685,-0.00884077,0.00133541,2.02779,2.16779,2.01539,0.0171066,2,0,0.259324,0.259135,0.259343,0.25927,0.259324,0.25927,0.259135,0.259343,1,0,0.00119604,0,0.00031031,0.000292833,0.000115312,0.00452122,0.00265839,0.00129028,0.0012447,-1.03891e-05,0.0139398,0.00650522,-0.000158149,0.0658128,0.027329,10.3518,10.3521,0,1.25525
2.46,hold 2.0m,-0.00147022,0.0211034,-0.0013193,-0.000918224,0,0,0.000540057,-0.00852809,0.00100375,2.02794,2.16794,2.01558,0.0216906,2,0,0.259057,0.258618,0.258977,0.2585,0.259057,0.2585,0.258618,0.258977,1,0,0.00154408,0,-9.92554e-05,-0.000375389,0.000402536,0.00395833,0.00274604,0.00126645,0.00125744,-1.03912e-05,0.00156611,-0.00450416,0.0052279,-0.0621131,0.0262313,10.1959,10.1961,0,1.2622
2.47,hold 2.0m,-0.00146567,0.0211867,-0.00133452,-0.00114425,0,0,0.000393431,-0.00807515,-4.46022e-05,2.02812,2.16812,2.00603,0.0181434,2,0,0.260611,0.261183,0.260618,0.26119,0.260611,0.26119,0.261183,0.260618,1,0,0.00154408,0,-5.71795e-07,2.66758e-05,-0.000503293,0.00398906,0.00344008,0.00127398,0.00130326,-1.02577e-05,-0.00838463,0.00619302,0.0010103,0.0172054,-0.107999,10.1759,10.1765,0,1.27992
2.48,hold 2.0m,-0.00146246,0.0212655,-0.00105795,-0.00113897,0,0,0.000273468,-0.0077328,0.000672271,2.02834,2.16834,2.00623,0.0212711,2,0,0.26009,0.261325,0.259548,0.261285,0.26009,0.261285,0.261325,0.259548,1,0,0.00138107,0,0.00133273,-0.00110292,-0.00130631,0.0031728,0.00342669,0.00123537,0.00130737,-1.02753e-05,0.000544877,0.00782473,-0.000505615,0.031857,-0.0508167,10.082,10.0822,0,1.28424
2.49,hold 2.0m,-0.00146037,0.0213417,-0.001089,-0.000966848,0,0,0.000171038,-0.0074928,0.00127059,2.02858,2.16858,2.00764,0.0246457,2,0,0.259015,0.261097,0.259154,0.260626,0.259015,0.260626,0.261097,0.259154,1,0,0.00119604,0,-0.00161836,-0.000629985,-0.00156238,0.00327203,0.0029055,0.00124646,0.00128335,-1.04089e-05,0.00460004,0.00458236,0.00612927,0.168597,0.0643391,10.0287,10.0303,0,1.27872
2.5,hold 2.0m,-0.0014597,0.0214153,-0.00131294,-0.000893411,0,0,1.33088e-05,-0.0072226,0.00121355,2.02884,2.16884,2.0079,0.0266641,2,0,0.259072,0.260241,0.259574,0.260021,0.259072,0.260021,0.260241,0.259574,1,0,0.000690534,0,-0.00191589,0.000534974,-0.000710783,0.00394853,0.00268681,0.00128962,0.00127698,-1.05968e-05,0.00777783,0.00565417,0.00668284,-0.0964319,0.019372,9.96893,9.96942,0,1.27865
2.51,hold 2.0m,-0.00146088,0.0214866,-0.0011677,-0.00118086,0,0,-0.000225677,-0.00702717,0.00203852,2.02911,2.16911,2.0131,0.0321118,2,0,0.259048,0.257238,0.259546,0.257093,0.259048,0.257093,0.257238,0.259546,1,0,0.00119604,0,-0.00170359,0.000667385,0.00187378,0.00351248,0.00355971,0.00127701,0.00133512,-1.0606e-05,0.00753317,0.0127564,0.00167784,-0.061793,-0.0583288,9.8598,9.86017,0,1.29924
2.52,hold 2.0m,-0.00146477,0.0215558,-0.00119475,-0.00102547,0,0,-0.000459203,-0.00683623,0.0022335,2.0294,2.1694,2.01343,0.0333169,2,0,0.258101,0.257898,0.258375,0.257835,0.258101,0.257835,0.257898,0.258375,1,0,0.000690534,0,-0.000892998,0.000400305,0.000326808,0.00358924,0.00308453,0.00128771,0.00131543,-1.09295e-05,0.0046002,0.00673559,-0.00180197,0.104007,-0.0139981,9.9569,9.95746,0,1.2943
2.53,hold 2.0m,-0.00147089,0.0216232,-0.00130529,-0.001074,0,0,-0.000672426,-0.00664217,0.00161351,2.0297,2.1697,2.03887,0.052506,2,0,0.251468,0.251869,0.251077,0.251498,0.251468,0.251498,0.251869,0.251077,1,0,0.00154408,0,5.09081e-05,-0.00144303,-0.000361356,0.0039322,0.0032347,0.00131199,0.00132401,-1.09379e-05,0.0122019,0.00979453,-0.00408542,0.0808189,-0.00499503,9.84912,9.84945,0,1.30092
2.54,hold 2.0m,-0.00147838,0.0216886,-0.00113721,-0.00153911,0,0,-0.000737619,-0.00641757,0.00132229,2.03,2.17,2.03939,0.0520893,2,0,0.251339,0.251613,0.251568,0.25105,0.251339,0.25105,0.251613,0.251568,1,0,0.00119604,0,-0.00210074,-0.000633195,0.000107152,0.00342885,0.00462198,0.00128929,0.00140122,-1.02083e-05,0.0127616,0.00451226,-0.00572163,0.016192,0.112408,9.72021,9.72088,0,1.33137
2.55,hold 2.0m,-0.00148647,0.0217516,-0.0010549,-0.00166893,0,0,-0.000796231,-0.00620127,0.00209158,2.03028,2.17028,2.046,0.0551704,2,0,0.250596,0.249208,0.25043,0.249135,0.250596,0.249135,0.249208,0.25043,1,0,0.00195312,0,0.000249012,-0.000453143,0.0011791,0.00317279,0.0050077,0.00127929,0.00142728,-1.01058e-05,0.00666404,0.00203096,-0.00111051,0.042909,-0.0731062,9.6507,9.65108,0,1.34248
2.56,hold 2.0m,-0.00149514,0.0218128,-0.00138646,-0.00202167,0,0,-0.000857364,-0.00604251,0.00279639,2.03054,2.17054,2.04654,0.0528917,2,0,0.250846,0.248574,0.250634,0.249641,0.250846,0.249641,0.248574,0.250634,1,0,0.00229024,0,0.00339287,0.00162067,0.00143525,0.00414763,0.0060562,0.0013375,0.00148586,-1.08508e-05,-0.0064745,-0.00440321,0.00526666,0.112313,-0.0683925,9.50108,9.50199,0,1.36609
2.57,hold 2.0m,-0.00150462,0.0218732,-0.00102471,-0.00246295,0,0,-0.000940814,-0.00604827,0.0022552,2.03077,2.17077,2.03353,0.0398968,2,0,0.254183,0.252836,0.254028,0.25315,0.254183,0.25315,0.252836,0.254028,1,0,0.00267443,0,0.00124241,0.000301141,0.000978249,0.00307277,0.0073824,0.00128292,0.00156079,-8.9615e-06,0.00037019,-0.00274015,-0.00104393,0.0189416,0.00536773,9.44285,9.44287,0,1.39498
2.58,hold 2.0m,-0.00151506,0.0219339,-0.00104217,-0.00191874,0,0,-0.00107124,-0.00614406,0.00121997,2.03097,2.17097,2.03392,0.0369703,2,0,0.254092,0.25333,0.254046,0.253478,0.254092,0.253478,0.25333,0.254046,1,0,0.0020716,0,0.0005164,0.000192047,0.000584134,0.00313549,0.00575382,0.00129172,0.00147253,-9.83367e-06,0.00727998,-0.000120227,-0.000713202,0.0668511,-0.0452086,9.50768,9.50802,0,1.36728
2.59,hold 2.0m,-0.00152671,0.0219965,-0.000542657,-0.00190158,0,0,-0.00117881,-0.00642623,0.00157679,2.03113,2.17113,1.9954,0.0053581,2,0,0.265373,0.262654,0.264927,0.262622,0.265373,0.262622,0.262654,0.264927,1,0,0.00195312,0,0.00109537,-0.000905022,0.00220826,0.00161843,0.00571116,0.00121542,0.00146929,-8.87549e-06,-0.00518172,0.00575969,-0.0199818,0.0772493,-0.0345961,9.53259,9.53297,0,1.37062
2.6,hold 2.0m,-0.00153869,0.0220624,-0.0008281,-0.00211909,0,0,-0.00117453,-0.00676642,0.00101125,2.03127,2.17127,1.99544,0.00334627,2,0,0.264058,0.264033,0.264391,0.263819,0.264058,0.263819,0.264033,0.264391,1,0,0.00218366,0,-0.0014492,0.000224798,0.000262306,0.0024717,0.0063639,0.00126383,0.00150791,-9.56227e-06,-0.00714572,0.00593373,-0.00591142,-0.0043248,0.0140113,9.54552,9.54554,0,1.38638
2.61,hold 2.0m,-0.00155104,0.0221314,-0.000712028,-0.00212596,0,0,-0.00124909,-0.00705846,0.00130756,2.03139,2.17139,2.02194,0.0214744,2,0,0.257472,0.257247,0.258013,0.256949,0.257472,0.256949,0.257247,0.258013,1,0,0.00182698,0,-0.00222702,0.000459956,0.000566545,0.00214674,0.00639326,0.00124794,0.00151512,-9.24919e-06,0.00836518,0.0117574,0.00585859,0.144073,-0.0159361,9.6322,9.63329,0,1.39093
2.62,hold 2.0m,-0.00156474,0.0222034,-0.000257477,-0.002255,0,0,-0.0014635,-0.00735608,0.00195723,2.0315,2.1715,2.02215,0.0200236,2,0,0.258529,0.256267,0.258552,0.256678,0.258529,0.256678,0.256267,0.258552,1,0,0.00182698,0,0.00103078,0.000822244,0.00181843,0.000775017,0.00677856,0.00118032,0.00153913,-8.14137e-06,0.00291127,0.0105814,0.00268593,0.105803,0.0177186,9.62575,9.62635,0,1.40349
2.63,hold 2.0m,-0.00158069,0.0222784,-0.000348847,-0.00197398,0,0,-0.00167499,-0.00767677,0.00180673,2.03159,2.17159,2.03393,0.0269677,2,0,0.254092,0.255297,0.254451,0.254739,0.254092,0.254739,0.255297,0.254451,1,0,0.00182698,0,-0.00243259,-0.000375141,-0.000656277,0.00105038,0.00593543,0.00119972,0.00149555,-8.05054e-06,0.00375159,0.0104856,-0.00276907,0.134635,-0.0427537,9.74844,9.74946,0,1.3915
2.64,hold 2.0m,-0.00159934,0.0223564,-0.000165263,-0.00185956,0,0,-0.0019982,-0.00790625,0.00179454,2.03166,2.17166,2.03419,0.0252417,2,0,0.255804,0.253793,0.255215,0.254136,0.255804,0.254136,0.253793,0.255215,1,0,0.00119604,0,0.00247465,-0.000465693,0.00135781,0.000502471,0.00560187,0.0011717,0.00148752,-7.37646e-06,0.00562912,0.0169581,0.00133547,0.0390912,0.0182412,9.64338,9.64348,0,1.38999
2.65,hold 2.0m,-0.00162093,0.0224362,-0.000518594,-0.00181145,0,0,-0.00225328,-0.00805669,0.00194689,2.03171,2.17171,2.03776,0.0256406,2,0,0.253297,0.254753,0.25337,0.254627,0.253297,0.254627,0.254753,0.25337,1,0,0.00182698,0,-0.000528985,-9.87054e-05,-0.00119217,0.0015672,0.00542699,0.00123058,0.00148776,-8.13785e-06,0.00881722,-0.0034137,-0.0146463,-0.0397195,-0.0611492,9.54214,9.54242,0,1.39092
2.66,hold 2.0m,-0.00164507,0.0225175,-0.000547524,-0.00188157,0,0,-0.00250152,-0.00820497,0.00232866,2.03173,2.17173,2.038,0.0234449,2,0,0.255394,0.252979,0.255306,0.252946,0.255394,0.252946,0.252979,0.255306,1,0,0.00169146,0,0.000146358,-0.000229289,0.00209856,0.00165768,0.00564055,0.00123993,0.00150146,-8.43148e-06,0.01132,-0.00126955,0.00265654,-0.0346349,-0.0433062,9.57304,9.5732,0,1.39958
2.67,hold 2.0m,-0.00167151,0.0226002,-0.000454825,-0.00168698,0,0,-0.00270795,-0.00835495,0.00113873,2.03173,2.17173,2.04335,0.0245313,2,0,0.253538,0.252622,0.253395,0.252588,0.253538,0.252588,0.252622,0.253395,1,0,0.00182698,0,0.000290453,-0.000334952,0.000757259,0.00135369,0.00507017,0.00122569,0.00147794,-8.26241e-06,-0.00595817,0.0076265,0.00193273,0.103939,0.0335261,9.54504,9.54567,0,1.39348
2.68,hold 2.0m,-0.00169973,0.0226843,-0.00058215,-0.00148655,0,0,-0.00288142,-0.0084672,0.00136288,2.03169,2.17169,2.04358,0.0214933,2,0,0.253164,0.253767,0.253041,0.253034,0.253164,0.253034,0.253767,0.253041,1,0,0.00138107,0,-0.00161942,-0.00162172,-0.000261697,0.00174263,0.00446551,0.00124972,0.00145457,-8.33476e-06,-0.00129022,0.00534836,0.00385852,0.0843392,0.0118238,9.38631,9.38669,0,1.38659
2.69,hold 2.0m,-0.00172952,0.0227693,-0.000606988,-0.00140408,0,0,-0.00299873,-0.00852395,0.00120609,2.03163,2.17163,2.02868,0.00718341,2,0,0.2575,0.257012,0.257597,0.257367,0.2575,0.257367,0.257012,0.257597,1,0,0.000976562,0,0.000684803,0.000856687,0.000315634,0.00182309,0.00422079,0.00125291,0.00144793,-8.34173e-06,0.00266828,0.00715151,-0.00323197,0.14474,-0.138134,9.50804,9.51014,0,1.38675
2.7,hold 2.0m,-0.00175991,0.0228548,-0.000279298,-0.00121266,0,0,-0.00303294,-0.00858384,0.000982278,2.03153,2.17153,2.02874,0.00438666,2,0,0.257792,0.257476,0.257756,0.257411,0.257792,0.257411,0.257476,0.257756,1,0,0.000976562,0,-7.48126e-05,-0.000192267,0.000290586,0.000830387,0.00362786,0.00120097,0.00142056,-8.19258e-06,-0.00380389,-0.00533053,-0.000315709,0.110136,-0.0542944,9.50311,9.5039,0,1.38169
2.71,hold 2.0m,-0.00179063,0.0229407,-0.000373152,-0.00143689,0,0,-0.00304335,-0.00861126,0.0013936,2.0314,2.1714,2.03497,0.00630169,2,0,0.255948,0.256422,0.256349,0.256284,0.255948,0.256284,0.256422,0.256349,1,0,0.000690534,0,-0.00142769,0.00049948,-0.000179688,0.00109491,0.00433163,0.00121604,0.0014624,-9.02151e-06,-0.0151557,0.015441,-0.00371957,-0.000181058,0.0156372,9.47374,9.47375,0,1.39925
2.72,hold 2.0m,-0.00182162,0.0230268,-0.000854962,-0.00161164,0,0,-0.00309482,-0.00861016,0.00131272,2.03125,2.17125,2.03502,0.00378954,2,0,0.257395,0.255431,0.257551,0.25548,0.257395,0.25548,0.255431,0.257551,1,0,0.00182698,0,-0.000284211,0.000388495,0.00177345,0.00257559,0.00483189,0.00129079,0.00149183,-1.0124e-05,0.00844117,-0.000530384,0.00742257,0.0199664,0.00222758,9.47258,9.4726,0,1.41308
2.73,hold 2.0m,-0.00185271,0.0231131,-0.000842219,-0.00193994,0,0,-0.00311082,-0.00864321,-0.000367052,2.03106,2.17106,2.0371,0.00279626,2,0,0.256026,0.256083,0.256214,0.256333,0.256026,0.256333,0.256083,0.256214,1,0,0.00169146,0,0.000164651,0.000828066,-7.7462e-05,0.00250499,0.00581028,0.00128767,0.00154755,-1.00685e-05,-0.013167,-0.00482036,-0.00459509,-0.0145625,-0.171849,9.63482,9.63636,0,1.43691
2.74,hold 2.0m,-0.00188362,0.0232001,-0.00118833,-0.00196224,0,0,-0.00303892,-0.0087861,5.29911e-05,2.03086,2.17086,2.03711,0.000327065,2,0,0.256028,0.256459,0.255638,0.257386,0.256028,0.257386,0.256459,0.255638,1,0,0.00195312,0,0.00349255,0.00101911,-0.000957698,0.00357359,0.00586972,0.00133735,0.00155454,-1.09727e-05,0.00708461,-0.00978189,0.00226963,0.0181924,-0.08149,9.58922,9.58958,0,1.44267
2.75,hold 2.0m,-0.00191281,0.0232887,-0.0012459,-0.0019814,0,0,-0.00274254,-0.00896868,0.000952451,2.03062,2.17062,2.03777,-0.00165785,2,0,0.256808,0.256158,0.256757,0.255991,0.256808,0.255991,0.256158,0.256757,1,0,0.00182698,0,-0.000306306,-0.000412738,0.00062202,0.00374541,0.00593921,0.00134541,0.00155705,-1.10811e-05,0.00649587,-0.00178531,0.00756044,-0.0115524,-0.0436272,9.59343,9.59354,0,1.44883
2.76,hold 2.0m,-0.00193929,0.0233795,-0.00157221,-0.00211019,0,0,-0.00252515,-0.00921701,0.000685668,2.03036,2.17036,2.03774,-0.00402781,2,0,0.256559,0.256551,0.256112,0.257351,0.256559,0.257351,0.256551,0.256112,1,0,0.00258374,0,0.00330967,0.000669497,-0.00054073,0.00472344,0.0063504,0.00139905,0.00158007,-1.16665e-05,0.00593693,0.0147945,-0.00020695,-0.0510969,-0.0385171,9.58506,9.58528,0,1.46116
2.77,hold 2.0m,-0.00196366,0.0234731,-0.00154954,-0.00183439,0,0,-0.0023025,-0.00953916,0.000764238,2.03007,2.17007,2.02412,-0.0162354,2,0,0.259775,0.260819,0.259796,0.260909,0.259775,0.260909,0.260819,0.259796,1,0,0.00229024,0,0.000183024,0.000209266,-0.000948076,0.00464561,0.00548945,0.00139495,0.00153913,-1.21248e-05,-0.000621162,-0.00761247,-0.00274857,-0.0111562,-0.120861,9.56233,9.5631,0,1.45076
2.78,hold 2.0m,-0.00198585,0.0235699,-0.00145212,-0.00189958,0,0,-0.00208733,-0.0098192,0.00102236,2.02976,2.16976,2.02394,-0.0180977,2,0,0.26159,0.25939,0.261502,0.259635,0.26159,0.259635,0.25939,0.261502,1,0,0.00229024,0,0.000884707,0.000298356,0.00178765,0.00435248,0.00570599,0.00138129,0.00155508,-1.17496e-05,-0.00120656,0.00639276,-0.0024133,-0.03928,-0.106543,9.63521,9.63588,0,1.46014
2.79,hold 2.0m,-0.00200612,0.023669,-0.00134131,-0.00214507,0,0,-0.00193037,-0.00999621,0.00114301,2.02943,2.16943,2.02369,-0.0195573,2,0,0.260763,0.260608,0.260423,0.261059,0.260763,0.261059,0.260608,0.260423,1,0,0.00239208,0,0.00209999,0.000210507,-0.000211023,0.00403028,0.00643309,0.00136461,0.00160053,-1.09624e-05,0.00562163,0.000171692,0.00672187,-0.112908,-0.097311,9.71608,9.71723,0,1.48002
2.8,hold 2.0m,-0.00202489,0.0237696,-0.00137169,-0.00202669,0,0,-0.00177257,-0.0101025,0.000317119,2.02909,2.16909,2.02348,-0.0206905,2,0,0.259338,0.261935,0.260411,0.261724,0.259338,0.261724,0.261935,0.260411,1,0,0.0020716,0,-0.00340485,0.00163381,-0.00171905,0.00411247,0.00609517,0.00137372,0.00159,-1.14277e-05,-0.000366884,0.0116644,-0.00236761,-0.0447578,-0.13305,9.70337,9.70439,0,1.47899
2.81,hold 2.0m,-0.0020426,0.023871,-0.00136066,-0.00207577,0,0,-0.00170062,-0.0102126,0.00233679,2.02874,2.16874,2.00636,-0.0335388,2,0,0.264469,0.265846,0.264837,0.265898,0.264469,0.265898,0.265846,0.264837,1,0,0.00229024,0,-0.000837757,0.000795059,-0.00107134,0.00407657,0.00624343,0.00137499,0.00160304,-1.13082e-05,-0.00223015,0.0123632,-0.0025515,0.086625,0.0921715,9.81157,9.81239,0,1.48765
2.82,hold 2.0m,-0.00206007,0.0239739,-0.00100351,-0.00180586,0,0,-0.00169042,-0.0104028,0.00184396,2.02838,2.16838,2.00603,-0.0333987,2,0,0.265407,0.265197,0.265802,0.264869,0.265407,0.264869,0.265197,0.265802,1,0,0.00195312,0,-0.00191796,0.000127141,0.000501774,0.00300315,0.00540961,0.00132092,0.00156447,-1.08898e-05,-0.00357951,-0.00376046,0.0127394,-0.0409441,0.0642074,9.90053,9.90082,0,1.47869
2.83,hold 2.0m,-0.00207777,0.0240788,-0.000815875,-0.00214767,0,0,-0.00178519,-0.0105384,0.00226415,2.02803,2.16803,1.99945,-0.0372701,2,0,0.266919,0.266895,0.266333,0.267508,0.266919,0.267508,0.266895,0.266333,1,0,0.00195312,0,0.00318006,5.31387e-05,-0.000505781,0.00243549,0.00645501,0.00129421,0.00162928,-1.03645e-05,-0.00679245,0.0096262,0.00117264,-0.00888863,-0.0846537,9.85767,9.85804,0,1.50473
2.84,hold 2.0m,-0.00209639,0.0241841,-0.000751578,-0.00218261,0,0,-0.0018085,-0.0105314,0.00264422,2.02769,2.16769,1.99909,-0.0359364,2,0,0.2665,0.267265,0.26646,0.267256,0.2665,0.267256,0.267265,0.26646,1,0,0.00182698,0,8.38485e-05,-9.41526e-05,-0.00068601,0.00225754,0.00654533,0.00128884,0.0016435,-1.04113e-05,0.00315571,-1.65062e-05,-0.00287034,0.088573,0.018217,9.99862,9.99903,0,1.51297
2.85,hold 2.0m,-0.00211529,0.0242893,-0.000901473,-0.00204785,0,0,-0.00185171,-0.0104925,0.00193908,2.02736,2.16736,1.99044,-0.0401364,2,0,0.269356,0.268334,0.269326,0.268553,0.269356,0.268553,0.268334,0.269326,1,0,0.00182698,0,0.000658903,0.000356957,0.000788717,0.00271899,0.006165,0.00131427,0.00163008,-1.10841e-05,0.011026,0.0159424,-0.00378119,0.0489457,-0.0116841,10.0537,10.0538,0,1.51096
2.86,hold 2.0m,-0.00213436,0.0243937,-0.000755944,-0.00216345,0,0,-0.00191299,-0.0103643,0.00171192,2.02705,2.16705,1.99005,-0.0374011,2,0,0.267883,0.269719,0.268293,0.268992,0.267883,0.268992,0.269719,0.268293,1,0,0.00218366,0,-0.00301562,-0.000600619,-0.00111362,0.00227543,0.00650086,0.00129407,0.00165949,-1.0584e-05,0.00637073,0.00866348,0.00245523,-0.00948199,-0.0343468,10.1168,10.1169,0,1.52397
2.87,hold 2.0m,-0.00215459,0.0244962,-0.00106661,-0.0018831,0,0,-0.00201497,-0.0101712,0.00171746,2.02678,2.16678,1.99732,-0.0287408,2,0,0.26639,0.266759,0.266872,0.266225,0.26639,0.266225,0.266759,0.266872,1,0,0.0020716,0,-0.0026932,-9.91322e-05,0.000121841,0.0032042,0.00565717,0.00134207,0.00162068,-1.21205e-05,0.00426636,0.00685384,0.00864972,0.0185974,0.0555989,10.194,10.1941,0,1.51312
2.88,hold 2.0m,-0.00217531,0.0245973,-0.00101083,-0.00168099,0,0,-0.00202457,-0.0100257,0.00188381,2.02653,2.16653,1.99705,-0.0253338,2,0,0.264893,0.26768,0.264881,0.26772,0.264893,0.26772,0.26768,0.264881,1,0,0.00154408,0,0.000137492,5.29506e-05,-0.00247289,0.00305011,0.00505324,0.00133397,0.00159895,-1.21484e-05,0.0130643,0.0084461,-0.00388464,-0.0548133,-0.0388337,10.0824,10.0826,0,1.5075
2.89,hold 2.0m,-0.00219556,0.0246965,-0.0013819,-0.00179072,0,0,-0.00187544,-0.00981073,0.002706,2.02632,2.16632,2.0165,-0.00780743,2,0,0.261882,0.260138,0.261946,0.2601,0.261882,0.2601,0.260138,0.261946,1,0,0.00195312,0,-0.00027287,4.83801e-05,0.00157803,0.00414602,0.00537787,0.00139207,0.00162004,-1.30194e-05,0.00161917,0.00541475,0.00332086,-0.0483391,-0.0578993,10.0834,10.0836,0,1.51885
2.9,hold 2.0m,-0.00221379,0.0247938,-0.00165277,-0.00154756,0,0,-0.00163927,-0.00965728,0.0018206,2.02614,2.16614,2.01644,-0.00452061,2,0,0.262257,0.25927,0.26218,0.259153,0.262257,0.259153,0.25927,0.26218,1,0,0.00182698,0,-0.000104327,-0.000366412,0.00264379,0.00496127,0.00464681,0.00143737,0.00159169,-1.42056e-05,0.00340964,0.00434493,0.000190902,-0.11868,-0.0767956,10.0524,10.0534,0,1.51021
2.91,hold 2.0m,-0.00222964,0.0248898,-0.00158944,-0.0013104,0,0,-0.00146497,-0.00956095,0.00123822,2.02599,2.16599,2.00178,-0.0123081,2,0,0.264045,0.264544,0.263852,0.264301,0.264045,0.264301,0.264544,0.263852,1,0,0.00195312,0,-0.000133887,-0.000825774,-0.000416249,0.00478263,0.00394128,0.00143002,0.00156182,-1.48699e-05,0.0109792,0.00826333,0.00574954,-0.0363758,-0.0247668,10.0453,10.0454,0,1.50221
2.92,hold 2.0m,-0.00224399,0.0249845,-0.0016283,-0.0012758,0,0,-0.00131217,-0.00936155,0.00169428,2.02586,2.16586,2.00167,-0.00945807,2,0,0.264212,0.263679,0.264287,0.263583,0.264212,0.263583,0.263679,0.264287,1,0,0.00195312,0,-0.000453179,-3.90551e-05,0.000543164,0.00489928,0.00382702,0.0014411,0.00156152,-1.52545e-05,0.0110231,0.00130669,-0.000203594,0.0106883,-0.0510687,10.0361,10.0363,0,1.50564
2.93,hold 2.0m,-0.00225667,0.025077,-0.00170495,-0.00127265,0,0,-0.00112949,-0.00911754,0.00164479,2.02575,2.16575,2.00959,-0.000992101,2,0,0.261089,0.262454,0.260846,0.262277,0.261089,0.262277,0.262454,0.260846,1,0,0.00154408,0,0.000179003,-0.00079652,-0.00122888,0.0051322,0.00384733,0.00145449,0.00156938,-1.51731e-05,0.0130123,0.0211684,-0.00874821,-0.0404325,-0.0258039,10.0371,10.0372,0,1.5107
2.94,hold 2.0m,-0.00226761,0.0251669,-0.00169945,-0.00165554,0,0,-0.000962005,-0.00886653,0.00196577,2.02567,2.16567,2.00959,0.00154236,2,0,0.261026,0.261745,0.261185,0.261765,0.261026,0.261765,0.261745,0.261185,1,0,0.0020716,0,-0.000367518,0.000338623,-0.000570894,0.00510862,0.00497058,0.0014595,0.00163077,-1.43673e-05,0.00829131,0.00428092,-0.00512823,0.00836477,-0.154219,10.1216,10.1228,0,1.53781
2.95,hold 2.0m,-0.00227713,0.0252543,-0.00145375,-0.00183851,0,0,-0.000873869,-0.00860203,0.00112245,2.02561,2.16561,2.02076,0.0116714,2,0,0.258798,0.257966,0.258811,0.257938,0.258798,0.257938,0.257966,0.258811,1,0,0.00229024,0,-0.000107244,-2.71601e-05,0.00074965,0.00435785,0.00551604,0.00142631,0.00166718,-1.30906e-05,-0.000823377,0.00200429,0.00353299,0.0614053,-0.0627916,9.93952,9.93991,0,1.55358
2.96,hold 2.0m,-0.0022859,0.0253391,-0.00121832,-0.00178786,0,0,-0.000824785,-0.00836572,0.00119783,2.02557,2.16557,2.02089,0.0132371,2,0,0.258562,0.257926,0.258488,0.257807,0.258562,0.257807,0.257926,0.258488,1,0,0.0020716,0,-0.00012035,-0.000365231,0.000578764,0.00365513,0.00536374,0.00139348,0.00166621,-1.2741e-05,0.00150485,0.0017738,-0.00852788,0.144173,-0.00768822,9.8548,9.85586,0,1.55594
2.97,hold 2.0m,-0.00229428,0.0254217,-0.00117448,-0.00196324,0,0,-0.000783165,-0.00819338,0.00114119,2.02553,2.16553,2.02042,0.0139951,2,0,0.256494,0.259647,0.256759,0.259929,0.256494,0.259929,0.259647,0.256759,1,0,0.00229024,0,4.55952e-05,0.00103654,-0.0027795,0.00351589,0.00590203,0.00139285,0.00169825,-1.22915e-05,-0.00364235,0.00990084,-0.00069625,0.0550373,0.0727278,9.93794,9.93836,0,1.57082
2.98,hold 2.0m,-0.00230241,0.0255035,-0.00134105,-0.00181316,0,0,-0.000746887,-0.00819765,0.00189109,2.0255,2.1655,2.02057,0.0147198,2,0,0.258413,0.257792,0.258396,0.257799,0.258413,0.257799,0.257792,0.258396,1,0,0.00229024,0,6.33844e-05,-1.93638e-05,0.000535194,0.00402313,0.00544521,0.00142387,0.00167996,-1.34099e-05,0.00139916,0.00551466,-0.00970367,0.113836,0.0579925,9.86097,9.8618,0,1.56663
2.99,hold 2.0m,-0.00231061,0.0255854,-0.00120037,-0.00186721,0,0,-0.000859806,-0.00818518,0.00177357,2.02548,2.16548,2.00381,0.00312736,2,0,0.263277,0.26105,0.263273,0.261658,0.263277,0.261658,0.26105,0.263273,1,0,0.0020716,0,0.00162238,0.00114666,0.00168881,0.00360852,0.00561708,0.00141014,0.00169452,-1.31156e-05,0.00634723,0.0119961,-0.00434014,0.0392096,-0.0360351,9.87488,9.87503,0,1.57469
3,hold 2.0m,-0.00232025,0.0256673,-0.00111428,-0.00169451,0,0,-0.000961446,-0.00822186,0.00143378,2.02546,2.16546,2.00385,0.00381538,2,0,0.261939,0.262603,0.261737,0.262702,0.261939,0.262702,0.262603,0.261737,1,0,0.00182698,0,0.000799566,-0.000196687,-0.000716305,0.00334785,0.00510407,0.00140086,0.00167668,-1.32092e-05,0.0047341,0.0153641,-0.00480514,0.073726,0.00830132,9.94897,9.94924,0,1.56969
3.01,hold 2.0m,-0.00233026,0.0257496,-0.00106963,-0.00148556,0,0,-0.000953901,-0.00824565,0.00176482,2.02544,2.16544,1.98359,-0.00947655,2,0,0.267734,0.26712,0.267802,0.266462,0.267734,0.266462,0.26712,0.267802,1,0,0.00138107,0,-0.00192804,-0.00111745,0.000858721,0.00321263,0.00447009,0.00140162,0.00164803,-1.36499e-05,0.00390129,0.0105722,0.0081277,0.0963121,0.0590163,9.92648,9.92713,0,1.56256
3.02,hold 2.0m,-0.00234038,0.025832,-0.000813015,-0.00102478,0,0,-0.000987431,-0.00823922,0.00214484,2.02544,2.16544,1.98351,-0.00798495,2,0,0.267386,0.267216,0.267625,0.266436,0.267386,0.266436,0.267216,0.267625,1,0,0.00138107,0,-0.00270389,-0.00102462,0.000596758,0.00243662,0.00308489,0.0013685,0.00158686,-1.42437e-05,-0.000244216,0.00861404,0.00363087,0.00346284,-0.00578401,9.98796,9.98796,0,1.5416
3.03,hold 2.0m,-0.00235112,0.0259139,-0.00105119,-0.000921139,0,0,-0.00105078,-0.00815344,0.00210126,2.02545,2.16545,1.96085,-0.021858,2,0,0.270697,0.274936,0.270434,0.274799,0.270697,0.274799,0.274936,0.270434,1,0,0.000976562,0,0.000334398,-0.000757239,-0.00378186,0.00316109,0.00276881,0.00140695,0.00157365,-1.40731e-05,0.00642021,0.00515682,0.00935742,0.0156552,0.0512109,10.0369,10.0371,0,1.53976
3.04,hold 2.0m,-0.00236236,0.0259951,-0.000998059,-0.00135971,0,0,-0.001039,-0.00810071,0.00187476,2.0255,2.1655,1.96065,-0.0183945,2,0,0.272393,0.272567,0.273269,0.271578,0.272393,0.271578,0.272567,0.273269,1,0,0.00119604,0,-0.00494449,-0.00021473,0.000666878,0.00299519,0.00406982,0.00140198,0.00164309,-1.38249e-05,0.00208004,-0.0045713,0.00201317,-0.0236767,-0.00589477,10.1399,10.1399,0,1.56967
3.05,hold 2.0m,-0.00237363,0.026076,-0.000975186,-0.00147966,0,0,-0.00116893,-0.00806303,0.00204608,2.02558,2.16558,1.97174,-0.00621363,2,0,0.269905,0.268568,0.269882,0.26867,0.269905,0.26867,0.268568,0.269882,1,0,0.00119604,0,0.000328359,0.000149614,0.00112019,0.00293133,0.00444766,0.00140645,0.0016698,-1.37225e-05,0.00524582,0.00746503,-0.0064316,-0.0165195,-0.120501,10.2545,10.2552,0,1.58126
3.06,hold 2.0m,-0.00238679,0.0261558,-0.000867042,-0.00196875,0,0,-0.00136432,-0.00791232,0.00156491,2.0257,2.1657,1.9717,-0.00159939,2,0,0.268137,0.269664,0.2677,0.269869,0.268137,0.269869,0.269664,0.2677,1,0,0.00182698,0,0.00170139,-0.000440244,-0.00162441,0.00260575,0.00590042,0.00139236,0.00174824,-1.27987e-05,0.00447382,-0.00213589,-0.00255868,0.0566666,-0.00630506,10.259,10.2591,0,1.61414
3.07,hold 2.0m,-0.0024014,0.0262342,-0.000578915,-0.00197624,0,0,-0.00145189,-0.00778868,0.0020598,2.02587,2.16587,1.96204,-0.00380203,2,0,0.271018,0.270807,0.271006,0.270672,0.271018,0.270672,0.270807,0.271006,1,0,0.00182698,0,-0.000325896,-0.000278996,0.000239374,0.00172433,0.00593852,0.00134975,0.0017473,-1.17356e-05,-0.00693353,0.00828516,-0.00451891,0.0338873,0.0663348,10.4177,10.418,0,1.61998
3.08,hold 2.0m,-0.00241675,0.0263119,-0.000561806,-0.00196703,0,0,-0.0015131,-0.00775885,0.00196791,2.02609,2.16609,1.96202,0.00157284,2,0,0.27031,0.270327,0.27091,0.26999,0.27031,0.26999,0.270327,0.27091,1,0,0.00182698,0,-0.0024869,0.000499844,0.000397139,0.00170143,0.00590553,0.00135133,0.00175213,-1.1885e-05,0.0120451,0.00470164,0.00960392,-0.0948577,-0.116222,10.3293,10.3304,0,1.62401
3.09,hold 2.0m,-0.00243266,0.0263898,-0.000608705,-0.00173935,0,0,-0.00157861,-0.00787613,0.00145114,2.02636,2.16636,1.94726,-0.00340696,2,0,0.273725,0.273389,0.273535,0.273881,0.273725,0.273881,0.273389,0.273535,1,0,0.00182698,0,0.00180718,0.000570898,-4.69408e-06,0.00183157,0.00523984,0.00135833,0.00171818,-1.19167e-05,0.00498759,0.0162418,-0.00556281,-0.136123,0.0240399,10.4451,10.446,0,1.61535
3.1,hold 2.0m,-0.00244909,0.0264698,-0.000571115,-0.00168514,0,0,-0.00165148,-0.00813138,0.00142905,2.02669,2.16669,1.94726,0.0029549,2,0,0.272455,0.273654,0.272367,0.273759,0.272455,0.273759,0.273654,0.272367,1,0,0.00154408,0,0.000510748,3.45017e-05,-0.00113884,0.0017092,0.00507449,0.00135458,0.00171664,-1.19563e-05,-0.00141712,0.0144418,-0.00422305,0.0548601,-0.0953272,10.515,10.5156,0,1.61701
3.11,hold 2.0m,-0.00246705,0.0265519,-0.000228883,-0.00184534,0,0,-0.00187484,-0.00828527,0.00211505,2.02709,2.16709,1.95642,0.0159637,2,0,0.269571,0.270577,0.269392,0.271026,0.269571,0.271026,0.270577,0.269392,1,0,0.00169146,0,0.00166506,0.000511252,-0.00116034,0.000697963,0.00554251,0.00131027,0.0017473,-1.14074e-05,0.00882657,0.00606836,-0.0148699,0.0328715,-0.132792,10.4609,10.4618,0,1.63223
3.12,hold 2.0m,-0.00248786,0.0266353,-0.000244654,-0.00178215,0,0,-0.00217517,-0.00841505,0.00255711,2.02754,2.16754,1.95661,0.0225219,2,0,0.270029,0.269221,0.270203,0.26856,0.270029,0.26856,0.269221,0.270203,1,0,0.00119604,0,-0.00221451,-0.000922867,0.00107714,0.000742508,0.00536696,0.00131899,0.00174276,-1.16109e-05,0.00702869,0.0154176,0.0070796,0.000647617,0.0726897,10.462,10.4622,0,1.63341
3.13,hold 2.0m,-0.00251193,0.0267199,-8.20582e-05,-0.0018541,0,0,-0.00253524,-0.00851025,0.00175601,2.02807,2.16807,1.98106,0.0463026,2,0,0.26315,0.262563,0.263101,0.262029,0.26315,0.262029,0.262563,0.263101,1,0,0.00138107,0,-0.00128794,-0.00110387,0.000729457,0.000249113,0.0055535,0.00129644,0.00175742,-1.15245e-05,0.00326026,-0.00410374,0.00253203,0.0982213,-0.113732,10.4726,10.4737,0,1.64317
3.14,hold 2.0m,-0.0025391,0.026805,-0.000152339,-0.00170024,0,0,-0.00281461,-0.00852004,0.0023856,2.02864,2.16864,1.98155,0.052051,2,0,0.263053,0.261202,0.262762,0.261277,0.263053,0.261277,0.261202,0.262762,1,0,0.00138107,0,0.000970246,-0.000408463,0.00146621,0.000456449,0.00512571,0.00130883,0.00174051,-1.15536e-05,0.000940856,0.0184062,0.00643629,0.0578416,0.0152731,10.3451,10.3453,0,1.63906
3.15,hold 2.0m,-0.00256909,0.0268897,-0.00051074,-0.00186233,0,0,-0.00305196,-0.00841187,0.0028138,2.02927,2.16927,2.0149,0.0801428,2,0,0.253158,0.253074,0.253344,0.253168,0.253158,0.253168,0.253074,0.253344,1,0,0.00182698,0,-0.000243546,0.000530004,0.000114473,0.0015239,0.00558626,0.00136455,0.00176797,-1.28143e-05,-0.00416972,0.00127388,0.00567372,-0.0844604,-0.102292,10.1213,10.1222,0,1.65184
3.16,hold 2.0m,-0.00260135,0.0269735,-0.000705548,-0.00148947,0,0,-0.0032535,-0.00835061,0.00286303,2.02993,2.16993,2.01572,0.0831117,2,0,0.25354,0.252034,0.25295,0.252402,0.25354,0.252402,0.252034,0.25295,1,0,0.00119604,0,0.00254014,-0.000421033,0.000902592,0.00211392,0.00445948,0.00139609,0.00171899,-1.29924e-05,-0.000413691,-0.00423085,0.00470259,0.0617079,-0.0545507,9.99076,9.9911,0,1.63474
3.17,hold 2.0m,-0.00263525,0.0270565,-0.000551665,-0.00175702,0,0,-0.00339357,-0.00823782,0.00229823,2.03061,2.17061,1.98247,0.0607299,2,0,0.260719,0.261269,0.260504,0.261651,0.260719,0.261651,0.261269,0.260504,1,0,0.00154408,0,0.00158219,0.000315108,-0.000745685,0.001663,0.00525939,0.00137348,0.00176136,-1.26433e-05,0.0067104,-0.00602746,-0.00243225,0.0599814,-0.0483818,10.0083,10.0086,0,1.65547
3.18,hold 2.0m,-0.00267019,0.0271384,-0.000553687,-0.00157899,0,0,-0.00344576,-0.00816233,0.00279095,2.03131,2.17131,1.98309,0.0624974,2,0,0.259937,0.261679,0.259912,0.261455,0.259937,0.261455,0.261679,0.259912,1,0,0.00169146,0,-0.000531302,-0.000471789,-0.00144386,0.00167117,0.00474427,0.00137399,0.00174059,-1.24325e-05,0.00810872,0.00660225,-0.00251458,0.119464,0.0232793,9.90009,9.90084,0,1.65011
3.19,hold 2.0m,-0.00270569,0.0272196,-0.000530034,-0.00131279,0,0,-0.00346797,-0.00808851,0.00254465,2.03202,2.17202,2.00532,0.0790422,2,0,0.254275,0.256046,0.254731,0.255088,0.254275,0.255088,0.256046,0.254731,1,0,0.00119604,0,-0.00375064,-0.000953122,-0.000935264,0.00160223,0.0039502,0.00136947,0.00170288,-1.24079e-05,0.00945999,0.00959021,0.00172476,0.00222684,0.0320563,10.0122,10.0123,0,1.63978
3.2,hold 2.0m,-0.00274148,0.0272999,-0.000667373,-0.00142223,0,0,-0.00356407,-0.00798239,0.0028676,2.03274,2.17274,2.00611,0.0795033,2,0,0.254588,0.255173,0.254023,0.255485,0.254588,0.255485,0.255173,0.254023,1,0,0.000976562,0,0.00232501,-0.000480679,-0.000899909,0.00199926,0.0042801,0.0013881,0.00172336,-1.27371e-05,-0.000500444,0.0106607,0.0125547,-0.0162473,0.016523,9.76085,9.76088,0,1.65025
3.21,hold 2.0m,-0.00277821,0.0273792,-0.000511963,-0.00144183,0,0,-0.00362091,-0.00788145,0.00277507,2.03345,2.17345,2.0295,0.0953385,2,0,0.248968,0.248758,0.249381,0.248653,0.248968,0.248653,0.248758,0.249381,1,0,0.00119604,0,-0.00137553,0.000583528,0.000412515,0.00152807,0.00433831,0.00136507,0.00173059,-1.25473e-05,-0.00384844,0.0102814,-0.00104443,0.0172003,-0.104726,9.78068,9.78126,0,1.65667
3.22,hold 2.0m,-0.00281552,0.0274576,-0.000433601,-0.00133876,0,0,-0.00368751,-0.00780117,0.00269866,2.03415,2.17415,2.03045,0.0939324,2,0,0.249368,0.248528,0.248947,0.248594,0.249368,0.248594,0.248528,0.248947,1,0,0.00138107,0,0.00129168,-0.000675224,0.000524483,0.00129816,0.00403197,0.00135299,0.00171895,-1.25497e-05,-0.000428371,0.0121829,-0.0140185,0.0934892,-0.0854019,9.55984,9.56068,0,1.65576
3.23,hold 2.0m,-0.00285329,0.0275346,-0.000217687,-0.00136348,0,0,-0.00376024,-0.00759176,0.00167357,2.03483,2.17483,2.02951,0.0900925,2,0,0.248718,0.250028,0.249208,0.249507,0.248718,0.249507,0.250028,0.249208,1,0,0.000690534,0,-0.00268131,-5.88779e-05,-0.000707678,0.000634805,0.00409468,0.00132474,0.00172309,-1.24878e-05,-0.0108489,0.00454216,-0.00288928,0.0690267,-0.0173316,9.46525,9.46552,0,1.66275
3.24,hold 2.0m,-0.00289206,0.0276095,-0.000448896,-0.00142419,0,0,-0.00392866,-0.0073829,0.001076,2.03547,2.17547,2.0304,0.0869103,2,0,0.249916,0.249111,0.249945,0.248909,0.249916,0.248909,0.249111,0.249945,1,0,0.00138107,0,-0.000612779,-0.000328589,0.000809283,0.0013448,0.00427113,0.00135974,0.00173453,-1.27837e-05,0.000111455,0.000772305,0.00536244,0.0157808,-0.0272331,9.40921,9.40926,0,1.66962
3.25,hold 2.0m,-0.00293227,0.0276824,-0.000344157,-0.00133734,0,0,-0.00404136,-0.00723048,0.0012746,2.03608,2.17608,2.02124,0.0759708,2,0,0.252003,0.252444,0.251871,0.252423,0.252003,0.252423,0.252444,0.251871,1,0,0.000976562,0,0.000293607,-0.000289058,-0.000436851,0.00103326,0.00399959,0.0013427,0.00172532,-1.27996e-05,0.00186743,-0.00655709,0.000670369,0.0349659,0.0669466,9.42468,9.42498,0,1.6695
3.26,hold 2.0m,-0.00297343,0.0277543,-0.00015129,-0.00203286,0,0,-0.00410853,-0.00718713,0.00213444,2.03664,2.17664,2.02198,0.0719569,2,0,0.251815,0.252941,0.252027,0.252817,0.251815,0.252817,0.252941,0.252027,1,0,0.00182698,0,-0.000890222,0.000168868,-0.000842443,0.000453113,0.00609846,0.00131214,0.0018303,-1.34502e-05,0.000810684,0.00175651,0.00196247,0.0498497,0.0455197,9.35085,9.35109,0,1.71446
3.27,hold 2.0m,-0.00301586,0.0278265,-0.000143252,-0.00229449,0,0,-0.00428834,-0.00724386,0.00197991,2.03716,2.17716,2.02949,0.0724686,2,0,0.250792,0.250849,0.251175,0.250894,0.250792,0.250894,0.250849,0.251175,1,0,0.00195312,0,-0.000897667,0.000810861,9.85266e-05,0.000437998,0.00688237,0.00131193,0.00187187,-1.40619e-05,0.00679959,0.00114687,-0.00308128,-0.02836,-0.0386378,9.35711,9.35723,0,1.73378
3.28,hold 2.0m,-0.0030606,0.0278997,-0.000161153,-0.002229,0,0,-0.00454401,-0.00744806,0.00279283,2.03764,2.17764,2.03019,0.0679976,2,0,0.251067,0.251099,0.251621,0.250988,0.251067,0.250988,0.251099,0.251621,1,0,0.0020716,0,-0.00176342,0.000837423,0.000264086,0.000477077,0.00667536,0.00131317,0.00186445,-1.3857e-05,-0.0029479,-0.00589151,-0.0031242,-0.105985,-0.0368777,9.37665,9.37732,0,1.73437
3.29,hold 2.0m,-0.00310805,0.0279757,-0.000165974,-0.00192025,0,0,-0.00482107,-0.00781051,0.00202442,2.03806,2.17806,2.05362,0.0793375,2,0,0.246299,0.244577,0.246588,0.245415,0.246299,0.245415,0.244577,0.246588,1,0,0.00154408,0,0.00145449,0.00213598,0.00127243,0.000501228,0.00577546,0.00131527,0.00182116,-1.37159e-05,0.00350248,0.011633,-0.00907861,0.112442,-0.11011,9.31373,9.31506,0,1.72133
3.3,hold 2.0m,-0.00315803,0.0280561,-0.000232784,-0.00191281,0,0,-0.00508781,-0.00831115,0.00160967,2.03844,2.17844,2.05439,0.0738199,2,0,0.24526,0.246729,0.245803,0.246434,0.24526,0.246434,0.246729,0.245803,1,0,0.00154408,0,-0.00222387,0.00046972,-0.000923316,0.000691421,0.00573604,0.00132384,0.00182398,-1.38496e-05,-0.00329048,0.000223652,0.00323573,0.087698,-0.0401275,9.19243,9.19294,0,1.72542
3.31,hold 2.0m,-0.00321056,0.0281415,-0.000316251,-0.00151698,0,0,-0.00533206,-0.00882111,0.00167522,2.03875,2.17875,2.04777,0.0626397,2,0,0.24866,0.248473,0.248126,0.247987,0.24866,0.247987,0.248473,0.248126,1,0,0.000976562,0,0.000126119,-0.00193073,0.000143185,0.000950223,0.00455098,0.00133302,0.00177128,-1.40116e-05,0.00231425,0.00178821,0.000379094,0.0735124,0.0049304,9.16154,9.16183,0,1.70757
3.32,hold 2.0m,-0.00326555,0.0282315,-0.000434552,-0.00118815,0,0,-0.00554479,-0.00915556,0.0022471,2.03899,2.17899,2.04837,0.0564588,2,0,0.250646,0.246822,0.250208,0.247321,0.250646,0.247321,0.246822,0.250208,1,0,0,0,0.00248456,0.000117067,0.00294957,0.00131054,0.00356325,0.00134888,0.00173026,-1.39531e-05,0.00592938,0.000937034,-0.00499935,0.137195,-0.022432,9.09939,9.10045,0,1.69364
3.33,hold 2.0m,-0.0033217,0.0283239,-0.000855594,-0.00114601,0,0,-0.00556576,-0.0093122,0.00131262,2.03917,2.17917,2.05451,0.0538806,2,0,0.248393,0.247481,0.247821,0.247566,0.248393,0.247566,0.247481,0.247821,1,0,0.000976562,0,0.00174265,-0.000921624,0.000512982,0.00255116,0.0034395,0.00140226,0.0017302,-1.35991e-05,-0.00900914,0.00270454,0.00132557,-0.0906934,0.00916075,9.08567,9.08612,0,1.6948
3.34,hold 2.0m,-0.00337727,0.0284171,-0.000552233,-0.000949684,0,0,-0.00545285,-0.0093267,0.000730047,2.03928,2.17928,2.05501,0.0472367,2,0,0.248154,0.248415,0.248503,0.248194,0.248154,0.248194,0.248415,0.248503,1,0,0.000690534,0,-0.00151132,0.000241964,2.14952e-05,0.00165917,0.00286698,0.00135469,0.00170864,-1.36983e-05,0.00300275,0.0136605,0.0012984,0.0215905,-0.0331353,9.10793,9.10802,0,1.69063
3.35,hold 2.0m,-0.00343139,0.0285103,-0.000604403,-0.000752963,0,0,-0.00528528,-0.0093059,0.00133783,2.03932,2.17932,2.03253,0.0243157,2,0,0.254806,0.254407,0.254949,0.254429,0.254806,0.254429,0.254407,0.254949,1,0,0.000976562,0,-0.000323467,0.000313008,0.00040424,0.00180697,0.00227249,0.00135891,0.00168726,-1.38461e-05,-0.00279781,0.0107489,0.00222688,0.0440486,-0.12294,9.13245,9.13338,0,1.68475
3.36,hold 2.0m,-0.00348367,0.0286031,-0.0010739,-0.00093635,0,0,-0.00503354,-0.00926705,0.00237555,2.0393,2.1793,2.03274,0.0181586,2,0,0.256463,0.254053,0.25576,0.254423,0.256463,0.254423,0.254053,0.25576,1,0,0.000976562,0,0.00284862,-0.000632135,0.00164722,0.00321693,0.00281117,0.00142163,0.00172145,-1.28887e-05,-0.00176691,0.00313774,-0.00273991,-0.0170136,-0.0534906,9.24295,9.24312,0,1.69859
3.37,hold 2.0m,-0.00353267,0.0286952,-0.000924135,-0.000886183,0,0,-0.00460591,-0.00915734,0.00236501,2.03921,2.17921,2.03705,0.0155248,2,0,0.255194,0.254539,0.255377,0.253305,0.255194,0.253305,0.254539,0.255377,1,0,0.000690534,0,-0.00375792,-0.00199146,0.00119891,0.00277617,0.00266025,0.00139946,0.00172092,-1.2961e-05,0.0039063,0.00285669,-0.000842668,0.146718,0.0672061,9.3172,9.31859,0,1.70189
3.38,hold 2.0m,-0.0035775,0.0287857,-0.000942634,-0.000904884,0,0,-0.00422588,-0.00894771,0.0014799,2.03907,2.17907,2.03718,0.0103234,2,0,0.254808,0.255418,0.254905,0.255068,0.254808,0.255068,0.255418,0.254905,1,0,0.000690534,0,-0.00118505,-0.00048064,-0.000339273,0.0028352,0.00270635,0.00139884,0.00172728,-1.28712e-05,0.00627037,-0.00381521,0.0100786,0.0131222,0.00110552,9.27406,9.27407,0,1.70827
3.39,hold 2.0m,-0.00361868,0.0288741,-0.000707411,-0.000929616,0,0,-0.0039125,-0.00871163,0.0019951,2.03888,2.17888,2.03706,0.00531208,2,0,0.254048,0.256726,0.254412,0.256931,0.254048,0.256931,0.256726,0.254412,1,0,0.000690534,0,-0.000423815,0.00107868,-0.00228423,0.0021109,0.00279528,0.00136375,0.00173329,-1.30856e-05,-0.0062002,0.00602748,-0.00949183,0.0715181,-0.037927,9.33157,9.33192,0,1.71609
3.4,hold 2.0m,-0.00365716,0.02896,-0.00105436,-0.000861367,0,0,-0.00364223,-0.00846195,0.00194825,2.03864,2.17864,2.03709,0.000969483,2,0,0.256519,0.25541,0.256118,0.255615,0.256519,0.255615,0.25541,0.256118,1,0,0.000690534,0,0.00160468,-0.000371969,0.00070858,0.00314267,0.00258978,0.00141546,0.00172941,-1.33129e-05,-0.012193,0.00550626,0.00461933,0.00857309,-0.100148,9.30528,9.30582,0,1.71562
3.41,hold 2.0m,-0.00369327,0.0290434,-0.00101589,-0.0007301,0,0,-0.00347922,-0.0082496,0.00147543,2.03835,2.17835,2.03986,-0.00106999,2,0,0.255604,0.255896,0.25563,0.255204,0.255604,0.255204,0.255896,0.25563,1,0,0,0,-0.00190464,-0.00126192,5.93927e-05,0.00303742,0.00220811,0.0014133,0.0017134,-1.35628e-05,-0.00541633,0.0135903,-0.00340453,0.0378516,-0.0418962,9.4644,9.46457,0,1.71324
3.42,hold 2.0m,-0.00372808,0.0291253,-0.000740959,-0.000848858,0,0,-0.00342227,-0.00813404,0.00123296,2.03803,2.17803,2.03982,-0.00495422,2,0,0.256072,0.255786,0.256407,0.255483,0.256072,0.255483,0.255786,0.256407,1,0,0.000690534,0,-0.0016929,6.02321e-05,0.000532192,0.0022168,0.00257438,0.00137578,0.00173374,-1.37115e-05,-0.0026695,0.0202668,0.00453152,0.0666617,0.0220917,9.40115,9.40141,0,1.72625
3.43,hold 2.0m,-0.00376292,0.029206,-0.000779223,-0.00102237,0,0,-0.00348736,-0.0080191,0.00106469,2.03766,2.17766,2.03398,-0.0126489,2,0,0.257937,0.257765,0.257984,0.257291,0.257937,0.257291,0.257765,0.257984,1,0,0.00119604,0,-0.00138099,-0.000808555,0.000380037,0.00234807,0.00306859,0.00138257,0.00176251,-1.37651e-05,0.00831236,0.00274269,-0.00199738,-0.100488,0.0137194,9.49862,9.49916,0,1.74076
3.44,hold 2.0m,-0.0037982,0.0292857,-0.000389533,-0.00140997,0,0,-0.00350239,-0.00791048,0.00085176,2.03726,2.17726,2.03384,-0.0161178,2,0,0.25696,0.259544,0.256781,0.259058,0.25696,0.259058,0.259544,0.256781,1,0,0.000690534,0,-0.000813658,-0.00126043,-0.00213684,0.00118225,0.00423468,0.00132709,0.00182102,-1.36718e-05,0.0104249,0.00499815,-0.00143108,0.0857552,0.039012,9.48021,9.48068,0,1.76978
3.45,hold 2.0m,-0.00383315,0.029364,-0.000478123,-0.00131254,0,0,-0.00340239,-0.00772822,0.00116155,2.03682,2.17682,2.04054,-0.0142705,2,0,0.256722,0.256517,0.256806,0.256564,0.256722,0.256564,0.256517,0.256806,1,0,0.000976562,0,-9.9382e-05,0.000248456,0.00019656,0.00144141,0.00393003,0.00134114,0.00181343,-1.38385e-05,0.00604111,-0.00324266,0.0014458,0.0529562,-0.0353913,9.57388,9.57409,0,1.76838
3.46,hold 2.0m,-0.00386715,0.0294404,-0.000461158,-0.00178929,0,0,-0.00329567,-0.00757209,0.00193856,2.03635,2.17635,2.04039,-0.0169651,2,0,0.257853,0.256128,0.257649,0.256052,0.257853,0.256052,0.256128,0.257649,1,0,0.00119604,0,0.000339351,-0.00053082,0.00146023,0.00137294,0.00536633,0.00134092,0.00188619,-1.43855e-05,-0.00569055,0.000859988,-0.00544059,0.055836,-0.0184851,9.52864,9.52882,0,1.80022
3.47,hold 2.0m,-0.00389979,0.0295157,-0.000292767,-0.0017069,0,0,-0.00311505,-0.00751412,0.00163154,2.03586,2.17586,2.04916,-0.0134946,2,0,0.253636,0.256056,0.253879,0.256196,0.253636,0.256196,0.256056,0.253879,1,0,0.00154408,0,-0.000271501,0.000724576,-0.00208165,0.000868006,0.00515151,0.00131508,0.00187796,-1.37837e-05,-0.00553537,0.0224222,0.0067852,0.187409,0.0123394,9.50125,9.50311,0,1.80103
3.48,hold 2.0m,-0.00393075,0.0295908,-0.000747709,-0.00165824,0,0,-0.00294484,-0.00752035,0.0025187,2.03533,2.17533,2.04901,-0.0161935,2,0,0.256243,0.254256,0.255674,0.254649,0.256243,0.254649,0.254256,0.255674,1,0,0.00169146,0,0.00255041,-0.000334775,0.00132355,0.00223023,0.00497002,0.00137809,0.0018739,-1.5802e-05,-0.00723022,-0.00125057,-0.00744802,0.114992,0.0019666,9.44494,9.44564,0,1.80011
3.49,hold 2.0m,-0.00396015,0.0296658,-0.000583213,-0.00187011,0,0,-0.00278612,-0.00753431,0.0023531,2.03478,2.17478,2.05317,-0.0160208,2,0,0.254699,0.253958,0.255295,0.253642,0.254699,0.253642,0.253958,0.255295,1,0,0.00154408,0,-0.00241951,0.000532972,0.00105239,0.0017624,0.00560954,0.00135693,0.00190485,-1.50732e-05,0.00985459,0.00137643,-0.00583223,-0.115237,0.0421752,9.49642,9.49721,0,1.81755
3.5,hold 2.0m,-0.00398816,0.0297418,-0.000620392,-0.00194629,0,0,-0.00271752,-0.00769662,0.00175539,2.03419,2.17419,2.053,-0.0189462,2,0,0.255217,0.253971,0.255561,0.25401,0.255217,0.25401,0.253971,0.255561,1,0,0.00154408,0,-0.000810763,0.000726553,0.00122943,0.00187186,0.00585092,0.0013635,0.00191963,-1.53026e-05,0.00847702,0.00995566,-0.00469326,-0.0818685,-0.00524283,9.48246,9.48282,0,1.82618
3.51,hold 2.0m,-0.00401553,0.0298196,-0.00084531,-0.0019523,0,0,-0.0026433,-0.00786535,0.00174089,2.03357,2.17357,2.04562,-0.0271395,2,0,0.256093,0.25739,0.256547,0.257267,0.256093,0.257267,0.25739,0.256547,1,0,0.00218366,0,-0.00153127,0.00062747,-0.000886469,0.00253144,0.00586024,0.00139746,0.00192767,-1.66791e-05,-0.00158035,0.00415893,0.00765613,-0.0609379,-0.0319082,9.47869,9.47894,0,1.8299
3.52,hold 2.0m,-0.00404234,0.0298988,-0.000660659,-0.0014656,0,0,-0.0025522,-0.00799068,0.00304071,2.03292,2.17292,2.04533,-0.0298746,2,0,0.256505,0.257575,0.256763,0.257658,0.256505,0.257658,0.257575,0.256763,1,0,0.00154408,0,-0.000464435,0.000645587,-0.00086319,0.00200108,0.00440311,0.00137301,0.00186441,-1.56102e-05,0.0141158,0.00607093,0.00288948,-0.0203661,0.0105715,9.53403,9.53406,0,1.80783
3.53,hold 2.0m,-0.00406838,0.0299794,-0.000562694,-0.00141851,0,0,-0.00249038,-0.00815691,0.00272102,2.03224,2.17224,2.03981,-0.0362795,2,0,0.258986,0.258802,0.258683,0.258532,0.258986,0.258532,0.258802,0.258683,1,0,0.00119604,0,8.6999e-05,-0.00108589,0.000147105,0.00167782,0.00424981,0.00136277,0.00185887,-1.5528e-05,-0.00549091,-0.00195526,-0.0071425,0.0583026,0.00617187,9.57584,9.57601,0,1.81047
3.54,hold 2.0m,-0.00409416,0.0300615,-0.00053738,-0.00144373,0,0,-0.00247399,-0.0082917,0.00366356,2.03154,2.17154,2.03944,-0.0385043,2,0,0.260576,0.257538,0.260608,0.257364,0.260576,0.257364,0.257538,0.260608,1,0,0.000976562,0,-0.000548439,-0.000269884,0.00276073,0.0016162,0.00432924,0.00135701,0.0018656,-1.55104e-05,0.00405517,0.000577236,-0.00366877,0.0510987,-0.0465335,9.57533,9.57558,0,1.8169
3.55,hold 2.0m,-0.00411976,0.0301445,-0.000374577,-0.00114945,0,0,-0.0024855,-0.00833188,0.00277069,2.03081,2.17081,2.03192,-0.0454166,2,0,0.261275,0.260927,0.261375,0.260712,0.261275,0.260712,0.260927,0.261375,1,0,0,0,-0.000835057,-0.000217647,0.000444343,0.00111662,0.00345166,0.00133733,0.00182951,-1.52548e-05,-0.00340995,0.00403089,-0.00768751,0.0198437,0.0134365,9.62952,9.62955,0,1.80603
3.56,hold 2.0m,-0.00414562,0.0302275,-0.000210769,-0.000954121,0,0,-0.00251837,-0.00827015,0.00266572,2.03007,2.17007,2.03146,-0.0468112,2,0,0.262321,0.260163,0.262365,0.260301,0.262321,0.260301,0.260163,0.262365,1,0,0.000690534,0,0.000247112,0.000344989,0.0018559,0.00064893,0.00288069,0.00131572,0.00180803,-1.53182e-05,0.0123832,0.0140291,-0.0144052,0.0655833,0.0615908,9.65764,9.65806,0,1.80089
3.57,hold 2.0m,-0.00417146,0.0303099,-0.000194929,-0.00106239,0,0,-0.00251436,-0.00822651,0.00183831,2.0293,2.1693,2.03495,-0.0450515,2,0,0.261033,0.259719,0.261347,0.259767,0.261033,0.259767,0.259719,0.261347,1,0,0.000690534,0,-0.000704611,0.000686476,0.00127246,0.000583768,0.00319022,0.00131404,0.00182751,-1.59114e-05,0.000638299,0.00386685,0.00349599,-0.132453,-0.0558335,9.68269,9.68376,0,1.81203
3.58,hold 2.0m,-0.00419749,0.0303921,-0.000278916,-0.00105752,0,0,-0.0025724,-0.00824405,0.00241996,2.02853,2.16853,2.0345,-0.0459602,2,0,0.260959,0.26074,0.260752,0.260079,0.260959,0.260079,0.26074,0.260752,1,0,0.000690534,0,-0.0012053,-0.00164447,0.000391687,0.000841283,0.00317497,0.00132717,0.00183039,-1.59823e-05,0.00435057,0.00342762,0.000147142,-0.0426815,0.0143999,9.67388,9.67399,0,1.81605
3.59,hold 2.0m,-0.00422395,0.0304746,-0.000221985,-0.00111748,0,0,-0.00261818,-0.00829488,0.00220639,2.02775,2.16775,2.03714,-0.0444811,2,0,0.259951,0.260408,0.259753,0.259876,0.259951,0.259876,0.260408,0.259753,1,0,0.000690534,0,-0.000887829,-0.00138425,-0.000254924,0.000658926,0.00333988,0.00132576,0.00184373,-1.61528e-05,-0.0033555,-0.00652467,0.00350705,0.0441253,-0.087222,9.69479,9.69528,0,1.82472
3.6,hold 2.0m,-0.00425126,0.0305574,-0.000447428,-0.00104366,0,0,-0.00271224,-0.00826159,0.00252294,2.02697,2.16697,2.03669,-0.0449316,2,0,0.260808,0.259598,0.260131,0.259942,0.260808,0.259942,0.259598,0.260131,1,0,0.000976562,0,0.00270867,-0.000633976,0.000615052,0.00133315,0.00314924,0.00135753,0.00184263,-1.6091e-05,-0.0047395,0.014026,-0.00501641,0.0807775,-0.0578774,9.73004,9.73055,0,1.82394
3.61,hold 2.0m,-0.0042796,0.0306393,-0.000589525,-0.000997766,0,0,-0.00277388,-0.00812375,0.00284248,2.02617,2.16617,2.02987,-0.0498362,2,0,0.26209,0.261577,0.262102,0.261661,0.26209,0.261661,0.261577,0.262102,1,0,0,0,0.000190453,0.000183794,0.000419109,0.00176894,0.0030023,0.00137641,0.00184189,-1.63418e-05,0.00161175,0.00784805,-0.0106489,0.00210595,0.0187865,9.87219,9.8722,0,1.82528
3.62,hold 2.0m,-0.0043086,0.0307198,-0.000554419,-0.00132536,0,0,-0.00289752,-0.00801978,0.00233754,2.02538,2.16538,2.02937,-0.0499587,2,0,0.2601,0.263663,0.260584,0.263485,0.2601,0.263485,0.263663,0.260584,1,0,0.000690534,0,-0.00175532,0.000582208,-0.00284111,0.00167137,0.00399194,0.00137295,0.00189073,-1.6602e-05,0.00678544,0.0124714,0.00242875,0.085972,0.0414502,9.80234,9.8028,0,1.84894
3.63,hold 2.0m,-0.00433897,0.0307998,-0.000415103,-0.00132718,0,0,-0.00303887,-0.00799118,0.00270724,2.02458,2.16458,2.05125,-0.0339299,2,0,0.257864,0.254754,0.257707,0.255107,0.257864,0.255107,0.254754,0.257707,1,0,0.000690534,0,0.00135523,0.000373134,0.0025101,0.00124013,0.00397959,0.00135368,0.00189765,-1.65108e-05,-0.00209907,0.000603046,0.00138683,0.0147001,-0.134377,9.78579,9.78673,0,1.85468
3.64,hold 2.0m,-0.00437076,0.0308793,-0.000391931,-0.00152669,0,0,-0.0031699,-0.00793311,0.00173377,2.02378,2.16378,2.05091,-0.0342467,2,0,0.256086,0.256864,0.256395,0.256398,0.256086,0.256398,0.256864,0.256395,1,0,0.000976562,0,-0.00205289,-0.000296948,-0.000343485,0.00117648,0.00459777,0.00134995,0.00193028,-1.64933e-05,0.00180305,0.0137344,-0.0034055,0.0622426,-0.0331928,9.68732,9.68757,0,1.87093
3.65,hold 2.0m,-0.00440348,0.0309585,-0.000209311,-0.00193752,0,0,-0.00324616,-0.00795159,0.00306961,2.02297,2.16297,2.0642,-0.0252068,2,0,0.254418,0.251908,0.253844,0.252178,0.254418,0.252178,0.251908,0.253844,1,0,0.00169146,0,0.00224013,-0.000575428,0.00183588,0.000623486,0.00580803,0.0013231,0.00198677,-1.63026e-05,-0.00163502,-0.00104062,0.00335046,-0.102371,-0.000955015,9.64934,9.64989,0,1.90027
3.66,hold 2.0m,-0.00443686,0.0310384,-0.000455878,-0.00152099,0,0,-0.00328414,-0.00804666,0.00288164,2.02214,2.16214,2.06394,-0.0266143,2,0,0.253577,0.25271,0.253503,0.253203,0.253577,0.253203,0.25271,0.253503,1,0,0.000976562,0,0.0015027,0.000794878,0.000512987,0.00136144,0.00455675,0.00136119,0.00193015,-1.64363e-05,-0.00275749,-0.00222267,0.00515638,-0.0726566,-0.0160231,9.59772,9.59801,0,1.8797
3.67,hold 2.0m,-0.00447111,0.0311191,-0.000513265,-0.00166079,0,0,-0.00343735,-0.00809232,0.0015048,2.0213,2.1613,2.05584,-0.0339994,2,0,0.255057,0.25613,0.25481,0.255776,0.255057,0.255776,0.25613,0.25481,1,0,0.00119604,0,-0.000282815,-0.00113872,-0.000896257,0.00153752,0.0049722,0.00137071,0.0019559,-1.70233e-05,-0.000153989,-0.00482101,-0.00487561,0.0453106,0.0372328,9.64535,9.64553,0,1.89212
3.68,hold 2.0m,-0.0045069,0.0311995,-0.000512659,-0.00153714,0,0,-0.00362663,-0.0079974,0.00124988,2.02044,2.16044,2.05549,-0.035979,2,0,0.255721,0.255592,0.256217,0.255198,0.255721,0.255198,0.255592,0.256217,1,0,0.00119604,0,-0.0023609,0.000192086,0.00050451,0.00151488,0.00462138,0.0013709,0.0019427,-1.69526e-05,-0.0140146,0.00858151,0.00850726,0.0442975,-0.0576143,9.66193,9.6622,0,1.8899
3.69,hold 2.0m,-0.00454473,0.0312791,-0.00047942,-0.00136962,0,0,-0.003816,-0.00794732,0.00234605,2.01955,2.15955,2.05784,-0.0362004,2,0,0.255874,0.254696,0.255694,0.254711,0.255874,0.254711,0.254696,0.255694,1,0,0.00119604,0,0.000517348,-0.000312872,0.000949393,0.00143829,0.00411528,0.00136555,0.00192549,-1.71464e-05,0.00137393,0.00621371,-0.00887591,0.0506986,-0.0902108,9.53865,9.53921,0,1.88538
3.7,hold 2.0m,-0.00458431,0.0313582,-0.000913108,-0.0015746,0,0,-0.00397656,-0.00791533,0.00295821,2.01864,2.15864,2.05747,-0.038566,2,0,0.256615,0.254262,0.257,0.254221,0.256615,0.254221,0.254262,0.257,1,0,0.00154408,0,-0.00112823,0.000653056,0.0022554,0.00274365,0.004725,0.001429,0.00195538,-1.71586e-05,0.00431483,0.00275153,0.000512,0.049632,-0.0789204,9.58493,9.58538,0,1.89911
3.71,hold 2.0m,-0.00462611,0.0314373,-0.00104882,-0.00150797,0,0,-0.00422133,-0.00793937,0.00252144,2.0177,2.1577,2.05492,-0.0425968,2,0,0.256067,0.25658,0.255985,0.25681,0.256067,0.25681,0.25658,0.255985,1,0,0.00119604,0,0.00082587,0.000281218,-0.000588456,0.00313974,0.00452282,0.00144344,0.00194858,-1.76525e-05,-0.00303818,0.00122194,-0.00171309,-0.0487853,-0.034566,9.46807,9.46826,0,1.8993
3.72,hold 2.0m,-0.00466997,0.0315167,-0.000961347,-0.00144958,0,0,-0.00438407,-0.00795856,0.00308753,2.01673,2.15673,2.05448,-0.0450018,2,0,0.25687,0.256277,0.256605,0.256899,0.25687,0.256899,0.256277,0.256605,1,0,0.00154408,0,0.00235548,0.00067664,0.000131497,0.00288503,0.00435126,0.00143253,0.0019434,-1.77093e-05,0.00207803,0.00362932,-0.0122623,-0.00543005,-0.0555393,9.59689,9.59705,0,1.90128
3.73,hold 2.0m,-0.00471516,0.0315963,-0.00100735,-0.00150672,0,0,-0.00445842,-0.00799641,0.00331168,2.01574,2.15574,2.04351,-0.054937,2,0,0.259351,0.259982,0.259266,0.259941,0.259351,0.259941,0.259982,0.259266,1,0,0.00169146,0,0.00011576,-0.000237376,-0.000573457,0.00302339,0.00451911,0.00143852,0.00195353,-1.76172e-05,0.00233893,0.00123947,0.00233677,0.105071,0.0353706,9.53136,9.532,0,1.90909
3.74,hold 2.0m,-0.00476096,0.0316763,-0.00120396,-0.00122702,0,0,-0.00447075,-0.00802975,0.00230405,2.01473,2.15473,2.04295,-0.0570756,2,0,0.260303,0.259711,0.260307,0.259441,0.260303,0.259441,0.259711,0.260307,1,0,0.00154408,0,-0.000727864,-0.000504788,0.000641063,0.00361914,0.00368873,0.0014646,0.00191878,-1.9057e-05,0.00630138,0.00703649,-0.00529146,0.00576085,0.00291584,9.65848,9.65848,0,1.89685
3.75,hold 2.0m,-0.00480599,0.0317564,-0.00131593,-0.00118333,0,0,-0.00438693,-0.00800702,0.00177334,2.0137,2.1537,2.0111,-0.0807332,2,0,0.26859,0.267793,0.268186,0.267922,0.26859,0.267922,0.267793,0.268186,1,0,0.00154408,0,0.00141154,-0.000521959,0.000466042,0.00394295,0.00356024,0.00148202,0.00191734,-1.90547e-05,-0.00173945,0.00874739,0.0075448,-0.0195018,-0.111388,9.82641,9.82706,0,1.89857
3.76,hold 2.0m,-0.00484955,0.0318361,-0.00165261,-0.00122036,0,0,-0.00416201,-0.00791895,0.0015358,2.01266,2.15266,2.01029,-0.0810089,2,0,0.267179,0.269423,0.267057,0.269571,0.267179,0.269571,0.269423,0.267057,1,0,0.00182698,0,0.00071649,5.01076e-05,-0.00209087,0.0049516,0.00366741,0.0015276,0.00192755,-1.889e-05,-0.00260164,0.00610861,0.0163817,0.053087,-0.0872931,9.77983,9.78036,0,1.90369
3.77,hold 2.0m,-0.00489056,0.0319147,-0.00169718,-0.00119397,0,0,-0.00388548,-0.00782642,0.00220643,2.01162,2.15162,2.02638,-0.0681894,2,0,0.264275,0.26347,0.264442,0.264255,0.264275,0.264255,0.26347,0.264442,1,0,0.00169146,0,0.0016398,0.00180145,0.00043612,0.00509231,0.00357995,0.00153076,0.00192882,-1.88407e-05,0.0020569,0.000616979,0.00449893,-0.0970826,-0.0316486,9.93935,9.93988,0,1.90668
3.78,hold 2.0m,-0.00492872,0.0319927,-0.00202907,-0.00111364,0,0,-0.00359014,-0.00779037,0.00242406,2.01059,2.15059,2.0257,-0.0671388,2,0,0.264445,0.263829,0.264017,0.264275,0.264445,0.264275,0.263829,0.264017,1,0,0.0020716,0,0.00231684,3.36104e-05,0.00015722,0.00609522,0.0033431,0.00157635,0.00192077,-1.92335e-05,0.00691581,0.00337786,0.000357608,0.0135574,-0.165133,9.93457,9.93595,0,1.90516
3.79,hold 2.0m,-0.00496362,0.0320706,-0.0020812,-0.00118933,0,0,-0.00319215,-0.00780479,0.00285888,2.00958,2.14958,2.006,-0.0793591,2,0,0.269158,0.268733,0.269175,0.268858,0.269158,0.268858,0.268733,0.269175,1,0,0.00239208,0,0.0002885,0.000267835,0.000326061,0.00625545,0.00356535,0.00158183,0.0019365,-1.84833e-05,0.00948164,0.000181595,-0.00634219,-0.0240969,-0.0317709,10.0022,10.0023,0,1.91387
3.8,hold 2.0m,-0.00499427,0.0321487,-0.00190364,-0.000924091,0,0,-0.0027608,-0.00786573,0.00225801,2.00858,2.14858,2.00522,-0.0770341,2,0,0.269133,0.268801,0.268896,0.268871,0.269133,0.268871,0.268801,0.268896,1,0,0.00195312,0,0.000816649,-0.000315922,0.00015656,0.00570513,0.00277023,0.0015566,0.00190264,-2.01709e-05,-0.0023054,0.000533485,0.00176002,-0.0859287,-0.0519358,10.0936,10.0941,0,1.90418
3.81,hold 2.0m,-0.00502027,0.0322278,-0.0021557,-0.00109221,0,0,-0.0022781,-0.0079985,0.00180332,2.0076,2.1476,2.01001,-0.0702311,2,0,0.26746,0.267496,0.26741,0.26724,0.26746,0.26724,0.267496,0.26741,1,0,0.00239208,0,-0.000547071,-0.000580919,5.83092e-05,0.00647862,0.00328775,0.00159408,0.00192368,-1.93847e-05,0.00928134,0.00931927,0.00701061,0.01433,0.0209686,10.086,10.086,0,1.91725
3.82,hold 2.0m,-0.00504155,0.0323087,-0.00218832,-0.000983581,0,0,-0.00187472,-0.00820643,0.00225671,2.00666,2.14666,2.00933,-0.0668574,2,0,0.266439,0.267845,0.266776,0.267837,0.266439,0.267837,0.267845,0.266776,1,0,0.00229024,0,-0.000915523,0.000623763,-0.00108454,0.00656924,0.00293844,0.00159807,0.00191007,-2.00921e-05,0.00445007,-0.00628263,-0.00540848,0.0262332,-0.0971758,10.1259,10.1264,0,1.91563
3.83,hold 2.0m,-0.00505952,0.0323918,-0.00252568,-0.00103628,0,0,-0.00154623,-0.00849693,0.00155146,2.00574,2.14574,1.99471,-0.0732713,2,0,0.270702,0.270409,0.270164,0.271013,0.270702,0.271013,0.270409,0.270164,1,0,0.00248976,0,0.00302845,0.000124241,-0.000244736,0.00756459,0.00312042,0.00164619,0.00192064,-1.88381e-05,-0.00666138,0.00964,-0.00504136,0.0353474,0.0017693,10.1689,10.169,0,1.92208
3.84,hold 2.0m,-0.00507401,0.0324783,-0.00297735,-0.000718632,0,0,-0.00121674,-0.0088236,0.00174328,2.00487,2.14487,1.994,-0.0690088,2,0,0.269869,0.271061,0.269554,0.27081,0.269869,0.27081,0.271061,0.269554,1,0,0.00300997,0,0.000171395,-0.00107349,-0.00107582,0.00893296,0.0021409,0.0017092,0.00188122,-2.2039e-05,0.00230841,-0.00812075,2.08312e-05,0.00960034,0.073697,10.2304,10.2306,0,1.90736
3.85,hold 2.0m,-0.00508488,0.0325675,-0.00302447,-0.000399466,0,0,-0.000810157,-0.00900876,0.00136453,2.00404,2.14404,1.99065,-0.0661039,2,0,0.269587,0.272075,0.269513,0.271617,0.269587,0.271617,0.272075,0.269513,1,0,0.00284714,0,-0.00101687,-0.00100819,-0.00201857,0.00908084,0.0012091,0.00171876,0.00183969,-2.54316e-05,0.00667068,0.00896864,0.00109467,-0.0531747,0.12132,10.3768,10.3777,0,1.89411
3.86,hold 2.0m,-0.00509154,0.0326577,-0.00285982,-0.000578585,0,0,-0.000376832,-0.00900345,0.00123406,2.00326,2.14326,1.99002,-0.0609363,2,0,0.269662,0.271004,0.269647,0.271071,0.269662,0.271071,0.271004,0.269647,1,0,0.00248976,0,0.000217454,9.89051e-05,-0.00121519,0.00859453,0.00174281,0.00170096,0.00186905,-2.35086e-05,0.0117527,0.00653736,0.0115398,-0.0136536,0.061716,10.3455,10.3457,0,1.91006
3.87,hold 2.0m,-0.00509365,0.0327469,-0.0028744,-0.000552535,0,0,4.92139e-05,-0.00883377,0.00207761,2.00253,2.14253,2.00135,-0.0469542,2,0,0.267174,0.266921,0.266242,0.267388,0.267174,0.267388,0.266921,0.266242,1,0,0.00276214,0,0.00370952,-0.000880573,-0.000392639,0.00862629,0.00167564,0.00171125,0.0018708,-2.31496e-05,0.00377294,0.013916,-0.00889016,0.0879585,0.08545,10.4005,10.4012,0,1.91363
3.88,hold 2.0m,-0.00509213,0.0328339,-0.00250358,-0.000918533,0,0,0.000407012,-0.00857294,0.00146861,2.00185,2.14185,2.00091,-0.0418151,2,0,0.266169,0.266747,0.266558,0.266665,0.266169,0.266665,0.266747,0.266558,1,0,0.00239208,0,-0.00124761,0.000582358,-0.000300832,0.00752743,0.00276453,0.00166489,0.00192384,-1.99295e-05,0.0128038,0.00786783,0.00309513,-0.0485666,-0.00753186,10.2684,10.2685,0,1.94085
3.89,hold 2.0m,-0.00508725,0.0329182,-0.00228664,-0.00033905,0,0,0.000682291,-0.00827086,0.00177081,2.00122,2.14122,2.00601,-0.0327798,2,0,0.264747,0.264737,0.264452,0.265015,0.264747,0.265015,0.264737,0.264452,1,0,0.00169146,0,0.0015202,-3.01613e-05,-0.000242828,0.00688786,0.00102692,0.00164085,0.0018522,-2.42502e-05,0.0202604,0.00836799,-0.00268405,0.0140769,0.0280121,10.2297,10.2298,0,1.91343
3.9,hold 2.0m,-0.00507979,0.0329992,-0.00218602,-0.000126319,0,0,0.000950328,-0.00789792,0.00138864,2.00064,2.14064,2.00571,-0.0278926,2,0,0.264751,0.264108,0.264394,0.264125,0.264751,0.264125,0.264108,0.264394,1,0,0.00195312,0,0.000989873,-0.000644796,0.000400706,0.00656836,0.000377529,0.00163229,0.00182824,-2.51628e-05,0.00849798,0.000853604,0.0104201,0.0129682,-0.0635633,10.3064,10.3066,0,1.90631
3.91,hold 2.0m,-0.00506916,0.0330757,-0.00199335,-0.000235703,0,0,0.00129139,-0.00740859,0.00210181,2.0001,2.1401,2.00819,-0.0214816,2,0,0.262724,0.263695,0.262934,0.263761,0.262724,0.263761,0.263695,0.262934,1,0,0.00154408,0,-0.000383656,0.000521923,-0.000790377,0.00598856,0.000694362,0.00161372,0.00184391,-2.51552e-05,0.00728172,-0.00664017,-0.00691784,0.000890977,0.0257661,10.2079,10.2079,0,1.91777
3.92,hold 2.0m,-0.00505564,0.0331478,-0.00146527,-0.000163975,0,0,0.00157708,-0.00702271,0.00166971,1.9996,2.1396,2.00799,-0.0175307,2,0,0.262473,0.263419,0.262812,0.263081,0.262473,0.263081,0.263419,0.262812,1,0,0.000690534,0,-0.00179649,4.35036e-06,-0.000533854,0.00439002,0.000493067,0.00154918,0.00183642,-2.70512e-05,-0.00231869,0.00260017,-0.00155357,-0.0646836,-0.0455027,10.2131,10.2134,0,1.92045
3.93,hold 2.0m,-0.00503947,0.033216,-0.00142888,-0.000175916,0,0,0.00178043,-0.00662893,0.00169265,1.99914,2.13914,1.99703,-0.0215031,2,0,0.264857,0.26608,0.264986,0.265559,0.264857,0.265559,0.26608,0.264986,1,0,0.000976562,0,-0.00172169,-0.000742383,-0.00078945,0.00428251,0.000515752,0.00154895,0.00183797,-2.70573e-05,-0.00120834,-0.00616429,0.00270907,0.0648302,0.0643769,10.1952,10.1956,0,1.92512
3.94,hold 2.0m,-0.00502195,0.0332805,-0.00135361,8.89878e-05,0,0,0.0018052,-0.0062742,0.00175345,1.99871,2.13871,1.99684,-0.0176009,2,0,0.263357,0.266595,0.263679,0.266543,0.263357,0.266543,0.266595,0.263679,1,0,0.00154408,0,-0.000993928,0.000511152,-0.00268217,0.00407237,-0.000255641,0.00154806,0.00180639,-2.67662e-05,0.00924054,0.00935222,0.00158201,-0.0177503,-0.0740027,10.1208,10.1211,0,1.91402
3.95,hold 2.0m,-0.00500519,0.0333415,-0.00142825,0.000415836,0,0,0.00171466,-0.00590946,0.00329863,1.99832,2.13832,2.00049,-0.0111783,2,0,0.264274,0.263669,0.26393,0.263181,0.264274,0.263181,0.263669,0.26393,1,0,0.000690534,0,-0.000383184,-0.00157549,0.00059522,0.00429743,-0.00124109,0.00156381,0.00176516,-2.62674e-05,0.0100156,0.00603935,0.00436675,-0.010972,0.0862782,10.1412,10.1416,0,1.89833
3.96,hold 2.0m,-0.00498963,0.0333981,-0.00149351,0.000327468,0,0,0.00157531,-0.00539304,0.00272684,1.99797,2.13797,2.0004,-0.00764823,2,0,0.262444,0.264542,0.262637,0.264189,0.262444,0.264189,0.264542,0.262637,1,0,0.00154408,0,-0.00144671,-0.000304551,-0.0016043,0.00449359,-0.000991751,0.00158027,0.0017783,-2.55758e-05,0.0102945,-0.00445654,0.00273332,-0.0574037,-0.0550116,10.1515,10.1518,0,1.90613
3.97,hold 2.0m,-0.00497605,0.0334495,-0.00189615,0.000288279,0,0,0.00129673,-0.0048879,0.00273117,1.99764,2.13764,2.0053,-0.000823701,2,0,0.261284,0.262364,0.261362,0.262573,0.261284,0.262573,0.262364,0.261362,1,0,0.00119604,0,0.000350645,0.000544175,-0.00100706,0.0056901,-0.000872129,0.00163914,0.00178259,-2.30581e-05,0.00273682,-0.00306579,-0.00629816,-0.0513748,0.0456247,10.1227,10.1229,0,1.90915
3.98,hold 2.0m,-0.00496474,0.0334963,-0.00180098,8.89079e-05,0,0,0.00112689,-0.00448731,0.00101335,1.99734,2.13734,2.00531,0.002178,2,0,0.261992,0.260907,0.262307,0.261229,0.261992,0.261229,0.260907,0.262307,1,0,0.00169146,0,2.12274e-05,0.00120717,0.000950821,0.00539109,-0.000258283,0.00163128,0.00180806,-2.30543e-05,-0.00627074,0.00741722,0.0100412,-0.00220383,-0.066299,10.0488,10.0491,0,1.9236
3.99,hold 2.0m,-0.00495439,0.0335401,-0.00158881,-9.43691e-05,0,0,0.000996159,-0.00427069,0.00095201,1.99707,2.13707,1.99839,-2.94064e-05,2,0,0.263456,0.262917,0.262872,0.263176,0.263456,0.263176,0.262917,0.262872,1,0,0.00138107,0,0.00223775,-0.00061805,0.00010299,0.00478048,0.000280506,0.00161132,0.00183295,-2.31227e-05,0.0109749,0.000100201,-0.000887013,-0.020309,-0.0694887,9.9827,9.98297,0,1.93757
4,climb 3.5m,-0.00494543,0.0335813,-0.00143516,-0.000256471,0,0,0.000859168,-0.00397001,0.00134294,1.99682,2.13682,1.99841,0.00252841,3.5,0,0.262635,0.263154,0.26231,0.263387,0.262635,0.263387,0.263154,0.26231,1,0,0.00119604,0,0.00147622,-0.000174754,-0.000701541,0.00431762,0.000764839,0.00159734,0.00185315,-2.31165e-05,0.00968739,-0.00120025,0.00252003,0.0114544,0.0174799,10.1363,10.1364,0,1.94993
4.01,climb 3.5m,-0.00493832,0.0336197,-0.00102133,-0.000533984,0,0,0.000617975,-0.00368206,0.00135664,1.99661,2.13661,1.99263,0.00488484,3.5,0,0.40216,0.403545,0.401975,0.403855,0.40216,0.403855,0.403545,0.401975,1,0,0.000690534,0,0.00131438,0.000236821,-0.00143448,0.00305955,0.0015888,0.00154663,0.00188758,-2.3946e-05,-0.00141445,-0.0068744,-0.00357958,0.114543,-0.149512,11.1757,11.1773,0,1.97025
4.02,climb 3.5m,-0.00493395,0.0336552,-0.00120117,-0.000408378,0,0,0.00033089,-0.00344295,0.00180349,1.99656,2.13656,1.99278,0.0269083,3.5,0,0.401174,0.401162,0.401196,0.400999,0.401174,0.400999,0.401162,0.401196,1,0,0.000690534,0,-0.000494008,-0.000267114,9.1898e-05,0.00361615,0.00120552,0.00157652,0.0018659,-2.37115e-05,0.0100121,-0.0112158,0.00561688,-0.0704307,-0.11124,12.672,12.6727,0,1.96404
4.03,climb 3.5m,-0.0049331,0.0336887,-0.00116156,-0.000403896,0,0,-2.03655e-05,-0.00327363,0.00190481,1.99682,2.13682,1.97579,0.0507782,3.5,0,0.40069,0.397634,0.400435,0.398047,0.40069,0.398047,0.397634,0.400435,1,0,0.000690534,0,0.00177051,0.000300163,0.00239306,0.00349722,0.00121385,0.00157652,0.0018659,-2.37115e-05,0.00994493,0.00330024,0.00625023,-0.0935186,-0.00429294,14.071,14.0713,0,1.96591
4.04,climb 3.5m,-0.004935,0.0337211,-0.00112706,-0.000427585,0,0,-0.000257762,-0.00325005,0.00200944,1.99752,2.13752,1.97653,0.0992113,3.5,0,0.396652,0.393319,0.396254,0.393556,0.396652,0.393556,0.393319,0.396254,1,0,0.000976562,0,0.00168247,-0.000306363,0.00265031,0.00340162,0.0012685,0.00157652,0.0018659,-2.37118e-05,0.0152068,-0.0076315,-0.00501513,-0.0565518,0.019591,15.0046,15.0048,0,1.96932
4.05,climb 3.5m,-0.004939,0.0337535,-0.00109739,-0.000437606,0,0,-0.000479448,-0.00323974,0.00130379,1.99875,2.13875,1.98958,0.165363,3.5,0,0.389259,0.388723,0.389119,0.389002,0.389259,0.389002,0.388723,0.389119,1,0,0.000976562,0,0.0011103,0.000263666,0.000287174,0.00330063,0.00131752,0.00157652,0.0018659,-2.37118e-05,0.00720525,0.00500734,-0.00525183,0.0475233,-0.000648536,16.0105,16.0106,0,1.97194
4.06,climb 3.5m,-0.00494533,0.0337855,-0.00106038,-0.000445611,0,0,-0.000724961,-0.00316852,0.00124231,2.00061,2.14061,1.99155,0.230226,3.5,0,0.383018,0.383203,0.383127,0.383411,0.383018,0.383411,0.383203,0.383127,1,0,0.000976562,0,0.000262457,0.000599759,-0.000205985,0.00318732,0.00133819,0.00157652,0.0018659,-2.37115e-05,0.00569607,0.00277147,-0.00294457,0.176584,-0.0149903,16.4431,16.444,0,1.97448
4.07,climb 3.5m,-0.00495436,0.0338175,-0.00105892,-0.000450356,0,0,-0.000999423,-0.00324147,0.00179705,2.00314,2.14314,1.98425,0.292658,3.5,0,0.376759,0.378597,0.376674,0.378279,0.376759,0.378279,0.378597,0.376674,1,0,0.000976562,0,-0.000619691,-0.000763763,-0.00151307,0.00318003,0.00134096,0.00157652,0.0018659,-2.37115e-05,0.00375864,-0.00487569,0.00465599,-0.0077964,-0.146749,16.9964,16.997,0,1.97663
4.08,climb 3.5m,-0.0049669,0.0338496,-0.00102265,-0.000454974,0,0,-0.00134903,-0.00319942,0.00267013,2.00639,2.14639,1.98753,0.365028,3.5,0,0.37218,0.369967,0.372129,0.369753,0.37218,0.369753,0.369967,0.372129,1,0,0,0,-0.00043206,-0.00050276,0.00201704,0.00306604,0.00136394,0.00157652,0.0018659,-2.37111e-05,0.000290938,0.00121381,-0.00689321,0.050124,-0.0446112,17.1984,17.1985,0,1.97902
4.09,climb 3.5m,-0.00498274,0.0338812,-0.0010352,-0.000447386,0,0,-0.00165974,-0.00314234,0.00248922,2.01037,2.15037,1.97533,0.427594,3.5,0,0.36607,0.364616,0.365826,0.364822,0.36607,0.364822,0.364616,0.365826,1,0,0.00119604,0,0.00119536,-7.39969e-05,0.00108049,0.00311489,0.00135001,0.00157652,0.0018659,-2.37111e-05,0.00776932,0.00709199,0.00585612,-0.0867203,-0.0578743,17.1551,17.1554,0,1.98042
4.1,climb 3.5m,-0.00500129,0.0339121,-0.00101275,-0.000468516,0,0,-0.00189246,-0.00309374,0.00249428,2.01509,2.15509,1.97998,0.501703,3.5,0,0.35816,0.358929,0.358844,0.358354,0.35816,0.358354,0.358929,0.358844,1,0,0.000976562,0,-0.00333889,0.000206991,-0.000121928,0.00305266,0.00139002,0.00157652,0.0018659,-2.37113e-05,0.0111756,-0.00848142,-0.00226271,0.0547064,-0.0369021,17.1947,17.1949,0,1.98364
4.11,climb 3.5m,-0.00502232,0.0339435,-0.00101394,-0.000508704,0,0,-0.00211286,-0.00322174,0.00245586,2.02055,2.16055,1.99301,0.580638,3.5,0,0.352737,0.349775,0.352983,0.349865,0.352737,0.349865,0.349775,0.352983,1,0,0,0,-0.000415249,0.000637629,0.00267273,0.00304241,0.00151902,0.00157652,0.0018659,-2.37113e-05,0.00197048,-0.00285508,-0.00422903,-0.0203732,0.0826467,17.0964,17.0966,0,1.98785
4.12,climb 3.5m,-0.00504452,0.0339762,-0.00101271,-0.000528338,0,0,-0.00220636,-0.00334705,0.00140683,2.02673,2.16673,1.99918,0.652818,3.5,0,0.345066,0.344586,0.344964,0.344286,0.345066,0.344286,0.344586,0.344964,1,0,0,0,-0.000525234,-0.000762251,0.000509597,0.00302083,0.00157307,0.00157652,0.0018659,-2.37111e-05,-0.00996218,-0.00610109,0.00132198,-0.0765573,-0.107056,16.949,16.9496,0,1.99099
4.13,climb 3.5m,-0.00506739,0.0340103,-0.00103242,-0.000532697,0,0,-0.00222327,-0.00349515,0.00242723,2.03362,2.17362,1.99566,0.714996,3.5,0,0.339846,0.338405,0.339484,0.338364,0.339846,0.338364,0.338405,0.339484,1,0,0,0,0.000850246,-0.000763156,0.00112564,0.0031075,0.0015965,0.00157652,0.0018659,-2.37111e-05,0.00841558,0.00080032,0.00223231,-0.0968251,-0.0468355,16.5583,16.5587,0,1.99321
4.14,climb 3.5m,-0.00509,0.0340455,-0.00101922,-0.000546979,0,0,-0.00215549,-0.00358061,0.00182673,2.04118,2.18118,2.00315,0.781953,3.5,0,0.333353,0.332076,0.333785,0.33227,0.333353,0.33227,0.332076,0.333785,1,0,0,0,-0.000632059,0.00118672,0.00122736,0.00307321,0.00163759,0.00157651,0.0018659,-2.37107e-05,0.011949,-0.000364667,-0.00215694,-0.0779273,-0.0263255,16.2604,16.2606,0,1.99626
4.15,climb 3.5m,-0.00511223,0.0340821,-0.00101176,-0.000538247,0,0,-0.0021736,-0.00375111,0.00157722,2.04939,2.18939,1.99492,0.83398,3.5,0,0.327998,0.328387,0.327669,0.32836,0.327998,0.32836,0.328387,0.327669,1,0,0,0,0.000802118,-0.000676114,-0.000474353,0.00302502,0.0016289,0.00157651,0.0018659,-2.37107e-05,-0.00527349,0.0113126,-0.00873373,0.04718,-0.0101984,15.9533,15.9533,0,1.99804
4.16,climb 3.5m,-0.00513485,0.0341195,-0.00100796,-0.00055541,0,0,-0.00220509,-0.00377102,0.0023744,2.05821,2.19821,2.00357,0.894666,3.5,0,0.323415,0.321781,0.323412,0.32147,0.323415,0.32147,0.321781,0.323412,1,0,0,0,-0.000817677,-0.000596575,0.00157187,0.00302485,0.00165755,0.00157652,0.0018659,-2.37109e-05,0.00223364,-0.00393221,0.0106477,0.0866499,-0.0474018,15.7136,15.7139,0,2.00132
4.17,climb 3.5m,-0.00515751,0.0341574,-0.000998289,-0.000579829,0,0,-0.00218746,-0.00385766,0.00183817,2.06762,2.20762,2.02312,0.95922,3.5,0,0.316074,0.31726,0.316139,0.316763,0.316074,0.316763,0.31726,0.316139,1,0,0.00119604,0,-0.00149149,-0.000818476,-0.000794893,0.00299628,0.0017375,0.00157652,0.0018659,-2.37109e-05,0.00252136,0.000536283,0.00182841,-0.0663648,-0.0754746,15.3661,15.3665,0,2.00509
4.18,climb 3.5m,-0.00517988,0.0341965,-0.00101205,-0.000595518,0,0,-0.00212549,-0.00398086,0.00266206,2.07757,2.21757,2.03298,1.0127,3.5,0,0.312593,0.310859,0.312126,0.310929,0.312593,0.310929,0.310859,0.312126,1,0,0.000976562,0,0.00142581,-0.000752064,0.00128828,0.00302349,0.00179505,0.00157651,0.0018659,-2.37104e-05,-0.00686766,0.00753304,-0.00203775,0.164993,0.0587982,15.0624,15.0634,0,2.00828
4.19,climb 3.5m,-0.00520139,0.0342365,-0.00100605,-0.000598761,0,0,-0.00196436,-0.00404443,0.00192037,2.08803,2.22803,2.02189,1.04726,3.5,0,0.308472,0.308547,0.308636,0.308156,0.308472,0.308156,0.308547,0.308636,1,0,0.000976562,0,-0.00147266,-0.000428586,0.000178112,0.00301288,0.00179933,0.00157651,0.0018659,-2.37104e-05,-0.00192744,0.00388948,0.00490678,-0.0134692,-0.0976623,14.6693,14.6696,0,2.01092
4.2,climb 3.5m,-0.0052202,0.0342771,-0.00100235,-0.000635522,0,0,-0.00165994,-0.00411935,0.00102326,2.09897,2.23897,2.0326,1.09379,3.5,0,0.303476,0.30463,0.303784,0.304724,0.303476,0.304724,0.30463,0.303784,1,0,0.000976562,0,-0.000566634,0.000761583,-0.000920684,0.00301256,0.0019021,0.00157651,0.0018659,-2.37109e-05,0.00525668,-0.0011142,0.00396679,0.0415947,0.111782,14.2874,14.2879,0,2.01548
4.21,climb 3.5m,-0.00523596,0.0343189,-0.000996224,-0.00062397,0,0,-0.00137943,-0.00425533,0.00177717,2.11034,2.25034,2.06232,1.15021,3.5,0,0.299386,0.298846,0.299012,0.298444,0.299386,0.298444,0.298846,0.299012,1,0,0.000976562,0,-7.1936e-05,-0.00146964,0.000487384,0.00298723,0.00188463,0.00157651,0.0018659,-2.37109e-05,0.000619226,0.0103477,-0.000515748,-0.00358088,-0.0950442,13.9484,13.9487,0,2.01734
4.22,climb 3.5m,-0.00524927,0.0343617,-0.000977257,-0.000643286,0,0,-0.00110478,-0.00434803,0.00200933,2.12213,2.26213,2.07402,1.18997,3.5,0,0.294633,0.296256,0.294921,0.295152,0.294633,0.295152,0.296256,0.294921,1,0,0.000976562,0,-0.00369139,-0.00154592,-0.000814482,0.00293035,0.00192321,0.00157652,0.0018659,-2.37116e-05,0.000631723,-0.00257137,0.00612205,-0.0890249,-0.084364,13.6051,13.6056,0,2.02109
4.23,climb 3.5m,-0.00525998,0.0344052,-0.000971372,-0.000656563,0,0,-0.00088878,-0.0044159,0.00196932,2.13429,2.27429,2.11658,1.24813,3.5,0,0.289946,0.289846,0.289958,0.289571,0.289946,0.289571,0.289846,0.289958,1,0,0.000690534,0,-0.000764465,-0.000498295,0.000214088,0.0029285,0.00197485,0.00157652,0.0018659,-2.37116e-05,0.0111629,0.00531228,-0.00523342,0.0209205,-0.0031967,13.2575,13.2575,0,2.02444
4.24,climb 3.5m,-0.00526841,0.0344497,-0.000940436,-0.000680972,0,0,-0.000696905,-0.00447169,0.00193435,2.14679,2.28679,2.12923,1.28119,3.5,0,0.285887,0.28758,0.285933,0.287637,0.285887,0.287637,0.28758,0.285933,1,0,0.000690534,0,2.80782e-05,0.000195385,-0.00149278,0.00282489,0.00205464,0.00157652,0.0018659,-2.37114e-05,0.00396658,0.00968286,0.00231607,0.0469562,0.028897,12.8958,12.8959,0,2.02862
4.25,climb 3.5m,-0.00527601,0.0344944,-0.000924704,-0.0006889,0,0,-0.000699855,-0.00448412,0.00251831,2.15959,2.29959,2.1315,1.30313,3.5,0,0.285898,0.28346,0.285795,0.283779,0.285898,0.283779,0.28346,0.285795,1,0,0.000690534,0,0.00112013,0.000410634,0.00195743,0.00277823,0.00206106,0.00157652,0.0018659,-2.37114e-05,0.00431491,-0.00188823,-0.00774965,0.0948609,0.132705,12.7148,12.7159,0,2.03177
4.26,climb 3.5m,-0.00528384,0.034539,-0.000907856,-0.000682134,0,0,-0.000737373,-0.00444188,0.0013807,2.17268,2.31268,2.14467,1.33022,3.5,0,0.282098,0.282316,0.282475,0.281955,0.282098,0.281955,0.282316,0.282475,1,0,0,0,-0.00195839,3.04668e-05,0.000132689,0.00272466,0.00204472,0.00157652,0.0018659,-2.37114e-05,0.00230839,0.000737791,0.0058824,-0.0220522,0.0108389,12.3094,12.3094,0,2.03408
4.27,climb 3.5m,-0.00529221,0.0345828,-0.000854249,-0.000703237,0,0,-0.000882605,-0.00433445,0.00156577,2.18601,2.32601,2.15861,1.35459,3.5,0,0.281101,0.279099,0.28115,0.278463,0.281101,0.278463,0.279099,0.28115,1,0,0,0,-0.00181606,-0.00111224,0.00206095,0.00257476,0.00209499,0.00157652,0.0018659,-2.37114e-05,0.00959457,-0.00795881,0.011347,-0.102688,-0.077565,12.2122,12.2129,0,2.03819
4.28,climb 3.5m,-0.00530285,0.0346257,-0.00081613,-0.000737069,0,0,-0.00118079,-0.0042451,0.00128078,2.19957,2.33957,2.17227,1.37663,3.5,0,0.278142,0.277678,0.278244,0.277529,0.278142,0.277529,0.277678,0.278244,1,0,0.000690534,0,-0.000667443,-8.96873e-05,0.000518115,0.00244713,0.00220087,0.00157652,0.0018659,-2.37115e-05,0.000735716,-0.00502256,-0.000155018,0.070742,-0.107423,11.8963,11.897,0,2.04288
4.29,climb 3.5m,-0.00531685,0.0346678,-0.00160032,-0.0011256,0,0,-0.00150439,-0.00421083,0.00136084,2.21333,2.35333,2.19134,1.39973,3.5,0,0.276294,0.274892,0.276204,0.275584,0.276294,0.275584,0.274892,0.276204,1,0,0.00195312,0,0.00207257,0.00114026,0.00088858,0.00480003,0.00335737,0.00167675,0.00191349,-2.35054e-05,0.00106517,-0.0110504,0.0064961,0.0900401,-0.0628979,11.6095,11.61,0,2.06279
4.3,climb 3.5m,-0.00533306,0.0347103,-0.00233656,-0.000957891,0,0,-0.00164037,-0.00436576,0.00123162,2.22728,2.36728,2.20543,1.41727,3.5,0,0.27357,0.274449,0.273533,0.274895,0.27357,0.274895,0.274449,0.273533,1,0,0.00239208,0,0.00128167,0.000772679,-0.00098489,0.00700656,0.00286259,0.00177013,0.00188902,-2.47503e-05,-0.000315427,-0.00549107,-0.00359052,0.0107658,-0.0749306,11.4649,11.4651,0,2.0522
4.31,climb 3.5m,-0.00535045,0.0347553,-0.001763,-0.00146587,0,0,-0.00173278,-0.00462455,0.00120671,2.24138,2.38138,2.23204,1.44191,3.5,0,0.272058,0.271859,0.271069,0.272251,0.272058,0.272251,0.271859,0.271069,1,0,0.00195312,0,0.00366342,-0.00113328,-0.000431979,0.00528868,0.0043948,0.00169879,0.0019562,-2.32595e-05,0.00148008,8.94708e-05,-0.00506228,0.0693642,0.0606545,11.2799,11.2803,0,2.08654
4.32,climb 3.5m,-0.00536781,0.0348023,-0.00231347,-0.00161464,0,0,-0.0016171,-0.00483869,0.00206022,2.25562,2.39562,2.24653,1.45539,3.5,0,0.2698,0.271154,0.269879,0.27135,0.2698,0.27135,0.271154,0.269879,1,0,0.00267443,0,0.000311791,0.000520356,-0.00124189,0.00693653,0.00484711,0.00176895,0.00197569,-2.43983e-05,-0.000810263,0.00408726,0.0031457,0.0134422,-0.0187925,11.0247,11.0247,0,2.09524
4.33,climb 3.5m,-0.00538413,0.0348522,-0.00186696,-0.00243971,0,0,-0.00143068,-0.00521384,0.00318296,2.26999,2.40999,2.24853,1.45864,3.5,0,0.269413,0.271348,0.269098,0.271145,0.269413,0.271145,0.271348,0.269098,1,0,0.00300997,0,0.000295259,-0.000981678,-0.00175019,0.00559147,0.00732576,0.00171596,0.00208071,-2.0599e-05,-0.00452646,0.00649221,0.00566929,0.0741342,0.00960051,11.0481,11.0484,0,2.14732
4.34,climb 3.5m,-0.00539812,0.0349058,-0.00245179,-0.00208987,0,0,-0.00108105,-0.00554825,0.00220738,2.28447,2.42447,2.26317,1.46935,3.5,0,0.268825,0.269445,0.268768,0.269944,0.268825,0.269944,0.269445,0.268768,1,0,0.00284714,0,0.00147294,0.000838643,-0.000789499,0.00734805,0.00626671,0.00178748,0.00203675,-2.50271e-05,-0.00308182,9.97608e-05,0.000488105,-0.0913516,-0.218789,10.8316,10.8342,0,2.12789
4.35,climb 3.5m,-0.0054078,0.0349631,-0.00227702,-0.00134747,0,0,-0.000593626,-0.00600246,0.0039978,2.29905,2.43905,2.28258,1.48208,3.5,0,0.269314,0.266524,0.269504,0.266848,0.269314,0.266848,0.266524,0.269504,1,0,0.00267443,0,0.000357812,0.000973886,0.00239353,0.00682424,0.00404966,0.00176535,0.00193877,-2.83662e-05,-0.00277824,0.00675602,0.00303951,-0.0547153,-0.0754814,10.6021,10.6025,0,2.08954
4.36,climb 3.5m,-0.00541242,0.0350253,-0.00224938,-0.00118524,0,0,-6.65007e-05,-0.0064796,0.00330343,2.31371,2.45371,2.29744,1.4903,3.5,0,0.266824,0.267747,0.266302,0.268255,0.266824,0.268255,0.267747,0.266302,1,0,0.00248976,0,0.00273155,-2.59012e-05,-0.00126386,0.00675465,0.00356528,0.00176616,0.00192225,-2.8808e-05,0.00609666,0.00832774,-0.0126118,0.0449725,-0.0328212,10.6239,10.6241,0,2.08396
4.37,climb 3.5m,-0.00541173,0.035092,-0.00230951,-0.000843057,0,0,0.000442331,-0.00690962,0.00247611,2.32844,2.46844,2.28957,1.48108,3.5,0,0.26818,0.267964,0.26821,0.268204,0.26818,0.268204,0.267964,0.26821,1,0,0.00229024,0,0.000554867,0.000511181,9.78759e-05,0.00692925,0.0025308,0.00177848,0.00188197,-2.95362e-05,0.00225985,0.00298749,-0.00923249,-0.090937,-0.0156765,10.451,10.4514,0,2.06796
4.38,climb 3.5m,-0.00540607,0.0351632,-0.00221077,-0.00123669,0,0,0.00081802,-0.00738391,0.0022009,2.34324,2.48324,2.30441,1.48753,3.5,0,0.268022,0.267262,0.26753,0.267339,0.268022,0.267339,0.267262,0.26753,1,0,0.0020716,0,0.00150824,-0.000785249,0.000418436,0.00665499,0.00371137,0.0017767,0.00193522,-2.87009e-05,0.0169065,0.00278684,0.00668977,0.142614,-0.0831842,10.4471,10.4484,0,2.09491
4.39,climb 3.5m,-0.00539746,0.0352387,-0.00222987,-0.00122351,0,0,0.00106958,-0.00775288,0.00168343,2.3581,2.4981,2.32918,1.50043,3.5,0,0.265729,0.266911,0.266127,0.266547,0.265729,0.266547,0.266911,0.266127,1,0,0.0020716,0,-0.00202078,6.45867e-05,-0.0007037,0.00670204,0.0036532,0.00178127,0.00193472,-2.86301e-05,0.0100684,-0.00960403,-0.00651,-0.123642,-0.103566,10.3704,10.3717,0,2.09835
4.4,climb 3.5m,-0.00538663,0.0353178,-0.001843,-0.000848829,0,0,0.00123148,-0.00805574,0.00204551,2.373,2.513,2.34421,1.50543,3.5,0,0.265907,0.265928,0.265697,0.265882,0.265907,0.265882,0.265928,0.265697,1,0,0.00182698,0,0.000433843,-0.000485277,-9.05318e-05,0.00552291,0.0025407,0.00173868,0.00189328,-3.04563e-05,-0.00232459,-0.00196229,-0.000969023,-0.00511962,-0.0540938,10.208,10.2081,0,2.08323
4.41,climb 3.5m,-0.00537426,0.0353991,-0.00152422,-0.0010611,0,0,0.00136686,-0.00826165,0.00246183,2.38795,2.52795,2.35543,1.50707,3.5,0,0.265278,0.266294,0.265063,0.266162,0.265278,0.266162,0.266294,0.265063,1,0,0.00138107,0,0.000220032,-0.000656573,-0.000929495,0.00457932,0.00319285,0.00170632,0.00192338,-3.05065e-05,0.00613182,0.00830121,-0.00615259,0.130999,0.000755992,10.2141,10.215,0,2.10158
4.42,climb 3.5m,-0.00536128,0.0354824,-0.00172462,-0.00107135,0,0,0.00143956,-0.00842,0.00260231,2.40294,2.54294,2.37052,1.51095,3.5,0,0.26446,0.266396,0.264262,0.266206,0.26446,0.266206,0.266396,0.264262,1,0,0.00154408,0,1.99482e-05,-0.000733389,-0.00170507,0.00519408,0.0032243,0.00173778,0.00192588,-3.04114e-05,0.0152169,0.00875604,-0.00375354,0.011178,0.0305643,10.1312,10.1313,0,2.10578
4.43,climb 3.5m,-0.00534774,0.0355671,-0.00156353,-0.000735318,0,0,0.00144709,-0.0085379,0.00271362,2.41797,2.55797,2.39843,1.52357,3.5,0,0.264127,0.264411,0.264351,0.263684,0.264127,0.263684,0.264411,0.264351,1,0,0.00138107,0,-0.00252387,-0.000951453,0.000168221,0.00469379,0.00220755,0.00172251,0.00188704,-3.15484e-05,0.00385124,0.00296053,-0.00840016,0.0455608,0.00152571,10.0439,10.044,0,2.0922
4.44,climb 3.5m,-0.00533424,0.0356524,-0.00189503,-0.000603903,0,0,0.00144708,-0.00856835,0.00253453,2.43302,2.57302,2.41368,1.52635,3.5,0,0.264299,0.263475,0.264309,0.263441,0.264299,0.263441,0.263475,0.264309,1,0,0.00169146,0,-0.000117278,-4.68177e-05,0.000743841,0.00569593,0.001827,0.00176788,0.00186871,-3.12711e-05,0.00899827,0.0120788,-0.00717962,-0.0538754,0.0763467,10.0762,10.0766,0,2.0878
4.45,climb 3.5m,-0.00532073,0.0357383,-0.00185741,-0.000670569,0,0,0.00139714,-0.0086254,0.00237598,2.44809,2.58809,2.43291,1.53184,3.5,0,0.262655,0.263971,0.262438,0.264408,0.262655,0.264408,0.263971,0.262438,1,0,0.00182698,0,0.0017358,0.000416147,-0.00144456,0.00556571,0.00199998,0.00176962,0.00188225,-3.10735e-05,-0.00257643,-0.00594466,0.00375742,-0.0320778,-0.133977,10.1879,10.1888,0,2.09662
4.46,climb 3.5m,-0.00530842,0.0358245,-0.00161475,-0.000517388,0,0,0.00125966,-0.00863728,0.00288213,2.46318,2.60318,2.44824,1.53371,3.5,0,0.263517,0.262608,0.263595,0.262999,0.263517,0.262999,0.262608,0.263595,1,0,0.00138107,0,0.000826784,0.000887834,0.000661433,0.00483291,0.00157338,0.00174747,0.00186744,-3.21982e-05,-0.00580869,0.0160032,0.00477392,0.0312245,-0.031067,10.0009,10.001,0,2.09395
4.47,climb 3.5m,-0.00529729,0.0359106,-0.00159359,-0.000385901,0,0,0.00111534,-0.00862569,0.00145001,2.47829,2.61829,2.44346,1.52097,3.5,0,0.264522,0.263999,0.264678,0.264278,0.264522,0.264278,0.263999,0.264678,1,0,0.00119604,0,0.000325801,0.000823885,0.000405214,0.00479438,0.00116419,0.00175026,0.00185203,-3.23999e-05,0.0108375,0.00616641,0.00474006,-0.0286055,0.0601581,10.0461,10.0464,0,2.0914
4.48,climb 3.5m,-0.00528748,0.0359969,-0.00142536,-0.000336262,0,0,0.000987849,-0.00862439,0.00183151,2.4934,2.6334,2.45868,1.52234,3.5,0,0.263612,0.264774,0.264265,0.264266,0.263612,0.264266,0.264774,0.264265,1,0,0.00119604,0,-0.00308205,0.000275545,-0.000511061,0.00428379,0.0010171,0.00173433,0.00184822,-3.27704e-05,0.00688226,0.00738249,0.00516403,-0.00208779,-0.0153984,9.86605,9.86606,0,2.09433
4.49,climb 3.5m,-0.00527896,0.0360827,-0.00166949,-0.000292193,0,0,0.000845421,-0.00852872,0.00260011,2.50853,2.64853,2.49063,1.53562,3.5,0,0.263553,0.262424,0.263598,0.262362,0.263553,0.262362,0.262424,0.263598,1,0,0.00119604,0,-0.000283977,-3.0608e-05,0.00103943,0.00501444,0.000892297,0.00177163,0.00184423,-3.17102e-05,0.00575481,0.0123294,-0.00477473,-0.0279163,0.00241978,9.91325,9.91329,0,2.09537
4.5,climb 3.5m,-0.00527252,0.0361669,-0.00137349,-0.00042827,0,0,0.000605618,-0.00830679,0.00350947,2.52366,2.66366,2.50599,1.53645,3.5,0,0.263723,0.262037,0.263493,0.262335,0.263723,0.262335,0.262037,0.263493,1,0,0.000690534,0,0.00140171,0.000127365,0.00124998,0.00414295,0.00128156,0.00173979,0.00186256,-3.20576e-05,0.0167366,-0.000305622,-0.000292122,0.0189785,0.0596776,9.83023,9.83043,0,2.10946
4.51,climb 3.5m,-0.00526881,0.0362485,-0.00140163,-7.13383e-05,0,0,0.000376805,-0.00803888,0.00343735,2.5388,2.6788,2.51891,1.53529,3.5,0,0.263053,0.263392,0.262512,0.263045,0.263053,0.263045,0.263392,0.262512,1,0,0.000976562,0,0.000514471,-0.00168239,-0.000383364,0.00421045,0.000214249,0.00174445,0.00182035,-3.1784e-05,0.00544579,0.00199336,-0.0119917,-0.0227924,0.0606185,9.85721,9.85742,0,2.09358
4.52,climb 3.5m,-0.00526735,0.0363269,-0.00149746,-6.59231e-05,0,0,0.00019598,-0.00760739,0.00338929,2.55394,2.69394,2.53426,1.53586,3.5,0,0.263384,0.262573,0.263216,0.262579,0.263384,0.262579,0.262573,0.263216,1,0,0.00119604,0,0.000461613,-0.000307021,0.000636978,0.00448719,0.000205945,0.00175859,0.00182527,-3.10237e-05,-0.0017121,0.00726292,0.00849783,-0.0656984,-0.0225179,9.78188,9.78213,0,2.09721
4.53,climb 3.5m,-0.00526706,0.0364002,-0.00155511,4.59772e-05,0,0,4.74719e-05,-0.00702462,0.00238299,2.56908,2.70908,2.5604,1.54391,3.5,0,0.263017,0.26163,0.262783,0.26129,0.263017,0.26129,0.26163,0.262783,1,0,0.000976562,0,-0.000281667,-0.0010882,0.00126563,0.00466741,-0.000133369,0.00177405,0.00181555,-3.06676e-05,0.00316335,0.0048539,0.00209153,0.154312,-0.0226366,9.80626,9.8075,0,2.0947
4.54,climb 3.5m,-0.00526817,0.0364673,-0.00161906,-6.97379e-05,0,0,-0.000134782,-0.00639136,0.00222253,2.58423,2.72423,2.57584,1.544,3.5,0,0.262835,0.261595,0.263279,0.260943,0.262835,0.260943,0.261595,0.263279,1,0,0.00119604,0,-0.00290931,-0.000393091,0.00157129,0.00485997,0.000212904,0.00178799,0.00183009,-3.0212e-05,0.00364401,0.00428831,0.00121421,0.0791072,0.037685,9.76673,9.76713,0,2.10481
4.55,climb 3.5m,-0.00527137,0.0365277,-0.00160919,-0.000190798,0,0,-0.000395567,-0.00566529,0.00207041,2.59936,2.73936,2.60219,1.55168,3.5,0,0.261332,0.261712,0.261223,0.261488,0.261332,0.261488,0.261712,0.261223,1,0,0.00119604,0,-0.000305415,-0.000629095,-0.000283187,0.0048336,0.000561206,0.0017916,0.00184917,-3.00312e-05,0.00580408,-0.00559775,-0.00803991,-0.00309449,-0.0237084,9.81156,9.81159,0,2.11523
4.56,climb 3.5m,-0.00527765,0.0365807,-0.00167514,-0.000379047,0,0,-0.00074796,-0.00490818,0.00132432,2.61449,2.75449,2.61771,1.55129,3.5,0,0.262549,0.260098,0.262715,0.260482,0.262549,0.260482,0.260098,0.262715,1,0,0.00119604,0,0.00057985,0.00104261,0.00205869,0.00503524,0.00113326,0.00180333,0.00187253,-2.95111e-05,0.00835213,-0.00071888,0.0046107,-0.0436978,-0.0377231,9.68863,9.6888,0,2.1287
4.57,climb 3.5m,-0.00528654,0.0366265,-0.00153411,-0.000262583,0,0,-0.000984853,-0.00427483,0.000864755,2.62962,2.76962,2.61617,1.53825,3.5,0,0.261766,0.263562,0.26161,0.263756,0.261766,0.263756,0.263562,0.26161,1,0,0.00119604,0,0.000926982,7.32123e-05,-0.00173276,0.00461015,0.000768577,0.00179044,0.00185537,-3.01811e-05,0.00699832,-0.0109347,0.00570516,-0.0152958,-0.0778443,9.67639,9.67672,0,2.12543
4.58,climb 3.5m,-0.0052976,0.0366668,-0.00175924,-0.00042069,0,0,-0.00114325,-0.00377003,0.000754262,2.64473,2.78473,2.63155,1.53775,3.5,0,0.261933,0.263836,0.26097,0.264141,0.261933,0.264141,0.263836,0.26097,1,0,0.00169146,0,0.00336162,-0.00124674,-0.00223039,0.00528159,0.00126039,0.00182385,0.00187354,-2.92834e-05,0.00440059,0.000748071,0.0027478,0.0694284,0.0497149,9.80964,9.81001,0,2.13569
4.59,climb 3.5m,-0.00530986,0.036702,-0.00184015,-0.000533133,0,0,-0.00114974,-0.00327262,0.00321935,2.65984,2.79984,2.67522,1.55748,3.5,0,0.261144,0.260704,0.260831,0.260774,0.261144,0.260774,0.260704,0.260831,1,0,0.00119604,0,0.00101503,-0.000457769,0.000218379,0.00553531,0.00158485,0.00183592,0.00188925,-2.88416e-05,0.0117415,-0.00778501,-0.0121572,-0.0132249,0.130068,9.75346,9.75434,0,2.14379
4.6,climb 3.5m,-0.00532205,0.0367323,-0.0015186,-0.000807793,0,0,-0.0010823,-0.00281863,0.00264468,2.67494,2.81494,2.69079,1.55668,3.5,0,0.261146,0.260802,0.261648,0.260101,0.261146,0.260101,0.260802,0.261648,1,0,0.00138107,0,-0.00319127,-0.000378418,0.000831019,0.00456183,0.00242688,0.00180146,0.00192088,-2.71884e-05,0.00581198,0.0042632,-0.0075425,-0.0217934,0.0268897,9.65138,9.65144,0,2.16286
4.61,climb 3.5m,-0.0053338,0.0367582,-0.00168183,-0.000708251,0,0,-0.00108324,-0.00236708,0.00265929,2.69002,2.83002,2.70457,1.55439,3.5,0,0.261,0.261055,0.261224,0.261242,0.261,0.261242,0.261055,0.261224,1,0,0.00169146,0,-9.79045e-05,0.000780983,-3.19858e-05,0.00506037,0.00212356,0.00182263,0.00190538,-2.81546e-05,0.0117548,0.00109843,0.00877148,0.0301122,0.046229,9.65689,9.65704,0,2.1579
4.62,climb 3.5m,-0.00534541,0.0367803,-0.00134045,-0.00133753,0,0,-0.000998496,-0.00212398,0.00320693,2.70509,2.84509,2.72011,1.55318,3.5,0,0.262053,0.260128,0.262893,0.259895,0.262053,0.259895,0.260128,0.262893,1,0,0.00169146,0,-0.00284671,0.0011498,0.00216313,0.00401696,0.00400162,0.00178223,0.00197717,-2.54934e-05,-0.00115941,-0.00533518,-0.00643848,0.000402125,0.0939513,9.81674,9.81719,0,2.1969
4.63,climb 3.5m,-0.00535594,0.0368012,-0.00177091,-0.00127372,0,0,-0.000935269,-0.00206489,0.00225153,2.72015,2.86015,2.73709,1.55306,3.5,0,0.260485,0.261473,0.260955,0.262036,0.260485,0.262036,0.261473,0.260955,1,0,0.00218366,0,0.000250656,0.00195781,-0.000909539,0.00531086,0.00381991,0.00183227,0.00196738,-2.81538e-05,0.000598029,0.00113739,0.000506794,-0.0563336,0.0143934,9.64535,9.64552,0,2.19233
4.64,climb 3.5m,-0.00536585,0.0368217,-0.00195508,-0.00137346,0,0,-0.000865298,-0.00210888,0.00282585,2.7352,2.8752,2.75262,1.55171,3.5,0,0.260079,0.26186,0.260126,0.26198,0.260079,0.26198,0.26186,0.260126,1,0,0.00229024,0,0.000192251,0.00031646,-0.0015979,0.0058542,0.00412004,0.00185786,0.00197463,-2.95391e-05,-0.00549349,0.00172507,0.00702613,-0.0530451,0.00452782,9.67683,9.67697,0,2.1984
4.65,climb 3.5m,-0.00537535,0.0368435,-0.00219,-0.000997836,0,0,-0.000770524,-0.00228946,0.00325666,2.75022,2.89022,2.76786,1.55011,3.5,0,0.258489,0.258179,0.258361,0.258157,0.258489,0.258157,0.258179,0.258361,1,0,0.0020716,0,0.000278846,-0.00028324,0.000225618,0.00657546,0.00298837,0.00188856,0.00192502,-3.29795e-05,0.0055371,-0.00151816,0.00766027,0.05108,-0.0369093,9.62735,9.62756,0,2.17722
4.66,climb 3.5m,-0.00538367,0.0368669,-0.00173322,-0.000985103,0,0,-0.000650841,-0.0024132,0.00317904,2.76523,2.90523,2.78336,1.54846,3.5,0,0.255281,0.255693,0.255895,0.255283,0.255281,0.255283,0.255693,0.255895,1,0,0.00169146,0,-0.00271623,0.000386146,8.81897e-05,0.00518184,0.0029441,0.00183906,0.00192224,-3.09635e-05,-0.0100391,-0.00555976,0.00481204,0.0361116,-0.149214,9.63696,9.63818,0,2.17995
4.67,climb 3.5m,-0.00539138,0.0368915,-0.00152309,-0.00125325,0,0,-0.00068853,-0.00255361,0.0026553,2.78022,2.92022,2.81386,1.55699,3.5,0,0.248879,0.24891,0.248862,0.249361,0.248879,0.249361,0.24891,0.248862,1,0,0.00195312,0,0.0012393,0.000820753,-0.000232945,0.0045709,0.0037474,0.00181713,0.00195221,-2.96614e-05,0.0029078,-0.00626971,-0.00433013,-0.0127912,-0.0191968,9.51896,9.51899,0,2.19776
4.68,climb 3.5m,-0.00539938,0.036918,-0.00133417,-0.00122963,0,0,-0.000721799,-0.0028534,0.00301224,2.79517,2.93517,2.82942,1.55322,3.5,0,0.246269,0.246517,0.246158,0.246682,0.246269,0.246682,0.246517,0.246158,1,0,0.00119604,0,0.000729835,0.000102479,-0.000339456,0.00400918,0.00367987,0.00180004,0.00194419,-2.91407e-05,0.00625179,-0.00407129,-0.00282585,0.0355896,0.0596148,9.3474,9.34766,0,2.19897
4.69,climb 3.5m,-0.00540809,0.0369485,-0.00137818,-0.00130328,0,0,-0.000799087,-0.00331215,0.00300256,2.81008,2.95008,2.82133,1.53145,3.5,0,0.250388,0.249411,0.250768,0.249153,0.250388,0.249153,0.249411,0.250768,1,0,0.00154408,0,-0.00169312,0.000231519,0.00113949,0.00413406,0.00391164,0.00180786,0.0019504,-2.92997e-05,0.0014895,0.0031443,0.00878225,0.0973881,0.0803851,9.42775,9.4286,0,2.20473
4.7,climb 3.5m,-0.00541696,0.0369835,-0.00145613,-0.00130001,0,0,-0.000784855,-0.00372078,0.00261503,2.82494,2.96494,2.83662,1.52633,3.5,0,0.246267,0.248243,0.247194,0.248357,0.246267,0.248357,0.248243,0.247194,1,0,0.00195312,0,-0.00215854,0.00197212,-0.00137998,0.00436148,0.00390542,0.00182429,0.00194749,-2.96714e-05,-0.00278522,0.00553751,0.00354236,-0.0653777,-0.0231844,9.35641,9.35667,0,2.20617
4.71,climb 3.5m,-0.0054262,0.0370227,-0.00118051,-0.0016454,0,0,-0.000870938,-0.00417639,0.00228262,2.83973,2.97973,2.84665,1.51635,3.5,0,0.24641,0.246725,0.246785,0.246192,0.24641,0.246192,0.246725,0.246785,1,0,0.00154408,0,-0.00240944,-0.000299691,0.000121821,0.00353429,0.00494982,0.00179614,0.00199218,-2.85646e-05,-0.00302328,0.011069,0.00698569,-0.0457908,0.0425968,9.0936,9.09381,0,2.22967
4.72,climb 3.5m,-0.00543651,0.0370664,-0.000799859,-0.00105007,0,0,-0.0010553,-0.00459924,0.00344335,2.85446,2.99446,2.86178,1.50948,3.5,0,0.243701,0.244827,0.244133,0.244566,0.243701,0.244566,0.244827,0.244133,1,0,0.000976562,0,-0.00183618,0.000323391,-0.00068525,0.00239157,0.00314467,0.00175712,0.00191574,-2.53111e-05,-0.00356889,-0.00179389,0.0109205,0.00763037,-0.131609,9.141,9.14195,0,2.20058
4.73,climb 3.5m,-0.00544944,0.0371142,-0.00092529,-0.00109471,0,0,-0.00125973,-0.00502318,0.00276708,2.86911,3.00911,2.88542,1.50795,3.5,0,0.240297,0.239583,0.240376,0.239655,0.240297,0.239655,0.239583,0.240376,1,0,0.00138107,0,-1.96639e-05,0.000285944,0.000630442,0.00279192,0.00328328,0.00177184,0.00192337,-2.56477e-05,0.0124654,0.00136338,-0.00529695,0.0768075,-0.0451151,8.95337,8.95382,0,2.20515
4.74,climb 3.5m,-0.00546311,0.0371665,-0.000126854,-0.00123029,0,0,-0.00130837,-0.00547862,0.00142551,2.88367,3.02367,2.90046,1.49906,3.5,0,0.238218,0.237437,0.238486,0.237654,0.238218,0.237654,0.237437,0.238486,1,0,0.000690534,0,-0.000135846,0.000920256,0.000709123,0.00038237,0.00368573,0.00167969,0.00193985,-2.50383e-05,0.00288929,-0.00148,0.0033696,-0.017669,-0.0577512,8.92719,8.92739,0,2.22129
4.75,climb 3.5m,-0.0054768,0.0372231,-0.000268908,-0.00153948,0,0,-0.00132497,-0.00587688,0.00173101,2.89813,3.03813,2.91895,1.4913,3.5,0,0.237011,0.233455,0.236663,0.2335,0.237011,0.2335,0.233455,0.236663,1,0,0.000976562,0,0.00104473,-0.000573101,0.00295312,0.000805201,0.00462698,0.00169728,0.00197857,-2.79879e-05,0.00067215,0.0076742,-0.0064673,-0.0314261,0.0281451,8.79327,8.79337,0,2.24117
4.76,climb 3.5m,-0.00549078,0.0372833,0.000405693,-0.00186649,0,0,-0.00138034,-0.00619215,0.00141143,2.91247,3.05247,2.93381,1.48,3.5,0,0.233819,0.232789,0.234447,0.232427,0.233819,0.232427,0.232789,0.234447,1,0,0.00154408,0,-0.00262872,0.000505428,0.00134054,-0.00121797,0.00561045,0.00162107,0.00201841,-2.77161e-05,0.00106277,0.00933378,0.0181134,-0.0707501,0.0665719,8.59105,8.5916,0,2.26832
4.77,climb 3.5m,-0.00550597,0.0373465,0.000599953,-0.00172625,0,0,-0.00156817,-0.00644528,0.00251517,2.9267,3.0667,2.95592,1.47228,3.5,0,0.229664,0.23006,0.229873,0.229966,0.229664,0.229966,0.23006,0.229873,1,0,0.00154408,0,-0.000800995,0.000217782,-0.000215013,-0.00180046,0.00516848,0.00160251,0.00200216,-2.53508e-05,0.00120047,-0.00485365,2.56133e-05,-0.0103016,-0.0430215,8.45742,8.45754,0,2.26565
4.78,climb 3.5m,-0.00552398,0.0374119,0.000659171,-0.00110401,0,0,-0.00190529,-0.00667507,0.00193562,2.94078,3.08078,2.97057,1.45772,3.5,0,0.226798,0.230067,0.226847,0.23005,0.226798,0.23005,0.230067,0.226847,1,0,0,0,-0.000174448,6.18074e-05,-0.00284452,-0.00196986,0.00332138,0.00159911,0.00192989,-1.8782e-05,0.00669615,0.00815631,-0.002604,-0.0361018,-0.0457193,8.30192,8.30213,0,2.23474
4.79,climb 3.5m,-0.00554601,0.0374792,0.000437787,-0.00117459,0,0,-0.00231299,-0.00680829,0.00236298,2.95471,3.09471,2.99554,1.44957,3.5,0,0.224621,0.224187,0.224709,0.22429,0.224621,0.22429,0.224187,0.224709,1,0,0.000690534,0,4.07012e-05,0.000363337,0.000374539,-0.00131423,0.00353571,0.00162497,0.00193928,-1.97306e-05,0.00104198,0.0098959,-0.00261491,0.0284971,-0.0385312,8.06069,8.06083,0,2.2409
4.8,climb 3.5m,-0.00557202,0.037548,-0.000174089,-0.000711896,0,0,-0.00275689,-0.00700157,0.00205914,2.96847,3.10847,3.00995,1.43286,3.5,0,0.22453,0.221694,0.225367,0.221389,0.22453,0.221389,0.221694,0.225367,1,0,0,0,-0.00303127,0.00100753,0.00299522,0.000512223,0.00212424,0.00169904,0.00188257,-1.65574e-05,-0.0049931,-0.00575356,0.00545491,-0.06058,-0.00143418,8.04091,8.04114,0,2.214
4.81,climb 3.5m,-0.0056022,0.0376189,-0.00035437,-0.000390581,0,0,-0.00318155,-0.00721402,0.000987087,2.98205,3.12205,3.01882,1.41076,3.5,0,0.221737,0.225354,0.221995,0.225208,0.221737,0.225208,0.225354,0.221995,1,0,0.000976562,0,-0.00107381,0.00021332,-0.0030022,0.00106523,0.00116662,0.00171818,0.00184371,-1.49648e-05,0.00312808,-0.00156974,-0.00418019,-0.0782767,-0.136689,7.8929,7.89447,0,2.19868
4.82,climb 3.5m,-0.0056365,0.0376921,0.000416185,-0.000156567,0,0,-0.00355724,-0.00746332,0.0016327,2.99544,3.13544,3.03283,1.39144,3.5,0,0.222369,0.223382,0.222301,0.222687,0.222369,0.222687,0.223382,0.222301,1,0,0,0,-0.00166335,-0.00144584,-0.000615209,-0.00124407,0.00048392,0.00162876,0.00181421,-2.1973e-05,0.00461877,0.0112902,-0.00527346,-0.0104932,0.0394394,7.87418,7.87428,0,2.19587
4.83,climb 3.5m,-0.00567486,0.0377671,0.000409279,-9.23866e-05,0,0,-0.00394206,-0.00751993,0.00264832,3.00862,3.14862,3.05458,1.37662,3.5,0,0.220399,0.219648,0.220011,0.219606,0.220399,0.219606,0.219648,0.220011,1,0,0,0,0.000917301,-0.000814608,0.000507639,-0.00123859,0.000295171,0.00162876,0.00181421,-2.1973e-05,-0.00554196,0.0138188,-0.00684164,0.0364971,-0.0575332,7.72618,7.72648,0,2.19676
4.84,climb 3.5m,-0.00571658,0.0378417,0.000415286,-0.000101607,0,0,-0.00426531,-0.00742182,0.00187682,3.0216,3.1616,3.06825,1.35535,3.5,0,0.219914,0.218751,0.219766,0.218631,0.219914,0.218631,0.218751,0.219766,1,0,0,0,7.40771e-05,-0.000508218,0.00100942,-0.00124341,0.000290275,0.00162876,0.00181421,-2.19726e-05,0.00326114,-0.00788049,0.00772444,-0.0127584,-0.110905,7.62587,7.62669,0,2.20194
4.85,climb 3.5m,-0.00576138,0.0379154,0.000404398,-7.44842e-05,0,0,-0.00454956,-0.00733154,0.00181471,3.03435,3.17435,3.06298,1.31945,3.5,0,0.222426,0.224688,0.221996,0.225009,0.222426,0.225009,0.224688,0.221996,1,0,0,0,0.00199107,-0.000206531,-0.00231857,-0.00120905,0.000229473,0.00162876,0.00181421,-2.19726e-05,0.00438926,0.00582622,-0.00389008,0.143558,-0.00238452,7.57494,7.5763,0,2.20489
4.86,climb 3.5m,-0.00580876,0.037988,0.000367923,-6.89316e-05,0,0,-0.00478162,-0.00718875,0.00221908,3.04688,3.18688,3.07606,1.29697,3.5,0,0.222063,0.224279,0.22174,0.224372,0.222063,0.224372,0.224279,0.22174,1,0,0,0,0.00110486,-0.000435469,-0.00213043,-0.00109776,0.00022157,0.00162876,0.00181421,-2.19727e-05,0.00563704,0.0116632,-0.00348462,-0.0901849,-0.0428427,7.62717,7.62782,0,2.2088
4.87,climb 3.5m,-0.00585885,0.0380589,0.000382082,-5.77727e-05,0,0,-0.00505651,-0.00699133,0.00237991,3.05917,3.19917,3.09561,1.2788,3.5,0,0.221528,0.220527,0.221704,0.220528,0.221528,0.220528,0.220527,0.221704,1,0,0,0,-0.000465842,0.000335416,0.000956944,-0.00115006,0.000188179,0.00162876,0.00181421,-2.19727e-05,-0.000916186,0.0117201,-0.00279114,0.0693176,-0.101074,7.46233,7.46334,0,2.21276
4.88,climb 3.5m,-0.00591166,0.0381275,0.00036016,-5.58278e-05,0,0,-0.00533778,-0.00676489,0.00319712,3.07123,3.21123,3.10829,1.25536,3.5,0,0.22166,0.22003,0.2217,0.219869,0.22166,0.219869,0.22003,0.2217,1,0,0,0,-0.000532077,-0.000230679,0.00152121,-0.00109828,0.000174435,0.00162876,0.00181421,-2.19724e-05,-0.0102395,0.00645032,0.00447355,0.09313,0.0759203,7.43523,7.4362,0,2.21683
4.89,climb 3.5m,-0.0059674,0.0381939,0.000352724,-4.83705e-05,0,0,-0.00561566,-0.00652497,0.00255327,3.08305,3.22305,3.10473,1.22006,3.5,0,0.225101,0.224368,0.225497,0.223886,0.225101,0.223886,0.224368,0.225497,1,0,0.000690534,0,-0.00232692,-0.00016256,0.00102995,-0.00106807,0.000144617,0.00162876,0.00181421,-2.19724e-05,-0.00496974,0.00148409,-0.00145053,0.0740884,-0.00443822,7.51372,7.51408,0,2.22061
4.9,climb 3.5m,-0.00602611,0.0382579,0.00031368,-3.07148e-05,0,0,-0.00593141,-0.00630744,0.00283158,3.09463,3.23463,3.11681,1.19644,3.5,0,0.224445,0.224838,0.224252,0.224819,0.224445,0.224819,0.224838,0.224252,1,0,0,0,0.000464134,-0.000400849,-0.00042206,-0.000949727,9.26482e-05,0.00162876,0.00181421,-2.19723e-05,-0.00416255,0.00214519,-0.0155315,-0.0427326,0.0569681,7.46648,7.46682,0,2.22344
4.91,climb 3.5m,-0.00608796,0.0383199,0.000295778,-8.51084e-06,0,0,-0.00620326,-0.00609966,0.0026395,3.10598,3.24598,3.1257,1.17077,3.5,0,0.225619,0.225179,0.225644,0.224585,0.225619,0.224585,0.225179,0.225644,1,0,0,0,-0.00164214,-0.0010779,0.000658553,-0.000897801,3.12585e-05,0.00162876,0.00181421,-2.19723e-05,-0.00534999,0.00563111,-0.00141203,0.12128,-0.0303778,7.48456,7.48561,0,2.2261
4.92,climb 3.5m,-0.00615184,0.0383792,0.000251968,2.13123e-05,0,0,-0.00637057,-0.00577814,0.00307078,3.11709,3.25709,3.13729,1.14739,3.5,0,0.225264,0.225623,0.225212,0.224734,0.225264,0.224734,0.225623,0.225212,1,0,0,0,-0.00222036,-0.00178407,5.22104e-05,-0.00076725,-6.4959e-05,0.00162876,0.00181421,-2.19724e-05,-0.00593469,0.00113228,-0.0021522,0.0845048,0.00326147,7.54305,7.54352,0,2.22799
4.93,climb 3.5m,-0.00621728,0.038435,0.000229914,2.06355e-05,0,0,-0.00647378,-0.00540063,0.00325732,3.12796,3.26796,3.15414,1.12794,3.5,0,0.224044,0.223472,0.224399,0.223268,0.224044,0.223268,0.223472,0.224399,1,0,0,0,-0.00148432,0.000285556,0.000748529,-0.000691076,-5.86054e-05,0.00162876,0.00181421,-2.19724e-05,0.00073896,0.00401562,0.0028809,0.0384434,0.0750483,7.39379,7.39427,0,2.2316
4.94,climb 3.5m,-0.00628373,0.0384872,0.000194476,-3.75472e-08,0,0,-0.00655159,-0.00507011,0.00279322,3.1386,3.2786,3.16531,1.10463,3.5,0,0.224713,0.222993,0.224094,0.223486,0.224713,0.223486,0.222993,0.224094,1,0,0,0,0.00295041,-0.000239595,0.00102323,-0.000585446,-1.2132e-06,0.00162876,0.00181421,-2.19717e-05,0.0002834,0.000928424,-0.00975123,0.00106103,0.110405,7.50331,7.50413,0,2.23604
4.95,climb 3.5m,-0.00635004,0.0385361,0.000154025,-2.16403e-05,0,0,-0.00652436,-0.00471644,0.00168231,3.149,3.289,3.14225,1.05692,3.5,0,0.232208,0.232912,0.232637,0.232393,0.232208,0.232393,0.232912,0.232637,1,0,0,0,-0.0025169,-0.000169956,-0.000202035,-0.000466522,5.83833e-05,0.00162876,0.00181421,-2.19717e-05,-0.0013349,-0.00254294,0.00786566,0.0485536,0.0864585,7.5721,7.57275,0,2.24029
4.96,climb 3.5m,-0.00641578,0.0385817,0.00014054,-3.16276e-05,0,0,-0.00650211,-0.00440086,0.00236307,3.15917,3.29917,3.1527,1.03442,3.5,0,0.231782,0.233581,0.231685,0.2335,0.231782,0.2335,0.233581,0.231685,1,0,0,0,4.17553e-05,-0.000338252,-0.00158879,-0.000423459,9.43524e-05,0.00162876,0.00181421,-2.19719e-05,0.000402067,0.00146074,0.00120954,0.00828409,-0.0124686,7.72793,7.72795,0,2.24394
4.97,climb 3.5m,-0.0064819,0.0386238,0.000119896,-3.40144e-05,0,0,-0.00649949,-0.00404829,0.00300702,3.16912,3.30912,3.17205,1.01929,3.5,0,0.230649,0.230422,0.230068,0.23033,0.230649,0.23033,0.230422,0.230068,1,0,0,0,0.00129712,-0.00127399,-1.49712e-05,-0.000374633,9.45832e-05,0.00162876,0.00181421,-2.19719e-05,-0.00833413,-0.0031594,-0.00244365,-0.0284277,-0.0700664,7.57648,7.57686,0,2.24691
4.98,climb 3.5m,-0.00654787,0.0386625,8.81845e-05,-7.39997e-05,0,0,-0.00647354,-0.00372074,0.00263612,3.17885,3.31885,3.18213,0.997852,3.5,0,0.230751,0.23002,0.230449,0.230508,0.230751,0.230508,0.23002,0.230449,1,0,0,0,0.00209746,0.000351541,0.000295062,-0.000269649,0.000197185,0.00162876,0.00181421,-2.19717e-05,-0.00176854,-0.0147284,0.000311145,0.105319,-0.0710742,7.72076,7.72181,0,2.25171
4.99,climb 3.5m,-0.00661324,0.0386983,7.31424e-05,-0.000101447,0,0,-0.00640699,-0.00347917,0.00215677,3.18837,3.32837,3.18224,0.969695,3.5,0,0.233848,0.232044,0.23385,0.232218,0.233848,0.232218,0.232044,0.23385,1,0,0,0,0.00045748,0.000333477,0.00151038,-0.000235453,0.000302232,0.00162876,0.00181421,-2.19717e-05,-0.0090556,0.000408022,-0.00226162,-0.0837394,-0.00161701,7.75624,7.75669,0,2.25578
5,climb 3.5m,-0.00667741,0.0387324,2.9162e-05,-0.000111437,0,0,-0.00626463,-0.00335855,0.00222923,3.19768,3.33768,3.19184,0.949142,3.5,0,0.233396,0.232499,0.233207,0.233136,0.233396,0.233136,0.232499,0.233207,1,0,0,0,0.00219293,0.000848692,0.000425518,-7.94994e-05,0.000322598,0.00162876,0.00181421,-2.19718e-05,0.0069538,-0.00599381,0.00524073,-0.00509054,-0.0329218,7.69701,7.69708,0,2.25849
5.01,climb 3.5m,-0.00673948,0.0387653,-2.3938e-06,-0.00013957,0,0,-0.00597633,-0.00324996,0.00187533,3.20679,3.34679,3.20576,0.932436,3.5,0,0.23288,0.230702,0.233395,0.230901,0.23288,0.230901,0.230702,0.233395,1,0,0,0,-0.000840911,0.00135293,0.00205324,2.36305e-07,0.000415589,0.00162876,0.00181421,-2.19718e-05,-0.00300239,-0.000265978,-0.0078241,0.0710454,0.0683067,7.87491,7.87553,0,2.26226
5.02,climb 3.5m,-0.00679882,0.0387976,-5.28344e-05,2.62044e-05,0,0,-0.00576798,-0.00325625,0.00192363,3.21569,3.35569,3.21498,0.912872,3.5,0,0.231328,0.232483,0.231487,0.232745,0.231328,0.232745,0.232483,0.231487,1,0,0,0,0.000271694,0.000797548,-0.00106099,0.000159033,-8.31017e-05,0.00163066,0.00179105,-2.03642e-05,0.00198383,-0.00120137,0.00245106,0.0745912,-0.01072,7.74957,7.74994,0,2.25483
5.03,climb 3.5m,-0.00685595,0.0388303,-0.000214306,0.000321806,0,0,-0.00549403,-0.0033044,0.00122925,3.2244,3.3644,3.20995,0.883276,3.5,0,0.235604,0.235483,0.235614,0.235987,0.235604,0.235987,0.235483,0.235614,1,0,0,0,0.00131091,0.000972208,-0.000110967,0.000649894,-0.000965614,0.00164461,0.00175141,-1.88914e-05,0.00629344,0.00161921,0.00762259,-0.00658437,0.04603,7.85549,7.85563,0,2.23904
5.04,climb 3.5m,-0.00690977,0.0388637,-0.000513454,-0.000275042,0,0,-0.00517343,-0.00341178,0.00121412,3.23292,3.37292,3.21869,0.864413,3.5,0,0.235863,0.235235,0.236307,0.235626,0.235863,0.235626,0.235235,0.236307,1,0,0,0,-0.000139977,0.0015817,0.000575383,0.00154292,0.000829972,0.00167661,0.00181333,-1.9819e-05,0.00338008,0.00504593,-0.00360945,-0.0307173,0.121932,7.99505,7.99604,0,2.27257
5.05,climb 3.5m,-0.00696039,0.0388988,-0.000775969,-0.000113629,0,0,-0.0048195,-0.00361341,0.00115254,3.24125,3.38125,3.2225,0.842793,3.5,0,0.236798,0.23719,0.236763,0.237331,0.236798,0.237331,0.23719,0.236763,1,0,0,0,0.000466177,0.000200303,-0.000421846,0.00233621,0.000318644,0.00170273,0.001792,-1.84731e-05,0.0072339,-0.0130358,-0.0012458,-0.0423661,-0.0359036,8.04806,8.04825,0,2.26365
5.06,climb 3.5m,-0.00700753,0.0389357,-0.000649292,-0.000514534,0,0,-0.0045106,-0.0037652,0.000882751,3.2494,3.3894,3.23084,0.825018,3.5,0,0.237073,0.236988,0.236604,0.237646,0.237073,0.237646,0.236988,0.236604,1,0,0,0,0.00299037,0.000359329,-0.000420497,0.00194236,0.00153058,0.00168541,0.00183723,-2.0103e-05,-0.00198876,-0.00684429,-0.000256461,-0.0779894,-0.116177,8.09536,8.09657,0,2.28995
5.07,climb 3.5m,-0.00705175,0.0389738,-0.000759417,-0.000759101,0,0,-0.0042376,-0.00390719,0.00193434,3.25737,3.39737,3.24467,0.811544,3.5,0,0.236204,0.235446,0.236079,0.235069,0.236204,0.235069,0.235446,0.236079,1,0,0.000690534,0,-0.000667775,-0.00094978,0.000777428,0.002282,0.0022624,0.00169913,0.00186372,-2.02808e-05,0.00419861,-0.008072,-0.00240206,-0.013896,-0.104244,8.05109,8.05178,0,2.30545
5.08,climb 3.5m,-0.00709402,0.0390134,-0.00120693,-0.000995147,0,0,-0.00400975,-0.00402997,0.00247443,3.26516,3.40516,3.2527,0.794302,3.5,0,0.236209,0.235251,0.236083,0.235509,0.236209,0.235509,0.235251,0.236083,1,0,0.000976562,0,0.0010207,0.000251304,0.00067331,0.00362193,0.00298092,0.00174894,0.00189093,-1.9978e-05,0.00251234,-0.00112091,9.60186e-05,0.0412524,-0.0956601,8.1009,8.10157,0,2.31786
5.09,climb 3.5m,-0.00713394,0.039054,-0.00117367,-0.00105213,0,0,-0.00379415,-0.00415979,0.00228564,3.27279,3.41279,3.25717,0.774851,3.5,0,0.237788,0.235361,0.237887,0.235741,0.237788,0.235741,0.235361,0.237887,1,0,0.000690534,0,0.000747249,0.00090729,0.00200947,0.00352554,0.00315843,0.00174346,0.00189379,-1.98026e-05,0.00477201,0.0032604,0.00189332,-0.0471699,-0.0539307,8.03131,8.03163,0,2.32399
5.1,climb 3.5m,-0.00717181,0.0390965,-0.00140677,-0.000616623,0,0,-0.00362326,-0.00437452,0.00213797,3.28024,3.42024,3.26484,0.758101,3.5,0,0.237179,0.236628,0.236936,0.236386,0.237179,0.236386,0.236628,0.236936,1,0,0.00119604,0,4.49551e-06,-0.00091804,0.00048413,0.00422141,0.00184898,0.00176862,0.00184347,-2.08337e-05,0.00251226,0.00124276,0.00490149,0.0234904,-0.0576214,8.09808,8.09832,0,2.3002
5.11,climb 3.5m,-0.00720801,0.0391407,-0.00158284,-0.000568848,0,0,-0.00343566,-0.00450758,0.00215272,3.28752,3.42752,3.26976,0.739937,3.5,0,0.23743,0.237979,0.236934,0.237736,0.23743,0.237736,0.237979,0.236934,1,0,0.00154408,0,0.000667233,-0.00140073,-0.000593827,0.00475634,0.00170413,0.00179141,0.00183853,-2.05029e-05,0.00701663,0.000232223,-0.000937812,0.131821,0.0932326,8.24945,8.25103,0,2.29897
5.12,climb 3.5m,-0.0072424,0.0391862,-0.00142685,-0.000960059,0,0,-0.0032243,-0.00461975,0.00275429,3.29464,3.43464,3.27708,0.723573,3.5,0,0.2375,0.23794,0.237271,0.237821,0.2375,0.237821,0.23794,0.237271,1,0,0.00119604,0,0.000290457,-0.000658814,-0.000434998,0.00428467,0.00289014,0.0017719,0.00188235,-1.94262e-05,0.0045208,0.00852056,0.00314529,-0.000638978,-0.0164889,8.19727,8.19729,0,2.32522
5.13,climb 3.5m,-0.00727459,0.0392322,-0.00125404,-0.00112959,0,0,-0.00299615,-0.00462611,0.0024263,3.3016,3.4416,3.28996,0.711842,3.5,0,0.236686,0.236069,0.236644,0.235699,0.236686,0.235699,0.236069,0.236644,1,0,0.00169146,0,-0.000869934,-0.000779961,0.000686651,0.00374848,0.00338854,0.00175077,0.00189977,-1.87156e-05,-0.00734007,0.00174908,-0.00663027,0.081186,-0.0292631,8.21059,8.21105,0,2.33906
5.14,climb 3.5m,-0.00730439,0.0392784,-0.000821799,-0.00135678,0,0,-0.00277333,-0.00466503,0.00285173,3.30839,3.44839,3.297,0.695998,3.5,0,0.236159,0.236255,0.236312,0.236849,0.236159,0.236849,0.236255,0.236312,1,0,0.00119604,0,0.00117108,0.00141374,-0.000278456,0.00245875,0.00408491,0.00170132,0.0019245,-1.76358e-05,-0.00272175,0.0116329,0.0055565,-0.0105913,-0.000931714,8.2634,8.2634,0,2.35832
5.15,climb 3.5m,-0.0073324,0.0393257,-0.00129081,-0.00163144,0,0,-0.00255051,-0.00489891,0.00341756,3.31502,3.45502,3.29258,0.671757,3.5,0,0.239568,0.239356,0.239212,0.239631,0.239568,0.239631,0.239356,0.239212,1,0,0.00169146,0,0.00167373,-0.000153417,-9.10232e-05,0.00387133,0.0049062,0.00175377,0.00195589,-1.99053e-05,0.00103125,0.00986684,0.00269822,0.0222008,-0.015145,8.24516,8.2452,0,2.37305
5.16,climb 3.5m,-0.00735778,0.0393764,-0.00126502,-0.00109168,0,0,-0.00227641,-0.00533175,0.00255614,3.3215,3.4615,3.29922,0.656354,3.5,0,0.238336,0.240748,0.238707,0.240615,0.238336,0.240615,0.240748,0.238707,1,0,0.00169146,0,-0.00134017,0.000450775,-0.00189842,0.00379525,0.00328518,0.00175066,0.0018933,-2.17875e-05,0.00188618,0.00864079,0.00635922,0.0486914,0.0484854,8.33612,8.3364,0,2.34571
5.17,climb 3.5m,-0.00738017,0.0394316,-0.00127244,-0.00183267,0,0,-0.00203565,-0.00575161,0.00153964,3.32782,3.46782,3.31277,0.646338,3.5,0,0.238427,0.237296,0.238485,0.237603,0.238427,0.237603,0.237296,0.238485,1,0,0.0020716,0,0.00066012,0.000693417,0.000885051,0.003816,0.00549806,0.00175392,0.00197891,-2.24597e-05,0.000885871,0.00200828,0.00709747,-0.0822699,-0.0294665,8.18521,8.18567,0,2.39103
5.18,climb 3.5m,-0.00740013,0.0394911,-0.00124491,-0.00222166,0,0,-0.00181141,-0.00618378,0.0016022,3.33398,3.47398,3.31916,0.631341,3.5,0,0.238904,0.237153,0.238886,0.237537,0.238904,0.237537,0.237153,0.238886,1,0,0.00229024,0,0.00106624,0.000692839,0.00136279,0.00375542,0.00665694,0.00175224,0.00202473,-2.26856e-05,0.0155731,-0.00334356,0.00769901,-0.141961,-0.0611995,8.28363,8.28507,0,2.41687
5.19,climb 3.5m,-0.00741759,0.0395546,-0.00136832,-0.00212842,0,0,-0.00156449,-0.00657195,0.00125476,3.34,3.48,3.32437,0.61556,3.5,0,0.237769,0.239314,0.238093,0.23913,0.237769,0.23913,0.239314,0.238093,1,0,0.00229024,0,-0.00134921,0.000265277,-0.0011349,0.0041108,0.00636863,0.0017692,0.0020138,-2.41621e-05,0.00567431,-0.00908372,0.0061417,0.0126639,-0.0663782,8.27615,8.27642,0,2.41439
5.2,climb 3.5m,-0.00743296,0.0396221,-0.000957678,-0.00251281,0,0,-0.00140842,-0.00697584,0.0011356,3.34586,3.48586,3.33046,0.600862,3.5,0,0.23805,0.239267,0.238729,0.239038,0.23805,0.239038,0.239267,0.238729,1,0,0.00239208,0,-0.00240896,0.000852458,-0.000671449,0.00287246,0.00754728,0.00172571,0.00205998,-2.14054e-05,0.00136853,0.0079617,0.00919091,0.0204583,-0.0119395,8.29756,8.29759,0,2.44337
5.21,climb 3.5m,-0.00744736,0.0396936,-0.000890113,-0.00251673,0,0,-0.00133578,-0.0073685,0.00176481,3.35158,3.49158,3.33398,0.584477,3.5,0,0.240529,0.238592,0.240527,0.238767,0.240529,0.238767,0.238592,0.240527,1,0,0.00258374,0,0.000468133,0.000328223,0.00162534,0.00267039,0.0075437,0.00172117,0.00206439,-2.11263e-05,0.00176191,-0.00226821,0.00233245,0.0237307,-0.0432453,8.34482,8.34496,0,2.44831
5.22,climb 3.5m,-0.00746137,0.0397691,-0.000967461,-0.00224808,0,0,-0.0013236,-0.00781744,0.00300012,3.35714,3.49714,3.33976,0.570144,3.5,0,0.240279,0.239139,0.240231,0.23963,0.240279,0.23963,0.239139,0.240231,1,0,0.0020716,0,0.00142777,0.000838212,0.000765291,0.00288973,0.00672703,0.00173206,0.00203534,-2.17166e-05,-0.00671456,-0.0094228,-0.00500731,0.0451114,-0.0553954,8.29336,8.29367,0,2.43685
5.23,climb 3.5m,-0.00747578,0.0398498,-0.000681167,-0.00205289,0,0,-0.00132937,-0.00837512,0.00229582,3.36256,3.50256,3.34812,0.557818,3.5,0,0.239607,0.239094,0.239512,0.239283,0.239607,0.239283,0.239094,0.239512,1,0,0.0020716,0,0.000752449,0.000178584,0.000325805,0.00204632,0.00618097,0.00170172,0.00201527,-1.97712e-05,0.00359137,0.016883,0.00253852,0.0559766,0.0221492,8.45175,8.45197,0,2.43286
5.24,climb 3.5m,-0.00749,0.0399356,-0.000549199,-0.00172868,0,0,-0.00130456,-0.00882076,0.00264423,3.36784,3.50784,3.35362,0.543616,3.5,0,0.239094,0.240553,0.239079,0.239795,0.239094,0.239795,0.240553,0.239079,1,0,0.00154408,0,-0.00197355,-0.00146349,-0.000955843,0.00164085,0.00519126,0.00168986,0.00198441,-1.86729e-05,-0.00280128,0.00546076,0.00241905,0.129901,-0.0153529,8.45124,8.45226,0,2.42062
5.25,climb 3.5m,-0.00750432,0.0400251,-0.000731808,-0.00150019,0,0,-0.00135777,-0.00910767,0.00312598,3.37297,3.51297,3.37268,0.539533,3.5,0,0.238181,0.234935,0.238099,0.234374,0.238181,0.234374,0.234935,0.238099,1,0,0.00119604,0,-0.00126974,-0.00121813,0.00306444,0.00221853,0.00450313,0.00171512,0.00196484,-1.82638e-05,0.0171172,0.00366419,-0.00136481,-0.0792098,0.109385,8.35932,8.36041,0,2.41129
5.26,climb 3.5m,-0.00751984,0.0401169,-0.000593787,-0.00161867,0,0,-0.00153523,-0.00928736,0.00262661,3.37796,3.51796,3.37801,0.525277,3.5,0,0.236594,0.236933,0.23632,0.236914,0.236594,0.236914,0.236933,0.23632,1,0,0.00119604,0,0.00067551,-0.000553579,-0.000409771,0.00178268,0.00486969,0.00170173,0.0019843,-1.85741e-05,0.00258893,0.0111064,0.00602999,0.0214218,0.0514706,8.40721,8.40739,0,2.42453
5.27,climb 3.5m,-0.00753655,0.0402103,-0.000452354,-0.00166406,0,0,-0.00159408,-0.0094207,0.00195911,3.3828,3.5228,3.38184,0.509951,3.5,0,0.237561,0.237324,0.237631,0.236906,0.237561,0.236906,0.237324,0.237631,1,0,0.00169146,0,-0.00129461,-0.000661301,0.000422504,0.00134109,0.00500672,0.00168547,0.00199638,-1.8207e-05,-0.00895202,0.0116945,0.00450179,0.0944998,-0.033075,8.28669,8.2873,0,2.43378
5.28,climb 3.5m,-0.0075534,0.0403048,-0.00100366,-0.00146644,0,0,-0.00162247,-0.00950342,0.00182455,3.3875,3.5275,3.38686,0.495247,3.5,0,0.237723,0.237779,0.237403,0.238093,0.237723,0.238093,0.237779,0.237403,1,0,0.00119604,0,0.00168128,-1.27501e-05,-0.000328273,0.00301275,0.00439588,0.00174872,0.0019802,-1.94467e-05,0.00291764,-0.000313792,-0.00778092,-0.0308644,-0.0258853,8.37218,8.37228,0,2.42337
5.29,climb 3.5m,-0.00757077,0.0404001,-0.00121913,-0.00125088,0,0,-0.00164582,-0.00960949,0.00289743,3.39204,3.53204,3.39223,0.481139,3.5,0,0.238905,0.237355,0.238646,0.237171,0.238905,0.237171,0.237355,0.238646,1,0,0.00119604,0,0.000200264,-0.000840161,0.00132923,0.00366932,0.00375716,0.00177682,0.00196128,-1.99251e-05,0.00971943,0.00497652,-0.00142035,0.106912,-0.0108678,8.33993,8.34062,0,2.41494
5.3,climb 3.5m,-0.00758831,0.0404962,-0.00109558,-0.00105833,0,0,-0.0016302,-0.00962857,0.00300759,3.39644,3.53644,3.39697,0.46674,3.5,0,0.237891,0.238967,0.237656,0.239248,0.237891,0.239248,0.238967,0.237656,1,0,0.000976562,0,0.00136886,8.8746e-05,-0.00117279,0.00329105,0.00318684,0.0017627,0.00194358,-2.06208e-05,0.0046354,0.00986026,-0.0114717,0.0290568,-0.0205034,8.44151,8.44158,0,2.41062
5.31,climb 3.5m,-0.00760557,0.0405921,-0.000849331,-0.000891352,0,0,-0.00156731,-0.00960214,0.00312441,3.40069,3.54069,3.38969,0.443729,3.5,0,0.241585,0.24222,0.241416,0.242433,0.241585,0.242433,0.24222,0.241416,1,0,0,0,0.00101352,8.53665e-05,-0.000726191,0.00255607,0.00266209,0.00173747,0.00192935,-2.1323e-05,0.00711944,-0.00604887,0.000827952,0.00861827,-0.0113476,8.41242,8.41243,0,2.4088
5.32,climb 3.5m,-0.00762254,0.0406873,-0.000915801,-0.00070086,0,0,-0.00155373,-0.00947431,0.00381869,3.4048,3.5448,3.39406,0.429645,3.5,0,0.243501,0.241185,0.24391,0.240921,0.243501,0.240921,0.241185,0.24391,1,0,0.000690534,0,-0.00178656,0.000273372,0.002332,0.00274768,0.00211756,0.00174678,0.00191184,-2.10679e-05,0.00193129,0.0119004,-0.00259192,-0.0320149,0.0451101,8.45757,8.45775,0,2.40298
5.33,climb 3.5m,-0.00763992,0.0407808,-0.000646646,-0.000605744,0,0,-0.00163914,-0.00924116,0.00390347,3.40877,3.54877,3.3888,0.409342,3.5,0,0.244977,0.24536,0.244536,0.246052,0.244977,0.246052,0.24536,0.244536,1,0,0,0,0.0030083,0.000476288,-0.00083458,0.00194413,0.00179995,0.00171531,0.00190611,-2.24586e-05,0.00450748,-0.00961093,-0.00536609,-0.0303641,-0.0752216,8.5076,8.50798,0,2.40538
5.34,climb 3.5m,-0.0076578,0.0408714,-0.00100285,-0.000287899,0,0,-0.00164159,-0.00889477,0.00325589,3.41261,3.55261,3.39282,0.396396,3.5,0,0.245781,0.245401,0.245866,0.245581,0.245781,0.245581,0.245401,0.245866,1,0,0.00119604,0,0.000250762,0.000500815,0.000292197,0.00301583,0.000873649,0.00175821,0.00187596,-2.06715e-05,0.00660441,0.00852154,-0.0116247,-0.0942868,0.0062693,8.49134,8.49187,0,2.38958
5.35,climb 3.5m,-0.00767544,0.0409582,-0.0012271,-0.000298457,0,0,-0.00166895,-0.00848135,0.00226309,3.41631,3.55631,3.37872,0.371244,3.5,0,0.251358,0.250111,0.251099,0.249955,0.251358,0.249955,0.250111,0.251099,1,0,0.000690534,0,0.00027136,-0.000785044,0.00105124,0.00367931,0.000903213,0.00178297,0.00188377,-1.97719e-05,0.000456831,0.00711361,-0.00166843,0.0196332,0.0294277,8.65592,8.65599,0,2.39339
5.36,climb 3.5m,-0.00769305,0.0410406,-0.00134732,-0.000434997,0,0,-0.00165562,-0.00798358,0.00234682,3.41991,3.55991,3.38238,0.360144,3.5,0,0.250168,0.251759,0.250645,0.251307,0.250168,0.251307,0.251759,0.250645,1,0,0.00119604,0,-0.00246314,4.95896e-05,-0.000990245,0.00404981,0.00131077,0.00179911,0.00190166,-1.86123e-05,0.00703609,0.00575858,-0.00524333,-0.0767347,0.058288,8.79351,8.79404,0,2.40498
5.37,climb 3.5m,-0.00771073,0.0411182,-0.00154888,-0.000637596,0,0,-0.00170172,-0.00758964,0.00283479,3.42339,3.56339,3.36541,0.335465,3.5,0,0.255877,0.257123,0.255906,0.256862,0.255877,0.256862,0.257123,0.255906,1,0,0.00154408,0,-0.000768126,-0.000440176,-0.000967537,0.00463064,0.00191471,0.001825,0.0019281,-1.63372e-05,-0.0088465,0.0032081,-0.00123539,0.0394005,-0.0226608,8.90786,8.90797,0,2.41944
5.38,climb 3.5m,-0.00772939,0.0411922,-0.00157934,-0.000693287,0,0,-0.00178286,-0.00724787,0.0027134,3.42677,3.56677,3.36872,0.326466,3.5,0,0.256871,0.256755,0.256872,0.256133,0.256871,0.256133,0.256755,0.256872,1,0,0.00169146,0,-0.00165114,-0.00117744,0.000375805,0.00472766,0.00207604,0.00182891,0.00193504,-1.66964e-05,-0.0050891,-0.00059866,-0.00819333,0.090712,-0.123458,9.00666,9.00796,0,2.42672
5.39,climb 3.5m,-0.00774852,0.0412625,-0.00162919,-0.000817751,0,0,-0.00180162,-0.00683274,0.00324661,3.43008,3.57008,3.38492,0.327919,3.5,0,0.254418,0.252764,0.254535,0.252194,0.254418,0.252194,0.252764,0.254535,1,0,0.00169146,0,-0.00182131,-0.000856955,0.00175564,0.00489742,0.00245979,0.00183926,0.00194949,-1.56111e-05,0.00840736,0.00631493,-0.00400283,0.0794577,-0.0192855,9.03125,9.03162,0,2.43755
5.4,climb 3.5m,-0.00776772,0.0413287,-0.00153157,-0.000821603,0,0,-0.00179817,-0.00640723,0.00246578,3.4333,3.5733,3.38816,0.320522,3.5,0,0.254738,0.252548,0.254551,0.252366,0.254738,0.252366,0.252548,0.254551,1,0,0.00169146,0,1.34185e-05,-0.00069828,0.00192276,0.00461101,0.0024769,0.00182997,0.00195063,-1.56658e-05,0.0127062,0.0100123,0.00120198,0.13855,-0.0189366,9.11621,9.11728,0,2.44243
5.41,climb 3.5m,-0.00778615,0.0413906,-0.00148992,-0.000630925,0,0,-0.00172154,-0.00599532,0.00198425,3.43645,3.57645,3.39952,0.319439,3.5,0,0.250094,0.252708,0.25041,0.252825,0.250094,0.252825,0.252708,0.25041,1,0,0.00119604,0,-0.000525914,0.00082003,-0.00221058,0.00447739,0.00189605,0.00182718,0.00193084,-1.62031e-05,0.00690492,0.00412063,-0.00325526,-0.0266218,0.0352221,9.12529,9.1254,0,2.4356
5.42,climb 3.5m,-0.00780402,0.0414488,-0.00139199,-0.000506917,0,0,-0.00164998,-0.00566578,0.00243292,3.43953,3.57953,3.40268,0.312848,3.5,0,0.250875,0.252284,0.250435,0.25246,0.250875,0.25246,0.252284,0.250435,1,0,0.00119604,0,0.00163685,-0.00050085,-0.00150925,0.00419032,0.00153174,0.0018171,0.00191827,-1.67792e-05,0.0113848,0.00924851,-0.00205591,-0.0295598,-0.0188904,9.10416,9.10423,0,2.43278
5.43,climb 3.5m,-0.00782125,0.0415039,-0.00140628,-0.000430234,0,0,-0.00152122,-0.00540863,0.00327164,3.44255,3.58255,3.40929,0.308895,3.5,0,0.250468,0.250857,0.250672,0.25053,0.250468,0.25053,0.250857,0.250672,1,0,0.000690534,0,-0.00140963,-0.000232972,-0.000108272,0.00422744,0.00130002,0.00182119,0.00190722,-1.70114e-05,0.0075546,0.00812823,-0.00858149,0.0179712,-0.033878,9.21558,9.21566,0,2.43159
5.44,climb 3.5m,-0.00783722,0.0415568,-0.00174151,-0.000384199,0,0,-0.00135204,-0.00524449,0.00400147,3.4455,3.5855,3.41235,0.302481,3.5,0,0.250813,0.250556,0.251187,0.249996,0.250813,0.249996,0.250556,0.251187,1,0,0.00154408,0,-0.00247743,-0.000349773,0.000636421,0.0052188,0.00115302,0.00186236,0.00190002,-1.71418e-05,-0.00196221,0.00218978,-0.0067924,0.00117933,-0.00499157,9.19566,9.19566,0,2.42951
5.45,climb 3.5m,-0.00785168,0.0416085,-0.00183027,-0.000577663,0,0,-0.00122403,-0.00512788,0.00363624,3.44838,3.58838,3.39809,0.283889,3.5,0,0.254674,0.255415,0.254782,0.255256,0.254674,0.255256,0.255415,0.254782,1,0,0.00182698,0,-0.000707659,-9.5576e-05,-0.000533511,0.00550824,0.00171842,0.00187438,0.00192199,-1.58491e-05,0.0134872,-0.00778252,-0.00616458,-0.0349023,-0.0337733,9.27905,9.27917,0,2.44288
5.46,climb 3.5m,-0.0078651,0.0416588,-0.00185843,-0.000452263,0,0,-0.00112479,-0.0050069,0.00339052,3.45119,3.59119,3.4009,0.278049,3.5,0,0.255463,0.254187,0.25561,0.254891,0.255463,0.254891,0.254187,0.25561,1,0,0.00182698,0,0.00147887,0.00161271,0.00087653,0.00556801,0.00137309,0.00187987,0.00190878,-1.65342e-05,-0.00295843,0.0127634,0.0078894,-0.0567115,-0.0116828,9.24595,9.24613,0,2.43851
5.47,climb 3.5m,-0.00787701,0.0417081,-0.0017177,-0.000362583,0,0,-0.000973541,-0.00489856,0.00258789,3.45395,3.59395,3.42076,0.284905,3.5,0,0.250916,0.249863,0.250989,0.250892,0.250916,0.250892,0.249863,0.250989,1,0,0.00119604,0,0.00253366,0.00208945,0.000505203,0.00515582,0.00108256,0.00186448,0.00189872,-1.75047e-05,0.00368614,-0.00155397,-0.00272937,-0.0165961,-0.00542349,9.27709,9.2771,0,2.43738
5.48,climb 3.5m,-0.00788682,0.0417566,-0.00123173,-0.000345985,0,0,-0.000806637,-0.00479577,0.00183426,3.45666,3.59666,3.42358,0.27919,3.5,0,0.25087,0.250235,0.251233,0.250265,0.25087,0.250265,0.250235,0.251233,1,0,0.000690534,0,-0.000882736,0.000743824,0.000703885,0.0037084,0.00102063,0.0018136,0.00189968,-1.93774e-05,0.0106201,-0.00965126,-0.000210959,0.00982365,-0.0481696,9.26546,9.26559,0,2.44312
5.49,climb 3.5m,-0.00789497,0.0418036,-0.00150282,5.61418e-05,0,0,-0.000684868,-0.00465053,0.00180401,3.4593,3.5993,3.44149,0.28442,3.5,0,0.246538,0.247199,0.246536,0.246867,0.246538,0.246867,0.247199,0.246536,1,0,0.00119604,0,-0.000871801,-0.000632939,-0.000436124,0.00450111,-0.000176771,0.00184814,0.00185423,-1.99381e-05,-0.00305625,-0.00370107,-0.00559715,-0.0267643,-0.0163684,9.22722,9.22727,0,2.42085
5.5,climb 3.5m,-0.00790244,0.0418492,-0.00135357,0.000185371,0,0,-0.000616781,-0.00447495,0.0029224,3.46187,3.60187,3.4443,0.278222,3.5,0,0.247053,0.246515,0.247051,0.246616,0.247053,0.246616,0.246515,0.247051,1,0,0.000976562,0,0.000275395,0.000187772,0.000428015,0.00406281,-0.000564694,0.00183437,0.00183828,-2.11171e-05,0.00322496,-0.00387019,-0.00880238,-0.0594039,-0.0623088,9.18111,9.18151,0,2.41738
5.51,climb 3.5m,-0.00790936,0.0418928,-0.00114252,0.00019272,0,0,-0.00053164,-0.0042893,0.00334253,3.46438,3.60438,3.44553,0.270211,3.5,0,0.246401,0.248157,0.246078,0.248573,0.246401,0.248573,0.248157,0.246078,1,0,0,0,0.00195913,0.000176117,-0.0018683,0.00343067,-0.000568605,0.00181302,0.00183371,-2.25439e-05,0.00389503,0.00821088,-0.00597208,-0.000572771,0.104995,9.1912,9.1918,0,2.42125
5.52,climb 3.5m,-0.00791573,0.0419347,-0.000761674,-8.48194e-06,0,0,-0.000429238,-0.00413425,0.00376314,3.46682,3.60682,3.4482,0.263214,3.5,0,0.246836,0.248076,0.246803,0.247999,0.246836,0.247999,0.248076,0.246803,1,0,0,0,-0.000116116,-0.000209572,-0.00107038,0.00229882,2.12547e-05,0.00177524,0.00185284,-2.39295e-05,0.010976,-0.0009449,0.00477193,0.0263595,-0.00178386,9.13364,9.13368,0,2.43839
5.53,climb 3.5m,-0.00792152,0.0419748,-0.000675495,-0.000208811,0,0,-0.000441109,-0.00390549,0.00377988,3.46918,3.60918,3.43603,0.245305,3.5,0,0.251394,0.251399,0.251375,0.251248,0.251394,0.251248,0.251399,0.251375,1,0,0,0,-0.000354036,-0.0003227,5.36308e-05,0.00204005,0.000622633,0.00177045,0.00187457,-2.46343e-05,0.0108155,-0.000662936,0.00450808,-0.0447088,-0.0627196,9.07605,9.07638,0,2.45282
5.54,climb 3.5m,-0.00792815,0.042012,-0.000791832,-0.000274236,0,0,-0.00060852,-0.00357834,0.00296775,3.47148,3.61148,3.43845,0.238592,3.5,0,0.251458,0.251421,0.251514,0.251651,0.251458,0.251651,0.251421,0.251514,1,0,0.000690534,0,0.000460918,0.000543281,-4.37484e-05,0.00237836,0.000822388,0.00178756,0.00187951,-2.44714e-05,0.00369812,0.00166793,-0.00220882,0.0110608,-0.1361,9.09357,9.0946,0,2.45765
5.55,climb 3.5m,-0.00793636,0.0420464,-0.000499797,-0.000479306,0,0,-0.000800887,-0.00338161,0.00286078,3.4737,3.6137,3.4346,0.227687,3.5,0,0.254029,0.252639,0.253752,0.252541,0.254029,0.252541,0.252639,0.253752,1,0,0,0,0.000477108,-0.000711391,0.00114274,0.00149748,0.00142394,0.00175784,0.00189774,-2.54944e-05,0.000482438,-0.00742009,0.00273548,-0.0782224,0.00127231,9.22062,9.22095,0,2.47391
5.56,climb 3.5m,-0.00794671,0.0420797,-0.000832011,-0.000513848,0,0,-0.00109438,-0.00332625,0.00243707,3.47585,3.61585,3.43684,0.221468,3.5,0,0.253576,0.252839,0.253899,0.253218,0.253576,0.253218,0.252839,0.253899,1,0,0.000690534,0,0.000147737,0.00132896,0.000623184,0.00250286,0.00153516,0.00179788,0.00189727,-2.52201e-05,0.00635133,-0.00235994,-0.000878497,-0.0551407,-0.0922738,9.14823,9.14887,0,2.47487
5.57,climb 3.5m,-0.00796026,0.042113,-0.000902532,-0.000715652,0,0,-0.00140798,-0.0034071,0.00218492,3.47794,3.61794,3.44802,0.222117,3.5,0,0.251364,0.251241,0.251337,0.250931,0.251364,0.250931,0.251241,0.251337,1,0,0.00119604,0,-0.000753578,-0.000639186,0.000232387,0.00270781,0.00214393,0.00180558,0.00191636,-2.4873e-05,0.00194512,-9.26965e-05,-0.00782875,0.107991,0.126697,9.25036,9.25185,0,2.4877
5.58,climb 3.5m,-0.00797612,0.0421474,-0.000683885,-0.000782346,0,0,-0.00154877,-0.00350934,0.00277728,3.47997,3.61997,3.45021,0.216132,3.5,0,0.251235,0.25186,0.250767,0.251532,0.251235,0.251532,0.25186,0.250767,1,0,0.000976562,0,0.000374138,-0.00151004,-0.000610627,0.0020438,0.00234521,0.00178229,0.00192071,-2.45778e-05,-0.00346324,0.00071041,-0.013912,0.0461325,-0.0243446,9.24131,9.24146,0,2.49548
5.59,climb 3.5m,-0.00799323,0.0421827,-0.000657681,-0.000655584,0,0,-0.00166857,-0.00360914,0.00266666,3.48194,3.62194,3.43882,0.200506,3.5,0,0.254539,0.255349,0.254707,0.255103,0.254539,0.255103,0.255349,0.254707,1,0,0.000976562,0,-0.00109931,-0.00014724,-0.000530045,0.00197906,0.00196541,0.0017811,0.00190427,-2.45246e-05,0.00578818,0.00100938,-0.00445999,0.0574195,-0.00762689,9.22726,9.22744,0,2.4907
5.6,climb 3.5m,-0.0080123,0.0422193,-0.000748614,-0.000581545,0,0,-0.00186635,-0.00381488,0.00322453,3.48384,3.62384,3.44079,0.19509,3.5,0,0.256498,0.253644,0.256736,0.253325,0.256498,0.253325,0.253644,0.256736,1,0,0,0,-0.00147639,-0.000154965,0.00275392,0.00224507,0.00173473,0.00179264,0.00189424,-2.47473e-05,0.00128085,-0.00470912,0.000375694,0.0209173,0.0454607,9.28119,9.28132,0,2.48796
5.61,climb 3.5m,-0.00803316,0.0422584,-0.000743024,-0.000820322,0,0,-0.00209988,-0.00404525,0.00261287,3.4857,3.6257,3.42994,0.180854,3.5,0,0.25663,0.260105,0.256844,0.260049,0.25663,0.260049,0.260105,0.256844,1,0,0,0,-0.000715714,0.000300782,-0.00293559,0.00223832,0.00244372,0.00179484,0.00191847,-2.48315e-05,0.00795444,-0.00957803,-0.00415651,-0.00687627,-0.065726,9.37066,9.37089,0,2.50393
5.62,climb 3.5m,-0.00805697,0.0422999,-0.0011229,-0.000605233,0,0,-0.00238351,-0.00433902,0.00318504,3.4875,3.6275,3.43173,0.176574,3.5,0,0.258688,0.258492,0.257915,0.258795,0.258688,0.258795,0.258492,0.257915,1,0,0.000690534,0,0.00285487,-0.000890538,-0.000300597,0.00337459,0.00181489,0.00183703,0.00189535,-2.50922e-05,0.00576259,0.00136198,-0.00248084,0.0444538,-0.0676221,9.50107,9.50142,0,2.49104
5.63,climb 3.5m,-0.00808289,0.042344,-0.00120849,-0.000722715,0,0,-0.00249782,-0.00452805,0.00307139,3.48927,3.62927,3.42569,0.167339,3.5,0,0.259027,0.261921,0.259233,0.261652,0.259027,0.261652,0.261921,0.259233,1,0,0.000976562,0,-0.00125835,-0.000119749,-0.00233476,0.00363358,0.00216189,0.00184698,0.00190608,-2.49506e-05,0.00726404,-0.00227887,0.0111423,-0.0148772,-0.0512825,9.43267,9.43282,0,2.49971
5.64,climb 3.5m,-0.00810926,0.0423898,-0.00146103,-0.000923266,0,0,-0.00247273,-0.00468731,0.00338429,3.491,3.631,3.42735,0.164334,3.5,0,0.261263,0.259606,0.260301,0.260559,0.261263,0.260559,0.259606,0.260301,1,0,0.00182698,0,0.00508243,-1.66138e-05,0.000615131,0.0043885,0.00276685,0.00187356,0.00192744,-2.49747e-05,0.00549547,-4.37965e-05,0.00507166,-0.0804083,-0.0763329,9.56214,9.56278,0,2.51186
5.65,climb 3.5m,-0.00813493,0.0424372,-0.00105051,-0.000558212,0,0,-0.00235928,-0.00488439,0.00405286,3.49269,3.63269,3.43036,0.162825,3.5,0,0.260289,0.259802,0.260177,0.259754,0.260289,0.259754,0.259802,0.260177,1,0,0.000976562,0,0.00016898,-0.000302416,0.0003997,0.00314347,0.00168461,0.00183374,0.00188718,-2.53451e-05,-0.00353277,0.00853217,0.00361532,0.041575,0.0195389,9.54188,9.54199,0,2.49748
5.66,climb 3.5m,-0.00815991,0.0424866,-0.00111884,-0.000419592,0,0,-0.00232757,-0.00504617,0.0031661,3.49437,3.63437,3.43197,0.160882,3.5,0,0.260003,0.259815,0.260338,0.259383,0.260003,0.259383,0.259815,0.260338,1,0,0.000976562,0,-0.00203722,-0.000183838,0.00050212,0.00333819,0.00126826,0.00184131,0.00187249,-2.51976e-05,-0.0103792,0.00818637,0.00716364,0.0846731,-0.0257382,9.63033,9.63074,0,2.49206
5.67,climb 3.5m,-0.00818448,0.042537,-0.00110911,-0.00053187,0,0,-0.00235167,-0.00505597,0.00246936,3.49602,3.63602,3.43589,0.160911,3.5,0,0.257868,0.26007,0.257856,0.260801,0.257868,0.260801,0.26007,0.257856,1,0,0,0,0.00196984,0.00136306,-0.00226199,0.00331897,0.00158465,0.0018407,0.00188675,-2.50404e-05,-0.00372298,-0.00542793,0.00613928,-0.0314577,-0.118567,9.70755,9.70833,0,2.50159
5.68,climb 3.5m,-0.00820861,0.0425872,-0.00096798,-0.000903588,0,0,-0.00226431,-0.00502846,0.00212344,3.49765,3.63765,3.43749,0.159512,3.5,0,0.258933,0.258663,0.25925,0.259042,0.258933,0.259042,0.258663,0.25925,1,0,0.000690534,0,0.000165213,0.00132079,0.000209929,0.0029019,0.00271789,0.00182709,0.00192554,-2.47766e-05,0.000466245,0.00667621,0.00118165,0.0302331,-0.030073,9.65216,9.65226,0,2.52692
5.69,climb 3.5m,-0.00823135,0.0426377,-0.00134244,-0.000578243,0,0,-0.00212233,-0.00513557,0.00200462,3.49927,3.63927,3.41634,0.141899,3.5,0,0.264148,0.264883,0.264006,0.265284,0.264148,0.265284,0.264883,0.264006,1,0,0.000690534,0,0.00143786,0.000490975,-0.000884791,0.00403113,0.00174781,0.00187058,0.00189104,-2.63073e-05,0.00440633,0.0106167,-0.00393914,0.00903362,0.0149223,9.76812,9.76813,0,2.50838
5.7,climb 3.5m,-0.00825313,0.0426894,-0.00114737,-0.000824733,0,0,-0.00203466,-0.00525368,0.00236213,3.50088,3.64088,3.41776,0.141111,3.5,0,0.263815,0.264629,0.264186,0.264939,0.263815,0.264939,0.264629,0.264186,1,0,0.00138107,0,-0.000160025,0.00129022,-0.000688353,0.00345418,0.00248383,0.00185101,0.00191612,-2.55089e-05,0.00991201,0.0083293,0.00423758,-0.083772,-0.0482934,9.74408,9.74456,0,2.52711
5.71,climb 3.5m,-0.00827444,0.0427426,-0.000815129,-0.00111211,0,0,-0.00201851,-0.00544851,0.00186683,3.50248,3.64248,3.42112,0.142583,3.5,0,0.262247,0.264893,0.262807,0.26458,0.262247,0.26458,0.264893,0.262807,1,0,0.000976562,0,-0.0023143,0.000466289,-0.00194196,0.00243708,0.00333308,0.00181972,0.00194776,-2.54659e-05,-0.00371357,-0.000214821,0.00354507,0.0641659,0.0393326,9.79144,9.79173,0,2.54948
5.72,climb 3.5m,-0.00829562,0.0427979,-0.000780629,-0.00134336,0,0,-0.00203848,-0.00568219,0.00150242,3.50408,3.64408,3.42254,0.142944,3.5,0,0.262836,0.263776,0.262787,0.26395,0.262836,0.26395,0.263776,0.262787,1,0,0.000690534,0,0.000593796,0.000238195,-0.00092402,0.00235328,0.00402714,0.00181673,0.00197126,-2.53536e-05,0.0094187,4.33958e-06,0.00534589,-0.0269901,0.0262043,9.87926,9.87933,0,2.56621
5.73,climb 3.5m,-0.00831641,0.0428561,-0.000826088,-0.000936037,0,0,-0.0020044,-0.00600928,0.00186904,3.50568,3.64568,3.42133,0.141907,3.5,0,0.262876,0.264559,0.263102,0.264127,0.262876,0.264127,0.264559,0.263102,1,0,0,0,-0.00174348,-0.000391571,-0.00119009,0.00248153,0.00281519,0.00182473,0.00192843,-2.53115e-05,0.00400178,0.00664432,0.00319172,0.0665584,0.0989639,9.90887,9.90959,0,2.54624
5.74,climb 3.5m,-0.00833773,0.0429174,-0.000762443,-0.000884367,0,0,-0.00207741,-0.0062921,0.00142873,3.50729,3.64729,3.42275,0.142841,3.5,0,0.262631,0.264329,0.262531,0.263763,0.262631,0.263763,0.264329,0.262531,1,0,0.000690534,0,-0.00123527,-0.00126121,-0.00128763,0.00228126,0.00266086,0.00181662,0.00192336,-2.52279e-05,-0.00222579,0.00709036,0.00618065,-0.0910281,-0.110815,9.88665,9.88769,0,2.54756
5.75,climb 3.5m,-0.00835962,0.0429814,-0.000664972,-0.000446223,0,0,-0.00213005,-0.00654479,0.00199203,3.50891,3.64891,3.41453,0.137179,3.5,0,0.264729,0.26579,0.265292,0.265757,0.264729,0.265757,0.26579,0.265292,1,0,0,0,-0.00158283,0.00100419,-0.00067061,0.00199151,0.00133707,0.00180736,0.00187605,-2.54789e-05,-0.000461013,0.000810768,-0.000430318,0.105076,0.116133,10.0239,10.0251,0,2.5275
5.76,climb 3.5m,-0.00838213,0.0430478,-0.00118279,-0.000421472,0,0,-0.00216137,-0.00672788,0.00200305,3.51054,3.65054,3.41591,0.138708,3.5,0,0.265646,0.264256,0.265614,0.264455,0.265646,0.264455,0.264256,0.265614,1,0,0.000976562,0,0.000614032,0.000315554,0.00112006,0.00355801,0.00126563,0.00186137,0.00187404,-2.48529e-05,0.00828918,0.00267526,0.00369729,-0.0172698,-0.0250366,9.94305,9.9431,0,2.52543
5.77,climb 3.5m,-0.00840446,0.043115,-0.000753186,-0.000614823,0,0,-0.00213473,-0.00673107,0.00200205,3.51219,3.65219,3.40052,0.128531,3.5,0,0.268869,0.268966,0.26856,0.268936,0.268869,0.268936,0.268966,0.26856,1,0,0,0,0.000739886,-0.00064503,-0.000207882,0.00226177,0.00183855,0.00181755,0.00189945,-2.6297e-05,0.00328778,-0.00203614,-0.0106186,0.00514772,0.0217131,9.97215,9.97217,0,2.54421
5.78,climb 3.5m,-0.0084264,0.0431817,-0.00109193,-0.000708385,0,0,-0.00206272,-0.00665721,0.00157278,3.51386,3.65386,3.40182,0.131071,3.5,0,0.268453,0.268313,0.267923,0.26877,0.268453,0.26877,0.268313,0.267923,1,0,0.000690534,0,0.00261915,-0.000140038,-0.000310601,0.00328121,0.0021412,0.0018528,0.00190885,-2.61921e-05,0.00547412,0.0126076,-0.00425363,-0.0818848,0.0485752,9.99271,9.99317,0,2.55046
5.79,climb 3.5m,-0.00844752,0.0432481,-0.00160112,-0.000301562,0,0,-0.0020219,-0.00664934,0.00201912,3.51555,3.65555,3.42885,0.152565,3.5,0,0.261562,0.261255,0.261306,0.261091,0.261562,0.261091,0.261255,0.261306,1,0,0.000690534,0,0.000243811,-0.000795992,0.00022945,0.00480055,0.000908095,0.00191089,0.00186589,-2.68745e-05,4.77245e-05,0.00412986,0.00564027,-0.00106161,0.0258076,10.0398,10.0398,0,2.52706
5.8,climb 3.5m,-0.0084691,0.0433142,-0.00170657,-0.00102329,0,0,-0.00213018,-0.0065899,0.00184795,3.51727,3.65727,3.43039,0.155115,3.5,0,0.260957,0.260721,0.260906,0.260516,0.260957,0.260516,0.260721,0.260906,1,0,0.00195312,0,-0.000407384,-0.000484049,0.000275221,0.00512989,0.00308919,0.00192538,0.00194619,-2.21391e-05,0.00871469,0.0148082,0.00633072,0.0347176,-0.0705617,10.0383,10.0386,0,2.57108
5.81,climb 3.5m,-0.00849191,0.0433794,-0.00211862,-0.000961251,0,0,-0.00223348,-0.00649285,0.00287958,3.51901,3.65901,3.46197,0.178947,3.5,0,0.252446,0.253005,0.251823,0.253235,0.252446,0.253235,0.253005,0.251823,1,0,0.00195312,0,0.00226341,-0.000744772,-0.000866254,0.00635518,0.00287844,0.00196646,0.00193736,-2.40945e-05,0.00150245,-0.00160101,-0.00233848,-0.0391774,-0.040672,10.0133,10.0134,0,2.56829
5.82,climb 3.5m,-0.00851535,0.0434435,-0.00192607,-0.00117468,0,0,-0.00219661,-0.00637918,0.00290153,3.52075,3.66075,3.46376,0.179554,3.5,0,0.252324,0.251764,0.252672,0.25208,0.252324,0.25208,0.251764,0.252672,1,0,0.0020716,0,-8.2907e-05,0.00125907,0.000506196,0.0057803,0.00353975,0.00194605,0.00196114,-2.10212e-05,0.00333332,0.0124301,0.000880945,0.0471927,-0.0966411,9.82702,9.82761,0,2.58569
5.83,climb 3.5m,-0.00853825,0.0435067,-0.00224449,-0.00120242,0,0,-0.00213929,-0.00632428,0.00209179,3.5225,3.6625,3.47851,0.188476,3.5,0,0.247778,0.249487,0.247407,0.249696,0.247778,0.249696,0.249487,0.247407,1,0,0.0020716,0,0.00153815,-0.000305379,-0.00175723,0.00672843,0.00359949,0.00197805,0.00196323,-2.21782e-05,-0.00139137,-0.00319942,-0.00505275,-0.0975359,-0.0517802,9.72835,9.72898,0,2.58866
5.84,climb 3.5m,-0.00856027,0.0435698,-0.00194784,-0.00157529,0,0,-0.00199444,-0.00635501,0.00227416,3.52423,3.66423,3.48039,0.18666,3.5,0,0.250487,0.246124,0.250354,0.246553,0.250487,0.246553,0.246124,0.250354,1,0,0.00218366,0,0.00149009,0.00055903,0.00358834,0.00583958,0.00471849,0.00194915,0.00200512,-1.76697e-05,-0.000677952,-0.00291807,-0.00151831,0.0848998,-0.0515964,9.56546,9.56597,0,2.6158
5.85,climb 3.5m,-0.00857998,0.0436333,-0.00159269,-0.00140049,0,0,-0.00173538,-0.00640688,0.00208295,3.52593,3.66593,3.47048,0.175588,3.5,0,0.252554,0.249924,0.252742,0.249758,0.252554,0.249758,0.249924,0.252742,1,0,0.00182698,0,-0.0009355,4.26274e-05,0.0024673,0.00478187,0.00419862,0.00191301,0.00198608,-1.69046e-05,0.00445564,7.12949e-05,0.00569987,0.128945,-0.0251681,9.50427,9.50518,0,2.61242
5.86,climb 3.5m,-0.00859679,0.043698,-0.00175143,-0.00134216,0,0,-0.00149701,-0.00657841,0.00162443,3.5276,3.6676,3.47222,0.172517,3.5,0,0.251025,0.251574,0.250876,0.251267,0.251025,0.251267,0.251574,0.250876,1,0,0.0020716,0,-0.000419051,-0.000863477,-0.000413248,0.00524962,0.00403421,0.00192991,0.00197902,-1.86856e-05,-0.00119794,0.00714185,-0.010645,0.0892405,-0.0100602,9.46714,9.46756,0,2.61166
5.87,climb 3.5m,-0.00861177,0.0437646,-0.00180464,-0.00099382,0,0,-0.00131102,-0.00679107,0.00223815,3.52924,3.66924,3.49193,0.181529,3.5,0,0.245865,0.247485,0.245607,0.247542,0.245865,0.247542,0.247485,0.245607,1,0,0.00182698,0,0.000836208,-0.000383157,-0.00156242,0.00543478,0.00297936,0.00193884,0.00194225,-2.08914e-05,0.0158695,0.000516054,0.0150212,0.0177008,0.0449314,9.3462,9.34632,0,2.59538
5.88,climb 3.5m,-0.00862494,0.0438334,-0.00200282,-0.00135677,0,0,-0.0011272,-0.00699125,0.00147445,3.53083,3.67083,3.49373,0.176842,3.5,0,0.246107,0.246728,0.246858,0.24709,0.246107,0.24709,0.246728,0.246858,1,0,0.00218366,0,-0.00103385,0.00210686,-0.000375246,0.00601167,0.00408491,0.00196382,0.0019804,-1.99947e-05,0.00410332,0.0117004,0.00249512,-0.131443,-0.00556659,9.22859,9.22953,0,2.61847
5.89,climb 3.5m,-0.00863579,0.0439043,-0.00189268,-0.00160895,0,0,-0.000870937,-0.00721454,0.001358,3.53236,3.67236,3.50664,0.179682,3.5,0,0.242227,0.245631,0.242332,0.245737,0.242227,0.245737,0.245631,0.242332,1,0,0.00239208,0,1.30499e-06,0.000398238,-0.00299293,0.00569254,0.00482657,0.00195408,0.00200788,-1.73684e-05,0.0116447,0.00180086,0.0076578,-0.0559303,-0.00263666,9.16051,9.16068,0,2.63773
5.9,climb 3.5m,-0.0086445,0.0439774,-0.00183588,-0.00175481,0,0,-0.000670462,-0.0074764,0.00243468,3.53383,3.67383,3.50841,0.173345,3.5,0,0.246112,0.242424,0.246273,0.242033,0.246112,0.242033,0.242424,0.246273,1,0,0.00229024,0,-0.00146238,-0.000436502,0.00348429,0.00550699,0.00526599,0.00195151,0.00202363,-1.62061e-05,0.00152135,0.00306048,-0.00618592,-0.0596572,0.0295406,9.11946,9.1197,0,2.65066
5.91,climb 3.5m,-0.00865087,0.0440532,-0.00156754,-0.00166592,0,0,-0.000427805,-0.00771868,0.00133684,3.53523,3.67523,3.50412,0.161997,3.5,0,0.247887,0.244072,0.247566,0.244659,0.247887,0.244659,0.244072,0.247566,1,0,0.0020716,0,0.00241132,0.00050389,0.00295425,0.00470081,0.00501172,0.00192442,0.00201757,-1.47022e-05,0.000738851,0.0113076,0.00573783,0.0664647,0.0215582,9.14424,9.14451,0,2.65208
5.92,climb 3.5m,-0.0086538,0.0441317,-0.00172591,-0.00180307,0,0,-7.62814e-05,-0.00801002,-0.000107707,3.53656,3.67656,3.5057,0.154621,3.5,0,0.245646,0.247087,0.245806,0.247091,0.245646,0.247091,0.247087,0.245806,1,0,0.00218366,0,-0.00041444,0.000311664,-0.00119848,0.00517478,0.00541549,0.00194154,0.00203395,-1.49682e-05,-3.86738e-05,0.00622518,-0.00348852,0.0388544,0.00311932,9.04569,9.04578,0,2.66307
5.93,climb 3.5m,-0.00865289,0.0442135,-0.00165851,-0.00180737,0,0,0.000291147,-0.00834228,-0.000148592,3.53781,3.67781,3.50245,0.143547,3.5,0,0.248295,0.247792,0.248371,0.247637,0.248295,0.247637,0.247792,0.248371,1,0,0.00229024,0,-0.000612074,-0.000150641,0.000543774,0.00498469,0.00543305,0.0019371,0.00203801,-1.44411e-05,0.00806448,0.00931195,0.00984249,0.0140596,0.0102633,8.99707,8.99709,0,2.66847
5.94,climb 3.5m,-0.00864839,0.0442983,-0.00174422,-0.00181244,0,0,0.000592656,-0.00864607,0.000744891,3.53898,3.67898,3.50384,0.135939,3.5,0,0.247917,0.248819,0.24785,0.249223,0.247917,0.249223,0.248819,0.24785,1,0,0.00239208,0,0.00124619,0.000637821,-0.000999829,0.00522959,0.00543347,0.00194955,0.00204122,-1.50832e-05,-0.000101533,-0.000518648,-0.00365333,0.0429391,-0.0203636,9.0555,9.05563,0,2.67286
5.95,climb 3.5m,-0.00864239,0.0443861,-0.00181343,-0.00185277,0,0,0.000775987,-0.00895007,0.00254454,3.54007,3.68007,3.48969,0.117328,3.5,0,0.253353,0.252137,0.253556,0.25225,0.253353,0.25225,0.252137,0.253556,1,0,0.00229024,0,-0.000240852,0.000597989,0.00110814,0.00542671,0.00557324,0.0019596,0.00204795,-1.51599e-05,-0.00706931,0.0119861,0.0082716,0.0502022,-0.0732213,9.09267,9.0931,0,2.67955
5.96,climb 3.5m,-0.00863501,0.0444766,-0.00175906,-0.00186062,0,0,0.000928244,-0.00917497,0.00260246,3.54109,3.68109,3.49083,0.110424,3.5,0,0.254071,0.252347,0.254343,0.25221,0.254071,0.25221,0.252347,0.254343,1,0,0.00229024,0,-0.00108328,0.000254248,0.00169536,0.0052881,0.00559687,0.00195834,0.00205295,-1.47943e-05,0.00923605,0.0120697,-0.00673432,-0.0858453,-0.119841,9.13732,9.13851,0,2.68548
5.97,climb 3.5m,-0.0086267,0.0445689,-0.00154861,-0.00190917,0,0,0.000933266,-0.00938025,0.00240622,3.54204,3.68204,3.47975,0.0952665,3.5,0,0.257257,0.255784,0.257989,0.25588,0.257257,0.25588,0.255784,0.257989,1,0,0.0020716,0,-0.00168824,0.00156972,0.00157416,0.00464818,0.0057439,0.00194177,0.00206118,-1.31373e-05,0.00350332,0.0129925,-0.00643318,0.0801734,-0.0259145,9.29781,9.29819,0,2.69503
5.98,climb 3.5m,-0.0086186,0.044664,-0.00117425,-0.00205287,0,0,0.000925555,-0.00968144,0.00244485,3.54293,3.68293,3.48068,0.0895572,3.5,0,0.257181,0.256724,0.258275,0.256145,0.257181,0.256145,0.256724,0.258275,1,0,0.00239208,0,-0.00443689,0.00097739,0.00113718,0.00352013,0.00616408,0.0019066,0.00208184,-1.09952e-05,0.000169093,0.00572715,0.00602188,0.0858645,-0.00645514,9.33153,9.33193,0,2.71153
5.99,climb 3.5m,-0.0086104,0.0447617,-0.00116611,-0.00194314,0,0,0.000861271,-0.00989797,0.00147492,3.54376,3.68376,3.48343,0.0860271,3.5,0,0.256624,0.257315,0.256761,0.256866,0.256624,0.256866,0.257315,0.256761,1,0,0.00218366,0,-0.00155254,-0.000592873,-0.000350031,0.00349123,0.00583086,0.00190956,0.00207215,-1.12227e-05,-0.0027973,0.00303367,0.00772866,-0.0171155,0.0599588,9.41326,9.41346,0,2.71083
6,climb 3.5m,-0.00860294,0.0448614,-0.00100174,-0.00185122,0,0,0.000762044,-0.0100467,0.00153427,3.54454,3.68454,3.48426,0.0817104,3.5,0,0.256914,0.257491,0.256564,0.257557,0.256914,0.257557,0.257491,0.256564,1,0,0.00195312,0,0.00110329,-0.000541076,-0.000690141,0.0030174,0.00556508,0.00189755,0.00206744,-1.0616e-05,0.0100267,0.0096776,0.00179826,0.0615508,0.000209652,9.44738,9.44758,0,2.71257
6.01,climb 3.5m,-0.00859663,0.0449623,-0.000908604,-0.0016909,0,0,0.000664771,-0.0101634,0.00236433,3.54527,3.68527,3.49531,0.0846584,3.5,0,0.255611,0.254238,0.255666,0.253568,0.255611,0.253568,0.254238,0.255666,1,0,0.00119604,0,-0.00192268,-0.00116556,0.00152633,0.00273034,0.00507438,0.00189258,0.0020536,-1.04694e-05,0.00489315,0.00318841,-0.011506,0.102522,-0.108608,9.29491,9.29611,0,2.70993
6.02,climb 3.5m,-0.0085916,0.0450639,-0.000771876,-0.00174812,0,0,0.000530336,-0.0102043,0.00226157,3.54596,3.68596,3.49614,0.0805459,3.5,0,0.255345,0.254468,0.255809,0.254341,0.255345,0.254341,0.254468,0.255809,1,0,0.00154408,0,-0.00157036,0.000640177,0.00103077,0.00232423,0.00524602,0.00188062,0.00206436,-1.04993e-05,0.00760766,0.00317899,-0.0037727,-0.0268032,-0.12132,9.34289,9.34371,0,2.72005
6.03,climb 3.5m,-0.00858814,0.045166,-0.00095968,-0.00179724,0,0,0.000382887,-0.0102309,0.00214921,3.54661,3.68661,3.50048,0.0792209,3.5,0,0.253427,0.255077,0.253719,0.254949,0.253427,0.254949,0.255077,0.253719,1,0,0.0020716,0,-0.00111583,0.000310171,-0.00126606,0.0028946,0.00540098,0.00190206,0.00207412,-1.26699e-05,0.0122702,0.00825526,-0.00436332,-0.0578561,-0.0590591,9.41457,9.41494,0,2.72696
6.04,climb 3.5m,-0.0085862,0.0452677,-0.00089156,-0.00155372,0,0,0.000237409,-0.0101581,0.00274467,3.54722,3.68722,3.50125,0.0753905,3.5,0,0.254633,0.254449,0.254968,0.25391,0.254633,0.25391,0.254449,0.254968,1,0,0.00119604,0,-0.0023172,-0.000387676,0.000545795,0.00269557,0.00466717,0.00189827,0.00205467,-1.2295e-05,0.0158365,0.00605259,0.00855998,0.0263768,-0.0672919,9.345,9.34528,0,2.71948
6.05,climb 3.5m,-0.00858581,0.0453686,-0.000707412,-0.00159968,0,0,6.99894e-05,-0.0100402,0.00233567,3.54779,3.68779,3.48028,0.0559349,3.5,0,0.259504,0.261132,0.259822,0.260476,0.259504,0.260476,0.261132,0.259822,1,0,0.00154408,0,-0.00258394,-0.000641231,-0.00100289,0.00214646,0.00480142,0.00188158,0.0020646,-1.16013e-05,0.0180234,0.00366,-0.00620272,-0.0381434,0.0153595,9.47752,9.47761,0,2.72938
6.06,climb 3.5m,-0.00858725,0.0454679,-0.000933773,-0.00163291,0,0,-0.000193743,-0.0098105,0.00189948,3.54832,3.68832,3.48082,0.053062,3.5,0,0.25989,0.260766,0.259936,0.261011,0.25989,0.261011,0.260766,0.259936,1,0,0.00154408,0,0.000529458,0.000552139,-0.000857195,0.00281604,0.00490169,0.00191065,0.00207193,-1.31193e-05,0.0117405,0.00403125,0.00965173,0.0193384,0.0334162,9.55055,9.55063,0,2.73494
6.07,climb 3.5m,-0.00859176,0.0455643,-0.000982847,-0.00141193,0,0,-0.000532711,-0.00947348,0.00209196,3.54882,3.68882,3.4758,0.0466194,3.5,0,0.262624,0.261356,0.262268,0.261525,0.262624,0.261525,0.261356,0.262268,1,0,0.00154408,0,0.00139505,-0.000354511,0.000883749,0.00295621,0.00424784,0.00191829,0.00205481,-1.37007e-05,0.00705112,0.0100704,0.0114833,0.0188941,-0.015102,9.58492,9.58495,0,2.7275
6.08,climb 3.5m,-0.00859921,0.0456573,-0.000841953,-0.00101763,0,0,-0.000777029,-0.00912571,0.00210859,3.5493,3.6893,3.47626,0.0448689,3.5,0,0.261044,0.263163,0.261516,0.262388,0.261044,0.262388,0.263163,0.261516,1,0,0.00119604,0,-0.00330677,-0.000573855,-0.00131473,0.00253946,0.00305584,0.00190588,0.00201793,-1.3325e-05,0.0109776,0.00398623,0.00187546,0.0526449,0.0141438,9.72079,9.72094,0,2.71169
6.09,climb 3.5m,-0.00860911,0.0457467,-0.000997591,-0.000626435,0,0,-0.00101506,-0.00877662,0.00215126,3.54977,3.68977,3.47031,0.0391304,3.5,0,0.265004,0.262756,0.264458,0.262504,0.265004,0.262504,0.262756,0.264458,1,0,0.000690534,0,0.000776837,-0.00151287,0.00184662,0.00299833,0.00189083,0.00192309,0.00198323,-1.38326e-05,0.00563075,0.00966062,0.00580998,0.0855739,0.134794,9.7555,9.75681,0,2.69334
6.1,climb 3.5m,-0.00862145,0.0458324,-0.00073333,-0.00068637,0,0,-0.00125244,-0.00838156,0.00309372,3.55022,3.69022,3.4707,0.0384784,3.5,0,0.263513,0.264202,0.263134,0.263855,0.263513,0.263855,0.264202,0.263134,1,0,0,0,8.68264e-05,-0.00137495,-0.000619432,0.00220983,0.00206237,0.00189825,0.00199139,-1.42406e-05,0.0084659,0.00415589,0.00854745,0.0949669,0.130989,9.84242,9.84375,0,2.70399
6.11,climb 3.5m,-0.00863644,0.0459138,-0.000559312,-0.000614778,0,0,-0.00145954,-0.00790117,0.00245211,3.55067,3.69067,3.47807,0.0434521,3.5,0,0.261786,0.261907,0.261621,0.26202,0.261786,0.26202,0.261907,0.261621,1,0,0,0,0.000738391,-9.5709e-05,-0.000228599,0.00167511,0.00181384,0.00188168,0.00198669,-1.45606e-05,-4.66592e-06,-0.0183401,-0.00618901,-0.000249056,-0.0377233,9.83955,9.83962,0,2.70623
6.12,climb 3.5m,-0.00865302,0.0459899,-0.000420626,-0.000500559,0,0,-0.00165617,-0.00732727,0.0019491,3.55111,3.69111,3.4785,0.0434592,3.5,0,0.262404,0.261043,0.262533,0.261027,0.262404,0.261027,0.261043,0.262533,1,0,0,0,-0.000385741,0.000213372,0.00125992,0.00126091,0.00150711,0.00186892,0.00197586,-1.48167e-05,0.00121778,0.00560347,-0.00737614,0.048172,-0.0222712,9.84323,9.84338,0,2.7055
6.13,climb 3.5m,-0.00867159,0.0460601,-0.000607924,-0.000585253,0,0,-0.00189957,-0.00672634,0.00177116,3.55155,3.69155,3.46569,0.0344056,3.5,0,0.264958,0.26498,0.265292,0.264758,0.264958,0.264758,0.26498,0.265292,1,0,0.000690534,0,-0.00147558,0.000214094,0.00022516,0.00182654,0.00174734,0.00188988,0.00198569,-1.46529e-05,0.00373324,-0.00362532,-0.00539108,-0.0432165,-0.0191699,9.82007,9.82018,0,2.71273
6.14,climb 3.5m,-0.00869225,0.0461251,-0.000824312,-0.000403531,0,0,-0.00208733,-0.00628437,0.00187966,3.552,3.692,3.46604,0.0351444,3.5,0,0.263578,0.266281,0.263636,0.265991,0.263578,0.265991,0.266281,0.263636,1,0,0.000690534,0,-0.000922058,-0.000440538,-0.00222296,0.00246987,0.00123847,0.00191359,0.0019693,-1.38729e-05,-0.000124888,0.0205423,0.0100268,-0.0523539,-0.0847927,9.8832,9.8837,0,2.70439
6.15,climb 3.5m,-0.00871541,0.0461856,-0.000942351,-0.00058129,0,0,-0.00230232,-0.0058935,0.00321268,3.55246,3.69246,3.45592,0.0289985,3.5,0,0.267894,0.26679,0.268339,0.266367,0.267894,0.266367,0.26679,0.268339,1,0,0,0,-0.00230272,4.07916e-05,0.00135202,0.00283824,0.00173772,0.00192837,0.0019857,-1.30702e-05,0.00938137,-0.00211294,-0.00508432,0.135711,-0.0287759,9.89342,9.8944,0,2.71707
6.16,climb 3.5m,-0.00874086,0.0462433,-0.000789541,-0.000388861,0,0,-0.00249739,-0.00571211,0.00255582,3.55293,3.69293,3.45622,0.0309555,3.5,0,0.268159,0.266295,0.268503,0.265567,0.268159,0.265567,0.266295,0.268503,1,0,0.000976562,0,-0.00284351,-0.000727751,0.00211029,0.00237348,0.00116897,0.00191337,0.00196424,-1.4071e-05,0.0051495,0.00355943,-0.00207784,-0.0347746,0.0639836,10.1722,10.1725,0,2.71101
6.17,climb 3.5m,-0.00876765,0.0462998,-0.000926262,-8.76316e-05,0,0,-0.00263674,-0.00563856,0.00237189,3.55343,3.69343,3.44467,0.0250886,3.5,0,0.268927,0.270768,0.268726,0.270981,0.268927,0.270981,0.270768,0.268726,1,0,0.00119604,0,0.00109885,2.27187e-05,-0.00180099,0.00277541,0.000259812,0.00192792,0.00193316,-1.42939e-05,-0.000320408,-0.000117995,-0.00431877,0.0446033,0.11017,10.1332,10.1339,0,2.6962
6.18,climb 3.5m,-0.00879562,0.0463555,-0.000432125,-0.000435642,0,0,-0.00266126,-0.00552049,0.00272701,3.55395,3.69395,3.44494,0.0283318,3.5,0,0.269091,0.270093,0.268591,0.270286,0.269091,0.270286,0.270093,0.268591,1,0,0,0,0.0018397,-0.000583399,-0.00118557,0.00129003,0.00130837,0.00187513,0.00196912,-1.70949e-05,-0.0023503,0.00292934,0.00527611,-0.143818,-0.0919345,10.2237,10.2252,0,2.72378
6.19,climb 3.5m,-0.00882354,0.0464096,-0.000773461,-0.000466387,0,0,-0.00260188,-0.00535359,0.00395987,3.5545,3.6945,3.44821,0.0342055,3.5,0,0.267697,0.26897,0.267903,0.26889,0.267697,0.26889,0.26897,0.267903,1,0,0,0,-0.000759313,0.000238924,-0.00099295,0.00232466,0.00138866,0.00191057,0.0019716,-1.68259e-05,0.00475952,-0.00503196,0.000578862,-0.0678314,-0.142132,10.191,10.1923,0,2.72574
6.2,climb 3.5m,-0.00885089,0.046462,-0.000444879,-0.000611678,0,0,-0.00254382,-0.00518017,0.00333275,3.55509,3.69509,3.44857,0.0382026,3.5,0,0.267746,0.268284,0.267574,0.26814,0.267746,0.26814,0.268284,0.267574,1,0,0,0,7.46949e-05,-0.000597957,-0.00048509,0.0013358,0.00182946,0.00188134,0.00198828,-1.87839e-05,0.00265018,-0.00172852,-0.00495598,0.0568425,-0.0282406,10.2217,10.2219,0,2.74018
6.21,climb 3.5m,-0.00887763,0.0465126,-0.000231211,-0.000717539,0,0,-0.0024912,-0.00498425,0.00300784,3.55571,3.69571,3.4791,0.063848,3.5,0,0.259632,0.260439,0.259076,0.260162,0.259632,0.260162,0.260439,0.259076,1,0,0.000690534,0,0.000739301,-0.00157775,-0.000832513,0.000694707,0.00216485,0.00186146,0.00200043,-1.97939e-05,0.00257354,0.0101571,-0.00503792,0.188063,-0.00654989,10.1787,10.1804,0,2.7513
6.22,climb 3.5m,-0.00890339,0.0465612,-0.00046493,-0.000704613,0,0,-0.00242191,-0.00479084,0.00192999,3.55637,3.69637,3.47976,0.0671307,3.5,0,0.258893,0.259974,0.258668,0.260016,0.258893,0.260016,0.259974,0.258668,1,0,0.000690534,0,0.000708677,-0.000346937,-0.00106763,0.00137258,0.00213148,0.00188361,0.00199838,-2.08819e-05,-0.0129116,0.0137537,0.0155074,-0.0854539,-0.0285218,10.0388,10.0392,0,2.75138
6.23,climb 3.5m,-0.00892845,0.0466084,-0.000386948,-0.000749409,0,0,-0.0024085,-0.00468704,0.00174228,3.55706,3.69706,3.48155,0.070483,3.5,0,0.260393,0.257106,0.260273,0.257167,0.260393,0.257167,0.257106,0.260273,1,0,0.000690534,0,0.000480743,-0.000109506,0.00280984,0.00117926,0.00225999,0.00187869,0.00200382,-2.10556e-05,0.0141601,0.00984812,0.00200584,0.100208,0.0548434,10.056,10.0567,0,2.75756
6.24,climb 3.5m,-0.00895328,0.0466546,-0.000544206,-0.000697997,0,0,-0.00241219,-0.00458608,0.00107776,3.55776,3.69776,3.48226,0.072476,3.5,0,0.25787,0.258819,0.258173,0.258748,0.25787,0.258748,0.258819,0.258173,1,0,0.000690534,0,-0.000993117,0.000438976,-0.000670075,0.00165291,0.002095,0.00189631,0.00199698,-2.15801e-05,0.0154185,0.00267261,-0.00413375,-0.0585368,-0.0434482,9.91044,9.91071,0,2.75604
6.25,climb 3.5m,-0.00897789,0.0467005,-0.000739108,-0.00067312,0,0,-0.00236989,-0.00460948,0.00118385,3.55848,3.69848,3.50303,0.0882059,3.5,0,0.252178,0.253688,0.25284,0.253411,0.252178,0.253411,0.253688,0.25284,1,0,0.00119604,0,-0.0024896,0.000727914,-0.00091459,0.00221219,0.00201148,0.00191623,0.00199481,-2.17162e-05,-0.00150653,-0.00325573,-0.00197766,0.0157556,-0.08245,9.7655,9.76586,0,2.75569
6.26,climb 3.5m,-0.00900228,0.046747,-0.000639055,-0.00116253,0,0,-0.00237702,-0.00475167,0.00211569,3.5592,3.6992,3.50391,0.0884212,3.5,0,0.251805,0.253298,0.252354,0.253876,0.251805,0.253876,0.253298,0.252354,1,0,0.000690534,0,7.6887e-05,0.00213675,-0.00132503,0.00192542,0.00348984,0.00190795,0.0020436,-2.16148e-05,0.00741776,0.00353315,0.00398701,0.0860514,-0.0624425,9.86617,9.86674,0,2.78715
6.27,climb 3.5m,-0.00902745,0.0467954,-0.000452478,-0.0011288,0,0,-0.00246472,-0.00501458,0.00232047,3.55991,3.69991,3.4868,0.0748124,3.5,0,0.25739,0.257228,0.257533,0.256998,0.25739,0.256998,0.257228,0.257533,1,0,0.000690534,0,-0.000989337,-0.000163611,0.000306428,0.00138469,0.00339,0.0018901,0.00203845,-2.06329e-05,0.0200628,0.00442563,0.00322999,0.000193973,-0.0374363,9.67264,9.67271,0,2.78994
6.28,climb 3.5m,-0.00905422,0.0468468,-0.000482871,-0.000967246,0,0,-0.00271697,-0.0053013,0.00233236,3.56062,3.70062,3.48754,0.0739539,3.5,0,0.258745,0.255722,0.258706,0.255712,0.258745,0.255712,0.255722,0.258706,1,0,0,0,7.65561e-05,-9.39938e-05,0.00264487,0.00144854,0.00289492,0.00189385,0.00202169,-2.00329e-05,0.00183164,-0.00251426,-0.0135873,-0.00323121,-0.0593418,9.68639,9.68657,0,2.78369
6.29,climb 3.5m,-0.00908382,0.046901,-0.000687766,-0.000980093,0,0,-0.00301385,-0.00562279,0.00273166,3.56131,3.70131,3.50035,0.0816684,3.5,0,0.254245,0.254383,0.253779,0.253963,0.254245,0.253963,0.254383,0.253779,1,0,0.000690534,0,0.000123077,-0.0016777,-0.000141619,0.00207008,0.00295907,0.0019153,0.00202369,-2.00471e-05,0.00643221,0.0145578,-0.00729265,0.0148538,0.0960021,9.68262,9.68311,0,2.78589
6.3,climb 3.5m,-0.0091166,0.0469581,-0.000784304,-0.00076435,0,0,-0.00329124,-0.00586771,0.00263362,3.56199,3.70199,3.50116,0.0803566,3.5,0,0.253387,0.254548,0.25367,0.254606,0.253387,0.254606,0.254548,0.25367,1,0,0,0,-0.000597347,0.000647098,-0.000921567,0.00235997,0.00230722,0.00192656,0.00200146,-2.13057e-05,0.00663026,0.0114457,0.00147742,0.0379297,0.0902272,9.74233,9.74282,0,2.77635
6.31,climb 3.5m,-0.00915184,0.0470182,-0.000883969,-0.000589424,0,0,-0.00352636,-0.00619143,0.00194568,3.56265,3.70265,3.52676,0.0961696,3.5,0,0.248606,0.2474,0.248317,0.246701,0.248606,0.246701,0.2474,0.248317,1,0,0,0,-0.00108631,-0.00187187,0.00124054,0.00265796,0.00179359,0.00193905,0.00198602,-2.12532e-05,0.00597436,0.0188618,-0.000829125,0.00919325,-0.000416669,9.54435,9.54435,0,2.76929
6.32,climb 3.5m,-0.00918914,0.0470805,-0.000652511,-0.000101506,0,0,-0.00378048,-0.00628416,0.00208734,3.56328,3.70328,3.52771,0.0930736,3.5,0,0.247654,0.247974,0.247514,0.248227,0.247654,0.248227,0.247974,0.247514,1,0,0,0,0.00104239,0.000212344,-0.000454213,0.00196758,0.000297831,0.00191535,0.0019374,-2.5205e-05,0.00861352,-0.00252242,0.00202654,0.0323434,0.0540087,9.51156,9.51176,0,2.74772
6.33,climb 3.5m,-0.00922909,0.0471437,-0.00070923,-0.000301982,0,0,-0.00398805,-0.00640721,0.00181908,3.56386,3.70386,3.533,0.0921566,3.5,0,0.24651,0.247388,0.246093,0.247625,0.24651,0.247625,0.247388,0.246093,1,0,0,0,0.00173633,-0.000342401,-0.00105947,0.00212901,0.000901533,0.0019188,0.00195731,-2.42467e-05,0.00280196,-0.000986332,0.00101227,0.0983941,-0.0562866,9.32259,9.32328,0,2.76249
6.34,climb 3.5m,-0.00927071,0.0472079,-0.000980108,-0.000130253,0,0,-0.00412998,-0.00650331,0.00244269,3.5644,3.7044,3.5339,0.0874091,3.5,0,0.247742,0.246655,0.247555,0.246656,0.247742,0.246656,0.246655,0.247555,1,0,0.000690534,0,0.000498505,-0.000352428,0.000872852,0.00295031,0.000391997,0.00194823,0.00193995,-2.27583e-05,0.00860203,0.00277599,-0.0105362,0.0240322,-0.0467098,9.27084,9.27099,0,2.75432
6.35,climb 3.5m,-0.00931366,0.0472731,-0.00122668,-0.000370383,0,0,-0.00418579,-0.00657532,0.0022995,3.56489,3.70489,3.51716,0.0693679,3.5,0,0.252324,0.252034,0.251644,0.251795,0.252324,0.251795,0.252034,0.251644,1,0,0.000690534,0,0.00116847,-0.00174191,6.11622e-05,0.00366226,0.00112521,0.00197189,0.00196544,-2.07223e-05,-0.00987725,0.0113483,-0.00687221,-0.0130197,0.0918358,9.26093,9.2614,0,2.7698
6.36,climb 3.5m,-0.00935628,0.0473388,-0.000931235,-0.000527952,0,0,-0.00404361,-0.00662947,0.00306439,3.56532,3.70532,3.51783,0.064087,3.5,0,0.252227,0.25209,0.252757,0.252124,0.252227,0.252124,0.25209,0.252757,1,0,0.000976562,0,-0.00131234,0.0010686,0.000338525,0.00277924,0.00159988,0.00194066,0.00198216,-2.13045e-05,-0.00770306,0.0126703,-0.00467359,-0.0247587,0.0330361,9.22375,9.22384,0,2.7855
6.37,climb 3.5m,-0.00939699,0.047405,-0.00117744,-0.00053048,0,0,-0.0038422,-0.00665223,0.00210576,3.56569,3.70569,3.50957,0.0525142,3.5,0,0.255259,0.254778,0.254936,0.254707,0.255259,0.254707,0.254778,0.254936,1,0,0,0,0.000669812,-0.000746648,0.000312093,0.00353407,0.00159816,0.00196414,0.00198375,-2.06927e-05,0.00313115,0.00646875,-0.00336265,0.0891061,0.0165529,9.34963,9.35007,0,2.78756
6.38,climb 3.5m,-0.00943554,0.0474713,-0.00120942,-0.00083246,0,0,-0.00364207,-0.00664798,0.00234304,3.56601,3.70601,3.51007,0.0476707,3.5,0,0.253961,0.256589,0.254015,0.256489,0.253961,0.256489,0.256589,0.254015,1,0,0.00119604,0,-0.000408156,-8.53205e-05,-0.00224239,0.00362391,0.00250881,0.00196768,0.00201521,-1.9441e-05,-0.000936331,0.00964258,-0.00346609,0.0809221,0.0440334,9.26774,9.2682,0,2.80849
6.39,climb 3.5m,-0.00947232,0.0475374,-0.00114619,-0.000572016,0,0,-0.00347156,-0.0066206,0.00254734,3.56629,3.70629,3.5087,0.0417406,3.5,0,0.255041,0.256882,0.255358,0.256995,0.255041,0.256995,0.256882,0.255358,1,0,0.00119604,0,-0.000541665,0.000815107,-0.00152858,0.00343566,0.00170547,0.00196025,0.00199068,-2.03117e-05,2.33739e-05,-0.00508009,0.0164683,0.00409666,-0.0829816,9.38745,9.38782,0,2.7984
6.4,climb 3.5m,-0.00950768,0.0476033,-0.00111031,-0.000128587,0,0,-0.00329221,-0.00659214,0.00301147,3.56651,3.70651,3.5091,0.037626,3.5,0,0.255887,0.257123,0.255774,0.256698,0.255887,0.256698,0.257123,0.255774,1,0,0,0,-0.000830108,-0.00102042,-0.000949317,0.00334327,0.000384165,0.00195618,0.00194962,-2.0153e-05,0.0101755,0.000881688,0.00422139,-0.0572809,-0.0841649,9.40892,9.40947,0,2.77771
6.41,climb 3.5m,-0.00954124,0.0476679,-0.00123587,0.000150032,0,0,-0.00310409,-0.00636179,0.00307121,3.5667,3.7067,3.52943,0.0481361,3.5,0,0.250619,0.2526,0.250387,0.252675,0.250619,0.252675,0.2526,0.250387,1,0,0,0,0.000815961,-0.000297994,-0.0018767,0.00369637,-0.000455857,0.00196927,0.00192372,-2.01543e-05,-0.00551892,-0.00191538,-0.00157455,0.0185094,0.0884971,9.41681,9.41725,0,2.76479
6.42,climb 3.5m,-0.00957302,0.0477302,-0.00106927,0.000287918,0,0,-0.00295947,-0.00612871,0.00317096,3.56684,3.70684,3.52989,0.0440442,3.5,0,0.251736,0.251934,0.252015,0.251707,0.251736,0.251707,0.251934,0.252015,1,0,0,0,-0.00134077,9.79739e-05,4.82664e-05,0.00321486,-0.000856857,0.00195212,0.00191162,-2.28958e-05,0.0066589,0.00651479,-0.00540034,0.0252639,0.0413247,9.39001,9.39013,0,2.76235
6.43,climb 3.5m,-0.00960374,0.0477899,-0.00106946,0.000483441,0,0,-0.0028815,-0.00587472,0.00308458,3.56693,3.70693,3.55315,0.0559581,3.5,0,0.245637,0.246961,0.245975,0.246852,0.245637,0.246852,0.246961,0.245975,1,0,0.000690534,0,-0.00118653,0.000433527,-0.000967135,0.00321362,-0.00143235,0.00195202,0.00189235,-2.29372e-05,0.00544784,0.0138612,0.0141222,0.0011908,0.0714918,9.3316,9.33187,0,2.75498
6.44,climb 3.5m,-0.00963381,0.0478471,-0.0011584,0.000277084,0,0,-0.00282131,-0.00558434,0.00306224,3.56697,3.70697,3.55369,0.0507103,3.5,0,0.247145,0.246298,0.247232,0.246203,0.247145,0.246203,0.246298,0.247232,1,0,0.000690534,0,-0.000481639,-1.75398e-05,0.000824663,0.00348778,-0.000822682,0.00196252,0.00191489,-2.24445e-05,0.0103489,0.00764035,-0.0108666,0.0177611,-0.0156485,9.29797,9.298,0,2.76935
6.45,climb 3.5m,-0.00966323,0.0479009,-0.00112863,0.000156691,0,0,-0.00278638,-0.00519106,0.00284069,3.56695,3.70695,3.55613,0.0461182,3.5,0,0.247022,0.246582,0.246658,0.246383,0.247022,0.246383,0.246582,0.246658,1,0,0,0,0.000438788,-0.00106732,0.000314011,0.00339633,-0.000470577,0.00196241,0.00192905,-2.20026e-05,0.00893123,0.00160009,-0.00604188,-0.0118696,0.0374862,9.18101,9.18109,0,2.77976
6.46,climb 3.5m,-0.00969239,0.0479503,-0.00136947,0.000253159,0,0,-0.00277453,-0.0047334,0.00295567,3.56687,3.70687,3.55656,0.0397015,3.5,0,0.246943,0.247645,0.246486,0.247535,0.246943,0.247535,0.247645,0.246486,1,0,0.000976562,0,0.000920154,-0.00107652,-0.000769472,0.00409419,-0.000753067,0.00198795,0.00191937,-2.18987e-05,-0.00749561,0.00620388,-0.00795276,0.106939,0.0196388,9.11008,9.11073,0,2.77518
6.47,climb 3.5m,-0.00972137,0.0479954,-0.00126137,0.000114711,0,0,-0.00269378,-0.00431105,0.00265944,3.56671,3.70671,3.54994,0.0278532,3.5,0,0.248951,0.249925,0.24874,0.250284,0.248951,0.250284,0.249925,0.24874,1,0,0.000690534,0,0.00151256,0.000279923,-0.00110654,0.00379065,-0.000350458,0.00197731,0.00193243,-2.21353e-05,0.00633829,-0.00226917,-0.0118282,-0.0619211,-0.0840434,9.09758,9.09818,0,2.78683
6.48,climb 3.5m,-0.00974857,0.0480364,-0.000797268,-0.000303251,0,0,-0.00248492,-0.00394625,0.0024182,3.56649,3.70649,3.55018,0.0211337,3.5,0,0.2508,0.249313,0.250282,0.249765,0.2508,0.249765,0.249313,0.250282,1,0,0,0,0.002575,-0.000125176,0.000880779,0.00238931,0.000919301,0.00193345,0.00197299,-2.30399e-05,0.000269895,0.00833697,0.00128317,0.0911066,0.0170101,9.17967,9.18014,0,2.8174
6.49,climb 3.5m,-0.00977329,0.0480739,-0.00109172,-0.000364146,0,0,-0.00222808,-0.00355106,0.00215731,3.5662,3.7062,3.56283,0.0233304,3.5,0,0.247998,0.246889,0.24819,0.246709,0.247998,0.246709,0.246889,0.24819,1,0,0.000690534,0,-0.000987137,2.30786e-05,0.00113809,0.00326987,0.00108668,0.0019616,0.00197797,-2.28746e-05,-0.00155789,-0.00185806,0.000476792,-0.0072946,-0.00927359,9.18405,9.18405,0,2.82042
6.5,climb 3.5m,-0.00979556,0.0481074,-0.000677482,-0.000626978,0,0,-0.0020348,-0.00318931,0.00211509,3.56584,3.70584,3.56303,0.0165013,3.5,0,0.247895,0.248138,0.248074,0.247982,0.247895,0.247982,0.248138,0.248074,1,0,0.000976562,0,-0.000889344,4.50276e-05,-6.62169e-05,0.00204618,0.0018892,0.00192436,0.00200168,-2.19706e-05,0.0110912,0.0075034,0.0124817,0.0459801,0.026623,9.15478,9.15493,0,2.84133
6.51,climb 3.5m,-0.00981638,0.0481379,-0.000856359,-0.00060307,0,0,-0.00191679,-0.00295987,0.00175262,3.56541,3.70541,3.56469,0.0107363,3.5,0,0.248325,0.248124,0.248537,0.247925,0.248325,0.247925,0.248124,0.248537,1,0,0.000690534,0,-0.00108997,2.59252e-05,0.000357092,0.00256257,0.00180311,0.0019428,0.00199659,-2.21842e-05,-0.0023948,-0.00206655,-0.000607004,0.0375098,-0.067521,9.15661,9.15693,0,2.8402
6.52,climb 3.5m,-0.00983586,0.0481668,-0.00133034,-0.000422407,0,0,-0.00184346,-0.00285656,0.00111852,3.5649,3.7049,3.56476,0.00366538,3.5,0,0.248371,0.249014,0.24829,0.249722,0.248371,0.249722,0.249014,0.24829,1,0,0.000690534,0,0.00209432,0.00118711,-0.000912126,0.00399932,0.00127193,0.00199111,0.00197689,-2.1361e-05,0.0075241,0.00511278,0.00389918,-0.0972565,0.0174171,9.07717,9.07771,0,2.8274
6.53,climb 3.5m,-0.00985465,0.0481949,-0.00139331,-1.13906e-05,0,0,-0.00175965,-0.00280922,0.00240222,3.56432,3.70432,3.56058,-0.00641375,3.5,0,0.25028,0.25091,0.250144,0.25089,0.25028,0.25089,0.25091,0.250144,1,0,0.000976562,0,0.000310294,-0.000294763,-0.000604567,0.00418833,2.9628e-05,0.00200165,0.00193412,-2.27847e-05,0.00759837,-0.00109276,-0.0016282,0.0804983,0.0163208,9.14192,9.14229,0,2.80535
6.54,climb 3.5m,-0.00987322,0.0482229,-0.00166081,-0.000106185,0,0,-0.00172116,-0.00286908,0.00196828,3.56367,3.70367,3.56048,-0.0133588,3.5,0,0.252058,0.25013,0.252633,0.249999,0.252058,0.249999,0.25013,0.252633,1,0,0.00154408,0,-0.00187249,0.000839205,0.00200538,0.00498898,0.000310681,0.00203195,0.00194054,-2.06746e-05,0.00640391,-0.00331653,0.00432579,0.0329785,-0.0477844,9.12991,9.1301,0,2.81008
6.55,climb 3.5m,-0.00989082,0.0482524,-0.00148324,-3.68396e-05,0,0,-0.00163455,-0.00306767,0.00187023,3.56295,3.70295,3.56334,-0.0177479,3.5,0,0.251537,0.250542,0.251596,0.25057,0.251537,0.25057,0.250542,0.251596,1,0,0.000690534,0,-8.4205e-05,0.000164536,0.000888296,0.00446159,0.000102853,0.00201533,0.00193183,-2.22549e-05,0.00992809,-0.00317711,-0.00120015,0.073327,0.0245323,9.09052,9.09085,0,2.80957
6.56,climb 3.5m,-0.00990705,0.0482837,-0.00139024,-0.000364327,0,0,-0.00145846,-0.00325321,0.00117147,3.56216,3.70216,3.56313,-0.0241367,3.5,0,0.250365,0.252669,0.250717,0.252982,0.250365,0.252982,0.252669,0.250717,1,0,0.00138107,0,-0.000103146,0.00125915,-0.00200764,0.00418208,0.00109297,0.00200678,0.00196112,-2.13048e-05,0.00957276,0.00194109,0.00978992,-0.0254806,-0.00356089,9.15011,9.15015,0,2.83087
6.57,climb 3.5m,-0.00992198,0.0483173,-0.00162711,-0.000132351,0,0,-0.00133034,-0.00352144,0.00231319,3.5613,3.7013,3.56419,-0.0295296,3.5,0,0.25274,0.250993,0.253244,0.250895,0.25274,0.250895,0.250993,0.253244,1,0,0.00119604,0,-0.00159716,0.000769151,0.00180079,0.00489471,0.000394818,0.00203356,0.00193498,-2.18759e-05,0.0109616,0.000461051,-0.0101033,-0.0701211,-0.0569084,9.06104,9.06149,0,2.81766
6.58,climb 3.5m,-0.00993596,0.0483535,-0.00131109,-0.000240483,0,0,-0.00125914,-0.00376786,0.00251382,3.56038,3.70038,3.56386,-0.0355374,3.5,0,0.253425,0.251927,0.253711,0.251268,0.253425,0.251268,0.251927,0.253711,1,0,0.000690534,0,-0.00250622,-0.000706501,0.00173278,0.00395104,0.000716519,0.0020047,0.00194476,-2.2362e-05,0.0138528,-0.00134632,0.00317498,0.0128661,-0.0391908,9.23473,9.23483,0,2.82881
6.59,climb 3.5m,-0.00994938,0.0483919,-0.00124288,-0.00020088,0,0,-0.00123095,-0.0039703,0.00155872,3.55939,3.69939,3.56699,-0.0389587,3.5,0,0.253085,0.251638,0.252848,0.251615,0.253085,0.251615,0.251638,0.252848,1,0,0,0,0.000565882,-0.000494091,0.00117844,0.00373209,0.000601146,0.00199807,0.00193768,-2.27787e-05,0.0042929,0.000939479,0.00182376,-0.0320262,0.0814558,9.11829,9.11871,0,2.82951
6.6,climb 3.5m,-0.00996227,0.0484325,-0.00112806,-0.000587253,0,0,-0.00116159,-0.00418017,0.00224657,3.55835,3.69835,3.56657,-0.0445157,3.5,0,0.253044,0.252832,0.253245,0.252424,0.253044,0.252424,0.252832,0.253245,1,0,0.000690534,0,-0.00161406,-0.000393007,0.000453899,0.00338782,0.00175264,0.00198892,0.00197626,-2.17509e-05,0.00441785,-0.00411133,0.00370769,0.00942046,-0.00538231,9.26694,9.26695,0,2.85484
6.61,climb 3.5m,-0.00997463,0.0484748,-0.00142524,-0.000641919,0,0,-0.00109885,-0.00435019,0.00255027,3.55724,3.69724,3.56141,-0.0534565,3.5,0,0.254957,0.2543,0.255097,0.254333,0.254957,0.254333,0.2543,0.255097,1,0,0.00138107,0,-0.000283854,0.000325453,0.000624776,0.00427197,0.0019145,0.00201903,0.00198048,-2.11428e-05,-0.000485073,-0.00551604,-0.0067437,0.0158766,-0.0719807,9.22188,9.22218,0,2.85771
6.62,climb 3.5m,-0.00998679,0.048519,-0.00143596,-0.000431507,0,0,-0.00105364,-0.00457123,0.00292555,3.55609,3.69609,3.56085,-0.0585765,3.5,0,0.254696,0.25586,0.254546,0.255896,0.254696,0.255896,0.25586,0.254546,1,0,0.00119604,0,0.000494451,-0.000217244,-0.00110456,0.00431308,0.00130912,0.00202175,0.00195804,-2.24939e-05,0.00549551,0.0116927,0.000341446,-0.0495328,0.0581903,9.33707,9.33738,0,2.84833
6.63,climb 3.5m,-0.00999879,0.0485658,-0.00163993,-0.000278039,0,0,-0.00101952,-0.00485428,0.00379554,3.55488,3.69488,3.52347,-0.0896141,3.5,0,0.264565,0.265591,0.264542,0.265892,0.264565,0.265892,0.265591,0.264542,1,0,0.00154408,0,0.000857493,0.000526959,-0.00104427,0.00491062,0.000822856,0.00204324,0.00194238,-2.28708e-05,-0.0040674,-0.00557719,0.00749228,-0.0939626,-0.055927,9.39758,9.39821,0,2.84059
6.64,climb 3.5m,-0.0100107,0.048615,-0.00162887,-0.000240367,0,0,-0.000960521,-0.00506567,0.00335983,3.55363,3.69363,3.52256,-0.0927219,3.5,0,0.265305,0.266061,0.265668,0.265461,0.265305,0.265461,0.266061,0.265668,1,0,0.00119604,0,-0.00255782,-0.00044878,-0.000241454,0.00488511,0.000715601,0.0020431,0.00193951,-2.3094e-05,0.00103831,-0.00172779,0.000778802,0.0335343,0.0088809,9.56841,9.56847,0,2.84145
6.65,climb 3.5m,-0.0100214,0.0486662,-0.00157383,-0.000484193,0,0,-0.000842121,-0.00521903,0.00301484,3.55235,3.69235,3.47705,-0.126599,3.5,0,0.277574,0.277297,0.277681,0.276784,0.277574,0.276784,0.277297,0.277681,1,0,0.00154408,0,-0.00164641,-0.000770075,0.000516323,0.00472114,0.00146245,0.00204042,0.00196302,-2.11935e-05,0.00180957,0.00853946,0.00350545,0.115944,-0.0105662,9.73966,9.74036,0,2.85873
6.66,climb 3.5m,-0.010031,0.0487184,-0.00157185,-0.000676004,0,0,-0.000785623,-0.00530291,0.00273563,3.55107,3.69107,3.47578,-0.125871,3.5,0,0.277445,0.277648,0.277345,0.277717,0.277445,0.277717,0.277648,0.277345,1,0,0.00138107,0,0.000447922,-5.96109e-05,-0.000252589,0.00470562,0.00202564,0.00204234,0.00198028,-2.00963e-05,-0.00458246,0.000405286,-0.00316267,0.0403441,-0.0209944,9.91925,9.91935,0,2.87265
6.67,climb 3.5m,-0.01004,0.0487716,-0.00161817,-0.000534079,0,0,-0.000698238,-0.00540264,0.00319101,3.54981,3.68981,3.49422,-0.109053,3.5,0,0.273329,0.27212,0.272664,0.272085,0.273329,0.272085,0.27212,0.272664,1,0,0.00169146,0,0.0016731,-0.00132835,0.000785946,0.00487415,0.00159111,0.00204999,0.00196428,-2.10423e-05,0.0151426,-0.00544883,-0.00444289,0.098937,-0.0323285,10.1297,10.1303,0,2.8673
6.68,climb 3.5m,-0.0100475,0.0488255,-0.00183271,-0.000544402,0,0,-0.000463283,-0.00544772,0.00312293,3.54857,3.68857,3.49314,-0.105607,3.5,0,0.272703,0.272325,0.272383,0.272399,0.272703,0.272399,0.272325,0.272383,1,0,0.00119604,0,0.00104588,-0.000465691,0.000158896,0.00549218,0.001655,0.00207089,0.00196269,-2.0812e-05,-0.00189035,0.0164901,0.000606291,0.0345562,-0.0215127,10.2299,10.23,0,2.86914
6.69,climb 3.5m,-0.0100523,0.0488798,-0.00190426,-0.000435343,0,0,-0.000134042,-0.00548068,0.00278883,3.54737,3.68737,3.51687,-0.0836293,3.5,0,0.26603,0.265581,0.266643,0.265628,0.26603,0.265628,0.265581,0.266643,1,0,0.00169146,0,-0.0015031,0.00125131,0.000643682,0.00571564,0.00130901,0.00207989,0.00195283,-2.13209e-05,0.00398642,0.00392649,0.00783936,-0.0158601,-0.00501718,10.2231,10.2232,0,2.86547
6.7,climb 3.5m,-0.0100533,0.0489348,-0.0019493,-0.000387622,0,0,0.000126118,-0.00555551,0.00224895,3.54621,3.68621,3.51606,-0.0793091,3.5,0,0.266449,0.26497,0.266462,0.265034,0.266449,0.265034,0.26497,0.266462,1,0,0.00182698,0,0.000135955,0.000148,0.00127746,0.00584446,0.00115569,0.00208781,0.00194776,-2.14816e-05,-0.000214693,-0.00283066,-0.00288724,0.0228366,-0.0213981,10.2617,10.2617,0,2.8655
6.71,climb 3.5m,-0.0100522,0.0489905,-0.00180631,-0.000235603,0,0,0.00032867,-0.00558156,0.00177326,3.54509,3.68509,3.4999,-0.0863454,3.5,0,0.27021,0.268772,0.269697,0.269023,0.27021,0.269023,0.268772,0.269697,1,0,0.00138107,0,0.00202465,-0.000495494,0.000928336,0.00543211,0.000722254,0.00207456,0.00193647,-2.28872e-05,0.0108664,0.0122446,-0.00625026,0.0540219,-0.0840569,10.3338,10.3343,0,2.86125
6.72,climb 3.5m,-0.0100482,0.0490455,-0.00169011,-0.000378188,0,0,0.000679093,-0.0054522,0.00205737,3.54401,3.68401,3.49906,-0.0816788,3.5,0,0.269497,0.2687,0.269924,0.268495,0.269497,0.268495,0.2687,0.269924,1,0,0.00182698,0,-0.00167883,0.000421072,0.000978418,0.00506863,0.00114009,0.00206868,0.00195076,-2.27173e-05,0.000945352,0.00563302,-0.000939777,0.0453385,-0.0277299,10.2061,10.2062,0,2.87341
6.73,climb 3.5m,-0.0100412,0.0490994,-0.00105683,-0.000455748,0,0,0.000925861,-0.00535715,0.00266001,3.54298,3.68298,3.51086,-0.0677736,3.5,0,0.264819,0.266414,0.26482,0.266577,0.264819,0.266577,0.266414,0.26482,1,0,0.000690534,0,0.000428184,0.000309989,-0.00147306,0.00317109,0.00136432,0.00200929,0.00196097,-2.53035e-05,0.00241964,6.01163e-06,0.00717735,-0.0113712,-0.0961881,10.2423,10.2427,0,2.88651
6.74,climb 3.5m,-0.0100326,0.0491521,-0.00117296,-5.60119e-05,0,0,0.00104682,-0.00522646,0.00190449,3.54199,3.68199,3.51021,-0.0629946,3.5,0,0.265651,0.265063,0.26578,0.264873,0.265651,0.264873,0.265063,0.26578,1,0,0.000976562,0,-0.000847222,-0.000116225,0.000657075,0.00351262,0.000174072,0.00202365,0.00192117,-2.70886e-05,-0.00214301,0.0059476,-0.00210056,0.0928219,-0.0532664,10.2761,10.2766,0,2.86572
6.75,climb 3.5m,-0.0100232,0.0492035,-0.00153492,-7.79949e-05,0,0,0.00107291,-0.00508914,0.00293091,3.54104,3.68104,3.53256,-0.0417641,3.5,0,0.259762,0.258589,0.259789,0.258551,0.259762,0.258551,0.258589,0.259789,1,0,0.000690534,0,-0.000170399,-2.06264e-05,0.0010599,0.00461091,0.000229689,0.00206175,0.00192228,-2.50788e-05,0.00615545,-0.000928249,-0.00872382,-0.0213339,-0.0906967,10.1918,10.1923,0,2.86647
6.76,climb 3.5m,-0.0100138,0.0492536,-0.0015188,-0.000329888,0,0,0.00104342,-0.00496833,0.00191693,3.54013,3.68013,3.53216,-0.0381134,3.5,0,0.259224,0.25841,0.259161,0.258822,0.259224,0.258822,0.25841,0.259161,1,0,0.00138107,0,0.00126081,0.000660971,0.000506439,0.00454737,0.000990138,0.00206253,0.00194612,-2.56529e-05,-0.00394824,0.00225959,0.00191394,-0.0763214,-0.0353788,10.2301,10.2305,0,2.88362
6.77,climb 3.5m,-0.0100038,0.0493026,-0.0014385,-0.000233192,0,0,0.00110908,-0.00484099,0.00211808,3.53924,3.67924,3.50911,-0.0514554,3.5,0,0.264571,0.264339,0.26467,0.264276,0.264571,0.264276,0.264339,0.26467,1,0,0.00119604,0,-0.000431111,6.79198e-05,0.000275567,0.00431726,0.00071086,0.00206045,0.00193395,-2.65438e-05,0.00322254,0.00946431,-0.0058139,0.0445544,0.139111,10.1968,10.1979,0,2.88153
6.78,climb 3.5m,-0.00999395,0.0493503,-0.00158575,-0.000340039,0,0,0.00109175,-0.00471887,0.00196299,3.53839,3.67839,3.50861,-0.0488456,3.5,0,0.263823,0.26468,0.264542,0.264211,0.263823,0.264211,0.26468,0.264542,1,0,0.00154408,0,-0.00315155,0.000473361,-0.000230823,0.00477303,0.00102927,0.00207871,0.00194343,-2.63231e-05,0.0125975,0.00804767,-0.000174245,-0.0516315,0.034483,10.0839,10.0841,0,2.88888
6.79,climb 3.5m,-0.00998443,0.0493968,-0.00141805,-0.000448443,0,0,0.00095979,-0.00460329,0.00232004,3.53755,3.67755,3.51888,-0.0383449,3.5,0,0.261566,0.261364,0.261115,0.261603,0.261566,0.261603,0.261364,0.261115,1,0,0.00119604,0,0.00182643,-0.000401641,-0.000125713,0.00426216,0.00135506,0.00206792,0.00195471,-2.62706e-05,0.00740158,0.00844934,-0.00476114,0.0493376,-0.0214504,10.0804,10.0805,0,2.89903
6.8,climb 3.5m,-0.00997695,0.049442,-0.00154593,-0.000538651,0,0,0.000766081,-0.00448212,0.00295167,3.53674,3.67674,3.51851,-0.0358698,3.5,0,0.260337,0.261835,0.260527,0.262313,0.260337,0.262313,0.261835,0.260527,1,0,0.00119604,0,0.000764519,0.00126566,-0.00144337,0.00465237,0.00161379,0.00208449,0.00196385,-2.55213e-05,0.0117998,0.000507765,0.00679039,0.0108782,0.0590997,10.1366,10.1367,0,2.9055
6.81,climb 3.5m,-0.00997161,0.0494865,-0.00168729,-0.000146138,0,0,0.000575149,-0.004532,0.00234342,3.53595,3.67595,3.54152,-0.0169105,3.5,0,0.254182,0.256277,0.254042,0.256153,0.254182,0.256153,0.256277,0.254042,1,0,0.00119604,0,4.14274e-05,-0.000500328,-0.00184878,0.00505203,0.000428916,0.0021005,0.00192259,-2.81832e-05,-0.00445423,-0.00439208,-0.0107163,-0.0649954,-0.0056991,10.0299,10.0301,0,2.88452
6.82,climb 3.5m,-0.00996813,0.0495322,-0.00157973,-7.41827e-05,0,0,0.000414901,-0.00464541,0.00328469,3.53518,3.67518,3.54136,-0.0158049,3.5,0,0.255851,0.254359,0.255879,0.254196,0.255851,0.254196,0.254359,0.255879,1,0,0.00138107,0,-0.000507906,-0.000256749,0.00139562,0.00474988,0.000226646,0.00209221,0.0019138,-2.93238e-05,0.00921109,0.00464828,-0.00150246,0.0203281,0.0696432,9.84835,9.84862,0,2.88392
6.83,climb 3.5m,-0.00996625,0.0495787,-0.00138631,-0.000202922,0,0,0.000219026,-0.00473198,0.00268079,3.5344,3.6744,3.5074,-0.0394706,3.5,0,0.263375,0.263919,0.263545,0.263715,0.263375,0.263715,0.263919,0.263545,1,0,0.00119604,0,-0.000993134,-6.2861e-05,-0.00031383,0.00417468,0.000591093,0.00207646,0.00192483,-2.93312e-05,0.0125693,-0.00985566,-0.00116144,0.0596418,0.058879,9.91273,9.91309,0,2.89552
6.84,climb 3.5m,-0.00996659,0.0496263,-0.00112584,-0.000121475,0,0,-1.55808e-05,-0.00484162,0.00283108,3.53364,3.67364,3.50701,-0.0383634,3.5,0,0.263404,0.263746,0.263512,0.263782,0.263404,0.263782,0.263746,0.263512,1,0,0.000690534,0,-0.000192198,0.000270916,-0.000268905,0.00337561,0.000343823,0.00205614,0.00191578,-3.01639e-05,0.000786716,-0.0118235,0.00488076,-0.0904854,-0.130761,9.89624,9.89751,0,2.89595
6.85,climb 3.5m,-0.00996927,0.0496751,-0.00123238,-0.000127284,0,0,-0.000258844,-0.00500423,0.00254707,3.53288,3.67288,3.47525,-0.0595511,3.5,0,0.270364,0.27296,0.269891,0.272998,0.270364,0.272998,0.27296,0.269891,1,0,0,0,0.00135495,-0.000824051,-0.0025064,0.00369168,0.000366575,0.00206908,0.00191306,-2.9453e-05,-0.00157622,-0.00827608,0.00281173,0.106359,-0.0389108,10.0253,10.0259,0,2.89809
6.86,climb 3.5m,-0.00997458,0.0497252,-0.0011732,-0.000383365,0,0,-0.000502731,-0.0050558,0.00280518,3.53214,3.67214,3.47466,-0.0570165,3.5,0,0.271783,0.271425,0.271647,0.270939,0.271783,0.270939,0.271425,0.271647,1,0,0.000976562,0,-0.000928304,-0.00117952,0.000468779,0.00351038,0.00115907,0.00206309,0.00193945,-2.87871e-05,-0.00408455,0.00792631,-0.0037875,0.0624137,0.0308709,10.1377,10.1379,0,2.916
6.87,climb 3.5m,-0.00998167,0.0497753,-0.00140482,-0.000391472,0,0,-0.00072741,-0.00500447,0.00101411,3.53142,3.67142,3.48811,-0.0435893,3.5,0,0.267421,0.268,0.268015,0.267328,0.267421,0.267328,0.268,0.268015,1,0,0.000690534,0,-0.00335777,-0.000148923,4.72351e-05,0.00421561,0.00117102,0.00208836,0.00193849,-2.85788e-05,0.00285646,-0.000333652,0.0065097,-0.0273821,0.0211879,10.1244,10.1244,0,2.91729
6.88,climb 3.5m,-0.0099909,0.0498249,-0.00110861,-0.000528423,0,0,-0.00101107,-0.00491566,0.000956036,3.53074,3.67074,3.48769,-0.0398645,3.5,0,0.266769,0.26819,0.26704,0.267739,0.266769,0.267739,0.26819,0.26704,1,0,0,0,-0.00191459,-0.000341037,-0.000932388,0.00331044,0.00159364,0.00206025,0.00194985,-2.9272e-05,-0.00819894,0.00752281,0.00414137,-0.111403,-0.0416291,10.1806,10.1813,0,2.93058
6.89,climb 3.5m,-0.0100028,0.0498734,-0.00120175,-0.000725005,0,0,-0.00122914,-0.00481009,0.00213872,3.5301,3.6701,3.49002,-0.0340399,3.5,0,0.266234,0.266763,0.265887,0.266958,0.266234,0.266958,0.266763,0.265887,1,0,0.000690534,0,0.00143662,-0.000287607,-0.000703273,0.00360029,0.0021646,0.0020684,0.001967,-2.92417e-05,-0.00124794,-0.0049707,-0.00738311,-0.101305,-0.00610197,10.1271,10.1276,0,2.94372
6.9,climb 3.5m,-0.0100164,0.0499208,-0.00132254,-0.00091659,0,0,-0.00126174,-0.00472055,0.00188583,3.52949,3.66949,3.4897,-0.0302509,3.5,0,0.26596,0.266391,0.265943,0.266415,0.26596,0.266415,0.266391,0.265943,1,0,0.000690534,0,0.000107147,1.36848e-05,-0.000396691,0.00395613,0.00275194,0.00208153,0.00198487,-2.98057e-05,-0.00556847,0.00342132,0.00739149,0.0285745,-0.0707628,10.1677,10.168,0,2.95631
6.91,climb 3.5m,-0.0100298,0.049968,-0.00124272,-0.000570941,0,0,-0.00121899,-0.00475395,0.00214736,3.52891,3.66891,3.48935,-0.0262858,3.5,0,0.266509,0.265634,0.266407,0.26498,0.266509,0.26498,0.265634,0.266407,1,0,0,0,-0.00146492,-0.00143288,0.001012,0.00372535,0.00170852,0.00207598,0.00195006,-3.1696e-05,0.000197394,-0.000908669,-0.0100266,-0.0123907,0.0184595,10.2243,10.2243,0,2.94025
6.92,climb 3.5m,-0.0100429,0.0500151,-0.00123423,-0.000316496,0,0,-0.00118347,-0.0047033,0.0014573,3.52838,3.66838,3.48911,-0.0222977,3.5,0,0.26532,0.265669,0.265273,0.265994,0.26532,0.265994,0.265669,0.265273,1,0,0.000690534,0,0.000985233,0.000527401,-0.000470075,0.00370356,0.000946445,0.00207467,0.00192505,-3.2024e-05,0.00264399,-0.000111868,0.00597923,-0.0567111,-0.10795,10.2462,10.2469,0,2.92871
6.93,climb 3.5m,-0.0100547,0.0500619,-0.000965069,-0.00065192,0,0,-0.00102946,-0.00468223,0.00107329,3.52788,3.66788,3.50233,-0.00889357,3.5,0,0.26177,0.261433,0.26249,0.261658,0.26177,0.261658,0.261433,0.26249,1,0,0.000690534,0,-0.0013145,0.0017902,0.000513792,0.00289691,0.00193263,0.00205168,0.0019546,-3.29025e-05,0.00319039,-0.0134711,0.00782573,-0.00610897,0.0101309,10.1766,10.1766,0,2.9529
6.94,climb 3.5m,-0.0100652,0.0501088,-0.00143629,-0.000224256,0,0,-0.000955911,-0.00473557,0.00127319,3.52741,3.66741,3.50226,-0.00542856,3.5,0,0.261983,0.260923,0.262432,0.260773,0.261983,0.260773,0.260923,0.262432,1,0,0.00154408,0,-0.00159142,0.000565866,0.00119515,0.00429854,0.000680216,0.00209918,0.00191397,-3.2593e-05,-0.00477813,0.0068713,0.00540083,0.0396186,0.0660042,10.173,10.1733,0,2.92721
6.95,climb 3.5m,-0.0100751,0.0501563,-0.00161251,0.000230062,0,0,-0.00092135,-0.0047673,0.00164135,3.52697,3.66697,3.52545,0.0141565,3.5,0,0.254241,0.256562,0.254515,0.256047,0.254241,0.256047,0.256562,0.254515,1,0,0.00154408,0,-0.00209096,-0.000455412,-0.00169309,0.00484602,-0.000697993,0.00211978,0.00186948,-3.33512e-05,0.00777741,-0.00333418,-0.000343694,0.0910708,0.0440439,9.97022,9.97073,0,2.90272
6.96,climb 3.5m,-0.0100858,0.0502034,-0.00184146,-4.02067e-05,0,0,-0.00103595,-0.0046267,0.00150242,3.52654,3.66654,3.5256,0.015985,3.5,0,0.254397,0.25568,0.254555,0.255902,0.254397,0.255902,0.25568,0.254555,1,0,0.00138107,0,0.000169446,0.000720837,-0.00115604,0.00550865,0.000127137,0.00213978,0.00189488,-3.03972e-05,-0.00833584,0.00623003,0.00513761,-0.103935,-0.0572018,10.0019,10.0026,0,2.91884
6.97,climb 3.5m,-0.0100967,0.0502487,-0.00169637,0.000174312,0,0,-0.000973094,-0.0044754,0.00191083,3.52613,3.66613,3.52507,0.0163841,3.5,0,0.255,0.254939,0.254909,0.255875,0.255,0.255875,0.254939,0.254909,1,0,0.00138107,0,0.00272416,0.00160269,-0.000397749,0.00510308,-0.000522604,0.00212833,0.00187218,-3.22587e-05,0.011436,0.00211439,-0.0120431,-0.148282,-0.105104,9.8934,9.89507,0,2.91058
6.98,climb 3.5m,-0.0101073,0.0502926,-0.00158379,3.79744e-05,0,0,-0.000905742,-0.00430789,0.00263846,3.52572,3.66572,3.52523,0.0165489,3.5,0,0.254733,0.255404,0.254192,0.256154,0.254733,0.256154,0.255404,0.254192,1,0,0.000690534,0,0.00342396,0.000395067,-0.00115725,0.00474804,-0.000127994,0.0021196,0.00188527,-3.23701e-05,-0.000104258,-0.00749116,-0.00271705,-0.0112507,-0.106149,9.83391,9.83449,0,2.92186
6.99,climb 3.5m,-0.0101171,0.0503346,-0.00161759,0.000291171,0,0,-0.000806788,-0.00415162,0.00240942,3.5253,3.6653,3.52701,0.0172855,3.5,0,0.254834,0.254536,0.254692,0.254755,0.254834,0.254755,0.254536,0.254692,1,0,0.00154408,0,0.000955809,0.00014627,0.000102919,0.00486222,-0.000874087,0.00212516,0.00185804,-3.39189e-05,0.00841473,0.00145936,0.0101646,0.00872051,0.0277824,9.77438,9.77443,0,2.9097
7,climb 3.5m,-0.0101261,0.0503755,-0.00150257,0.00059158,0,0,-0.000800167,-0.00407748,0.00162597,3.52487,3.66487,3.52718,0.0164242,3.5,0,0.254935,0.254687,0.254801,0.254531,0.254935,0.254531,0.254687,0.254801,1,0,0.000690534,0,-5.79605e-05,-0.000549461,0.000227939,0.0045291,-0.00178295,0.00211763,0.00182872,-3.56096e-05,0.0163621,-0.00365214,0.00541733,0.0247245,0.0550571,9.69881,9.699,0,2.8961
7.01,climb 3.5m,-0.0101351,0.0504153,-0.00146396,0.000802239,0,0,-0.000839276,-0.00384379,0.00128187,3.52443,3.66443,3.53749,0.022213,3.5,0,0.252069,0.252511,0.251797,0.252615,0.252069,0.252615,0.252511,0.251797,1,0,0.00169146,0,0.000996951,-0.000317561,-0.000553557,0.00439983,-0.00239591,0.00211462,0.00180748,-3.64881e-05,0.00741573,0.00902287,-0.0061979,-0.0388519,0.0153872,9.56715,9.56724,0,2.88686
7.02,climb 3.5m,-0.0101441,0.0504521,-0.00155036,0.000687534,0,0,-0.000819197,-0.00356008,0.00097942,3.52397,3.66397,3.53771,0.0202103,3.5,0,0.250859,0.253994,0.250989,0.253675,0.250859,0.253675,0.253994,0.250989,1,0,0.00138107,0,-0.00118882,-0.000357147,-0.00255879,0.00466605,-0.0020647,0.0021254,0.00181521,-3.55732e-05,0.012105,0.000427928,-0.00439973,-0.14893,0.0222201,9.54992,9.55111,0,2.89475
7.03,climb 3.5m,-0.0101535,0.0504862,-0.00160331,0.000847302,0,0,-0.000830974,-0.00327817,0.00255108,3.52348,3.66348,3.53493,0.0154045,3.5,0,0.253485,0.253316,0.253407,0.253119,0.253485,0.253119,0.253316,0.253407,1,0,0.00138107,0,-0.000316069,-0.000521281,0.00020133,0.0047981,-0.00255084,0.00213434,0.00179851,-3.54783e-05,-0.00576375,-0.00416669,0.00717848,-0.0543406,-0.00922679,9.51623,9.51639,0,2.88726
7.04,climb 3.5m,-0.0101632,0.0505176,-0.00184433,0.00113242,0,0,-0.000853756,-0.00304683,0.00225332,3.52296,3.66296,3.53507,0.0126337,3.5,0,0.253805,0.253394,0.253519,0.253491,0.253805,0.253491,0.253394,0.253519,1,0,0.00182698,0,0.00101431,-0.000357467,0.000192943,0.00552895,-0.00340329,0.00215651,0.00177052,-3.41694e-05,-0.000538224,-0.00225491,0.00506511,-0.00565333,-0.0174993,9.54244,9.54245,0,2.87088
7.05,climb 3.5m,-0.0101731,0.0505464,-0.00165389,0.000947735,0,0,-0.000844232,-0.00275747,0.003105,3.5224,3.6624,3.52595,0.00302825,3.5,0,0.255316,0.257368,0.25475,0.257137,0.255316,0.257137,0.257368,0.25475,1,0,0.00169146,0,0.000887526,-0.00151212,-0.00195086,0.0049639,-0.00284044,0.00213948,0.00178762,-3.60279e-05,0.00360722,0.00359796,0.0193585,-0.127622,-0.0810919,9.48735,9.48855,0,2.88473
7.06,climb 3.5m,-0.010183,0.0505724,-0.00183158,0.00142056,0,0,-0.000809025,-0.0024995,0.00349604,3.52182,3.66182,3.52597,0.000113466,3.5,0,0.257636,0.255283,0.257327,0.255365,0.257636,0.255365,0.255283,0.257327,1,0,0.0020716,0,0.0010373,-0.000429715,0.00189619,0.00549668,-0.00424789,0.00215724,0.00173917,-3.72253e-05,0.0034509,0.0109338,-0.00174583,-0.00506417,0.0166412,9.46326,9.46328,0,2.85797
7.07,climb 3.5m,-0.0101926,0.0505956,-0.00202082,0.00131636,0,0,-0.000783859,-0.00212291,0.00284665,3.5212,3.6612,3.53834,0.00584726,3.5,0,0.25313,0.25429,0.252853,0.253881,0.25313,0.253881,0.25429,0.252853,1,0,0.00229024,0,-0.000347383,-0.00129816,-0.00096155,0.00606514,-0.00394704,0.0021778,0.00174952,-3.21391e-05,0.0039693,0.0031172,-0.00202783,0.0731026,-0.0122676,9.45062,9.45091,0,2.86365
7.08,climb 3.5m,-0.0102023,0.0506139,-0.00207741,0.000890182,0,0,-0.000811114,-0.00160213,0.00332149,3.52055,3.66055,3.53839,0.00286715,3.5,0,0.25259,0.254889,0.252517,0.255197,0.25259,0.255197,0.254889,0.252517,1,0,0.0020716,0,0.00101043,0.000444553,-0.00218898,0.00623998,-0.00267733,0.00218611,0.00178447,-2.73794e-05,0.00736537,-0.00271618,-0.00988099,-0.0130592,-0.0128076,9.50609,9.50611,0,2.88845
7.09,climb 3.5m,-0.0102122,0.0506274,-0.00215611,0.000688399,0,0,-0.000791015,-0.00117024,0.00381628,3.51987,3.65987,3.54987,0.00792849,3.5,0,0.250238,0.252438,0.25004,0.251923,0.250238,0.251923,0.252438,0.25004,1,0,0.0020716,0,-0.000841456,-0.0013492,-0.00179445,0.0064805,-0.00208209,0.00219343,0.00180127,-2.51235e-05,0.0103273,-0.00943272,-0.0123199,0.0951321,0.0599623,9.4818,9.48247,0,2.90009
7.1,climb 3.5m,-0.0102221,0.0506368,-0.00190122,0.000511378,0,0,-0.00079305,-0.000779555,0.00322146,3.51914,3.65914,3.54993,0.00423834,3.5,0,0.251258,0.251312,0.251615,0.251716,0.251258,0.251716,0.251312,0.251615,1,0,0.00169146,0,0.000123245,0.00144233,-6.85345e-05,0.00568238,-0.00154574,0.00217219,0.00181151,-2.55523e-05,-0.0120097,-0.00591986,-0.00205058,0.014433,0.0183519,9.46541,9.46544,0,2.91287
7.11,climb 3.5m,-0.0102318,0.0506431,-0.00186326,0.00070087,0,0,-0.000872398,-0.000535997,0.00222369,3.51838,3.65838,3.53136,-0.013094,3.5,0,0.256712,0.255931,0.256751,0.256842,0.256712,0.256842,0.255931,0.256751,1,0,0.00169146,0,0.00231287,0.00179916,0.000303526,0.00559521,-0.00211143,0.00217198,0.00178854,-2.80297e-05,0.00580238,-0.00407964,-0.00528725,0.0141458,-0.0221718,9.45988,9.45991,0,2.90291
7.12,climb 3.5m,-0.0102418,0.0506471,-0.00171517,0.000586651,0,0,-0.000884793,-0.000344554,0.00222536,3.51757,3.65757,3.53121,-0.0166779,3.5,0,0.258041,0.255432,0.25829,0.255894,0.258041,0.255894,0.255432,0.25829,1,0,0.00138107,0,0.00056399,0.00134632,0.00219994,0.00513588,-0.00177625,0.00215878,0.00179299,-2.95985e-05,-0.00425666,-0.00906656,-0.0043065,-0.0171941,-0.00600501,9.46588,9.4659,0,2.91099
7.13,climb 3.5m,-0.0102515,0.05065,-0.00162064,0.000554555,0,0,-0.000842608,-0.000275314,0.00212051,3.51673,3.65673,3.54343,-0.0111777,3.5,0,0.254227,0.25392,0.254345,0.25391,0.254227,0.25391,0.25392,0.254345,1,0,0.00154408,0,-0.000336456,0.000205237,0.000326076,0.00486875,-0.00167713,0.00215184,0.00179074,-3.01188e-05,0.00671162,-0.00716715,-0.00923081,0.0544629,-0.0154258,9.42766,9.42783,0,2.91389
7.14,climb 3.5m,-0.0102609,0.0506525,-0.00151431,0.000386066,0,0,-0.000810441,-0.000278378,0.00252119,3.51585,3.65585,3.5433,-0.0146055,3.5,0,0.253592,0.255433,0.252921,0.255792,0.253592,0.255792,0.255433,0.252921,1,0,0.00138107,0,0.00272937,-0.000592421,-0.00207139,0.00455694,-0.00116385,0.00214248,0.00180402,-2.99385e-05,0.0114796,-0.00196447,0.000195748,0.0360904,-0.0165511,9.46077,9.46086,0,2.9246
7.15,climb 3.5m,-0.0102703,0.050655,-0.00140476,0.000489791,0,0,-0.000748503,-0.000290635,0.00296517,3.51493,3.65493,3.55154,-0.0119621,3.5,0,0.251383,0.253909,0.251345,0.253887,0.251383,0.253887,0.253909,0.251345,1,0,0.00119604,0,4.14136e-05,-0.000115672,-0.0022273,0.00422127,-0.00149303,0.00213498,0.00178923,-3.03956e-05,0.00679592,-0.0139899,0.00589255,-0.0346129,-0.0960115,9.43044,9.43099,0,2.91995
7.16,climb 3.5m,-0.0102793,0.0506574,-0.000946357,0.000503163,0,0,-0.000712576,-0.000235147,0.00334367,3.51398,3.65398,3.5514,-0.0156695,3.5,0,0.252827,0.253107,0.252887,0.253137,0.252827,0.253137,0.253107,0.252887,1,0,0.000690534,0,-7.76699e-05,0.00017174,-0.000232989,0.00284629,-0.00152109,0.00209484,0.00178331,-3.2851e-05,0.006908,-0.00594666,-0.00164677,0.00257553,0.0388898,9.44463,9.44471,0,2.92369
7.17,climb 3.5m,-0.0102883,0.0506591,-0.00102468,0.000254318,0,0,-0.000772154,-0.000183477,0.00298928,3.51298,3.65298,3.5328,-0.0326238,3.5,0,0.258754,0.257517,0.258539,0.257373,0.258754,0.257373,0.257517,0.258539,1,0,0.000976562,0,0.000187474,-0.000682448,0.00105623,0.00307349,-0.000770525,0.00210403,0.00180172,-3.312e-05,0.00174384,-0.00324725,0.00085739,0.0204791,0.104888,9.4483,9.44891,0,2.9372
7.18,climb 3.5m,-0.0102976,0.0506604,-0.00110246,-1.92257e-06,0,0,-0.000843133,-0.000131785,0.00260375,3.51195,3.65195,3.53246,-0.0359553,3.5,0,0.258382,0.258633,0.257897,0.258765,0.258382,0.258765,0.258633,0.257897,1,0,0.000690534,0,0.00163709,-0.000668421,-0.00049204,0.00331584,8.6024e-06,0.00211217,0.00182246,-3.35614e-05,0.00775283,0.00371994,-0.00699401,0.0907971,-0.0709032,9.50923,9.50993,0,2.95112
7.19,climb 3.5m,-0.0103081,0.0506614,-0.00129561,-0.000483548,0,0,-0.00096857,-0.000159819,0.00271317,3.51088,3.65088,3.52689,-0.0426689,3.5,0,0.258205,0.261657,0.25892,0.261563,0.258205,0.261563,0.261657,0.25892,1,0,0.000976562,0,-0.00214473,0.0011794,-0.002679,0.00389453,0.00144328,0.00213402,0.00186177,-3.45965e-05,0.0072774,-0.00305233,0.00475513,-0.0469473,-0.0285341,9.54934,9.5495,0,2.97676
7.2,climb 3.5m,-0.01032,0.0506635,-0.00111055,-0.000138103,0,0,-0.00114491,-0.000323774,0.00265354,3.50979,3.64979,3.52645,-0.0450375,3.5,0,0.259774,0.261191,0.259843,0.260751,0.259774,0.260751,0.261191,0.259843,1,0,0.000690534,0,-0.00135161,-0.00070417,-0.00102161,0.00333109,0.000413236,0.0021187,0.00182359,-3.36568e-05,0.00175034,0.00111037,-0.00229241,-0.0422328,0.0577364,9.58534,9.5856,0,2.95915
7.21,climb 3.5m,-0.0103343,0.050667,-0.00125633,9.97444e-05,0,0,-0.00136424,-0.000479235,0.00389782,3.50867,3.64867,3.54347,-0.0343016,3.5,0,0.255908,0.256423,0.255908,0.256546,0.255908,0.256546,0.256423,0.255908,1,0,0.000690534,0,0.000329699,0.000233042,-0.000506749,0.00376658,-0.00030004,0.00213568,0.00179608,-3.36023e-05,0.000528384,0.00125284,0.00452426,0.026312,-0.101678,9.56841,9.56898,0,2.9447
7.22,climb 3.5m,-0.0103506,0.0506726,-0.00137727,-9.0064e-05,0,0,-0.00149324,-0.000750677,0.00380611,3.50753,3.64753,3.54312,-0.0363182,3.5,0,0.256882,0.255627,0.257007,0.256242,0.256882,0.256242,0.255627,0.257007,1,0,0.00119604,0,0.00129763,0.00140095,0.000887728,0.00413163,0.000258489,0.00214638,0.0018078,-3.27726e-05,0.00202094,-0.00598726,-0.00531105,0.0577488,0.0341392,9.50693,9.50717,0,2.95482
7.23,climb 3.5m,-0.0103675,0.0506816,-0.00112409,7.96377e-05,0,0,-0.0014788,-0.00117028,0.00404467,3.50636,3.64636,3.53907,-0.041116,3.5,0,0.257058,0.258249,0.256736,0.258517,0.257058,0.258517,0.258249,0.256736,1,0,0.000690534,0,0.00156721,-0.000103071,-0.0013065,0.0033601,-0.000254083,0.00212255,0.00178762,-3.46223e-05,-0.00599694,-0.00833041,0.00416454,0.0274765,0.008934,9.54118,9.54123,0,2.94823
7.24,climb 3.5m,-0.0103837,0.050695,-0.00125984,-6.26796e-05,0,0,-0.00128411,-0.00160997,0.00462531,3.50518,3.64518,3.53864,-0.0433298,3.5,0,0.258178,0.257484,0.258662,0.25737,0.258178,0.25737,0.257484,0.258662,1,0,0,0,-0.00158712,0.000700411,0.000873325,0.00377855,0.000174005,0.00213425,0.00179733,-3.41033e-05,0.00148333,-0.00755332,-0.0042719,-0.0801726,-0.097656,9.61346,9.61429,0,2.95594
7.25,climb 3.5m,-0.010398,0.0507127,-0.00109141,4.28537e-05,0,0,-0.00120119,-0.00204514,0.00348462,3.50397,3.64397,3.54295,-0.0417436,3.5,0,0.257743,0.256143,0.257666,0.256303,0.257743,0.256303,0.256143,0.257666,1,0,0,0,0.000630576,0.0001553,0.00130209,0.00328329,-0.000128143,0.0021194,0.00178628,-3.55252e-05,0.0081613,0.00206048,0.0040009,-0.00678688,-0.025296,9.61597,9.616,0,2.95269
7.26,climb 3.5m,-0.0104113,0.0507346,-0.00134898,0.000145869,0,0,-0.00112297,-0.00242972,0.00268204,3.50274,3.64274,3.54252,-0.0436564,3.5,0,0.256282,0.25803,0.256778,0.257775,0.256282,0.257775,0.25803,0.256778,1,0,0.000690534,0,-0.00199185,0.000458144,-0.00120665,0.00404527,-0.000459157,0.00214589,0.0017722,-3.32496e-05,0.0010387,-0.0125843,-0.0072612,-0.0760685,-0.0287008,9.62877,9.62912,0,2.94584
7.27,climb 3.5m,-0.0104238,0.0507607,-0.00108514,0.000166295,0,0,-0.00108735,-0.00283453,0.00312639,3.50149,3.64149,3.53356,-0.0516255,3.5,0,0.259098,0.259765,0.25942,0.260256,0.259098,0.260256,0.259765,0.25942,1,0,0,0,0.000445762,0.00153886,-0.000660948,0.00326155,-0.000493523,0.00212456,0.00176806,-3.47834e-05,0.00620824,0.00533699,0.00488457,-0.172706,-0.0875024,9.64521,9.64715,0,2.94875
7.28,climb 3.5m,-0.0104364,0.0507902,-0.00117562,0.000530284,0,0,-0.00107601,-0.00316826,0.00347556,3.50022,3.64022,3.53303,-0.0532372,3.5,0,0.259499,0.260233,0.259667,0.260123,0.259499,0.260123,0.260233,0.259667,1,0,0.000690534,0,-0.000736434,0.000110355,-0.000523564,0.00354335,-0.00158981,0.002135,0.00173243,-3.37787e-05,0.013121,0.00241872,0.00721661,-0.0344633,-0.00878446,9.63147,9.63154,0,2.92912
7.29,climb 3.5m,-0.0104493,0.050823,-0.00107054,0.000568147,0,0,-0.00110499,-0.00349451,0.00442218,3.49893,3.63893,3.51459,-0.0673806,3.5,0,0.264142,0.264926,0.26463,0.264936,0.264142,0.264936,0.264926,0.26463,1,0,0,0,-0.00126578,0.000942515,-0.000479149,0.00321352,-0.00170293,0.00212816,0.00172614,-3.4268e-05,0.00338385,0.00273663,0.000268537,0.0175063,0.0430172,9.67913,9.67924,0,2.92996
7.3,climb 3.5m,-0.0104625,0.050859,-0.000849025,0.000763327,0,0,-0.00110808,-0.00376732,0.00371542,3.49763,3.63763,3.51391,-0.0676848,3.5,0,0.265104,0.26473,0.26524,0.264245,0.265104,0.264245,0.26473,0.26524,1,0,0.000690534,0,-0.00164711,-0.000662026,0.000602087,0.00255455,-0.00228146,0.00210725,0.00170905,-3.6339e-05,0.00710031,0.00740009,-0.00954616,-0.0352048,0.0585672,9.89562,9.89585,0,2.92326
7.31,climb 3.5m,-0.0104754,0.0508968,-0.000891745,0.000878142,0,0,-0.00108951,-0.00386992,0.00348904,3.49634,3.63634,3.53621,-0.0508988,3.5,0,0.257555,0.260645,0.257741,0.26038,0.257555,0.26038,0.260645,0.257741,1,0,0,0,-0.00119582,-0.000150279,-0.00251793,0.00267543,-0.00264274,0.00211194,0.00169836,-3.5261e-05,0.00224451,-0.00384323,-0.00367628,-0.0486172,-0.0199642,9.70778,9.70792,0,2.91862
7.32,climb 3.5m,-0.0104882,0.0509353,-0.00111956,0.000841147,0,0,-0.00104957,-0.00388457,0.00339318,3.49504,3.63504,3.5357,-0.0510204,3.5,0,0.259722,0.258831,0.259452,0.258725,0.259722,0.258725,0.258831,0.259452,1,0,0.00119604,0,0.000437898,-0.000713277,0.00071091,0.00336299,-0.00253259,0.00213448,0.0017002,-3.24019e-05,0.00501034,-0.00440476,0.00448597,-0.0544327,-0.00385331,9.69045,9.69061,0,2.9208
7.33,climb 3.5m,-0.0104998,0.0509733,-0.00130473,0.000676951,0,0,-0.000951888,-0.00379993,0.00299312,3.49373,3.63373,3.54458,-0.0440934,3.5,0,0.257494,0.256157,0.257423,0.256405,0.257494,0.256405,0.256157,0.257423,1,0,0.000690534,0,0.000845006,0.000334183,0.00103497,0.00391943,-0.00204401,0.00215261,0.00171158,-3.04967e-05,0.00563562,-0.00705672,0.000640388,0.00369911,-0.0323301,9.75288,9.75293,0,2.93059
7.34,climb 3.5m,-0.01051,0.051011,-0.00124654,0.000427308,0,0,-0.000839444,-0.00378684,0.00236584,3.49242,3.63242,3.54414,-0.0445507,3.5,0,0.257727,0.256417,0.257616,0.256176,0.257727,0.256176,0.256417,0.257616,1,0,0.000976562,0,-0.000342465,-0.000668329,0.00120843,0.00374737,-0.00128671,0.00214953,0.00173429,-3.19241e-05,0.00732357,-0.0014625,0.00330532,-0.00719604,-0.0418828,9.6603,9.66039,0,2.94748
7.35,climb 3.5m,-0.0105193,0.0510485,-0.00120019,0.000216326,0,0,-0.000765333,-0.00374997,0.00253416,3.4911,3.6311,3.51997,-0.0622562,3.5,0,0.263583,0.262997,0.263682,0.262411,0.263583,0.262411,0.262997,0.263682,1,0,0.000690534,0,-0.00181716,-0.000923264,0.000816124,0.00359724,-0.000637462,0.00214605,0.00175127,-3.18159e-05,-7.05667e-05,0.00942313,0.00453897,0.00669884,0.0539661,9.81565,9.8158,0,2.96205
7.36,climb 3.5m,-0.0105281,0.0510854,-0.00108176,0.000227301,0,0,-0.000785779,-0.00366847,0.00105126,3.48978,3.62978,3.51934,-0.0624113,3.5,0,0.263137,0.263369,0.263304,0.263415,0.263137,0.263415,0.263369,0.263304,1,0,0,0,-0.000317678,0.000402919,-0.000150776,0.0032448,-0.00068906,0.00213732,0.00174842,-3.29099e-05,0.00180965,-0.00301739,-0.0055198,0.145824,0.0652522,9.875,9.87629,0,2.96472
7.37,climb 3.5m,-0.0105369,0.0511218,-0.000941075,0.000120899,0,0,-0.000875078,-0.00363814,0.00164433,3.48845,3.62845,3.51226,-0.0668607,3.5,0,0.264693,0.265549,0.264151,0.265822,0.264693,0.265822,0.265549,0.264151,1,0,0.000690534,0,0.00216326,-0.000510747,-0.00111115,0.00281801,-0.000368417,0.00212521,0.00175801,-3.34676e-05,-0.00135188,-0.00204617,-0.00872937,-0.00721409,-0.0616641,9.91803,9.91823,0,2.97422
7.38,climb 3.5m,-0.0105471,0.0511575,-0.00119776,9.86042e-05,0,0,-0.000977945,-0.00353121,0.00236855,3.48713,3.62713,3.5116,-0.066048,3.5,0,0.26462,0.265232,0.26493,0.265666,0.26462,0.265666,0.265232,0.26493,1,0,0.000690534,0,0.000329276,0.00140953,-0.000592406,0.00359734,-0.000309811,0.00215209,0.00175682,-3.29366e-05,0.00485172,-0.00758476,0.00774928,-0.0881476,-0.07147,9.96818,9.96882,0,2.97516
7.39,climb 3.5m,-0.0105592,0.0511921,-0.00147818,0.000184974,0,0,-0.00119179,-0.00342827,0.00240391,3.48582,3.62582,3.51617,-0.0609153,3.5,0,0.264252,0.263354,0.264316,0.263192,0.264252,0.263192,0.263354,0.264316,1,0,0.000690534,0,-0.000598978,-0.00018816,0.000888919,0.00443825,-0.000546407,0.00217807,0.00174879,-3.22605e-05,0.00464561,0.00743722,-0.00819889,0.0150477,-0.0320634,9.87568,9.87574,0,2.96976
7.4,climb 3.5m,-0.0105733,0.0512255,-0.00177607,0.0001535,0,0,-0.00142229,-0.00330229,0.00203843,3.48452,3.62452,3.51557,-0.0594283,3.5,0,0.263252,0.264264,0.263398,0.264124,0.263252,0.264124,0.264264,0.263398,1,0,0.00119604,0,-0.000758983,1.07629e-05,-0.000764431,0.00534722,-0.000454189,0.00220784,0.00174946,-3.09474e-05,0.0148792,0.00596986,-0.00745329,0.101975,0.0456549,9.93226,9.93288,0,2.97091
7.41,climb 3.5m,-0.01059,0.0512575,-0.0016803,0.000365341,0,0,-0.00159976,-0.0031265,0.00250656,3.48323,3.62323,3.5008,-0.067854,3.5,0,0.266275,0.268476,0.266503,0.268018,0.266275,0.268018,0.268476,0.266503,1,0,0.00169146,0,-0.00182043,-0.000436989,-0.00163307,0.00506404,-0.00108463,0.00219941,0.00172793,-3.30856e-05,0.0176223,0.00932696,-0.00399005,0.0833168,0.0246989,9.93003,9.93041,0,2.96174
7.42,climb 3.5m,-0.0106077,0.0512877,-0.00144486,0.000482668,0,0,-0.00165589,-0.00295292,0.00261088,3.48197,3.62197,3.50013,-0.065425,3.5,0,0.267993,0.266446,0.267993,0.266509,0.267993,0.266509,0.266446,0.267993,1,0,0.00138107,0,0.000170058,0.000118231,0.00133229,0.00434371,-0.00144754,0.00217908,0.00171491,-3.61341e-05,0.00827096,0.00201824,0.00392188,0.0707666,-0.00423991,10.1159,10.1161,0,2.95912
7.43,climb 3.5m,-0.0106257,0.0513159,-0.0012337,0.000526647,0,0,-0.00178045,-0.00272764,0.00153716,3.48072,3.62072,3.48305,-0.0743589,3.5,0,0.270919,0.271859,0.27081,0.27155,0.270919,0.27155,0.271859,0.27081,1,0,0,0,-0.000531733,-0.000794258,-0.000738118,0.00369657,-0.00158394,0.00215986,0.00170782,-3.69958e-05,-0.000854345,-0.000961793,0.00466615,-0.0830596,-0.0620721,10.1903,10.1908,0,2.96038
7.44,climb 3.5m,-0.0106455,0.0513418,-0.00130629,0.000657757,0,0,-0.00197151,-0.00244187,0.00255924,3.47951,3.61951,3.48232,-0.0708664,3.5,0,0.270964,0.27139,0.270352,0.271739,0.270964,0.271739,0.27139,0.270352,1,0,0.00119604,0,0.00255039,-0.000498146,-0.000796805,0.00391625,-0.0019768,0.00216966,0.00169562,-3.67158e-05,0.000424006,-0.000661779,0.00210515,-0.0373816,-0.0782756,10.1889,10.1893,0,2.95396
7.45,climb 3.5m,-0.0106678,0.051364,-0.000924805,0.00047996,0,0,-0.00217515,-0.00204345,0.00280111,3.47834,3.61834,3.46331,-0.0796818,3.5,0,0.275407,0.275396,0.275801,0.275462,0.275407,0.275462,0.275396,0.275801,1,0,0,0,-0.000871263,0.000871813,0.000153922,0.00276629,-0.00144354,0.00213707,0.0017092,-3.86077e-05,-0.00327987,-0.000730544,-0.00021266,0.0921791,0.0394937,10.2369,10.2374,0,2.96915
7.46,climb 3.5m,-0.0106919,0.0513823,-0.000864452,0.000989932,0,0,-0.00233383,-0.00167458,0.00356382,3.47721,3.61721,3.46254,-0.0739949,3.5,0,0.27428,0.276163,0.274075,0.276128,0.27428,0.276128,0.276163,0.274075,1,0,0.00119604,0,0.000451169,-0.000456231,-0.00172976,0.00259492,-0.00295552,0.0021338,0.00166025,-3.91271e-05,0.00317225,0.0111717,0.00483356,-0.0588929,-0.0919089,10.4032,10.4037,0,2.94226
7.47,climb 3.5m,-0.0107175,0.0513972,-0.000502812,0.000581538,0,0,-0.00248442,-0.00135548,0.00224639,3.47615,3.61615,3.46223,-0.0673978,3.5,0,0.274727,0.274608,0.274164,0.275015,0.274727,0.275015,0.274608,0.274164,1,0,0,0,0.0025731,-0.000296669,-0.000321642,0.00150467,-0.00172965,0.00210154,0.00169691,-4.41076e-05,-0.000406657,0.0116728,0.00107179,0.0734667,0.0379511,10.4495,10.4499,0,2.97009
7.48,climb 3.5m,-0.0107442,0.051409,-0.000859871,0.000788081,0,0,-0.00259502,-0.0010516,0.00300164,3.47515,3.61515,3.46159,-0.0604213,3.5,0,0.274166,0.274127,0.274348,0.27384,0.274166,0.27384,0.274127,0.274348,1,0,0.000976562,0,-0.00124433,-0.000198886,0.000239764,0.00258726,-0.00235836,0.00213505,0.00167283,-4.13617e-05,0.0072309,0.00559353,0.00149181,-0.0163247,0.0875843,10.4743,10.4747,0,2.95578
7.49,climb 3.5m,-0.0107722,0.051418,-0.000700427,0.000715181,0,0,-0.00270964,-0.000792309,0.00253977,3.47421,3.61421,3.46915,-0.0473217,3.5,0,0.271764,0.271453,0.271845,0.270938,0.271764,0.270938,0.271453,0.271845,1,0,0.000976562,0,-0.0015815,-0.000822249,0.000535184,0.00210292,-0.00214959,0.00211979,0.00167736,-4.28969e-05,0.00320926,-0.00102096,0.000414877,-0.00487782,-0.0801457,10.4647,10.465,0,2.96231
7.5,climb 3.5m,-0.0108012,0.0514243,-0.000922835,0.000931459,0,0,-0.00284053,-0.000547004,0.00312003,3.47335,3.61335,3.46872,-0.0395775,3.5,0,0.270007,0.271884,0.269998,0.27162,0.270007,0.27162,0.271884,0.269998,1,0,0.000690534,0,-0.000673764,-0.0005177,-0.00153762,0.00278729,-0.00280656,0.0021409,0.00165067,-4.04533e-05,0.0146712,-0.00646415,-0.00783971,-0.077999,-0.0129131,10.5149,10.5152,0,2.94854
7.51,climb 3.5m,-0.0108321,0.051429,-0.000617457,0.000934081,0,0,-0.00301363,-0.000479202,0.00291994,3.47256,3.61256,3.44269,-0.0506849,3.5,0,0.276532,0.277052,0.276824,0.276858,0.276532,0.276858,0.277052,0.276824,1,0,0,0,-0.0012885,0.0001838,-0.000243429,0.00186111,-0.00280548,0.00211726,0.00164665,-4.30616e-05,0.00793961,-0.000510373,0.00463577,0.0186246,0.0290084,10.664,10.6641,0,2.95212
7.52,climb 3.5m,-0.0108648,0.0514333,-0.000839247,0.000427604,0,0,-0.00316289,-0.000455154,0.00362257,3.47185,3.61185,3.44222,-0.0425207,3.5,0,0.275244,0.276781,0.275606,0.27702,0.275244,0.27702,0.276781,0.275606,1,0,0,0,-0.000325649,0.00113785,-0.00129687,0.00251863,-0.00129697,0.00213742,0.00168788,-4.5069e-05,0.0027307,-0.00774774,-0.00487429,0.0682099,-0.118785,10.5812,10.5821,0,2.97902
7.53,climb 3.5m,-0.0108989,0.0514376,-0.000942264,0.000253113,0,0,-0.0032295,-0.000494878,0.00400689,3.47122,3.61122,3.45603,-0.0238981,3.5,0,0.273003,0.270675,0.272826,0.270948,0.273003,0.270948,0.270675,0.272826,1,0,0.00119604,0,0.00119375,0.000181442,0.00184843,0.0028368,-0.000784552,0.00214366,0.0016973,-4.49415e-05,0.0088181,-0.0151105,-0.00108057,0.0320091,-0.101191,10.6519,10.6525,0,2.98845
7.54,climb 3.5m,-0.0109325,0.0514424,-0.0016152,0.000622422,0,0,-0.00315458,-0.00053475,0.00308499,3.47067,3.61067,3.45584,-0.0154553,3.5,0,0.270514,0.271562,0.270162,0.272265,0.270514,0.272265,0.271562,0.270162,1,0,0.00119604,0,0.00279993,0.000665413,-0.00138457,0.00485852,-0.00188049,0.00220407,0.00165848,-4.20839e-05,0.0108315,-0.0071379,-0.0105927,-0.123522,-0.111655,10.5901,10.5914,0,2.96172
7.55,climb 3.5m,-0.0109651,0.0514478,-0.00164411,0.000766675,0,0,-0.00301757,-0.000651593,0.00303591,3.4702,3.6102,3.44337,-0.016246,3.5,0,0.273089,0.274169,0.273419,0.273539,0.273089,0.273539,0.274169,0.273419,1,0,0.00119604,0,-0.00254615,-0.000567962,-0.000527779,0.00492658,-0.0023119,0.00220865,0.00164004,-4.25339e-05,-0.00161929,-0.0062569,-0.010897,-0.00596128,-0.04706,10.6234,10.6235,0,2.95394
7.56,climb 3.5m,-0.0109966,0.0514547,-0.00107957,0.000399749,0,0,-0.00299835,-0.000737097,0.00292808,3.46981,3.60981,3.44325,-0.00765673,3.5,0,0.272728,0.272881,0.272557,0.273019,0.272728,0.273019,0.272881,0.272557,1,0,0.000690534,0,0.000820784,-6.24028e-05,-0.000270812,0.00323512,-0.00119286,0.00216014,0.00167042,-4.51867e-05,-0.000225439,0.00593044,-0.00168429,0.0269294,0.10302,10.6764,10.6769,0,2.98084
7.57,climb 3.5m,-0.0110278,0.0514614,-0.000785753,0.000259993,0,0,-0.00292927,-0.000661706,0.00329775,3.4695,3.6095,3.41829,-0.0169998,3.5,0,0.277928,0.278603,0.27832,0.278615,0.277928,0.278615,0.278603,0.27832,1,0,0.000690534,0,-0.0010047,0.000766122,-0.000426652,0.00236131,-0.000770917,0.00213539,0.0016807,-4.68269e-05,0.00483966,0.00772473,-0.00428246,0.00505128,-0.00477794,10.7057,10.7057,0,2.99241
7.58,climb 3.5m,-0.0110586,0.0514674,-0.000307844,-0.000122384,0,0,-0.00293627,-0.000582435,0.0023326,3.46928,3.60928,3.41817,-0.00781602,3.5,0,0.277096,0.278321,0.276767,0.278075,0.277096,0.278075,0.278321,0.276767,1,0,0,0,0.000223664,-0.00109051,-0.0011132,0.000923423,0.000378784,0.00209133,0.00171432,-4.95793e-05,0.0020197,0.00946915,-0.000651913,0.0244978,0.010691,10.804,10.804,0,3.01965
7.59,climb 3.5m,-0.0110894,0.0514723,4.64303e-05,-0.000117377,0,0,-0.0029328,-0.000468696,0.00305029,3.46915,3.60915,3.41186,-0.00277844,3.5,0,0.278115,0.278188,0.278465,0.278435,0.278115,0.278435,0.278188,0.278465,1,0,0,0,-0.000270981,0.0011313,-1.84812e-05,-0.000130897,0.000341209,0.00206112,0.00170772,-4.77973e-05,0.00765717,-0.00557288,0.00376594,-0.0497759,-0.0338955,10.7814,10.7816,0,3.02387
7.6,climb 3.5m,-0.0111204,0.0514764,0.000182486,-0.00013529,0,0,-0.00302387,-0.0003808,0.00241158,3.46912,3.60912,3.41189,0.00749487,3.5,0,0.276734,0.277982,0.276874,0.27788,0.276734,0.27788,0.277982,0.276874,1,0,0,0,-0.000641225,7.08978e-05,-0.000990879,-0.000551842,0.000409308,0.00205113,0.00170724,-4.75989e-05,-0.000871116,0.00399847,0.000387483,0.0315808,0.0412186,10.8378,10.8379,0,3.027
7.61,climb 3.5m,-0.0111529,0.0514793,0.000733527,-0.000345716,0,0,-0.00323977,-0.000278725,0.001538,3.46919,3.60919,3.44247,0.0397972,3.5,0,0.26745,0.269716,0.268282,0.269111,0.26745,0.269111,0.269716,0.268282,1,0,0,0,-0.0038105,0.000430893,-0.00136003,-0.00220305,0.00102612,0.00200528,0.00172307,-4.90994e-05,0.000358905,-0.00563029,-0.00163099,-0.0996608,-0.030655,10.7489,10.7494,0,3.04574
7.62,climb 3.5m,-0.0111884,0.0514819,0.000973807,-0.000448106,0,0,-0.00365185,-0.000298962,0.00247957,3.46935,3.60935,3.44292,0.0493023,3.5,0,0.268089,0.267465,0.268552,0.266594,0.268089,0.266594,0.267465,0.268552,1,0,0.000976562,0,-0.00353996,-0.000773959,0.00113456,-0.00292371,0.00133017,0.00198524,0.00172894,-4.94225e-05,0.000459526,-0.00770103,0.00251045,0.0074183,0.00991087,10.6365,10.6365,0,3.05495
7.63,climb 3.5m,-0.0112283,0.0514849,0.000782862,-0.000377224,0,0,-0.0041773,-0.000376617,0.00138181,3.4696,3.6096,3.45099,0.0630867,3.5,0,0.265339,0.26461,0.264677,0.264887,0.265339,0.264887,0.26461,0.264677,1,0,0,0,0.00248954,-0.000729634,0.000228162,-0.0023423,0.0011249,0.00200092,0.0017185,-4.80329e-05,0.00618822,-0.00280264,-0.00914745,0.0119514,-0.025844,10.5231,10.5231,0,3.04937
7.64,climb 3.5m,-0.0112731,0.0514888,0.000438919,-0.000194714,0,0,-0.00463593,-0.000474056,0.00209622,3.46992,3.60992,3.45166,0.0706737,3.5,0,0.262619,0.265133,0.263062,0.265368,0.262619,0.265368,0.265133,0.263062,1,0,0,0,-0.000549443,0.00128344,-0.00211874,-0.00133384,0.000577587,0.00202841,0.00169727,-4.50013e-05,-0.00935527,-0.00266964,0.0061899,-0.0166361,-0.135897,10.451,10.4519,0,3.03588
7.65,climb 3.5m,-0.0113228,0.0514946,0.000633925,-0.000186723,0,0,-0.00501496,-0.000788056,0.0025809,3.47031,3.61031,3.44679,0.0730677,3.5,0,0.266324,0.262909,0.266685,0.263049,0.266324,0.263049,0.262909,0.266685,1,0,0,0,-0.000586004,0.00094878,0.00309917,-0.00189699,0.00055606,0.00201051,0.00169072,-4.38505e-05,0.00520006,-0.0010479,0.00163238,0.0321645,0.0225369,10.4884,10.4884,0,3.03869
7.66,climb 3.5m,-0.0113759,0.0515041,0.000411402,-0.000721197,0,0,-0.00542745,-0.00119678,0.00167195,3.47076,3.61076,3.44755,0.0790579,3.5,0,0.263993,0.264217,0.263697,0.264253,0.263993,0.264253,0.264217,0.263697,1,0,0,0,0.000882932,-0.000492265,-0.000343144,-0.00123613,0.00215187,0.0020278,0.00173647,-5.1389e-05,0.00074905,-0.00607487,0.00323971,0.0715252,0.0272488,10.3907,10.391,0,3.06724
7.67,climb 3.5m,-0.0114326,0.0515179,0.000222926,-0.000137937,0,0,-0.00576342,-0.00163175,0.00199608,3.47126,3.61126,3.43444,0.0742831,3.5,0,0.266857,0.267518,0.266389,0.267017,0.266857,0.267017,0.267518,0.266389,1,0,0,0,-8.61575e-05,-0.0018364,-0.000566728,-0.000673758,0.000411899,0.00204251,0.00168043,-4.81432e-05,-0.00127953,0.000403705,-0.00691684,-0.117092,0.029225,10.3635,10.3642,0,3.03381
7.68,climb 3.5m,-0.0114931,0.0515358,0.000156317,-0.000160445,0,0,-0.00614339,-0.00199578,0.00191627,3.47181,3.61181,3.43521,0.079624,3.5,0,0.266396,0.266396,0.266486,0.265965,0.266396,0.265965,0.266396,0.266486,1,0,0,0,-0.00138094,-0.000646556,0.00022906,-0.000476705,0.000475806,0.00204701,0.001681,-4.76326e-05,-0.00312142,-0.00200412,0.00313381,0.0361138,0.0410931,10.3536,10.3537,0,3.03606
7.69,climb 3.5m,-0.0115572,0.0515568,-9.86329e-05,-0.000292923,0,0,-0.00649563,-0.00225919,0.00195736,3.47241,3.61241,3.4568,0.0995495,3.5,0,0.260152,0.260696,0.260168,0.260609,0.260152,0.260609,0.260696,0.260168,1,0,0,0,-0.000273107,-0.000136396,-0.000432897,0.00028373,0.000883554,0.00206762,0.0016899,-4.75632e-05,-0.00604287,0.0048784,0.00760111,0.017725,-0.0627663,10.2446,10.2448,0,3.04255
7.7,climb 3.5m,-0.0116245,0.0515805,0.000106226,-0.00025572,0,0,-0.00678442,-0.00251015,0.00189285,3.47305,3.61305,3.45781,0.103792,3.5,0,0.260098,0.259557,0.260004,0.25961,0.260098,0.25961,0.259557,0.260004,1,0,0,0,0.000392283,-7.68926e-05,0.000410683,-0.000321843,0.000768903,0.00204875,0.00168262,-4.79657e-05,-6.16348e-05,0.0028432,-0.00154945,0.0470567,0.0873271,10.2411,10.2416,0,3.04498
7.71,climb 3.5m,-0.0116949,0.0516063,-0.000136814,-0.000502079,0,0,-0.00706518,-0.00271674,0.00283718,3.47372,3.61372,3.47538,0.119043,3.5,0,0.254188,0.255628,0.254811,0.255745,0.254188,0.255745,0.255628,0.254811,1,0,0,0,-0.00134238,0.00140295,-0.00104327,0.000399014,0.00147741,0.00206557,0.00170027,-4.89131e-05,-0.00555545,-0.0175198,-0.00271091,-0.00496449,-0.118174,10.1424,10.1431,0,3.05833
7.72,climb 3.5m,-0.011768,0.0516344,-0.000178615,-0.000253282,0,0,-0.0072478,-0.00301517,0.00259679,3.47442,3.61442,3.47658,0.120982,3.5,0,0.253455,0.256357,0.253238,0.255625,0.253455,0.255625,0.256357,0.253238,1,0,0,0,-0.0013675,-0.00179968,-0.00232448,0.000524319,0.000762075,0.00206631,0.00167614,-4.82918e-05,-0.0056207,0.00316503,-0.0127497,0.0483358,-0.0406522,9.99855,9.99874,0,3.04637
7.73,climb 3.5m,-0.0118427,0.0516655,-0.000478814,-0.000116804,0,0,-0.00735353,-0.00327283,0.00288864,3.47512,3.61512,3.4733,0.11905,3.5,0,0.255923,0.254805,0.255448,0.255625,0.255923,0.255625,0.254805,0.255448,1,0,0.000690534,0,0.00343514,0.000654463,0.000413481,0.00143608,0.000353035,0.00208664,0.00166218,-4.89902e-05,0.00184281,0.00341498,-0.00763862,-0.0364689,0.0328654,9.94425,9.94437,0,3.03795
7.74,climb 3.5m,-0.0119175,0.0516992,-0.00060348,-0.000133001,0,0,-0.00729119,-0.00355177,0.0026911,3.47583,3.61583,3.47449,0.119366,3.5,0,0.256241,0.253841,0.25627,0.254354,0.256241,0.254354,0.253841,0.25627,1,0,0.000690534,0,0.00128529,0.00102682,0.00189698,0.00179291,0.000371702,0.00209315,0.00166087,-4.86397e-05,-0.00959424,-0.0165432,0.00618969,0.045729,0.0374661,9.71699,9.71717,0,3.04026
7.75,climb 3.5m,-0.0119911,0.0517357,-0.000484461,-0.00029607,0,0,-0.00711533,-0.00381576,0.00322534,3.47654,3.61654,3.46061,0.10838,3.5,0,0.25947,0.25819,0.259368,0.258155,0.25947,0.258155,0.25819,0.259368,1,0,0.000690534,0,0.000178528,-0.000260121,0.00109631,0.00144622,0.000883033,0.00207775,0.00167392,-4.85484e-05,-0.0026952,-0.00178104,0.00687532,-0.0824092,-0.13397,9.76338,9.76465,0,3.05371
7.76,climb 3.5m,-0.0120623,0.0517747,-0.000228064,-0.000410973,0,0,-0.00680545,-0.00403135,0.00238947,3.47724,3.61724,3.46169,0.107828,3.5,0,0.25898,0.258607,0.258564,0.258412,0.25898,0.258412,0.258607,0.258564,1,0,0,0,0.00058577,-0.00115792,0.000230428,0.000688221,0.0012175,0.00205245,0.00168408,-5.00781e-05,0.00473876,-0.00859432,0.00248085,0.0509818,-0.0538077,9.7717,9.77198,0,3.06619
7.77,climb 3.5m,-0.0121298,0.0518152,-0.000378081,-0.000310786,0,0,-0.00647879,-0.00412538,0.00192924,3.47793,3.61793,3.4577,0.103709,3.5,0,0.260684,0.258593,0.26032,0.259464,0.260684,0.259464,0.258593,0.26032,1,0,0,0,0.00327853,0.000960863,0.00129523,0.00113448,0.00093137,0.00206248,0.00167454,-4.98106e-05,0.00221891,0.00101356,0.00412064,-0.0725906,-0.0466388,9.72277,9.72316,0,3.06194
7.78,climb 3.5m,-0.0121943,0.0518567,-0.000599304,-0.000122494,0,0,-0.00618591,-0.00424139,0.00210303,3.47861,3.61861,3.45874,0.103356,3.5,0,0.260169,0.25936,0.259565,0.259311,0.260169,0.259311,0.25936,0.259565,1,0,0,0,0.00147375,-0.00123604,0.000467427,0.00179486,0.000358604,0.00207892,0.00165753,-5.01791e-05,4.52224e-05,-0.00426161,0.000506436,0.058746,0.00141024,9.71977,9.71995,0,3.05195
7.79,climb 3.5m,-0.0122553,0.0518991,-0.000494515,-0.00023057,0,0,-0.00581153,-0.00427406,0.00110505,3.47929,3.61929,3.44067,0.0891836,3.5,0,0.263891,0.264581,0.264043,0.264734,0.263891,0.264734,0.264581,0.264043,1,0,0,0,2.27247e-06,0.000577633,-0.000607716,0.00146431,0.000691319,0.00206818,0.00166719,-5.04125e-05,-0.0107534,0.00140838,-0.00322556,-0.00903119,0.0658465,9.80297,9.8032,0,3.06236
7.8,climb 3.5m,-0.0123125,0.0519418,-0.000401442,-0.000436014,0,0,-0.00544928,-0.00434172,0.00155508,3.47997,3.61997,3.44156,0.0897239,3.5,0,0.264809,0.263545,0.264699,0.263366,0.264809,0.263366,0.263545,0.264699,1,0,0.000690534,0,-0.000184487,-0.000547632,0.0011418,0.00119621,0.00130756,0.00205643,0.0016831,-5.02949e-05,-0.00336059,0.00136612,-0.0129775,0.070383,0.0103834,9.91641,9.91666,0,3.07808
7.81,climb 3.5m,-0.0123658,0.0519857,-0.000357528,-0.000370739,0,0,-0.00501669,-0.00445575,0.00130763,3.48064,3.62064,3.44471,0.0920919,3.5,0,0.263445,0.263433,0.262914,0.263383,0.263445,0.263383,0.263433,0.262914,1,0,0.000976562,0,0.00127674,-0.00110103,-0.000201097,0.00107069,0.00111236,0.00205216,0.0016783,-5.00764e-05,0.000792961,0.00177162,-5.83346e-05,0.0865487,0.00453684,9.81483,9.81521,0,3.07807
7.82,climb 3.5m,-0.012414,0.0520302,-0.000692901,-0.000457948,0,0,-0.00448044,-0.0044872,0.00080504,3.48133,3.62133,3.44564,0.093162,3.5,0,0.263091,0.262919,0.263533,0.262576,0.263091,0.262576,0.262919,0.263533,1,0,0,0,-0.00208242,0.000187008,0.000496033,0.00207235,0.00136635,0.00208008,0.00168134,-5.02519e-05,-0.00215016,-0.00332607,0.0125644,-0.0156949,0.0613644,9.95664,9.95684,0,3.08216
7.83,climb 3.5m,-0.0124567,0.0520749,-0.000849343,-0.000562647,0,0,-0.00395784,-0.00444867,0.000876845,3.48201,3.62201,3.44766,0.0951874,3.5,0,0.263725,0.260998,0.263969,0.261156,0.263725,0.261156,0.260998,0.263969,1,0,0,0,-0.000227707,0.000762446,0.00243519,0.00254577,0.00167821,0.00209308,0.00169092,-5.03073e-05,0.00058103,-0.00478595,-0.00942256,0.0473413,-0.0709407,9.90153,9.9019,0,3.08928
7.84,climb 3.5m,-0.0124945,0.052119,-0.00109119,-0.000254699,0,0,-0.00352141,-0.00441517,0.000651325,3.48271,3.62271,3.44862,0.0965188,3.5,0,0.261989,0.262303,0.262088,0.262251,0.261989,0.262251,0.262303,0.262088,1,0,0.000690534,0,-0.000399623,8.931e-05,-0.000209628,0.00328373,0.000764159,0.00211412,0.00166247,-5.10284e-05,0.0088892,0.00170009,0.0039381,-0.0220152,0.0534728,9.85786,9.85803,0,3.0722
7.85,climb 3.5m,-0.012529,0.0521633,-0.00129094,7.88298e-05,0,0,-0.00324079,-0.00446581,0.00218994,3.48342,3.62342,3.43203,0.0850993,3.5,0,0.265375,0.26685,0.266077,0.26703,0.265375,0.26703,0.26685,0.266077,1,0,0.000690534,0,-0.00138495,0.00166943,-0.00106756,0.00388488,-0.000245098,0.00213204,0.0016302,-5.25929e-05,0.0101848,-0.00410669,-0.00173832,-0.0470329,0.103586,9.83945,9.8401,0,3.05413
7.86,climb 3.5m,-0.0125617,0.052208,-0.00119445,-0.0002799,0,0,-0.0030827,-0.00450234,0.00171348,3.48414,3.62414,3.43289,0.0867636,3.5,0,0.266939,0.264768,0.267411,0.265036,0.266939,0.265036,0.264768,0.267411,1,0,0,0,-0.000541058,0.00140258,0.00199817,0.00358142,0.000840224,0.0021229,0.00166238,-5.21947e-05,0.000841895,0.00201804,-0.00494085,-0.0398379,-0.103642,10.1265,10.1271,0,3.07827
7.87,climb 3.5m,-0.0125934,0.0522526,-0.000734913,-0.000330625,0,0,-0.00301159,-0.00447821,0.0030376,3.48487,3.62487,3.44117,0.0943008,3.5,0,0.265342,0.262072,0.265095,0.262612,0.265342,0.262612,0.262072,0.265095,1,0,0.000690534,0,0.00209087,0.000554672,0.00252875,0.00221064,0.000982343,0.00208362,0.00166627,-5.28853e-05,0.00601274,-0.00468405,-0.0047339,0.0692862,-0.0608562,9.92947,9.9299,0,3.08921
7.88,climb 3.5m,-0.0126243,0.0522972,-0.000914671,-0.00012283,0,0,-0.00288506,-0.00454067,0.00293903,3.48562,3.62562,3.44213,0.0965446,3.5,0,0.263318,0.263622,0.263303,0.263351,0.263318,0.263351,0.263622,0.263303,1,0,0.000690534,0,-0.000676814,-0.000543512,-0.000154722,0.00274446,0.00035557,0.00210034,0.00164599,-5.28397e-05,0.00239855,-0.00697392,0.00785722,-0.0783282,0.128425,9.9949,9.99604,0,3.07837
7.89,climb 3.5m,-0.0126548,0.0523422,-0.000648703,-0.000331034,0,0,-0.00285771,-0.00451007,0.00299872,3.48639,3.62639,3.42205,0.0835169,3.5,0,0.268838,0.267985,0.268603,0.26811,0.268838,0.26811,0.267985,0.268603,1,0,0,0,0.000954296,-0.000210558,0.000591374,0.0019439,0.000992012,0.0020746,0.00166383,-5.40159e-05,0.00060338,0.000935988,0.00088888,-0.0538486,0.0251702,10.0338,10.034,0,3.09603
7.9,climb 3.5m,-0.0126845,0.052387,-0.000339662,-0.000280458,0,0,-0.002817,-0.00451482,0.00236671,3.48719,3.62719,3.42289,0.0862548,3.5,0,0.268283,0.26773,0.268473,0.267458,0.268283,0.267458,0.26773,0.268473,1,0,0,0,-0.00122372,-0.000155857,0.000689288,0.00100714,0.000836762,0.00204819,0.00166002,-5.48785e-05,-0.00584916,-0.0014161,0.00595792,0.0404209,0.00174604,10.1484,10.1484,0,3.09975
7.91,climb 3.5m,-0.0127138,0.0524317,-0.000102638,-0.000518655,0,0,-0.00291297,-0.00448061,0.00115389,3.48801,3.62801,3.42895,0.0933901,3.5,0,0.266054,0.26641,0.26575,0.266571,0.266054,0.266571,0.26641,0.26575,1,0,0,0,0.00123544,-0.000271235,-0.000517432,0.00031587,0.00155446,0.00202943,0.00168118,-5.6576e-05,0.00733012,0.000679743,-0.00747035,0.0284021,0.0358715,10.1819,10.182,0,3.11884
7.92,climb 3.5m,-0.0127442,0.0524766,-0.000476696,-0.000473772,0,0,-0.00305448,-0.00456403,0.000418177,3.48886,3.62886,3.4299,0.0966725,3.5,0,0.266025,0.265422,0.266057,0.265362,0.266025,0.265362,0.265422,0.266057,1,0,0,0,-0.00024377,-5.30425e-05,0.000571097,0.00141016,0.00141007,0.00206131,0.00167623,-5.66521e-05,-0.0112213,-0.00582396,0.000119611,-0.0505679,0.0330149,10.1152,10.1154,0,3.11472
7.93,climb 3.5m,-0.0127758,0.0525227,-0.000212944,-0.000397796,0,0,-0.00316976,-0.00466374,0.00127616,3.48974,3.62974,3.44696,0.111645,3.5,0,0.262551,0.259956,0.262259,0.259756,0.262551,0.259756,0.259956,0.262259,1,0,0,0,0.000245307,-0.000931596,0.00224093,0.000627555,0.0011948,0.00203918,0.00167029,-5.67223e-05,-0.00547534,0.00260663,0.00627606,0.122725,0.0211079,10.1509,10.1517,0,3.11663
7.94,climb 3.5m,-0.0128082,0.0525691,-0.000627293,-0.000475056,0,0,-0.00318927,-0.00467737,0.00150855,3.49065,3.63065,3.44809,0.114483,3.5,0,0.260755,0.260548,0.260973,0.260307,0.260755,0.260307,0.260548,0.260973,1,0,0,0,-0.00121625,-4.40416e-05,0.000383537,0.00187759,0.00142973,0.00207295,0.00167417,-5.78762e-05,-0.00078426,0.00471611,-0.00128581,0.0311088,-0.069868,10.0075,10.0077,0,3.119
7.95,climb 3.5m,-0.0128405,0.0526162,-0.000744818,-0.000655507,0,0,-0.00314522,-0.00477606,0.000742095,3.49158,3.63158,3.45666,0.122137,3.5,0,0.258014,0.258831,0.257315,0.25913,0.258014,0.25913,0.258831,0.257315,1,0,0,0,0.00264617,-0.000757636,-0.00115665,0.00223162,0.00197016,0.00208424,0.00169132,-5.82675e-05,0.000200687,0.00411174,0.0102852,0.169327,0.00370276,9.98219,9.98362,0,3.13079
7.96,climb 3.5m,-0.0128723,0.052664,-0.00105672,-0.000205461,0,0,-0.00303594,-0.00480644,0.00216228,3.49252,3.63252,3.45789,0.123713,3.5,0,0.258086,0.257756,0.258199,0.257711,0.258086,0.257711,0.257756,0.258199,1,0,0,0,-0.000420589,0.000128765,0.000359328,0.00316955,0.000619288,0.00211111,0.00165103,-6.04627e-05,0.00170099,0.00358449,0.00275351,-0.0445029,0.0853854,9.96358,9.96404,0,3.105
7.97,climb 3.5m,-0.0129034,0.052712,-0.00130426,0.000226154,0,0,-0.00293497,-0.00484462,0.00241225,3.49348,3.63348,3.44087,0.111781,3.5,0,0.262644,0.261833,0.262292,0.262175,0.262644,0.262175,0.261833,0.262292,1,0,0.000690534,0,0.00184016,-1.92894e-05,0.000407655,0.00390708,-0.000673045,0.00213185,0.00161261,-6.24436e-05,-0.00166881,0.00521382,0.00684456,-0.0272803,0.0177918,9.9791,9.97915,0,3.08103
7.98,climb 3.5m,-0.012933,0.0527601,-0.001357,-0.00015913,0,0,-0.00272279,-0.00483287,0.00233485,3.49444,3.63444,3.442,0.112916,3.5,0,0.262336,0.26142,0.262515,0.261405,0.262336,0.261405,0.26142,0.262515,1,0,0.000976562,0,-0.000513248,0.000310969,0.000890067,0.0040693,0.000462126,0.00213626,0.00164638,-6.07097e-05,0.000995609,-0.008529,-0.00141144,-0.00600861,-0.078978,9.94169,9.942,0,3.10513
7.99,climb 3.5m,-0.0129601,0.0528082,-0.0010047,-0.000392363,0,0,-0.00249337,-0.00483047,0.00187776,3.49541,3.63541,3.45103,0.1199,3.5,0,0.258363,0.260793,0.258027,0.261101,0.258363,0.261101,0.260793,0.258027,1,0,0.00119604,0,0.0017073,-5.32807e-05,-0.00241904,0.00300554,0.00117646,0.002106,0.00166731,-6.09524e-05,-0.00359015,0.00124761,0.000691717,0.0375409,0.0874904,9.87046,9.87092,0,3.12526
8,climb 3.5m,-0.0129849,0.0528558,-0.001188,-0.000424581,0,0,-0.00220973,-0.0047385,0.00199721,3.49639,3.63639,3.45223,0.120672,3.5,0,0.257692,0.26084,0.257697,0.260847,0.257692,0.260847,0.26084,0.257697,1,0,0,0,5.85184e-06,2.3103e-05,-0.00276871,0.0035555,0.00128827,0.00212214,0.00166915,-6.10092e-05,-0.00353397,0.0113558,-0.00197021,-0.0403276,-0.0694123,9.84602,9.84635,0,3.12795
8.01,climb 3.5m,-0.0130069,0.0529027,-0.00135345,0.000172724,0,0,-0.00190797,-0.00473649,0.00272457,3.49738,3.63738,3.45564,0.122735,3.5,0,0.258857,0.258438,0.25864,0.257812,0.258857,0.257812,0.258438,0.25864,1,0,0.00119604,0,-0.00108255,-0.00159643,0.000548477,0.00404838,-0.000509001,0.00213791,0.00161714,-6.42541e-05,-0.00584833,0.00773745,-0.00515397,0.0362588,0.0395807,9.89657,9.89671,0,3.09543
8.02,climb 3.5m,-0.0130265,0.0529495,-0.00138985,4.87697e-05,0,0,-0.00177335,-0.00464018,0.00231586,3.49836,3.63836,3.45687,0.123243,3.5,0,0.257514,0.258742,0.258114,0.258233,0.257514,0.258233,0.258742,0.258114,1,0,0.00119604,0,-0.00293959,0.00017215,-0.000592253,0.00416082,-0.000154178,0.00214189,0.00162614,-6.40312e-05,-0.00369113,-0.00363221,0.00893165,-0.0550825,-0.0552672,9.83335,9.83366,0,3.10484
8.03,climb 3.5m,-0.0130449,0.0529948,-0.00148714,-1.31101e-05,0,0,-0.00163095,-0.00451191,0.00141291,3.49934,3.63934,3.46864,0.13078,3.5,0,0.253991,0.255992,0.254467,0.256475,0.253991,0.256475,0.255992,0.254467,1,0,0.000690534,0,1.79986e-05,0.00181907,-0.00176196,0.00448718,4.28193e-05,0.00215187,0.00163118,-6.33691e-05,0.0193267,0.00394994,0.00484412,-0.0391901,-0.0726055,9.75832,9.75867,0,3.10999
8.04,climb 3.5m,-0.0130611,0.0530396,-0.00147683,-0.00017388,0,0,-0.00141881,-0.00447231,0.0014316,3.50031,3.64031,3.46994,0.130148,3.5,0,0.256117,0.254034,0.255575,0.254409,0.256117,0.254409,0.254034,0.255575,1,0,0.00119604,0,0.00243444,-0.000317724,0.001428,0.00442214,0.000510561,0.00215056,0.00164526,-6.18085e-05,-0.0034131,-0.00573231,-0.0062145,-0.0337095,-0.0209518,9.73377,9.73385,0,3.12185
8.05,climb 3.5m,-0.0130745,0.0530836,-0.00153586,-0.000313284,0,0,-0.00111005,-0.00434331,0.00121012,3.50127,3.64127,3.4727,0.129922,3.5,0,0.256095,0.252954,0.256073,0.252981,0.256095,0.252981,0.252954,0.256073,1,0,0.00119604,0,0.00012958,9.45013e-06,0.00273966,0.0046051,0.000916926,0.0021567,0.00165441,-6.08291e-05,0.000499642,-0.0136282,-0.00102498,-0.0783559,0.00342731,9.70365,9.70396,0,3.13165
8.06,climb 3.5m,-0.0130848,0.0531261,-0.00132206,-2.38714e-05,0,0,-0.000852471,-0.00415224,0.00120149,3.50222,3.64222,3.47399,0.128254,3.5,0,0.25501,0.253608,0.254911,0.254176,0.25501,0.254176,0.253608,0.254911,1,0,0.000690534,0,0.0017685,0.00088676,0.000939053,0.00395807,6.49149e-05,0.00213806,0.00163038,-6.25333e-05,-0.0032793,-0.00283237,-0.00268792,-0.0678229,-0.0618408,9.66233,9.66277,0,3.12028
8.07,climb 3.5m,-0.0130927,0.0531668,-0.00118654,-0.00026059,0,0,-0.000556234,-0.00403896,0.00167641,3.50314,3.64314,3.47825,0.128297,3.5,0,0.252905,0.253878,0.25331,0.254324,0.252905,0.254324,0.253878,0.25331,1,0,0,0,0.000109055,0.00161288,-0.000873426,0.00356285,0.000766953,0.00212748,0.00164909,-6.21788e-05,0.00427813,-0.00822739,-0.00165393,-0.0951191,-0.000445921,9.49973,9.50021,0,3.13749
8.08,climb 3.5m,-0.0130987,0.0532068,-0.00131034,-0.000184159,0,0,-0.000403467,-0.00401191,0.0030468,3.50403,3.64403,3.47952,0.126128,3.5,0,0.254232,0.252859,0.253939,0.253201,0.254232,0.253201,0.252859,0.253939,1,0,0.000690534,0,0.00168447,9.20571e-05,0.000927426,0.00393127,0.000551462,0.0021412,0.00164222,-6.24945e-05,0.00231078,0.000952005,0.00991729,-0.0917806,-0.0141971,9.54504,9.54549,0,3.13411
8.09,climb 3.5m,-0.0131038,0.0532461,-0.00143841,-0.000207454,0,0,-0.00034833,-0.00389459,0.00196764,3.5049,3.6449,3.49617,0.134449,3.5,0,0.249467,0.249786,0.249749,0.249578,0.249467,0.249578,0.249786,0.249749,1,0,0.00119604,0,-0.00130238,0.000140631,-6.49682e-05,0.00432332,0.000616277,0.00215647,0.00164573,-6.20686e-05,0.0075517,-0.00240449,-0.00483183,-0.0460142,0.0475268,9.49728,9.49751,0,3.13625
8.1,climb 3.5m,-0.0131087,0.0532839,-0.00147043,0.000257851,0,0,-0.000430071,-0.00371463,0.00277296,3.50573,3.64573,3.4975,0.131024,3.5,0,0.249392,0.250077,0.249534,0.249766,0.249392,0.249766,0.250077,0.249534,1,0,0.00119604,0,-0.00120425,-0.000319746,-0.000402841,0.0044149,-0.000790669,0.00216184,0.00160438,-6.34688e-05,0.00456136,-0.00980358,-0.0013543,-0.044371,-0.12855,9.4059,9.40688,0,3.11192
8.11,climb 3.5m,-0.0131152,0.0533199,-0.00150632,0.000282324,0,0,-0.000571458,-0.0035793,0.00287343,3.50652,3.64652,3.51071,0.135537,3.5,0,0.246263,0.247154,0.247041,0.246633,0.246263,0.246633,0.247154,0.247041,1,0,0.000976562,0,-0.00344772,0.000487884,-0.000212736,0.00451781,-0.000855293,0.00216729,0.00159832,-6.35641e-05,0.00141155,-0.00394499,-0.00205796,0.0029296,-0.000122406,9.33981,9.3398,0,3.11224
8.12,climb 3.5m,-0.0131234,0.0533549,-0.00149082,0.00018374,0,0,-0.000811184,-0.00346267,0.00242571,3.50726,3.64726,3.51204,0.130532,3.5,0,0.246883,0.246907,0.247228,0.246824,0.246883,0.246824,0.246907,0.247228,1,0,0.00119604,0,-0.00113643,0.000497899,0.000166955,0.00448787,-0.000560398,0.00216846,0.00160644,-6.27676e-05,0.0124537,-0.00450995,-0.00223977,-0.0836244,-0.0793929,9.21241,9.21313,0,3.12001
8.13,climb 3.5m,-0.0131337,0.0533888,-0.00150685,0.000404662,0,0,-0.00102936,-0.00336548,0.00186243,3.50794,3.64794,3.51734,0.127703,3.5,0,0.246644,0.245867,0.246251,0.24607,0.246644,0.24607,0.245867,0.246251,1,0,0.000690534,0,0.00158192,-0.000360821,0.000420676,0.00453006,-0.00121353,0.00217164,0.00158443,-6.38369e-05,0.00851855,0.00189799,-0.00781113,-0.0613053,0.0995906,9.23103,9.23177,0,3.10944
8.14,climb 3.5m,-0.0131456,0.0534215,-0.00151653,0.000349385,0,0,-0.00110259,-0.00322063,0.00190811,3.50856,3.64856,3.51859,0.121543,3.5,0,0.24632,0.246932,0.246453,0.246399,0.24632,0.246399,0.246932,0.246453,1,0,0.000976562,0,-0.00176637,-0.00075984,-0.000245328,0.00455236,-0.00104782,0.00217425,0.00158841,-6.30271e-05,0.00400842,0.0017921,0.0131382,0.0614188,-0.0104885,9.25781,9.25802,0,3.11442
8.15,climb 3.5m,-0.013158,0.0534524,-0.0015075,0.000249963,0,0,-0.00114007,-0.00298693,0.00246427,3.50911,3.64911,3.51103,0.108617,3.5,0,0.249673,0.24825,0.249691,0.24887,0.249673,0.24887,0.24825,0.249691,1,0,0.00154408,0,0.00159658,0.00121089,0.000986049,0.00451907,-0.000766179,0.00217391,0.00159492,-6.23657e-05,-0.000116952,-0.00925447,-0.00735659,-0.0304607,-0.0826103,9.19602,9.19644,0,3.12199
8.16,climb 3.5m,-0.0131704,0.0534808,-0.00140685,0.000595911,0,0,-0.00106388,-0.00274784,0.00269973,3.50959,3.64959,3.51209,0.101969,3.5,0,0.248606,0.250159,0.248947,0.250385,0.248606,0.250385,0.250159,0.248947,1,0,0.000976562,0,-0.000303912,0.00107219,-0.00131477,0.0042215,-0.00178866,0.00216794,0.0015623,-6.55252e-05,0.00279844,0.000948395,-0.00428917,-0.086427,0.0344671,9.19028,9.19075,0,3.10544
8.17,climb 3.5m,-0.0131822,0.0535072,-0.0013798,0.000897914,0,0,-0.00101664,-0.00258309,0.00230733,3.51,3.65,3.505,0.0895429,3.5,0,0.2518,0.25245,0.251128,0.252592,0.2518,0.252592,0.25245,0.251128,1,0,0.00119604,0,0.00215921,-0.00100496,-0.000929186,0.0041332,-0.00269522,0.00216775,0.00153741,-6.71532e-05,-0.00196181,0.000546961,0.00335512,0.0336334,0.0372018,9.15885,9.15898,0,3.09041
8.18,climb 3.5m,-0.0131933,0.0535316,-0.00123724,0.000856438,0,0,-0.000966495,-0.00233442,0.00197269,3.51034,3.65034,3.50586,0.0831147,3.5,0,0.253003,0.251791,0.252489,0.252393,0.253003,0.252393,0.251791,0.252489,1,0,0.000690534,0,0.00296239,0.000164835,0.0005752,0.00371753,-0.00258195,0.00215694,0.00154005,-6.81833e-05,0.00602132,-0.00689528,0.00752508,-0.0175969,-0.13543,9.22562,9.22663,0,3.09589
8.19,climb 3.5m,-0.0132036,0.0535533,-0.00140144,0.000863491,0,0,-0.00085066,-0.00207646,0.00158652,3.51062,3.65062,3.49626,0.0695882,3.5,0,0.254794,0.256035,0.255062,0.255998,0.254794,0.255998,0.256035,0.255062,1,0,0.00119604,0,-0.000810016,0.000439032,-0.000956315,0.00420333,-0.00258884,0.00217237,0.00153562,-6.63559e-05,0.00152668,0.00262808,-0.00134514,-0.00573134,0.0079796,9.30842,9.30842,0,3.09495
8.2,climb 3.5m,-0.0132125,0.053573,-0.00173943,0.000790142,0,0,-0.000741315,-0.0018971,0.00170197,3.51084,3.65084,3.49692,0.0639845,3.5,0,0.255627,0.256262,0.255647,0.255897,0.255627,0.255897,0.256262,0.255647,1,0,0.00154408,0,-0.00102274,-0.000652875,-0.000388873,0.00522603,-0.00238258,0.0022034,0.00153937,-6.22493e-05,0.00737326,-0.00656448,-0.000520108,-0.0976276,-0.123889,9.24668,9.24802,0,3.09647
8.21,climb 3.5m,-0.0132204,0.0535906,-0.00172713,0.000929013,0,0,-0.000671187,-0.00165092,0.00149629,3.511,3.651,3.48149,0.0474964,3.5,0,0.259724,0.260886,0.25961,0.260929,0.259724,0.260929,0.260886,0.25961,1,0,0.00195312,0,0.000415857,-0.000132723,-0.00109043,0.005201,-0.00279943,0.0022045,0.00152503,-6.30584e-05,0.0152857,-0.00672839,-0.00282948,-0.0950317,0.0587944,9.36427,9.36494,0,3.08989
8.22,climb 3.5m,-0.0132274,0.0536059,-0.00144294,0.000791459,0,0,-0.00057266,-0.00142686,0.00110369,3.51112,3.65112,3.48195,0.0434037,3.5,0,0.260356,0.260728,0.26075,0.260502,0.260356,0.260502,0.260728,0.26075,1,0,0.00154408,0,-0.00164402,0.000317842,-5.44537e-05,0.00433768,-0.00235265,0.00217953,0.00153676,-6.54819e-05,0.00809702,0.0160212,-0.00176612,0.0948912,0.0180538,9.3844,9.3849,0,3.10176
8.23,climb 3.5m,-0.0132333,0.0536191,-0.0013334,0.000803158,0,0,-0.000434772,-0.00122764,0.00217633,3.51119,3.65119,3.48552,0.0423501,3.5,0,0.260847,0.259236,0.260749,0.259253,0.260847,0.259253,0.259236,0.260749,1,0,0.00119604,0,0.00030751,-0.000153656,0.00136539,0.00399123,-0.0024269,0.00217183,0.001533,-6.6598e-05,-0.00380516,-0.0100825,-0.00178016,0.00349472,-0.105979,9.57759,9.57817,0,3.10316
8.24,climb 3.5m,-0.0132386,0.0536304,-0.00104615,0.00125259,0,0,-0.000375463,-0.00113375,0.00205394,3.51124,3.65124,3.48593,0.0394232,3.5,0,0.260831,0.25978,0.260099,0.260146,0.260831,0.260146,0.25978,0.260099,1,0,0.00119604,0,0.00291172,-0.000694594,0.000441296,0.00315236,-0.00377134,0.00214988,0.0014913,-6.83255e-05,0.0114235,-0.00755843,0.00446033,-0.0163319,-0.162427,9.53512,9.53652,0,3.08201
8.25,climb 3.5m,-0.0132427,0.053641,-0.00114724,0.0013356,0,0,-0.000201763,-0.0010096,0.00225903,3.51125,3.65125,3.50037,0.0470629,3.5,0,0.256354,0.257615,0.255857,0.257337,0.256354,0.257337,0.257615,0.255857,1,0,0.00119604,0,0.000581457,-0.00146812,-0.00120517,0.00343678,-0.00401219,0.00215872,0.00148235,-6.67433e-05,-0.00113319,-0.00211123,0.0021886,0.0337436,0.0216197,9.50729,9.50738,0,3.07681
8.26,climb 3.5m,-0.0132452,0.0536495,-0.00105418,0.00113787,0,0,8.17606e-06,-0.000739569,0.00290724,3.51124,3.65124,3.50083,0.0448796,3.5,0,0.25831,0.255199,0.258482,0.255627,0.25831,0.255627,0.255199,0.258482,1,0,0.000976562,0,0.000677185,0.00113777,0.00262221,0.0031542,-0.00341389,0.00215213,0.00149469,-6.81049e-05,-0.00340605,0.00129817,-0.000732727,0.0532338,-0.000873084,9.57806,9.57821,0,3.0895
8.27,climb 3.5m,-0.0132455,0.0536556,-0.00095409,0.0013126,0,0,0.000182502,-0.000559067,0.00215247,3.5112,3.6512,3.51327,0.0511603,3.5,0,0.254737,0.253097,0.254779,0.253299,0.254737,0.253299,0.253097,0.254779,1,0,0.000690534,0,0.000423852,0.000462001,0.001371,0.00285992,-0.003924,0.00214641,0.00147671,-6.85296e-05,0.00058472,0.0106765,-0.00347451,0.0535013,0.0155811,9.53435,9.53451,0,3.08125
8.28,climb 3.5m,-0.0132444,0.0536603,-0.00117377,0.00134716,0,0,0.000243601,-0.000450352,0.00277197,3.51114,3.65114,3.51377,0.0484759,3.5,0,0.253592,0.254654,0.253354,0.254884,0.253592,0.254884,0.254654,0.253354,1,0,0.00154408,0,0.00124344,-1.42214e-05,-0.00113909,0.00351682,-0.00403693,0.00216699,0.00146924,-6.47276e-05,-0.000829401,0.00449422,-0.000329596,0.0796788,-0.0346298,9.48868,9.48907,0,3.07695
8.29,climb 3.5m,-0.0132436,0.0536643,-0.000949661,0.00120945,0,0,0.000212057,-0.000405694,0.00294049,3.51104,3.65104,3.51634,0.0470656,3.5,0,0.253448,0.2542,0.253242,0.25414,0.253448,0.25414,0.2542,0.253242,1,0,0.000976562,0,0.000388061,-0.000502958,-0.000725298,0.00285639,-0.00363721,0.0021509,0.00147729,-6.75518e-05,0.00708635,-0.00443169,0.00120145,-0.00836291,0.0151305,9.47082,9.47083,0,3.08754
8.3,climb 3.5m,-0.0132429,0.0536676,-0.000743548,0.00132528,0,0,0.000213248,-0.000341076,0.0022903,3.51091,3.65091,3.5168,0.0439344,3.5,0,0.255046,0.252691,0.25557,0.252498,0.255046,0.252498,0.252691,0.25557,1,0,0.00119604,0,-0.00190117,0.000626165,0.00238554,0.00224838,-0.00398293,0.00213767,0.00146386,-6.91006e-05,0.0139569,-0.0032578,0.00384679,-0.0131233,-0.0644371,9.44978,9.45,0,3.08372
8.31,climb 3.5m,-0.0132419,0.0536707,-0.000829126,0.00124315,0,0,0.000146865,-0.000330333,0.00210774,3.51075,3.65075,3.52882,0.048912,3.5,0,0.250398,0.252148,0.250423,0.251914,0.250398,0.251914,0.252148,0.250423,1,0,0.000690534,0,-0.000684116,-0.000396586,-0.00142433,0.00249132,-0.00373999,0.0021491,0.00146715,-6.74724e-05,0.00478602,-0.00556302,-0.00718724,0.0257109,0.012858,9.44466,9.4447,0,3.08744
8.32,climb 3.5m,-0.0132423,0.0536735,-0.000833461,0.00111249,0,0,-3.50238e-05,-0.000282768,0.00201359,3.51055,3.65055,3.52929,0.0450656,3.5,0,0.251523,0.251516,0.251441,0.251412,0.251523,0.251412,0.251516,0.251441,1,0,0.000976562,0,-5.70492e-05,-0.000352351,1.63535e-05,0.00251087,-0.0033372,0.0021541,0.00147436,-6.67381e-05,0.0091438,0.00165592,0.00172339,0.00361074,-0.093924,9.39835,9.39882,0,3.09486
8.33,climb 3.5m,-0.013245,0.053676,-0.000697754,0.000890437,0,0,-0.000335384,-0.000279538,0.00195672,3.51031,3.65031,3.5139,0.0297581,3.5,0,0.255427,0.256189,0.255147,0.256323,0.255427,0.256323,0.256189,0.255147,1,0,0.00119604,0,0.00109668,-0.000278406,-0.000851572,0.00211323,-0.00268044,0.00214644,0.00148882,-6.77439e-05,0.015471,-0.00459084,-0.0134704,0.0125066,-0.0927336,9.42097,9.42143,0,3.10912
8.34,climb 3.5m,-0.0132512,0.0536789,-0.00107157,0.00112646,0,0,-0.000718416,-0.000349774,0.00165068,3.51002,3.65002,3.51418,0.0261808,3.5,0,0.254974,0.257136,0.255161,0.256923,0.254974,0.256923,0.257136,0.255161,1,0,0.000976562,0,-0.00105941,-4.77261e-05,-0.00172501,0.00320394,-0.00337976,0.00217977,0.00146586,-6.40856e-05,-0.00499283,0.00121662,0.00032088,-0.0730534,-0.107037,9.49819,9.49907,0,3.09166
8.35,climb 3.5m,-0.0132613,0.0536824,-0.00129315,0.00111529,0,0,-0.00105577,-0.000404851,0.00241973,3.5097,3.6497,3.5003,0.0125069,3.5,0,0.260748,0.258737,0.260713,0.259477,0.260748,0.259477,0.258737,0.260713,1,0,0.00154408,0,0.00205579,0.00133724,0.00142689,0.00387184,-0.00335677,0.00219796,0.00146146,-6.20179e-05,-0.00287986,-0.00582446,0.010396,-0.0146276,-0.0846606,9.51121,9.5116,0,3.09001
8.36,climb 3.5m,-0.0132741,0.0536865,-0.00160397,0.00148165,0,0,-0.00125599,-0.000490921,0.0020854,3.50934,3.64934,3.50041,0.00956837,3.5,0,0.260299,0.260065,0.260085,0.260256,0.260299,0.260256,0.260065,0.260085,1,0,0.00182698,0,0.00107795,-4.32011e-05,2.76941e-05,0.00481683,-0.00445291,0.00222547,0.00142639,-6.10931e-05,0.00551324,-0.00388181,0.00095076,-0.0713664,-0.0973025,9.61606,9.61681,0,3.06627
8.37,climb 3.5m,-0.0132884,0.0536914,-0.00165868,0.00149388,0,0,-0.00136975,-0.000531924,0.00197199,3.50896,3.64896,3.48117,-0.00659058,3.5,0,0.264442,0.26631,0.264542,0.265888,0.264442,0.265888,0.26631,0.264542,1,0,0.00182698,0,-0.00138602,-0.000612272,-0.00141266,0.00497768,-0.00449609,0.00223037,0.00142198,-6.05756e-05,0.00332559,-0.00820827,0.00329352,-0.0689306,-0.118303,9.71087,9.71184,0,3.06541
8.38,climb 3.5m,-0.0133039,0.0536962,-0.00193945,0.00167785,0,0,-0.00155489,-0.000448148,0.00184234,3.50855,3.64855,3.48109,-0.00786729,3.5,0,0.265838,0.264976,0.265839,0.265103,0.265838,0.265103,0.264976,0.265839,1,0,0.00258374,0,0.000335452,0.000244275,0.000702367,0.00582872,-0.00502385,0.00225712,0.0014053,-5.83601e-05,0.00918598,0.00787778,-0.00207353,-0.143852,-0.075624,9.77647,9.77782,0,3.05239
8.39,climb 3.5m,-0.0133209,0.0536997,-0.00214017,0.00166568,0,0,-0.00164779,-0.000288643,0.00127176,3.50814,3.64814,3.47932,-0.00954432,3.5,0,0.264691,0.267041,0.26471,0.267329,0.264691,0.267329,0.267041,0.26471,1,0,0.00248976,0,0.000712582,0.000582261,-0.0021836,0.00641008,-0.00500474,0.0022734,0.00140174,-5.55853e-05,-0.00469427,-0.0037422,0.00367499,0.000898845,0.0218874,9.94325,9.94327,0,3.05127
8.4,climb 3.5m,-0.0133377,0.0537017,-0.00196206,0.00204515,0,0,-0.00153882,-0.000117586,0.00149277,3.50772,3.64772,3.47923,-0.00916502,3.5,0,0.264868,0.267342,0.265057,0.266439,0.264868,0.266439,0.267342,0.265057,1,0,0.00267443,0,-0.00289747,-0.00135396,-0.00169481,0.00588371,-0.00613997,0.00226085,0.00136757,-6.5349e-05,0.000613575,-0.00163804,-0.000756304,0.00786213,-0.0051534,9.80054,9.80055,0,3.03223
8.41,climb 3.5m,-0.0133539,0.0537013,-0.0021153,0.00172641,0,0,-0.00151207,0.000194261,0.00162333,3.50731,3.64731,3.48766,-0.0019251,3.5,0,0.264411,0.263028,0.263998,0.263308,0.264411,0.263308,0.263028,0.263998,1,0,0.00248976,0,0.00183956,-0.000249381,0.000911208,0.00635978,-0.00519116,0.0022747,0.00138994,-5.88053e-05,0.0115324,-0.00655838,0.000755269,-0.0265567,-0.132726,9.97844,9.97936,0,3.04862
8.42,climb 3.5m,-0.0133692,0.0536975,-0.00231532,0.00152282,0,0,-0.00138095,0.000512039,0.00212439,3.5069,3.6469,3.48765,-0.000750329,3.5,0,0.263749,0.263287,0.263285,0.264014,0.263749,0.264014,0.263287,0.263285,1,0,0.00258374,0,0.00315709,0.000497697,-0.000117252,0.00696258,-0.00458124,0.00229402,0.00140172,-5.38021e-05,0.0133758,-0.00712249,-0.00149414,-0.119202,-0.112302,9.99158,9.99292,0,3.05786
8.43,climb 3.5m,-0.0133834,0.0536909,-0.00247975,0.00164884,0,0,-0.00115524,0.000757341,0.00241392,3.50651,3.64651,3.46191,-0.0177427,3.5,0,0.270174,0.269618,0.270413,0.269775,0.270174,0.269775,0.269618,0.270413,1,0,0.00284714,0,-0.00021838,0.000750062,0.000524761,0.00743811,-0.00493551,0.00230604,0.00138706,-5.47233e-05,0.00152604,0.0086921,0.0134318,-0.0551007,0.0362003,9.92932,9.92954,0,3.04881
8.44,climb 3.5m,-0.0133949,0.0536819,-0.00203408,0.00171465,0,0,-0.0009146,0.00103735,0.00207889,3.50614,3.64614,3.46175,-0.0151824,3.5,0,0.269433,0.269986,0.269306,0.270518,0.269433,0.270518,0.269986,0.269306,1,0,0.00248976,0,0.00174603,0.000766476,-0.000775572,0.00610742,-0.00514182,0.00227082,0.00137881,-6.14149e-05,0.00573599,0.0028092,-0.00668101,-0.195838,-0.077146,10.1302,10.1324,0,3.04959
8.45,climb 3.5m,-0.0134035,0.0536702,-0.00198355,0.00164655,0,0,-0.000605567,0.00126193,0.00159007,3.50579,3.64579,3.47009,-0.00602027,3.5,0,0.268721,0.265925,0.268811,0.266166,0.268721,0.266166,0.265925,0.268811,1,0,0.00258374,0,0.000402442,0.000626047,0.00239141,0.00596175,-0.00496171,0.00226995,0.00137979,-6.15184e-05,0.00968621,-0.0133146,-0.00840055,0.0311141,-0.0105659,10.1253,10.1254,0,3.05343
8.46,climb 3.5m,-0.0134091,0.0536564,-0.00216295,0.00186354,0,0,-0.000337258,0.00144564,0.00218052,3.50547,3.64547,3.47005,-0.00289097,3.5,0,0.267104,0.267348,0.266708,0.267372,0.267104,0.267372,0.267348,0.266708,1,0,0.00284714,0,0.00111562,-0.000707046,-0.000399231,0.00648203,-0.00560121,0.00228439,0.00135464,-6.26096e-05,-0.00226037,-0.00571097,0.00347132,-0.238606,-0.0834755,10.1401,10.1432,0,3.03854
8.47,climb 3.5m,-0.013412,0.0536414,-0.00231245,0.0020398,0,0,-2.06168e-05,0.00148553,0.00155343,3.50518,3.64518,3.47524,0.00451744,3.5,0,0.265696,0.265372,0.265373,0.265463,0.265696,0.265463,0.265372,0.265373,1,0,0.00300997,0,0.00109869,-0.000438708,0.000102847,0.00693617,-0.0061356,0.00229952,0.0013341,-6.23394e-05,0.00152911,-0.00945977,-0.00273439,0.0209072,0.0555016,10.127,10.1272,0,3.02619
8.48,climb 3.5m,-0.0134118,0.053626,-0.00239383,0.00191406,0,0,0.000278568,0.00152839,0.00169472,3.50492,3.64492,3.47531,0.00823476,3.5,0,0.264273,0.265756,0.264612,0.265864,0.264273,0.265864,0.265756,0.264612,1,0,0.00284714,0,-0.000613792,0.000845408,-0.00120195,0.00720052,-0.00574128,0.00230719,0.00134053,-5.96335e-05,0.0150057,0.00193279,0.000784448,-0.12201,-0.0455848,10.1835,10.1844,0,3.03152
8.49,climb 3.5m,-0.0134086,0.0536108,-0.00201613,0.00166089,0,0,0.000602123,0.00142524,0.00229872,3.5047,3.6447,3.47861,0.0140182,3.5,0,0.263863,0.26418,0.263924,0.263908,0.263863,0.263908,0.26418,0.263924,1,0,0.00229024,0,-0.000880328,-0.000398773,-0.000132348,0.00606771,-0.00499413,0.00227932,0.00135682,-6.21691e-05,0.0151646,-0.00625799,-0.00721762,0.00509968,0.0189586,10.0686,10.0686,0,3.04901
8.5,climb 3.5m,-0.0134028,0.053597,-0.00212065,0.00187449,0,0,0.000816925,0.00126076,0.00230547,3.50451,3.64451,3.47876,0.0172729,3.5,0,0.264417,0.262946,0.264857,0.26234,0.264417,0.26234,0.262946,0.264857,1,0,0.00276214,0,-0.00277516,-0.000314203,0.00175292,0.00637164,-0.00564556,0.00229253,0.00133379,-6.26699e-05,0.00875207,-0.0133942,0.0032564,-0.100999,0.0672273,10.0815,10.0822,0,3.035
8.51,climb 3.5m,-0.013395,0.0535848,-0.00186371,0.00220019,0,0,0.00091352,0.00110914,0.0012163,3.50434,3.64434,3.48874,0.027712,3.5,0,0.261842,0.259639,0.262152,0.259577,0.261842,0.259577,0.259639,0.262152,1,0,0.00267443,0,-0.000986687,0.000468564,0.00210005,0.00559754,-0.00662116,0.0022734,0.00129927,-7.09636e-05,0.00656752,-0.0124082,-0.00511997,-0.0172326,0.0313252,10.1296,10.1297,0,3.01882
8.52,climb 3.5m,-0.0133859,0.0535742,-0.00198958,0.00187176,0,0,0.000987469,0.00102958,0.000541036,3.5042,3.6442,3.48903,0.0304902,3.5,0,0.261641,0.259399,0.261322,0.259588,0.261641,0.259588,0.259399,0.261322,1,0,0.00267443,0,0.00134763,-0.000245143,0.00174752,0.00595927,-0.00561926,0.00228423,0.00132316,-6.76467e-05,-0.00405193,-0.00135697,0.0168005,-0.0927815,-0.0424256,10.1342,10.1347,0,3.03514
8.53,climb 3.5m,-0.0133756,0.053564,-0.00202662,0.00166243,0,0,0.00107149,0.00099577,-0.000226405,3.50409,3.64409,3.49955,0.0400068,3.5,0,0.255834,0.259439,0.256216,0.258979,0.255834,0.258979,0.259439,0.256216,1,0,0.00229024,0,-0.0022345,-0.000146663,-0.00279859,0.00608609,-0.00501077,0.00229041,0.00133423,-6.56508e-05,0.00643241,-0.0143372,0.0071002,-0.0133128,-0.108518,9.96575,9.96635,0,3.04579
8.54,climb 3.5m,-0.013365,0.0535542,-0.00195687,0.00171951,0,0,0.00109541,0.000932671,0.000759901,3.50398,3.64398,3.49996,0.04164,3.5,0,0.257331,0.25731,0.258122,0.256754,0.257331,0.256754,0.25731,0.258122,1,0,0.00258374,0,-0.00357385,0.000447924,0.0006104,0.00587322,-0.00517147,0.00228998,0.0013225,-6.7352e-05,0.00402264,-0.0073268,0.00936063,0.00624193,0.14539,9.91772,9.91879,0,3.04269
8.55,climb 3.5m,-0.0133551,0.0535449,-0.00210453,0.00159781,0,0,0.000986785,0.000918732,0.00122982,3.50389,3.64389,3.47744,0.0259888,3.5,0,0.261825,0.264536,0.261888,0.263958,0.261825,0.263958,0.264536,0.261888,1,0,0.00248976,0,-0.00170154,-0.000977096,-0.00210153,0.00634126,-0.00480089,0.00230602,0.00132774,-6.4506e-05,0.0207624,-0.00365913,0.00125254,-0.128183,-0.0644926,9.845,9.84604,0,3.04725
8.56,climb 3.5m,-0.0133466,0.0535353,-0.00180874,0.00157433,0,0,0.000885107,0.000950492,0.00164572,3.5038,3.6438,3.47771,0.0272413,3.5,0,0.261581,0.264026,0.261735,0.264222,0.261581,0.264222,0.264026,0.261735,1,0,0.00229024,0,0.0001099,0.000663012,-0.00216797,0.00544877,-0.00472804,0.00228628,0.00132676,-6.75685e-05,0.0173384,-0.00203208,-0.00615712,-0.0947058,-0.0766528,9.92352,9.92427,0,3.05123
8.57,climb 3.5m,-0.0133395,0.0535255,-0.00197266,0.00188432,0,0,0.000739982,0.000950478,0.00107017,3.50372,3.64372,3.45563,0.0123108,3.5,0,0.268664,0.268094,0.268987,0.267962,0.268664,0.267962,0.268094,0.268987,1,0,0.00248976,0,-0.00120644,0.000361617,0.000700869,0.00593538,-0.00566188,0.00230393,0.00129723,-6.72527e-05,0.0139125,-0.00464957,0.00189548,0.0182752,0.0424841,9.91352,9.91363,0,3.03134
8.58,climb 3.5m,-0.0133333,0.0535159,-0.00178272,0.00188338,0,0,0.000636468,0.000924476,0.00202102,3.50366,3.64366,3.45576,0.0143389,3.5,0,0.268005,0.26831,0.268511,0.26808,0.268005,0.26808,0.26831,0.268511,1,0,0.00248976,0,-0.00195274,0.000522826,5.5421e-05,0.00534541,-0.00565204,0.00229059,0.0012909,-7.07183e-05,0.000457991,1.20384e-05,0.00788133,-0.079089,-0.0153931,9.96357,9.96389,0,3.03292
8.59,climb 3.5m,-0.0133287,0.0535068,-0.00200692,0.00186816,0,0,0.000448035,0.000873693,0.00211019,3.50362,3.64362,3.46722,0.025286,3.5,0,0.263588,0.266725,0.263579,0.266414,0.263588,0.266414,0.266725,0.263579,1,0,0.00267443,0,-0.000801039,-0.000607009,-0.00262492,0.00603228,-0.00561563,0.00231212,0.00128781,-6.68825e-05,0.0100098,-0.0061464,-0.00484968,-0.126475,-0.124329,10.1398,10.1413,0,3.03069
8.6,climb 3.5m,-0.0133268,0.0534975,-0.00170726,0.00172525,0,0,0.000207345,0.000933248,0.00195768,3.5036,3.6436,3.46748,0.0279927,3.5,0,0.264151,0.265438,0.264114,0.265401,0.264151,0.265401,0.265438,0.264114,1,0,0.0020716,0,-1.22061e-06,-0.000140168,-0.00113142,0.00512007,-0.00518021,0.00228961,0.00129631,-7.04377e-05,0.00114217,-0.0016867,0.00450667,-0.042863,-0.00487429,10.0663,10.0664,0,3.04155
8.61,climb 3.5m,-0.0133266,0.0534873,-0.00163384,0.0016942,0,0,8.30897e-05,0.00106698,0.00205608,3.50361,3.64361,3.46847,0.0311268,3.5,0,0.263522,0.264865,0.263735,0.265103,0.263522,0.265103,0.264865,0.263735,1,0,0.00229024,0,6.81092e-05,0.000854136,-0.00119147,0.0049115,-0.00509414,0.0022846,0.00129374,-7.10397e-05,0.0089288,-0.00641256,0.00302413,-0.0984125,-0.0114091,10.091,10.0915,0,3.04356
8.62,climb 3.5m,-0.013327,0.053476,-0.00148768,0.00191118,0,0,4.14367e-05,0.00115682,0.00178753,3.50364,3.64364,3.46879,0.0339215,3.5,0,0.264182,0.263976,0.263472,0.264314,0.264182,0.264314,0.263976,0.263472,1,0,0.00239208,0,0.00278057,-0.000703148,-0.00027943,0.00446891,-0.00572743,0.00227489,0.00127328,-7.40531e-05,0.00618654,0.00534291,0.00127387,0.0562447,0.0180339,10.0334,10.0335,0,3.03245
8.63,climb 3.5m,-0.0133273,0.0534633,-0.0014806,0.00163421,0,0,0.000100112,0.00137278,0.00151826,3.5037,3.6437,3.48193,0.0458682,3.5,0,0.260443,0.260533,0.260552,0.260132,0.260443,0.260132,0.260533,0.260552,1,0,0.00218366,0,-0.00135488,-0.000552904,0.000145244,0.00443195,-0.00491665,0.00227465,0.00129364,-7.42597e-05,-0.0042813,-0.00805495,0.00165182,-0.00721536,0.0507427,10.0995,10.0996,0,3.04737
8.64,climb 3.5m,-0.0133272,0.053448,-0.00139538,0.00188926,0,0,0.000139517,0.00165959,0.00307948,3.50378,3.64378,3.48241,0.0483666,3.5,0,0.261531,0.258591,0.261923,0.25832,0.261531,0.25832,0.258591,0.261923,1,0,0.0020716,0,-0.00175746,0.000229128,0.00287577,0.00419141,-0.00568062,0.00227046,0.00126801,-7.72722e-05,0.00580092,-0.0072741,-0.00771766,0.0434902,0.0522058,10.0819,10.0822,0,3.0332
8.65,climb 3.5m,-0.0133272,0.0534297,-0.00145209,0.00169473,0,0,8.20023e-05,0.00195337,0.00160903,3.50387,3.64387,3.49614,0.0595836,3.5,0,0.256427,0.256539,0.255929,0.256948,0.256427,0.256948,0.256539,0.255929,1,0,0.00182698,0,0.0024058,-0.000168828,-0.000496954,0.0043511,-0.00509018,0.00227706,0.00128037,-7.57513e-05,-0.00118063,-0.00270601,0.00375567,0.08901,0.0579036,9.94204,9.94261,0,3.04243
8.66,climb 3.5m,-0.0133272,0.0534085,-0.00187144,0.00182195,0,0,8.84351e-05,0.00224571,0.00157578,3.50398,3.64398,3.49674,0.0605102,3.5,0,0.254504,0.257896,0.255197,0.257403,0.254504,0.257403,0.257896,0.255197,1,0,0.00258374,0,-0.00314659,0.000378274,-0.00246022,0.00563368,-0.00547112,0.00231289,0.00126381,-7.18481e-05,0.0152236,-0.00225237,-0.00123119,-0.066202,-0.0248644,9.8731,9.87335,0,3.0293
8.67,climb 3.5m,-0.0133279,0.0533845,-0.00182988,0.00169758,0,0,-3.90884e-05,0.00250663,0.00192929,3.50408,3.64408,3.49887,0.0619597,3.5,0,0.256191,0.255293,0.256453,0.254897,0.256191,0.254897,0.255293,0.256453,1,0,0.0020716,0,-0.00174844,-0.000253766,0.00107847,0.00550296,-0.00508359,0.0023159,0.00126957,-7.05463e-05,0.0111987,0.00737412,0.000697945,0.0286813,0.0483347,9.88709,9.88725,0,3.03542
8.68,climb 3.5m,-0.0133306,0.0533579,-0.00155605,0.001333,0,0,-0.000325054,0.00273708,0.00233138,3.50419,3.64419,3.49948,0.0615809,3.5,0,0.255358,0.25573,0.255755,0.255608,0.255358,0.255608,0.25573,0.255755,1,0,0.00154408,0,-0.00137674,0.000520218,-9.87934e-05,0.00469055,-0.00400393,0.00229963,0.00129238,-7.06123e-05,0.0172325,-0.00200371,0.00827371,0.0354857,0.0954508,9.76128,9.76181,0,3.05756
8.69,climb 3.5m,-0.0133364,0.0533294,-0.00154184,0.00122394,0,0,-0.000642639,0.00294391,0.00178725,3.50428,3.64428,3.4969,0.0584981,3.5,0,0.256516,0.25652,0.256418,0.256044,0.256516,0.256044,0.25652,0.256418,1,0,0.00182698,0,-0.00100421,-0.0010855,0.000162736,0.00463761,-0.00369377,0.00229963,0.00129569,-7.04213e-05,0.0103726,-0.0133225,-0.00141841,-0.0860152,-0.0184482,9.73437,9.73477,0,3.06232
8.7,climb 3.5m,-0.0133451,0.0532987,-0.00163161,0.00132236,0,0,-0.000935419,0.00314465,0.00128595,3.50436,3.64436,3.49748,0.0574668,3.5,0,0.255679,0.256977,0.255518,0.257252,0.255679,0.257252,0.256977,0.255518,1,0,0.00154408,0,0.00115642,0.000218043,-0.00133289,0.00491337,-0.00397723,0.00230967,0.0012819,-7.02689e-05,0.0146707,-0.00548428,-0.00350779,-0.0585803,-0.135807,9.78914,9.79025,0,3.05416
8.71,climb 3.5m,-0.0133568,0.0532666,-0.00152512,0.00105038,0,0,-0.00125517,0.00322486,0.00144828,3.50443,3.64443,3.5163,0.0692815,3.5,0,0.251155,0.251988,0.251229,0.252464,0.251155,0.252464,0.251988,0.251229,1,0,0.00138107,0,0.00106828,0.00104189,-0.000908714,0.00455602,-0.00317712,0.00230275,0.00129712,-7.02778e-05,-0.0105958,-0.0160286,0.0080263,-0.123808,-0.0672562,9.60528,9.60631,0,3.06901
8.72,climb 3.5m,-0.0133714,0.0532339,-0.00181482,0.00139181,0,0,-0.00149692,0.00327004,0.00118891,3.50448,3.64448,3.51698,0.0670999,3.5,0,0.251901,0.251354,0.252397,0.251426,0.251901,0.251426,0.251354,0.252397,1,0,0.0020716,0,-0.00112571,0.0010757,0.000666665,0.00544905,-0.00418724,0.00232735,0.00126293,-7.01587e-05,0.00537239,-0.00663548,0.0140816,-0.0974825,-0.11664,9.60762,9.60882,0,3.04489
8.73,climb 3.5m,-0.013388,0.0532008,-0.00175526,0.00160682,0,0,-0.00166562,0.00331801,0.00238922,3.5045,3.6445,3.48236,0.0390691,3.5,0,0.260197,0.261697,0.260405,0.26114,0.260197,0.26114,0.261697,0.260405,1,0,0.00239208,0,-0.00202714,-0.000662409,-0.000982333,0.00526224,-0.00482781,0.00232522,0.00123944,-7.2043e-05,-2.00081e-05,-0.00366358,-0.000117337,0.028788,0.115359,9.60015,9.60089,0,3.03186
8.74,climb 3.5m,-0.0134066,0.0531671,-0.00160268,0.00160465,0,0,-0.00182653,0.00332724,0.00212841,3.5045,3.6445,3.48274,0.0372078,3.5,0,0.260894,0.260965,0.26061,0.261395,0.260894,0.261395,0.260965,0.26061,1,0,0.00182698,0,0.00189237,0.0002762,-0.000376403,0.0048224,-0.00481428,0.00231566,0.00123191,-7.41179e-05,0.0119101,0.00103074,-0.00622183,-0.0324454,0.119532,9.68993,9.69072,0,3.03209
8.75,climb 3.5m,-0.0134265,0.0531342,-0.00166817,0.00159894,0,0,-0.00192519,0.00320598,0.00189148,3.50447,3.64447,3.49478,0.0440803,3.5,0,0.25778,0.258135,0.257779,0.258584,0.25778,0.258584,0.258135,0.257779,1,0,0.00195312,0,0.00119388,0.000846408,-0.000509861,0.00499886,-0.00481535,0.00232153,0.00122593,-7.37237e-05,-0.00144513,-0.0111365,0.00087394,-0.0902511,-0.0493326,9.7188,9.71935,0,3.03007
8.76,climb 3.5m,-0.0134469,0.0531027,-0.00178625,0.00196233,0,0,-0.00188658,0.00301976,0.00197859,3.50443,3.64443,3.49521,0.0426715,3.5,0,0.257681,0.258835,0.257676,0.258258,0.257681,0.258258,0.258835,0.257676,1,0,0.00229024,0,-0.00152,-0.00110136,-0.000763131,0.00536113,-0.00588189,0.00233279,0.00119108,-7.50552e-05,0.00390439,0.00457288,0.00704062,-0.0608142,0.0635716,9.66917,9.66957,0,3.00681
8.77,climb 3.5m,-0.0134663,0.0530732,-0.00192538,0.0021501,0,0,-0.00174383,0.00279205,0.00206123,3.50437,3.64437,3.54066,0.0736041,3.5,0,0.245656,0.24752,0.24623,0.247383,0.245656,0.247383,0.24752,0.24623,1,0,0.00284714,0,-0.00188675,0.000829604,-0.00132631,0.00580251,-0.00645401,0.00234492,0.00116898,-7.39314e-05,0.019955,-0.00128967,-0.00741708,-0.141191,-0.0300856,9.60586,9.60694,0,2.99327
8.78,climb 3.5m,-0.0134843,0.0530462,-0.00191301,0.00209454,0,0,-0.00159299,0.00252102,0.0027843,3.50428,3.64428,3.54138,0.0706074,3.5,0,0.246917,0.247073,0.246602,0.246644,0.246917,0.246644,0.247073,0.246602,1,0,0.00248976,0,-0.00030081,-0.00140997,-8.68871e-05,0.00573801,-0.00628647,0.0023471,0.00116944,-7.35263e-05,0.00168885,-0.000731764,-0.00226293,0.00626766,0.0439858,9.43554,9.43565,0,2.99525
8.79,climb 3.5m,-0.013501,0.0530218,-0.00180614,0.00216244,0,0,-0.0014734,0.00229283,0.00177972,3.50415,3.64415,3.5469,0.0701694,3.5,0,0.245357,0.246097,0.245674,0.246044,0.245357,0.246044,0.246097,0.245674,1,0,0.00267443,0,-0.00098032,0.000500393,-0.000487642,0.00541715,-0.0065072,0.00233861,0.00115735,-7.6653e-05,0.00149684,-0.0120762,-0.00402833,-0.108417,0.0198449,9.45999,9.46063,0,2.99153
8.8,climb 3.5m,-0.0135158,0.0529996,-0.00181718,0.00258504,0,0,-0.00137255,0.00213639,0.0014184,3.50397,3.64397,3.54758,0.0653549,3.5,0,0.246103,0.2462,0.246112,0.245919,0.246103,0.245919,0.2462,0.246112,1,0,0.00284714,0,-0.000769853,-0.000517382,4.22683e-05,0.00545041,-0.00776297,0.00234169,0.00111763,-7.8916e-05,0.00157893,-0.00412439,0.00279933,-0.0918195,-0.0306804,9.32595,9.32645,0,2.96665
8.81,climb 3.5m,-0.0135307,0.0529778,-0.00182308,0.00242107,0,0,-0.00145695,0.0021853,0.00214695,3.50374,3.64374,3.53961,0.0535137,3.5,0,0.249465,0.248068,0.249075,0.248001,0.249465,0.248001,0.248068,0.249075,1,0,0.00284714,0,0.000859944,-0.0008662,0.00108626,0.00546512,-0.00728158,0.00234454,0.00112551,-7.73095e-05,-0.000410657,-0.0111255,0.00323333,0.0424439,-0.136419,9.18389,9.185,0,2.97476
8.82,climb 3.5m,-0.0135466,0.0529553,-0.00182852,0.00245256,0,0,-0.00150624,0.00224498,0.00182508,3.50345,3.64345,3.54011,0.0474899,3.5,0,0.2487,0.249592,0.248499,0.249605,0.2487,0.249605,0.249592,0.248499,1,0,0.00284714,0,0.000569312,-0.00035495,-0.000878623,0.00549508,-0.00737867,0.00234636,0.00111619,-7.73589e-05,0.00869252,-0.0128789,0.000855624,-0.0475724,-0.067665,9.17416,9.17454,0,2.97188
8.83,climb 3.5m,-0.0135627,0.0529326,-0.00154816,0.00224064,0,0,-0.00152454,0.00228271,0.00207209,3.50309,3.64309,3.52615,0.0311412,3.5,0,0.252057,0.254306,0.252051,0.254503,0.252057,0.254503,0.254306,0.252051,1,0,0.00229024,0,0.000539391,0.00036096,-0.00206584,0.00464065,-0.00672982,0.00232514,0.00112821,-8.12287e-05,-0.000213074,-0.00413112,-0.00376402,0.0448026,0.0657901,9.31251,9.31285,0,2.98603
8.84,climb 3.5m,-0.0135795,0.0529091,-0.00148709,0.00177072,0,0,-0.00157461,0.00234003,0.00217503,3.50267,3.64267,3.52643,0.025416,3.5,0,0.252553,0.254862,0.252486,0.254879,0.252553,0.254879,0.254862,0.252486,1,0,0.00218366,0,0.000221855,-9.54373e-05,-0.00206699,0.00445778,-0.0053133,0.00232153,0.00116036,-8.15269e-05,-4.54844e-06,0.000404269,0.00304767,-0.116555,-0.137798,9.24762,9.24938,0,3.012
8.85,climb 3.5m,-0.0135967,0.0528853,-0.00179922,0.00184892,0,0,-0.0015695,0.00238553,0.0022768,3.50219,3.64219,3.5311,0.0233344,3.5,0,0.252308,0.253887,0.252357,0.253462,0.252308,0.253462,0.253887,0.252357,1,0,0.00267443,0,-0.00125584,-0.000711784,-0.0011793,0.00539704,-0.0055694,0.00234801,0.00114645,-7.74981e-05,0.00194526,-0.0139361,-0.0020871,-0.136713,-0.080642,9.26367,9.26503,0,3.00281
8.86,climb 3.5m,-0.0136133,0.0528604,-0.00160978,0.00183859,0,0,-0.00154073,0.00253181,0.00157127,3.50166,3.64166,3.53131,0.0180973,3.5,0,0.25429,0.252326,0.254637,0.252529,0.25429,0.252529,0.252326,0.254637,1,0,0.00239208,0,-0.000381014,0.00104145,0.00179025,0.00482882,-0.00552613,0.00233459,0.00114168,-7.97055e-05,0.00200997,-0.00574541,-0.00748237,0.0174038,0.0901133,9.36593,9.36637,0,3.00446
8.87,climb 3.5m,-0.0136293,0.0528345,-0.00149715,0.00185171,0,0,-0.00156631,0.00263117,0.0012667,3.50107,3.64107,3.53962,0.0186811,3.5,0,0.251042,0.252461,0.251173,0.252583,0.251042,0.252583,0.252461,0.251173,1,0,0.00195312,0,-2.44124e-05,0.000478732,-0.00124322,0.00449032,-0.00555769,0.00232891,0.00113588,-8.05163e-05,0.0015775,-0.000570462,-0.000217253,-0.0118794,0.0127439,9.2694,9.26942,0,3.00384
8.88,climb 3.5m,-0.013646,0.052808,-0.00150774,0.00146932,0,0,-0.00159191,0.0025746,0.00193005,3.50043,3.64043,3.53978,0.0133217,3.5,0,0.252894,0.251276,0.253147,0.251774,0.252894,0.251774,0.251276,0.253147,1,0,0.00195312,0,0.000647184,0.00142157,0.00131497,0.00452296,-0.00441904,0.00232888,0.00115964,-8.06027e-05,0.00215838,-0.0062217,-0.000970956,-0.0215688,-0.10973,9.32777,9.32845,0,3.02388
8.89,climb 3.5m,-0.0136632,0.0527829,-0.00144314,0.00113528,0,0,-0.00172228,0.00239436,0.00181469,3.49973,3.63973,3.52949,0.000792572,3.5,0,0.256309,0.253928,0.256908,0.254275,0.256309,0.254275,0.253928,0.256908,1,0,0.00169146,0,-0.000670416,0.00179096,0.00220429,0.00433394,-0.003415,0.00232538,0.00117868,-8.11609e-05,0.0053341,-0.00494007,0.00428777,-0.0478995,0.0233143,9.29055,9.2907,0,3.0422
8.9,climb 3.5m,-0.0136821,0.05276,-0.0012861,0.00115568,0,0,-0.00190827,0.00212852,0.00134487,3.49899,3.63899,3.52948,-0.00385258,3.5,0,0.255764,0.25569,0.256243,0.25545,0.255764,0.25545,0.25569,0.256243,1,0,0.00138107,0,-0.0019054,0.000452144,0.000380803,0.00385625,-0.00348651,0.00231415,0.00117099,-8.21595e-05,0.000947007,-0.0118033,-0.00025995,-0.0101526,0.0470097,9.37893,9.37905,0,3.04193
8.91,climb 3.5m,-0.013703,0.05274,-0.00161444,0.00142323,0,0,-0.00212597,0.00182493,0.00203318,3.49819,3.63819,3.49923,-0.0298723,3.5,0,0.263138,0.26466,0.263259,0.264458,0.263138,0.264458,0.26466,0.263259,1,0,0.0020716,0,-0.000857735,-0.000154471,-0.00119609,0.00483715,-0.00427305,0.00234161,0.00114365,-7.94044e-05,-0.0017568,-0.00108251,-0.0130033,-0.146918,-0.0654254,9.37359,9.37496,0,3.02215
8.92,climb 3.5m,-0.0137263,0.0527223,-0.00156531,0.00166102,0,0,-0.00225976,0.00169689,0.00263957,3.49736,3.63736,3.49891,-0.0327774,3.5,0,0.263218,0.265117,0.262897,0.26566,0.263218,0.26566,0.265117,0.262897,1,0,0.00195312,0,0.00229502,0.000420032,-0.00204938,0.00470895,-0.00498489,0.00233763,0.00111978,-8.12732e-05,0.0110212,-0.00010606,-0.000172469,-0.0822743,-0.0191316,9.57076,9.57113,0,3.00874
8.93,climb 3.5m,-0.0137504,0.0527049,-0.00144596,0.00163157,0,0,-0.00224893,0.00169228,0.00339409,3.4965,3.6365,3.49389,-0.0381163,3.5,0,0.264998,0.265981,0.265323,0.266401,0.264998,0.266401,0.265981,0.265323,1,0,0.00195312,0,0.000251615,0.00141271,-0.000905713,0.0043203,-0.00490977,0.00232813,0.00111616,-8.32182e-05,-0.0093912,-0.00892394,-7.47307e-05,0.00774192,-0.0663598,9.70858,9.70881,0,3.01119
8.94,climb 3.5m,-0.0137745,0.0526879,-0.00184817,0.00189204,0,0,-0.00220236,0.00161497,0.00276533,3.49562,3.63562,3.4935,-0.0389075,3.5,0,0.266212,0.265251,0.266239,0.265642,0.266212,0.265642,0.265251,0.266239,1,0,0.00229024,0,0.000966113,0.000792828,0.000684928,0.0055435,-0.00569128,0.00235939,0.00108958,-7.73987e-05,0.0016811,-0.0090149,-0.000327658,0.0076238,-0.122774,9.83639,9.83716,0,2.99112
8.95,climb 3.5m,-0.0137972,0.0526718,-0.0020136,0.00155385,0,0,-0.00206068,0.00150931,0.0027283,3.49474,3.63474,3.51141,-0.025806,3.5,0,0.261839,0.260421,0.261893,0.260898,0.261839,0.260898,0.260421,0.261893,1,0,0.00229024,0,0.00112235,0.00100743,0.0010609,0.00604042,-0.00468345,0.00237371,0.00111175,-7.23731e-05,0.00213549,-0.013473,-0.00749497,-0.0681861,-0.00379562,9.7918,9.79204,0,3.00753
8.96,climb 3.5m,-0.0138183,0.052657,-0.00224556,0.0013755,0,0,-0.00194865,0.00140677,0.0015475,3.49385,3.63385,3.51115,-0.0258205,3.5,0,0.261356,0.261232,0.261191,0.261485,0.261356,0.261485,0.261232,0.261191,1,0,0.00229024,0,0.00110856,0.000165342,-7.47714e-05,0.00673114,-0.00413148,0.00239292,0.00112087,-6.88221e-05,-0.00127079,-0.00217209,-0.0140636,0.0082061,-0.0623004,9.85408,9.85428,0,3.01429
8.97,climb 3.5m,-0.0138379,0.0526427,-0.0021064,0.00173675,0,0,-0.00184528,0.00140229,0.000587511,3.49296,3.63296,3.53691,-0.00690614,3.5,0,0.254475,0.255101,0.254107,0.255176,0.254475,0.255176,0.255101,0.254107,1,0,0.00267443,0,0.00117669,-0.000554699,-0.000745037,0.00631009,-0.00522439,0.00238446,0.00108766,-7.48857e-05,-0.00370271,-0.008368,0.0147221,0.0219731,-0.084166,9.71009,9.71048,0,2.99509
8.98,climb 3.5m,-0.0138564,0.0526286,-0.00203176,0.00185152,0,0,-0.0017099,0.00136657,0.00163132,3.49207,3.63207,3.53684,-0.00761148,3.5,0,0.255588,0.254004,0.255634,0.253894,0.255588,0.253894,0.254004,0.255634,1,0,0.00258374,0,-0.00041374,-0.000120831,0.00146029,0.00609912,-0.00556654,0.00237945,0.00107347,-7.74324e-05,0.00495135,-0.0069002,-0.00191283,0.0222929,-0.0752186,9.6358,9.63612,0,2.98898
8.99,climb 3.5m,-0.0138739,0.0526148,-0.0020162,0.00183338,0,0,-0.00158158,0.00132668,0.00266811,3.49116,3.63116,3.50411,-0.0320023,3.5,0,0.263969,0.262746,0.26325,0.262773,0.263969,0.262773,0.262746,0.26325,1,0,0.00248976,0,0.00198022,-0.00131048,0.000747027,0.00604369,-0.00550882,0.00238005,0.00107054,-7.76146e-05,-0.000887215,-0.00472279,-0.000581527,0.0599199,-0.0380443,9.70091,9.70117,0,2.98965
9,descend 2.5m,-0.01389,0.0526011,-0.00203752,0.00160603,0,0,-0.00137872,0.00136354,0.00176923,3.49024,3.63024,3.50379,-0.0324202,2.5,0,0.263641,0.26257,0.264038,0.262919,0.263641,0.262919,0.26257,0.264038,1,0,0.00229024,0,-0.000127789,0.00141388,0.000962352,0.00610517,-0.00483711,0.00238229,0.00108437,-7.6071e-05,-0.00254879,-0.011602,0.00614868,-0.0364576,0.0126509,9.79861,9.79868,0,3.00158
9.01,descend 2.5m,-0.0139037,0.0525871,-0.00182528,0.00200557,0,0,-0.00114035,0.00137086,0.00226221,3.48931,3.62931,3.50061,-0.036193,2.5,0,0.188895,0.190039,0.188492,0.190228,0.188895,0.190228,0.190039,0.188492,1,0,0.00248976,0,0.00157269,-0.000404735,-0.00126548,0.00547904,-0.0060359,0.00236596,0.00104855,-8.28069e-05,0.00451078,-0.0117401,-0.00201184,-0.0209591,-0.0410687,9.27645,9.27657,0,2.98113
9.02,descend 2.5m,-0.013915,0.0525729,-0.00212592,0.00212346,0,0,-0.000785767,0.00140913,0.00267992,3.48832,3.62832,3.50021,-0.0447974,2.5,0,0.191053,0.189291,0.190712,0.189218,0.191053,0.189218,0.189291,0.190712,1,0,0.00292969,0,0.000710214,-0.000785363,0.00143096,0.00639029,-0.00638498,0.00238949,0.0010333,-7.83499e-05,0.0107601,-0.00868971,-0.000592607,-0.0435524,0.0635522,8.68175,8.68209,0,2.97028
9.03,descend 2.5m,-0.0139223,0.052558,-0.00188344,0.00202985,0,0,-0.000440074,0.00148414,0.00146952,3.48721,3.62721,3.51925,-0.0450306,2.5,0,0.189108,0.190475,0.18935,0.190852,0.189108,0.190852,0.190475,0.18935,1,0,0.00276214,0,0.000360029,0.00117127,-0.00126135,0.00565432,-0.00609646,0.00237253,0.00103634,-8.17875e-05,0.00503636,-0.00357598,-0.000298242,-0.112717,-0.0974448,8.2139,8.21525,0,2.9777
9.04,descend 2.5m,-0.0139262,0.0525429,-0.00196807,0.00237422,0,0,-0.000161974,0.00148778,0.00163999,3.48592,3.62592,3.51871,-0.0636477,2.5,0,0.191832,0.191587,0.191279,0.191487,0.191832,0.191487,0.191587,0.191279,1,0,0.00276214,0,0.00120414,-0.0012377,1.58878e-05,0.00591257,-0.00711608,0.00238208,0.00100412,-8.09571e-05,0.0079699,0.00540041,-0.00379748,0.0310967,0.0172791,7.75759,7.75767,0,2.9566
9.05,descend 2.5m,-0.0139273,0.0525278,-0.00193618,0.00228503,0,0,8.3568e-05,0.00150737,0.00105873,3.48441,3.62441,3.52984,-0.0777173,2.5,0,0.193191,0.192351,0.193487,0.191875,0.193191,0.191875,0.192351,0.193487,1,0,0.00267443,0,-0.00205071,-0.000339591,0.00107749,0.00581895,-0.00686411,0.00238208,0.00100412,-8.09571e-05,0.00933228,-0.00500887,0.0026186,-0.0197866,-0.0777426,7.3703,7.37073,0,2.96115
9.06,descend 2.5m,-0.0139261,0.0525124,-0.0019289,0.00223863,0,0,0.000260099,0.00157557,0.000351404,3.48266,3.62266,3.52894,-0.103343,2.5,0,0.195344,0.194718,0.19518,0.19476,0.195344,0.19476,0.194718,0.19518,1,0,0.00276214,0,0.000544366,-0.000231964,0.000459708,0.00579065,-0.00672662,0.00238208,0.00100412,-8.09576e-05,0.00500399,-0.00615614,0.00703168,-0.141344,-0.00552586,7.19708,7.19847,0,2.96296
9.07,descend 2.5m,-0.0139227,0.0524962,-0.00191442,0.00216979,0,0,0.000483384,0.00163576,0.00114031,3.48064,3.62064,3.53393,-0.126918,2.5,0,0.197141,0.197092,0.197397,0.196675,0.197141,0.196675,0.197092,0.197397,1,0,0.00267443,0,-0.0017816,-0.000305075,0.000338781,0.00574758,-0.00652676,0.00238208,0.00100412,-8.09576e-05,0.0052508,-0.0106018,0.0081803,-0.0449119,-0.0726698,6.80813,6.80867,0,2.96605
9.08,descend 2.5m,-0.0139178,0.0524793,-0.00187072,0.00208784,0,0,0.000659512,0.0016876,0.00244266,3.47832,3.61832,3.53251,-0.156593,2.5,0,0.19984,0.199488,0.199918,0.199723,0.19984,0.199723,0.199488,0.199918,1,0,0.00267443,0,0.000417891,0.000592341,0.000240865,0.005611,-0.00627581,0.00238208,0.00100412,-8.09567e-05,0.00163612,-0.00717178,-0.00596177,0.0305996,-0.0896295,6.7403,6.74097,0,2.97016
9.09,descend 2.5m,-0.013912,0.052462,-0.00184939,0.00200933,0,0,0.000761797,0.00170368,0.00326945,3.47569,3.61569,3.5202,-0.195111,2.5,0,0.204138,0.202524,0.203395,0.202901,0.204138,0.202901,0.202524,0.203395,1,0,0.00248976,0,0.00297065,-0.000691641,0.000926129,0.00555886,-0.00603716,0.00238208,0.00100412,-8.09567e-05,0.00951845,-0.0050992,-0.00609825,0.0115834,0.0749184,6.64108,6.64151,0,2.97378
9.1,descend 2.5m,-0.0139056,0.0524441,-0.00183377,0.00195022,0,0,0.00082339,0.00180983,0.00255791,3.47275,3.61275,3.51809,-0.226544,2.5,0,0.206518,0.20602,0.205786,0.206027,0.206518,0.206027,0.20602,0.205786,1,0,0.00258374,0,0.00195696,-0.00137446,0.000112791,0.00552232,-0.00584744,0.00238208,0.00100412,-8.09559e-05,0.0164095,0.00315959,-0.00528522,-0.0775787,0.0536816,6.71665,6.71731,0,2.9762
9.11,descend 2.5m,-0.013898,0.052425,-0.00180577,0.00186967,0,0,0.000926202,0.00194075,0.00191401,3.46949,3.60949,3.50552,-0.265475,2.5,0,0.209545,0.210168,0.208865,0.209965,0.209545,0.209965,0.210168,0.208865,1,0,0.00229024,0,0.00126371,-0.0016739,-0.000757396,0.00542731,-0.00563252,0.00238208,0.00100412,-8.09559e-05,0.00904041,-0.0146713,0.000193183,-0.11093,-0.0884593,6.63847,6.63999,0,2.97988
9.12,descend 2.5m,-0.0138892,0.0524047,-0.00177389,0.00179876,0,0,0.00107254,0.00209436,0.00198423,3.46591,3.60591,3.50271,-0.297067,2.5,0,0.210755,0.214148,0.211304,0.213806,0.210755,0.213806,0.214148,0.211304,1,0,0.00229024,0,-0.00236506,0.000393835,-0.00259125,0.00532982,-0.00541637,0.00238208,0.00100412,-8.09575e-05,0.00781338,-0.0123955,0.00863606,-0.0743895,-0.15011,6.56895,6.57109,0,2.98299
9.13,descend 2.5m,-0.0138793,0.0523825,-0.00172018,0.00173346,0,0,0.00115067,0.00224266,0.00301388,3.46201,3.60201,3.51889,-0.31433,2.5,0,0.212928,0.215446,0.212487,0.21531,0.212928,0.21531,0.215446,0.212487,1,0,0.00239208,0,0.000808685,-0.00109348,-0.00234741,0.00516899,-0.00519842,0.00238208,0.00100412,-8.09575e-05,0.00802113,0.00231224,0.00370672,-0.0309065,-0.0434526,6.68015,6.68036,0,2.98594
9.14,descend 2.5m,-0.0138698,0.052359,-0.00166651,0.00166075,0,0,0.00112371,0.00235976,0.00420986,3.4578,3.5978,3.51559,-0.345113,2.5,0,0.217053,0.216602,0.217246,0.216491,0.217053,0.216491,0.216602,0.217246,1,0,0.0020716,0,-0.000806394,0.000157502,0.000530094,0.00501441,-0.00499683,0.00238208,0.00100412,-8.09582e-05,0.0123255,-0.0087,-0.0105019,0.0447509,-0.00978038,6.73787,6.73802,0,2.98923
9.15,descend 2.5m,-0.013861,0.0523343,-0.00164161,0.00160721,0,0,0.00104781,0.00249427,0.00382568,3.45329,3.59329,3.52153,-0.368536,2.5,0,0.219094,0.218574,0.219216,0.218977,0.219094,0.218977,0.218574,0.219216,1,0,0.00218366,0,0.000743047,0.000994307,0.000333782,0.00493214,-0.00482181,0.00238208,0.00100412,-8.09582e-05,0.00725479,0.000880405,0.00375185,0.0411266,-0.045392,6.71274,6.71302,0,2.99103
9.16,descend 2.5m,-0.0138522,0.0523084,-0.00158427,0.00154249,0,0,0.00102402,0.00257573,0.00197417,3.44847,3.58847,3.5177,-0.397671,2.5,0,0.22262,0.220669,0.222887,0.220349,0.22262,0.220349,0.220669,0.222887,1,0,0.00195312,0,-0.00156129,-0.000100008,0.00197304,0.00475415,-0.00463459,0.00238208,0.00100412,-8.0959e-05,0.00325276,-0.003749,0.0104019,0.010908,0.0884228,6.89788,6.89845,0,2.99379
9.17,descend 2.5m,-0.0138429,0.0522825,-0.00153315,0.00148247,0,0,0.00100813,0.00253803,0.00192768,3.44337,3.58337,3.52333,-0.419205,2.5,0,0.223444,0.223952,0.22348,0.223471,0.223444,0.223471,0.223952,0.22348,1,0,0.00182698,0,-0.0013687,-0.000844249,-0.000219518,0.00461091,-0.0044595,0.00238208,0.00100412,-8.0959e-05,0.0100308,-0.00706097,-0.00101297,0.0192831,-0.0180808,7.01413,7.01418,0,2.99621
9.18,descend 2.5m,-0.0138343,0.0522568,-0.00148733,0.0014129,0,0,0.000910528,0.00252709,0.00246956,3.43798,3.57798,3.519,-0.446638,2.5,0,0.227126,0.225108,0.227336,0.224809,0.227126,0.224809,0.225108,0.227336,1,0,0.00154408,0,-0.00134905,-0.00016984,0.00199756,0.00446034,-0.00425689,0.00238208,0.00100412,-8.09593e-05,0.00129976,-0.0111038,-0.0103745,-0.0717038,0.0770328,7.05004,7.05082,0,2.99912
9.19,descend 2.5m,-0.0138269,0.0522314,-0.00144415,0.0013422,0,0,0.000768669,0.00250133,0.00163764,3.43233,3.57233,3.51842,-0.470099,2.5,0,0.226973,0.229107,0.227487,0.229396,0.226973,0.229396,0.229107,0.227487,1,0,0.00154408,0,-0.000596467,0.00152161,-0.00177694,0.00434328,-0.0040266,0.00238208,0.00100412,-8.09593e-05,0.00959671,0.00102063,-0.0026049,-0.0171075,0.0448528,7.21302,7.21318,0,3.0021
9.2,descend 2.5m,-0.0138212,0.0522065,-0.00139633,0.00126992,0,0,0.000570806,0.00240603,0.00256361,3.42641,3.56641,3.51359,-0.495533,2.5,0,0.230287,0.230532,0.230817,0.230673,0.230287,0.230673,0.230532,0.230817,1,0,0.00154408,0,-0.00103212,0.00127106,-4.38422e-05,0.00419797,-0.00383712,0.00238208,0.00100412,-8.09595e-05,0.00839508,-0.0172199,-0.0158425,-0.0441781,-0.11185,7.40381,7.40479,0,3.00527
9.21,descend 2.5m,-0.0138183,0.0521829,-0.00136641,0.00119982,0,0,0.000283987,0.00222605,0.00334732,3.42025,3.56025,3.51069,-0.518048,2.5,0,0.232295,0.232829,0.232559,0.232866,0.232295,0.232866,0.232829,0.232559,1,0,0.00169146,0,-0.000600857,0.000570762,-0.000369703,0.00411387,-0.00360898,0.00238208,0.00100412,-8.09595e-05,0.0121441,-0.00533815,-0.000978218,-0.0532936,-0.0445259,7.44579,7.44611,0,3.00821
9.22,descend 2.5m,-0.0138186,0.052161,-0.00135389,0.00112747,0,0,1.63803e-05,0.00205765,0.00438619,3.41384,3.55384,3.5054,-0.54112,2.5,0,0.23574,0.233636,0.235792,0.233866,0.23574,0.233866,0.233636,0.235792,1,0,0.00119604,0,0.000473602,0.000533293,0.00177191,0.00407,-0.00340493,0.00238208,0.00100411,-8.09604e-05,0.00793497,-0.0140102,0.00457823,0.00958479,-0.0703766,7.5994,7.59973,0,3.0112
9.23,descend 2.5m,-0.0138213,0.0521411,-0.00132839,0.00106822,0,0,-0.000200601,0.00180728,0.002528,3.40722,3.54722,3.51143,-0.554677,2.5,0,0.236493,0.235271,0.237148,0.23504,0.236493,0.23504,0.235271,0.237148,1,0,0.00154408,0,-0.00234916,0.000803827,0.00146357,0.00399973,-0.00319733,0.00238208,0.00100411,-8.09604e-05,0.0120694,0.00587375,0.0104097,0.0493826,0.0490669,7.66143,7.66175,0,3.01375
9.24,descend 2.5m,-0.0138259,0.052124,-0.00151532,0.00282876,0,0,-0.000484605,0.00154155,0.0025501,3.40037,3.54037,3.50578,-0.575136,2.5,0,0.237297,0.238448,0.237525,0.238209,0.237297,0.238209,0.238448,0.237525,1,0,0.00316442,0,-0.00123729,-2.2377e-05,-0.000806141,0.00454441,-0.00849017,0.00239949,0.000862106,-8.10826e-05,0.00140787,-0.00172179,-0.00966287,-0.0767255,0.0867383,7.77837,7.77923,0,2.91208
9.25,descend 2.5m,-0.0138337,0.0521088,-0.0021863,0.0025475,0,0,-0.000813467,0.00147342,0.00239322,3.39333,3.53333,3.50506,-0.590756,2.5,0,0.238841,0.240004,0.238424,0.239944,0.238841,0.239944,0.240004,0.238424,1,0,0.00316442,0,0.000945108,-0.000901891,-0.00117887,0.00654047,-0.00766155,0.00245159,0.0008801,-6.72614e-05,-0.00982279,-0.0118264,0.000943686,-0.105771,-0.0424443,7.94818,7.94899,0,2.91887
9.26,descend 2.5m,-0.013844,0.0520931,-0.00203571,0.00288652,0,0,-0.000963207,0.00162983,0.00234974,3.38609,3.52609,3.49905,-0.609464,2.5,0,0.239649,0.242424,0.239954,0.242067,0.239649,0.242067,0.242424,0.239954,1,0,0.00352105,0,-0.00175891,-9.73422e-05,-0.00214822,0.00611721,-0.008653,0.00244319,0.000849744,-7.23519e-05,0.00917268,0.00522552,0.00356417,-0.0205566,-0.0614876,8.01186,8.01212,0,2.90094
9.27,descend 2.5m,-0.0138558,0.0520756,-0.00170101,0.00284309,0,0,-0.00111162,0.001773,0.00270734,3.37867,3.51867,3.49387,-0.62584,2.5,0,0.24354,0.24176,0.243284,0.241542,0.24354,0.241542,0.24176,0.243284,1,0,0.00331169,0,0.000100015,-0.00089991,0.00154794,0.00508775,-0.00853889,0.00241824,0.000848232,-7.92524e-05,-0.00774949,-0.00557022,0.000681233,-0.0623719,0.096102,8.14251,8.14332,0,2.90668
9.28,descend 2.5m,-0.0138686,0.0520571,-0.0013713,0.00276488,0,0,-0.00121781,0.00186461,0.0026134,3.37109,3.51109,3.48753,-0.641814,2.5,0,0.244367,0.243426,0.244735,0.243466,0.244367,0.243466,0.243426,0.244735,1,0,0.00284714,0,-0.000873113,0.000773798,0.000971375,0.00412115,-0.00830629,0.00239378,0.000848701,-8.5663e-05,0.0072569,-0.00690161,-0.0110906,-0.0502374,-0.107783,8.15206,8.15293,0,2.91437
9.29,descend 2.5m,-0.0138827,0.0520378,-0.000797954,0.00241962,0,0,-0.00132355,0.00192352,0.00307713,3.36334,3.50334,3.49268,-0.648599,2.5,0,0.246177,0.24274,0.246081,0.243483,0.246177,0.243483,0.24274,0.246081,1,0,0.00229024,0,0.00222639,0.00122594,0.00265272,0.00240113,-0.00724071,0.00234985,0.000870313,-9.44564e-05,0.00720816,0.0129707,-0.00531029,0.0196281,0.037699,8.42919,8.4293,0,2.94025
9.3,descend 2.5m,-0.0138976,0.0520181,-0.000191664,0.00192764,0,0,-0.00130563,0.00191439,0.00376738,3.35545,3.49545,3.48613,-0.662748,2.5,0,0.245337,0.246611,0.245709,0.246027,0.245337,0.246027,0.246611,0.245709,1,0,0.00169146,0,-0.00253342,-0.000400938,-0.000699856,0.000580061,-0.00579616,0.0023047,0.000903872,-0.000103535,0.00567685,-0.00792024,0.00355298,-0.0270412,-0.0739661,8.45955,8.45992,0,2.97499
9.31,descend 2.5m,-0.0139127,0.0519986,-0.000535393,0.0022596,0,0,-0.00131713,0.00190126,0.00346079,3.34741,3.48741,3.46196,-0.688757,2.5,0,0.248041,0.248531,0.24871,0.248083,0.248041,0.248083,0.248531,0.24871,1,0,0.00195312,0,-0.00296157,0.000417404,6.04196e-05,0.00161932,-0.00678191,0.00233322,0.00087298,-9.58086e-05,0.0110967,-0.00120566,-0.00167306,0.00953901,0.0247769,8.6118,8.61184,0,2.95096
9.32,descend 2.5m,-0.0139279,0.051979,-0.00013024,0.00194758,0,0,-0.00141942,0.00193898,0.00248491,3.33924,3.47924,3.45501,-0.701136,2.5,0,0.249542,0.249173,0.249926,0.249286,0.249542,0.249286,0.249173,0.249926,1,0,0.00154408,0,-0.000720996,0.000942475,0.000443333,0.000375775,-0.00584863,0.0023021,0.00089215,-9.99778e-05,-0.00765903,-0.00302668,-0.000576878,-0.0482989,0.0234434,8.6112,8.61136,0,2.97303
9.33,descend 2.5m,-0.0139437,0.0519592,-0.000536292,0.00221885,0,0,-0.00149928,0.00191048,0.00245651,3.33096,3.47096,3.44895,-0.711864,2.5,0,0.250763,0.250201,0.251221,0.249714,0.250763,0.249714,0.250201,0.251221,1,0,0.00182698,0,-0.00250583,-5.31838e-05,0.00090925,0.00160845,-0.00665892,0.00233492,0.000864482,-9.05902e-05,0.0020927,-0.000704828,-0.0166965,0.0263492,0.0312274,8.71208,8.71217,0,2.9515
9.34,descend 2.5m,-0.0139607,0.0519402,-0.000175149,0.00217829,0,0,-0.00163671,0.00180716,0.00271008,3.32256,3.46256,3.44178,-0.721939,2.5,0,0.251724,0.2517,0.250982,0.251243,0.251724,0.251243,0.2517,0.250982,1,0,0.00218366,0,0.000757055,-0.0022706,-0.000104562,0.000527803,-0.00653986,0.00230702,0.000862022,-9.26143e-05,0.00387624,-0.00245632,0.000565353,-0.0106535,-0.0175158,8.89955,8.89957,0,2.95794
9.35,descend 2.5m,-0.0139787,0.0519221,-0.000542653,0.00269907,0,0,-0.00165699,0.0017264,0.00243674,3.31406,3.45406,3.4454,-0.723675,2.5,0,0.252236,0.251084,0.252191,0.250733,0.252236,0.250733,0.251084,0.252191,1,0,0.00248976,0,-0.000812483,-0.000750356,0.0011472,0.00160502,-0.00809708,0.0023346,0.000816823,-8.06347e-05,-0.0129688,0.000905017,0.00340534,0.0457462,0.00724157,8.88983,8.88995,0,2.92316
9.36,descend 2.5m,-0.0139962,0.0519047,-0.000703465,0.0029219,0,0,-0.0016041,0.0017016,0.00231861,3.30547,3.44547,3.43812,-0.732518,2.5,0,0.25203,0.25286,0.252313,0.252334,0.25203,0.252334,0.25286,0.252313,1,0,0.00292969,0,-0.00214533,-0.000462078,-0.000374291,0.00212818,-0.00877048,0.00234669,0.000794867,-7.58115e-05,0.014216,-0.00239598,-0.00306926,0.0534581,-0.0289087,9.05029,9.0505,0,2.90786
9.37,descend 2.5m,-0.0140135,0.0518871,-0.00125186,0.00292899,0,0,-0.00158692,0.00177175,0.00266922,3.29679,3.43679,3.41562,-0.75154,2.5,0,0.255391,0.253201,0.254848,0.25318,0.255391,0.25318,0.253201,0.254848,1,0,0.00292969,0,0.00138418,-0.00106994,0.00169545,0.00374954,-0.00880093,0.0023886,0.000788108,-6.10858e-05,-0.00158795,-0.00849706,-0.0117811,0.0785233,0.0352158,9.05625,9.05666,0,2.89936
9.38,descend 2.5m,-0.0140302,0.0518683,-0.00153266,0.00285146,0,0,-0.0015231,0.00195578,0.00231339,3.28804,3.42804,3.40806,-0.758979,2.5,0,0.25469,0.254879,0.254359,0.255467,0.25469,0.255467,0.254879,0.254359,1,0,0.00316442,0,0.00243737,0.000484434,-0.000570036,0.00461139,-0.00857383,0.0024117,0.00079047,-5.42703e-05,0.011355,-0.0121804,0.00338479,-0.1285,-0.0927919,9.17133,9.1727,0,2.89922
9.39,descend 2.5m,-0.0140466,0.051847,-0.00146466,0.00314646,0,0,-0.00153841,0.00225638,0.00253257,3.27921,3.41921,3.4043,-0.762657,2.5,0,0.25424,0.256055,0.253932,0.256512,0.25424,0.256512,0.256055,0.253932,1,0,0.00316442,0,0.00202932,0.000283003,-0.00193197,0.00438442,-0.00945118,0.00240828,0.000763052,-5.7584e-05,-0.00392175,-0.00708404,-0.0101877,0.0174565,0.057183,9.14076,9.14096,0,2.88269
9.4,descend 2.5m,-0.0140638,0.0518226,-0.0018301,0.00334086,0,0,-0.00160879,0.00257674,0.00282697,3.27031,3.41031,3.39664,-0.768463,2.5,0,0.257102,0.254727,0.256747,0.254337,0.257102,0.254337,0.254727,0.256747,1,0,0.00378221,0,-8.93522e-05,-0.00141189,0.00210311,0.00549263,-0.0100509,0.00243814,0.000744521,-4.82753e-05,0.0039939,-0.0181359,0.00348562,-0.0802375,-0.108528,9.26121,9.2622,0,2.866
9.41,descend 2.5m,-0.0140813,0.0517944,-0.00187409,0.00312991,0,0,-0.00160828,0.0030306,0.0019743,3.26136,3.40136,3.3981,-0.767068,2.5,0,0.255398,0.255857,0.255269,0.25585,0.255398,0.25585,0.255857,0.255269,1,0,0.00371864,0,0.000323215,-0.000257304,-0.000457146,0.00562099,-0.00938305,0.00244147,0.000755311,-4.60527e-05,0.00158079,0.00519998,0.00510299,0.0188653,-0.0278327,9.2925,9.29256,0,2.87589
9.42,descend 2.5m,-0.0140979,0.0517618,-0.00218025,0.0034225,0,0,-0.00150918,0.00344861,0.00232981,3.25236,3.39236,3.3904,-0.771956,2.5,0,0.255157,0.256942,0.25515,0.256955,0.255157,0.256955,0.256942,0.25515,1,0,0.00396682,0,5.39474e-05,1.058e-05,-0.00157766,0.00655012,-0.0102815,0.00246565,0.000726837,-4.23885e-05,0.00875322,-0.00862204,-0.0034007,-0.10394,-0.107251,9.39169,9.39288,0,2.8541
9.43,descend 2.5m,-0.0141138,0.0517249,-0.0020174,0.00325691,0,0,-0.00137459,0.00389228,0.00304329,3.2433,3.3833,3.38692,-0.773339,2.5,0,0.255655,0.256547,0.255598,0.2569,0.255655,0.2569,0.256547,0.255598,1,0,0.00358812,0,0.00108717,0.000559286,-0.000964273,0.00605582,-0.00976713,0.00245297,0.000734248,-4.61128e-05,0.00485743,0.00313447,0.00600597,-0.143465,-0.133804,9.39245,9.3945,0,2.86357
9.44,descend 2.5m,-0.0141286,0.0516834,-0.00190699,0.00377674,0,0,-0.00123562,0.00433327,0.00328791,3.2342,3.3742,3.37916,-0.777516,2.5,0,0.25562,0.25765,0.255864,0.257124,0.25562,0.257124,0.25765,0.255864,1,0,0.00420035,0,-0.0020417,-0.000535503,-0.00144568,0.00572784,-0.0113328,0.00244701,0.000687208,-5.52286e-05,0.00705068,-0.00105228,0.00107294,-0.122968,0.054161,9.43747,9.43843,0,2.83385
9.45,descend 2.5m,-0.0141427,0.0516373,-0.00212914,0.00387619,0,0,-0.00126031,0.00480617,0.00304506,3.22506,3.36506,3.37811,-0.776242,2.5,0,0.256531,0.256305,0.25682,0.256109,0.256531,0.256109,0.256305,0.25682,1,0,0.00436732,0,-0.00128754,0.000175153,0.000411557,0.00640075,-0.0116248,0.00246611,0.000672752,-4.8728e-05,0.0114078,0.00318867,-0.00668956,-0.139527,0.0023623,9.432,9.43303,0,2.82309
9.46,descend 2.5m,-0.014157,0.0515867,-0.00220236,0.00373175,0,0,-0.00123638,0.00519499,0.00331998,3.21588,3.35588,3.37033,-0.779583,2.5,0,0.257265,0.256957,0.256863,0.255915,0.257265,0.255915,0.256957,0.256863,1,0,0.00431238,0,-0.00169879,-0.00273679,0.000551845,0.00661135,-0.0112187,0.00247324,0.000675544,-4.51667e-05,0.00535375,-0.0149709,-0.00186002,-0.0597029,-0.00460676,9.42624,9.42643,0,2.82762
9.47,descend 2.5m,-0.0141703,0.0515326,-0.00222374,0.00371349,0,0,-0.00109431,0.00559143,0.00349751,3.20667,3.34667,3.3822,-0.768428,2.5,0,0.254891,0.256577,0.254898,0.256423,0.254891,0.256423,0.256577,0.254898,1,0,0.00431238,0,-0.000424149,-0.000280017,-0.00141126,0.00666732,-0.0111724,0.00247643,0.000668826,-4.49374e-05,-0.000118791,-0.0206089,0.00389463,-0.136541,-0.0368808,9.33465,9.33573,0,2.82555
9.48,descend 2.5m,-0.0141825,0.0514743,-0.00231304,0.00344844,0,0,-0.00095254,0.00598271,0.0035345,3.19742,3.33742,3.3745,-0.771535,2.5,0,0.255466,0.256326,0.25581,0.256369,0.255466,0.256369,0.256326,0.25581,1,0,0.0041432,0,-0.000799018,0.000732423,-0.000623619,0.00694593,-0.0103662,0.00248683,0.000680388,-3.87648e-05,0.00704829,-0.0132306,0.000372403,-0.000897296,0.0638159,9.54762,9.54783,0,2.83616
9.49,descend 2.5m,-0.0141928,0.0514122,-0.0023654,0.00350027,0,0,-0.000726045,0.00634757,0.00330029,3.18814,3.32814,3.3514,-0.785717,2.5,0,0.257182,0.257624,0.257199,0.257253,0.257182,0.257253,0.257624,0.257199,1,0,0.00396682,0,-0.00102846,-0.000670309,-0.000217835,0.00709382,-0.0105213,0.00249156,0.000669755,-3.95546e-05,0.000924376,-0.0130195,0.000492329,-0.0030114,-0.0463426,9.51297,9.51308,0,2.8293
9.5,descend 2.5m,-0.0142005,0.0513465,-0.00253288,0.00343901,0,0,-0.000471386,0.00672999,0.00269523,3.17883,3.31883,3.34353,-0.788345,2.5,0,0.255807,0.259057,0.255971,0.259425,0.255807,0.259425,0.259057,0.255971,1,0,0.00408525,0,0.000539898,0.00100762,-0.00294668,0.00760888,-0.0103495,0.00250623,0.000665954,-3.54608e-05,0.00935468,-0.0209755,-0.000114909,-0.0810417,-0.068502,9.65257,9.65315,0,2.8271
9.51,descend 2.5m,-0.0142051,0.0512772,-0.00288401,0.00332648,0,0,-0.000120529,0.00704397,0.00239414,3.16949,3.30949,3.34181,-0.786384,2.5,0,0.257603,0.25679,0.257887,0.25723,0.257603,0.25723,0.25679,0.257887,1,0,0.00420035,0,0.000412955,0.00137203,0.000646093,0.00865958,-0.0100004,0.00253423,0.000666535,-2.67911e-05,0.00756502,-0.0133462,0.00793642,0.0497557,0.0130574,9.6197,9.61984,0,2.82533
9.52,descend 2.5m,-0.0142053,0.0512055,-0.0029187,0.0032614,0,0,0.000298899,0.00723483,0.00191927,3.16012,3.30012,3.33394,-0.788747,2.5,0,0.258409,0.25663,0.258416,0.256927,0.258409,0.256927,0.25663,0.258416,1,0,0.00425674,0,0.000769921,0.000575546,0.0014363,0.00875689,-0.00980215,0.00253875,0.000662744,-2.67839e-05,0.00311814,-0.0112804,-0.00640789,-0.018226,-0.0847741,9.59448,9.59488,0,2.82457
9.53,descend 2.5m,-0.0142014,0.0511322,-0.00291153,0.00328998,0,0,0.000688806,0.00731873,0.00250046,3.15073,3.29073,3.31993,-0.795269,2.5,0,0.258004,0.258523,0.258047,0.258271,0.258004,0.258271,0.258523,0.258047,1,0,0.00420035,0,-0.00078047,-0.000396881,-0.000326736,0.008748,-0.00986753,0.00253985,0.000651873,-2.90887e-05,0.0114727,0.0022493,0.00729779,-0.0244059,-0.0489288,9.74904,9.74919,0,2.81892
9.54,descend 2.5m,-0.0141943,0.0510589,-0.00289304,0.00283462,0,0,0.00100252,0.00726293,0.00268996,3.14132,3.28132,3.31196,-0.797096,2.5,0,0.258809,0.257744,0.258979,0.257964,0.258809,0.257964,0.257744,0.258979,1,0,0.00384473,0,0.000133917,0.000737897,0.00091417,0.00868096,-0.00851271,0.0025406,0.000676628,-2.27951e-05,0.00376455,-0.00525141,0.00945791,0.0176161,0.01871,9.59579,9.59583,0,2.84047
9.55,descend 2.5m,-0.014184,0.0509863,-0.00292773,0.00268813,0,0,0.00133058,0.00717697,0.00267871,3.13188,3.27188,3.33354,-0.77769,2.5,0,0.256583,0.256466,0.256624,0.256548,0.256583,0.256548,0.256466,0.256624,1,0,0.00384473,0,0.000107135,0.000230918,8.48035e-05,0.00879243,-0.00807764,0.00254601,0.000678583,-2.13254e-05,0.00874378,-0.00813546,-0.00724937,-0.0871994,-0.0334871,9.58006,9.58052,0,2.84409
9.56,descend 2.5m,-0.0141702,0.0509149,-0.00275963,0.00260463,0,0,0.00168699,0.00702015,0.0026931,3.12243,3.26243,3.32575,-0.779379,2.5,0,0.25503,0.258229,0.25519,0.258422,0.25503,0.258422,0.258229,0.25519,1,0,0.00378221,0,8.55745e-05,0.000667973,-0.00282682,0.00829687,-0.00781864,0.002538,0.00067608,-2.4017e-05,0.0145295,-0.0024987,0.00722083,0.0527339,-0.053228,9.75265,9.75294,0,2.8466
9.57,descend 2.5m,-0.0141531,0.0508453,-0.00277346,0.00250516,0,0,0.00207816,0.0068148,0.00264313,3.11296,3.25296,3.32406,-0.776798,2.5,0,0.257236,0.255403,0.257218,0.256021,0.257236,0.256021,0.255403,0.257218,1,0,0.00371864,0,0.00168913,0.00113538,0.00133211,0.0083387,-0.00753178,0.00254035,0.000675348,-2.36688e-05,0.0147585,-0.0101914,-0.000924338,-0.10415,-0.0764947,9.68423,9.68509,0,2.84791
9.58,descend 2.5m,-0.0141315,0.0507777,-0.00233919,0.00279017,0,0,0.0024919,0.00661914,0.00232908,3.10346,3.24346,3.31629,-0.778601,2.5,0,0.256128,0.256898,0.256571,0.256917,0.256128,0.256917,0.256898,0.256571,1,0,0.00352105,0,-0.0011231,0.000873763,-0.000490722,0.00702049,-0.00839037,0.00251092,0.000645249,-3.26249e-05,0.00445298,-0.0126049,0.00782509,-0.131131,-0.0435323,9.56767,9.56867,0,2.8332
9.59,descend 2.5m,-0.0141063,0.0507122,-0.00264955,0.00286613,0,0,0.00276796,0.00636564,0.00211949,3.09394,3.23394,3.30425,-0.783498,2.5,0,0.258198,0.255848,0.258531,0.255766,0.258198,0.255766,0.255848,0.258531,1,0,0.00390625,0,-0.00110176,0.000474772,0.002248,0.00796018,-0.00861201,0.0025392,0.000630561,-2.86079e-05,0.0102329,-0.0084431,0.000651991,0.0344988,-0.0509545,9.60537,9.60557,0,2.82115
9.6,descend 2.5m,-0.0140793,0.0506498,-0.00262744,0.00299782,0,0,0.00288006,0.00605692,0.00248102,3.0844,3.2244,3.29641,-0.785308,2.5,0,0.256925,0.257872,0.256541,0.257671,0.256925,0.257671,0.257872,0.256541,1,0,0.00390625,0,0.000483818,-0.00110978,-0.000913241,0.00788937,-0.00900622,0.00254198,0.000613376,-3.09981e-05,0.00725815,-0.00789475,0.00256718,0.0249015,-0.0729761,9.59149,9.5918,0,2.81021
9.61,descend 2.5m,-0.0140511,0.0505898,-0.00237881,0.00299628,0,0,0.00303993,0.00586259,0.00260762,3.07484,3.21484,3.28548,-0.789357,2.5,0,0.258451,0.256509,0.258261,0.257297,0.258451,0.257297,0.256509,0.258261,1,0,0.00371864,0,0.00259579,0.00113276,0.00127745,0.00715175,-0.00900935,0.00252581,0.000605755,-3.69617e-05,0.0127351,-0.0130783,0.00697866,-0.159897,-0.00714097,9.60908,9.61042,0,2.80964
9.62,descend 2.5m,-0.0140206,0.0505318,-0.00240162,0.00324223,0,0,0.00324593,0.00570993,0.00117441,3.06527,3.20527,3.27758,-0.790982,2.5,0,0.257894,0.257507,0.258109,0.257611,0.257894,0.257611,0.257507,0.258109,1,0,0.00384473,0,-0.000294385,0.000604672,0.000388961,0.00721158,-0.00973135,0.00253064,0.000582562,-3.83251e-05,0.00701264,-0.00254329,0.00708077,-0.0856417,0.00985986,9.62215,9.62253,0,2.79196
9.63,descend 2.5m,-0.013988,0.0504747,-0.00251163,0.00294622,0,0,0.00339559,0.00564347,0.00168451,3.05567,3.19567,3.257,-0.801673,2.5,0,0.259403,0.25815,0.259202,0.258373,0.259403,0.258373,0.25815,0.259202,1,0,0.00365396,0,0.00112492,4.36593e-05,0.000915066,0.00753331,-0.00886825,0.00254298,0.000595167,-3.36309e-05,0.00151382,-0.0191315,-0.00161787,-0.155328,0.00925216,9.66681,9.66806,0,2.80355
9.64,descend 2.5m,-0.0139541,0.0504183,-0.00218452,0.00262691,0,0,0.00356765,0.00561533,0.00277188,3.04605,3.18605,3.24898,-0.803158,2.5,0,0.259466,0.258451,0.259381,0.258386,0.259466,0.258386,0.258451,0.259381,1,0,0.00331169,0,5.44631e-05,-0.000282742,0.000883414,0.00656554,-0.00790012,0.00252425,0.000613266,-3.66946e-05,0.010532,-0.0123041,-0.00442235,-0.0517295,0.0606608,9.6661,9.66643,0,2.82185
9.65,descend 2.5m,-0.0139188,0.0503615,-0.00203637,0.00238983,0,0,0.00372537,0.00569803,0.00133362,3.03642,3.17642,3.22449,-0.816217,2.5,0,0.259695,0.260897,0.259243,0.260736,0.259695,0.260736,0.260897,0.259243,1,0,0.00284714,0,0.000772046,-0.0011616,-0.00118385,0.00611276,-0.00717762,0.00251779,0.000625747,-3.70808e-05,0.00496671,-0.00479371,-0.00374167,0.0278859,0.01751,9.63483,9.63489,0,2.83332
9.66,descend 2.5m,-0.0138815,0.050304,-0.0021637,0.00262672,0,0,0.00386463,0.00572273,0.00189228,3.02678,3.16678,3.21632,-0.81702,2.5,0,0.259992,0.261139,0.259272,0.260499,0.259992,0.260499,0.261139,0.259272,1,0,0.00316442,0,0.000213316,-0.0025767,-0.00104386,0.00649611,-0.00790144,0.00253314,0.000600602,-3.63375e-05,0.0058658,-0.013586,0.00651138,0.00856784,0.0464348,9.73871,9.73882,0,2.81477
9.67,descend 2.5m,-0.0138437,0.0502462,-0.00236836,0.0024453,0,0,0.00389726,0.00576444,0.00228625,3.01712,3.15712,3.18669,-0.83359,2.5,0,0.260886,0.262633,0.261517,0.262089,0.260886,0.262089,0.262633,0.261517,1,0,0.00323889,0,-0.00311835,0.000164187,-0.00101925,0.00710912,-0.00733756,0.00255477,0.000608622,-3.20337e-05,0.00524773,-0.000501182,0.00568333,-0.0879628,0.0382518,9.76672,9.76719,0,2.81869
9.68,descend 2.5m,-0.0138064,0.0501882,-0.00185159,0.00247456,0,0,0.00379096,0.0057429,0.00242702,3.00746,3.14746,3.17836,-0.833832,2.5,0,0.261969,0.261467,0.262048,0.261749,0.261969,0.261749,0.261467,0.262048,1,0,0.00284714,0,0.000539214,0.000684545,0.000352031,0.00555531,-0.00743688,0.00252224,0.000597867,-3.80876e-05,0.00286553,-0.0082089,0.00543044,-0.059545,0.0150815,9.74733,9.74753,0,2.81972
9.69,descend 2.5m,-0.0137701,0.0501313,-0.00182769,0.00250713,0,0,0.00365534,0.00553884,0.00195365,2.9978,3.1378,3.16505,-0.837319,2.5,0,0.26157,0.262555,0.262083,0.262362,0.26157,0.262362,0.262555,0.262083,1,0,0.00300997,0,-0.00187634,0.000606133,-0.000555612,0.00548385,-0.00754322,0.00252657,0.000586878,-3.74373e-05,0.00307057,-0.0139694,-0.00204171,-0.0364833,-0.00883734,9.79531,9.79538,0,2.81455
9.7,descend 2.5m,-0.0137357,0.0500771,-0.00152535,0.00204146,0,0,0.00340531,0.0052482,0.00210931,2.98813,3.12813,3.15668,-0.837041,2.5,0,0.263248,0.261095,0.26352,0.260629,0.263248,0.260629,0.261095,0.26352,1,0,0.00258374,0,-0.00195465,-0.000367056,0.00221689,0.00459016,-0.00614851,0.00250899,0.000614443,-4.05649e-05,0.0119135,-0.0154654,0.000573882,-0.0410662,0.0748763,9.81522,9.81559,0,2.84093
9.71,descend 2.5m,-0.0137048,0.0500255,-0.00168028,0.00227741,0,0,0.00290685,0.00501789,0.0020766,2.97847,3.11847,3.16055,-0.82768,2.5,0,0.261719,0.260976,0.26187,0.260471,0.261719,0.260471,0.260976,0.26187,1,0,0.00267443,0,-0.00173925,-0.000670828,0.000941588,0.00503881,-0.00684373,0.00252503,0.000589157,-3.87198e-05,0.00119648,-0.00705974,-0.00573731,0.00194743,0.0827278,9.95232,9.95266,0,2.82247
9.72,descend 2.5m,-0.0136793,0.0499762,-0.00194215,0.00184462,0,0,0.00239973,0.0047255,0.00273052,2.96881,3.10881,3.15228,-0.826988,2.5,0,0.260644,0.261676,0.260734,0.261722,0.260644,0.261722,0.261676,0.260734,1,0,0.00229024,0,-0.000115303,0.000256833,-0.000888259,0.00583488,-0.00554061,0.00254809,0.000613179,-3.68139e-05,0.00818709,-0.00388894,-0.00359572,-0.0407941,-0.0211514,9.86151,9.86162,0,2.8403
9.73,descend 2.5m,-0.0136588,0.0499303,-0.00184215,0.00213689,0,0,0.00198647,0.0043556,0.00347309,2.95916,3.09916,3.13752,-0.830747,2.5,0,0.261298,0.261959,0.261038,0.261913,0.261298,0.261913,0.261959,0.261038,1,0,0.00248976,0,0.000565477,-0.000578956,-0.000675038,0.00553604,-0.0064229,0.00254598,0.000585546,-3.96049e-05,0.00893634,-0.0075632,0.00201996,-0.0403815,0.0415909,9.89001,9.89018,0,2.82236
9.74,descend 2.5m,-0.0136425,0.0498874,-0.00212826,0.00208971,0,0,0.00157145,0.00414115,0.00249621,2.94951,3.08951,3.12922,-0.829814,2.5,0,0.260675,0.262568,0.260243,0.262392,0.260675,0.262392,0.262568,0.260243,1,0,0.00267443,0,0.000676227,-0.00115189,-0.00177662,0.0063995,-0.00628337,0.00257121,0.000583051,-3.54555e-05,0.0123779,-0.00892456,0.00864338,-0.165796,0.0519529,9.88152,9.88305,0,2.81886
9.75,descend 2.5m,-0.0136302,0.0498463,-0.00205862,0.00234908,0,0,0.00119984,0.00398152,0.00295295,2.93986,3.07986,3.13098,-0.821602,2.5,0,0.260126,0.261484,0.25999,0.261233,0.260126,0.261233,0.261484,0.25999,1,0,0.00284714,0,-0.000302498,-0.000732298,-0.00114313,0.0061844,-0.0070572,0.00257021,0.000556433,-3.88126e-05,0.00826835,-0.00607862,-0.000277694,0.0293722,-0.0464719,9.94439,9.94455,0,2.80275
9.76,descend 2.5m,-0.013621,0.0498073,-0.00222082,0.0023263,0,0,0.000935729,0.00373314,0.00350101,2.93022,3.07022,3.12277,-0.820963,2.5,0,0.260039,0.261065,0.260415,0.261073,0.260039,0.261073,0.261065,0.260415,1,0,0.00300997,0,-0.000978556,0.000729408,-0.000740216,0.00667504,-0.00699585,0.00258543,0.000550661,-3.67025e-05,0.0109834,-0.0107422,0.000552525,-0.0555773,-0.000176751,9.86063,9.86078,0,2.79975
9.77,descend 2.5m,-0.0136143,0.0497708,-0.00230858,0.00236949,0,0,0.00068728,0.00346909,0.00285217,2.92059,3.06059,3.10408,-0.82777,2.5,0,0.261496,0.261011,0.262159,0.260501,0.261496,0.260501,0.261011,0.262159,1,0,0.00308816,0,-0.0031098,0.000288258,0.000941756,0.00691687,-0.00712005,0.00259613,0.000542686,-3.49839e-05,-0.00330099,-0.00716698,-0.00627284,-0.0467458,-0.0857328,9.92131,9.9218,0,2.79414
9.78,descend 2.5m,-0.0136102,0.0497366,-0.00209666,0.00241053,0,0,0.000427937,0.00332442,0.00339494,2.91097,3.05097,3.09581,-0.826899,2.5,0,0.260964,0.261752,0.261106,0.261025,0.260964,0.261025,0.261752,0.261106,1,0,0.00300997,0,-0.00230742,-0.00110955,-0.000310348,0.00628719,-0.00723122,0.00258347,0.000536213,-4.00279e-05,0.000740094,0.000783108,-0.00515246,-0.0299385,-0.0199552,9.85966,9.85973,0,2.79247
9.79,descend 2.5m,-0.0136083,0.0497031,-0.00203536,0.00251346,0,0,0.000281615,0.00327867,0.00324061,2.90135,3.04135,3.09308,-0.822008,2.5,0,0.261584,0.260127,0.261897,0.259425,0.261584,0.259425,0.260127,0.261897,1,0,0.00316442,0,-0.00269225,-0.000738828,0.00172725,0.00610016,-0.00756326,0.00257915,0.000523098,-4.21911e-05,-0.00135919,-0.0147277,3.69876e-05,-0.191938,-0.0848079,9.85893,9.86117,0,2.78558
9.8,descend 2.5m,-0.0136073,0.0496699,-0.00248874,0.00242805,0,0,0.000138899,0.00331283,0.00250222,2.89173,3.03173,3.08486,-0.821023,2.5,0,0.261019,0.26023,0.260683,0.260767,0.261019,0.260767,0.26023,0.260683,1,0,0.00323889,0,0.00231697,0.000379982,0.000310366,0.00744707,-0.00730298,0.00261489,0.000523797,-3.42491e-05,-0.0101069,-0.0120023,-0.011548,-0.083369,0.0104233,9.96531,9.96566,0,2.783
9.81,descend 2.5m,-0.0136078,0.049636,-0.00244101,0.00237376,0,0,2.61867e-05,0.00341064,0.00292156,2.88213,3.02213,3.08477,-0.814422,2.5,0,0.259975,0.260281,0.259747,0.260218,0.259975,0.260218,0.260281,0.259747,1,0,0.00338291,0,0.000437747,-0.000552447,-0.000341661,0.00733962,-0.00712987,0.00261297,0.000522265,-3.48906e-05,0.0137017,-0.00519973,-0.00358069,-0.154976,-0.0764262,9.86477,9.86629,0,2.78472
9.82,descend 2.5m,-0.0136094,0.0496011,-0.00247193,0.00226589,0,0,-3.58002e-05,0.00349026,0.0027453,2.87252,3.01252,3.07663,-0.813745,2.5,0,0.261286,0.259059,0.261102,0.258537,0.261286,0.258537,0.259059,0.261102,1,0,0.00316442,0,-0.000897159,-0.00133574,0.00210629,0.00742389,-0.00680992,0.00261751,0.000524377,-3.41e-05,0.00803057,-0.00764144,0.00015523,-0.0584103,-0.114162,9.90704,9.90787,0,2.78848
9.83,descend 2.5m,-0.0136111,0.0495652,-0.00272258,0.00239238,0,0,-3.28402e-05,0.00361826,0.00285008,2.86293,3.00293,3.04836,-0.827479,2.5,0,0.261736,0.260954,0.261579,0.260861,0.261736,0.260861,0.260954,0.261579,1,0,0.00345267,0,0.000167922,-0.000472314,0.00065919,0.00817627,-0.00717739,0.00263893,0.0005098,-3.29966e-05,0.00833569,0.000343845,-0.000619475,-0.0280344,0.0203815,9.85925,9.85931,0,2.77646
9.84,descend 2.5m,-0.0136121,0.0495279,-0.00274306,0.0024406,0,0,9.37125e-05,0.00377673,0.00232419,2.85333,2.99333,3.04008,-0.826735,2.5,0,0.262595,0.260124,0.262453,0.259696,0.262595,0.259696,0.260124,0.262453,1,0,0.00365396,0,-0.000757567,-0.00108088,0.00229801,0.00821356,-0.00732773,0.0026416,0.000499865,-3.44551e-05,-0.00776074,-0.0034342,-0.00409272,-0.0557193,-0.000295294,9.84589,9.84605,0,2.77145
9.85,descend 2.5m,-0.0136111,0.0494892,-0.00253526,0.00243848,0,0,0.000276616,0.00394491,0.00156273,2.84375,2.98375,3.03393,-0.824488,2.5,0,0.261568,0.260928,0.261115,0.260443,0.261568,0.260443,0.260928,0.261115,1,0,0.00331169,0,-8.57241e-05,-0.00177838,0.000576273,0.007597,-0.00733436,0.0026285,0.000496305,-3.82945e-05,-0.0032133,-0.0121215,0.0011334,-0.0814049,-0.0739449,9.90953,9.91014,0,2.77185
9.86,descend 2.5m,-0.0136083,0.0494482,-0.0029803,0.00227365,0,0,0.000467427,0.00421148,0.00238554,2.83417,2.97417,3.02569,-0.823515,2.5,0,0.261003,0.260863,0.260763,0.261064,0.261003,0.261064,0.260863,0.260763,1,0,0.00345267,0,0.00116955,-7.37286e-05,-7.05376e-05,0.00894326,-0.00683028,0.00266416,0.000502013,-3.01852e-05,0.00424622,-0.0057095,-0.00161074,0.00629031,-0.0487282,9.83949,9.83961,0,2.77361
9.87,descend 2.5m,-0.0136037,0.0494046,-0.00342213,0.0023297,0,0,0.000744639,0.00447261,0.00242755,2.82459,2.96459,2.98525,-0.845993,2.5,0,0.264006,0.261988,0.26406,0.262084,0.264006,0.262084,0.261988,0.26406,1,0,0.00396682,0,0.000109476,0.000283247,0.00175572,0.010294,-0.00702774,0.00269801,0.000490537,-2.77091e-05,0.0210839,-0.0252749,0.00125506,-0.162282,-0.0365849,9.87825,9.87965,0,2.76307
9.88,descend 2.5m,-0.0135955,0.0493585,-0.00325548,0.00240934,0,0,0.00118959,0.00470715,0.00293563,2.81502,2.95502,2.9768,-0.844839,2.5,0,0.262006,0.264051,0.261988,0.263709,0.262006,0.263709,0.264051,0.261988,1,0,0.00396682,0,-0.000857059,-0.000683129,-0.00165544,0.00976829,-0.00724342,0.00268838,0.000479676,-3.41272e-05,0.00396421,-0.00976897,-0.00669772,-0.0528358,-0.0863977,9.98135,9.98187,0,2.75775
9.89,descend 2.5m,-0.0135831,0.0493097,-0.00344493,0.0026801,0,0,0.001654,0.00492897,0.00366278,2.80547,2.94547,2.9603,-0.8495,2.5,0,0.262869,0.26403,0.262204,0.264439,0.262869,0.264439,0.26403,0.262204,1,0,0.00420035,0,0.00284934,-0.000485744,-0.00149258,0.0103467,-0.00804377,0.00270534,0.000451916,-3.85098e-05,0.0106988,-0.0018314,-0.00524499,0.00177062,-0.012195,10.0368,10.0368,0,2.73759
9.9,descend 2.5m,-0.0135659,0.0492592,-0.0037045,0.00277507,0,0,0.00216161,0.00508996,0.00396708,2.79592,2.93592,2.95181,-0.84794,2.5,0,0.263487,0.262874,0.263498,0.263108,0.263487,0.263108,0.262874,0.263498,1,0,0.00452814,0,0.000592539,0.000462927,0.000440701,0.0111174,-0.00832924,0.00272866,0.000438865,-3.85905e-05,0.00536008,-0.00221696,-0.00731575,-0.0752566,-0.0356045,9.91696,9.91731,0,2.72643
9.91,descend 2.5m,-0.0135438,0.0492073,-0.00367509,0.00257711,0,0,0.00266439,0.00515537,0.00388429,2.78639,2.92639,2.92339,-0.860479,2.5,0,0.263861,0.265179,0.263557,0.265114,0.263861,0.265114,0.265179,0.263557,1,0,0.00431238,0,0.000631284,-0.0006987,-0.00126323,0.0110475,-0.00774012,0.00272892,0.000444546,-3.60375e-05,0.0175897,-0.00541122,0.00268603,-0.0312825,0.0595966,9.99393,9.99415,0,2.73472
9.92,descend 2.5m,-0.0135165,0.0491548,-0.00375977,0.00259234,0,0,0.00320623,0.00527243,0.00383448,2.77688,2.91688,2.91479,-0.858323,2.5,0,0.264814,0.263523,0.264968,0.263634,0.264814,0.263634,0.263523,0.264968,1,0,0.00447517,0,-0.000115183,0.000502037,0.00115391,0.0112954,-0.00780413,0.0027396,0.000437053,-3.60212e-05,0.0135305,-0.017606,-0.00432577,-0.0509307,-0.0456507,9.9714,9.97163,0,2.72971
9.93,descend 2.5m,-0.0134838,0.0491013,-0.00350174,0.00288584,0,0,0.00366045,0.00529757,0.00311862,2.76738,2.90738,2.89762,-0.862298,2.5,0,0.26617,0.263748,0.265416,0.264605,0.26617,0.264605,0.263748,0.265416,1,0,0.00442158,0,0.00427422,0.000195353,0.00142089,0.0105087,-0.00867152,0.00272483,0.000407174,-5.10085e-05,0.00502559,-0.00894238,0.00553339,-0.0388817,-0.134635,10.0584,10.0594,0,2.7126
9.94,descend 2.5m,-0.0134465,0.0490482,-0.00363207,0.00331724,0,0,0.00409607,0.00523642,0.00325315,2.75791,2.89791,2.88901,-0.859568,2.5,0,0.266156,0.266554,0.266318,0.266394,0.266156,0.266394,0.266554,0.266318,1,0,0.0049314,0,-0.000855986,4.62852e-06,-0.000208141,0.0109108,-0.00993859,0.0027381,0.000367009,-5.86277e-05,0.0124827,0.00912244,0.00252677,0.00261431,0.0102146,10.1317,10.1317,0,2.68353
9.95,descend 2.5m,-0.0134053,0.0489959,-0.00342717,0.00356693,0,0,0.00441336,0.00514212,0.00297589,2.74846,2.88846,2.89371,-0.847306,2.5,0,0.263833,0.265182,0.263209,0.265135,0.263833,0.265135,0.265182,0.263209,1,0,0.00483374,0,0.0015304,-0.00127207,-0.00143952,0.0102828,-0.0107146,0.00272836,0.000341694,-6.9425e-05,0.00359847,-0.0088504,-0.00103296,-0.0859416,-0.142415,10.1249,10.1263,0,2.66831
9.96,descend 2.5m,-0.0133615,0.0489442,-0.00337669,0.00388764,0,0,0.00468045,0.00512647,0.00307384,2.73903,2.87903,2.88525,-0.844464,2.5,0,0.266972,0.264548,0.266794,0.264355,0.266972,0.264355,0.264548,0.266794,1,0,0.00507437,0,-3.65685e-05,-0.000702308,0.00213736,0.0101426,-0.0116864,0.00273024,0.000312746,-7.5281e-05,0.0111626,-0.0152694,-0.0142317,0.0241604,-0.00874582,10.1194,10.1194,0,2.64741
9.97,descend 2.5m,-0.0133144,0.048892,-0.00293811,0.00378467,0,0,0.00496134,0.00525092,0.00221812,2.72963,2.86963,2.87259,-0.844566,2.5,0,0.267283,0.268772,0.267328,0.268852,0.267283,0.268852,0.268772,0.267328,1,0,0.00483374,0,9.00379e-05,0.000236392,-0.00132423,0.00882196,-0.011374,0.00270246,0.000313364,-8.96933e-05,0.00782195,-0.0129914,-0.000475167,-0.132119,-0.0373349,10.1225,10.1235,0,2.65466
9.98,descend 2.5m,-0.0132649,0.0488385,-0.00260674,0.00379453,0,0,0.00515891,0.00543236,0.00295497,2.72026,2.86026,2.86416,-0.841228,2.5,0,0.269202,0.269469,0.269494,0.269213,0.269202,0.269213,0.269469,0.269494,1,0,0.00442158,0,-0.00145262,6.87715e-05,6.55112e-06,0.00783862,-0.0113924,0.002685,0.000306247,-9.98213e-05,0.0149739,-0.00557167,0.00381174,0.0264138,0.0612113,10.2211,10.2213,0,2.65434
9.99,descend 2.5m,-0.013214,0.0487825,-0.00250295,0.00399786,0,0,0.00530385,0.00573411,0.00284384,2.71092,2.85092,2.86966,-0.82727,2.5,0,0.26757,0.266615,0.267761,0.266159,0.26757,0.266159,0.266615,0.267761,1,0,0.00463224,0,-0.00171454,-0.000504151,0.00112364,0.00752746,-0.0120167,0.00268351,0.000285895,-0.000102454,0.0151354,-0.0151136,-0.00269494,0.00721706,-0.0530639,10.2364,10.2366,0,2.64039
10,descend 2.5m,-0.013162,0.0487232,-0.00285309,0.00413684,0,0,0.00529312,0.00607601,0.00205164,2.70162,2.84162,2.86141,-0.823118,2.5,0,0.267861,0.268395,0.268304,0.268222,0.267861,0.268222,0.268395,0.268304,1,0,0.00488281,0,-0.00163231,0.00051053,-0.000198111,0.00857669,-0.012416,0.00271323,0.000268846,-8.81095e-05,0.0143772,-0.00337158,-0.0058402,-0.134498,0.0252574,10.195,10.1959,0,2.62449
10.01,descend 2.5m,-0.0131107,0.0486609,-0.00275571,0.00441489,0,0,0.00518155,0.00632012,0.00245259,2.69236,2.83236,2.85512,-0.817512,2.5,0,0.269107,0.268728,0.26896,0.268702,0.269107,0.268702,0.268728,0.26896,1,0,0.00507437,0,0.000322711,-0.000327539,0.000280067,0.00826211,-0.0132641,0.00271284,0.000239547,-9.36431e-05,-0.000582926,-0.0126992,-0.00256161,0.00830384,-0.0557146,10.3888,10.3889,0,2.60588
10.02,descend 2.5m,-0.0130605,0.0485962,-0.00321362,0.00447642,0,0,0.00507717,0.00662115,0.00196872,2.68314,2.82314,2.84696,-0.812846,2.5,0,0.271285,0.268767,0.271112,0.268742,0.271285,0.268742,0.268767,0.271112,1,0,0.00534885,0,0.000390882,-0.00037298,0.00214864,0.00964402,-0.0134374,0.00275059,0.00022857,-7.24464e-05,0.00491456,-0.00521871,0.000748316,-0.0703487,-0.034112,10.2793,10.2796,0,2.59294
10.03,descend 2.5m,-0.0130109,0.0485271,-0.0031051,0.00419997,0,0,0.00499475,0.00719195,0.00211866,2.67396,2.81396,2.84564,-0.803099,2.5,0,0.270042,0.269016,0.269494,0.268777,0.270042,0.268777,0.269016,0.269494,1,0,0.00512114,0,0.000816244,-0.0014913,0.000766376,0.009334,-0.0126192,0.0027489,0.000241497,-6.98565e-05,0.015236,-0.0126063,0.00472169,-0.0709825,0.0656166,10.3192,10.3197,0,2.60519
10.04,descend 2.5m,-0.0129625,0.0484519,-0.00256,0.00461228,0,0,0.00493317,0.00780082,0.00257735,2.66483,2.80483,2.83763,-0.798036,2.5,0,0.270531,0.270289,0.270457,0.270241,0.270531,0.270241,0.270289,0.270457,1,0,0.00530409,0,6.88842e-05,-0.000230653,0.000201156,0.00770872,-0.0138245,0.00271293,0.000203995,-9.47076e-05,0.0218963,0.00842783,0.00245855,0.0407198,0.0342662,10.4128,10.4129,0,2.58351
10.05,descend 2.5m,-0.0129141,0.0483707,-0.00262105,0.0041277,0,0,0.00498453,0.00841231,0.00319204,2.65575,2.79575,2.8468,-0.780463,2.5,0,0.266984,0.266915,0.267331,0.266924,0.266984,0.266924,0.266915,0.267331,1,0,0.0049314,0,-0.000896984,0.00067408,0.000208617,0.00788093,-0.012401,0.00272198,0.000231515,-8.68314e-05,0.014619,-0.0117018,-0.0048087,-0.0873236,0.0544695,10.4245,10.425,0,2.60481
10.06,descend 2.5m,-0.0128658,0.0482835,-0.00244109,0.00371605,0,0,0.00500634,0.00893091,0.0031856,2.64673,2.78673,2.83902,-0.775244,2.5,0,0.268215,0.267546,0.268679,0.267642,0.268215,0.267642,0.267546,0.268679,1,0,0.00431238,0,-0.000975724,0.00105991,0.000749771,0.00733565,-0.0111626,0.00271418,0.00025343,-8.67584e-05,0.010983,-0.00940005,0.000758787,0.00965153,0.0872349,10.4449,10.4453,0,2.62451
10.07,descend 2.5m,-0.0128172,0.0481921,-0.00289456,0.00366293,0,0,0.0049726,0.00929536,0.00230695,2.63775,2.77775,2.81172,-0.783788,2.5,0,0.275358,0.272575,0.275366,0.272473,0.275358,0.272473,0.272575,0.275366,1,0,0.00442158,0,-0.000293423,-0.000176712,0.00249505,0.00870356,-0.01101,0.00275396,0.00024742,-7.24505e-05,0.0159763,-0.0139057,0.0139326,0.0652646,-0.0231229,10.3299,10.3301,0,2.6166
10.08,descend 2.5m,-0.0127686,0.0480971,-0.00289012,0.00327513,0,0,0.0049312,0.00964628,0.00218309,2.62883,2.76883,2.80391,-0.777741,2.5,0,0.274795,0.274753,0.275108,0.27482,0.274795,0.27482,0.274753,0.275108,1,0,0.00425674,0,-0.000654111,0.000719554,0.000144831,0.00868,-0.0098508,0.0027594,0.000265387,-6.74349e-05,0.00925427,-0.0166249,-0.012648,-0.00639155,-0.046914,10.4265,10.4266,0,2.63253
10.09,descend 2.5m,-0.0127205,0.0479991,-0.00253786,0.00330682,0,0,0.00487515,0.00989666,0.00199278,2.61997,2.75997,2.79223,-0.773735,2.5,0,0.276695,0.276666,0.276829,0.276666,0.276695,0.276666,0.276666,0.276829,1,0,0.00408525,0,-0.000358381,0.000254922,8.44419e-05,0.00760479,-0.00993987,0.00273778,0.000253902,-7.40879e-05,-0.00306415,-0.0126496,-0.0100232,-0.0351736,-0.0420427,10.5463,10.5464,0,2.62861
10.1,descend 2.5m,-0.0126732,0.0478994,-0.00260464,0.00305345,0,0,0.0047689,0.00999502,0.00230817,2.61118,2.75118,2.78453,-0.76614,2.5,0,0.277265,0.277605,0.277399,0.27763,0.277265,0.27763,0.277605,0.277399,1,0,0.00384473,0,-0.000287438,0.000301937,-0.000250936,0.00781278,-0.00918531,0.00274813,0.000262306,-6.90011e-05,0.00199271,-0.0163824,0.00546231,0.0175091,0.0194616,10.5314,10.5314,0,2.63592
10.11,descend 2.5m,-0.012627,0.0477991,-0.0026119,0.00366933,0,0,0.00463489,0.0100192,0.0026208,2.60248,2.74248,2.7506,-0.776551,2.5,0,0.285615,0.284144,0.285096,0.284541,0.285615,0.284541,0.284144,0.285096,1,0,0.00442158,0,0.00243015,-0.000233424,0.000890517,0.00784953,-0.0110262,0.00275347,0.000206263,-7.43944e-05,0.0120174,-0.0119491,-0.0030615,0.0114664,0.0339057,10.7969,10.797,0,2.59506
10.12,descend 2.5m,-0.0125825,0.0476987,-0.0026736,0.00376689,0,0,0.0044483,0.00998666,0.00186484,2.59386,2.73386,2.74288,-0.766422,2.5,0,0.285123,0.285409,0.285464,0.285572,0.285123,0.285572,0.285409,0.285464,1,0,0.00447517,0,-0.000470659,0.000954548,-0.000172718,0.00804849,-0.0113355,0.00276215,0.000188859,-7.38001e-05,0.021255,-0.0230532,0.00027031,-0.140833,-0.0994218,10.8291,10.8305,0,2.58271
10.13,descend 2.5m,-0.01254,0.0475991,-0.00262471,0.00370253,0,0,0.00418587,0.00984262,0.00166756,2.58535,2.72535,2.73399,-0.755903,2.5,0,0.284589,0.287438,0.284763,0.287714,0.284589,0.287714,0.287438,0.284763,1,0,0.00442158,0,0.000270069,0.000850881,-0.0025495,0.00787519,-0.0111238,0.00276407,0.000183289,-7.39729e-05,0.00349832,-0.0106162,0.000873803,-0.149165,-0.119609,11.0076,11.0093,0,2.58078
10.14,descend 2.5m,-0.0125007,0.0475013,-0.00262307,0.00385974,0,0,0.00383512,0.0096446,0.00222855,2.57696,2.71696,2.7265,-0.743281,2.5,0,0.286566,0.286546,0.286543,0.285931,0.286566,0.285931,0.286546,0.286543,1,0,0.00452814,0,-0.00156819,-0.0012102,0.000277672,0.007879,-0.0116118,0.00276947,0.000162143,-7.5642e-05,0.00931442,-0.0215419,0.00266395,-0.101617,-0.00858419,11.0364,11.0369,0,2.56601
10.15,descend 2.5m,-0.0124654,0.0474054,-0.00268338,0.00362478,0,0,0.00348673,0.00943401,0.00384003,2.56869,2.70869,2.71928,-0.729661,2.5,0,0.285552,0.287578,0.285561,0.287443,0.285552,0.287443,0.287578,0.285561,1,0,0.00431238,0,-0.000382233,-0.000238386,-0.00171731,0.00805847,-0.0108819,0.00277814,0.00016857,-7.12105e-05,0.00835127,-0.00484244,0.00245618,0.00634827,0.0498447,11.3185,11.3186,0,2.57274
10.16,descend 2.5m,-0.0124338,0.047312,-0.00250064,0.00364673,0,0,0.00318787,0.00915883,0.00317255,2.56056,2.70056,2.71205,-0.715452,2.5,0,0.286859,0.286304,0.286929,0.286323,0.286859,0.286323,0.286304,0.286929,1,0,0.00420035,0,-0.000135971,0.000167395,0.000510347,0.00752183,-0.0109404,0.0027681,0.000158288,-7.66291e-05,0.0160854,6.61205e-06,-0.00269554,-0.0108532,0.0805909,11.3179,11.3182,0,2.56794
10.17,descend 2.5m,-0.012404,0.0472209,-0.00237404,0.00363808,0,0,0.00304768,0.00896721,0.0027819,2.55258,2.69258,2.69677,-0.706361,2.5,0,0.286752,0.29,0.287426,0.290474,0.286752,0.290474,0.29,0.287426,1,0,0.00425674,0,-0.000529353,0.00217363,-0.0027671,0.00712584,-0.0109335,0.00276134,0.000150432,-8.0495e-05,0.00528213,-0.0126473,-0.00664087,-0.0790958,-0.101385,11.3249,11.3256,0,2.56441
10.18,descend 2.5m,-0.0123751,0.0471324,-0.00210332,0.00364586,0,0,0.00305243,0.00865913,0.00337829,2.54475,2.68475,2.68979,-0.690402,2.5,0,0.289009,0.288212,0.288891,0.288019,0.289009,0.288019,0.288212,0.288891,1,0,0.00420035,0,-0.000197887,-0.000588884,0.000733694,0.00631328,-0.0109601,0.0027444,0.000142704,-8.88908e-05,0.00496035,-0.0148939,0.00387925,-0.0475517,-0.00883078,11.4288,11.4289,0,2.56181
10.19,descend 2.5m,-0.0123462,0.0470464,-0.00186486,0.00366169,0,0,0.0030796,0.00842122,0.00356722,2.53708,2.67708,2.65975,-0.690618,2.5,0,0.29443,0.293965,0.2949,0.29365,0.29443,0.29365,0.293965,0.2949,1,0,0.00396682,0,-0.0020818,0.000294692,0.000754061,0.00560359,-0.0110066,0.00273068,0.0001327,-9.46377e-05,0.00878452,-0.0141994,-0.0073845,0.0499249,0.0243214,11.5711,11.5712,0,2.55858
10.2,descend 2.5m,-0.0123165,0.0469629,-0.00206749,0.0033953,0,0,0.00317377,0.00814782,0.0025863,2.52958,2.66958,2.65293,-0.672858,2.5,0,0.293284,0.294274,0.293668,0.294448,0.293284,0.294448,0.294274,0.293668,1,0,0.00384473,0,-0.000558168,0.0010589,-0.000777918,0.00621332,-0.0102032,0.0027457,0.000139917,-8.98987e-05,0.00997666,-0.0113918,0.00375545,-0.119128,-0.0427584,11.7145,11.7152,0,2.56607
10.21,descend 2.5m,-0.0122855,0.046883,-0.00204255,0.0036042,0,0,0.00320064,0.00774514,0.00256923,2.52226,2.66226,2.63413,-0.662732,2.5,0,0.2971,0.296533,0.296591,0.29599,0.2971,0.29599,0.296533,0.296591,1,0,0.0041432,0,-8.92591e-05,-0.00199283,0.000513545,0.00612833,-0.0108377,0.00274968,0.000116612,-8.93711e-05,0.00324252,-0.0166223,-0.00379305,-0.0177431,0.00249878,11.7639,11.764,0,2.54978
10.22,descend 2.5m,-0.0122553,0.0468067,-0.00168936,0.00344675,0,0,0.00306592,0.0074587,0.00250344,2.51514,2.65514,2.62761,-0.642679,2.5,0,0.295501,0.296358,0.296002,0.295998,0.295501,0.295998,0.296358,0.296002,1,0,0.00358812,0,-0.00228442,0.00026666,-0.000375179,0.00506526,-0.0103587,0.0027277,0.000120598,-9.8561e-05,0.000857772,-0.0122186,0.00271922,0.0925991,-0.0332834,11.7988,11.7993,0,2.55818
10.23,descend 2.5m,-0.0122263,0.046733,-0.00165734,0.00332616,0,0,0.00289692,0.00720641,0.00233527,2.50822,2.64822,2.61101,-0.629159,2.5,0,0.297342,0.298054,0.297458,0.298643,0.297342,0.298643,0.298054,0.297458,1,0,0.00345267,0,0.00125429,0.00133594,-0.00083352,0.00498833,-0.00999331,0.0027277,0.000120598,-9.8561e-05,0.0135839,-0.00978576,0.0115317,-0.0716471,-0.0248806,11.8554,11.8557,0,2.56083
10.24,descend 2.5m,-0.0121995,0.0466621,-0.00163429,0.00320185,0,0,0.00268853,0.00689617,0.00191957,2.50151,2.64151,2.60483,-0.607024,2.5,0,0.297578,0.296594,0.297684,0.29626,0.297578,0.29626,0.296594,0.297684,1,0,0.00331169,0,-0.00116817,-0.000431467,0.0010589,0.00490848,-0.00962431,0.0027277,0.000120597,-9.85628e-05,0.00647054,-0.0123896,0.00326484,0.0589696,-0.0707836,11.9061,11.9064,0,2.56376
10.25,descend 2.5m,-0.0121747,0.0465945,-0.00157538,0.00306616,0,0,0.0023728,0.0065686,0.00183418,2.49502,2.63502,2.62008,-0.569476,2.5,0,0.289377,0.291651,0.289731,0.292168,0.289377,0.292168,0.291651,0.289731,1,0,0.00338291,0,0.000434221,0.00165071,-0.0020701,0.00473537,-0.00922719,0.0027277,0.000120597,-9.85628e-05,0.00886874,-0.0190332,0.0081046,-0.0757367,-0.0885161,12.0894,12.09,0,2.56798
10.26,descend 2.5m,-0.0121538,0.0465305,-0.00154869,0.00295378,0,0,0.00198092,0.00614085,0.00266117,2.48875,2.62875,2.6145,-0.547105,2.5,0,0.289064,0.290422,0.289335,0.290119,0.289064,0.290119,0.290422,0.289335,1,0,0.00323889,0,-0.00152275,-6.03059e-05,-0.000941434,0.00463536,-0.00886274,0.0027277,0.000120596,-9.8564e-05,-0.00438704,-0.00081335,-0.00256459,0.0291719,-0.0817774,12.0248,12.0252,0,2.57075
10.27,descend 2.5m,-0.0121372,0.046471,-0.0015016,0.00286139,0,0,0.00155193,0.00570427,0.00184647,2.4827,2.6227,2.62274,-0.515395,2.5,0,0.284377,0.286046,0.284944,0.28571,0.284377,0.28571,0.286046,0.284944,1,0,0.00316442,0,-0.00239491,0.000437266,-0.00107,0.00451926,-0.00860831,0.0027277,0.000120596,-9.8564e-05,0.0123621,-0.0159915,0.00517968,-0.135962,0.0252146,11.8739,11.8747,0,2.57295
10.28,descend 2.5m,-0.0121246,0.0464153,-0.00144544,0.00275891,0,0,0.00107065,0.00536037,0.00151542,2.47686,2.61686,2.61769,-0.494353,2.5,0,0.284733,0.283911,0.28454,0.283986,0.284733,0.283986,0.283911,0.28454,1,0,0.00300997,0,0.000712891,-0.00022429,0.000604972,0.00433652,-0.00829965,0.0027277,0.000120596,-9.85637e-05,0.00285241,-0.0151734,0.00995689,-0.10525,-0.210715,11.9147,11.917,0,2.57611
10.29,descend 2.5m,-0.0121168,0.0463632,-0.00115805,0.00301346,0,0,0.00061335,0.00501578,0.00211795,2.47122,2.61122,2.6088,-0.476981,2.5,0,0.282325,0.286299,0.282598,0.286249,0.282325,0.286249,0.286299,0.282598,1,0,0.00331169,0,-0.000858786,0.000423941,-0.00335166,0.00349483,-0.00906058,0.00270903,9.41377e-05,-0.000102348,0.0165183,-0.0133614,-0.00496315,-0.0689996,-0.0409695,11.7898,11.7901,0,2.56242
10.3,descend 2.5m,-0.0121138,0.0463145,-0.00140425,0.00339861,0,0,0.000261924,0.0046341,0.00273095,2.46578,2.60578,2.60413,-0.457279,2.5,0,0.283411,0.283745,0.282806,0.283792,0.283411,0.283792,0.283745,0.282806,1,0,0.00345267,0,0.00173013,-0.00105612,-0.000580386,0.00420221,-0.0102012,0.00272616,5.94748e-05,-9.46424e-05,-0.0042879,-0.00354563,-0.00301111,-0.0080218,-0.0259701,11.7154,11.7154,0,2.53505
10.31,descend 2.5m,-0.0121132,0.0462696,-0.00162761,0.00338557,0,0,0.00011782,0.00422909,0.00244748,2.46052,2.60052,2.58043,-0.452525,2.5,0,0.288171,0.286695,0.288711,0.28631,0.288171,0.28631,0.286695,0.288711,1,0,0.00358812,0,-0.00245673,0.000294287,0.00170386,0.00489571,-0.0101621,0.00274345,5.39902e-05,-8.89067e-05,0.0113375,-0.00351943,-0.000221654,0.0541607,0.0529738,11.6562,11.6564,0,2.53053
10.32,descend 2.5m,-0.0121137,0.0462289,-0.00204407,0.00295317,0,0,-2.50683e-05,0.00387549,0.00223819,2.45546,2.59546,2.576,-0.433648,2.5,0,0.287572,0.285757,0.286895,0.286122,0.287572,0.286122,0.285757,0.286895,1,0,0.00338291,0,0.00276527,-0.000589596,0.00113735,0.00612361,-0.00886265,0.00277401,7.92486e-05,-7.79221e-05,-0.00296854,-0.00203125,0.00690198,0.0415798,0.0359795,11.7307,11.7309,0,2.54755
10.33,descend 2.5m,-0.0121146,0.0461912,-0.00248808,0.00330166,0,0,8.92021e-05,0.00358575,0.00220309,2.45057,2.59057,2.60198,-0.392928,2.5,0,0.277222,0.278816,0.276395,0.279379,0.277222,0.279379,0.278816,0.276395,1,0,0.00396682,0,0.00368867,-0.00050153,-0.00201204,0.00746673,-0.00990985,0.00280495,4.73165e-05,-7.26532e-05,0.00448245,-0.00319725,0.00326236,0.00610438,-0.0192083,11.6397,11.6397,0,2.52084
10.34,descend 2.5m,-0.0121137,0.046156,-0.00305988,0.00298924,0,0,0.000304702,0.00340498,0.0019633,2.44587,2.58587,2.59813,-0.375783,2.5,0,0.277669,0.276609,0.27744,0.276652,0.277669,0.276652,0.276609,0.27744,1,0,0.00408525,0,0.000718344,-0.000353304,0.000811923,0.00919451,-0.00897557,0.00284794,6.54439e-05,-5.58986e-05,0.0128321,-0.00510203,-0.0166608,-0.0304065,-0.0229758,11.4836,11.4836,0,2.53025
10.35,descend 2.5m,-0.0121103,0.046122,-0.00335889,0.00283457,0,0,0.000561457,0.00337984,0.0011338,2.44133,2.58133,2.58127,-0.368952,2.5,0,0.280124,0.27915,0.27991,0.279373,0.280124,0.279373,0.27915,0.27991,1,0,0.00436732,0,0.00115678,1.73181e-05,0.00066391,0.0100669,-0.00850892,0.00286807,7.0497e-05,-4.96959e-05,-0.00362922,-0.00342378,0.00545512,0.035397,-0.0687287,11.4176,11.4179,0,2.53397
10.36,descend 2.5m,-0.012103,0.0460882,-0.00354533,0.00280415,0,0,0.00105948,0.00335355,0.000732048,2.43695,2.57695,2.57765,-0.353355,2.5,0,0.278796,0.279208,0.278138,0.279402,0.278796,0.279402,0.279208,0.278138,1,0,0.00442158,0,0.00225958,-0.000877648,-0.000736626,0.0106263,-0.00842432,0.00288043,6.77221e-05,-4.77687e-05,-0.00362732,-0.00788412,0.0110104,0.0623936,-0.0689814,11.332,11.3324,0,2.53186
10.37,descend 2.5m,-0.0120895,0.0460545,-0.00335866,0.00298018,0,0,0.00176714,0.00336319,0.00117224,2.43272,2.57272,2.55401,-0.352676,2.5,0,0.282794,0.283674,0.282832,0.283837,0.282794,0.283837,0.283674,0.282832,1,0,0.00436732,0,0.000331206,0.000378797,-0.000828683,0.0100744,-0.00895777,0.00287013,4.87754e-05,-5.68352e-05,0.00184675,-0.0114142,-0.00491053,-0.176252,-0.158632,11.3199,11.3223,0,2.52176
10.38,descend 2.5m,-0.0120692,0.0460206,-0.00328172,0.00365018,0,0,0.00241265,0.0034029,0.00171919,2.42864,2.56864,2.55056,-0.337288,2.5,0,0.282625,0.282591,0.282232,0.28269,0.282625,0.28269,0.282591,0.282232,1,0,0.0049314,0,0.00130336,-0.000556069,-0.000186226,0.00986318,-0.0109662,0.00287155,-4.8954e-06,-7.1091e-05,0.014931,-0.0104197,-0.00330888,-0.184248,-0.121692,11.3978,11.3999,0,2.48267
10.39,descend 2.5m,-0.0120433,0.0459857,-0.00327624,0.00343777,0,0,0.00296333,0.00358747,0.00211196,2.42472,2.56472,2.5489,-0.320761,2.5,0,0.281973,0.28089,0.281512,0.280968,0.281973,0.280968,0.28089,0.281512,1,0,0.00473406,0,0.00142832,-0.000726953,0.000714994,0.00983716,-0.0103145,0.00287377,6.19423e-06,-6.7549e-05,0.00851956,-0.000768911,0.00267785,0.072087,0.0698274,11.3954,11.3959,0,2.49243
10.4,descend 2.5m,-0.0120117,0.0459481,-0.00315807,0.00314567,0,0,0.00359117,0.00389258,0.0020552,2.42095,2.56095,2.54577,-0.305375,2.5,0,0.280143,0.280809,0.280149,0.280972,0.280143,0.280972,0.280809,0.280149,1,0,0.00442158,0,0.000413911,0.000320672,-0.000654401,0.00946753,-0.00943379,0.00286773,2.40673e-05,-6.56819e-05,-0.00156721,0.00216657,0.00480213,-0.0182043,-0.05334,11.3821,11.3822,0,2.50763
10.41,descend 2.5m,-0.0119739,0.0459077,-0.00290707,0.00303011,0,0,0.0041898,0.0041656,0.00265642,2.41733,2.55733,2.52619,-0.302388,2.5,0,0.283279,0.284877,0.283074,0.28451,0.283279,0.28451,0.284877,0.283074,1,0,0.00396682,0,-0.000432163,-0.0010853,-0.00133334,0.0087314,-0.00911434,0.00285312,2.78142e-05,-6.83577e-05,0.00969489,-0.0159464,-0.012069,0.0133156,0.0122942,11.2657,11.2657,0,2.51403
10.42,descend 2.5m,-0.0119304,0.0458638,-0.00321102,0.00271437,0,0,0.00479252,0.004559,0.00300537,2.41386,2.55386,2.52325,-0.28718,2.5,0,0.283783,0.282307,0.283871,0.282466,0.283783,0.282466,0.282307,0.283871,1,0,0.0041432,0,0.000188179,0.000468205,0.00126644,0.00965768,-0.00814652,0.00287872,4.54669e-05,-6.04288e-05,0.019306,-0.00222451,0.00151394,0.0602624,0.0199389,11.2926,11.2927,0,2.52576
10.43,descend 2.5m,-0.0118814,0.0458164,-0.00287589,0.00273794,0,0,0.0052325,0.00487529,0.00236878,2.41054,2.55054,2.52432,-0.269082,2.5,0,0.280785,0.281731,0.281179,0.281308,0.280785,0.281308,0.281731,0.281179,1,0,0.00390625,0,-0.00216766,-5.27322e-05,-0.000472287,0.00865909,-0.00821418,0.00286147,3.83279e-05,-6.42568e-05,0.0238144,-0.000211328,0.00318625,-0.0662133,-0.0342302,11.2921,11.2923,0,2.52461
10.44,descend 2.5m,-0.0118287,0.0457656,-0.00232967,0.00283307,0,0,0.00549358,0.00523976,0.00238137,2.40737,2.54737,2.52171,-0.253891,2.5,0,0.278286,0.282246,0.279467,0.281429,0.278286,0.281429,0.282246,0.279467,1,0,0.00345267,0,-0.00529823,0.00069142,-0.00260258,0.00700499,-0.00850257,0.0028297,2.38474e-05,-7.12063e-05,0.0134578,-0.00223523,0.0111917,-0.202664,-0.0571755,11.3399,11.3419,0,2.52161
10.45,descend 2.5m,-0.0117747,0.0457117,-0.00227793,0.00286062,0,0,0.0055261,0.00546928,0.00304452,2.40435,2.54435,2.53593,-0.227217,2.5,0,0.276803,0.273618,0.276274,0.274219,0.276803,0.274219,0.273618,0.276274,1,0,0.00352105,0,0.00299723,0.000135838,0.0023028,0.00684802,-0.00859068,0.00282957,1.44992e-05,-7.18338e-05,0.012335,-0.00586993,0.000906893,-0.0800709,0.0260946,11.2807,11.281,0,2.51694
10.46,descend 2.5m,-0.0117202,0.045656,-0.00200018,0.00268714,0,0,0.00557823,0.00559947,0.00218282,2.40147,2.54147,2.53373,-0.212898,2.5,0,0.275388,0.272904,0.275738,0.273261,0.275388,0.273261,0.272904,0.275738,1,0,0.00316442,0,2.03007e-05,0.00134104,0.00218025,0.00602958,-0.0080673,0.00281688,2.30678e-05,-7.41606e-05,0.0221843,-0.00390131,0.00234233,-0.0827244,-0.000560539,11.2059,11.2062,0,2.52599
10.47,descend 2.5m,-0.0116658,0.0455996,-0.00185995,0.00269706,0,0,0.00538908,0.00566744,0.00119775,2.39872,2.53872,2.54115,-0.192983,2.5,0,0.270727,0.271405,0.271182,0.27104,0.270727,0.27104,0.271405,0.271182,1,0,0.00300997,0,-0.002176,0.000169945,-0.000236122,0.00559779,-0.00810689,0.00281565,1.62647e-05,-7.40772e-05,0.014751,-0.0104825,0.0108915,-0.130396,0.000232061,11.0658,11.0666,0,2.52318
10.48,descend 2.5m,-0.0116142,0.0455424,-0.00152361,0.00314015,0,0,0.0049858,0.00571428,0.00171108,2.3961,2.5361,2.53928,-0.180994,2.5,0,0.270168,0.270903,0.270418,0.269812,0.270168,0.269812,0.270903,0.270418,1,0,0.00345267,0,-0.00355625,-0.00159375,-5.63434e-05,0.00459632,-0.00944264,0.00279862,-2.10879e-05,-7.6351e-05,0.0197995,-0.0148112,-0.00115341,-0.153514,-0.0800757,10.8469,10.8483,0,2.49835
10.49,descend 2.5m,-0.0115678,0.0454846,-0.0017041,0.00329454,0,0,0.00445837,0.00581319,0.00233078,2.39359,2.53359,2.52922,-0.17564,2.5,0,0.271479,0.272253,0.271022,0.272165,0.271479,0.272165,0.272253,0.271022,1,0,0.00365396,0,0.000981691,-0.00103417,-0.00084234,0.00511473,-0.00989844,0.0028146,-3.91186e-05,-7.07003e-05,0.00446354,-0.00991662,-0.00646896,-0.0163887,-0.112225,10.9613,10.9619,0,2.48375
10.5,descend 2.5m,-0.0115269,0.0454249,-0.00220151,0.00409706,0,0,0.00394365,0.00608571,0.00312562,2.39118,2.53118,2.52752,-0.164821,2.5,0,0.271712,0.270768,0.271528,0.270193,0.271712,0.270193,0.270768,0.271528,1,0,0.00468343,0,-0.00103521,-0.00143731,0.00100153,0.00659774,-0.0123136,0.0028522,-0.000104572,-5.9377e-05,-0.00161278,-0.0150239,-0.00984793,-0.073933,-0.039066,10.8326,10.8329,0,2.42915
10.51,descend 2.5m,-0.0114912,0.0453622,-0.00187844,0.00407019,0,0,0.00343875,0.00641434,0.00290286,2.38888,2.52888,2.54673,-0.139711,2.5,0,0.266189,0.264482,0.265828,0.263968,0.266189,0.263968,0.264482,0.265828,1,0,0.00431238,0,-0.000404674,-0.00165701,0.00156792,0.00565508,-0.0122567,0.0028352,-0.000109347,-6.80917e-05,0.0159962,-0.0309047,0.00781035,-0.0454301,-0.00138022,10.7547,10.7548,0,2.43038
10.52,descend 2.5m,-0.0114604,0.0452958,-0.00140563,0.0036368,0,0,0.00293511,0.00683168,0.00250448,2.38667,2.52667,2.54538,-0.13048,2.5,0,0.265135,0.263816,0.26513,0.263956,0.265135,0.263956,0.263816,0.26513,1,0,0.00384473,0,0.000384893,0.000255705,0.00109562,0.00422561,-0.0109234,0.0028079,-8.3865e-05,-7.94415e-05,0.00862508,-0.00874937,0.00470111,0.0216053,0.0311074,10.6662,10.6663,0,2.45615
10.53,descend 2.5m,-0.0114339,0.0452255,-0.00121259,0.00353819,0,0,0.00258893,0.00720549,0.00258714,2.38453,2.52453,2.54566,-0.121781,2.5,0,0.264009,0.263427,0.264341,0.2628,0.264009,0.2628,0.263427,0.264341,1,0,0.00358812,0,-0.00254355,-0.000559428,0.000932786,0.0036544,-0.0106256,0.00279921,-8.42692e-05,-8.24293e-05,0.0139434,-0.00740973,-0.0111256,-0.0942067,0.0476837,10.5296,10.5301,0,2.45973
10.54,descend 2.5m,-0.0114111,0.0451512,-0.00115921,0.00333939,0,0,0.0021711,0.00764936,0.00250985,2.38247,2.52247,2.54447,-0.114934,2.5,0,0.262615,0.263726,0.263124,0.263438,0.262615,0.263438,0.263726,0.263124,1,0,0.00345267,0,-0.00211519,0.000418241,-0.000626937,0.00348375,-0.0100076,0.00279893,-7.48607e-05,-8.31453e-05,0.00693811,0.0069795,-0.0143711,-0.0246245,0.0166066,10.432,10.432,0,2.46707
10.55,descend 2.5m,-0.0113924,0.0450721,-0.000928944,0.00317448,0,0,0.00175344,0.00813765,0.00251875,2.38047,2.52047,2.53276,-0.116525,2.5,0,0.265729,0.265484,0.265682,0.265382,0.265729,0.265382,0.265484,0.265682,1,0,0.00316442,0,-0.00014593,-0.000283067,0.00023924,0.00278992,-0.0095253,0.00278684,-7.03381e-05,-8.72779e-05,0.00485894,-0.00131456,-0.00173272,0.0602116,0.0524826,10.3623,10.3626,0,2.47447
10.56,descend 2.5m,-0.0113777,0.0449883,-0.00142864,0.00324712,0,0,0.00144986,0.00851522,0.00343378,2.37852,2.51852,2.53163,-0.110788,2.5,0,0.264883,0.265367,0.265324,0.265443,0.264883,0.265443,0.265367,0.265324,1,0,0.00331169,0,-0.000964406,0.000979097,-0.00026498,0.00428305,-0.00977043,0.00282248,-8.56829e-05,-7.91049e-05,0.00091646,-0.0194628,0.00253541,-0.0635688,-0.0779118,10.3684,10.3689,0,2.45948
10.57,descend 2.5m,-0.0113652,0.0449023,-0.00123765,0.00337925,0,0,0.00124475,0.00862554,0.00180287,2.37662,2.51662,2.51223,-0.118546,2.5,0,0.268627,0.270375,0.268791,0.27067,0.268627,0.27067,0.270375,0.268791,1,0,0.00345267,0,0.000348307,0.000869327,-0.00159412,0.00371701,-0.010173,0.00281342,-0.000103169,-8.15129e-05,0.00556126,-0.0236036,-0.00996193,0.0520479,0.0420519,10.26,10.2602,0,2.4494
10.58,descend 2.5m,-0.0113551,0.0448153,-0.00154481,0.00327861,0,0,0.000973391,0.00869633,0.00258029,2.37478,2.51478,2.51107,-0.113064,2.5,0,0.268535,0.27047,0.268406,0.269951,0.268535,0.269951,0.27047,0.268406,1,0,0.00345267,0,-0.00103354,-0.00122716,-0.00152907,0.00462512,-0.00985354,0.00283616,-0.000105412,-7.55198e-05,-0.00339808,-0.0119192,0.0119692,-0.134701,-0.0666455,10.3749,10.376,0,2.4464
10.59,descend 2.5m,-0.0113476,0.0447277,-0.00194972,0.00354479,0,0,0.000758528,0.00879227,0.00236582,2.373,2.513,2.49924,-0.114975,2.5,0,0.272643,0.271062,0.272812,0.270502,0.272643,0.270502,0.271062,0.272812,1,0,0.00396682,0,-0.0019318,-0.000739891,0.00171054,0.00583611,-0.0106565,0.00286711,-0.000132869,-6.84767e-05,-0.00582863,-0.0149214,0.00345134,-0.0883936,-0.15078,10.4482,10.4497,0,2.42181
10.6,descend 2.5m,-0.0113418,0.0446391,-0.00160237,0.00337166,0,0,0.000551394,0.00887844,0.00199782,2.37127,2.51127,2.49812,-0.108945,2.5,0,0.272579,0.270482,0.272241,0.270363,0.272579,0.270363,0.270482,0.272241,1,0,0.00371864,0,0.000581687,-0.000866935,0.0017473,0.00481738,-0.0101273,0.00284599,-0.000128135,-7.59142e-05,0.00972628,-0.00831714,-0.00721614,0.0305796,0.0137832,10.3836,10.3837,0,2.43051
10.61,descend 2.5m,-0.011338,0.0445497,-0.00189063,0.00365744,0,0,0.0003645,0.00894248,0.00150292,2.3696,2.5096,2.47839,-0.115661,2.5,0,0.276712,0.27451,0.276892,0.274948,0.276712,0.274948,0.27451,0.276892,1,0,0.00408525,0,0.000685809,0.00116986,0.00182256,0.00566617,-0.0110037,0.00286655,-0.000159073,-7.11246e-05,-0.000904774,-0.0211019,-0.00448276,-0.228762,-0.0768221,10.5331,10.5358,0,2.40609
10.62,descend 2.5m,-0.0113352,0.0444607,-0.00159375,0.00363044,0,0,0.000305867,0.00880792,0.00155574,2.368,2.508,2.47727,-0.108325,2.5,0,0.275411,0.275117,0.275819,0.274925,0.275411,0.274925,0.275117,0.275819,1,0,0.00378221,0,-0.00159085,0.000410404,0.000522139,0.00477898,-0.0109223,0.00284966,-0.000165547,-7.80679e-05,0.00135506,-0.0208243,-0.00189531,-0.0182783,0.0443487,10.6011,10.6012,0,2.40607
10.63,descend 2.5m,-0.011333,0.0443732,-0.00150085,0.00362709,0,0,0.000242925,0.008679,0.00173646,2.36647,2.50647,2.50179,-0.0820539,2.5,0,0.267935,0.268801,0.268026,0.268399,0.267935,0.268399,0.268801,0.268026,1,0,0.00384473,0,-0.00130729,-0.000589762,-0.000544241,0.00450718,-0.0108808,0.00284643,-0.000172493,-7.96217e-05,0.0059382,0.000136442,0.00224554,-0.124227,0.0734714,10.549,10.55,0,2.40245
10.64,descend 2.5m,-0.0113318,0.0442865,-0.00138965,0.00355834,0,0,0.000126641,0.00862543,0.0013754,2.36502,2.50502,2.501,-0.0748935,2.5,0,0.268083,0.267524,0.268346,0.267159,0.268083,0.267159,0.267524,0.268346,1,0,0.00371864,0,-0.00166675,-0.000193735,0.000767739,0.00416656,-0.0106913,0.00284086,-0.000174164,-8.14534e-05,0.0012942,-0.0110362,-0.0120156,-0.0115325,-0.0296494,10.5029,10.5029,0,2.40279
10.65,descend 2.5m,-0.0113315,0.0441999,-0.00115649,0.00328578,0,0,6.31235e-05,0.00864633,0.00155985,2.36363,2.50363,2.46731,-0.0917127,2.5,0,0.276303,0.274818,0.276675,0.274897,0.276303,0.274897,0.274818,0.276675,1,0,0.00316442,0,-0.000777663,0.000852481,0.00143436,0.00347158,-0.00987542,0.00282489,-0.00016266,-8.68823e-05,0.00423487,-0.0122244,0.00506419,0.000898718,-0.00189254,10.4967,10.4967,0,2.41608
10.66,descend 2.5m,-0.0113315,0.0441136,-0.00132231,0.00341935,0,0,0.000101714,0.00854064,0.00159716,2.36232,2.50232,2.46643,-0.0841708,2.5,0,0.274169,0.276031,0.274418,0.276032,0.274169,0.276032,0.276031,0.274418,1,0,0.00345267,0,-0.000660289,0.000472724,-0.00152766,0.00396577,-0.0102854,0.00283623,-0.000181776,-8.29877e-05,0.00209277,-0.0183898,-0.00396058,-0.201595,-0.150801,10.5899,10.5929,0,2.40177
10.67,descend 2.5m,-0.0113311,0.0440293,-0.00141279,0.00366331,0,0,0.00013508,0.00823837,0.00256881,2.36108,2.50108,2.48695,-0.0610935,2.5,0,0.268844,0.26959,0.268749,0.269544,0.268844,0.269544,0.26959,0.268749,1,0,0.00371864,0,0.000126676,-0.000267907,-0.000677409,0.00424145,-0.0110041,0.00284599,-0.000208664,-7.88709e-05,0.00492428,-0.00962145,-0.00183766,-0.172117,0.012599,10.5186,10.52,0,2.38231
10.68,descend 2.5m,-0.0113308,0.0439476,-0.000877958,0.00416807,0,0,7.52396e-05,0.0080624,0.00145621,2.35992,2.49992,2.48638,-0.0533574,2.5,0,0.268632,0.268517,0.268645,0.268539,0.268632,0.268539,0.268517,0.268645,1,0,0.00431238,0,2.48239e-05,6.67309e-05,9.70979e-05,0.00263998,-0.0125173,0.00281294,-0.000251084,-9.42369e-05,0.00689649,-0.00897723,-0.00076894,-0.0139084,0.0920571,10.5878,10.5882,0,2.35631
10.69,descend 2.5m,-0.0113312,0.0438672,-0.000962974,0.00479762,0,0,-3.06287e-05,0.00799086,0.00206188,2.35883,2.49883,2.45652,-0.0674689,2.5,0,0.275748,0.275425,0.275923,0.274936,0.275748,0.274936,0.275425,0.275923,1,0,0.00488281,0,-0.00175994,-0.000593536,0.000576201,0.0028995,-0.0143955,0.0028202,-0.000302823,-8.42144e-05,0.0098816,-0.00209956,0.00159132,-0.134275,-0.00842065,10.5293,10.5302,0,2.31563
10.7,descend 2.5m,-0.0113331,0.0437869,-0.000478086,0.00469509,0,0,-0.000198578,0.00804515,0.00272026,2.35781,2.49781,2.45588,-0.0595534,2.5,0,0.275455,0.274678,0.275701,0.273827,0.275455,0.273827,0.274678,0.275701,1,0,0.00473406,0,-0.00291093,-0.00114565,0.00116577,0.0014473,-0.0140812,0.00278997,-0.000300143,-0.000104383,0.0114653,0.00239314,0.00522374,-0.0765651,0.0881689,10.6025,10.6031,0,2.32344
10.71,descend 2.5m,-0.0113376,0.0437058,-0.000128992,0.00469143,0,0,-0.000483244,0.00811903,0.00312338,2.35688,2.49688,2.43078,-0.0685179,2.5,0,0.280557,0.280729,0.280763,0.279898,0.280557,0.279898,0.280729,0.280763,1,0,0.00473406,0,-0.00274896,-0.00118278,0.000304629,0.000391279,-0.0140936,0.00276795,-0.00030654,-0.000116474,0.0056023,-0.0131594,0.00755255,-0.0733248,0.113674,10.7599,10.7608,0,2.32412
10.72,descend 2.5m,-0.0113455,0.0436235,9.90463e-05,0.004272,0,0,-0.000910065,0.00829068,0.00246878,2.35603,2.49603,2.43015,-0.0589573,2.5,0,0.280574,0.279088,0.280527,0.278806,0.280574,0.278806,0.279088,0.280527,1,0,0.00408525,0,-0.00062623,-0.000624758,0.00140945,-0.000295407,-0.0128203,0.00275393,-0.000283041,-0.000129201,0.00389635,-0.00316626,0.00237932,0.00716895,-0.00656424,10.8469,10.8469,0,2.34623
10.73,descend 2.5m,-0.011358,0.0435392,-9.45669e-05,0.00422345,0,0,-0.00141365,0.00853062,0.00243782,2.35528,2.49528,2.42829,-0.0496941,2.5,0,0.279776,0.278831,0.279799,0.278647,0.279776,0.278647,0.278831,0.279799,1,0,0.00408525,0,-0.000545882,-0.000304768,0.000921851,0.000290574,-0.0126893,0.00276612,-0.000288879,-0.00012143,0.00739283,-0.0129271,-0.0103917,0.0195679,-0.0983161,10.8828,10.8832,0,2.34171
10.74,descend 2.5m,-0.0113749,0.0434524,-0.00101662,0.00432399,0,0,-0.00182147,0.00881939,0.00180629,2.35463,2.49463,2.42785,-0.0393829,2.5,0,0.278817,0.277956,0.278983,0.277914,0.278817,0.277914,0.277956,0.278983,1,0,0.00431238,0,-0.000548367,0.000234002,0.000848424,0.00305033,-0.0129881,0.00282874,-0.000304466,-8.88443e-05,0.00314453,-0.0110392,0.00204173,0.0569653,0.0445966,10.9554,10.9556,0,2.31898
10.75,descend 2.5m,-0.0113956,0.0433623,-0.00152008,0.00446776,0,0,-0.00216977,0.0091859,0.00212501,2.35409,2.49409,2.43899,-0.0204606,2.5,0,0.274326,0.274912,0.274397,0.274719,0.274326,0.274719,0.274912,0.274397,1,0,0.00452814,0,-0.000700732,-0.000230294,-0.000399094,0.00457833,-0.0134254,0.00286294,-0.000321645,-7.16881e-05,0.0149742,-0.015032,-0.00522005,0.0473056,0.00636229,10.9121,10.9122,0,2.29976
10.76,descend 2.5m,-0.0114199,0.0432683,-0.00119222,0.00395098,0,0,-0.00255751,0.0095913,0.00143382,2.35365,2.49365,2.43884,-0.009634,2.5,0,0.273572,0.273498,0.27345,0.273967,0.273572,0.273967,0.273498,0.27345,1,0,0.00384473,0,0.00156695,0.000655656,-0.000194917,0.00359691,-0.011852,0.00284127,-0.000291174,-7.66437e-05,0.0163627,0.000319092,-0.00407722,-0.00789283,-0.0393548,10.8078,10.8079,0,2.32794
10.77,descend 2.5m,-0.0114476,0.0431705,-0.00126044,0.00404225,0,0,-0.00284866,0.00991159,0.00185485,2.3533,2.4933,2.44829,0.00745192,2.5,0,0.270637,0.26946,0.270682,0.270337,0.270637,0.270337,0.26946,0.270682,1,0,0.00425674,0,0.0022068,0.00174769,0.000669199,0.0037803,-0.0121465,0.00284514,-0.000308855,-7.55814e-05,0.00223093,-0.0134852,-0.00974731,-0.106136,-0.124668,10.873,10.8743,0,2.31693
10.78,descend 2.5m,-0.0114775,0.0430708,-0.00198024,0.00406839,0,0,-0.00300177,0.00998239,0.00114637,2.35306,2.49306,2.44841,0.0169412,2.5,0,0.269632,0.269113,0.269556,0.269208,0.269632,0.269208,0.269113,0.269556,1,0,0.00447517,0,0.000454753,3.50668e-05,0.000380809,0.00591219,-0.0122328,0.00289131,-0.000321051,-5.76958e-05,-0.0160792,-0.0187137,-0.00438899,0.00626327,-0.0125723,10.7147,10.7147,0,2.30132
10.79,descend 2.5m,-0.0115083,0.0429705,-0.00165318,0.00386941,0,0,-0.0030813,0.0100718,0.00155933,2.3529,2.4929,2.44333,0.0222384,2.5,0,0.269969,0.269851,0.270173,0.269396,0.269969,0.269396,0.269851,0.270173,1,0,0.00402647,0,-0.00175028,-0.000476677,0.000393527,0.004963,-0.01164,0.00286953,-0.000314717,-6.52076e-05,0.00516715,-0.0214799,0.00731887,-0.125859,-0.0637734,10.7248,10.7257,0,2.31133
10.8,descend 2.5m,-0.0115401,0.0428689,-0.00157616,0.00425393,0,0,-0.00313917,0.0102324,0.00166149,2.35283,2.49283,2.44359,0.03063,2.5,0,0.269213,0.268712,0.269095,0.269075,0.269213,0.269075,0.268712,0.269095,1,0,0.00442158,0,0.00127549,0.000465101,0.000229331,0.00473198,-0.0127936,0.00286556,-0.000350725,-6.94232e-05,0.00520779,-0.0215648,0.000760163,-0.0593591,-0.0640946,10.6225,10.6228,0,2.28562
10.81,descend 2.5m,-0.0115717,0.0427659,-0.00159494,0.00406177,0,0,-0.00296161,0.0103122,0.00192232,2.35284,2.49284,2.42706,0.026548,2.5,0,0.273726,0.271575,0.27301,0.271759,0.273726,0.271759,0.271575,0.27301,1,0,0.00436732,0,0.00238481,-0.00100634,0.00149558,0.00476835,-0.012195,0.00286443,-0.00034532,-6.94566e-05,-0.00809649,-0.00683696,-0.00123132,0.0660028,0.148724,10.6687,10.67,0,2.29084
10.82,descend 2.5m,-0.0116003,0.0426623,-0.00110939,0.00347596,0,0,-0.00258401,0.0103803,0.00158478,2.35293,2.49293,2.42737,0.0349065,2.5,0,0.272031,0.271045,0.272352,0.271356,0.272031,0.271356,0.271045,0.272352,1,0,0.00352105,0,-2.718e-05,0.00119915,0.000871151,0.00334222,-0.0104552,0.00283024,-0.000312392,-8.01018e-05,0.0122086,-0.0185103,0.00255703,-0.0872716,0.038176,10.6498,10.6503,0,2.32454
10.83,descend 2.5m,-0.0116248,0.0425581,-0.00171507,0.00368821,0,0,-0.00220796,0.0103911,0.00239927,2.35309,2.49309,2.46232,0.0678746,2.5,0,0.261874,0.262273,0.262192,0.261972,0.261874,0.261972,0.262273,0.262192,1,0,0.00384473,0,-0.00164207,3.13001e-05,-7.82847e-05,0.00513414,-0.0110935,0.00287082,-0.000336222,-6.71465e-05,-0.00448741,-0.0195919,-0.00372852,-0.0294315,-0.129035,10.5106,10.5114,0,2.29939
10.84,descend 2.5m,-0.0116464,0.0424543,-0.0020946,0.00381731,0,0,-0.00192257,0.010303,0.00122778,2.35333,2.49333,2.46303,0.074285,2.5,0,0.261039,0.261641,0.260791,0.261892,0.261039,0.261892,0.261641,0.260791,1,0,0.00431238,0,0.00132616,5.72445e-06,-0.000748423,0.00630137,-0.0114735,0.0028942,-0.000356544,-6.03706e-05,0.0146459,-0.0147518,-0.00281863,-0.0520918,-0.0887226,10.3771,10.3777,0,2.28195
10.85,descend 2.5m,-0.0116645,0.042352,-0.00175574,0.00367676,0,0,-0.00152754,0.0101087,0.00204593,2.35362,2.49362,2.47103,0.0853937,2.5,0,0.258785,0.258901,0.258487,0.259034,0.258785,0.259034,0.258901,0.258487,1,0,0.00390625,0,0.00114541,-0.000311603,-0.000291577,0.00526685,-0.0110472,0.00287174,-0.000354963,-6.8362e-05,0.00264682,-0.0116586,-0.00218952,-0.0850436,0.00154973,10.3448,10.3451,0,2.28862
10.86,descend 2.5m,-0.0116788,0.0422513,-0.00153054,0.00332471,0,0,-0.00114162,0.00998523,0.00224245,2.35395,2.49395,2.47191,0.0901507,2.5,0,0.257891,0.258095,0.258503,0.258244,0.257891,0.258244,0.258095,0.258503,1,0,0.00365396,0,-0.00123068,0.0014438,2.42265e-05,0.00458678,-0.0100006,0.00285695,-0.000337259,-7.21189e-05,-0.000336935,-0.0179618,-0.00283728,0.00714198,0.0300682,10.248,10.248,0,2.30579
10.87,descend 2.5m,-0.0116898,0.0421519,-0.00111906,0.00329384,0,0,-0.00087111,0.00980703,0.00283641,2.35432,2.49432,2.48306,0.10068,2.5,0,0.25518,0.255203,0.255072,0.254934,0.25518,0.254934,0.255203,0.255072,1,0,0.00331169,0,-0.000426289,-0.000712112,5.03613e-05,0.00337227,-0.00990536,0.00283105,-0.000344072,-8.03257e-05,0.0129376,-0.0162143,-0.00974086,0.0302355,-0.0180465,10.1157,10.1157,0,2.30763
10.88,descend 2.5m,-0.0116987,0.0420544,-0.00128751,0.00269997,0,0,-0.000724307,0.00962807,0.00229814,2.35471,2.49471,2.48408,0.102735,2.5,0,0.25526,0.254324,0.255067,0.254126,0.25526,0.254126,0.254324,0.255067,1,0,0.00284714,0,-1.12472e-05,-0.000740729,0.000825286,0.00383845,-0.00811785,0.00284308,-0.000310822,-7.7901e-05,-0.0131832,-0.0122646,-0.00785007,0.0253309,0.0207969,9.92223,9.92229,0,2.3332
10.89,descend 2.5m,-0.0117068,0.0419585,-0.00135637,0.0030657,0,0,-0.000725653,0.00950546,0.00288477,2.35512,2.49512,2.48163,0.101318,2.5,0,0.255484,0.255024,0.255834,0.254756,0.255484,0.254756,0.255024,0.255834,1,0,0.00316442,0,-0.00163874,0.000154735,0.000675981,0.00407934,-0.00922841,0.0028487,-0.000345634,-7.70765e-05,0.00965986,-0.0212239,0.00200742,-0.0800885,-0.00372354,9.92195,9.92228,0,2.3067
10.9,descend 2.5m,-0.0117152,0.0418639,-0.00155547,0.00309237,0,0,-0.000781973,0.00934167,0.00210769,2.35553,2.49553,2.48265,0.101799,2.5,0,0.254735,0.254947,0.255124,0.255305,0.254735,0.255305,0.254947,0.255124,1,0,0.00331169,0,-8.31564e-05,0.00141754,-0.000172588,0.0046604,-0.00930689,0.00286427,-0.000356018,-7.28236e-05,-0.00113535,-0.0202044,0.00162782,-0.0366109,-0.0738335,9.88982,9.89017,0,2.29748
10.91,descend 2.5m,-0.0117242,0.0417716,-0.00179354,0.00319773,0,0,-0.000850476,0.00904048,0.00216753,2.35593,2.49593,2.45503,0.080628,2.5,0,0.262291,0.261332,0.262546,0.262489,0.262291,0.262489,0.261332,0.262546,1,0,0.00365396,0,0.00239344,0.0026753,0.000446642,0.00538261,-0.00961346,0.002881,-0.000371817,-6.98114e-05,0.00420249,-0.013894,0.00432538,-0.0944691,-0.0847665,9.73056,9.73139,0,2.28352
10.92,descend 2.5m,-0.0117331,0.0416829,-0.00213921,0.00343427,0,0,-0.00074028,0.00862365,0.002463,2.35634,2.49634,2.45583,0.0806395,2.5,0,0.26259,0.261381,0.261931,0.262188,0.26259,0.262188,0.261381,0.261931,1,0,0.00384473,0,0.00388955,0.000281298,0.000418041,0.00641724,-0.0103152,0.00290475,-0.000396487,-6.47775e-05,0.00268316,-0.00864946,-0.00663134,-0.138598,-0.208001,9.90486,9.90802,0,2.26113
10.93,descend 2.5m,-0.0117402,0.0415983,-0.00259622,0.00345943,0,0,-0.000486676,0.00819559,0.00217649,2.35674,2.49674,2.4494,0.0757418,2.5,0,0.263361,0.263899,0.263503,0.26398,0.263361,0.26398,0.263899,0.263503,1,0,0.0041432,0,-0.000162251,0.000425447,-0.000446228,0.0077904,-0.0103858,0.00293776,-0.000406163,-5.47341e-05,0.00413994,-0.0054036,-0.00328785,-0.112311,-0.0580542,9.85955,9.86036,0,2.24954
10.94,descend 2.5m,-0.011745,0.0415181,-0.00260991,0.00321407,0,0,-0.00025056,0.00778953,0.00306175,2.35715,2.49715,2.45016,0.0763763,2.5,0,0.263411,0.263453,0.263422,0.26366,0.263411,0.26366,0.263453,0.263422,1,0,0.00402647,0,0.000519632,0.000412398,-0.000123354,0.00783152,-0.00965741,0.00294034,-0.000396442,-5.15754e-05,0.0041599,-0.010527,0.00110631,0.0717603,0.00883785,9.82832,9.82859,0,2.25871
10.95,descend 2.5m,-0.0117473,0.0414417,-0.00271943,0.00333956,0,0,7.09482e-05,0.00740983,0.00220938,2.35756,2.49756,2.43928,0.0687523,2.5,0,0.266147,0.266076,0.265921,0.26683,0.266147,0.26683,0.266076,0.265921,1,0,0.00425674,0,0.00259952,0.00099911,-0.000368489,0.00816824,-0.0100381,0.00294567,-0.000415131,-5.51069e-05,0.00961102,-0.0133347,-0.0053594,-0.115938,0.0318452,9.86113,9.86186,0,2.24617
10.96,descend 2.5m,-0.011745,0.0413692,-0.00273611,0.00318153,0,0,0.000562772,0.00707349,0.00181471,2.35798,2.49798,2.43997,0.070261,2.5,0,0.266548,0.26523,0.266387,0.265781,0.266548,0.265781,0.26523,0.266387,1,0,0.00402647,0,0.0018918,0.000740271,0.000845852,0.00820853,-0.00957375,0.00294837,-0.000409448,-5.29843e-05,0.00309482,-0.0198453,-0.000195583,0.0741313,-0.11009,9.98194,9.98282,0,2.25076
10.97,descend 2.5m,-0.0117375,0.0412995,-0.0031293,0.00337633,0,0,0.00107662,0.00682912,0.00140519,2.35842,2.49842,2.45563,0.0827385,2.5,0,0.26128,0.262808,0.26094,0.262535,0.26128,0.262535,0.262808,0.26094,1,0,0.00442158,0,0.000178338,-0.00116108,-0.00137318,0.00938652,-0.0101445,0.002976,-0.000429717,-4.96623e-05,0.0020343,-0.0108189,0.0110209,-0.170817,0.0100401,9.88625,9.88774,0,2.23134
10.98,descend 2.5m,-0.0117251,0.0412313,-0.00306523,0.00315856,0,0,0.0015297,0.00678811,0.0013274,2.35887,2.49887,2.45646,0.0843848,2.5,0,0.260404,0.262878,0.260346,0.26271,0.260404,0.26271,0.262878,0.260346,1,0,0.00431238,0,-0.000292924,-0.000428372,-0.00212646,0.00919267,-0.00950222,0.00297257,-0.000420413,-4.89787e-05,0.000955216,-0.0181393,0.0107075,-0.00124698,-0.131355,9.9525,9.95337,0,2.24032
10.99,descend 2.5m,-0.0117084,0.0411635,-0.00284888,0.00305315,0,0,0.00197134,0.00670888,0.00183827,2.35934,2.49934,2.45918,0.0872313,2.5,0,0.260466,0.261444,0.260309,0.261005,0.260466,0.261005,0.261444,0.260309,1,0,0.00408525,0,-0.000747376,-0.00112757,-0.000735755,0.00854381,-0.00917476,0.00296209,-0.000417804,-5.13174e-05,0.00108262,-0.0106471,0.00674313,-0.0603312,0.0259485,9.89549,9.89571,0,2.24471
11,descend 2.5m,-0.0116877,0.0410963,-0.00312652,0.0034647,0,0,0.00233337,0.00670128,0.00167079,2.35982,2.49982,2.46006,0.0886546,2.5,0,0.260352,0.260662,0.260261,0.260774,0.260352,0.260774,0.260662,0.260261,1,0,0.00458049,0,0.000539962,4.12949e-05,-0.000361902,0.00936711,-0.0104161,0.00298394,-0.000452748,-5.7687e-05,-0.0052903,-0.0151355,-0.000947025,-0.133925,0.0189051,9.98876,9.98968,0,2.21444
11.01,descend 2.5m,-0.0116635,0.0410292,-0.0030103,0.00367435,0,0,0.00263648,0.00665272,0.00185696,2.36031,2.50031,2.44776,0.080465,2.5,0,0.262481,0.264343,0.262771,0.264718,0.262481,0.264718,0.264343,0.262771,1,0,0.00463224,0,0.000224895,0.00125932,-0.00167433,0.00903883,-0.0110304,0.00297968,-0.000474076,-6.6053e-05,0.00831268,-0.00533714,-0.00297476,-0.134379,-0.00944977,9.92371,9.92463,0,2.19996
11.02,descend 2.5m,-0.0116369,0.0409628,-0.00283676,0.00382059,0,0,0.00294671,0.0065392,0.00325048,2.36081,2.50081,2.44858,0.08171,2.5,0,0.263372,0.2639,0.262421,0.26356,0.263372,0.26356,0.2639,0.262421,1,0,0.00478416,0,0.00162165,-0.00244642,-0.000732084,0.00851983,-0.0114777,0.00296949,-0.000489905,-7.48537e-05,0.00939029,-0.0110854,-0.00487727,-0.0758152,-0.0563813,9.91257,9.91302,0,2.18973
11.03,descend 2.5m,-0.0116062,0.0408971,-0.00319116,0.00404979,0,0,0.0034531,0.00653113,0.00278155,2.36132,2.50132,2.45888,0.0901039,2.5,0,0.261174,0.260226,0.260982,0.26002,0.261174,0.26002,0.260226,0.260982,1,0,0.00502716,0,-3.72875e-05,-0.000753658,0.000839283,0.0095912,-0.012165,0.00299674,-0.00051287,-6.72117e-05,0.0148397,-0.0109475,0.00461567,-0.162444,-0.0624284,9.90427,9.9058,0,2.16872
11.04,descend 2.5m,-0.0115705,0.0408315,-0.00301968,0.0041126,0,0,0.003904,0.00653684,0.00235137,2.36184,2.50184,2.45979,0.091177,2.5,0,0.259953,0.26109,0.259606,0.260662,0.259953,0.260662,0.26109,0.259606,1,0,0.0049314,0,-0.000214201,-0.00146753,-0.000964037,0.00906343,-0.0123486,0.00298893,-0.000524136,-7.54612e-05,0.00598043,-0.00771098,-0.00468707,0.0224148,0.0117113,9.87238,9.87241,0,2.16304
11.05,descend 2.5m,-0.0115305,0.0407656,-0.00263207,0.00389028,0,0,0.00435472,0.00662635,0.00305916,2.36237,2.50237,2.4177,0.061277,2.5,0,0.270869,0.271177,0.271222,0.270768,0.270869,0.270768,0.271177,0.271222,1,0,0.00463224,0,-0.002019,-0.000105798,6.43083e-05,0.00792758,-0.0116722,0.00296843,-0.000512487,-8.35916e-05,0.0239049,-0.00145294,0.00382543,0.0342884,0.0147143,9.93124,9.93131,0,2.17586
11.06,descend 2.5m,-0.0114863,0.0406982,-0.00301531,0.00416428,0,0,0.00470823,0.00678705,0.00275948,2.36292,2.50292,2.41833,0.0633706,2.5,0,0.270232,0.270996,0.270292,0.271362,0.270232,0.271362,0.270996,0.270292,1,0,0.00512114,0,0.000810662,0.000808308,-0.00080559,0.00905755,-0.0125122,0.00299803,-0.000539997,-7.43757e-05,0.0107478,-0.0134861,0.00912447,-0.0463337,-0.00570453,10.0674,10.0675,0,2.15168
11.07,descend 2.5m,-0.0114394,0.0406294,-0.00312491,0.0046089,0,0,0.00489584,0.00690581,0.0029239,2.36349,2.50349,2.43506,0.078199,2.5,0,0.267474,0.265237,0.267332,0.264825,0.267474,0.264825,0.265237,0.267332,1,0,0.00552427,0,-0.000717374,-0.00105024,0.00208497,0.00939598,-0.0138419,0.00300979,-0.0005787,-7.63543e-05,0.0172504,-0.0106994,-0.00218822,-0.153497,-0.0823053,10.0816,10.0831,0,2.12102
11.08,descend 2.5m,-0.0113904,0.0405596,-0.00275558,0.00439469,0,0,0.00507708,0.00702134,0.00192408,2.3641,2.5041,2.43586,0.081446,2.5,0,0.26618,0.265824,0.265985,0.265109,0.26618,0.265109,0.265824,0.265985,1,0,0.00512114,0,-0.00137595,-0.00172425,0.000541265,0.00827483,-0.0131969,0.00299085,-0.000568803,-8.67298e-05,0.00841386,-0.00915086,0.00338086,-0.00587718,0.0196238,10.1449,10.1449,0,2.1328
11.09,descend 2.5m,-0.0113398,0.0404879,-0.00256847,0.00396175,0,0,0.00515051,0.00733945,0.00153338,2.36473,2.50473,2.43134,0.0809144,2.5,0,0.265416,0.26778,0.265861,0.267646,0.265416,0.267646,0.26778,0.265861,1,0,0.00463224,0,-0.00153407,0.000588304,-0.0018235,0.00771186,-0.0118917,0.00298376,-0.00054496,-8.70125e-05,0.00731188,-0.00488648,0.00138204,0.0327721,0.00960725,10.0858,10.0858,0,2.15461
11.1,descend 2.5m,-0.0112891,0.0404124,-0.00287077,0.00413133,0,0,0.00514253,0.00772209,0.00148889,2.36539,2.50539,2.43216,0.0846024,2.5,0,0.265419,0.26716,0.266112,0.266077,0.265419,0.266077,0.26716,0.266112,1,0,0.00497951,0,-0.00471056,-0.000739754,-0.000749864,0.0086006,-0.0124176,0.00300707,-0.000564489,-8.00353e-05,-0.00476676,-0.0163163,0.00280382,-0.150677,-0.0623759,10.2245,10.2258,0,2.13671
11.11,descend 2.5m,-0.0112388,0.0403333,-0.00257058,0.00424368,0,0,0.00507359,0.00807278,0.00205169,2.36609,2.50609,2.46199,0.108985,2.5,0,0.258496,0.258378,0.258601,0.257818,0.258496,0.257818,0.258378,0.258601,1,0,0.00497951,0,-0.00176328,-0.000862299,0.000396002,0.00773505,-0.0127562,0.00299404,-0.00057751,-8.8052e-05,0.0185594,-0.0173377,-3.63031e-05,-0.0128161,0.124208,10.0466,10.0474,0,2.12884
11.12,descend 2.5m,-0.0111895,0.0402505,-0.00216765,0.00429807,0,0,0.00490093,0.00847987,0.00135854,2.36681,2.50681,2.4631,0.111538,2.5,0,0.25941,0.256414,0.258968,0.256679,0.25941,0.256679,0.256414,0.258968,1,0,0.00473406,0,0.00187463,-0.000336476,0.00232291,0.00651384,-0.0129263,0.00297145,-0.000586089,-0.000100317,0.0102404,-0.0219878,0.00316721,0.00772078,0.0351926,9.94249,9.94256,0,2.1254
11.13,descend 2.5m,-0.0111415,0.0401636,-0.00237465,0.00395439,0,0,0.00477203,0.00887968,0.000980965,2.36755,2.50755,2.45884,0.109449,2.5,0,0.259093,0.258564,0.258621,0.259144,0.259093,0.259144,0.258564,0.258621,1,0,0.00442158,0,0.00279407,0.000203943,2.58796e-06,0.0071325,-0.0118884,0.00298672,-0.000572164,-9.32254e-05,0.00874581,-0.0173943,-0.00710054,-0.140368,-0.0984162,9.94761,9.94909,0,2.13664
11.14,descend 2.5m,-0.0110942,0.0400735,-0.00232785,0.00419597,0,0,0.00476958,0.00913087,0.00126152,2.3683,2.5083,2.45994,0.110718,2.5,0,0.259038,0.258274,0.25872,0.258065,0.259038,0.258065,0.258274,0.25872,1,0,0.00473406,0,0.000287579,-0.000997565,0.000623907,0.00700767,-0.0125919,0.00298847,-0.000596818,-9.62986e-05,0.0190849,-0.00325301,0.00225204,-0.0402722,-0.0592928,9.89936,9.89962,0,2.11801
11.15,descend 2.5m,-0.0110469,0.0399804,-0.00226158,0.00445014,0,0,0.00468939,0.00952181,0.000451031,2.36907,2.50907,2.46221,0.112456,2.5,0,0.257963,0.258442,0.25731,0.258007,0.257963,0.258007,0.258442,0.25731,1,0,0.00483374,0,0.000580231,-0.00206267,-0.000516715,0.0068016,-0.0133756,0.00299033,-0.000620118,-9.7478e-05,0.0142523,-0.0174305,0.000524985,0.00453502,0.0497714,9.89094,9.89107,0,2.09875
11.16,descend 2.5m,-0.0110011,0.0398828,-0.00218786,0.00457848,0,0,0.0045564,0.00995458,0.00195216,2.36983,2.50983,2.46334,0.113031,2.5,0,0.25792,0.257194,0.258368,0.257153,0.25792,0.257153,0.257194,0.258368,1,0,0.00497951,0,-0.00129523,0.000771783,0.000852975,0.00656853,-0.0137645,0.00298858,-0.000638889,-9.9044e-05,0.00634785,-0.0199618,-0.00655251,-0.0946714,-0.0448865,9.86401,9.86456,0,2.08642
11.17,descend 2.5m,-0.0109567,0.0397822,-0.00247605,0.00444116,0,0,0.00442238,0.0101271,0.00187726,2.3706,2.5106,2.45701,0.107761,2.5,0,0.259332,0.259541,0.259248,0.259184,0.259332,0.259184,0.259541,0.259248,1,0,0.00502716,0,-0.000722832,-0.000836616,-6.4074e-05,0.0074415,-0.0133591,0.0030108,-0.000638701,-8.71939e-05,0.0119492,-0.0243973,0.00127743,-0.130145,-0.0969882,9.75824,9.75958,0,2.08443
11.18,descend 2.5m,-0.010914,0.0396803,-0.00223843,0.00436867,0,0,0.00427786,0.0102112,0.00188456,2.37136,2.51136,2.45809,0.107698,2.5,0,0.259302,0.259419,0.258824,0.258977,0.259302,0.258977,0.259419,0.258824,1,0,0.00473406,0,9.58949e-05,-0.00174188,-0.000118749,0.00672785,-0.0131448,0.0029986,-0.000642478,-9.38747e-05,0.0113815,-0.0264832,0.00431363,-0.0491735,-0.0725941,9.83111,9.8315,0,2.08509
11.19,descend 2.5m,-0.0108723,0.0395772,-0.00253391,0.00416057,0,0,0.00417927,0.0103991,0.00158653,2.37212,2.51212,2.44596,0.0984003,2.5,0,0.262757,0.261638,0.263114,0.261588,0.262757,0.261588,0.261638,0.263114,1,0,0.00483374,0,-0.00107858,0.000582368,0.00116218,0.00759411,-0.0125066,0.00302075,-0.000635665,-8.36459e-05,-0.00201711,-0.0172431,-0.00314914,-0.077017,-0.128958,9.94216,9.94329,0,2.08695
11.2,descend 2.5m,-0.0108318,0.0394723,-0.0025033,0.00415445,0,0,0.00400047,0.0105312,0.00102787,2.37288,2.51288,2.44694,0.0985261,2.5,0,0.262672,0.26151,0.262513,0.261607,0.262672,0.261607,0.26151,0.262513,1,0,0.0049314,0,0.000679601,-0.000117358,0.000908496,0.00753202,-0.0124801,0.00302486,-0.00064417,-8.3257e-05,0.0178589,-0.0118046,-0.0113119,-0.047652,0.0247618,9.85364,9.85379,0,2.08127
11.21,descend 2.5m,-0.0107929,0.0393665,-0.00244098,0.00400513,0,0,0.00381072,0.0106021,0.000965143,2.37364,2.51364,2.46644,0.111975,2.5,0,0.257476,0.25662,0.257463,0.25711,0.257476,0.25711,0.25662,0.257463,1,0,0.00452814,0,0.00133493,0.0009043,0.000531593,0.00733012,-0.0120368,0.00302203,-0.000643483,-8.44762e-05,0.00782293,-0.0148921,0.00409469,-0.0449633,-0.157789,9.86392,9.86529,0,2.08397
11.22,descend 2.5m,-0.0107559,0.0392605,-0.00267099,0.00420824,0,0,0.00362602,0.0105767,0.00100256,2.37439,2.51439,2.46756,0.111921,2.5,0,0.257429,0.256803,0.256607,0.256979,0.257429,0.256979,0.256803,0.256607,1,0,0.00488281,0,0.00264806,-0.00122452,0.000111121,0.00802865,-0.0126377,0.00304164,-0.000667378,-8.02894e-05,0.0135225,-0.00931901,0.00292511,-0.0809242,-0.0785494,9.84026,9.84091,0,2.06353
11.23,descend 2.5m,-0.0107207,0.0391547,-0.00279903,0.00447601,0,0,0.00346183,0.0105626,0.0014315,2.37514,2.51514,2.48848,0.12543,2.5,0,0.250965,0.25277,0.25116,0.25215,0.250965,0.25215,0.25277,0.25116,1,0,0.00521342,0,-0.00216167,-0.000803863,-0.0012283,0.00840258,-0.0134413,0.0030534,-0.000695508,-8.15302e-05,0.00675467,-0.00950892,-0.0011499,-0.0350487,0.00690122,9.78494,9.785,0,2.04069
11.24,descend 2.5m,-0.0106879,0.0390489,-0.00268081,0.004489,0,0,0.00319494,0.0105679,0.000978233,2.37588,2.51588,2.48973,0.123814,2.5,0,0.2516,0.251774,0.251689,0.251554,0.2516,0.251554,0.251774,0.251689,1,0,0.00512114,0,-0.000822401,-0.00024775,-1.68554e-05,0.00805636,-0.0134917,0.00304961,-0.000704801,-8.49142e-05,0.0123751,-0.0171923,0.00201245,-0.0784972,-0.0844517,9.60994,9.61063,0,2.03498
11.25,descend 2.5m,-0.0106574,0.0389431,-0.00305956,0.00416092,0,0,0.00299414,0.0106043,0.00163308,2.37659,2.51659,2.48163,0.114886,2.5,0,0.253873,0.253997,0.253994,0.2541,0.253873,0.2541,0.253997,0.253994,1,0,0.00512114,0,-4.86418e-05,0.000425687,-0.000101224,0.0091817,-0.0125154,0.00307862,-0.000693604,-7.01116e-05,0.00514331,-0.0224809,-0.00172255,-0.17661,-0.0870754,9.62191,9.62393,0,2.04293
11.26,descend 2.5m,-0.0106286,0.0388367,-0.00297888,0.00397413,0,0,0.00289313,0.0106057,0.00217313,2.37728,2.51728,2.48276,0.11239,2.5,0,0.252525,0.255128,0.252684,0.255648,0.252525,0.255648,0.255128,0.252684,1,0,0.0049314,0,0.000955303,0.0012861,-0.00244683,0.00893453,-0.0119692,0.00307638,-0.000692445,-7.07732e-05,0.0017324,-0.0318862,-0.00395402,-0.0735237,-0.060799,9.56368,9.56415,0,2.04801
11.27,descend 2.5m,-0.0106011,0.0387311,-0.00315612,0.00412418,0,0,0.0028116,0.0104158,0.00375769,2.37794,2.51794,2.47925,0.106496,2.5,0,0.254903,0.2552,0.254872,0.255791,0.254903,0.255791,0.2552,0.254872,1,0,0.00502716,0,0.00164795,0.00106065,-0.00053471,0.00947078,-0.0123926,0.00309235,-0.00071365,-6.99556e-05,0.00477158,-0.0140744,-0.00447954,-0.0069041,-0.0441568,9.5156,9.5157,0,2.03144
11.28,descend 2.5m,-0.0105746,0.0386277,-0.00329146,0.00401633,0,0,0.00276142,0.0101454,0.0025032,2.37857,2.51857,2.4803,0.103613,2.5,0,0.255305,0.254658,0.255668,0.255356,0.255305,0.255356,0.254658,0.255668,1,0,0.00521342,0,0.000889548,0.00201025,0.000421281,0.00987433,-0.0120582,0.00310516,-0.000716754,-6.56245e-05,0.00311772,-0.00682405,-0.00256499,0.0126714,-0.0019397,9.36611,9.36612,0,2.03
11.29,descend 2.5m,-0.0105478,0.0385278,-0.00309092,0.00384416,0,0,0.00275442,0.00976533,0.00186224,2.37917,2.51917,2.48613,0.104125,2.5,0,0.254659,0.253256,0.2546,0.253897,0.254659,0.253897,0.253256,0.2546,1,0,0.00478416,0,0.00185543,0.00110198,0.000925975,0.00926985,-0.0115689,0.00309502,-0.000713844,-6.91415e-05,0.00118727,-0.024995,0.00274143,-0.10299,-0.149011,9.517,9.51873,0,2.03587
11.3,descend 2.5m,-0.0105208,0.0384318,-0.00315291,0.00387836,0,0,0.0027665,0.00941799,0.00119713,2.37973,2.51973,2.48716,0.101072,2.5,0,0.252864,0.255333,0.252887,0.255649,0.252864,0.255649,0.255333,0.252887,1,0,0.00497951,0,0.000778747,0.000642625,-0.00229904,0.00945828,-0.0116685,0.00310343,-0.000723597,-6.85174e-05,0.00277915,-0.0230396,0.014949,-0.157828,-0.0821669,9.49116,9.49283,0,2.0276
11.31,descend 2.5m,-0.0104935,0.0383386,-0.00321704,0.00377741,0,0,0.00281457,0.00916949,0.00215651,2.38026,2.52026,2.49128,0.0999364,2.5,0,0.253244,0.253327,0.253635,0.253814,0.253244,0.253814,0.253327,0.253635,1,0,0.00497951,0,0.000254327,0.00166352,-0.00011556,0.00966199,-0.0113514,0.00311004,-0.000725657,-6.65612e-05,0.0104547,-0.0134456,-0.014668,-0.0896176,-0.0703712,9.49792,9.49861,0,2.02708
11.32,descend 2.5m,-0.0104658,0.0382483,-0.00343616,0.00391141,0,0,0.00289324,0.00884225,0.00253947,2.38076,2.52076,2.49227,0.0964313,2.5,0,0.254251,0.252767,0.254458,0.253053,0.254251,0.253053,0.252767,0.254458,1,0,0.00502716,0,0.000207434,0.000932793,0.00126974,0.0103232,-0.0117485,0.0031295,-0.000743513,-6.40838e-05,0.0130406,-0.010209,-0.00595439,-0.101355,0.00565675,9.42331,9.42386,0,2.01192
11.33,descend 2.5m,-0.0104371,0.0381611,-0.00338752,0.00398882,0,0,0.0029554,0.00856375,0.00196155,2.38121,2.52121,2.49832,0.0964359,2.5,0,0.251674,0.253206,0.251882,0.253187,0.251674,0.253187,0.253206,0.251882,1,0,0.00525895,0,-0.000603873,0.000357023,-0.00124735,0.0101674,-0.011986,0.00312965,-0.000756134,-6.76979e-05,0.00642504,-0.0137682,-0.00462123,-0.0327931,0.0617694,9.48677,9.48703,0,2.00283
11.34,descend 2.5m,-0.0104084,0.0380763,-0.00328718,0.00417315,0,0,0.00294561,0.00835608,0.00152586,2.38163,2.52163,2.49927,0.0927253,2.5,0,0.251652,0.25366,0.251642,0.253616,0.251652,0.253616,0.25366,0.251642,1,0,0.00512114,0,-9.21566e-05,-0.00010434,-0.00175056,0.00987876,-0.0125263,0.00312754,-0.000774828,-7.48139e-05,0.0146452,-0.00535656,0.000741015,0.0287697,0.0480428,9.49258,9.49274,0,1.98838
11.35,descend 2.5m,-0.0103799,0.0379934,-0.00352381,0.00415148,0,0,0.00291164,0.00819851,0.00191073,2.38201,2.52201,2.48859,0.0801913,2.5,0,0.25732,0.254557,0.256604,0.254692,0.25732,0.254692,0.254557,0.256604,1,0,0.00543727,0,0.00225783,-0.0011003,0.00205485,0.0105831,-0.0124706,0.00314703,-0.000779292,-6.61748e-05,0.0109945,-0.0115576,-0.00254033,-0.0237965,-0.0616259,9.31244,9.31267,0,1.98223
11.36,descend 2.5m,-0.0103511,0.0379115,-0.00350774,0.00427116,0,0,0.00296106,0.00815984,0.00111663,2.38234,2.52234,2.48937,0.0763166,2.5,0,0.25649,0.255698,0.256079,0.255753,0.25649,0.255753,0.255698,0.256079,1,0,0.00543727,0,0.00123572,-0.000673738,0.000491327,0.0105281,-0.012844,0.00314921,-0.000793116,-6.97903e-05,0.00647551,-0.021108,-0.00324564,-0.121369,-0.0598533,9.42776,9.42873,0,1.97073
11.37,descend 2.5m,-0.0103216,0.0378298,-0.00371975,0.00456968,0,0,0.00300577,0.00817961,0.000581726,2.38264,2.52264,2.48199,0.0669398,2.5,0,0.259348,0.257108,0.259385,0.257195,0.259348,0.257195,0.257108,0.259385,1,0,0.00585938,0,0.000130337,0.000236007,0.00194694,0.01117,-0.013734,0.00316711,-0.000820557,-6.89784e-05,0.010319,-0.0174884,0.012178,-0.137371,-0.0292012,9.47519,9.47623,0,1.9469
11.38,descend 2.5m,-0.0102914,0.0377476,-0.00407207,0.00483866,0,0,0.00308909,0.00825744,0.000486841,2.3829,2.5229,2.48264,0.0638191,2.5,0,0.256317,0.260417,0.256561,0.260395,0.256317,0.260395,0.260417,0.256561,1,0,0.00632885,0,-0.000705287,0.00042114,-0.00348732,0.0122285,-0.0145516,0.00319416,-0.000846862,-6.38196e-05,0.0114873,-0.0245767,0.000713971,-0.102044,-0.0741067,9.43631,9.43715,0,1.92346
11.39,descend 2.5m,-0.0102602,0.0376643,-0.00398271,0.00460178,0,0,0.00329901,0.00839076,0.00260713,2.38313,2.52313,2.48192,0.0600789,2.5,0,0.259501,0.2585,0.259366,0.258264,0.259501,0.258264,0.2585,0.259366,1,0,0.00605941,0,-0.000271097,-0.000703626,0.000924177,0.0119577,-0.0138262,0.00319153,-0.000839442,-6.18307e-05,0.00969487,-0.0147368,-0.00384716,-0.0400177,-0.0264581,9.55074,9.55086,0,1.93265
11.4,descend 2.5m,-0.0102267,0.0375791,-0.00390672,0.00434508,0,0,0.00361146,0.00858781,0.00237274,2.38333,2.52333,2.48251,0.0575864,2.5,0,0.25853,0.259626,0.258249,0.259716,0.25853,0.259716,0.259626,0.258249,1,0,0.00565227,0,0.000984566,-0.000362316,-0.00112659,0.0117324,-0.0130658,0.00319077,-0.000830374,-5.88109e-05,0.0114259,-0.0211998,-0.00357211,0.0288207,-0.0132081,9.63147,9.63152,0,1.94271
11.41,descend 2.5m,-0.0101896,0.0374923,-0.00367256,0.00428096,0,0,0.00399417,0.00871359,0.00210196,2.38351,2.52351,2.48718,0.058169,2.5,0,0.258217,0.258313,0.258029,0.257829,0.258217,0.257829,0.258313,0.258029,1,0,0.00556726,0,-0.000785838,-0.00127481,4.60659e-05,0.0110359,-0.0128489,0.00317808,-0.000832847,-6.50803e-05,0.0153917,-0.00480494,-0.00231993,-0.0415079,0.0212256,9.6646,9.66471,0,1.94324
11.42,descend 2.5m,-0.010149,0.0374046,-0.00366424,0.00417699,0,0,0.00428134,0.00876545,0.00203376,2.38366,2.52366,2.48776,0.0563123,2.5,0,0.258443,0.257861,0.258652,0.257673,0.258443,0.257673,0.257861,0.258652,1,0,0.00556726,0,-0.00105295,3.91762e-05,0.000685901,0.0109966,-0.0125438,0.0031809,-0.000832544,-6.37217e-05,0.00583323,-0.00940901,0.00204447,-0.0530181,0.0191159,9.649,9.64917,0,1.94382
11.43,descend 2.5m,-0.0101057,0.0373167,-0.00347912,0.0041241,0,0,0.00451356,0.00879687,0.00196692,2.3838,2.5238,2.49851,0.0617382,2.5,0,0.256159,0.25523,0.256106,0.255026,0.256159,0.255026,0.25523,0.256106,1,0,0.00525895,0,-0.000399414,-0.00048796,0.00088331,0.0104354,-0.0123838,0.00317346,-0.000835784,-6.81197e-05,0.0018863,-0.00853166,0.0112989,-0.0762764,-0.104365,9.64318,9.64404,0,1.94317
11.44,descend 2.5m,-0.0100606,0.0372281,-0.00371525,0.00399979,0,0,0.00463518,0.00886251,0.00200435,2.38391,2.52391,2.49912,0.0595871,2.5,0,0.256146,0.255087,0.256147,0.255441,0.256146,0.255441,0.255087,0.256147,1,0,0.00530409,0,0.000936422,0.000671714,0.000775709,0.0111584,-0.0120107,0.00319436,-0.000834453,-5.82626e-05,0.0116598,-0.0083883,-0.00236627,-0.0108122,-0.068637,9.5878,9.58805,0,1.94247
11.45,descend 2.5m,-0.0100144,0.0371394,-0.00345858,0.0040889,0,0,0.00474438,0.0088437,0.00229316,2.38399,2.52399,2.51119,0.0655734,2.5,0,0.25285,0.252673,0.252545,0.2534,0.25285,0.2534,0.252673,0.252545,1,0,0.00534885,0,0.00273502,0.000799045,-0.000298099,0.010387,-0.0122801,0.00318253,-0.000848792,-6.86462e-05,0.0107223,-0.00980871,0.00946856,-0.0894038,-0.0620607,9.44658,9.4472,0,1.93439
11.46,descend 2.5m,-0.00996707,0.0370513,-0.00340671,0.00407646,0,0,0.00489531,0.00865964,0.00218648,2.38405,2.52405,2.51184,0.0628489,2.5,0,0.253862,0.25201,0.253825,0.252274,0.253862,0.252274,0.25201,0.253825,1,0,0.00525895,0,0.000797338,0.000430479,0.00149528,0.0102051,-0.0122529,0.00318316,-0.000857395,-7.09491e-05,-0.00682254,-0.0165288,0.00120432,-0.132578,-0.0951748,9.56767,9.56906,0,1.93012
11.47,descend 2.5m,-0.009918,0.0369659,-0.00327597,0.00419909,0,0,0.00507894,0.00837376,0.00261353,2.38408,2.52408,2.51667,0.0630322,2.5,0,0.253092,0.251344,0.253006,0.250781,0.253092,0.250781,0.251344,0.253006,1,0,0.00521342,0,-0.00126339,-0.00123134,0.00174641,0.00983864,-0.0126136,0.00317887,-0.000872056,-7.6101e-05,0.0103462,-0.0117639,0.00722453,0.0489603,0.00765288,9.54388,9.54401,0,1.91914
11.48,descend 2.5m,-0.00986755,0.0368828,-0.00294886,0.00433382,0,0,0.00516922,0.00823219,0.0025414,2.38407,2.52407,2.51728,0.0595891,2.5,0,0.253858,0.250853,0.253776,0.250472,0.253858,0.250472,0.250853,0.253776,1,0,0.00525895,0,-0.000792275,-0.000878391,0.00277281,0.00885144,-0.0130173,0.00316214,-0.000885871,-8.76613e-05,0.00644491,-0.0114498,-0.00180797,-0.0200261,0.0101207,9.3886,9.38863,0,1.9096
11.49,descend 2.5m,-0.00981694,0.0368004,-0.00314517,0.00451707,0,0,0.00505795,0.00820519,0.00259202,2.38402,2.52402,2.48603,0.032957,2.5,0,0.259715,0.26131,0.260018,0.261263,0.259715,0.261263,0.26131,0.260018,1,0,0.00552427,0,-0.000930472,0.000484589,-0.00124818,0.00945539,-0.013571,0.00318047,-0.000905817,-8.0345e-05,0.0164911,-0.0140586,-0.000276842,-0.181463,-0.150722,9.50381,9.50674,0,1.89205
11.5,descend 2.5m,-0.00976891,0.0367181,-0.00309791,0.00441404,0,0,0.00472232,0.00818802,0.00290411,2.38394,2.52394,2.48634,0.0298435,2.5,0,0.261602,0.260007,0.261665,0.25996,0.261602,0.25996,0.260007,0.261665,1,0,0.00525895,0,-0.000291735,3.16144e-05,0.00145047,0.00930734,-0.0132708,0.00318212,-0.000905707,-7.97618e-05,0.0122927,-0.02,0.00290557,-0.0583539,-0.0752101,9.52695,9.52743,0,1.89317
11.51,descend 2.5m,-0.00972427,0.0366362,-0.00293293,0.00452216,0,0,0.00437443,0.00812703,0.00287307,2.38384,2.52384,2.48788,0.0284464,2.5,0,0.260271,0.261284,0.259918,0.261147,0.260271,0.261147,0.261284,0.259918,1,0,0.00534885,0,0.000574633,-0.000929393,-0.00098578,0.00879391,-0.0135773,0.00317661,-0.000918318,-8.58477e-05,-3.29117e-05,-0.00812977,-0.000234242,-0.175591,-0.0498424,9.61833,9.62006,0,1.88365
11.52,descend 2.5m,-0.00968311,0.0365546,-0.00325522,0.00458842,0,0,0.00404138,0.00816467,0.00262366,2.38371,2.52371,2.48815,0.0265628,2.5,0,0.259931,0.261291,0.259925,0.261982,0.259931,0.261982,0.261291,0.259925,1,0,0.00548095,0,0.00184993,0.00129747,-0.00150222,0.00976443,-0.0137763,0.00320093,-0.000930228,-7.47103e-05,0.0024406,-0.00830277,-0.000290343,-0.115619,-0.041557,9.67686,9.67764,0,1.87164
11.53,descend 2.5m,-0.00964446,0.0364724,-0.00353568,0.00455082,0,0,0.00393894,0.00824998,0.00253472,2.38356,2.52356,2.47294,0.0139711,2.5,0,0.264315,0.265306,0.264538,0.265088,0.264315,0.265088,0.265306,0.264538,1,0,0.00565227,0,-0.00117081,1.14787e-05,-0.000677125,0.0106373,-0.0136591,0.00322247,-0.000935129,-6.42704e-05,0.02342,-0.00541002,0.00404152,-0.068623,0.0111033,9.72247,9.72272,0,1.86605
11.54,descend 2.5m,-0.0096059,0.0363892,-0.00348817,0.00469786,0,0,0.00393204,0.00836992,0.00179032,2.3834,2.5234,2.47308,0.0135395,2.5,0,0.264078,0.265581,0.264132,0.265556,0.264078,0.265556,0.265581,0.264132,1,0,0.00577742,0,-0.000210439,5.62586e-05,-0.00128635,0.0104629,-0.0141169,0.00322413,-0.000953054,-6.87388e-05,0.0022102,-0.0164921,0.0023592,-0.067503,0.0154481,9.80205,9.80229,0,1.8531
11.55,descend 2.5m,-0.00956732,0.036304,-0.00319843,0.00451709,0,0,0.00392675,0.00869939,0.00183942,2.38324,2.52324,2.48579,0.0226474,2.5,0,0.262213,0.260798,0.262221,0.261216,0.262213,0.261216,0.260798,0.262221,1,0,0.00539324,0,0.00108816,0.000806476,0.00106398,0.00959757,-0.0135813,0.00320852,-0.000947755,-7.60702e-05,0.00479953,-0.0209177,-0.0050078,-0.108756,-0.138471,9.85177,9.85334,0,1.86085
11.56,descend 2.5m,-0.00952847,0.0362149,-0.00306081,0.00443272,0,0,0.0039438,0.0091027,0.00125314,2.38308,2.52308,2.48602,0.0226877,2.5,0,0.261335,0.261718,0.261089,0.262105,0.261335,0.262105,0.261718,0.261089,1,0,0.00521342,0,0.00167919,0.000268334,-0.000614834,0.00918778,-0.0133199,0.00320465,-0.000949965,-7.91928e-05,0.00681223,-0.0154406,0.00110826,0.0291544,-0.000528489,9.75369,9.75373,0,1.86152
11.57,descend 2.5m,-0.00948914,0.0361221,-0.00314314,0.00458533,0,0,0.00400388,0.00943476,0.00106813,2.38292,2.52292,2.48681,0.0234562,2.5,0,0.261548,0.261084,0.261684,0.261073,0.261548,0.261073,0.261084,0.261684,1,0,0.00539324,0,-0.000391382,0.000235548,0.00047234,0.00944099,-0.0137672,0.00321349,-0.000970058,-7.9167e-05,0.0110234,-0.00842302,-0.0112108,-0.0600118,0.0571994,9.8747,9.87505,0,1.84645
11.58,descend 2.5m,-0.00944929,0.0360265,-0.00322767,0.00450734,0,0,0.00400222,0.0096616,0.000765487,2.38276,2.52276,2.48705,0.0236432,2.5,0,0.261633,0.261313,0.261224,0.260962,0.261633,0.260962,0.261313,0.261224,1,0,0.00539324,0,0.000155757,-0.00143967,0.000255467,0.00971675,-0.0135581,0.00322266,-0.000974819,-7.62689e-05,0.0257405,-0.0250209,0.00484994,-0.0835544,0.0065845,9.80263,9.80299,0,1.84423
11.59,descend 2.5m,-0.00940966,0.0359292,-0.00310205,0.00429721,0,0,0.00391004,0.00979401,0.000551852,2.3826,2.5226,2.5014,0.0343427,2.5,0,0.257118,0.257994,0.257012,0.258254,0.257118,0.258254,0.257994,0.257012,1,0,0.00525895,0,0.000973404,0.000290709,-0.000931205,0.00931363,-0.0129012,0.00321882,-0.000967903,-7.67181e-05,0.00826897,-0.0073399,-0.00259998,-0.122552,-0.0563113,9.83605,9.83698,0,1.85139
11.6,descend 2.5m,-0.00937111,0.0358308,-0.00336495,0.00415855,0,0,0.00386362,0.00983785,0.00147978,2.38244,2.52244,2.50175,0.0343794,2.5,0,0.257625,0.257712,0.25757,0.257189,0.257625,0.257189,0.257712,0.25757,1,0,0.00530409,0,-0.00124097,-0.00109496,0.000129011,0.0101169,-0.0124847,0.00324014,-0.000966392,-6.78019e-05,0.0180061,-0.00699872,0.00118112,-0.0638682,-0.0237539,9.8969,9.89713,0,1.85081
11.61,descend 2.5m,-0.00933322,0.0357323,-0.00362576,0.00403432,0,0,0.00381067,0.00982381,0.00172672,2.38228,2.52228,2.50919,0.0393337,2.5,0,0.256158,0.255473,0.255349,0.255616,0.256158,0.255616,0.255473,0.255349,1,0,0.00530409,0,0.0025254,-0.00126137,0.000183985,0.0108823,-0.0121185,0.00326049,-0.000967265,-6.13386e-05,0.00665628,-0.0113016,-0.00880432,-0.148228,-0.0623617,9.66149,9.66283,0,1.84959
11.62,descend 2.5m,-0.00929554,0.0356341,-0.00379521,0.00436047,0,0,0.0038452,0.00977558,0.00132125,2.38211,2.52211,2.50958,0.0387744,2.5,0,0.255789,0.255219,0.255626,0.255858,0.255789,0.255858,0.255219,0.255626,1,0,0.00577742,0,0.00212956,0.000903747,0.000148884,0.0113906,-0.013098,0.00327494,-0.000996825,-6.57341e-05,0.00662864,-0.0120418,-0.00175537,-0.0382161,-0.0718939,9.73718,9.73752,0,1.8238
11.63,descend 2.5m,-0.00925723,0.0355364,-0.0034943,0.00438015,0,0,0.00392083,0.00977067,0.00106386,2.38193,2.52193,2.51299,0.0397515,2.5,0,0.254917,0.254928,0.254896,0.254774,0.254917,0.254774,0.254928,0.254896,1,0,0.00552427,0,-0.000351916,-0.000332424,4.82995e-05,0.0104789,-0.0131768,0.00326046,-0.00100687,-7.61409e-05,0.00067155,-0.0251933,-0.0062674,-0.092674,-0.0382406,9.62377,9.62429,0,1.81939
11.64,descend 2.5m,-0.00921853,0.035438,-0.00346616,0.00466613,0,0,0.00387371,0.00987342,0.00181721,2.38173,2.52173,2.51338,0.0381334,2.5,0,0.254592,0.255305,0.254624,0.255262,0.254592,0.255262,0.255305,0.254624,1,0,0.00573601,0,-0.000199182,-2.15569e-05,-0.000593802,0.0103854,-0.0140174,0.00326335,-0.00103367,-8.35685e-05,-0.00542635,-0.0136965,0.00788231,-0.0883812,-0.0808539,9.60043,9.60117,0,1.79753
11.65,descend 2.5m,-0.00918084,0.0353387,-0.00337585,0.00475511,0,0,0.00378247,0.00994996,0.00127148,2.38151,2.52151,2.51991,0.0407962,2.5,0,0.253749,0.253356,0.253498,0.253239,0.253749,0.253239,0.253356,0.253498,1,0,0.00581854,0,0.000355697,-0.000699486,0.000286465,0.0101295,-0.0142676,0.00326121,-0.00104777,-8.9801e-05,0.00467937,-0.00250206,-0.0120495,-0.0348578,0.0837141,9.53539,9.53582,0,1.78733
11.66,descend 2.5m,-0.0091436,0.0352387,-0.00343132,0.00497589,0,0,0.00372208,0.0100368,0.0010619,2.38127,2.52127,2.5203,0.0385922,2.5,0,0.253729,0.253831,0.253064,0.253704,0.253729,0.253704,0.253831,0.253064,1,0,0.0059802,0,0.00142739,-0.00150098,-0.000325702,0.010303,-0.0149606,0.00326901,-0.00107042,-9.19059e-05,0.00929861,-0.0230626,0.0101017,-0.0634081,-0.0741548,9.58307,9.58356,0,1.76834
11.67,descend 2.5m,-0.00910697,0.0351371,-0.00351933,0.00512747,0,0,0.0037399,0.0102883,0.00143089,2.381,2.521,2.5386,0.0486801,2.5,0,0.248998,0.249332,0.249172,0.24925,0.248998,0.24925,0.249332,0.249172,1,0,0.0061376,0,-0.00067734,0.00017561,-0.00018093,0.010564,-0.0153948,0.0032776,-0.00108873,-9.20295e-05,0.00736499,-0.00931921,0.000104598,-0.132774,0.0545688,9.38607,9.38716,0,1.75288
11.68,descend 2.5m,-0.00906904,0.0350329,-0.00343645,0.00552417,0,0,0.00395589,0.0105359,0.0012774,2.3807,2.5207,2.53907,0.0450452,2.5,0,0.249096,0.249966,0.249013,0.249608,0.249096,0.249608,0.249966,0.249013,1,0,0.00651449,0,-0.000731842,-0.000836103,-0.000643972,0.0103188,-0.0165961,0.00327434,-0.00112384,-0.000102701,0.00963652,-0.016854,8.71395e-05,-0.068948,-0.119661,9.39671,9.39773,0,1.72493
11.69,descend 2.5m,-0.00902853,0.0349265,-0.0034635,0.00570603,0,0,0.0042409,0.0107466,0.00095769,2.38036,2.52036,2.50703,0.0179009,2.5,0,0.258622,0.257254,0.258966,0.256942,0.258622,0.256942,0.257254,0.258966,1,0,0.00669498,0,-0.00173845,6.1629e-05,0.00149103,0.0104096,-0.0171461,0.00327985,-0.00114585,-0.000104543,0.0160809,-0.0198372,0.00293239,0.0820579,-0.0252575,9.44627,9.44666,0,1.70798
11.7,descend 2.5m,-0.00898557,0.0348181,-0.00351206,0.00601523,0,0,0.00439557,0.010887,0.00168241,2.37997,2.51997,2.50719,0.014327,2.5,0,0.258389,0.25813,0.258138,0.258351,0.258389,0.258351,0.25813,0.258138,1,0,0.00687073,0,0.00125132,-5.5755e-05,2.0125e-05,0.0105498,-0.0180707,0.00328727,-0.00117489,-0.000107198,0.0124591,-0.0178354,0.00180113,-0.092017,-0.0908944,9.58527,9.58614,0,1.68351
11.71,descend 2.5m,-0.00894227,0.0347087,-0.0034845,0.0059174,0,0,0.00439723,0.0109838,0.00194508,2.37956,2.51956,2.47432,-0.0123099,2.5,0,0.267384,0.266627,0.26673,0.266842,0.267384,0.266842,0.266627,0.26673,1,0,0.00680097,0,0.00230413,-0.000833252,0.000283697,0.01046,-0.0177925,0.00328974,-0.00117709,-0.00010572,0.0076466,-0.0280383,0.00620527,-0.191192,-0.0657431,9.5681,9.57023,0,1.68267
11.72,descend 2.5m,-0.00889875,0.0345977,-0.00382158,0.00612068,0,0,0.0044314,0.0111976,0.00147363,2.37912,2.51912,2.47418,-0.0137228,2.5,0,0.265866,0.268354,0.265647,0.268409,0.265866,0.268409,0.268354,0.265647,1,0,0.00717624,0,0.000725358,-0.000311561,-0.00230771,0.0114798,-0.0183786,0.00331428,-0.0012004,-9.12471e-05,0.0134391,-0.0122915,0.0057391,-0.211343,-0.0319872,9.69079,9.69315,0,1.66153
11.73,descend 2.5m,-0.0088547,0.0344839,-0.0038079,0.00637897,0,0,0.00454257,0.0115792,0.00276382,2.37867,2.51867,2.50424,0.00724113,2.5,0,0.259348,0.260228,0.258681,0.259706,0.259348,0.259706,0.260228,0.258681,1,0,0.00737289,0,0.000381383,-0.00225263,-0.000837237,0.0114217,-0.0191557,0.00331845,-0.00122506,-9.78071e-05,0.00209769,-0.0137765,0.000998504,-0.047848,-0.000598108,9.73996,9.74008,0,1.64018
11.74,descend 2.5m,-0.00880954,0.0343652,-0.00371278,0.00637462,0,0,0.00469855,0.012133,0.00305181,2.37822,2.51822,2.50431,0.0067039,2.5,0,0.260078,0.258745,0.260919,0.258359,0.260078,0.258359,0.258745,0.260919,1,0,0.00730793,0,-0.00325091,0.00086256,0.00171099,0.0111373,-0.0191351,0.00331603,-0.00123476,-0.000103935,0.00275611,-0.00876395,0.00213083,-0.127144,0.0334151,9.74025,9.74113,0,1.6341
11.75,descend 2.5m,-0.00876254,0.0342415,-0.00388719,0.00631432,0,0,0.00483135,0.0125628,0.00147318,2.37775,2.51775,2.50998,0.0101663,2.5,0,0.258514,0.257155,0.259276,0.257604,0.258514,0.257604,0.257155,0.259276,1,0,0.00740516,0,-0.000829212,0.00229323,0.00133174,0.0116719,-0.0189712,0.00333157,-0.0012414,-9.27352e-05,0.0104033,-0.0200734,-0.00638119,-0.155364,0.0261444,9.73997,9.74124,0,1.62861
11.76,descend 2.5m,-0.00871433,0.0341144,-0.00371624,0.00590885,0,0,0.00492721,0.0128139,0.00190082,2.37728,2.51728,2.51008,0.00946812,2.5,0,0.258883,0.257433,0.258776,0.257608,0.258883,0.257608,0.257433,0.258776,1,0,0.00687073,0,0.000746251,0.000127593,0.00115086,0.0111493,-0.0177391,0.00332262,-0.00122659,-9.5566e-05,0.00384908,-0.00954227,-0.00702265,-0.0897373,0.00897717,9.66858,9.669,0,1.64537
11.77,descend 2.5m,-0.00866475,0.0339854,-0.00372695,0.0058697,0,0,0.00508702,0.0129719,0.00133918,2.3768,2.5168,2.49595,-0.00146568,2.5,0,0.261774,0.261888,0.262246,0.261485,0.261774,0.261485,0.261888,0.262246,1,0,0.00683594,0,-0.00232036,0.000129879,0.000284398,0.01118,-0.0176442,0.00332795,-0.00123497,-9.45029e-05,0.00280091,-0.0246312,0.00411665,-0.0452204,0.0498212,9.84406,9.84429,0,1.63973
11.78,descend 2.5m,-0.00861377,0.0338552,-0.00359258,0.00588892,0,0,0.00526448,0.0130084,0.00235376,2.37631,2.51631,2.49593,-0.00175548,2.5,0,0.262946,0.26111,0.262467,0.261003,0.262946,0.261003,0.26111,0.262467,1,0,0.00690534,0,0.000989393,-0.00110969,0.00145046,0.0108071,-0.0176896,0.00332328,-0.00124475,-0.000100744,0.0230029,-0.0164493,-0.000877291,-0.0799891,0.027152,9.87352,9.87388,0,1.63193
11.79,descend 2.5m,-0.00856055,0.0337245,-0.0035778,0.00561795,0,0,0.00550003,0.0131518,0.000914827,2.37581,2.51581,2.49077,-0.00547104,2.5,0,0.262785,0.263676,0.262696,0.263609,0.262785,0.263609,0.263676,0.262696,1,0,0.00658728,0,5.96218e-05,-0.000296431,-0.000793066,0.0107436,-0.0168837,0.00332578,-0.0012373,-9.81542e-05,0.0101372,-0.0212081,0.0169608,-0.151123,-0.0272585,9.77456,9.77576,0,1.6395
11.8,descend 2.5m,-0.00850464,0.0335921,-0.00338804,0.00586772,0,0,0.00578042,0.0132748,0.00177543,2.37532,2.51532,2.49072,-0.00511989,2.5,0,0.261748,0.264713,0.261256,0.265001,0.261748,0.265001,0.264713,0.261256,1,0,0.00683594,0,0.00206767,-0.000387256,-0.00294952,0.0101816,-0.0176349,0.00331825,-0.00126385,-0.000108834,0.0151156,-0.0224387,-0.00702427,-0.179032,-0.155599,9.91377,9.91661,0,1.61895
11.81,descend 2.5m,-0.00844617,0.0334587,-0.0030743,0.00583944,0,0,0.00607233,0.013416,0.00250637,2.37483,2.51483,2.49359,-0.00263373,2.5,0,0.262263,0.262273,0.26244,0.262651,0.262263,0.262651,0.262273,0.26244,1,0,0.00658728,0,0.000533722,0.00105128,-9.71225e-05,0.00922835,-0.0175427,0.00330359,-0.0012716,-0.000120174,0.00701155,-0.0175028,0.000203971,-0.0347865,-0.192194,9.7901,9.79205,0,1.61523
11.82,descend 2.5m,-0.00838511,0.0333235,-0.00302774,0.00585956,0,0,0.00631422,0.0135787,0.0024806,2.37434,2.51434,2.49357,-0.00162711,2.5,0,0.262654,0.262139,0.262353,0.262129,0.262654,0.262129,0.262139,0.262353,1,0,0.00644087,0,0.000770869,-0.000588562,0.000325,0.00910372,-0.0176037,0.00330659,-0.00128346,-0.000119728,0.0171168,-0.0179353,-0.00940234,0.0659616,-0.0242818,9.78013,9.78038,0,1.60626
11.83,descend 2.5m,-0.0083214,0.0331869,-0.00288155,0.00576819,0,0,0.00657627,0.0137138,0.00124345,2.37387,2.51387,2.50008,0.00409391,2.5,0,0.261304,0.260138,0.26097,0.25988,0.261304,0.25988,0.260138,0.26097,1,0,0.00629107,0,0.000203341,-0.00112149,0.000991553,0.00866202,-0.017339,0.00329982,-0.00128733,-0.000124549,0.0149427,-0.0242482,8.94971e-05,-0.074962,-0.0635999,9.95961,9.9601,0,1.60441
11.84,descend 2.5m,-0.0082551,0.033049,-0.00268795,0.00548919,0,0,0.00672092,0.0138642,0.00126525,2.37339,2.51339,2.50013,0.00487768,2.5,0,0.26047,0.260832,0.260563,0.260067,0.26047,0.260067,0.260832,0.260563,1,0,0.00605941,0,-0.00227646,-0.00127143,5.90607e-05,0.0080675,-0.0164875,0.00329365,-0.00127904,-0.000128796,0.00582031,-0.0145236,-0.00650958,-0.0760271,-0.0660591,9.8028,9.80332,0,1.61352
11.85,descend 2.5m,-0.0081882,0.0329094,-0.0027874,0.00546159,0,0,0.00670431,0.0140314,0.000804162,2.37293,2.51293,2.52395,0.0228287,2.5,0,0.253672,0.254994,0.253979,0.254731,0.253672,0.254731,0.254994,0.253979,1,0,0.00601994,0,-0.00151,8.23105e-05,-0.000911426,0.00837577,-0.0164178,0.00330578,-0.00128846,-0.000122431,0.0123977,-0.023342,0.00296754,-0.216824,-0.0696533,9.88038,9.883,0,1.60556
11.86,descend 2.5m,-0.00812211,0.0327688,-0.00279873,0.00568074,0,0,0.0065821,0.0140468,0.00113879,2.37246,2.51246,2.52418,0.0225772,2.5,0,0.253805,0.254891,0.254038,0.254505,0.253805,0.254505,0.254891,0.254038,1,0,0.00629107,0,-0.00164369,-0.000291439,-0.000682265,0.00842,-0.0170593,0.00331172,-0.00131335,-0.000120673,0.0192983,-0.0127145,-0.00625953,-0.0927547,-0.0645302,9.80358,9.80423,0,1.58444
11.87,descend 2.5m,-0.00805744,0.0326286,-0.00301761,0.00597313,0,0,0.00638473,0.013991,0.000602594,2.37198,2.51198,2.53104,0.0265268,2.5,0,0.252776,0.252755,0.252908,0.252122,0.252776,0.252122,0.252755,0.252908,1,0,0.00662337,0,-0.00202694,-0.000949977,0.000354347,0.0090625,-0.0179431,0.00333113,-0.00134225,-0.000113926,0.00985764,-0.0171456,-1.07659e-05,-0.127544,0.0136502,9.70661,9.70746,0,1.55734
11.88,descend 2.5m,-0.00799531,0.0324886,-0.00323916,0.00592541,0,0,0.00605024,0.0139791,0.000761336,2.37149,2.51149,2.5313,0.0250379,2.5,0,0.251645,0.253523,0.252347,0.253355,0.251645,0.253355,0.253523,0.252347,1,0,0.00658728,0,-0.00230656,0.00101236,-0.00126843,0.00972753,-0.0177903,0.00335018,-0.00134888,-0.000102644,0.0101211,-0.0107491,0.00175413,0.0177828,0.0383361,9.71492,9.71502,0,1.54961
11.89,descend 2.5m,-0.00793658,0.032349,-0.00332122,0.00580823,0,0,0.0057898,0.0139023,0.00152543,2.37098,2.51098,2.53682,0.026764,2.5,0,0.251809,0.251216,0.251341,0.251626,0.251809,0.251626,0.251216,0.251341,1,0,0.00669498,0,0.0023279,-0.000110279,0.000135181,0.00994669,-0.0174608,0.00335874,-0.00135315,-9.73739e-05,-0.00783932,-0.0254011,-0.00383506,0.0735139,0.0367543,9.50817,9.50853,0,1.54713
11.9,descend 2.5m,-0.0078797,0.0322103,-0.00338297,0.00564982,0,0,0.00567744,0.0138018,0.00102489,2.37044,2.51044,2.53707,0.024094,2.5,0,0.252045,0.251331,0.252093,0.251283,0.252045,0.251283,0.251331,0.252093,1,0,0.00658728,0,-0.000251496,1.05871e-06,0.000669535,0.0101484,-0.0169705,0.00336746,-0.00135352,-9.14218e-05,0.00307252,-0.0154074,0.00608965,-0.0364506,-0.04253,9.59317,9.59334,0,1.54725
11.91,descend 2.5m,-0.0078238,0.0320727,-0.00332572,0.00610775,0,0,0.00561104,0.0137027,0.00212643,2.36987,2.50987,2.514,0.00430746,2.5,0,0.258229,0.257767,0.258014,0.257366,0.258229,0.257366,0.257767,0.258014,1,0,0.00693978,0,-0.000493853,-0.00116678,0.000487845,0.0099919,-0.0183392,0.00336906,-0.00139162,-0.000102075,0.0133175,-0.0119874,-0.00369288,-0.000543295,-0.0187767,9.5593,9.55932,0,1.51344
11.92,descend 2.5m,-0.00776865,0.0319352,-0.00340996,0.00606947,0,0,0.00554542,0.0137982,0.00234949,2.36927,2.50927,2.51403,0.00144657,2.5,0,0.259027,0.257118,0.259134,0.257099,0.259027,0.257099,0.257118,0.259134,1,0,0.00693978,0,-0.000334919,0.000165696,0.00173317,0.0102445,-0.0182342,0.00337799,-0.00139798,-9.70735e-05,0.0131831,-0.0185926,0.00495266,-0.158816,-0.00272652,9.42764,9.42898,0,1.50665
11.93,descend 2.5m,-0.00771348,0.0317963,-0.00320093,0.00640759,0,0,0.00559953,0.0139693,0.00126434,2.36864,2.50864,2.50423,-0.0079899,2.5,0,0.260773,0.261086,0.260902,0.260493,0.260773,0.260493,0.261086,0.260902,1,0,0.00714294,0,-0.00191549,-0.000881019,4.20517e-05,0.00961316,-0.019256,0.00336933,-0.00142868,-0.000112175,0.0103906,-0.0235776,-0.00201267,-0.0480125,-0.0531859,9.55049,9.55076,0,1.48079
11.94,descend 2.5m,-0.00765785,0.0316557,-0.00285214,0.00607234,0,0,0.00559291,0.0141241,0.00176885,2.36799,2.50799,2.50414,-0.00993729,2.5,0,0.261512,0.260549,0.261584,0.260412,0.261512,0.260412,0.260549,0.261584,1,0,0.00662337,0,-0.000556317,-0.000122144,0.000938186,0.00856865,-0.0182357,0.00335138,-0.00141625,-0.000125035,0.0115877,-0.0138945,6.28321e-05,-0.0584583,-0.0323007,9.61023,9.61046,0,1.49426
11.95,descend 2.5m,-0.00760296,0.0315136,-0.00293877,0.00590741,0,0,0.00545022,0.0142575,0.00187325,2.36732,2.50732,2.49459,-0.0180175,2.5,0,0.263817,0.263402,0.263921,0.263104,0.263817,0.263104,0.263402,0.263921,1,0,0.00658728,0,-0.00106705,-0.000367809,0.000541531,0.00884579,-0.0177506,0.0033611,-0.00141664,-0.000118579,0.0230981,-0.0202955,-0.00206936,-0.128556,0.0034525,9.65282,9.65368,0,1.49429
11.96,descend 2.5m,-0.00755017,0.0313706,-0.00251449,0.00602113,0,0,0.00516783,0.0143142,0.0021019,2.36664,2.50664,2.49441,-0.0187751,2.5,0,0.264138,0.263311,0.264394,0.26285,0.264138,0.26285,0.263311,0.264394,1,0,0.00644087,0,-0.00190203,-0.000388203,0.00104232,0.00755004,-0.018075,0.00333909,-0.0014349,-0.00013392,0.00780584,-0.0091997,-0.00212634,-0.162761,0.0477505,9.70367,9.70515,0,1.48301
11.97,descend 2.5m,-0.00750057,0.0312271,-0.00252525,0.00580087,0,0,0.00492106,0.0143542,0.0025273,2.36595,2.50595,2.4922,-0.020198,2.5,0,0.26388,0.264464,0.264214,0.264362,0.26388,0.264362,0.264464,0.264214,1,0,0.00629107,0,-0.00115653,0.000440894,-0.000321854,0.00759698,-0.017439,0.00334348,-0.00143145,-0.000130811,0.0175996,-0.0257122,-0.00544598,-0.121189,-0.057209,9.82627,9.82719,0,1.48676
11.98,descend 2.5m,-0.00745304,0.0310833,-0.00225263,0.00573285,0,0,0.00468759,0.0143638,0.00201142,2.36527,2.50527,2.492,-0.0198424,2.5,0,0.263641,0.26468,0.263799,0.264851,0.263641,0.264851,0.26468,0.263799,1,0,0.00617633,0,3.67772e-05,0.000624195,-0.000919413,0.00676733,-0.0172381,0.00333086,-0.00143789,-0.000139555,0.00969407,-0.0278471,-0.00356939,-0.204172,-0.0664241,9.89186,9.89419,0,1.48456
11.99,descend 2.5m,-0.00740809,0.03094,-0.0022153,0.00545858,0,0,0.00439968,0.0142658,0.00198537,2.36458,2.50458,2.50292,-0.0111508,2.5,0,0.260874,0.262028,0.260735,0.261912,0.260874,0.261912,0.262028,0.260735,1,0,0.00581854,0,6.07839e-05,-0.000482971,-0.0010247,0.00664559,-0.0163952,0.00333411,-0.00142956,-0.000137388,0.00326077,-0.0143534,-0.0146657,-0.0468085,-0.0629535,9.85025,9.85056,0,1.49186
12,descend 2.5m,-0.00736588,0.0307972,-0.00255497,0.00558876,0,0,0.00418536,0.0142623,0.00242397,2.36391,2.50391,2.50282,-0.010346,2.5,0,0.260279,0.262402,0.259828,0.262823,0.260279,0.262823,0.262402,0.259828,1,0,0.00605941,0,0.00231129,-5.8381e-05,-0.00224949,0.00767857,-0.0168004,0.0033584,-0.00144818,-0.000124536,0.0125604,-0.0242166,-0.00519245,0.0286129,0.0168933,9.84259,9.84265,0,1.47287
12.01,descend 2.5m,-0.0073253,0.0306542,-0.00233181,0.00544694,0,0,0.00409298,0.0142907,0.00167521,2.36324,2.50324,2.50214,-0.00988277,2.5,0,0.261549,0.260798,0.262286,0.261044,0.261549,0.261044,0.260798,0.262286,1,0,0.0059802,0,-0.00130406,0.00186433,0.000876293,0.00700302,-0.0163753,0.00334689,-0.00145071,-0.000131723,0.00843614,-0.024479,0.00266995,-0.0194048,-0.0645466,9.88426,9.88449,0,1.47444
12.02,descend 2.5m,-0.00728505,0.0305117,-0.00238853,0.00538557,0,0,0.00401524,0.0141605,0.00135873,2.36257,2.50257,2.50204,-0.0090566,2.5,0,0.261216,0.261211,0.261413,0.261603,0.261216,0.261603,0.261211,0.261413,1,0,0.00585938,0,0.000516587,0.00111642,-8.16849e-05,0.0071826,-0.0161635,0.00335405,-0.00145775,-0.000128975,0.0147708,-0.00596365,-0.00242577,0.0439608,0.0723557,9.89708,9.89744,0,1.46893
12.03,descend 2.5m,-0.00724597,0.0303711,-0.00215676,0.00542059,0,0,0.00386679,0.0139035,0.00101522,2.36191,2.50191,2.52747,0.0101236,2.5,0,0.254114,0.255354,0.254565,0.255173,0.254114,0.255173,0.255354,0.254565,1,0,0.00585938,0,-0.00167719,0.000512168,-0.000812107,0.00646278,-0.0162985,0.00334129,-0.00147094,-0.000135227,-0.00175319,-0.0260305,0.0270914,-0.0764483,-0.115373,9.83296,9.83393,0,1.46078
12.04,descend 2.5m,-0.00720849,0.0302336,-0.0026984,0.0053619,0,0,0.00367999,0.0135519,0.000901775,2.36126,2.50126,2.52757,0.01013,2.5,0,0.25469,0.25503,0.25421,0.255163,0.25469,0.255163,0.25503,0.25421,1,0,0.00601994,0,0.00162629,-0.000657732,-0.00056873,0.00810583,-0.0161073,0.00337816,-0.00147774,-0.000113319,0.0104743,-0.0159211,0.00842334,-0.0857902,-0.118206,9.85734,9.85842,0,1.45109
12.05,descend 2.5m,-0.00717229,0.0300992,-0.00277761,0.00530234,0,0,0.00359647,0.013323,0.000677878,2.36059,2.50059,2.522,0.00548479,2.5,0,0.25665,0.255819,0.256395,0.256079,0.25665,0.256079,0.255819,0.256395,1,0,0.00581854,0,0.00136345,8.39934e-06,0.0005043,0.00833744,-0.0159383,0.00338722,-0.00148315,-0.000108905,0.00652384,-0.0223029,-0.000337334,-0.0834729,-0.0741863,9.75015,9.75079,0,1.44587
12.06,descend 2.5m,-0.00713711,0.0299664,-0.0027779,0.00544916,0,0,0.0035098,0.0132031,0.00175468,2.35992,2.49992,2.52205,0.00429176,2.5,0,0.256026,0.256304,0.256691,0.256273,0.256026,0.256273,0.256304,0.256691,1,0,0.00605941,0,-0.00184623,0.0012001,6.12567e-05,0.00835344,-0.016364,0.00339013,-0.00150278,-0.000111667,0.0166298,-0.0124927,-0.00192176,-0.193557,-0.0338048,9.60826,9.61027,0,1.42971
12.07,descend 2.5m,-0.00710273,0.0298353,-0.00276122,0.00532314,0,0,0.00344402,0.012981,0.00144815,2.35923,2.49923,2.51249,-0.00366368,2.5,0,0.258754,0.258924,0.25831,0.259443,0.258754,0.259443,0.258924,0.25831,1,0,0.00589993,0,0.00255411,0.000141879,-0.000572175,0.00828846,-0.0159822,0.00339118,-0.00150472,-0.000111383,0.00670058,-0.0100042,-0.00853568,-0.126528,-0.0323802,9.75212,9.75299,0,1.42925
12.08,descend 2.5m,-0.00706874,0.029706,-0.00282843,0.00546661,0,0,0.00348483,0.0128569,0.00283254,2.35854,2.49854,2.51245,-0.00454719,2.5,0,0.25917,0.258861,0.25908,0.258672,0.25917,0.258672,0.258861,0.25908,1,0,0.00605941,0,-0.000262625,-0.000528403,0.000315019,0.00849331,-0.0164396,0.00339822,-0.00152378,-0.000110657,0.0087152,-0.0281096,0.016315,0.052505,0.0576732,9.76589,9.7662,0,1.41295
12.09,descend 2.5m,-0.00703436,0.0295778,-0.00260663,0.00574264,0,0,0.00351584,0.0127411,0.00204766,2.35783,2.49783,2.50641,-0.00979908,2.5,0,0.261064,0.26041,0.260571,0.260202,0.261064,0.260202,0.26041,0.260571,1,0,0.00621481,0,0.000755298,-0.00133015,0.000450033,0.00781502,-0.0172452,0.00338934,-0.00154946,-0.000122078,0.000213938,-0.0130822,-0.00268699,-0.0851037,-0.114169,9.69955,9.7006,0,1.39158
12.1,descend 2.5m,-0.0069996,0.0294505,-0.00298175,0.00560337,0,0,0.0035919,0.0127219,0.0022854,2.35711,2.49711,2.50631,-0.0105958,2.5,0,0.259875,0.261568,0.260172,0.261006,0.259875,0.261006,0.261568,0.260172,1,0,0.00640375,0,-0.00227796,-0.000503463,-0.00111077,0.00893717,-0.0168223,0.00341541,-0.00154978,-0.000104833,-0.00185849,-0.00968424,-0.00648426,-0.0686011,-0.119063,9.70123,9.7022,0,1.38889
12.11,descend 2.5m,-0.00696386,0.0293231,-0.00311906,0.00549277,0,0,0.0037246,0.0127046,0.00268453,2.35638,2.49638,2.52903,0.00525234,2.5,0,0.255507,0.25437,0.255211,0.254578,0.255507,0.254578,0.25437,0.255211,1,0,0.00621481,0,0.00133674,-0.000165781,0.00077769,0.00937572,-0.0164996,0.00342749,-0.00155442,-9.87275e-05,0.0159105,-0.0157052,-0.00770637,0.010179,0.0907371,9.7118,9.71223,0,1.38662
12.12,descend 2.5m,-0.00692611,0.0291963,-0.00315869,0.00506637,0,0,0.0039781,0.0126172,0.00122921,2.35564,2.49564,2.52907,0.00435178,2.5,0,0.254162,0.255631,0.254716,0.255426,0.254162,0.255426,0.255631,0.254716,1,0,0.0059402,0,-0.00201297,0.000661556,-0.000957367,0.0094744,-0.0152362,0.00343141,-0.00153783,-9.179e-05,0.00236928,-0.0262929,0.00237543,-0.0823953,0.0772681,9.76765,9.7683,0,1.40305
12.13,descend 2.5m,-0.00688543,0.0290708,-0.00329428,0.00508184,0,0,0.0041952,0.0124442,0.0014735,2.35489,2.49489,2.54413,0.0139344,2.5,0,0.252154,0.250491,0.251766,0.250583,0.252154,0.250583,0.250491,0.251766,1,0,0.0059802,0,0.00127402,-0.000559406,0.00125097,0.00987361,-0.0152634,0.0034438,-0.00154866,-8.84274e-05,-0.00266002,-0.013516,0.00447333,-0.0931636,-0.104349,9.60553,9.60655,0,1.39379
12.14,descend 2.5m,-0.00684298,0.0289471,-0.00344559,0.00539073,0,0,0.00440509,0.0122641,0.0014832,2.35411,2.49411,2.54426,0.0117581,2.5,0,0.252331,0.250416,0.252002,0.250885,0.252331,0.250885,0.250416,0.252002,1,0,0.00640375,0,0.00211445,0.00026568,0.00133295,0.0103378,-0.0161907,0.00345623,-0.00157732,-9.16877e-05,0.00421069,-0.0139066,-0.00127764,-0.175132,-0.13017,9.53352,9.53601,0,1.36789
12.15,descend 2.5m,-0.00679792,0.028825,-0.00356386,0.00528234,0,0,0.00469822,0.0121565,0.00222903,2.35331,2.49331,2.54827,0.0116444,2.5,0,0.251007,0.250259,0.250815,0.250506,0.251007,0.250506,0.250259,0.250815,1,0,0.00621481,0,0.00116481,0.000105517,0.000464504,0.0106783,-0.0158636,0.00346604,-0.00158089,-8.67817e-05,-0.00530143,-0.0126353,-0.00542853,-0.177579,-0.0958957,9.41329,9.41545,0,1.36605
12.16,descend 2.5m,-0.00675025,0.0287035,-0.00346422,0.00551512,0,0,0.0049649,0.0120948,0.00175832,2.35247,2.49247,2.54837,0.00829995,2.5,0,0.250746,0.251236,0.249675,0.252035,0.250746,0.252035,0.251236,0.249675,1,0,0.00640375,0,0.00495962,-0.000515349,-0.00125265,0.0103979,-0.0165787,0.00346368,-0.00160483,-9.72963e-05,0.00706721,-0.0237658,-0.00816738,-0.196762,-0.102687,9.41263,9.41525,0,1.34617
12.17,descend 2.5m,-0.00669948,0.0285823,-0.00333559,0.00541485,0,0,0.00531924,0.01213,0.00175169,2.3516,2.4916,2.54854,0.00454211,2.5,0,0.250518,0.252039,0.250494,0.251855,0.250518,0.251855,0.252039,0.250494,1,0,0.00625305,0,-0.000424431,-0.000394393,-0.00126645,0.0100024,-0.0162617,0.00345899,-0.00160684,-0.000100564,0.000586611,-0.0130372,0.000681439,-0.0433583,0.0902561,9.42695,9.42748,0,1.34542
12.18,descend 2.5m,-0.00664557,0.0284608,-0.00318041,0.00526273,0,0,0.00558418,0.0121319,0.00207236,2.35068,2.49068,2.54856,0.00050137,2.5,0,0.251992,0.251319,0.251783,0.251234,0.251992,0.251234,0.251319,0.251783,1,0,0.0061376,0,0.000330619,-0.00055616,0.000537071,0.00953774,-0.0158199,0.00345433,-0.00160655,-0.000103568,0.00117928,-0.0227686,0.00408581,-0.0998488,-0.0658003,9.40053,9.40129,0,1.34777
12.19,descend 2.5m,-0.00658931,0.0283393,-0.003019,0.00537509,0,0,0.00577731,0.0121179,0.00252077,2.34972,2.48972,2.53769,-0.011811,2.5,0,0.255084,0.254532,0.25529,0.254111,0.255084,0.254111,0.254532,0.25529,1,0,0.00609863,0,-0.00166175,-0.000406384,0.000760801,0.00906838,-0.0161504,0.00344891,-0.00162318,-0.000109516,0.0111687,-0.0183299,-0.0102292,0.0127646,0.033995,9.38332,9.38339,0,1.33512
12.2,descend 2.5m,-0.00653195,0.0282184,-0.00316816,0.00569503,0,0,0.00575071,0.0120316,0.00216975,2.34871,2.48871,2.53755,-0.0159186,2.5,0,0.255865,0.254914,0.255565,0.254275,0.255865,0.254275,0.254914,0.255565,1,0,0.00640375,0,-0.000900121,-0.0017783,0.000984971,0.0095254,-0.0171158,0.0034659,-0.00165172,-0.000105342,0.0174301,-0.0221466,0.00972105,-0.12057,-0.0960947,9.38831,9.38958,0,1.30858
12.21,descend 2.5m,-0.00647604,0.0280978,-0.00296867,0.00556653,0,0,0.00553987,0.0120787,0.00237952,2.34767,2.48767,2.5126,-0.0375582,2.5,0,0.26067,0.263293,0.260544,0.262881,0.26067,0.262881,0.263293,0.260544,1,0,0.00629107,0,-0.000758372,-0.00101932,-0.00218003,0.0089076,-0.0167305,0.00345796,-0.00165179,-0.000110551,0.0046622,-0.0222437,-0.0114326,0.0239854,-0.0181741,9.48875,9.4888,0,1.30994
12.22,descend 2.5m,-0.00642224,0.0279763,-0.00325404,0.00493846,0,0,0.00535911,0.0121608,0.00271589,2.34658,2.48658,2.51221,-0.0406723,2.5,0,0.261814,0.262195,0.262396,0.262448,0.261814,0.262448,0.262195,0.262396,1,0,0.00589993,0,-0.000872542,0.00158292,-0.000190383,0.00978435,-0.0148336,0.0034787,-0.00162275,-9.30715e-05,0.0183882,-0.0137749,-0.00656757,-0.12207,-0.0690971,9.49507,9.49611,0,1.33652
12.23,descend 2.5m,-0.00637065,0.0278546,-0.00313663,0.00518985,0,0,0.00508003,0.0121482,0.00226122,2.34548,2.48548,2.51556,-0.0401653,2.5,0,0.261766,0.261482,0.261242,0.261698,0.261766,0.261698,0.261482,0.261242,1,0,0.00601994,0,0.00196236,-0.000584566,-7.56031e-05,0.00942296,-0.0155894,0.00347573,-0.00164697,-0.00010347,0.0122687,-0.0148324,-0.00294963,-0.114294,-0.0702411,9.61656,9.6175,0,1.31564
12.24,descend 2.5m,-0.00632118,0.0277329,-0.00344464,0.00558931,0,0,0.00489099,0.0121618,0.0005669,2.34435,2.48435,2.51515,-0.0416906,2.5,0,0.261385,0.262034,0.261472,0.262195,0.261385,0.262195,0.262034,0.261472,1,0,0.00651449,0,0.000193645,0.000469523,-0.000603158,0.0103513,-0.0167925,0.00350047,-0.00168246,-9.87495e-05,0.0151214,-0.0181245,0.00806337,-0.174738,-0.0075057,9.68202,9.6836,0,1.28379
12.25,descend 2.5m,-0.00627308,0.0276113,-0.00337608,0.0056348,0,0,0.00477451,0.0121448,0.000559344,2.34321,2.48321,2.51099,-0.0453573,2.5,0,0.262602,0.26321,0.262503,0.263258,0.262602,0.263258,0.26321,0.262503,1,0,0.00651449,0,0.000388877,-9.8567e-05,-0.000598913,0.0101309,-0.016914,0.00349962,-0.00169378,-0.000103667,0.00533124,-0.0081287,0.00373566,-0.098885,-0.0117669,9.64944,9.64995,0,1.27434
12.26,descend 2.5m,-0.00622574,0.0274896,-0.00382794,0.00598139,0,0,0.00475301,0.012204,0.000646982,2.34206,2.48206,2.51054,-0.0459275,2.5,0,0.26258,0.263357,0.262308,0.263935,0.26258,0.263935,0.263357,0.262308,1,0,0.00700816,0,0.00225447,0.00057871,-0.00105674,0.0114986,-0.0179761,0.003531,-0.00172564,-9.0942e-05,0.0134609,-0.0230286,0.00685241,-0.141221,-0.0684292,9.82124,9.82249,0,1.24504
12.27,descend 2.5m,-0.00617838,0.0273671,-0.00361928,0.00580766,0,0,0.00480364,0.0122848,0.00141744,2.34091,2.48091,2.51417,-0.042949,2.5,0,0.261806,0.2625,0.261678,0.262379,0.261806,0.262379,0.2625,0.261678,1,0,0.00683594,0,1.93515e-05,-0.000472363,-0.000613503,0.0108722,-0.0174388,0.00352172,-0.00172366,-9.69695e-05,0.0131313,-0.0122554,0.00723703,-0.0680837,0.00602548,9.86801,9.86825,0,1.24868
12.28,descend 2.5m,-0.00613008,0.0272432,-0.00349862,0.00588316,0,0,0.00495536,0.0125292,0.00168004,2.33976,2.47976,2.51374,-0.0426416,2.5,0,0.26265,0.261745,0.262865,0.261337,0.26265,0.261337,0.261745,0.262865,1,0,0.0067305,0,-0.00165132,-0.000364842,0.00106912,0.0105082,-0.0176701,0.0035186,-0.00173755,-0.00010488,0.0118807,-0.0154931,-0.00245956,-0.0213318,-0.0254189,9.96583,9.96589,0,1.23762
12.29,descend 2.5m,-0.00608017,0.0271163,-0.00371268,0.00605942,0,0,0.00509849,0.0128522,0.00143491,2.33861,2.47861,2.524,-0.0345966,2.5,0,0.258684,0.260225,0.258815,0.260179,0.258684,0.260179,0.260225,0.258815,1,0,0.00710949,0,-0.000472313,0.000161372,-0.00127671,0.0111493,-0.0181929,0.00353568,-0.00175742,-9.97065e-05,0.0111983,-0.0115062,-0.00916813,-0.0358297,-0.0113983,9.88934,9.88941,0,1.219
12.3,descend 2.5m,-0.00602954,0.0269859,-0.00338624,0.00584633,0,0,0.00510161,0.0132294,0.00253759,2.33746,2.47746,2.52365,-0.0343069,2.5,0,0.259566,0.259644,0.259172,0.25966,0.259566,0.25966,0.259644,0.259172,1,0,0.0067305,0,0.00108657,-0.000716447,-0.000249037,0.0101506,-0.0175465,0.00352,-0.00175257,-0.000109558,-0.0017812,-0.00674844,-7.21653e-05,-0.0878128,-0.0307644,9.89621,9.89664,0,1.22501
12.31,descend 2.5m,-0.00597973,0.0268514,-0.00360428,0.00622739,0,0,0.00500386,0.0136342,0.00328174,2.33631,2.47631,2.52831,-0.0304919,2.5,0,0.257936,0.258633,0.258024,0.258519,0.257936,0.258519,0.258633,0.258024,1,0,0.00707587,0,-0.000536202,-4.9205e-05,-0.000524106,0.0108354,-0.018713,0.00353932,-0.0017874,-0.000105873,0.0186843,-0.0223572,0.00538696,-0.0686874,0.141737,9.84537,9.84663,0,1.19423
12.32,descend 2.5m,-0.00593099,0.0267132,-0.00347511,0.00601848,0,0,0.00490333,0.0139723,0.0028272,2.33516,2.47516,2.528,-0.030576,2.5,0,0.258803,0.25764,0.258903,0.258008,0.258803,0.258008,0.25764,0.258903,1,0,0.00687073,0,0.000710168,0.000885938,0.00090426,0.0104234,-0.0180597,0.00353401,-0.00178366,-0.00010907,0.00240689,-0.00457193,-0.00662972,-0.0183689,0.0767639,9.85306,9.85338,0,1.1986
12.33,descend 2.5m,-0.00588347,0.0265726,-0.00351971,0.00615512,0,0,0.0047688,0.0141151,0.00328296,2.334,2.474,2.50314,-0.0482354,2.5,0,0.265947,0.263736,0.26507,0.263813,0.265947,0.263813,0.263736,0.26507,1,0,0.00693978,0,0.00253118,-0.00151363,0.00152402,0.010562,-0.0184795,0.00354065,-0.00180164,-0.000109589,0.00558772,-0.0111872,-0.00212286,-0.0555911,-0.10051,9.80178,9.80245,0,1.18229
12.34,descend 2.5m,-0.00583682,0.0264303,-0.00344859,0.00598861,0,0,0.00473126,0.0143549,0.0027941,2.33285,2.47285,2.50266,-0.0476628,2.5,0,0.265246,0.263749,0.264852,0.264896,0.265246,0.264896,0.263749,0.264852,1,0,0.00680097,0,0.00408753,0.00142855,0.000638955,0.0103434,-0.0179987,0.00353932,-0.00180176,-0.000111076,0.00213478,-0.0236854,-0.00967204,-0.0339135,-0.0880341,9.83518,9.83564,0,1.18374
12.35,descend 2.5m,-0.00578986,0.0262849,-0.00342387,0.0060162,0,0,0.00479981,0.0146908,0.00278677,2.3317,2.4717,2.50716,-0.0432073,2.5,0,0.263739,0.263137,0.2635,0.263368,0.263739,0.263368,0.263137,0.2635,1,0,0.00676583,0,0.001247,-1.51907e-05,0.000322395,0.0102785,-0.0180532,0.00354174,-0.00181425,-0.000112829,0.00821381,-0.00487358,0.00212836,-0.0459543,-0.0791165,9.90784,9.90826,0,1.17372
12.36,descend 2.5m,-0.00574232,0.0261369,-0.0033624,0.00599702,0,0,0.00486066,0.0148592,0.00207562,2.33056,2.47056,2.50673,-0.0418726,2.5,0,0.263662,0.263303,0.263273,0.263337,0.263662,0.263337,0.263303,0.263273,1,0,0.00680097,0,0.0011203,-0.000670916,0.000129526,0.0101054,-0.0180159,0.00354218,-0.00182352,-0.000117117,0.0157979,-0.0183367,-0.00855095,0.0205984,0.0247154,9.87066,9.87072,0,1.16639
12.37,descend 2.5m,-0.00569388,0.0259871,-0.0031459,0.00571505,0,0,0.00497557,0.0150744,0.0024327,2.32944,2.46944,2.49157,-0.0511359,2.5,0,0.266017,0.268081,0.266076,0.26827,0.266017,0.26827,0.268081,0.266076,1,0,0.00644087,0,0.000345489,0.000471592,-0.00187188,0.00944964,-0.017163,0.00353145,-0.00181641,-0.000124101,0.0115998,-0.0136856,-0.00460573,-0.155204,-0.0733695,10.0121,10.0135,0,1.17473
12.38,descend 2.5m,-0.00564404,0.0258355,-0.00308052,0.0056278,0,0,0.00516895,0.0151908,0.00388294,2.32833,2.46833,2.49107,-0.0491204,2.5,0,0.267859,0.266116,0.268029,0.266094,0.267859,0.266094,0.266116,0.268029,1,0,0.00629107,0,-0.000510132,0.000280926,0.00161631,0.00925332,-0.016914,0.00353281,-0.00182116,-0.000124371,0.0114665,-0.0222403,-0.00227799,-0.0642761,-0.0825801,9.96484,9.96538,0,1.17108
12.39,descend 2.5m,-0.0055917,0.0256832,-0.00292502,0.0057321,0,0,0.00544875,0.0152135,0.0022937,2.32724,2.46724,2.48793,-0.0484881,2.5,0,0.267002,0.268107,0.267344,0.267836,0.267002,0.267836,0.268107,0.267344,1,0,0.00632885,0,-0.0016272,0.000133634,-0.000702083,0.00879246,-0.0172228,0.00352968,-0.00183813,-0.000129865,0.0152237,-0.0195142,-0.00384339,-0.0689907,-0.0640763,10.1087,10.1092,0,1.15695
12.4,descend 2.5m,-0.00553735,0.025531,-0.00319025,0.00552366,0,0,0.0055539,0.015159,0.00316699,2.32618,2.46618,2.48746,-0.0454275,2.5,0,0.268034,0.266896,0.26776,0.266873,0.268034,0.266873,0.266896,0.26776,1,0,0.00621481,0,0.000667719,-0.000562193,0.00089055,0.00959375,-0.0166003,0.00354947,-0.00183609,-0.000118833,0.0189826,-0.0213785,-0.00500864,-0.152594,-0.00214448,10.2193,10.2205,0,1.15845
12.41,descend 2.5m,-0.00548197,0.0253802,-0.00305279,0.00492944,0,0,0.00565951,0.0149295,0.00175005,2.32515,2.46515,2.48457,-0.0437002,2.5,0,0.2693,0.266294,0.269728,0.265802,0.2693,0.265802,0.266294,0.269728,1,0,0.00573601,0,-0.00244313,-0.00012175,0.00304686,0.00916237,-0.0148166,0.00354398,-0.00180986,-0.000116553,0.00630338,-0.0206648,-0.00516272,-0.029367,-0.0623019,10.2186,10.2188,0,1.18408
12.42,descend 2.5m,-0.00542534,0.0252322,-0.00334294,0.00539314,0,0,0.00568682,0.0145913,0.000364809,2.32415,2.46415,2.48415,-0.0400889,2.5,0,0.267342,0.267771,0.267445,0.267575,0.267342,0.267575,0.267771,0.267445,1,0,0.00621481,0,-0.000792584,-0.000178265,-0.000245464,0.0100364,-0.0161978,0.00356703,-0.00184947,-0.000114839,0.00865222,-0.014138,0.00562585,-0.153354,0.0396389,10.1905,10.1917,0,1.14756
12.43,descend 2.5m,-0.00536875,0.0250881,-0.00347683,0.00542399,0,0,0.00564553,0.0142436,4.52189e-05,2.32319,2.46319,2.48295,-0.0364338,2.5,0,0.268475,0.266159,0.268499,0.266582,0.268475,0.266582,0.266159,0.268499,1,0,0.00640375,0,0.00105689,0.00084832,0.00186039,0.0104382,-0.0163034,0.00357919,-0.00186257,-0.000111135,0.00879206,-0.0228281,0.00432041,-0.164181,-0.0743235,10.2048,10.2064,0,1.13677
12.44,descend 2.5m,-0.00531246,0.0249474,-0.00341327,0.00559127,0,0,0.00561711,0.0138701,0.000820686,2.32227,2.46227,2.4826,-0.0321934,2.5,0,0.266487,0.267411,0.266615,0.267939,0.266487,0.267939,0.267411,0.266615,1,0,0.00644087,0,0.00106308,0.00124167,-0.000988007,0.0102699,-0.0168,0.00358239,-0.00188258,-0.000116913,0.0237527,-0.0193294,-0.00147698,0.00563422,-0.0539887,10.3111,10.3112,0,1.11914
12.45,descend 2.5m,-0.00525678,0.0248104,-0.0030939,0.00571008,0,0,0.00556439,0.0135118,0.00141835,2.32139,2.46139,2.44688,-0.0534171,2.5,0,0.275208,0.27689,0.275336,0.275766,0.275208,0.275766,0.27689,0.275336,1,0,0.00632885,0,-0.00332015,-0.00188702,-0.00092782,0.00929017,-0.0171367,0.00356938,-0.00189841,-0.000130245,0.0093277,-0.00619825,-0.00617492,-0.0928745,0.0533906,10.2819,10.2825,0,1.10552
12.46,descend 2.5m,-0.00520223,0.0246759,-0.00309392,0.00533746,0,0,0.00541867,0.0133852,0.00166876,2.32057,2.46057,2.44637,-0.0479365,2.5,0,0.274197,0.276596,0.274386,0.276479,0.274197,0.276479,0.276596,0.274386,1,0,0.00617633,0,-0.000812867,0.00013793,-0.00197445,0.00927902,-0.0160389,0.00357233,-0.00188377,-0.000126881,0.00175587,-0.0196018,0.0112635,-0.0118036,-0.105471,10.426,10.4266,0,1.11882
12.47,descend 2.5m,-0.00514892,0.0245422,-0.00267069,0.00516429,0,0,0.00530459,0.0133601,0.00140219,2.3198,2.4598,2.41837,-0.0609859,2.5,0,0.281707,0.282375,0.281597,0.281966,0.281707,0.281966,0.282375,0.281597,1,0,0.00565227,0,-0.000794323,-0.000984076,-0.000455177,0.00802332,-0.0155183,0.00355177,-0.00188157,-0.000139354,0.0111049,-0.0188326,9.60041e-05,-0.0282189,0.00742115,10.5719,10.572,0,1.12277
12.48,descend 2.5m,-0.00509705,0.0244081,-0.00272009,0.00497605,0,0,0.00515955,0.0134413,0.00162722,2.3191,2.4591,2.4178,-0.0527881,2.5,0,0.280554,0.281871,0.280858,0.281891,0.280554,0.281891,0.281871,0.280858,1,0,0.00565227,0,-0.000753006,0.000613324,-0.00103308,0.00818273,-0.0149394,0.00356062,-0.00187736,-0.000134291,0.0185693,-0.00941041,0.00480489,-0.10211,0.0279836,10.7005,10.701,0,1.12528
12.49,descend 2.5m,-0.00504671,0.0242733,-0.00253842,0.00486282,0,0,0.00497179,0.013514,0.00205434,2.31849,2.45849,2.425,-0.0377612,2.5,0,0.278611,0.278925,0.278454,0.278304,0.278611,0.278304,0.278925,0.278454,1,0,0.00543727,0,-0.00123275,-0.00147477,-7.16595e-05,0.00762284,-0.0145948,0.00355423,-0.00187758,-0.000136855,0.00862192,-0.0061231,0.00470979,-0.145043,-0.0111447,10.6887,10.6897,0,1.12467
12.5,descend 2.5m,-0.0049987,0.0241374,-0.00211045,0.00489079,0,0,0.00474063,0.0136593,0.00242971,2.31797,2.45797,2.42467,-0.0282588,2.5,0,0.278926,0.276485,0.279664,0.27606,0.278926,0.27606,0.276485,0.279664,1,0,0.00521342,0,-0.00308749,0.000591669,0.00265686,0.00634159,-0.0146884,0.00353258,-0.00188829,-0.000146195,0.010417,-0.0125448,-0.00573938,-0.107215,-0.0774097,10.8326,10.8334,0,1.11752
12.51,descend 2.5m,-0.00495295,0.0240004,-0.00186269,0.00459991,0,0,0.00446418,0.0137141,0.00153578,2.31754,2.45754,2.41504,-0.0249313,2.5,0,0.27913,0.279467,0.279373,0.279241,0.27913,0.279241,0.279467,0.279373,1,0,0.0049314,0,-0.00124684,3.20258e-05,-8.97289e-05,0.0056076,-0.0138088,0.00352125,-0.00187804,-0.000152192,0.0165754,-0.00792457,-0.0024222,-0.130385,-0.0240493,10.7553,10.7561,0,1.12759
12.52,descend 2.5m,-0.0049106,0.0238629,-0.00180809,0.00502188,0,0,0.00402601,0.0137441,0.001957,2.31722,2.45722,2.41484,-0.0143404,2.5,0,0.278573,0.278032,0.279198,0.277754,0.278573,0.277754,0.278032,0.279198,1,0,0.00521342,0,-0.00239823,0.000658324,0.000872627,0.00541345,-0.0150693,0.00352213,-0.00191338,-0.000146532,-0.00367883,-0.00439358,0.00475922,-0.0474381,-0.0369579,10.9282,10.9284,0,1.09582
12.53,descend 2.5m,-0.00487348,0.0237258,-0.00189955,0.00476691,0,0,0.00348903,0.0136339,0.00170965,2.31701,2.45701,2.39394,-0.018214,2.5,0,0.282107,0.283024,0.282859,0.282785,0.282107,0.282785,0.283024,0.282859,1,0,0.00502716,0,-0.00262931,0.000971796,-0.000370244,0.00571611,-0.0143311,0.00353143,-0.00190848,-0.000141387,0.0151952,-0.022177,0.00227512,-0.115778,-0.0697392,10.8797,10.8805,0,1.10159
12.54,descend 2.5m,-0.00484134,0.0235905,-0.00213884,0.00514761,0,0,0.00301109,0.0133812,0.00206293,2.31691,2.45691,2.39382,-0.00655618,2.5,0,0.281806,0.281635,0.282024,0.281207,0.281806,0.281207,0.281635,0.282024,1,0,0.00548095,0,-0.00171112,-0.000399148,0.00043464,0.00640554,-0.0154675,0.00354826,-0.00194186,-0.000128199,-0.00374134,-0.0183998,0.0017275,-0.0171554,0.01037,10.9527,10.9527,0,1.0704
12.55,descend 2.5m,-0.0048137,0.0234576,-0.00246031,0.00542728,0,0,0.00258368,0.0131695,0.00111336,2.31693,2.45693,2.38711,0.000775132,2.5,0,0.283493,0.280866,0.283678,0.281103,0.283493,0.281103,0.280866,0.283678,1,0,0.00589993,0,0.000134492,0.000798709,0.00228659,0.00739803,-0.0162841,0.00357082,-0.00196724,-0.000115691,0.0149994,-0.00349511,0.00356346,-0.0432125,0.0225878,11.1543,11.1544,0,1.04482
12.56,descend 2.5m,-0.00479001,0.0233267,-0.00291749,0.00543481,0,0,0.00215294,0.0130464,0.000546934,2.31707,2.45707,2.38718,0.0134561,2.5,0,0.279725,0.282318,0.280032,0.282398,0.279725,0.282398,0.282318,0.280032,1,0,0.00609863,0,-0.000600859,0.00073292,-0.0021795,0.00875736,-0.0163257,0.0036017,-0.00197745,-9.7236e-05,0.00693423,-0.0161202,-0.00233759,0.00981869,0.0474527,11.0507,11.0508,0,1.03464
12.57,descend 2.5m,-0.00477051,0.0231962,-0.00280594,0.00511953,0,0,0.00179382,0.0130109,0.00120298,2.31734,2.45734,2.40755,0.0407402,2.5,0,0.274877,0.274785,0.274982,0.274498,0.274877,0.274498,0.274785,0.274982,1,0,0.00565227,0,-0.00103939,-0.000344078,0.000252588,0.00841023,-0.0153873,0.00359667,-0.00196623,-9.70791e-05,-0.00140759,-0.0211419,0.00120903,-0.137702,-0.0468793,11.0913,11.0922,0,1.04556
12.58,descend 2.5m,-0.0047544,0.0230663,-0.00289143,0.0051288,0,0,0.00149592,0.0129696,0.00200645,2.31773,2.45773,2.40802,0.0528885,2.5,0,0.272969,0.274355,0.272989,0.273982,0.272969,0.273982,0.274355,0.272989,1,0,0.0059402,0,-0.00104223,-0.000668133,-0.00104569,0.00867486,-0.0154079,0.00360437,-0.00197595,-9.48198e-05,0.00402044,-0.0163573,0.005166,-0.232592,-0.159361,10.8508,10.8545,0,1.03719
12.59,descend 2.5m,-0.00474097,0.0229368,-0.00278677,0.00503718,0,0,0.00132941,0.012856,0.00230078,2.31824,2.45824,2.41235,0.0672098,2.5,0,0.270169,0.272589,0.270185,0.272865,0.270169,0.272865,0.272589,0.270185,1,0,0.00565227,0,0.000689289,0.00055343,-0.00224143,0.00835611,-0.0151535,0.00359882,-0.00198025,-9.92989e-05,0.000847188,-0.0299595,0.00245445,-0.124656,-0.14109,11.0094,11.011,0,1.03541
12.6,descend 2.5m,-0.00472851,0.0228091,-0.00241378,0.00493942,0,0,0.00128499,0.0126631,0.00220945,2.31886,2.45886,2.41308,0.0782907,2.5,0,0.270568,0.269934,0.270899,0.26977,0.270568,0.26977,0.269934,0.270899,1,0,0.00539324,0,-0.00131061,0.0003178,0.000774671,0.00724208,-0.0148512,0.00357791,-0.00198172,-0.000112077,0.00412697,-0.0239645,-0.00249351,-0.126144,-0.0722266,10.9207,10.9217,0,1.03543
12.61,descend 2.5m,-0.00471638,0.0226831,-0.00248486,0.0052385,0,0,0.00123195,0.0125007,0.00188849,2.31958,2.45958,2.39262,0.0731392,2.5,0,0.274165,0.275117,0.273967,0.27524,0.274165,0.27524,0.275117,0.273967,1,0,0.00573601,0,0.000850218,-0.000143327,-0.000977849,0.0074582,-0.0157376,0.00358319,-0.00200956,-0.000111198,0.0061122,-0.0167256,-0.0138863,-0.0343933,0.0666264,10.9179,10.9181,0,1.01074
12.62,descend 2.5m,-0.00470464,0.0225589,-0.00252647,0.00543517,0,0,0.00118335,0.0123553,0.00260086,2.3204,2.4604,2.39341,0.0833496,2.5,0,0.274047,0.273169,0.273835,0.273096,0.274047,0.273096,0.273169,0.273835,1,0,0.00581854,0,0.000371312,-0.000540717,0.000710906,0.00758686,-0.0163224,0.0035884,-0.00203011,-0.000111105,0.00868959,-0.0132681,-0.0131105,-0.113311,-0.0466128,10.7562,10.7569,0,0.992162
12.63,descend 2.5m,-0.00469371,0.0224361,-0.00247531,0.00550234,0,0,0.00111403,0.0121719,0.00222331,2.32132,2.46132,2.39042,0.0906276,2.5,0,0.274685,0.272469,0.27362,0.272984,0.274685,0.272984,0.272469,0.27362,1,0,0.00589993,0,0.0041903,-0.00104436,0.00125343,0.00742517,-0.0165268,0.00358684,-0.00204346,-0.000113738,0.00310125,-0.0152635,0.00494637,-0.0690287,-0.0960368,10.8098,10.8104,0,0.981543
12.64,descend 2.5m,-0.00468243,0.0223149,-0.00244803,0.00547206,0,0,0.00124644,0.0120457,0.00134718,2.32234,2.46234,2.39138,0.100178,2.5,0,0.272634,0.272048,0.272437,0.272434,0.272634,0.272434,0.272048,0.272437,1,0,0.00581854,0,0.0015462,0.000356986,0.00025881,0.00734243,-0.0164472,0.00358698,-0.00204957,-0.000114293,0.00248574,-0.0227462,0.00804353,-0.114049,-0.0431149,10.8046,10.8053,0,0.976447
12.65,descend 2.5m,-0.00466949,0.0221949,-0.00247853,0.0055383,0,0,0.00141543,0.0119148,0.00126018,2.32345,2.46345,2.37159,0.0947795,2.5,0,0.277266,0.27592,0.277144,0.276136,0.277266,0.276136,0.27592,0.277144,1,0,0.0059802,0,0.00089913,0.000176464,0.00103439,0.00744945,-0.0166241,0.00359126,-0.00206021,-0.000112269,0.0128347,-0.00818786,0.00894519,-0.120085,0.0518235,10.743,10.7438,0,0.965588
12.66,descend 2.5m,-0.00465455,0.0220762,-0.00250873,0.00566419,0,0,0.00161568,0.0118268,0.00067072,2.32465,2.46465,2.37258,0.104528,2.5,0,0.275428,0.275604,0.275108,0.276056,0.275428,0.276056,0.275604,0.275108,1,0,0.0061376,0,0.00204642,0.000250576,-0.000493745,0.00753522,-0.0170159,0.00359431,-0.00207726,-0.000109962,0.00961873,-0.0176751,0.0106209,-0.0462518,-0.0334846,10.8294,10.8295,0,0.951387
12.67,descend 2.5m,-0.00463747,0.0219584,-0.0022602,0.00571883,0,0,0.00183187,0.0117575,0.000765454,2.32595,2.46595,2.36079,0.105142,2.5,0,0.276494,0.278933,0.27699,0.278471,0.276494,0.278471,0.278933,0.27699,1,0,0.0061376,0,-0.0025414,6.71064e-05,-0.00172296,0.00678886,-0.0171952,0.00358332,-0.00208877,-0.000118802,0.00916649,-0.0278844,-0.00276153,-0.000380075,-0.0814011,10.7483,10.7486,0,0.942882
12.68,descend 2.5m,-0.00461895,0.0218407,-0.00216137,0.00559837,0,0,0.00190349,0.0117848,0.000584056,2.32735,2.46735,2.36189,0.115285,2.5,0,0.277651,0.275731,0.277782,0.275216,0.277651,0.275216,0.275731,0.277782,1,0,0.0059802,0,-0.0017128,-0.000726083,0.0019713,0.00648747,-0.0168259,0.00357964,-0.00208687,-0.000120032,0.00586282,-0.0226377,0.00274898,-0.0472091,-0.0328828,10.7446,10.7448,0,0.943534
12.69,descend 2.5m,-0.00459999,0.0217221,-0.00197627,0.00577352,0,0,0.00191812,0.0119622,0.00119121,2.32885,2.46885,2.36709,0.128419,2.5,0,0.27382,0.274933,0.27399,0.27495,0.27382,0.27495,0.274933,0.27399,1,0,0.0059802,0,-0.000406227,0.000355795,-0.000911447,0.00590971,-0.0173319,0.00357009,-0.00210432,-0.00012596,-0.00907666,-0.00963367,-0.00749134,-0.0279746,-0.00429244,10.8229,10.823,0,0.92794
12.7,descend 2.5m,-0.00458113,0.0216016,-0.00190742,0.00591947,0,0,0.0019215,0.0121513,0.00192057,2.33045,2.47045,2.36842,0.138538,2.5,0,0.272651,0.274307,0.272276,0.273755,0.272651,0.273755,0.274307,0.272276,1,0,0.00609863,0,-0.00046845,-0.00175827,-0.00137773,0.00571342,-0.0177809,0.00356952,-0.00212014,-0.000125189,-0.00226794,-0.0171477,-0.00256641,-0.0399408,-0.044099,10.7706,10.7707,0,0.913152
12.71,descend 2.5m,-0.0045627,0.0214784,-0.00218926,0.00585571,0,0,0.00182527,0.0124764,0.00183172,2.33215,2.47215,2.39161,0.163862,2.5,0,0.267376,0.265993,0.267182,0.265666,0.267376,0.265666,0.265993,0.267182,1,0,0.00625305,0,-0.000353276,-0.000987042,0.0012749,0.00657325,-0.0175749,0.00358914,-0.00212637,-0.000109123,0.0072661,-0.00730121,0.00353674,-0.021206,0.0039409,10.7424,10.7425,0,0.907679
12.72,descend 2.5m,-0.00454546,0.0213522,-0.00223752,0.00606203,0,0,0.0016829,0.0127604,0.00200132,2.33393,2.47393,2.39329,0.172452,2.5,0,0.265097,0.265919,0.264644,0.26609,0.265097,0.26609,0.265919,0.264644,1,0,0.00640375,0,0.00165547,-0.000533264,-0.00099664,0.00671956,-0.0182184,0.00359587,-0.00214788,-0.00010431,0.00830254,-0.0237052,0.003651,0.00365007,-0.0647868,10.5864,10.5866,0,0.888322
12.73,descend 2.5m,-0.0045297,0.0212231,-0.00203815,0.00625286,0,0,0.00155474,0.0130721,0.00190001,2.3358,2.4758,2.39067,0.176947,2.5,0,0.264283,0.266949,0.264633,0.266187,0.264283,0.266187,0.266949,0.264633,1,0,0.00647779,0,-0.00294944,-0.00077937,-0.0018552,0.00609917,-0.0187706,0.00358622,-0.00216834,-0.000112319,-0.00656244,-0.0101848,0.00230718,-0.0672656,-0.0902805,10.5394,10.54,0,0.871356
12.74,descend 2.5m,-0.00451493,0.0210904,-0.00183309,0.00599272,0,0,0.00150917,0.0134651,0.00223991,2.33773,2.47773,2.39248,0.183781,2.5,0,0.265635,0.263507,0.26628,0.262728,0.265635,0.262728,0.263507,0.26628,1,0,0.00621481,0,-0.00377677,-0.000254061,0.00249638,0.00550022,-0.0180123,0.00357583,-0.00216096,-0.0001208,0.00424741,-0.0249273,0.0021706,-0.185978,0.0488473,10.4341,10.4359,0,0.880033
12.75,descend 2.5m,-0.00450029,0.0209537,-0.00195676,0.00556741,0,0,0.00148185,0.0138952,0.00128786,2.33973,2.47973,2.4054,0.19794,2.5,0,0.261709,0.259555,0.261939,0.259983,0.261709,0.259983,0.259555,0.261939,1,0,0.00585938,0,0.000525055,0.00124704,0.00180687,0.00586769,-0.0167379,0.00358518,-0.00214419,-0.000116113,0.00188806,-0.025915,0.00522117,-0.0682292,-0.00246662,10.397,10.3972,0,0.895408
12.76,descend 2.5m,-0.00448591,0.0208128,-0.00196026,0.00552449,0,0,0.00144928,0.0142616,0.00161897,2.34178,2.48178,2.4074,0.203205,2.5,0,0.260691,0.259121,0.260452,0.259424,0.260691,0.259424,0.259121,0.260452,1,0,0.00573601,0,0.00144009,0.000119817,0.00114174,0.00587862,-0.0166222,0.00358632,-0.00215298,-0.000115055,0.00218725,-0.0346413,-0.000838915,-0.184318,-0.0897588,10.291,10.293,0,0.889719
12.77,descend 2.5m,-0.00447178,0.0206693,-0.0023093,0.00534981,0,0,0.00144084,0.0144216,0.00112236,2.34387,2.48387,2.38914,0.192589,2.5,0,0.263184,0.265387,0.263248,0.265504,0.263184,0.265504,0.265387,0.263248,1,0,0.00573601,0,0.000141184,0.000344761,-0.00195999,0.00692146,-0.0160529,0.0036067,-0.00215198,-0.000103811,-0.000645327,-0.00448573,0.00304786,0.0717295,-0.0144269,10.2136,10.2138,0,0.889135
12.78,descend 2.5m,-0.00445741,0.0205246,-0.00263664,0.00528753,0,0,0.00151799,0.0144939,0.00259779,2.346,2.486,2.39108,0.196432,2.5,0,0.263934,0.263592,0.263525,0.263411,0.263934,0.263411,0.263592,0.263525,1,0,0.00577742,0,0.000604965,-0.0011179,0.000200606,0.00793334,-0.0158808,0.00362763,-0.00215673,-9.2824e-05,0.0192871,-0.0143048,0.000258926,-0.131327,-0.0141352,10.2872,10.2881,0,0.882629
12.79,descend 2.5m,-0.0044422,0.020379,-0.00281935,0.00512377,0,0,0.00160215,0.014612,0.00185428,2.34817,2.48817,2.37195,0.184865,2.5,0,0.268824,0.267624,0.268748,0.267932,0.268824,0.267932,0.267624,0.268748,1,0,0.00573601,0,0.00101742,0.000438002,0.000885968,0.00846493,-0.0154022,0.00363974,-0.00215503,-8.65124e-05,0.00824057,-0.0227684,0.00642266,-0.0445384,0.094833,10.2056,10.2061,0,0.882803
12.8,descend 2.5m,-0.0044257,0.0202325,-0.00241616,0.00472374,0,0,0.00175727,0.0146579,0.000764777,2.35037,2.49037,2.37382,0.188977,2.5,0,0.266639,0.268382,0.266854,0.268342,0.266639,0.268342,0.268382,0.266854,1,0,0.00512114,0,-0.000677038,0.000332395,-0.00142016,0.00724231,-0.0141765,0.00361805,-0.00213812,-9.32161e-05,-0.000463265,-0.0056597,-0.000704726,-0.0483801,-0.00192674,10.1115,10.1116,0,0.89907
12.81,descend 2.5m,-0.00440804,0.0200861,-0.00270089,0.00446167,0,0,0.00179108,0.0145406,0.00120502,2.35262,2.49262,2.37983,0.195849,2.5,0,0.265839,0.265572,0.265597,0.266177,0.265839,0.266177,0.265572,0.265597,1,0,0.00512114,0,0.00224643,0.000687922,-0.000137974,0.00808676,-0.0133926,0.00363665,-0.00213185,-8.5738e-05,-0.00690589,-0.00719016,-0.00323018,-0.0471981,0.0247933,10.1344,10.1346,0,0.904232
12.82,descend 2.5m,-0.00439042,0.0199418,-0.00286333,0.00438877,0,0,0.00179062,0.0142968,0.000568451,2.3549,2.4949,2.38181,0.199951,2.5,0,0.264597,0.265641,0.264883,0.265095,0.264597,0.265095,0.265641,0.264883,1,0,0.00512114,0,-0.00220823,-0.000493736,-0.000551912,0.00861047,-0.0131943,0.00364979,-0.00213554,-8.35067e-05,0.0172781,-0.0208456,0.0132233,-0.134409,-0.0408296,10.2298,10.2307,0,0.899447
12.83,descend 2.5m,-0.00437277,0.0197998,-0.00339058,0.00457144,0,0,0.00173316,0.0140668,0.000938805,2.35722,2.49722,2.39026,0.208136,2.5,0,0.261878,0.263175,0.261894,0.263872,0.261878,0.263872,0.263175,0.261894,1,0,0.00569429,0,0.00180655,0.00134956,-0.00143933,0.010173,-0.0137331,0.00368359,-0.00215622,-7.94647e-05,0.00460453,-0.014602,-0.0102641,-0.00925241,-0.00679376,10.0686,10.0686,0,0.879434
12.84,descend 2.5m,-0.00435562,0.0196605,-0.00331522,0.00459074,0,0,0.00178021,0.0137831,0.00212066,2.35957,2.49957,2.39236,0.21124,2.5,0,0.263039,0.260962,0.262963,0.261131,0.263039,0.261131,0.260962,0.262963,1,0,0.00556726,0,0.000649623,0.000175959,0.00171783,0.00994372,-0.0138073,0.00368042,-0.0021656,-8.45892e-05,0.00244016,-0.0255506,0.00113285,-0.051715,0.098029,10.0678,10.0685,0,0.870463
12.85,descend 2.5m,-0.00433746,0.0195239,-0.00381754,0.00473819,0,0,0.00197378,0.0134822,0.00182892,2.36195,2.50195,2.39363,0.213514,2.5,0,0.261579,0.261268,0.261868,0.26157,0.261579,0.26157,0.261268,0.261868,1,0,0.0059802,0,3.53031e-05,0.00111931,0.000267625,0.0114595,-0.0142402,0.00371039,-0.0021858,-8.23832e-05,0.00836624,-0.0192572,0.00182474,0.0105387,-0.030789,10.0069,10.007,0,0.853713
12.86,descend 2.5m,-0.00431637,0.0193909,-0.00410493,0.00472453,0,0,0.00235642,0.0130594,0.00206643,2.36435,2.50435,2.39578,0.215672,2.5,0,0.261039,0.260675,0.2616,0.260542,0.261039,0.260542,0.260675,0.2616,1,0,0.00617633,0,-0.00184074,0.000810314,0.000625463,0.0122978,-0.0141865,0.00372813,-0.00219448,-7.96294e-05,-0.00752853,-0.0107462,-0.00262591,0.0220644,-0.043233,9.91713,9.91725,0,0.847053
12.87,descend 2.5m,-0.00429137,0.0192624,-0.0043279,0.00461438,0,0,0.00274951,0.0126005,0.00140049,2.36678,2.50678,2.37763,0.202869,2.5,0,0.265986,0.265173,0.265776,0.265328,0.265986,0.265328,0.265173,0.265776,1,0,0.00629107,0,0.000967201,-0.000103454,0.000553929,0.0129911,-0.013866,0.00374246,-0.00219581,-7.41642e-05,0.0087537,-0.0174399,0.00223623,0.0683409,-0.0311265,10.0255,10.0258,0,0.846369
12.88,descend 2.5m,-0.00426154,0.0191388,-0.00465598,0.00481994,0,0,0.00335711,0.0120803,0.00136585,2.36923,2.50923,2.37967,0.205088,2.5,0,0.265091,0.264749,0.26462,0.26548,0.265091,0.26548,0.264749,0.26462,1,0,0.00665927,0,0.00318863,0.000491477,-0.000228034,0.0139704,-0.0144707,0.00376228,-0.00221771,-8.04064e-05,0.00544086,-0.00950146,0.0052337,-0.0641254,-0.044559,10.047,10.0473,0,0.828589
12.89,descend 2.5m,-0.00422416,0.0190202,-0.00476873,0.00512792,0,0,0.0042389,0.0116161,0.00176944,2.3717,2.5117,2.36867,0.198375,2.5,0,0.269072,0.266339,0.268676,0.266627,0.269072,0.266627,0.266339,0.268676,1,0,0.00690534,0,0.00181627,-0.000205327,0.00210185,0.0143311,-0.0154003,0.00377133,-0.00224494,-9.35328e-05,0.0204115,-0.0133072,0.007342,0.0347549,0.000547887,10.0132,10.0133,0,0.804846
12.9,descend 2.5m,-0.00417792,0.0189059,-0.00494325,0.00543712,0,0,0.00508228,0.0112332,0.0010669,2.3742,2.5142,2.37067,0.201568,2.5,0,0.267034,0.266818,0.266912,0.267311,0.267034,0.267311,0.266818,0.266912,1,0,0.00720939,0,0.00163097,0.000702531,-8.08859e-05,0.0148371,-0.0163285,0.00378593,-0.00227221,-0.000102296,0.00883651,-0.013682,-0.00495777,-0.0491063,-0.105731,10.0573,10.0579,0,0.781747
12.91,descend 2.5m,-0.00412356,0.018795,-0.00446555,0.00546781,0,0,0.00587518,0.0109457,0.00161458,2.37673,2.51673,2.37912,0.209055,2.5,0,0.266356,0.263547,0.266177,0.262912,0.266356,0.262912,0.263547,0.266177,1,0,0.00707587,0,-0.00120965,-0.00154082,0.00266959,0.013416,-0.0164383,0.00376409,-0.00228216,-0.000124567,0.0168108,-0.02546,-0.0125023,-0.155745,-0.0982296,10.1328,10.1345,0,0.771752
12.92,descend 2.5m,-0.00406171,0.0186861,-0.00423853,0.00640401,0,0,0.00654159,0.0108467,0.00115896,2.37929,2.51929,2.38122,0.211738,2.5,0,0.264283,0.264266,0.264176,0.263714,0.264283,0.263714,0.264266,0.264176,1,0,0.00772041,0,-0.00118513,-0.00124868,0.000210597,0.0127454,-0.0192551,0.00375843,-0.00234539,-0.00016258,0.0238214,-0.0310293,-0.00662424,-0.105092,-0.0684565,10.1305,10.1313,0,0.71153
12.93,descend 2.5m,-0.00399395,0.0185776,-0.00443129,0.00652555,0,0,0.00706176,0.0108926,0.0013288,2.38187,2.52187,2.38093,0.213259,2.5,0,0.265208,0.263018,0.26489,0.262975,0.265208,0.262975,0.263018,0.26489,1,0,0.00784296,0,0.000728688,-0.000683682,0.00180406,0.0132934,-0.0195982,0.00377442,-0.00236304,-0.000154584,0.00359925,-0.0166995,-0.0019244,-0.0596307,-0.0898123,10.0463,10.0469,0,0.699259
12.94,descend 2.5m,-0.00392109,0.018468,-0.00469113,0.00689131,0,0,0.00758808,0.0110195,0.00136061,2.38449,2.52449,2.38308,0.216097,2.5,0,0.263095,0.263926,0.262449,0.263984,0.263095,0.263984,0.263926,0.262449,1,0,0.00831514,0,0.00186761,-0.00111474,-0.00103966,0.0140818,-0.0206711,0.00379301,-0.00239304,-0.000150413,0.00954734,-0.000510404,0.00369528,0.0113201,-0.120241,10.1158,10.1166,0,0.673839
12.95,descend 2.5m,-0.00384257,0.0183568,-0.00437439,0.00651949,0,0,0.0081749,0.011249,0.00107678,2.38713,2.52713,2.37867,0.213878,2.5,0,0.264543,0.264336,0.264521,0.264172,0.264543,0.264172,0.264336,0.264521,1,0,0.00784296,0,-0.000374905,-0.000351655,0.000244331,0.0131567,-0.0195723,0.00378086,-0.0023779,-0.000155894,0.0262674,-0.0115989,0.00148365,-0.115493,-0.0771943,9.96982,9.97079,0,0.687198
12.96,descend 2.5m,-0.0037591,0.0182425,-0.00387058,0.0066561,0,0,0.00854996,0.0116351,0.00211468,2.3898,2.5298,2.38082,0.216352,2.5,0,0.264308,0.263504,0.264236,0.263005,0.264308,0.263005,0.263504,0.264236,1,0,0.00756443,0,-0.00113077,-0.00108269,0.000894185,0.0116242,-0.0199902,0.00376028,-0.00239292,-0.000183297,0.0121904,-0.0169593,0.000550732,-0.0752533,-0.0126143,9.96749,9.96778,0,0.671107
12.97,descend 2.5m,-0.00367321,0.0181238,-0.00328573,0.00685007,0,0,0.00866389,0.0121633,0.00104553,2.39249,2.53249,2.36235,0.204136,2.5,0,0.267734,0.268914,0.26796,0.268889,0.267734,0.268889,0.268914,0.26796,1,0,0.00750112,0,-0.000663591,0.000382037,-0.000927224,0.00987744,-0.0205747,0.003734,-0.00241008,-0.000214274,0.0173294,-0.018785,0.00440525,-0.157797,-0.0386903,10.0458,10.0472,0,0.652151
12.98,descend 2.5m,-0.00358694,0.0179992,-0.0024138,0.0070001,0,0,0.00856252,0.0127651,0.000425574,2.39521,2.53521,2.3644,0.207063,2.5,0,0.267075,0.268544,0.267918,0.267378,0.267075,0.267378,0.268544,0.267918,1,0,0.00734048,0,-0.0053304,-0.000612872,-0.000408208,0.00725159,-0.0210274,0.00369346,-0.00242608,-0.000253914,0.0106151,-0.0204933,-0.00635391,-0.197538,-0.00910052,10.0941,10.0961,0,0.637227
12.99,descend 2.5m,-0.00350349,0.0178685,-0.00193989,0.00671281,0,0,0.00807722,0.0134132,0.00023614,2.39796,2.53796,2.36828,0.211888,2.5,0,0.266406,0.267159,0.266336,0.266351,0.266406,0.266351,0.267159,0.266336,1,0,0.00700816,0,-0.00195983,-0.00166409,-0.00033743,0.00582702,-0.0201589,0.00367341,-0.0024148,-0.000275659,0.00856618,-0.0161185,0.0100634,-0.167065,-0.016111,10.1161,10.1175,0,0.647647
13,descend 2.5m,-0.00342578,0.017731,-0.00144578,0.00651596,0,0,0.00742421,0.0140986,0.000961451,2.40074,2.54074,2.37041,0.215218,2.5,0,0.265996,0.265882,0.266601,0.264961,0.265996,0.264961,0.265882,0.266601,1,0,0.00658728,0,-0.00405174,-0.000597852,0.000770774,0.00435315,-0.0195812,0.00365311,-0.00241131,-0.00029386,0.0141832,-0.0246403,0.00706845,-0.202755,-0.077099,10.1266,10.1289,0,0.653411
13.01,descend 2.5m,-0.00335562,0.0175872,-0.00155679,0.00602975,0,0,0.00660305,0.0146639,0.000911558,2.40356,2.54356,2.38369,0.226398,2.5,0,0.262178,0.262559,0.262423,0.262181,0.262178,0.262181,0.262559,0.262423,1,0,0.00625305,0,-0.0016525,-0.000252097,-6.05941e-05,0.00468444,-0.0181122,0.00366427,-0.00239142,-0.000290411,0.0130644,-0.0177331,0.00452596,-0.0267676,-0.0348803,10.1774,10.1774,0,0.671644
13.02,descend 2.5m,-0.0032936,0.0174379,-0.00130331,0.0055346,0,0,0.00578972,0.0152204,0.000780044,2.4064,2.5464,2.38597,0.229601,2.5,0,0.261248,0.261803,0.261508,0.26185,0.261248,0.26185,0.261803,0.261508,1,0,0.00573601,0,-0.000565965,0.000581743,-0.000393963,0.00390298,-0.0166216,0.00365479,-0.00236856,-0.000301903,-0.000926113,-0.0142615,-0.00469442,-0.0968131,0.0404178,10.0282,10.0288,0,0.692472
13.03,descend 2.5m,-0.00323976,0.0172837,-0.00116566,0.00557038,0,0,0.00494618,0.0155927,0.00158843,2.40928,2.54928,2.39622,0.23785,2.5,0,0.259124,0.258788,0.259396,0.258345,0.259124,0.258345,0.258788,0.259396,1,0,0.00560993,0,-0.00189777,-0.000324431,0.00060947,0.00349764,-0.016735,0.00365269,-0.00238101,-0.00029967,0.0040964,-0.0182945,0.00527737,-0.141795,-0.0964676,10.0535,10.0549,0,0.682179
13.04,descend 2.5m,-0.00319518,0.0171264,-0.00156145,0.00591237,0,0,0.00395235,0.0158886,0.00086036,2.41217,2.55217,2.39861,0.240159,2.5,0,0.257206,0.259041,0.257614,0.259104,0.257206,0.259104,0.259041,0.257614,1,0,0.00609863,0,-0.000915673,0.000893535,-0.00146131,0.0046998,-0.0177648,0.003679,-0.00241456,-0.000275979,0.0140203,-0.0208644,-0.00181675,-0.068621,-0.078507,9.96108,9.96162,0,0.650911
13.05,descend 2.5m,-0.00316058,0.0169664,-0.00127124,0.00557859,0,0,0.00297267,0.0160854,0.00188111,2.41508,2.55508,2.4144,0.250972,2.5,0,0.254265,0.254074,0.255019,0.253679,0.254265,0.253679,0.254074,0.255019,1,0,0.00569429,0,-0.00304888,0.000682286,0.000673125,0.00383185,-0.0167554,0.00366592,-0.0024032,-0.000285263,0.0157407,-0.0154955,0.00571658,-0.0767323,0.0428,9.82508,9.82547,0,0.66232
13.06,descend 2.5m,-0.003136,0.016805,-0.00150387,0.00538484,0,0,0.00194129,0.0161688,0.00162589,2.41799,2.55799,2.41691,0.251052,2.5,0,0.253567,0.253998,0.253302,0.254191,0.253567,0.254191,0.253998,0.253302,1,0,0.00543727,0,0.0012155,-0.000136349,-0.000580551,0.00450949,-0.0161677,0.00368276,-0.00240192,-0.000276625,0.00233633,-0.0111569,-0.00510898,-0.0444315,-0.0503085,9.73847,9.7387,0,0.662622
13.07,descend 2.5m,-0.00312142,0.0166433,-0.00177155,0.00557514,0,0,0.0010087,0.0161368,0.00255776,2.42089,2.56089,2.40655,0.241562,2.5,0,0.256567,0.256581,0.257035,0.256162,0.256567,0.256162,0.256581,0.257035,1,0,0.00581854,0,-0.00235356,9.11652e-05,0.000377112,0.00529171,-0.0167521,0.00369908,-0.002424,-0.000267223,-0.0115243,-0.0202301,-0.00501293,-0.152654,-0.0201538,9.87193,9.87313,0,0.641184
13.08,descend 2.5m,-0.00311598,0.016482,-0.00162119,0.00565906,0,0,0.000133055,0.0160798,0.00240933,2.42379,2.56379,2.40896,0.240546,2.5,0,0.257499,0.254798,0.257675,0.254878,0.257499,0.254878,0.254798,0.257675,1,0,0.00581854,0,-0.000253325,0.000485865,0.00241643,0.0048705,-0.0169992,0.00369297,-0.00244076,-0.00027251,0.00836019,-0.0171179,-0.00187993,-0.106445,0.0827478,9.68575,9.68668,0,0.627862
13.09,descend 2.5m,-0.0031185,0.0163223,-0.00197791,0.00529322,0,0,-0.000592747,0.0158269,0.00087927,2.42668,2.56668,2.42849,0.251483,2.5,0,0.25291,0.25023,0.252226,0.250708,0.25291,0.250708,0.25023,0.252226,1,0,0.00565227,0,0.0030817,-0.000390832,0.00184529,0.00592407,-0.0159019,0.00371386,-0.00242968,-0.00026119,-0.00266886,-0.0172542,-0.00265851,-0.0918222,-0.110592,9.62453,9.6256,0,0.638229
13.1,descend 2.5m,-0.00312718,0.0161654,-0.00254343,0.00558836,0,0,-0.00110656,0.0155349,0.00138679,2.42954,2.56954,2.431,0.249324,2.5,0,0.250499,0.251984,0.250343,0.252095,0.250499,0.252095,0.251984,0.250343,1,0,0.00601994,0,0.000710194,-8.37392e-05,-0.00142248,0.00763837,-0.0167963,0.00374739,-0.00245842,-0.000248938,0.00914691,-0.023276,0.008265,-0.188279,-0.00640711,9.52883,9.53069,0,0.611389
13.11,descend 2.5m,-0.00314027,0.0160111,-0.00275866,0.00539347,0,0,-0.00142148,0.0153114,0.00243296,2.43238,2.57238,2.4488,0.257798,2.5,0,0.247014,0.246919,0.247245,0.247154,0.247014,0.247154,0.246919,0.247245,1,0,0.0059402,0,1.09512e-05,0.000885043,8.17538e-05,0.00827445,-0.0162116,0.00376043,-0.00245545,-0.0002404,0.00283722,-0.0232326,-0.00703722,-0.0399966,-0.0414567,9.48574,9.48592,0,0.613767
13.12,descend 2.5m,-0.00315526,0.0158588,-0.00262011,0.00545808,0,0,-0.00146916,0.0151156,0.00188862,2.43518,2.57518,2.45136,0.253906,2.5,0,0.248111,0.245667,0.248149,0.245816,0.248111,0.245816,0.245667,0.248149,1,0,0.0059402,0,0.000296168,0.000354959,0.00209962,0.00786327,-0.0163935,0.00375296,-0.00246928,-0.000248221,0.00576575,-0.015344,0.000861202,-0.0947623,0.053175,9.33724,9.33787,0,0.601349
13.13,descend 2.5m,-0.00316957,0.0157088,-0.00268072,0.00561119,0,0,-0.00131353,0.0148488,0.0016479,2.43794,2.57794,2.44067,0.239824,2.5,0,0.249286,0.251036,0.249778,0.250832,0.249286,0.250832,0.251036,0.249778,1,0,0.00605941,0,-0.00184528,0.000545123,-0.00123228,0.00804546,-0.0168569,0.00375728,-0.00248852,-0.000250684,0.00601789,-0.0180499,-7.08245e-06,-0.108159,0.0773445,9.38039,9.38133,0,0.584026
13.14,descend 2.5m,-0.00318207,0.015562,-0.00272748,0.00581909,0,0,-0.00114141,0.0144857,0.00109217,2.44064,2.58064,2.44305,0.234831,2.5,0,0.249381,0.250967,0.249338,0.25123,0.249381,0.25123,0.250967,0.249338,1,0,0.00629107,0,0.000813923,0.000417119,-0.00152858,0.00819732,-0.0174818,0.0037606,-0.00250923,-0.00025571,0.0137042,-0.0188856,0.00639888,-0.116603,0.0680486,9.23634,9.23733,0,0.563757
13.15,descend 2.5m,-0.00319282,0.0154185,-0.00276229,0.00575601,0,0,-0.000933516,0.0142242,0.000728369,2.44329,2.58329,2.46553,0.243939,2.5,0,0.244661,0.245428,0.244692,0.2458,0.244661,0.2458,0.245428,0.244692,1,0,0.00632885,0,0.000905172,0.000762418,-0.000824314,0.00828979,-0.0173002,0.00376279,-0.0025142,-0.000255525,0.00574801,-0.0239645,0.00624561,-0.054162,-0.0788366,9.22757,9.22807,0,0.559182
13.16,descend 2.5m,-0.00320093,0.0152772,-0.00304865,0.00615896,0,0,-0.000647282,0.0139972,0.00102835,2.44588,2.58588,2.46794,0.237752,2.5,0,0.244252,0.24616,0.244288,0.246262,0.244252,0.246262,0.24616,0.244288,1,0,0.0067305,0,0.000170653,0.000261487,-0.00170627,0.0091372,-0.0184957,0.00377995,-0.00254754,-0.000252786,-0.00190524,-0.0150773,-0.011156,-0.133611,0.0243618,9.11739,9.1184,0,0.528379
13.17,descend 2.5m,-0.00320601,0.0151386,-0.00316202,0.00603031,0,0,-0.00027324,0.0136782,0.00128234,2.44841,2.58841,2.45975,0.223317,2.5,0,0.247542,0.2485,0.247438,0.248903,0.247542,0.248903,0.2485,0.247438,1,0,0.0067305,0,0.00134466,0.000566605,-0.00106516,0.00947802,-0.0181107,0.00378597,-0.00254936,-0.000248039,-0.0015221,-0.0157245,0.00485866,-0.06182,-0.0721906,9.0924,9.09289,0,0.528066
13.18,descend 2.5m,-0.00320641,0.0150035,-0.00278657,0.00604161,0,0,0.000276373,0.0133576,0.00223881,2.45086,2.59086,2.46195,0.216419,2.5,0,0.2483,0.248525,0.248,0.248399,0.2483,0.248399,0.248525,0.248,1,0,0.00651449,0,0.000465319,-0.000808132,-0.000274269,0.00834824,-0.0181355,0.00376607,-0.00255736,-0.000266928,-0.00379704,-0.00969576,-0.000829152,-0.0463321,-0.157631,9.09955,9.10103,0,0.519133
13.19,descend 2.5m,-0.0032014,0.0148706,-0.00268729,0.00634635,0,0,0.000805275,0.0131948,0.00202381,2.45324,2.59324,2.4638,0.209123,2.5,0,0.247684,0.249816,0.24758,0.249387,0.247684,0.249387,0.249816,0.24758,1,0,0.00687073,0,-0.000864758,-0.00101007,-0.0017314,0.00805945,-0.0190672,0.00376189,-0.0025846,-0.000273271,0.00225813,-0.0213228,-0.00461255,-0.135994,-0.00209952,9.01374,9.01477,0,0.494063
13.2,descend 2.5m,-0.0031913,0.0147389,-0.00248101,0.00619171,0,0,0.00132833,0.013141,0.00273419,2.45555,2.59555,2.46585,0.201962,2.5,0,0.248564,0.249148,0.248249,0.249562,0.248564,0.249562,0.249148,0.248249,1,0,0.00662337,0,0.00193728,0.000187926,-0.000833949,0.00742986,-0.018592,0.00375114,-0.00258294,-0.00028307,-0.00487622,-0.0137919,-0.0119638,-0.0979188,-0.0111273,9.0485,9.04903,0,0.495551
13.21,descend 2.5m,-0.00317587,0.0146077,-0.00247981,0.00626294,0,0,0.00182788,0.0131018,0.00246659,2.45778,2.59778,2.48014,0.203625,2.5,0,0.246693,0.245432,0.2465,0.245504,0.246693,0.245504,0.245432,0.2465,1,0,0.00665927,0,0.000704554,-0.00022846,0.000991871,0.00744563,-0.0188233,0.00375365,-0.00259522,-0.00028212,0.00797154,-0.0255788,-0.000410904,-0.171005,-0.0984788,9.14904,9.15117,0,0.483914
13.22,descend 2.5m,-0.00315595,0.0144763,-0.00264773,0.00666267,0,0,0.00221949,0.0131832,0.00198441,2.45994,2.59994,2.48214,0.19598,2.5,0,0.245813,0.247137,0.245545,0.246881,0.245813,0.246881,0.247137,0.245545,1,0,0.00714294,0,3.19614e-05,-0.000993321,-0.00116917,0.00795817,-0.0199971,0.00376377,-0.00262739,-0.000275857,0.0138762,-0.00871741,-0.00652057,-0.17428,-0.015421,9.07833,9.08001,0,0.45329
13.23,descend 2.5m,-0.00313252,0.0143435,-0.0031432,0.00659454,0,0,0.00252813,0.0133867,0.002039,2.46201,2.60201,2.50806,0.205322,2.5,0,0.241819,0.238909,0.241825,0.239775,0.241819,0.239775,0.238909,0.241825,1,0,0.00727523,0,0.00227951,0.00165248,0.00217991,0.00942681,-0.0198214,0.00379249,-0.0026334,-0.000247914,0.00204788,-0.0278233,-0.00267481,-0.174502,-0.118805,8.93609,8.93858,0,0.450297
13.24,descend 2.5m,-0.003106,0.0142087,-0.00333212,0.00664714,0,0,0.00284554,0.0136024,0.00236894,2.464,2.604,2.51007,0.1968,2.5,0,0.241327,0.240715,0.240907,0.240905,0.241327,0.240905,0.240715,0.240907,1,0,0.00737289,0,0.0016193,-0.00043762,0.00027,0.0100057,-0.0199788,0.00380511,-0.00264492,-0.000239063,0.0100841,-0.0275653,0.00603476,-0.0457437,0.0236891,8.85963,8.85978,0,0.440415
13.25,descend 2.5m,-0.00307632,0.0140712,-0.00345874,0.00708947,0,0,0.00317538,0.0139047,0.00236997,2.4659,2.6059,2.51885,0.19216,2.5,0,0.239163,0.240545,0.238925,0.240234,0.239163,0.240234,0.240545,0.238925,1,0,0.00778193,0,-0.000196565,-0.00103879,-0.00118261,0.010392,-0.0212778,0.00381578,-0.00268009,-0.000239517,0.0144991,-0.00897017,-0.0033154,-0.0917881,-0.0180199,8.81911,8.81961,0,0.408235
13.26,descend 2.5m,-0.0030433,0.0139302,-0.00312719,0.0069441,0,0,0.00349965,0.0142952,0.00130256,2.4677,2.6077,2.52072,0.181982,2.5,0,0.240449,0.240283,0.24023,0.240133,0.240449,0.240133,0.240283,0.24023,1,0,0.0076272,0,0.00018524,-0.000700485,0.000116088,0.0093914,-0.0208533,0.00379906,-0.00267974,-0.000255271,0.0104483,-0.0166805,0.00391935,-0.139146,0.0475074,8.66559,8.66683,0,0.406824
13.27,descend 2.5m,-0.00300717,0.0137851,-0.00323567,0.00705566,0,0,0.00376243,0.0147477,0.00119371,2.46939,2.60939,2.53882,0.18314,2.5,0,0.235753,0.238096,0.236204,0.236902,0.235753,0.236902,0.238096,0.236204,1,0,0.00768947,0,-0.00436371,-0.00140822,-0.00133645,0.00973201,-0.0211953,0.00380876,-0.00269538,-0.000249324,0.0206185,-0.021594,-0.00379958,-0.0301983,-0.00408692,8.67552,8.67557,0,0.39279
13.28,descend 2.5m,-0.00296914,0.0136351,-0.00262482,0.00692546,0,0,0.00387086,0.0152593,0.00244366,2.47096,2.61096,2.5406,0.171882,2.5,0,0.23741,0.237457,0.237746,0.237048,0.23741,0.237048,0.237457,0.237746,1,0,0.00737289,0,-0.00197709,-0.000138347,0.000286283,0.00789447,-0.0207906,0.00377775,-0.00269531,-0.000277999,0.0171934,-0.0122133,0.00100297,-0.0374739,0.00812889,8.64079,8.64088,0,0.389789
13.29,descend 2.5m,-0.00293044,0.0134801,-0.0024507,0.00691568,0,0,0.00390935,0.015776,0.00177298,2.47242,2.61242,2.55888,0.171748,2.5,0,0.235156,0.23258,0.235653,0.232431,0.235156,0.232431,0.23258,0.235653,1,0,0.00724239,0,-0.00171188,0.000659561,0.00254821,0.00737975,-0.0207682,0.00377056,-0.00270333,-0.000285498,0.0222552,-0.016854,0.00393399,-0.109466,-0.0311078,8.50221,8.50297,0,0.381365
13.3,descend 2.5m,-0.00289167,0.01332,-0.00330517,0.00671631,0,0,0.00387338,0.0162499,0.00168827,2.47375,2.61375,2.56054,0.158858,2.5,0,0.234537,0.234756,0.234442,0.235475,0.234537,0.235475,0.234756,0.234442,1,0,0.00743728,0,0.00215953,0.00118296,-0.000550056,0.00992682,-0.020193,0.0038207,-0.00270352,-0.000240121,0.0114752,-0.0320488,-0.00203954,-0.157252,-0.132397,8.45721,8.45971,0,0.386493
13.31,descend 2.5m,-0.00285324,0.0131552,-0.00368348,0.00689386,0,0,0.00389209,0.0167167,0.00190309,2.47495,2.61495,2.55408,0.139577,2.5,0,0.237314,0.238196,0.23741,0.238137,0.237314,0.238137,0.238196,0.23741,1,0,0.0078125,0,-0.000411708,6.98565e-05,-0.000707211,0.011067,-0.0207236,0.00384579,-0.00272608,-0.000226481,0.0149909,-0.0307481,0.00391778,-0.0313869,-0.0969064,8.33945,8.34007,0,0.370759
13.32,descend 2.5m,-0.00281398,0.0129861,-0.00395671,0.00633394,0,0,0.00403972,0.0171043,0.0021361,2.47602,2.61602,2.55541,0.126025,2.5,0,0.238784,0.238678,0.238676,0.238851,0.238784,0.238851,0.238678,0.238676,1,0,0.00730793,0,0.000745073,0.000122451,-2.99889e-05,0.0118787,-0.0190203,0.00386311,-0.0027048,-0.000199476,0.00967452,-0.0150604,0.00637077,-0.135298,-0.0382719,8.44404,8.44521,0,0.396104
13.33,descend 2.5m,-0.00277301,0.0128135,-0.00363719,0.00654123,0,0,0.00420539,0.0173819,0.00179576,2.47694,2.61694,2.56039,0.114992,2.5,0,0.240066,0.237194,0.24052,0.237441,0.240066,0.237441,0.237194,0.24052,1,0,0.00737289,0,-0.00054563,0.00132823,0.00261547,0.01094,-0.0196515,0.0038501,-0.00272707,-0.000220534,0.0229715,-0.0212352,-0.0040255,-0.193405,-0.135112,8.3756,8.37893,0,0.371467
13.34,descend 2.5m,-0.00273027,0.0126391,-0.00342873,0.00692723,0,0,0.00438987,0.0174788,0.000898494,2.47774,2.61774,2.56147,0.101324,2.5,0,0.239795,0.239825,0.239924,0.239856,0.239795,0.239856,0.239825,0.239924,1,0,0.00772041,0,-0.000263363,0.000303323,1.69814e-05,0.0102875,-0.0208056,0.00384217,-0.00276063,-0.000241849,0.00493411,-0.0186695,-0.0149427,0.0266215,-0.0355093,8.52108,8.5212,0,0.338135
13.35,descend 2.5m,-0.00268552,0.0124643,-0.0031992,0.00612675,0,0,0.00456421,0.0174778,0.00058397,2.47839,2.61839,2.55674,0.0839012,2.5,0,0.241862,0.242826,0.241868,0.242757,0.241862,0.242757,0.242826,0.241868,1,0,0.00680097,0,-0.000200295,-0.000121732,-0.000814494,0.00960704,-0.0183949,0.00383284,-0.00272356,-0.000237631,0.0101958,-0.0124948,0.00430752,0.0341502,0.00639226,8.51984,8.51991,0,0.371587
13.36,descend 2.5m,-0.00263951,0.0122895,-0.00328806,0.00615246,0,0,0.00465617,0.0174703,0.00117213,2.47891,2.61891,2.55751,0.0704216,2.5,0,0.243654,0.242927,0.243677,0.24338,0.243654,0.24338,0.242927,0.243677,1,0,0.00697405,0,0.0011424,0.000900387,0.000449841,0.0098914,-0.0184866,0.00384137,-0.00273558,-0.000236381,0.022032,-0.0222569,0.00669677,-0.141801,-0.0214839,8.45776,8.45897,0,0.361299
13.37,descend 2.5m,-0.00259265,0.0121151,-0.00313328,0.00609632,0,0,0.00477291,0.0174161,0.00165398,2.47931,2.61931,2.55609,0.0560594,2.5,0,0.244343,0.245419,0.244657,0.245562,0.244343,0.245562,0.245419,0.244657,1,0,0.0067305,0,-0.000454815,0.000866528,-0.000870385,0.00940773,-0.0183189,0.00383589,-0.00274345,-0.000242529,0.00918686,-0.0227144,-0.00247662,-0.0533962,0.0221762,8.56591,8.56611,0,0.353528
13.38,descend 2.5m,-0.00254455,0.0119411,-0.00319482,0.00598881,0,0,0.00488368,0.017365,0.0021382,2.47958,2.61958,2.55658,0.0437926,2.5,0,0.24604,0.246091,0.24536,0.246602,0.24604,0.246602,0.246091,0.24536,1,0,0.00665927,0,0.00315905,-0.000319022,-0.000568778,0.0095824,-0.0180167,0.00384214,-0.00274711,-0.000238449,0.00256014,-0.0362986,-0.000124842,0.0230111,-0.00976038,8.6073,8.60734,0,0.35063
13.39,descend 2.5m,-0.00249547,0.0117678,-0.00312055,0.00659683,0,0,0.00499314,0.0172726,0.00257052,2.47973,2.61973,2.55347,0.0297534,2.5,0,0.247852,0.247706,0.247737,0.248314,0.247852,0.248314,0.247706,0.247737,1,0,0.00730793,0,0.00191683,0.000934719,-0.000189538,0.00935495,-0.0198189,0.00384198,-0.00279335,-0.000248862,-0.000507319,-0.0217125,-0.00147697,-0.176134,-0.145007,8.75686,8.75983,0,0.306252
13.4,descend 2.5m,-0.00244546,0.0115955,-0.00320314,0.00718134,0,0,0.00507671,0.0171587,0.0024736,2.47977,2.61977,2.55371,0.0186589,2.5,0,0.247118,0.250643,0.246963,0.250779,0.247118,0.250779,0.250643,0.246963,1,0,0.00784296,0,0.000773026,-3.53093e-05,-0.00322646,0.00962536,-0.0215654,0.00385089,-0.00283664,-0.000253411,0.0147078,-0.0170706,-0.0154397,-0.0720463,0.0626129,8.80015,8.80067,0,0.265462
13.41,descend 2.5m,-0.00239446,0.0114242,-0.00338471,0.00745617,0,0,0.00519617,0.0171169,0.00332008,2.4797,2.6197,2.55895,0.0124187,2.5,0,0.249086,0.247921,0.248559,0.248263,0.249086,0.248263,0.247921,0.248559,1,0,0.00819964,0,0.0023009,-0.000350484,0.000642028,0.0101547,-0.022389,0.00386425,-0.00286243,-0.000245595,0.0043124,-0.0165257,0.00868708,-0.076807,-0.0589455,8.79658,8.79711,0,0.2445
13.42,descend 2.5m,-0.00234217,0.0112528,-0.00431829,0.00731262,0,0,0.0053419,0.017156,0.00271317,2.47954,2.61954,2.55903,0.00263883,2.5,0,0.249484,0.24942,0.249477,0.248976,0.249484,0.248976,0.24942,0.249477,1,0,0.00842905,0,-0.00115796,-0.00085651,0.000248203,0.0129556,-0.0219654,0.0039166,-0.0028671,-0.000183898,0.00460441,-0.0212429,0.000924417,-0.102893,-0.0286409,8.84336,8.84401,0,0.265781
13.43,descend 2.5m,-0.00228841,0.0110808,-0.00423727,0.00695012,0,0,0.00545246,0.0172349,0.000846752,2.47928,2.61928,2.55704,-0.00805722,2.5,0,0.25053,0.250834,0.250404,0.250995,0.25053,0.250995,0.250834,0.250404,1,0,0.00814128,0,0.000761361,6.47948e-05,-0.000393307,0.0127277,-0.0208798,0.00391569,-0.00285548,-0.000176137,0.0146764,-0.0224772,-0.00606726,-0.171555,-0.160621,8.80442,8.80755,0,0.274215
13.44,descend 2.5m,-0.00223364,0.0109081,-0.00381768,0.00712247,0,0,0.00549428,0.0173226,0.00083326,2.47893,2.61893,2.55691,-0.0165911,2.5,0,0.2512,0.251361,0.251394,0.252062,0.2512,0.252062,0.251361,0.251394,1,0,0.00805295,0,0.00134345,0.00169708,-0.00036472,0.0114757,-0.0213943,0.00389878,-0.00287471,-0.000202395,0.0191775,-0.0208399,0.00218174,-0.0332152,0.138551,9.01924,9.02037,0,0.247
13.45,descend 2.5m,-0.00217853,0.0107346,-0.00353468,0.00684147,0,0,0.00556028,0.0173785,0.00167121,2.47849,2.61849,2.57713,-0.00987182,2.5,0,0.247875,0.246253,0.247995,0.246147,0.247875,0.246147,0.246253,0.247995,1,0,0.00759588,0,-0.000598127,2.53301e-05,0.00152549,0.0106065,-0.0205576,0.00388649,-0.00286963,-0.000212819,0.00562387,-0.025065,0.00666582,-0.162506,-0.087164,8.93878,8.94068,0,0.246948
13.46,descend 2.5m,-0.00212295,0.0105603,-0.00371862,0.00745297,0,0,0.00554918,0.0174435,0.000935603,2.47797,2.61797,2.57699,-0.0179315,2.5,0,0.248291,0.247415,0.248315,0.247282,0.248291,0.247282,0.247415,0.248315,1,0,0.00825759,0,-0.000415653,-0.000206114,0.000838824,0.0111636,-0.0223906,0.00390232,-0.00291735,-0.000214016,0.00925571,-0.0240389,-0.00180657,-0.0744424,0.0316832,8.95879,8.95915,0,0.212974
13.47,descend 2.5m,-0.00206829,0.0103856,-0.00355605,0.00743434,0,0,0.00540069,0.0175084,0.00180339,2.47737,2.61737,2.58539,-0.019861,2.5,0,0.245709,0.247205,0.245849,0.246902,0.245709,0.246902,0.247205,0.245849,1,0,0.00817051,0,-0.0011748,-0.000307165,-0.00112034,0.0106795,-0.0223299,0.00389739,-0.00292611,-0.000224044,0.0115523,-0.0208377,0.00409398,-0.0495544,-0.114503,9.05763,9.05849,0,0.201976
13.48,descend 2.5m,-0.00201511,0.01021,-0.00372723,0.00739129,0,0,0.00527433,0.0176186,0.00188968,2.47669,2.61669,2.58515,-0.0280401,2.5,0,0.247993,0.246368,0.247832,0.246599,0.247993,0.246599,0.246368,0.247832,1,0,0.00819964,0,0.00103711,0.00013237,0.00125628,0.0111965,-0.0222128,0.00391046,-0.00293452,-0.00021146,0.0139186,-0.02887,0.000651775,-0.13861,-0.103104,8.98512,8.98678,0,0.202313
13.49,descend 2.5m,-0.0019629,0.0100333,-0.00372439,0.00703899,0,0,0.00522594,0.0177007,0.000594926,2.47592,2.61592,2.59677,-0.027583,2.5,0,0.24584,0.244262,0.245943,0.243771,0.24584,0.243771,0.244262,0.245943,1,0,0.00793364,0,-0.00157628,-0.000734889,0.00164792,0.0111842,-0.0211435,0.00391329,-0.00292559,-0.000204187,0.0113561,-0.0205969,0.00294859,-0.0825479,0.076567,8.95794,8.95865,0,0.211854
13.5,descend 2.5m,-0.00191072,0.00985561,-0.00353792,0.00688865,0,0,0.00521287,0.0178757,0.000292314,2.47506,2.61506,2.59645,-0.0362848,2.5,0,0.24579,0.245745,0.246612,0.245055,0.24579,0.245055,0.245745,0.246612,1,0,0.00775123,0,-0.00401009,0.000252527,0.000703959,0.01062,-0.0206862,0.0039072,-0.0029256,-0.00020891,0.00824991,-0.0164046,-0.00727031,-0.033717,0.0409067,8.96676,8.96692,0,0.20608
13.51,descend 2.5m,-0.00185862,0.00967582,-0.00355666,0.00641513,0,0,0.00521662,0.0180758,8.62423e-05,2.47412,2.61412,2.59038,-0.0491189,2.5,0,0.247773,0.248382,0.24744,0.248838,0.247773,0.248838,0.248382,0.24744,1,0,0.00720939,0,0.00209232,0.000233644,-0.000882359,0.0106851,-0.0192611,0.00390991,-0.00290799,-0.000199798,0.0140017,-0.013441,0.0172616,-0.129081,-0.043696,8.90087,8.90191,0,0.222186
13.52,descend 2.5m,-0.00180621,0.0094946,-0.00307605,0.00696758,0,0,0.0052564,0.0181677,0.000748061,2.47309,2.61309,2.58985,-0.0576669,2.5,0,0.248805,0.249121,0.249264,0.248783,0.248805,0.248783,0.249121,0.249264,1,0,0.00753284,0,-0.00211618,0.000230209,7.22844e-05,0.00924657,-0.02093,0.00388845,-0.00294974,-0.000231591,0.0162659,-0.0211347,0.000967598,-0.00269631,-0.0118863,9.04029,9.0403,0,0.173546
13.53,descend 2.5m,-0.00175375,0.00931239,-0.00341769,0.00718476,0,0,0.00525802,0.0182723,0.00146468,2.47198,2.61198,2.58721,-0.0673393,2.5,0,0.248903,0.25159,0.249284,0.251691,0.248903,0.251691,0.25159,0.249284,1,0,0.00790353,0,-0.000742156,0.000914224,-0.00223918,0.0102703,-0.0215696,0.00391086,-0.00297459,-0.00021835,0.0155302,-0.0132458,0.00490951,-0.0103306,-0.00125114,8.93124,8.93125,0,0.168339
13.54,descend 2.5m,-0.00170135,0.00912941,-0.00340482,0.00660953,0,0,0.0052729,0.0183452,0.00196924,2.47079,2.61079,2.5865,-0.0755948,2.5,0,0.251481,0.2509,0.25133,0.251312,0.251481,0.251312,0.2509,0.25133,1,0,0.00737289,0,0.00149399,0.000492925,0.000263236,0.0102283,-0.0198646,0.00391336,-0.00295264,-0.00020569,0.0132588,-0.0269872,0.00168377,-0.163558,-0.0933505,8.95521,8.95719,0,0.186618
13.55,descend 2.5m,-0.00164823,0.00894554,-0.00314771,0.00672124,0,0,0.00539295,0.0184271,0.00171666,2.46952,2.60952,2.60342,-0.0704184,2.5,0,0.247381,0.247892,0.247193,0.247904,0.247381,0.247904,0.247892,0.247193,1,0,0.00737289,0,0.000529242,-0.000334586,-0.000536643,0.00943895,-0.0202007,0.0039028,-0.00296985,-0.000218805,0.00123673,-0.027653,-0.00101227,-0.144414,-0.0944084,9.09651,9.09814,0,0.165919
13.56,descend 2.5m,-0.00159384,0.0087609,-0.00362742,0.00706101,0,0,0.00551693,0.0185053,0.00164213,2.46817,2.60817,2.60267,-0.0780192,2.5,0,0.248556,0.248331,0.247938,0.248828,0.248556,0.248828,0.248331,0.247938,1,0,0.00784296,0,0.00295866,-0.000229823,-0.00029263,0.0109005,-0.0212167,0.00393246,-0.00300202,-0.000202858,0.0161716,-0.0255091,0.0121039,-0.0934591,-0.114244,8.9281,8.92932,0,0.166315
13.57,descend 2.5m,-0.00153822,0.00857557,-0.00321059,0.00709837,0,0,0.0056301,0.0185604,0.00123837,2.46674,2.60674,2.5883,-0.0954426,2.5,0,0.253345,0.252187,0.25282,0.252526,0.253345,0.252526,0.252187,0.25282,1,0,0.00778193,0,0.00229283,-0.000351113,0.000638633,0.00964626,-0.0213356,0.00391531,-0.00301356,-0.00022379,0.0136988,-0.0300008,0.000636746,-0.121473,-0.138427,9.04421,9.04609,0,0.142024
13.58,descend 2.5m,-0.00148143,0.00838944,-0.00314339,0.0073013,0,0,0.00577623,0.0186684,0.00165904,2.46524,2.60524,2.58731,-0.102456,2.5,0,0.254433,0.252885,0.254382,0.252507,0.254433,0.252507,0.252885,0.254382,1,0,0.00793364,0,-0.000866611,-0.000814166,0.00150465,0.0094522,-0.0219303,0.00391617,-0.00303596,-0.000228151,0.0187072,-0.0206486,0.00443231,-0.049356,0.124404,9.12269,9.12367,0,0.12871
13.59,descend 2.5m,-0.00142329,0.00820192,-0.00321214,0.00707458,0,0,0.00586117,0.0188535,0.000838442,2.46367,2.60367,2.61053,-0.0916191,2.5,0,0.248157,0.24801,0.248709,0.247832,0.248157,0.247832,0.24801,0.248709,1,0,0.00775123,0,-0.0019353,0.000709934,0.000450292,0.00965316,-0.0212467,0.00392318,-0.00303404,-0.000221429,0.0151973,-0.0183453,0.000760872,-0.0336066,0.0550371,9.14952,9.14974,0,0.135709
13.6,descend 2.5m,-0.00136485,0.00801256,-0.0027337,0.00654951,0,0,0.00579662,0.0189826,0.00123291,2.46203,2.60203,2.60958,-0.0983264,2.5,0,0.248321,0.249424,0.248873,0.249206,0.248321,0.249206,0.249424,0.248873,1,0,0.00700816,0,-0.00204436,0.000632818,-0.000630908,0.00820184,-0.0196721,0.00389994,-0.00301537,-0.000234583,0.00452277,-0.0186916,-0.00734118,-0.105115,-0.0441619,9.06758,9.0683,0,0.127333
13.61,descend 2.5m,-0.00130794,0.00782276,-0.00300063,0.00674844,0,0,0.00558099,0.0189737,0.00116598,2.46033,2.60033,2.59171,-0.117545,2.5,0,0.254301,0.253982,0.25416,0.253898,0.254301,0.253898,0.253982,0.25416,1,0,0.00724239,0,0.00015114,-0.000426581,0.000254909,0.00900876,-0.0202813,0.00391829,-0.0030386,-0.000223914,0.00850507,-0.0270593,0.0140317,-0.0798093,-0.0712335,9.13145,9.13208,0,0.128732
13.62,descend 2.5m,-0.00125329,0.00763281,-0.00306399,0.00697335,0,0,0.00536695,0.0190383,0.00127072,2.45855,2.59855,2.5905,-0.12389,2.5,0,0.255103,0.254724,0.255153,0.254599,0.255103,0.254599,0.254724,0.255153,1,0,0.00756443,0,-0.000462832,-0.000141401,0.000410076,0.00922021,-0.0209456,0.00392652,-0.00306284,-0.000222138,0.0228579,-0.0201283,0.00186823,-0.118141,-0.0832474,9.1472,9.14834,0,0.124763
13.63,descend 2.5m,-0.0012006,0.00744189,-0.00315032,0.00678963,0,0,0.00516616,0.0191333,0.000978267,2.45672,2.59672,2.6058,-0.11783,2.5,0,0.252379,0.250014,0.253147,0.250296,0.252379,0.250296,0.250014,0.253147,1,0,0.00740516,0,-0.00128862,0.00199067,0.00229285,0.00946144,-0.0203841,0.00393497,-0.00306375,-0.000214008,0.0109776,-0.0132172,0.00723655,-0.0997958,0.00605403,9.27002,9.27056,0,0.131759
13.64,descend 2.5m,-0.00115003,0.00725092,-0.00256596,0.00672394,0,0,0.00496,0.0190228,0.00130029,2.45483,2.59483,2.60459,-0.123609,2.5,0,0.253405,0.251272,0.253315,0.250838,0.253405,0.250838,0.251272,0.253315,1,0,0.00720939,0,-0.000912563,-0.00099372,0.00202607,0.00772323,-0.0201947,0.00390686,-0.00307034,-0.000239923,0.0208697,-0.018382,0.00371823,-0.0999385,0.0037608,9.22738,9.22793,0,0.10036
13.65,descend 2.5m,-0.0011014,0.00706104,-0.0026719,0.00628954,0,0,0.00477121,0.0189402,0.00147284,2.45287,2.59287,2.60425,-0.128632,2.5,0,0.251913,0.253164,0.252211,0.253615,0.251913,0.253615,0.253164,0.252211,1,0,0.00680097,0,0.000404987,0.00141849,-0.00116652,0.00802294,-0.0188845,0.00391485,-0.00305638,-0.000231125,0.00883402,-0.0136663,-0.00128324,0.00738405,-0.0455613,9.20809,9.20821,0,0.113277
13.66,descend 2.5m,-0.00105504,0.00687242,-0.00248351,0.00643625,0,0,0.00450226,0.0187493,0.00285264,2.45087,2.59087,2.60293,-0.134167,2.5,0,0.253719,0.252991,0.254305,0.252922,0.253719,0.252922,0.252991,0.254305,1,0,0.00683594,0,-0.00173827,0.000979506,0.00092813,0.00746169,-0.0193415,0.00390848,-0.00307649,-0.000234779,0.0113963,-0.0249476,0.00422945,-0.0383272,0.0572744,9.3667,9.36695,0,0.098735
13.67,descend 2.5m,-0.0010115,0.00668641,-0.00243033,0.00658417,0,0,0.00420556,0.0184163,0.00221382,2.4488,2.5888,2.57973,-0.154852,2.5,0,0.259301,0.260409,0.259482,0.259822,0.259301,0.259822,0.260409,0.259482,1,0,0.00697405,0,-0.00203868,-0.000770186,-0.00063628,0.00729235,-0.0197646,0.00390916,-0.00309572,-0.00023587,0.00484275,-0.0112142,0.00702063,-0.0635457,-0.0781637,9.36981,9.37035,0,0.0944382
13.68,descend 2.5m,-0.000971448,0.00650344,-0.00219939,0.00638144,0,0,0.00380545,0.0181697,0.0024992,2.44669,2.58669,2.57816,-0.158897,2.5,0,0.259963,0.260916,0.260103,0.26072,0.259963,0.26072,0.260916,0.260103,1,0,0.00658728,0,-0.000888922,-0.000104973,-0.00068986,0.00660638,-0.0191617,0.00390049,-0.00309447,-0.000242493,0.00946437,-0.014665,-0.0052772,-0.0557982,-0.0440767,9.40246,9.40272,0,0.0833731
13.69,descend 2.5m,-0.000935605,0.00632289,-0.00220862,0.00579598,0,0,0.00337548,0.0179004,0.00204683,2.44455,2.58455,2.57755,-0.161542,2.5,0,0.261351,0.260114,0.261287,0.260394,0.261351,0.260394,0.260114,0.261287,1,0,0.00617633,0,0.000912441,0.000407606,0.000935881,0.00661609,-0.0174217,0.00390163,-0.00307193,-0.000240034,-0.00255314,-0.0255781,-0.00155297,-0.089831,-0.0542483,9.38188,9.38247,0,0.0908867
13.7,descend 2.5m,-0.000903567,0.00614515,-0.00238546,0.00599834,0,0,0.00305319,0.0176601,0.000555693,2.44237,2.58237,2.57592,-0.164201,2.5,0,0.261836,0.260804,0.261842,0.260917,0.261836,0.260917,0.260804,0.261842,1,0,0.00636641,0,0.000283321,0.000224362,0.000859762,0.00716836,-0.0180224,0.00391326,-0.00309386,-0.000233949,0.0119434,-0.0213785,0.00394347,-0.155577,-0.105092,9.56003,9.56187,0,0.0972183
13.71,descend 2.5m,-0.000874652,0.00596934,-0.00253679,0.00566384,0,0,0.00271591,0.0175017,0.00055109,2.44016,2.58016,2.58556,-0.158326,2.5,0,0.258926,0.258931,0.259258,0.25888,0.258926,0.25888,0.258931,0.259258,1,0,0.00605941,0,-0.00101721,0.000531601,0.000163526,0.00762277,-0.017016,0.00392452,-0.00308407,-0.000225086,0.0123018,-0.019382,-0.00795581,-0.174442,-0.110389,9.62755,9.62976,0,0.108306
13.72,descend 2.5m,-0.000849111,0.00579519,-0.00283068,0.00556107,0,0,0.00239362,0.0172918,0.000544381,2.43794,2.57794,2.58397,-0.160178,2.5,0,0.259192,0.259712,0.259763,0.259225,0.259192,0.259225,0.259712,0.259763,1,0,0.0061376,0,-0.00280381,0.000159127,7.63549e-06,0.00847938,-0.0167199,0.00394285,-0.00308877,-0.000214948,-0.00444422,-0.0275465,0.00109809,0.0201059,-0.0819458,9.73485,9.73521,0,0.125405
13.73,descend 2.5m,-0.00082673,0.00562359,-0.0030436,0.00575477,0,0,0.00207941,0.0169727,0.00205996,2.43569,2.57569,2.59215,-0.154659,2.5,0,0.257432,0.256961,0.257648,0.257618,0.257432,0.257618,0.256961,0.257648,1,0,0.00640375,0,0.00117009,0.00165339,0.000220232,0.00912575,-0.0172977,0.00395718,-0.00311237,-0.000211993,0.000666228,-0.0253476,8.98853e-05,-0.133401,0.00975843,9.5957,9.59663,0,0.137797
13.74,descend 2.5m,-0.000807138,0.00545635,-0.00277959,0.00573182,0,0,0.00185209,0.0164411,0.000479046,2.43343,2.57343,2.5906,-0.156232,2.5,0,0.258501,0.257163,0.258278,0.25747,0.258501,0.25747,0.257163,0.258278,1,0,0.00629107,0,0.00140721,0.000159089,0.000942895,0.00832472,-0.0172308,0.00394421,-0.00312091,-0.000222902,-0.00538958,-0.026686,0.0051102,-0.066953,-0.107847,9.69959,9.70042,0,0.124261
13.75,descend 2.5m,-0.000789519,0.00529409,-0.00255529,0.00537091,0,0,0.00169207,0.0159847,0.00092956,2.43115,2.57115,2.58349,-0.161746,2.5,0,0.260021,0.259341,0.259948,0.259457,0.260021,0.259457,0.259341,0.259948,1,0,0.00589993,0,0.000498897,8.08591e-05,0.000514484,0.00765695,-0.0161505,0.00393218,-0.00311014,-0.000227772,-0.00198452,-0.0282875,0.00348605,-0.122932,-0.0749083,9.61996,9.62103,0,0.111358
13.76,descend 2.5m,-0.000772921,0.00513636,-0.00249507,0.00603407,0,0,0.0016259,0.0155227,0.000161709,2.42885,2.56885,2.58187,-0.162986,2.5,0,0.25896,0.261343,0.258507,0.261653,0.25896,0.261653,0.261343,0.258507,1,0,0.00647779,0,0.00202403,-0.000273409,-0.00242989,0.0074898,-0.0181288,0.0039312,-0.00315948,-0.000232502,0.00701775,-0.0208922,0.00645732,-0.089102,-0.016863,9.71364,9.71406,0,0.119561
13.77,descend 2.5m,-0.000756933,0.0049834,-0.00264008,0.00559286,0,0,0.00159302,0.0150225,0.00187024,2.42655,2.56655,2.58006,-0.163897,2.5,0,0.259962,0.260545,0.260055,0.261596,0.259962,0.261596,0.260545,0.260055,1,0,0.00605941,0,0.00254239,0.00216603,-0.00093378,0.00792423,-0.0168035,0.00393982,-0.00314479,-0.000223816,0.00666401,-0.0197424,0.000395245,-0.175203,-0.119599,9.72759,9.7299,0,0.122155
13.78,descend 2.5m,-0.00074101,0.00483623,-0.0025114,0.00562099,0,0,0.00160647,0.014371,0.00167681,2.42423,2.56423,2.57842,-0.164807,2.5,0,0.260136,0.261986,0.260299,0.261298,0.260136,0.261298,0.261986,0.260299,1,0,0.00605941,0,-0.00225821,-0.000995346,-0.00125175,0.00752426,-0.0168689,0.00393552,-0.00315367,-0.000227603,-0.00267812,-0.00713833,0.00851514,-0.0632038,-0.0672463,9.66681,9.66725,0,0.119035
13.79,descend 2.5m,-0.000725088,0.00469513,-0.00237212,0.00562478,0,0,0.0015912,0.0138283,0.00189678,2.42191,2.56191,2.55994,-0.177248,2.5,0,0.265402,0.265568,0.266193,0.265083,0.265402,0.265083,0.265568,0.266193,1,0,0.00609863,0,-0.00338234,0.000580954,0.000415081,0.00713864,-0.0169012,0.00393156,-0.0031636,-0.000231126,0.0188407,-0.0210546,-0.00143497,-0.160319,-0.0912251,9.798,9.79974,0,0.115764
13.8,descend 2.5m,-0.000709792,0.004559,-0.00207379,0.00557773,0,0,0.00149003,0.0133878,0.00172706,2.41958,2.55958,2.55817,-0.176867,2.5,0,0.26466,0.267042,0.265173,0.266603,0.26466,0.266603,0.267042,0.265173,1,0,0.00577742,0,-0.00252169,0.000139509,-0.00167556,0.00623864,-0.0167636,0.00391744,-0.00316879,-0.000239063,0.0154992,-0.0234114,-0.00530491,-0.0496379,0.0261183,9.86251,9.86267,0,0.104089
13.81,descend 2.5m,-0.000695739,0.00442695,-0.00204752,0.00548552,0,0,0.00131396,0.0130264,0.00262558,2.41726,2.55726,2.56418,-0.170461,2.5,0,0.265177,0.263198,0.265225,0.263013,0.265177,0.263013,0.263198,0.265225,1,0,0.00577742,0,-0.000616992,-0.000258845,0.00184197,0.00614363,-0.0164759,0.00391719,-0.00317014,-0.000239007,0.00465382,-0.0160876,0.00555965,-0.0728701,-0.0451728,9.8324,9.83277,0,0.104587
13.82,descend 2.5m,-0.000683805,0.00429782,-0.00238311,0.00574366,0,0,0.00108955,0.0127798,0.00224724,2.41495,2.55495,2.56248,-0.169135,2.5,0,0.264575,0.264483,0.263713,0.264671,0.264575,0.264671,0.264483,0.263713,1,0,0.00617633,0,0.00278615,-0.00127759,-0.000380771,0.00714304,-0.0172497,0.00393566,-0.00319338,-0.000227435,-0.00017735,-0.0156944,-0.00404289,-0.171373,-0.134321,9.96574,9.96811,0,0.133526
13.83,descend 2.5m,-0.000673489,0.00417064,-0.00248089,0.0056414,0,0,0.000973446,0.01267,0.00178752,2.41265,2.55265,2.54485,-0.178895,2.5,0,0.268342,0.268662,0.268146,0.26921,0.268342,0.26921,0.268662,0.268146,1,0,0.00605941,0,0.00197338,0.000665493,-0.000608136,0.00744389,-0.0169665,0.00394111,-0.0031955,-0.000223725,0.00485831,-0.0313879,-0.00647347,-0.107479,-0.106526,10.1083,10.1095,0,0.139125
13.84,descend 2.5m,-0.000664117,0.00404445,-0.00250707,0.00567581,0,0,0.000943162,0.0125634,0.00186048,2.41038,2.55038,2.54307,-0.176468,2.5,0,0.267169,0.270154,0.26725,0.270266,0.267169,0.270266,0.270154,0.26725,1,0,0.00617633,0,8.46252e-05,0.000365971,-0.00263743,0.00753251,-0.0170496,0.00394326,-0.00320534,-0.000223742,0.0115,-0.0179902,0.00632126,-0.138243,-0.161269,10.0938,10.0961,0,0.146212
13.85,descend 2.5m,-0.000654555,0.00391904,-0.00250135,0.00588225,0,0,0.000994925,0.0125102,0.00179686,2.40813,2.54813,2.535,-0.178187,2.5,0,0.270254,0.270753,0.269979,0.270608,0.270254,0.270608,0.270753,0.269979,1,0,0.00636641,0,0.000342993,-0.000796005,-0.000495957,0.00749867,-0.0176453,0.00394373,-0.00322443,-0.000226269,0.000422081,-0.00223426,-0.000754418,-0.0957931,-0.126475,10.1192,10.1204,0,0.158908
13.86,descend 2.5m,-0.000644501,0.00379417,-0.00247337,0.00572418,0,0,0.00103418,0.0124545,0.00117052,2.40591,2.54591,2.53323,-0.174396,2.5,0,0.271924,0.268958,0.271796,0.268894,0.271924,0.268894,0.268958,0.271796,1,0,0.00605941,0,0.000170802,-0.000365593,0.00257888,0.00742006,-0.0171684,0.00394329,-0.00322206,-0.000226394,0.00393073,-0.000455955,0.00810927,-0.0440137,-0.0583289,10.1621,10.1624,0,0.156684
13.87,descend 2.5m,-0.000633674,0.00366974,-0.00236522,0.00563617,0,0,0.00114162,0.0124319,0.000814774,2.40373,2.54373,2.51718,-0.180424,2.5,0,0.275871,0.271994,0.275304,0.272778,0.275871,0.272778,0.271994,0.275304,1,0,0.0059802,0,0.00358361,0.000409745,0.0028146,0.00709975,-0.0169355,0.00393792,-0.00322491,-0.000230442,0.00668834,-0.0212075,0.00586908,-0.0629909,-0.0429004,10.3024,10.3027,0,0.154111
13.88,descend 2.5m,-0.000621522,0.00354551,-0.00224202,0.00560797,0,0,0.00131495,0.0123853,0.000930223,2.4016,2.5416,2.51541,-0.175256,2.5,0,0.274072,0.273524,0.274448,0.273402,0.274072,0.273402,0.273524,0.274448,1,0,0.0059802,0,-0.00131984,0.000480808,0.000700593,0.00673839,-0.0168257,0.00393331,-0.0032322,-0.000234515,0.0121993,-0.00445442,0.00238795,-0.167734,-0.139269,10.3373,10.3396,0,0.153807
13.89,descend 2.5m,-0.000607544,0.00342203,-0.0023219,0.00521429,0,0,0.0014808,0.0123121,0.000680267,2.39953,2.53953,2.51836,-0.165665,2.5,0,0.271422,0.273687,0.27142,0.273219,0.271422,0.273219,0.273687,0.27142,1,0,0.00569429,0,-0.0012346,-0.000889544,-0.00178661,0.00695006,-0.0156471,0.00393852,-0.00321556,-0.000231289,-0.00640405,-0.00601303,-0.00796552,-0.0224048,-0.135833,10.4229,10.4239,0,0.146031
13.9,descend 2.5m,-0.00059231,0.00329886,-0.00233531,0.00561677,0,0,0.00154984,0.0123396,0.00176942,2.39752,2.53752,2.51674,-0.159179,2.5,0,0.272534,0.271605,0.273078,0.271408,0.272534,0.271408,0.271605,0.273078,1,0,0.0059802,0,-0.00196383,0.000657693,0.00114248,0.00700567,-0.0168713,0.00394262,-0.00324627,-0.000232612,0.00383252,-0.0172557,-0.00210242,-0.0666055,0.0340068,10.4372,10.4375,0,0.169287
13.91,descend 2.5m,-0.000576931,0.00317529,-0.00211038,0.00584371,0,0,0.00152896,0.0124057,0.0021782,2.39557,2.53557,2.52061,-0.148507,2.5,0,0.270071,0.270682,0.270308,0.270786,0.270071,0.270786,0.270682,0.270308,1,0,0.00605941,0,-0.000350069,0.000645806,-0.000478357,0.0063344,-0.0175413,0.00393191,-0.00326586,-0.000241209,0.0061044,-0.0100912,0.00781938,-0.0755726,0.00365687,10.6112,10.6115,0,0.178649
13.92,descend 2.5m,-0.000562009,0.00305019,-0.00195264,0.0056743,0,0,0.00146199,0.0126494,0.00198872,2.39369,2.53369,2.51916,-0.141693,2.5,0,0.271485,0.26842,0.271447,0.269061,0.271485,0.269061,0.26842,0.271447,1,0,0.0059802,0,0.00180177,0.00114419,0.00239578,0.00586442,-0.0170363,0.00392501,-0.00326314,-0.000247175,0.00826834,-0.0122146,0.00468585,-0.0285183,-0.153431,10.4034,10.4046,0,0.172183
13.93,descend 2.5m,-0.000547769,0.00292251,-0.00171551,0.00566402,0,0,0.00135289,0.0128979,0.00128774,2.39188,2.53188,2.5193,-0.133788,2.5,0,0.269379,0.269726,0.268993,0.269344,0.269379,0.269344,0.269726,0.268993,1,0,0.0059402,0,1.24793e-05,-0.00145506,-0.000306908,0.00514621,-0.0170082,0.00391484,-0.0032691,-0.000254101,0.00375947,-0.0140106,-0.00336601,-0.0488584,0.0182383,10.5394,10.5395,0,0.172192
13.94,descend 2.5m,-0.000535179,0.00279218,-0.0016905,0.00534985,0,0,0.00117618,0.013172,0.00132876,2.39013,2.53013,2.518,-0.127172,2.5,0,0.269038,0.268877,0.268901,0.269158,0.269038,0.269158,0.268877,0.268901,1,0,0.00556726,0,0.00110754,0.000271,-4.18645e-05,0.00507486,-0.0160836,0.00391401,-0.00325896,-0.000255383,0.00619414,-0.0259649,-0.00133262,-0.0669932,-0.0644626,10.3921,10.3925,0,0.162295
13.95,descend 2.5m,-0.000524037,0.0026594,-0.00179475,0.00557222,0,0,0.00104682,0.0133501,0.00176221,2.38845,2.52845,2.51886,-0.118933,2.5,0,0.268354,0.267717,0.26859,0.267647,0.268354,0.267647,0.267717,0.26859,1,0,0.00573601,0,-0.00081482,0.000315472,0.000694346,0.00539164,-0.0167427,0.00392083,-0.00328136,-0.000248964,0.00882765,-0.0206603,0.01018,-0.136404,-0.0714531,10.4081,10.4093,0,0.183394
13.96,descend 2.5m,-0.000514675,0.00252547,-0.00140837,0.0054756,0,0,0.000789023,0.0134547,0.00156662,2.38683,2.52683,2.5177,-0.112501,2.5,0,0.267855,0.267561,0.267975,0.267459,0.267855,0.267459,0.267561,0.267975,1,0,0.00552427,0,-0.00059043,3.41865e-05,0.000356207,0.00424417,-0.0164611,0.00390327,-0.00328198,-0.000259517,0.0166449,-0.026124,-0.00167942,-0.0712682,0.0432563,10.5643,10.5647,0,0.177253
13.97,descend 2.5m,-0.000508249,0.00239034,-0.00201457,0.00579342,0,0,0.00050378,0.0135599,0.000995326,2.38527,2.52527,2.53236,-0.0950374,2.5,0,0.263434,0.26334,0.263375,0.263207,0.263434,0.263207,0.26334,0.263375,1,0,0.00601994,0,-0.000196341,-0.000363573,0.000115523,0.0060516,-0.0173898,0.00393605,-0.00330941,-0.000235863,0.00915565,-0.00972476,0.015895,-0.146873,-0.0956102,10.4127,10.4142,0,0.214342
13.98,descend 2.5m,-0.000504103,0.00225444,-0.00154741,0.00614374,0,0,0.000302622,0.013611,0.00137076,2.38376,2.52376,2.53144,-0.0896006,2.5,0,0.263627,0.262598,0.263558,0.262236,0.263627,0.262236,0.262598,0.263558,1,0,0.00629107,0,-0.000778344,-0.000817189,0.00103283,0.00465126,-0.0184415,0.00391435,-0.00333555,-0.000252599,0.00996166,-0.0101898,0.00141169,-0.10763,-0.0842383,10.3262,10.3271,0,0.231035
13.99,descend 2.5m,-0.000502081,0.00211795,-0.00170499,0.00593029,0,0,0.000130297,0.0137123,0.000760778,2.38231,2.52231,2.52336,-0.0898531,2.5,0,0.26403,0.265126,0.263223,0.265809,0.26403,0.265809,0.265126,0.263223,1,0,0.0061376,0,0.00394971,-0.000233648,-0.00161823,0.00510448,-0.0178133,0.00392235,-0.00333034,-0.00024822,-0.0030339,-0.0183166,0.000720071,-0.0590886,-0.0698263,10.3464,10.3469,0,0.229473
