t,phase,roll,pitch,roll_est,pitch_est,roll_sp,pitch_sp,p,q,r,alt,alt_abs,alt_est,vz,height_sp,thr,m0,m1,m2,m3,mp0,mp1,mp2,mp3,mix_scale,sat,att_err,gust,torque_x,torque_y,torque_z,rate_sp_x,rate_sp_y,bg_x,bg_y,bg_z,gx,gy,gz,ax,ay,az,acc_n,tilt_angle,tilt_err
0,hover,1.54166e-17,1.19068e-33,2.06798e-06,-5.87828e-07,0,0,-4.06576e-20,-9.88628e-13,2.03288e-20,99.8595,99.9995,99.8694,-0.00488943,nan,0,0,0,0,0,0,0,0,0,1,0,0,0,0,0,0,0,0,0,0,0,0.00413596,-0.00117565,0.00577144,0.00144086,0.0402119,0.0277843,0.0488983,0,0.00012318
0.01,hover,-1.2339e-17,1.03001e-13,4.5553e-05,-3.2264e-05,0,0,-1.21973e-19,-2.07612e-11,4.64852e-18,99.859,99.999,100.122,-0.102368,nan,0,0,0,0,0,0,0,0,0,1,0,0,0,0,0,0,0,0,0,0,0,0.0044073,-0.000612494,0.00561068,-0.0107363,-0.0632895,0.0353479,0.0732823,0,0.00319834
0.02,hover,-2.75504e-16,4.03511e-13,0.000113709,-3.80665e-05,0,0,4.60786e-19,-4.05337e-11,1.75641e-17,99.8575,99.9975,100.121,-0.200072,nan,0,0,0,0,0,0,0,0,0,1,0,0,0,0,0,0,0,0,-5.445e-13,-1.42091e-13,2.25602e-17,0.0109457,0.000775392,-0.00290558,0.0260779,-0.0335967,0.0439508,0.0611594,0,0.00687041
0.03,hover,1.84002e-16,9.0189e-13,0.00018181,-7.11121e-05,0,0,1.65341e-18,-6.03063e-11,3.88415e-17,99.855,99.995,100.034,-0.298719,nan,0,0,0,0,0,0,0,0,0,1,0,0,0,0,0,0,0,0,-5.445e-13,-1.42091e-13,2.25602e-17,0.00112339,0.000455502,0.00269856,-0.0253982,-0.0147007,0.0268337,0.0397647,0,0.0111854
0.04,hover,-9.81732e-16,1.59731e-12,0.000230518,-0.000115887,0,0,3.49655e-18,-8.00788e-11,6.83996e-17,99.8515,99.9915,100.03,-0.396305,nan,0,0,0,0,0,0,0,0,0,1,0,0,0,0,0,0,0,0,-2.79938e-11,-1.32012e-11,3.04298e-15,0.000844256,-0.00951335,0.00540225,-0.0131574,-0.0142748,0.00594281,0.0203028,0,0.0147828
0.05,hover,-3.11994e-15,2.48984e-12,0.000269846,-0.000149006,0,0,5.97666e-18,-9.98514e-11,1.06265e-16,99.847,99.987,99.7798,-0.500136,nan,0.286536,0,0,0,0,0,0,0,0,1,0,0,0,0,0,0,0,0,-2.79938e-11,-1.32012e-11,3.04298e-15,0.00259527,0.00215794,-0.012637,0.025167,-0.0232999,-0.0272842,0.0438257,0,0.0176616
0.06,hover,-1.95578e-09,1.74153e-10,0.000313033,-0.000161491,0,0,-1.78331e-06,-3.40256e-08,0.000296894,99.8416,99.9816,99.7743,-0.597734,nan,0.291426,0.291206,0.291154,0.291675,0.290695,0.291206,0.290695,0.291154,0.291675,1,0,0,0,-0.00246035,2.01039e-05,0.000453384,-0.000942745,0.00047996,-4.88226e-11,-2.85402e-11,6.94203e-15,-0.00242879,-0.00300687,0.0100121,-0.0493369,-0.0460232,0.167365,0.180453,0,0.0201817
0.07,hover,-1.97532e-07,2.41809e-09,0.000353166,-0.000205844,0,0,-5.49801e-05,-8.70699e-06,0.000414346,99.8352,99.9752,99.7167,-0.695134,nan,0.296164,0.296611,0.295144,0.29702,0.294961,0.296611,0.294961,0.295144,0.29702,1,0,0,0,-0.00157135,0.000425938,0.0015496,-0.00106523,0.000617506,-4.88226e-11,-2.85402e-11,6.94203e-15,-0.0038206,-1.82702e-05,-0.000277669,0.00334615,-0.0869414,0.548913,0.555766,0,0.023431
0.08,hover,-1.36504e-06,3.73171e-07,0.000379555,-0.00022483,0,0,-0.000202459,-8.31534e-05,-0.000238065,99.8279,99.9679,99.7093,-0.782869,nan,0.30053,0.300287,0.300365,0.300045,0.300593,0.300287,0.300593,0.300365,0.300045,1,0,0,0,0.0012463,-2.84102e-05,-0.000274883,-0.00113459,0.000670891,7.15812e-11,6.84379e-11,-1.92318e-14,0.00271772,-0.00239947,-0.00118832,-0.0186624,0.0195556,1.51719,1.51743,0,0.0253541
0.09,hover,-4.3438e-06,1.83311e-06,0.000427567,-0.000253688,0,0,-0.000428129,-0.000212116,-0.000469247,99.8198,99.9598,99.8124,-0.852903,nan,0.304385,0.303828,0.304406,0.304662,0.303925,0.303828,0.303925,0.304406,0.304662,1,0,0,0,-0.00348892,0.000669554,6.99099e-05,-0.0012864,0.000750415,7.15812e-11,6.84379e-11,-1.92318e-14,-0.0024605,-0.00709599,0.0101624,-0.0495115,-0.00585968,2.56703,2.56751,0,0.028753
0.1,hover,-1.02926e-05,4.85303e-06,0.00047164,-0.000272169,0,0,-0.000814365,-0.000428848,-4.38823e-05,99.8109,99.9509,99.8035,-0.918979,nan,0.307657,0.306764,0.307995,0.307333,0.30794,0.306764,0.30794,0.307995,0.307333,1,0,0,0,-0.00165639,0.000974687,-0.000807687,-0.00141746,0.000813322,1.01746e-10,9.63565e-11,-2.69694e-14,-0.00169044,-0.00212207,0.0050589,0.0114456,-0.0549426,3.76498,3.7654,0,0.0318495
0.11,hover,-2.06874e-05,1.06469e-05,0.000519556,-0.000284435,0,0,-0.00129998,-0.000745452,0.000275467,99.8015,99.9415,99.8063,-0.971777,nan,0.310324,0.308951,0.311292,0.309074,0.311504,0.308951,0.311504,0.311292,0.309074,1,0,0,0,0.000237831,0.000636065,-0.00209725,-0.00153788,0.000847478,1.01746e-10,9.63565e-11,-2.69694e-14,0.0138604,-0.00388681,-0.0044904,0.00725564,-0.0381628,4.86958,4.86973,0,0.03527
0.12,hover,-3.63441e-05,1.97357e-05,0.000534964,-0.000299843,0,0,-0.0018697,-0.00109152,0.000699569,99.7916,99.9316,99.7963,-1.01402,nan,0.312398,0.312519,0.311956,0.312593,0.312164,0.312519,0.312164,0.311956,0.312593,1,0,0,0,0.000357237,0.000533561,0.000436373,-0.00161621,0.000882312,3.62052e-10,3.55743e-10,-9.89713e-14,-0.00754217,-0.0114766,0.00189311,-0.0217933,-0.0781324,6.18249,6.18302,0,0.0375068
0.13,hover,-5.778e-05,3.25053e-05,0.000572458,-0.000327235,0,0,-0.00245181,-0.00149866,0.000550565,99.7814,99.9214,99.8428,-1.03746,nan,0.313913,0.313151,0.314287,0.313581,0.31438,0.313151,0.31438,0.314287,0.313581,1,0,0,0,-0.000892015,0.000990898,-0.000850638,-0.00170599,0.000981887,3.62052e-10,3.55743e-10,-9.89713e-14,0.00758826,0.000123931,0.00575519,0.0118747,-0.133478,7.23132,7.23256,0,0.0415785
0.14,hover,-8.51159e-05,4.98285e-05,-0.00983689,0.0110279,0,0,-0.00304959,-0.00200161,0.000606413,99.7709,99.9109,99.8323,-1.05786,nan,0.314917,0.315762,0.314721,0.313713,0.315318,0.315762,0.315318,0.314721,0.313713,1,0,0.0147781,0,0.00701923,-0.00275029,-0.000248332,0.0295033,-0.0330899,1.45371e-05,-1.58613e-05,3.62666e-09,-0.00392263,-0.0038929,-0.000465394,0.0295794,-0.0456049,8.11185,8.11204,0,0.841316
0.15,hover,-0.000117317,7.12993e-05,-0.00275404,0.00269868,0,0,-0.00333049,-0.00216862,-2.95239e-06,99.7602,99.9002,99.7793,-1.0768,nan,0.315466,0.315685,0.315392,0.31545,0.315266,0.315685,0.315266,0.315392,0.31545,1,0,0.00358812,0,0.000288238,-0.000684695,0.000209694,0.00828073,-0.00811017,4.0068e-06,-1.52022e-07,-7.88538e-07,0.0124136,-0.00942545,0.00328942,-0.0921491,-0.0442324,9.0508,9.05137,0,0.21327
0.16,hover,-0.000151144,9.21355e-05,-0.00316295,0.00182837,0,0,-0.00343277,-0.00196996,0.000327844,99.7495,99.8895,99.7684,-1.08019,nan,0.315615,0.314786,0.316626,0.314142,0.316912,0.314786,0.316912,0.316626,0.314142,1,0,0.00358812,0,0.00246876,-0.000679763,-0.00202626,0.00950315,-0.00548247,7.60684e-06,2.58129e-06,-9.06081e-07,0.00954579,0.00175516,0.00500803,-0.117183,-0.138047,9.90281,9.90446,0,0.199184
0.17,hover,-0.000185507,0.000110381,-0.00189532,0.002177,0,0,-0.00343433,-0.00163035,0.000802444,99.7388,99.8788,99.7136,-1.08614,nan,0.315422,0.315571,0.315388,0.314885,0.315912,0.315571,0.315912,0.315388,0.314885,1,0,0.00267443,0,0.00321267,-0.000307373,-0.000371197,0.00568519,-0.00652516,2.23183e-06,3.62579e-07,-7.71866e-07,-0.00052872,0.00387777,0.00783843,-0.0196978,-0.0376033,10.4443,10.4444,0,0.153677
0.18,hover,-0.000219158,0.000124446,-0.00216132,0.00268224,0,0,-0.00325904,-0.0011411,0.000985788,99.7282,99.8682,99.7028,-1.07654,nan,0.314939,0.31456,0.315488,0.31383,0.316,0.31456,0.316,0.315488,0.31383,1,0,0.00331169,0,0.00329325,-0.000412227,-0.00136173,0.00647586,-0.00804797,4.63784e-06,-2.72579e-06,-8.13379e-07,-0.00537258,-0.000817925,-0.00763116,-0.0368561,-0.123771,11.094,11.0947,0,0.184006
0.19,hover,-0.000250185,0.00013335,-0.00185147,0.00146772,0,0,-0.00293247,-0.000590051,0.00123541,99.7177,99.8577,99.7036,-1.0593,nan,0.314215,0.313684,0.314832,0.313608,0.314902,0.313684,0.314902,0.314832,0.313608,1,0,0.00229024,0,0.000389348,-1.12447e-05,-0.00107372,0.00555957,-0.00440184,1.1117e-06,1.25775e-05,-7.96717e-07,0.00342288,0.000872549,0.0104366,-0.0417186,-0.0275022,11.4871,11.4872,0,0.119424
0.2,hover,-0.00027786,0.000136563,-0.00131435,0.00068416,0,0,-0.00256406,-5.03872e-05,0.00216704,99.7074,99.8474,99.6931,-1.04101,nan,0.313294,0.312717,0.313668,0.312626,0.314368,0.312717,0.314368,0.313668,0.312626,1,0,0.00119604,0,0.00209629,0.00115306,-0.00118373,0.00393281,-0.00206015,-8.3342e-06,2.57042e-05,-7.37764e-07,-0.00683132,-0.0050888,0.00213023,0.00253696,-0.0502993,11.7938,11.7939,0,0.0671644
0.21,hover,-0.000301399,0.000134999,-0.00129029,0.000665375,0,0,-0.00212645,0.000382752,0.00267881,99.6972,99.8372,99.6641,-1.02544,nan,0.312215,0.313187,0.311172,0.312993,0.311738,0.313187,0.311738,0.311172,0.312993,1,0,0.00138107,0,0.00201663,0.000705615,0.00143738,0.00386569,-0.00200176,-8.3342e-06,2.57042e-05,-7.37764e-07,-0.00345233,-0.00372097,-0.00930166,-0.0274926,-0.101811,12.0733,12.0737,0,0.0642928
0.22,hover,-0.000320669,0.00012944,-0.00124724,0.000617305,0,0,-0.00171978,0.000722647,0.00261858,99.6873,99.8273,99.654,-1.0013,nan,0.311012,0.311187,0.3108,0.310973,0.31134,0.311187,0.31134,0.3108,0.310973,1,0,0.00138107,0,0.00199924,0.00062058,8.76109e-06,0.00374056,-0.00186344,-8.33682e-06,2.5702e-05,-7.37787e-07,-0.000783325,-0.00765681,0.00130743,-0.0158902,-0.0527549,12.2979,12.298,0,0.0599961
0.23,hover,-0.000336453,0.000121319,-0.00117923,0.000580305,0,0,-0.00143428,0.000872798,0.00135117,99.6777,99.8177,99.6876,-0.9594,nan,0.309715,0.30982,0.309846,0.309727,0.309733,0.30982,0.309733,0.309846,0.309727,1,0,0.000690534,0,-5.21448e-05,-0.000390201,-1.44587e-05,0.00354576,-0.00174523,-8.33682e-06,2.5702e-05,-7.37787e-07,0.00536773,-0.00285448,0.00192865,0.202634,-0.00216603,12.3916,12.3932,0,0.0549814
0.24,hover,-0.00035002,0.000111929,-0.00112846,0.000560571,0,0,-0.00128828,0.00100482,0.00163854,99.6683,99.8083,99.6782,-0.931867,nan,0.308348,0.308701,0.308372,0.30875,0.307846,0.308701,0.307846,0.308372,0.30875,1,0,0.000690534,0,-0.00152476,-0.00090165,0.000541827,0.00338528,-0.00168064,-8.338e-06,2.57011e-05,-7.37797e-07,-9.11259e-05,0.000731969,0.00973522,0.12084,-0.0290996,12.5535,12.5541,0,0.0514745
0.25,hover,-0.000362464,0.000101395,-0.00107587,0.00049874,0,0,-0.00120348,0.00110342,0.00132978,99.6592,99.7992,99.6856,-0.896531,nan,0.306932,0.308563,0.30548,0.308786,0.305187,0.308563,0.305187,0.30548,0.308786,1,0,0.000690534,0,-0.00136943,-0.00013381,0.00293715,0.00323659,-0.00149303,-8.338e-06,2.57011e-05,-7.37797e-07,0.00596833,0.00214957,0.00196979,0.0136127,0.0910886,12.6579,12.6582,0,0.0467828
0.26,hover,-0.000374592,8.97629e-05,-0.00105439,0.000424603,0,0,-0.00120094,0.00118958,0.000953804,99.6504,99.7904,99.6768,-0.867388,nan,0.305487,0.303922,0.306887,0.304675,0.306755,0.303922,0.306755,0.306887,0.304675,1,0,0.000690534,0,-0.00234826,0.00117899,-0.00221728,0.00316984,-0.00127487,-8.33786e-06,2.57012e-05,-7.37796e-07,0.00444531,-0.000685821,0.00278254,0.0327989,0.11658,12.7475,12.748,0,0.043413
0.27,hover,-0.0003866,7.82983e-05,-0.00102758,0.000388137,0,0,-0.00119236,0.00107654,0.00224632,99.6418,99.7818,99.6665,-0.838793,nan,0.304026,0.30371,0.304453,0.30369,0.304545,0.30371,0.304545,0.304453,0.30369,1,0,0.000690534,0,0.000297831,0.000135559,-0.000702291,0.00308919,-0.00116533,-8.33786e-06,2.57012e-05,-7.37796e-07,0.00429491,-0.00059161,0.00543105,0.00659036,0.0677783,12.8017,12.8019,0,0.0407851
0.28,hover,-0.000398623,6.81395e-05,-0.000966422,0.000334066,0,0,-0.00120984,0.000957028,0.000873748,99.6336,99.7736,99.6583,-0.809498,nan,0.302563,0.301833,0.30325,0.302671,0.302791,0.301833,0.302791,0.30325,0.302671,1,0,0.00119604,0,-0.00344062,0.00071942,-0.000675382,0.00290322,-0.00101316,-8.33405e-06,2.57041e-05,-7.37761e-07,0.00262495,-0.00728531,0.00549575,0.0521606,0.0552964,12.772,12.7722,0,0.0359172
0.29,hover,-0.000411245,5.93445e-05,-0.000927088,0.000285567,0,0,-0.00131434,0.000778444,0.00166014,99.6257,99.7657,99.6088,-0.802341,nan,0.301107,0.299283,0.302847,0.299883,0.302705,0.299283,0.302705,0.302847,0.299883,1,0,0,0,-0.00196877,0.000865893,-0.00280698,0.0028017,-0.000877292,-8.33405e-06,2.57041e-05,-7.37761e-07,0.0136109,-0.0137069,0.00670055,-0.0470741,0.0526553,12.6678,12.668,0,0.032266
0.3,hover,-0.000424886,5.2898e-05,-0.000912269,0.000251425,0,0,-0.00144122,0.000488859,0.00220894,99.618,99.758,99.601,-0.773301,nan,0.299666,0.299147,0.300275,0.299393,0.300136,0.299147,0.300136,0.300275,0.299393,1,0,0,0,-0.00102131,0.000202516,-0.000822179,0.00272194,-0.000775573,-8.3329e-06,2.57049e-05,-7.3775e-07,-0.009915,-0.0141713,-0.00272275,-0.0583099,-0.0537284,12.7249,12.7252,0,0.0301458
0.31,hover,-0.000440124,4.93414e-05,-0.000878274,0.000193554,0,0,-0.00159818,0.00020493,0.00218641,99.6107,99.7507,99.5823,-0.751111,nan,0.298248,0.297911,0.298614,0.29807,0.298679,0.297911,0.298679,0.298614,0.29807,1,0,0,0,-0.000248142,0.000426215,-0.00057689,0.00263951,-0.000597662,-8.3329e-06,2.57049e-05,-7.3775e-07,0.00311887,-0.0112983,-0.00946135,-0.0642765,-0.086652,12.7317,12.7322,0,0.0264232
0.32,hover,-0.000456581,4.88727e-05,-0.000857855,0.00014351,0,0,-0.00169232,-0.000148226,0.00157644,99.6036,99.7436,99.5749,-0.723144,nan,0.296857,0.296368,0.297073,0.296914,0.297348,0.296368,0.297348,0.297073,0.296914,1,0,0,0,-0.000719449,0.00155581,-0.000500024,0.00256256,-0.000463351,-8.33298e-06,2.57049e-05,-7.37751e-07,-0.00734526,-0.0218556,0.00160482,0.0362415,-0.112074,12.6981,12.6986,0,0.0236184
0.33,hover,-0.000474033,5.25807e-05,-0.000824315,0.00011718,0,0,-0.00182426,-0.000621138,0.000135945,99.5968,99.7368,99.5686,-0.695103,nan,0.295497,0.295247,0.295724,0.29519,0.296098,0.295247,0.296098,0.295724,0.29519,1,0,0,0,0.00114302,0.000600383,-0.000609028,0.00247801,-0.000379768,-8.33298e-06,2.57049e-05,-7.37751e-07,0.00336552,-0.0187952,0.00399757,0.0785632,-0.149697,12.5927,12.5938,0,0.0204059
0.34,hover,-0.000492801,6.13575e-05,-0.000776119,8.69456e-05,0,0,-0.00192701,-0.00118482,0.000688216,99.5902,99.7302,99.5618,-0.668415,nan,0.294172,0.294445,0.293798,0.294856,0.29385,0.294445,0.29385,0.293798,0.294856,1,0,0,0,-0.000952263,0.000877577,0.000726409,0.00232617,-0.000276142,-8.331e-06,2.5706e-05,-7.37734e-07,-0.00146723,-0.0101773,-0.000712091,-0.0420575,-0.12473,12.3474,12.3481,0,0.0163002
0.35,hover,-0.000512542,7.56754e-05,-0.000716206,8.50391e-05,0,0,-0.00202969,-0.00167425,0.000780622,99.5839,99.7239,99.5401,-0.65316,nan,0.292883,0.29227,0.293881,0.292029,0.293609,0.29227,0.293609,0.293881,0.292029,1,0,0,0,-8.14463e-05,-0.000972922,-0.00140225,0.00214762,-0.000257053,-8.331e-06,2.5706e-05,-7.37734e-07,-0.000674575,-0.00126774,0.00433806,0.177676,0.0149761,12.3515,12.3528,0,0.011685
0.36,hover,-0.000533452,9.37005e-05,-0.000686674,7.27812e-05,0,0,-0.00219103,-0.00193786,0.00168224,99.5779,99.7179,99.5337,-0.627873,nan,0.291633,0.292629,0.290756,0.292472,0.290922,0.292629,0.290922,0.290756,0.292472,1,0,0,0,0.000857665,1.7294e-05,0.00150459,0.00206312,-0.00022858,-8.32126e-06,2.57103e-05,-7.37652e-07,0.00205766,-0.00680055,0.00303322,0.12463,0.133243,12.2494,12.2507,0,0.00887206
0.37,hover,-0.00055612,0.00011398,-0.000646142,9.34106e-05,0,0,-0.00232643,-0.00208575,0.00105099,99.5721,99.7121,99.4611,-0.654426,nan,0.290422,0.290968,0.290241,0.291281,0.289437,0.290968,0.289437,0.290241,0.291281,1,0,0,0,-0.00296018,-0.000930804,0.00112995,0.00194707,-0.000284133,-8.32126e-06,2.57103e-05,-7.37652e-07,0.00575437,-0.00256497,-0.0154837,0.0504585,0.0958364,12.2178,12.2182,0,0.00530759
0.38,hover,-0.00058012,0.000134738,-0.000616318,8.33109e-05,0,0,-0.00248145,-0.00207184,0.00231192,99.5666,99.7066,99.4547,-0.63092,nan,0.289251,0.289201,0.289608,0.288878,0.289547,0.289201,0.289547,0.289608,0.288878,1,0,0,0,0.000692454,-0.000728503,-0.000473213,0.00185648,-0.000247235,-8.31812e-06,2.57115e-05,-7.37625e-07,0.00501096,0.00182235,0.00352793,0.00415052,0.0312084,12.1438,12.1438,0,0.00364315
0.39,hover,-0.000605581,0.000155614,-0.000583811,7.59588e-05,0,0,-0.0025924,-0.00210331,0.00141066,99.5613,99.7013,99.4286,-0.624188,nan,0.288119,0.287132,0.288858,0.287517,0.289193,0.287132,0.289193,0.288858,0.287517,1,0,0,0,-0.000129041,0.0013644,-0.00149518,0.00177296,-0.000222606,-8.31812e-06,2.57115e-05,-7.37625e-07,0.0143464,0.00354037,-0.00109356,-0.0159997,0.0415396,12.0266,12.0267,0,0.00477088
0.4,hover,-0.000632108,0.000177269,-0.000550046,5.10725e-05,0,0,-0.00272024,-0.00225188,0.000989824,99.5562,99.6962,99.4225,-0.60211,nan,0.287028,0.286955,0.287228,0.287084,0.28706,0.286955,0.28706,0.287228,0.287084,1,0,0,0,-0.000785804,-7.20909e-05,-0.000109579,0.00166173,-0.000167945,-8.32561e-06,2.57094e-05,-7.37688e-07,0.00771838,-0.00979447,0.00328643,-0.0491375,-0.0693965,11.9522,11.9525,0,0.00865658
0.41,hover,-0.000659638,0.000200329,-0.000544638,7.0038e-05,0,0,-0.00278529,-0.0023433,0.00114552,99.5513,99.6913,99.4611,-0.541904,nan,0.285976,0.286174,0.285903,0.285956,0.286078,0.286174,0.286078,0.285903,0.285956,1,0,0,0,0.00104222,-8.01445e-05,6.56266e-05,0.00163279,-0.000226273,-8.32561e-06,2.57094e-05,-7.37688e-07,-0.000754581,-0.0107429,-0.00777616,-0.0226876,-0.040974,11.9452,11.9453,0,0.00998381
0.42,hover,-0.000687916,0.000223834,-0.000512813,6.78241e-05,0,0,-0.00289973,-0.00234843,0.00132609,99.5466,99.6866,99.4558,-0.521535,nan,0.284963,0.283772,0.285897,0.284203,0.286179,0.283772,0.286179,0.285897,0.284203,1,0,0,0,-0.000397369,0.00134913,-0.00180258,0.00154106,-0.000208694,-8.32763e-06,2.5709e-05,-7.37705e-07,0.00174047,-0.00344984,-0.0114701,-0.0467116,-0.0836728,11.8019,11.8023,0,0.0134588
0.43,hover,-0.000717818,0.000247262,-7.30773e-05,0.000518717,0,0,-0.00310307,-0.00232248,0.00166064,99.5421,99.6821,99.462,-0.491489,nan,0.283988,0.283728,0.284019,0.283994,0.284402,0.283728,0.284402,0.284019,0.283994,1,0,0,0,0.000310195,0.0012306,-0.000306845,0.000214315,-0.0015683,-4.77186e-05,-1.76662e-05,-7.06548e-07,-0.0033232,-0.00811867,-0.00482945,0.0682568,-0.0725216,11.777,11.7774,0,0.0400456
0.44,hover,-0.000749893,0.000269848,0.000589868,-0.000335121,0,0,-0.00334062,-0.00220262,0.00212992,99.5379,99.6779,99.4572,-0.472684,nan,0.28305,0.283289,0.282735,0.283314,0.283047,0.283289,0.283047,0.282735,0.283314,1,0,0,0,0.000760939,0.000638916,0.000361239,-0.00178062,0.00101533,-0.00011147,6.58094e-05,-7.65415e-07,-0.00746006,0.00670546,-0.00605312,0.0898137,-0.0148611,11.6001,11.6005,0,0.0842303
0.45,hover,-0.000784358,0.000291495,0.000557729,-0.000489965,0,0,-0.00356999,-0.0021559,0.00263205,99.5338,99.6738,99.4275,-0.478674,nan,0.282149,0.28261,0.282078,0.282667,0.281417,0.28261,0.281417,0.282078,0.282667,1,0,0,0,-0.00190318,-0.00114534,0.000782974,-0.00166103,0.00147237,-0.000106126,7.93661e-05,-7.79709e-07,0.00799892,0.00172981,-0.00172438,0.127081,0.0607531,11.6569,11.6578,0,0.0889924
0.46,hover,-0.000821318,0.00031297,0.00101399,-0.000670137,0,0,-0.00384815,-0.00218321,0.00166471,99.5298,99.6698,99.4228,-0.461206,nan,0.281283,0.281612,0.281028,0.281713,0.28095,0.281612,0.28095,0.281028,0.281713,1,0,0.000690534,0,-0.000474746,4.32026e-05,0.000592155,-0.00303795,0.00200245,-0.000153612,9.3501e-05,-7.24508e-07,0.00251537,-0.00521761,-0.00162654,0.141212,0.0828302,11.5607,11.5619,0,0.1193
0.47,hover,-0.000861279,0.000335653,0.00072103,-0.000907592,0,0,-0.00417778,-0.00237221,0.00133916,99.5261,99.6661,99.3914,-0.471774,nan,0.280452,0.279904,0.281058,0.2805,0.280508,0.279904,0.280508,0.281058,0.2805,1,0,0.000690534,0,-0.00304001,8.85978e-05,-0.000510757,-0.0021508,0.00272351,-0.000120461,0.000115451,-9.19461e-07,0.00807334,0.000606687,0.00401093,0.0561634,-0.0240293,11.6003,11.6004,0,0.115318
0.48,hover,-0.000905237,0.000360605,0.000366004,-0.000697247,0,0,-0.00461317,-0.00267539,0.00163106,99.5225,99.6625,99.3868,-0.455508,nan,0.279653,0.279213,0.279941,0.279544,0.280072,0.279213,0.280072,0.279941,0.279544,1,0,0,0,-0.000531447,0.000875734,-0.000551793,-0.00109259,0.00210492,-7.79616e-05,8.82703e-05,-1.08938e-06,0.00353735,0.00887327,0.00483316,0.00108941,0.0240608,11.3395,11.3395,0,0.0947817
0.49,hover,-0.000952927,0.000389418,-8.11796e-06,-0.00104718,0,0,-0.00492521,-0.00313407,0.00199072,99.5191,99.6591,99.3903,-0.431468,nan,0.278887,0.279748,0.278069,0.279895,0.277986,0.279748,0.277986,0.278069,0.279895,1,0,0.00119604,0,-0.000611831,0.000119994,0.00157683,1.20516e-05,0.00313323,-3.60271e-05,0.000127691,-1.26294e-06,-0.00824139,-0.00541976,-0.00371045,-0.0632609,0.00112043,11.3534,11.3535,0,0.098568
0.5,hover,-0.00100347,0.000423037,-0.00014116,-0.00089055,0,0,-0.00520755,-0.00358025,0.00197217,99.5158,99.6558,99.386,-0.416407,nan,0.278152,0.276832,0.279303,0.27711,0.279506,0.276832,0.279506,0.279303,0.27711,1,0,0,0,-0.000199404,0.000913509,-0.00213925,0.000429641,0.00266766,-2.06485e-05,0.00011086,-1.31772e-06,0.00408754,-0.0025469,0.000751527,-0.0482179,-0.0791102,11.2865,11.2869,0,0.0900854
0.51,hover,-0.00105681,0.000460491,-0.000223062,-0.00103008,0,0,-0.00545225,-0.00392721,0.00232221,99.5126,99.6526,99.3552,-0.43133,nan,0.277446,0.277279,0.277519,0.27722,0.277905,0.277279,0.277905,0.277519,0.27722,1,0,0,0,0.00118311,0.000620468,-0.000406227,0.000679,0.00311324,-1.1135e-05,0.000129268,-1.33007e-06,0.00653254,0.0154688,0.000550128,-0.00206643,-0.103797,11.2098,11.2102,0,0.097921
0.52,hover,-0.00111204,0.000501385,8.46542e-05,-0.00142809,0,0,-0.00557922,-0.00427955,0.00241017,99.5096,99.6496,99.351,-0.417771,nan,0.27677,0.276369,0.276962,0.276451,0.277429,0.276369,0.277429,0.276962,0.276451,1,0,0.000976562,0,0.00102201,0.00104072,-0.00069022,-0.000264776,0.00428843,-4.96347e-05,0.000182787,-1.27591e-06,-0.00725687,0.0029497,0.00111057,0.0456009,0.00798751,11.1352,11.1353,0,0.130152
0.53,hover,-0.0011682,0.000546399,0.000348018,-0.00155114,0,0,-0.0056459,-0.00479198,0.0022152,99.5068,99.6468,99.3485,-0.402712,nan,0.276121,0.276167,0.276117,0.2763,0.276026,0.276167,0.276026,0.276117,0.2763,1,0,0.00119604,0,-0.000593863,8.08523e-05,0.000142501,-0.0010361,0.00464408,-8.45056e-05,0.000197573,-1.14065e-06,0.00522457,-0.00602318,0.00374862,0.0760232,-0.0459341,11.1451,11.1454,0,0.14835
0.54,hover,-0.00122455,0.000597032,-2.20316e-05,-0.00144888,0,0,-0.00561043,-0.00536183,0.0026581,99.504,99.644,99.3445,-0.390058,nan,0.275499,0.276167,0.274986,0.276153,0.274811,0.276167,0.274811,0.274986,0.276153,1,0,0.00138107,0,-0.000426274,-0.000358239,0.00110874,4.85394e-05,0.00435489,-3.5581e-05,0.000186031,-1.30816e-06,-0.0117376,0.00569211,0.00100315,0.193296,-0.00983803,11.0196,11.0213,0,0.136045
0.55,hover,-0.00128064,0.000653058,-0.000319634,-0.00128679,0,0,-0.00561636,-0.00586048,0.00264643,99.5014,99.6414,99.4292,-0.275474,nan,0.274902,0.275813,0.27386,0.276122,0.273931,0.275813,0.273931,0.27386,0.276122,1,0,0.00119604,0,-0.000632796,0.000720491,0.00182163,0.000962571,0.00385948,8.58252e-06,0.00016351,-1.48459e-06,0.00243154,-0.000421643,-0.019119,0.068346,0.129819,11.0594,11.0604,0,0.124123
0.56,hover,-0.00133716,0.000714254,-0.000289879,-0.00114771,0,0,-0.00565329,-0.00643725,0.00232166,99.4989,99.6389,99.4265,-0.263883,nan,0.274331,0.276116,0.27269,0.275465,0.273163,0.276116,0.273163,0.27269,0.275465,1,0,0.00119604,0,0.00297945,-0.000336681,0.00251719,0.000866402,0.00345021,-4.25788e-08,0.000140981,-1.53199e-06,-0.00215052,0.00485371,0.00458736,0.0627994,0.0534567,10.9698,10.9701,0,0.122484
0.57,hover,-0.001393,0.000781494,-0.000537852,-0.00149241,0,0,-0.00548972,-0.00704945,0.00265545,99.4965,99.6365,99.4063,-0.27363,nan,0.273782,0.273303,0.274295,0.273914,0.273726,0.273303,0.273726,0.274295,0.273914,1,0,0.000690534,0,-0.00313133,7.85386e-05,-0.000353303,0.00161902,0.0044758,3.89733e-05,0.000192534,-1.55336e-06,0.00369536,-0.000766838,0.0112843,-0.0375703,0.0345024,10.9108,10.9109,0,0.139303
0.58,hover,-0.00144741,0.000854677,-0.000499778,-0.00127437,0,0,-0.00538258,-0.00759153,0.00273278,99.4942,99.6342,99.4036,-0.26281,nan,0.273257,0.272232,0.274479,0.272473,0.273947,0.272232,0.273947,0.274479,0.272473,1,0,0.00154408,0,-0.00205,-0.000551987,-0.00163554,0.00151222,0.00382403,3.58275e-05,0.000162437,-1.61003e-06,0.00862441,0.000780216,-0.000597026,-0.0510244,-0.00912161,10.7977,10.7979,0,0.133628
0.59,hover,-0.00150098,0.000932408,-0.000801143,-0.00133162,0,0,-0.00533267,-0.00796714,0.00293338,99.492,99.632,99.4194,-0.230191,nan,0.272754,0.272385,0.272781,0.272836,0.273111,0.272385,0.273111,0.272781,0.272836,1,0,0.00138107,0,-0.000320477,0.00148057,-0.000295325,0.00238379,0.00399613,8.19766e-05,0.000178734,-1.72241e-06,-0.0129944,0.00102353,0.0116698,-0.0263462,-0.0298765,10.7885,10.7886,0,0.135904
0.6,hover,-0.00155392,0.0010138,-0.00106555,-0.00132479,0,0,-0.00523177,-0.00832756,0.00175746,99.4899,99.6299,99.4171,-0.220389,nan,0.272271,0.271385,0.273254,0.271137,0.273402,0.271385,0.273402,0.273254,0.271137,1,0,0.00169146,0,0.00105081,-0.000189899,-0.00181667,0.00319221,0.00398291,0.000123326,0.000184828,-1.87299e-06,-0.00282715,0.00586964,-0.00266475,-0.0818466,-0.0795512,10.7916,10.7922,0,0.137033
0.61,hover,-0.00160544,0.00109851,-0.000985336,-0.00114687,0,0,-0.00505313,-0.00863887,0.0015537,99.4879,99.6279,99.4169,-0.208317,nan,0.271808,0.271403,0.272683,0.270798,0.27244,0.271403,0.27244,0.272683,0.270798,1,0,0.00119604,0,0.000960005,-0.00160531,-0.00128462,0.00296981,0.00345042,0.000113859,0.00016369,-1.93069e-06,0.00932987,0.00669812,0.0099367,-0.0643191,-0.0292587,10.8417,10.8419,0,0.133612
0.62,hover,-0.00165524,0.0011858,-0.00059179,-0.0014351,0,0,-0.00492847,-0.00880269,0.00176443,99.486,99.626,99.4149,-0.19926,nan,0.271365,0.271514,0.271407,0.271186,0.27144,0.271514,0.27144,0.271407,0.271186,1,0,0.00154408,0,0.000956664,-0.000560766,-6.50175e-05,0.00175858,0.00431156,4.75469e-05,0.000223634,-1.53987e-06,-0.011139,0.00439541,0.003286,0.155665,0.0167016,10.7092,10.7103,0,0.16218
0.63,hover,-0.0017042,0.001274,-0.000800555,-0.00137196,0,0,-0.00483313,-0.00885275,0.00236148,99.4842,99.6242,99.4333,-0.165205,nan,0.27094,0.270125,0.271514,0.27045,0.271755,0.270125,0.271755,0.271514,0.27045,1,0,0.000690534,0,-0.000222235,0.00107273,-0.00118445,0.00241118,0.00412971,8.10166e-05,0.000217062,-1.67916e-06,0.00643304,0.00943417,0.00565324,0.0805047,0.0171476,10.671,10.6713,0,0.160339
0.64,hover,-0.00175181,0.0013625,-0.00104421,-0.00139869,0,0,-0.00466686,-0.00884317,0.00280894,99.4825,99.6225,99.4317,-0.156929,nan,0.270533,0.270739,0.270431,0.270593,0.270449,0.270739,0.270449,0.270431,0.270593,1,0,0.00154408,0,0.000436266,-0.00024285,0.000199049,0.00313848,0.00420259,0.00012936,0.000235434,-1.80826e-06,0.00402199,0.00459106,-0.00742579,0.0180743,-0.000963427,10.6895,10.6895,0,0.16348
0.65,hover,-0.0017975,0.00145061,-0.00139403,-0.00117219,0,0,-0.00442008,-0.00878278,0.00285527,99.4808,99.6208,99.4221,-0.158989,nan,0.270143,0.271212,0.269264,0.270971,0.269199,0.271212,0.269199,0.269264,0.270971,1,0,0.00119604,0,0.000467684,-0.00058026,0.00163477,0.0041881,0.00352982,0.000191524,0.000205601,-2.22185e-06,0.00420071,0.00903813,-0.00582625,0.108418,0.0547989,10.64,10.6407,0,0.152238
0.66,hover,-0.0018399,0.00153825,-0.00122392,-0.00121426,0,0,-0.00399838,-0.00876272,0.00141067,99.4793,99.6193,99.4205,-0.151259,nan,0.269769,0.270471,0.269498,0.270506,0.268673,0.270471,0.268673,0.269498,0.270506,1,0,0.00138107,0,-0.00228448,-0.00149743,0.00123332,0.00368575,0.00367032,0.000157133,0.000222999,-2.02445e-06,0.00948926,0.0185676,0.00791312,-0.0322734,0.0254544,10.6129,10.6129,0,0.161789
0.67,hover,-0.00187779,0.00162546,-0.00132485,-0.00141094,0,0,-0.00357132,-0.00868192,0.00208132,99.4777,99.6177,99.3743,-0.200787,nan,0.26941,0.268756,0.270085,0.269165,0.269705,0.268756,0.269705,0.270085,0.269165,1,0,0.00154408,0,-0.00209238,5.28646e-05,-0.000821667,0.00399283,0.00424682,0.00018002,0.000263659,-1.99792e-06,0.0123663,0.00959677,-0.000856684,-0.00966285,0.0557155,10.5818,10.5819,0,0.17703
0.68,hover,-0.00191197,0.00171215,-0.00128111,-0.00137543,0,0,-0.00325402,-0.00864084,0.0021314,99.4763,99.6163,99.3723,-0.193804,nan,0.269067,0.269411,0.26829,0.269724,0.268909,0.269411,0.268909,0.26829,0.269724,1,0,0.00154408,0,0.000809071,0.00176467,0.00085109,0.00383115,0.0041413,0.000176837,0.000266756,-1.97452e-06,-0.00793721,0.0102805,-0.0033998,-0.0923366,-0.0177732,10.4231,10.4236,0,0.180753
0.69,hover,-0.00194303,0.00179811,-0.00133733,-0.00156038,0,0,-0.00294996,-0.00856186,0.00152107,99.4749,99.6149,99.355,-0.206635,nan,0.268738,0.268938,0.268713,0.268026,0.269338,0.268938,0.269338,0.268713,0.268026,1,0,0.00169146,0,0.00407407,-0.000544443,-0.000477984,0.00401475,0.00467655,0.000187821,0.000311863,-1.85496e-06,0.00203741,-0.00275026,0.00205305,-0.0483419,-0.107738,10.5495,10.5502,0,0.195733
0.7,hover,-0.00197105,0.00188378,-0.00150302,-0.00130336,0,0,-0.00262823,-0.0085867,0.00174107,99.4736,99.6136,99.353,-0.200242,nan,0.268422,0.26888,0.26802,0.268632,0.268218,0.26888,0.268218,0.26802,0.268632,1,0,0.00195312,0,0.00118443,-9.40064e-05,0.000559844,0.00452871,0.00391493,0.000222843,0.000272931,-2.18614e-06,0.0133294,0.00351141,0.000976294,-0.0236919,-0.0970552,10.3945,10.395,0,0.184788
0.71,hover,-0.00199569,0.00196981,-0.00123201,-0.00124804,0,0,-0.00227052,-0.00864105,0.00173521,99.4724,99.6124,99.3387,-0.209751,nan,0.26812,0.268994,0.266835,0.269295,0.267413,0.268994,0.267413,0.266835,0.269295,1,0,0.00119604,0,0.000735718,0.0016674,0.00177617,0.00369969,0.00376158,0.000173553,0.000274226,-2.06651e-06,0.00261268,0.0119204,0.00102003,0.0672015,-0.0817743,10.4278,10.4283,0,0.189685
0.72,hover,-0.0020165,0.00205683,-0.00123206,-0.00126669,0,0,-0.00189741,-0.00877439,0.00144288,99.4712,99.6112,99.3366,-0.203678,nan,0.26783,0.268697,0.266895,0.268458,0.267326,0.268697,0.267326,0.266895,0.268458,1,0,0.00119604,0,0.00177833,0.00036195,0.00128965,0.00370749,0.003813,0.000183558,0.00028717,-2.04737e-06,0.00772101,0.00889261,0.00344724,0.0247461,-0.0784232,10.3714,10.3717,0,0.195852
0.73,hover,-0.00203427,0.00214501,-0.00136063,-0.00114338,0,0,-0.00163351,-0.00887825,0.000880497,99.4701,99.6101,99.3245,-0.210981,nan,0.267552,0.267757,0.267953,0.267518,0.267034,0.267757,0.267034,0.267953,0.267518,1,0,0.00154408,0,-0.00180545,-0.00219628,0.000126861,0.00409298,0.00345227,0.000216876,0.000275268,-2.16526e-06,0.00762268,0.0150159,0.00236452,0.0974976,0.00191371,10.3826,10.3831,0,0.19253
0.74,hover,-0.00204973,0.00223365,-0.00137685,-0.00103318,0,0,-0.00146951,-0.00885839,0.0015845,99.469,99.609,99.3224,-0.205478,nan,0.267286,0.267207,0.267571,0.267055,0.267362,0.267207,0.267362,0.267571,0.267055,1,0,0.00169146,0,-0.000152737,-0.00068378,-0.00029492,0.00414141,0.00311561,0.00023306,0.000264073,-2.26677e-06,0.00747316,0.0109581,0.00552716,0.110355,0.0412856,10.4416,10.4422,0,0.191314
0.75,hover,-0.00206427,0.00232205,-0.00123103,-0.000911811,0,0,-0.00144636,-0.00883895,0.0034351,99.468,99.608,99.3415,-0.172841,nan,0.267031,0.265857,0.26806,0.26612,0.268136,0.265857,0.268136,0.26806,0.26612,1,0,0.00119604,0,-0.000498945,0.000642268,-0.00185449,0.00368742,0.00276102,0.000212314,0.000250944,-2.25428e-06,-0.00356309,0.0173052,0.00211436,-0.00194581,0.0546864,10.3559,10.3561,0,0.191534
0.76,hover,-0.00207898,0.00241069,-0.00117622,-0.000662793,0,0,-0.00148899,-0.00889218,0.00234627,99.467,99.607,99.3398,-0.167762,nan,0.266786,0.266429,0.267154,0.266725,0.266884,0.266429,0.266884,0.267154,0.266725,1,0,0.000690534,0,-0.0015012,4.76063e-05,-0.000388488,0.00354146,0.00199574,0.00020653,0.00020998,-2.40068e-06,0.00875097,0.00511131,0.0035591,0.0654144,0.0273771,10.2504,10.2506,0,0.183719
0.77,hover,-0.00209445,0.00249968,-0.00144225,-0.000793996,0,0,-0.00162237,-0.00891629,0.00200785,99.4661,99.6061,99.3429,-0.15672,nan,0.266552,0.266316,0.266975,0.266153,0.266808,0.266316,0.266808,0.266975,0.266153,1,0,0.00119604,0,-1.19775e-05,-0.000624887,-0.000578073,0.00434367,0.00237718,0.000270342,0.000244268,-2.35771e-06,0.0115518,-0.00296333,0.00206176,0.0145989,0.0207534,10.241,10.241,0,0.192595
0.78,hover,-0.00211137,0.00258869,-0.00160556,-0.00105196,0,0,-0.00172996,-0.00884932,0.00184342,99.4652,99.6052,99.3413,-0.15209,nan,0.266327,0.26633,0.266301,0.26642,0.266299,0.26633,0.266299,0.266301,0.26642,1,0,0.00154408,0,-0.000242419,0.000165377,6.56532e-05,0.00482731,0.00317583,0.000307286,0.000308124,-2.21675e-06,0.00738601,0.0136045,-0.00470592,-0.0446791,-0.0563611,10.2627,10.263,0,0.210838
0.79,hover,-0.00212872,0.0026767,-0.00171231,-0.00130989,0,0,-0.00171172,-0.00874551,0.00180087,99.4644,99.6044,99.3485,-0.136448,nan,0.266111,0.265434,0.266928,0.265734,0.266391,0.265434,0.266391,0.266928,0.265734,1,0,0.00154408,0,-0.00222315,-0.000450835,-0.000945069,0.00513253,0.00392331,0.000330443,0.000371853,-1.99107e-06,-0.00259749,-0.00386777,0.00184206,-0.0518105,-0.0472125,10.3128,10.313,0,0.229911
0.8,hover,-0.00214548,0.00276301,-0.00175671,-0.00111299,0,0,-0.00163538,-0.00848727,0.00254593,99.4636,99.6036,99.3472,-0.132079,nan,0.265905,0.265444,0.266627,0.26504,0.266549,0.265444,0.266549,0.266627,0.26504,1,0,0.00154408,0,0.000863448,-0.00091157,-0.00118329,0.00528233,0.00333502,0.00034477,0.000345229,-2.2405e-06,0.00848688,-0.00230735,0.00726508,0.000347395,-0.0889173,10.2741,10.2745,0,0.223458
0.81,hover,-0.00216111,0.00284593,-0.00182846,-0.00125716,0,0,-0.00144163,-0.00810537,0.00284576,99.4629,99.6029,99.3408,-0.134481,nan,0.265707,0.265053,0.266302,0.265368,0.266144,0.265053,0.266144,0.266302,0.265368,1,0,0.00229024,0,-0.00125151,0.000298076,-0.000889995,0.0054831,0.00377554,0.000364709,0.000382488,-2.05919e-06,-0.00114575,0.00308949,0.000937394,0.00762198,-0.0812324,10.1752,10.1755,0,0.236134
0.82,hover,-0.00217444,0.00292561,-0.0021712,-0.00142553,0,0,-0.00120801,-0.0078361,0.0019664,99.4622,99.6022,99.3394,-0.130418,nan,0.265517,0.265971,0.265572,0.26539,0.265172,0.265971,0.265172,0.265572,0.26539,1,0,0.00267443,0,0.000480409,-0.00185755,0.000271245,0.00650851,0.00428755,0.00044389,0.00042653,-2.1096e-06,-0.00292655,0.00773061,0.00596432,0.0160331,-0.0667224,10.1785,10.1787,0,0.249611
0.83,hover,-0.00218555,0.00300234,-0.00225217,-0.00124511,0,0,-0.000964055,-0.00752844,0.00193061,99.4615,99.6015,99.3595,-0.0989417,nan,0.265335,0.264859,0.265739,0.264855,0.265924,0.264859,0.265924,0.265739,0.264855,1,0,0.00229024,0,0.000500731,0.000344028,-0.000856436,0.00675594,0.00376307,0.000464472,0.000394054,-2.53783e-06,7.67162e-05,0.0189097,-0.00859472,0.0535276,0.112336,10.1936,10.1943,0,0.243719
0.84,hover,-0.00219408,0.00307657,-0.00218306,-0.00116682,0,0,-0.0007014,-0.00730943,0.00207935,99.4609,99.6009,99.3586,-0.0954804,nan,0.265161,0.264679,0.266009,0.264018,0.265972,0.264679,0.265972,0.266009,0.264018,1,0,0.0020716,0,0.00165419,-0.00132251,-0.00144404,0.00655041,0.00350641,0.000460123,0.000388342,-2.60388e-06,0.00128867,0.00436084,-0.000151559,0.059318,0.0834613,10.1832,10.1837,0,0.243456
0.85,hover,-0.00219967,0.00314799,-0.00253568,-0.00116549,0,0,-0.000362562,-0.00698307,0.00243933,99.4603,99.6003,99.3363,-0.119291,nan,0.264994,0.265628,0.264476,0.265615,0.264288,0.265628,0.264288,0.264476,0.265615,1,0,0.00248976,0,-0.000462714,-0.000379843,0.00108987,0.00762022,0.00348411,0.000541836,0.00039323,-2.98243e-06,0.00932857,-0.00785987,0.00124837,0.00111129,0.0582162,10.0913,10.0914,0,0.248267
0.86,hover,-0.00220172,0.00321639,-0.0021946,-0.00130014,0,0,-8.52668e-06,-0.00671123,0.00277481,99.4597,99.5997,99.3351,-0.116006,nan,0.264834,0.265066,0.264919,0.265189,0.264192,0.265066,0.264192,0.264919,0.265189,1,0,0.00248976,0,-0.00225463,-0.00114265,0.000502594,0.00659627,0.00391034,0.000480926,0.000426109,-2.3606e-06,0.00880152,0.00702678,0.002439,-0.0568913,0.0794224,10.1359,10.1363,0,0.259111
0.87,hover,-0.00220031,0.00328251,-0.0018772,-0.00156307,0,0,0.000332064,-0.00651296,0.00200564,99.4591,99.5991,99.3845,-0.0482266,nan,0.26468,0.264563,0.264863,0.26421,0.265114,0.264563,0.265114,0.264863,0.26421,1,0,0.00229024,0,0.0016037,-0.000192894,-0.000529406,0.00562736,0.00470392,0.000422685,0.000489982,-1.47798e-06,-0.00238857,0.0102913,0.00368864,-0.0711361,-0.0507707,10.058,10.0583,0,0.278537
0.88,hover,-0.00219559,0.00334681,-0.00200008,-0.0014274,0,0,0.000599222,-0.00633347,0.0035187,99.4586,99.5986,99.384,-0.0450162,nan,0.264533,0.263938,0.265103,0.263777,0.265341,0.263938,0.265341,0.265103,0.263777,1,0,0.00239208,0,0.00106242,0.000145408,-0.00119965,0.00599412,0.00427225,0.000459798,0.000464711,-1.849e-06,-0.00361149,-0.00616278,0.000600091,-0.0517998,-0.126244,10.092,10.0929,0,0.274084
0.89,hover,-0.00218867,0.00340934,-0.00170488,-0.0013713,0,0,0.000833194,-0.00620288,0.00322116,99.4582,99.5982,99.3899,-0.0340487,nan,0.264391,0.264708,0.263669,0.265197,0.264019,0.264708,0.264019,0.263669,0.265197,1,0,0.00195312,0,-0.00036762,0.00159066,0.000974969,0.0051214,0.00413482,0.000411153,0.000461314,-1.56846e-06,0.00491913,0.0144146,-0.00198201,-0.0600817,-0.0856626,10.0592,10.0598,0,0.275587
0.9,hover,-0.00217951,0.00347146,-0.00173072,-0.001441,0,0,0.00101838,-0.00625735,0.00303739,99.4577,99.5977,99.3896,-0.0310447,nan,0.264256,0.263509,0.264798,0.263499,0.265244,0.263509,0.265244,0.264798,0.263499,1,0,0.0020716,0,0.00121,0.000825376,-0.00133407,0.00519867,0.00431679,0.000427235,0.000482651,-1.63432e-06,0.00475955,-0.00364689,-0.00283381,0.00653028,-0.195018,10.171,10.1729,0,0.282918
0.91,hover,-0.00216839,0.00353416,-0.00184163,-0.00158989,0,0,0.00124156,-0.00629457,0.00255359,99.4573,99.5973,99.3551,-0.0713338,nan,0.264126,0.263406,0.264719,0.263881,0.264524,0.263406,0.264524,0.264719,0.263881,1,0,0.00229024,0,-0.00177657,0.00053107,-0.000859648,0.00552209,0.00476176,0.000459619,0.000519057,-1.54391e-06,-0.00140677,-0.00473915,-0.00800321,0.0541782,-0.0297316,10.0788,10.079,0,0.294478
0.92,hover,-0.00215524,0.00359706,-0.00158887,-0.00141425,0,0,0.00142098,-0.00631519,0.00364821,99.4569,99.5969,99.3543,-0.0687437,nan,0.264002,0.263751,0.264372,0.263473,0.264434,0.263751,0.264434,0.264372,0.263473,1,0,0.00154408,0,0.000901672,-0.000408661,-0.000695241,0.00477853,0.00424833,0.000418456,0.000490784,-1.53602e-06,0.00837157,0.00422076,-0.00189226,0.0738404,-0.0200246,9.90158,9.90188,0,0.289222
0.93,hover,-0.00213994,0.00366065,-0.00166801,-0.00115377,0,0,0.00167273,-0.00640821,0.00337083,99.4565,99.5965,99.305,-0.127275,nan,0.263882,0.263975,0.263778,0.263755,0.264045,0.263975,0.264045,0.263778,0.263755,1,0,0.00182698,0,0.00129208,9.02577e-05,-4.12151e-05,0.00501686,0.00347328,0.000448834,0.000447205,-1.90762e-06,0.00899774,0.00843826,-0.00522917,0.0295267,0.0369907,10.0239,10.024,0,0.277447
0.94,hover,-0.00212231,0.0037246,-0.00133466,-0.00129639,0,0,0.00189488,-0.0063888,0.00337055,99.4561,99.5961,99.3038,-0.124889,nan,0.263768,0.264397,0.263282,0.264409,0.263006,0.264397,0.263006,0.263282,0.264409,1,0,0.00138107,0,-0.000764038,-0.000500145,0.00110675,0.00402699,0.00388328,0.000387877,0.000480449,-1.43629e-06,0.015734,-0.00344172,-0.000148644,0.000743892,0.0610284,10.0635,10.0637,0,0.291437
0.95,hover,-0.00210253,0.00378825,-0.00124839,-0.00115184,0,0,0.00208346,-0.00640319,0.00250131,99.4558,99.5958,99.2831,-0.146733,nan,0.263658,0.263308,0.263507,0.264047,0.263792,0.263308,0.263792,0.263507,0.264047,1,0,0.00169146,0,-0.00120515,0.00194205,2.46128e-05,0.00375164,0.00346369,0.000386238,0.000449578,-1.55126e-06,0.0046962,0.00589839,-0.00270316,0.0791933,0.02356,10.047,10.0474,0,0.287472
0.96,hover,-0.00208163,0.00385312,-0.00108997,-0.000794178,0,0,0.00210003,-0.00660588,0.00275481,99.4555,99.5955,99.2816,-0.144458,nan,0.263553,0.264315,0.263119,0.263875,0.262924,0.264315,0.262924,0.263119,0.263875,1,0,0.00154408,0,0.000648308,-0.00120111,0.000943695,0.00328411,0.00239767,0.00036667,0.000382443,-1.65924e-06,0.00983624,0.0104689,0.00340348,0.0795033,0.0285756,9.95307,9.95343,0,0.272463
0.97,hover,-0.00206091,0.0039197,-0.00144989,-0.000988312,0,0,0.00203487,-0.006698,0.00268531,99.4552,99.5952,99.2689,-0.15646,nan,0.263452,0.264179,0.262549,0.264396,0.262704,0.264179,0.262704,0.262549,0.264396,1,0,0.00154408,0,-0.00016299,0.00070542,0.00146009,0.00436995,0.00295245,0.000458034,0.000427475,-1.8055e-06,0.0139878,-0.00788821,-0.00404754,-0.0365991,-0.0435502,9.98194,9.98211,0,0.283633
0.98,hover,-0.00204179,0.00398677,-0.00118095,-0.000801796,0,0,0.00176581,-0.00672636,0.00183265,99.4549,99.5949,99.2673,-0.154227,nan,0.263356,0.263663,0.263007,0.263362,0.263408,0.263663,0.263408,0.263007,0.263362,1,0,0.00119604,0,0.00186067,0.00018824,0.000268462,0.00355993,0.00241384,0.000417519,0.00039229,-1.86192e-06,0.0118035,0.00602523,-0.00113493,-0.0805331,0.0324816,9.99929,9.99967,0,0.278977
0.99,hover,-0.00202555,0.00405353,-0.00102412,-0.000825439,0,0,0.00145959,-0.00658757,0.00151619,99.4547,99.5947,99.2787,-0.136316,nan,0.263263,0.263628,0.263085,0.263802,0.262554,0.263628,0.262554,0.263085,0.263802,1,0,0,0,-0.00187303,-0.000675427,0.000787207,0.00308301,0.00247683,0.00040132,0.000407352,-1.78887e-06,0.00750162,0.000742777,0.00780361,0.0162996,-0.00563406,10.0008,10.0009,0,0.285565
1,hover,-0.0020129,0.00411832,-0.00125768,-0.00107635,0,0,0.00104303,-0.00636907,0.00107687,99.4545,99.5945,99.2773,-0.13441,nan,0.263174,0.263806,0.262569,0.263616,0.262722,0.263806,0.262722,0.262569,0.263616,1,0,0.00119604,0,0.000910189,-6.94422e-05,0.000936227,0.00377152,0.00324103,0.000462408,0.00045974,-1.76315e-06,-0.000551474,0.00843573,0.00779722,-0.00128665,0.0276142,10.0636,10.0637,0,0.300993
1.01,hover,-0.00200449,0.00418111,-0.00100186,-0.00115007,0,0,0.00062179,-0.0062077,0.00121061,99.4543,99.5943,99.2939,-0.110666,nan,0.263089,0.263572,0.262644,0.263649,0.262507,0.263572,0.262507,0.262644,0.263649,1,0,0.00119604,0,-0.000570118,-0.000111917,0.00091021,0.00300161,0.00343458,0.000419763,0.000477744,-1.49865e-06,-0.00222329,-0.00993997,0.00652366,-0.0472559,-0.0941327,9.96457,9.96513,0,0.311009
1.02,hover,-0.00200033,0.00424278,-0.00113782,-0.000856685,0,0,0.00019564,-0.00614198,0.00137926,99.4541,99.5941,99.2929,-0.108812,nan,0.263007,0.263207,0.262967,0.263561,0.262309,0.263207,0.262309,0.262967,0.263561,1,0,0.00138107,0,-0.00268786,-0.000576078,0.000655788,0.00341589,0.00258108,0.000460819,0.000423424,-1.84435e-06,0.00207515,0.00777212,-0.00139642,0.136022,0.00724805,9.90909,9.91003,0,0.296543
1.03,hover,-0.00200078,0.00430422,-0.00119329,-0.00096716,0,0,-0.000306645,-0.00619295,0.00193554,99.4539,99.5939,99.2792,-0.122124,nan,0.262928,0.263561,0.262656,0.263477,0.262034,0.263561,0.262034,0.262656,0.263477,1,0,0.00138107,0,-0.00142931,-0.00133754,0.00103196,0.00358842,0.00291655,0.000485946,0.000447825,-1.74074e-06,0.0061758,0.0104962,-0.00400476,0.0771153,-0.00646366,9.91452,9.91483,0,0.305777
1.04,hover,-0.00200613,0.00436637,-0.00121198,-0.00107452,0,0,-0.00076428,-0.00624484,0.00104082,99.4537,99.5937,99.278,-0.120357,nan,0.262853,0.263027,0.262552,0.263385,0.262464,0.263027,0.262464,0.262552,0.263385,1,0,0.00119604,0,-0.00118439,0.000511917,0.00061356,0.00364438,0.00321691,0.000496868,0.000468971,-1.68863e-06,0.00612612,-0.00395258,-0.00373314,0.0682867,0.0175499,9.91667,9.91692,0,0.315276
1.05,hover,-0.00201612,0.00442921,-0.00129975,-0.000947553,0,0,-0.00123014,-0.00633387,0.00195078,99.4536,99.5936,99.2799,-0.115026,nan,0.262781,0.263141,0.262683,0.263062,0.262252,0.263141,0.262252,0.262683,0.263062,1,0,0.00119604,0,-0.000933927,-0.000966578,0.000557301,0.00390844,0.00284081,0.000522271,0.00044621,-1.93569e-06,0.00664323,-0.000775084,-0.00963309,0.0904552,-0.0343755,9.87982,9.88029,0,0.311033
1.06,hover,-0.00203027,0.00449256,-0.00130102,-0.00141933,0,0,-0.0015857,-0.00631899,0.00224319,99.4534,99.5934,99.2787,-0.113434,nan,0.262712,0.263136,0.262489,0.263077,0.26216,0.263136,0.26216,0.262489,0.263077,1,0,0.00169146,0,-0.00071626,-0.000734973,0.000687021,0.00391911,0.00426835,0.000522617,0.000553307,-1.28426e-06,0.0112331,0.0074396,0.010065,0.0645052,0.0165023,10.0007,10.0009,0,0.341547
1.07,hover,-0.00204756,0.00455555,-0.00137433,-0.00162338,0,0,-0.00183644,-0.00631138,0.00226116,99.4533,99.5933,99.3104,-0.0728772,nan,0.262646,0.262643,0.262663,0.263009,0.262281,0.262643,0.262281,0.262663,0.263009,1,0,0.00154408,0,-0.00198547,-3.22582e-05,0.000311172,0.00413107,0.00486382,0.000543459,0.0006024,-1.16616e-06,0.00593844,-0.00360662,0.00151167,0.013498,0.0144947,9.95526,9.95528,0,0.356388
1.08,hover,-0.00206679,0.00461913,-0.0011793,-0.00181352,0,0,-0.00197366,-0.0064028,0.00243733,99.4532,99.5932,99.3096,-0.0714137,nan,0.262582,0.261509,0.263612,0.262352,0.262869,0.261509,0.262869,0.263612,0.262352,1,0,0.00229024,0,-0.00420631,0.000189127,-0.0011518,0.00355963,0.00543997,0.000507253,0.000644798,-6.06869e-07,0.0149845,0.000268952,-0.00810313,0.00617764,0.00876633,9.85163,9.85164,0,0.372298
1.09,hover,-0.00208736,0.00468337,-0.000999688,-0.00198156,0,0,-0.00214359,-0.00644875,0.00338281,99.4531,99.5931,99.3242,-0.0520373,nan,0.262521,0.261938,0.262549,0.262782,0.262827,0.261938,0.262827,0.262549,0.262782,1,0,0.00195312,0,-0.00150159,0.00212596,-0.000288318,0.00300047,0.00595239,0.000472055,0.000684893,-1.83654e-07,0.00140811,0.00583411,-0.0032175,-0.057872,-0.11587,10.0297,10.0305,0,0.387146
1.1,hover,-0.00211009,0.0047486,-0.000900354,-0.00170944,0,0,-0.00241439,-0.0066417,0.0035379,99.453,99.593,99.3237,-0.0505484,nan,0.262463,0.262469,0.262033,0.262724,0.262636,0.262469,0.262636,0.262033,0.262724,1,0,0.00154408,0,0.000923848,0.00162575,0.000230453,0.00271807,0.00513517,0.000454429,0.000630312,-1.43687e-07,0.0117882,0.00519926,-0.0051816,-0.166608,-0.0628908,9.96173,9.96332,0,0.37666
1.11,hover,-0.00213591,0.00481626,-0.000837474,-0.00200576,0,0,-0.00271901,-0.00689497,0.00252102,99.4529,99.5929,99.3257,-0.0463359,nan,0.262407,0.263197,0.261297,0.263279,0.261865,0.263197,0.261865,0.261297,0.263279,1,0,0.00182698,0,0.00128808,0.00122955,0.00145638,0.00251781,0.00601184,0.000448965,0.000696944,-6.73774e-09,0.00404904,-0.00294105,0.00187811,-0.0229564,-0.0751773,9.86748,9.86779,0,0.398096
1.12,hover,-0.00216437,0.00488649,-0.000729272,-0.00208963,0,0,-0.00296693,-0.00720678,0.00281587,99.4529,99.5929,99.3253,-0.0450488,nan,0.262353,0.262624,0.261971,0.262914,0.261912,0.262624,0.261912,0.261971,0.262914,1,0,0.00218366,0,-0.000926936,0.00043853,0.000727101,0.00215923,0.00624955,0.000430798,0.000714655,1.7829e-07,-0.0186321,-0.012182,-0.00235431,-0.0402511,-0.0949461,9.89766,9.89819,0,0.408267
1.13,hover,-0.0021955,0.00496025,-0.000504069,-0.00217591,0,0,-0.00324416,-0.00757787,0.00238715,99.4528,99.5928,99.3658,0.00332471,nan,0.262301,0.261621,0.262697,0.262216,0.262682,0.261621,0.262682,0.262697,0.262216,1,0,0.00182698,0,-0.00161997,0.00110057,-0.000677406,0.00151614,0.00653369,0.000386386,0.000736572,5.06417e-07,0.00298803,0.00470828,-0.00837082,0.040366,-0.0231628,9.85221,9.85232,0,0.42037
1.14,hover,-0.00222916,0.00503791,-0.000345567,-0.00212447,0,0,-0.00348134,-0.00800396,0.0031663,99.4528,99.5928,99.3658,0.00462053,nan,0.262252,0.263911,0.260608,0.264113,0.260385,0.263911,0.260385,0.260608,0.264113,1,0,0.00218366,0,-0.00112768,-3.93861e-05,0.00309026,0.00104335,0.00637678,0.000359478,0.000731125,7.29427e-07,0.00477023,0.00298628,-0.00936981,0.1204,0.0172859,9.83005,9.8308,0,0.424476
1.15,hover,-0.00226562,0.00511975,-0.000790065,-0.00188884,0,0,-0.00378559,-0.00838773,0.00174276,99.4527,99.5927,99.4028,0.0481425,nan,0.262204,0.262346,0.262263,0.26212,0.262098,0.262346,0.262098,0.262263,0.26212,1,0,0.00195312,0,0.000161642,-0.000739977,4.60808e-05,0.00235327,0.00568768,0.000454075,0.000687955,-5.65783e-08,-0.0108329,0.014791,-0.00398624,0.0910557,0.0677329,9.95176,9.95241,0,0.410569
1.16,hover,-0.00230472,0.00520547,-0.000814625,-0.00180617,0,0,-0.0040038,-0.00879885,0.00121169,99.4527,99.5927,99.4032,0.0492477,nan,0.262159,0.261625,0.262729,0.261984,0.262306,0.261625,0.262306,0.262729,0.261984,1,0,0.0020716,0,-0.00207364,-0.000121279,-0.000627062,0.00243732,0.00542149,0.000457398,0.000678445,-1.5043e-07,-0.00391826,0.00267177,-0.00278065,0.0541295,0.0806851,9.93255,9.93302,0,0.410915
1.17,hover,-0.00234583,0.00529523,-0.0011167,-0.00159101,0,0,-0.0042056,-0.00914112,0.00127644,99.4527,99.5927,99.3621,0.00310661,nan,0.262115,0.261449,0.262961,0.261487,0.262574,0.261449,0.262574,0.262961,0.261487,1,0,0.00169146,0,-0.00112659,-0.000663186,-0.00114213,0.00335377,0.00478363,0.000522353,0.000646387,-7.7394e-07,0.00295017,0.00771557,-0.00819485,-0.053257,0.0744659,9.92548,9.92591,0,0.401034
1.18,hover,-0.00238863,0.00538767,-0.00119694,-0.00168041,0,0,-0.00431931,-0.00935589,0.00242034,99.4527,99.5927,99.3621,0.00426051,nan,0.262074,0.26116,0.262922,0.261364,0.262857,0.26116,0.262857,0.262922,0.261364,1,0,0.00182698,0,-0.000712366,0.000263232,-0.00143054,0.00359785,0.00506032,0.000540821,0.000676499,-9.48595e-07,0.00524426,0.0133996,0.00195951,-0.0580563,0.00973894,9.88307,9.88325,0,0.410951
1.19,hover,-0.00243224,0.00548186,-0.00128028,-0.0017702,0,0,-0.00436061,-0.00945853,0.00205477,99.4527,99.5927,99.3571,-0.000247423,nan,0.262034,0.261699,0.26199,0.262295,0.262159,0.261699,0.262159,0.26199,0.262295,1,0,0.0020716,0,-0.00113571,0.00144913,-6.82118e-05,0.00384301,0.0053032,0.000559119,0.000703587,-9.78897e-07,0.00202355,-0.0042328,0.00724797,-0.0696323,0.0337488,9.88041,9.88071,0,0.421003
1.2,hover,-0.00247583,0.00557657,-0.00193925,-0.00186929,0,0,-0.00432201,-0.00946924,0.00103158,99.4527,99.5927,99.3571,0.000815067,nan,0.261995,0.261709,0.262183,0.26176,0.262337,0.261709,0.262337,0.262183,0.26176,1,0,0.00239208,0,0.000274961,0.000389012,-0.000461847,0.00581573,0.0056144,0.000694075,0.000734771,-1.7297e-06,-0.000634851,0.00506975,0.00922606,-0.0882623,-0.0769133,9.87431,9.87501,0,0.428108
1.21,hover,-0.00251864,0.0056711,-0.00173874,-0.00222529,0,0,-0.00422666,-0.00945021,0.000401188,99.4527,99.5927,99.3487,-0.00761617,nan,0.261959,0.262358,0.261834,0.262003,0.261647,0.262358,0.261647,0.261834,0.262003,1,0,0.00276214,0,0.000447986,-0.00102809,0.000386587,0.00520128,0.00667214,0.000652171,0.000820579,-6.73507e-07,-0.00927581,-0.00168202,0.0107052,-0.0771601,-0.0890685,9.94928,9.94998,0,0.454989
1.22,hover,-0.00256017,0.00576557,-0.00190415,-0.00192434,0,0,-0.00406702,-0.00944216,0.000848042,99.4527,99.5927,99.3487,-0.00676588,nan,0.261924,0.262061,0.261811,0.261664,0.262165,0.262061,0.262165,0.261811,0.261664,1,0,0.00248976,0,0.00199312,-8.36303e-05,-0.000110519,0.00571968,0.0057799,0.000684884,0.000768539,-1.42106e-06,0.00548969,0.00538452,-0.0107596,-0.00314597,-0.191438,9.89855,9.90041,0,0.442585
1.23,hover,-0.00259956,0.00586012,-0.00190547,-0.0016436,0,0,-0.00375635,-0.00948061,0.00187272,99.4527,99.5927,99.3474,-0.00720186,nan,0.26189,0.262242,0.26133,0.26218,0.261815,0.262242,0.261815,0.26133,0.26218,1,0,0.00218366,0,0.00145246,0.000802123,0.000561557,0.00573355,0.00493343,0.000688633,0.000719516,-1.89717e-06,0.0121344,0.00245076,0.0129983,0.0842916,-0.0825084,9.96416,9.96485,0,0.432159
1.24,hover,-0.00263548,0.00595484,-0.00171611,-0.00178481,0,0,-0.00340781,-0.00944647,0.00210676,99.4528,99.5928,99.3474,-0.0062971,nan,0.261858,0.261766,0.262174,0.26151,0.261989,0.261766,0.261989,0.262174,0.26151,1,0,0.00218366,0,0.000185337,-0.000836703,-0.000390027,0.00515241,0.0053611,0.000656454,0.000761197,-1.35485e-06,0.00338314,0.00519671,0.00319471,0.174756,-0.117036,9.89143,9.89367,0,0.446931
1.25,hover,-0.00266808,0.00604857,-0.00150481,-0.00151649,0,0,-0.00303796,-0.00930731,0.00197132,99.4528,99.5928,99.3437,-0.00930378,nan,0.261827,0.262263,0.261504,0.26105,0.262498,0.262263,0.262498,0.261504,0.26105,1,0,0.0020716,0,0.00585492,-0.000415729,-0.000303405,0.00451272,0.00455677,0.00061176,0.000715762,-1.51036e-06,-0.000523189,0.005583,-0.00326629,0.0787102,-0.0743485,9.90712,9.90771,0,0.43887
1.26,hover,-0.00269589,0.0061409,-0.00171168,-0.00169895,0,0,-0.00245182,-0.00914724,0.00222346,99.4529,99.5929,99.3436,-0.00857138,nan,0.261798,0.262562,0.260857,0.262754,0.261024,0.262562,0.261024,0.260857,0.262754,1,0,0.00229024,0,-6.71329e-05,0.000680343,0.00150996,0.00514197,0.0051128,0.000656835,0.000766271,-1.5959e-06,0.00527687,0.0113985,0.00315186,0.0251114,-0.0134176,9.92277,9.92281,0,0.453084
1.27,hover,-0.00271783,0.00623148,-0.00150823,-0.00172036,0,0,-0.00188084,-0.00897592,0.00147873,99.4529,99.5929,99.3394,-0.0121349,nan,0.26177,0.260713,0.262896,0.260562,0.262914,0.260713,0.262914,0.262896,0.260562,1,0,0.0020716,0,0.000450093,-0.000253895,-0.0019933,0.00452725,0.00516646,0.000614436,0.000776858,-1.20357e-06,0.00234347,0.00435181,0.00728673,0.0762561,0.024075,9.93781,9.93813,0,0.461186
1.28,hover,-0.00273415,0.0063208,-0.00145979,-0.00154226,0,0,-0.00135415,-0.00891792,0.00161748,99.453,99.593,99.3392,-0.0114594,nan,0.261743,0.262196,0.261547,0.261942,0.261291,0.262196,0.261291,0.261547,0.261942,1,0,0.00154408,0,-6.86778e-06,-0.00096662,0.000571443,0.00439112,0.00465124,0.000612326,0.000753032,-1.40744e-06,0.00845251,0.0170528,0.00154699,-0.0171163,-0.0390886,9.89918,9.89927,0,0.456729
1.29,hover,-0.00274583,0.00640977,-0.0013875,-0.00172547,0,0,-0.000942708,-0.00887615,0.00263327,99.453,99.593,99.3208,-0.0304985,nan,0.261717,0.262521,0.260978,0.262102,0.261274,0.262521,0.261274,0.260978,0.262102,1,0,0.00195312,0,0.00189595,-0.000232426,0.0010424,0.00416766,0.0051923,0.000600891,0.000801902,-1.10004e-06,0.00405316,0.0113916,0.00405344,-0.0298342,-0.00810457,9.89449,9.89454,0,0.472892
1.3,hover,-0.00275374,0.00649827,-0.00124671,-0.00196274,0,0,-0.000613903,-0.00884598,0.00295812,99.4531,99.5931,99.3205,-0.0298967,nan,0.261693,0.261396,0.26197,0.261996,0.261413,0.261396,0.261413,0.26197,0.261996,1,0,0.0020716,0,-0.00306862,8.2103e-05,3.45243e-06,0.00375558,0.0059015,0.000583034,0.000856359,-8.646e-07,0.0108863,0.0097102,0.00327332,0.0456433,-0.0383881,9.83124,9.83142,0,0.49272
1.31,hover,-0.00275929,0.00658692,-0.0011151,-0.00218533,0,0,-0.000459334,-0.00890076,0.00270377,99.4532,99.5932,99.3246,-0.0245485,nan,0.261669,0.261285,0.261729,0.261682,0.261984,0.261285,0.261984,0.261729,0.261682,1,0,0.00229024,0,-0.000378209,0.00123523,-0.000328361,0.0033478,0.00655765,0.000565168,0.000907734,-5.91821e-07,0.00221829,0.00201774,-0.00600375,-0.100722,-0.067616,9.88425,9.88499,0,0.511663
1.32,hover,-0.00276341,0.00667642,-0.00149821,-0.00234844,0,0,-0.000332098,-0.00899939,0.00261028,99.4533,99.5933,99.3243,-0.0240565,nan,0.261646,0.262018,0.260664,0.262448,0.26146,0.262018,0.26146,0.260664,0.262448,1,0,0.00276214,0,0.000971209,0.00232374,0.00102902,0.00449378,0.00704141,0.000650915,0.000948136,-1.46867e-06,7.71883e-05,-0.00165297,-0.00360007,0.0068296,-0.0609892,9.92785,9.92804,0,0.52251
1.33,hover,-0.00276663,0.00676687,-0.00152295,-0.00248743,0,0,-0.000287819,-0.00913086,0.00199501,99.4534,99.5934,99.3395,-0.00729876,nan,0.261625,0.261915,0.261263,0.262055,0.261269,0.261915,0.261269,0.261263,0.262055,1,0,0.00292969,0,-0.000356293,0.000277363,0.000631578,0.00455023,0.00746553,0.000660032,0.000983042,-1.38199e-06,-0.0117511,0.00313435,-0.00102509,0.0680971,-0.192701,9.88345,9.88556,0,0.535374
1.34,hover,-0.00276896,0.00685896,-0.00134903,-0.00208829,0,0,-0.000119678,-0.00930511,0.0022267,99.4534,99.5934,99.3395,-0.00671161,nan,0.261604,0.26068,0.26253,0.260801,0.262409,0.26068,0.262409,0.26253,0.260801,1,0,0.00218366,0,-0.00064269,-5.7815e-07,-0.0015205,0.00404529,0.00627996,0.000637181,0.00091314,-1.5032e-06,-0.00054345,0.0109709,0.00387298,-0.00704781,-0.0100018,9.92571,9.92572,0,0.519396
1.35,hover,-0.00276988,0.00695262,-0.00109897,-0.00197187,0,0,-5.01189e-05,-0.00942585,0.00227729,99.4535,99.5935,99.3409,-0.00469118,nan,0.261584,0.261163,0.262066,0.261454,0.261657,0.261163,0.261657,0.262066,0.261454,1,0,0.00182698,0,-0.00185882,-0.000223042,-0.000485904,0.0033201,0.00592674,0.000602913,0.000899422,-1.24347e-06,0.0160525,0.00831239,-0.00478457,0.04757,0.0235787,9.87221,9.87235,0,0.520515
1.36,hover,-0.00277081,0.00704742,-0.00104243,-0.00209855,0,0,-0.000130408,-0.00956931,0.00194044,99.4536,99.5936,99.3409,-0.00413095,nan,0.261565,0.261079,0.261914,0.261063,0.262207,0.261079,0.262207,0.261914,0.261063,1,0,0.00239208,0,0.000817817,0.000523742,-0.000869648,0.00313306,0.00631194,0.000600214,0.000935988,-1.13051e-06,0.00445916,0.0117859,0.00149288,0.100658,0.0226216,9.77676,9.7773,0,0.533591
1.37,hover,-0.00277256,0.00714381,-0.00101695,-0.00189679,0,0,-0.000191917,-0.00969474,0.00137467,99.4537,99.5937,99.3418,-0.00243184,nan,0.261547,0.261148,0.261571,0.26133,0.262142,0.261148,0.262142,0.261571,0.26133,1,0,0.0020716,0,0.00103206,0.00142662,-0.000543413,0.00306423,0.00572023,0.000600522,0.000905047,-1.20757e-06,0.00952885,0.0207954,0.0083983,0.0526178,0.0589543,9.86138,9.8617,0,0.527945
1.38,hover,-0.00277497,0.00724086,-0.000896344,-0.00168911,0,0,-0.000234133,-0.0097153,0.00271902,99.4538,99.5938,99.3418,-0.00202403,nan,0.261529,0.26254,0.260642,0.262583,0.260356,0.26254,0.260356,0.260642,0.262583,1,0,0.00154408,0,-0.00087297,-0.000462634,0.00181322,0.00268987,0.00508297,0.000581852,0.000874808,-1.22601e-06,0.00114364,0.0113039,-0.000623381,0.0652633,0.0817612,9.94542,9.94597,0,0.523104
1.39,hover,-0.00277722,0.00733796,-0.000745122,-0.00159013,0,0,-0.000165982,-0.00972807,0.00155974,99.4539,99.5939,99.3461,0.00303824,nan,0.261513,0.262338,0.260929,0.262082,0.260705,0.262338,0.260705,0.260929,0.262082,1,0,0.00119604,0,8.47248e-05,-0.000910109,0.00122443,0.00225501,0.00478494,0.000559025,0.000860554,-1.09553e-06,0.0136775,0.0105487,0.0130917,0.0959714,0.0543359,9.88205,9.88267,0,0.52485
1.4,hover,-0.00277858,0.00743529,-0.000711161,-0.00174869,0,0,-7.29099e-05,-0.00972412,0.0018955,99.4541,99.5941,99.3461,0.00348603,nan,0.261497,0.261675,0.261085,0.262266,0.260963,0.261675,0.260963,0.261085,0.262266,1,0,0.00119604,0,-0.00189031,0.000889285,0.000832181,0.00212907,0.00528153,0.000558156,0.000905578,-1.18855e-06,-0.00236121,0.0245392,0.0112259,-0.00939014,-0.0438165,9.8426,9.84271,0,0.539599
1.41,hover,-0.00277889,0.00753238,-0.00083742,-0.00203438,0,0,2.3458e-05,-0.00967145,0.00104786,99.4542,99.5942,99.365,0.0232803,nan,0.261481,0.26085,0.262238,0.260763,0.262077,0.26085,0.262077,0.262238,0.260763,1,0,0.00218366,0,-0.000195372,-0.000470611,-0.00118802,0.00251764,0.00609961,0.000589934,0.000976398,-1.58991e-06,0.00415822,-0.00135861,-0.00991093,0.00377008,0.0878056,9.88505,9.88544,0,0.55957
1.42,hover,-0.0027786,0.00762831,-0.0010708,-0.00193339,0,0,4.71984e-05,-0.00950712,0.00139333,99.4543,99.5943,99.3653,0.0236499,nan,0.261467,0.261627,0.260912,0.261745,0.261585,0.261627,0.261585,0.260912,0.261745,1,0,0.00182698,0,0.00146942,0.00149812,0.000384768,0.00322635,0.00580052,0.000644339,0.000965305,-2.30129e-06,0.00995965,0.00120061,0.00475,-0.00309928,0.00231095,9.84701,9.84701,0,0.556818
1.43,hover,-0.00277837,0.00772308,-0.000909205,-0.00203657,0,0,-3.8346e-06,-0.00946499,0.00137421,99.4544,99.5944,99.3727,0.0314319,nan,0.261453,0.261546,0.261336,0.261856,0.261075,0.261546,0.261075,0.261336,0.261856,1,0,0.00182698,0,-0.00151321,9.45994e-05,0.000435714,0.0027367,0.00610176,0.000624042,0.00099452,-2.07021e-06,0.00666521,-0.0042955,-0.00966657,0.00262179,-0.0572141,9.85697,9.85714,0,0.569626
1.44,hover,-0.00277912,0.0078175,-0.00117706,-0.00203958,0,0,-0.000146086,-0.009418,0.00203417,99.4545,99.5945,99.373,0.0318355,nan,0.261439,0.261113,0.261648,0.261161,0.261837,0.261113,0.261837,0.261648,0.261161,1,0,0.0020716,0,0.000372926,0.000448461,-0.000531705,0.00354115,0.00613007,0.000684839,0.00100991,-2.62404e-06,0.00737341,0.00855244,0.0155368,-0.0973284,-0.0646129,9.89917,9.89986,0,0.572509
1.45,hover,-0.00278137,0.00791111,-0.00118296,-0.00207188,0,0,-0.000300116,-0.00931205,0.00217023,99.4546,99.5946,99.3808,0.0394306,nan,0.261426,0.261235,0.261553,0.261125,0.261795,0.261235,0.261795,0.261553,0.261125,1,0,0.00229024,0,0.000933513,0.000250099,-0.000434212,0.00355129,0.00620453,0.000695283,0.00102356,-2.66417e-06,0.00231555,-0.00638309,0.00758824,0.0632099,0.020197,9.76605,9.76628,0,0.579603
1.46,hover,-0.00278537,0.00800374,-0.00121105,-0.00196163,0,0,-0.000487299,-0.00922822,0.00303215,99.4548,99.5948,99.3813,0.0398725,nan,0.261414,0.263017,0.260015,0.26229,0.260336,0.263017,0.260336,0.260015,0.26229,1,0,0.00182698,0,0.00278122,-0.00076951,0.00217814,0.00364247,0.00588714,0.000707224,0.00101173,-2.81451e-06,0.0069293,0.00250685,-0.00307827,0.142896,-0.00851447,9.8634,9.86444,0,0.578393
1.47,hover,-0.00279144,0.00809527,-0.00100531,-0.00178445,0,0,-0.000719138,-0.00909993,0.00205355,99.4549,99.5949,99.357,0.0159416,nan,0.261402,0.261563,0.261405,0.261466,0.261177,0.261563,0.261177,0.261405,0.261466,1,0,0.00154408,0,-0.000348101,-0.000615567,0.000196905,0.00301552,0.00536799,0.000678355,0.000985883,-2.78293e-06,0.000395435,0.0107507,-0.00266439,0.0933825,-0.0816273,9.82148,9.82226,0,0.575538
1.48,hover,-0.00280008,0.00818575,-0.000684516,-0.00175989,0,0,-0.00100513,-0.00898915,0.00190767,99.455,99.595,99.3572,0.016369,nan,0.261391,0.262124,0.260832,0.261852,0.260758,0.262124,0.260758,0.260832,0.261852,1,0,0.00182698,0,0.000528493,-0.000655797,0.00104901,0.00206498,0.00529743,0.000624154,0.000992172,-2.42584e-06,0.00824449,0.0128434,-0.00220016,0.164525,0.0268387,9.84627,9.84768,0,0.582827
1.49,hover,-0.00281174,0.00827473,-0.000562781,-0.00170972,0,0,-0.00128595,-0.00882818,0.0017829,99.4552,99.5952,99.3896,0.0484052,nan,0.26138,0.261207,0.261591,0.261786,0.260938,0.261207,0.260938,0.261591,0.261786,1,0,0.00119604,0,-0.00326952,-0.000141012,0.000204543,0.00168981,0.00514249,0.000603898,0.000993926,-2.2887e-06,0.00156855,0.00989247,-0.00758032,0.0221798,0.0377558,9.94853,9.94862,0,0.58661
1.5,hover,-0.00282623,0.00836238,-0.0003537,-0.00165435,0,0,-0.00161028,-0.008745,0.00216613,99.4553,99.5953,99.3901,0.0489486,nan,0.26137,0.26061,0.262714,0.260741,0.261416,0.26061,0.261416,0.262714,0.260741,1,0,0.00138107,0,-0.00378856,-0.00221062,-0.00122123,0.00107196,0.0049695,0.000573571,0.000992058,-2.04057e-06,0.00780118,0.00528954,-0.00767317,0.154806,0.0185386,9.84139,9.84262,0,0.591312
1.51,hover,-0.00284432,0.00844964,-0.000633763,-0.00161418,0,0,-0.00197778,-0.00872504,0.00269326,99.4554,99.5954,99.3425,0.00263514,nan,0.26136,0.260285,0.26252,0.260137,0.262498,0.260285,0.262498,0.26252,0.260137,1,0,0.00138107,0,0.000333595,-0.000322297,-0.00201971,0.00191146,0.00485417,0.000630713,0.000991223,-2.50317e-06,0.00740319,0.00874669,-0.00735008,0.0509576,-0.00246356,9.8236,9.82374,0,0.590585
1.52,hover,-0.00286596,0.00853669,-0.000578216,-0.00152202,0,0,-0.00231918,-0.008721,0.00273961,99.4556,99.5956,99.3425,0.00307132,nan,0.26135,0.261167,0.261585,0.260828,0.261822,0.261167,0.261822,0.261585,0.260828,1,0,0.00119604,0,0.00152713,-0.000194092,-0.000620735,0.00174963,0.00455268,0.000626688,0.000977594,-2.45751e-06,0.0106109,-0.00794592,-0.00244544,-0.0761467,-0.0286039,9.76119,9.76153,0,0.591249
1.53,hover,-0.00289066,0.00862432,-0.000650296,-0.0015661,0,0,-0.00256485,-0.0088224,0.00224206,99.4557,99.5957,99.3415,0.00249608,nan,0.261341,0.261679,0.260952,0.261972,0.260764,0.261679,0.260764,0.260952,0.261972,1,0,0.00119604,0,-0.0012754,0.000197688,0.000850358,0.00195438,0.00470669,0.00064119,0.000995422,-2.60884e-06,0.00298425,0.00658825,0.00714125,-0.0499618,-0.0153657,9.81083,9.81097,0,0.598038
1.54,hover,-0.00291735,0.00871275,-0.000711696,-0.00168753,0,0,-0.00273814,-0.00885135,0.00289487,99.4559,99.5959,99.3415,0.00282088,nan,0.261332,0.261428,0.261236,0.261023,0.261645,0.261428,0.261645,0.261236,0.261023,1,0,0.00119604,0,0.00215945,8.76461e-06,-0.000189163,0.0021325,0.00507771,0.000655514,0.00102768,-2.70522e-06,-0.0010706,0.0111104,-0.000371833,-0.0500047,-0.0514904,9.87727,9.87753,0,0.609391
1.55,hover,-0.00294562,0.00880109,-0.000521089,-0.00162315,0,0,-0.00290045,-0.00881171,0.00261196,99.456,99.596,99.3438,0.00530248,nan,0.261324,0.260772,0.261362,0.261496,0.261667,0.260772,0.261667,0.261362,0.261496,1,0,0.00119604,0,-0.00111068,0.00194855,-0.000334646,0.00157012,0.00487846,0.000625686,0.00102678,-2.42703e-06,0.00520117,0.00703118,0.00128382,-0.00015809,-0.0772206,9.89095,9.89125,0,0.613412
1.56,hover,-0.00297603,0.00888893,-0.000510069,-0.00180438,0,0,-0.0031671,-0.00875825,0.0024042,99.4562,99.5962,99.3438,0.00565512,nan,0.261316,0.261889,0.26061,0.261888,0.260879,0.261889,0.260879,0.26061,0.261888,1,0,0.00169146,0,0.000715647,0.000508035,0.00100564,0.00153919,0.00542032,0.000630405,0.00107448,-2.61542e-06,0.00661766,0.00585985,-0.000802029,0.0281349,-0.0791546,9.90226,9.90261,0,0.628974
1.57,hover,-0.0030093,0.00897628,-0.000671352,-0.00181541,0,0,-0.00344611,-0.00874478,0.00126446,99.4563,99.5963,99.3428,0.00491243,nan,0.261308,0.262177,0.260313,0.261968,0.260777,0.262177,0.260777,0.260313,0.261968,1,0,0.00182698,0,0.0017843,0.000483276,0.00134303,0.00202269,0.00545521,0.000662248,0.00108497,-2.87703e-06,0.00642258,0.00707889,-0.000329675,-0.0426356,-0.0714822,9.80312,9.80347,0,0.632909
1.58,hover,-0.00304466,0.00906332,-0.000767773,-0.00218011,0,0,-0.00360479,-0.0086513,0.00168921,99.4565,99.5965,99.3428,0.00531142,nan,0.261301,0.261286,0.261549,0.260595,0.261775,0.261286,0.261775,0.261549,0.260595,1,0,0.00229024,0,0.0024319,-0.000880792,-0.000634447,0.00232195,0.00652819,0.00067947,0.00116052,-2.92476e-06,0.0130771,-0.00692581,-0.0131185,0.0622801,0.0311719,9.75879,9.75904,0,0.657562
1.59,hover,-0.00308142,0.00914931,-0.000998879,-0.00182052,0,0,-0.00368327,-0.0085928,0.00234099,99.4566,99.5966,99.3657,0.0270961,nan,0.261294,0.260932,0.261463,0.261576,0.261207,0.260932,0.261207,0.261463,0.261576,1,0,0.00195312,0,-0.00239047,0.000736229,-7.11323e-05,0.00298249,0.00548456,0.000722048,0.00109684,-3.91863e-06,-0.00870863,0.0164345,-0.00201651,0.0613204,0.0174335,9.79575,9.79595,0,0.640073
1.6,hover,-0.00311844,0.00923525,-0.00134437,-0.00166126,0,0,-0.00365418,-0.00862995,0.00211111,99.4568,99.5968,99.366,0.0277234,nan,0.261287,0.261929,0.260781,0.261456,0.260984,0.261929,0.260984,0.260781,0.261456,1,0,0.0020716,0,0.00179133,-0.000510275,0.000712011,0.00403783,0.0049987,0.000781677,0.00107211,-4.73466e-06,0.00391949,0.011024,-0.00889338,0.136263,0.010395,9.84374,9.84469,0,0.63294
1.61,hover,-0.00315423,0.00932201,-0.00140338,-0.00140645,0,0,-0.00342462,-0.00875827,0.00326324,99.4569,99.5969,99.4336,0.0904082,nan,0.261281,0.261268,0.261454,0.261456,0.260947,0.261268,0.260947,0.261454,0.261456,1,0,0.00154408,0,-0.00184548,-0.000605683,0.000141917,0.00421825,0.00422305,0.000789898,0.00102986,-5.26044e-06,0.00621025,0.00349238,0.00216235,-0.0122087,0.0340162,9.87663,9.8767,0,0.623235
1.62,hover,-0.00318753,0.00941003,-0.00144124,-0.00129659,0,0,-0.00314179,-0.00885247,0.00232278,99.4571,99.5971,99.4345,0.090733,nan,0.261275,0.262331,0.260478,0.262196,0.260095,0.262331,0.260095,0.260478,0.262196,1,0,0.00154408,0,-0.000655606,-0.000983008,0.00173773,0.00433066,0.00389184,0.00079667,0.00101811,-5.44464e-06,0.00541791,0.00239097,-0.00215365,0.063898,0.0426908,9.83221,9.83251,0,0.621967
1.63,hover,-0.00321761,0.00949875,-0.00175007,-0.00143482,0,0,-0.00286609,-0.00892229,0.00181211,99.4572,99.5972,99.4615,0.115043,nan,0.261269,0.260052,0.262464,0.26005,0.262511,0.260052,0.262511,0.262464,0.26005,1,0,0.0020716,0,0.000131102,8.81442e-05,-0.00214199,0.00525026,0.00430839,0.000861578,0.00104904,-5.68534e-06,0.000900266,0.00366027,0.00466655,-0.0116345,0.0606551,9.81854,9.81874,0,0.632559
1.64,hover,-0.00324521,0.00958853,-0.00113646,-0.00158179,0,0,-0.00258946,-0.00903958,0.00221543,99.4574,99.5974,99.4627,0.115326,nan,0.261263,0.261463,0.260788,0.261548,0.261256,0.261463,0.261256,0.260788,0.261548,1,0,0.00195312,0,0.00101674,0.00104781,0.000424965,0.00342926,0.00475266,0.000748739,0.00108461,-4.51414e-06,0.014,0.00594467,-0.00115482,0.0219422,-0.00908771,9.83606,9.83608,0,0.651674
1.65,hover,-0.00326971,0.00967919,-0.00107262,-0.00186692,0,0,-0.00224064,-0.00909046,0.00136459,99.4575,99.5975,99.4549,0.107517,nan,0.261258,0.26043,0.262353,0.260265,0.261984,0.26043,0.261984,0.262353,0.260265,1,0,0.00218366,0,-0.000541358,-0.00101158,-0.00160131,0.00321324,0.0056037,0.000735939,0.00114923,-4.28318e-06,-0.00232996,0.0030879,0.0123908,-0.0405784,-0.0156632,9.88294,9.88304,0,0.67377
1.66,hover,-0.00329038,0.00977024,-0.000982969,-0.00214404,0,0,-0.00183478,-0.00912948,0.00214589,99.4577,99.5977,99.4559,0.107697,nan,0.261253,0.26038,0.262243,0.260051,0.262337,0.26038,0.262337,0.262243,0.260051,1,0,0.0020716,0,0.0011218,-0.000443748,-0.00182364,0.00294897,0.00644751,0.000720697,0.00121023,-3.95616e-06,0.000779363,0.0114649,0.00558026,-0.120374,-0.112772,9.81576,9.81715,0,0.69567
1.67,hover,-0.00330733,0.00986174,-0.000783392,-0.00194878,0,0,-0.00150217,-0.00916858,0.00297112,99.4579,99.5979,99.4437,0.0957768,nan,0.261248,0.263581,0.258814,0.26412,0.258477,0.263581,0.258477,0.258814,0.26412,1,0,0.00169146,0,-0.00232486,0.000382999,0.00457568,0.00235315,0.00584469,0.000690435,0.00118014,-3.44562e-06,0.00267347,7.44347e-05,-0.00157318,0.0585101,-0.0995885,9.88319,9.88387,0,0.692268
1.68,hover,-0.00332159,0.00995341,-0.000714557,-0.00213572,0,0,-0.00131196,-0.00918849,0.0015691,99.458,99.598,99.4446,0.0961386,nan,0.261243,0.262159,0.260242,0.262596,0.259975,0.262159,0.259975,0.260242,0.262596,1,0,0.00182698,0,-0.00186854,0.000321511,0.00199461,0.00216214,0.00641638,0.00068522,0.00122326,-3.52896e-06,0.013002,0.0073734,0.00232114,0.0846002,-0.0718989,9.81082,9.81145,0,0.708869
1.69,hover,-0.00333445,0.0100452,-0.000324017,-0.00194274,0,0,-0.00125927,-0.00918153,0.00111394,99.4582,99.5982,99.4448,0.0958382,nan,0.261239,0.261617,0.260601,0.262128,0.260609,0.261617,0.260609,0.260601,0.262128,1,0,0.00154408,0,-0.00133282,0.000982536,0.00111406,0.000973102,0.00582865,0.000620314,0.00119692,-2.87474e-06,0.0013254,0.00149114,0.00200111,0.10697,-0.0300469,9.78552,9.78615,0,0.708383
1.7,hover,-0.00334735,0.0101369,-0.000430655,-0.00182472,0,0,-0.00132655,-0.00917282,0.000478941,99.4583,99.5983,99.4457,0.0960925,nan,0.261234,0.261873,0.260638,0.26187,0.260557,0.261873,0.260557,0.260638,0.26187,1,0,0.00154408,0,-0.000207947,-0.000157847,0.00111977,0.00129646,0.0054823,0.000647681,0.00118278,-2.98703e-06,0.00363657,0.00661367,-0.0050496,0.142301,0.0339399,9.77328,9.77437,0,0.705646
1.71,hover,-0.00336123,0.0102286,-0.000302592,-0.00191799,0,0,-0.00146461,-0.00915053,0.00045147,99.4585,99.5985,99.4422,0.0923606,nan,0.26123,0.262588,0.259818,0.262379,0.260135,0.262588,0.260135,0.259818,0.262379,1,0,0.00138107,0,0.00139671,0.000205358,0.00220405,0.000905693,0.00576528,0.000632449,0.00120693,-2.83685e-06,-0.000732144,0.00873658,0.011995,0.0504825,0.0368454,9.79155,9.79175,0,0.717864
1.72,hover,-0.00337686,0.0103199,4.34378e-06,-0.0021077,0,0,-0.00168533,-0.00911565,0.000514784,99.4587,99.5987,99.4432,0.0924905,nan,0.261226,0.260097,0.262466,0.260243,0.262098,0.260097,0.262098,0.262466,0.260243,1,0,0.00182698,0,-0.00136299,-0.000422139,-0.00185666,5.07861e-06,0.00634749,0.000583074,0.00124996,-2.42966e-06,0.0126658,0.0175114,0.00447524,0.0932833,0.112118,9.81577,9.81685,0,0.738071
1.73,hover,-0.00339515,0.0104111,-0.000207666,-0.00187073,0,0,-0.00194548,-0.0091067,0.00177731,99.4588,99.5988,99.4128,0.0650502,nan,0.261222,0.261839,0.260774,0.261325,0.260952,0.261839,0.260952,0.260774,0.261325,1,0,0.00154408,0,0.00183709,-0.000638418,0.00063223,0.000627547,0.00563754,0.000627356,0.00121488,-2.85188e-06,0.00364264,0.0181195,-0.00915387,0.0788191,0.0591837,9.84917,9.84967,0,0.727178
1.74,hover,-0.00341556,0.0105015,-7.33016e-05,-0.0015729,0,0,-0.00208361,-0.00895497,0.00118519,99.459,99.599,99.4135,0.065333,nan,0.261219,0.260195,0.262124,0.26069,0.261866,0.260195,0.261866,0.262124,0.26069,1,0,0.00119604,0,-0.00200008,0.000448579,-0.00136461,0.000243041,0.00471596,0.00061105,0.001167,-2.425e-06,0.016042,-0.000651353,0.00441344,0.00733393,0.13875,9.82305,9.82404,0,0.717951
1.75,hover,-0.00343756,0.0105901,-9.68483e-05,-0.00143765,0,0,-0.00229569,-0.00880008,0.00105723,99.4592,99.5992,99.4186,0.0695286,nan,0.261215,0.262045,0.260336,0.262329,0.260151,0.262045,0.260151,0.260336,0.262329,1,0,0.000976562,0,-0.00124622,0.000187131,0.00170834,0.000305678,0.00431093,0.000624082,0.00114764,-2.36518e-06,0.0107216,-0.000201882,0.00591913,-0.0404508,-0.0392917,9.8094,9.80956,0,0.715351
1.76,hover,-0.00346177,0.0106779,-0.000314352,-0.00107824,0,0,-0.00255857,-0.00874656,0.000332743,99.4593,99.5993,99.4194,0.0696657,nan,0.261212,0.259731,0.262682,0.260004,0.262431,0.259731,0.262431,0.262682,0.260004,1,0,0,0,-0.00138767,4.28507e-05,-0.0023637,0.000938667,0.00323443,0.000668489,0.00108908,-2.45707e-06,-0.0022521,0.000900674,0.00462902,-0.0586174,-0.0791792,9.68395,9.68445,0,0.697447
1.77,hover,-0.00348934,0.0107651,-0.000303618,-0.00137971,0,0,-0.00296042,-0.00869949,0.00185403,99.4595,99.5995,99.4224,0.071855,nan,0.261209,0.261485,0.26093,0.261689,0.260731,0.261485,0.260731,0.26093,0.261689,1,0,0.00119604,0,-0.00106763,1.03005e-05,0.000664971,0.000922006,0.00415894,0.000668248,0.00114807,-2.84296e-06,0.00811367,0.0143552,0.00686696,-0.0628183,-0.0340609,9.82866,9.82892,0,0.719551
1.78,hover,-0.00352082,0.0108517,-0.000312538,-0.00162624,0,0,-0.00329483,-0.0086252,0.0015542,99.4597,99.5997,99.4231,0.0721051,nan,0.261206,0.26167,0.260694,0.261557,0.260903,0.26167,0.260903,0.260694,0.261557,1,0,0.00154408,0,0.000855537,0.000180741,0.000716635,0.000951409,0.0048652,0.000672063,0.00120218,-3.06889e-06,0.0098646,-0.00781487,-0.00231869,0.0176551,-0.0933551,9.87977,9.88023,0,0.73837
1.79,hover,-0.00355498,0.0109373,-0.000273671,-0.00157311,0,0,-0.00349478,-0.00850062,0.00172434,99.4598,99.5998,99.414,0.0638269,nan,0.261203,0.260497,0.261505,0.260857,0.261953,0.260497,0.261953,0.261505,0.260857,1,0,0.000976562,0,0.000232641,0.00153026,-0.00092452,0.000819585,0.00472197,0.000665761,0.00119904,-3.04108e-06,-0.00029724,0.00296577,-0.00691793,-0.0424811,-0.0674204,9.87833,9.87865,0,0.74121
1.8,hover,-0.00359059,0.0110223,-0.000457378,-0.00178259,0,0,-0.00359157,-0.00854648,0.00185606,99.46,99.6,99.4146,0.0640675,nan,0.2612,0.261464,0.26089,0.26113,0.261317,0.261464,0.261317,0.26089,0.26113,1,0,0.00169146,0,0.0020187,0.000176161,0.000169337,0.00137374,0.00534996,0.000703622,0.0012393,-3.34542e-06,0.00177333,0.00270611,-0.00219668,0.0135348,-0.034294,9.82996,9.83003,0,0.755536
1.81,hover,-0.00362726,0.0111081,-0.000394049,-0.00188072,0,0,-0.00369606,-0.00862049,0.00186344,99.4602,99.6002,99.4123,0.0615928,nan,0.261197,0.261465,0.261082,0.261385,0.260859,0.261465,0.260859,0.261082,0.261385,1,0,0.00154408,0,-0.000381551,-0.000575695,0.000399175,0.00117687,0.00567024,0.000690354,0.00126565,-3.10517e-06,-0.00281089,0.0199839,0.00831096,0.103302,-0.0296092,9.77728,9.77787,0,0.767134
1.82,hover,-0.0036648,0.0111942,-0.000252695,-0.00190321,0,0,-0.00375989,-0.00862355,0.00217611,99.4604,99.6004,99.4129,0.0618747,nan,0.261195,0.261733,0.26098,0.261567,0.2605,0.261733,0.2605,0.26098,0.261567,1,0,0.00154408,0,-0.000834561,-0.00122412,0.000800421,0.000750174,0.00570748,0.000666702,0.0012788,-2.78986e-06,-0.00460647,-0.000157704,-0.000192055,0.105715,0.0710511,9.82948,9.83031,0,0.775665
1.83,hover,-0.00370298,0.0112805,-0.000480423,-0.00189347,0,0,-0.00383496,-0.00867417,0.00240272,99.4605,99.6005,99.4238,0.0708116,nan,0.261193,0.261491,0.26095,0.261715,0.260615,0.261491,0.260615,0.26095,0.261715,1,0,0.00169146,0,-0.00148223,-0.000211326,0.000721727,0.00143987,0.0057,0.000711054,0.00128036,-3.38249e-06,-0.000236845,0.0143346,-0.00754224,0.102711,0.0371712,9.9305,9.9311,0,0.777315
1.84,hover,-0.00374212,0.0113671,-0.000656014,-0.00197588,0,0,-0.00394219,-0.00862667,0.00230315,99.4607,99.6007,99.4246,0.0711463,nan,0.26119,0.260779,0.26136,0.260814,0.261808,0.260779,0.261808,0.26136,0.260814,1,0,0.00169146,0,0.00109283,0.00091572,-0.000692545,0.00197693,0.0059405,0.000740718,0.00130643,-3.91981e-06,0.00665892,0.00988936,-0.00392934,0.00441251,-0.000513308,9.83856,9.83856,0,0.784969
1.85,hover,-0.00378207,0.0114529,-0.000987689,-0.00182612,0,0,-0.00398932,-0.00857445,0.0021243,99.4609,99.6009,99.4176,0.0649889,nan,0.261188,0.259915,0.262673,0.259958,0.262206,0.259915,0.262206,0.262673,0.259958,1,0,0.00154408,0,-0.00135003,-0.000804729,-0.00220057,0.0029709,0.00547772,0.000805411,0.00128633,-5.23488e-06,0.00602293,0.000856067,-0.00213136,0.0205365,0.146636,9.87748,9.87859,0,0.777867
1.86,hover,-0.0038223,0.0115385,-0.00110158,-0.00179735,0,0,-0.00397416,-0.00857462,0.00363638,99.461,99.601,99.4182,0.0652795,nan,0.261186,0.26092,0.261482,0.260692,0.261651,0.26092,0.261651,0.261482,0.260692,1,0,0.00195312,0,0.00105226,-0.000110657,-0.000668551,0.00329888,0.00539064,0.000826176,0.00128898,-5.70552e-06,-0.00306409,0.000357916,0.00217095,0.0124112,0.0573922,9.8244,9.82457,0,0.780228
1.87,hover,-0.0038618,0.0116242,-0.0013442,-0.00188158,0,0,-0.00382176,-0.00858019,0.00398013,99.4612,99.6012,99.4306,0.0753448,nan,0.261184,0.261312,0.26065,0.261566,0.261209,0.261312,0.261209,0.26065,0.261566,1,0,0.00195312,0,0.00080869,0.00154143,0.000447618,0.00403338,0.00562902,0.000869492,0.00130828,-6.20419e-06,0.00141086,-0.00918459,0.00610257,-0.0526847,-0.0243956,9.67606,9.67624,0,0.787624
1.88,hover,-0.00389931,0.0117099,-0.00144105,-0.00190044,0,0,-0.00359084,-0.00859068,0.00228779,99.4614,99.6014,99.4314,0.075457,nan,0.261182,0.261394,0.260965,0.261302,0.261068,0.261394,0.261068,0.260965,0.261302,1,0,0.00229024,0,0.000516903,2.06999e-05,0.000291384,0.00430217,0.005686,0.000884331,0.00131397,-6.35382e-06,-0.013097,-0.00890009,0.0023344,-0.00867786,-0.116105,9.87211,9.8728,0,0.792925
1.89,hover,-0.00393438,0.0117962,-0.00135998,-0.00209496,0,0,-0.00337559,-0.00869172,0.00106283,99.4616,99.6016,99.4409,0.0829581,nan,0.26118,0.261367,0.26086,0.261389,0.261106,0.261367,0.261106,0.26086,0.261389,1,0,0.0020716,0,0.000594585,0.0005053,0.000347356,0.00408636,0.00626842,0.000872545,0.00135417,-5.77683e-06,0.00515243,-0.00961085,-0.0035661,0.0285547,-0.0119753,9.80664,9.80669,0,0.809937
1.9,hover,-0.00396728,0.0118839,-0.00132972,-0.00185417,0,0,-0.00314801,-0.00887964,0.00104165,99.4617,99.6017,99.4417,0.0831538,nan,0.261179,0.260746,0.261441,0.260511,0.262018,0.260746,0.262018,0.261441,0.260511,1,0,0.00182698,0,0.00215282,0.000648566,-0.000967705,0.00399572,0.00557687,0.000868673,0.00131767,-6.26971e-06,0.00524996,0.0108977,-0.00109734,0.00985421,-0.106973,9.86937,9.86996,0,0.801976
1.91,hover,-0.00399734,0.0119735,-0.00127591,-0.00174751,0,0,-0.00281015,-0.00903421,0.0013528,99.4619,99.6019,99.4455,0.0858635,nan,0.261177,0.261239,0.261014,0.260776,0.261679,0.261239,0.261679,0.261014,0.260776,1,0,0.00182698,0,0.00299429,0.00038271,-0.000298313,0.00383291,0.00524387,0.000857776,0.00130697,-6.29183e-06,0.00435063,0.00218876,0.015349,-0.00063501,-0.0405697,9.81097,9.81106,0,0.801918
1.92,hover,-0.00402392,0.0120641,-0.00151174,-0.00173661,0,0,-0.00246498,-0.00910147,0.00152105,99.4621,99.6021,99.4464,0.0860495,nan,0.261175,0.262123,0.260151,0.262215,0.260213,0.262123,0.260213,0.260151,0.262215,1,0,0.00218366,0,-8.10441e-05,0.000292443,0.00174689,0.00453968,0.00521799,0.000904869,0.00131365,-6.62852e-06,0.00388803,0.00675052,0.00425231,0.109802,0.0724875,9.73475,9.73564,0,0.804229
1.93,hover,-0.00404701,0.0121553,-0.00164825,-0.0017037,0,0,-0.0021255,-0.00913345,9.45597e-05,99.4623,99.6023,99.4365,0.0774015,nan,0.261174,0.262083,0.260627,0.261462,0.260524,0.262083,0.260524,0.260627,0.261462,1,0,0.0020716,0,0.00137214,-0.0013721,0.00105229,0.00495194,0.00512206,0.000938133,0.00131684,-6.81427e-06,0.00571949,0.00862431,-0.00592312,0.0562289,-0.082535,9.8497,9.85021,0,0.806415
1.94,hover,-0.00406677,0.0122461,-0.0018967,-0.00168237,0,0,-0.00182979,-0.009015,-0.000450985,99.4624,99.6024,99.4373,0.0777379,nan,0.261172,0.261742,0.260724,0.261061,0.261163,0.261742,0.261163,0.260724,0.261061,1,0,0.00229024,0,0.00297338,-0.000459308,0.000402753,0.0056955,0.00505582,0.000987551,0.00131635,-7.26828e-06,0.00462188,0.00709085,0.0146726,0.164538,0.0377459,9.79004,9.79149,0,0.808278
1.95,hover,-0.00408345,0.0123357,-0.00172022,-0.00137206,0,0,-0.00146002,-0.00891361,0.000795675,99.4626,99.6026,99.4428,0.0819151,nan,0.261171,0.260174,0.262124,0.260215,0.262171,0.260174,0.262171,0.262124,0.260215,1,0,0.00195312,0,1.68732e-05,0.000167176,-0.00171633,0.00517717,0.00411779,0.00096554,0.00127129,-8.0152e-06,0.0119779,0.00231808,0.00765327,-0.0149905,0.0594895,9.91129,9.91148,0,0.797542
1.96,hover,-0.00409659,0.0124242,-0.0018176,-0.00143237,0,0,-0.00112209,-0.00880149,0.00194439,99.4628,99.6028,99.4436,0.0821289,nan,0.26117,0.261789,0.260543,0.261756,0.260592,0.261789,0.260592,0.260543,0.261756,1,0,0.0020716,0,0.000214064,3.09684e-05,0.0010594,0.00546436,0.0043044,0.000989013,0.00128881,-7.9135e-06,0.00870161,0.00614429,-0.000554137,0.0157315,0.00899746,9.89874,9.89875,0,0.805177
1.97,hover,-0.00410645,0.0125118,-0.00196874,-0.00130334,0,0,-0.000780459,-0.00869527,0.00125534,99.463,99.603,99.4938,0.122984,nan,0.261169,0.261256,0.261368,0.260882,0.261169,0.261256,0.261169,0.261368,0.260882,1,0,0.00182698,0,0.000463021,-0.00108631,-0.000175561,0.00592876,0.00393277,0.00101657,0.00127619,-8.32362e-06,0.0160474,0.0164348,0.00583223,-0.0223561,0.0649931,9.94586,9.9461,0,0.801594
1.98,hover,-0.00411286,0.0125975,-0.00140415,-0.00122815,0,0,-0.000450654,-0.00843844,0.00103362,99.4632,99.6032,99.495,0.123253,nan,0.261167,0.260899,0.261748,0.26077,0.261252,0.260899,0.261252,0.261748,0.26077,1,0,0.00169146,0,-0.000973773,-0.00118457,-0.000585424,0.00423141,0.00370708,0.000923798,0.00126894,-8.04843e-06,0.0135588,0.0163495,0.00139829,-0.0338133,0.0292798,9.79894,9.79904,0,0.807686
1.99,hover,-0.00411589,0.0126804,-0.00135689,-0.00137397,0,0,-8.32546e-05,-0.008139,0.00200309,99.4633,99.6033,99.4972,0.124308,nan,0.261166,0.261241,0.261062,0.261221,0.261141,0.261241,0.261141,0.261062,0.261221,1,0,0.00195312,0,0.000260326,0.000112435,0.000113912,0.00407774,0.00413189,0.000919307,0.00130396,-7.8688e-06,0.00564637,0.00795401,0.00607977,-0.104621,-0.106112,9.80906,9.81019,0,0.821096
2,hover,-0.00411537,0.0127602,-0.00150016,-0.00150955,0,0,0.000222558,-0.00778448,0.00248312,99.4635,99.6035,99.4985,0.124555,nan,0.261165,0.261549,0.260609,0.261539,0.260963,0.261549,0.260963,0.260609,0.261539,1,0,0.00182698,0,0.000964949,0.00065306,0.000666124,0.00450485,0.00453193,0.000948431,0.00133617,-7.90564e-06,0.00386562,0.00350999,0.00194931,-0.126053,0.00327915,9.83973,9.84054,0,0.831731
2.01,hover,-0.00411206,0.0128363,-0.00138696,-0.00160018,0,0,0.000495021,-0.0074473,0.00178672,99.4637,99.6037,99.5006,0.125407,nan,0.261164,0.259441,0.262433,0.260019,0.262765,0.259441,0.262765,0.262433,0.260019,1,0,0.00182698,0,-0.000651678,0.00172466,-0.00252193,0.00416513,0.00478853,0.000934603,0.00135561,-7.72948e-06,0.0037759,-0.00665317,0.00137569,0.0340251,-0.101749,9.82743,9.82801,0,0.842251
2.02,hover,-0.00410662,0.0129096,-0.00156329,-0.00167466,0,0,0.000630415,-0.00723414,0.00295697,99.4639,99.6039,99.5018,0.125607,nan,0.261163,0.261202,0.261208,0.260725,0.261518,0.261202,0.261518,0.261208,0.260725,1,0,0.00182698,0,0.0020865,-0.000316302,-0.000351619,0.00468866,0.00502239,0.000977699,0.00137578,-7.96559e-06,0.000188577,0.000306746,0.00564901,0.0382091,-0.153843,9.88807,9.88934,0,0.848776
2.03,hover,-0.00410029,0.0129807,-0.0012351,-0.00173059,0,0,0.000705773,-0.00701867,0.00252464,99.464,99.604,99.487,0.113039,nan,0.261162,0.262244,0.260372,0.261789,0.260245,0.262244,0.260245,0.260372,0.261789,1,0,0.00218366,0,0.000868786,-0.00110102,0.00150154,0.00369955,0.00519835,0.000927523,0.00139154,-7.23465e-06,-0.002892,0.00577101,0.00885172,0.00355684,-0.0350682,9.80567,9.80573,0,0.859196
2.04,hover,-0.00409327,0.0130496,-0.00139293,-0.00205756,0,0,0.000759322,-0.00676374,0.00248059,99.4642,99.6042,99.488,0.113349,nan,0.261162,0.25958,0.26274,0.259695,0.262631,0.25958,0.262631,0.26274,0.259695,1,0,0.00239208,0,-0.000593613,1.11714e-05,-0.0026791,0.0041932,0.00617768,0.000961565,0.0014517,-7.19751e-06,0.0105709,0.00478863,-0.00467442,0.103886,-0.0401133,9.81592,9.81655,0,0.879817
2.05,hover,-0.00408613,0.0131161,-0.00146724,-0.00172644,0,0,0.000733614,-0.00658803,0.00300333,99.4644,99.6044,99.4686,0.0971964,nan,0.261161,0.261406,0.260797,0.261282,0.261157,0.261406,0.261157,0.260797,0.261282,1,0,0.0020716,0,0.00128332,0.000446533,0.000322812,0.00440134,0.0051788,0.000980298,0.00139722,-8.17101e-06,0.000739842,0.00103752,0.00216352,-0.00473937,-0.0418923,9.82104,9.82113,0,0.864085
2.06,hover,-0.00407917,0.0131815,-0.0014449,-0.00177312,0,0,0.000688389,-0.00655352,0.00222431,99.4646,99.6046,99.4696,0.0974196,nan,0.26116,0.260814,0.261155,0.261303,0.261368,0.260814,0.261368,0.261155,0.261303,1,0,0.0020716,0,-0.000732174,0.00132982,-0.000178741,0.00434276,0.00533696,0.000986277,0.00140845,-8.12854e-06,0.00634526,0.0131592,-0.00722254,0.0554244,0.0456909,9.81553,9.81579,0,0.87056
2.07,hover,-0.00407357,0.0132472,-0.00135518,-0.00164969,0,0,0.000486758,-0.00661634,0.00227983,99.4648,99.6048,99.4572,0.0868451,nan,0.261159,0.261235,0.260764,0.261692,0.260945,0.261235,0.260945,0.260764,0.261692,1,0,0.0020716,0,-0.000732636,0.00120935,0.000535457,0.00406643,0.00495473,0.000979053,0.00139164,-8.23442e-06,0.00159021,0.00514923,0.0103487,0.173354,0.0553194,9.8632,9.86488,0,0.868127
2.08,hover,-0.00406999,0.0133138,-0.00126342,-0.00148058,0,0,0.000280362,-0.00675311,0.00176132,99.4649,99.6049,99.4581,0.086821,nan,0.261159,0.260386,0.261882,0.260219,0.262148,0.260386,0.262148,0.261882,0.260219,1,0,0.00182698,0,0.00115089,0.000187105,-0.00150516,0.00379614,0.0044613,0.000969272,0.00136705,-8.34561e-06,0.0048778,0.0144054,-0.00436537,0.10487,0.105009,9.79499,9.79611,0,0.863247
2.09,hover,-0.00406834,0.013382,-0.00137035,-0.00157559,0,0,0.000109455,-0.006891,0.00175783,99.4651,99.6051,99.4398,0.0718121,nan,0.261158,0.26088,0.261235,0.261016,0.261501,0.26088,0.261501,0.261235,0.261016,1,0,0.00182698,0,0.000344785,0.000761334,-0.000368712,0.00411223,0.00473726,0.000993012,0.00138673,-8.36241e-06,0.00179307,0.00837121,0.00502705,-0.058111,-0.011478,9.79238,9.79256,0,0.871344
2.1,hover,-0.00406798,0.0134518,-0.00138939,-0.00137383,0,0,-1.85802e-05,-0.00706559,0.00127521,99.4653,99.6053,99.4406,0.0719611,nan,0.261157,0.260662,0.261404,0.260725,0.261837,0.260662,0.261837,0.261404,0.260725,1,0,0.0020716,0,0.000981747,0.000939745,-0.000815019,0.00416158,0.00413015,0.00100191,0.00135875,-8.61773e-06,-0.00340528,0.00714695,-0.00569256,-0.0472302,-0.0295259,9.82302,9.82317,0,0.8637
2.11,hover,-0.00406899,0.0135231,-0.00140088,-0.00167659,0,0,-0.00015657,-0.0071816,0.00207345,99.4655,99.6055,99.4452,0.075136,nan,0.261157,0.261779,0.2605,0.261767,0.260581,0.261779,0.260581,0.2605,0.261767,1,0,0.00229024,0,0.00024298,0.000130337,0.00108347,0.0042109,0.00503222,0.0010137,0.00141963,-8.07857e-06,0.00651857,0.00304543,-0.00105765,-0.0864268,-0.123541,9.88148,9.88263,0,0.884714
2.12,hover,-0.00407156,0.0135946,-0.00128682,-0.00177134,0,0,-0.000331895,-0.00712669,0.00248752,99.4656,99.6056,99.446,0.0754479,nan,0.261156,0.26145,0.260565,0.261541,0.261069,0.26145,0.261069,0.260565,0.261541,1,0,0.0020716,0,0.00109417,0.00112763,0.000596559,0.00386872,0.00530956,0.000998998,0.00144015,-8.00786e-06,0.00651527,-0.00153521,0.00683732,-0.0587169,-0.102464,9.77505,9.77577,0,0.895245
2.13,hover,-0.00407612,0.0136655,-0.00116815,-0.0018625,0,0,-0.000500722,-0.00705669,0.00267088,99.4658,99.6058,99.4643,0.089262,nan,0.261156,0.261261,0.260617,0.261749,0.260995,0.261261,0.260995,0.260617,0.261749,1,0,0.00218366,0,-0.00029306,0.00163973,0.000614782,0.00350236,0.00558342,0.000985415,0.00145832,-7.77311e-06,-0.000395198,-0.00126592,0.00419279,0.0679743,-0.0837267,9.84358,9.84417,0,0.905625
2.14,hover,-0.00408231,0.013736,-0.00110745,-0.00203521,0,0,-0.000691252,-0.00707382,0.00255455,99.466,99.606,99.4652,0.0894505,nan,0.261155,0.262726,0.259659,0.262247,0.259987,0.262726,0.259987,0.259659,0.262247,1,0,0.0020716,0,0.00214093,-0.00028661,0.00234133,0.00331691,0.00611238,0.000979093,0.00149438,-7.39478e-06,-0.00266284,0.00599471,-0.00495019,0.0757296,-0.0304014,9.79297,9.79331,0,0.920021
2.15,hover,-0.00409019,0.0138068,-0.000674858,-0.0017898,0,0,-0.000847196,-0.00714382,0.00132476,99.4662,99.6062,99.4895,0.10821,nan,0.261155,0.261483,0.260769,0.261401,0.260965,0.261483,0.260965,0.260769,0.261401,1,0,0.00154408,0,0.0007379,0.000216458,0.000505804,0.00201742,0.00537801,0.000910309,0.0014546,-7.0303e-06,-0.00384021,0.0071879,0.00852787,0.0753129,-0.00222562,9.8973,9.89759,0,0.915124
2.16,hover,-0.00409969,0.0138791,-0.000461507,-0.0016504,0,0,-0.00104657,-0.00736847,0.0012598,99.4664,99.6064,99.4906,0.10858,nan,0.261154,0.259995,0.262479,0.260052,0.26209,0.259995,0.26209,0.262479,0.260052,1,0,0.00138107,0,-0.00118528,-0.000629956,-0.0019872,0.00138022,0.00497181,0.00088095,0.0014323,-6.80189e-06,-0.001983,0.0151693,-0.000139664,-0.0039093,0.00318017,9.76537,9.76537,0,0.914127
2.17,hover,-0.00411158,0.013954,-0.000721935,-0.0015405,0,0,-0.0012886,-0.00762337,0.00144294,99.4665,99.6065,99.4752,0.0958853,nan,0.261154,0.260247,0.262309,0.260203,0.261856,0.260247,0.261856,0.262309,0.260203,1,0,0.00119604,0,-0.00108762,-0.000941748,-0.00163286,0.0021724,0.00461789,0.000929672,0.00141702,-7.07824e-06,0.00532005,-0.000975898,-0.00719964,0.123807,-0.00700532,9.82704,9.82782,0,0.909093
2.18,hover,-0.00412581,0.0140311,-0.000204923,-0.0017114,0,0,-0.00153055,-0.00783132,0.00153988,99.4667,99.6067,99.4761,0.0958517,nan,0.261153,0.260718,0.261647,0.260707,0.261541,0.260718,0.261541,0.261647,0.260707,1,0,0.00119604,0,-0.000252051,-0.000221446,-0.000775063,0.000626081,0.00514271,0.00084508,0.00144534,-6.71247e-06,0.00838489,0.00711358,-0.00113324,0.121336,0.0329216,9.76818,9.76899,0,0.92973
2.19,hover,-0.00414256,0.0141104,-0.000461552,-0.00159353,0,0,-0.00176914,-0.00801445,0.00196943,99.4669,99.6069,99.4685,0.0893643,nan,0.261153,0.260325,0.261986,0.260807,0.261493,0.260325,0.261493,0.261986,0.260807,1,0,0.00154408,0,-0.00258572,-2.14689e-05,-0.0010318,0.00138463,0.00479293,0.000893193,0.00143436,-7.16608e-06,0.000885625,0.00965632,0.00609308,-0.0590196,0.0534279,9.81277,9.81309,0,0.924415
2.2,hover,-0.00416174,0.0141909,-0.000747653,-0.00161605,0,0,-0.00201027,-0.00814049,0.00203503,99.4671,99.6071,99.4694,0.0895716,nan,0.261153,0.259301,0.262886,0.2601,0.262324,0.259301,0.262324,0.262886,0.2601,1,0,0.00154408,0,-0.00361329,0.00044865,-0.00255305,0.00224334,0.0048582,0.000949337,0.00143889,-7.82891e-06,0.00119424,0.00814567,-0.00785241,-0.0272133,0.075647,9.83795,9.83827,0,0.926904
2.21,hover,-0.00418326,0.0142729,-0.000930363,-0.00162128,0,0,-0.00218618,-0.0082642,0.00313169,99.4673,99.6073,99.4698,0.0893194,nan,0.261152,0.261194,0.261037,0.261573,0.260806,0.261194,0.260806,0.261037,0.261573,1,0,0.00154408,0,-0.00161735,0.000278431,0.000406046,0.00278959,0.00486375,0.000979975,0.00144726,-8.17915e-06,-2.38423e-05,0.00138539,-0.00225805,-0.029552,-0.0875569,9.82864,9.82908,0,0.929948
2.22,hover,-0.00420618,0.0143558,-0.00135877,-0.00141695,0,0,-0.00232162,-0.0083447,0.00230065,99.4674,99.6074,99.4707,0.0894611,nan,0.261152,0.260541,0.261989,0.260095,0.261983,0.260541,0.261983,0.261989,0.260095,1,0,0.00169146,0,0.00117091,-0.000857023,-0.00146634,0.00408167,0.00424449,0.00105128,0.00141806,-9.03744e-06,0.0046201,-0.00282374,4.82318e-05,-0.055045,-0.0503019,9.83572,9.836,0,0.918842
2.23,hover,-0.00423,0.0144396,-0.00110175,-0.00150505,0,0,-0.00236457,-0.00842708,0.00197439,99.4676,99.6076,99.4679,0.0867486,nan,0.261152,0.261323,0.260586,0.261814,0.260884,0.261323,0.260884,0.260586,0.261814,1,0,0.00154408,0,-0.000511493,0.00149446,0.000732363,0.00330796,0.00451535,0.00100578,0.00144131,-8.70461e-06,0.00281158,0.00157341,0.00168183,-0.00532433,-0.0251051,9.85659,9.85663,0,0.93143
2.24,hover,-0.00425416,0.0145242,-0.00093605,-0.00195474,0,0,-0.00241179,-0.00848969,0.00183828,99.4678,99.6078,99.4688,0.0868869,nan,0.261152,0.261941,0.25994,0.262365,0.26036,0.261941,0.26036,0.25994,0.262365,1,0,0.00229024,0,-1.20434e-05,0.00159848,0.00176107,0.00280254,0.00588162,0.000976162,0.00152628,-7.89821e-06,-0.00278547,0.0131378,-0.012713,-0.0441306,-0.0427715,9.89039,9.89058,0,0.963548
2.25,hover,-0.00427836,0.0146096,-0.00102009,-0.00217734,0,0,-0.00239465,-0.00863153,0.000962516,99.468,99.608,99.4685,0.0861345,nan,0.261151,0.260731,0.261459,0.260755,0.261661,0.260731,0.261661,0.261459,0.260755,1,0,0.00229024,0,0.000470568,0.000428692,-0.0007184,0.00305677,0.00654515,0.000993894,0.0015714,-7.91621e-06,-0.00134239,0.010341,-0.00544091,0.0384438,-0.100309,9.83196,9.83255,0,0.980234
2.26,hover,-0.0043026,0.0146968,-0.00107641,-0.00255536,0,0,-0.00242001,-0.00886731,0.00190112,99.4682,99.6082,99.4694,0.086422,nan,0.261151,0.261713,0.260367,0.261726,0.260798,0.261713,0.260798,0.260367,0.261726,1,0,0.00284714,0,0.00110725,0.000842822,0.000999415,0.00323351,0.00766067,0.00100735,0.00163582,-7.69053e-06,0.00387541,-0.00196503,0.00136992,0.0257627,-0.0138635,9.7935,9.79354,0,1.00611
2.27,hover,-0.00432692,0.0147868,-0.00116564,-0.0025271,0,0,-0.00238965,-0.00916762,0.00202855,99.4683,99.6083,99.4526,0.0732756,nan,0.261151,0.261612,0.260874,0.261023,0.261096,0.261612,0.261096,0.260874,0.261023,1,0,0.00267443,0,0.00215128,-0.00069615,0.000292041,0.00351371,0.00760158,0.00102609,0.00163913,-8.0131e-06,0.0122272,0.0151509,7.86677e-05,0.0611952,0.0224907,9.79411,9.79433,0,1.00894
2.28,hover,-0.00435098,0.0148795,-0.00106619,-0.00277848,0,0,-0.00234261,-0.00940814,0.00143885,99.4685,99.6085,99.4534,0.0734294,nan,0.261151,0.261416,0.260996,0.260978,0.261214,0.261416,0.261214,0.260996,0.260978,1,0,0.00284714,0,0.00173854,-0.000417245,8.04911e-05,0.00320216,0.00834514,0.00101348,0.00168765,-7.04571e-06,0.00343043,0.00814968,0.00450238,0.088896,-0.0238783,9.83189,9.83232,0,1.0296
2.29,hover,-0.00437416,0.0149744,-0.00131036,-0.002758,0,0,-0.0022295,-0.00960021,0.00166366,99.4687,99.6087,99.4888,0.100092,nan,0.261151,0.261221,0.260924,0.261306,0.261152,0.261221,0.261152,0.260924,0.261306,1,0,0.00284714,0,0.000379911,0.000592955,0.000197616,0.00392763,0.00828575,0.00105913,0.0016919,-8.19298e-06,-0.00123136,0.00952663,-0.00223341,0.0720478,0.0672644,9.7814,9.78189,0,1.03163
2.3,hover,-0.00439615,0.0150716,-0.00131014,-0.00271196,0,0,-0.00212626,-0.00987694,0.000675634,99.4689,99.6089,99.4899,0.100302,nan,0.261151,0.260999,0.26133,0.260647,0.261627,0.260999,0.261627,0.26133,0.260647,1,0,0.00292969,0,0.00172106,-0.000106154,-0.000576208,0.00392527,0.00815014,0.00106025,0.00169137,-8.25783e-06,-0.00234241,0.0111858,0.00929031,0.0307562,0.00522398,9.7754,9.77545,0,1.03474
2.31,hover,-0.00441702,0.0151719,-0.00141862,-0.00290809,0,0,-0.00198795,-0.0102146,0.00178652,99.4691,99.6091,99.5019,0.108832,nan,0.26115,0.260828,0.261589,0.261376,0.260809,0.260828,0.260809,0.261589,0.261376,1,0,0.00308816,0,-0.00352337,-0.000441239,-8.51589e-05,0.00426702,0.00873396,0.00107876,0.0017306,-8.21741e-06,0.00855284,0.00817592,0.0057591,-0.00116548,-0.000219561,9.9087,9.9087,0,1.05069
2.32,hover,-0.00443657,0.0152754,-0.00156302,-0.00255096,0,0,-0.00182929,-0.0105051,0.00291696,99.4692,99.6092,99.503,0.108708,nan,0.26115,0.261034,0.26102,0.261214,0.261334,0.261034,0.261334,0.26102,0.261214,1,0,0.00284714,0,0.000355223,0.000936845,-4.70065e-05,0.0046955,0.00766574,0.00110955,0.00168295,-9.79644e-06,0.00540323,0.0102634,-0.000820458,-0.0719776,0.0198631,9.8231,9.82338,0,1.03523
2.33,hover,-0.00445422,0.0153817,-0.00179019,-0.00251376,0,0,-0.0016034,-0.0107707,0.00250676,99.4694,99.6094,99.503,0.108084,nan,0.26115,0.259966,0.262289,0.260044,0.262303,0.259966,0.262303,0.262289,0.260044,1,0,0.00308816,0,-0.000168394,0.000174882,-0.00201419,0.00536857,0.00754208,0.00115239,0.00168622,-1.05968e-05,-0.000180393,0.00220898,0.00105443,-0.113388,0.0610967,9.8208,9.82165,0,1.03738
2.34,hover,-0.00446961,0.0154904,-0.0016318,-0.00255658,0,0,-0.00137544,-0.0110012,0.00266215,99.4696,99.6096,99.504,0.108372,nan,0.26115,0.260894,0.261459,0.260536,0.261712,0.260894,0.261712,0.261459,0.260536,1,0,0.00284714,0,0.00162149,-0.000200249,-0.00076518,0.00489944,0.00767138,0.00113084,0.00170393,-1.00821e-05,0.00385075,0.00278263,0.00726247,-0.035969,-0.0653002,9.85761,9.85789,0,1.04742
2.35,hover,-0.00448262,0.0156011,-0.00133682,-0.00261746,0,0,-0.00113256,-0.0111526,0.00361145,99.4698,99.6098,99.491,0.0978562,nan,0.26115,0.260897,0.261202,0.260898,0.261604,0.260897,0.261604,0.261202,0.260898,1,0,0.00284714,0,0.00106558,0.000762315,-0.000444342,0.00401187,0.00785918,0.00108227,0.00172596,-8.95162e-06,0.00206142,0.00623938,0.00790739,-0.033033,-0.0766497,9.77212,9.77248,0,1.05991
2.36,hover,-0.00449363,0.0157129,-0.00118545,-0.00207703,0,0,-0.000981391,-0.0112299,0.00235295,99.47,99.61,99.4919,0.0979828,nan,0.26115,0.2624,0.260336,0.262096,0.259769,0.2624,0.259769,0.260336,0.262096,1,0,0.00229024,0,-0.000699354,-0.00165035,0.00193047,0.00355106,0.00624194,0.00106584,0.0016525,-9.52432e-06,-0.00247215,0.0088896,-0.00717623,-0.00139549,-0.0119484,9.85046,9.85047,0,1.0373
2.37,hover,-0.00450319,0.0158248,-0.000948252,-0.00213231,0,0,-0.000876783,-0.0111359,0.00106793,99.4702,99.6102,99.4774,0.0863136,nan,0.26115,0.261778,0.260391,0.262027,0.260404,0.261778,0.260404,0.260391,0.262027,1,0,0.00182698,0,-0.000627317,0.000495355,0.00132347,0.00283258,0.00641033,0.00103091,0.00166825,-9.2497e-06,-0.00707379,0.0105922,0.00461335,0.0579426,-0.0680424,9.80999,9.8104,0,1.0493
2.38,hover,-0.00451192,0.0159359,-0.000932556,-0.00184119,0,0,-0.000865521,-0.0111031,0.000115074,99.4703,99.6103,99.4783,0.0866655,nan,0.26115,0.262286,0.260183,0.261618,0.260514,0.262286,0.260514,0.260183,0.261618,1,0,0.00182698,0,0.00265119,-0.000638171,0.00140999,0.00279066,0.00553525,0.00103486,0.00162514,-9.56907e-06,-0.00360741,0.00940211,0.0141025,0.0246666,-0.0347038,9.7877,9.78779,0,1.03944
2.39,hover,-0.0045206,0.0160469,-0.000966173,-0.00128436,0,0,-0.000863065,-0.0110864,0.000992577,99.4705,99.6105,99.4513,0.0659724,nan,0.26115,0.26195,0.260568,0.261823,0.260259,0.26195,0.260259,0.260568,0.261823,1,0,0.00119604,0,-0.00048174,-0.00082557,0.00129469,0.00290245,0.00385805,0.00104665,0.00154206,-9.77758e-06,0.00367149,0.00484453,0.00270881,0.0962999,0.0239168,9.72676,9.72727,0,1.0141
2.4,hover,-0.00452967,0.0161571,-0.000711527,-0.00156624,0,0,-0.000899437,-0.0109574,0.00122755,99.4707,99.6107,99.452,0.0662246,nan,0.26115,0.261727,0.260948,0.260849,0.261077,0.261727,0.261077,0.260948,0.260849,1,0,0.00169146,0,0.00267022,-0.00141862,0.000241786,0.00214095,0.00471637,0.00100641,0.00160165,-9.6947e-06,0.00524223,0.0133689,-0.00834126,0.0734437,0.0432574,9.80997,9.81034,0,1.03913
2.41,hover,-0.00453868,0.0162657,-0.0010541,-0.00139271,0,0,-0.000823997,-0.0107373,0.00160017,99.4709,99.6109,99.4562,0.0687939,nan,0.26115,0.261727,0.260847,0.26187,0.260157,0.261727,0.260157,0.260847,0.26187,1,0,0.00154408,0,-0.00221063,-0.00103628,0.00113963,0.00317445,0.00420257,0.00106694,0.00158319,-9.9001e-06,0.00915347,0.0178833,-0.00692896,0.144832,-0.00570856,9.81285,9.81392,0,1.03172
2.42,hover,-0.00454685,0.0163717,-0.000987558,-0.00106612,0,0,-0.00074265,-0.0104758,0.00159417,99.4711,99.6111,99.457,0.0691544,nan,0.26115,0.26289,0.259937,0.262391,0.259383,0.26289,0.259383,0.259937,0.262391,1,0,0.000690534,0,-0.000148098,-0.00199347,0.00261981,0.00298423,0.00320669,0.00105892,0.00154104,-9.94747e-06,0.0154243,0.00709884,-0.00552517,-0.00911254,0.0296338,9.83222,9.83227,0,1.02013
2.43,hover,-0.00455413,0.0164748,-0.00128812,-0.000887921,0,0,-0.000680934,-0.0101081,0.0019241,99.4712,99.6112,99.4694,0.0780563,nan,0.26115,0.261676,0.260586,0.261845,0.260495,0.261676,0.260495,0.260586,0.261845,1,0,0.00119604,0,-0.000692093,0.000146772,0.00107261,0.00388874,0.00266804,0.00111498,0.00151682,-9.91625e-06,0.0173684,0.00437074,-0.00356316,0.0175175,0.0574181,9.86774,9.86793,0,1.01276
2.44,hover,-0.00456147,0.016574,-0.0012375,-0.00118965,0,0,-0.00073545,-0.00970372,0.00185806,99.4714,99.6114,99.4702,0.0784423,nan,0.261151,0.261199,0.261008,0.26147,0.260926,0.261199,0.260926,0.261008,0.26147,1,0,0.00154408,0,-0.000934878,0.000357017,0.000323253,0.00372785,0.00357388,0.00111181,0.00157662,-9.52526e-06,0.011356,0.00486662,-0.00157935,0.0125304,-0.0277956,9.7888,9.78885,0,1.03595
2.45,hover,-0.00456954,0.0166688,-0.00127798,-0.00149645,0,0,-0.000845804,-0.00925225,0.000304596,99.4716,99.6116,99.4927,0.0950679,nan,0.261151,0.2614,0.260769,0.26162,0.260814,0.2614,0.260814,0.260769,0.26162,1,0,0.00195312,0,-0.000464912,0.000501541,0.000630984,0.00384282,0.00448073,0.00112301,0.00163725,-8.90622e-06,0.0070374,-0.0040965,-0.00648439,-0.110449,0.0241712,9.78291,9.78356,0,1.05828
2.46,hover,-0.00457877,0.0167592,-0.00124911,-0.00158513,0,0,-0.0010205,-0.00880632,0.000254269,99.4718,99.6118,99.4936,0.0952533,nan,0.261151,0.260321,0.261923,0.259896,0.262462,0.260321,0.262462,0.261923,0.259896,1,0,0.00154408,0,0.00255934,0.000215431,-0.00183217,0.00377355,0.00477424,0.00112304,0.00166073,-8.82121e-06,0.0186038,0.0142347,-0.00121055,-0.0832065,0.0140024,9.855,9.85536,0,1.06876
2.47,hover,-0.00459007,0.0168452,-0.00103968,-0.00167549,0,0,-0.00122474,-0.00835855,1.58105e-06,99.472,99.612,99.5343,0.124986,nan,0.261151,0.260146,0.262135,0.26049,0.261832,0.260146,0.261832,0.262135,0.26049,1,0,0.00182698,0,-0.00171518,7.82294e-05,-0.00146394,0.003111,0.00502983,0.00109425,0.00168543,-8.25949e-06,-0.00425728,0.00393032,-0.000462395,-0.10674,-0.0491021,9.92995,9.93065,0,1.08095
2.48,hover,-0.00460347,0.0169265,-0.00111509,-0.00142568,0,0,-0.00144173,-0.0079004,0.00156707,99.4721,99.6121,99.5355,0.125148,nan,0.261151,0.260873,0.261555,0.260474,0.261702,0.260873,0.261702,0.261555,0.260474,1,0,0.00119604,0,0.00144845,-0.000479254,-0.000839505,0.00333697,0.00427276,0.00111139,0.00164893,-8.6724e-06,-0.00443326,-0.00119937,-0.00744076,0.0182367,-0.0431701,9.86751,9.86762,0,1.07081
2.49,hover,-0.00461903,0.0170034,-0.000865478,-0.00109672,0,0,-0.00157765,-0.00748781,0.00169747,99.4723,99.6123,99.5356,0.124373,nan,0.261151,0.260514,0.26157,0.260597,0.261922,0.260514,0.261922,0.26157,0.260597,1,0,0.000690534,0,0.00071311,0.000823936,-0.00104649,0.00259266,0.0032961,0.00107205,0.00160123,-8.63945e-06,-0.00144212,0.00556175,0.00300437,0.0415217,-0.0916364,9.84038,9.8409,0,1.05951
2.5,hover,-0.00463542,0.0170767,-0.00095126,-0.000997733,0,0,-0.00163505,-0.00716631,0.00212814,99.4725,99.6125,99.5368,0.124421,nan,0.261151,0.262263,0.260065,0.262055,0.260221,0.262263,0.260221,0.260065,0.262055,1,0,0.00154408,0,0.000964607,-9.80967e-05,0.00177223,0.00285342,0.00300201,0.00108805,0.00159011,-8.75342e-06,0.000854195,0.00746188,0.00392401,-0.0114854,-0.0426054,9.76229,9.76239,0,1.05729
2.51,hover,-0.00465231,0.0171467,-0.000722579,-0.000881075,0,0,-0.00168461,-0.00686091,0.00204436,99.4727,99.6127,99.5508,0.134138,nan,0.261151,0.261032,0.261358,0.260648,0.261567,0.261032,0.261567,0.261358,0.260648,1,0,0.000690534,0,0.00157238,-0.000331354,-0.000547347,0.00216646,0.00265232,0.00104969,0.00157152,-9.01932e-06,0.00019147,0.00763731,-0.00727493,0.0969875,-0.0364316,9.88771,9.88825,0,1.05749
2.52,hover,-0.00466971,0.0172141,-0.000961543,-0.00109235,0,0,-0.00171301,-0.00663725,0.00147332,99.4729,99.6129,99.5522,0.134389,nan,0.261152,0.26093,0.261605,0.260293,0.261778,0.26093,0.261778,0.261605,0.260293,1,0,0.00119604,0,0.00214787,-0.00088004,-0.000949294,0.0028864,0.00328211,0.00109017,0.00161113,-8.91815e-06,0.00227058,0.00499319,-0.00388574,0.0775254,0.057379,9.84065,9.84112,0,1.0706
2.53,hover,-0.0046871,0.0172794,-0.00108444,-0.000823983,0,0,-0.00167536,-0.00644305,0.00211568,99.473,99.613,99.5108,0.103029,nan,0.261152,0.263341,0.259017,0.263195,0.259054,0.263341,0.259054,0.259017,0.263195,1,0,0.000690534,0,0.000488733,-0.000206287,0.00372055,0.00325395,0.00248679,0.00111475,0.00156984,-9.26246e-06,0.00153655,0.0114662,-0.000588229,0.118378,0.0521594,9.90278,9.90363,0,1.05803
2.54,hover,-0.00470412,0.0173429,-0.00101651,-0.00099835,0,0,-0.00165903,-0.0062909,0.00206658,99.4732,99.6132,99.5119,0.103308,nan,0.261152,0.260945,0.261617,0.260527,0.261518,0.260945,0.261518,0.261617,0.260527,1,0,0.000690534,0,0.000849738,-0.000979562,-0.000730826,0.00304436,0.00299266,0.00110646,0.00160298,-9.19997e-06,-0.00235057,1.37046e-05,-0.00237952,0.0643618,0.0504376,9.88303,9.88337,0,1.07234
2.55,hover,-0.00472073,0.0174053,-0.000877265,-0.00114502,0,0,-0.00157778,-0.00619685,0.00127092,99.4734,99.6134,99.5501,0.130926,nan,0.261152,0.261257,0.261406,0.261382,0.260564,0.261257,0.260564,0.261406,0.261382,1,0,0.000690534,0,-0.00256359,-0.00135788,0.000293968,0.00263521,0.00344502,0.00108663,0.00163085,-9.07113e-06,0.00337092,0.0082748,0.00535537,-0.046465,-0.0550739,9.75846,9.75872,0,1.08582
2.56,hover,-0.00473635,0.0174665,-0.000844556,-0.00122359,0,0,-0.00151942,-0.00608084,0.000755895,99.4736,99.6136,99.5515,0.131366,nan,0.261152,0.260388,0.261594,0.26041,0.262217,0.260388,0.262217,0.261594,0.26041,1,0,0.00119604,0,0.00159605,0.00122198,-0.00132456,0.00255272,0.00367077,0.00108319,0.00164354,-9.38914e-06,0.0137882,0.00164125,0.00186919,-0.0376565,-0.0159201,9.81445,9.81454,0,1.09422
2.57,hover,-0.00475154,0.0175273,-0.00105807,-0.00110716,0,0,-0.0014792,-0.00608435,0.00117149,99.4738,99.6138,99.5565,0.134562,nan,0.261152,0.261495,0.260766,0.261908,0.26044,0.261495,0.26044,0.260766,0.261908,1,0,0.000976562,0,-0.00195817,0.000164922,0.000965359,0.00317997,0.00330903,0.00112161,0.00162583,-9.50804e-06,0.00495299,-0.00667022,-0.00389641,-0.000161155,-0.107086,9.85811,9.85869,0,1.08891
2.58,hover,-0.00476677,0.017588,-0.00133846,-0.00115501,0,0,-0.00156047,-0.00606754,0.00130532,99.4739,99.6139,99.5579,0.1347,nan,0.261153,0.261412,0.260845,0.261511,0.260842,0.261412,0.260842,0.260845,0.261511,1,0,0.00182698,0,-0.000270581,0.000180426,0.000542898,0.00401816,0.00347686,0.00117252,0.00163809,-9.76566e-06,0.00302848,0.00953213,-0.000595918,0.024741,-0.0683131,9.81854,9.81881,0,1.09228
2.59,hover,-0.004783,0.0176483,-0.00121274,-0.0011977,0,0,-0.0016182,-0.00602064,0.00110769,99.4741,99.6141,99.5608,0.136106,nan,0.261153,0.261905,0.260556,0.261694,0.260456,0.261905,0.260456,0.260556,0.261694,1,0,0.00169146,0,0.000295771,-0.000590939,0.00113724,0.00363917,0.00358406,0.00115196,0.00164749,-9.70222e-06,0.0017881,-0.00437184,-0.000172347,-0.0595188,-0.0988301,9.83808,9.83876,0,1.09953
2.6,hover,-0.00479949,0.0177085,-0.00140527,-0.00114262,0,0,-0.0016501,-0.00602711,0.00183024,99.4743,99.6143,99.5622,0.136304,nan,0.261153,0.26129,0.26072,0.261577,0.261023,0.26129,0.261023,0.26072,0.261577,1,0,0.00138107,0,4.29236e-05,0.00111707,0.00049391,0.00421602,0.0034297,0.00118934,0.0016426,-9.7943e-06,0.00132887,0.00288143,-0.000693775,0.0310609,-0.0478995,9.82214,9.8223,0,1.09804
2.61,hover,-0.00481666,0.017769,-0.00134025,-0.000967787,0,0,-0.00169408,-0.00611874,0.00179995,99.4745,99.6145,99.5473,0.124355,nan,0.261153,0.260211,0.262355,0.259971,0.262074,0.260211,0.262074,0.262355,0.259971,1,0,0.00119604,0,-0.00010961,-0.000986109,-0.0018667,0.00401105,0.00289966,0.001181,0.00161716,-1.02256e-05,-0.00526955,-0.000855778,0.00598945,0.0548263,-0.102312,9.77259,9.77328,0,1.09242
2.62,hover,-0.00483395,0.0178301,-0.00131428,-0.000999301,0,0,-0.00168427,-0.00608582,0.0021278,99.4747,99.6147,99.5485,0.124485,nan,0.261153,0.261986,0.260205,0.262073,0.26035,0.261986,0.26035,0.260205,0.262073,1,0,0.00119604,0,0.000154548,0.000438769,0.0015401,0.00393987,0.00299345,0.00117999,0.00162069,-1.04776e-05,-0.00080705,-0.0013454,-0.00285731,0.146415,-0.0988646,9.72318,9.72478,0,1.09808
2.63,hover,-0.00485096,0.0178907,-0.00163066,-0.00116116,0,0,-0.00162667,-0.00608856,0.0025564,99.4748,99.6148,99.5404,0.117764,nan,0.261153,0.261671,0.260625,0.261622,0.260695,0.261671,0.260695,0.260625,0.261622,1,0,0.00182698,0,0.000317502,3.96259e-05,0.000867132,0.00490665,0.00347824,0.00123321,0.00164627,-9.88735e-06,0.0110059,-0.00184423,-0.0072095,0.0377596,0.106692,9.7144,9.71506,0,1.10775
2.64,hover,-0.00486719,0.0179519,-0.00171164,-0.00114278,0,0,-0.00149198,-0.00621023,0.00266622,99.475,99.615,99.5416,0.117789,nan,0.261154,0.261259,0.261063,0.261176,0.261116,0.261259,0.261116,0.261063,0.261176,1,0,0.00182698,0,0.000362478,-5.57921e-05,0.000112894,0.00514557,0.00342313,0.00124928,0.00164178,-1.03696e-05,0.00837509,-0.00186546,0.0148357,0.125171,0.0873087,9.85632,9.8575,0,1.10959
2.65,hover,-0.00488176,0.0180147,-0.00184894,-0.00101375,0,0,-0.00130224,-0.00640763,0.00244148,99.4752,99.6152,99.538,0.114626,nan,0.261154,0.262963,0.259276,0.263012,0.259364,0.262963,0.259364,0.259276,0.263012,1,0,0.00169146,0,0.000104291,0.000258242,0.0032242,0.00555304,0.00304354,0.00127407,0.00162019,-1.09385e-05,0.00542413,0.00313884,0.0032031,0.0698497,0.147677,9.86102,9.86238,0,1.10476
2.66,hover,-0.00489387,0.0180798,-0.0017506,-0.000965838,0,0,-0.00103839,-0.00664726,0.00156063,99.4754,99.6154,99.5392,0.114815,nan,0.261154,0.261272,0.261177,0.261057,0.26111,0.261272,0.26111,0.261177,0.261057,1,0,0.00182698,0,0.000394121,-0.000534995,1.83872e-05,0.00527031,0.00291688,0.00126032,0.00161536,-1.10525e-05,0.0136005,0.0145189,0.00493022,-0.0295359,-0.0204882,9.87027,9.87034,0,1.10671
2.67,hover,-0.00490328,0.0181472,-0.00178104,-0.00120666,0,0,-0.000755165,-0.00682699,0.00258079,99.4756,99.6156,99.5266,0.105006,nan,0.261154,0.261179,0.260998,0.261179,0.261261,0.261179,0.261261,0.260998,0.261179,1,0,0.00182698,0,0.000700681,0.000497007,4.3552e-05,0.00534306,0.00362945,0.00126795,0.00165885,-1.05534e-05,0.00123444,0.00795912,0.00727181,-0.0277259,0.00654468,9.89807,9.89811,0,1.12397
2.68,hover,-0.00491021,0.0182159,-0.00186738,-0.000873772,0,0,-0.000538344,-0.00692594,0.00206236,99.4757,99.6157,99.5277,0.105099,nan,0.261154,0.25979,0.26255,0.259961,0.262316,0.25979,0.262316,0.26255,0.259961,1,0,0.00182698,0,-0.00107509,-0.000120341,-0.00224815,0.00560163,0.00261518,0.00128689,0.00160803,-1.15912e-05,0.00094998,-0.0024843,0.0011406,-0.0405007,0.0237262,9.79131,9.79143,0,1.10832
2.69,hover,-0.00491514,0.0182856,-0.0017568,-0.000678641,0,0,-0.000358816,-0.00706351,0.00284699,99.4759,99.6159,99.5482,0.119493,nan,0.261155,0.260771,0.261525,0.260901,0.261421,0.260771,0.261421,0.261525,0.260901,1,0,0.00169146,0,-0.000620672,4.8338e-05,-0.000559923,0.00527016,0.00203286,0.00127544,0.00158235,-1.22551e-05,0.00111572,-0.00045351,-0.00373942,0.0172329,-0.0655214,9.80768,9.80791,0,1.10225
2.7,hover,-0.00491877,0.0183569,-0.00158005,-0.000722962,0,0,-0.000295033,-0.00721748,0.0015923,99.4761,99.6161,99.5495,0.119722,nan,0.261155,0.260987,0.261356,0.260891,0.261385,0.260987,0.261385,0.261356,0.260891,1,0,0.00169146,0,0.000329717,-0.000126645,-0.000379211,0.00473067,0.00216921,0.0012527,0.00159257,-1.24339e-05,-0.00506919,0.00179563,0.00626935,-0.0726826,-0.103209,9.90371,9.90451,0,1.11046
2.71,hover,-0.00492204,0.0184289,-0.00156845,-0.000616868,0,0,-0.000323757,-0.00716543,0.00155366,99.4763,99.6163,99.5248,0.101058,nan,0.261155,0.261443,0.260755,0.26112,0.261302,0.261443,0.261302,0.260755,0.26112,1,0,0.00169146,0,0.00230752,0.000424382,0.000221875,0.00470326,0.00183993,0.00125984,0.0015802,-1.2547e-05,-0.000129661,-0.00554837,0.00866183,0.0641144,0.0375946,9.90383,9.90411,0,1.10867
2.72,hover,-0.00492595,0.0184995,-0.0013926,-0.000645304,0,0,-0.000353648,-0.00695928,0.0027281,99.4765,99.6165,99.5258,0.10129,nan,0.261155,0.261836,0.260567,0.261674,0.260544,0.261836,0.260544,0.260567,0.261674,1,0,0.000690534,0,0.000364794,-0.00035013,0.00105447,0.00417718,0.00192418,0.00123803,0.00158195,-1.31171e-05,0.000821893,-0.00623184,-0.00892663,0.0460754,-0.0363233,9.81621,9.81639,0,1.11602
2.73,hover,-0.00493,0.018568,-0.00126113,-0.000238251,0,0,-0.000364207,-0.00676184,0.00269588,99.4766,99.6166,99.5628,0.1276,nan,0.261155,0.260997,0.261443,0.261113,0.26107,0.260997,0.26107,0.261443,0.261113,1,0,0,0,-0.00129741,-0.000487328,-0.00017707,0.00378797,0.000721482,0.00122362,0.00152204,-1.42451e-05,0.00428331,0.00601498,-0.0062537,0.0622854,-0.0511412,9.78192,9.78225,0,1.09834
2.74,hover,-0.00493407,0.0186344,-0.00149066,-0.00019414,0,0,-0.000313603,-0.00653584,0.00328726,99.4768,99.6168,99.564,0.127793,nan,0.261156,0.261407,0.261132,0.261534,0.26055,0.261407,0.26055,0.261132,0.261534,1,0,0.000690534,0,-0.00187953,-0.000860712,0.000553095,0.0044762,0.0005967,0.001265,0.00151618,-1.35479e-05,0.00407879,0.0110183,0.0121701,0.0901508,0.00560733,9.84388,9.84429,0,1.09728
2.75,hover,-0.0049374,0.0186983,-0.00153578,-8.67318e-05,0,0,-0.000249942,-0.00625482,0.00323742,99.477,99.617,99.5591,0.12352,nan,0.261156,0.260331,0.261885,0.26005,0.262357,0.260331,0.262357,0.261885,0.26005,1,0,0.00119604,0,0.0019971,0.000363129,-0.00169687,0.00461712,0.000263208,0.00127511,0.00150194,-1.36063e-05,0.00779055,0.00351317,-0.00179372,0.0943952,-0.0329489,9.88527,9.88578,0,1.09441
2.76,hover,-0.00494042,0.0187592,-0.00171985,-0.000344257,0,0,-0.000238965,-0.00593347,0.00292799,99.4772,99.6172,99.5603,0.123528,nan,0.261156,0.261876,0.260138,0.262371,0.26024,0.261876,0.26024,0.260138,0.262371,1,0,0.00154408,0,-0.00104337,0.00113163,0.00170111,0.00516902,0.00102796,0.00131125,0.00154258,-1.22983e-05,0.0076344,-0.00165853,-0.00331495,0.0636768,0.0369033,9.80754,9.80781,0,1.11068
2.77,hover,-0.00494332,0.0188175,-0.00187011,-8.87438e-05,0,0,-0.000226505,-0.00576363,0.00247594,99.4773,99.6173,99.531,0.101642,nan,0.261156,0.261183,0.261658,0.260727,0.261057,0.261183,0.261057,0.261658,0.260727,1,0,0.00119604,0,-0.000385676,-0.00200158,-0.000354085,0.00561281,0.000271021,0.00133713,0.0015026,-1.26861e-05,0.00298187,0.00471787,-0.0118737,-0.00735133,0.0114485,9.90325,9.90326,0,1.09821
2.78,hover,-0.00494583,0.0188739,-0.00177489,-0.000240698,0,0,-0.000152745,-0.00552627,0.00253853,99.4775,99.6175,99.5321,0.101772,nan,0.261157,0.261391,0.260588,0.26164,0.261008,0.261391,0.261008,0.260588,0.26164,1,0,0.00154408,0,0.000453101,0.00126765,0.000630626,0.00531277,0.000738009,0.00132594,0.00152539,-1.23963e-05,-0.00661404,0.0121401,-0.00325129,0.0144344,0.00893296,9.79585,9.79586,0,1.11086
2.79,hover,-0.00494725,0.0189284,-0.00203947,-0.000353882,0,0,-2.67964e-05,-0.00537436,0.00211637,99.4777,99.6177,99.5072,0.0832772,nan,0.261157,0.261566,0.260907,0.261366,0.260789,0.261566,0.260789,0.260907,0.261366,1,0,0.00182698,0,0.000216585,-0.000604328,0.000542873,0.00612065,0.00106612,0.00137082,0.00154529,-1.16438e-05,0.00286744,0.00451254,0.00794774,-0.00916903,0.0125534,9.74053,9.74054,0,1.11811
2.8,hover,-0.00494739,0.0189808,-0.00190189,-0.000588151,0,0,8.86925e-05,-0.00509048,0.00272711,99.4779,99.6179,99.5079,0.0834818,nan,0.261157,0.261648,0.260659,0.2611,0.261222,0.261648,0.261222,0.260659,0.2611,1,0,0.00182698,0,0.00294576,3.04924e-05,0.000381295,0.00570454,0.00176753,0.00135262,0.00158399,-1.08946e-05,0.000591895,0.00364686,-0.00717889,0.0188672,-0.100189,9.74603,9.74656,0,1.1355
2.81,hover,-0.00494622,0.0190304,-0.00190538,-0.000707611,0,0,0.000226279,-0.00485006,0.00255386,99.4781,99.6181,99.5023,0.0789185,nan,0.261157,0.260703,0.261525,0.260688,0.261713,0.260703,0.261713,0.261525,0.260688,1,0,0.00154408,0,0.000538369,0.00032816,-0.00081135,0.00572813,0.00212279,0.00136095,0.00160125,-1.0513e-05,0.00935229,0.00158285,-0.00694237,-0.085181,0.0443787,9.81741,9.81788,0,1.14503
2.82,hover,-0.00494412,0.0190778,-0.00203805,-0.000670198,0,0,0.000266719,-0.00464813,0.00180143,99.4782,99.6182,99.503,0.0790359,nan,0.261158,0.260688,0.261552,0.260952,0.261439,0.260688,0.261439,0.261552,0.260952,1,0,0.0020716,0,-0.0009988,0.000286899,-0.00059416,0.00611486,0.00200152,0.00138938,0.0015966,-1.06508e-05,0.00186797,-0.00445254,0.00038757,-0.0716622,-0.13586,9.8811,9.88229,0,1.1445
2.83,hover,-0.00494174,0.0191234,-0.00185826,-0.000897721,0,0,0.000292609,-0.00446766,0.00180471,99.4784,99.6184,99.5057,0.0805485,nan,0.261158,0.260951,0.261078,0.261238,0.261364,0.260951,0.261364,0.261078,0.261238,1,0,0.0020716,0,-3.37317e-06,0.00108398,-0.000111163,0.00557187,0.00267825,0.00136526,0.0016328,-9.78633e-06,-0.000569434,-0.00830422,-0.00460781,0.050516,0.0257683,9.86216,9.86232,0,1.16143
2.84,hover,-0.00493862,0.0191673,-0.0017869,-0.000836233,0,0,0.000403822,-0.00433225,0.0015533,99.4786,99.6186,99.5065,0.080708,nan,0.261158,0.260996,0.261499,0.260621,0.261516,0.260996,0.261516,0.261499,0.260621,1,0,0.00195312,0,0.00103898,-0.000677685,-0.000614915,0.00537097,0.00249726,0.0013615,0.00162355,-1.01991e-05,0.00820561,-0.00599733,-0.00376706,0.137581,-0.100297,9.72448,9.72597,0,1.16101
2.85,hover,-0.00493439,0.0192096,-0.00166977,-0.000695707,0,0,0.000545313,-0.00414871,0.0022992,99.4788,99.6188,99.5043,0.0789168,nan,0.261158,0.261943,0.260581,0.261649,0.26046,0.261943,0.26046,0.260581,0.261649,1,0,0.00138107,0,0.000459204,-0.000785729,0.00112173,0.00501118,0.00209826,0.00134883,0.00160177,-1.05506e-05,0.00258561,0.00903559,-0.00528789,0.158008,0.0463538,9.78646,9.78784,0,1.15643
2.86,hover,-0.00492833,0.01925,-0.00159505,-0.0011074,0,0,0.000741038,-0.00397514,0.000943487,99.479,99.619,99.5051,0.079174,nan,0.261159,0.261118,0.26121,0.261158,0.261148,0.261118,0.261148,0.26121,0.261158,1,0,0.00169146,0,-0.00026972,-4.21539e-05,-3.5682e-05,0.0047854,0.00332768,0.00134629,0.00166552,-9.60796e-06,0.00150875,0.00533047,-0.00491207,0.118894,-0.0203,9.82067,9.82141,0,1.18262
2.87,hover,-0.00492034,0.0192894,-0.00149923,-0.00121737,0,0,0.000900622,-0.00391737,0.000833697,99.4791,99.6191,99.5071,0.0800994,nan,0.261159,0.261698,0.26039,0.261816,0.260731,0.261698,0.260731,0.26039,0.261816,1,0,0.00154408,0,0.000590217,0.000870027,0.00105132,0.00450838,0.00365626,0.00133832,0.00167924,-9.30202e-06,0.00846441,0.00443342,0.00305015,0.103227,0.0616491,9.81691,9.81765,0,1.19186
2.88,hover,-0.00491097,0.0193289,-0.0014619,-0.00169825,0,0,0.000992448,-0.00399264,0.00118468,99.4793,99.6193,99.5079,0.0801221,nan,0.261159,0.261053,0.261172,0.261347,0.261064,0.261053,0.261064,0.261172,0.261347,1,0,0.0020716,0,-0.00106425,0.000353083,7.18033e-05,0.00439665,0.00510918,0.00133795,0.00175601,-8.23093e-06,0.00863315,0.0113803,-0.00618878,0.104743,0.0911801,9.84933,9.85031,0,1.22155
2.89,hover,-0.00490128,0.0193691,-0.00145214,-0.00153962,0,0,0.000988168,-0.00408394,0.00157736,99.4795,99.6195,99.5255,0.0921496,nan,0.261159,0.261076,0.260808,0.261774,0.260978,0.261076,0.260978,0.260808,0.261774,1,0,0.00154408,0,-0.00140174,0.00164641,0.000467329,0.00436369,0.00462535,0.00134115,0.00172663,-8.81706e-06,0.00618975,0.00604735,0.00353263,-0.0188897,0.0701372,9.79143,9.7917,0,1.21485
2.9,hover,-0.00489203,0.0194107,-0.00144542,-0.00150404,0,0,0.000908043,-0.00427461,0.00174882,99.4797,99.6197,99.5264,0.0922535,nan,0.261159,0.260219,0.262181,0.260106,0.262132,0.260219,0.262132,0.262181,0.260106,1,0,0.00169146,0,0.000169868,-0.000306007,-0.00175322,0.00434314,0.00451639,0.00134525,0.00172256,-9.10713e-06,0.00593725,0.00456034,0.00605813,-0.0194974,0.0118117,9.70981,9.70983,0,1.21516
2.91,hover,-0.00488374,0.0194544,-0.00163135,-0.00153941,0,0,0.00081936,-0.00448984,0.00103001,99.4799,99.6199,99.5481,0.107431,nan,0.26116,0.261388,0.260503,0.261441,0.261306,0.261388,0.261306,0.260503,0.261441,1,0,0.00182698,0,0.00199183,0.00162358,0.000448636,0.0048996,0.00462009,0.00137727,0.00172846,-9.62191e-06,0.00508073,0.00296462,0.00263965,0.0143916,-0.00239567,9.75885,9.75886,0,1.21795
2.92,hover,-0.00487579,0.0195008,-0.00140433,-0.00165392,0,0,0.00077955,-0.00478557,0.000995344,99.48,99.62,99.5492,0.10762,nan,0.26116,0.25993,0.262292,0.260161,0.262258,0.25993,0.262258,0.262292,0.260161,1,0,0.0020716,0,-0.000703284,0.00037294,-0.00195979,0.00421356,0.00494243,0.00135195,0.00174334,-9.14036e-06,0.00174478,-0.0111609,0.00486522,-0.0827948,0.00262768,9.84159,9.84193,0,1.22896
2.93,hover,-0.00486916,0.0195498,-0.00137503,-0.00185256,0,0,0.000571083,-0.00501879,0.00219354,99.4802,99.6202,99.509,0.0780319,nan,0.26116,0.260988,0.260799,0.26109,0.261763,0.260988,0.261763,0.260799,0.26109,1,0,0.0020716,0,0.00228766,0.00201827,-0.000212754,0.00413788,0.00554848,0.00135807,0.00177369,-8.9386e-06,0.00987004,-0.00434359,-0.0136963,0.0269862,-0.149825,9.93126,9.93243,0,1.24317
2.94,hover,-0.00486502,0.0196013,-0.00129196,-0.00188619,0,0,0.000304448,-0.00533001,0.00229546,99.4804,99.6204,99.5098,0.0781858,nan,0.26116,0.26142,0.260951,0.260752,0.261519,0.26142,0.261519,0.260951,0.260752,1,0,0.0020716,0,0.00327881,-0.000190686,-0.000130682,0.00386889,0.00566152,0.0013505,0.00177901,-8.89516e-06,-0.00328744,0.00373586,0.00806394,0.0671607,-0.104703,9.85217,9.85295,0,1.24869
2.95,hover,-0.00486344,0.0196559,-0.00125104,-0.00192803,0,0,6.87853e-05,-0.00563019,0.00188768,99.4806,99.6206,99.5271,0.090203,nan,0.261161,0.261356,0.260911,0.261833,0.260541,0.261356,0.260541,0.260911,0.261833,1,0,0.0020716,0,-0.0022456,0.000203524,0.000763595,0.00376495,0.00579796,0.00135311,0.00178635,-8.89139e-06,0.00924895,0.0110279,0.00339507,0.0253477,-0.0695183,9.9048,9.90508,0,1.2545
2.96,hover,-0.00486462,0.0197132,-0.000981443,-0.00155952,0,0,-0.000241177,-0.00583744,0.00200671,99.4807,99.6207,99.528,0.0903006,nan,0.261161,0.262848,0.259935,0.262389,0.259471,0.262848,0.259471,0.259935,0.262389,1,0,0.00169146,0,-1.1617e-05,-0.00174875,0.00256248,0.00295055,0.00467219,0.00131929,0.00173207,-8.98354e-06,0.00548217,-0.00253415,0.00720771,0.071342,-0.00964731,9.88339,9.88365,0,1.23948
2.97,hover,-0.00486873,0.019772,-0.000896436,-0.00144998,0,0,-0.000511182,-0.00592926,0.00200347,99.4809,99.6209,99.5348,0.0946623,nan,0.261161,0.261251,0.261183,0.261486,0.260724,0.261251,0.260724,0.261183,0.261486,1,0,0.00119604,0,-0.00184129,-0.000423074,0.000365035,0.00268187,0.0043389,0.00131238,0.00171657,-8.99016e-06,-0.00363214,-0.00564476,0.00737516,0.124871,-0.00599941,9.82802,9.82882,0,1.23751
2.98,hover,-0.00487541,0.0198313,-0.000899819,-0.00135083,0,0,-0.000743497,-0.00596017,0.00200487,99.4811,99.6211,99.5357,0.0946847,nan,0.261161,0.261038,0.261359,0.26036,0.261888,0.261038,0.261888,0.261359,0.26036,1,0,0.00119604,0,0.00320241,-0.000282135,-0.000813046,0.00271812,0.00405238,0.00131408,0.00170212,-9.0995e-06,0.0137755,0.00161301,0.0136838,0.0786632,0.0828118,9.84449,9.84515,0,1.2353
2.99,hover,-0.00488368,0.0198907,-0.00129736,-0.00112446,0,0,-0.000809355,-0.00593246,0.00213889,99.4813,99.6213,99.5582,0.110339,nan,0.261161,0.261312,0.261221,0.261637,0.260475,0.261312,0.260475,0.261221,0.261637,1,0,0.00154408,0,-0.00284157,-0.000799274,0.000550809,0.00390832,0.0033678,0.00137854,0.00166915,-1.00497e-05,0.0122067,-0.00206064,-0.00148271,0.031177,0.0195364,9.86971,9.86978,0,1.22209
3,hover,-0.00489213,0.0199495,-0.00121107,-0.00109306,0,0,-0.00082318,-0.00583659,0.00185635,99.4815,99.6215,99.5592,0.110518,nan,0.261162,0.261346,0.260905,0.261401,0.260996,0.261346,0.260996,0.260905,0.261401,1,0,0.00154408,0,9.48918e-05,0.000276771,0.00037196,0.00363283,0.0032778,0.00136755,0.00166651,-1.00146e-05,0.0011083,0.000736947,0.00242045,0.0539779,0.0180972,9.87222,9.87239,0,1.22453
3.01,hover,-0.00490134,0.0200075,-0.00139915,-0.00123372,0,0,-0.00098213,-0.00579504,0.00186419,99.4816,99.6216,99.5407,0.0965667,nan,0.261162,0.261509,0.260766,0.26193,0.260443,0.261509,0.260443,0.260766,0.26193,1,0,0.00119604,0,-0.00197416,0.000186816,0.00098013,0.00420412,0.0036943,0.00140226,0.0016891,-1.01948e-05,0.00585789,-0.00289199,0.00282452,-0.0362644,0.0724858,9.73555,9.73589,0,1.23412
3.02,hover,-0.00491264,0.0200657,-0.00120486,-0.0012749,0,0,-0.00121312,-0.00586443,0.00116456,99.4818,99.6218,99.5416,0.0965882,nan,0.261162,0.261099,0.261148,0.261198,0.261204,0.261099,0.261204,0.261148,0.261198,1,0,0.00119604,0,-0.000115025,0.000293067,-2.38794e-05,0.00361836,0.0038377,0.00137767,0.00169853,-9.91417e-06,0.00389691,0.0103698,-0.000278081,-0.0496505,-0.0768866,9.85924,9.85966,0,1.24163
3.03,hover,-0.00492629,0.0201247,-0.00114973,-0.00144454,0,0,-0.00147701,-0.00599451,0.00119226,99.482,99.622,99.5585,0.108332,nan,0.261162,0.26205,0.260201,0.262115,0.260284,0.26205,0.260284,0.260201,0.262115,1,0,0.00138107,0,4.89166e-05,0.000279325,0.00161758,0.00345474,0.0043345,0.00137246,0.00172523,-9.78331e-06,0.00507233,0.00230514,0.00441761,-0.0762992,-0.0160988,9.77618,9.77649,0,1.2552
3.04,hover,-0.00494239,0.0201854,-0.00152591,-0.00150285,0,0,-0.00171332,-0.00612667,0.0011231,99.4822,99.6222,99.5596,0.108543,nan,0.261163,0.261227,0.2608,0.26129,0.261333,0.261227,0.261333,0.2608,0.26129,1,0,0.00218366,0,0.00124906,0.00112834,0.000168582,0.00457877,0.00452154,0.00143133,0.00173783,-1.02411e-05,0.00211608,0.0104201,-0.00786674,0.047107,-0.0746304,9.91804,9.91844,0,1.25869
3.05,hover,-0.00496042,0.0202473,-0.00157798,-0.00173831,0,0,-0.00183028,-0.00628441,0.00155387,99.4824,99.6224,99.5518,0.102442,nan,0.261163,0.261982,0.260251,0.261797,0.260622,0.261982,0.260622,0.260251,0.261797,1,0,0.0020716,0,0.00147493,0.000352284,0.00127736,0.00471666,0.00521817,0.00143996,0.00177547,-9.71711e-06,-0.0100862,0.0039443,-0.00155203,-0.0583811,-0.0212675,9.87862,9.87882,0,1.27527
3.06,hover,-0.00497903,0.020311,-0.00147966,-0.0020262,0,0,-0.00184664,-0.00650646,0.00150366,99.4825,99.6225,99.5528,0.102615,nan,0.261163,0.260917,0.261172,0.261095,0.261468,0.260917,0.261468,0.261172,0.261095,1,0,0.00229024,0,0.000314765,0.000897483,-0.00027629,0.00443163,0.00608999,0.00142745,0.00181822,-8.96354e-06,-0.00347095,0.00940555,-0.00153423,0.0304491,-0.138263,9.81413,9.81515,0,1.29618
3.07,hover,-0.00499809,0.0203774,-0.00132508,-0.00205244,0,0,-0.00191947,-0.00678388,0.000918071,99.4827,99.6227,99.5408,0.0935225,nan,0.261163,0.26132,0.261004,0.260532,0.261799,0.26132,0.261799,0.261004,0.260532,1,0,0.00229024,0,0.00419993,1.25923e-05,-0.000417844,0.00396483,0.00617016,0.00140503,0.00182513,-8.46573e-06,-0.00551214,0.010364,0.010892,0.0385719,-0.0634497,9.83124,9.83152,0,1.30294
3.08,hover,-0.00501737,0.0204464,-0.00117074,-0.00206423,0,0,-0.00188985,-0.00705261,0.0017052,99.4829,99.6229,99.5418,0.0938186,nan,0.261164,0.262083,0.260673,0.261444,0.260454,0.262083,0.260454,0.260673,0.261444,1,0,0.0020716,0,0.00111226,-0.0016272,0.00105536,0.00351295,0.00619591,0.00138658,0.00183251,-7.83663e-06,0.00189289,0.00397827,0.00504357,0.0647294,0.0790638,9.76883,9.76937,0,1.30909
3.09,hover,-0.00503668,0.0205178,-0.00117832,-0.00206287,0,0,-0.0019097,-0.00726994,0.00175302,99.4831,99.6231,99.5474,0.0975115,nan,0.261164,0.260607,0.261809,0.260381,0.261858,0.260607,0.261858,0.261809,0.260381,1,0,0.0020716,0,0.000727912,-0.00033634,-0.00117741,0.00352282,0.00619422,0.00139383,0.00183003,-8.06624e-06,-0.00671989,0.00557578,-0.00898572,0.0966889,-0.0102644,9.81381,9.81429,0,1.31316
3.1,hover,-0.00505631,0.0205918,-0.000859604,-0.00205889,0,0,-0.0019108,-0.00756014,0.00258413,99.4832,99.6232,99.5483,0.097629,nan,0.261164,0.26308,0.259256,0.263263,0.259058,0.26308,0.259058,0.259256,0.263263,1,0,0.0020716,0,-0.00101213,-2.91047e-05,0.00352888,0.0025837,0.00618674,0.00135175,0.00183251,-7.11385e-06,0.00461586,0.00854922,0.00218845,0.0729868,0.0427982,9.84969,9.85005,0,1.32038
3.11,hover,-0.00507571,0.0206687,-0.00100564,-0.00187968,0,0,-0.00191615,-0.00786421,0.000816098,99.4834,99.6234,99.5591,0.104625,nan,0.261165,0.260909,0.261257,0.261031,0.261461,0.260909,0.261461,0.261257,0.261031,1,0,0.00182698,0,0.00021691,0.000618387,-0.000342074,0.00304164,0.00563721,0.00137469,0.00180865,-7.80584e-06,0.0178665,0.000583287,-0.00120757,0.0968181,0.0870137,9.91618,9.91704,0,1.31336
3.12,hover,-0.00509518,0.0207488,-0.000866639,-0.00214076,0,0,-0.00190646,-0.00817256,0.00129346,99.4836,99.6236,99.5601,0.104707,nan,0.261165,0.260951,0.261346,0.261575,0.260787,0.260951,0.260787,0.261346,0.261575,1,0,0.00182698,0,-0.00313695,0.00012402,0.00017261,0.00261701,0.00643609,0.00136102,0.00185311,-7.40694e-06,0.0127454,0.0110566,-0.00705197,-0.00891389,0.0691595,9.86985,9.8701,0,1.33419
3.13,hover,-0.00511465,0.0208319,-0.00110151,-0.00248908,0,0,-0.00193407,-0.00847935,0.00124464,99.4838,99.6238,99.5675,0.109462,nan,0.261165,0.259961,0.262295,0.259961,0.262444,0.259961,0.262444,0.262295,0.259961,1,0,0.00248976,0,0.000394581,0.00028331,-0.0021168,0.00331841,0.00748038,0.00139796,0.00191058,-8.7547e-06,0.0106476,0.0106777,0.000223797,0.0179481,0.0171285,9.81146,9.81149,0,1.35647
3.14,hover,-0.00513456,0.0209183,-0.00140512,-0.00257192,0,0,-0.00198138,-0.00884332,0.00161397,99.4839,99.6239,99.5686,0.109736,nan,0.261165,0.260729,0.261209,0.260958,0.261765,0.260729,0.261765,0.261209,0.260958,1,0,0.00284714,0,0.000866152,0.00148637,-0.000565621,0.00422145,0.00772852,0.00144505,0.00192563,-1.08953e-05,0.00549578,0.010444,-0.0030494,-0.0186289,-0.0391863,9.85916,9.85925,0,1.36352
3.15,hover,-0.00515501,0.0210088,-0.00162293,-0.00283976,0,0,-0.00201917,-0.00928799,0.00197774,99.4841,99.6241,99.5831,0.119498,nan,0.261166,0.25971,0.262511,0.259262,0.26318,0.25971,0.26318,0.262511,0.259262,1,0,0.00323889,0,0.00296264,0.000419499,-0.00295298,0.00487427,0.00851009,0.00147986,0.00197099,-1.18368e-05,0.00511729,-0.00414039,-0.00672495,-0.0388368,-0.0693681,9.82619,9.82651,0,1.38221
3.16,hover,-0.00517577,0.0211035,-0.00160558,-0.00304516,0,0,-0.00203123,-0.00967325,0.00222309,99.4843,99.6243,99.5843,0.119766,nan,0.261166,0.261652,0.260589,0.261354,0.261068,0.261652,0.261068,0.260589,0.261354,1,0,0.00331169,0,0.00206118,0.000341703,0.00059304,0.00481729,0.00914007,0.0014792,0.00200791,-1.10544e-05,0.00186963,0.00505565,0.00188264,-0.0503729,-0.0581864,9.83363,9.83393,0,1.39954
3.17,hover,-0.00519622,0.0212014,-0.0016525,-0.00299259,0,0,-0.00195919,-0.0099545,0.00233661,99.4845,99.6245,99.5823,0.117496,nan,0.261166,0.262276,0.260059,0.261898,0.260432,0.262276,0.260432,0.260059,0.261898,1,0,0.00316442,0,0.00199395,-1.10371e-05,0.00161861,0.00495214,0.00898898,0.00148999,0.00200811,-1.14459e-05,-0.00206609,0.00946909,0.00291589,-0.0699349,-0.027748,9.83124,9.83153,0,1.40191
3.18,hover,-0.00521599,0.0213024,-0.00145119,-0.00292741,0,0,-0.00190213,-0.0102909,0.00145646,99.4847,99.6247,99.5835,0.117749,nan,0.261167,0.260154,0.262106,0.260284,0.262122,0.260154,0.262122,0.262106,0.260284,1,0,0.00300997,0,-0.000302458,0.000274811,-0.00166552,0.00434643,0.00879156,0.001464,0.00200512,-1.10045e-05,-0.00328874,0.00822277,-0.00176666,0.0671417,-0.119098,9.83234,9.83329,0,1.40575
3.19,hover,-0.00523498,0.0214068,-0.00110994,-0.00256478,0,0,-0.00180176,-0.0106163,0.00199759,99.4848,99.6248,99.5934,0.124056,nan,0.261167,0.261734,0.260782,0.262,0.260151,0.261734,0.260151,0.260782,0.262,1,0,0.00248976,0,-0.00237961,-0.000691418,0.00123097,0.00334249,0.00770158,0.00141974,0.00195789,-1.03618e-05,0.00984929,0.00680043,-0.00562275,0.123043,-0.103943,9.74459,9.74592,0,1.39432
3.2,hover,-0.00525284,0.0215139,-0.00114804,-0.00258521,0,0,-0.00168351,-0.0108014,0.00284293,99.485,99.625,99.5946,0.12454,nan,0.261167,0.262278,0.260086,0.262003,0.260302,0.262278,0.260302,0.260086,0.262003,1,0,0.00276214,0,0.00130124,-0.000111661,0.00171112,0.00344117,0.00779584,0.00142568,0.00197257,-1.04167e-05,-0.000531916,0.0287842,0.00359445,0.0362379,0.0516611,9.84785,9.84805,0,1.40135
3.21,hover,-0.00526953,0.0216221,-0.00133255,-0.00238011,0,0,-0.00154197,-0.0108792,0.00237894,99.4852,99.6252,99.6021,0.129207,nan,0.261168,0.261403,0.260965,0.261311,0.26099,0.261403,0.26099,0.260965,0.261311,1,0,0.00248976,0,0.000309478,-0.000125985,0.000333417,0.00398755,0.00715917,0.00145572,0.00194857,-1.16342e-05,-0.00526254,0.0144977,0.00689629,0.118548,-0.00348083,9.83779,9.83851,0,1.39436
3.22,hover,-0.00528511,0.0217312,-0.00127367,-0.00250008,0,0,-0.00148136,-0.0109997,0.00241855,99.4854,99.6254,99.6034,0.129279,nan,0.261168,0.261833,0.260857,0.261324,0.260658,0.261833,0.260658,0.260857,0.261324,1,0,0.00267443,0,0.000825293,-0.0013413,0.000721547,0.00381132,0.00751564,0.00145171,0.00197158,-1.11924e-05,-0.005001,0.0122492,-0.00446854,0.07851,-0.00174484,9.88089,9.8812,0,1.40799
3.23,hover,-0.00530026,0.0218417,-0.00143116,-0.002424,0,0,-0.00143629,-0.0111077,0.00217,99.4855,99.6255,99.6246,0.143626,nan,0.261168,0.260771,0.261697,0.260824,0.261381,0.260771,0.261381,0.261697,0.260824,1,0,0.00284714,0,-0.000980265,-0.000499159,-0.000651842,0.00429825,0.00727813,0.00147975,0.00196781,-1.21244e-05,0.00467213,0.00605398,0.000594169,-0.0102037,0.0518324,9.83825,9.83839,0,1.40869
3.24,hover,-0.00531501,0.0219528,-0.00130474,-0.00267171,0,0,-0.00138511,-0.0111373,0.00130675,99.4857,99.6257,99.626,0.143757,nan,0.261169,0.261157,0.260931,0.261654,0.260933,0.261157,0.260933,0.260931,0.261654,1,0,0.00267443,0,-0.00131271,0.000945117,0.000416749,0.00394972,0.00801711,0.00146607,0.0020089,-1.09557e-05,0.0251113,0.00333532,-0.00755888,-0.024052,0.0287413,9.763,9.76307,0,1.43023
3.25,hover,-0.00532892,0.0220647,-0.00133775,-0.00263973,0,0,-0.00131392,-0.0112728,0.00173658,99.4859,99.6259,99.6569,0.164745,nan,0.261169,0.260643,0.261522,0.260709,0.261802,0.260643,0.261802,0.261522,0.260709,1,0,0.00284714,0,0.000568813,0.000655779,-0.000866831,0.00401502,0.00793188,0.00147138,0.00201296,-1.11173e-05,0.00267913,0.0104708,0.00920282,0.00221958,0.000645528,9.74136,9.74136,0,1.43459
3.26,hover,-0.00534191,0.022178,-0.00136589,-0.00256676,0,0,-0.00119008,-0.0113786,0.0022299,99.4861,99.6261,99.6585,0.164988,nan,0.261169,0.26078,0.261594,0.260459,0.261843,0.26078,0.261843,0.261594,0.260459,1,0,0.00267443,0,0.00151259,-0.000137529,-0.000966159,0.00410715,0.00769589,0.00147931,0.00201113,-1.1461e-05,0.00781262,-0.000928101,0.00496484,-0.00169436,-0.0704484,9.8158,9.81605,0,1.43674
3.27,hover,-0.00535378,0.0222921,-0.00131179,-0.00274585,0,0,-0.00109114,-0.0114647,0.00211293,99.4863,99.6263,99.6626,0.166899,nan,0.26117,0.260289,0.261852,0.260451,0.262086,0.260289,0.262086,0.261852,0.260451,1,0,0.00267443,0,0.000189259,0.00075014,-0.00140531,0.00393696,0.00823319,0.00147468,0.00204593,-1.0985e-05,0.00252802,-0.000847796,-0.00746209,-0.0508502,-0.0614784,9.77045,9.77078,0,1.45392
3.28,hover,-0.00536492,0.0224072,-0.00137192,-0.00268108,0,0,-0.00105242,-0.0116231,0.00248443,99.4864,99.6264,99.6642,0.167036,nan,0.26117,0.261466,0.260955,0.261279,0.26098,0.261466,0.26098,0.260955,0.261279,1,0,0.00292969,0,0.000562147,-0.000306609,0.000355453,0.00413017,0.00804843,0.00148798,0.00204258,-1.14917e-05,0.0111161,0.00548986,0.00438859,-0.0644532,-0.100007,9.79241,9.79314,0,1.45635
3.29,hover,-0.00537583,0.0225242,-0.00134193,-0.00250823,0,0,-0.00101498,-0.0117997,0.00192878,99.4866,99.6266,99.6591,0.162339,nan,0.26117,0.260629,0.261841,0.260538,0.261674,0.260629,0.261674,0.261841,0.260538,1,0,0.00248976,0,-0.000202918,-0.000489406,-0.0010318,0.00401094,0.0075187,0.0014835,0.00202227,-1.16025e-05,-0.00841646,-0.0019685,-0.00121088,-0.00580298,-0.0713012,9.89721,9.89747,0,1.45354
3.3,hover,-0.00538599,0.0226428,-0.00137562,-0.00221301,0,0,-0.000905377,-0.0119606,0.00210017,99.4868,99.6268,99.6608,0.162614,nan,0.261171,0.260561,0.261963,0.260523,0.261637,0.260561,0.261637,0.261963,0.260523,1,0,0.00267443,0,-0.000761563,-0.00068957,-0.00110606,0.00412133,0.00664128,0.00149278,0.00198889,-1.25761e-05,-0.00219595,0.00349033,-0.00259726,0.0159998,-0.058498,9.82493,9.82511,0,1.44333
3.31,hover,-0.00539535,0.0227627,-0.00124547,-0.00209265,0,0,-0.000859866,-0.0120381,0.00340344,99.487,99.627,99.6633,0.163395,nan,0.261171,0.261521,0.260903,0.261538,0.260723,0.261521,0.260723,0.260903,0.261538,1,0,0.0020716,0,-0.000521007,-0.000307453,0.000629825,0.00373887,0.0062844,0.00147931,0.00197962,-1.24899e-05,0.00313816,0.00627161,0.00965043,0.0404536,-0.039582,9.78919,9.78936,0,1.44454
3.32,hover,-0.00540458,0.0228833,-0.00125986,-0.00184311,0,0,-0.000863551,-0.0121082,0.00195439,99.4871,99.6271,99.665,0.163432,nan,0.261172,0.262533,0.259965,0.262588,0.259601,0.262533,0.259601,0.259965,0.262588,1,0,0.00182698,0,-0.00110892,-0.00058522,0.00244171,0.00378971,0.0055522,0.00148696,0.00195341,-1.29929e-05,0.00823038,0.0172099,-0.00620444,0.106345,0.00522858,9.84912,9.84969,0,1.4372
3.33,hover,-0.00541397,0.0230043,-0.0011767,-0.00143247,0,0,-0.000919272,-0.0120878,0.00274515,99.4873,99.6273,99.6457,0.148723,nan,0.261172,0.262097,0.2603,0.261781,0.260511,0.262097,0.260511,0.2603,0.261781,1,0,0.00169146,0,0.00139552,-0.000199132,0.00134797,0.00352762,0.00429201,0.00147678,0.00190403,-1.35635e-05,-0.000161852,-0.00171311,0.0115203,0.0906866,-0.0181515,9.81622,9.81666,0,1.42167
3.34,hover,-0.00542352,0.0231245,-0.000803867,-0.00154573,0,0,-0.000866697,-0.0119421,0.00235103,99.4875,99.6275,99.6472,0.148884,nan,0.261173,0.262453,0.260047,0.262343,0.259847,0.262453,0.259847,0.260047,0.262343,1,0,0.00169146,0,-0.000240379,-0.000584864,0.00215453,0.00240069,0.0046541,0.0014253,0.001929,-1.33924e-05,-0.00585541,0.0132037,-0.0063904,0.0242374,0.0876412,9.85459,9.85501,0,1.43856
3.35,hover,-0.0054326,0.0232429,-0.00108743,-0.00146066,0,0,-0.000871381,-0.0117721,0.00244591,99.4877,99.6277,99.6259,0.132676,nan,0.261173,0.260842,0.26154,0.261048,0.261263,0.260842,0.261263,0.26154,0.261048,1,0,0.00154408,0,-0.0012797,-0.000134266,-0.000401243,0.00326151,0.00439125,0.00147192,0.00192547,-1.3581e-05,0.000948059,0.00809962,-0.000916336,-0.0442087,0.113855,9.86193,9.86269,0,1.43775
3.36,hover,-0.00544226,0.0233599,-0.000871811,-0.00163281,0,0,-0.000973538,-0.0116273,0.00176896,99.4878,99.6278,99.6272,0.132873,nan,0.261173,0.261607,0.26098,0.261333,0.260773,0.261607,0.260773,0.26098,0.261333,1,0,0.00154408,0,0.000179163,-0.000912354,0.000521533,0.00262514,0.00489721,0.00144393,0.00195727,-1.35768e-05,0.00793537,0.00113883,0.0118775,-0.0294821,-0.0790098,9.79471,9.79507,0,1.45626
3.37,hover,-0.00545317,0.023475,-0.000853055,-0.00178901,0,0,-0.00110082,-0.0113849,0.00248208,99.488,99.628,99.6228,0.129325,nan,0.261174,0.260494,0.262057,0.260369,0.261775,0.260494,0.261775,0.262057,0.260369,1,0,0.00169146,0,-0.000419196,-0.000771383,-0.00130495,0.00256558,0.00539349,0.00144452,0.0019898,-1.37903e-05,0.00572591,0.019637,0.00159232,-0.101764,0.0256893,9.69436,9.69493,0,1.47186
3.38,hover,-0.00546501,0.0235874,-0.000803961,-0.00178369,0,0,-0.00116171,-0.0110894,0.00192787,99.4882,99.6282,99.6241,0.129505,nan,0.261174,0.260443,0.26182,0.260301,0.262134,0.260443,0.262134,0.26182,0.260301,1,0,0.0020716,0,0.00120851,0.000325886,-0.00141107,0.00242727,0.00536841,0.00143975,0.0019992,-1.39919e-05,0.0116985,0.0135651,-0.000476386,0.000382637,-0.0529927,9.88,9.88014,0,1.4785
3.39,hover,-0.00547748,0.0236965,-0.00117201,-0.00190421,0,0,-0.00120283,-0.0107131,0.0029728,99.4884,99.6284,99.6323,0.134684,nan,0.261175,0.261529,0.261537,0.260815,0.260819,0.261529,0.260819,0.261537,0.260815,1,0,0.00218366,0,-8.68146e-06,-0.00271209,-5.63104e-06,0.0035287,0.00571691,0.00149618,0.00202831,-1.52298e-05,0.00994902,0.00487245,0.00163704,-0.0811459,-0.0761325,9.87383,9.87446,0,1.48811
3.4,hover,-0.00549057,0.023801,-0.0010842,-0.00172185,0,0,-0.00129478,-0.0101661,0.00183291,99.4885,99.6285,99.6337,0.134866,nan,0.261175,0.263002,0.259603,0.261975,0.260121,0.263002,0.260121,0.259603,0.261975,1,0,0.00182698,0,0.00409872,-0.000965058,0.00230917,0.00324596,0.00517983,0.00148657,0.00201122,-1.53107e-05,-0.00294452,0.0115308,-0.00750092,0.038946,-0.0959858,9.91773,9.91827,0,1.48463
3.41,hover,-0.00550353,0.0238999,-0.000897459,-0.00189828,0,0,-0.00121304,-0.00964464,0.00137247,99.4887,99.6287,99.6408,0.139153,nan,0.261176,0.262241,0.260367,0.262154,0.259942,0.262241,0.259942,0.260367,0.262154,1,0,0.00182698,0,-0.000895919,-0.000969778,0.00179593,0.00269047,0.00569994,0.00146387,0.00204009,-1.48179e-05,0.000190292,0.00545211,-0.00398218,0.085792,-0.0243126,9.83827,9.83867,0,1.50207
3.42,hover,-0.00551579,0.0239941,-0.00110909,-0.00170554,0,0,-0.00116041,-0.00918118,0.00167871,99.4889,99.6289,99.6422,0.139327,nan,0.261176,0.261471,0.261113,0.26117,0.260951,0.261471,0.260951,0.261113,0.26117,1,0,0.00154408,0,0.000367552,-0.000877942,0.000253178,0.00333054,0.00511156,0.00149809,0.00201958,-1.55296e-05,0.00367278,-0.00134047,-0.00807905,0.0488195,-0.0810282,9.80636,9.80682,0,1.49463
3.43,hover,-0.00552752,0.0240835,-0.00126422,-0.00168663,0,0,-0.00113293,-0.00870216,0.00224216,99.4891,99.6291,99.6539,0.146893,nan,0.261177,0.260783,0.261727,0.260102,0.262094,0.260783,0.262094,0.261727,0.260102,1,0,0.00154408,0,0.00277866,-0.000594174,-0.00129061,0.00380392,0.00507529,0.0015254,0.00202202,-1.58845e-05,0.00904094,0.0122788,0.000399432,0.0245815,-0.0229498,9.81786,9.81792,0,1.49732
3.44,hover,-0.00553991,0.0241682,-0.000994464,-0.00182102,0,0,-0.00121966,-0.00828638,0.00288613,99.4892,99.6292,99.6554,0.147044,nan,0.261177,0.262249,0.260102,0.261883,0.260474,0.262249,0.260474,0.260102,0.261883,1,0,0.00169146,0,0.00195942,9.58914e-06,0.00156281,0.00298875,0.00546674,0.00149209,0.00204245,-1.48997e-05,0.00505048,0.00449284,-0.00765059,0.0599776,0.0991927,9.82212,9.8228,0,1.5123
3.45,hover,-0.00555306,0.0242495,-0.00095268,-0.00166292,0,0,-0.00129739,-0.00801885,0.00207042,99.4894,99.6294,99.6504,0.142538,nan,0.261178,0.261833,0.260798,0.261321,0.260759,0.261833,0.260759,0.260798,0.261321,1,0,0.00154408,0,0.00125547,-0.00104396,0.000702057,0.00287295,0.00500641,0.00148959,0.00202628,-1.51233e-05,0.0114341,0.0137816,0.00291871,-0.00734038,0.0100142,9.85902,9.85902,0,1.50848
3.46,hover,-0.00556676,0.0243287,-0.000750211,-0.00132324,0,0,-0.00132766,-0.00784826,0.00195953,99.4896,99.6296,99.6518,0.142593,nan,0.261178,0.260706,0.261847,0.260613,0.261547,0.260706,0.261547,0.261847,0.260613,1,0,0.000690534,0,-0.000550001,-0.000745608,-0.000912355,0.00225062,0.00397569,0.00146244,0.00198217,-1.49459e-05,0.00144035,0.00596488,-0.0111203,0.0214761,0.117231,9.79661,9.79733,0,1.4959
3.47,hover,-0.00558093,0.0244064,-0.000910494,-0.001314,0,0,-0.00141397,-0.00769964,0.00254924,99.4898,99.6298,99.6491,0.139702,nan,0.261179,0.260337,0.261782,0.260877,0.261718,0.260337,0.261718,0.261782,0.260877,1,0,0.00119604,0,-0.0016,0.000902949,-0.00100473,0.00274704,0.00395391,0.00148885,0.00198086,-1.51032e-05,0.011866,0.00992337,0.00101537,0.0303179,0.0173688,9.76559,9.76565,0,1.49831
3.48,hover,-0.00559618,0.0244828,-0.000757798,-0.00178246,0,0,-0.00149531,-0.00761575,0.0021273,99.4899,99.6299,99.6505,0.139821,nan,0.261179,0.260561,0.262176,0.260417,0.261563,0.260561,0.261563,0.262176,0.260417,1,0,0.00169146,0,-0.00124509,-0.00143553,-0.00121375,0.00229481,0.00534457,0.00147034,0.00205241,-1.46655e-05,0.0157475,0.000183619,-0.0025199,0.0106616,0.0299377,9.87705,9.8771,0,1.53072
3.49,hover,-0.00561241,0.0245584,-0.000664243,-0.00199578,0,0,-0.00166872,-0.00750639,0.00209079,99.4901,99.6301,99.648,0.137292,nan,0.26118,0.26152,0.260668,0.261963,0.260567,0.26152,0.260567,0.260668,0.261963,1,0,0.00169146,0,-0.00144502,0.000649055,0.000987871,0.00200177,0.00598704,0.0014618,0.00208562,-1.47284e-05,0.00749869,0.00188869,0.00502051,-0.0697709,-0.0386924,9.78541,9.78574,0,1.54812
3.5,hover,-0.00563053,0.0246333,-0.000597224,-0.00203415,0,0,-0.00186826,-0.00750967,0.00259881,99.4903,99.6303,99.6494,0.137666,nan,0.26118,0.261407,0.260685,0.261798,0.26083,0.261407,0.26083,0.260685,0.261798,1,0,0.0020716,0,-0.000653593,0.00101641,0.000742852,0.00179584,0.00608131,0.00145544,0.00209464,-1.47224e-05,0.00423824,-0.0120008,0.000423223,-0.00586265,-0.0531022,9.82017,9.82031,0,1.55537
3.51,hover,-0.00565081,0.0247084,-0.000533552,-0.00218833,0,0,-0.00211601,-0.00754133,0.00143513,99.4905,99.6305,99.64,0.13001,nan,0.26118,0.260308,0.261904,0.260848,0.261662,0.260308,0.261662,0.261904,0.260848,1,0,0.0020716,0,-0.00207262,0.000564256,-0.00105913,0.0016065,0.00655803,0.00144989,0.00211826,-1.47542e-05,0.00533652,-0.00251197,-0.0051305,-0.045323,-0.0961845,9.84447,9.84504,0,1.56916
3.52,hover,-0.00567418,0.0247843,-0.000738764,-0.00207187,0,0,-0.00250522,-0.00765911,0.00166047,99.4906,99.6306,99.6413,0.129968,nan,0.261181,0.261534,0.261,0.261136,0.261054,0.261534,0.261054,0.261,0.261136,1,0,0.0020716,0,0.0011976,-0.000650362,0.000270692,0.00222186,0.00620076,0.00148229,0.00210317,-1.54736e-05,0.00520717,-0.00779578,0.00480935,0.0713248,-0.0852811,9.8219,9.82253,0,1.56505
3.53,hover,-0.00570117,0.0248609,-0.000566881,-0.00224893,0,0,-0.00284276,-0.00769975,0.00138907,99.4908,99.6308,99.6328,0.123147,nan,0.261181,0.260713,0.261828,0.260388,0.261798,0.260713,0.261798,0.261828,0.260388,1,0,0.0020716,0,0.000783161,-0.000673124,-0.00110972,0.00168819,0.00676392,0.00146275,0.00213183,-1.50086e-05,-0.00685216,0.0135548,-0.00753429,-0.0103277,-0.0319673,9.84212,9.84217,0,1.58136
3.54,hover,-0.00573165,0.0249386,-0.000166539,-0.00238195,0,0,-0.00313467,-0.00789214,0.00250299,99.491,99.631,99.634,0.123507,nan,0.261182,0.260494,0.261892,0.260606,0.261734,0.260494,0.261734,0.261892,0.260606,1,0,0.0020716,0,-0.000716097,-8.73058e-05,-0.00111013,0.000515064,0.0071531,0.00140729,0.00215265,-1.34482e-05,0.011698,0.00697554,-0.00371254,0.138195,-0.0532867,9.76295,9.76407,0,1.5978
3.55,hover,-0.00576479,0.0250187,2.81025e-05,-0.0021505,0,0,-0.00337842,-0.0082031,0.00196687,99.4912,99.6312,99.6266,0.117595,nan,0.261182,0.260896,0.261206,0.26151,0.261117,0.260896,0.261117,0.261206,0.26151,1,0,0.00154408,0,-0.00186379,0.000994604,3.62313e-05,-7.12566e-05,0.00646657,0.00138124,0.00212094,-1.2263e-05,0.0100505,0.0121739,-0.0145358,0.122627,-0.0173689,9.75624,9.75702,0,1.59187
3.56,hover,-0.00580024,0.0251023,-0.000287344,-0.00230882,0,0,-0.00360764,-0.00857786,0.00259923,99.4913,99.6313,99.6279,0.117741,nan,0.261183,0.261916,0.260819,0.261627,0.260369,0.261916,0.260369,0.260819,0.261627,1,0,0.00182698,0,-0.000425755,-0.00140137,0.00103505,0.000845725,0.00693747,0.00142664,0.00215045,-1.42573e-05,-0.009452,0.00948458,-0.00391366,0.0906537,0.0222187,9.89543,9.89587,0,1.60234
3.57,hover,-0.00583775,0.0251898,-0.000494783,-0.00212065,0,0,-0.00375932,-0.00895737,0.00326427,99.4915,99.6315,99.6197,0.111201,nan,0.261183,0.262323,0.260143,0.262182,0.260085,0.262323,0.260085,0.260143,0.262182,1,0,0.0020716,0,0.000219363,-0.0003769,0.00187955,0.0014735,0.00635185,0.00145171,0.00212646,-1.48844e-05,-0.00576561,-0.00459816,0.00686456,-0.0106357,0.0950175,9.8696,9.87006,0,1.59487
3.58,hover,-0.00587646,0.0252808,-0.000566605,-0.00192643,0,0,-0.00384133,-0.00930226,0.0016642,99.4917,99.6317,99.6208,0.111315,nan,0.261184,0.261093,0.261199,0.261041,0.261402,0.261093,0.261402,0.261199,0.261041,1,0,0.00182698,0,0.000676045,0.000285136,-0.000205608,0.00170322,0.00579071,0.00146231,0.00210175,-1.52022e-05,0.00372579,0.00972215,-0.00303356,0.00314585,0.132317,9.79055,9.79144,0,1.58872
3.59,hover,-0.00591551,0.0253756,-0.00105718,-0.00195644,0,0,-0.00387962,-0.00968252,0.00116161,99.4919,99.6319,99.6435,0.126955,nan,0.261184,0.260967,0.261532,0.260855,0.261384,0.260967,0.261384,0.261532,0.260855,1,0,0.00218366,0,-9.4868e-05,-0.000492087,-0.000480798,0.00317592,0.00587565,0.00153159,0.0021087,-1.59188e-05,0.00445523,0.00633758,-0.00227206,0.00788293,-0.0293687,9.80664,9.80669,0,1.59124
3.6,hover,-0.00595457,0.0254738,-0.00118646,-0.00184558,0,0,-0.00383698,-0.0099824,0.00165348,99.492,99.632,99.6447,0.127144,nan,0.261185,0.262107,0.260361,0.262211,0.26006,0.262107,0.26006,0.260361,0.262211,1,0,0.00182698,0,-0.00107151,-0.000373298,0.00171259,0.00356374,0.00553842,0.00154751,0.00209918,-1.65296e-05,0.00446739,0.00320859,0.00720403,-0.0829758,0.025737,9.77748,9.77787,0,1.58968
3.61,hover,-0.00599276,0.0255751,-0.00131292,-0.0018449,0,0,-0.00370074,-0.0102844,0.00193627,99.4922,99.6322,99.6399,0.122905,nan,0.261185,0.261252,0.261019,0.261558,0.260912,0.261252,0.260912,0.261019,0.261558,1,0,0.00182698,0,-0.00109633,0.00037767,0.000386789,0.00393843,0.00554942,0.00156412,0.00210367,-1.65802e-05,0.00132692,0.0119289,-0.0116506,-0.0655266,-0.0468288,9.75218,9.75251,0,1.59456
3.62,hover,-0.00602966,0.0256788,-0.00121487,-0.00196307,0,0,-0.00356962,-0.0104732,0.00191367,99.4924,99.6324,99.6411,0.123029,nan,0.261186,0.260921,0.261469,0.261002,0.261352,0.260921,0.261352,0.261469,0.261002,1,0,0.00229024,0,-0.000525361,-6.84327e-05,-0.000394692,0.00366297,0.00589004,0.00155197,0.00212976,-1.5859e-05,0.0138008,0.00268032,-0.00104471,-0.0779863,-0.0984524,9.87855,9.87935,0,1.60837
3.63,hover,-0.00606559,0.0257837,-0.00108889,-0.00189691,0,0,-0.00349436,-0.0105262,0.00236209,99.4925,99.6325,99.6383,0.120461,nan,0.261186,0.260785,0.261247,0.261001,0.261712,0.260785,0.261712,0.261247,0.261001,1,0,0.00182698,0,0.000660356,0.00129072,-0.000514812,0.00327142,0.00569774,0.00153575,0.0021259,-1.57753e-05,0.00469593,0.00680614,-0.00114956,-0.000614027,-0.142867,9.88228,9.88332,0,1.61211
3.64,hover,-0.00610069,0.0258889,-0.00137898,-0.00200055,0,0,-0.00339477,-0.0105466,0.00344815,99.4927,99.6327,99.6396,0.120643,nan,0.261187,0.261276,0.261226,0.261107,0.261137,0.261276,0.261137,0.261226,0.261107,1,0,0.00239208,0,0.000210209,-0.000489439,8.88514e-06,0.00413603,0.00601744,0.00157669,0.00214902,-1.61522e-05,0.000983154,0.0126666,0.00134198,0.0412149,-0.0775848,9.85723,9.85763,0,1.62154
3.65,hover,-0.00613509,0.025994,-0.00103719,-0.0018553,0,0,-0.00328934,-0.0105072,0.0025883,99.4929,99.6329,99.6484,0.126346,nan,0.261187,0.261783,0.260759,0.261883,0.260323,0.261783,0.260323,0.260759,0.261883,1,0,0.0020716,0,-0.00142116,-0.000636102,0.00113597,0.00310019,0.00557514,0.00152597,0.00213704,-1.56106e-05,-0.00606925,0.00829677,-0.00214035,0.142168,-0.0188477,9.78403,9.78508,0,1.62284
3.66,hover,-0.00616788,0.0260986,-0.00110682,-0.00182609,0,0,-0.0031356,-0.0104031,0.00263127,99.4931,99.6331,99.6496,0.126354,nan,0.261188,0.261071,0.26153,0.260356,0.261794,0.261071,0.261794,0.26153,0.260356,1,0,0.0020716,0,0.00259674,-0.000854068,-0.000834088,0.00332012,0.0054845,0.0015351,0.00213995,-1.57612e-05,0.00128278,0.00630851,-0.0109604,0.113329,0.0270295,9.78082,9.78152,0,1.62674
3.67,hover,-0.00619917,0.0262016,-0.00119836,-0.00167301,0,0,-0.00297122,-0.0102323,0.00289397,99.4932,99.6332,99.6273,0.109811,nan,0.261188,0.262236,0.26022,0.262247,0.260051,0.262236,0.260051,0.26022,0.262247,1,0,0.00154408,0,-0.000479653,-0.000299358,0.00185109,0.00360074,0.00504171,0.00154864,0.00212492,-1.61034e-05,0.00532338,0.0172554,-0.0045195,0.178141,0.0256174,9.84336,9.845,0,1.62334
3.68,hover,-0.00622888,0.0263028,-0.00131086,-0.00187688,0,0,-0.00280922,-0.0100698,0.00165721,99.4934,99.6334,99.6284,0.10996,nan,0.261189,0.261553,0.261108,0.260914,0.261181,0.261553,0.261181,0.261108,0.260914,1,0,0.0020716,0,0.00189123,-0.00107275,7.83428e-05,0.00393946,0.00565417,0.00156219,0.00215473,-1.57808e-05,0.00615599,0.0178383,0.00396315,0.104514,-0.0160474,9.84241,9.84298,0,1.6398
3.69,hover,-0.0062559,0.0264028,-0.00139271,-0.00141147,0,0,-0.0024819,-0.00991134,0.00162535,99.4936,99.6336,99.6647,0.135508,nan,0.261189,0.260025,0.26228,0.260545,0.261907,0.260025,0.261907,0.26228,0.260545,1,0,0.00169146,0,-0.00236855,0.000280521,-0.00158957,0.00419776,0.00423171,0.00157695,0.00209689,-1.73927e-05,0.0146679,0.000291523,0.00234374,0.14456,0.0823256,9.86621,9.86761,0,1.61864
3.7,hover,-0.00628008,0.0265007,-0.00115881,-0.0016185,0,0,-0.00222763,-0.00971836,0.00275458,99.4938,99.6338,99.6661,0.135538,nan,0.26119,0.260048,0.262695,0.260039,0.261977,0.260048,0.261977,0.262695,0.260039,1,0,0.00154408,0,-0.00188,-0.00137529,-0.00201513,0.00347082,0.00486481,0.00154802,0.00213162,-1.66518e-05,-0.00217975,0.00833677,0.00478296,0.0582996,-0.0026277,9.75973,9.75991,0,1.63834
3.71,hover,-0.0063022,0.0265972,-0.0012757,-0.00192523,0,0,-0.00201881,-0.0096211,0.00254083,99.4939,99.6339,99.6756,0.141422,nan,0.261191,0.259428,0.262803,0.259448,0.263083,0.259428,0.263083,0.262803,0.259448,1,0,0.0020716,0,0.000691029,0.000570878,-0.00308104,0.00382755,0.00578406,0.00156441,0.00217826,-1.67708e-05,0.00186214,0.00775033,-0.000286795,0.0288314,0.0509259,9.84035,9.84053,0,1.66021
3.72,hover,-0.00632216,0.026693,-0.00104205,-0.00204271,0,0,-0.00179736,-0.00955732,0.00337994,99.4941,99.6341,99.6769,0.141816,nan,0.261191,0.261329,0.261103,0.261243,0.261089,0.261329,0.261089,0.261103,0.261243,1,0,0.00195312,0,0.000191319,-0.000191936,0.000166856,0.0031337,0.00612688,0.00153509,0.00220012,-1.58163e-05,0.00657083,0.00137991,-0.00317221,-0.0644826,0.0069836,9.7963,9.79651,0,1.67471
3.73,hover,-0.00634,0.0267878,-0.00123329,-0.00233291,0,0,-0.00159116,-0.00943007,0.00340893,99.4943,99.6343,99.676,0.140489,nan,0.261192,0.260992,0.261512,0.260849,0.261414,0.260992,0.261414,0.261512,0.260849,1,0,0.00248976,0,0.000118671,-0.0004566,-0.000476796,0.00368402,0.0070022,0.00156342,0.0022444,-1.69847e-05,-0.00900748,0.00457226,-0.00659919,0.0219955,-0.0304837,9.82945,9.82952,0,1.69479
3.74,hover,-0.00635607,0.0268812,-0.00139573,-0.00193191,0,0,-0.00143105,-0.00925791,0.00358965,99.4944,99.6344,99.6774,0.140535,nan,0.261192,0.261241,0.261254,0.26109,0.261184,0.261241,0.261184,0.261254,0.26109,1,0,0.00229024,0,0.000212399,-0.000418829,-4.72622e-05,0.00419063,0.00581032,0.00158727,0.00219812,-1.854e-05,0.00387728,0.0119215,-0.00360857,-0.0351814,-0.122597,9.83536,9.83618,0,1.67604
3.75,hover,-0.00637038,0.0269724,-0.00116981,-0.00198954,0,0,-0.00122058,-0.00902207,0.00340561,99.4946,99.6346,99.6774,0.139541,nan,0.261193,0.262028,0.260189,0.26211,0.260443,0.262028,0.260443,0.260189,0.26211,1,0,0.0020716,0,0.000455998,0.00063685,0.00154099,0.00350618,0.00596938,0.00155801,0.00220886,-1.73341e-05,-0.000619409,0.00273056,-0.00962914,-0.032655,-0.036125,9.88805,9.88817,0,1.68672
3.76,hover,-0.00638222,0.0270612,-0.000778065,-0.00239585,0,0,-0.000947087,-0.00876366,0.00362857,99.4948,99.6348,99.6788,0.139776,nan,0.261193,0.261234,0.261131,0.261458,0.26095,0.261234,0.26095,0.261131,0.261458,1,0,0.0020716,0,-0.00107016,8.1619e-05,0.000268477,0.00231436,0.00719168,0.00151021,0.00226822,-1.55353e-05,-0.0117087,0.00502268,0.00118013,0.138976,-0.0512043,9.82298,9.8241,0,1.71866
3.77,hover,-0.00639179,0.0271477,-0.000836896,-0.00231986,0,0,-0.000765577,-0.00861511,0.00368263,99.495,99.635,99.6837,0.142608,nan,0.261194,0.261966,0.260307,0.261915,0.260588,0.261966,0.260588,0.260307,0.261915,1,0,0.00229024,0,0.000883003,0.000435663,0.00131255,0.00250856,0.00695586,0.00152109,0.00226138,-1.5922e-05,0.000102814,-0.000224952,-0.00109695,0.0751899,-0.113873,9.73755,9.7385,0,1.71875
3.78,hover,-0.00639984,0.0272336,-0.000752395,-0.00231336,0,0,-0.000661971,-0.00863755,0.00313496,99.4951,99.6351,99.6851,0.142797,nan,0.261194,0.263296,0.259392,0.26248,0.25961,0.263296,0.25961,0.259392,0.26248,1,0,0.0020716,0,0.00274251,-0.00113192,0.00297717,0.00225809,0.0069576,0.00151291,0.00226651,-1.58587e-05,0.00210408,0.0139553,-0.00771925,0.151655,-0.0110003,9.77963,9.78081,0,1.72417
3.79,hover,-0.00640664,0.0273202,-0.000708145,-0.00218177,0,0,-0.000516724,-0.00873588,0.00285488,99.4953,99.6353,99.6586,0.122839,nan,0.261195,0.261166,0.261441,0.260981,0.261191,0.261166,0.261191,0.261441,0.260981,1,0,0.00218366,0,-0.000173829,-0.000824591,-0.000213007,0.00214337,0.0065497,0.00151059,0.00225035,-1.56565e-05,0.0141421,0.00517067,0.00436111,0.0400024,0.0137967,9.82955,9.82965,0,1.72215
3.8,hover,-0.0064121,0.0274077,-0.000786738,-0.00240457,0,0,-0.00041397,-0.00880858,0.00267927,99.4955,99.6355,99.6598,0.123071,nan,0.261196,0.260479,0.26185,0.260639,0.261814,0.260479,0.261814,0.26185,0.260639,1,0,0.0020716,0,-0.000519502,0.000234003,-0.00111868,0.00236718,0.0072115,0.00152391,0.00228313,-1.61929e-05,0.00616057,0.000820594,-0.00430407,0.0417249,0.105757,9.90892,9.90957,0,1.73889
3.81,hover,-0.00641665,0.0274963,-0.000819815,-0.00230213,0,0,-0.000305926,-0.00896574,0.00323139,99.4957,99.6357,99.649,0.114696,nan,0.261196,0.261904,0.260548,0.261896,0.260436,0.261904,0.260436,0.260548,0.261896,1,0,0.00229024,0,-0.000276253,-0.000227398,0.00123826,0.00246992,0.00691924,0.00153243,0.00227034,-1.67342e-05,0.00851914,0.0108462,-0.000574948,0.0274014,0.102815,9.84832,9.8489,0,1.73782
3.82,hover,-0.00641999,0.0275866,-0.000660295,-0.00221323,0,0,-0.000200505,-0.00911181,0.00217123,99.4958,99.6358,99.6502,0.114983,nan,0.261197,0.261363,0.261007,0.261526,0.260891,0.261363,0.260891,0.261007,0.261526,1,0,0.00218366,0,-0.000740546,8.82804e-05,0.000435231,0.0019938,0.00664446,0.00151307,0.00226446,-1.56316e-05,0.0101244,0.00544349,-0.00078608,-0.0140584,0.100444,9.82476,9.82528,0,1.73956
3.83,hover,-0.00642206,0.0276783,-0.000729941,-0.00195527,0,0,-8.20611e-05,-0.00925042,0.0017502,99.496,99.636,99.6578,0.119849,nan,0.261197,0.260341,0.261959,0.260862,0.261627,0.260341,0.261627,0.261959,0.260862,1,0,0.00182698,0,-0.00226109,0.000358199,-0.00104694,0.00218129,0.00586159,0.00152457,0.00223325,-1.5611e-05,-0.00416126,-0.000587338,0.000376651,-0.0266122,-0.0599177,9.769,9.76922,0,1.72948
3.84,hover,-0.00642297,0.0277714,-0.000564683,-0.00186535,0,0,-2.94082e-06,-0.0093747,0.00197601,99.4962,99.6362,99.6591,0.120006,nan,0.261198,0.261282,0.261019,0.261363,0.261127,0.261282,0.261127,0.261019,0.261363,1,0,0.0020716,0,7.10157e-05,0.000357565,0.000219302,0.00169577,0.00558453,0.00150501,0.00222649,-1.51883e-05,0.00266035,-0.00544417,0.00270053,-0.020467,-0.0224895,9.72771,9.72776,0,1.73139
3.85,hover,-0.0064234,0.0278652,-0.000369364,-0.00211281,0,0,-7.14019e-06,-0.00941814,0.00126004,99.4963,99.6363,99.6631,0.122309,nan,0.261198,0.26185,0.260209,0.262019,0.260715,0.26185,0.260715,0.260209,0.262019,1,0,0.00195312,0,0.000892893,0.00127989,0.00129444,0.00110903,0.00634434,0.00148154,0.002264,-1.55814e-05,0.00210998,0.0062019,0.00270825,-0.090232,-0.136829,9.81138,9.81275,0,1.75269
3.86,hover,-0.00642389,0.0279598,-0.000318643,-0.00206006,0,0,-2.0883e-05,-0.00952568,0.00147323,99.4965,99.6365,99.6643,0.122583,nan,0.261199,0.260536,0.261673,0.260903,0.261684,0.260536,0.261684,0.261673,0.260903,1,0,0.0020716,0,-0.000945974,0.000714105,-0.00084315,0.000975023,0.00619928,0.00148056,0.00226291,-1.55882e-05,0.0142019,0.0150042,-0.00403653,-0.0166687,-0.19586,9.88819,9.89014,0,1.75559
3.87,hover,-0.00642485,0.0280554,4.03868e-05,-0.00228153,0,0,-8.28304e-05,-0.00967537,0.00257866,99.4967,99.6367,99.6677,0.124479,nan,0.261199,0.260854,0.26165,0.260669,0.261625,0.260854,0.261625,0.26165,0.260669,1,0,0.00218366,0,0.000426575,-0.000397733,-0.000770266,-0.000119881,0.00686638,0.00143738,0.00229947,-1.55572e-05,0.00228684,0.0168259,-0.00164117,-0.0517853,-0.104983,9.82325,9.82395,0,1.77743
3.88,hover,-0.00642704,0.0281527,0.000112857,-0.00228014,0,0,-0.000229727,-0.00978447,0.00320162,99.4968,99.6368,99.6689,0.124599,nan,0.2612,0.260937,0.261296,0.260907,0.261661,0.260937,0.261661,0.261296,0.260907,1,0,0.00218366,0,0.0010493,0.000636143,-0.000489303,-0.000348454,0.00685064,0.00143053,0.00230396,-1.54289e-05,-0.00514984,0.0091157,0.00383216,0.0220218,-0.028637,9.81104,9.81111,0,1.78366
3.89,hover,-0.00643151,0.0282506,7.3766e-05,-0.00174606,0,0,-0.000517442,-0.0098339,0.00282248,99.497,99.637,99.6501,0.110484,nan,0.261201,0.262041,0.260812,0.261729,0.26022,0.262041,0.26022,0.260812,0.261729,1,0,0.00154408,0,-0.000741097,-0.00171401,0.00120351,-0.000205235,0.00523524,0.00144178,0.00224074,-1.36777e-05,0.0121748,0.000286676,0.0139667,0.131777,0.0478655,9.78329,9.7843,0,1.75878
3.9,hover,-0.00643883,0.0283481,0.000199458,-0.00132181,0,0,-0.000835858,-0.0096582,0.00307265,99.4972,99.6372,99.6512,0.110868,nan,0.261201,0.260557,0.262419,0.260342,0.261487,0.260557,0.261487,0.262419,0.260342,1,0,0.000690534,0,-0.00190205,-0.0021738,-0.0013215,-0.000584854,0.00399291,0.00142981,0.00219078,-1.26381e-05,0.0104394,0.0204981,-0.0021066,0.0647353,-0.0178027,9.9472,9.94742,0,1.74202
3.91,hover,-0.00644988,0.0284432,0.000203427,-0.0010396,0,0,-0.00123705,-0.00940318,0.00224534,99.4974,99.6374,99.6671,0.121622,nan,0.261202,0.260951,0.261612,0.261505,0.26074,0.260951,0.26074,0.261612,0.261505,1,0,0.000976562,0,-0.00378315,-0.000604051,4.56126e-05,-0.000605328,0.00313585,0.00143619,0.00215828,-1.16189e-05,0.00474453,0.0135266,0.00612209,0.0690785,-0.014038,9.88207,9.88232,0,1.73172
3.92,hover,-0.00646533,0.028536,0.000143122,-0.00107611,0,0,-0.00175079,-0.00915612,0.00221366,99.4975,99.6375,99.6683,0.121719,nan,0.261202,0.261118,0.261426,0.261447,0.260818,0.261118,0.260818,0.261426,0.261447,1,0,0.000690534,0,-0.00248559,-0.000528999,0.000140951,-0.000446094,0.00325026,0.00144525,0.00216796,-1.19879e-05,-0.00969458,0.0167987,0.0120863,0.0917439,0.0645339,9.85792,9.85856,0,1.73842
3.93,hover,-0.00648586,0.028626,-0.000364156,-0.000781659,0,0,-0.00222067,-0.00884389,0.00252324,99.4977,99.6377,99.6762,0.126703,nan,0.261203,0.261948,0.260161,0.262073,0.26063,0.261948,0.26063,0.260161,0.262073,1,0,0,0,0.000910997,0.00112749,0.00141959,0.00110018,0.00233739,0.0015146,0.00213234,-1.11863e-05,0.00665122,-0.00291958,-0.0084115,-0.00623789,0.0165648,9.81855,9.81857,0,1.72132
3.94,hover,-0.00651028,0.0287129,-0.000422331,-0.000710993,0,0,-0.00253177,-0.00856578,0.0018407,99.4979,99.6379,99.6774,0.126937,nan,0.261204,0.259999,0.262612,0.260248,0.261955,0.259999,0.261955,0.262612,0.260248,1,0,0,0,-0.00240364,-0.000774381,-0.00189862,0.00128206,0.00214291,0.00152246,0.00212697,-1.10652e-05,0.0115621,0.00874876,-0.00764331,0.0255421,-0.0385475,9.79689,9.797,0,1.72186
3.95,hover,-0.00653733,0.0287969,-0.000467007,-0.00128067,0,0,-0.00280582,-0.008222,0.00100627,99.498,99.638,99.6877,0.13354,nan,0.261204,0.261472,0.260804,0.261503,0.261038,0.261472,0.261038,0.260804,0.261503,1,0,0.000690534,0,0.000541454,0.000501729,0.000497927,0.00139662,0.00383219,0.00152721,0.00220513,-1.1385e-05,-0.00140071,-0.00433852,0.00597898,-0.0189111,0.0368405,9.7893,9.78939,0,1.75843
3.96,hover,-0.00656706,0.0288777,-0.00012132,-0.0014694,0,0,-0.00305762,-0.00797104,0.00183837,99.4982,99.6382,99.6891,0.133957,nan,0.261205,0.261115,0.26105,0.261535,0.261118,0.261115,0.261118,0.26105,0.261535,1,0,0.000690534,0,-0.000931807,0.000923394,0.000211457,0.000381977,0.00440739,0.00148157,0.00223263,-1.11914e-05,0.0134939,0.00168197,0.000330429,-0.0865631,-0.0358479,9.88171,9.88216,0,1.77776
3.97,hover,-0.00659901,0.0289567,-0.000145109,-0.00186005,0,0,-0.00327108,-0.00784358,0.00128283,99.4984,99.6384,99.6664,0.116862,nan,0.261205,0.261598,0.260576,0.261947,0.260701,0.261598,0.260701,0.260576,0.261947,1,0,0.00138107,0,-0.000593386,0.000897067,0.000996966,0.000439906,0.00558303,0.00148627,0.00228677,-1.23063e-05,0.00453338,0.00419497,-0.00308875,-0.0581892,-0.127067,9.78979,9.79079,0,1.80424
3.98,hover,-0.00663331,0.0290348,-0.000369626,-0.00188778,0,0,-0.00353126,-0.00781517,0.00113699,99.4985,99.6385,99.6677,0.117071,nan,0.261206,0.260542,0.2617,0.260631,0.261951,0.260542,0.261951,0.2617,0.260631,1,0,0.00195312,0,0.000431375,0.000645956,-0.00108947,0.00109931,0.00565922,0.00151449,0.00229451,-1.30089e-05,-0.00484227,-0.000456337,0.00936511,0.0122487,-0.0198606,9.90505,9.90508,0,1.8081
3.99,hover,-0.00666974,0.0291132,-0.000552607,-0.00217951,0,0,-0.00363817,-0.00792251,0.00129482,99.4987,99.6387,99.6602,0.11113,nan,0.261207,0.2608,0.261419,0.261117,0.26149,0.2608,0.26149,0.261419,0.261117,1,0,0.0020716,0,-0.000652579,0.000735412,-0.000435205,0.00166035,0.00655256,0.00153698,0.002334,-1.30058e-05,0.0032324,0.0116807,0.00307009,0.0416912,-0.156444,9.83115,9.83248,0,1.82738
4,hover,-0.00670658,0.0291935,-0.000487157,-0.00225632,0,0,-0.0036347,-0.00817845,0.00106491,99.4989,99.6389,99.6613,0.111357,nan,0.261207,0.260833,0.261539,0.260714,0.261743,0.260833,0.261743,0.261539,0.260714,1,0,0.00218366,0,0.000858002,0.000160926,-0.000762445,0.00145423,0.00676292,0.00152605,0.00234659,-1.2729e-05,-0.0032936,-0.00168721,0.00304011,0.0709199,0.0337291,9.72415,9.72447,0,1.83732
4.01,hover,-0.00674336,0.0292763,-0.000754292,-0.00244468,0,0,-0.00363797,-0.00842745,0.0019481,99.4991,99.6391,99.645,0.0993743,nan,0.261208,0.260426,0.261718,0.260788,0.261898,0.260426,0.261898,0.261718,0.260788,1,0,0.00229024,0,-0.000483868,0.00102629,-0.00105535,0.00226486,0.00734932,0.00156239,0.00237588,-1.37197e-05,0.00289071,0.0125567,-0.000557782,0.0732145,-0.042564,9.88661,9.88697,0,1.85023
4.02,hover,-0.0067805,0.0293618,-0.000883125,-0.00204292,0,0,-0.00365727,-0.00873304,0.00279215,99.4992,99.6392,99.6461,0.0996412,nan,0.261208,0.261007,0.261386,0.261216,0.261224,0.261007,0.261224,0.261386,0.261216,1,0,0.00182698,0,-0.000982185,8.77449e-05,-0.000170364,0.00263158,0.0061246,0.00157896,0.00232566,-1.63103e-05,-0.0102817,-0.000438765,0.00050028,0.111781,0.172296,9.8319,9.83405,0,1.83149
4.03,hover,-0.00681831,0.0294504,-0.000960742,-0.00195394,0,0,-0.00370936,-0.00905675,0.00323346,99.4994,99.6394,99.6448,0.0982708,nan,0.261209,0.261508,0.260808,0.261327,0.261193,0.261508,0.261193,0.260808,0.261327,1,0,0.0020716,0,0.00150162,0.000384998,0.000366468,0.00288888,0.00587187,0.00158734,0.00231745,-1.6851e-05,0.00602162,0.00901326,-0.0037025,-0.0340167,-0.0148978,9.92904,9.92911,0,1.83108
4.04,hover,-0.00685598,0.0295425,-0.00100012,-0.00235744,0,0,-0.00364252,-0.00939609,0.00264164,99.4996,99.6396,99.6457,0.0984602,nan,0.26121,0.261869,0.260604,0.262074,0.260291,0.261869,0.260291,0.260604,0.262074,1,0,0.00229024,0,-0.00137576,-0.000205047,0.00133962,0.00301013,0.00709174,0.00159588,0.00237839,-1.50936e-05,0.00812417,0.0153138,0.00735237,0.0392222,-0.00473451,9.87159,9.87167,0,1.85904
4.05,hover,-0.00689288,0.0296373,-0.00114054,-0.00213675,0,0,-0.00359606,-0.00959721,0.00230228,99.4997,99.6397,99.6445,0.0972338,nan,0.26121,0.260457,0.262008,0.260626,0.26175,0.260457,0.26175,0.262008,0.260626,1,0,0.0020716,0,-0.00113349,-0.00016943,-0.00117619,0.00343017,0.00641588,0.00161411,0.00235421,-1.64728e-05,0.00730764,0.00610273,-0.00197793,0.0272003,0.0586401,9.7441,9.74431,0,1.85094
4.06,hover,-0.00692929,0.0297342,-0.00098719,-0.00205248,0,0,-0.00353702,-0.00985477,0.00248195,99.4999,99.6399,99.6454,0.0974288,nan,0.261211,0.261209,0.261036,0.261651,0.260947,0.261209,0.260947,0.261036,0.261651,1,0,0.00218366,0,-0.00140838,0.000669233,0.000385143,0.00297157,0.00616119,0.00159523,0.00234493,-1.60422e-05,0.0082631,0.00484005,0.000450406,-0.0656764,-0.0185172,9.69791,9.69815,0,1.85353
4.07,hover,-0.00696541,0.0298343,-0.0010535,-0.002309,0,0,-0.00356097,-0.0102101,0.00181934,99.5001,99.6401,99.6453,0.0967241,nan,0.261211,0.26063,0.2617,0.260512,0.262004,0.26063,0.262004,0.2617,0.260512,1,0,0.00258374,0,0.00111835,0.000353177,-0.00112582,0.00314303,0.00692496,0.00160405,0.00238214,-1.57043e-05,-0.0100299,0.00101713,0.0044211,-0.0600324,-0.0271709,9.8527,9.85292,0,1.87337
4.08,hover,-0.0070017,0.029938,-0.000676499,-0.00230045,0,0,-0.0035693,-0.0105764,0.00225862,99.5002,99.6402,99.6462,0.0970625,nan,0.261212,0.260828,0.261379,0.26087,0.261771,0.260828,0.261771,0.261379,0.26087,1,0,0.00239208,0,0.00092771,0.000821373,-0.00063804,0.0020141,0.0069043,0.00155129,0.0023858,-1.46672e-05,-0.00869764,0.00435747,0.00469255,-0.036445,-0.0107948,9.84168,9.84176,0,1.88295
4.09,hover,-0.00703795,0.0300453,-0.000654443,-0.00212863,0,0,-0.0035483,-0.0109054,0.00266853,99.5004,99.6404,99.6261,0.0822384,nan,0.261213,0.261208,0.260894,0.261488,0.261261,0.261208,0.261261,0.260894,0.261488,1,0,0.00218366,0,0.000230387,0.00122665,0.000237346,0.00198081,0.00638805,0.0015537,0.00236924,-1.4732e-05,0.013202,0.00380174,-0.00458447,-0.00303886,-0.0478139,9.88379,9.8839,0,1.87994
4.1,hover,-0.00707412,0.0301558,-0.000830422,-0.00200563,0,0,-0.00352957,-0.011226,0.00274625,99.5006,99.6406,99.6268,0.0824235,nan,0.261213,0.262778,0.259867,0.262034,0.260174,0.262778,0.260174,0.259867,0.262034,1,0,0.00229024,0,0.00278721,-0.000827182,0.0020969,0.00248701,0.00600757,0.00157509,0.00236099,-1.52875e-05,-0.00124125,-0.00386612,0.010899,0.00727251,-0.0221096,9.85023,9.85026,0,1.87777
4.11,hover,-0.00710978,0.0302687,-0.000950887,-0.00206885,0,0,-0.00345003,-0.0113731,0.00230474,99.5007,99.6407,99.6334,0.0865273,nan,0.261214,0.262369,0.260158,0.26188,0.260449,0.262369,0.260449,0.260158,0.26188,1,0,0.00182698,0,0.00206962,-0.000373606,0.00160064,0.00284669,0.00622007,0.00159018,0.00237658,-1.52189e-05,-0.00239709,0.0113947,-0.00270559,0.043193,-0.12451,9.73957,9.74046,0,1.88684
4.12,hover,-0.0071448,0.0303826,-0.00142474,-0.00206383,0,0,-0.00337563,-0.0114575,0.00282555,99.5009,99.6409,99.6343,0.0865536,nan,0.261215,0.261225,0.261579,0.26066,0.261394,0.261225,0.261394,0.261579,0.26066,1,0,0.00229024,0,0.00100591,-0.00142215,-0.000477931,0.00428541,0.00619286,0.0016506,0.00238223,-1.63852e-05,0.00911874,0.003291,0.00280572,0.0301666,-0.0802773,9.75858,9.75895,0,1.8887
4.13,hover,-0.00717871,0.0304969,-0.00141192,-0.00198327,0,0,-0.00316644,-0.011422,0.00312957,99.5011,99.6411,99.6485,0.0963837,nan,0.261215,0.261277,0.261187,0.261133,0.261264,0.261277,0.261264,0.261187,0.261133,1,0,0.0020716,0,0.000586376,-0.000126668,-1.76097e-05,0.00422504,0.00594393,0.0016485,0.00238063,-1.63559e-05,-0.00550885,-0.00153469,-0.0079498,-0.0233086,0.0716154,9.86,9.86029,0,1.89105
4.14,hover,-0.00720985,0.03061,-0.001119,-0.00221857,0,0,-0.00283532,-0.0112451,0.00360799,99.5012,99.6412,99.6494,0.0966479,nan,0.261216,0.261737,0.260741,0.26195,0.260436,0.261737,0.260436,0.260741,0.26195,1,0,0.00218366,0,-0.00137567,-0.00017442,0.00110344,0.00336173,0.00666824,0.00161278,0.00241917,-1.40002e-05,0.00478,0.0107721,0.000851321,-0.00664599,-0.046741,9.91838,9.91849,0,1.91388
4.15,hover,-0.00723763,0.0307214,-0.00117241,-0.00212531,0,0,-0.0024945,-0.011064,0.00310581,99.5014,99.6414,99.6576,0.102003,nan,0.261217,0.261657,0.260794,0.261726,0.26069,0.261657,0.26069,0.260794,0.261726,1,0,0.0020716,0,-0.000460951,-6.82809e-05,0.000834466,0.00352193,0.00638842,0.00161927,0.00241392,-1.44183e-05,0.00475699,0.0107362,-0.000242387,-0.0499563,-0.0601343,9.81246,9.81277,0,1.91465
4.16,hover,-0.00726207,0.0308314,-0.00089378,-0.0022606,0,0,-0.00220562,-0.0110018,0.00301224,99.5016,99.6416,99.6587,0.102161,nan,0.261217,0.259963,0.262421,0.260481,0.262004,0.259963,0.262004,0.262421,0.260481,1,0,0.00229024,0,-0.00248096,0.000192615,-0.00175007,0.00267479,0.00677971,0.00158435,0.00243386,-1.29197e-05,-0.0027714,0.00104423,0.00385761,0.0737779,-0.0173389,9.87603,9.87632,0,1.93155
4.17,hover,-0.00728404,0.0309409,-0.00120111,-0.00229676,0,0,-0.00197184,-0.010938,0.00319281,99.5017,99.6417,99.6529,0.0975683,nan,0.261218,0.260485,0.262239,0.260304,0.261844,0.260485,0.261844,0.262239,0.260304,1,0,0.00229024,0,-0.000566903,-0.00108977,-0.00144797,0.00359878,0.00690269,0.00162306,0.00244499,-1.44024e-05,-0.00141657,0.0107212,-0.00541227,-0.0376649,0.0682393,9.76525,9.76556,0,1.9369
4.18,hover,-0.0073036,0.0310494,-0.00106067,-0.00194872,0,0,-0.00171645,-0.0107801,0.0036673,99.5019,99.6419,99.6538,0.0977683,nan,0.261219,0.261752,0.260447,0.261872,0.260805,0.261752,0.260805,0.260447,0.261872,1,0,0.00182698,0,0.000630697,0.000905627,0.00104255,0.00319751,0.00586559,0.00160611,0.00240786,-1.3994e-05,0.0119501,0.0153612,-0.000521885,0.0022202,0.0797753,9.78957,9.7899,0,1.92498
4.19,hover,-0.00732072,0.0311563,-0.00127501,-0.00223702,0,0,-0.00150432,-0.0106556,0.00310187,99.5021,99.6421,99.6573,0.0996908,nan,0.261219,0.260846,0.26118,0.261355,0.261496,0.260846,0.261496,0.26118,0.261355,1,0,0.00258374,0,-0.000515234,0.00156257,-0.000208634,0.00382508,0.00672079,0.00163687,0.0024485,-1.43435e-05,0.0016806,0.0089249,0.00390977,-0.0662625,-0.0638701,9.8151,9.81553,0,1.94533
4.2,hover,-0.00733611,0.0312624,-0.00156182,-0.00197818,0,0,-0.00143291,-0.0105714,0.00193745,99.5022,99.6422,99.6584,0.0998807,nan,0.26122,0.260784,0.261624,0.260523,0.261949,0.260784,0.261949,0.261624,0.260523,1,0,0.0020716,0,0.00155428,0.000122058,-0.000996081,0.00468387,0.00593019,0.0016773,0.00242077,-1.6384e-05,0.000605533,-0.000464528,-0.00603611,0.00835739,-0.154041,9.9617,9.96289,0,1.93414
4.21,hover,-0.00735152,0.0313673,-0.00128762,-0.00225938,0,0,-0.00147862,-0.0104147,0.00231607,99.5024,99.6424,99.6802,0.115115,nan,0.261221,0.260746,0.261177,0.260954,0.262007,0.260746,0.262007,0.261177,0.260954,1,0,0.00239208,0,0.00165245,0.00196569,-0.000651998,0.00385929,0.00679356,0.00164297,0.00246436,-1.40196e-05,-0.000727031,0.0127373,0.00370919,-0.0384547,-0.107296,9.84123,9.84189,0,1.95868
4.22,hover,-0.00736682,0.0314707,-0.00129618,-0.0023884,0,0,-0.00143591,-0.0103066,0.00267735,99.5026,99.6426,99.6815,0.115344,nan,0.261222,0.261482,0.260871,0.261359,0.261174,0.261482,0.261174,0.260871,0.261359,1,0,0.00229024,0,0.00113094,0.000340831,0.00034919,0.00389055,0.00715926,0.00164797,0.00248422,-1.42087e-05,0.00299228,-0.00147648,-0.00466506,0.0224733,-0.0693769,9.77373,9.774,0,1.97188
4.23,hover,-0.00738212,0.0315731,-0.00127482,-0.00223123,0,0,-0.00148248,-0.0101965,0.00209057,99.5027,99.6427,99.6877,0.119353,nan,0.261222,0.261867,0.260313,0.262441,0.260268,0.261867,0.260268,0.260313,0.262441,1,0,0.00239208,0,-0.0016448,0.00100316,0.00163821,0.0038219,0.00670627,0.00164953,0.00247028,-1.45942e-05,-7.33717e-05,0.0108724,-0.00665177,0.0626375,-0.00477045,9.76022,9.76042,0,1.96914
4.24,hover,-0.00739813,0.0316746,-0.000976142,-0.00245696,0,0,-0.0016149,-0.0101491,0.00251171,99.5029,99.6429,99.689,0.119476,nan,0.261223,0.260993,0.261437,0.261202,0.26126,0.260993,0.26126,0.261437,0.261202,1,0,0.00248976,0,-0.00102407,5.97767e-05,-0.000220779,0.00292761,0.007369,0.00161587,0.00250281,-1.34094e-05,0.0010577,0.00126781,-0.0091379,-0.0413316,-0.0351106,9.77555,9.7757,0,1.99071
4.25,hover,-0.00741596,0.0317758,-0.00137202,-0.00241751,0,0,-0.00178372,-0.0101616,0.00271675,99.5031,99.6431,99.6934,0.122184,nan,0.261224,0.261942,0.260709,0.261671,0.260572,0.261942,0.260572,0.260709,0.261671,1,0,0.00267443,0,0.000356146,-0.000771291,0.00102517,0.0041171,0.00726415,0.00166872,0.00250207,-1.55875e-05,0.00238248,0.0102478,0.00302571,0.0988913,-0.0134669,9.88539,9.88589,0,1.99052
4.26,hover,-0.0074352,0.0318772,-0.00129962,-0.00250101,0,0,-0.0018797,-0.0101518,0.00259882,99.5032,99.6432,99.6946,0.122586,nan,0.261224,0.26167,0.260941,0.261466,0.26082,0.26167,0.26082,0.260941,0.261466,1,0,0.00267443,0,0.000221924,-0.000615817,0.00060439,0.00390272,0.00751874,0.0016612,0.002521,-1.46185e-05,0.00425077,0.0129944,0.000986372,0.0408554,0.0147027,9.87074,9.87083,0,2.00184
4.27,hover,-0.00745489,0.0319782,-0.00140852,-0.00218688,0,0,-0.00189593,-0.0100646,0.00226541,99.5034,99.6434,99.694,0.121228,nan,0.261225,0.260422,0.262029,0.260808,0.261642,0.260422,0.261642,0.262029,0.260808,1,0,0.00248976,0,-0.00205002,-1.50621e-06,-0.00107311,0.0042452,0.00658077,0.0016777,0.00248771,-1.64591e-05,0.0147509,0.0159255,-0.00738325,0.0648767,0.0776234,9.8747,9.87522,0,1.98896
4.28,hover,-0.00747475,0.0320782,-0.00156627,-0.00227558,0,0,-0.00188033,-0.00999737,0.00298521,99.5036,99.6436,99.6952,0.121586,nan,0.261226,0.260206,0.26206,0.260181,0.262457,0.260206,0.262457,0.26206,0.260181,1,0,0.00267443,0,0.00111833,0.000705789,-0.00181466,0.00469823,0.00685117,0.0016988,0.00250279,-1.70053e-05,0.00134836,0.0187862,0.00889033,-0.0803196,0.0249389,9.8802,9.88055,0,1.99835
4.29,hover,-0.0074942,0.0321782,-0.00192831,-0.00221317,0,0,-0.00177781,-0.0100634,0.00330507,99.5037,99.6437,99.7132,0.133876,nan,0.261227,0.261587,0.260696,0.261803,0.26082,0.261587,0.26082,0.260696,0.261803,1,0,0.00276214,0,-0.000242439,0.000643632,0.00082351,0.0057992,0.00664181,0.00174679,0.00250128,-1.8831e-05,0.0112431,0.00404978,-0.00746782,-0.0555205,0.031567,9.76109,9.7613,0,1.99744
4.3,hover,-0.00751246,0.0322793,-0.00223877,-0.0022209,0,0,-0.00168395,-0.0102168,0.0023361,99.5039,99.6439,99.7146,0.134248,nan,0.261227,0.260594,0.261741,0.260306,0.262269,0.260594,0.262269,0.261741,0.260306,1,0,0.00300997,0,0.00216335,0.000456425,-0.00136692,0.00672293,0.0066697,0.00178822,0.00250705,-2.01003e-05,0.00621972,0.00716351,0.007217,-0.0450967,-0.117958,9.81486,9.81567,0,2.00118
4.31,hover,-0.00752916,0.0323822,-0.00187805,-0.00216701,0,0,-0.00145521,-0.0104012,0.00252179,99.5041,99.6441,99.7287,0.143716,nan,0.261228,0.260643,0.262026,0.260115,0.262129,0.260643,0.262129,0.262026,0.260115,1,0,0.00284714,0,0.00167532,-0.000806142,-0.00149272,0.00563023,0.00649706,0.00174565,0.00250754,-1.84525e-05,-0.000843091,-0.00014032,0.00376404,-0.0206655,0.0297206,9.85691,9.85698,0,2.00712
4.32,hover,-0.00754321,0.0324864,-0.00179866,-0.00178624,0,0,-0.00116349,-0.0104784,0.00187541,99.5042,99.6442,99.73,0.143944,nan,0.261229,0.26054,0.261786,0.261065,0.261524,0.26054,0.261524,0.261786,0.261065,1,0,0.00258374,0,-0.00208755,0.000498169,-0.000749549,0.00538811,0.00535747,0.00173944,0.0024627,-1.99401e-05,-0.00351405,0.00163473,-0.00749449,0.0569534,-0.0595169,9.83538,9.83573,0,1.99229
4.33,hover,-0.00755426,0.0325912,-0.00165694,-0.0021635,0,0,-0.00091632,-0.0104727,0.00208011,99.5044,99.6444,99.7156,0.132685,nan,0.26123,0.260513,0.261859,0.260591,0.261955,0.260513,0.261955,0.261859,0.260591,1,0,0.00248976,0,4.88369e-05,0.000328294,-0.00119142,0.00496574,0.0065141,0.0017241,0.00251749,-1.81315e-05,-0.00163575,0.0182367,0.00657105,0.0418715,-0.126627,9.88276,9.88366,0,2.02093
4.34,hover,-0.00756336,0.0326949,-0.00185294,-0.00221785,0,0,-0.000743588,-0.0102862,0.00286847,99.5046,99.6446,99.7169,0.132774,nan,0.26123,0.260977,0.261464,0.261167,0.261314,0.260977,0.261314,0.261464,0.261167,1,0,0.00267443,0,-0.000900115,7.52654e-05,-0.00027825,0.00556857,0.00664871,0.00175164,0.0025285,-1.8367e-05,0.00824964,-0.000692044,-0.00626455,0.0399397,-0.0854519,9.79701,9.79746,0,2.02823
4.35,hover,-0.00757089,0.0327968,-0.00193629,-0.00195672,0,0,-0.000563577,-0.0101185,0.00161882,99.5047,99.6447,99.7132,0.129476,nan,0.261231,0.261613,0.260907,0.261083,0.261321,0.261613,0.261321,0.260907,0.261083,1,0,0.00267443,0,0.00250543,-0.000220357,0.000205762,0.0058178,0.00589193,0.00176382,0.00250386,-1.97734e-05,0.00770386,0.0170404,-0.00926269,0.142397,-0.0182164,9.84253,9.84358,0,2.01855
4.36,hover,-0.00757533,0.0328969,-0.00227833,-0.00203784,0,0,-0.000202473,-0.00991661,0.00181858,99.5049,99.6449,99.7145,0.12983,nan,0.261232,0.262132,0.260157,0.262272,0.260366,0.262132,0.260366,0.260157,0.262272,1,0,0.00284714,0,0.000181763,0.000660133,0.00170625,0.00684851,0.00611115,0.001812,0.0025173,-2.02521e-05,0.0108513,0.000915061,0.0121012,0.0486208,-0.0195864,9.89315,9.89329,0,2.02602
4.37,hover,-0.00757625,0.0329951,-0.00202147,-0.00194353,0,0,0.000111243,-0.00975074,0.00122233,99.505,99.645,99.7076,0.124197,nan,0.261233,0.260854,0.261501,0.260747,0.261829,0.260854,0.261829,0.261501,0.260747,1,0,0.00248976,0,0.00115455,0.000420622,-0.000759986,0.00607741,0.00584673,0.00178566,0.00250968,-2.01434e-05,0.010455,0.0132584,0.00101938,0.109048,0.0154249,9.87795,9.87857,0,2.02835
4.38,hover,-0.00757457,0.0330917,-0.0020712,-0.0019545,0,0,0.000352619,-0.00956274,0.00246769,99.5052,99.6452,99.7088,0.124453,nan,0.261233,0.261227,0.261165,0.261451,0.261091,0.261227,0.261091,0.261165,0.261451,1,0,0.00258374,0,-0.000793742,0.000283704,0.000185269,0.00622567,0.00586283,0.00179587,0.00251382,-2.03565e-05,0.00982241,0.00208887,-0.0120702,0.0608035,0.102759,9.76676,9.7675,0,2.03401
4.39,hover,-0.00757094,0.0331863,-0.00220123,-0.00204642,0,0,0.000530414,-0.00943743,0.00221276,99.5054,99.6454,99.7244,0.134877,nan,0.261234,0.261782,0.260664,0.262235,0.260257,0.261782,0.260257,0.260664,0.262235,1,0,0.00276214,0,-0.00228164,8.80668e-05,0.00136087,0.00660881,0.00616031,0.00181727,0.00252819,-2.01574e-05,0.00522999,0.0165709,-0.00528472,0.0534224,0.0350883,9.91044,9.91065,0,2.04349
4.4,hover,-0.00756516,0.0332807,-0.00211881,-0.00238731,0,0,0.000780951,-0.00944994,0.00177131,99.5055,99.6455,99.7258,0.135126,nan,0.261235,0.261123,0.261143,0.261606,0.261068,0.261123,0.261068,0.261143,0.261606,1,0,0.00308816,0,-0.00148237,0.000775205,0.000227731,0.00636444,0.00715758,0.00180842,0.00257488,-1.81258e-05,0.00714984,-0.000321308,-0.00539522,-0.00999206,0.0271506,9.83451,9.83456,0,2.06878
4.41,hover,-0.00755658,0.0333749,-0.00200232,-0.00255193,0,0,0.001053,-0.00941602,0.00209453,99.5057,99.6457,99.7176,0.128637,nan,0.261236,0.261063,0.261511,0.260764,0.261605,0.261063,0.261605,0.261511,0.260764,1,0,0.00323889,0,0.00103997,-0.000387209,-0.000566392,0.00601859,0.00765867,0.00180029,0.00260112,-1.70342e-05,0.00957541,0.00451154,0.00517132,0.0368896,0.0295555,9.84267,9.84278,0,2.08433
4.42,hover,-0.00754562,0.0334689,-0.00177222,-0.00249701,0,0,0.00125371,-0.00940593,0.00145228,99.5059,99.6459,99.7188,0.128922,nan,0.261237,0.261007,0.261459,0.261096,0.261385,0.261007,0.261385,0.261459,0.261096,1,0,0.00300997,0,-0.000432207,3.00821e-05,-0.000325729,0.00534447,0.00749415,0.00177877,0.00259805,-1.60305e-05,0.0203205,0.00469418,-0.0072892,-0.0028592,-0.0413466,9.83992,9.84001,0,2.08836
4.43,hover,-0.00753352,0.0335628,-0.00159656,-0.00263669,0,0,0.00127759,-0.00939445,0.00221527,99.506,99.646,99.7098,0.121938,nan,0.261237,0.261674,0.260669,0.262134,0.260472,0.261674,0.260472,0.260669,0.262134,1,0,0.00300997,0,-0.00174137,0.000498634,0.0011723,0.00480677,0.00790705,0.00176257,0.00262205,-1.47969e-05,0.013185,0.000594487,0.00720872,-0.0594075,-0.0298164,9.82328,9.82351,0,2.10298
4.44,hover,-0.00752179,0.0336569,-0.00146032,-0.00244669,0,0,0.00120988,-0.00945004,0.00233374,99.5062,99.6462,99.711,0.122172,nan,0.261238,0.262191,0.260247,0.261935,0.260578,0.262191,0.260578,0.260247,0.261935,1,0,0.00258374,0,0.00155704,0.000141662,0.00145088,0.00438601,0.00736007,0.00174987,0.00260325,-1.47918e-05,0.00513851,0.015942,0.00256778,0.000586687,-0.133797,9.92603,9.92693,0,2.09863
4.45,hover,-0.00751091,0.0337514,-0.00120905,-0.00243626,0,0,0.00109443,-0.00949405,0.00167472,99.5064,99.6464,99.7145,0.123954,nan,0.261239,0.261675,0.260858,0.261889,0.260533,0.261675,0.260533,0.260858,0.261889,1,0,0.00267443,0,-0.00142785,-0.000210534,0.000954718,0.00363761,0.00730969,0.00172581,0.00260733,-1.38346e-05,0.00867055,0.00322838,-0.0100802,0.0169586,-0.132104,9.81697,9.81788,0,2.10556
4.46,hover,-0.00750116,0.0338465,-0.00100125,-0.00231739,0,0,0.000947523,-0.00954753,0.00182897,99.5065,99.6465,99.7157,0.124252,nan,0.26124,0.261706,0.260537,0.261936,0.26078,0.261706,0.26078,0.260537,0.261936,1,0,0.00229024,0,3.60983e-05,0.000896424,0.00102164,0.00301202,0.00696225,0.00170626,0.00259752,-1.3359e-05,0.00723775,0.00931407,0.000992433,-0.0234431,-0.0297448,9.84228,9.84235,0,2.10606
4.47,hover,-0.00749331,0.0339424,-0.000952246,-0.0021008,0,0,0.000754424,-0.00968026,0.00250847,99.5067,99.6467,99.7319,0.135284,nan,0.26124,0.261541,0.260937,0.261797,0.260686,0.261541,0.260686,0.260937,0.261797,1,0,0.00195312,0,-0.00134575,9.11536e-06,0.000754215,0.002862,0.00631284,0.00170598,0.00257397,-1.3363e-05,0.00522337,0.00953544,0.00376599,0.0330667,-0.0576475,9.78311,9.78334,0,2.09963
4.48,hover,-0.00748792,0.0340399,-0.00101922,-0.00200601,0,0,0.000483204,-0.00989852,0.00272654,99.5068,99.6468,99.7333,0.135587,nan,0.261241,0.26151,0.261267,0.261296,0.260892,0.26151,0.260892,0.261267,0.261296,1,0,0.0020716,0,-0.000428233,-0.00111607,0.000284115,0.00306362,0.00601663,0.00172015,0.00256594,-1.37205e-05,0.00568982,0.00163084,-0.000487525,0.055764,0.106087,9.8711,9.87182,0,2.09908
4.49,hover,-0.00748524,0.0341399,-0.00115298,-0.00183659,0,0,0.000176781,-0.0101433,0.00166441,99.507,99.647,99.7339,0.135219,nan,0.261242,0.260153,0.262504,0.260646,0.261664,0.260153,0.261664,0.262504,0.260646,1,0,0.00182698,0,-0.00353496,-0.000658728,-0.00148111,0.00346898,0.00552214,0.00174252,0.00254878,-1.41906e-05,0.00844083,0.0108019,-0.00310447,0.042375,0.0424381,9.87572,9.87591,0,2.09386
4.5,hover,-0.0074863,0.034242,-0.00130469,-0.00189919,0,0,-0.000262691,-0.0103216,0.00238692,99.5072,99.6472,99.7352,0.135467,nan,0.261243,0.262356,0.260382,0.262135,0.260099,0.262356,0.260099,0.260382,0.262135,1,0,0.0020716,0,-0.000164297,-0.000954876,0.00176225,0.00392655,0.00570285,0.00176505,0.0025629,-1.4067e-05,0.0100923,0.00607685,0.00329547,-0.0134195,0.0713447,9.98764,9.9879,0,2.10177
4.51,hover,-0.00749167,0.0343455,-0.00142704,-0.00151686,0,0,-0.00068915,-0.0103887,0.00139536,99.5073,99.6473,99.7484,0.144074,nan,0.261243,0.26184,0.260674,0.262122,0.260338,0.26184,0.260338,0.260674,0.262122,1,0,0.00169146,0,-0.00164047,-0.000100541,0.00129668,0.00427626,0.00457553,0.0017812,0.00252323,-1.51745e-05,-0.0014378,0.0191451,0.00819531,-0.00641049,0.0094276,9.84419,9.8442,0,2.08494
4.52,hover,-0.00750111,0.0344494,-0.00129057,-0.00172476,0,0,-0.00113379,-0.0104149,0.00208617,99.5075,99.6475,99.7497,0.144356,nan,0.261244,0.260687,0.261957,0.260657,0.261675,0.260687,0.261675,0.261957,0.260657,1,0,0.00218366,0,-0.000670488,-0.000589714,-0.00100589,0.00384999,0.00518288,0.00176888,0.00255532,-1.47954e-05,-0.0126997,0.00827599,0.00429998,0.0446937,-0.0417516,9.75848,9.75867,0,2.10389
4.53,hover,-0.00751559,0.0345533,-0.00125704,-0.00175306,0,0,-0.00160071,-0.0103916,0.00217554,99.5077,99.6477,99.7555,0.147729,nan,0.261245,0.261745,0.260383,0.262038,0.260814,0.261745,0.260814,0.260383,0.262038,1,0,0.00218366,0,0.000367363,0.00137068,0.00113629,0.00377346,0.00526508,0.00176655,0.00256485,-1.45358e-05,0.00334025,0.00648445,0.00521328,-0.113801,-0.0216723,9.8239,9.82459,0,2.11181
4.54,hover,-0.00753391,0.0346574,-0.00118132,-0.00124201,0,0,-0.00194082,-0.0104621,0.00170741,99.5078,99.6478,99.757,0.148216,nan,0.261246,0.261933,0.260552,0.261448,0.26105,0.261933,0.26105,0.260552,0.261448,1,0,0.00169146,0,0.0026067,2.5307e-05,0.000781728,0.00356474,0.00372778,0.00175968,0.00250478,-1.52289e-05,0.0156181,0.00365736,0.00289164,-0.0826741,-0.0103849,9.79819,9.79855,0,2.08968
4.55,hover,-0.0075552,0.0347623,-0.00103286,-0.00145867,0,0,-0.00221834,-0.0105376,0.00205206,99.508,99.648,99.7652,0.153321,nan,0.261247,0.26085,0.261376,0.260789,0.261972,0.26085,0.261972,0.261376,0.260789,1,0,0.00119604,0,0.00174234,0.00101443,-0.000751081,0.00308627,0.00438371,0.00174499,0.00253566,-1.55056e-05,-0.00647442,0.0076714,-0.00432099,-0.0179589,-0.0795033,9.86746,9.86779,0,2.10946
4.56,hover,-0.00757942,0.0348677,-0.00115193,-0.00148975,0,0,-0.00246268,-0.0105567,0.00157919,99.5081,99.6481,99.7668,0.153455,nan,0.261247,0.260955,0.261635,0.260515,0.261885,0.260955,0.261885,0.261635,0.260515,1,0,0.00119604,0,0.00182943,-0.000358222,-0.000900786,0.0034571,0.00446828,0.00175753,0.00254613,-1.52538e-05,0.00263498,0.00189244,0.00377052,-0.0604058,-0.13524,9.8879,9.88901,0,2.11628
4.57,hover,-0.00760514,0.0349728,-0.00121994,-0.00130939,0,0,-0.00255498,-0.0104886,0.00154281,99.5083,99.6483,99.7718,0.156273,nan,0.261248,0.2622,0.260555,0.261689,0.260549,0.2622,0.260549,0.260555,0.261689,1,0,0.00119604,0,0.00133992,-0.000980202,0.00122337,0.00366748,0.003938,0.00176655,0.00252993,-1.55108e-05,0.00685766,0.00909348,-0.00793174,0.0427667,-0.0428867,9.80744,9.80763,0,2.11163
4.58,hover,-0.00763134,0.0350768,-0.00102066,-0.00143616,0,0,-0.00260112,-0.0103297,0.00207802,99.5085,99.6485,99.7733,0.156579,nan,0.261249,0.261324,0.260846,0.261713,0.261113,0.261324,0.261113,0.260846,0.261713,1,0,0.00169146,0,-0.000326127,0.0012428,0.000473872,0.00305636,0.00431701,0.00174465,0.00255062,-1.6063e-05,-0.00200212,0.00823724,-0.00324261,-0.014498,-0.0261881,9.78523,9.78528,0,2.12682
4.59,hover,-0.00765861,0.0351795,-0.00111312,-0.00125296,0,0,-0.00271852,-0.0102416,0.00137224,99.5086,99.6486,99.7817,0.16165,nan,0.26125,0.260149,0.26254,0.259549,0.262762,0.260149,0.262762,0.26254,0.259549,1,0,0.00154408,0,0.00218106,-0.000716764,-0.00246285,0.00333468,0.00374561,0.00175338,0.00253216,-1.61846e-05,-0.00136218,-0.00631537,-0.0010217,0.0876746,-0.0124461,9.83773,9.83813,0,2.12165
4.6,hover,-0.00768639,0.0352812,-0.0010829,-0.00117787,0,0,-0.00265716,-0.0101153,0.0014243,99.5088,99.6488,99.7834,0.162019,nan,0.261251,0.261028,0.261776,0.260995,0.261203,0.261028,0.261203,0.261776,0.260995,1,0,0.000976562,0,-0.00143006,-0.0011473,-0.000420075,0.00322847,0.00353331,0.00175012,0.00252811,-1.64211e-05,-0.011747,0.00234274,-0.00644294,0.0938121,0.0202639,9.79445,9.79492,0,2.12372
4.61,hover,-0.00771326,0.0353813,-0.00115434,-0.00113835,0,0,-0.00262791,-0.00991279,0.00194092,99.5089,99.6489,99.8098,0.180061,nan,0.261252,0.262012,0.260456,0.26193,0.260608,0.262012,0.260608,0.260456,0.26193,1,0,0.00169146,0,0.000622483,0.000132786,0.00126467,0.00346156,0.00342184,0.00176254,0.0025283,-1.63167e-05,0.000800726,0.00705124,0.00247545,0.0122894,0.0797408,9.8335,9.83383,0,2.12672
4.62,hover,-0.00774016,0.0354793,-0.00128713,-0.00111817,0,0,-0.0025936,-0.00970633,0.00208178,99.5091,99.6491,99.8116,0.180143,nan,0.261252,0.261417,0.261388,0.261265,0.260939,0.261417,0.260939,0.261388,0.261265,1,0,0.00169146,0,-0.000788559,-0.00113801,0.000155502,0.00386507,0.0033594,0.00177993,0.00252918,-1.62298e-05,0.00423662,0.00578405,0.0057166,-0.0299283,0.11813,9.8422,9.84295,0,2.13013
4.63,hover,-0.00776651,0.0355751,-0.0014601,-0.00117739,0,0,-0.00252555,-0.00944986,0.00143902,99.5093,99.6493,99.7923,0.164961,nan,0.261253,0.261649,0.260922,0.261548,0.260894,0.261649,0.260894,0.260922,0.261548,1,0,0.00154408,0,0.000193224,-0.000243458,0.000606442,0.00438699,0.00354589,0.00180009,0.00254128,-1.60894e-05,0.00625336,0.0117021,-0.0076254,-0.0701877,0.0500899,9.79377,9.79415,0,2.13755
4.64,hover,-0.00779195,0.035668,-0.00147337,-0.00141755,0,0,-0.00245499,-0.00913828,0.00160274,99.5094,99.6494,99.794,0.165197,nan,0.261254,0.261811,0.260757,0.261761,0.260688,0.261811,0.260688,0.260757,0.261761,1,0,0.00182698,0,-4.74214e-05,-0.000224674,0.000934744,0.0044234,0.00426343,0.00180108,0.00257577,-1.59577e-05,0.00400904,0.00975336,0.00348741,-0.00679122,0.00685117,9.83798,9.83799,0,2.15651
4.65,hover,-0.00781669,0.0357576,-0.00164735,-0.0016722,0,0,-0.00236071,-0.00877137,0.00173044,99.5096,99.6496,99.8031,0.170723,nan,0.261255,0.262134,0.260058,0.262271,0.260556,0.262134,0.260556,0.260058,0.262271,1,0,0.0020716,0,0.000959699,0.00120281,0.00166634,0.00495664,0.00503238,0.00182203,0.00261169,-1.55267e-05,0.0115513,0.0131455,-0.00204284,0.0165341,-0.0593345,9.77431,9.7745,0,2.17468
4.66,hover,-0.00784006,0.0358437,-0.00157404,-0.00154618,0,0,-0.00217868,-0.00845781,0.00181165,99.5097,99.6497,99.8048,0.171057,nan,0.261256,0.261139,0.261539,0.260795,0.261551,0.261139,0.261551,0.261539,0.260795,1,0,0.00195312,0,0.000942378,-0.000629208,-0.000508172,0.00471006,0.00464451,0.00181242,0.00260045,-1.57763e-05,-0.00623121,0.0065661,0.00304785,-0.0527324,-0.00843834,9.82084,9.82099,0,2.17328
4.67,hover,-0.00786137,0.0359264,-0.00148118,-0.00160803,0,0,-0.00197471,-0.00805492,0.000730666,99.5099,99.6499,99.8184,0.17968,nan,0.261257,0.260483,0.262326,0.26029,0.261928,0.260483,0.261928,0.262326,0.26029,1,0,0.00195312,0,-0.000544467,-0.00112043,-0.0015298,0.00444667,0.00482712,0.00180436,0.00261383,-1.54347e-05,0.00390612,0.00463177,0.00518244,0.0309635,0.0117343,9.78889,9.78895,0,2.18248
4.68,hover,-0.00788072,0.0360049,-0.0015746,-0.00170307,0,0,-0.00181657,-0.00766567,0.000731474,99.5101,99.6501,99.8202,0.17989,nan,0.261257,0.262468,0.260178,0.262321,0.260062,0.262468,0.260062,0.260178,0.262321,1,0,0.00218366,0,8.03296e-05,-0.00049641,0.00199908,0.00471232,0.00510627,0.00181935,0.00262559,-1.55463e-05,-0.00582419,0.00066648,-0.00108232,0.0517996,-0.0394038,9.88607,9.88628,0,2.19165
4.69,hover,-0.00789839,0.03608,-0.00150529,-0.00164223,0,0,-0.00162463,-0.00734522,0.00172205,99.5102,99.6502,99.8318,0.187283,nan,0.261258,0.260424,0.262099,0.260616,0.261893,0.260424,0.261893,0.262099,0.260616,1,0,0.00218366,0,-0.00105476,-2.57766e-05,-0.00129729,0.00452004,0.00493754,0.00181328,0.0026231,-1.56177e-05,0.00460459,0.00984614,-0.000300555,0.0142962,-0.136675,9.87618,9.87714,0,2.19324
4.7,hover,-0.0079146,0.0361516,-0.0013437,-0.00160127,0,0,-0.00144708,-0.00703018,0.00286835,99.5104,99.6504,99.8337,0.187362,nan,0.261259,0.261594,0.261234,0.26079,0.261417,0.261594,0.261417,0.261234,0.26079,1,0,0.00169146,0,0.00261773,-0.00117711,-0.000117359,0.00402952,0.00479119,0.0017956,0.00261759,-1.56559e-05,0.000718789,-0.00578289,-0.0115544,0.0910921,-0.0045018,9.8127,9.81313,0,2.1966
4.71,hover,-0.00792913,0.0362206,-0.00111211,-0.00131739,0,0,-0.00122081,-0.00678599,0.00269639,99.5105,99.6505,99.8215,0.177259,nan,0.26126,0.261781,0.260666,0.261723,0.260869,0.261781,0.260869,0.260666,0.261723,1,0,0.00154408,0,0.000693164,0.000275083,0.000865232,0.00333489,0.00394295,0.00176994,0.00258458,-1.59728e-05,0.000798633,-0.00354837,-0.0103111,0.0735675,0.0853317,9.82049,9.82114,0,2.18677
4.72,hover,-0.00794125,0.0362873,-0.000946268,-0.00172511,0,0,-0.00100355,-0.00663661,0.00232134,99.5107,99.6507,99.8233,0.177403,nan,0.261261,0.261385,0.261407,0.261066,0.261185,0.261385,0.261185,0.261407,0.261066,1,0,0.00195312,0,0.000258675,-0.00102532,-6.22513e-05,0.00285555,0.00516988,0.00175323,0.00263499,-1.5155e-05,0.0129175,-0.000996536,8.92112e-05,-0.00119124,0.0319669,9.86793,9.86798,0,2.21529
4.73,hover,-0.00795108,0.0363533,-0.000855454,-0.00156928,0,0,-0.000768829,-0.00664201,0.00269466,99.5108,99.6508,99.8179,0.172467,nan,0.261262,0.261809,0.260861,0.26186,0.260517,0.261809,0.260517,0.260861,0.26186,1,0,0.00182698,0,-0.00104711,-0.000555924,0.00100673,0.00257962,0.00469757,0.00174824,0.00261532,-1.48584e-05,0.0105861,-0.00423496,-0.000187912,0.113961,0.098225,9.86965,9.8708,0,2.21121
4.74,hover,-0.00795925,0.0364199,-0.00115674,-0.00175137,0,0,-0.000725604,-0.00669914,0.00168476,99.511,99.651,99.8196,0.17258,nan,0.261262,0.261468,0.260956,0.261492,0.261134,0.261468,0.261134,0.260956,0.261492,1,0,0.00169146,0,0.000409283,0.000384281,0.000382557,0.00348219,0.00527155,0.00178777,0.00263868,-1.65295e-05,0.00978382,0.0142659,0.005613,-0.0848911,0.0462178,9.84293,9.84341,0,2.22242
4.75,hover,-0.00796751,0.0364874,-0.00112682,-0.00171414,0,0,-0.000785568,-0.00685839,0.00208455,99.5112,99.6512,99.815,0.168308,nan,0.261263,0.26073,0.262075,0.260731,0.261516,0.26073,0.261516,0.262075,0.260731,1,0,0.00182698,0,-0.00148542,-0.00105665,-0.000936023,0.00338953,0.00514242,0.00178662,0.00263334,-1.65306e-05,0.00785971,0.00262662,0.0160682,0.0166857,0.00672413,9.77494,9.77496,0,2.22449
4.76,hover,-0.0079769,0.0365566,-0.00106593,-0.00126392,0,0,-0.000958947,-0.00701164,0.00239887,99.5113,99.6513,99.8167,0.168464,nan,0.261264,0.261094,0.261241,0.261191,0.26153,0.261094,0.26153,0.261241,0.261191,1,0,0.00154408,0,0.000508667,0.000733912,-0.000213581,0.00319442,0.00378688,0.00178379,0.00258205,-1.6269e-05,-0.000449452,-0.000684452,0.00399512,0.0217833,0.0494936,9.8308,9.83095,0,2.20364
4.77,hover,-0.00798857,0.0366269,-0.00121429,-0.0012804,0,0,-0.00118146,-0.00708771,0.00214564,99.5115,99.6515,99.7959,0.152481,nan,0.261265,0.260988,0.261493,0.26113,0.261448,0.260988,0.261448,0.261493,0.26113,1,0,0.00119604,0,-0.00049631,0.000182643,-0.000361473,0.00364817,0.00383552,0.00180302,0.00258504,-1.63382e-05,0.00535475,-0.00121859,0.00975902,-0.0504273,-0.0876459,9.70341,9.70393,0,2.20724
4.78,hover,-0.0080021,0.036698,-0.00134585,-0.00110099,0,0,-0.00136313,-0.00715392,0.00205706,99.5116,99.6516,99.7974,0.152724,nan,0.261266,0.260558,0.261886,0.260722,0.261897,0.260558,0.261897,0.261886,0.260722,1,0,0.00169146,0,-0.000405519,0.000331795,-0.00110022,0.00403726,0.00331369,0.00181904,0.00256547,-1.65635e-05,0.00163684,0.00968914,0.00958158,0.0196871,-0.127023,9.84098,9.84181,0,2.20001
4.79,hover,-0.00801743,0.0367692,-0.0012732,-0.0011275,0,0,-0.00151619,-0.00713354,0.00225882,99.5118,99.6518,99.7682,0.130775,nan,0.261267,0.261704,0.260443,0.262023,0.260896,0.261704,0.260896,0.260443,0.262023,1,0,0.00169146,0,0.000357712,0.00146203,0.00104983,0.00380633,0.00338845,0.00181183,0.00256918,-1.66508e-05,-0.00702272,0.00652342,0.00455432,0.0169524,-0.0677792,9.87455,9.87479,0,2.20636
4.8,hover,-0.00803409,0.0368406,-0.00123444,-0.00141601,0,0,-0.0017163,-0.00720865,0.00119857,99.512,99.652,99.7695,0.130999,nan,0.261267,0.26151,0.260957,0.261197,0.261405,0.26151,0.261405,0.260957,0.261197,1,0,0.00154408,0,0.00201912,0.00025633,0.000151145,0.00371585,0.00423313,0.00181115,0.0026022,-1.68414e-05,0.0101729,-0.00734347,0.00634356,0.0632096,-0.116211,9.80064,9.80153,0,2.22723
4.81,hover,-0.00805264,0.0369131,-0.00103017,-0.00124872,0,0,-0.00186792,-0.00728552,0.00174893,99.5121,99.6521,99.7801,0.137956,nan,0.261268,0.261727,0.261031,0.260901,0.261414,0.261727,0.261414,0.261031,0.260901,1,0,0.000690534,0,0.00320518,-0.000838515,8.05116e-05,0.00307525,0.00374586,0.00178529,0.00258678,-1.69868e-05,-0.00837919,0.00239034,-0.00123183,0.0803069,-0.00634462,9.81318,9.81351,0,2.22401
4.82,hover,-0.00807208,0.0369856,-0.00113296,-0.00136684,0,0,-0.00188514,-0.00723951,0.0015885,99.5123,99.6523,99.7815,0.138247,nan,0.261269,0.261755,0.26098,0.261133,0.261208,0.261755,0.261208,0.26098,0.261133,1,0,0.00119604,0,0.00225329,-0.000747788,0.000307559,0.00339844,0.00410266,0.00179802,0.00260165,-1.66848e-05,0.00149962,0.00403817,0.000145869,0.0106038,0.00578509,9.84232,9.84233,0,2.23397
4.83,hover,-0.0080915,0.0370576,-0.0014045,-0.0012506,0,0,-0.00184019,-0.00720216,0.00255423,99.5124,99.6524,99.7749,0.132778,nan,0.26127,0.263083,0.259636,0.262826,0.259534,0.263083,0.259534,0.259636,0.262826,1,0,0.00154408,0,0.00041175,-0.000679118,0.00296193,0.00421654,0.00374479,0.00183251,0.00258796,-1.73577e-05,0.00386627,-0.0020808,0.0018598,0.134595,-0.0239251,9.79546,9.79642,0,2.22912
4.84,hover,-0.00811008,0.0371292,-0.0012149,-0.00117628,0,0,-0.00171286,-0.00713159,0.00227353,99.5126,99.6526,99.7763,0.133027,nan,0.261271,0.261683,0.260926,0.261235,0.261238,0.261683,0.261238,0.260926,0.261235,1,0,0.00138107,0,0.00201732,-0.000256362,0.000331278,0.00365473,0.00353938,0.00181186,0.00258304,-1.79232e-05,0.0084935,0.00961423,-0.00527649,0.0805423,0.0785491,9.84169,9.84234,0,2.23092
4.85,hover,-0.00812726,0.0371998,-0.00144867,-0.00125312,0,0,-0.00151059,-0.00702394,0.00189982,99.5127,99.6527,99.7757,0.131766,nan,0.261271,0.261188,0.261234,0.262092,0.260571,0.261188,0.260571,0.261234,0.262092,1,0,0.00154408,0,-0.00415692,0.000455643,0.000647751,0.00436154,0.00376253,0.00184036,0.00259179,-1.81753e-05,0.0121831,0.00471156,-0.00756107,0.0321639,0.0477044,9.87025,9.87041,0,2.23724
4.86,hover,-0.00814212,0.0372696,-0.00143213,-0.00140183,0,0,-0.00130611,-0.00699156,0.00178762,99.5129,99.6529,99.7771,0.132067,nan,0.261272,0.261493,0.261339,0.260636,0.26162,0.261493,0.26162,0.261339,0.260636,1,0,0.00182698,0,0.00301862,-0.00109108,-0.000365246,0.00429638,0.00421056,0.00184059,0.00261192,-1.78892e-05,0.0018308,0.00599101,-0.00634091,-0.0474542,0.071297,9.8722,9.87257,0,2.24988
4.87,hover,-0.00815468,0.0373396,-0.00128077,-0.00185871,0,0,-0.00106438,-0.00703163,0.00229993,99.513,99.653,99.7875,0.138947,nan,0.261273,0.261413,0.261175,0.261735,0.26077,0.261413,0.26077,0.261175,0.261735,1,0,0.00218366,0,-0.00192871,-0.000157351,0.000528694,0.0038489,0.00560434,0.00182519,0.0026685,-1.6967e-05,0.00622388,0.0214847,-0.00246792,0.0603766,0.0323268,9.84283,9.84306,0,2.28119
4.88,hover,-0.00816539,0.0374101,-0.00142993,-0.00189846,0,0,-0.000945854,-0.00711666,0.00154638,99.5132,99.6532,99.7889,0.139125,nan,0.261274,0.260527,0.261551,0.26074,0.262276,0.260527,0.262276,0.261551,0.26074,1,0,0.00239208,0,0.0013613,0.00177626,-0.0011254,0.00428397,0.0057101,0.00184582,0.00267627,-1.81517e-05,-0.0020258,0.0124826,0.00446506,-0.0431355,0.0601241,9.79946,9.79974,0,2.28617
4.89,hover,-0.00817476,0.0374822,-0.00113804,-0.00220055,0,0,-0.000804333,-0.0073033,0.00122512,99.5134,99.6534,99.7686,0.123748,nan,0.261275,0.261801,0.260407,0.26238,0.26051,0.261801,0.26051,0.260407,0.26238,1,0,0.00229024,0,-0.00126524,0.00129198,0.0014342,0.00340758,0.00659025,0.00181207,0.00271189,-1.66584e-05,-0.00253717,-0.00490917,0.00725908,-0.037635,-0.0415501,9.80509,9.80525,0,2.3101
4.9,hover,-0.00818288,0.037556,-0.00137418,-0.00197222,0,0,-0.000757813,-0.00750271,0.00157954,99.5135,99.6535,99.7698,0.123806,nan,0.261275,0.260708,0.261152,0.261831,0.261411,0.260708,0.261411,0.261152,0.261831,1,0,0.00239208,0,-0.00229078,0.00261989,-1.08143e-05,0.00411378,0.00591231,0.00184168,0.00268534,-1.8291e-05,-0.00399858,-0.000208128,-0.00139917,0.0215807,-0.106095,9.78857,9.78917,0,2.29926
4.91,hover,-0.00819154,0.0376322,-0.00134317,-0.0022898,0,0,-0.00087934,-0.00777881,0.00181956,99.5137,99.6537,99.7422,0.103146,nan,0.261276,0.261594,0.260692,0.261893,0.260925,0.261594,0.260925,0.260692,0.261893,1,0,0.00248976,0,-0.000171534,0.00100838,0.000821853,0.0040343,0.00689007,0.00184212,0.0027215,-1.81028e-05,0.00502207,0.016512,-0.00363265,0.0876377,-0.181352,9.91847,9.92052,0,2.32189
4.92,hover,-0.00820148,0.0377112,-0.00131374,-0.00235033,0,0,-0.000988954,-0.00807769,0.00118747,99.5138,99.6538,99.7432,0.103508,nan,0.261277,0.26194,0.260989,0.260899,0.261279,0.26194,0.261279,0.260989,0.260899,1,0,0.00248976,0,0.00353092,-0.00142381,0.00025124,0.00394264,0.00704483,0.00184147,0.00273162,-1.8052e-05,0.00276382,-0.0013738,-0.00879307,0.105105,-0.138138,9.79825,9.79979,0,2.33014
4.93,hover,-0.00821203,0.0377931,-0.00109096,-0.00212053,0,0,-0.00104603,-0.00834418,0.000721569,99.514,99.654,99.7337,0.0961333,nan,0.261278,0.260883,0.261723,0.259949,0.262556,0.260883,0.262556,0.261723,0.259949,1,0,0.00239208,0,0.00468578,-0.000193173,-0.00151529,0.00326641,0.00636907,0.00181792,0.00270814,-1.70945e-05,-0.00250732,0.00770794,-0.00642811,0.0755866,-0.0402293,9.79153,9.7919,0,2.32394
4.94,hover,-0.00822275,0.037878,-0.000731167,-0.00208306,0,0,-0.000951161,-0.00867756,0.00115306,99.5141,99.6541,99.7346,0.0963796,nan,0.261278,0.261208,0.261585,0.261004,0.261316,0.261208,0.261316,0.261585,0.261004,1,0,0.00218366,0,-0.00016997,-0.00089758,-0.000303172,0.0022103,0.00623581,0.00177859,0.00270443,-1.59721e-05,0.012974,-0.00620487,-0.00324989,0.0869659,-0.0309707,9.78077,9.78121,0,2.3302
4.95,hover,-0.00823199,0.0379658,-0.000914325,-0.00186317,0,0,-0.000788591,-0.00887865,0.00196534,99.5143,99.6543,99.7293,0.0921713,nan,0.261279,0.261385,0.261517,0.261113,0.261102,0.261385,0.261102,0.261517,0.261113,1,0,0.00195312,0,-0.000377527,-0.00130225,-5.32079e-05,0.00274616,0.00557901,0.00180246,0.00268186,-1.65595e-05,0.00392075,-0.00431945,-0.00385322,0.0966307,-0.0113172,9.84229,9.84277,0,2.32103
4.96,hover,-0.00824058,0.0380546,-0.000663478,-0.00189947,0,0,-0.000793222,-0.00892652,0.00233541,99.5144,99.6544,99.7302,0.0924757,nan,0.26128,0.261362,0.261354,0.261396,0.261009,0.261362,0.261009,0.261354,0.261396,1,0,0.00182698,0,-0.00100542,-0.000588358,0.000173901,0.00199239,0.00570533,0.0017788,0.00268775,-1.60011e-05,0.00308307,0.00730138,-0.000691758,0.0801564,0.0538839,9.82898,9.82945,0,2.33065
4.97,hover,-0.00824988,0.0381439,-0.00104974,-0.00170473,0,0,-0.000897658,-0.0089553,0.00193615,99.5146,99.6546,99.7242,0.0876159,nan,0.261281,0.260835,0.261691,0.260735,0.261862,0.260835,0.261862,0.261691,0.260735,1,0,0.00154408,0,0.000720441,0.000133516,-0.00087183,0.00315167,0.00513084,0.00182485,0.0026665,-1.77252e-05,0.00347867,0.0137551,0.0127465,0.021032,0.0237373,9.83391,9.83396,0,2.32101
4.98,hover,-0.00825987,0.0382334,-0.00109499,-0.00161609,0,0,-0.000981691,-0.00896866,0.00142293,99.5148,99.6548,99.7252,0.0878547,nan,0.261282,0.260787,0.261755,0.260995,0.26159,0.260787,0.26159,0.261755,0.260995,1,0,0.0020716,0,-0.000989302,8.0951e-05,-0.000687644,0.0033073,0.00484406,0.00183391,0.00266035,-1.82005e-05,0.0167145,-0.000145659,0.00226922,-0.0147528,0.0430996,9.81761,9.81772,0,2.32072
4.99,hover,-0.00827138,0.0383227,-0.000961568,-0.0015805,0,0,-0.00115733,-0.00889937,0.00239759,99.5149,99.6549,99.7171,0.0816877,nan,0.261283,0.26215,0.260525,0.262029,0.260426,0.26215,0.260426,0.260525,0.262029,1,0,0.00138107,0,5.79062e-05,-0.000419147,0.00141867,0.00289372,0.00474362,0.00182015,0.00266062,-1.78707e-05,0.00784039,0.00406835,0.00641792,-0.0567539,-0.109503,9.77636,9.77713,0,2.32514
5,M1 +3% bias,-0.00828429,0.0384109,-0.000998434,-0.00138057,0,0,-0.00125506,-0.00873151,0.00155841,99.5151,99.6551,99.7179,0.0820305,nan,0.261283,0.261374,0.261039,0.261293,0.261428,0.261374,0.261428,0.261039,0.291293,1,0,0.00119604,0,0.00124591,0.00058332,8.79939e-05,0.00299413,0.00414067,0.00182534,0.00264082,-1.78456e-05,0.00103175,0.00195629,-0.00996902,0.00170244,-0.0978369,9.80773,9.80822,0,2.31859
5.01,M1 +3% bias,-0.00830782,0.0385159,-0.00130511,-0.00134588,0,0,-0.00585175,-0.0148601,-0.0129273,99.5152,99.6552,99.7261,0.0879171,nan,0.261266,0.261193,0.261419,0.260838,0.261621,0.261193,0.261621,0.261419,0.290838,1,0,0.00119604,0,0.00147695,-0.00028884,-0.000443307,0.00390942,0.00405192,0.00186203,0.0026438,-1.78267e-05,-0.00208647,0.0121652,-0.00541679,0.0927082,0.0339018,9.8994,9.89989,0,2.31989
5.02,M1 +3% bias,-0.00841968,0.0387471,-0.00132563,-0.00134368,0,0,-0.0200676,-0.0339675,-0.0232312,99.5154,99.6554,99.727,0.0891864,nan,0.261208,0.258488,0.26478,0.256875,0.264706,0.258488,0.264706,0.26478,0.286875,1,0,0.00154408,0,0.00408381,-0.00319614,-0.00620774,0.00394316,0.00409281,0.00185292,0.00266202,-1.73545e-05,-0.0206048,0.0438068,0.0250769,0.131034,0.00942828,9.98967,9.99053,0,2.33374
5.03,M1 +3% bias,-0.00870818,0.0392212,-0.00172711,-0.000623719,0,0,-0.0418385,-0.0633467,-0.0297369,99.5156,99.6556,99.704,0.0738832,nan,0.261118,0.259249,0.264768,0.255915,0.264559,0.259249,0.264559,0.264768,0.285915,1,0,0.00154408,0,0.00828888,-0.00671311,-0.00622484,0.00512814,0.00196367,0.00186858,0.0026269,-1.82294e-05,-0.0335684,0.0642547,0.0271622,0.0310937,0.0238869,10.002,10.0021,0,2.31893
5.04,M1 +3% bias,-0.00924032,0.0400277,-0.00224562,-8.83926e-05,0,0,-0.0691744,-0.100272,-0.0333202,99.5158,99.6558,99.7047,0.0764975,nan,0.261,0.259952,0.264942,0.254497,0.264636,0.259952,0.264636,0.264942,0.284497,1,0,0.00218366,0,0.013658,-0.010915,-0.00664966,0.00664499,0.000409654,0.00187164,0.00265174,-1.8106e-05,-0.0593743,0.0988925,0.0344064,0.0121801,-0.0684968,10.0871,10.0874,0,2.33466
5.05,M1 +3% bias,-0.0100637,0.0412299,-0.00280551,0.000737591,0,0,-0.100333,-0.142248,-0.0379613,99.516,99.656,99.718,0.0885534,nan,0.260862,0.261294,0.264326,0.25301,0.264847,0.261294,0.264847,0.264326,0.28301,1,0,0.00248976,0,0.0233564,-0.0147098,-0.00653461,0.00827194,-0.00200886,0.00184396,0.00268666,-1.764e-05,-0.0945704,0.138524,0.0393797,-0.0394772,-0.0631558,10.2569,10.2572,0,2.35879
5.06,M1 +3% bias,-0.0112082,0.0428683,-0.00378753,0.00201956,0,0,-0.133613,-0.187173,-0.0413512,99.5162,99.6562,99.7189,0.0917386,nan,0.260708,0.262762,0.264556,0.250993,0.264552,0.262762,0.264552,0.264556,0.280993,1,0,0.00420035,0,0.0312122,-0.0223076,-0.00674773,0.0111493,-0.00578908,0.00182841,0.00272119,-1.82643e-05,-0.140459,0.182298,0.0438729,0.0527577,-0.100855,10.1578,10.1585,0,2.38105
5.07,M1 +3% bias,-0.0126876,0.0449623,-0.00483694,0.00381104,0,0,-0.167484,-0.232911,-0.0442409,99.5165,99.6565,99.7065,0.085862,nan,0.260542,0.262674,0.265529,0.248538,0.26546,0.262674,0.26546,0.265529,0.278538,1,0,0.0059802,0,0.0373144,-0.0269176,-0.00869287,0.0142733,-0.0111039,0.00178139,0.00274846,-1.65382e-05,-0.156638,0.222074,0.0397723,0.0463367,0.00920513,10.0749,10.075,0,2.40305
5.08,M1 +3% bias,-0.0145026,0.0475118,-0.00627152,0.00564126,0,0,-0.20084,-0.277831,-0.0451431,99.5168,99.6568,99.7074,0.0896261,nan,0.260367,0.263813,0.265596,0.246455,0.265641,0.263813,0.265641,0.265596,0.276455,1,0,0.00828641,0,0.0461638,-0.0328054,-0.00921619,0.0185074,-0.0165314,0.00173792,0.0028207,-1.71044e-05,-0.203127,0.26418,0.0424681,-0.0169786,0.104821,10.1751,10.1757,0,2.44838
5.09,M1 +3% bias,-0.0166435,0.0505025,-0.00803315,0.00829417,0,0,-0.232651,-0.320625,-0.0464439,99.5172,99.6572,99.7417,0.117565,nan,0.260188,0.265516,0.265022,0.245357,0.264892,0.265516,0.264892,0.265022,0.275357,1,0,0.0112623,0,0.0531303,-0.0384428,-0.00836898,0.0237492,-0.0244057,0.0016968,0.00285092,-1.44304e-05,-0.231749,0.320484,0.0450302,-0.100618,0.0289612,10.1515,10.152,0,2.47237
5.1,M1 +3% bias,-0.0190912,0.0539078,-0.0101041,0.0108949,0,0,-0.26212,-0.360279,-0.0473568,99.5176,99.6576,99.743,0.121583,nan,0.260006,0.267384,0.264,0.244343,0.264334,0.267384,0.264334,0.264,0.274343,1,0,0.0146322,0,0.0620098,-0.0430257,-0.00729923,0.0299369,-0.0321668,0.00165407,0.00293243,-1.71591e-05,-0.248196,0.347891,0.0544962,-0.0609012,0.043526,10.2316,10.2318,0,2.52291
5.11,M1 +3% bias,-0.0218178,0.0576932,-0.0121305,0.0136844,0,0,-0.288514,-0.396063,-0.0487401,99.518,99.658,99.7282,0.114013,nan,0.259824,0.266322,0.266047,0.240573,0.266389,0.266322,0.266389,0.266047,0.270573,1,0,0.0180334,0,0.0692116,-0.0481414,-0.0112255,0.0359555,-0.0404634,0.00157329,0.00304129,-1.76317e-05,-0.28808,0.395644,0.0670685,-0.023839,-0.0447472,10.1578,10.1579,0,2.58799
5.12,M1 +3% bias,-0.0247921,0.0618164,-0.014365,0.016256,0,0,-0.311571,-0.427295,-0.0488699,99.5185,99.6585,99.7294,0.117954,nan,0.259643,0.269261,0.263933,0.241232,0.264182,0.269261,0.264182,0.263933,0.271232,1,0,0.02144,0,0.0750111,-0.0526371,-0.00774512,0.0426336,-0.0481384,0.00149044,0.00321205,-2.44186e-05,-0.303917,0.422608,0.0539522,0.0336196,-0.0681874,10.1604,10.1607,0,2.68515
5.13,M1 +3% bias,-0.027979,0.0662298,-0.0166954,0.01973,0,0,-0.331008,-0.453547,-0.0497237,99.519,99.659,99.722,0.115717,nan,0.259465,0.268632,0.265549,0.238324,0.265389,0.268632,0.265389,0.265549,0.268324,1,0,0.0255406,0,0.0799729,-0.0577293,-0.010541,0.049586,-0.0585103,0.00139562,0.0033105,-1.42652e-05,-0.327929,0.456239,0.056638,0.114807,0.0352923,10.254,10.2547,0,2.74943
5.14,M1 +3% bias,-0.0313424,0.0708824,-0.0188922,0.0222423,0,0,-0.346706,-0.474664,-0.0498477,99.5195,99.6595,99.7232,0.119372,nan,0.259291,0.269363,0.265396,0.237356,0.265081,0.269363,0.265081,0.265396,0.267356,1,0,0.0288626,0,0.0840699,-0.0612422,-0.0104421,0.0561536,-0.0660313,0.0012616,0.00354493,-2.46069e-05,-0.340737,0.467569,0.0437828,-0.0689297,0.0411322,10.1716,10.1719,0,2.88566
5.15,M1 +3% bias,-0.0348437,0.0757234,-0.0214027,0.0254035,0,0,-0.358561,-0.490706,-0.0510312,99.5201,99.6601,99.7109,0.113588,nan,0.259122,0.270989,0.263913,0.23762,0.263998,0.270989,0.263998,0.263913,0.26762,1,0,0.0329005,0,0.0887422,-0.0630652,-0.00848357,0.0636611,-0.0755039,0.00114786,0.003726,-2.66742e-05,-0.353764,0.475286,0.0529654,-0.0210211,-0.0468038,10.1279,10.1281,0,2.99411
5.16,M1 +3% bias,-0.0384452,0.0807028,-0.0234625,0.0279177,0,0,-0.366773,-0.501795,-0.0517711,99.5207,99.6607,99.7121,0.11746,nan,0.258959,0.271414,0.263862,0.236687,0.263905,0.271414,0.263905,0.263862,0.266687,1,0,0.0361531,0,0.0922323,-0.0657187,-0.00864358,0.0698347,-0.0830203,0.000974306,0.00399824,-2.96502e-05,-0.35464,0.493106,0.0669395,0.0307642,-0.0828701,10.2714,10.2717,0,3.15441
5.17,M1 +3% bias,-0.0421125,0.0857719,-0.0256013,0.0314293,0,0,-0.371672,-0.508243,-0.0527621,99.5213,99.6613,99.7338,0.135916,nan,0.258803,0.27059,0.265091,0.234626,0.264934,0.27059,0.264934,0.265091,0.264626,1,0,0.0402002,0,0.0949831,-0.0684434,-0.0109045,0.0762337,-0.0935321,0.000808098,0.00416625,1.00673e-05,-0.360496,0.509357,0.0498202,0.0458291,-0.0728699,10.1615,10.1619,0,3.26388
5.18,M1 +3% bias,-0.0458141,0.0908865,-0.0271425,0.0339236,0,0,-0.373523,-0.510547,-0.0523599,99.522,99.662,99.7352,0.139653,nan,0.258654,0.272154,0.263509,0.235912,0.263069,0.272154,0.263069,0.263509,0.265912,1,0,0.0431302,0,0.0949728,-0.0695048,-0.00813624,0.0808455,-0.101022,0.000569628,0.00445035,4.00071e-05,-0.364013,0.505692,0.0498677,0.0582703,-0.0133425,10.1143,10.1145,0,3.44336
5.19,M1 +3% bias,-0.0495209,0.0960074,-0.0292505,0.0375154,0,0,-0.37263,-0.5091,-0.0521881,99.5227,99.6627,99.6941,0.112657,nan,0.258512,0.270965,0.264678,0.234528,0.263905,0.270965,0.263905,0.264678,0.264528,1,0,0.047251,0,0.0946067,-0.0705053,-0.0101482,0.0871545,-0.111801,0.00039851,0.00461447,8.50063e-05,-0.36694,0.503254,0.057487,0.100864,-0.023255,10.2299,10.2305,0,3.55438
5.2,M1 +3% bias,-0.0532079,0.101098,-0.0306489,0.0395738,0,0,-0.369442,-0.504223,-0.0525866,99.5234,99.6634,99.6953,0.116046,nan,0.258379,0.272173,0.263086,0.234825,0.263457,0.272173,0.263457,0.263086,0.264825,1,0,0.0497485,0,0.100057,-0.0700625,-0.00859076,0.0913589,-0.11798,0.000142776,0.00494707,8.86837e-05,-0.355926,0.501538,0.0624334,0.0244491,0.00323105,10.1758,10.1758,0,3.7617
5.21,M1 +3% bias,-0.0568526,0.106128,-0.032914,0.042076,0,0,-0.364126,-0.496564,-0.0533934,99.5242,99.6642,99.7003,0.12216,nan,0.258254,0.27136,0.263513,0.234194,0.263971,0.27136,0.263971,0.263513,0.264194,1,0,0.0530964,0,0.0998055,-0.0695554,-0.00963862,0.098139,-0.125516,-1.95084e-05,0.00521916,3.93217e-05,-0.358237,0.483383,0.0635261,-0.0507488,-0.0333074,10.1588,10.159,0,3.92668
5.22,M1 +3% bias,-0.0604342,0.111071,-0.033719,0.0435732,0,0,-0.356977,-0.486574,-0.054577,99.5249,99.6649,99.7015,0.125513,nan,0.258137,0.270395,0.264202,0.233739,0.264233,0.270395,0.264233,0.264202,0.263739,1,0,0.0547894,0,0.0973178,-0.069398,-0.010681,0.100552,-0.130011,-0.000326701,0.00559838,6.56059e-05,-0.354285,0.48242,0.0467741,0.04567,-0.0438504,10.1863,10.1865,0,4.1666
5.23,M1 +3% bias,-0.0639367,0.115905,-0.035224,0.0457815,0,0,-0.348437,-0.474612,-0.0535354,99.5257,99.6657,99.6935,0.121884,nan,0.258028,0.271523,0.262895,0.234693,0.263023,0.271523,0.263023,0.262895,0.264693,1,0,0.05747,0,0.0980393,-0.0695417,-0.00865958,0.105071,-0.136655,-0.000547276,0.00588326,7.4368e-05,-0.345111,0.469991,0.0647655,0.0281735,-0.129871,10.1511,10.152,0,4.34839
5.24,M1 +3% bias,-0.0673493,0.120614,-0.0357723,0.0464633,0,0,-0.338925,-0.461251,-0.053713,99.5266,99.6666,99.6947,0.124908,nan,0.257928,0.271536,0.262502,0.23567,0.262023,0.271536,0.262023,0.262502,0.26567,1,0,0.0583389,0,0.09387,-0.0688655,-0.00761214,0.10671,-0.138724,-0.000867745,0.00632138,5.71002e-05,-0.346617,0.454808,0.0535397,0.0629126,0.00742803,10.0241,10.0243,0,4.62433
5.25,M1 +3% bias,-0.0706629,0.125187,-0.0373968,0.048723,0,0,-0.32886,-0.447111,-0.0544757,99.5274,99.6674,99.6803,0.116408,nan,0.257836,0.269399,0.264059,0.233808,0.264096,0.269399,0.264096,0.264059,0.263808,1,0,0.0611488,0,0.0945105,-0.0673657,-0.0109653,0.111609,-0.145527,-0.00105365,0.00656671,5.76188e-05,-0.320075,0.440173,0.0528669,0.0653248,0.033959,10.1983,10.1986,0,4.78404
5.26,M1 +3% bias,-0.0738729,0.129617,-0.0376373,0.0490288,0,0,-0.318358,-0.432592,-0.0544432,99.5282,99.6682,99.6815,0.119324,nan,0.257753,0.271327,0.262013,0.235879,0.261807,0.271327,0.261807,0.262013,0.265879,1,0,0.0615452,0,0.0934861,-0.0675554,-0.00730218,0.11234,-0.14647,-0.00138584,0.0070164,5.81876e-05,-0.313029,0.424111,0.0520731,0.0560063,0.0669791,10.0398,10.0402,0,5.06815
5.27,M1 +3% bias,-0.076976,0.133902,-0.0389539,0.0504127,0,0,-0.307762,-0.417913,-0.0544106,99.5291,99.6691,99.6857,0.1243,nan,0.257677,0.268738,0.263875,0.234245,0.263865,0.268738,0.263865,0.263875,0.264245,1,0,0.0634341,0,0.0914693,-0.0653753,-0.0108811,0.116295,-0.150637,-0.0015893,0.00732595,5.63496e-06,-0.302998,0.414425,0.0550916,0.00507114,0.0560906,10.0176,10.0178,0,5.26304
5.28,M1 +3% bias,-0.079974,0.138042,-0.0392225,0.0507078,0,0,-0.297327,-0.403483,-0.0540351,99.53,99.67,99.687,0.127,nan,0.257609,0.268474,0.263934,0.234791,0.263251,0.268474,0.263251,0.263934,0.264791,1,0,0.0638538,0,0.0875372,-0.0651158,-0.0105138,0.117126,-0.151552,-0.00189242,0.00773936,3.97717e-06,-0.284754,0.395216,0.0508846,-0.0619791,-0.111878,10.0384,10.0392,0,5.52782
5.29,M1 +3% bias,-0.0828679,0.142042,-0.0398656,0.0515304,0,0,-0.287319,-0.389529,-0.0553433,99.5309,99.6709,99.6748,0.119942,nan,0.257549,0.267791,0.264102,0.234197,0.264117,0.267791,0.264117,0.264102,0.264197,1,0,0.0648947,0,0.0891546,-0.0636255,-0.0115293,0.119041,-0.15404,-0.00213943,0.00807943,-1.25435e-06,-0.290885,0.382678,0.0480959,-0.0625405,-0.0689105,10.1154,10.1158,0,5.74692
5.3,M1 +3% bias,-0.085662,0.145907,-0.039637,0.0510251,0,0,-0.277812,-0.376261,-0.056365,99.5318,99.6718,99.6761,0.122517,nan,0.257497,0.26863,0.262733,0.2359,0.262733,0.26863,0.262733,0.262733,0.2659,1,0,0.0643671,0,0.0868208,-0.0620176,-0.00920219,0.118378,-0.152529,-0.00247906,0.00854863,-1.43842e-05,-0.278537,0.379219,0.0677307,-0.0302344,-0.0337079,10.0798,10.0799,0,6.04697
5.31,M1 +3% bias,-0.0883612,0.149645,-0.0400863,0.0520092,0,0,-0.268915,-0.363926,-0.0565934,99.5327,99.6727,99.6536,0.107795,nan,0.257451,0.26854,0.262273,0.236658,0.262341,0.26854,0.262341,0.262273,0.266658,1,0,0.0654508,0,0.0847554,-0.0602805,-0.00853355,0.119744,-0.155529,-0.00271399,0.00884415,3.50704e-05,-0.262499,0.348525,0.05554,0.0741044,0.0570193,9.99285,9.99328,0,6.24321
5.32,M1 +3% bias,-0.0909731,0.153267,-0.039639,0.0513702,0,0,-0.260714,-0.352716,-0.0577188,99.5336,99.6736,99.6547,0.110411,nan,0.257412,0.267213,0.263352,0.236012,0.26308,0.267213,0.26308,0.263352,0.266012,1,0,0.0646591,0,0.0820463,-0.0596341,-0.0101997,0.118416,-0.15362,-0.00305197,0.0093028,3.77834e-05,-0.25556,0.344296,0.0372191,0.107445,-0.035777,10.1089,10.1096,0,6.53877
5.33,M1 +3% bias,-0.0935047,0.156784,-0.040329,0.0523149,0,0,-0.253276,-0.342694,-0.0579815,99.5346,99.6746,99.6447,0.104891,nan,0.257381,0.267848,0.262249,0.236675,0.262756,0.267848,0.262756,0.262249,0.266675,1,0,0.0658431,0,0.0840383,-0.0581068,-0.00900188,0.120499,-0.156456,-0.00325098,0.00956993,4.32126e-05,-0.243292,0.342303,0.0571151,0.0666393,-0.0302682,10.0438,10.0441,0,6.71714
5.34,M1 +3% bias,-0.0959638,0.160208,-0.0402762,0.0514356,0,0,-0.246633,-0.333934,-0.0578673,99.5355,99.6755,99.6458,0.107363,nan,0.257355,0.267169,0.262761,0.236687,0.262808,0.267169,0.262808,0.262761,0.266687,1,0,0.0651184,0,0.0809832,-0.0576695,-0.00954383,0.120353,-0.153849,-0.0035502,0.0100217,-5.01722e-05,-0.237721,0.32321,0.0465114,0.10895,0.0789236,10.0254,10.0263,0,7.00391
5.35,M1 +3% bias,-0.0983601,0.163551,-0.0407113,0.0519882,0,0,-0.240886,-0.326357,-0.0577355,99.5364,99.6764,99.6237,0.0928535,nan,0.257336,0.267074,0.26282,0.236757,0.262694,0.267074,0.262694,0.26282,0.266757,1,0,0.0658069,0,0.0800888,-0.0576823,-0.00952985,0.121653,-0.155502,-0.00376368,0.0103141,-4.12087e-05,-0.239914,0.326321,0.0674267,-0.0597578,0.0570403,10.0086,10.0089,0,7.19654
5.36,M1 +3% bias,-0.100702,0.166825,-0.0401044,0.0513204,0,0,-0.235953,-0.319995,-0.0570249,99.5374,99.6774,99.6246,0.0952684,nan,0.257322,0.267597,0.262131,0.237068,0.262495,0.267597,0.262495,0.262131,0.267068,1,0,0.0649388,0,0.0819511,-0.0571553,-0.00877313,0.119864,-0.153505,-0.00407947,0.010737,-1.05913e-05,-0.221671,0.322278,0.0532661,-0.0731844,0.068885,10.0086,10.0091,0,7.47293
5.37,M1 +3% bias,-0.102999,0.170041,-0.0405415,0.051399,0,0,-0.231729,-0.314777,-0.0577865,99.5383,99.6783,99.6076,0.0846959,nan,0.257315,0.266672,0.262656,0.236964,0.262968,0.266672,0.262968,0.262656,0.266964,1,0,0.0652721,0,0.0796342,-0.0556974,-0.00966407,0.121183,-0.153757,-0.00429622,0.0110561,-6.40407e-05,-0.216623,0.311569,0.0702256,-0.0288072,-0.0278064,10.0758,10.0759,0,7.68242
5.38,M1 +3% bias,-0.105255,0.173212,-0.0396798,0.0504503,0,0,-0.228263,-0.310658,-0.0578606,99.5393,99.6793,99.6086,0.0870069,nan,0.257313,0.266509,0.263064,0.237066,0.262612,0.266509,0.262612,0.263064,0.267066,1,0,0.0639769,0,0.0769038,-0.0566436,-0.00971376,0.1186,-0.150916,-0.0046265,0.011499,-1.73801e-05,-0.220072,0.308057,0.067518,-0.00666078,-0.0211855,9.97343,9.97346,0,7.97216
5.39,M1 +3% bias,-0.10748,0.176347,-0.0399201,0.0510078,0,0,-0.225527,-0.307552,-0.0593942,99.5402,99.6802,99.5908,0.0756407,nan,0.257316,0.264103,0.264899,0.235497,0.264765,0.264103,0.264765,0.264899,0.265497,1,0,0.0645705,0,0.0755284,-0.0544568,-0.0132138,0.11931,-0.152606,-0.00483132,0.0117683,1.24388e-05,-0.225529,0.29692,0.0668244,-0.0358387,-0.0592327,9.99671,9.99695,0,8.1544
5.4,M1 +3% bias,-0.109679,0.179457,-0.0391338,0.0501117,0,0,-0.223608,-0.3053,-0.0584895,99.5412,99.6812,99.5916,0.0779152,nan,0.257325,0.266348,0.26301,0.237009,0.262929,0.266348,0.262929,0.26301,0.267009,1,0,0.063389,0,0.0776131,-0.0557465,-0.00992564,0.116974,-0.149913,-0.00515195,0.0121952,3.58573e-05,-0.215605,0.299383,0.0807816,0.0495268,-0.177335,10.0735,10.0752,0,8.43589
5.41,M1 +3% bias,-0.111863,0.182549,-0.0392598,0.050072,0,0,-0.222306,-0.303762,-0.0597487,99.5421,99.6821,99.5825,0.0729301,nan,0.257338,0.265804,0.262978,0.236968,0.2636,0.265804,0.2636,0.262978,0.266968,1,0,0.0634379,0,0.078141,-0.0534595,-0.0104633,0.117349,-0.149804,-0.00538179,0.0125146,1.73317e-05,-0.217122,0.293132,0.0709524,0.0786558,-0.0456685,10.091,10.0914,0,8.64942
5.42,M1 +3% bias,-0.114035,0.185631,-0.0386904,0.0489814,0,0,-0.221525,-0.303035,-0.0601943,99.5431,99.6831,99.5833,0.0752315,nan,0.257356,0.265318,0.263712,0.236361,0.264031,0.265318,0.264031,0.263712,0.266361,1,0,0.0622426,0,0.0776591,-0.0542638,-0.0114563,0.115659,-0.146531,-0.0056895,0.0129469,-1.25485e-05,-0.20934,0.294663,0.0652261,0.0157284,-0.0537363,9.97511,9.97527,0,8.93413
5.43,M1 +3% bias,-0.116201,0.188709,-0.0388591,0.0491764,0,0,-0.221307,-0.302959,-0.060327,99.544,99.684,99.5709,0.0678412,nan,0.25738,0.265789,0.263227,0.237061,0.263437,0.265789,0.263437,0.263227,0.267061,1,0,0.0624758,0,0.0767642,-0.0540377,-0.0104667,0.116139,-0.147097,-0.0059033,0.0132406,-1.07892e-05,-0.226312,0.307906,0.0641463,0.139855,-0.00309696,10.0287,10.0297,0,9.13309
5.44,M1 +3% bias,-0.118367,0.191791,-0.0378765,0.0480515,0,0,-0.22155,-0.303371,-0.0604408,99.5449,99.6849,99.5717,0.070116,nan,0.257408,0.266261,0.263192,0.23778,0.262392,0.266261,0.262392,0.263192,0.26778,1,0,0.0609887,0,0.073427,-0.0554805,-0.00946863,0.113211,-0.143738,-0.00623266,0.0136867,2.85382e-05,-0.218429,0.296834,0.0656739,0.051953,-0.0564794,9.91667,9.91697,0,9.42911
5.45,M1 +3% bias,-0.120538,0.194878,-0.0378845,0.0487713,0,0,-0.222174,-0.304009,-0.060479,99.5459,99.6859,99.5681,0.0692682,nan,0.25744,0.265994,0.263207,0.237253,0.263302,0.265994,0.263302,0.263207,0.267253,1,0,0.0615762,0,0.0764925,-0.0542782,-0.0102241,0.113234,-0.145895,-0.00643395,0.0139402,0.000109779,-0.216776,0.299244,0.0563875,0.023506,0.0711407,10.0093,10.0096,0,9.60508
5.46,M1 +3% bias,-0.122718,0.197973,-0.0370114,0.0477729,0,0,-0.222993,-0.304957,-0.0599874,99.5468,99.6868,99.5689,0.0715073,nan,0.257478,0.265904,0.263388,0.236833,0.263777,0.265904,0.263777,0.263388,0.266833,1,0,0.0602412,0,0.0781493,-0.0543474,-0.0107372,0.110617,-0.142896,-0.00675518,0.01437,0.000137335,-0.219949,0.301943,0.0528346,0.12492,0.0241922,10.0228,10.0236,0,9.89344
5.47,M1 +3% bias,-0.124908,0.20108,-0.0374691,0.0482525,0,0,-0.22391,-0.306275,-0.0606827,99.5477,99.6877,99.5525,0.0612721,nan,0.257519,0.266494,0.263076,0.237505,0.262994,0.266494,0.262994,0.263076,0.267505,1,0,0.0609026,0,0.0766809,-0.055084,-0.00970049,0.11199,-0.144331,-0.00694439,0.0146313,0.000118813,-0.218739,0.304173,0.0656398,0.0613608,0.103329,9.96244,9.96316,0,10.0727
5.48,M1 +3% bias,-0.127106,0.204202,-0.0369971,0.0470855,0,0,-0.224951,-0.307731,-0.0615536,99.5486,99.6886,99.5532,0.0633759,nan,0.257565,0.265752,0.26416,0.236503,0.263836,0.265752,0.263836,0.26416,0.266503,1,0,0.0596725,0,0.0767279,-0.0560343,-0.0113142,0.11057,-0.140806,-0.00725111,0.0150657,6.7596e-05,-0.225898,0.32091,0.0667795,0.00689305,0.0648516,10.0029,10.0031,0,10.3618
5.49,M1 +3% bias,-0.129316,0.207339,-0.0377748,0.0476101,0,0,-0.226064,-0.309196,-0.0607821,99.5495,99.6895,99.5567,0.0674859,nan,0.257615,0.26514,0.26472,0.23608,0.264511,0.26514,0.264511,0.26472,0.26608,1,0,0.0605925,0,0.0765344,-0.0554591,-0.012312,0.112918,-0.142394,-0.0074188,0.0153134,1.36432e-05,-0.212509,0.312254,0.0561726,0.0437892,0.0274291,10.0006,10.0007,0,10.5327
5.5,M1 +3% bias,-0.13154,0.210491,-0.036944,0.0468275,0,0,-0.227195,-0.310709,-0.0612903,99.5504,99.6904,99.5575,0.0696558,nan,0.25767,0.266356,0.26365,0.236525,0.264136,0.266356,0.264136,0.26365,0.266525,1,0,0.0594563,0,0.0804194,-0.0556037,-0.0109461,0.110414,-0.140044,-0.00772801,0.0157296,7.03758e-05,-0.224424,0.313209,0.0655485,-0.0265718,0.0205545,10.0336,10.0336,0,10.8126
5.51,M1 +3% bias,-0.133774,0.213659,-0.0375819,0.04753,0,0,-0.228128,-0.312181,-0.0611596,99.5512,99.6912,99.551,0.066447,nan,0.257728,0.265869,0.264384,0.236675,0.263974,0.265869,0.263974,0.264384,0.266675,1,0,0.0603954,0,0.0763581,-0.0560942,-0.0113458,0.112328,-0.142148,-0.00789921,0.0159704,5.59157e-05,-0.221379,0.316514,0.0601536,0.0085439,-0.0236306,9.94034,9.94037,0,10.9798
5.52,M1 +3% bias,-0.136019,0.216842,-0.0371976,0.0470645,0,0,-0.229039,-0.313523,-0.0615772,99.5521,99.6921,99.5516,0.0687387,nan,0.257791,0.266543,0.263964,0.237157,0.263489,0.266543,0.263489,0.263964,0.267157,1,0,0.0598042,0,0.0766919,-0.0565814,-0.01044,0.11117,-0.140755,-0.00817337,0.0163458,6.83985e-05,-0.226316,0.314283,0.0489443,-0.0513503,0.0692811,9.99023,9.9906,0,11.2344
5.53,M1 +3% bias,-0.138272,0.220037,-0.0374519,0.047704,0,0,-0.229957,-0.314585,-0.0623733,99.5529,99.6929,99.5417,0.0633935,nan,0.257858,0.265874,0.264584,0.236214,0.264747,0.265874,0.264747,0.264584,0.266214,1,0,0.0604585,0,0.0791102,-0.0558892,-0.0119742,0.111937,-0.142704,-0.00836818,0.0166059,0.00010042,-0.222435,0.293962,0.0653338,-0.00712063,0.00259811,9.98406,9.98406,0,11.4165
5.54,M1 +3% bias,-0.140535,0.223245,-0.036513,0.0467806,0,0,-0.230876,-0.315549,-0.0630044,99.5538,99.6938,99.5424,0.0656658,nan,0.257929,0.266891,0.263969,0.236837,0.264006,0.266891,0.264006,0.263969,0.266837,1,0,0.0591507,0,0.0798239,-0.0568764,-0.0106571,0.10913,-0.13991,-0.00868906,0.0170363,0.000143255,-0.220458,0.309338,0.070387,-0.0278292,0.0542331,10.0241,10.0243,0,11.7107
5.55,M1 +3% bias,-0.142807,0.226461,-0.0368891,0.0470277,0,0,-0.231711,-0.31623,-0.0633789,99.5546,99.6946,99.5242,0.054073,nan,0.258005,0.265566,0.265529,0.23583,0.265078,0.265566,0.265078,0.265529,0.26583,1,0,0.0595845,0,0.0776847,-0.057199,-0.0128389,0.11026,-0.140651,-0.00889511,0.0173256,0.00011575,-0.218383,0.310203,0.0729829,-0.0313925,0.0158018,9.91519,9.91525,0,11.9116
5.56,M1 +3% bias,-0.145089,0.229683,-0.0361864,0.0462594,0,0,-0.23251,-0.316609,-0.0621769,99.5554,99.6954,99.5248,0.0565906,nan,0.258084,0.266775,0.26444,0.236301,0.264803,0.266775,0.264803,0.26444,0.266301,1,0,0.058547,0,0.0818035,-0.0570539,-0.0115012,0.108159,-0.138345,-0.00919827,0.0177354,0.000142914,-0.216764,0.311234,0.0664657,-0.0566387,-0.0479387,10.0683,10.0686,0,12.193
5.57,M1 +3% bias,-0.14738,0.232908,-0.0363271,0.0468539,0,0,-0.233097,-0.316929,-0.062934,99.5562,99.6962,99.5341,0.065358,nan,0.258167,0.266299,0.264796,0.236115,0.265443,0.266299,0.265443,0.264796,0.266115,1,0,0.0590902,0,0.0817863,-0.0559665,-0.0122299,0.10857,-0.140126,-0.00940113,0.0180027,0.000184499,-0.223493,0.312953,0.076215,-0.0646045,0.026074,10.0195,10.0197,0,12.383
5.58,M1 +3% bias,-0.149676,0.236137,-0.0356299,0.0462506,0,0,-0.233411,-0.317207,-0.0629166,99.5569,99.6969,99.5348,0.0677855,nan,0.258254,0.265882,0.265522,0.236568,0.265028,0.265882,0.265028,0.265522,0.266568,1,0,0.0581834,0,0.0764532,-0.0564807,-0.0123504,0.106473,-0.138313,-0.009698,0.0183974,0.00022348,-0.229302,0.315187,0.0586032,-0.108978,-0.0499567,9.97746,9.97818,0,12.6568
5.59,M1 +3% bias,-0.151976,0.239368,-0.0360567,0.0465152,0,0,-0.233641,-0.31734,-0.0633558,99.5577,99.6977,99.5214,0.0599648,nan,0.258345,0.266791,0.264918,0.236813,0.264842,0.266791,0.264842,0.264918,0.266813,1,0,0.0586569,0,0.0793227,-0.0569458,-0.0114963,0.107757,-0.139132,-0.00990308,0.01868,0.000194545,-0.225867,0.299085,0.0634715,-0.0840675,-0.00429681,10.0982,10.0986,0,12.8566
5.6,M1 +3% bias,-0.154279,0.242601,-0.0356922,0.0462312,0,0,-0.23375,-0.317316,-0.0626932,99.5584,99.6984,99.522,0.0625211,nan,0.25844,0.266457,0.265211,0.236495,0.265579,0.266457,0.265579,0.265211,0.266495,1,0,0.058208,0,0.0804556,-0.0560757,-0.0122351,0.106664,-0.138258,-0.0101702,0.019035,0.000217761,-0.227685,0.313879,0.0676451,-0.0351735,-0.0109813,10.0475,10.0476,0,13.1056
5.61,M1 +3% bias,-0.156584,0.245832,-0.0361482,0.0466261,0,0,-0.233664,-0.317178,-0.0633568,99.5591,99.6991,99.536,0.0745666,nan,0.258539,0.267569,0.264585,0.237543,0.264439,0.267569,0.264439,0.264585,0.267543,1,0,0.0588071,0,0.0792638,-0.0571703,-0.01051,0.108017,-0.139464,-0.0103674,0.0193045,0.000201599,-0.236083,0.3,0.0689113,-0.0832592,-0.165504,10.0499,10.0516,0,13.298
5.62,M1 +3% bias,-0.158886,0.249063,-0.0359675,0.0463074,0,0,-0.233386,-0.316862,-0.0637776,99.5598,99.6998,99.5368,0.0771247,nan,0.258642,0.266927,0.265524,0.23605,0.266047,0.266927,0.266047,0.265524,0.26605,1,0,0.058441,0,0.0832958,-0.057514,-0.0125681,0.107495,-0.13848,-0.0106256,0.019654,0.000200921,-0.223143,0.319614,0.0529116,-0.0576627,-0.100285,10.0955,10.0961,0,13.5437
5.63,M1 +3% bias,-0.161187,0.252291,-0.0363141,0.0469642,0,0,-0.232962,-0.316392,-0.0631055,99.5605,99.7005,99.539,0.0804704,nan,0.258748,0.266755,0.265653,0.236447,0.266117,0.266755,0.266117,0.265653,0.266447,1,0,0.0591709,0,0.0816294,-0.056549,-0.012556,0.108529,-0.14046,-0.0108134,0.0199041,0.000219269,-0.225849,0.312458,0.0727056,-0.0949609,-0.0644891,10.0003,10.001,0,13.7253
5.64,M1 +3% bias,-0.163486,0.255511,-0.0360785,0.0463514,0,0,-0.232321,-0.315705,-0.0624844,99.5611,99.7011,99.5398,0.082981,nan,0.258859,0.265955,0.266727,0.235817,0.266914,0.265955,0.266914,0.266727,0.265817,1,0,0.0585429,0,0.0804446,-0.0567526,-0.014007,0.107811,-0.13863,-0.0110869,0.0202786,0.000199448,-0.23528,0.307287,0.0662446,-0.121542,-0.0596407,10.112,10.1129,0,13.9867
5.65,M1 +3% bias,-0.165779,0.258724,-0.0366591,0.0467294,0,0,-0.231551,-0.314823,-0.0630885,99.5618,99.7018,99.5632,0.101769,nan,0.258973,0.266712,0.266536,0.235739,0.266881,0.266712,0.266881,0.266536,0.265739,1,0,0.059191,0,0.0830773,-0.0580344,-0.0136105,0.109572,-0.139766,-0.0112766,0.0205437,0.000166701,-0.22071,0.306985,0.0645239,-0.0569291,0.000427731,10.0452,10.0454,0,14.1753
5.66,M1 +3% bias,-0.168065,0.261927,-0.0358952,0.046542,0,0,-0.230655,-0.313757,-0.062532,99.5624,99.7024,99.5643,0.104415,nan,0.25909,0.266877,0.266573,0.236173,0.266714,0.266877,0.266714,0.266573,0.266173,1,0,0.0585836,0,0.0818206,-0.0579112,-0.0132904,0.107281,-0.13919,-0.0115517,0.0208992,0.000246153,-0.222881,0.315404,0.0739815,-0.0960985,-0.0247011,10.0654,10.0658,0,14.4281
5.67,M1 +3% bias,-0.170345,0.265119,-0.0361527,0.0470475,0,0,-0.22968,-0.312576,-0.0618435,99.563,99.703,99.5813,0.118565,nan,0.259212,0.267558,0.266153,0.236812,0.266298,0.267558,0.266298,0.266153,0.266812,1,0,0.0591386,0,0.0819446,-0.0579823,-0.012342,0.108054,-0.140729,-0.011747,0.0211587,0.00025809,-0.219991,0.301699,0.0605142,-0.0888621,-0.107329,10.0525,10.0534,0,14.6174
5.68,M1 +3% bias,-0.172616,0.268298,-0.0357037,0.046119,0,0,-0.228744,-0.311236,-0.0623176,99.5635,99.7035,99.5826,0.121311,nan,0.259336,0.267418,0.266335,0.236869,0.266697,0.267418,0.266697,0.266335,0.266869,1,0,0.0581342,0,0.0819976,-0.0571983,-0.0126339,0.10671,-0.137943,-0.0120377,0.021555,0.000234931,-0.222066,0.30169,0.0720408,-0.0441824,-0.114177,10.0672,10.0679,0,14.8976
5.69,M1 +3% bias,-0.174879,0.271465,-0.0358508,0.0463957,0,0,-0.227933,-0.309847,-0.0617804,99.564,99.704,99.5689,0.113316,nan,0.259465,0.267693,0.266447,0.236929,0.266764,0.267693,0.266764,0.266447,0.266929,1,0,0.0584369,0,0.0824471,-0.0576914,-0.0125661,0.107151,-0.138767,-0.0122455,0.0218339,0.000242677,-0.221388,0.305863,0.0689176,-0.0371682,0.018693,10.1161,10.1162,0,15.0996
5.7,M1 +3% bias,-0.177136,0.274616,-0.0356164,0.0459919,0,0,-0.227092,-0.308382,-0.0615337,99.5645,99.7045,99.5702,0.11622,nan,0.259596,0.268121,0.266249,0.237856,0.266133,0.268121,0.266133,0.266249,0.267856,1,0,0.0579699,0,0.0799733,-0.0575652,-0.011606,0.106442,-0.137549,-0.0125009,0.022179,0.000237814,-0.227159,0.31099,0.0663287,-0.0914708,-0.14341,9.99792,9.99936,0,15.3456
5.71,M1 +3% bias,-0.179386,0.277754,-0.0359676,0.0461198,0,0,-0.226273,-0.306982,-0.0618462,99.565,99.705,99.5771,0.123295,nan,0.259732,0.268557,0.265584,0.238297,0.266462,0.268557,0.266462,0.265584,0.268297,1,0,0.0582857,0,0.0825992,-0.0556724,-0.0110723,0.107511,-0.13794,-0.012701,0.0224563,0.000216703,-0.215459,0.306594,0.0626038,-0.0740733,-0.122196,10.1072,10.1082,0,15.5476
5.72,M1 +3% bias,-0.181628,0.280879,-0.0352392,0.0453914,0,0,-0.225459,-0.305658,-0.062047,99.5655,99.7055,99.5784,0.126337,nan,0.25987,0.268207,0.266589,0.238286,0.266371,0.268207,0.266371,0.266589,0.268286,1,0,0.0572788,0,0.0787922,-0.0571069,-0.0116335,0.105319,-0.135773,-0.0129883,0.0228437,0.000244718,-0.224183,0.294562,0.0714943,-0.0469733,-0.0447569,10.0718,10.072,0,15.8217
5.73,M1 +3% bias,-0.183863,0.283991,-0.0354246,0.0461196,0,0,-0.224716,-0.304377,-0.0621741,99.5659,99.7059,99.6044,0.147121,nan,0.260012,0.269464,0.265934,0.239082,0.26554,0.269464,0.26554,0.265934,0.269082,1,0,0.0579617,0,0.0795474,-0.0583143,-0.010077,0.105891,-0.137936,-0.0131677,0.0230777,0.000288356,-0.212166,0.308565,0.0792053,0.00444324,-0.0247022,10.0499,10.0499,0,15.9963
5.74,M1 +3% bias,-0.186091,0.287092,-0.0349509,0.0454234,0,0,-0.22397,-0.303189,-0.062388,99.5663,99.7063,99.6059,0.15046,nan,0.260157,0.267886,0.267419,0.237876,0.267419,0.267886,0.267419,0.267419,0.267876,1,0,0.0571371,0,0.0796086,-0.0568629,-0.0127802,0.104459,-0.135866,-0.0134411,0.0234453,0.000287647,-0.221259,0.297047,0.0665786,-0.0963322,-0.0371066,10.1118,10.1123,0,16.2601
5.75,M1 +3% bias,-0.188312,0.290182,-0.0351695,0.0457813,0,0,-0.223229,-0.302144,-0.0620557,99.5666,99.7066,99.6107,0.155835,nan,0.260306,0.267718,0.267975,0.237532,0.267968,0.267718,0.267968,0.267975,0.267532,1,0,0.0575488,0,0.0800546,-0.0572092,-0.01349,0.105123,-0.136943,-0.0136341,0.0237027,0.000296183,-0.215244,0.295023,0.0703211,-0.0303121,-0.0862418,10.1293,10.1297,0,16.4508
5.76,M1 +3% bias,-0.19053,0.293261,-0.0347862,0.045331,0,0,-0.222574,-0.301233,-0.0613986,99.567,99.707,99.6123,0.159039,nan,0.260457,0.267649,0.268192,0.238102,0.267855,0.267649,0.267855,0.268192,0.268102,1,0,0.0569699,0,0.0774858,-0.0566254,-0.0133164,0.103991,-0.135593,-0.0138886,0.0240444,0.000305,-0.205449,0.294231,0.0802085,-0.0586445,-0.039275,10.0691,10.0693,0,16.6983
5.77,M1 +3% bias,-0.192746,0.29633,-0.0349171,0.045817,0,0,-0.222075,-0.300342,-0.060956,99.5673,99.7073,99.5959,0.148836,nan,0.260612,0.268555,0.26732,0.239173,0.267369,0.268555,0.267369,0.26732,0.269173,1,0,0.0574202,0,0.0780715,-0.055578,-0.01185,0.104363,-0.137035,-0.0140766,0.0242913,0.000332652,-0.217196,0.305315,0.0615357,-0.087436,-0.0167322,9.98213,9.98253,0,16.8839
5.78,M1 +3% bias,-0.194957,0.299392,-0.0346984,0.0448067,0,0,-0.221694,-0.299584,-0.0612365,99.5675,99.7075,99.5975,0.152145,nan,0.26077,0.269039,0.266679,0.239527,0.267802,0.269039,0.267802,0.266679,0.269527,1,0,0.0564908,0,0.081262,-0.0537918,-0.0113906,0.103716,-0.134011,-0.0143488,0.024667,0.000283137,-0.214824,0.301324,0.0690649,-0.0573762,-0.0338675,10.0812,10.0815,0,17.1537
5.79,M1 +3% bias,-0.197167,0.302447,-0.0347849,0.0452115,0,0,-0.221369,-0.298972,-0.0611898,99.5678,99.7078,99.6253,0.17443,nan,0.260931,0.268652,0.268132,0.238632,0.268273,0.268652,0.268273,0.268132,0.268632,1,0,0.0568526,0,0.0800062,-0.0566165,-0.0127991,0.103981,-0.13523,-0.0145407,0.0249222,0.000306225,-0.209722,0.29841,0.0679371,-0.086124,-0.0935137,10.067,10.0678,0,17.3436
5.8,M1 +3% bias,-0.199376,0.305495,-0.0346724,0.0443239,0,0,-0.221055,-0.298323,-0.0620043,99.568,99.708,99.6272,0.178044,nan,0.261095,0.270021,0.267304,0.239874,0.267146,0.270021,0.267146,0.267304,0.269874,1,0,0.0560968,0,0.0795513,-0.0574208,-0.0107925,0.103647,-0.132574,-0.0147996,0.0252822,0.000258716,-0.209806,0.294377,0.0672249,-0.0431955,0.0399548,10.15,10.1502,0,17.6034
5.81,M1 +3% bias,-0.20158,0.30854,-0.0350517,0.0449876,0,0,-0.22082,-0.29765,-0.0621601,99.5682,99.7082,99.6436,0.191938,nan,0.261262,0.269012,0.268548,0.239159,0.268294,0.269012,0.268294,0.268548,0.269159,1,0,0.0568526,0,0.0785172,-0.0570482,-0.0126016,0.104778,-0.134563,-0.0149638,0.0255042,0.000276412,-0.212978,0.295537,0.0731084,0.0101781,-0.0172805,10.0996,10.0996,0,17.7713
5.82,M1 +3% bias,-0.203784,0.311576,-0.034347,0.0442457,0,0,-0.220516,-0.296981,-0.0610097,99.5683,99.7083,99.6456,0.195592,nan,0.261432,0.270228,0.267275,0.240779,0.26741,0.270228,0.26741,0.267275,0.270779,1,0,0.0558497,0,0.0784758,-0.0555427,-0.0104073,0.102656,-0.13234,-0.0152383,0.0258742,0.000304478,-0.220602,0.294686,0.0628872,-0.0377369,0.0246381,10.1854,10.1855,0,18.0395
5.83,M1 +3% bias,-0.205988,0.314607,-0.0347977,0.044156,0,0,-0.220116,-0.296563,-0.0616518,99.5684,99.7084,99.6561,0.205516,nan,0.261605,0.270547,0.267688,0.240513,0.267635,0.270547,0.267635,0.267688,0.270513,1,0,0.0560288,0,0.0795341,-0.0570085,-0.0106642,0.104022,-0.132069,-0.0154305,0.0261469,0.000261491,-0.211346,0.296091,0.0653441,-0.018367,0.0438534,10.2129,10.213,0,18.2424
5.84,M1 +3% bias,-0.208189,0.317635,-0.0340367,0.0434428,0,0,-0.219682,-0.296297,-0.0618707,99.5685,99.7085,99.6583,0.209495,nan,0.261781,0.271136,0.267231,0.241247,0.267472,0.271136,0.267472,0.267231,0.271247,1,0,0.0550109,0,0.079926,-0.056178,-0.00981022,0.101741,-0.129935,-0.0157021,0.0265148,0.000297339,-0.213463,0.292241,0.063463,0.073075,0.0465426,10.1774,10.1778,0,18.5101
5.85,M1 +3% bias,-0.210386,0.320661,-0.0342354,0.04397,0,0,-0.219266,-0.296076,-0.0623478,99.5685,99.7085,99.6434,0.200901,nan,0.261959,0.268869,0.269883,0.239159,0.269891,0.268869,0.269891,0.269883,0.269159,1,0,0.0555415,0,0.078831,-0.0562799,-0.0139534,0.10233,-0.131528,-0.0158767,0.0267485,0.000323074,-0.216828,0.285001,0.0671567,0.0827774,-0.0322651,10.2188,10.2192,0,18.6886
5.86,M1 +3% bias,-0.212582,0.323686,-0.0338344,0.0432082,0,0,-0.218876,-0.295876,-0.0619921,99.5685,99.7085,99.6454,0.204815,nan,0.262141,0.269608,0.269372,0.239657,0.269892,0.269608,0.269892,0.269372,0.269657,1,0,0.054711,0,0.0808312,-0.0557673,-0.013185,0.101136,-0.129233,-0.0161345,0.0271015,0.000315909,-0.212806,0.291742,0.0559961,0.0926599,-0.0337171,10.1202,10.1207,0,18.9483
5.87,M1 +3% bias,-0.214775,0.326708,-0.0341164,0.0436481,0,0,-0.218436,-0.295573,-0.0625171,99.5685,99.7085,99.6486,0.209255,nan,0.262326,0.269176,0.270259,0.240118,0.269715,0.269176,0.269715,0.270259,0.270118,1,0,0.0552143,0,0.0756372,-0.0560911,-0.0134847,0.101976,-0.130544,-0.0163084,0.027337,0.000323766,-0.21595,0.297812,0.0568735,0.0276434,0.00262544,10.1158,10.1158,0,19.1284
5.88,M1 +3% bias,-0.216965,0.329726,-0.0338097,0.0432829,0,0,-0.218019,-0.295074,-0.0618983,99.5684,99.7084,99.6507,0.213452,nan,0.262515,0.270425,0.269668,0.240044,0.269884,0.270425,0.269884,0.269668,0.270044,1,0,0.0547589,0,0.0811636,-0.0571554,-0.0127826,0.101067,-0.12947,-0.0165452,0.0276562,0.000338389,-0.210174,0.284075,0.0599815,0.0140292,-0.0147803,10.1323,10.1323,0,19.365
5.89,M1 +3% bias,-0.219155,0.332738,-0.0344913,0.0438733,0,0,-0.217519,-0.294417,-0.061587,99.5683,99.7083,99.6625,0.224364,nan,0.262706,0.271305,0.268968,0.241352,0.269161,0.271305,0.269161,0.268968,0.271352,1,0,0.0556273,0,0.0799669,-0.0563893,-0.0111959,0.103086,-0.131238,-0.0166911,0.0278605,0.000320573,-0.224792,0.28656,0.0644609,0.0216118,-0.0642314,10.2485,10.2487,0,19.5255
5.9,M1 +3% bias,-0.221341,0.335742,-0.034325,0.0432971,0,0,-0.216923,-0.293521,-0.0618439,99.5681,99.7081,99.6648,0.22869,nan,0.262901,0.271687,0.269428,0.241212,0.269238,0.271687,0.269238,0.269428,0.271212,1,0,0.0550716,0,0.0803341,-0.0581049,-0.011325,0.102594,-0.129511,-0.0169267,0.0281894,0.000306811,-0.222209,0.285615,0.0633932,0.0661437,-0.0944131,10.1818,10.1824,0,19.7677
5.91,M1 +3% bias,-0.223522,0.338737,-0.0348046,0.0436797,0,0,-0.216174,-0.292518,-0.0614808,99.5679,99.7079,99.6741,0.237984,nan,0.2631,0.272997,0.268301,0.242776,0.268286,0.272997,0.268286,0.268301,0.272776,1,0,0.0556873,0,0.080127,-0.057291,-0.00914834,0.104053,-0.130659,-0.0170894,0.0284181,0.000298191,-0.206745,0.286287,0.0607406,-0.00405578,-0.0498473,10.2144,10.2145,0,19.9432
5.92,M1 +3% bias,-0.225696,0.341721,-0.0345121,0.0429535,0,0,-0.215196,-0.291323,-0.0619578,99.5677,99.7077,99.6766,0.242599,nan,0.263302,0.272408,0.269053,0.242072,0.269635,0.272408,0.269635,0.269053,0.272072,1,0,0.0549328,0,0.0820149,-0.0563777,-0.0106402,0.103182,-0.128482,-0.017333,0.0287604,0.000288519,-0.205742,0.285063,0.074034,-0.0199498,-0.0343608,10.2451,10.2451,0,20.195
5.93,M1 +3% bias,-0.22786,0.344692,-0.0343625,0.0433871,0,0,-0.213957,-0.289889,-0.0612538,99.5674,99.7074,99.6659,0.237558,nan,0.263509,0.27129,0.270381,0.241314,0.271008,0.27129,0.271008,0.270381,0.271314,1,0,0.0551797,0,0.081181,-0.0556098,-0.0126513,0.102724,-0.129806,-0.017518,0.029004,0.000339749,-0.210969,0.269342,0.0738845,-0.0155588,-0.108118,10.3108,10.3114,0,20.3839
5.94,M1 +3% bias,-0.230014,0.347649,-0.0338581,0.0426865,0,0,-0.212697,-0.288457,-0.0618718,99.5671,99.7071,99.6683,0.242112,nan,0.263719,0.271742,0.270326,0.241943,0.270822,0.271742,0.270822,0.270326,0.271943,1,0,0.0543173,0,0.0803648,-0.0555248,-0.012071,0.101218,-0.127702,-0.0177685,0.029345,0.000348349,-0.20824,0.271486,0.0596244,-0.129135,-0.0623005,10.3172,10.3182,0,20.6384
5.95,M1 +3% bias,-0.232155,0.350592,-0.0343271,0.0429724,0,0,-0.211475,-0.287083,-0.0620268,99.5668,99.7068,99.6726,0.248035,nan,0.263933,0.271713,0.271078,0.241747,0.271151,0.271713,0.271151,0.271078,0.271747,1,0,0.0548372,0,0.079685,-0.0566419,-0.0126449,0.102635,-0.128555,-0.0179297,0.0295723,0.000330121,-0.200715,0.27493,0.0608104,0.0274903,0.0449731,10.296,10.2961,0,20.8151
5.96,M1 +3% bias,-0.234286,0.353522,-0.03386,0.0426822,0,0,-0.210224,-0.285734,-0.0618033,99.5664,99.7064,99.6751,0.252564,nan,0.264152,0.271719,0.271209,0.242393,0.271243,0.271719,0.271243,0.271209,0.272393,1,0,0.0543173,0,0.077884,-0.055502,-0.0124561,0.101236,-0.127665,-0.0181558,0.0298772,0.000362736,-0.200884,0.287923,0.0633876,0.00421316,-0.0584395,10.2396,10.2398,0,21.0459
5.97,M1 +3% bias,-0.236408,0.356438,-0.0342911,0.043238,0,0,-0.209094,-0.284578,-0.0609764,99.5659,99.7059,99.6879,0.264682,nan,0.264374,0.272812,0.270832,0.243067,0.270742,0.272812,0.270742,0.270832,0.273067,1,0,0.0550152,0,0.0786628,-0.0565329,-0.0112937,0.102532,-0.129335,-0.0183035,0.0300804,0.000365731,-0.197061,0.286882,0.0623542,-0.0342838,-0.0135729,10.2299,10.23,0,21.2082
5.98,M1 +3% bias,-0.238521,0.359344,-0.033367,0.0428507,0,0,-0.208131,-0.28353,-0.0620522,99.5654,99.7054,99.6906,0.269371,nan,0.264601,0.272149,0.271816,0.242412,0.271981,0.272149,0.271981,0.271816,0.272412,1,0,0.0541371,0,0.0793178,-0.0560328,-0.0128501,0.0997543,-0.128186,-0.0185541,0.0304071,0.000427234,-0.203587,0.27789,0.0660863,0.0709965,0.0849209,10.3018,10.3024,0,21.4552
5.99,M1 +3% bias,-0.240625,0.36224,-0.0339059,0.0434123,0,0,-0.207113,-0.282567,-0.0611699,99.5649,99.7049,99.6968,0.27678,nan,0.264831,0.273233,0.271134,0.243526,0.271385,0.273233,0.271385,0.271134,0.273526,1,0,0.0549155,0,0.0794679,-0.0558152,-0.011322,0.101373,-0.129868,-0.0186961,0.0306026,0.000416625,-0.199844,0.280204,0.0524513,0.0234336,0.0146699,10.3091,10.3091,0,21.6125
6,M1 +3% bias,-0.24272,0.365127,-0.0330812,0.0429624,0,0,-0.20607,-0.281779,-0.0616832,99.5643,99.7043,99.6996,0.281792,nan,0.265065,0.272201,0.272914,0.242574,0.272525,0.272201,0.272525,0.272914,0.272574,1,0,0.0540533,0,0.0775563,-0.0568746,-0.0134776,0.0989037,-0.128508,-0.0189427,0.0309224,0.000462535,-0.19953,0.286528,0.0667202,0.0850338,-0.0152988,10.3358,10.3362,0,21.8584
6.01,M1 +3% bias,-0.24481,0.368006,-0.0334308,0.0433705,0,0,-0.205313,-0.281074,-0.0608138,99.5637,99.7037,99.7078,0.290447,nan,0.265303,0.273084,0.272465,0.24311,0.272505,0.273084,0.272505,0.272465,0.27311,1,0,0.0546063,0,0.079617,-0.0567186,-0.0126482,0.099956,-0.129747,-0.0190986,0.0311324,0.000457296,-0.19605,0.277057,0.0668724,0.0849237,-0.0760955,10.3073,10.308,0,22.0274
6.02,M1 +3% bias,-0.246896,0.370877,-0.0330398,0.0423602,0,0,-0.204699,-0.280403,-0.0616148,99.563,99.703,99.7107,0.295463,nan,0.265545,0.272801,0.27306,0.242832,0.273438,0.272801,0.273438,0.27306,0.272832,1,0,0.0535525,0,0.0805008,-0.0560701,-0.0135661,0.0987791,-0.126709,-0.0193484,0.0314768,0.000429359,-0.201298,0.282738,0.0584158,0.00184877,-0.134147,10.2756,10.2765,0,22.2875
6.03,M1 +3% bias,-0.248977,0.373742,-0.0333661,0.0428201,0,0,-0.204215,-0.279756,-0.0612125,99.5623,99.7023,99.7131,0.299952,nan,0.26579,0.273977,0.272375,0.243608,0.273152,0.273977,0.273152,0.272375,0.273608,1,0,0.0541106,0,0.0826233,-0.056072,-0.0122809,0.0997488,-0.128093,-0.0194993,0.0316803,0.000433159,-0.205884,0.279944,0.0525823,-0.0112078,-0.154171,10.3545,10.3556,0,22.4535
6.04,M1 +3% bias,-0.251057,0.376601,-0.0328375,0.0425422,0,0,-0.203825,-0.279148,-0.0613222,99.5615,99.7015,99.7162,0.305198,nan,0.266039,0.274172,0.27247,0.245004,0.272461,0.274172,0.272461,0.27247,0.275004,1,0,0.0535881,0,0.0773472,-0.0552847,-0.01132,0.0981872,-0.12729,-0.0197207,0.031972,0.000462038,-0.191768,0.259797,0.0609184,-0.0966092,-0.0815382,10.2962,10.2969,0,22.6803
6.05,M1 +3% bias,-0.253134,0.379455,-0.0331932,0.0427772,0,0,-0.203593,-0.278431,-0.0617485,99.5607,99.7007,99.7088,0.302955,nan,0.266292,0.274175,0.273401,0.244559,0.27298,0.274175,0.27298,0.273401,0.274559,1,0,0.0539827,0,0.077444,-0.0569148,-0.0121515,0.0992587,-0.127975,-0.01988,0.0321907,0.00044807,-0.188253,0.273188,0.0692123,-0.113092,-0.0617437,10.3455,10.3463,0,22.8557
6.06,M1 +3% bias,-0.255209,0.382302,-0.0327544,0.0422148,0,0,-0.203372,-0.277732,-0.0618299,99.5598,99.6998,99.7119,0.308503,nan,0.266548,0.27458,0.273365,0.244928,0.273267,0.27458,0.273267,0.273365,0.274928,1,0,0.0532668,0,0.078399,-0.056371,-0.0119213,0.0979483,-0.126287,-0.0201079,0.0324986,0.00045124,-0.185806,0.273958,0.0590437,-0.136588,-0.071631,10.3092,10.3104,0,23.0932
6.07,M1 +3% bias,-0.257284,0.385142,-0.0328729,0.0426206,0,0,-0.20327,-0.277028,-0.0612146,99.5589,99.6989,99.7039,0.305652,nan,0.266807,0.27358,0.27505,0.243869,0.274678,0.27358,0.274678,0.27505,0.273869,1,0,0.0536548,0,0.0778283,-0.0570015,-0.0141869,0.0982849,-0.127499,-0.0202694,0.032713,0.000465374,-0.198268,0.277691,0.0729337,-0.0146635,0.0221422,10.3329,10.3329,0,23.2663
6.08,M1 +3% bias,-0.259364,0.387974,-0.0323065,0.0416696,0,0,-0.203269,-0.276522,-0.0621589,99.5579,99.6979,99.707,0.311121,nan,0.26707,0.274324,0.274728,0.244994,0.27418,0.274324,0.27418,0.274728,0.274994,1,0,0.0525638,0,0.0763505,-0.0566136,-0.0130058,0.0965954,-0.124646,-0.0205185,0.0330525,0.000461547,-0.194376,0.278026,0.0609691,0.0307351,0.087737,10.4338,10.4342,0,23.526
6.09,M1 +3% bias,-0.261442,0.390805,-0.0329542,0.0421642,0,0,-0.203308,-0.276224,-0.0626429,99.5569,99.6969,99.7016,0.310621,nan,0.267336,0.274536,0.274924,0.245235,0.274595,0.274536,0.274595,0.274924,0.275235,1,0,0.0533428,0,0.0768546,-0.0561442,-0.0130748,0.0985136,-0.126128,-0.0206515,0.0332401,0.000441231,-0.209227,0.279235,0.0680123,0.0298682,-0.0589067,10.3752,10.3754,0,23.6788
6.1,M1 +3% bias,-0.263523,0.393633,-0.0323388,0.0419748,0,0,-0.203462,-0.27607,-0.0616961,99.5558,99.6958,99.7048,0.316314,nan,0.267604,0.275623,0.274059,0.245937,0.274744,0.275623,0.274744,0.274059,0.275937,1,0,0.0528217,0,0.0805658,-0.0549494,-0.0119737,0.0966704,-0.125552,-0.0208696,0.0335236,0.000485433,-0.208697,0.284942,0.0629231,0.00773467,-0.00339916,10.2312,10.2312,0,23.9019
6.11,M1 +3% bias,-0.265611,0.396459,-0.0327469,0.0423164,0,0,-0.203636,-0.275972,-0.0613934,99.5546,99.6946,99.7004,0.316516,nan,0.267876,0.276057,0.274354,0.24647,0.274567,0.276057,0.274567,0.274354,0.27647,1,0,0.0533428,0,0.0790529,-0.0556575,-0.0116011,0.097909,-0.1266,-0.0210187,0.0337283,0.000475424,-0.198292,0.269532,0.0721002,-0.024939,-0.166602,10.4156,10.417,0,24.0691
6.12,M1 +3% bias,-0.267705,0.399282,-0.0322121,0.0416653,0,0,-0.203807,-0.275915,-0.0618373,99.5534,99.6934,99.7036,0.322343,nan,0.268149,0.276164,0.275222,0.246135,0.275021,0.276164,0.275021,0.275222,0.276135,1,0,0.0525048,0,0.0791237,-0.0572783,-0.0122821,0.0963058,-0.124652,-0.0212514,0.0340416,0.000482549,-0.199192,0.266256,0.0556853,-0.0747462,-0.048674,10.3847,10.3851,0,24.3128
6.13,M1 +3% bias,-0.269802,0.402106,-0.0322953,0.0419898,0,0,-0.204001,-0.27573,-0.0616888,99.5522,99.6922,99.7009,0.32394,nan,0.268426,0.275393,0.275969,0.246163,0.276123,0.275393,0.276123,0.275969,0.276163,1,0,0.0528082,0,0.0779475,-0.0550953,-0.0134213,0.0965637,-0.125616,-0.0214154,0.0342571,0.000500334,-0.193878,0.272259,0.0731764,-0.180375,-0.0575534,10.402,10.4037,0,24.4903
6.14,M1 +3% bias,-0.271907,0.404925,-0.0318875,0.0415252,0,0,-0.204213,-0.275481,-0.0603938,99.5509,99.6909,99.7042,0.330012,nan,0.268704,0.274845,0.276817,0.245608,0.277491,0.274845,0.277491,0.276817,0.275608,1,0,0.0521859,0,0.0793453,-0.05412,-0.0148801,0.0953306,-0.124217,-0.0216348,0.0345502,0.000507145,-0.201927,0.276316,0.06984,-0.0864772,-0.0548202,10.433,10.4335,0,24.721
6.15,M1 +3% bias,-0.274018,0.40774,-0.0322585,0.0418158,0,0,-0.204232,-0.275329,-0.0605324,99.5495,99.6895,99.6819,0.317579,nan,0.268986,0.277334,0.275699,0.246998,0.275856,0.277334,0.275856,0.275699,0.276998,1,0,0.0526454,0,0.0808889,-0.0571819,-0.011965,0.0964508,-0.125078,-0.0217876,0.0347585,0.000497449,-0.195805,0.283875,0.0617648,-0.0510244,0.0114449,10.4306,10.4308,0,24.8917
6.16,M1 +3% bias,-0.276131,0.410554,-0.0312255,0.0411847,0,0,-0.204081,-0.275179,-0.0601329,99.5481,99.6881,99.6851,0.324163,nan,0.26927,0.277281,0.276437,0.247336,0.275967,0.277281,0.275967,0.276437,0.277336,1,0,0.051533,0,0.0781896,-0.0576294,-0.0122131,0.0933637,-0.123206,-0.0220428,0.0350831,0.000546741,-0.190918,0.269826,0.0594574,0.0116823,0.012449,10.5005,10.5005,0,25.1487
6.17,M1 +3% bias,-0.278247,0.413364,-0.0316514,0.0416806,0,0,-0.203898,-0.274965,-0.0599018,99.5466,99.6866,99.6731,0.319538,nan,0.269556,0.276932,0.277135,0.246769,0.27733,0.276932,0.27733,0.277135,0.276769,1,0,0.0521814,0,0.0805315,-0.056783,-0.0135213,0.0946286,-0.124692,-0.0221842,0.0352726,0.000543126,-0.197937,0.270671,0.0622605,-0.0179104,-0.0400605,10.414,10.4141,0,25.3074
6.18,M1 +3% bias,-0.280367,0.41617,-0.031255,0.0409637,0,0,-0.203667,-0.27469,-0.059517,99.5451,99.6851,99.6764,0.326232,nan,0.269845,0.277077,0.277375,0.247184,0.277688,0.277077,0.277688,0.277375,0.277184,1,0,0.0513801,0,0.0801258,-0.0560483,-0.0135382,0.0934421,-0.122553,-0.0224112,0.0355793,0.000536842,-0.198346,0.263512,0.0587797,-0.0448692,-0.0732963,10.5494,10.5497,0,25.5498
6.19,M1 +3% bias,-0.282487,0.418972,-0.0315184,0.0413988,0,0,-0.203366,-0.27429,-0.0596849,99.5435,99.6835,99.6878,0.338941,nan,0.270137,0.276987,0.278478,0.246505,0.278521,0.276987,0.278521,0.278478,0.276505,1,0,0.0518835,0,0.0809739,-0.0576755,-0.0147269,0.094237,-0.123864,-0.0225598,0.035776,0.0005433,-0.193979,0.260311,0.0586159,-0.134229,-0.11771,10.5786,10.5801,0,25.7158
6.2,M1 +3% bias,-0.284607,0.421769,-0.0312169,0.0411687,0,0,-0.202997,-0.273679,-0.0592373,99.5419,99.6819,99.6913,0.346015,nan,0.270432,0.278106,0.277391,0.248755,0.277418,0.278106,0.277418,0.277391,0.278755,1,0,0.0515145,0,0.0779289,-0.0555612,-0.0122837,0.0933418,-0.123152,-0.0227615,0.03604,0.000555572,-0.188952,0.274684,0.0599573,-0.15998,-0.121918,10.4864,10.4883,0,25.9309
6.21,M1 +3% bias,-0.286726,0.424559,-0.0317691,0.0413535,0,0,-0.202614,-0.272982,-0.0595275,99.5402,99.6802,99.6831,0.344616,nan,0.27073,0.27785,0.278546,0.247436,0.279026,0.27785,0.279026,0.278546,0.277436,1,0,0.0519799,0,0.0819516,-0.0567181,-0.0141905,0.0949736,-0.123711,-0.0229066,0.0362448,0.000526545,-0.204253,0.272394,0.0545072,-0.108381,-0.0387672,10.5048,10.5055,0,26.1001
6.22,M1 +3% bias,-0.288842,0.427342,-0.0312835,0.040978,0,0,-0.202068,-0.272154,-0.0595793,99.5384,99.6784,99.6866,0.351914,nan,0.27103,0.278753,0.278005,0.249435,0.277866,0.278753,0.277866,0.278005,0.279435,1,0,0.0514079,0,0.077401,-0.0558148,-0.0121674,0.0935391,-0.122606,-0.0231202,0.0365248,0.000545979,-0.191333,0.25756,0.0609295,0.014371,0.00439764,10.6191,10.6191,0,26.3267
6.23,M1 +3% bias,-0.290957,0.430115,-0.0316444,0.0416376,0,0,-0.201515,-0.271392,-0.0576704,99.5366,99.6766,99.6748,0.348127,nan,0.271333,0.278777,0.278924,0.248689,0.278883,0.278777,0.278883,0.278924,0.278689,1,0,0.0521265,0,0.0797071,-0.0570892,-0.0133353,0.0946014,-0.124562,-0.0232533,0.0366996,0.000558141,-0.202983,0.273166,0.0562588,0.0089382,-0.0762488,10.4777,10.478,0,26.4769
6.24,M1 +3% bias,-0.293072,0.432878,-0.0316216,0.0413078,0,0,-0.200931,-0.270707,-0.0585747,99.5347,99.6747,99.6783,0.355511,nan,0.271639,0.278302,0.280128,0.248308,0.279758,0.278302,0.279758,0.280128,0.278308,1,0,0.0518789,0,0.0785822,-0.057535,-0.0146262,0.0945441,-0.123571,-0.0234434,0.0369601,0.000543104,-0.196816,0.274855,0.0630908,0.0305286,-0.167239,10.5022,10.5036,0,26.6867
6.25,M1 +3% bias,-0.295182,0.435635,-0.0317139,0.0420136,0,0,-0.200358,-0.269918,-0.0593325,99.5327,99.6727,99.6855,0.365527,nan,0.271948,0.279024,0.279651,0.249274,0.279781,0.279024,0.279781,0.279651,0.279274,1,0,0.0524912,0,0.0792632,-0.0561215,-0.0136841,0.094824,-0.125702,-0.0235845,0.0371359,0.000576445,-0.192781,0.266001,0.0499096,-0.0980555,-0.196922,10.5839,10.5862,0,26.8414
6.26,M1 +3% bias,-0.297288,0.438384,-0.031397,0.0418411,0,0,-0.199835,-0.26904,-0.0587446,99.5307,99.6707,99.6892,0.373195,nan,0.27226,0.280178,0.279045,0.250315,0.279439,0.280178,0.279439,0.279045,0.280315,1,0,0.0521585,0,0.0802613,-0.0558396,-0.0123031,0.09386,-0.125184,-0.0237821,0.0373905,0.000593801,-0.203138,0.265952,0.0580126,-0.161343,-0.12453,10.5094,10.5114,0,27.0509
6.27,M1 +3% bias,-0.29939,0.441126,-0.0318927,0.0422452,0,0,-0.199293,-0.268166,-0.0594041,99.5286,99.6686,99.6813,0.372266,nan,0.272574,0.279825,0.27989,0.250103,0.280416,0.279825,0.280416,0.27989,0.280103,1,0,0.0527811,0,0.0802358,-0.0553204,-0.0133522,0.0953694,-0.126383,-0.0239156,0.0375726,0.000579608,-0.18665,0.275323,0.0556687,-0.170852,-0.0439895,10.5489,10.5503,0,27.2076
6.28,M1 +3% bias,-0.301487,0.443859,-0.0314421,0.041976,0,0,-0.198719,-0.267273,-0.058994,99.5265,99.6665,99.6852,0.380068,nan,0.272892,0.279474,0.281305,0.250316,0.280408,0.279474,0.280408,0.281305,0.280316,1,0,0.0522955,0,0.0749685,-0.0569473,-0.0140308,0.0940169,-0.125592,-0.0241193,0.0378352,0.000596688,-0.188621,0.264566,0.0535828,-0.0410964,0.0159889,10.5524,10.5525,0,27.4247
6.29,M1 +3% bias,-0.303581,0.446582,-0.0319658,0.0423498,0,0,-0.198112,-0.266299,-0.0595976,99.5243,99.6643,99.6778,0.379847,nan,0.273212,0.281686,0.279638,0.251712,0.279747,0.281686,0.279747,0.279638,0.281712,1,0,0.0529074,0,0.0798018,-0.0565872,-0.0114224,0.0955801,-0.126714,-0.0242504,0.0380178,0.00057807,-0.192431,0.264533,0.0572943,-0.0341093,-0.0257753,10.5064,10.5064,0,27.5808
6.3,M1 +3% bias,-0.305667,0.449297,-0.0315716,0.0419454,0,0,-0.197267,-0.265128,-0.0598308,99.522,99.662,99.6817,0.387951,nan,0.273535,0.281078,0.280882,0.250844,0.281271,0.281078,0.281271,0.280882,0.280844,1,0,0.0523502,0,0.0812319,-0.056551,-0.0132875,0.0943946,-0.125504,-0.0244562,0.0382877,0.000586088,-0.19614,0.262191,0.0566012,-0.0820642,-0.161577,10.6017,10.6032,0,27.8015
6.31,M1 +3% bias,-0.307746,0.451998,-0.0322203,0.0423937,0,0,-0.196112,-0.263561,-0.0594433,99.5197,99.6597,99.6734,0.387218,nan,0.273862,0.280646,0.282189,0.250358,0.282189,0.280646,0.282189,0.282189,0.280358,1,0,0.0531144,0,0.0803486,-0.0573897,-0.014669,0.0963494,-0.126858,-0.0245762,0.0384579,0.000565124,-0.188361,0.25667,0.0542988,-0.0979359,-0.0748262,10.6419,10.6426,0,27.9486
6.32,M1 +3% bias,-0.309816,0.454679,-0.0317847,0.041934,0,0,-0.194684,-0.261546,-0.0584887,99.5173,99.6573,99.6774,0.395446,nan,0.274193,0.280827,0.282536,0.250726,0.282617,0.280827,0.282617,0.282536,0.280726,1,0,0.0524639,0,0.0800629,-0.0568807,-0.014768,0.0950577,-0.12548,-0.0247809,0.0387282,0.000574268,-0.180565,0.255594,0.0669474,-0.138159,-0.066951,10.6373,10.6384,0,28.171
6.33,M1 +3% bias,-0.311873,0.457338,-0.0319216,0.0420892,0,0,-0.193093,-0.259307,-0.0587526,99.5148,99.6548,99.7087,0.423299,nan,0.274529,0.281912,0.282029,0.251822,0.282285,0.281912,0.282285,0.282029,0.281822,1,0,0.0526726,0,0.0804997,-0.05653,-0.013441,0.0954582,-0.125948,-0.0249315,0.0389306,0.000574754,-0.186771,0.254734,0.0602617,-0.0725793,0.014525,10.6513,10.6516,0,28.3448
6.34,M1 +3% bias,-0.313915,0.459974,-0.0316194,0.0415922,0,0,-0.191531,-0.257185,-0.0580063,99.5123,99.6523,99.713,0.431841,nan,0.274869,0.281725,0.283139,0.251762,0.282784,0.281725,0.282784,0.283139,0.281762,1,0,0.0520899,0,0.0785396,-0.0574473,-0.0142567,0.0945471,-0.124445,-0.0251278,0.0391947,0.000573832,-0.191697,0.262509,0.0677459,-0.0587657,-0.00898204,10.6024,10.6025,0,28.5621
6.35,M1 +3% bias,-0.315944,0.462591,-0.0319836,0.0421434,0,0,-0.190048,-0.255271,-0.0583687,99.5097,99.6497,99.7189,0.441442,nan,0.275215,0.283652,0.281985,0.253193,0.281961,0.283652,0.281961,0.281985,0.283193,1,0,0.052754,0,0.0807342,-0.0577616,-0.0119116,0.0956411,-0.126124,-0.0252485,0.0393557,0.000579018,-0.189261,0.245527,0.0699889,-0.065734,-0.127116,10.6311,10.6321,0,28.7067
6.36,M1 +3% bias,-0.317957,0.465189,-0.0314953,0.0416371,0,0,-0.188708,-0.253441,-0.0590991,99.507,99.647,99.7233,0.450028,nan,0.275566,0.281723,0.2838,0.252294,0.284376,0.281723,0.284376,0.2838,0.282294,1,0,0.0520762,0,0.0795926,-0.0546691,-0.015014,0.094177,-0.124606,-0.0254501,0.0396203,0.000592305,-0.190743,0.245726,0.067673,-0.2223,-0.1569,10.6669,10.6703,0,28.927
6.37,M1 +3% bias,-0.319957,0.467773,-0.0320181,0.0418618,0,0,-0.187465,-0.251823,-0.058587,99.5043,99.6443,99.7313,0.460892,nan,0.275922,0.284134,0.282327,0.254603,0.282551,0.284134,0.282551,0.282327,0.284603,1,0,0.0525502,0,0.0789319,-0.0555309,-0.0114895,0.0957648,-0.125275,-0.0255713,0.0397949,0.000567289,-0.176616,0.249263,0.0668803,-0.211565,-0.148797,10.6245,10.6277,0,29.0806
6.38,M1 +3% bias,-0.321944,0.470341,-0.0315748,0.0416799,0,0,-0.186255,-0.250358,-0.0588896,99.5015,99.6415,99.736,0.469626,nan,0.276282,0.282978,0.284576,0.253646,0.283855,0.282978,0.283855,0.284576,0.283646,1,0,0.0521631,0,0.0758963,-0.0569456,-0.0139796,0.0944408,-0.124723,-0.0257536,0.040031,0.000590025,-0.173575,0.253387,0.0618619,-0.0941039,0.0114512,10.7332,10.7336,0,29.2813
6.39,M1 +3% bias,-0.32392,0.472896,-0.0318894,0.0419527,0,0,-0.185165,-0.248916,-0.0587808,99.4986,99.6386,99.7161,0.460339,nan,0.276647,0.283163,0.285059,0.253569,0.284724,0.283163,0.284724,0.285059,0.283569,1,0,0.0525502,0,0.0776135,-0.0567096,-0.0145267,0.0953581,-0.125554,-0.0258815,0.0402068,0.000584197,-0.190026,0.246181,0.0533861,-0.0854704,-0.0311717,10.6457,10.6461,0,29.4363
6.4,M1 +3% bias,-0.325891,0.475434,-0.0316493,0.0418768,0,0,-0.184153,-0.247567,-0.0576012,99.4956,99.6356,99.7207,0.468892,nan,0.277016,0.284917,0.28388,0.255564,0.28363,0.284917,0.28363,0.28388,0.285564,1,0,0.0523502,0,0.0772021,-0.0560918,-0.0118799,0.0946495,-0.125337,-0.026049,0.0404233,0.000601862,-0.183235,0.238573,0.0622492,-0.0229516,-0.198572,10.608,10.6099,0,29.6238
6.41,M1 +3% bias,-0.327856,0.477958,-0.0321563,0.0423179,0,0,-0.18328,-0.246403,-0.0570494,99.4926,99.6326,99.7094,0.466201,nan,0.277391,0.285311,0.284556,0.255471,0.284149,0.285311,0.284149,0.284556,0.285471,1,0,0.0530065,0,0.0780797,-0.0573123,-0.0122728,0.0961792,-0.126642,-0.0261576,0.0405759,0.00058932,-0.176227,0.25082,0.0681884,-0.199772,-0.131751,10.6459,10.6486,0,29.763
6.42,M1 +3% bias,-0.329816,0.480471,-0.0318198,0.0419223,0,0,-0.182646,-0.245278,-0.0581343,99.4895,99.6295,99.7141,0.475119,nan,0.277769,0.285409,0.284917,0.255807,0.284866,0.285409,0.284866,0.284917,0.285807,1,0,0.0524866,0,0.0783923,-0.0561867,-0.0125562,0.0951683,-0.125467,-0.0263382,0.0408167,0.000597507,-0.178343,0.24322,0.0586873,-0.120214,-0.101382,10.5709,10.5721,0,29.9673
6.43,M1 +3% bias,-0.331766,0.482976,-0.032054,0.0423105,0,0,-0.182144,-0.244302,-0.0590952,99.4863,99.6263,99.6971,0.468379,nan,0.278152,0.285469,0.285694,0.25598,0.285386,0.285469,0.285386,0.285694,0.28598,1,0,0.0529435,0,0.0774095,-0.05646,-0.0130241,0.0958732,-0.126645,-0.0264604,0.0409793,0.000602281,-0.175456,0.234806,0.0537891,0.0237482,-0.0374848,10.7346,10.7347,0,30.1157
6.44,M1 +3% bias,-0.333712,0.485473,-0.031827,0.0418878,0,0,-0.181669,-0.2433,-0.0586451,99.483,99.623,99.7019,0.47748,nan,0.278539,0.285581,0.286346,0.255913,0.286237,0.285581,0.286237,0.286346,0.285913,1,0,0.052473,0,0.0784076,-0.0564207,-0.0136643,0.0952058,-0.125346,-0.026638,0.0412209,0.000599452,-0.167845,0.255534,0.0568308,-0.0689688,-0.0829002,10.5655,10.5661,0,30.3169
6.45,M1 +3% bias,-0.335657,0.487957,-0.0320497,0.0424311,0,0,-0.181147,-0.242235,-0.0580791,99.4797,99.6197,99.72,0.496258,nan,0.27893,0.286255,0.286257,0.256971,0.286159,0.286255,0.286159,0.286257,0.286971,1,0,0.053047,0,0.0774218,-0.0556738,-0.0128299,0.0958497,-0.127003,-0.0267549,0.0413697,0.000614728,-0.183098,0.237483,0.0659939,-0.125142,-0.0551622,10.7203,10.7212,0,30.4566
6.46,M1 +3% bias,-0.337597,0.490432,-0.0317255,0.0423581,0,0,-0.180605,-0.241264,-0.0584926,99.4763,99.6163,99.7251,0.505573,nan,0.279326,0.287002,0.286387,0.257335,0.286501,0.287002,0.286501,0.286387,0.287335,1,0,0.0527856,0,0.0789994,-0.0559967,-0.012549,0.0948888,-0.126767,-0.0269217,0.041581,0.000634305,-0.175929,0.248951,0.0582815,-0.211493,-0.00648738,10.7198,10.7219,0,30.642
6.47,M1 +3% bias,-0.339535,0.492897,-0.0318798,0.0426392,0,0,-0.180067,-0.240351,-0.0580482,99.4728,99.6128,99.7399,0.522024,nan,0.279726,0.28757,0.286915,0.257207,0.287132,0.28757,0.287132,0.286915,0.287207,1,0,0.0531099,0,0.0811191,-0.0571188,-0.0128651,0.095358,-0.12762,-0.0270504,0.0417497,0.000639067,-0.170949,0.242975,0.0579696,-0.0181161,-0.0179972,10.8047,10.8047,0,30.7954
6.48,M1 +3% bias,-0.34147,0.495353,-0.0315293,0.0419267,0,0,-0.179533,-0.239402,-0.0579202,99.4692,99.6092,99.7452,0.531482,nan,0.280131,0.286372,0.288293,0.256939,0.288837,0.286372,0.288837,0.288293,0.286939,1,0,0.0523319,0,0.0795182,-0.0547396,-0.0148641,0.0943089,-0.125485,-0.02724,0.0420088,0.000628313,-0.171247,0.241212,0.053291,-0.109541,-0.113496,10.7737,10.7748,0,31.012
6.49,M1 +3% bias,-0.343405,0.497796,-0.0317053,0.0421711,0,0,-0.179034,-0.238661,-0.056916,99.4655,99.6055,99.7598,0.547741,nan,0.28054,0.287881,0.287773,0.258629,0.287794,0.287881,0.287794,0.287773,0.288629,1,0,0.0526363,0,0.0776524,-0.0553876,-0.0127718,0.0948238,-0.126242,-0.0273661,0.0421753,0.000629268,-0.179038,0.22629,0.0434401,-0.1519,-0.124609,10.8041,10.8059,0,31.1653
6.5,M1 +3% bias,-0.34534,0.500232,-0.0310752,0.0421202,0,0,-0.178659,-0.23792,-0.0569291,99.4618,99.6018,99.7654,0.557508,nan,0.280953,0.287553,0.288767,0.258174,0.289236,0.287553,0.289236,0.288767,0.288174,1,0,0.0522179,0,0.0791771,-0.0547818,-0.014186,0.0929412,-0.126072,-0.0275459,0.0423896,0.000668575,-0.17569,0.236865,0.056864,-0.119204,0.0118557,10.8108,10.8114,0,31.3564
6.51,M1 +3% bias,-0.347275,0.502658,-0.0314485,0.042935,0,0,-0.178318,-0.237118,-0.0560236,99.458,99.598,99.7526,0.553886,nan,0.281371,0.289094,0.288781,0.258746,0.28878,0.289094,0.28878,0.288781,0.288746,1,0,0.0530829,0,0.0805015,-0.0575047,-0.0130629,0.0940599,-0.128528,-0.0276446,0.0425087,0.000682799,-0.174554,0.229823,0.0580461,-0.0641019,-0.0430913,10.7304,10.7307,0,31.4749
6.52,M1 +3% bias,-0.349212,0.505074,-0.0314295,0.042556,0,0,-0.177944,-0.236258,-0.0557668,99.4541,99.5941,99.7582,0.563655,nan,0.281793,0.289801,0.289062,0.259689,0.288536,0.289801,0.288536,0.289062,0.289689,1,0,0.0527766,0,0.0784799,-0.0580537,-0.0123544,0.0940074,-0.127399,-0.0278019,0.0427234,0.000665748,-0.171838,0.224712,0.0459952,-0.184553,-0.20825,10.7822,10.7858,0,31.6632
6.53,M1 +3% bias,-0.351147,0.507481,-0.0313928,0.0433216,0,0,-0.177619,-0.235358,-0.055384,99.4501,99.5901,99.7592,0.570139,nan,0.282219,0.290049,0.289078,0.260463,0.289202,0.290049,0.289202,0.289078,0.290463,1,0,0.0533652,0,0.0788129,-0.0558255,-0.0122043,0.0938921,-0.129682,-0.0279219,0.0428529,0.000703635,-0.174677,0.233433,0.0608269,-0.223809,-0.109809,10.8647,10.8676,0,31.7951
6.54,M1 +3% bias,-0.353083,0.509878,-0.0306678,0.042738,0,0,-0.177272,-0.234458,-0.0561246,99.446,99.586,99.7649,0.580175,nan,0.28265,0.289881,0.289983,0.260498,0.29015,0.289881,0.29015,0.289983,0.290498,1,0,0.0524775,0,0.0783892,-0.055358,-0.0130774,0.0917235,-0.12793,-0.0281259,0.0431013,0.000718393,-0.17269,0.234436,0.0529422,-0.0900289,-0.0736865,10.9185,10.9192,0,32.0132
6.55,M1 +3% bias,-0.355015,0.512267,-0.0311205,0.0429504,0,0,-0.176849,-0.233606,-0.0557708,99.4418,99.5818,99.7556,0.579196,nan,0.283084,0.28955,0.291568,0.259623,0.291509,0.28955,0.291509,0.291568,0.289623,1,0,0.0529074,0,0.0792319,-0.0568158,-0.0149016,0.0930715,-0.128571,-0.0282381,0.0432559,0.000699731,-0.178415,0.23193,0.0574373,-0.0111779,-0.112377,10.7632,10.7638,0,32.1569
6.56,M1 +3% bias,-0.356946,0.514647,-0.0307854,0.0427816,0,0,-0.17637,-0.232774,-0.0563893,99.4376,99.5776,99.7614,0.589356,nan,0.283523,0.290972,0.291091,0.261341,0.2906,0.290972,0.2906,0.291091,0.291341,1,0,0.0525774,0,0.0773005,-0.0570759,-0.0129119,0.0920832,-0.128071,-0.0284051,0.0434604,0.000713614,-0.16799,0.228078,0.0543739,-0.230131,-0.188601,10.8319,10.836,0,32.3419
6.57,M1 +3% bias,-0.35887,0.517021,-0.0311091,0.042991,0,0,-0.17603,-0.232086,-0.056626,99.4332,99.5732,99.7741,0.604278,nan,0.283965,0.290706,0.292123,0.261099,0.291845,0.290706,0.291845,0.292123,0.291099,1,0,0.0529255,0,0.0778025,-0.0566248,-0.0141369,0.0930604,-0.12868,-0.028521,0.0436158,0.000700923,-0.163207,0.241489,0.0519935,-0.174958,-0.0238426,10.8029,10.8043,0,32.4885
6.58,M1 +3% bias,-0.360796,0.519388,-0.030609,0.0429182,0,0,-0.175891,-0.231437,-0.0558732,99.4288,99.5688,99.7802,0.614757,nan,0.284411,0.292477,0.290857,0.263658,0.290561,0.292477,0.290561,0.290857,0.293658,1,0,0.052591,0,0.0756637,-0.055167,-0.0111124,0.0915578,-0.128481,-0.0286911,0.0438159,0.000725984,-0.165795,0.22827,0.0553702,-0.105249,-0.0790725,10.8195,10.8203,0,32.6728
6.59,M1 +3% bias,-0.362723,0.521748,-0.0307773,0.043545,0,0,-0.175837,-0.230929,-0.0560053,99.4243,99.5643,99.778,0.619075,nan,0.284859,0.292389,0.292355,0.26211,0.292492,0.292389,0.292492,0.292355,0.29211,1,0,0.0531996,0,0.0806833,-0.0571151,-0.0133386,0.0920494,-0.13037,-0.0288021,0.0439422,0.000743945,-0.173471,0.222338,0.0596517,-0.193578,-0.293189,10.895,10.9007,0,32.8027
6.6,M1 +3% bias,-0.364655,0.524102,-0.030268,0.0431907,0,0,-0.175802,-0.23034,-0.0551097,99.4197,99.5597,99.7842,0.629642,nan,0.28531,0.291014,0.294217,0.261533,0.294384,0.291014,0.294384,0.294217,0.291533,1,0,0.0526091,0,0.0786482,-0.0555429,-0.0158465,0.0905448,-0.1293,-0.0289831,0.0441587,0.000754711,-0.159867,0.226964,0.0609334,-0.267744,-0.102389,10.8306,10.8344,0,33.0006
6.61,M1 +3% bias,-0.366594,0.526445,-0.0303068,0.043825,0,0,-0.175685,-0.229651,-0.055107,99.4149,99.5549,99.7874,0.638234,nan,0.285763,0.293602,0.293251,0.263459,0.29265,0.293602,0.29265,0.293251,0.293459,1,0,0.0531547,0,0.0783659,-0.0582542,-0.0126757,0.0906344,-0.131209,-0.0291019,0.0442879,0.000778939,-0.176029,0.223325,0.052191,-0.118506,-0.0764485,10.95,10.9509,0,33.1334
6.62,M1 +3% bias,-0.368527,0.528785,-0.0305048,0.0434901,0,0,-0.175481,-0.228828,-0.0564736,99.4102,99.5502,99.7938,0.649083,nan,0.286219,0.294645,0.292558,0.264848,0.292734,0.294645,0.292734,0.292558,0.294848,1,0,0.052993,0,0.0795117,-0.0561265,-0.0113389,0.0912339,-0.130213,-0.0292429,0.0444825,0.000747327,-0.173044,0.217487,0.0568357,-0.204333,-0.123736,10.9707,10.9733,0,33.3086
6.63,M1 +3% bias,-0.370452,0.531121,-0.0309068,0.0439824,0,0,-0.175213,-0.228023,-0.0570901,99.4053,99.5453,99.7812,0.646236,nan,0.286678,0.293543,0.29485,0.262884,0.295342,0.293543,0.295342,0.29485,0.292884,1,0,0.0536326,0,0.0826342,-0.0571607,-0.0148402,0.0924368,-0.131671,-0.0293443,0.0446101,0.000743787,-0.17374,0.230152,0.0612409,-0.25873,-0.079262,10.9223,10.9257,0,33.4367
6.64,M1 +3% bias,-0.372375,0.533449,-0.0305028,0.0436275,0,0,-0.174793,-0.22709,-0.0577886,99.4003,99.5403,99.7878,0.657383,nan,0.287139,0.294808,0.294076,0.265148,0.294433,0.294808,0.294433,0.294076,0.295148,1,0,0.0531009,0,0.0796275,-0.0555236,-0.0125498,0.0912356,-0.130604,-0.0295178,0.0448222,0.000747347,-0.167936,0.232122,0.0554497,-0.0242599,-0.136237,10.9739,10.9748,0,33.6298
6.65,M1 +3% bias,-0.374293,0.535769,-0.0309683,0.0443223,0,0,-0.174326,-0.226167,-0.056708,99.3952,99.5352,99.7618,0.645069,nan,0.287603,0.294166,0.295902,0.264623,0.295629,0.294166,0.295629,0.295902,0.294623,1,0,0.0539341,0,0.077644,-0.0564939,-0.014391,0.0926164,-0.132708,-0.0296059,0.0449287,0.000750342,-0.176558,0.218843,0.0601688,-0.119007,-0.219562,10.9858,10.9886,0,33.7449
6.66,M1 +3% bias,-0.376215,0.538076,-0.0311603,0.0443771,0,0,-0.173912,-0.225234,-0.0559656,99.3901,99.5301,99.7683,0.656372,nan,0.28807,0.295068,0.295605,0.265814,0.295702,0.295068,0.295702,0.295605,0.295814,1,0,0.0541018,0,0.0778583,-0.0552469,-0.0133727,0.0932038,-0.132867,-0.0297294,0.0450904,0.000738187,-0.168372,0.223047,0.0561617,-0.221201,-0.17426,10.8067,10.8104,0,33.899
6.67,M1 +3% bias,-0.378136,0.540371,-0.031664,0.0446836,0,0,-0.173425,-0.224246,-0.0558938,99.3848,99.5248,99.7607,0.657503,nan,0.28854,0.295871,0.295986,0.265921,0.296289,0.295871,0.296289,0.295986,0.295921,1,0,0.0546412,0,0.080251,-0.056175,-0.0133977,0.0947222,-0.133775,-0.0298272,0.0452248,0.000721679,-0.161785,0.231694,0.0463143,-0.144818,-0.105539,11.0261,11.0276,0,34.0309
6.68,M1 +3% bias,-0.380055,0.542657,-0.0313731,0.044446,0,0,-0.172823,-0.223364,-0.0556309,99.3795,99.5195,99.7674,0.669083,nan,0.289013,0.296732,0.296616,0.266411,0.296198,0.296732,0.296198,0.296616,0.296411,1,0,0.054291,0,0.0793249,-0.0582429,-0.0130409,0.0938362,-0.133086,-0.029987,0.045419,0.000727529,-0.172226,0.215463,0.0583667,-0.150268,-0.213733,10.9238,10.927,0,34.2124
6.69,M1 +3% bias,-0.381969,0.544933,-0.0314954,0.0445975,0,0,-0.172121,-0.222384,-0.0560112,99.374,99.514,99.7651,0.674344,nan,0.289489,0.295899,0.298098,0.266066,0.297797,0.295899,0.297797,0.298098,0.296066,1,0,0.0544883,0,0.0783381,-0.0570982,-0.0149131,0.0942121,-0.133536,-0.0301097,0.0455727,0.000726672,-0.165536,0.219027,0.0530859,-0.252175,-0.136552,11.0197,11.0235,0,34.362
6.7,M1 +3% bias,-0.383877,0.547198,-0.0307175,0.0445122,0,0,-0.171454,-0.221268,-0.0551978,99.3685,99.5085,99.7719,0.686403,nan,0.289967,0.298263,0.296954,0.268045,0.29651,0.298263,0.29651,0.296954,0.298045,1,0,0.0539606,0,0.0789819,-0.0581001,-0.0119362,0.0918808,-0.133282,-0.0302916,0.045767,0.000763568,-0.165921,0.216851,0.0588787,-0.128418,-0.0562973,11.0235,11.0244,0,34.5491
6.71,M1 +3% bias,-0.385783,0.54945,-0.0309375,0.0449966,0,0,-0.170684,-0.220052,-0.0545002,99.3628,99.5028,99.7791,0.698595,nan,0.290448,0.298064,0.297864,0.267986,0.297784,0.298064,0.297784,0.297864,0.297986,1,0,0.0544795,0,0.0795733,-0.0571442,-0.0130093,0.0925365,-0.13472,-0.0303976,0.0458904,0.000769904,-0.16722,0.227225,0.0525923,-0.213204,-0.188662,11.0216,11.0252,0,34.6779
6.72,M1 +3% bias,-0.387685,0.551688,-0.0310636,0.0447597,0,0,-0.169932,-0.218794,-0.0546712,99.3571,99.4971,99.7861,0.710902,nan,0.290933,0.298549,0.298226,0.268552,0.298306,0.298549,0.298306,0.298226,0.298552,1,0,0.0543612,0,0.0797856,-0.0566863,-0.0129355,0.0929262,-0.134009,-0.0305303,0.0460684,0.000748994,-0.160118,0.227582,0.0518698,-0.196997,-0.129799,10.9921,10.9946,0,34.844
6.73,M1 +3% bias,-0.389577,0.553914,-0.031409,0.0451678,0,0,-0.169054,-0.217254,-0.0546344,99.3513,99.4913,99.7935,0.72316,nan,0.29142,0.298166,0.299626,0.268496,0.299294,0.298166,0.299294,0.299626,0.298496,1,0,0.0548851,0,0.0778267,-0.0568466,-0.0141781,0.0939537,-0.135237,-0.0306295,0.0461923,0.000745822,-0.16468,0.225742,0.0536149,-0.171104,-0.142739,11.0206,11.0228,0,34.9711
6.74,M1 +3% bias,-0.391458,0.556124,-0.0312211,0.0449069,0,0,-0.167869,-0.215332,-0.0555947,99.3454,99.4854,99.8008,0.735393,nan,0.291912,0.300359,0.298273,0.270784,0.298131,0.300359,0.298131,0.298273,0.300784,1,0,0.0545845,0,0.0780779,-0.0563066,-0.0111028,0.0933893,-0.134487,-0.0307779,0.046376,0.000744826,-0.165987,0.203769,0.0514095,-0.22607,-0.266528,11.08,11.0855,0,35.1456
6.75,M1 +3% bias,-0.39332,0.558317,-0.0317606,0.045524,0,0,-0.166376,-0.213203,-0.0547022,99.3393,99.4793,99.8076,0.747337,nan,0.292409,0.29917,0.300379,0.269021,0.300966,0.29917,0.300966,0.300379,0.299021,1,0,0.0553824,0,0.0815341,-0.056014,-0.0145722,0.095,-0.136324,-0.0308544,0.046474,0.000740429,-0.169167,0.214033,0.0560078,-0.267287,-0.124062,11.028,11.0319,0,35.2542
6.76,M1 +3% bias,-0.395172,0.560485,-0.0313201,0.0450105,0,0,-0.164785,-0.211083,-0.0541009,99.3332,99.4732,99.8151,0.759834,nan,0.292913,0.301034,0.299749,0.27127,0.299496,0.301034,0.299496,0.299749,0.30127,1,0,0.0547197,0,0.0782819,-0.0568753,-0.0118412,0.0936862,-0.134788,-0.0310214,0.0466802,0.000741168,-0.166306,0.210344,0.0575695,-0.170005,-0.137622,10.988,10.9902,0,35.4457
6.77,M1 +3% bias,-0.39701,0.562631,-0.0315605,0.045364,0,0,-0.163285,-0.20901,-0.0531996,99.327,99.467,99.804,0.758794,nan,0.293423,0.300001,0.30144,0.270266,0.301881,0.300001,0.301881,0.30144,0.300266,1,0,0.0551451,0,0.0800467,-0.0555073,-0.0145278,0.0944182,-0.135861,-0.0311221,0.046802,0.000743729,-0.158007,0.202438,0.0583425,-0.234237,-0.190894,11.1386,11.1427,0,35.573
6.78,M1 +3% bias,-0.398836,0.564755,-0.0309601,0.045239,0,0,-0.161788,-0.20707,-0.0535697,99.3206,99.4606,99.8117,0.771285,nan,0.293939,0.301127,0.301396,0.271815,0.301316,0.301127,0.301316,0.301396,0.301815,1,0,0.0547066,0,0.0775423,-0.055693,-0.0130848,0.0926231,-0.135481,-0.0312839,0.0469771,0.00076927,-0.155167,0.205532,0.0541995,-0.109429,-0.0541933,11.1462,11.1469,0,35.7472
6.79,M1 +3% bias,-0.400642,0.566864,-0.0312521,0.0454585,0,0,-0.16039,-0.205192,-0.0536596,99.3142,99.4542,99.794,0.765487,nan,0.294462,0.302926,0.300634,0.274085,0.300096,0.302926,0.300096,0.300634,0.304085,1,0,0.0550542,0,0.0750762,-0.0556685,-0.0104251,0.0935036,-0.136143,-0.031383,0.0471041,0.000761141,-0.151367,0.203586,0.05306,-0.23384,-0.166491,11.0261,11.0299,0,35.8768
6.8,M1 +3% bias,-0.402432,0.568955,-0.0311945,0.0455191,0,0,-0.159104,-0.203391,-0.053903,99.3077,99.4477,99.8017,0.778058,nan,0.29499,0.301202,0.303295,0.272082,0.303274,0.301202,0.303274,0.303295,0.302082,1,0,0.0550716,0,0.0771931,-0.0552174,-0.0146297,0.0933409,-0.13634,-0.0315042,0.047247,0.000764653,-0.144962,0.193217,0.0601425,-0.283893,-0.187825,11.0062,11.0115,0,36.0232
6.81,M1 +3% bias,-0.404211,0.57103,-0.0314165,0.0457225,0,0,-0.158021,-0.201767,-0.053408,99.301,99.441,99.7795,0.769103,nan,0.295524,0.302339,0.303509,0.273241,0.302899,0.302339,0.302899,0.303509,0.303241,1,0,0.0553609,0,0.0755686,-0.056291,-0.0135494,0.0939859,-0.136937,-0.0316022,0.0473713,0.000758717,-0.157364,0.20304,0.0421263,-0.163878,-0.0729688,11.1232,11.1246,0,36.1531
6.82,M1 +3% bias,-0.405979,0.573089,-0.0313233,0.0455724,0,0,-0.157152,-0.200262,-0.053712,99.2943,99.4343,99.7873,0.781713,nan,0.296063,0.304032,0.30248,0.27485,0.302781,0.304032,0.302781,0.30248,0.30485,1,0,0.0551797,0,0.0782092,-0.0547247,-0.0115943,0.0937067,-0.136511,-0.0317295,0.0475271,0.000756521,-0.158282,0.186689,0.0525638,-0.341262,-0.303312,11.1459,11.1553,0,36.3086
6.83,M1 +3% bias,-0.407736,0.575138,-0.0318373,0.046031,0,0,-0.156404,-0.199113,-0.0543987,99.2874,99.4274,99.7513,0.762656,nan,0.296608,0.303305,0.304657,0.274181,0.304179,0.303305,0.304179,0.304657,0.304181,1,0,0.0558583,0,0.0759887,-0.0560906,-0.0137793,0.0952618,-0.137861,-0.0318012,0.0476229,0.000747674,-0.148371,0.203947,0.0650653,-0.234578,-0.0855701,11.0837,11.0866,0,36.4154
6.84,M1 +3% bias,-0.409486,0.577176,-0.031513,0.0456686,0,0,-0.155712,-0.198221,-0.05446,99.2804,99.4204,99.759,0.775332,nan,0.297158,0.304326,0.305019,0.274943,0.304232,0.304326,0.304232,0.305019,0.304943,1,0,0.055391,0,0.075857,-0.0571648,-0.0131774,0.0942893,-0.136784,-0.0319465,0.0477998,0.000747839,-0.149085,0.197379,0.0567119,-0.215451,-0.202444,11.0503,11.0542,0,36.5866
6.85,M1 +3% bias,-0.411229,0.579209,-0.0317669,0.0458621,0,0,-0.155391,-0.197556,-0.0551006,99.2734,99.4134,99.7514,0.776822,nan,0.297711,0.305317,0.304688,0.27568,0.30505,0.305317,0.30505,0.304688,0.30568,1,0,0.0556916,0,0.0795786,-0.0554683,-0.0126324,0.0950503,-0.137387,-0.032038,0.0479176,0.000741578,-0.148988,0.182294,0.0602443,-0.398098,-0.211254,11.0805,11.0897,0,36.7128
6.86,M1 +3% bias,-0.412971,0.581237,-0.0313297,0.0456605,0,0,-0.155277,-0.197159,-0.0548096,99.2662,99.4062,99.7592,0.789716,nan,0.298268,0.305526,0.305741,0.275897,0.305799,0.305526,0.305799,0.305741,0.305897,1,0,0.055266,0,0.0787504,-0.056031,-0.0132371,0.0937459,-0.136761,-0.032184,0.0480825,0.000754165,-0.145444,0.196853,0.0567508,-0.315246,-0.215444,11.1169,11.1235,0,36.8786
6.87,M1 +3% bias,-0.414717,0.583259,-0.0318254,0.0461873,0,0,-0.155116,-0.196814,-0.053947,99.2589,99.3989,99.7311,0.776557,nan,0.298827,0.306375,0.305563,0.277379,0.305881,0.306375,0.305881,0.305563,0.307379,1,0,0.0559777,0,0.077763,-0.0543373,-0.0121705,0.0952332,-0.138342,-0.0322501,0.048167,0.000749063,-0.14339,0.196388,0.0599967,-0.317589,-0.236396,11.1861,11.1931,0,36.9807
6.88,M1 +3% bias,-0.416466,0.585277,-0.0316272,0.0458322,0,0,-0.155039,-0.196541,-0.0535504,99.2514,99.3914,99.739,0.78956,nan,0.299389,0.30635,0.30751,0.276823,0.30676,0.30635,0.30676,0.30751,0.306823,1,0,0.0555758,0,0.076337,-0.0573686,-0.0136677,0.0946318,-0.137268,-0.0323845,0.048336,0.000743843,-0.149159,0.202256,0.0578632,-0.321978,-0.113759,11.1006,11.1058,0,37.1465
6.89,M1 +3% bias,-0.418224,0.587286,-0.0319467,0.0459915,0,0,-0.154832,-0.196167,-0.0518798,99.2439,99.3839,99.7278,0.789095,nan,0.299953,0.307731,0.306886,0.2782,0.306883,0.307731,0.306883,0.306886,0.3082,1,0,0.0558882,0,0.0783309,-0.0559618,-0.0122353,0.0955881,-0.137768,-0.0324713,0.0484543,0.000733122,-0.14987,0.18811,0.060576,-0.308872,-0.187624,11.2259,11.2317,0,37.2716
6.9,M1 +3% bias,-0.419986,0.589288,-0.0317226,0.0459552,0,0,-0.15455,-0.195819,-0.0521755,99.2363,99.3763,99.7358,0.802502,nan,0.30052,0.308945,0.306753,0.279535,0.306732,0.308945,0.306732,0.306753,0.309535,1,0,0.0557429,0,0.0779612,-0.055765,-0.0109901,0.0949335,-0.137642,-0.0325971,0.0485981,0.000741601,-0.138269,0.199602,0.0507183,-0.306299,-0.175227,11.146,11.1516,0,37.422
6.91,M1 +3% bias,-0.421745,0.591287,-0.0319111,0.0465803,0,0,-0.15433,-0.195369,-0.0522924,99.2285,99.3685,99.7504,0.820506,nan,0.301089,0.309298,0.307958,0.279457,0.307529,0.309298,0.307529,0.307958,0.309457,1,0,0.0563682,0,0.0780201,-0.0573532,-0.0117494,0.0954639,-0.139551,-0.0326809,0.0486848,0.000754868,-0.159777,0.177526,0.0458271,-0.279172,-0.278492,11.1079,11.1149,0,37.5276
6.92,M1 +3% bias,-0.423505,0.593282,-0.032182,0.0465872,0,0,-0.154164,-0.194818,-0.05236,99.2206,99.3606,99.7587,0.834095,nan,0.301661,0.30881,0.309004,0.279056,0.309659,0.30881,0.309659,0.309004,0.309056,1,0,0.056533,0,0.0806664,-0.055139,-0.0135363,0.0963054,-0.139549,-0.0327757,0.0488139,0.000742351,-0.140167,0.192873,0.047965,-0.367048,-0.142115,11.1476,11.1545,0,37.6607
6.93,M1 +3% bias,-0.425266,0.595269,-0.0326171,0.0471576,0,0,-0.153857,-0.194229,-0.0518934,99.2127,99.3527,99.7533,0.837722,nan,0.302236,0.309779,0.309658,0.279666,0.309725,0.309779,0.309725,0.309658,0.309666,1,0,0.057233,0,0.0800575,-0.0569308,-0.0131579,0.0975914,-0.141268,-0.0328433,0.0488965,0.000741756,-0.151523,0.187578,0.0559098,-0.206624,-0.154945,11.0936,11.0966,0,37.7609
6.94,M1 +3% bias,-0.427026,0.597249,-0.0329562,0.0470406,0,0,-0.153408,-0.193552,-0.0517613,99.2046,99.3446,99.7618,0.851429,nan,0.302813,0.310996,0.309253,0.281297,0.309591,0.310996,0.309591,0.309253,0.311297,1,0,0.0573454,0,0.07968,-0.0556345,-0.0116697,0.0986121,-0.140926,-0.0329338,0.0490326,0.000722756,-0.148759,0.181909,0.0554179,-0.442449,-0.16563,11.0839,11.094,0,37.8974
6.95,M1 +3% bias,-0.428781,0.599223,-0.0332093,0.0475101,0,0,-0.152848,-0.192796,-0.0521715,99.1963,99.3363,99.7377,0.841596,nan,0.303393,0.309713,0.311847,0.280246,0.311652,0.309713,0.311652,0.311847,0.310246,1,0,0.057867,0,0.0776497,-0.0562046,-0.0147415,0.0993775,-0.142323,-0.0330139,0.0491254,0.000728535,-0.143388,0.189415,0.0584337,-0.275656,-0.252381,11.1457,11.1519,0,38.0071
6.96,M1 +3% bias,-0.430531,0.601189,-0.0328629,0.0471656,0,0,-0.152277,-0.191961,-0.0527065,99.188,99.328,99.7462,0.855609,nan,0.303976,0.31095,0.311779,0.281026,0.312035,0.31095,0.312035,0.311779,0.311026,1,0,0.057387,0,0.0800583,-0.0562151,-0.0139939,0.098347,-0.141302,-0.0331523,0.0492911,0.000732965,-0.138769,0.18177,0.0473141,-0.403361,-0.281173,11.1209,11.1317,0,38.1738
6.97,M1 +3% bias,-0.432273,0.603149,-0.0328916,0.0476896,0,0,-0.151543,-0.191083,-0.0529762,99.1796,99.3196,99.7375,0.857089,nan,0.304562,0.311492,0.312461,0.282066,0.312112,0.311492,0.312112,0.312461,0.312066,1,0,0.0578299,0,0.077134,-0.0564189,-0.0136321,0.098419,-0.142854,-0.0332459,0.0493822,0.000750875,-0.147836,0.194572,0.0646571,-0.280542,-0.0661029,11.3155,11.3192,0,38.2863
6.98,M1 +3% bias,-0.434006,0.605101,-0.0327294,0.047538,0,0,-0.150708,-0.190096,-0.0526234,99.171,99.311,99.7461,0.871183,nan,0.305151,0.311885,0.313307,0.282131,0.313163,0.311885,0.313163,0.313307,0.312131,1,0,0.057615,0,0.0785433,-0.0566518,-0.0142646,0.0979557,-0.142407,-0.033366,0.049527,0.000750531,-0.132617,0.18926,0.0568998,-0.370414,-0.214796,11.2407,11.2488,0,38.4368
6.99,M1 +3% bias,-0.435732,0.607042,-0.0329693,0.0483655,0,0,-0.149921,-0.189024,-0.0538262,99.1623,99.3023,99.7107,0.853416,nan,0.305742,0.313936,0.312561,0.284217,0.312137,0.313936,0.312137,0.312561,0.314217,1,0,0.0584288,0,0.0777133,-0.0571135,-0.0116674,0.098659,-0.14489,-0.0334353,0.0495862,0.000768338,-0.14119,0.1894,0.053603,-0.257005,-0.105205,11.2735,11.2769,0,38.5267
7,M1 +3% bias,-0.437442,0.608976,-0.0327467,0.0482933,0,0,-0.148871,-0.187524,-0.0536128,99.1535,99.2935,99.7193,0.867583,nan,0.306337,0.314558,0.31321,0.284465,0.312997,0.314558,0.312997,0.31321,0.314465,1,0,0.0582448,0,0.0792598,-0.0574246,-0.0119481,0.0980086,-0.144691,-0.0335557,0.0497229,0.000770919,-0.130489,0.177593,0.0589134,-0.435814,-0.28658,11.2492,11.2613,0,38.6736
7.01,M1 +3% bias,-0.439138,0.610893,-0.033014,0.0490212,0,0,-0.147568,-0.185419,-0.0537167,99.1446,99.2846,99.71,0.868913,nan,0.306937,0.313577,0.31553,0.28351,0.315012,0.313577,0.315012,0.31553,0.31351,1,0,0.0589973,0,0.0783842,-0.0579521,-0.0147039,0.0987886,-0.146859,-0.0336239,0.0497859,0.000782306,-0.142786,0.187677,0.0551684,-0.256186,-0.122105,11.2752,11.2787,0,38.7655
7.02,M1 +3% bias,-0.440822,0.612786,-0.0328989,0.0487344,0,0,-0.146243,-0.183028,-0.0526838,99.1355,99.2755,99.7188,0.883279,nan,0.307544,0.314652,0.3151,0.28517,0.315133,0.314652,0.315133,0.3151,0.31517,1,0,0.0587056,0,0.0782925,-0.0557982,-0.0133666,0.0984383,-0.146003,-0.0337411,0.049932,0.000773112,-0.147025,0.185061,0.0535333,-0.39867,-0.263449,11.2747,11.2848,0,38.9169
7.03,M1 +3% bias,-0.442491,0.614656,-0.0332472,0.0492219,0,0,-0.145061,-0.180724,-0.0527155,99.1264,99.2664,99.7182,0.89063,nan,0.308158,0.315711,0.315459,0.286373,0.314964,0.315711,0.314964,0.315459,0.316373,1,0,0.0592997,0,0.0765132,-0.0565255,-0.0124555,0.0994979,-0.147466,-0.0338049,0.0500075,0.000771913,-0.135077,0.185204,0.0466375,-0.366329,-0.172451,11.3043,11.3115,0,39.0151
7.04,M1 +3% bias,-0.444144,0.616506,-0.0331415,0.0491145,0,0,-0.143938,-0.178591,-0.0526569,99.1171,99.2571,99.7272,0.904919,nan,0.308778,0.316402,0.315739,0.286297,0.316548,0.316402,0.316548,0.315739,0.316297,1,0,0.0591548,0,0.0820069,-0.0555099,-0.0130043,0.0991599,-0.147157,-0.0339157,0.0501372,0.00077003,-0.149665,0.176667,0.0444602,-0.428605,-0.247669,11.2843,11.2952,0,39.1545
7.05,M1 +3% bias,-0.445785,0.618334,-0.0330609,0.0493838,0,0,-0.14277,-0.176557,-0.0516921,99.1077,99.2477,99.7321,0.916194,nan,0.309404,0.316596,0.317163,0.287142,0.31659,0.316596,0.31659,0.317163,0.317142,1,0,0.0593359,0,0.076612,-0.0568972,-0.0131925,0.0989242,-0.147973,-0.0340128,0.0502318,0.000780484,-0.14478,0.171668,0.0391077,-0.328129,-0.101259,11.313,11.3182,0,39.2733
7.06,M1 +3% bias,-0.447415,0.620142,-0.0329902,0.0491855,0,0,-0.141659,-0.174672,-0.0516458,99.0981,99.2381,99.7414,0.930563,nan,0.310036,0.318626,0.316174,0.289135,0.316083,0.318626,0.316083,0.316174,0.319135,1,0,0.0591427,0,0.0779899,-0.0560516,-0.0107667,0.0987381,-0.147381,-0.0341191,0.0503599,0.000774239,-0.128686,0.169084,0.0508203,-0.396368,-0.174145,11.362,11.3702,0,39.4134
7.07,M1 +3% bias,-0.44903,0.621935,-0.0333117,0.0498994,0,0,-0.140713,-0.173083,-0.0524399,99.0885,99.2285,99.7492,0.943941,nan,0.310675,0.316813,0.319577,0.287183,0.318998,0.316813,0.318998,0.319577,0.317183,1,0,0.0598998,0,0.0770632,-0.05724,-0.0151985,0.0996964,-0.149526,-0.0341757,0.0504096,0.000784038,-0.130313,0.167374,0.0449476,-0.337398,-0.0920522,11.284,11.2895,0,39.4961
7.08,M1 +3% bias,-0.450636,0.623713,-0.0331959,0.049883,0,0,-0.139777,-0.171597,-0.0510508,99.0787,99.2187,99.7587,0.958242,nan,0.311319,0.318971,0.318251,0.289521,0.318401,0.318971,0.318401,0.318251,0.319521,1,0,0.0598321,0,0.0785208,-0.0555178,-0.0123771,0.0993647,-0.149489,-0.0342793,0.0505201,0.000786397,-0.120935,0.158986,0.0607691,-0.372785,-0.20972,11.2423,11.2504,0,39.6264
7.09,M1 +3% bias,-0.452236,0.625474,-0.0331843,0.0502931,0,0,-0.138861,-0.170139,-0.0509512,99.0687,99.2087,99.7479,0.957768,nan,0.311968,0.320342,0.318282,0.290578,0.31854,0.320342,0.31854,0.318282,0.320578,1,0,0.060158,0,0.0796412,-0.0559097,-0.0113847,0.0993167,-0.150701,-0.0343655,0.0505973,0.000797211,-0.128171,0.170924,0.0471813,-0.324652,-0.185501,11.2617,11.2679,0,39.7318
7.1,M1 +3% bias,-0.453823,0.627222,-0.0330779,0.0502814,0,0,-0.137982,-0.168724,-0.0509444,99.0587,99.1987,99.7576,0.972091,nan,0.312623,0.31871,0.321358,0.288952,0.32134,0.31871,0.32134,0.321358,0.318952,1,0,0.0601144,0,0.0788891,-0.0564199,-0.0153989,0.0990078,-0.150686,-0.0344669,0.0507053,0.0007974,-0.121766,0.158123,0.0463305,-0.479627,-0.312477,11.2815,11.2961,0,39.8597
7.11,M1 +3% bias,-0.455403,0.628955,-0.0332486,0.0507648,0,0,-0.137171,-0.167349,-0.050913,99.0485,99.1885,99.7599,0.981046,nan,0.313283,0.32013,0.321049,0.290256,0.321563,0.32013,0.321563,0.321049,0.320256,1,0,0.0606043,0,0.0806131,-0.0556315,-0.0141642,0.099486,-0.152126,-0.034536,0.0507684,0.000803465,-0.143283,0.164006,0.0555262,-0.351398,-0.205458,11.2225,11.2299,0,39.9541
7.12,M1 +3% bias,-0.456977,0.630675,-0.0333215,0.0509514,0,0,-0.13657,-0.16629,-0.0499011,99.0382,99.1782,99.7698,0.995474,nan,0.313946,0.321218,0.321311,0.292129,0.320994,0.321218,0.320994,0.321311,0.322129,1,0,0.0607968,0,0.0763227,-0.0557191,-0.0127277,0.0997326,-0.15269,-0.0346168,0.0508554,0.000801885,-0.12384,0.161722,0.0490841,-0.571794,-0.213393,11.2383,11.2549,0,40.0652
7.13,M1 +3% bias,-0.458546,0.632385,-0.0334031,0.0511525,0,0,-0.136201,-0.165261,-0.0511791,99.0277,99.1677,99.7826,1.01199,nan,0.314613,0.322267,0.321966,0.292459,0.321627,0.322267,0.321627,0.321966,0.322459,1,0,0.0610082,0,0.0781749,-0.0571242,-0.0126877,0.0999618,-0.153293,-0.0346994,0.0509425,0.000801683,-0.133665,0.162035,0.0490893,-0.445538,-0.215919,11.2044,11.2153,0,40.1747
7.14,M1 +3% bias,-0.460107,0.634088,-0.0333376,0.0511985,0,0,-0.135857,-0.16417,-0.0507759,99.0171,99.1571,99.7928,1.02657,nan,0.315283,0.32218,0.322864,0.293054,0.322899,0.32218,0.322899,0.322864,0.323054,1,0,0.0610043,0,0.0773529,-0.0551201,-0.0134184,0.0997681,-0.153408,-0.0347943,0.0510432,0.000801031,-0.132167,0.177385,0.0565266,-0.405091,-0.146673,11.3218,11.33,0,40.2955
7.15,M1 +3% bias,-0.461665,0.635779,-0.0335071,0.051516,0,0,-0.135482,-0.163085,-0.0503263,99.0064,99.1464,99.7851,1.02819,nan,0.315955,0.323309,0.323569,0.293397,0.323411,0.323309,0.323411,0.323569,0.323397,1,0,0.0613706,0,0.0789258,-0.0569772,-0.013306,0.100273,-0.154391,-0.0348667,0.0511166,0.000801994,-0.133228,0.157015,0.0529506,-0.351006,-0.301396,11.3174,11.3268,0,40.3953
7.16,M1 +3% bias,-0.463223,0.637457,-0.0333525,0.0515798,0,0,-0.135042,-0.162024,-0.0497896,98.9956,99.1356,99.7954,1.04299,nan,0.316631,0.324052,0.323975,0.294858,0.323502,0.324052,0.323502,0.323975,0.324858,1,0,0.0613357,0,0.0761855,-0.0562142,-0.012556,0.0998134,-0.154564,-0.0349665,0.0512128,0.000805806,-0.131171,0.169163,0.0618086,-0.38311,-0.122062,11.3097,11.3168,0,40.5166
7.17,M1 +3% bias,-0.464774,0.639127,-0.0336122,0.0517443,0,0,-0.134574,-0.161068,-0.0504769,98.9846,99.1246,99.7969,1.05129,nan,0.317309,0.325789,0.323664,0.296304,0.323342,0.325789,0.323342,0.323664,0.326304,1,0,0.0616227,0,0.0773595,-0.0564781,-0.0109498,0.100582,-0.155078,-0.035035,0.0512958,0.00079801,-0.136331,0.156051,0.0507363,-0.539883,-0.252209,11.2246,11.2404,0,40.62
7.18,M1 +3% bias,-0.466315,0.640791,-0.0335448,0.0520383,0,0,-0.134116,-0.160102,-0.0508778,98.9735,99.1135,99.8075,1.06625,nan,0.31799,0.324351,0.326358,0.295017,0.326096,0.324351,0.326096,0.326358,0.325017,1,0,0.0618429,0,0.0771213,-0.0560802,-0.0145424,0.100387,-0.155968,-0.0351215,0.0513687,0.000805641,-0.1315,0.150687,0.0536514,-0.414472,-0.259822,11.2011,11.2117,0,40.7262
7.19,M1 +3% bias,-0.467855,0.642444,-0.034127,0.0525705,0,0,-0.133758,-0.159271,-0.0506558,98.9622,99.1022,99.7847,1.0568,nan,0.318673,0.326749,0.325066,0.296989,0.325752,0.326749,0.325752,0.325066,0.326989,1,0,0.0625978,0,0.080765,-0.0550885,-0.0119024,0.102126,-0.157575,-0.0351561,0.0514132,0.000800112,-0.1342,0.143977,0.054591,-0.532307,-0.283208,11.2942,11.3103,0,40.8008
7.2,M1 +3% bias,-0.469388,0.644091,-0.0341024,0.0527901,0,0,-0.133295,-0.158372,-0.0507123,98.9508,99.0908,99.7954,1.07185,nan,0.31936,0.327422,0.326471,0.296917,0.326492,0.327422,0.326492,0.326471,0.326917,1,0,0.0627652,0,0.0809771,-0.0577619,-0.0125812,0.102055,-0.158223,-0.0352425,0.0514926,0.000803171,-0.131021,0.15129,0.0434437,-0.385156,-0.199963,11.2614,11.2697,0,40.9082
7.21,M1 +3% bias,-0.470915,0.645729,-0.0344554,0.0534768,0,0,-0.132685,-0.157225,-0.0506432,98.9393,99.0793,99.7885,1.07406,nan,0.320049,0.326914,0.328076,0.297452,0.327616,0.326914,0.327616,0.328076,0.327452,1,0,0.063528,0,0.0769313,-0.0566972,-0.0137687,0.103113,-0.160276,-0.0352896,0.0515277,0.000808271,-0.129804,0.155621,0.0592188,-0.430023,-0.192177,11.3429,11.3526,0,40.9809
7.22,M1 +3% bias,-0.472439,0.647352,-0.0346682,0.0536972,0,0,-0.131985,-0.155893,-0.0501236,98.9276,99.0676,99.7993,1.08915,nan,0.320741,0.328562,0.327993,0.298343,0.327927,0.328562,0.327927,0.327993,0.328343,1,0,0.0638351,0,0.0799863,-0.0573855,-0.0127533,0.103735,-0.160951,-0.0353565,0.0515992,0.000804548,-0.139668,0.146463,0.0573734,-0.505553,-0.385504,11.3643,11.382,0,41.0798
7.23,M1 +3% bias,-0.473951,0.648963,-0.0349096,0.0540927,0,0,-0.131059,-0.154479,-0.0498769,98.9158,99.0558,99.7823,1.08421,nan,0.321435,0.329509,0.328166,0.299655,0.328272,0.329509,0.328272,0.328166,0.329655,1,0,0.0642966,0,0.0794732,-0.0563675,-0.0119879,0.104483,-0.162128,-0.0354164,0.051657,0.000804026,-0.121936,0.15358,0.0502044,-0.433414,-0.188491,11.4294,11.4391,0,41.1683
7.24,M1 +3% bias,-0.475451,0.65056,-0.0348542,0.0543236,0,0,-0.130004,-0.153059,-0.0497207,98.9038,99.0438,99.7932,1.09937,nan,0.322132,0.329988,0.329233,0.299494,0.329675,0.329988,0.329675,0.329233,0.329494,1,0,0.0644707,0,0.0820649,-0.0569409,-0.0129335,0.104302,-0.162843,-0.0355024,0.0517279,0.000808385,-0.131533,0.13816,0.055771,-0.572517,-0.326581,11.3587,11.3778,0,41.2728
7.25,M1 +3% bias,-0.476941,0.652143,-0.0348839,0.0548485,0,0,-0.128819,-0.151645,-0.0495445,98.8917,99.0317,99.8078,1.11726,nan,0.322832,0.33014,0.330778,0.300005,0.330265,0.33014,0.330265,0.330778,0.330005,1,0,0.064913,0,0.078578,-0.0580706,-0.0135802,0.104393,-0.1644,-0.0355726,0.0517733,0.000816439,-0.128307,0.149968,0.0459233,-0.372816,-0.280735,11.3409,11.3505,0,41.3592
7.26,M1 +3% bias,-0.478417,0.65371,-0.034926,0.0547749,0,0,-0.127509,-0.149903,-0.0492997,98.8795,99.0195,99.8191,1.13254,nan,0.323535,0.331527,0.33059,0.302214,0.329667,0.331527,0.329667,0.33059,0.332214,1,0,0.0648836,0,0.0753072,-0.0572923,-0.0116542,0.10451,-0.164191,-0.0356534,0.0518648,0.000807398,-0.134894,0.14213,0.0522378,-0.454244,-0.204977,11.3072,11.3182,0,41.4735
7.27,M1 +3% bias,-0.479875,0.655261,-0.0352875,0.0550595,0,0,-0.126249,-0.147947,-0.0491112,98.8671,99.0071,99.8176,1.13886,nan,0.324242,0.332581,0.330726,0.302408,0.331111,0.332581,0.331111,0.330726,0.332408,1,0,0.0653305,0,0.0810614,-0.0564419,-0.0118003,0.1056,-0.165053,-0.0357035,0.0519236,0.000801597,-0.129226,0.13763,0.0428545,-0.579918,-0.368314,11.3966,11.4173,0,41.5595
7.28,M1 +3% bias,-0.481317,0.656794,-0.0350542,0.0554254,0,0,-0.124995,-0.146092,-0.0496253,98.8546,98.9946,99.829,1.15426,nan,0.324953,0.333119,0.331602,0.303571,0.331378,0.333119,0.331378,0.331602,0.333571,1,0,0.0655091,0,0.0777886,-0.0564096,-0.0115553,0.104936,-0.16614,-0.0357927,0.0519777,0.000812094,-0.105664,0.143574,0.0597145,-0.387371,-0.17488,11.346,11.354,0,41.6578
7.29,M1 +3% bias,-0.482739,0.658313,-0.0353991,0.056081,0,0,-0.123799,-0.144359,-0.0498137,98.8419,98.9819,99.8203,1.155,nan,0.325668,0.332589,0.333495,0.302806,0.33364,0.332589,0.33364,0.333495,0.332806,1,0,0.0662475,0,0.0793891,-0.0561592,-0.0139508,0.105953,-0.168116,-0.0358345,0.052003,0.000815945,-0.114373,0.137857,0.0507139,-0.565326,-0.263938,11.2403,11.2576,0,41.7235
7.3,M1 +3% bias,-0.484145,0.659816,-0.0355661,0.0562731,0,0,-0.122661,-0.14257,-0.0499627,98.8291,98.9691,99.8319,1.17047,nan,0.326387,0.334029,0.333702,0.304478,0.333196,0.334029,0.333196,0.333702,0.334478,1,0,0.0664883,0,0.0770468,-0.0569514,-0.0124785,0.106446,-0.16868,-0.0358949,0.0520656,0.000810634,-0.118757,0.145976,0.0466359,-0.566892,-0.284463,11.2976,11.3154,0,41.816
7.31,M1 +3% bias,-0.485539,0.661302,-0.0358434,0.0569886,0,0,-0.121651,-0.140802,-0.0493984,98.8162,98.9562,99.809,1.16103,nan,0.32711,0.334799,0.334333,0.305293,0.33387,0.334799,0.33387,0.334333,0.335293,1,0,0.0672549,0,0.0770407,-0.0567854,-0.0123557,0.107281,-0.17083,-0.0359371,0.0520822,0.000817209,-0.113684,0.143719,0.0450631,-0.505303,-0.16081,11.4004,11.4128,0,41.8784
7.32,M1 +3% bias,-0.486915,0.662773,-0.0360792,0.0570636,0,0,-0.120621,-0.139037,-0.050418,98.8031,98.9431,99.8207,1.17668,nan,0.327836,0.33581,0.33462,0.305709,0.335061,0.33581,0.335061,0.33462,0.335709,1,0,0.0674426,0,0.0810172,-0.0562022,-0.012378,0.107989,-0.171071,-0.035992,0.05215,0.000807767,-0.112623,0.133065,0.0545642,-0.639547,-0.334236,11.4044,11.4272,0,41.9722
7.33,M1 +3% bias,-0.488277,0.664228,-0.0362371,0.0576235,0,0,-0.119644,-0.137326,-0.0495399,98.7899,98.9299,99.826,1.18735,nan,0.328566,0.336096,0.336152,0.305782,0.336088,0.336096,0.336088,0.336152,0.335782,1,0,0.0680025,0,0.0802458,-0.057559,-0.0133448,0.108462,-0.172739,-0.0360431,0.0521773,0.000812195,-0.110693,0.141003,0.0508605,-0.466277,-0.37066,11.2771,11.2928,0,42.0434
7.34,M1 +3% bias,-0.489631,0.665665,-0.0364339,0.0581421,0,0,-0.118752,-0.135565,-0.0488084,98.7765,98.9165,99.838,1.20283,nan,0.329299,0.337506,0.336066,0.307796,0.335683,0.337506,0.335683,0.336066,0.337796,1,0,0.0685473,0,0.0777946,-0.0570209,-0.0116247,0.109065,-0.174306,-0.0360926,0.0522047,0.000815104,-0.0998514,0.13405,0.04045,-0.546757,-0.311059,11.4096,11.4269,0,42.1143
7.35,M1 +3% bias,-0.490974,0.667084,-0.0366058,0.0583512,0,0,-0.117758,-0.133805,-0.0485125,98.7629,98.9029,99.8424,1.21289,nan,0.330036,0.337313,0.337525,0.307313,0.337845,0.337313,0.337845,0.337525,0.337313,1,0,0.0688078,0,0.0804279,-0.0562394,-0.0135131,0.109558,-0.174944,-0.0361475,0.0522557,0.000811012,-0.113822,0.126808,0.0409334,-0.608036,-0.254791,11.4195,11.4385,0,42.2
7.36,M1 +3% bias,-0.492306,0.668484,-0.0365568,0.0583652,0,0,-0.116707,-0.132165,-0.0476269,98.7493,98.8893,99.8547,1.22858,nan,0.330775,0.338677,0.337782,0.308973,0.337521,0.338677,0.337521,0.337782,0.338973,1,0,0.0687973,0,0.0781017,-0.0567766,-0.0121543,0.109401,-0.174995,-0.0362234,0.0523239,0.000805938,-0.121196,0.121123,0.043001,-0.55859,-0.389176,11.28,11.3005,0,42.3007
7.37,M1 +3% bias,-0.493627,0.669868,-0.0370415,0.0590264,0,0,-0.11565,-0.13053,-0.0479351,98.7354,98.8754,99.8293,1.21692,nan,0.331518,0.33853,0.339496,0.308791,0.339104,0.33853,0.339104,0.339496,0.338791,1,0,0.0696174,0,0.0778496,-0.0570904,-0.013748,0.11088,-0.176964,-0.0362457,0.0523341,0.000807625,-0.101359,0.130427,0.0509819,-0.608403,-0.208052,11.4095,11.4276,0,42.3527
7.38,M1 +3% bias,-0.494932,0.671237,-0.0371306,0.0592569,0,0,-0.114531,-0.128833,-0.0477346,98.7215,98.8615,99.8416,1.23242,nan,0.332263,0.339847,0.339298,0.309752,0.340006,0.339847,0.340006,0.339298,0.339752,1,0,0.0698636,0,0.0817111,-0.0556816,-0.0130562,0.111138,-0.177668,-0.0363055,0.0523811,0.000805198,-0.106877,0.121661,0.0546528,-0.691508,-0.39219,11.3719,11.3996,0,42.4364
7.39,M1 +3% bias,-0.496222,0.672589,-0.0372365,0.0596201,0,0,-0.113298,-0.126918,-0.047334,98.7073,98.8473,99.8,1.20917,nan,0.333011,0.340798,0.340336,0.311158,0.339602,0.340798,0.339602,0.340336,0.341158,1,0,0.0702177,0,0.0766812,-0.0575524,-0.0122991,0.111447,-0.178767,-0.0363584,0.0524143,0.000805311,-0.110991,0.115838,0.0497487,-0.477076,-0.302934,11.3877,11.4017,0,42.512
7.4,M1 +3% bias,-0.497494,0.673923,-0.0371771,0.0599565,0,0,-0.112052,-0.12488,-0.0481549,98.6931,98.8331,99.8121,1.22498,nan,0.333763,0.33982,0.342541,0.31047,0.342072,0.33982,0.342072,0.342541,0.34047,1,0,0.0704855,0,0.0766124,-0.0565024,-0.0150859,0.11127,-0.179766,-0.036425,0.0524471,0.000807259,-0.108587,0.122747,0.0433362,-0.617087,-0.232658,11.3032,11.3224,0,42.5923
7.41,M1 +3% bias,-0.498748,0.67524,-0.0373925,0.0602801,0,0,-0.111047,-0.122916,-0.0477846,98.6786,98.8186,99.7598,1.19396,nan,0.334521,0.342255,0.341566,0.312356,0.341754,0.342255,0.341754,0.341566,0.342356,1,0,0.0708701,0,0.0798123,-0.0562949,-0.0126185,0.111914,-0.180746,-0.0364679,0.0524806,0.000804592,-0.108733,0.116051,0.0498729,-0.620405,-0.37351,11.3732,11.3962,0,42.6638
7.42,M1 +3% bias,-0.499988,0.676538,-0.0376983,0.0603803,0,0,-0.110068,-0.120996,-0.0469877,98.6641,98.8041,99.7718,1.20954,nan,0.335282,0.34288,0.342259,0.313137,0.342699,0.34288,0.342699,0.342259,0.343137,1,0,0.0711153,0,0.0800659,-0.0555231,-0.0127205,0.112826,-0.181053,-0.0365062,0.0525288,0.000797376,-0.110354,0.113117,0.0372421,-0.53263,-0.330194,11.2679,11.2853,0,42.7423
7.43,M1 +3% bias,-0.501215,0.677819,-0.0381114,0.0608548,0,0,-0.10904,-0.119249,-0.0479693,98.6493,98.7893,99.7184,1.17777,nan,0.336048,0.343925,0.34299,0.314123,0.343002,0.343925,0.343002,0.34299,0.344123,1,0,0.071743,0,0.0790864,-0.0564469,-0.0122825,0.114058,-0.182467,-0.0365285,0.0525439,0.000796746,-0.113212,0.118511,0.0521733,-0.634596,-0.195606,11.3947,11.414,0,42.7981
7.44,M1 +3% bias,-0.502421,0.679087,-0.0381373,0.0610659,0,0,-0.107987,-0.117583,-0.0476963,98.6345,98.7745,99.7302,1.19347,nan,0.336818,0.343896,0.344509,0.314002,0.34471,0.343896,0.34471,0.344509,0.344002,1,0,0.0719355,0,0.0798339,-0.0562611,-0.0137658,0.114146,-0.183103,-0.0365876,0.0525824,0.00079504,-0.106042,0.116543,0.0624599,-0.694322,-0.32344,11.3552,11.381,0,42.8772
7.45,M1 +3% bias,-0.503615,0.680339,-0.0380698,0.0614978,0,0,-0.107034,-0.115987,-0.0473009,98.6194,98.7594,99.6951,1.17484,nan,0.337591,0.345885,0.34427,0.315596,0.34446,0.345885,0.34446,0.34427,0.345596,1,0,0.0722696,0,0.0808533,-0.0570314,-0.011977,0.113944,-0.184414,-0.0366507,0.0526002,0.000798245,-0.103197,0.107148,0.0376175,-0.589296,-0.410239,11.3908,11.4134,0,42.9471
7.46,M1 +3% bias,-0.504793,0.681579,-0.0381362,0.0615292,0,0,-0.106005,-0.114491,-0.0482102,98.6042,98.7442,99.707,1.19042,nan,0.338369,0.345666,0.345814,0.31613,0.345709,0.345666,0.345709,0.345814,0.34613,1,0,0.072319,0,0.0780711,-0.0561634,-0.0130657,0.114152,-0.184489,-0.0367041,0.0526488,0.000792284,-0.0975758,0.119924,0.0419417,-0.615306,-0.362864,11.3233,11.3458,0,43.0315
7.47,M1 +3% bias,-0.505954,0.682808,-0.0387365,0.0618034,0,0,-0.104989,-0.113068,-0.0479793,98.5889,98.7289,99.6696,1.17025,nan,0.339149,0.345971,0.347161,0.316195,0.347113,0.345971,0.347113,0.347161,0.346195,1,0,0.0728807,0,0.0788585,-0.0565104,-0.0141124,0.11595,-0.185338,-0.0367081,0.0526761,0.000786623,-0.097344,0.101879,0.0596602,-0.828828,-0.257021,11.4009,11.4339,0,43.0873
7.48,M1 +3% bias,-0.507103,0.684022,-0.0386614,0.0623572,0,0,-0.104008,-0.111501,-0.0478885,98.5734,98.7134,99.6814,1.18584,nan,0.339932,0.346642,0.347892,0.317048,0.347991,0.346642,0.347991,0.347892,0.347048,1,0,0.0733146,0,0.0787686,-0.0558872,-0.0141493,0.115707,-0.18699,-0.0367669,0.0526791,0.000791164,-0.107779,0.108194,0.0585948,-0.782846,-0.367246,11.3894,11.4221,0,43.1483
7.49,M1 +3% bias,-0.508238,0.685222,-0.0385217,0.0629639,0,0,-0.103208,-0.10992,-0.0477128,98.5577,98.6977,99.6766,1.18933,nan,0.340719,0.348438,0.348514,0.317992,0.347774,0.348438,0.347774,0.348514,0.347992,1,0,0.0737621,0,0.0788011,-0.0590908,-0.0131229,0.115298,-0.188809,-0.0368294,0.0526782,0.00079558,-0.0982092,0.108442,0.0476072,-0.742013,-0.367146,11.2882,11.3185,0,43.2077
7.5,M1 +3% bias,-0.509361,0.686408,-0.0385755,0.063361,0,0,-0.102379,-0.108385,-0.0473625,98.5419,98.6819,99.6886,1.20481,nan,0.341508,0.347751,0.349685,0.318389,0.35005,0.347751,0.35005,0.349685,0.348389,1,0,0.0741298,0,0.0788572,-0.0549414,-0.014766,0.115445,-0.190001,-0.0368794,0.0526917,0.00079457,-0.107174,0.107863,0.0516542,-0.634889,-0.273647,11.4161,11.437,0,43.2705
7.51,M1 +3% bias,-0.510472,0.687579,-0.039043,0.0636051,0,0,-0.101523,-0.10691,-0.0478668,98.5259,98.6659,99.6564,1.1883,nan,0.3423,0.34907,0.349884,0.320159,0.349929,0.34907,0.349929,0.349884,0.350159,1,0,0.0745724,0,0.0768106,-0.0546949,-0.0134422,0.116861,-0.190738,-0.0368919,0.0527151,0.000790256,-0.0951956,0.104983,0.0502531,-0.750973,-0.425933,11.2879,11.3209,0,43.3276
7.52,M1 +3% bias,-0.511572,0.688739,-0.0393739,0.0642136,0,0,-0.101076,-0.105904,-0.0473022,98.5098,98.6498,99.6683,1.20375,nan,0.343094,0.350857,0.350526,0.32077,0.350062,0.350857,0.350062,0.350526,0.35077,1,0,0.0752695,0,0.0785806,-0.0578893,-0.0127288,0.117839,-0.192579,-0.0369112,0.0527061,0.000792415,-0.102299,0.0944422,0.0567946,-0.711814,-0.471399,11.3753,11.4073,0,43.37
7.53,M1 +3% bias,-0.512666,0.689891,-0.0392689,0.0647088,0,0,-0.100802,-0.10493,-0.0479543,98.4935,98.6335,99.6296,1.18276,nan,0.343886,0.351096,0.351557,0.321211,0.351521,0.351096,0.351521,0.351557,0.351211,1,0,0.0756393,0,0.0791821,-0.056694,-0.0135245,0.117542,-0.194045,-0.0369694,0.0527054,0.000792646,-0.087772,0.107842,0.0366839,-0.570427,-0.308567,11.3274,11.3459,0,43.4304
7.54,M1 +3% bias,-0.513751,0.691037,-0.0394292,0.065072,0,0,-0.100495,-0.10396,-0.0477014,98.477,98.617,99.6415,1.19864,nan,0.344677,0.351423,0.352607,0.321451,0.353068,0.351423,0.353068,0.352607,0.351451,1,0,0.0760292,0,0.0807284,-0.0559169,-0.014417,0.118012,-0.195114,-0.0370085,0.0527171,0.000790191,-0.0934728,0.121703,0.0421426,-0.595237,-0.285896,11.437,11.4561,0,43.4888
7.55,M1 +3% bias,-0.514832,0.692172,-0.0395055,0.0653199,0,0,-0.100203,-0.102852,-0.0476605,98.4604,98.6004,99.6197,1.19,nan,0.345466,0.353736,0.351864,0.323989,0.352118,0.353736,0.352118,0.351864,0.353989,1,0,0.0762891,0,0.0795837,-0.0558845,-0.0115409,0.118249,-0.195885,-0.0370524,0.0527373,0.00078545,-0.0875063,0.103076,0.0516692,-0.821145,-0.464615,11.3056,11.3449,0,43.5547
7.56,M1 +3% bias,-0.515906,0.693298,-0.0396321,0.0661194,0,0,-0.0999818,-0.101589,-0.0479393,98.4436,98.5836,99.6317,1.20594,nan,0.346254,0.354507,0.352978,0.323961,0.353414,0.354507,0.353414,0.352978,0.353961,1,0,0.0770388,0,0.0821865,-0.0570512,-0.0122736,0.118608,-0.198296,-0.0370891,0.052711,0.000788594,-0.0974481,0.0939768,0.0521513,-0.69664,-0.375371,11.4225,11.4499,0,43.5914
7.57,M1 +3% bias,-0.516971,0.694413,-0.039681,0.0665841,0,0,-0.099665,-0.100175,-0.0477446,98.4267,98.5667,99.6079,1.19609,nan,0.347041,0.35434,0.355111,0.32404,0.354516,0.35434,0.354516,0.355111,0.35404,1,0,0.0774617,0,0.0788,-0.0585395,-0.0137338,0.118758,-0.199672,-0.0371321,0.0527086,0.000786513,-0.0933618,0.105931,0.0476015,-0.731162,-0.409641,11.3435,11.3744,0,43.6462
7.58,M1 +3% bias,-0.518032,0.695511,-0.039843,0.0672041,0,0,-0.0992696,-0.0986067,-0.047097,98.4096,98.5496,99.6199,1.21234,nan,0.347827,0.35342,0.356768,0.324605,0.356358,0.35342,0.356358,0.356768,0.354605,1,0,0.0780781,0,0.0753481,-0.0553759,-0.0154281,0.119235,-0.201543,-0.0371679,0.0526917,0.000786434,-0.096912,0.0983048,0.0549831,-0.801851,-0.346024,11.3336,11.3672,0,43.6891
7.59,M1 +3% bias,-0.519089,0.696593,-0.040167,0.0675036,0,0,-0.0989177,-0.0970275,-0.0465728,98.3924,98.5324,99.6076,1.21087,nan,0.348612,0.356894,0.355254,0.326627,0.355514,0.356894,0.355514,0.355254,0.356627,1,0,0.0785106,0,0.0809793,-0.0568563,-0.0119756,0.120219,-0.202454,-0.0371893,0.0527013,0.000783139,-0.0857032,0.0906777,0.0421878,-0.773733,-0.412462,11.3636,11.3973,0,43.742
7.6,M1 +3% bias,-0.520133,0.697663,-0.0404398,0.0679201,0,0,-0.0984234,-0.0952815,-0.046916,98.375,98.515,99.6198,1.22722,nan,0.349395,0.357831,0.355891,0.327457,0.356245,0.357831,0.356245,0.355891,0.357457,1,0,0.0789981,0,0.0815088,-0.0568811,-0.0118002,0.121023,-0.203717,-0.0372125,0.0527015,0.000780921,-0.0929701,0.0809863,0.0498647,-0.798667,-0.466459,11.4642,11.5015,0,43.7898
7.61,M1 +3% bias,-0.521165,0.698717,-0.0406041,0.0685751,0,0,-0.0977383,-0.093429,-0.047634,98.3574,98.4974,99.5951,1.21686,nan,0.350177,0.356503,0.358573,0.327029,0.358447,0.356503,0.358447,0.358573,0.357029,1,0,0.0796355,0,0.0778497,-0.0560839,-0.0147191,0.121506,-0.205657,-0.0372441,0.0526778,0.00078077,-0.0969386,0.0972841,0.057258,-0.630686,-0.370398,11.457,11.4803,0,43.828
7.62,M1 +3% bias,-0.522183,0.699754,-0.0405056,0.0692712,0,0,-0.0970252,-0.0915285,-0.0470499,98.3397,98.4797,99.6073,1.2334,nan,0.350958,0.357509,0.359449,0.327565,0.359154,0.357509,0.359154,0.359449,0.357565,1,0,0.0802025,0,0.0786489,-0.0572977,-0.014737,0.121226,-0.20775,-0.037302,0.0526483,0.000777291,-0.0830868,0.093944,0.0430423,-0.856358,-0.335436,11.4397,11.4766,0,43.8709
7.63,M1 +3% bias,-0.523187,0.700773,-0.0406809,0.0693948,0,0,-0.0962629,-0.089471,-0.047281,98.3219,98.4619,99.5474,1.19779,nan,0.351738,0.36027,0.358346,0.330011,0.35817,0.36027,0.35817,0.358346,0.360011,1,0,0.0803955,0,0.0798005,-0.057668,-0.011531,0.121755,-0.208126,-0.0373339,0.0526686,0.00077058,-0.0800034,0.0908854,0.0454332,-0.935336,-0.398281,11.4292,11.4743,0,43.9325
7.64,M1 +3% bias,-0.524172,0.701777,-0.0409463,0.0698025,0,0,-0.0955181,-0.0872781,-0.0476586,98.3038,98.4438,99.5595,1.21452,nan,0.352516,0.360042,0.360055,0.329655,0.360158,0.360042,0.360158,0.360055,0.359655,1,0,0.0808806,0,0.0808823,-0.0573831,-0.0134128,0.122536,-0.209357,-0.0373556,0.0526617,0.000768844,-0.0878171,0.0851688,0.0517268,-0.773975,-0.532541,11.4029,11.4416,0,43.9763
7.65,M1 +3% bias,-0.525144,0.702758,-0.0411913,0.0706539,0,0,-0.0946319,-0.0851015,-0.0467182,98.2857,98.4257,99.5436,1.211,nan,0.353294,0.361345,0.360407,0.331427,0.359841,0.361345,0.359841,0.360407,0.361427,1,0,0.0817341,0,0.0778603,-0.0577605,-0.0120764,0.123253,-0.211912,-0.0373772,0.0526157,0.000770654,-0.0948367,0.0846617,0.048277,-0.720227,-0.374999,11.3965,11.4254,0,43.9976
7.66,M1 +3% bias,-0.5261,0.703722,-0.0407475,0.0711334,0,0,-0.0938193,-0.0830178,-0.0466649,98.2673,98.4073,99.5558,1.22792,nan,0.35407,0.361848,0.361445,0.331459,0.361372,0.361848,0.361372,0.361445,0.361459,1,0,0.0819352,0,0.0804179,-0.0577181,-0.0129701,0.12194,-0.213349,-0.0374654,0.0525939,0.000758279,-0.0821438,0.0846894,0.0435674,-0.840126,-0.410924,11.4316,11.4698,0,44.0563
7.67,M1 +3% bias,-0.527042,0.704665,-0.0409917,0.0713714,0,0,-0.0928468,-0.0809712,-0.0460936,98.2488,98.3888,99.5323,1.21908,nan,0.354844,0.363162,0.361347,0.332995,0.361718,0.363162,0.361718,0.361347,0.362995,1,0,0.0822663,0,0.0810086,-0.0564575,-0.0118267,0.122669,-0.214083,-0.037489,0.0525938,0.000753958,-0.0825931,0.070965,0.0520344,-0.947404,-0.488232,11.5485,11.5976,0,44.1051
7.68,M1 +3% bias,-0.527963,0.705592,-0.0410688,0.0717709,0,0,-0.091756,-0.0789474,-0.0470788,98.2302,98.3702,99.5446,1.23611,nan,0.355617,0.363448,0.362961,0.333103,0.362801,0.363448,0.362801,0.362961,0.363103,1,0,0.0826452,0,0.0800738,-0.0578018,-0.0128393,0.122896,-0.215275,-0.0375275,0.0525787,0.000748122,-0.0835488,0.0751916,0.0535109,-0.813492,-0.526658,11.4335,11.4745,0,44.1497
7.69,M1 +3% bias,-0.528865,0.706503,-0.0413504,0.0725552,0,0,-0.0905803,-0.0769919,-0.0466855,98.2114,98.3514,99.5009,1.21265,nan,0.356389,0.362871,0.364667,0.333258,0.364604,0.362871,0.364604,0.364667,0.363258,1,0,0.0834664,0,0.0783889,-0.0562283,-0.0145667,0.123727,-0.217616,-0.0375415,0.0525298,0.000750535,-0.0887502,0.0825004,0.0563524,-0.797759,-0.307184,11.5285,11.5602,0,44.168
7.7,M1 +3% bias,-0.529751,0.707394,-0.0414998,0.072886,0,0,-0.0893955,-0.0750249,-0.0462384,98.1924,98.3324,99.5132,1.22986,nan,0.357159,0.365199,0.364203,0.335591,0.363488,0.365199,0.363488,0.364203,0.365591,1,0,0.0838342,0,0.0766442,-0.0574567,-0.0118241,0.124185,-0.218634,-0.0375708,0.0525176,0.000745205,-0.079636,0.0655982,0.0499638,-0.88362,-0.33246,11.4121,11.4511,0,44.2111
7.71,M1 +3% bias,-0.530615,0.708266,-0.0417162,0.0729624,0,0,-0.0879246,-0.0726053,-0.0465085,98.1733,98.3133,99.5023,1.2303,nan,0.357929,0.367279,0.363472,0.336514,0.364296,0.367279,0.364296,0.363472,0.366514,1,0,0.0840104,0,0.0837954,-0.0567328,-0.0105378,0.124832,-0.21886,-0.0375929,0.0525275,0.000739458,-0.0798036,0.067478,0.0515441,-1.0184,-0.528296,11.5211,11.5781,0,44.2633
7.72,M1 +3% bias,-0.531454,0.709117,-0.0417997,0.0734023,0,0,-0.0862935,-0.0701649,-0.0454978,98.1541,98.2941,99.5147,1.24736,nan,0.358701,0.366463,0.36629,0.336287,0.365609,0.366463,0.365609,0.36629,0.366287,1,0,0.0844352,0,0.0782393,-0.0584674,-0.0128121,0.12507,-0.220184,-0.037622,0.0525013,0.000734992,-0.0848294,0.0651563,0.0409149,-0.881993,-0.503159,11.4284,11.4734,0,44.2999
7.73,M1 +3% bias,-0.532272,0.709944,-0.0423367,0.0739495,0,0,-0.0849253,-0.0677691,-0.0458625,98.1347,98.2747,99.4898,1.23737,nan,0.359476,0.367616,0.366777,0.337721,0.365635,0.367616,0.365635,0.366777,0.367721,1,0,0.0851888,0,0.076273,-0.0588072,-0.0119002,0.126697,-0.221835,-0.0376073,0.0524686,0.000741199,-0.0700189,0.0591181,0.0451917,-0.817274,-0.444143,11.4894,11.527,0,44.3162
7.74,M1 +3% bias,-0.533064,0.710752,-0.0424685,0.0744184,0,0,-0.0836625,-0.065437,-0.0459068,98.1151,98.2551,99.5022,1.25444,nan,0.360254,0.36735,0.368248,0.337219,0.368044,0.36735,0.368044,0.368248,0.367219,1,0,0.0856411,0,0.0793884,-0.05748,-0.0139429,0.127077,-0.223231,-0.0376334,0.0524372,0.000736238,-0.0770297,0.0660256,0.0466865,-0.788136,-0.371728,11.5028,11.5357,0,44.3468
7.75,M1 +3% bias,-0.533839,0.711537,-0.0425071,0.0745149,0,0,-0.0824105,-0.0630094,-0.0461685,98.0954,98.2354,99.4679,1.23738,nan,0.361034,0.368179,0.368883,0.338136,0.368782,0.368179,0.368782,0.368883,0.368136,1,0,0.0857524,0,0.0794271,-0.0571171,-0.0137789,0.127197,-0.223531,-0.0376669,0.0524367,0.000727569,-0.0744855,0.0584837,0.0509492,-1.04611,-0.512782,11.4152,11.4745,0,44.3968
7.76,M1 +3% bias,-0.534586,0.712305,-0.0427084,0.0746158,0,0,-0.0812594,-0.0606356,-0.0464915,98.0755,98.2155,99.4804,1.25434,nan,0.361816,0.369135,0.369464,0.338889,0.369619,0.369135,0.369619,0.369464,0.368889,1,0,0.0859441,0,0.0806449,-0.0570177,-0.0136511,0.127782,-0.223857,-0.0376833,0.0524322,0.000723748,-0.0845411,0.0434966,0.0405627,-0.866934,-0.585348,11.4115,11.4594,0,44.4402
7.77,M1 +3% bias,-0.535315,0.713052,-0.0430169,0.0753462,0,0,-0.0801478,-0.0585164,-0.0450703,98.0554,98.1954,99.4598,1.24727,nan,0.3626,0.369087,0.371021,0.339069,0.371065,0.369087,0.371065,0.371021,0.369069,1,0,0.0867369,0,0.0797464,-0.0567946,-0.0149132,0.128731,-0.226022,-0.0376851,0.0523738,0.000726007,-0.0645683,0.0606471,0.0461989,-0.913076,-0.487292,11.4212,11.468,0,44.4482
7.78,M1 +3% bias,-0.536034,0.713775,-0.0430545,0.0759089,0,0,-0.0790589,-0.0566406,-0.0448175,98.0352,98.1752,99.4724,1.26402,nan,0.363384,0.370783,0.370755,0.341034,0.370808,0.370783,0.370808,0.370755,0.371034,1,0,0.0872277,0,0.0790542,-0.0562681,-0.0130741,0.128833,-0.22772,-0.037715,0.0523232,0.000718921,-0.068947,0.0538056,0.0436202,-0.959804,-0.386485,11.4859,11.5324,0,44.4712
7.79,M1 +3% bias,-0.53673,0.714486,-0.0433547,0.0761928,0,0,-0.0779861,-0.0549797,-0.0457727,98.0149,98.1549,99.4613,1.26368,nan,0.36417,0.371519,0.371362,0.341883,0.37176,0.371519,0.37176,0.371362,0.371883,1,0,0.0876259,0,0.0796696,-0.0554009,-0.013063,0.129714,-0.228561,-0.037717,0.0523002,0.000718949,-0.078932,0.0612579,0.043252,-1.01562,-0.538253,11.3223,11.3805,0,44.4988
7.8,M1 +3% bias,-0.537407,0.715184,-0.0436408,0.0767737,0,0,-0.0769612,-0.0534109,-0.0451127,97.9944,98.1344,99.474,1.28049,nan,0.364957,0.372341,0.372657,0.342467,0.372206,0.372341,0.372206,0.372657,0.372467,1,0,0.0882822,0,0.0780487,-0.0574605,-0.0132099,0.130575,-0.230323,-0.0377163,0.0522528,0.000720233,-0.073231,0.0477581,0.0452512,-0.99703,-0.543079,11.5444,11.6001,0,44.5112
7.81,M1 +3% bias,-0.538069,0.715868,-0.043673,0.0771011,0,0,-0.0761906,-0.0517835,-0.0453763,97.9737,98.1137,99.4589,1.27694,nan,0.365745,0.371397,0.375068,0.340963,0.375394,0.371397,0.375394,0.375068,0.370963,1,0,0.0885761,0,0.0815957,-0.0570482,-0.0167472,0.130671,-0.231304,-0.0377427,0.0522196,0.000712439,-0.0709085,0.0484207,0.0401442,-0.964945,-0.497502,11.2939,11.3459,0,44.5425
7.82,M1 +3% bias,-0.538721,0.716535,-0.0436946,0.077451,0,0,-0.0753188,-0.0501743,-0.0446821,97.9529,98.0929,99.4718,1.29371,nan,0.366533,0.37386,0.374343,0.344379,0.373393,0.37386,0.373393,0.374343,0.374379,1,0,0.088896,0,0.0756844,-0.0576602,-0.0129653,0.130747,-0.232348,-0.0377703,0.0521838,0.000703578,-0.0619586,0.0520635,0.0401019,-0.979158,-0.33922,11.5064,11.553,0,44.5719
7.83,M1 +3% bias,-0.539353,0.71719,-0.0443497,0.077855,0,0,-0.074479,-0.0485231,-0.045703,97.9319,98.0719,99.4407,1.27832,nan,0.367322,0.374897,0.374774,0.344969,0.37449,0.374897,0.37449,0.374774,0.374969,1,0,0.0895748,0,0.0786349,-0.0572475,-0.0129216,0.132711,-0.233577,-0.0377305,0.0521497,0.00071707,-0.0574678,0.0407857,0.0460757,-1.07465,-0.455894,11.3191,11.3792,0,44.5789
7.84,M1 +3% bias,-0.539969,0.717833,-0.0443898,0.0785155,0,0,-0.0737943,-0.0468538,-0.045351,97.9108,98.0508,99.4536,1.29492,nan,0.368111,0.375376,0.375824,0.345105,0.375981,0.375376,0.375981,0.375824,0.375105,1,0,0.0901746,0,0.0807137,-0.0570611,-0.0137678,0.132826,-0.235563,-0.0377567,0.0520816,0.000707554,-0.0575612,0.0374614,0.046094,-1.05756,-0.50786,11.3932,11.4535,0,44.5905
7.85,M1 +3% bias,-0.540573,0.718461,-0.0443797,0.0786978,0,0,-0.0730892,-0.0452648,-0.0454034,97.8895,98.0295,99.4304,1.28527,nan,0.3689,0.376209,0.376722,0.346479,0.376032,0.376209,0.376032,0.376722,0.376479,1,0,0.0903146,0,0.077035,-0.0576394,-0.0132151,0.132774,-0.236093,-0.0377832,0.0520561,0.000697698,-0.0720981,0.0483835,0.0513041,-1.04647,-0.46025,11.4323,11.4893,0,44.626
7.86,M1 +3% bias,-0.541162,0.719076,-0.0446735,0.0791776,0,0,-0.0726154,-0.0438022,-0.0451751,97.868,98.008,99.4433,1.30202,nan,0.369689,0.377375,0.377394,0.347337,0.376492,0.377375,0.376492,0.377394,0.377337,1,0,0.0908832,0,0.0772884,-0.0586244,-0.0128231,0.133643,-0.237538,-0.0377805,0.0520063,0.00069773,-0.0757953,0.0446228,0.0443688,-0.899264,-0.503454,11.3095,11.3564,0,44.6369
7.87,M1 +3% bias,-0.541742,0.719678,-0.0451059,0.0798594,0,0,-0.072279,-0.0424281,-0.0444829,97.8464,97.9864,99.4306,1.29987,nan,0.370476,0.377966,0.378177,0.34816,0.377443,0.377966,0.377443,0.378177,0.37816,1,0,0.0916854,0,0.0771183,-0.0578675,-0.0129639,0.134972,-0.239583,-0.0377626,0.0519402,0.000702494,-0.0483306,0.0448443,0.0453206,-0.951941,-0.497833,11.4401,11.4904,0,44.6331
7.88,M1 +3% bias,-0.542319,0.720265,-0.045086,0.0806622,0,0,-0.0718809,-0.0409513,-0.0441005,97.8246,97.9646,99.4437,1.31661,nan,0.371259,0.37771,0.379782,0.347654,0.379735,0.37771,0.379735,0.379782,0.377654,1,0,0.0923876,0,0.0796075,-0.0570407,-0.0150108,0.134894,-0.242017,-0.0377921,0.0518533,0.000688068,-0.0563826,0.0263841,0.0463904,-1.11404,-0.500356,11.4364,11.5014,0,44.636
7.89,M1 +3% bias,-0.542889,0.720835,-0.0452174,0.0808838,0,0,-0.0713838,-0.0393278,-0.0432047,97.8027,97.9427,99.4149,1.30287,nan,0.37204,0.380507,0.378337,0.35039,0.378769,0.380507,0.378769,0.378337,0.38039,1,0,0.0926377,0,0.081037,-0.056245,-0.0115193,0.135286,-0.242647,-0.0378058,0.0518243,0.000681193,-0.056615,0.049629,0.0568794,-1.09776,-0.533817,11.4046,11.4697,0,44.6619
7.9,M1 +3% bias,-0.543445,0.721391,-0.0452999,0.0816,0,0,-0.0707548,-0.0376439,-0.0440726,97.7806,97.9206,99.428,1.31961,nan,0.372817,0.379073,0.381582,0.349326,0.381133,0.379073,0.381133,0.381582,0.379326,1,0,0.0932996,0,0.077717,-0.0572159,-0.0150831,0.135508,-0.244819,-0.0378251,0.0517452,0.000669974,-0.0685405,0.0336474,0.0388244,-1.09101,-0.587312,11.4311,11.498,0,44.6641
7.91,M1 +3% bias,-0.543984,0.721935,-0.0454781,0.0822848,0,0,-0.0700043,-0.0359636,-0.0440234,97.7584,97.8984,99.4147,1.3172,nan,0.373592,0.3822,0.380177,0.351831,0.380003,0.3822,0.380003,0.380177,0.381831,1,0,0.0939923,0,0.0800977,-0.0578726,-0.0114933,0.136024,-0.246885,-0.0378341,0.0516705,0.000663135,-0.076084,0.025532,0.0436786,-1.02232,-0.494575,11.4931,11.549,0,44.664
7.92,M1 +3% bias,-0.544506,0.722465,-0.0457097,0.0832193,0,0,-0.0691117,-0.0341602,-0.0440257,97.736,97.876,99.428,1.33392,nan,0.374363,0.38066,0.382953,0.350629,0.383056,0.38066,0.383056,0.382953,0.380629,1,0,0.0949215,0,0.0799346,-0.0567091,-0.01526,0.136732,-0.249679,-0.0378356,0.0515725,0.000657469,-0.0607057,0.0311011,0.0418108,-1.04159,-0.479881,11.4895,11.5466,0,44.6489
7.93,M1 +3% bias,-0.545016,0.722975,-0.0461329,0.0836623,0,0,-0.0682991,-0.0322256,-0.043132,97.7134,97.8534,99.3776,1.30493,nan,0.375131,0.382847,0.382641,0.352211,0.382674,0.382847,0.382674,0.382641,0.382211,1,0,0.0955177,0,0.0813542,-0.0579865,-0.013299,0.137996,-0.251012,-0.0378166,0.0515202,0.000663243,-0.0600414,0.0281445,0.0490617,-1.19211,-0.593134,11.4077,11.4851,0,44.6511
7.94,M1 +3% bias,-0.54551,0.723468,-0.0467792,0.0843684,0,0,-0.0673262,-0.0302267,-0.0441378,97.6907,97.8307,99.3907,1.32189,nan,0.375897,0.384118,0.383004,0.353467,0.382844,0.384118,0.382844,0.383004,0.383467,1,0,0.096452,0,0.0808832,-0.0583826,-0.0124223,0.139916,-0.253137,-0.0377749,0.0514453,0.000677888,-0.0639702,0.02449,0.0369253,-1.20789,-0.527983,11.4329,11.5086,0,44.6325
7.95,M1 +3% bias,-0.545979,0.723947,-0.0469949,0.0847099,0,0,-0.0662732,-0.0280444,-0.0438341,97.6679,97.8079,99.3562,1.30448,nan,0.376659,0.384751,0.383509,0.354569,0.383653,0.384751,0.383653,0.383509,0.384569,1,0,0.0968419,0,0.0804439,-0.0569174,-0.0122368,0.140553,-0.25416,-0.0377755,0.0513947,0.000673182,-0.067457,0.0253924,0.0418913,-1.11257,-0.594355,11.4373,11.5066,0,44.6432
7.96,M1 +3% bias,-0.546427,0.724407,-0.047268,0.0854293,0,0,-0.06508,-0.0258637,-0.0439979,97.6449,97.7849,99.3693,1.32169,nan,0.377417,0.384238,0.386265,0.353678,0.385337,0.384238,0.385337,0.386265,0.383678,1,0,0.0976122,0,0.0786047,-0.0596645,-0.0148064,0.141375,-0.256326,-0.0377709,0.0513078,0.000667129,-0.060398,0.0192289,0.0461238,-1.00558,-0.500734,11.4725,11.5273,0,44.6324
7.97,M1 +3% bias,-0.546855,0.724846,-0.0475773,0.0862266,0,0,-0.0638085,-0.0236344,-0.0434029,97.6217,97.7617,99.3097,1.28607,nan,0.378173,0.386437,0.385187,0.355892,0.385024,0.386437,0.385024,0.385187,0.385892,1,0,0.0984589,0,0.0805945,-0.0581842,-0.012255,0.142306,-0.258711,-0.0377615,0.0512129,0.000662893,-0.0513858,0.0235152,0.0466908,-1.09346,-0.528259,11.5413,11.605,0,44.6152
7.98,M1 +3% bias,-0.547261,0.725265,-0.0479527,0.0870413,0,0,-0.0624686,-0.0213795,-0.0433628,97.5984,97.7384,99.3226,1.30329,nan,0.378925,0.387161,0.385637,0.357045,0.385706,0.387161,0.385706,0.385637,0.387045,1,0,0.0993632,0,0.0800751,-0.0569333,-0.0119277,0.143411,-0.261177,-0.0377444,0.051115,0.000661821,-0.057289,0.00900062,0.0352439,-1.20782,-0.605042,11.3279,11.4082,0,44.5936
7.99,M1 +3% bias,-0.547643,0.725666,-0.0479573,0.0874348,0,0,-0.0611597,-0.0191705,-0.0436075,97.575,97.715,99.2705,1.27344,nan,0.379673,0.388454,0.386314,0.35759,0.386185,0.388454,0.386185,0.386314,0.38759,1,0,0.0997058,0,0.08153,-0.0587251,-0.0116279,0.143424,-0.262347,-0.0377648,0.0510468,0.000643623,-0.0560406,0.0145995,0.0478916,-1.30764,-0.641435,11.495,11.5869,0,44.6022
8,M1 +3% bias,-0.547999,0.726049,-0.0480258,0.0882386,0,0,-0.0598269,-0.0169119,-0.0439585,97.5514,97.6914,99.2834,1.29061,nan,0.380418,0.388322,0.387914,0.35812,0.387168,0.388322,0.387168,0.387914,0.38812,1,0,0.10044,0,0.0781389,-0.0586399,-0.0125878,0.143623,-0.264757,-0.0377797,0.0509407,0.000623572,-0.055217,0.0144882,0.0498187,-1.15088,-0.603935,11.3378,11.4121,0,44.5874
8.01,M1 +3% bias,-0.548331,0.726413,-0.0483018,0.0886222,0,0,-0.0586043,-0.0145532,-0.0438621,97.5276,97.6676,99.2444,1.27032,nan,0.381159,0.389768,0.38803,0.359535,0.387157,0.389768,0.387157,0.38803,0.389535,1,0,0.100911,0,0.0778815,-0.0589412,-0.0113771,0.144447,-0.265916,-0.0377665,0.0508769,0.000623853,-0.0542717,0.00877059,0.0525712,-1.14199,-0.486902,11.4701,11.5371,0,44.5854
8.02,M1 +3% bias,-0.548641,0.726756,-0.04885,0.0895061,0,0,-0.0574705,-0.0121181,-0.0437131,97.5037,97.6437,99.2571,1.28759,nan,0.381897,0.390029,0.389013,0.359613,0.388784,0.390029,0.388784,0.389013,0.389613,1,0,0.101946,0,0.0800777,-0.0580663,-0.0123748,0.146071,-0.268575,-0.0377288,0.0507689,0.000631782,-0.0577277,0.00445203,0.0433732,-1.20692,-0.534781,11.4388,11.5147,0,44.5494
8.03,M1 +3% bias,-0.548929,0.727078,-0.0492834,0.0896979,0,0,-0.0562892,-0.00978911,-0.0439197,97.4796,97.6196,99.2282,1.27478,nan,0.38263,0.390214,0.390437,0.359133,0.390591,0.390214,0.390591,0.390437,0.389133,1,0,0.102338,0,0.0828576,-0.0586016,-0.0139249,0.147381,-0.269154,-0.0376936,0.0507229,0.000645336,-0.0472913,0.00226911,0.0466923,-1.25024,-0.564333,11.514,11.5954,0,44.5491
8.04,M1 +3% bias,-0.549195,0.72738,-0.0497382,0.0906809,0,0,-0.055137,-0.00740726,-0.0429529,97.4555,97.5955,99.2411,1.29232,nan,0.38336,0.391771,0.390167,0.360956,0.390399,0.391771,0.390399,0.390167,0.390956,1,0,0.103398,0,0.0823599,-0.0579477,-0.0122358,0.148714,-0.272095,-0.037662,0.0506023,0.000645605,-0.057858,0.00769933,0.0379182,-1.21045,-0.675521,11.5179,11.601,0,44.508
8.05,M1 +3% bias,-0.549442,0.727659,-0.049814,0.0912851,0,0,-0.0538925,-0.00500751,-0.0431675,97.4311,97.5711,99.1845,1.25926,nan,0.384085,0.39285,0.390906,0.361938,0.390504,0.39285,0.390504,0.390906,0.391938,1,0,0.10398,0,0.0809336,-0.0593347,-0.0117011,0.148963,-0.273903,-0.0376682,0.0505075,0.000627958,-0.0377444,0.00993576,0.0303327,-1.03802,-0.451209,11.5325,11.5879,0,44.4951
8.06,M1 +3% bias,-0.549659,0.727921,-0.0503134,0.091935,0,0,-0.0525676,-0.0025305,-0.0442374,97.4066,97.5466,99.1971,1.27668,nan,0.384807,0.392305,0.39236,0.362214,0.392203,0.392305,0.392203,0.39236,0.392214,1,0,0.104784,0,0.0794068,-0.0573153,-0.0132055,0.150435,-0.275863,-0.0376293,0.050413,0.000636093,-0.0486994,0.00243833,0.0451285,-1.18386,-0.490723,11.5411,11.6121,0,44.4658
8.07,M1 +3% bias,-0.549847,0.728164,-0.0505426,0.0922227,0,0,-0.05122,-4.91888e-05,-0.0447219,97.382,97.522,99.1578,1.25644,nan,0.385524,0.393678,0.392705,0.362851,0.392717,0.393678,0.392717,0.392705,0.392851,1,0,0.105146,0,0.0818051,-0.0583876,-0.0126992,0.151122,-0.276731,-0.0376157,0.0503436,0.00063281,-0.0461436,-0.00026416,0.0458792,-1.35872,-0.640781,11.4044,11.5029,0,44.4607
8.08,M1 +3% bias,-0.550005,0.72839,-0.0508813,0.0934486,0,0,-0.0496681,0.00236369,-0.0449149,97.3572,97.4972,99.1704,1.27378,nan,0.386236,0.393575,0.394344,0.362923,0.393961,0.393575,0.393961,0.394344,0.392923,1,0,0.106388,0,0.0802944,-0.0588056,-0.0139798,0.152124,-0.280425,-0.0375996,0.0501891,0.000617192,-0.044515,-0.0125646,0.0505563,-1.41336,-0.731821,11.4997,11.6093,0,44.4048
8.09,M1 +3% bias,-0.550137,0.728593,-0.0506248,0.0937711,0,0,-0.0479025,0.00484698,-0.0444545,97.3323,97.4723,99.117,1.24338,nan,0.386945,0.395751,0.39366,0.365026,0.393202,0.395751,0.393202,0.39366,0.395026,1,0,0.106552,0,0.0802875,-0.0590857,-0.0114652,0.151358,-0.281394,-0.0376373,0.0501026,0.000579457,-0.0420229,-0.0151736,0.0520139,-1.23278,-0.643539,11.3856,11.4702,0,44.409
8.1,M1 +3% bias,-0.550242,0.728773,-0.0508223,0.0944297,0,0,-0.0460719,0.00737244,-0.0442669,97.3073,97.4473,99.1295,1.26072,nan,0.38765,0.395076,0.395352,0.36532,0.394712,0.395076,0.394712,0.395352,0.39532,1,0,0.107217,0,0.0772341,-0.0575955,-0.0130396,0.151947,-0.283351,-0.0376253,0.049994,0.000569453,-0.03746,-0.00285986,0.0465242,-1.35345,-0.603981,11.4886,11.5838,0,44.3815
8.11,M1 +3% bias,-0.550317,0.728932,-0.0513818,0.0948825,0,0,-0.0444679,0.00993346,-0.0443381,97.2821,97.4221,99.0844,1.23649,nan,0.388353,0.395935,0.396166,0.365012,0.39616,0.395935,0.39616,0.396166,0.395012,1,0,0.107893,0,0.0820172,-0.0586042,-0.0137918,0.15361,-0.284721,-0.0375704,0.0499142,0.000591489,-0.0403912,-0.0102544,0.044062,-1.4335,-0.629993,11.4098,11.5168,0,44.3517
8.12,M1 +3% bias,-0.550369,0.729066,-0.0514957,0.0958657,0,0,-0.0429216,0.0124853,-0.0432362,97.2567,97.3967,99.0969,1.25395,nan,0.389053,0.397056,0.396419,0.366512,0.396088,0.397056,0.396088,0.396419,0.396512,1,0,0.108807,0,0.080146,-0.0585016,-0.0127196,0.153942,-0.287671,-0.037567,0.0497684,0.000568058,-0.0380391,-0.0114325,0.0381257,-1.37386,-0.727131,11.4754,11.5802,0,44.3074
8.13,M1 +3% bias,-0.550399,0.729176,-0.0515329,0.0964994,0,0,-0.0416637,0.0149567,-0.0423341,97.2312,97.3712,99.0753,1.24674,nan,0.38975,0.397734,0.397078,0.367821,0.396228,0.397734,0.396228,0.397078,0.397821,1,0,0.109395,0,0.0770956,-0.0582917,-0.0121974,0.15404,-0.289591,-0.0375666,0.0496538,0.000547932,-0.0426981,-0.0253325,0.0431003,-1.30321,-0.58476,11.4287,11.5176,0,44.2808
8.14,M1 +3% bias,-0.550412,0.729261,-0.0515348,0.0969664,0,0,-0.0406317,0.0174775,-0.043092,97.2056,97.3456,99.0879,1.26428,nan,0.390443,0.397755,0.398557,0.367299,0.398024,0.397755,0.398024,0.398557,0.397299,1,0,0.1098,0,0.0793731,-0.0587179,-0.0138568,0.15406,-0.290993,-0.0375705,0.0495487,0.000526156,-0.0292463,-0.0269962,0.0387668,-1.31014,-0.534424,11.5287,11.6152,0,44.2618
8.15,M1 +3% bias,-0.550399,0.729325,-0.0517782,0.0970179,0,0,-0.0395582,0.0199885,-0.0427466,97.1799,97.3199,99.0587,1.25132,nan,0.391133,0.397715,0.399998,0.367591,0.399089,0.397715,0.399089,0.399998,0.397591,1,0,0.109963,0,0.0774966,-0.0588024,-0.0148474,0.154786,-0.291128,-0.0375393,0.0494903,0.000537176,-0.0301087,-0.0136553,0.040079,-1.48613,-0.759984,11.3039,11.4265,0,44.2545
8.16,M1 +3% bias,-0.550367,0.729368,-0.0520323,0.0978536,0,0,-0.0385989,0.0224105,-0.0431663,97.154,97.294,99.0713,1.26845,nan,0.391819,0.398283,0.40065,0.36765,0.400555,0.398283,0.400555,0.40065,0.39765,1,0,0.110825,0,0.0810086,-0.0582254,-0.0155031,0.155544,-0.293665,-0.0375147,0.0493555,0.000530843,-0.0254267,-0.0343736,0.0466238,-1.50116,-0.7802,11.4592,11.5834,0,44.207
8.17,M1 +3% bias,-0.550313,0.729391,-0.0521772,0.0983402,0,0,-0.0375805,0.0247415,-0.0424012,97.128,97.268,99.0567,1.26623,nan,0.3925,0.400305,0.400045,0.370316,0.399199,0.400305,0.399199,0.400045,0.400316,1,0,0.111313,0,0.0773041,-0.058427,-0.0125806,0.15596,-0.295102,-0.0374979,0.0492475,0.00052236,-0.0315162,-0.0190845,0.0366335,-1.30734,-0.607754,11.3859,11.4768,0,44.1784
8.18,M1 +3% bias,-0.55024,0.729393,-0.0525425,0.0993017,0,0,-0.0367797,0.0269154,-0.0422914,97.1018,97.2418,99.0695,1.28364,nan,0.393178,0.399583,0.401988,0.36999,0.401016,0.399583,0.401016,0.401988,0.39999,1,0,0.112345,0,0.0759212,-0.0579147,-0.0146939,0.157053,-0.297985,-0.0374576,0.0490999,0.000521241,-0.0239746,-0.0197821,0.04663,-1.33264,-0.593563,11.4949,11.5871,0,44.1186
8.19,M1 +3% bias,-0.550154,0.729376,-0.0527659,0.0994584,0,0,-0.0362421,0.0289304,-0.041994,97.0755,97.2155,99.0453,1.27391,nan,0.393851,0.401235,0.402029,0.370255,0.401749,0.401235,0.401749,0.402029,0.400255,1,0,0.112578,0,0.0814376,-0.0592323,-0.0141912,0.157719,-0.298477,-0.0374305,0.0490235,0.000524908,-0.0240836,-0.0344064,0.0507187,-1.56905,-0.660801,11.283,11.4108,0,44.1011
8.2,M1 +3% bias,-0.550053,0.729341,-0.0530257,0.100478,0,0,-0.0357004,0.0310553,-0.0423663,97.0491,97.1891,99.0581,1.29118,nan,0.394519,0.404355,0.400036,0.373695,0.399858,0.404355,0.399858,0.400036,0.403695,1,0,0.11361,0,0.08086,-0.0584304,-0.00960121,0.158467,-0.301545,-0.0374047,0.048864,0.000511227,-0.0341745,-0.0408244,0.0432371,-1.47836,-0.767466,11.4665,11.5869,0,44.0392
8.21,M1 +3% bias,-0.549927,0.729294,-0.0529934,0.100816,0,0,-0.0350848,0.0331562,-0.0435198,97.0225,97.1625,99.0198,1.27136,nan,0.395183,0.402736,0.403292,0.372414,0.402158,0.402736,0.402158,0.403292,0.402414,1,0,0.113887,0,0.0774276,-0.0596029,-0.0133174,0.158363,-0.302555,-0.0374051,0.0487572,0.000488639,-0.0352125,-0.0388504,0.0313814,-1.31743,-0.647056,11.4239,11.5178,0,44.018
8.22,M1 +3% bias,-0.549786,0.729229,-0.0531019,0.101716,0,0,-0.0344691,0.0352107,-0.0437905,96.9958,97.1358,99.0326,1.28847,nan,0.395843,0.40223,0.404771,0.371704,0.404533,0.40223,0.404533,0.404771,0.401704,1,0,0.114744,0,0.0803446,-0.058291,-0.0155461,0.158696,-0.305253,-0.0373966,0.0485999,0.000460782,-0.0230316,-0.0405657,0.0389922,-1.34835,-0.589236,11.4811,11.575,0,43.964
8.23,M1 +3% bias,-0.549631,0.729145,-0.0533965,0.102126,0,0,-0.0337331,0.0372166,-0.0419979,96.969,97.109,98.9846,1.26163,nan,0.396497,0.404065,0.404084,0.373847,0.403862,0.404065,0.403862,0.404084,0.403847,1,0,0.11525,0,0.0795705,-0.0576773,-0.0132007,0.159573,-0.306504,-0.0373596,0.0484938,0.000466117,-0.0221122,-0.053435,0.0407065,-1.51192,-0.683532,11.3926,11.5128,0,43.9272
8.24,M1 +3% bias,-0.549469,0.729038,-0.0538327,0.102998,0,0,-0.0329849,0.0391404,-0.0416011,96.942,97.082,98.9973,1.27891,nan,0.397147,0.405134,0.404371,0.374539,0.404415,0.405134,0.404415,0.404371,0.404539,1,0,0.116215,0,0.0812728,-0.0578876,-0.0127959,0.160848,-0.309104,-0.0373094,0.0483482,0.000473096,-0.0347371,-0.0434986,0.050444,-1.4123,-0.747521,11.4034,11.5148,0,43.8625
8.25,M1 +3% bias,-0.549288,0.728916,-0.053928,0.10364,0,0,-0.0323469,0.0410727,-0.0427092,96.9149,97.0549,98.9493,1.25217,nan,0.397792,0.40601,0.405231,0.375523,0.404273,0.40601,0.404273,0.405231,0.405523,1,0,0.116831,0,0.078331,-0.059583,-0.0122941,0.161125,-0.311034,-0.037297,0.0482109,0.000451515,-0.0343481,-0.0494247,0.0495878,-1.45623,-0.656895,11.4601,11.5709,0,43.818
8.26,M1 +3% bias,-0.549089,0.72878,-0.0543448,0.104468,0,0,-0.0317622,0.0430516,-0.0419314,96.8877,97.0277,98.9619,1.26946,nan,0.398431,0.406464,0.405545,0.376357,0.405232,0.406464,0.405232,0.405545,0.406357,1,0,0.117753,0,0.0790346,-0.0576406,-0.0122874,0.162378,-0.313522,-0.0372502,0.0480632,0.000454568,-0.0213787,-0.0519358,0.0465908,-1.48031,-0.59991,11.3657,11.4774,0,43.7538
8.27,M1 +3% bias,-0.548876,0.728626,-0.0542008,0.104726,0,0,-0.0310474,0.0450065,-0.0429658,96.8603,97.0003,98.9398,1.26153,nan,0.399066,0.407949,0.405292,0.377492,0.405405,0.407949,0.405405,0.405292,0.407492,1,0,0.117915,0,0.0810893,-0.0574947,-0.0111004,0.161931,-0.314286,-0.0372599,0.0479526,0.000419685,-0.0297552,-0.0457233,0.0407573,-1.52896,-0.765865,11.5098,11.6361,0,43.7327
8.28,M1 +3% bias,-0.548636,0.728462,-0.0546617,0.105788,0,0,-0.0303719,0.0468872,-0.0435506,96.8329,96.9729,98.9525,1.27886,nan,0.399695,0.40786,0.407179,0.376946,0.406672,0.40786,0.406672,0.407179,0.406946,1,0,0.119076,0,0.0806615,-0.0595366,-0.0127663,0.163297,-0.317489,-0.0372068,0.0477855,0.000423128,-0.0282085,-0.0582839,0.0467718,-1.43406,-0.742321,11.422,11.5356,0,43.6534
8.29,M1 +3% bias,-0.548385,0.72828,-0.0552384,0.106513,0,0,-0.0296319,0.0488703,-0.0425564,96.8053,96.9453,98.9046,1.25215,nan,0.400319,0.408617,0.407721,0.377326,0.407489,0.408617,0.407489,0.407721,0.407326,1,0,0.119978,0,0.0823892,-0.0597311,-0.0128635,0.165018,-0.319639,-0.0371364,0.0476487,0.000448735,-0.0225682,-0.0408665,0.0446153,-1.39356,-0.628997,11.4483,11.55,0,43.5861
8.3,M1 +3% bias,-0.548119,0.728077,-0.056087,0.107755,0,0,-0.0286915,0.0510284,-0.0426899,96.7776,96.9176,98.9172,1.26953,nan,0.400938,0.407457,0.410261,0.375786,0.410127,0.407457,0.410127,0.410261,0.405786,1,0,0.121478,0,0.0836577,-0.0602635,-0.0163263,0.167533,-0.323396,-0.0370442,0.0474729,0.000480698,-0.023656,-0.0616398,0.0449907,-1.65895,-0.706572,11.3901,11.5319,0,43.4843
8.31,M1 +3% bias,-0.547837,0.727852,-0.0560353,0.108157,0,0,-0.0274138,0.0534381,-0.0421785,96.7497,96.8897,98.8676,1.24143,nan,0.401552,0.409774,0.409013,0.378563,0.408735,0.409774,0.408735,0.409013,0.408563,1,0,0.121817,0,0.0820549,-0.059664,-0.0129268,0.16738,-0.324603,-0.0370431,0.0473449,0.000446028,-0.0191682,-0.064615,0.0406742,-1.57968,-0.844555,11.452,11.5912,0,43.4484
8.32,M1 +3% bias,-0.54753,0.727605,-0.0563757,0.10944,0,0,-0.0260066,0.0560086,-0.0427324,96.7217,96.8617,98.8801,1.25885,nan,0.402159,0.409799,0.409934,0.379201,0.409583,0.409799,0.409583,0.409934,0.409201,1,0,0.123111,0,0.0802353,-0.0586421,-0.0134126,0.168399,-0.32844,-0.0370037,0.0471432,0.000424128,-0.00675226,-0.0588146,0.051222,-1.47365,-0.649989,11.3423,11.4561,0,43.3564
8.33,M1 +3% bias,-0.547193,0.727339,-0.0566138,0.109817,0,0,-0.0244265,0.058612,-0.0422355,96.6937,96.8337,98.8368,1.23558,nan,0.402761,0.408925,0.412094,0.378493,0.411414,0.408925,0.411414,0.412094,0.408493,1,0,0.123542,0,0.0789212,-0.0589499,-0.0158625,0.169087,-0.329578,-0.0369696,0.0470195,0.000420003,-0.0185599,-0.0626778,0.0517029,-1.59444,-0.739306,11.3735,11.5085,0,43.3099
8.34,M1 +3% bias,-0.546837,0.727043,-0.0567848,0.110973,0,0,-0.0227956,0.0612091,-0.0414663,96.6654,96.8054,98.8493,1.25268,nan,0.403357,0.411127,0.411042,0.379808,0.411334,0.411127,0.411334,0.411042,0.409808,1,0,0.12465,0,0.0838496,-0.0587901,-0.0138191,0.169572,-0.333038,-0.0369487,0.0468217,0.000384044,-0.0233204,-0.0598728,0.039616,-1.65803,-0.873647,11.4641,11.6163,0,43.2256
8.35,M1 +3% bias,-0.546457,0.726724,-0.0568114,0.111642,0,0,-0.0211971,0.0636533,-0.0400155,96.6371,96.7771,98.7754,1.20731,nan,0.403948,0.412163,0.411443,0.381066,0.411003,0.412163,0.411003,0.411443,0.411066,1,0,0.125259,0,0.0813194,-0.0597562,-0.0128417,0.169659,-0.33504,-0.0369339,0.046663,0.000353699,-0.010423,-0.0575932,0.0267278,-1.53631,-0.719453,11.4125,11.5379,0,43.1677
8.36,M1 +3% bias,-0.546056,0.726379,-0.0574068,0.112997,0,0,-0.0197153,0.0662625,-0.0408048,96.6087,96.7487,98.7875,1.2244,nan,0.404533,0.412486,0.411948,0.381954,0.411628,0.412486,0.411628,0.411948,0.411954,1,0,0.126743,0,0.0801438,-0.0584572,-0.0128058,0.171433,-0.339117,-0.0368601,0.0464581,0.000364835,-0.000340652,-0.0671312,0.0400859,-1.66665,-0.799736,11.3227,11.4726,0,43.0579
8.37,M1 +3% bias,-0.545626,0.726013,-0.0574793,0.11309,0,0,-0.0182743,0.0689312,-0.0402408,96.5801,96.7201,98.7368,1.19574,nan,0.405112,0.413792,0.412219,0.38233,0.411994,0.413792,0.411994,0.412219,0.41233,1,0,0.126858,0,0.0828611,-0.0600408,-0.0123464,0.171621,-0.339405,-0.036833,0.0463516,0.000359427,-0.017684,-0.0730837,0.0311213,-1.65711,-0.883815,11.3696,11.5237,0,43.0233
8.38,M1 +3% bias,-0.545171,0.725623,-0.0576336,0.114321,0,0,-0.0167427,0.0716515,-0.0405459,96.5514,96.6914,98.7489,1.21277,nan,0.405685,0.413733,0.413334,0.383174,0.412388,0.413733,0.412388,0.413334,0.413174,1,0,0.128022,0,0.0785535,-0.0596953,-0.0126647,0.172077,-0.343085,-0.0368056,0.0461405,0.000322999,-0.00952481,-0.0666975,0.0398885,-1.53185,-0.692684,11.3472,11.471,0,42.929
8.39,M1 +3% bias,-0.544686,0.725211,-0.0580661,0.114854,0,0,-0.0154223,0.0744272,-0.0409772,96.5227,96.6627,98.7007,1.18623,nan,0.406252,0.413643,0.41429,0.383123,0.41384,0.413643,0.41384,0.41429,0.413123,1,0,0.128699,0,0.0797647,-0.058681,-0.0137853,0.173371,-0.344703,-0.0367391,0.0460004,0.000346788,-0.00175057,-0.0800266,0.0392409,-1.70889,-0.667105,11.3907,11.5375,0,42.859
8.4,M1 +3% bias,-0.544179,0.724773,-0.05818,0.115825,0,0,-0.0141521,0.0772691,-0.0403036,96.4938,96.6338,98.7127,1.20321,nan,0.406812,0.414276,0.414955,0.382964,0.414943,0.414276,0.414943,0.414955,0.412964,1,0,0.129619,0,0.0830303,-0.0593535,-0.0143539,0.173686,-0.347616,-0.0367146,0.0458072,0.000313418,-0.00880052,-0.0821267,0.0421403,-1.75281,-0.792003,11.4461,11.6066,0,42.775
8.41,M1 +3% bias,-0.543649,0.724309,-0.0581162,0.116389,0,0,-0.0129049,0.0800929,-0.039966,96.4647,96.6047,98.6691,1.17998,nan,0.407366,0.41521,0.415281,0.383987,0.414874,0.41521,0.414874,0.415281,0.413987,1,0,0.130089,0,0.0817457,-0.0599315,-0.0136069,0.173487,-0.349311,-0.0367,0.0456474,0.0002802,-0.00819127,-0.0859641,0.0328651,-1.63052,-0.698264,11.3034,11.4417,0,42.7144
8.42,M1 +3% bias,-0.543097,0.723819,-0.0588779,0.117502,0,0,-0.0119298,0.0829575,-0.0404993,96.4356,96.5756,98.681,1.19698,nan,0.407912,0.417075,0.414706,0.385929,0.413829,0.417075,0.413829,0.414706,0.415929,1,0,0.131434,0,0.0802925,-0.0606758,-0.0112219,0.175764,-0.352647,-0.036598,0.0454581,0.000323623,0.00619343,-0.0851292,0.0375714,-1.85499,-0.652228,11.2536,11.4241,0,42.6012
8.43,M1 +3% bias,-0.542518,0.723307,-0.0590149,0.117829,0,0,-0.011088,0.0859437,-0.0409621,96.4064,96.5464,98.639,1.17487,nan,0.408451,0.415822,0.416895,0.384673,0.416308,0.415822,0.416308,0.416895,0.414673,1,0,0.131787,0,0.0810712,-0.0601307,-0.014376,0.176151,-0.353635,-0.0365602,0.0453226,0.000317921,-0.00592143,-0.0909839,0.0467422,-1.76667,-0.886666,11.3706,11.5411,0,42.5429
8.44,M1 +3% bias,-0.541921,0.722768,-0.0595638,0.11908,0,0,-0.0103263,0.0889958,-0.0404601,96.377,96.517,98.6508,1.19191,nan,0.408983,0.415246,0.418522,0.384889,0.41717,0.415246,0.41717,0.418522,0.414889,1,0,0.133144,0,0.0769422,-0.0600824,-0.0156284,0.177779,-0.357374,-0.036482,0.0451095,0.000326462,0.000776857,-0.0823706,0.047926,-1.6592,-0.743101,11.2852,11.4307,0,42.4257
8.45,M1 +3% bias,-0.54131,0.722198,-0.05993,0.119529,0,0,-0.00971693,0.0919938,-0.039826,96.3476,96.4876,98.5877,1.15467,nan,0.409508,0.418101,0.416738,0.387337,0.415751,0.418101,0.415751,0.416738,0.417337,1,0,0.133719,0,0.0789899,-0.0601619,-0.0118892,0.178868,-0.358746,-0.0364158,0.0449647,0.000346114,0.00399712,-0.099649,0.0457225,-1.89235,-0.860927,11.296,11.4857,0,42.3514
8.46,M1 +3% bias,-0.540675,0.721606,-0.060212,0.120885,0,0,-0.0089738,0.0949939,-0.0411522,96.3181,96.4581,98.5993,1.17173,nan,0.410024,0.418586,0.417631,0.387163,0.416614,0.418586,0.416614,0.417631,0.417163,1,0,0.135055,0,0.0806589,-0.0614674,-0.0125248,0.179671,-0.362805,-0.0363721,0.0447264,0.000310209,-0.00558512,-0.0964226,0.0376965,-1.75393,-0.892483,11.3024,11.4725,0,42.2335
8.47,M1 +3% bias,-0.540013,0.720991,-0.060441,0.121588,0,0,-0.00819468,0.0980657,-0.0415253,96.2884,96.4284,98.5624,1.15332,nan,0.410533,0.418294,0.418755,0.386847,0.418136,0.418294,0.418136,0.418755,0.416847,1,0,0.135784,0,0.081778,-0.0607578,-0.0139553,0.18036,-0.36491,-0.036325,0.0445473,0.000298951,0.00574322,-0.0937807,0.0363515,-1.79437,-0.788741,11.4345,11.6013,0,42.1473
8.48,M1 +3% bias,-0.539328,0.720351,-0.0608441,0.122908,0,0,-0.00730847,0.101199,-0.0414833,96.2587,96.3987,98.574,1.17022,nan,0.411034,0.41862,0.4188,0.387984,0.418633,0.41862,0.418633,0.4188,0.417984,1,0,0.137155,0,0.0808229,-0.0583669,-0.0135502,0.181535,-0.368897,-0.0362668,0.0443109,0.00027908,0.00136847,-0.117055,0.0492697,-1.82957,-0.970083,11.3574,11.5447,0,42.0242
8.49,M1 +3% bias,-0.538624,0.719681,-0.0609096,0.123166,0,0,-0.0062969,0.104318,-0.040918,96.2288,96.3688,98.5213,1.14045,nan,0.411527,0.419321,0.419778,0.38852,0.418391,0.419321,0.418391,0.419778,0.41852,1,0,0.137407,0,0.0780277,-0.0609909,-0.01333,0.181715,-0.369652,-0.0362316,0.0441632,0.000264769,-0.0044847,-0.103972,0.0357321,-1.78636,-0.843219,11.2816,11.4532,0,41.961
8.5,M1 +3% bias,-0.537898,0.718983,-0.0614952,0.124383,0,0,-0.00516538,0.10739,-0.0406655,96.1989,96.3389,98.5328,1.15734,nan,0.412011,0.419728,0.420124,0.388469,0.419628,0.419728,0.419628,0.420124,0.418469,1,0,0.138762,0,0.0816077,-0.0601705,-0.0138692,0.183447,-0.373312,-0.036151,0.043939,0.000272906,-0.00155874,-0.111687,0.0490857,-1.95736,-0.861211,11.2133,11.4154,0,41.8339
8.51,M1 +3% bias,-0.53715,0.718257,-0.0614242,0.12465,0,0,-0.00396921,0.110402,-0.0413592,96.1688,96.3088,98.4725,1.12228,nan,0.412487,0.421328,0.419655,0.390006,0.418866,0.421328,0.418866,0.419655,0.420006,1,0,0.138968,0,0.0809934,-0.0608425,-0.0119491,0.183222,-0.374109,-0.0361304,0.0437831,0.000238866,-0.00672597,-0.108978,0.0424851,-1.84063,-0.927534,11.3495,11.5351,0,41.7705
8.52,M1 +3% bias,-0.536375,0.717508,-0.0617722,0.125761,0,0,-0.00289822,0.113424,-0.0408277,96.1387,96.2787,98.4839,1.13928,nan,0.412954,0.421758,0.420117,0.390442,0.419408,0.421758,0.419408,0.420117,0.420442,1,0,0.14012,0,0.0811884,-0.0606806,-0.01201,0.184242,-0.377447,-0.0360706,0.0435579,0.000223016,-0.00530647,-0.114635,0.0434951,-1.80714,-0.725178,11.4359,11.6005,0,41.6519
8.53,M1 +3% bias,-0.53558,0.71673,-0.0619679,0.126003,0,0,-0.00187117,0.116269,-0.040774,96.1084,96.2484,98.4258,1.10588,nan,0.413413,0.421729,0.420733,0.390643,0.420455,0.421729,0.420455,0.420733,0.420643,1,0,0.140426,0,0.0817265,-0.0594279,-0.0126653,0.184837,-0.378196,-0.0360183,0.0434073,0.000226151,0.00546364,-0.131205,0.0447386,-1.87478,-0.991187,11.3616,11.5578,0,41.5785
8.54,M1 +3% bias,-0.534764,0.715929,-0.062333,0.127375,0,0,-0.000946261,0.118996,-0.0409241,96.0781,96.2181,98.437,1.12295,nan,0.413862,0.420629,0.422983,0.38938,0.422367,0.420629,0.422367,0.422983,0.41938,1,0,0.141813,0,0.0812588,-0.060377,-0.015533,0.185899,-0.382283,-0.0359603,0.0431498,0.000194998,0.00557576,-0.114496,0.0337923,-1.75317,-0.72368,11.3108,11.4687,0,41.4432
8.55,M1 +3% bias,-0.533936,0.715099,-0.0624815,0.127481,0,0,-8.25309e-05,0.121586,-0.0403481,96.0477,96.1877,98.3818,1.09186,nan,0.414302,0.421496,0.422958,0.390633,0.422035,0.421496,0.422035,0.422958,0.420633,1,0,0.141981,0,0.07942,-0.0602287,-0.0144444,0.186338,-0.382619,-0.03591,0.043007,0.000198749,0.00262573,-0.126647,0.0455196,-2.01142,-0.865329,11.2518,11.4628,0,41.3746
8.56,M1 +3% bias,-0.533095,0.714243,-0.0628697,0.128891,0,0,0.000808229,0.124195,-0.0384565,96.0172,96.1572,98.3928,1.10875,nan,0.414733,0.42289,0.422388,0.391642,0.421928,0.42289,0.421928,0.422388,0.421642,1,0,0.143411,0,0.0816732,-0.0600814,-0.0130908,0.187462,-0.386835,-0.0358487,0.0427465,0.00017075,-0.000562288,-0.120191,0.0325736,-1.9075,-0.843765,11.28,11.4712,0,41.2337
8.57,M1 +3% bias,-0.532241,0.71336,-0.063645,0.129301,0,0,0.00184636,0.12661,-0.0396897,95.9866,96.1266,98.3415,1.08068,nan,0.415155,0.423074,0.422782,0.392269,0.422412,0.423074,0.422412,0.422782,0.422269,1,0,0.144116,0,0.0807329,-0.0590689,-0.0131205,0.189782,-0.388082,-0.0357331,0.0425901,0.000245827,0.00931995,-0.129097,0.0470807,-1.98048,-0.942272,11.2914,11.5024,0,41.1291
8.58,M1 +3% bias,-0.531359,0.712461,-0.0638685,0.130563,0,0,0.00295529,0.129027,-0.0400006,95.956,96.096,98.3524,1.09763,nan,0.415568,0.423205,0.423548,0.391573,0.423864,0.423205,0.423864,0.423548,0.421573,1,0,0.14535,0,0.0847481,-0.0593377,-0.0143435,0.190408,-0.391875,-0.0356875,0.0423333,0.000196347,-0.000724508,-0.136878,0.0412839,-1.9133,-0.879728,11.2376,11.4332,0,40.9972
8.59,M1 +3% bias,-0.530462,0.711539,-0.0641945,0.13097,0,0,0.00417495,0.131257,-0.0387288,95.9252,96.0652,98.2581,1.03849,nan,0.415971,0.422625,0.424773,0.391599,0.424806,0.422625,0.424806,0.424773,0.421599,1,0,0.145864,0,0.0823897,-0.058726,-0.0155397,0.191377,-0.393094,-0.035621,0.0421582,0.000205834,0.00475757,-0.135941,0.0248883,-2.02518,-0.795972,11.2517,11.4602,0,40.9028
8.6,M1 +3% bias,-0.529556,0.710589,-0.0647769,0.132379,0,0,0.00559496,0.133586,-0.0375372,95.8944,96.0344,98.2686,1.05559,nan,0.416364,0.42465,0.424197,0.393038,0.423493,0.42465,0.423493,0.424197,0.423038,1,0,0.147379,0,0.0819892,-0.0612346,-0.0131867,0.193095,-0.397316,-0.0355334,0.0418996,0.00020511,0.00976374,-0.135115,0.0423896,-1.89446,-0.920303,11.2227,11.4186,0,40.7505
8.61,M1 +3% bias,-0.528626,0.709617,-0.0654416,0.132851,0,0,0.00705116,0.136253,-0.0379439,95.8635,96.0035,98.207,1.02024,nan,0.416748,0.423939,0.425367,0.393037,0.424574,0.423939,0.424574,0.425367,0.423037,1,0,0.148098,0,0.0798681,-0.0600561,-0.0144892,0.195061,-0.398747,-0.035429,0.0417274,0.000259745,0.00609191,-0.145216,0.0453564,-2.00453,-0.799728,11.2966,11.5009,0,40.64
8.62,M1 +3% bias,-0.527675,0.708617,-0.065677,0.13417,0,0,0.00865321,0.139091,-0.0373871,95.8325,95.9725,98.2173,1.03733,nan,0.417122,0.425655,0.42448,0.394233,0.424047,0.425655,0.424047,0.42448,0.424233,1,0,0.14938,0,0.0822039,-0.0603583,-0.0125874,0.195727,-0.402687,-0.0353776,0.0414609,0.00020667,0.00263294,-0.135074,0.0223389,-1.93397,-0.985147,11.2913,11.498,0,40.4986
8.63,M1 +3% bias,-0.526695,0.707594,-0.0658922,0.13413,0,0,0.0102769,0.141976,-0.0384495,95.8014,95.9414,98.1755,1.01658,nan,0.417486,0.425464,0.425693,0.393771,0.424946,0.425464,0.424946,0.425693,0.423771,1,0,0.149447,0,0.0820913,-0.0614663,-0.0138032,0.19642,-0.402577,-0.0353132,0.0413168,0.000224228,0.0335305,-0.142722,0.0501132,-2.14954,-0.911332,11.21,11.4506,0,40.4224
8.64,M1 +3% bias,-0.525686,0.706547,-0.0661878,0.135351,0,0,0.0118633,0.144937,-0.0391247,95.7703,95.9103,98.1858,1.03375,nan,0.417841,0.426841,0.424749,0.395639,0.424063,0.426841,0.424063,0.424749,0.425639,1,0,0.150665,0,0.0809502,-0.0604212,-0.0115736,0.197245,-0.406233,-0.0352481,0.0410582,0.000192131,0.0134152,-0.141448,0.0460923,-1.98962,-1.0169,11.2628,11.4823,0,40.2804
8.65,M1 +3% bias,-0.524645,0.705478,-0.0668172,0.135583,0,0,0.0132735,0.147815,-0.0388525,95.7391,95.8791,98.1342,1.00604,nan,0.418185,0.426239,0.425777,0.395335,0.42532,0.426239,0.42532,0.425777,0.425335,1,0,0.151153,0,0.0807666,-0.0594213,-0.0129758,0.199119,-0.406937,-0.0351409,0.0408994,0.000257083,0.0176224,-0.14541,0.0402939,-2.16149,-0.976423,11.2295,11.4772,0,40.1753
8.66,M1 +3% bias,-0.523583,0.704383,-0.0672021,0.137082,0,0,0.0145623,0.150657,-0.0388173,95.7079,95.8479,98.1444,1.02301,nan,0.418518,0.426251,0.426932,0.394529,0.426296,0.426251,0.426296,0.426932,0.424529,1,0,0.15267,0,0.082461,-0.0613119,-0.0142612,0.200229,-0.41144,-0.0350716,0.0406114,0.000212203,0.0134152,-0.153707,0.0427188,-1.90764,-0.978336,11.2224,11.4253,0,40.0133
8.67,M1 +3% bias,-0.5225,0.70326,-0.0674557,0.137258,0,0,0.0159127,0.153607,-0.0387156,95.6765,95.8165,98.0988,0.999831,nan,0.418842,0.427114,0.426059,0.396153,0.425977,0.427114,0.425977,0.426059,0.426153,1,0,0.152942,0,0.0819167,-0.0588207,-0.0126449,0.200985,-0.411988,-0.0350034,0.0404406,0.000220715,0.0151257,-0.167524,0.0528743,-2.2014,-1.0457,11.3085,11.5682,0,39.9181
8.68,M1 +3% bias,-0.521396,0.702108,-0.0679977,0.138755,0,0,0.0173154,0.156607,-0.0380957,95.6451,95.7851,98.1089,1.01717,nan,0.419154,0.42685,0.427293,0.395738,0.426676,0.42685,0.426676,0.427293,0.425738,1,0,0.154525,0,0.0808936,-0.0601198,-0.0137931,0.202568,-0.416467,-0.0349133,0.0401514,0.000200477,0.0192821,-0.159243,0.0292614,-1.95458,-0.780423,11.4648,11.6564,0,39.748
8.69,M1 +3% bias,-0.520272,0.700928,-0.068215,0.139019,0,0,0.0187169,0.159449,-0.0381819,95.6137,95.7537,98.0474,0.98231,nan,0.419456,0.428394,0.426445,0.396501,0.426426,0.428394,0.426426,0.426445,0.426501,1,0,0.15486,0,0.0845511,-0.0604676,-0.012296,0.203209,-0.41727,-0.0348461,0.0399672,0.000200402,0.0171549,-0.168693,0.0476027,-2.21101,-0.97955,11.3511,11.6059,0,39.6458
8.7,M1 +3% bias,-0.519122,0.699725,-0.0689056,0.140834,0,0,0.0201313,0.162263,-0.0388854,95.5822,95.7222,98.0573,0.999589,nan,0.419747,0.428631,0.427011,0.396835,0.426454,0.428631,0.426454,0.427011,0.426835,1,0,0.156797,0,0.082866,-0.0613013,-0.0123063,0.205251,-0.422712,-0.0347399,0.0396481,0.000185753,0.0346866,-0.170978,0.0462246,-2.08965,-0.829652,11.3301,11.551,0,39.4524
8.71,M1 +3% bias,-0.517947,0.698498,-0.0691705,0.140935,0,0,0.0215518,0.164866,-0.0387488,95.5506,95.6906,97.9989,0.967381,nan,0.420027,0.426854,0.429204,0.395473,0.428523,0.426854,0.428523,0.429204,0.425473,1,0,0.157,0,0.0814381,-0.0607523,-0.0155591,0.206018,-0.423023,-0.034663,0.039476,0.00020322,0.0234497,-0.174859,0.0358046,-2.16107,-1.0557,11.3094,11.5623,0,39.3533
8.72,M1 +3% bias,-0.516759,0.697243,-0.0696996,0.14277,0,0,0.0229437,0.1674,-0.0379502,95.519,95.659,98.0087,0.984768,nan,0.420296,0.428467,0.428192,0.397048,0.427426,0.428467,0.427426,0.428192,0.427048,1,0,0.158886,0,0.0813117,-0.060984,-0.013231,0.20756,-0.428524,-0.0345738,0.0391492,0.000161288,0.0282211,-0.177509,0.0419278,-2.26115,-0.942457,11.2395,11.5034,0,39.1602
8.73,M1 +3% bias,-0.51555,0.695964,-0.0698644,0.143323,0,0,0.0243863,0.169862,-0.0371581,95.4873,95.6273,97.9454,0.949155,nan,0.420554,0.428892,0.428593,0.397392,0.427288,0.428892,0.427288,0.428593,0.427392,1,0,0.159445,0,0.0800979,-0.0621591,-0.0130084,0.208034,-0.430175,-0.0345085,0.0389304,0.000141504,0.0254974,-0.173527,0.04234,-2.00502,-0.867603,11.2644,11.4743,0,39.0386
8.74,M1 +3% bias,-0.514327,0.694657,-0.0705107,0.144824,0,0,0.0258289,0.172745,-0.0367014,95.4556,95.5956,97.9549,0.966449,nan,0.4208,0.430237,0.427407,0.398205,0.427305,0.430237,0.427305,0.427407,0.428205,1,0,0.161086,0,0.0847029,-0.0608857,-0.0115468,0.209928,-0.434706,-0.0344037,0.0386376,0.000138313,0.0306706,-0.19568,0.0327627,-2.21091,-1.0285,11.3844,11.6427,0,38.8553
8.75,M1 +3% bias,-0.513083,0.693321,-0.0708644,0.14502,0,0,0.0271548,0.175823,-0.0367079,95.4238,95.5638,97.9027,0.938815,nan,0.421035,0.429383,0.428878,0.397346,0.428489,0.429383,0.428489,0.428878,0.427346,1,0,0.161403,0,0.0839508,-0.0614389,-0.0134662,0.210979,-0.435257,-0.0343147,0.0384538,0.000168958,0.0332809,-0.168039,0.0297879,-2.29797,-0.88957,11.2749,11.541,0,38.7422
8.76,M1 +3% bias,-0.511817,0.691956,-0.0710354,0.146347,0,0,0.0285003,0.178898,-0.0371713,95.392,95.532,97.9123,0.956278,nan,0.421259,0.429185,0.430034,0.396542,0.429231,0.429185,0.429231,0.430034,0.426542,1,0,0.162678,0,0.0844629,-0.0633755,-0.0147412,0.211459,-0.439258,-0.0342522,0.0381597,0.000103185,0.0343625,-0.187016,0.0348071,-2.14175,-0.992536,11.2373,11.4826,0,38.5772
8.77,M1 +3% bias,-0.510527,0.690564,-0.0714989,0.146857,0,0,0.0299212,0.182096,-0.0371112,95.3601,95.5001,97.8621,0.930307,nan,0.421471,0.429592,0.429248,0.398023,0.428979,0.429592,0.428979,0.429248,0.428023,1,0,0.163334,0,0.0830311,-0.0603266,-0.0134549,0.212815,-0.440794,-0.0341558,0.037945,0.000127666,0.0255459,-0.193084,0.0479063,-2.35598,-1.12516,11.2574,11.5562,0,38.4418
8.78,M1 +3% bias,-0.509216,0.689142,-0.0719554,0.148764,0,0,0.0314185,0.18523,-0.0367174,95.3282,95.4682,97.8715,0.947857,nan,0.421671,0.429788,0.429493,0.399022,0.428343,0.429788,0.428343,0.429493,0.429022,1,0,0.165252,0,0.0785622,-0.0604755,-0.0127577,0.214155,-0.446507,-0.0340638,0.0375987,7.51246e-05,0.0444665,-0.19189,0.0444783,-2.23305,-1.00178,11.2873,11.5496,0,38.2364
8.79,M1 +3% bias,-0.50788,0.687693,-0.0720044,0.149185,0,0,0.0328053,0.188214,-0.0379465,95.2963,95.4363,97.8186,0.920084,nan,0.421859,0.429399,0.43074,0.396999,0.430263,0.429399,0.430263,0.43074,0.426999,1,0,0.165652,0,0.0846818,-0.0622937,-0.0152098,0.214291,-0.447759,-0.0340028,0.0373773,4.45792e-05,0.0462646,-0.187274,0.0382599,-2.22181,-1.09864,11.3277,11.5957,0,38.1134
8.8,M1 +3% bias,-0.506519,0.686217,-0.07254,0.151158,0,0,0.0343296,0.191404,-0.0378418,95.2643,95.4043,97.8279,0.937562,nan,0.422035,0.430838,0.429291,0.399128,0.42885,0.430838,0.42885,0.429291,0.429128,1,0,0.16767,0,0.0829466,-0.0609196,-0.0123832,0.215827,-0.453702,-0.0339037,0.0370258,2.47288e-06,0.0397498,-0.209687,0.0421231,-2.40441,-1.11558,11.3905,11.6949,0,37.8989
8.81,M1 +3% bias,-0.505134,0.684712,-0.0725875,0.151445,0,0,0.0358555,0.194596,-0.0372051,95.2323,95.3723,97.7723,0.908043,nan,0.422199,0.42947,0.430905,0.39801,0.43038,0.42947,0.43038,0.430905,0.42801,1,0,0.167941,0,0.0820617,-0.0606059,-0.0148581,0.215974,-0.454552,-0.0338378,0.0368134,-1.22448e-05,0.0493263,-0.202621,0.0374602,-2.32548,-0.978539,11.1824,11.4635,0,37.7787
8.82,M1 +3% bias,-0.503729,0.683176,-0.073245,0.152794,0,0,0.0373495,0.197822,-0.0378051,95.2002,95.3402,97.7816,0.925608,nan,0.42235,0.430463,0.430996,0.398636,0.429277,0.430463,0.429277,0.430996,0.428636,1,0,0.169439,0,0.079865,-0.0635632,-0.0137019,0.217866,-0.458595,-0.0337198,0.0365175,6.53735e-06,0.0315249,-0.202109,0.0334694,-2.27111,-0.992754,11.3281,11.5961,0,37.5872
8.83,M1 +3% bias,-0.502299,0.68161,-0.0733619,0.153246,0,0,0.0387303,0.201357,-0.0372833,95.1681,95.3081,97.7366,0.903791,nan,0.422489,0.432612,0.428661,0.400367,0.428289,0.432612,0.428289,0.428661,0.430367,1,0,0.169907,0,0.0845463,-0.0618032,-0.0105359,0.218222,-0.459961,-0.0336491,0.0362873,-1.42976e-05,0.0458037,-0.209702,0.0251298,-2.28769,-1.1005,11.1758,11.4605,0,37.4529
8.84,M1 +3% bias,-0.500847,0.680009,-0.0740076,0.154844,0,0,0.0401257,0.205061,-0.0381841,95.136,95.276,97.7457,0.92172,nan,0.422614,0.431318,0.430251,0.399628,0.429236,0.431318,0.429236,0.430251,0.429628,1,0,0.171619,0,0.0813732,-0.0619692,-0.0125443,0.220109,-0.464739,-0.0335334,0.0359645,-1.6033e-05,0.0496402,-0.204072,0.0425584,-2.4488,-1.15923,11.3241,11.6437,0,37.2454
8.85,M1 +3% bias,-0.499369,0.678376,-0.0741972,0.155056,0,0,0.0415202,0.208858,-0.0379936,95.1039,95.2439,97.6782,0.883737,nan,0.422727,0.430777,0.430527,0.399387,0.430197,0.430777,0.430197,0.430527,0.429387,1,0,0.17189,0,0.0823919,-0.0601038,-0.0134322,0.220664,-0.465386,-0.0334511,0.0357512,-7.89082e-06,0.0482424,-0.212324,0.0393352,-2.47606,-1.00715,11.3201,11.6314,0,37.1164
8.86,M1 +3% bias,-0.49787,0.676708,-0.0746798,0.156133,0,0,0.0428939,0.212408,-0.037499,95.0718,95.2118,97.6871,0.901667,nan,0.422826,0.430643,0.431146,0.399346,0.430153,0.430643,0.430153,0.431146,0.429346,1,0,0.173068,0,0.0803892,-0.0611839,-0.0137614,0.222076,-0.468607,-0.0333448,0.0354663,-4.9609e-06,0.0529013,-0.208591,0.0398761,-2.30743,-1.0553,11.3201,11.601,0,36.9346
8.87,M1 +3% bias,-0.496355,0.675004,-0.0748927,0.156623,0,0,0.0441687,0.215786,-0.0369149,95.0396,95.1796,97.6146,0.860316,nan,0.422913,0.431957,0.430164,0.400537,0.428977,0.431957,0.428977,0.430164,0.430537,1,0,0.173604,0,0.0801984,-0.0617843,-0.0117122,0.222692,-0.470081,-0.0332574,0.035228,-6.57277e-06,0.0477674,-0.214158,0.0544789,-2.30557,-0.967762,11.2207,11.496,0,36.7871
8.88,M1 +3% bias,-0.49482,0.673269,-0.0753206,0.158194,0,0,0.0452616,0.219134,-0.0377001,95.0074,95.1474,97.6233,0.878282,nan,0.422985,0.430473,0.431658,0.398882,0.430915,0.430473,0.430915,0.431658,0.428882,1,0,0.175205,0,0.0818322,-0.0612658,-0.0146,0.223896,-0.474805,-0.0331593,0.0348928,-4.79078e-05,0.0336257,-0.224691,0.0406159,-2.47102,-1.20709,11.312,11.6415,0,36.5787
8.89,M1 +3% bias,-0.493269,0.671501,-0.0750881,0.158547,0,0,0.0462519,0.222479,-0.0369761,94.9752,95.1152,97.5469,0.834478,nan,0.423044,0.430031,0.432035,0.398422,0.431679,0.430031,0.431679,0.432035,0.428422,1,0,0.175438,0,0.0829022,-0.0605671,-0.0154981,0.223231,-0.475875,-0.0331124,0.0346447,-0.000120008,0.0571039,-0.234886,0.0403398,-2.54662,-1.16308,11.2745,11.6169,0,36.4465
8.9,M1 +3% bias,-0.491709,0.669698,-0.0758227,0.160753,0,0,0.0473128,0.225713,-0.0358174,94.943,95.083,97.5554,0.852628,nan,0.42309,0.431631,0.430848,0.399625,0.430249,0.431631,0.430249,0.430848,0.429625,1,0,0.177734,0,0.0833139,-0.0617805,-0.0131153,0.225352,-0.482473,-0.0329851,0.0342549,-0.00014281,0.0548294,-0.23084,0.0512746,-2.50685,-1.08653,11.2743,11.6006,0,36.1948
8.91,M1 +3% bias,-0.490132,0.667865,-0.0761821,0.160916,0,0,0.0484277,0.228836,-0.0358805,94.9108,95.0508,97.4922,0.818652,nan,0.423122,0.431235,0.431283,0.399597,0.430369,0.431235,0.430369,0.431283,0.429597,1,0,0.178037,0,0.0815025,-0.0616815,-0.013546,0.226417,-0.482974,-0.032883,0.0340372,-0.000103542,0.058075,-0.235779,0.0434521,-2.45926,-0.980306,11.3041,11.61,0,36.0516
8.92,M1 +3% bias,-0.488539,0.666002,-0.0763596,0.162229,0,0,0.0495979,0.23194,-0.0362625,94.8786,95.0186,97.5006,0.836966,nan,0.423141,0.43129,0.431189,0.399327,0.430754,0.43129,0.430754,0.431189,0.429327,1,0,0.179295,0,0.0836323,-0.0613861,-0.0137686,0.226909,-0.486889,-0.0327993,0.0337101,-0.00016298,0.0588051,-0.22559,0.0449985,-2.49657,-1.04655,11.2747,11.5951,0,35.8556
8.93,M1 +3% bias,-0.48693,0.664108,-0.076667,0.162455,0,0,0.0508236,0.235031,-0.035369,94.8464,94.9864,97.4311,0.798666,nan,0.423145,0.431178,0.431232,0.400133,0.430039,0.431178,0.430039,0.431232,0.430133,1,0,0.17963,0,0.0791847,-0.0610845,-0.0131682,0.227805,-0.487582,-0.0326994,0.0334811,-0.000133715,0.0538427,-0.2351,0.036196,-2.44508,-1.0858,11.189,11.5044,0,35.7071
8.94,M1 +3% bias,-0.485309,0.662182,-0.0773886,0.163889,0,0,0.0519717,0.238096,-0.0353619,94.8142,94.9542,97.4392,0.816879,nan,0.423136,0.432539,0.430038,0.400216,0.429756,0.432539,0.429756,0.430038,0.430216,1,0,0.181235,0,0.0849962,-0.0617797,-0.0118847,0.229905,-0.491896,-0.0325697,0.0331517,-0.000117103,0.0550889,-0.246848,0.0256574,-2.4803,-1.164,11.2621,11.5906,0,35.4862
8.95,M1 +3% bias,-0.483669,0.660229,-0.0774957,0.164246,0,0,0.0531696,0.241104,-0.0358443,94.782,94.922,97.3789,0.785467,nan,0.423114,0.43173,0.430617,0.399305,0.430808,0.43173,0.430808,0.430617,0.429305,1,0,0.181603,0,0.0865236,-0.0610771,-0.0133572,0.230201,-0.492961,-0.0324879,0.0329034,-0.000132618,0.0454922,-0.243384,0.0383769,-2.616,-1.32147,11.2383,11.6141,0,35.3334
8.96,M1 +3% bias,-0.482016,0.658244,-0.0783376,0.1659,0,0,0.0546461,0.244223,-0.0345764,94.7497,94.8897,97.3869,0.803978,nan,0.423077,0.43263,0.429496,0.401217,0.428972,0.43263,0.428972,0.429496,0.431217,1,0,0.183459,0,0.0819392,-0.0605142,-0.0108219,0.232665,-0.497934,-0.0323467,0.0325528,-0.00010793,0.0534741,-0.254878,0.0437459,-2.57837,-1.21603,11.3715,11.7234,0,35.0948
8.97,M1 +3% bias,-0.480348,0.656227,-0.0783093,0.166096,0,0,0.0561531,0.247206,-0.0343569,94.7175,94.8575,97.305,0.757261,nan,0.423026,0.432069,0.42996,0.400142,0.429945,0.432069,0.429945,0.42996,0.430142,1,0,0.183626,0,0.0846518,-0.0605248,-0.0121721,0.232577,-0.498515,-0.032272,0.0323089,-0.00013439,0.0555029,-0.252436,0.0402776,-2.61333,-1.28077,11.3703,11.7369,0,34.9499
8.98,M1 +3% bias,-0.478662,0.654182,-0.0793501,0.168001,0,0,0.0576437,0.249923,-0.034862,94.6854,94.8254,97.3127,0.775827,nan,0.422961,0.430429,0.431852,0.398726,0.430853,0.430429,0.430853,0.431852,0.428726,1,0,0.185791,0,0.0814481,-0.061966,-0.0147458,0.235624,-0.504248,-0.0321126,0.0319363,-9.38287e-05,0.0656225,-0.26875,0.0427961,-2.69602,-1.23548,11.3075,11.6899,0,34.6898
8.99,M1 +3% bias,-0.476956,0.652113,-0.0790663,0.167939,0,0,0.0589465,0.252682,-0.035615,94.6532,94.7932,97.2208,0.722237,nan,0.422883,0.431289,0.430411,0.399802,0.430045,0.431289,0.430045,0.430411,0.429802,1,0,0.185617,0,0.0825564,-0.0603553,-0.0129069,0.23479,-0.504063,-0.0320542,0.0317091,-0.000140951,0.0715351,-0.270279,0.0336664,-2.57323,-1.1769,11.2586,11.6087,0,34.5614
9,M1 +3% bias,-0.475234,0.650019,-0.0800338,0.169903,0,0,0.0602324,0.255302,-0.0358681,94.621,94.761,97.2282,0.740956,nan,0.42279,0.430624,0.431086,0.398581,0.430889,0.430624,0.430889,0.431086,0.428581,1,0,0.187794,0,0.0844779,-0.0610863,-0.0144033,0.237588,-0.509927,-0.0319013,0.0313268,-0.0001188,0.062908,-0.257363,0.039929,-2.79265,-1.13841,11.3068,11.702,0,34.2971
9.01,M1 +3% bias,-0.473499,0.647897,-0.0800541,0.169992,0,0,0.0616742,0.257907,-0.034977,94.5889,94.7289,97.1682,0.710477,nan,0.422683,0.430962,0.430784,0.398654,0.430354,0.430962,0.430354,0.430784,0.428654,1,0,0.187885,0,0.0845618,-0.0620315,-0.0138542,0.237645,-0.510203,-0.0318196,0.0310883,-0.000130815,0.0649086,-0.262925,0.0280082,-2.75585,-1.21664,11.2505,11.6469,0,34.1493
9.02,M1 +3% bias,-0.471748,0.645749,-0.0809544,0.171876,0,0,0.0634339,0.260541,-0.0352771,94.5568,94.6968,97.1754,0.729391,nan,0.422561,0.431923,0.429443,0.399981,0.428924,0.431923,0.428924,0.429443,0.429981,1,0,0.189969,0,0.0833558,-0.0615067,-0.0116317,0.240266,-0.51586,-0.0316681,0.0307097,-0.000109014,0.0695849,-0.271492,0.040539,-2.70255,-1.25343,11.3183,11.7038,0,33.8877
9.03,M1 +3% bias,-0.469975,0.643576,-0.0809307,0.171749,0,0,0.064988,0.26332,-0.0354976,94.5247,94.6647,97.1406,0.717509,nan,0.422425,0.429919,0.430935,0.398484,0.430392,0.429919,0.430392,0.430935,0.428484,1,0,0.189846,0,0.0819473,-0.0605909,-0.0144713,0.240202,-0.515482,-0.031587,0.0304858,-0.000113236,0.0715484,-0.273116,0.0369419,-2.71796,-1.31812,11.2226,11.622,0,33.7482
9.04,M1 +3% bias,-0.468186,0.641375,-0.0817736,0.173369,0,0,0.0664505,0.266182,-0.0360816,94.4926,94.6326,97.148,0.736166,nan,0.422275,0.430874,0.430147,0.398617,0.429495,0.430874,0.429495,0.430147,0.428617,1,0,0.191666,0,0.0838379,-0.0623581,-0.0132522,0.242633,-0.520331,-0.0314369,0.0301245,-8.62593e-05,0.0602005,-0.271596,0.0402272,-2.88028,-1.33583,11.3127,11.7498,0,33.4975
9.05,M1 +3% bias,-0.466379,0.639148,-0.0818815,0.173575,0,0,0.0678644,0.269103,-0.0354845,94.4606,94.6006,97.091,0.708426,nan,0.42211,0.429712,0.430636,0.397945,0.430182,0.429712,0.430182,0.430636,0.427945,1,0,0.191902,0,0.0830627,-0.0610516,-0.0145751,0.242946,-0.520961,-0.0313443,0.0298713,-9.04429e-05,0.0612325,-0.277868,0.0335675,-2.70638,-1.21929,11.253,11.6379,0,33.3345
9.06,M1 +3% bias,-0.464563,0.636886,-0.0825685,0.175667,0,0,0.0692888,0.272104,-0.0347431,94.4286,94.5686,97.0982,0.727351,nan,0.421931,0.429583,0.430521,0.397377,0.43028,0.429583,0.43028,0.430521,0.427377,1,0,0.194083,0,0.0847919,-0.0614812,-0.014874,0.244935,-0.527218,-0.0312049,0.0294644,-0.000116851,0.0743411,-0.275194,0.0432065,-2.73645,-1.33198,11.3542,11.755,0,33.0619
9.07,M1 +3% bias,-0.462734,0.634592,-0.0823455,0.175659,0,0,0.070782,0.275193,-0.0336097,94.3967,94.5367,97.0233,0.686756,nan,0.421737,0.429065,0.430881,0.397095,0.429948,0.429065,0.429948,0.430881,0.427095,1,0,0.193985,0,0.0823321,-0.062347,-0.0152379,0.244268,-0.527199,-0.0311327,0.0292199,-0.000156098,0.0706113,-0.280979,0.0379245,-2.67137,-1.32979,11.2504,11.6394,0,32.9151
9.08,M1 +3% bias,-0.460896,0.632263,-0.0832161,0.177273,0,0,0.0722421,0.278264,-0.0331755,94.3647,94.5047,97.0303,0.705972,nan,0.421529,0.431514,0.428039,0.399287,0.427318,0.431514,0.427318,0.428039,0.429287,1,0,0.195809,0,0.0835789,-0.0624298,-0.0107929,0.246783,-0.532032,-0.0309789,0.028851,-0.00012475,0.0657597,-0.277611,0.0258024,-2.71764,-1.16036,11.2992,11.6792,0,32.6568
9.09,M1 +3% bias,-0.459037,0.629908,-0.0833008,0.177715,0,0,0.0736055,0.281267,-0.0342355,94.3329,94.4729,96.9303,0.647745,nan,0.421305,0.429981,0.429066,0.397854,0.428366,0.429981,0.428366,0.429066,0.427854,1,0,0.196249,0,0.0833668,-0.0622012,-0.0130092,0.24703,-0.53338,-0.0308818,0.0285688,-0.0001448,0.0715245,-0.293236,0.0321492,-2.63927,-1.15927,11.3076,11.6692,0,32.4757
9.1,M1 +3% bias,-0.457161,0.627524,-0.0830427,0.177941,0,0,0.0749555,0.284244,-0.03434,94.3011,94.4411,96.9369,0.666833,nan,0.421067,0.429594,0.429407,0.397355,0.427962,0.429594,0.427962,0.429407,0.427355,1,0,0.196345,0,0.0816846,-0.0638252,-0.0133703,0.246282,-0.534037,-0.0308084,0.0282992,-0.000201127,0.0874678,-0.28415,0.0351079,-2.77165,-1.15755,11.4408,11.8286,0,32.3132
9.11,M1 +3% bias,-0.455271,0.625112,-0.0833852,0.178269,0,0,0.076365,0.287004,-0.0342905,94.2693,94.4093,96.8575,0.623636,nan,0.420814,0.429013,0.428914,0.397548,0.427835,0.429013,0.427835,0.428914,0.427548,1,0,0.196792,0,0.0806034,-0.0616638,-0.0132683,0.247278,-0.535042,-0.0306944,0.0280239,-0.000177326,0.0829691,-0.297507,0.0336917,-2.9431,-1.24613,11.229,11.675,0,32.1267
9.12,M1 +3% bias,-0.453365,0.622675,-0.0829723,0.176688,0,0,0.0777289,0.289547,-0.0352044,94.2376,94.3776,96.8639,0.64277,nan,0.420546,0.428113,0.429196,0.396085,0.428847,0.428113,0.428847,0.429196,0.426085,1,0,0.195187,0,0.0840346,-0.0613479,-0.0148764,0.246118,-0.530302,-0.0306341,0.0279013,-0.000147931,0.0886055,-0.292756,0.0403134,-2.94473,-1.33462,11.323,11.7756,0,32.0526
9.13,M1 +3% bias,-0.451451,0.620211,-0.0831279,0.177185,0,0,0.0789538,0.291827,-0.0342318,94.2059,94.3459,96.7795,0.596241,nan,0.420264,0.428598,0.427869,0.39701,0.427635,0.428598,0.427635,0.427869,0.42701,1,0,0.195698,0,0.0831738,-0.0602977,-0.0131403,0.246543,-0.53179,-0.0305283,0.0276095,-0.000154969,0.0781435,-0.291861,0.0282676,-2.88155,-1.30855,11.3158,11.75,0,31.8603
9.14,M1 +3% bias,-0.44953,0.617724,-0.083019,0.177849,0,0,0.0800263,0.293735,-0.0341986,94.1743,94.3143,96.7856,0.615784,nan,0.419966,0.428502,0.42756,0.396845,0.427019,0.428502,0.427019,0.42756,0.426845,1,0,0.196249,0,0.0825414,-0.0610095,-0.0128485,0.246199,-0.53377,-0.0304396,0.0272997,-0.000209296,0.0766253,-0.290467,0.0391408,-2.79746,-1.17114,11.3,11.6999,0,31.6663
9.15,M1 +3% bias,-0.447602,0.615218,-0.0821585,0.1767,0,0,0.0809485,0.295334,-0.0340614,94.1427,94.2827,96.7315,0.591661,nan,0.419654,0.428283,0.427137,0.397206,0.426055,0.428283,0.426055,0.427137,0.427206,1,0,0.194855,0,0.0795686,-0.0609344,-0.0121761,0.243727,-0.530327,-0.0304047,0.0271294,-0.000265364,0.10362,-0.292213,0.0333615,-2.84467,-1.14639,11.3048,11.7135,0,31.5804
9.16,M1 +3% bias,-0.445671,0.612696,-0.0824152,0.177874,0,0,0.0815423,0.296668,-0.0337894,94.1112,94.2512,96.7376,0.611277,nan,0.419327,0.426473,0.428304,0.395121,0.427478,0.426473,0.427478,0.428304,0.425121,1,0,0.196028,0,0.080974,-0.0609714,-0.0150262,0.244427,-0.533848,-0.03029,0.0267781,-0.00029142,0.0874771,-0.29728,0.0411681,-2.93385,-1.28641,11.2932,11.7388,0,31.3495
9.17,M1 +3% bias,-0.443744,0.610158,-0.0826941,0.17842,0,0,0.0819979,0.297691,-0.0337426,94.0798,94.2198,96.6605,0.570639,nan,0.418987,0.427661,0.426366,0.395781,0.426207,0.427661,0.426207,0.426366,0.425781,1,0,0.196639,0,0.0841492,-0.0607075,-0.0128039,0.245219,-0.535492,-0.0301748,0.026483,-0.000273153,0.0791509,-0.30305,0.0288707,-2.9409,-1.3239,11.2906,11.7422,0,31.1478
9.18,M1 +3% bias,-0.441817,0.607609,-0.0827556,0.17948,0,0,0.0823989,0.298751,-0.033456,94.0485,94.1885,96.6663,0.590593,nan,0.418631,0.426509,0.4273,0.3947,0.42609,0.426509,0.42609,0.4273,0.4247,1,0,0.197627,0,0.0811697,-0.062564,-0.0141444,0.245375,-0.538664,-0.0300717,0.026139,-0.000316401,0.0844051,-0.304878,0.0365309,-2.90075,-1.26684,11.226,11.6637,0,30.9269
9.19,M1 +3% bias,-0.439897,0.605046,-0.0823719,0.178646,0,0,0.0825691,0.29968,-0.0330235,94.0172,94.1572,96.5902,0.550822,nan,0.418263,0.424553,0.42786,0.394123,0.426589,0.424553,0.426589,0.42786,0.424123,1,0,0.196709,0,0.0773477,-0.0600669,-0.0157234,0.244276,-0.536149,-0.0300037,0.025947,-0.000318915,0.0900675,-0.293986,0.0383184,-2.94679,-1.27987,11.3431,11.7893,0,30.8095
9.2,M1 +3% bias,-0.437985,0.60247,-0.0821391,0.177403,0,0,0.0824999,0.300407,-0.0339191,93.986,94.126,96.5958,0.570489,nan,0.41788,0.426061,0.425718,0.394775,0.425044,0.426061,0.425044,0.425718,0.424775,1,0,0.195487,0,0.081206,-0.060557,-0.0131528,0.243612,-0.532446,-0.0299295,0.0257912,-0.000281716,0.0819642,-0.304179,0.0272642,-3.016,-1.42396,11.3641,11.8434,0,30.7069
9.21,M1 +3% bias,-0.43608,0.599888,-0.0815232,0.176603,0,0,0.0821969,0.300993,-0.0330984,93.9549,94.0949,96.5321,0.539719,nan,0.417485,0.425802,0.424865,0.394421,0.42493,0.425802,0.42493,0.424865,0.424421,1,0,0.194505,0,0.0834168,-0.0593391,-0.0129976,0.241813,-0.530046,-0.0298755,0.025595,-0.000317365,0.0795753,-0.306038,0.0390323,-2.8683,-1.24756,11.2723,11.6982,0,30.5941
9.22,M1 +3% bias,-0.43419,0.597295,-0.0821204,0.178411,0,0,0.0817833,0.301415,-0.0324533,93.9238,94.0638,96.5377,0.559824,nan,0.417076,0.424829,0.425384,0.393824,0.42435,0.424829,0.42435,0.425384,0.423824,1,0,0.196391,0,0.0795051,-0.0607071,-0.0136613,0.243538,-0.535453,-0.0297349,0.0251934,-0.000328296,0.0917866,-0.299895,0.0303715,-3.13767,-1.22855,11.3648,11.8538,0,30.3208
9.23,M1 +3% bias,-0.432315,0.594695,-0.081724,0.177127,0,0,0.0813324,0.30177,-0.0329571,93.8929,94.0329,96.4678,0.524862,nan,0.416655,0.424315,0.424818,0.393006,0.424567,0.424315,0.424567,0.424818,0.423006,1,0,0.19507,0,0.0823844,-0.0598005,-0.0140931,0.242377,-0.531632,-0.0296716,0.0250387,-0.000312868,0.0705179,-0.317519,0.0397077,-3.16158,-1.38017,11.4287,11.938,0,30.2247
9.24,M1 +3% bias,-0.430449,0.59209,-0.0835666,0.181326,0,0,0.0810463,0.30216,-0.0335898,93.862,94.002,96.4733,0.545285,nan,0.416222,0.424334,0.424703,0.39208,0.423857,0.424334,0.423857,0.424703,0.42208,1,0,0.19963,0,0.0833166,-0.0627175,-0.0141287,0.247705,-0.54418,-0.0294432,0.0244563,-0.000279316,0.0797795,-0.297505,0.0325268,-2.9404,-1.26879,11.2755,11.7215,0,29.8009
9.25,M1 +3% bias,-0.42859,0.58948,-0.0823016,0.178048,0,0,0.080868,0.302802,-0.0335881,93.8312,93.9712,96.4072,0.512807,nan,0.415777,0.423665,0.423974,0.392282,0.423276,0.423665,0.423276,0.423974,0.422282,1,0,0.196143,0,0.0813989,-0.0607858,-0.0137583,0.24408,-0.534389,-0.0294432,0.0244563,-0.000279316,0.0838507,-0.316461,0.0483256,-3.20235,-1.36225,11.3487,11.8703,0,29.8252
9.26,M1 +3% bias,-0.426742,0.58686,-0.0834792,0.180117,0,0,0.080768,0.30337,-0.0331258,93.8005,93.9405,96.4125,0.53273,nan,0.41532,0.423628,0.423365,0.391417,0.422962,0.423628,0.422962,0.423365,0.421417,1,0,0.198505,0,0.0843749,-0.0617967,-0.0137496,0.247493,-0.540585,-0.0292683,0.0240416,-0.000233017,0.0857812,-0.310685,0.0194813,-2.98583,-1.41261,11.3055,11.7782,0,29.5222
9.27,M1 +3% bias,-0.424905,0.58423,-0.0830105,0.179659,0,0,0.0809055,0.303875,-0.0321151,93.7699,93.9099,96.3314,0.490326,nan,0.414852,0.422861,0.423403,0.39047,0.422768,0.422861,0.422768,0.423403,0.42047,1,0,0.197892,0,0.0842412,-0.0625787,-0.0144337,0.246123,-0.539184,-0.0292042,0.0238163,-0.000275797,0.0851899,-0.295792,0.0336897,-3.04727,-1.18249,11.3376,11.7994,0,29.3881
9.28,M1 +3% bias,-0.423075,0.58159,-0.0831901,0.178969,0,0,0.0812382,0.304592,-0.0324213,93.7394,93.8794,96.3365,0.510234,nan,0.414372,0.422563,0.422135,0.391177,0.421712,0.422563,0.421712,0.422135,0.421177,1,0,0.197343,0,0.0821359,-0.0602704,-0.0132333,0.246674,-0.537136,-0.029104,0.0236189,-0.000218395,0.0806097,-0.304879,0.0423761,-3.11085,-1.40335,11.4032,11.903,0,29.2455
9.29,M1 +3% bias,-0.421251,0.578939,-0.0827022,0.178771,0,0,0.0816138,0.3053,-0.0312788,93.709,93.849,96.2451,0.460325,nan,0.413882,0.423629,0.42024,0.391835,0.419924,0.423629,0.419924,0.42024,0.421835,1,0,0.196963,0,0.0835022,-0.060844,-0.0108565,0.245239,-0.536535,-0.0290402,0.0233733,-0.000279267,0.0854877,-0.301203,0.0306331,-2.94738,-1.23972,11.2891,11.7332,0,29.099
9.3,M1 +3% bias,-0.419431,0.576278,-0.0842677,0.181849,0,0,0.0821397,0.306223,-0.0320117,93.6787,93.8187,96.25,0.480835,nan,0.413381,0.422135,0.42085,0.390262,0.420379,0.422135,0.420379,0.42085,0.420262,1,0,0.200407,0,0.0832993,-0.0612849,-0.0126728,0.249801,-0.545776,-0.0288374,0.0228766,-0.000241698,0.104634,-0.315812,0.0400186,-3.21013,-1.48933,11.2203,11.7651,0,28.7354
9.31,M1 +3% bias,-0.417607,0.573607,-0.0849245,0.183891,0,0,0.0829151,0.307359,-0.0323889,93.6485,93.7885,96.1583,0.431027,nan,0.41287,0.42313,0.419006,0.391121,0.418325,0.42313,0.418325,0.419006,0.421121,1,0,0.202525,0,0.0831056,-0.0619407,-0.010144,0.25163,-0.551877,-0.0286909,0.0224603,-0.000261912,0.0754034,-0.307677,0.0390637,-3.04038,-1.28105,11.1611,11.6385,0,28.4478
9.32,M1 +3% bias,-0.415774,0.570924,-0.0861271,0.186584,0,0,0.0839746,0.309049,-0.0333006,93.6184,93.7584,96.1629,0.451556,nan,0.412348,0.419996,0.421671,0.387383,0.420447,0.419996,0.420447,0.421671,0.417383,1,0,0.205459,0,0.0832637,-0.0641155,-0.0152691,0.255117,-0.559925,-0.0285104,0.0219917,-0.000250559,0.092333,-0.297956,0.0433228,-3.27575,-1.42087,11.2825,11.834,0,28.1123
9.33,M1 +3% bias,-0.413932,0.568221,-0.0866284,0.188509,0,0,0.0852253,0.311233,-0.0338851,93.5884,93.7284,96.0699,0.401138,nan,0.411815,0.420632,0.41961,0.387637,0.419488,0.420632,0.419488,0.41961,0.417637,1,0,0.207418,0,0.087203,-0.0627495,-0.01355,0.256525,-0.565711,-0.0283713,0.0215822,-0.000285226,0.0903293,-0.314277,0.0365764,-3.04711,-1.35906,11.2617,11.7455,0,27.8332
9.34,M1 +3% bias,-0.412079,0.565493,-0.0863317,0.188326,0,0,0.0866784,0.314027,-0.0338315,93.5585,93.6985,96.074,0.421347,nan,0.411272,0.419318,0.419739,0.387567,0.418573,0.419318,0.418573,0.419739,0.417567,1,0,0.207131,0,0.0811332,-0.0623698,-0.0138128,0.255654,-0.565155,-0.0282924,0.021332,-0.000319411,0.0889389,-0.311292,0.0432512,-3.26896,-1.45195,11.234,11.7897,0,27.6759
9.35,M1 +3% bias,-0.410215,0.562735,-0.0849848,0.184988,0,0,0.0879966,0.316862,-0.0333593,93.5287,93.6687,95.9921,0.378257,nan,0.410718,0.420003,0.417525,0.388296,0.417161,0.420003,0.417161,0.417525,0.418296,1,0,0.203548,0,0.0831428,-0.0607687,-0.0115976,0.251781,-0.555168,-0.0282924,0.021332,-0.000319411,0.0848978,-0.315089,0.0336134,-3.13027,-1.34814,11.1125,11.6234,0,27.6974
9.36,M1 +3% bias,-0.408338,0.559949,-0.0849023,0.184614,0,0,0.0893292,0.319798,-0.0338454,93.499,93.639,95.996,0.398329,nan,0.410153,0.416477,0.420184,0.384639,0.419426,0.416477,0.419426,0.420184,0.414639,1,0,0.203179,0,0.082445,-0.0617635,-0.0169188,0.251559,-0.554055,-0.0282029,0.0210958,-0.00031454,0.0900643,-0.31949,0.0353787,-3.35808,-1.36086,11.2234,11.7938,0,27.5393
9.37,M1 +3% bias,-0.406457,0.557131,-0.0856283,0.187522,0,0,0.090364,0.322495,-0.0325105,93.4695,93.6095,95.9326,0.369983,nan,0.409577,0.41732,0.418206,0.385635,0.417263,0.41732,0.417263,0.418206,0.415635,1,0,0.206112,0,0.081549,-0.0618227,-0.0142909,0.253611,-0.562744,-0.0280416,0.0206018,-0.000363264,0.0961698,-0.312209,0.0348043,-3.2027,-1.27451,11.2848,11.7995,0,27.2012
9.38,M1 +3% bias,-0.404574,0.554282,-0.0871311,0.190276,0,0,0.0914133,0.325184,-0.0318895,93.44,93.58,95.9365,0.39068,nan,0.40899,0.416579,0.418245,0.383963,0.41729,0.416579,0.41729,0.418245,0.413963,1,0,0.209238,0,0.0839852,-0.0636085,-0.0153802,0.257953,-0.57101,-0.0278416,0.0201221,-0.000306949,0.0970172,-0.322474,0.0306049,-3.36894,-1.52026,11.3198,11.9079,0,26.8457
9.39,M1 +3% bias,-0.402683,0.551403,-0.0871042,0.190184,0,0,0.0925204,0.327995,-0.0322235,93.4107,93.5507,95.8658,0.356882,nan,0.408391,0.417207,0.416392,0.384844,0.415242,0.417207,0.415242,0.416392,0.414844,1,0,0.20915,0,0.0827967,-0.0635011,-0.0130028,0.257881,-0.570752,-0.0277432,0.0198617,-0.000302849,0.0977377,-0.334576,0.041215,-3.19019,-1.25752,11.3482,11.855,0,26.6685
9.4,M1 +3% bias,-0.40078,0.548498,-0.0882715,0.192099,0,0,0.0936345,0.331193,-0.0327315,93.3815,93.5215,95.8696,0.377541,nan,0.407781,0.416192,0.415935,0.383453,0.415665,0.416192,0.415665,0.415935,0.413453,1,0,0.211363,0,0.0861271,-0.0625462,-0.014045,0.26125,-0.576493,-0.0275679,0.019446,-0.00025106,0.0917274,-0.337814,0.0395995,-3.32599,-1.52089,11.3268,11.9026,0,26.3594
9.41,M1 +3% bias,-0.398867,0.545558,-0.0868778,0.188567,0,0,0.0950414,0.334448,-0.0320487,93.3524,93.4924,95.7955,0.34091,nan,0.407159,0.415877,0.414942,0.383868,0.414073,0.415877,0.414073,0.414942,0.413868,1,0,0.207587,0,0.0826051,-0.0622995,-0.0128651,0.257277,-0.565912,-0.0275679,0.019446,-0.00025106,0.101309,-0.333214,0.0432115,-3.32847,-1.41532,11.2104,11.7794,0,26.3808
9.42,M1 +3% bias,-0.396944,0.542586,-0.0871555,0.188126,0,0,0.0963886,0.337389,-0.0321846,93.3235,93.4635,95.7991,0.361037,nan,0.406525,0.415783,0.41365,0.383698,0.413097,0.415783,0.413097,0.41365,0.413698,1,0,0.2073,0,0.0836447,-0.0618407,-0.0119841,0.258082,-0.564604,-0.0274545,0.0192109,-0.000192199,0.0813695,-0.33665,0.0316532,-3.19044,-1.40499,11.1392,11.6719,0,26.2053
9.43,M1 +3% bias,-0.395008,0.539588,-0.0857776,0.184525,0,0,0.097692,0.339766,-0.0330047,93.2947,93.4347,95.7236,0.323553,nan,0.405879,0.413446,0.413977,0.382264,0.41396,0.413446,0.41396,0.413977,0.412264,1,0,0.203477,0,0.0826709,-0.0591161,-0.0141644,0.254158,-0.553846,-0.0274545,0.0192109,-0.000192199,0.0958851,-0.353261,0.0320722,-3.3666,-1.50354,11.2771,11.8646,0,26.2257
9.44,M1 +3% bias,-0.393066,0.536569,-0.0843278,0.180911,0,0,0.098767,0.34112,-0.0320194,93.266,93.406,95.727,0.343163,nan,0.405221,0.413392,0.412777,0.382329,0.41252,0.413392,0.41252,0.412777,0.412329,1,0,0.199593,0,0.081717,-0.059346,-0.0129994,0.250003,-0.543014,-0.0274547,0.0192113,-0.000192277,0.101435,-0.347747,0.0345276,-3.39901,-1.35616,11.2142,11.7962,0,26.2479
9.45,M1 +3% bias,-0.391126,0.533537,-0.0847448,0.181404,0,0,0.0994704,0.341384,-0.0321986,93.2374,93.3774,95.6732,0.321859,nan,0.404552,0.412161,0.412338,0.381957,0.411886,0.412161,0.411886,0.412338,0.411957,1,0,0.200212,0,0.0789221,-0.0580866,-0.0132319,0.25122,-0.544479,-0.0273235,0.0188968,-0.000169769,0.101198,-0.339214,0.0343287,-3.27315,-1.4998,11.1767,11.7423,0,26.0206
9.46,M1 +3% bias,-0.389192,0.530503,-0.0833192,0.177763,0,0,0.0997948,0.340748,-0.0318254,93.209,93.349,95.6765,0.341785,nan,0.403871,0.412261,0.410592,0.382086,0.410681,0.412261,0.410681,0.410592,0.412086,1,0,0.196327,0,0.0802836,-0.0570067,-0.0118351,0.247122,-0.533591,-0.0273237,0.0188972,-0.000169868,0.101368,-0.348992,0.0345255,-3.42735,-1.54843,11.2561,11.8678,0,26.0424
9.47,M1 +3% bias,-0.387268,0.527476,-0.0833721,0.179124,0,0,0.0997946,0.33918,-0.0318488,93.1807,93.3207,95.6084,0.310433,nan,0.403179,0.410683,0.411193,0.380491,0.410489,0.410683,0.410489,0.411193,0.410491,1,0,0.197578,0,0.0782218,-0.0585406,-0.013409,0.247251,-0.537651,-0.027202,0.0185115,-0.000230179,0.113149,-0.342283,0.0350603,-3.45061,-1.30961,11.2114,11.8033,0,25.7867
9.48,M1 +3% bias,-0.385362,0.524461,-0.0850172,0.184309,0,0,0.0994681,0.337362,-0.0319726,93.1525,93.2925,95.6119,0.332115,nan,0.402477,0.410801,0.41052,0.378868,0.409862,0.410801,0.409862,0.41052,0.408868,1,0,0.202961,0,0.0829629,-0.0617534,-0.0134999,0.251943,-0.553172,-0.0269683,0.0178382,-0.00028706,0.115049,-0.340422,0.0288371,-3.31555,-1.3981,11.2988,11.8579,0,25.3057
9.49,M1 +3% bias,-0.383472,0.521459,-0.0836128,0.180764,0,0,0.0992726,0.335711,-0.0310375,93.1245,93.2645,95.5305,0.290462,nan,0.401767,0.409796,0.409298,0.378646,0.40947,0.409796,0.40947,0.409298,0.408646,1,0,0.199163,0,0.0830883,-0.0587002,-0.013329,0.247887,-0.542552,-0.0269683,0.0178382,-0.00028706,0.0998715,-0.337827,0.03099,-3.41428,-1.58045,11.2574,11.8694,0,25.3246
9.5,M1 +3% bias,-0.381602,0.518468,-0.0821519,0.177202,0,0,0.0990322,0.333779,-0.0303979,93.0967,93.2367,95.5335,0.310105,nan,0.401047,0.408397,0.409413,0.378009,0.408516,0.408397,0.408516,0.409413,0.408009,1,0,0.195334,0,0.0782312,-0.0592802,-0.013855,0.243694,-0.531897,-0.0269685,0.0178388,-0.000287166,0.108347,-0.347968,0.0356089,-3.51514,-1.54886,11.0443,11.6933,0,25.3473
9.51,M1 +3% bias,-0.37975,0.515492,-0.0807112,0.173713,0,0,0.0983166,0.331528,-0.0315118,93.069,93.209,95.4605,0.274536,nan,0.40032,0.407774,0.408519,0.377079,0.408055,0.407774,0.408055,0.408519,0.407079,1,0,0.191554,0,0.0801925,-0.0590417,-0.0139425,0.23953,-0.521411,-0.0269685,0.0178388,-0.000287166,0.102414,-0.324568,0.0414109,-3.52897,-1.50706,11.2174,11.8556,0,25.3672
9.52,M1 +3% bias,-0.377917,0.51254,-0.0793114,0.170265,0,0,0.0971934,0.328945,-0.0321418,93.0414,93.1814,95.4634,0.293772,nan,0.399585,0.407341,0.406932,0.377696,0.40652,0.407341,0.40652,0.406932,0.407696,1,0,0.187852,0,0.0775491,-0.0569526,-0.0124892,0.235482,-0.511088,-0.0269687,0.0178393,-0.000287255,0.10092,-0.328046,0.0292073,-3.45753,-1.47197,11.3183,11.9259,0,25.3853
9.53,M1 +3% bias,-0.376111,0.509611,-0.0779436,0.166785,0,0,0.0958308,0.325621,-0.030419,93.014,93.154,95.4019,0.266629,nan,0.398844,0.405953,0.406212,0.377195,0.406164,0.405953,0.406164,0.406212,0.407195,1,0,0.18413,0,0.0761587,-0.0545837,-0.0128467,0.231513,-0.500681,-0.0269687,0.0178393,-0.000287255,0.0900823,-0.339377,0.030836,-3.62337,-1.60939,11.2471,11.9254,0,25.4054
9.54,M1 +3% bias,-0.374341,0.506713,-0.0784911,0.170121,0,0,0.0940302,0.321141,-0.0308699,92.9867,93.1267,95.4049,0.287874,nan,0.398096,0.404765,0.406928,0.374502,0.40634,0.404765,0.40634,0.406928,0.404502,1,0,0.187378,0,0.0787156,-0.0584558,-0.0149444,0.233055,-0.510658,-0.0268137,0.0173177,-0.000369946,0.0996418,-0.333504,0.0413646,-3.66273,-1.46959,11.2284,11.9018,0,25.0539
9.55,M1 +3% bias,-0.372609,0.503857,-0.0771054,0.16678,0,0,0.0919333,0.316337,-0.0312531,92.9596,93.0996,95.327,0.248627,nan,0.397343,0.40606,0.403913,0.376137,0.403413,0.40606,0.403413,0.403913,0.406137,1,0,0.183765,0,0.0780511,-0.0576463,-0.0110449,0.229034,-0.500626,-0.0268137,0.0173177,-0.000369946,0.0971195,-0.31688,0.0188837,-3.51102,-1.43243,11.2684,11.8893,0,25.0738
9.56,M1 +3% bias,-0.370911,0.501045,-0.0786621,0.169505,0,0,0.0897056,0.311627,-0.0312339,92.9326,93.0726,95.3298,0.269408,nan,0.396586,0.405192,0.403614,0.374332,0.403358,0.405192,0.403358,0.403614,0.404332,1,0,0.186881,0,0.0811829,-0.0589614,-0.0120643,0.233565,-0.508783,-0.0266143,0.0168593,-0.000311546,0.0925194,-0.310167,0.0239367,-3.40717,-1.42578,11.1832,11.7774,0,24.7243
9.57,M1 +3% bias,-0.369255,0.498272,-0.079994,0.172436,0,0,0.0877791,0.307152,-0.0309146,92.9058,93.0458,95.2624,0.239012,nan,0.395825,0.405269,0.402234,0.373851,0.402101,0.405269,0.402101,0.402234,0.403851,1,0,0.190093,0,0.0829886,-0.0597821,-0.0110824,0.237418,-0.517561,-0.0264273,0.0163842,-0.00029401,0.0859075,-0.311213,0.0363379,-3.51498,-1.57078,11.1194,11.767,0,24.3757
9.58,M1 +3% bias,-0.367631,0.495536,-0.0813603,0.175771,0,0,0.0863499,0.303346,-0.0307216,92.8791,93.0191,95.2652,0.260556,nan,0.395062,0.403906,0.402575,0.371905,0.402014,0.403906,0.402014,0.402575,0.401905,1,0,0.193681,0,0.0833991,-0.0616972,-0.012649,0.241366,-0.527556,-0.0262364,0.015882,-0.000291268,0.0904015,-0.314853,0.0309393,-3.7725,-1.61937,11.1902,11.9195,0,24.0107
9.59,M1 +3% bias,-0.366035,0.492828,-0.0825105,0.178985,0,0,0.0852391,0.300716,-0.0303941,92.8526,92.9926,95.2183,0.245358,nan,0.394297,0.403132,0.402322,0.370922,0.400964,0.403132,0.400964,0.402322,0.400922,1,0,0.197066,0,0.0818394,-0.0636059,-0.0128483,0.24466,-0.537144,-0.0260556,0.0153938,-0.000300039,0.083674,-0.291283,0.0391948,-3.67866,-1.50753,10.9989,11.6953,0,23.6608
9.6,M1 +3% bias,-0.364458,0.490133,-0.0853755,0.187075,0,0,0.0847076,0.300026,-0.0309061,92.8262,92.9662,95.2213,0.267845,nan,0.39353,0.402713,0.401852,0.369186,0.400522,0.402713,0.400522,0.401852,0.399186,1,0,0.205597,0,0.0854085,-0.0660448,-0.0133945,0.252889,-0.561385,-0.0257454,0.0145376,-0.000331297,0.105287,-0.305001,0.0341972,-3.59734,-1.43997,11.1959,11.8474,0,23.0374
9.61,M1 +3% bias,-0.362888,0.487434,-0.0884684,0.193576,0,0,0.0849022,0.301642,-0.031465,92.8,92.94,95.1501,0.235991,nan,0.392762,0.403218,0.400313,0.368643,0.399026,0.403218,0.399026,0.400313,0.398643,1,0,0.212769,0,0.0882999,-0.067952,-0.0120774,0.261763,-0.580843,-0.0254454,0.0138046,-0.000261241,0.0875712,-0.295751,0.029557,-3.54409,-1.42321,11.0611,11.7019,0,22.4806
9.62,M1 +3% bias,-0.361311,0.484709,-0.0918101,0.199093,0,0,0.0860334,0.305519,-0.0314884,92.7739,92.9139,95.153,0.257542,nan,0.391991,0.400181,0.402282,0.365041,0.400616,0.400181,0.400616,0.402282,0.395041,1,0,0.219156,0,0.0887965,-0.06974,-0.0165589,0.271402,-0.59739,-0.0251474,0.0131434,-0.000122226,0.0798241,-0.308947,0.0327702,-3.58018,-1.60132,11.1259,11.7969,0,21.9601
9.63,M1 +3% bias,-0.359719,0.481935,-0.0905294,0.195847,0,0,0.0881775,0.311297,-0.0308288,92.748,92.888,95.0844,0.225206,nan,0.391219,0.40121,0.39902,0.366875,0.397925,0.40121,0.397925,0.39902,0.396875,1,0,0.215685,0,0.0881748,-0.0671337,-0.0126848,0.26776,-0.587683,-0.0251474,0.0131434,-0.000122226,0.0856709,-0.315354,0.0341418,-3.72266,-1.63718,11.1104,11.8313,0,21.9782
9.64,M1 +3% bias,-0.358098,0.479098,-0.092367,0.202533,0,0,0.0909963,0.31834,-0.0305258,92.7223,92.8623,95.0872,0.247193,nan,0.390443,0.400032,0.399303,0.365355,0.39724,0.400032,0.39724,0.399303,0.395355,1,0,0.222519,0,0.086515,-0.0696151,-0.0136941,0.272942,-0.607708,-0.0248892,0.0123838,-0.00023679,0.106288,-0.331061,0.0356166,-3.69435,-1.59345,10.9992,11.712,0,21.4476
9.65,M1 +3% bias,-0.356443,0.476185,-0.0924907,0.203709,0,0,0.0943316,0.326646,-0.0298691,92.6967,92.8367,95.028,0.222447,nan,0.389663,0.400258,0.397716,0.365507,0.395327,0.400258,0.395327,0.397716,0.395507,1,0,0.223641,0,0.0858464,-0.070372,-0.0119893,0.273252,-0.61122,-0.0247701,0.0120422,-0.000275184,0.103573,-0.329223,0.0323037,-3.59496,-1.50543,11.0088,11.6784,0,21.2157
9.66,M1 +3% bias,-0.354745,0.473185,-0.0942366,0.208555,0,0,0.0981481,0.336291,-0.0303976,92.6713,92.8113,95.0307,0.244103,nan,0.388877,0.400255,0.396137,0.364873,0.3944,0.400255,0.3944,0.396137,0.394873,1,0,0.22876,0,0.0892481,-0.0703328,-0.011168,0.278203,-0.625734,-0.0245391,0.0114168,-0.000296123,0.11364,-0.336593,0.0281954,-3.60546,-1.44636,11.1375,11.7956,0,20.7642
9.67,M1 +3% bias,-0.352994,0.470091,-0.0963133,0.212264,0,0,0.102443,0.346821,-0.0306478,92.646,92.786,94.9599,0.211508,nan,0.388084,0.398258,0.39626,0.363134,0.394844,0.398258,0.394844,0.39626,0.393134,1,0,0.232981,0,0.0894153,-0.0692356,-0.0130591,0.284138,-0.636862,-0.0243097,0.0108673,-0.000214715,0.102218,-0.350285,0.0291454,-3.54239,-1.55654,10.9904,11.6516,0,20.3488
9.68,M1 +3% bias,-0.351186,0.466892,-0.0986223,0.216272,0,0,0.107189,0.358177,-0.0311765,92.6209,92.7609,94.9625,0.232927,nan,0.387282,0.396526,0.396318,0.361599,0.394846,0.396526,0.394846,0.396318,0.391599,1,0,0.237565,0,0.0887464,-0.0689696,-0.0145216,0.290752,-0.648873,-0.0240654,0.0102893,-0.000124739,0.104326,-0.356735,0.0307564,-3.65533,-1.68072,10.9973,11.7101,0,19.9074
9.69,M1 +3% bias,-0.34932,0.46358,-0.0970869,0.212509,0,0,0.112178,0.369993,-0.0298866,92.5959,92.7359,94.8846,0.194562,nan,0.38647,0.396501,0.394125,0.362603,0.392814,0.396501,0.392814,0.394125,0.392603,1,0,0.23353,0,0.0864448,-0.0667147,-0.0122346,0.286422,-0.637624,-0.0240654,0.0102893,-0.000124739,0.111609,-0.365987,0.0388425,-3.74906,-1.73771,11.2154,11.9524,0,19.924
9.7,M1 +3% bias,-0.347395,0.460154,-0.100305,0.221008,0,0,0.11706,0.381426,-0.0303673,92.5711,92.7111,94.8873,0.218104,nan,0.385646,0.396129,0.393582,0.361733,0.391305,0.396129,0.391305,0.393582,0.391733,1,0,0.242575,0,0.0852046,-0.0694866,-0.0118782,0.295498,-0.663078,-0.0237095,0.00935297,-0.000163969,0.120052,-0.383937,0.0375162,-3.83793,-1.57212,11.0776,11.8286,0,19.2439
9.71,M1 +3% bias,-0.345413,0.456618,-0.101452,0.224691,0,0,0.12179,0.392842,-0.0298765,92.5465,92.6865,94.8245,0.192645,nan,0.384808,0.396353,0.391546,0.361445,0.390058,0.396353,0.390058,0.391546,0.391445,1,0,0.246399,0,0.0886521,-0.0689616,-0.0104633,0.298698,-0.674125,-0.023496,0.00877296,-0.000205337,0.129648,-0.407876,0.0384306,-3.7956,-1.65572,11.0951,11.8427,0,18.8373
9.72,M1 +3% bias,-0.343376,0.452971,-0.100899,0.224035,0,0,0.126434,0.404391,-0.0297687,92.522,92.662,94.8267,0.212942,nan,0.383956,0.393886,0.391883,0.360013,0.390214,0.393886,0.390214,0.391883,0.390013,1,0,0.245578,0,0.0854266,-0.0673441,-0.0123936,0.297127,-0.672141,-0.0234044,0.00851885,-0.000234295,0.145881,-0.396042,0.0383046,-3.89972,-1.49866,11.0541,11.8173,0,18.6683
9.73,M1 +3% bias,-0.341287,0.44921,-0.0991339,0.219885,0,0,0.130934,0.416081,-0.0296568,92.4977,92.6377,94.7787,0.196353,nan,0.383089,0.39175,0.391609,0.358427,0.390746,0.39175,0.390746,0.391609,0.388427,1,0,0.241093,0,0.0861076,-0.0647749,-0.0141436,0.292126,-0.659752,-0.0234044,0.00851885,-0.000234295,0.132954,-0.415806,0.0365847,-3.81153,-1.53354,11.0421,11.7816,0,18.6831
9.74,M1 +3% bias,-0.339151,0.445335,-0.0973149,0.21565,0,0,0.134987,0.426859,-0.0291508,92.4736,92.6136,94.7808,0.216367,nan,0.38221,0.390805,0.390427,0.358398,0.389387,0.390805,0.389387,0.390427,0.388398,1,0,0.236515,0,0.0832087,-0.0633764,-0.0134544,0.287001,-0.647097,-0.0234046,0.00851947,-0.000234379,0.148324,-0.428833,0.0405676,-3.74987,-1.56683,11.136,11.8544,0,18.6972
9.75,M1 +3% bias,-0.336976,0.441362,-0.0954866,0.21131,0,0,0.138293,0.436087,-0.0288171,92.4497,92.5897,94.7232,0.193169,nan,0.381317,0.389994,0.388712,0.35875,0.387992,0.389994,0.387992,0.388712,0.38875,1,0,0.231826,0,0.0809706,-0.0605648,-0.0122891,0.281812,-0.634124,-0.0234046,0.00851947,-0.000234379,0.147819,-0.437358,0.0268643,-3.82714,-1.56078,11.0973,11.842,0,18.7103
9.76,M1 +3% bias,-0.334772,0.437306,-0.0952474,0.211456,0,0,0.140787,0.443175,-0.0286292,92.4259,92.5659,94.7254,0.214895,nan,0.380409,0.388385,0.388323,0.35747,0.387641,0.388385,0.387641,0.388323,0.38747,1,0,0.23186,0,0.0801984,-0.0598712,-0.0132334,0.281097,-0.634552,-0.0232806,0.00817465,-0.000260706,0.144912,-0.434089,0.0272026,-3.73508,-1.51636,11.1615,11.8672,0,18.4744
9.77,M1 +3% bias,-0.332552,0.433188,-0.0933961,0.206965,0,0,0.142385,0.448132,-0.02819,92.4024,92.5424,94.6789,0.199964,nan,0.379486,0.388053,0.386188,0.357296,0.386593,0.388053,0.386593,0.386188,0.387296,1,0,0.227028,0,0.0826657,-0.0575116,-0.012057,0.275836,-0.621141,-0.0232806,0.00817465,-0.000260706,0.14338,-0.453319,0.0206009,-3.73953,-1.5519,11.1715,11.8826,0,18.4866
9.78,M1 +3% bias,-0.330325,0.429029,-0.0914876,0.202432,0,0,0.143304,0.451065,-0.0288995,92.379,92.519,94.681,0.220484,nan,0.378548,0.384607,0.387275,0.35559,0.386909,0.384607,0.386909,0.387275,0.38559,1,0,0.222137,0,0.0760056,-0.0556751,-0.0149382,0.270418,-0.607576,-0.023281,0.00817566,-0.000260819,0.155868,-0.455703,0.0209796,-3.8669,-1.50115,11.2471,11.9877,0,18.5009
9.79,M1 +3% bias,-0.328106,0.424847,-0.0895752,0.197856,0,0,0.143168,0.451701,-0.0283348,92.3558,92.4958,94.6008,0.181247,nan,0.377595,0.384783,0.384853,0.356181,0.384756,0.384783,0.384756,0.384853,0.386181,1,0,0.217198,0,0.0756136,-0.0543782,-0.0125902,0.264967,-0.593882,-0.023281,0.00817566,-0.000260819,0.158962,-0.459555,0.0288287,-3.89268,-1.67585,11.1805,11.9568,0,18.5162
9.8,M1 +3% bias,-0.325906,0.420666,-0.0876934,0.193283,0,0,0.142042,0.449954,-0.0282258,92.3328,92.4728,94.6027,0.201689,nan,0.376628,0.382459,0.384579,0.35455,0.385117,0.382459,0.385117,0.384579,0.38455,1,0,0.212261,0,0.0754592,-0.0518622,-0.0143671,0.259564,-0.580183,-0.0232815,0.00817674,-0.000260927,0.140941,-0.455067,0.0401756,-4.00706,-1.7085,11.2245,12.0402,0,18.5304
9.81,M1 +3% bias,-0.323741,0.416507,-0.0858363,0.188713,0,0,0.140087,0.445908,-0.0273743,92.31,92.45,94.5244,0.16385,nan,0.375646,0.382529,0.382317,0.354936,0.383002,0.382529,0.383002,0.382317,0.384936,1,0,0.20735,0,0.0750121,-0.0509852,-0.012243,0.254245,-0.566507,-0.0232815,0.00817674,-0.000260927,0.142525,-0.457155,0.0341207,-3.87987,-1.69963,11.2824,12.0513,0,18.5454
9.82,M1 +3% bias,-0.32162,0.412391,-0.084047,0.18419,0,0,0.137488,0.439652,-0.0263077,92.2874,92.4274,94.5262,0.184807,nan,0.374653,0.382093,0.380727,0.354204,0.381788,0.382093,0.381788,0.380727,0.384204,1,0,0.202502,0,0.0767958,-0.0508345,-0.0115231,0.249104,-0.552959,-0.0232817,0.00817748,-0.00026099,0.137807,-0.454213,0.0239589,-3.93857,-1.75606,11.3519,12.1434,0,18.5589
9.83,M1 +3% bias,-0.319552,0.408338,-0.082287,0.179712,0,0,0.134215,0.431416,-0.0265756,92.265,92.405,94.478,0.169816,nan,0.373649,0.379918,0.380681,0.352463,0.381735,0.379918,0.381735,0.380681,0.382463,1,0,0.197706,0,0.075626,-0.050025,-0.0132006,0.244048,-0.539524,-0.0232817,0.00817748,-0.00026099,0.138015,-0.43802,0.0302889,-3.86413,-1.72383,11.2828,12.0501,0,18.5737
9.84,M1 +3% bias,-0.317544,0.404369,-0.0805951,0.175335,0,0,0.130392,0.421359,-0.0271729,92.2428,92.3828,94.4798,0.190617,nan,0.372635,0.378823,0.379504,0.352274,0.380143,0.378823,0.380143,0.379504,0.382274,1,0,0.193024,0,0.0721213,-0.049096,-0.0125484,0.239175,-0.526386,-0.023282,0.00817827,-0.000261049,0.135329,-0.417028,0.0297767,-3.73757,-1.70022,11.2077,11.9362,0,18.587
9.85,M1 +3% bias,-0.315597,0.400502,-0.07894,0.171097,0,0,0.126135,0.409657,-0.0285022,92.2208,92.3608,94.4341,0.176435,nan,0.371614,0.377177,0.379345,0.34962,0.38052,0.377177,0.38052,0.379345,0.37962,1,0,0.188493,0,0.0762165,-0.0499905,-0.0145341,0.234391,-0.51369,-0.023282,0.00817827,-0.000261049,0.129122,-0.414684,0.0236945,-3.7987,-1.56602,11.3585,12.0788,0,18.5994
9.86,M1 +3% bias,-0.313719,0.396753,-0.0773255,0.166976,0,0,0.121325,0.396473,-0.0281828,92.199,92.339,94.436,0.196986,nan,0.370587,0.376765,0.377757,0.349727,0.378306,0.376765,0.378306,0.377757,0.379727,1,0,0.184083,0,0.0731783,-0.0501908,-0.0129974,0.22972,-0.50134,-0.0232825,0.00817935,-0.000261119,0.124474,-0.409709,0.0293578,-3.90824,-1.5987,11.3314,12.0926,0,18.6124
9.87,M1 +3% bias,-0.311918,0.393132,-0.0757299,0.16301,0,0,0.116151,0.381833,-0.028383,92.1774,92.3174,94.3787,0.174788,nan,0.369555,0.376987,0.375371,0.349362,0.376706,0.376987,0.376706,0.375371,0.379362,1,0,0.179802,0,0.0768217,-0.0498137,-0.0113081,0.225091,-0.489416,-0.0232825,0.00817935,-0.000261119,0.119348,-0.381221,0.031307,-3.96984,-1.71377,11.2643,12.0657,0,18.6262
9.88,M1 +3% bias,-0.310199,0.389654,-0.0741862,0.159176,0,0,0.110711,0.365988,-0.027253,92.156,92.296,94.3806,0.195105,nan,0.368519,0.374204,0.376188,0.346873,0.377019,0.374204,0.377019,0.376188,0.376873,1,0,0.175684,0,0.0747066,-0.0502134,-0.0141217,0.220613,-0.477913,-0.023283,0.00818083,-0.000261203,0.118964,-0.370773,0.0356558,-3.99516,-1.69885,11.3282,12.1316,0,18.6409
9.89,M1 +3% bias,-0.30857,0.386323,-0.0727293,0.155453,0,0,0.104882,0.349584,-0.0262276,92.1348,92.2748,94.3095,0.162881,nan,0.367481,0.374735,0.373876,0.346772,0.374751,0.374735,0.374751,0.373876,0.376772,1,0,0.171688,0,0.0764982,-0.0513263,-0.0119201,0.216373,-0.466725,-0.023283,0.00818083,-0.000261203,0.113759,-0.347983,0.0284494,-4.00635,-1.77154,11.3502,12.1662,0,18.6568
9.9,M1 +3% bias,-0.307026,0.383146,-0.0713688,0.151931,0,0,0.0993314,0.333139,-0.0267304,92.1138,92.2538,94.3113,0.183129,nan,0.366444,0.372658,0.374098,0.344245,0.37498,0.372658,0.37498,0.374098,0.374245,1,0,0.167924,0,0.0777112,-0.0521655,-0.0141418,0.212402,-0.456145,-0.0232834,0.0081817,-0.000261246,0.103094,-0.330097,0.0279899,-3.78715,-1.67884,11.3083,12.0432,0,18.67
9.91,M1 +3% bias,-0.305562,0.380123,-0.0700345,0.148581,0,0,0.0940127,0.317217,-0.0263712,92.0931,92.2331,94.2746,0.174836,nan,0.365409,0.371461,0.373201,0.343177,0.374004,0.371461,0.374004,0.373201,0.373177,1,0,0.164322,0,0.0771573,-0.0520708,-0.0143142,0.208528,-0.446087,-0.0232834,0.0081817,-0.000261246,0.109706,-0.317561,0.0394325,-3.86156,-1.62784,11.3337,12.0836,0,18.684
9.92,M1 +3% bias,-0.304175,0.377246,-0.0687775,0.14542,0,0,0.0889238,0.302055,-0.0270592,92.0725,92.2125,94.2765,0.194792,nan,0.36438,0.371253,0.371926,0.342625,0.371922,0.371253,0.371922,0.371926,0.372625,1,0,0.160929,0,0.0759299,-0.0542516,-0.0131723,0.20485,-0.436591,-0.0232841,0.00818347,-0.000261323,0.102292,-0.300967,0.0338184,-3.97656,-1.64543,11.1957,11.9943,0,18.6959
9.93,M1 +3% bias,-0.302859,0.37451,-0.0675122,0.142368,0,0,0.0840849,0.287855,-0.0272224,92.0521,92.1921,94.2078,0.162984,nan,0.363359,0.370186,0.371093,0.341543,0.370819,0.370186,0.370819,0.371093,0.371543,1,0,0.15762,0,0.0752546,-0.0547907,-0.0132662,0.201135,-0.427424,-0.0232841,0.00818347,-0.000261323,0.0904357,-0.287448,0.0328625,-4.11748,-1.67497,11.1265,11.9816,0,18.7119
9.94,M1 +3% bias,-0.301612,0.371903,-0.0663325,0.139463,0,0,0.0792417,0.274716,-0.027298,92.032,92.172,94.2096,0.181852,nan,0.362348,0.370905,0.368301,0.342141,0.368249,0.370905,0.368249,0.368301,0.372141,1,0,0.154494,0,0.0761639,-0.0546003,-0.0103307,0.197676,-0.418709,-0.0232848,0.00818544,-0.000261399,0.0834369,-0.281139,0.0336588,-3.9824,-1.69535,11.2521,12.0558,0,18.7261
9.95,M1 +3% bias,-0.300429,0.369417,-0.0652159,0.136631,0,0,0.0745233,0.26261,-0.0272441,92.012,92.152,94.1406,0.149612,nan,0.361349,0.368901,0.368693,0.339272,0.368729,0.368901,0.368729,0.368693,0.369272,1,0,0.151459,0,0.0786934,-0.0560744,-0.0128555,0.194394,-0.410207,-0.0232848,0.00818544,-0.000261399,0.0748241,-0.271319,0.0238265,-3.92839,-1.76659,11.1982,11.998,0,18.742
9.96,M1 +3% bias,-0.29931,0.367041,-0.0641625,0.13394,0,0,0.0703399,0.251392,-0.0275151,91.9923,92.1323,94.1422,0.167849,nan,0.360363,0.367111,0.368169,0.337974,0.368395,0.367111,0.368395,0.368169,0.367974,1,0,0.148578,0,0.07789,-0.054783,-0.0138359,0.19132,-0.402127,-0.0232852,0.00818645,-0.000261433,0.0826304,-0.260284,0.01443,-3.89777,-1.62359,11.0952,11.8715,0,18.7563
9.97,M1 +3% bias,-0.298246,0.364767,-0.0694992,0.145988,0,0,0.0665861,0.24096,-0.0277518,91.9727,92.1127,94.1124,0.16936,nan,0.359392,0.367625,0.367197,0.336814,0.366124,0.367625,0.366124,0.367197,0.366814,1,0,0.16171,0,0.0788842,-0.0604145,-0.0126942,0.206926,-0.43821,-0.0228419,0.00710257,-0.000207748,0.0645815,-0.243575,0.029591,-3.84511,-1.60145,11.1059,11.8613,0,17.9339
9.98,M1 +3% bias,-0.297228,0.362586,-0.0784946,0.167686,0,0,0.0635608,0.23272,-0.0282814,91.9534,92.0934,94.1162,0.200378,nan,0.358436,0.368357,0.366761,0.333292,0.365525,0.368357,0.365525,0.366761,0.363292,1,0,0.185118,0,0.0897387,-0.0687826,-0.0134661,0.233076,-0.503214,-0.0221324,0.00531765,-0.000173732,0.0642831,-0.238167,0.0319713,-3.99973,-1.70985,11.0109,11.8389,0,16.6036
9.99,M1 +3% bias,-0.296246,0.360465,-0.0847367,0.185148,0,0,0.062031,0.228673,-0.0277159,91.9342,92.0742,94.0368,0.169413,nan,0.357497,0.37004,0.36509,0.332604,0.362439,0.37004,0.362439,0.36509,0.362604,1,0,0.203544,0,0.0922739,-0.0759555,-0.0109379,0.251009,-0.555494,-0.0215891,0.00385338,-0.000242952,0.0680075,-0.233091,0.0440151,-4.03447,-1.61696,11.1106,11.9305,0,15.5717
10,M1 +3% bias,-0.295273,0.358355,-0.0898334,0.199233,0,0,0.0628209,0.230708,-0.0276599,91.9152,92.0552,94.0401,0.196782,nan,0.356573,0.369552,0.365166,0.330088,0.36167,0.369552,0.36167,0.365166,0.360088,1,0,0.218427,0,0.095411,-0.0813997,-0.0119531,0.265546,-0.597653,-0.0211422,0.00264585,-0.000280951,0.0776631,-0.230901,0.0165188,-4.10934,-1.65854,10.947,11.8099,0,14.7344
10.01,M1 +3% bias,-0.294277,0.356195,-0.093909,0.210862,0,0,0.0660866,0.239101,-0.0277672,91.8964,92.0364,93.993,0.186188,nan,0.355664,0.368157,0.365427,0.327173,0.362081,0.368157,0.362081,0.365427,0.357173,1,0,0.230667,0,0.0998428,-0.0839949,-0.0141434,0.277064,-0.632443,-0.0207639,0.0016141,-0.000324794,0.0676579,-0.22997,0.0379508,-4.02365,-1.6955,10.7825,11.633,0,14.041
10.02,M1 +3% bias,-0.293231,0.353925,-0.0993371,0.226693,0,0,0.0716631,0.253541,-0.0275094,91.8778,92.0178,93.9966,0.214216,nan,0.354768,0.367758,0.364652,0.326804,0.360037,0.367758,0.360037,0.364652,0.356804,1,0,0.247298,0,0.096394,-0.0863442,-0.0132418,0.292302,-0.679841,-0.0202774,0.000267498,-0.000392896,0.083484,-0.264593,0.0283226,-4.07047,-1.60181,10.8661,11.7135,0,13.1629
10.03,M1 +3% bias,-0.292105,0.351489,-0.10293,0.234872,0,0,0.0790019,0.273568,-0.0270608,91.8593,91.9993,93.9262,0.184612,nan,0.353882,0.367692,0.362948,0.32643,0.358634,0.367692,0.358634,0.362948,0.35643,1,0,0.256198,0,0.0980145,-0.0863572,-0.0120693,0.302433,-0.704316,-0.0199723,-0.000535492,-0.000319913,0.0940619,-0.271236,0.0256068,-4.13249,-1.68671,10.7698,11.6581,0,12.6341
10.04,M1 +3% bias,-0.29088,0.348837,-0.106909,0.245882,0,0,0.0879275,0.298508,-0.0271853,91.8411,91.9811,93.9294,0.20982,nan,0.353001,0.367128,0.362243,0.325362,0.357446,0.367128,0.357446,0.362243,0.355362,1,0,0.267853,0,0.0980667,-0.088229,-0.0119547,0.313479,-0.737286,-0.0195971,-0.00155698,-0.000343044,0.098053,-0.315225,0.0368609,-4.12851,-1.68115,10.7626,11.6492,0,12.0021
10.05,M1 +3% bias,-0.289537,0.345926,-0.108865,0.251303,0,0,0.0979593,0.327256,-0.0260503,91.823,91.963,93.8611,0.1806,nan,0.352121,0.365962,0.36098,0.324648,0.35707,0.365962,0.35707,0.36098,0.354648,1,0,0.27359,0,0.0992184,-0.0856896,-0.0120607,0.318889,-0.753512,-0.0193648,-0.00218698,-0.000346319,0.109207,-0.333156,0.0294371,-4.11707,-1.73099,10.7299,11.6223,0,11.627
10.06,M1 +3% bias,-0.288066,0.342724,-0.112427,0.258936,0,0,0.108867,0.358581,-0.026803,91.8051,91.9451,93.864,0.204541,nan,0.351237,0.365155,0.359867,0.324394,0.35571,0.365155,0.35571,0.359867,0.354394,1,0,0.281981,0,0.0970994,-0.0851098,-0.0114396,0.328811,-0.776387,-0.0190558,-0.00300871,-0.000258929,0.110832,-0.371287,0.0280291,-4.09499,-1.72603,10.7545,11.6365,0,11.1293
10.07,M1 +3% bias,-0.286455,0.339212,-0.114251,0.261994,0,0,0.120365,0.391379,-0.0266475,91.7873,91.9273,93.7952,0.174728,nan,0.350344,0.363693,0.359073,0.322879,0.355912,0.363693,0.355912,0.359073,0.352879,1,0,0.285503,0,0.0998821,-0.0833228,-0.0124879,0.333962,-0.785567,-0.0188609,-0.00351786,-0.000165152,0.130689,-0.392205,0.030129,-4.15626,-1.80197,10.9062,11.8096,0,10.8271
10.08,M1 +3% bias,-0.284705,0.335382,-0.116528,0.267588,0,0,0.132049,0.423969,-0.026256,91.7698,91.9098,93.7979,0.198301,nan,0.34944,0.361666,0.358973,0.321734,0.355567,0.361666,0.355567,0.358973,0.351734,1,0,0.291529,0,0.0968924,-0.0821152,-0.0136872,0.340231,-0.802337,-0.0185924,-0.00422706,-0.000153614,0.141697,-0.431187,0.0299837,-4.20996,-1.84866,10.9184,11.8471,0,10.434
10.09,M1 +3% bias,-0.282817,0.331238,-0.117315,0.268848,0,0,0.143664,0.455826,-0.0259526,91.7524,91.8924,93.7206,0.162602,nan,0.348526,0.361747,0.356106,0.323206,0.353228,0.361747,0.353228,0.356106,0.353206,1,0,0.293008,0,0.0946032,-0.078478,-0.0107161,0.34245,-0.806165,-0.0184316,-0.00464774,-0.000106737,0.15198,-0.471794,0.0282678,-4.08955,-1.79091,10.9276,11.8045,0,10.2078
10.1,M1 +3% bias,-0.280793,0.326792,-0.116689,0.267212,0,0,0.15498,0.486475,-0.0255423,91.7352,91.8752,93.7226,0.18346,nan,0.347601,0.358204,0.3565,0.32126,0.354626,0.358204,0.354626,0.3565,0.35126,1,0,0.29128,0,0.0930296,-0.0735513,-0.0139158,0.340763,-0.801307,-0.0183465,-0.00487045,-9.68308e-05,0.167491,-0.49038,0.0264398,-4.04379,-1.78059,10.9603,11.8174,0,10.0942
10.11,M1 +3% bias,-0.278646,0.322053,-0.114646,0.262283,0,0,0.165793,0.514973,-0.024209,91.7182,91.8582,93.6756,0.167223,nan,0.346661,0.357458,0.354588,0.322101,0.352687,0.357458,0.352687,0.354588,0.352101,1,0,0.285976,0,0.0887479,-0.0705958,-0.012182,0.335137,-0.786597,-0.0183465,-0.00487045,-9.68308e-05,0.161961,-0.50156,0.0247953,-3.923,-1.65755,10.8832,11.6868,0,10.1002
10.12,M1 +3% bias,-0.276385,0.317048,-0.115247,0.262718,0,0,0.175703,0.540499,-0.025103,91.7014,91.8414,93.6779,0.188829,nan,0.345704,0.354823,0.354171,0.320424,0.353593,0.354823,0.353593,0.354171,0.350424,1,0,0.286635,0,0.089721,-0.0662741,-0.0142923,0.336898,-0.787958,-0.0181838,-0.00528862,-4.39184e-05,0.186025,-0.53812,0.0306073,-3.94021,-1.68829,10.8836,11.6973,0,9.8746
10.13,M1 +3% bias,-0.27402,0.31181,-0.114465,0.259869,0,0,0.184587,0.562575,-0.02521,91.6848,91.8248,93.6269,0.17113,nan,0.344728,0.353523,0.353194,0.320186,0.352205,0.353523,0.352205,0.353194,0.350186,1,0,0.28374,0,0.0858076,-0.0650408,-0.0139284,0.334825,-0.779495,-0.018106,-0.00548339,1.3532e-05,0.196288,-0.565873,0.0314286,-4.06491,-1.57111,11.0701,11.897,0,9.77068
10.14,M1 +3% bias,-0.271568,0.306371,-0.112108,0.254246,0,0,0.192204,0.581195,-0.0249114,91.6683,91.8083,93.6287,0.191533,nan,0.343729,0.352471,0.350985,0.321226,0.350435,0.352471,0.350435,0.350985,0.351226,1,0,0.27769,0,0.0814216,-0.0602449,-0.012185,0.328334,-0.762721,-0.0181064,-0.00548241,1.34519e-05,0.212741,-0.587778,0.0311801,-4.17482,-1.74582,10.9948,11.8896,0,9.77621
10.15,M1 +3% bias,-0.269049,0.300766,-0.109638,0.24843,0,0,0.198164,0.595792,-0.0243828,91.6521,91.7921,93.5696,0.1679,nan,0.342707,0.349451,0.351228,0.319376,0.350981,0.349451,0.350981,0.351228,0.349376,1,0,0.271411,0,0.0791249,-0.0574538,-0.0146728,0.321466,-0.745372,-0.0181064,-0.00548241,1.34519e-05,0.204921,-0.612103,0.0231811,-4.13327,-1.81346,11.0951,11.978,0,9.784
10.16,M1 +3% bias,-0.266487,0.295034,-0.107191,0.242484,0,0,0.202149,0.605662,-0.0247479,91.6361,91.7761,93.5714,0.189379,nan,0.34166,0.349035,0.348416,0.320347,0.349057,0.349035,0.349057,0.348416,0.350347,1,0,0.265015,0,0.0778004,-0.0531424,-0.0123464,0.314648,-0.727607,-0.0181069,-0.00548127,1.33636e-05,0.201369,-0.617198,0.0141362,-3.96172,-1.85349,11.0669,11.8998,0,9.78859
10.17,M1 +3% bias,-0.263905,0.289234,-0.104705,0.236488,0,0,0.203953,0.609135,-0.0245643,91.6203,91.7603,93.5079,0.163406,nan,0.34058,0.347564,0.347265,0.319771,0.347942,0.347564,0.347942,0.347265,0.349771,1,0,0.258558,0,0.075522,-0.051379,-0.0122503,0.307726,-0.709672,-0.0181069,-0.00548127,1.33636e-05,0.211639,-0.614508,0.0264353,-4.13069,-1.62341,11.3062,12.1461,0,9.79323
10.18,M1 +3% bias,-0.261327,0.283417,-0.102191,0.23047,0,0,0.204112,0.608029,-0.0248058,91.6047,91.7447,93.5097,0.185823,nan,0.339462,0.345774,0.346211,0.31905,0.347041,0.345774,0.347041,0.346211,0.34905,1,0,0.252069,0,0.0730904,-0.0490636,-0.0124944,0.300666,-0.691677,-0.0181073,-0.00548032,1.3292e-05,0.204376,-0.618375,0.0325206,-4.26398,-1.84052,11.2866,12.2048,0,9.79915
10.19,M1 +3% bias,-0.258774,0.277625,-0.0997143,0.224464,0,0,0.202529,0.602763,-0.0244705,91.5893,91.7293,93.4602,0.171976,nan,0.338307,0.343356,0.345835,0.31749,0.346783,0.343356,0.346783,0.345835,0.34749,1,0,0.245581,0,0.071129,-0.0472167,-0.0139647,0.293693,-0.673668,-0.0181073,-0.00548032,1.3292e-05,0.199804,-0.58808,0.0276448,-4.0349,-1.6701,11.3714,12.1811,0,9.80366
10.2,M1 +3% bias,-0.256266,0.271898,-0.0972733,0.218546,0,0,0.199481,0.593744,-0.0249018,91.5742,91.7142,93.462,0.195494,nan,0.337119,0.342305,0.344531,0.316254,0.345627,0.342305,0.345627,0.344531,0.346254,1,0,0.239213,0,0.0720119,-0.0472852,-0.0138883,0.286805,-0.655976,-0.0181078,-0.00547896,1.3195e-05,0.199164,-0.597187,0.0299483,-4.16577,-1.77533,11.4912,12.3512,0,9.80812
10.21,M1 +3% bias,-0.253815,0.266264,-0.0948395,0.212691,0,0,0.195517,0.582432,-0.0233452,91.5593,91.6993,93.3965,0.170992,nan,0.335903,0.341855,0.342302,0.315958,0.343743,0.341855,0.343743,0.342302,0.345958,1,0,0.232898,0,0.0725188,-0.0463412,-0.0124088,0.279918,-0.638449,-0.0181078,-0.00547896,1.3195e-05,0.203169,-0.591677,0.02654,-4.06347,-1.8248,11.4783,12.3123,0,9.81482
10.22,M1 +3% bias,-0.251432,0.260742,-0.092524,0.207007,0,0,0.190756,0.569299,-0.0233187,91.5447,91.6847,93.3983,0.195447,nan,0.334666,0.340602,0.340908,0.315427,0.341974,0.340602,0.341974,0.340908,0.345427,1,0,0.226779,0,0.0696079,-0.0456823,-0.0118024,0.273339,-0.621419,-0.0181084,-0.00547757,1.30995e-05,0.197086,-0.578312,0.0356083,-4.16157,-1.65,11.5881,12.4228,0,9.81735
10.23,M1 +3% bias,-0.249122,0.255354,-0.0902492,0.201421,0,0,0.185151,0.554029,-0.0239875,91.5303,91.6703,93.3357,0.173764,nan,0.333413,0.33912,0.339779,0.313421,0.341583,0.33912,0.341583,0.339779,0.343421,1,0,0.220761,0,0.0729541,-0.0452754,-0.0126678,0.266851,-0.604678,-0.0181084,-0.00547757,1.30995e-05,0.19185,-0.562475,0.0168175,-4.01931,-1.75505,11.5324,12.3382,0,9.82176
10.24,M1 +3% bias,-0.246893,0.25012,-0.0880371,0.196028,0,0,0.178878,0.536775,-0.0248498,91.5162,91.6562,93.3376,0.198738,nan,0.332148,0.337867,0.3387,0.312282,0.339996,0.337867,0.339996,0.3387,0.342282,1,0,0.214941,0,0.0713087,-0.0460234,-0.0125471,0.260535,-0.588491,-0.018109,-0.00547615,1.30065e-05,0.189985,-0.532986,0.0274933,-4.19408,-1.81958,11.6459,12.5111,0,9.82603
10.25,M1 +3% bias,-0.244751,0.245059,-0.085887,0.19077,0,0,0.172043,0.518047,-0.0244693,91.5023,91.6423,93.2787,0.179837,nan,0.330874,0.337147,0.337187,0.311271,0.338148,0.337147,0.338148,0.337187,0.341271,1,0,0.209271,0,0.0711891,-0.0472099,-0.0118303,0.254354,-0.572737,-0.018109,-0.00547615,1.30065e-05,0.174224,-0.524857,0.0173689,-4.04052,-1.61583,11.6634,12.4487,0,9.83149
10.26,M1 +3% bias,-0.242703,0.240181,-0.0838218,0.185759,0,0,0.164731,0.498285,-0.024758,91.4887,91.6287,93.2806,0.204726,nan,0.329595,0.334138,0.337618,0.307855,0.339028,0.334138,0.339028,0.337618,0.337855,1,0,0.20386,0,0.0734623,-0.0471292,-0.0152311,0.248433,-0.557702,-0.0181096,-0.00547456,1.29065e-05,0.177005,-0.50353,0.0240644,-4.24308,-1.8951,11.6358,12.5294,0,9.83609
10.27,M1 +3% bias,-0.240751,0.235491,-0.0818318,0.180872,0,0,0.157391,0.478363,-0.0224202,91.4753,91.6153,93.2194,0.18406,nan,0.328315,0.335276,0.334071,0.309238,0.334932,0.335276,0.334932,0.334071,0.339238,1,0,0.198598,0,0.0713542,-0.0477053,-0.0107642,0.24271,-0.543053,-0.0181096,-0.00547456,1.29065e-05,0.178026,-0.494598,0.0185015,-4.0417,-1.63956,11.6676,12.4562,0,9.84221
10.28,M1 +3% bias,-0.238894,0.23099,-0.0799359,0.176237,0,0,0.149993,0.458986,-0.0239676,91.4622,91.6022,93.2213,0.208997,nan,0.327038,0.33397,0.33288,0.307469,0.334089,0.33397,0.334089,0.33288,0.337469,1,0,0.193594,0,0.0735082,-0.0479219,-0.0112213,0.237215,-0.529139,-0.0181104,-0.00547267,1.27922e-05,0.155329,-0.47188,0.0265068,-4.15705,-1.86661,11.7507,12.6034,0,9.84718
10.29,M1 +3% bias,-0.237127,0.226674,-0.0781462,0.171765,0,0,0.142752,0.440159,-0.0241936,91.4494,91.5894,93.1538,0.183214,nan,0.325768,0.331713,0.333136,0.30483,0.333646,0.331713,0.333646,0.333136,0.33483,1,0,0.188779,0,0.0726654,-0.0499726,-0.0132914,0.232035,-0.515709,-0.0181104,-0.00547267,1.27922e-05,0.144514,-0.449028,0.0322731,-4.07744,-1.68933,11.6257,12.4353,0,9.85129
10.3,M1 +3% bias,-0.23545,0.222536,-0.0764,0.167532,0,0,0.135574,0.421713,-0.0237704,91.4367,91.5767,93.1557,0.207536,nan,0.324509,0.329444,0.332727,0.30218,0.333935,0.329444,0.333935,0.332727,0.33218,1,0,0.184205,0,0.0755264,-0.0493693,-0.0154002,0.226968,-0.502994,-0.0181107,-0.00547183,1.27436e-05,0.135672,-0.423889,0.0319699,-4.21161,-1.75468,11.5639,12.4314,0,9.85654
10.31,M1 +3% bias,-0.233861,0.218572,-0.0747341,0.163441,0,0,0.128566,0.403686,-0.0233707,91.4244,91.5644,93.1294,0.210825,nan,0.323262,0.329194,0.331118,0.301942,0.331043,0.329194,0.331043,0.331118,0.331942,1,0,0.179796,0,0.0720938,-0.0517798,-0.0136366,0.222149,-0.490725,-0.0181107,-0.00547183,1.27436e-05,0.143068,-0.413396,0.0241987,-4.20539,-1.72564,11.4853,12.3521,0,9.86251
10.32,M1 +3% bias,-0.232357,0.21478,-0.0731562,0.159536,0,0,0.121712,0.386289,-0.0233784,91.4123,91.5523,93.1317,0.23492,nan,0.322031,0.329327,0.327999,0.30204,0.329002,0.329327,0.329002,0.327999,0.33204,1,0,0.175587,0,0.0750461,-0.0498034,-0.011267,0.217546,-0.478997,-0.0181114,-0.00546998,1.26397e-05,0.126529,-0.395808,0.026893,-4.05968,-1.78676,11.4246,12.2554,0,9.86776
10.33,M1 +3% bias,-0.230934,0.211152,-0.0716695,0.155788,0,0,0.115265,0.369598,-0.0229697,91.4004,91.5404,93.0758,0.215992,nan,0.320815,0.327192,0.32842,0.299118,0.328773,0.327192,0.328773,0.32842,0.329118,1,0,0.17156,0,0.0754068,-0.0525271,-0.0135742,0.213234,-0.467743,-0.0181114,-0.00546998,1.26397e-05,0.131445,-0.378155,0.024279,-4.18595,-1.7201,11.5135,12.371,0,9.87244
10.34,M1 +3% bias,-0.229586,0.20768,-0.070245,0.152184,0,0,0.109233,0.353835,-0.0235803,91.3888,91.5288,93.0781,0.239326,nan,0.319618,0.326491,0.326118,0.298109,0.327992,0.326491,0.327992,0.326118,0.328109,1,0,0.167685,0,0.080261,-0.0502256,-0.0129706,0.209046,-0.456922,-0.0181118,-0.00546896,1.2585e-05,0.101215,-0.363636,0.0311202,-4.15572,-1.78036,11.4424,12.3032,0,9.87782
10.35,M1 +3% bias,-0.228309,0.204357,-0.0688815,0.148753,0,0,0.103631,0.338729,-0.0224258,91.3774,91.5174,93.0512,0.240618,nan,0.31844,0.324931,0.326117,0.296569,0.326375,0.324931,0.326375,0.326117,0.326569,1,0,0.163998,0,0.0759184,-0.053251,-0.0136221,0.205076,-0.446614,-0.0181118,-0.00546896,1.2585e-05,0.104224,-0.342839,0.020418,-4.14741,-1.72306,11.4054,12.2577,0,9.88323
10.36,M1 +3% bias,-0.227099,0.201174,-0.0675289,0.145466,0,0,0.0983637,0.324584,-0.0224981,91.3663,91.5063,93.0537,0.262818,nan,0.317282,0.323135,0.325322,0.295372,0.325528,0.323135,0.325528,0.325322,0.325372,1,0,0.160442,0,0.0741947,-0.0522143,-0.0142153,0.201137,-0.436733,-0.0181129,-0.0054662,1.24416e-05,0.108772,-0.324235,0.0325576,-4.03787,-1.83213,11.3602,12.1949,0,9.89129
10.37,M1 +3% bias,-0.225952,0.198122,-0.0662793,0.142312,0,0,0.0933175,0.311423,-0.0220961,91.3554,91.4954,92.983,0.231102,nan,0.316145,0.323661,0.322654,0.295486,0.323006,0.323661,0.323006,0.322654,0.325486,1,0,0.15705,0,0.075671,-0.0527186,-0.0116531,0.197473,-0.427261,-0.0181129,-0.0054662,1.24416e-05,0.0999375,-0.309678,0.0262468,-4.15257,-1.68887,11.3989,12.2487,0,9.8972
10.38,M1 +3% bias,-0.224861,0.195195,-0.0650636,0.139309,0,0,0.088636,0.299064,-0.0231429,91.3447,91.4847,92.9854,0.252095,nan,0.31503,0.321803,0.322469,0.293396,0.322674,0.321803,0.322674,0.322469,0.323396,1,0,0.153822,0,0.0758994,-0.0534367,-0.0131615,0.193906,-0.418256,-0.0181141,-0.00546341,1.23019e-05,0.0924692,-0.305366,0.0244816,-4.17784,-1.77459,11.3477,12.2219,0,9.90381
10.39,M1 +3% bias,-0.223823,0.192387,-0.063887,0.136363,0,0,0.0841123,0.287237,-0.0241578,91.3342,91.4742,92.92,0.223624,nan,0.313936,0.319845,0.322217,0.290884,0.323016,0.319845,0.323016,0.322217,0.320884,1,0,0.15065,0,0.0789455,-0.0533613,-0.015166,0.19046,-0.409384,-0.0181141,-0.00546341,1.23019e-05,0.0915302,-0.27682,0.0211705,-4.03964,-1.77399,11.2805,12.1126,0,9.91224
10.4,M1 +3% bias,-0.222836,0.189691,-0.0627787,0.133625,0,0,0.0799638,0.275895,-0.0236178,91.3239,91.4639,92.9223,0.243723,nan,0.312864,0.320661,0.319991,0.291964,0.319054,0.320661,0.319054,0.319991,0.321964,1,0,0.147698,0,0.0736401,-0.0561494,-0.011612,0.187184,-0.40117,-0.0181152,-0.0054604,1.21568e-05,0.0716476,-0.273242,0.0286135,-4.20729,-1.69053,11.2012,12.0841,0,9.91815
10.41,M1 +3% bias,-0.221899,0.187102,-0.061666,0.130905,0,0,0.0758357,0.265313,-0.0237581,91.3139,91.4539,92.8577,0.21476,nan,0.311814,0.319433,0.318792,0.290305,0.318934,0.319433,0.318934,0.318792,0.320305,1,0,0.144762,0,0.0776466,-0.054922,-0.0123016,0.183932,-0.393002,-0.0181152,-0.0054604,1.21568e-05,0.0809216,-0.261092,0.0220447,-4.1634,-1.84888,11.2625,12.1489,0,9.92812
10.42,M1 +3% bias,-0.221007,0.184612,-0.0606539,0.128329,0,0,0.0719715,0.25548,-0.023868,91.304,91.444,92.8599,0.234019,nan,0.310785,0.318686,0.31756,0.288889,0.318209,0.318686,0.318209,0.31756,0.318889,1,0,0.142006,0,0.0807675,-0.0552297,-0.0123921,0.180963,-0.385277,-0.0181162,-0.00545798,1.20437e-05,0.0822886,-0.258133,0.017262,-4.08391,-1.77856,11.1763,12.0313,0,9.93459
10.43,M1 +3% bias,-0.220159,0.182215,-0.0596727,0.125832,0,0,0.0684639,0.246517,-0.0249476,91.2944,91.4344,92.8127,0.21675,nan,0.309778,0.3166,0.317728,0.286941,0.318042,0.3166,0.318042,0.317728,0.316941,1,0,0.139324,0,0.0795089,-0.0556033,-0.0141657,0.178079,-0.377765,-0.0181162,-0.00545798,1.20437e-05,0.0778871,-0.241374,0.0369388,-4.16225,-1.81139,11.1101,12.0017,0,9.94184
10.44,M1 +3% bias,-0.219349,0.1799,-0.0586846,0.123467,0,0,0.0652237,0.238307,-0.0237372,91.285,91.425,92.815,0.234886,nan,0.308793,0.316614,0.31536,0.287172,0.316219,0.316614,0.316219,0.31536,0.317172,1,0,0.136768,0,0.080381,-0.0541606,-0.0122161,0.175148,-0.370681,-0.0181175,-0.00545484,1.19012e-05,0.0635738,-0.245386,0.0201061,-4.1773,-1.82402,11.0819,11.9827,0,9.95071
10.45,M1 +3% bias,-0.218577,0.177662,-0.0577433,0.121095,0,0,0.0621823,0.230727,-0.0245044,91.2757,91.4157,92.7585,0.210079,nan,0.30783,0.315061,0.31523,0.285521,0.315697,0.315061,0.315697,0.31523,0.315521,1,0,0.134215,0,0.0795996,-0.0550878,-0.013337,0.172374,-0.363542,-0.0181175,-0.00545484,1.19012e-05,0.0586588,-0.227048,0.0307619,-4.12392,-1.85626,11.0757,11.9634,0,9.96031
10.46,M1 +3% bias,-0.217839,0.175495,-0.056851,0.118853,0,0,0.0593044,0.223595,-0.024548,91.2667,91.4067,92.7607,0.227606,nan,0.306888,0.314496,0.314188,0.284934,0.314121,0.314496,0.314121,0.314188,0.314934,1,0,0.131804,0,0.0782409,-0.0561412,-0.0126932,0.169726,-0.356821,-0.0181192,-0.00545054,1.17122e-05,0.0458643,-0.22518,0.0207274,-4.05489,-1.78657,10.9352,11.7988,0,9.9682
10.47,M1 +3% bias,-0.217133,0.173396,-0.0559719,0.116656,0,0,0.0566543,0.21698,-0.0244021,91.2578,91.3978,92.6892,0.190811,nan,0.305969,0.313095,0.313988,0.283341,0.313634,0.313095,0.313634,0.313988,0.313341,1,0,0.129446,0,0.0779903,-0.0570476,-0.0137068,0.167181,-0.35021,-0.0181192,-0.00545054,1.17122e-05,0.0756073,-0.210795,0.0249325,-4.05837,-1.67105,11.0393,11.8798,0,9.97754
10.48,M1 +3% bias,-0.216456,0.171358,-0.0551309,0.114593,0,0,0.0542546,0.210836,-0.0241954,91.2491,91.3891,92.6912,0.207413,nan,0.305072,0.311623,0.313489,0.28214,0.313213,0.311623,0.313213,0.313489,0.31214,1,0,0.127226,0,0.0774767,-0.056386,-0.0144775,0.164669,-0.344045,-0.0181206,-0.00544704,1.15617e-05,0.0534112,-0.224232,0.0295381,-4.18318,-1.75871,10.8773,11.7859,0,9.98514
10.49,M1 +3% bias,-0.215808,0.169377,-0.0625039,0.133063,0,0,0.0518921,0.205183,-0.0246247,91.2406,91.3806,92.6409,0.199393,nan,0.304196,0.312557,0.312725,0.280256,0.311418,0.312557,0.311418,0.312725,0.310256,1,0,0.147041,0,0.0822167,-0.0636809,-0.0137706,0.186361,-0.399391,-0.0175455,-0.00691154,3.56208e-05,0.0623297,-0.211237,0.0288493,-4.17949,-1.81725,10.8605,11.778,0,9.28042
10.5,M1 +3% bias,-0.215185,0.167444,-0.0756796,0.165778,0,0,0.0500836,0.201456,-0.0238921,91.2323,91.3723,92.6479,0.242947,nan,0.303341,0.314324,0.311915,0.277344,0.309949,0.314324,0.309949,0.311915,0.307344,1,0,0.182191,0,0.092882,-0.0737941,-0.0132716,0.224744,-0.497415,-0.016572,-0.009383,6.80158e-05,0.0450884,-0.209866,0.0341823,-4.17575,-1.81686,10.9262,11.8372,0,8.37738
10.51,M1 +3% bias,-0.214575,0.165528,-0.0854802,0.190001,0,0,0.0500645,0.202106,-0.0230749,91.2241,91.3641,92.6442,0.273669,nan,0.302507,0.315512,0.310782,0.276169,0.307728,0.315512,0.307728,0.310782,0.306169,1,0,0.208232,0,0.096262,-0.0803328,-0.0117921,0.252999,-0.569951,-0.0158412,-0.01125,9.65229e-05,0.0541214,-0.207569,0.0234649,-4.11539,-1.86431,10.8643,11.7663,0,8.0133
10.52,M1 +3% bias,-0.213954,0.163575,-0.0972789,0.217371,0,0,0.0525824,0.209207,-0.0235057,91.2161,91.3561,92.6514,0.314862,nan,0.301692,0.316725,0.310318,0.273328,0.306558,0.316725,0.306558,0.310318,0.303328,1,0,0.237942,0,0.105142,-0.0893534,-0.0117896,0.286656,-0.651901,-0.0150101,-0.0133503,0.000184111,0.0536499,-0.223463,0.031126,-4.14317,-1.83107,10.8203,11.7302,0,7.95566
10.53,M1 +3% bias,-0.213293,0.16152,-0.102714,0.230992,0,0,0.0580896,0.223504,-0.0226606,91.2083,91.3483,92.6177,0.316556,nan,0.300895,0.315488,0.310897,0.270735,0.306616,0.315488,0.306616,0.310897,0.300735,1,0,0.252535,0,0.10736,-0.0929089,-0.0137527,0.301937,-0.692651,-0.0145717,-0.0144646,0.000176916,0.0499114,-0.227936,0.0257568,-4.08546,-1.94029,10.8009,11.7096,0,8.11112
10.54,M1 +3% bias,-0.212558,0.159289,-0.111002,0.247124,0,0,0.0666733,0.24491,-0.0227142,91.2006,91.3406,92.6238,0.349285,nan,0.300113,0.315647,0.310076,0.269398,0.305485,0.315647,0.305485,0.310076,0.299398,1,0,0.270564,0,0.110507,-0.0963313,-0.0134126,0.325316,-0.740956,-0.0140365,-0.0157977,0.000351514,0.0624184,-0.252193,0.0205142,-4.09957,-1.83393,10.7542,11.6543,0,8.38599
10.55,M1 +3% bias,-0.211717,0.156819,-0.114671,0.254855,0,0,0.0779958,0.272615,-0.0231881,91.1931,91.3331,92.6008,0.354575,nan,0.299342,0.31527,0.308965,0.268842,0.304445,0.31527,0.304445,0.308965,0.298842,1,0,0.279093,0,0.111171,-0.0965361,-0.0128771,0.335585,-0.764122,-0.0137411,-0.0165275,0.00039654,0.0848528,-0.281768,0.0263971,-4.07475,-1.78615,10.796,11.6768,0,8.61478
10.56,M1 +3% bias,-0.210745,0.154054,-0.119508,0.265358,0,0,0.091419,0.305282,-0.0235315,91.1857,91.3257,92.6065,0.382588,nan,0.298581,0.314833,0.307556,0.268772,0.303316,0.314833,0.303316,0.307556,0.298772,1,0,0.290604,0,0.110938,-0.0953098,-0.011985,0.348989,-0.79558,-0.0133579,-0.0174723,0.000436557,0.0913452,-0.320061,0.0197456,-4.07236,-1.82908,10.719,11.6115,0,8.97131
10.57,M1 +3% bias,-0.209621,0.150951,-0.121698,0.269951,0,0,0.106551,0.341699,-0.0233779,91.1785,91.3185,92.5674,0.374191,nan,0.297831,0.31342,0.307294,0.268093,0.302665,0.31342,0.302665,0.307294,0.298093,1,0,0.295681,0,0.107963,-0.0946562,-0.0125028,0.355062,-0.809357,-0.013136,-0.0180223,0.000466434,0.11052,-0.351288,0.0238731,-4.09957,-1.81214,10.7115,11.6115,0,9.20756
10.58,M1 +3% bias,-0.208332,0.147477,-0.124782,0.276944,0,0,0.12291,0.380816,-0.0238309,91.1714,91.3114,92.5728,0.399498,nan,0.297087,0.312297,0.305793,0.268321,0.302084,0.312297,0.302084,0.305793,0.298321,1,0,0.303291,0,0.106817,-0.0903535,-0.0119809,0.363536,-0.830297,-0.0128345,-0.0187608,0.000479594,0.130031,-0.384046,0.031483,-4.05764,-1.77588,10.7643,11.6399,0,9.55857
10.59,M1 +3% bias,-0.206868,0.143611,-0.126021,0.279213,0,0,0.13984,0.421338,-0.0226411,91.1645,91.3045,92.5353,0.391056,nan,0.296346,0.311443,0.304537,0.268684,0.300867,0.311443,0.300867,0.304537,0.298684,1,0,0.305871,0,0.103692,-0.0879728,-0.0111096,0.36698,-0.837136,-0.0126582,-0.0192005,0.000516317,0.141863,-0.421262,0.0364412,-4.12389,-1.87164,10.7539,11.6685,0,9.77755
10.6,M1 +3% bias,-0.205228,0.139344,-0.128109,0.283419,0,0,0.156846,0.462038,-0.0219542,91.1577,91.2977,92.5406,0.414728,nan,0.295605,0.309505,0.30393,0.267929,0.301204,0.309505,0.301204,0.30393,0.297929,1,0,0.310552,0,0.103059,-0.083945,-0.0121749,0.372728,-0.849778,-0.0124136,-0.0198044,0.000552049,0.163257,-0.465207,0.0190498,-4.10715,-1.90715,10.7516,11.6663,0,10.0952
10.61,M1 +3% bias,-0.203415,0.134679,-0.128385,0.283888,0,0,0.173615,0.501798,-0.0223773,91.1511,91.2911,92.4971,0.401019,nan,0.29486,0.308709,0.302228,0.269336,0.299316,0.308709,0.299316,0.302228,0.299336,1,0,0.311114,0,0.0967195,-0.0801213,-0.0103285,0.373523,-0.851238,-0.0122658,-0.0201677,0.000566775,0.182352,-0.506038,0.0305917,-4.06664,-1.8025,10.8269,11.705,0,10.2969
10.62,M1 +3% bias,-0.201433,0.12963,-0.129361,0.286393,0,0,0.189755,0.539796,-0.0234191,91.1446,91.2846,92.5023,0.42396,nan,0.294108,0.306374,0.302393,0.267869,0.299949,0.306374,0.299949,0.302393,0.297869,1,0,0.313795,0,0.0956597,-0.0775892,-0.0123504,0.376156,-0.858761,-0.0120484,-0.0206971,0.000561755,0.18613,-0.536634,0.0352167,-4.09248,-1.75061,10.8025,11.6836,0,10.604
10.63,M1 +3% bias,-0.199293,0.124219,-0.129032,0.285942,0,0,0.204764,0.575277,-0.0230358,91.1383,91.2783,92.4694,0.418095,nan,0.293346,0.305393,0.300993,0.268298,0.298856,0.305393,0.298856,0.300993,0.298298,1,0,0.313274,0,0.0927324,-0.0743357,-0.0114971,0.375255,-0.857475,-0.0119057,-0.021043,0.000554613,0.198575,-0.580805,0.0281593,-4.07438,-1.83549,10.8372,11.7224,0,10.8116
10.64,M1 +3% bias,-0.197009,0.118474,-0.129469,0.286908,0,0,0.218384,0.607061,-0.0232287,91.1321,91.2721,92.4746,0.441138,nan,0.292566,0.301552,0.302206,0.265847,0.300816,0.301552,0.300816,0.302206,0.295847,1,0,0.314349,0,0.0910283,-0.0702867,-0.0156571,0.376483,-0.860405,-0.0117135,-0.0215146,0.000567039,0.227968,-0.60973,0.02658,-4.11974,-1.8149,10.9164,11.8082,0,11.0988
10.65,M1 +3% bias,-0.194601,0.112429,-0.126768,0.280947,0,0,0.230478,0.63516,-0.0219259,91.1261,91.2661,92.436,0.429725,nan,0.291759,0.300594,0.300185,0.266729,0.299692,0.300594,0.299692,0.300185,0.296729,1,0,0.307861,0,0.0885258,-0.0651036,-0.0143084,0.369138,-0.842637,-0.0117135,-0.0215146,0.000567039,0.227952,-0.638292,0.0330295,-4.02519,-1.81224,10.9805,11.8346,0,11.1017
10.66,M1 +3% bias,-0.192086,0.106121,-0.124011,0.274724,0,0,0.240958,0.659129,-0.021384,91.1202,91.2602,92.4404,0.449813,nan,0.290925,0.300128,0.297636,0.269096,0.29701,0.300128,0.29701,0.297636,0.299096,1,0,0.301104,0,0.0806575,-0.0599847,-0.0111732,0.361623,-0.824057,-0.0117138,-0.0215136,0.000566887,0.238211,-0.64713,0.0205696,-4.07118,-1.79732,10.9645,11.8332,0,11.1033
10.67,M1 +3% bias,-0.189479,0.0995902,-0.121111,0.268264,0,0,0.250005,0.680079,-0.0211645,91.1145,91.2545,92.3989,0.436568,nan,0.290072,0.298434,0.296693,0.268677,0.296654,0.298434,0.296654,0.296693,0.298677,1,0,0.294084,0,0.0788324,-0.0564564,-0.0115318,0.353689,-0.804793,-0.0117138,-0.0215136,0.000566887,0.252135,-0.676002,0.0278701,-3.96327,-1.72752,11.0518,11.8673,0,11.1049
10.68,M1 +3% bias,-0.186799,0.0928689,-0.118143,0.261649,0,0,0.257181,0.696462,-0.021448,91.109,91.249,92.4034,0.456982,nan,0.289208,0.296423,0.295956,0.268817,0.295808,0.296423,0.295808,0.295956,0.298817,1,0,0.286894,0,0.0728372,-0.0525891,-0.0116583,0.345525,-0.785061,-0.0117141,-0.0215129,0.000566781,0.263898,-0.702265,0.0242415,-3.95731,-1.6933,11.0427,11.852,0,11.1076
10.69,M1 +3% bias,-0.184066,0.0860067,-0.115109,0.254893,0,0,0.262138,0.707794,-0.02246,91.1037,91.2437,92.3771,0.455653,nan,0.288335,0.294937,0.294712,0.268429,0.295436,0.294937,0.295436,0.294712,0.298429,1,0,0.279538,0,0.0722394,-0.0488562,-0.0117714,0.33715,-0.764875,-0.0117141,-0.0215129,0.000566781,0.28056,-0.710179,0.0228875,-4.02894,-1.63321,11.2117,12.025,0,11.1104
10.7,M1 +3% bias,-0.181305,0.0790538,-0.112014,0.248023,0,0,0.264726,0.713947,-0.0215351,91.0985,91.2385,92.3817,0.476763,nan,0.287453,0.292736,0.294259,0.267771,0.295224,0.292736,0.295224,0.294259,0.297771,1,0,0.272047,0,0.0687851,-0.0454758,-0.0127352,0.328535,-0.744351,-0.0117147,-0.0215114,0.000566558,0.27226,-0.724945,0.0301497,-4.05612,-1.77015,11.1415,11.9883,0,11.1112
10.71,M1 +3% bias,-0.178543,0.0720618,-0.108935,0.241063,0,0,0.264721,0.714138,-0.0211448,91.0936,91.2336,92.3227,0.45211,nan,0.28656,0.290541,0.293743,0.266824,0.29531,0.290541,0.29531,0.293743,0.296824,1,0,0.26447,0,0.0670725,-0.0419699,-0.0139276,0.319926,-0.723528,-0.0117147,-0.0215114,0.000566558,0.263824,-0.7181,0.0143847,-3.9919,-1.81759,11.2223,12.049,0,11.1088
10.72,M1 +3% bias,-0.175805,0.0650878,-0.105925,0.234174,0,0,0.262449,0.709091,-0.0194299,91.0888,91.2288,92.3273,0.47458,nan,0.285651,0.290495,0.291542,0.266869,0.293881,0.290495,0.293881,0.291542,0.296869,1,0,0.256987,0,0.0688753,-0.0403336,-0.0123328,0.311483,-0.702914,-0.0117153,-0.02151,0.000566358,0.255033,-0.711684,0.0140153,-3.96699,-1.67557,11.3275,12.1185,0,11.108
10.73,M1 +3% bias,-0.173111,0.0581784,-0.102916,0.227348,0,0,0.258432,0.699838,-0.0198336,91.0841,91.2241,92.2762,0.456091,nan,0.284729,0.289504,0.290781,0.266382,0.292434,0.289504,0.292434,0.290781,0.296382,1,0,0.249556,0,0.0657211,-0.0406773,-0.0120116,0.303047,-0.682468,-0.0117153,-0.02151,0.000566358,0.271829,-0.697644,0.0241156,-4.01735,-1.66179,11.3434,12.148,0,11.1079
10.74,M1 +3% bias,-0.170476,0.0513736,-0.0999492,0.220679,0,0,0.252982,0.687172,-0.0196609,91.0797,91.2197,92.2809,0.478801,nan,0.283796,0.288665,0.289788,0.265671,0.291249,0.288665,0.291249,0.289788,0.295671,1,0,0.242284,0,0.0648721,-0.0408029,-0.0117356,0.294668,-0.662501,-0.0117159,-0.0215085,0.00056614,0.27026,-0.689205,0.0271542,-4.01257,-1.73458,11.4046,12.2137,0,11.111
10.75,M1 +3% bias,-0.167913,0.0447038,-0.0970703,0.21409,0,0,0.2462,0.671448,-0.0185596,91.0755,91.2155,92.2263,0.458589,nan,0.282857,0.286572,0.289492,0.264161,0.291391,0.286572,0.291391,0.289492,0.294161,1,0,0.23511,0,0.0644869,-0.0388685,-0.0132517,0.286465,-0.642769,-0.0117159,-0.0215085,0.00056614,0.23777,-0.67969,0.0253703,-4.08298,-1.76271,11.453,12.2861,0,11.1104
10.76,M1 +3% bias,-0.165433,0.0381958,-0.0943003,0.20767,0,0,0.238598,0.653689,-0.0186393,91.0714,91.2114,92.231,0.481894,nan,0.281916,0.286446,0.287566,0.264099,0.28974,0.286446,0.28974,0.287566,0.294099,1,0,0.228129,0,0.065047,-0.0382225,-0.0117625,0.278602,-0.623498,-0.0117162,-0.0215077,0.000566041,0.242173,-0.642993,0.0271907,-3.94166,-1.71175,11.329,12.1166,0,11.1095
10.77,M1 +3% bias,-0.163042,0.0318626,-0.091622,0.201452,0,0,0.230622,0.635476,-0.01946,91.0675,91.2075,92.2096,0.485685,nan,0.280981,0.285606,0.286878,0.263003,0.288624,0.285606,0.288624,0.286878,0.293003,1,0,0.221385,0,0.0645932,-0.0395198,-0.0118201,0.270969,-0.604875,-0.0117162,-0.0215077,0.000566041,0.242835,-0.635704,0.0237944,-3.95807,-1.54423,11.4068,12.1723,0,11.1104
10.78,M1 +3% bias,-0.16074,0.0257134,-0.0890191,0.195433,0,0,0.222273,0.615837,-0.0195242,91.0638,91.2038,92.2145,0.50866,nan,0.280062,0.284093,0.286541,0.261429,0.288366,0.284093,0.288366,0.286541,0.291429,1,0,0.214839,0,0.064963,-0.0394843,-0.0129153,0.263512,-0.586835,-0.0117164,-0.0215072,0.000565972,0.231981,-0.623706,0.0292402,-3.97553,-1.71564,11.3598,12.157,0,11.1124
10.79,M1 +3% bias,-0.158533,0.019761,-0.0864936,0.189592,0,0,0.213323,0.594775,-0.0186318,91.0603,91.2003,92.2017,0.518017,nan,0.27916,0.284023,0.284742,0.261062,0.28699,0.284023,0.28699,0.284742,0.291062,1,0,0.208485,0,0.0668726,-0.0392469,-0.0117115,0.256251,-0.569321,-0.0117164,-0.0215072,0.000565972,0.219688,-0.606831,0.0245929,-3.99029,-1.7884,11.4866,12.2908,0,11.1136
10.8,M1 +3% bias,-0.156426,0.0140196,-0.0841547,0.183928,0,0,0.203956,0.57257,-0.0189487,91.057,91.197,92.207,0.540604,nan,0.278275,0.283073,0.284302,0.259235,0.286664,0.283073,0.286664,0.284302,0.289235,1,0,0.202364,0,0.0694999,-0.0406946,-0.0125959,0.249506,-0.552324,-0.011717,-0.0215057,0.000565789,0.200031,-0.582032,0.0208113,-3.87583,-1.86275,11.351,12.1382,0,11.1116
10.81,M1 +3% bias,-0.15442,0.00850153,-0.0818951,0.178502,0,0,0.194224,0.548887,-0.0186127,91.0539,91.1939,92.1655,0.528448,nan,0.277407,0.282516,0.283116,0.258676,0.285491,0.282516,0.285491,0.283116,0.288676,1,0,0.196497,0,0.0695401,-0.040672,-0.01205,0.242992,-0.536043,-0.011717,-0.0215057,0.000565789,0.195567,-0.559349,0.0163646,-3.86895,-1.69537,11.3989,12.1564,0,11.1111
10.82,M1 +3% bias,-0.152519,0.00322223,-0.079735,0.173376,0,0,0.18426,0.524007,-0.0185539,91.0509,91.1909,92.1709,0.550058,nan,0.276553,0.281647,0.28299,0.257218,0.284525,0.281647,0.284525,0.28299,0.287218,1,0,0.190934,0,0.0688728,-0.0433795,-0.0125925,0.236747,-0.520634,-0.0117176,-0.0215041,0.000565594,0.188267,-0.523226,0.0225284,-3.87848,-1.61856,11.421,12.1697,0,11.1143
10.83,M1 +3% bias,-0.150723,-0.00181458,-0.0776369,0.168475,0,0,0.174328,0.49954,-0.0185716,91.0481,91.1881,92.1276,0.536372,nan,0.275712,0.283602,0.279554,0.25895,0.280911,0.283602,0.280911,0.279554,0.28895,1,0,0.185603,0,0.0689925,-0.0441402,-0.00787348,0.230658,-0.505915,-0.0117176,-0.0215041,0.000565594,0.175743,-0.498664,0.0247572,-3.92217,-1.70983,11.3567,12.136,0,11.1181
10.84,M1 +3% bias,-0.14903,-0.00661306,-0.0756565,0.163813,0,0,0.164687,0.475886,-0.0192269,91.0454,91.1854,92.1331,0.557751,nan,0.274887,0.280243,0.28144,0.255602,0.282426,0.280243,0.282426,0.28144,0.285602,1,0,0.180542,0,0.0679799,-0.0448206,-0.0123162,0.224907,-0.491928,-0.0117183,-0.0215025,0.00056541,0.169823,-0.485191,0.0257994,-3.89591,-1.80777,11.2223,12.0161,0,11.1218
10.85,M1 +3% bias,-0.147435,-0.0111875,-0.0737542,0.159326,0,0,0.155545,0.453973,-0.0190686,91.043,91.183,92.0937,0.546061,nan,0.274082,0.279559,0.280562,0.254533,0.281834,0.279559,0.281834,0.280562,0.284533,1,0,0.175669,0,0.069758,-0.045009,-0.0124405,0.219365,-0.478446,-0.0117183,-0.0215025,0.00056541,0.160131,-0.459052,0.016114,-3.96369,-1.80916,11.3514,12.1588,0,11.1236
10.86,M1 +3% bias,-0.145932,-0.015553,-0.0719716,0.15504,0,0,0.146962,0.433266,-0.0191438,91.0406,91.1806,92.0993,0.567117,nan,0.273302,0.278986,0.279759,0.253189,0.281428,0.278986,0.281428,0.279759,0.283189,1,0,0.17104,0,0.0728593,-0.0457183,-0.0127519,0.214184,-0.465586,-0.0117189,-0.0215009,0.000565231,0.159898,-0.446893,0.0282733,-3.91312,-1.77761,11.3391,12.1263,0,11.1247
10.87,M1 +3% bias,-0.144515,-0.0197181,-0.070298,0.15095,0,0,0.138801,0.413246,-0.0185121,91.0385,91.1785,92.0621,0.556865,nan,0.272549,0.279354,0.278051,0.253196,0.279744,0.279354,0.279744,0.278051,0.283196,1,0,0.166613,0,0.0738801,-0.0463577,-0.0110959,0.209278,-0.453297,-0.0117189,-0.0215009,0.000565231,0.137789,-0.424626,0.0300675,-3.92204,-1.77541,11.3814,12.1685,0,11.1252
10.88,M1 +3% bias,-0.14318,-0.0236895,-0.0687275,0.147114,0,0,0.131199,0.393986,-0.0190664,91.0365,91.1765,92.0678,0.576929,nan,0.271822,0.277427,0.278962,0.250431,0.280613,0.277427,0.280613,0.278962,0.280431,1,0,0.162474,0,0.0759907,-0.0480219,-0.0139406,0.204702,-0.44176,-0.0117194,-0.0214996,0.00056509,0.143727,-0.395298,0.00974094,-3.92993,-1.79268,11.3028,12.1001,0,11.1289
10.89,M1 +3% bias,-0.141921,-0.0274764,-0.067211,0.143412,0,0,0.124122,0.375743,-0.0181071,91.0346,91.1746,92.0404,0.572709,nan,0.271122,0.278098,0.277176,0.25122,0.278131,0.278098,0.278131,0.277176,0.28122,1,0,0.158472,0,0.0738287,-0.0491197,-0.011423,0.200235,-0.430645,-0.0117194,-0.0214996,0.00056509,0.117154,-0.380426,0.0149188,-3.84782,-1.82168,11.2753,12.0523,0,11.1307
10.9,M1 +3% bias,-0.140732,-0.0310887,-0.0657555,0.139901,0,0,0.11748,0.358487,-0.0180627,91.0328,91.1728,92.0463,0.591962,nan,0.270446,0.275927,0.277542,0.249605,0.278843,0.275927,0.278843,0.277542,0.279605,1,0,0.154678,0,0.0732758,-0.0474108,-0.0135609,0.195981,-0.420102,-0.01172,-0.021498,0.000564933,0.116495,-0.367773,0.0334935,-3.87061,-1.73251,11.1748,11.9524,0,11.1339
10.91,M1 +3% bias,-0.13961,-0.0345363,-0.0643804,0.136562,0,0,0.111153,0.342186,-0.0178069,91.0312,91.1712,92.0163,0.584342,nan,0.269796,0.276035,0.276859,0.248437,0.277979,0.276035,0.277979,0.276859,0.278437,1,0,0.151059,0,0.0761796,-0.0501707,-0.0133465,0.191953,-0.410052,-0.01172,-0.021498,0.000564933,0.116363,-0.339335,0.0245064,-3.94274,-1.81948,11.0831,11.9034,0,11.1375
10.92,M1 +3% bias,-0.13855,-0.0378267,-0.0630551,0.133398,0,0,0.105239,0.326637,-0.0181844,91.0298,91.1698,92.0222,0.602028,nan,0.269169,0.275196,0.276675,0.247614,0.277312,0.275196,0.277312,0.276675,0.277614,1,0,0.147629,0,0.0748561,-0.0510567,-0.0137029,0.188061,-0.400543,-0.0117209,-0.0214959,0.000564729,0.112725,-0.321747,0.0179554,-3.897,-1.75262,11.0547,11.8518,0,11.1426
10.93,M1 +3% bias,-0.137549,-0.0409673,-0.0617527,0.13038,0,0,0.0995504,0.311999,-0.0185397,91.0284,91.1684,91.9828,0.586476,nan,0.268563,0.275541,0.275472,0.247972,0.275388,0.275541,0.275388,0.275472,0.277972,1,0,0.144346,0,0.0729086,-0.0523971,-0.0120195,0.184217,-0.391482,-0.0117209,-0.0214959,0.000564729,0.099719,-0.312672,0.0181121,-3.89202,-1.63767,11.065,11.8433,0,11.1486
10.94,M1 +3% bias,-0.136605,-0.0439689,-0.0659859,0.142169,0,0,0.0940777,0.298652,-0.0187406,91.0272,91.1672,91.9906,0.612874,nan,0.267978,0.27618,0.275309,0.245607,0.274933,0.27618,0.274933,0.275309,0.275607,1,0,0.156794,0,0.0801053,-0.0586424,-0.0125067,0.196603,-0.426794,-0.0113352,-0.0224996,0.000548062,0.109012,-0.301688,0.0133426,-3.78588,-1.6058,11.0712,11.8103,0,11.829
10.95,M1 +3% bias,-0.135714,-0.0468454,-0.0754947,0.163028,0,0,0.0894518,0.287304,-0.0198747,91.026,91.166,91.9622,0.618144,nan,0.267414,0.277076,0.274955,0.243658,0.274078,0.277076,0.274078,0.274955,0.273658,1,0,0.179659,0,0.0863219,-0.0649827,-0.0124387,0.224328,-0.48928,-0.0106488,-0.0241385,0.00063724,0.0912308,-0.287901,0.0169364,-3.69534,-1.66463,10.963,11.6882,0,12.9572
10.96,M1 +3% bias,-0.134863,-0.0496275,-0.0870183,0.187826,0,0,0.0865281,0.280044,-0.0198259,91.025,91.165,91.9721,0.653386,nan,0.26687,0.277335,0.276075,0.240105,0.274072,0.277335,0.274072,0.276075,0.270105,1,0,0.206927,0,0.0934462,-0.0743414,-0.0143757,0.257665,-0.563572,-0.00984604,-0.0260438,0.000746639,0.0870402,-0.292575,0.0182389,-3.69745,-1.75395,11.0398,11.7739,0,14.3497
10.97,M1 +3% bias,-0.134032,-0.0523622,-0.0928775,0.200153,0,0,0.0859217,0.278054,-0.0197695,91.0241,91.1641,91.9658,0.670334,nan,0.266345,0.27883,0.274648,0.239691,0.272316,0.27883,0.272316,0.274648,0.269691,1,0,0.220522,0,0.0976367,-0.0785796,-0.0125014,0.274507,-0.600462,-0.00940839,-0.0270798,0.000807009,0.0949552,-0.273915,0.0351607,-3.83589,-1.79684,10.8621,11.6588,0,15.1395
10.98,M1 +3% bias,-0.133196,-0.0551064,-0.099762,0.214856,0,0,0.0880404,0.282277,-0.0188194,91.0233,91.1633,91.9749,0.699078,nan,0.26584,0.278943,0.274566,0.237816,0.272136,0.278943,0.272136,0.274566,0.267816,1,0,0.236698,0,0.102651,-0.0825307,-0.0131606,0.294131,-0.64449,-0.00890454,-0.0282767,0.000872959,0.0939656,-0.276621,0.0122855,-3.74021,-1.59435,10.9252,11.6573,0,16.0759
10.99,M1 +3% bias,-0.132327,-0.0579271,-0.103109,0.221421,0,0,0.0929058,0.29364,-0.0191816,91.0226,91.1626,91.9525,0.700245,nan,0.265358,0.278643,0.274205,0.237011,0.271667,0.278643,0.271667,0.274205,0.267011,1,0,0.244028,0,0.103705,-0.0836937,-0.0132815,0.303653,-0.664154,-0.00863514,-0.028917,0.000928662,0.0943321,-0.282153,0.0179946,-3.62798,-1.69883,10.909,11.6213,0,16.5878
11,M1 +3% bias,-0.131399,-0.0608889,-0.108035,0.231123,0,0,0.100354,0.310559,-0.0190349,91.022,91.162,91.9612,0.725543,nan,0.2649,0.279088,0.273324,0.236643,0.270635,0.279088,0.270635,0.273324,0.266643,1,0,0.25486,0,0.105462,-0.0855213,-0.0124065,0.317615,-0.693221,-0.00826801,-0.0297837,0.00099562,0.100493,-0.29923,0.0242997,-3.74099,-1.68711,10.9107,11.6569,0,17.2862
11.01,M1 +3% bias,-0.13039,-0.0640392,-0.109636,0.235936,0,0,0.109939,0.331779,-0.0196296,91.0215,91.1615,91.9482,0.731502,nan,0.264467,0.277493,0.273582,0.236893,0.269983,0.277493,0.269983,0.273582,0.266893,1,0,0.25989,0,0.0981502,-0.0837495,-0.0128245,0.322052,-0.707648,-0.00803883,-0.0303035,0.000944619,0.113437,-0.323086,0.010057,-3.58455,-1.57741,10.7949,11.4833,0,17.7238
11.02,M1 +3% bias,-0.129281,-0.0674175,-0.112241,0.241876,0,0,0.120861,0.356458,-0.0194295,91.0211,91.1611,91.9568,0.753402,nan,0.264056,0.278361,0.272417,0.23658,0.268948,0.278361,0.268948,0.272417,0.26658,1,0,0.266361,0,0.101631,-0.0857415,-0.0116139,0.329362,-0.725468,-0.00777623,-0.0309259,0.000953394,0.131768,-0.357463,0.0210397,-3.63316,-1.6735,10.7122,11.4347,0,18.2429
11.03,M1 +3% bias,-0.128063,-0.0710543,-0.113951,0.244715,0,0,0.132871,0.383805,-0.0195365,91.0207,91.1607,91.9434,0.757903,nan,0.263667,0.27619,0.272864,0.235658,0.270033,0.27619,0.270033,0.272864,0.265658,1,0,0.269654,0,0.100011,-0.0821654,-0.0136468,0.334204,-0.734016,-0.00759349,-0.0313655,0.00100626,0.141131,-0.389584,0.0180446,-3.73304,-1.71559,10.7091,11.4701,0,18.6075
11.04,M1 +3% bias,-0.126725,-0.0749728,-0.115481,0.24914,0,0,0.145592,0.412912,-0.0193933,91.0204,91.1604,91.9521,0.778492,nan,0.263299,0.276037,0.272065,0.235921,0.269243,0.276037,0.269243,0.272065,0.265921,1,0,0.274299,0,0.0989294,-0.0813591,-0.0129001,0.338409,-0.747266,-0.00735456,-0.0319093,0.000970235,0.145539,-0.407052,0.025531,-3.5072,-1.59063,10.7688,11.4366,0,19.0728
11.05,M1 +3% bias,-0.125264,-0.0791852,-0.116659,0.250069,0,0,0.158663,0.44286,-0.0196035,91.0202,91.1602,91.9698,0.804043,nan,0.262949,0.275989,0.270433,0.236834,0.268606,0.275989,0.268606,0.270433,0.266834,1,0,0.275645,0,0.0990185,-0.0776535,-0.0115223,0.341812,-0.750118,-0.00721418,-0.0322638,0.00105503,0.160167,-0.445547,0.0190784,-3.67104,-1.72859,10.7105,11.4534,0,19.3669
11.06,M1 +3% bias,-0.123677,-0.0836964,-0.117485,0.252877,0,0,0.171815,0.472769,-0.0195626,91.0201,91.1601,91.9788,0.823569,nan,0.262617,0.274408,0.2705,0.237414,0.26821,0.274408,0.26821,0.2705,0.267414,1,0,0.27854,0,0.0920586,-0.0744359,-0.011818,0.34408,-0.758538,-0.00700396,-0.0327372,0.00101973,0.188142,-0.467177,0.0202938,-3.61074,-1.5191,10.6765,11.3724,0,19.7762
11.07,M1 +3% bias,-0.121966,-0.0885031,-0.117599,0.25254,0,0,0.184642,0.50201,-0.0195069,91.02,91.16,91.9853,0.839443,nan,0.262302,0.273539,0.269747,0.237745,0.268238,0.273539,0.268238,0.269747,0.267745,1,0,0.278305,0,0.0909498,-0.0706818,-0.011736,0.344436,-0.757604,-0.00688137,-0.0330333,0.00105394,0.184865,-0.51301,0.0250713,-3.70526,-1.79829,10.7081,11.4729,0,20.0294
11.08,M1 +3% bias,-0.120135,-0.0935952,-0.117861,0.254346,0,0,0.196814,0.529841,-0.0198158,91.02,91.16,91.9945,0.858193,nan,0.262004,0.27202,0.270282,0.236798,0.268974,0.27202,0.268974,0.270282,0.266798,1,0,0.280061,0,0.0899621,-0.0692169,-0.0133783,0.345103,-0.763032,-0.00668468,-0.0334744,0.00101092,0.201669,-0.538831,0.0245728,-3.54273,-1.54715,10.6919,11.3693,0,20.4155
11.09,M1 +3% bias,-0.118194,-0.0989574,-0.117947,0.253309,0,0,0.208262,0.555984,-0.0201177,91.02,91.16,91.9654,0.847972,nan,0.261721,0.271741,0.269436,0.237203,0.26856,0.271741,0.26856,0.269436,0.267203,1,0,0.279167,0,0.0892963,-0.0671021,-0.0127691,0.345427,-0.75997,-0.00656936,-0.0337667,0.00107737,0.205953,-0.556816,0.0173376,-3.61741,-1.67851,10.6243,11.3481,0,20.6638
11.1,M1 +3% bias,-0.116148,-0.104571,-0.11827,0.253822,0,0,0.218891,0.580009,-0.0202793,91.0201,91.1601,91.9746,0.865839,nan,0.261453,0.271431,0.26826,0.238505,0.26767,0.271431,0.26767,0.26826,0.268505,1,0,0.279779,0,0.0857769,-0.0635049,-0.011425,0.34636,-0.761538,-0.00639858,-0.0341689,0.00109902,0.219075,-0.580005,0.0273878,-3.49688,-1.57868,10.5923,11.2657,0,21.0123
11.11,M1 +3% bias,-0.114008,-0.110413,-0.11766,0.252495,0,0,0.22837,0.601497,-0.0207672,91.0202,91.1602,91.955,0.862222,nan,0.2612,0.268769,0.269721,0.23724,0.269121,0.268769,0.269121,0.269721,0.26724,1,0,0.278341,0,0.082046,-0.0608802,-0.0144308,0.344695,-0.7576,-0.00627315,-0.0344591,0.00110488,0.240155,-0.601713,0.0212701,-3.58696,-1.64613,10.564,11.2772,0,21.2666
11.12,M1 +3% bias,-0.111785,-0.116458,-0.117961,0.252141,0,0,0.236666,0.620327,-0.0206543,91.0204,91.1604,91.9643,0.879688,nan,0.260961,0.268605,0.269228,0.237065,0.268995,0.268605,0.268995,0.269228,0.267065,1,0,0.278156,0,0.0830475,-0.0602023,-0.0143076,0.345588,-0.756591,-0.00611679,-0.0348387,0.00116322,0.235425,-0.62676,0.0122077,-3.54354,-1.66549,10.6783,11.3735,0,21.5945
11.13,M1 +3% bias,-0.109491,-0.122679,-0.116938,0.250218,0,0,0.243802,0.636463,-0.0196192,91.0207,91.1607,91.9514,0.880598,nan,0.260736,0.268406,0.267847,0.239269,0.267466,0.268406,0.267466,0.267847,0.269269,1,0,0.275995,0,0.0762818,-0.0559321,-0.0121477,0.34273,-0.75084,-0.00599719,-0.0351071,0.00115399,0.237737,-0.630478,0.0139527,-3.4885,-1.5519,10.6682,11.3308,0,21.8354
11.14,M1 +3% bias,-0.107137,-0.12905,-0.117047,0.24941,0,0,0.249697,0.64968,-0.02049,91.021,91.161,91.9608,0.897921,nan,0.260524,0.268173,0.267279,0.239152,0.267534,0.268173,0.267534,0.267279,0.269152,1,0,0.275322,0,0.0776577,-0.0545066,-0.012082,0.343137,-0.748449,-0.00584236,-0.0354775,0.00120972,0.259213,-0.641684,0.0236693,-3.63061,-1.64727,10.6539,11.3755,0,22.1566
11.15,M1 +3% bias,-0.104736,-0.13554,-0.115569,0.246799,0,0,0.254378,0.66002,-0.0196153,91.0213,91.1613,91.9361,0.889526,nan,0.260325,0.266692,0.268006,0.237778,0.268864,0.266692,0.268864,0.268006,0.267778,1,0,0.272357,0,0.0789741,-0.0531606,-0.0142406,0.338976,-0.740665,-0.00573462,-0.035714,0.00118839,0.254106,-0.6651,0.0242378,-3.47079,-1.60502,10.6961,11.3591,0,22.372
11.16,M1 +3% bias,-0.102297,-0.142123,-0.115071,0.246276,0,0,0.257944,0.667566,-0.0189361,91.0217,91.1617,91.9456,0.906751,nan,0.260139,0.266007,0.268073,0.238163,0.268347,0.266007,0.268347,0.268073,0.268163,1,0,0.271684,0,0.0745878,-0.0522406,-0.0141749,0.337555,-0.739111,-0.00556216,-0.036099,0.00116653,0.25918,-0.673622,0.0167625,-3.48352,-1.50713,10.656,11.3118,0,22.7152
11.17,M1 +3% bias,-0.0998304,-0.148771,-0.113963,0.24343,0,0,0.260355,0.672396,-0.0171871,91.0221,91.1621,91.9183,0.896465,nan,0.259965,0.267347,0.26582,0.239226,0.267499,0.267347,0.267499,0.26582,0.269226,1,0,0.268655,0,0.079051,-0.0501027,-0.0117556,0.334508,-0.730611,-0.00545946,-0.0363415,0.00119141,0.266436,-0.682892,0.028926,-3.49813,-1.65129,10.6838,11.3625,0,22.9313
11.18,M1 +3% bias,-0.0973468,-0.155459,-0.113412,0.242676,0,0,0.261815,0.674717,-0.0168096,91.0225,91.1625,91.9278,0.913262,nan,0.259803,0.266648,0.266021,0.239189,0.267384,0.266648,0.267384,0.266021,0.269189,1,0,0.267741,0,0.076455,-0.0494437,-0.012117,0.332932,-0.728348,-0.00529282,-0.0367178,0.00117778,0.260923,-0.680426,0.0258861,-3.44458,-1.56619,10.6564,11.3083,0,23.2686
11.19,M1 +3% bias,-0.0948552,-0.162161,-0.112238,0.240029,0,0,0.262359,0.674783,-0.0160025,91.023,91.163,91.9116,0.911261,nan,0.259653,0.266091,0.266436,0.238847,0.267264,0.266091,0.267264,0.266436,0.268847,1,0,0.264857,0,0.0744663,-0.0500527,-0.0126415,0.329659,-0.72041,-0.00518351,-0.0369715,0.00118963,0.265889,-0.667307,0.0191395,-3.42839,-1.36795,10.6837,11.3034,0,23.4986
11.2,M1 +3% bias,-0.0923643,-0.168857,-0.112153,0.238981,0,0,0.262087,0.672931,-0.0160494,91.0235,91.1635,91.9212,0.928251,nan,0.259514,0.266819,0.265466,0.239847,0.265952,0.266819,0.265952,0.265466,0.269847,1,0,0.263882,0,0.072837,-0.0501849,-0.0108792,0.329475,-0.717296,-0.00502604,-0.0373413,0.00123583,0.265708,-0.6761,0.0188077,-3.44535,-1.56848,10.7431,11.3905,0,23.8265
11.21,M1 +3% bias,-0.0898825,-0.175528,-0.111167,0.236186,0,0,0.261067,0.669414,-0.0168009,91.024,91.164,91.9121,0.931108,nan,0.259387,0.265921,0.265491,0.239509,0.266652,0.265921,0.266652,0.265491,0.269509,1,0,0.260941,0,0.073145,-0.0478462,-0.011741,0.326744,-0.708933,-0.00491979,-0.0375902,0.00126846,0.25849,-0.675322,0.0306862,-3.42207,-1.53912,10.7952,11.4287,0,24.0491
11.22,M1 +3% bias,-0.0874161,-0.182158,-0.110723,0.235639,0,0,0.259347,0.664269,-0.0168006,91.0245,91.1645,91.9219,0.948013,nan,0.259271,0.266701,0.264551,0.240093,0.265762,0.266701,0.265762,0.264551,0.270093,1,0,0.260258,0,0.0737955,-0.0481221,-0.0103372,0.325464,-0.707282,-0.0047482,-0.0379755,0.00125772,0.254678,-0.667197,0.0173396,-3.30827,-1.56252,10.622,11.2345,0,24.3975
11.23,M1 +3% bias,-0.0849711,-0.188733,-0.109319,0.233017,0,0,0.257083,0.657867,-0.0163981,91.0251,91.1651,91.8731,0.922195,nan,0.259166,0.264159,0.267148,0.237456,0.267921,0.264159,0.267921,0.267148,0.267456,1,0,0.257302,0,0.0728839,-0.0491304,-0.014704,0.321514,-0.699424,-0.00464062,-0.0382161,0.0012438,0.265829,-0.662298,0.0166024,-3.24907,-1.47005,10.726,11.3033,0,24.6199
11.24,M1 +3% bias,-0.0825494,-0.195241,-0.109094,0.232039,0,0,0.254451,0.650603,-0.0156141,91.0257,91.1657,91.8828,0.939238,nan,0.259072,0.265843,0.265106,0.239273,0.266082,0.265843,0.266082,0.265106,0.269273,1,0,0.256325,0,0.0730683,-0.0484946,-0.0114595,0.320917,-0.696493,-0.00448693,-0.0385729,0.00127364,0.27056,-0.65577,0.0193466,-3.37383,-1.49673,10.7916,11.4053,0,24.9412
11.25,M1 +3% bias,-0.0801565,-0.201676,-0.108189,0.229373,0,0,0.251448,0.642671,-0.0159663,91.0263,91.1663,91.8459,0.921973,nan,0.258988,0.264829,0.26617,0.238437,0.26653,0.264829,0.26653,0.26617,0.268437,1,0,0.253538,0,0.070966,-0.0493267,-0.012937,0.318402,-0.688511,-0.00438576,-0.0388113,0.00131116,0.263751,-0.650905,0.0250991,-3.38756,-1.61893,10.7054,11.3447,0,25.1594
11.26,M1 +3% bias,-0.0777953,-0.20803,-0.107683,0.228433,0,0,0.248155,0.634223,-0.0160016,91.0269,91.1669,91.8555,0.938715,nan,0.258914,0.26536,0.265152,0.238918,0.266238,0.26536,0.266238,0.265152,0.268918,1,0,0.252469,0,0.0730219,-0.0480454,-0.0119162,0.31695,-0.685697,-0.00423526,-0.0391506,0.00131097,0.251736,-0.651454,0.0207088,-3.35849,-1.6105,10.8561,11.4772,0,25.4714
11.27,M1 +3% bias,-0.0754676,-0.2143,-0.106524,0.225923,0,0,0.244631,0.62542,-0.0163657,91.0276,91.1676,91.8597,0.951143,nan,0.25885,0.266104,0.264862,0.23856,0.265885,0.266104,0.265885,0.264862,0.26856,1,0,0.249707,0,0.0757782,-0.0502516,-0.0114638,0.313681,-0.678146,-0.0041347,-0.039379,0.00131948,0.251631,-0.626553,0.0210479,-3.22187,-1.43291,10.8537,11.4121,0,25.6861
11.28,M1 +3% bias,-0.073177,-0.220483,-0.106328,0.22526,0,0,0.240993,0.61655,-0.0167547,91.0282,91.1682,91.8696,0.968193,nan,0.258796,0.265181,0.26557,0.237678,0.266765,0.265181,0.266765,0.26557,0.267678,1,0,0.249021,0,0.0761271,-0.0498488,-0.0129554,0.313144,-0.676145,-0.00398001,-0.0397305,0.00133546,0.253779,-0.614118,0.0154542,-3.26165,-1.39867,10.718,11.2903,0,26.0073
11.29,M1 +3% bias,-0.0709224,-0.226578,-0.105503,0.223064,0,0,0.237364,0.607548,-0.0163486,91.0289,91.1689,91.8633,0.972937,nan,0.258751,0.264931,0.266439,0.237234,0.266409,0.264931,0.266409,0.266439,0.267234,1,0,0.246688,0,0.0733898,-0.0525373,-0.013486,0.310803,-0.669571,-0.00387411,-0.039972,0.00135607,0.233596,-0.61002,0.00842771,-3.13833,-1.44689,10.8619,11.3984,0,26.2329
11.3,M1 +3% bias,-0.0687012,-0.232586,-0.105165,0.22257,0,0,0.23385,0.598696,-0.0151545,91.0295,91.1695,91.8734,0.989915,nan,0.258716,0.2653,0.265821,0.23725,0.266498,0.2653,0.266498,0.265821,0.26725,1,0,0.246097,0,0.0762028,-0.0518658,-0.0130839,0.309833,-0.668085,-0.00371929,-0.0403162,0.00134921,0.229029,-0.608139,0.0205553,-3.13134,-1.42088,10.8194,11.3527,0,26.5519
11.31,M1 +3% bias,-0.0665118,-0.238508,-0.10416,0.22027,0,0,0.230415,0.590078,-0.0155644,91.0302,91.1702,91.8705,0.996941,nan,0.258689,0.265372,0.265704,0.237427,0.266259,0.265372,0.266259,0.265704,0.267427,1,0,0.243599,0,0.0756019,-0.0518971,-0.0128186,0.307007,-0.661194,-0.00362201,-0.0405369,0.00135837,0.237068,-0.602456,0.0130133,-3.31594,-1.43142,10.871,11.4553,0,26.76
11.32,M1 +3% bias,-0.064357,-0.244346,-0.103724,0.21976,0,0,0.227035,0.58178,-0.0169609,91.0309,91.1709,91.8808,1.01413,nan,0.258672,0.265629,0.265512,0.237802,0.265746,0.265629,0.265746,0.265512,0.267802,1,0,0.242947,0,0.0744358,-0.052283,-0.0122312,0.305752,-0.659644,-0.00347548,-0.0408659,0.00134801,0.236792,-0.590124,0.0167256,-3.28856,-1.41745,10.8588,11.434,0,27.0681
11.33,M1 +3% bias,-0.062237,-0.250104,-0.102806,0.217607,0,0,0.223721,0.573952,-0.016617,91.0315,91.1715,91.8872,1.02796,nan,0.258662,0.264751,0.266592,0.236592,0.266715,0.264751,0.266715,0.266592,0.266592,1,0,0.240608,0,0.0750219,-0.0531232,-0.0140492,0.303124,-0.653182,-0.00338006,-0.0410837,0.00135985,0.21415,-0.577685,0.0092654,-3.21795,-1.515,10.8598,11.4274,0,27.276
11.34,M1 +3% bias,-0.0601464,-0.255787,-0.102778,0.21757,0,0,0.220595,0.566569,-0.0153134,91.0322,91.1722,91.8978,1.04519,nan,0.258661,0.267143,0.264276,0.238417,0.264809,0.267143,0.264809,0.264276,0.268417,1,0,0.240563,0,0.0776152,-0.0534203,-0.0103393,0.303072,-0.653064,-0.00322459,-0.0414377,0.00136742,0.230501,-0.574054,0.0246634,-3.13587,-1.48762,11.0065,11.5408,0,27.6062
11.35,M1 +3% bias,-0.0580832,-0.261401,-0.101915,0.215324,0,0,0.217658,0.559665,-0.0152469,91.0329,91.1729,91.8725,1.03581,nan,0.258669,0.265682,0.265799,0.237066,0.266125,0.265682,0.266125,0.265799,0.267066,1,0,0.23817,0,0.0767738,-0.0536042,-0.0128243,0.300627,-0.64632,-0.00313575,-0.0416418,0.00138934,0.218163,-0.55932,0.0210095,-3.19345,-1.44502,10.8521,11.4041,0,27.8015
11.36,M1 +3% bias,-0.0560468,-0.266949,-0.101765,0.214508,0,0,0.214906,0.553245,-0.0148767,91.0336,91.1736,91.8831,1.05306,nan,0.258684,0.266088,0.265525,0.237558,0.26556,0.266088,0.26556,0.265525,0.267558,1,0,0.237368,0,0.0757729,-0.0539903,-0.0120599,0.300222,-0.643883,-0.00300482,-0.0419385,0.00141679,0.218635,-0.560221,0.0149307,-3.10695,-1.55757,10.9438,11.4824,0,28.08
11.37,M1 +3% bias,-0.0540351,-0.272436,-0.100902,0.212533,0,0,0.212402,0.547232,-0.0153722,91.0342,91.1742,91.8776,1.05796,nan,0.258706,0.267088,0.264809,0.23746,0.265463,0.267088,0.265463,0.264809,0.26746,1,0,0.235215,0,0.0803311,-0.0548981,-0.0113065,0.297778,-0.637955,-0.00291155,-0.0421474,0.00142343,0.216523,-0.551062,0.0270613,-3.03316,-1.44425,10.8718,11.379,0,28.2828
11.38,M1 +3% bias,-0.0520474,-0.277865,-0.101027,0.212171,0,0,0.210236,0.541634,-0.0153756,91.0349,91.1749,91.8884,1.07527,nan,0.258736,0.265852,0.266328,0.236544,0.266214,0.265852,0.266214,0.266328,0.266544,1,0,0.234942,0,0.0774428,-0.055748,-0.0132501,0.298165,-0.636865,-0.00276857,-0.0424677,0.00145169,0.218312,-0.543921,0.0253511,-3.05634,-1.4738,10.8563,11.3742,0,28.5827
11.39,M1 +3% bias,-0.0500772,-0.283242,-0.100107,0.210221,0,0,0.208277,0.536562,-0.0149264,91.0356,91.1756,91.8927,1.08738,nan,0.258774,0.268023,0.263966,0.239318,0.26378,0.268023,0.26378,0.263966,0.269318,1,0,0.232792,0,0.0756508,-0.0547421,-0.00896882,0.295516,-0.631036,-0.00267754,-0.042668,0.00145287,0.198528,-0.549264,0.0116856,-2.92058,-1.41539,10.9543,11.425,0,28.7801
11.4,M1 +3% bias,-0.0481253,-0.288572,-0.100222,0.209717,0,0,0.206441,0.531952,-0.0151225,91.0362,91.1762,91.9039,1.10483,nan,0.258818,0.266273,0.265999,0.236605,0.266387,0.266273,0.266387,0.265999,0.266605,1,0,0.232379,0,0.0797288,-0.0554787,-0.0129691,0.295888,-0.629501,-0.00254131,-0.0429703,0.00148287,0.20616,-0.529218,0.0111983,-2.98546,-1.48235,10.945,11.4413,0,29.0666
11.41,M1 +3% bias,-0.0461885,-0.293858,-0.0996052,0.207663,0,0,0.204892,0.527739,-0.0149028,91.0369,91.1769,91.8989,1.11034,nan,0.25887,0.265387,0.267036,0.23542,0.267625,0.265387,0.267625,0.267036,0.26542,1,0,0.230266,0,0.0810566,-0.055665,-0.0148796,0.294165,-0.623354,-0.00245322,-0.0431644,0.00151357,0.202795,-0.528682,0.018391,-3.03111,-1.49483,10.9559,11.4653,0,29.2568
11.42,M1 +3% bias,-0.0442626,-0.299105,-0.0997318,0.207154,0,0,0.203608,0.523888,-0.0142323,91.0375,91.1775,91.9102,1.12802,nan,0.258928,0.267893,0.264797,0.238026,0.264983,0.267893,0.264983,0.264797,0.268026,1,0,0.229864,0,0.0797235,-0.0562413,-0.0104876,0.294577,-0.621842,-0.00231674,-0.0434601,0.0015431,0.215789,-0.531332,0.00686141,-3.04519,-1.36412,11.0483,11.5412,0,29.5389
11.43,M1 +3% bias,-0.0423473,-0.304316,-0.0990716,0.205261,0,0,0.202586,0.52042,-0.0150057,91.0381,91.1781,91.8917,1.12363,nan,0.258993,0.2658,0.266711,0.236232,0.267213,0.2658,0.267213,0.266711,0.266232,1,0,0.227876,0,0.0797646,-0.0550748,-0.0140171,0.29271,-0.616159,-0.00222499,-0.0436566,0.00155834,0.207318,-0.520649,0.0209988,-2.8843,-1.40273,11.0004,11.4584,0,29.7331
11.44,M1 +3% bias,-0.0404414,-0.309494,-0.0991079,0.204277,0,0,0.201697,0.517066,-0.0156335,91.0387,91.1787,91.9031,1.14112,nan,0.259064,0.265821,0.266736,0.236512,0.267172,0.265821,0.267172,0.266736,0.266512,1,0,0.227006,0,0.0789028,-0.0547094,-0.013878,0.292862,-0.613215,-0.00210204,-0.0439182,0.00159701,0.207036,-0.519806,0.0215513,-2.85514,-1.4799,11.0105,11.4706,0,29.9842
11.45,M1 +3% bias,-0.0385427,-0.314639,-0.0980483,0.202491,0,0,0.200927,0.513747,-0.0149802,91.0393,91.1793,91.8774,1.13156,nan,0.259141,0.267258,0.26565,0.237297,0.266344,0.267258,0.266344,0.26565,0.267297,1,0,0.22494,0,0.0813188,-0.0554544,-0.0120599,0.28981,-0.607843,-0.00201146,-0.0441087,0.0015776,0.203002,-0.506529,0.0204544,-2.81155,-1.41138,11.0624,11.501,0,30.1756
11.46,M1 +3% bias,-0.0366491,-0.319752,-0.0977225,0.201701,0,0,0.200283,0.51058,-0.0152681,91.0399,91.1799,91.889,1.14945,nan,0.259225,0.267675,0.265592,0.237003,0.266613,0.267675,0.266613,0.265592,0.267003,1,0,0.224097,0,0.0840696,-0.0561816,-0.0120992,0.288878,-0.6055,-0.00188969,-0.044368,0.00158024,0.200692,-0.52047,0.0125617,-2.80943,-1.41113,11.1265,11.5621,0,30.4293
11.47,M1 +3% bias,-0.0347605,-0.324834,-0.0970105,0.199849,0,0,0.199749,0.50751,-0.0150446,91.0404,91.1804,91.8685,1.14384,nan,0.259315,0.26672,0.266427,0.237314,0.26678,0.26672,0.26678,0.266427,0.267314,1,0,0.222126,0,0.0789405,-0.0550514,-0.0128222,0.286868,-0.599957,-0.00179995,-0.0445594,0.00159236,0.207417,-0.520757,0.0113119,-2.88271,-1.48037,11.0564,11.5215,0,30.6182
11.48,M1 +3% bias,-0.0328739,-0.329887,-0.0970044,0.199035,0,0,0.199145,0.504474,-0.0151509,91.041,91.181,91.8802,1.16175,nan,0.259411,0.266875,0.2661,0.237608,0.267041,0.266875,0.267041,0.2661,0.267608,1,0,0.221388,0,0.0801345,-0.0536724,-0.0125958,0.286867,-0.597513,-0.00167681,-0.0448193,0.00162394,0.192252,-0.515816,0.0241144,-2.89965,-1.33565,11.1203,11.5695,0,30.8716
11.49,M1 +3% bias,-0.0309956,-0.33491,-0.0959575,0.196828,0,0,0.198494,0.501456,-0.0162905,91.0415,91.1815,91.8482,1.14794,nan,0.259512,0.267173,0.266334,0.238288,0.266234,0.267173,0.266234,0.266334,0.268288,1,0,0.218953,0,0.076357,-0.0549198,-0.0119145,0.283877,-0.590896,-0.00160234,-0.0449759,0.00162457,0.198865,-0.509918,0.0117495,-2.84957,-1.4876,11.1579,11.6117,0,31.0335
11.5,M1 +3% bias,-0.0291229,-0.339903,-0.0959273,0.196482,0,0,0.197736,0.498422,-0.0159036,91.042,91.182,91.8598,1.16634,nan,0.25962,0.267177,0.266441,0.237769,0.26707,0.267177,0.26707,0.266441,0.267769,1,0,0.218628,0,0.07968,-0.0545283,-0.0125551,0.283803,-0.589853,-0.00146849,-0.0452574,0.0016383,0.196564,-0.505613,0.0244049,-2.90184,-1.41178,11.1566,11.614,0,31.3091
11.51,M1 +3% bias,-0.0272563,-0.344866,-0.0948518,0.194508,0,0,0.196897,0.495426,-0.0160212,91.0425,91.1825,91.8584,1.1747,nan,0.259733,0.2664,0.267619,0.237429,0.267459,0.2664,0.267459,0.267619,0.267429,1,0,0.216387,0,0.0764263,-0.055197,-0.0137346,0.280709,-0.583936,-0.00139072,-0.0454222,0.0016303,0.197707,-0.504682,0.0177438,-2.84763,-1.38796,11.1295,11.5716,0,31.48
11.52,M1 +3% bias,-0.0253941,-0.349801,-0.0945803,0.193941,0,0,0.196083,0.492516,-0.0152474,91.0429,91.1829,91.8704,1.19299,nan,0.259851,0.267191,0.267085,0.238078,0.267025,0.267191,0.267025,0.267085,0.268078,1,0,0.215758,0,0.0770688,-0.0552772,-0.0126762,0.279933,-0.582222,-0.00126841,-0.0456812,0.00163238,0.199673,-0.495312,0.0200296,-2.83908,-1.38057,11.1263,11.5655,0,31.7371
11.53,M1 +3% bias,-0.023538,-0.354707,-0.0935787,0.191785,0,0,0.195206,0.489602,-0.0155781,91.0433,91.1833,91.8311,1.17405,nan,0.259975,0.266212,0.267887,0.237308,0.268467,0.266212,0.268467,0.267887,0.267308,1,0,0.21339,0,0.0782138,-0.0536681,-0.0144311,0.277064,-0.575768,-0.00119553,-0.0458354,0.00163606,0.201767,-0.496948,0.0164477,-2.85175,-1.3043,11.2027,11.6333,0,31.8957
11.54,M1 +3% bias,-0.0216882,-0.359584,-0.0929696,0.190904,0,0,0.194302,0.48658,-0.0154966,91.0437,91.1837,91.8431,1.19248,nan,0.260104,0.267384,0.267142,0.238257,0.267607,0.267384,0.267607,0.267142,0.268257,1,0,0.212336,0,0.0784975,-0.0543107,-0.0127936,0.275297,-0.573113,-0.00108806,-0.0460653,0.0016249,0.200164,-0.487672,0.0168779,-2.68549,-1.25626,11.1693,11.5561,0,32.128
11.55,M1 +3% bias,-0.0198459,-0.364431,-0.0919699,0.189032,0,0,0.193297,0.483389,-0.0148553,91.0441,91.1841,91.824,1.18836,nan,0.260238,0.267762,0.26672,0.23953,0.266914,0.267762,0.266914,0.26672,0.26953,1,0,0.210219,0,0.0754039,-0.0531247,-0.011578,0.272425,-0.567505,-0.00101037,-0.046232,0.00161985,0.205432,-0.489909,0.0212255,-2.73075,-1.25776,11.2545,11.6492,0,32.2989
11.56,M1 +3% bias,-0.0180112,-0.369245,-0.0914291,0.187855,0,0,0.192084,0.48001,-0.0149487,91.0445,91.1845,91.836,1.20685,nan,0.260378,0.267759,0.267194,0.239156,0.267374,0.267759,0.267374,0.267194,0.269156,1,0,0.208929,0,0.0763531,-0.0538546,-0.0121543,0.27087,-0.563973,-0.000911573,-0.0464429,0.00162717,0.204633,-0.484957,0.0200475,-2.65734,-1.23412,11.2111,11.5876,0,32.5124
11.57,M1 +3% bias,-0.0161865,-0.374025,-0.090694,0.185776,0,0,0.19082,0.476428,-0.0146931,91.0448,91.1848,91.8484,1.22562,nan,0.260522,0.26834,0.267124,0.239663,0.266932,0.26834,0.266932,0.267124,0.269663,1,0,0.206743,0,0.0755632,-0.0547016,-0.0114509,0.268766,-0.557749,-0.000837669,-0.0465959,0.00164912,0.200162,-0.486318,0.00952835,-2.56668,-1.30728,11.3122,11.6731,0,32.6717
11.58,M1 +3% bias,-0.0143711,-0.378769,-0.0905787,0.184941,0,0,0.189465,0.472733,-0.0146174,91.0451,91.1851,91.8609,1.24436,nan,0.260672,0.268126,0.267114,0.239293,0.268123,0.268126,0.268123,0.267114,0.269293,1,0,0.205935,0,0.0791592,-0.0527224,-0.0122265,0.268439,-0.555233,-0.000724575,-0.0468296,0.00167157,0.186841,-0.47459,0.0177288,-2.60395,-1.37775,11.2657,11.6445,0,32.9054
11.59,M1 +3% bias,-0.0125688,-0.383476,-0.0896244,0.182897,0,0,0.18804,0.46881,-0.0159109,91.0453,91.1853,91.8345,1.23499,nan,0.260826,0.268429,0.267114,0.239746,0.267983,0.268429,0.267983,0.267114,0.269746,1,0,0.203691,0,0.0783899,-0.0527029,-0.0118328,0.265702,-0.549119,-0.000654957,-0.0469745,0.00167661,0.194723,-0.481185,0.0140399,-2.62409,-1.34607,11.3612,11.7377,0,33.0595
11.6,M1 +3% bias,-0.0107826,-0.388143,-0.0894091,0.182106,0,0,0.18654,0.464805,-0.0160225,91.0456,91.1856,91.847,1.25413,nan,0.260985,0.267637,0.268334,0.238867,0.269068,0.267637,0.269068,0.268334,0.268867,1,0,0.202887,0,0.0782649,-0.0531222,-0.0135802,0.265089,-0.546735,-0.000544997,-0.047202,0.00169152,0.190982,-0.471237,0.0157467,-2.73943,-1.23404,11.3938,11.7833,0,33.29
11.61,M1 +3% bias,-0.00900913,-0.39277,-0.088781,0.180024,0,0,0.185017,0.460851,-0.016124,91.0458,91.1858,91.8466,1.26373,nan,0.261148,0.267331,0.268883,0.238879,0.269466,0.267331,0.269466,0.268883,0.268879,1,0,0.200735,0,0.0770178,-0.052807,-0.014126,0.263305,-0.540481,-0.000472734,-0.0473452,0.00171918,0.190194,-0.458598,0.0211025,-2.59981,-1.23475,11.3026,11.6633,0,33.4417
11.62,M1 +3% bias,-0.00724758,-0.397358,-0.0882358,0.179359,0,0,0.183537,0.456797,-0.0160551,91.0459,91.1859,91.8594,1.28307,nan,0.261316,0.267972,0.268795,0.239384,0.269078,0.267972,0.269078,0.268795,0.269384,1,0,0.199898,0,0.0765853,-0.0536324,-0.0134127,0.261718,-0.538475,-0.000367702,-0.0475676,0.00170575,0.193085,-0.450413,0.0177688,-2.61031,-1.21527,11.3267,11.6869,0,33.6701
11.63,M1 +3% bias,-0.00549903,-0.401905,-0.0874299,0.177225,0,0,0.182054,0.45259,-0.0158868,91.046,91.186,91.8332,1.274,nan,0.261488,0.269005,0.268123,0.240426,0.268365,0.269005,0.268365,0.268123,0.270426,1,0,0.197641,0,0.0764534,-0.0536935,-0.0118922,0.259399,-0.532106,-0.000300783,-0.0477011,0.00172373,0.187931,-0.46535,0.0151344,-2.4907,-1.16178,11.3987,11.7254,0,33.8119
11.64,M1 +3% bias,-0.00376311,-0.40641,-0.0869103,0.17615,0,0,0.180477,0.448209,-0.0156585,91.0461,91.1861,91.8461,1.29336,nan,0.261665,0.269814,0.267874,0.24069,0.268244,0.269814,0.268244,0.267874,0.27069,1,0,0.196451,0,0.0782389,-0.0544825,-0.011258,0.257903,-0.528875,-0.000207307,-0.047895,0.00172586,0.191927,-0.459304,0.0164339,-2.51049,-1.27817,11.381,11.7245,0,34.0134
11.65,M1 +3% bias,-0.00204213,-0.41087,-0.0860781,0.174331,0,0,0.178863,0.443833,-0.0168737,91.0462,91.1862,91.8483,1.30494,nan,0.261845,0.268426,0.269498,0.239942,0.269479,0.268426,0.269479,0.269498,0.269942,1,0,0.194451,0,0.075508,-0.0540095,-0.0134537,0.255488,-0.523416,-0.000137062,-0.0480392,0.00173013,0.181818,-0.455597,0.0293958,-2.50964,-1.31772,11.4988,11.843,0,34.167
11.66,M1 +3% bias,-0.000335684,-0.415288,-0.0859257,0.173691,0,0,0.177212,0.43945,-0.0169528,91.0462,91.1862,91.8615,1.32482,nan,0.26203,0.26989,0.268597,0.240534,0.269062,0.26989,0.269062,0.268597,0.270534,1,0,0.193808,0,0.0791092,-0.0547434,-0.0119704,0.255055,-0.521489,-2.94111e-05,-0.048259,0.00174142,0.181793,-0.447865,0.0207954,-2.59309,-1.13511,11.5518,11.8935,0,34.3924
11.67,M1 +3% bias,0.00135709,-0.419662,-0.0842511,0.170836,0,0,0.175632,0.435218,-0.01663,91.0462,91.1862,91.855,1.33018,nan,0.262218,0.268369,0.269786,0.240288,0.270394,0.268369,0.270394,0.269786,0.270288,1,0,0.190515,0,0.076103,-0.052057,-0.0138551,0.250176,-0.51293,-2.04857e-06,-0.0483233,0.00172321,0.176302,-0.446202,0.0136795,-2.53702,-1.1225,11.4864,11.8167,0,34.4724
11.68,M1 +3% bias,0.00303769,-0.423994,-0.0836724,0.169278,0,0,0.174093,0.430866,-0.0160806,91.0461,91.1861,91.8684,1.34984,nan,0.262411,0.26946,0.269443,0.240978,0.269723,0.26946,0.269723,0.269443,0.270978,1,0,0.188855,0,0.0762974,-0.0534368,-0.0126264,0.248502,-0.508227,7.41636e-05,-0.048476,0.00173727,0.170092,-0.422566,0.0166858,-2.4681,-1.09783,11.4914,11.8046,0,34.6364
11.69,M1 +3% bias,0.00470605,-0.428282,-0.0817975,0.165444,0,0,0.172456,0.426322,-0.0155637,91.0461,91.1861,91.8638,1.35642,nan,0.262607,0.270161,0.269133,0.241743,0.269352,0.270161,0.269352,0.269133,0.271743,1,0,0.184596,0,0.0759644,-0.0534316,-0.0116832,0.243068,-0.49674,7.41636e-05,-0.048476,0.00173727,0.175005,-0.425779,0.0167635,-2.41993,-1.22396,11.4451,11.762,0,34.6546
11.7,M1 +3% bias,0.00636207,-0.432524,-0.0817994,0.164695,0,0,0.170674,0.421602,-0.0151459,91.0459,91.1859,91.8776,1.37659,nan,0.262807,0.270102,0.269472,0.241959,0.269653,0.270102,0.269653,0.269472,0.271959,1,0,0.183935,0,0.0751334,-0.0529844,-0.0118952,0.243102,-0.494495,0.000180044,-0.0486802,0.00176313,0.179903,-0.423377,0.0102416,-2.38133,-1.18953,11.527,11.8304,0,34.8659
11.71,M1 +3% bias,0.00800328,-0.436718,-0.080481,0.162026,0,0,0.168631,0.416772,-0.0155464,91.0457,91.1857,91.8691,1.38052,nan,0.26301,0.270369,0.2694,0.242563,0.269667,0.270369,0.269667,0.2694,0.272563,1,0,0.180963,0,0.0744667,-0.0521815,-0.0114868,0.239271,-0.486492,0.000213676,-0.0487489,0.00176472,0.180799,-0.421183,0.0116198,-2.43173,-1.22716,11.467,11.786,0,34.9505
11.72,M1 +3% bias,0.00962397,-0.440864,-0.0799647,0.160735,0,0,0.166466,0.411841,-0.0151547,91.0455,91.1855,91.8831,1.40087,nan,0.263217,0.269466,0.270837,0.241212,0.27131,0.269466,0.27131,0.270837,0.271212,1,0,0.179578,0,0.0762029,-0.0526391,-0.0138318,0.237778,-0.482619,0.000292443,-0.0489057,0.00177214,0.180066,-0.419483,0.0239883,-2.36417,-1.0878,11.5667,11.8559,0,35.119
11.73,M1 +3% bias,0.0112282,-0.444959,-0.0794341,0.159506,0,0,0.164297,0.406782,-0.0145607,91.0453,91.1853,91.861,1.39512,nan,0.263426,0.270275,0.270573,0.241789,0.271026,0.270275,0.271026,0.270573,0.271789,1,0,0.178238,0,0.0767662,-0.0531152,-0.0129813,0.236242,-0.47891,0.000370487,-0.049061,0.00177941,0.182519,-0.40207,0.0238835,-2.32106,-1.13242,11.5969,11.881,0,35.2878
11.74,M1 +3% bias,0.0128156,-0.449004,-0.0783465,0.156783,0,0,0.162079,0.401617,-0.0141067,91.045,91.185,91.8751,1.41545,nan,0.26364,0.271114,0.270118,0.242498,0.270786,0.271114,0.270786,0.270118,0.272498,1,0,0.175321,0,0.0776822,-0.0529545,-0.0119956,0.233065,-0.470755,0.000404267,-0.0491197,0.00179391,0.167973,-0.404572,0.0176385,-2.2767,-1.2287,11.5041,11.7914,0,35.3636
11.75,M1 +3% bias,0.0143813,-0.452997,-0.0766262,0.153277,0,0,0.159781,0.396331,-0.015546,91.0446,91.1846,91.8913,1.43723,nan,0.263856,0.271772,0.269788,0.243872,0.269947,0.271772,0.269947,0.269788,0.273872,1,0,0.171416,0,0.0744294,-0.0525634,-0.0105885,0.22803,-0.460241,0.000404267,-0.0491197,0.00179391,0.156063,-0.400631,0.0100726,-2.38463,-1.25602,11.591,11.9002,0,35.3845
11.76,M1 +3% bias,0.01592,-0.456937,-0.0758904,0.151109,0,0,0.15745,0.390881,-0.0157042,91.0443,91.1843,91.9058,1.45781,nan,0.264074,0.270051,0.271725,0.242277,0.2722,0.270051,0.2722,0.271725,0.272277,1,0,0.169159,0,0.0749343,-0.0517267,-0.0138878,0.225922,-0.453743,0.00045692,-0.0492095,0.00181189,0.170057,-0.399257,0.0140596,-2.29834,-1.22332,11.6673,11.9543,0,35.4894
11.77,M1 +3% bias,0.0174402,-0.46082,-0.0742065,0.147673,0,0,0.155039,0.385072,-0.0154809,91.0438,91.1838,91.9092,1.47011,nan,0.264296,0.270181,0.271741,0.243103,0.272115,0.270181,0.272115,0.271741,0.273103,1,0,0.165329,0,0.0728222,-0.0505979,-0.013437,0.220983,-0.443415,0.00045692,-0.0492095,0.00181189,0.155625,-0.381203,0.0232568,-2.2188,-1.07723,11.5534,11.8137,0,35.5079
11.78,M1 +3% bias,0.0189375,-0.464644,-0.0725633,0.144341,0,0,0.152484,0.378857,-0.0152528,91.0434,91.1834,91.924,1.49083,nan,0.26452,0.271082,0.271537,0.242957,0.272461,0.271082,0.272461,0.271537,0.272957,1,0,0.16162,0,0.0770602,-0.0515403,-0.013168,0.216162,-0.43343,0.000456934,-0.0492094,0.00181183,0.146752,-0.384223,0.0136196,-2.14294,-1.18813,11.6403,11.8954,0,35.5291
11.79,M1 +3% bias,0.0204115,-0.468404,-0.0709363,0.141061,0,0,0.149802,0.372247,-0.0152434,91.0428,91.1828,91.9251,1.50163,nan,0.264747,0.270584,0.272463,0.243278,0.272619,0.270584,0.272619,0.272463,0.273278,1,0,0.157967,0,0.0728456,-0.0514427,-0.0137219,0.211413,-0.42359,0.000456934,-0.0492094,0.00181183,0.158096,-0.379449,0.0119359,-2.22278,-1.27581,11.7009,11.9783,0,35.5496
11.8,M1 +3% bias,0.0218571,-0.472096,-0.0693449,0.137824,0,0,0.146822,0.365205,-0.015905,91.0423,91.1823,91.9402,1.52254,nan,0.264976,0.271588,0.271611,0.244093,0.272568,0.271588,0.272568,0.271611,0.274093,1,0,0.154369,0,0.0754761,-0.0502831,-0.0125259,0.206749,-0.413872,0.000456951,-0.0492093,0.00181173,0.157658,-0.370891,0.0203463,-2.27767,-1.01429,11.6359,11.9,0,35.5689
11.81,M1 +3% bias,0.0232715,-0.475716,-0.0677781,0.134682,0,0,0.143538,0.357879,-0.0155568,91.0417,91.1817,91.9335,1.52757,nan,0.265208,0.271554,0.272219,0.244373,0.272638,0.271554,0.272638,0.272219,0.274373,1,0,0.150854,0,0.0732148,-0.050709,-0.0127155,0.202152,-0.404446,0.000456951,-0.0492093,0.00181173,0.159866,-0.366361,0.0131977,-2.16273,-1.02136,11.7541,11.9949,0,35.5894
11.82,M1 +3% bias,0.0246516,-0.479261,-0.0662766,0.131621,0,0,0.140005,0.350193,-0.0162257,91.041,91.181,91.9489,1.54859,nan,0.265441,0.27202,0.271986,0.245137,0.272574,0.27202,0.272574,0.271986,0.275137,1,0,0.147447,0,0.0728724,-0.0498233,-0.0120439,0.197721,-0.395257,0.000456982,-0.0492091,0.00181151,0.146203,-0.36041,0.0114132,-2.07491,-1.10232,11.6472,11.8818,0,35.6107
11.83,M1 +3% bias,0.0259944,-0.482728,-0.0648006,0.128624,0,0,0.136364,0.342125,-0.0162777,91.0403,91.1803,91.9174,1.53589,nan,0.265676,0.273213,0.271348,0.246405,0.271692,0.273213,0.271692,0.271348,0.276405,1,0,0.144106,0,0.0720255,-0.0501422,-0.0102947,0.193369,-0.386252,0.000456982,-0.0492091,0.00181151,0.136325,-0.34833,0.0255854,-2.12209,-1.24277,11.7338,11.9887,0,35.6311
11.84,M1 +3% bias,0.027302,-0.486113,-0.063379,0.125694,0,0,0.1327,0.333813,-0.0164484,91.0395,91.1795,91.9329,1.55713,nan,0.265913,0.271713,0.273317,0.244519,0.274056,0.271713,0.274056,0.273317,0.274519,1,0,0.140852,0,0.0740986,-0.0501256,-0.0136873,0.189192,-0.377456,0.00045699,-0.0492091,0.00181143,0.140489,-0.339777,0.024092,-2.08478,-1.08118,11.638,11.8726,0,35.6511
11.85,M1 +3% bias,0.0285744,-0.489414,-0.0619897,0.12289,0,0,0.128909,0.325176,-0.0160639,91.0387,91.1787,91.9317,1.56655,nan,0.266151,0.271828,0.274023,0.244382,0.274325,0.271828,0.274325,0.274023,0.274382,1,0,0.137719,0,0.0736084,-0.0514332,-0.0141253,0.185094,-0.369014,0.00045699,-0.0492091,0.00181143,0.137521,-0.316927,0.0203937,-2.01243,-1.03526,11.759,11.9748,0,35.6734
11.86,M1 +3% bias,0.029812,-0.492627,-0.06062,0.120169,0,0,0.124843,0.316415,-0.0157781,91.0379,91.1779,91.9475,1.58809,nan,0.266391,0.273414,0.273084,0.245739,0.273279,0.273414,0.273279,0.273084,0.275739,1,0,0.134672,0,0.0739299,-0.0520688,-0.0119597,0.181038,-0.360855,0.00045699,-0.0492091,0.00181143,0.126452,-0.317544,0.0164655,-1.97764,-1.10293,11.6762,11.8937,0,35.6954
11.87,M1 +3% bias,0.0310084,-0.495753,-0.059305,0.117496,0,0,0.12063,0.30751,-0.0149598,91.037,91.177,91.9632,1.60946,nan,0.266631,0.272619,0.273783,0.245381,0.274694,0.272619,0.274694,0.273783,0.275381,1,0,0.1317,0,0.0746711,-0.0498833,-0.0133958,0.177153,-0.352834,0.00045699,-0.0492091,0.00181143,0.121051,-0.313359,0.0311465,-2.00754,-1.12621,11.8841,12.105,0,35.7154
11.88,M1 +3% bias,0.0321646,-0.498788,-0.0580467,0.114928,0,0,0.116314,0.298373,-0.0156023,91.0361,91.1761,91.9794,1.63117,nan,0.266873,0.273018,0.274163,0.24578,0.274481,0.273018,0.274481,0.274163,0.27578,1,0,0.128834,0,0.0730985,-0.0510076,-0.0131175,0.173439,-0.34511,0.00045699,-0.049209,0.00181135,0.123244,-0.296987,0.0177161,-2.0396,-0.94325,11.7228,11.9362,0,35.7366
11.89,M1 +3% bias,0.0332729,-0.501731,-0.0568125,0.112448,0,0,0.111974,0.289191,-0.0164734,91.0351,91.1751,91.9792,1.64104,nan,0.267115,0.273485,0.274173,0.246177,0.274574,0.273485,0.274574,0.274173,0.276177,1,0,0.126064,0,0.073504,-0.050982,-0.0127834,0.169784,-0.337666,0.00045699,-0.049209,0.00181135,0.117763,-0.29325,0.0149106,-1.8822,-0.978665,11.8671,12.0552,0,35.7574
11.9,M1 +3% bias,0.0343375,-0.504583,-0.0556255,0.110071,0,0,0.107498,0.279992,-0.0148578,91.034,91.174,91.9957,1.66281,nan,0.267357,0.274049,0.274119,0.24644,0.274771,0.274049,0.274771,0.274119,0.27644,1,0,0.123407,0,0.0749691,-0.0510764,-0.0124833,0.166265,-0.330528,0.000456986,-0.0492089,0.00181129,0.11282,-0.285022,0.00504477,-1.97609,-1.16219,11.8127,12.0331,0,35.779
11.91,M1 +3% bias,0.0353605,-0.507344,-0.0544914,0.107785,0,0,0.103076,0.270864,-0.0151951,91.0329,91.1729,91.999,1.67521,nan,0.267599,0.274518,0.273905,0.247055,0.274871,0.274518,0.274871,0.273905,0.277055,1,0,0.120856,0,0.0754103,-0.0502058,-0.0119564,0.162915,-0.323657,0.000456986,-0.0492089,0.00181129,0.115365,-0.276521,0.0121111,-2.01777,-1.01621,11.8238,12.0377,0,35.8009
11.92,M1 +3% bias,0.0363375,-0.510013,-0.053423,0.105605,0,0,0.0987173,0.261807,-0.0156854,91.0318,91.1718,92.0159,1.69728,nan,0.267842,0.274618,0.274703,0.247184,0.274813,0.274618,0.274813,0.274703,0.277184,1,0,0.118419,0,0.0730655,-0.0517741,-0.012181,0.159743,-0.317094,0.00045696,-0.0492086,0.00181107,0.108327,-0.258342,0.0163633,-1.9625,-0.872123,11.903,12.0951,0,35.824
11.93,M1 +3% bias,0.0372682,-0.512593,-0.0523875,0.103487,0,0,0.0945096,0.252948,-0.0165643,91.0306,91.1706,91.987,1.68624,nan,0.268084,0.274738,0.27502,0.246525,0.276004,0.274738,0.276004,0.27502,0.276525,1,0,0.116061,0,0.0774507,-0.0515952,-0.0130803,0.156671,-0.310729,0.00045696,-0.0492086,0.00181107,0.104361,-0.250783,0.0164566,-1.91283,-1.00229,11.8,11.996,0,35.8456
11.94,M1 +3% bias,0.0381542,-0.515086,-0.0513702,0.101438,0,0,0.0905013,0.244289,-0.0165804,91.0294,91.1694,92.004,1.70867,nan,0.268326,0.274963,0.275426,0.246826,0.276039,0.274963,0.276039,0.275426,0.276826,1,0,0.113775,0,0.0762644,-0.052153,-0.0130428,0.153651,-0.304585,0.000456932,-0.0492084,0.00181093,0.0997822,-0.25225,0.0261425,-1.86861,-1.07554,11.9478,12.1407,0,35.866
11.95,M1 +3% bias,0.0389974,-0.517493,-0.0504232,0.0994741,0,0,0.0865479,0.235823,-0.0174027,91.0281,91.1681,91.9912,1.70964,nan,0.268567,0.275539,0.275457,0.247044,0.276179,0.275539,0.276179,0.275457,0.277044,1,0,0.111595,0,0.0775039,-0.0526254,-0.0127696,0.150837,-0.298699,0.000456932,-0.0492084,0.00181093,0.0959511,-0.253373,0.0144112,-2.00335,-1.05372,11.9356,12.1483,0,35.8869
11.96,M1 +3% bias,0.0397989,-0.519817,-0.0494772,0.0976265,0,0,0.0827774,0.227698,-0.0166381,91.0268,91.1668,92.0084,1.73223,nan,0.268807,0.275942,0.275173,0.248277,0.275788,0.275942,0.275788,0.275173,0.278277,1,0,0.109515,0,0.0750175,-0.0512528,-0.0117536,0.148026,-0.293129,0.000456894,-0.0492082,0.00181079,0.0920236,-0.234659,0.0201466,-1.85079,-0.862892,11.9383,12.1117,0,35.9092
11.97,M1 +3% bias,0.0405661,-0.522061,-0.0486153,0.0958157,0,0,0.0791275,0.219696,-0.0162557,91.0254,91.1654,91.9973,1.73407,nan,0.269046,0.275876,0.275849,0.247775,0.276636,0.275876,0.276636,0.275849,0.277775,1,0,0.107504,0,0.0766316,-0.0517553,-0.0126735,0.145446,-0.287693,0.000456894,-0.0492082,0.00181079,0.0775135,-0.230653,0.00822726,-1.87024,-0.989611,11.8189,12.0068,0,35.9299
11.98,M1 +3% bias,0.0412984,-0.524225,-0.0477909,0.094122,0,0,0.0755879,0.21186,-0.0160296,91.024,91.164,92.0147,1.7568,nan,0.269284,0.276122,0.276382,0.247753,0.276831,0.276122,0.276831,0.276382,0.277753,1,0,0.105617,0,0.0764447,-0.0529006,-0.0128948,0.143006,-0.282583,0.000456862,-0.049208,0.00181071,0.0810229,-0.210708,0.0187365,-1.88993,-1.07272,11.9641,12.1598,0,35.9528
11.99,M1 +3% bias,0.041998,-0.526313,-0.0469779,0.0924878,0,0,0.0722543,0.204382,-0.0158209,91.0225,91.1625,92.0144,1.7666,nan,0.26952,0.276315,0.27659,0.247919,0.277212,0.276315,0.277212,0.27659,0.277919,1,0,0.10379,0,0.0769766,-0.0526272,-0.0129958,0.14058,-0.277681,0.000456862,-0.049208,0.00181071,0.0727666,-0.210634,0.0262607,-1.90131,-0.847129,11.9849,12.1643,0,35.9746
