t,phase,roll,pitch,roll_est,pitch_est,roll_sp,pitch_sp,p,q,r,alt,alt_abs,alt_est,vz,height_sp,thr,m0,m1,m2,m3,mp0,mp1,mp2,mp3,mix_scale,sat,att_err,gust,torque_x,torque_y,torque_z,rate_sp_x,rate_sp_y,bg_x,bg_y,bg_z,gx,gy,gz,ax,ay,az,acc_n,tilt_angle,tilt_err
0,hover,1.54166e-17,1.19068e-33,-8.53646e-05,-5.46059e-05,0,0,-4.06576e-20,-9.88628e-13,2.03288e-20,99.8595,99.9995,99.8693,-7.00016e-05,nan,0,0,0,0,0,0,0,0,0,1,0,0,0,0,0,0,0,0,0,0,0,0.0012728,-0.00715656,-0.0101239,0.0211401,-0.0356292,0.0590853,0.0721624,0,0.00580611
0.01,hover,-1.76821e-16,3.14411e-10,-0.000452724,-0.0015836,0,0,1.01556e-15,-1.3567e-07,3.71125e-14,99.859,99.999,99.8693,-7.00437e-05,nan,0,0,0,0,0,0,0,0,0,1,0,0,0,0,0,0,0,0,0,0,0,0.0121735,-0.00611579,-0.00384695,0.0577545,-0.059803,0.0891463,0.121898,0,0.0943685
0.02,hover,-2.56012e-16,5.03877e-09,-0.000677505,-0.00216939,0,0,1.62818e-14,-1.04647e-06,5.75618e-13,99.8575,99.9975,99.8693,-7.00857e-05,nan,0,0,0,0,0,0,0,0,0,1,0,0,0,0,0,0,0,0,0,0,0,0.00514945,0.00046928,-0.000720523,0.1129,-0.0709891,-0.0215183,0.135088,0,0.130218
0.03,hover,6.82293e-16,2.55163e-08,-0.00128305,-0.00242715,0,0,8.2454e-14,-3.48858e-06,2.88403e-12,99.855,99.995,99.8693,-7.01278e-05,nan,0,0,0,0,0,0,0,0,0,1,0,0,0,0,0,0,0,0,0,0,0,0.00689153,-0.000212305,-0.00159505,-0.000372451,-0.0334015,-0.0475054,0.0580737,0,0.157302
0.04,hover,1.47088e-15,8.06518e-08,-0.0020391,-0.00251123,0,0,2.60623e-13,-8.21812e-06,9.06778e-12,99.8515,99.9915,99.8693,-7.01698e-05,nan,0,0,0,0,0,0,0,0,0,1,0,0,0,0,0,0,0,0,0,0,0,0.00449353,-0.00712037,-0.0026972,-0.0597825,0.0115202,0.0348997,0.0701758,0,0.185346
0.05,hover,4.71378e-15,1.96911e-07,-0.00269821,-0.00310367,0,0,6.36311e-13,-1.59911e-05,2.20691e-11,99.847,99.987,99.8693,-7.02119e-05,nan,0.286536,0,0,0,0,0,0,0,0,1,0,0,0,0,0,0,0,0,0,0,0,-0.00234515,0.00916579,-0.00530398,0.0459809,0.016788,-0.00548073,0.0492556,0,0.23564
0.06,hover,6.26278e-10,5.19726e-07,-0.00272915,-0.00390085,0,0,1.43531e-06,-0.000130422,0.000986144,99.8416,99.9816,99.8691,-0.000130555,nan,0.291426,0.290192,0.291422,0.29074,0.292377,0.290192,0.292377,0.291422,0.29074,1,0,0.00458049,0,0.00107731,0.00284708,-0.00126024,0.00795066,0.0118727,0,0,0,-0.0021009,-0.0121592,0.0100363,-0.050778,-0.0641817,0.159045,0.178866,0,0.272796
0.07,hover,1.72281e-07,9.19645e-06,-0.00296564,-0.00455865,0,0,4.54707e-05,-0.00233504,0.000860096,99.8352,99.9752,99.8691,-0.000130633,nan,0.296164,0.295004,0.296287,0.295184,0.297261,0.295004,0.297261,0.296287,0.295184,1,0,0.00539324,0,0.00210458,0.00218743,-0.00147636,0.00861447,0.0135966,0,0,0,0.0050246,-0.00141317,0.00379191,0.0178528,-0.0576747,0.660441,0.663195,0,0.312045
0.08,hover,1.12975e-06,6.15723e-05,-0.00320688,-0.00486745,0,0,0.000163787,-0.00948802,0.00237694,99.8279,99.9679,99.8693,-5.93841e-05,nan,0.30053,0.300187,0.300054,0.300528,0.30052,0.300187,0.30052,0.300054,0.300528,1,0,0.00569429,0,0.000333816,0.00152816,6.17601e-05,0.0093434,0.0145139,0,0,0,0.00605567,0.000843386,-0.00202822,0.0352633,-0.0939814,1.5002,1.50356,0,0.336959
0.09,hover,3.5483e-06,0.00021603,-0.00339874,-0.00472286,0,0,0.00033847,-0.0232903,0.00219137,99.8198,99.9598,99.8693,-5.94195e-05,nan,0.304385,0.305016,0.303404,0.304787,0.303614,0.305016,0.303614,0.303404,0.304787,1,0,0.00585938,0,0.00116479,-3.53266e-05,0.0012237,0.0100148,0.014426,0,0,0,0.00480191,0.0161502,-0.0112863,-0.0506661,-0.059715,2.5925,2.59368,0,0.343624
0.1,hover,8.20811e-06,0.000543274,-0.00372378,-0.0046159,0,0,0.0006264,-0.0444317,0.00203228,99.8109,99.9509,99.8692,-0.000113233,nan,0.307657,0.308839,0.306926,0.307825,0.30644,0.308839,0.30644,0.306926,0.307825,1,0,0.00581854,0,0.00140179,-0.00284316,0.00144958,0.0109095,0.0140474,0,0,0,0.00617793,0.0473379,0.000708164,-0.0202167,-0.0932483,3.75245,3.75367,0,0.364833
0.11,hover,1.61467e-05,0.00111615,-0.00389701,-0.00399213,0,0,0.000982798,-0.0726939,0.00200179,99.8015,99.9415,99.8692,-0.000185032,nan,0.310324,0.311324,0.310714,0.309377,0.309405,0.311324,0.309405,0.310714,0.309377,1,0,0.00543727,0,0.00169322,-0.00616876,0.000255658,0.0114475,0.012235,0,0,0,0.00658728,0.0652245,0.0063399,-0.0761361,-0.170505,4.93297,4.9365,0,0.368699
0.12,hover,2.78173e-05,0.00200257,-0.00348096,-0.00316361,0,0,0.00136569,-0.107261,0.0014427,99.7916,99.9316,99.8692,-0.00533379,nan,0.312398,0.313581,0.313599,0.310922,0.31113,0.313581,0.31113,0.313599,0.310922,1,0,0.00452814,0,0.000505194,-0.00971693,-9.98315e-05,0.0101744,0.00976252,0,0,0,0.00182828,0.0954777,0.00557473,-0.0151223,-0.0948686,6.13475,6.1355,0,0.357834
0.13,hover,4.31676e-05,0.00325956,-0.00332089,-0.00204488,0,0,0.00172767,-0.146823,0.00154663,99.7814,99.9214,99.8691,-0.0160255,nan,0.313913,0.315767,0.315883,0.312088,0.311663,0.315767,0.311663,0.315883,0.312088,1,0,0.00371864,0,-0.00143338,-0.0149677,0.000135975,0.00984992,0.00662613,0,0,0,0.00457696,0.144225,0.00185622,-0.14567,-0.0941879,7.2735,7.27557,0,0.359919
0.14,hover,6.18439e-05,0.00492966,-0.0031353,-0.000603432,0,0,0.00203889,-0.189776,0.00188991,99.7709,99.9109,99.8689,-0.0292805,nan,0.314917,0.318558,0.316863,0.312573,0.31152,0.318558,0.31152,0.316863,0.312573,1,0,0.00292969,0,0.00170108,-0.021466,0.00120781,0.00914508,0.0021901,0,0,0,0.010517,0.175732,3.68428e-05,-0.0315418,-0.114076,8.14997,8.15083,0,0.366188
0.15,hover,8.40973e-05,0.00703886,-0.00243547,0.000753706,0,0,0.00244461,-0.234433,0.00148079,99.7602,99.9002,99.8686,-0.0429533,nan,0.315466,0.317862,0.319578,0.311401,0.312953,0.317862,0.312953,0.319578,0.311401,1,0,0.00218366,0,-0.0004334,-0.0247945,-0.00143625,0.00716524,-0.00166097,0,0,0,-0.00519682,0.220927,0.00771947,-0.0714127,-0.0546926,9.10848,9.10892,0,0.388023
0.16,hover,0.000110003,0.00959664,-0.00229088,0.00301345,0,0,0.00274275,-0.279271,0.00159953,99.7495,99.8895,99.8679,-0.0554994,nan,0.315615,0.319669,0.319998,0.310829,0.31197,0.319669,0.31197,0.319998,0.310829,1,0,0.00338291,0,0.00215444,-0.0319619,-0.000646765,0.0067426,-0.00840002,0,0,0,0.0180124,0.256475,-0.00218003,-0.070934,-0.0487914,9.89099,9.89136,0,0.401556
0.17,hover,0.000138049,0.0125974,-0.00222567,0.00461757,0,0,0.00287083,-0.322646,0.000769653,99.7388,99.8788,99.8672,-0.0655497,nan,0.315422,0.320594,0.319634,0.311937,0.309592,0.320594,0.309592,0.319634,0.311937,1,0,0.00507437,0,-0.0036714,-0.0354306,0.00145235,0.00667577,-0.013683,0,0,0,0.0144375,0.312515,0.00386188,0.024551,-0.0291026,10.577,10.5771,0,0.476918
0.18,hover,0.000166316,0.0160195,-0.00217952,0.00715726,0,0,0.00279672,-0.363272,0.000670199,99.7282,99.8682,99.8665,-0.072548,nan,0.31494,0.320639,0.320488,0.309656,0.309098,0.320639,0.309098,0.320488,0.309656,1,0,0.00717624,0,-0.00107881,-0.0423915,0.000311473,0.00625718,-0.0209503,0,0,0,0.0120335,0.361412,-0.00129119,-0.0743276,-0.070589,11.1118,11.1123,0,0.525339
0.19,hover,0.000193672,0.0198309,-0.00209341,0.0092973,0,0,0.00265772,-0.400152,0.000901496,99.7177,99.8577,99.8657,-0.0760222,nan,0.314216,0.319984,0.321182,0.307703,0.30816,0.319984,0.30816,0.321182,0.307703,1,0,0.00941764,0,-0.00196635,-0.0479436,-0.000727146,0.0061955,-0.0275766,0,0,0,0.0157277,0.396661,0.00677142,0.031808,-0.0773765,11.579,11.5793,0,0.61768
0.2,hover,0.000218479,0.0239898,-0.00192781,0.0116988,0,0,0.00232448,-0.432376,0.00141294,99.7074,99.8474,99.8649,-0.0758363,nan,0.313296,0.320163,0.320304,0.306848,0.306068,0.320163,0.306068,0.320304,0.306848,1,0,0.0117188,0,-0.0024431,-0.0522039,0.000280695,0.00564964,-0.0347186,0,0,0,0.00402455,0.428855,0.00184301,-0.0421575,-0.0719501,11.8152,11.8155,0,0.71496
0.21,hover,0.000239364,0.0284459,-0.00178067,0.0144518,0,0,0.0018672,-0.459321,0.00133452,99.6972,99.8372,99.8642,-0.0720409,nan,0.312218,0.320772,0.319007,0.305325,0.303997,0.320772,0.303997,0.319007,0.305325,1,0,0.0143691,0,0.00115753,-0.057711,0.00135987,0.00519619,-0.0429341,0,0,0,0.0106117,0.449367,-0.00563156,-0.0235394,-0.116806,12.1477,12.1483,0,0.810196
0.22,hover,0.000255744,0.0331453,-0.00151031,0.0172251,0,0,0.0014515,-0.480697,0.000544016,99.6873,99.8273,99.8635,-0.0647548,nan,0.311017,0.317772,0.320105,0.301913,0.304528,0.317772,0.304528,0.320105,0.301913,1,0,0.0170969,0,0.000751136,-0.0595652,-0.0021746,0.00448417,-0.0512468,0,0,0,0.00908814,0.481161,0.000763134,0.12145,-0.0857473,12.2577,12.2586,0,0.917836
0.23,hover,0.000267821,0.0380323,-0.00149084,0.0201765,0,0,0.00101458,-0.496583,0.0018054,99.6777,99.8177,99.8629,-0.0542185,nan,0.309722,0.318314,0.317942,0.301526,0.301372,0.318314,0.301372,0.317942,0.301526,1,0,0.0200613,0,0.00057968,-0.0632043,0.000230992,0.00446902,-0.0600794,0,0,0,0.00373769,0.499234,-0.000580956,0.0619063,-0.0273406,12.4903,12.4905,0,1.0281
0.24,hover,0.000275125,0.0430517,-0.00139781,0.0232585,0,0,0.000568529,-0.506903,0.00223093,99.6683,99.8083,99.8624,-0.0406924,nan,0.308358,0.317475,0.317055,0.299497,0.299684,0.317475,0.299684,0.317055,0.299497,1,0,0.023151,0,0.0016093,-0.0669788,0.000102256,0.00426482,-0.0693185,0,0,0,0.00900583,0.499751,-0.00397713,0.043364,0.0488534,12.5394,12.5395,0,1.1382
0.25,hover,0.000278257,0.0481485,-0.00138865,0.0263904,0,0,0.00021696,-0.511844,0.00224864,99.6592,99.7992,99.8621,-0.0245807,nan,0.306948,0.316753,0.315415,0.298441,0.297467,0.316753,0.297467,0.315415,0.298441,1,0,0.0262496,0,0.000967117,-0.0687051,0.00101605,0.00414308,-0.0787141,0,0,0,0.000207092,0.502627,0.00149197,0.0495015,-0.0457519,12.6628,12.6629,0,1.25039
0.26,hover,0.000277745,0.053271,-0.00149316,0.0295063,0,0,-0.000140613,-0.511925,0.00196565,99.6504,99.7904,99.8618,-0.00626792,nan,0.305508,0.314917,0.314692,0.296591,0.296121,0.314917,0.296121,0.314692,0.296591,1,0,0.0293703,0,-0.000648474,-0.0699124,0.000305268,0.00450636,-0.0880691,0,0,0,0.00433152,0.497206,-0.00364655,0.0811287,0.0143473,12.6906,12.6909,0,1.3655
0.27,hover,0.000273935,0.0583731,-0.00152488,0.0326013,0,0,-0.000434016,-0.507557,0.00240977,99.6418,99.7818,99.8618,0.0141007,nan,0.304055,0.313389,0.312752,0.295313,0.295056,0.313389,0.295056,0.312752,0.295313,1,0,0.0324775,0,0.00100947,-0.0677815,0.000393104,0.00469205,-0.0973151,0,0,0,0.00700405,0.509434,0.0073745,-0.0146072,0.135683,12.8408,12.8416,0,1.48031
0.28,hover,0.000267897,0.0634127,-0.00152438,0.0356072,0,0,-0.000586436,-0.4994,0.00183554,99.6336,99.7736,99.862,0.0360938,nan,0.3026,0.311834,0.31223,0.293498,0.29313,0.311834,0.29313,0.31223,0.293498,1,0,0.0354942,0,-0.00202481,-0.0709352,-1.21457e-05,0.00462524,-0.106374,0,0,0,0.00718717,0.492214,0.00131272,-0.0192199,0.0437339,12.7526,12.7527,0,1.59655
0.29,hover,0.000259692,0.0683549,-0.00151181,0.0385386,0,0,-0.00083251,-0.487971,0.00193093,99.6256,99.7656,99.8625,0.0594299,nan,0.301155,0.31029,0.310267,0.29273,0.291619,0.31029,0.291619,0.310267,0.29273,1,0,0.0384293,0,-0.00288773,-0.0686062,0.000498266,0.0045525,-0.115193,0,0,0,0.0119581,0.477148,0.0114968,0.116611,-0.0171702,12.6903,12.6909,0,1.71147
0.3,hover,0.00024909,0.0731698,-0.00151906,0.0413595,0,0,-0.00104596,-0.473886,0.00179464,99.618,99.758,99.8632,0.0837771,nan,0.299727,0.308466,0.308902,0.290988,0.290834,0.308466,0.290834,0.308902,0.290988,1,0,0.0412367,0,-0.0015631,-0.0673531,-0.000124296,0.0045419,-0.123667,0,0,0,0.00524885,0.468191,0.00868418,-0.0446833,-0.0522291,12.6546,12.6548,0,1.82552
0.31,hover,0.000236634,0.0778332,-0.00145078,0.0440149,0,0,-0.00118253,-0.457671,0.00131694,99.6106,99.7506,99.8641,0.108885,nan,0.298323,0.305629,0.308704,0.288398,0.290837,0.305629,0.290837,0.308704,0.288398,1,0,0.0439082,0,-0.00168862,-0.0665043,-0.00242298,0.00433074,-0.131659,0,0,0,0.0137506,0.447824,0.0155346,-0.103846,-0.079226,12.6669,12.6676,0,1.94017
0.32,hover,0.00022341,0.0823266,-0.00139231,0.0464849,0,0,-0.00115788,-0.439939,0.001503,99.6035,99.7435,99.8653,0.134535,nan,0.296947,0.30595,0.305803,0.288585,0.287724,0.30595,0.287724,0.305803,0.288585,1,0,0.0463646,0,-0.00189475,-0.0671573,0.000442936,0.00408235,-0.139071,0,0,0,-0.00252811,0.438656,0.00307706,-0.0648703,-0.177293,12.6959,12.6974,0,2.05578
0.33,hover,0.00021057,0.0866377,-0.00128283,0.0487689,0,0,-0.00116152,-0.421224,0.00124328,99.5967,99.7367,99.8668,0.160527,nan,0.295606,0.303638,0.304866,0.286365,0.28782,0.303638,0.28782,0.304866,0.286365,1,0,0.0486826,0,0.000602328,-0.0650276,-0.00117914,0.00382431,-0.145971,0,0,0,0.00311006,0.413501,-0.00232945,0.0287844,-0.0697489,12.5097,12.5099,0,2.17152
0.34,hover,0.000197191,0.0907591,-0.00119776,0.0508832,0,0,-0.00118411,-0.401995,0.00246043,99.5901,99.7301,99.8685,0.186692,nan,0.2943,0.302634,0.303059,0.285572,0.286193,0.302634,0.286193,0.303059,0.285572,1,0,0.0508061,0,0.000517955,-0.0642847,-0.000459492,0.00359804,-0.152339,0,0,0,0.00136341,0.396017,-0.00427755,0.109103,0.0012596,12.4895,12.49,0,2.28622
0.35,hover,0.000183118,0.0946865,-0.00118446,0.0527832,0,0,-0.00115663,-0.382513,0.00262889,99.5838,99.7238,99.8705,0.212851,nan,0.293033,0.300678,0.302098,0.284207,0.285398,0.300678,0.285398,0.302098,0.284207,1,0,0.0527088,0,-0.000606283,-0.0628526,-0.00114787,0.00356792,-0.158071,0,0,0,0.00617422,0.373077,-0.00442338,0.013807,0.00607151,12.3246,12.3246,0,2.40227
0.36,hover,0.000169176,0.0984194,-0.00113842,0.0544874,0,0,-0.00110588,-0.363176,0.00213633,99.5777,99.7177,99.8728,0.238875,nan,0.291805,0.299571,0.300117,0.283467,0.284308,0.299571,0.284308,0.300117,0.283467,1,0,0.0544182,0,0.000782682,-0.0604709,-0.000609704,0.00347461,-0.163191,0,0,0,0.0116458,0.364684,-0.0118353,0.132767,0.111835,12.2552,12.2565,0,2.51834
0.37,hover,0.000156274,0.101962,-0.00115028,0.0559846,0,0,-0.00100957,-0.34452,0.00199935,99.5719,99.7119,99.8753,0.264643,nan,0.290619,0.296784,0.300251,0.280636,0.285038,0.296784,0.285038,0.300251,0.280636,1,0,0.0559223,0,0.00247903,-0.0594219,-0.00345873,0.00346245,-0.16771,0,0,0,0.0059057,0.347676,0.00117939,0.110057,0.00374435,12.2077,12.2082,0,2.63547
0.38,hover,0.000144238,0.105322,-0.00111331,0.0573328,0,0,-0.000894181,-0.326718,0.00147554,99.5663,99.7063,99.8781,0.290074,nan,0.289474,0.298164,0.296441,0.283021,0.280493,0.298164,0.280493,0.296441,0.283021,1,0,0.0572788,0,-0.00213748,-0.0589126,0.00186835,0.00336405,-0.171785,0,0,0,0.010061,0.326491,0.00681648,0.0200372,0.0164627,12.132,12.1321,0,2.75062
0.39,hover,0.000134524,0.108508,-0.00107135,0.0584909,0,0,-0.000782851,-0.309836,0.00117875,99.561,99.701,99.8811,0.315072,nan,0.288369,0.295199,0.296407,0.280788,0.281301,0.295199,0.281301,0.296407,0.280788,1,0,0.058441,0,-0.00184288,-0.0559276,-0.000756777,0.00321708,-0.175293,0,0,0,0.0101221,0.302687,0.00223589,0.0191108,-0.0326322,12.0359,12.0359,0,2.8667
0.4,hover,0.000126035,0.111531,-0.00108114,0.0594772,0,0,-0.000638884,-0.294135,0.00170571,99.5558,99.6958,99.8844,0.339532,nan,0.287306,0.294029,0.295453,0.279315,0.280639,0.294029,0.280639,0.295453,0.279315,1,0,0.0594403,0,-0.000264569,-0.0559501,-0.00120777,0.00324592,-0.178266,0,0,0,-0.00503981,0.292453,0.00273905,-0.109024,0.0154472,11.957,11.9576,0,2.98335
0.41,hover,0.000118566,0.114402,-0.00103031,0.0603168,0,0,-0.000464518,-0.279635,0.000702282,99.5509,99.6909,99.8879,0.363443,nan,0.286284,0.294028,0.29307,0.279646,0.278592,0.294028,0.278592,0.29307,0.279646,1,0,0.0602887,0,-0.000253033,-0.0546852,0.000884249,0.00302394,-0.180821,0,0,0,0.00362503,0.262628,-0.00528852,-0.0591543,-0.164256,11.875,11.8763,0,3.09966
0.42,hover,0.000114119,0.117135,-0.000996639,0.061033,0,0,-0.000312992,-0.266365,0.000763181,99.5461,99.6861,99.8916,0.386797,nan,0.285301,0.292417,0.292318,0.2786,0.278063,0.292417,0.278063,0.292318,0.2786,1,0,0.061016,0,-0.00115768,-0.0531905,0.000279658,0.00294869,-0.182978,0,0,0,-0.00741119,0.260363,0.00192397,-0.147741,-0.0619185,11.8423,11.8434,0,3.21511
0.43,hover,0.000109542,0.11974,-0.000855765,0.0616143,0,0,-0.000292718,-0.254298,0.00174129,99.5416,99.6816,99.8956,0.409531,nan,0.284358,0.290055,0.292013,0.276781,0.278767,0.290055,0.278767,0.292013,0.276781,1,0,0.0616033,0,7.44713e-05,-0.0502485,-0.00173385,0.00257231,-0.184751,0,0,0,0.00298162,0.241397,0.0108459,0.077815,-0.00148127,11.6982,11.6984,0,3.33089
0.44,hover,0.000103688,0.122231,-0.000812785,0.0620696,0,0,-0.000397061,-0.243575,0.0023624,99.5372,99.6772,99.8998,0.431645,nan,0.283452,0.289954,0.290352,0.276668,0.277012,0.289954,0.277012,0.290352,0.276668,1,0,0.0620546,0,-0.000141469,-0.050451,-0.000326433,0.00240913,-0.186131,0,0,0,-0.00151464,0.230858,0.00886688,0.111868,-0.077473,11.7142,11.715,0,3.44747
0.45,hover,9.56728e-05,0.124621,-0.000781686,0.0624246,0,0,-0.000615127,-0.234182,0.00222047,99.533,99.673,99.9042,0.453105,nan,0.282583,0.289088,0.28965,0.275306,0.27646,0.289088,0.27646,0.28965,0.275306,1,0,0.0624109,0,0.00157068,-0.0511064,-0.00075503,0.00235169,-0.187195,0,0,0,-0.00485552,0.231484,-0.00581992,0.0873819,0.0394476,11.619,11.6194,0,3.56402
0.46,hover,8.56432e-05,0.126923,-0.000751972,0.062693,0,0,-0.000698822,-0.225986,0.00326479,99.529,99.669,99.9089,0.473916,nan,0.281751,0.289663,0.287233,0.276364,0.273907,0.289663,0.273907,0.287233,0.276364,1,0,0.0626702,0,-7.03554e-05,-0.0504483,0.00214794,0.00227217,-0.188003,0,0,0,0.00139623,0.229693,-0.0133427,0.0822474,0.0416666,11.515,11.5153,0,3.68049
0.47,hover,7.45995e-05,0.129147,-0.00068586,0.0628808,0,0,-0.00085169,-0.218745,0.00249977,99.5252,99.6652,99.9137,0.494057,nan,0.280953,0.287091,0.287825,0.274144,0.274907,0.287091,0.274907,0.287825,0.274144,1,0,0.0628677,0,7.86502e-05,-0.0490075,-0.000658,0.00205911,-0.188596,0,0,0,0.00579218,0.209857,0.0106721,0.0800775,-0.0214339,11.4367,11.437,0,3.79712
0.48,hover,6.15921e-05,0.131305,-0.000706015,0.0630192,0,0,-0.00105821,-0.212623,0.00286661,99.5215,99.6615,99.9188,0.513537,nan,0.280188,0.28785,0.28546,0.275025,0.272569,0.28785,0.272569,0.28546,0.275025,1,0,0.0630193,0,-0.000178376,-0.0487269,0.00212986,0.00213132,-0.189017,0,0,0,-0.000977107,0.20585,0.00771766,-0.00856203,0.0327307,11.4323,11.4323,0,3.9128
0.49,hover,4.77218e-05,0.133406,-0.000707769,0.0631128,0,0,-0.00121078,-0.207457,0.0013871,99.5179,99.6579,99.924,0.532375,nan,0.279457,0.285005,0.286854,0.272143,0.273968,0.285005,0.273968,0.286854,0.272143,1,0,0.0631062,0,-6.33148e-05,-0.0487861,-0.00161502,0.00218755,-0.189306,0,0,0,0.00157706,0.195429,-0.00186931,-0.0965613,0.129391,11.3097,11.3109,0,4.0278
0.5,hover,3.27825e-05,0.135459,-0.000674179,0.0631413,0,0,-0.00137428,-0.203139,0.00126827,99.5145,99.6545,99.9294,0.550584,nan,0.278756,0.28468,0.285403,0.272145,0.272934,0.28468,0.272934,0.285403,0.272145,1,0,0.0631478,0,0.00017632,-0.0473771,-0.000664922,0.00199758,-0.189402,0,0,0,-0.000564452,0.192727,0.0125083,-0.0862015,-0.0540113,11.2559,11.2564,0,4.14378
0.51,hover,1.603e-05,0.137473,-0.000605377,0.0631397,0,0,-0.00163423,-0.199635,0.00182443,99.5113,99.6513,99.935,0.568151,nan,0.278086,0.284831,0.28396,0.272442,0.271241,0.284831,0.271241,0.28396,0.272442,1,0,0.0631327,0,-0.000876905,-0.0475745,0.000910629,0.00181056,-0.189387,0,0,0,0.00872926,0.199754,0.00858732,0.00160654,-0.0467794,11.2954,11.2955,0,4.25922
0.52,hover,-4.45217e-06,0.139456,-0.000578733,0.0630772,0,0,-0.00192777,-0.196826,0.00225441,99.5081,99.6481,99.9408,0.585067,nan,0.277444,0.282223,0.285096,0.269712,0.272872,0.282223,0.272872,0.285096,0.269712,1,0,0.063076,0,0.000763609,-0.0468671,-0.00265194,0.00166913,-0.189215,0,0,0,-5.77796e-05,0.185057,0.0124245,0.059595,-0.176981,11.1366,11.1381,0,4.37636
0.53,hover,-2.80759e-05,0.141413,-0.000567901,0.0629999,0,0,-0.00205882,-0.194685,0.00268551,99.5051,99.6451,99.9467,0.601359,nan,0.276831,0.282151,0.283486,0.269721,0.272086,0.282151,0.272086,0.283486,0.269721,1,0,0.0630041,0,0.00273423,-0.0451533,-0.00162605,0.00164714,-0.188976,0,0,0,-0.00567199,0.191973,0.00547016,0.0231018,-0.118087,11.0698,11.0705,0,4.49293
0.54,hover,-5.33248e-05,0.143352,-0.000617648,0.0629081,0,0,-0.00214274,-0.193079,0.00276513,99.5022,99.6422,99.9528,0.617078,nan,0.276244,0.2819,0.282913,0.269047,0.271234,0.2819,0.271234,0.282913,0.269047,1,0,0.0629132,0,0.0031128,-0.0464841,-0.00140663,0.00183444,-0.188704,0,0,0,-0.00706505,0.192438,-0.00034156,0.0534584,-0.0195915,11.0606,11.0607,0,4.60929
0.55,hover,-7.89078e-05,0.145277,-0.000597419,0.0628278,0,0,-0.00219131,-0.19187,0.00229559,99.4995,99.6395,99.959,0.632248,nan,0.275684,0.282331,0.281686,0.269627,0.269202,0.282331,0.269202,0.281686,0.269627,1,0,0.0628374,0,0.000583102,-0.0477267,0.000470337,0.00184075,-0.188469,0,0,0,0.00020421,0.185719,0.002858,0.0327378,0.118307,11.1138,11.1145,0,4.72415
0.56,hover,-0.000104665,0.147191,-0.000571274,0.0627099,0,0,-0.00225041,-0.190912,0.00261047,99.4968,99.6368,99.9654,0.64687,nan,0.275148,0.280183,0.282412,0.267941,0.270161,0.280183,0.270161,0.282412,0.267941,1,0,0.0627158,0,-2.60999e-05,-0.046408,-0.00195534,0.00175138,-0.188109,0,0,0,0.00555585,0.19183,0.00049651,0.0855166,0.0765622,11.0768,11.0774,0,4.84054
0.57,hover,-0.000131996,0.149097,-0.000663344,0.0625643,0,0,-0.00227766,-0.190289,0.00354863,99.4942,99.6342,99.9719,0.660957,nan,0.274636,0.280944,0.280973,0.26858,0.268147,0.280944,0.268147,0.280973,0.26858,1,0,0.0625712,0,-0.00122637,-0.0477309,0.000177429,0.00203047,-0.187674,0,0,0,0.0114543,0.19107,-0.0102185,-0.00346093,0.0541706,10.8578,10.8579,0,4.95811
0.58,hover,-0.00015916,0.150998,-0.000672745,0.0624386,0,0,-0.0022538,-0.189849,0.00246351,99.4918,99.6318,99.9784,0.674386,nan,0.274147,0.279799,0.280914,0.267114,0.268856,0.279799,0.268856,0.280914,0.267114,1,0,0.0624491,0,0.00166272,-0.0468857,-0.00125576,0.00198364,-0.187308,0,0,0,0.000102663,0.183378,0.00752789,-0.0151581,-0.0794936,10.8626,10.8629,0,5.07422
0.59,hover,-0.000185193,0.152894,-0.000724174,0.062304,0,0,-0.0020914,-0.189488,0.00271262,99.4894,99.6294,99.9852,0.687428,nan,0.27368,0.279728,0.280022,0.267308,0.267753,0.279728,0.267753,0.280022,0.267308,1,0,0.0623115,0,0.000400094,-0.0467811,-0.000324933,0.00214725,-0.186892,0,0,0,0.00491191,0.192119,-0.00824353,-0.107491,-0.0625563,10.868,10.8688,0,5.19061
0.6,hover,-0.000209988,0.154787,-0.000698438,0.0621842,0,0,-0.00202312,-0.189116,0.00269438,99.4871,99.6271,99.992,0.699941,nan,0.273234,0.279813,0.278936,0.267877,0.266397,0.279813,0.266397,0.278936,0.267877,1,0,0.0621927,0,-0.00160127,-0.0463764,0.00103555,0.00205778,-0.186551,0,0,0,-0.00136211,0.179386,-0.0107234,-0.0194063,-0.076975,10.9047,10.905,0,5.30592
0.61,hover,-0.000233943,0.156677,-0.000709727,0.0620619,0,0,-0.00197919,-0.188679,0.00172567,99.4849,99.6249,99.9991,0.712043,nan,0.272808,0.277982,0.27997,0.265418,0.267946,0.277982,0.267946,0.27997,0.265418,1,0,0.0620738,0,0.00143421,-0.0465891,-0.00198474,0.00209372,-0.186181,0,0,0,-0.000706182,0.181478,0.00183779,-0.00654535,-0.0777594,10.8145,10.8148,0,5.42116
0.62,hover,-0.000256954,0.158561,-0.000623217,0.0619444,0,0,-0.00196211,-0.188156,0.00195175,99.4828,99.6228,100.006,0.723679,nan,0.272402,0.280063,0.27731,0.267141,0.265173,0.280063,0.265173,0.27731,0.267141,1,0,0.0619623,0,0.00208316,-0.0474823,0.00207527,0.00187225,-0.185841,0,0,0,0.00468279,0.174506,-0.00660192,0.0287269,-0.00928945,10.7873,10.7874,0,5.53582
0.63,hover,-0.000279541,0.160439,-0.000596421,0.0617909,0,0,-0.00197755,-0.187528,0.00177506,99.4808,99.6208,100.014,0.734883,nan,0.272014,0.277687,0.279022,0.264813,0.266608,0.277687,0.266608,0.279022,0.264813,1,0,0.061785,0,0.00121978,-0.0479156,-0.00137573,0.00176027,-0.185355,0,0,0,-5.96938e-05,0.190801,0.00365798,0.117874,-0.0760428,10.731,10.732,0,5.65224
0.64,hover,-0.000301964,0.162312,-0.000581542,0.0616369,0,0,-0.00200684,-0.186864,0.00092021,99.4789,99.6189,100.021,0.745666,nan,0.271644,0.278548,0.277253,0.265745,0.265102,0.278548,0.265102,0.277253,0.265745,1,0,0.0616498,0,0.00172974,-0.0472837,0.000851673,0.00176953,-0.18491,0,0,0,0.0106205,0.180242,0.00279635,0.0973383,0.0220635,10.696,10.6965,0,5.76831
0.65,hover,-0.000323468,0.164177,-0.000563013,0.0614551,0,0,-0.00203485,-0.186168,0.000810486,99.477,99.617,100.028,0.756047,nan,0.271292,0.278671,0.275919,0.267079,0.263566,0.278671,0.263566,0.275919,0.267079,1,0,0.0614599,0,-0.00201714,-0.0453716,0.00275395,0.00172092,-0.184345,0,0,0,0.00557911,0.193302,0.00263302,0.0649038,0.0558609,10.6755,10.6759,0,5.88559
0.66,hover,-0.000345329,0.166036,-0.000600694,0.0612992,0,0,-0.00209993,-0.185647,0.000813282,99.4752,99.6152,100.036,0.765981,nan,0.270955,0.276428,0.278259,0.263598,0.265602,0.276428,0.265602,0.278259,0.263598,1,0,0.0613046,0,0.000461295,-0.0482931,-0.00168524,0.00186335,-0.183872,0,0,0,0.0146969,0.195375,-0.00250623,-0.0110002,0.0835331,10.5583,10.5586,0,6.00105
0.67,hover,-0.000368532,0.16789,-0.000673624,0.0611342,0,0,-0.00206228,-0.184991,0.00132285,99.4734,99.6134,100.044,0.775599,nan,0.270635,0.277037,0.276512,0.264618,0.264436,0.277037,0.264436,0.276512,0.264618,1,0,0.0611371,0,0.000907332,-0.0464132,0.000310578,0.00201035,-0.183407,0,0,0,0.00572049,0.17742,0.00448397,-0.0602275,-0.0398333,10.5998,10.6,0,6.11672
0.68,hover,-0.000391241,0.169736,-0.000677053,0.0609364,0,0,-0.00194406,-0.184264,0.00217615,99.4717,99.6117,100.052,0.784953,nan,0.27033,0.276678,0.276125,0.264521,0.264055,0.276678,0.264055,0.276125,0.264521,1,0,0.0609535,0,0.000233482,-0.0459066,0.000447881,0.00203966,-0.182823,0,0,0,0.0133365,0.171364,-0.00218564,-0.0392973,-0.0240831,10.5075,10.5076,0,6.23384
0.69,hover,-0.000412886,0.171576,-0.000641176,0.0607467,0,0,-0.00185484,-0.18366,0.000605465,99.4701,99.6101,100.059,0.793885,nan,0.270039,0.275291,0.277063,0.263191,0.264668,0.275291,0.264668,0.277063,0.263191,1,0,0.0607615,0,-0.000782477,-0.046413,-0.00142783,0.00193712,-0.182251,0,0,0,0.0122714,0.173707,-0.000389179,-0.0478105,-0.0109229,10.5375,10.5376,0,6.35011
0.7,hover,-0.000433136,0.173409,-0.000547809,0.0605519,0,0,-0.00186567,-0.183038,0.000872433,99.4685,99.6085,100.067,0.802498,nan,0.269762,0.276914,0.275055,0.264611,0.262523,0.276914,0.262523,0.275055,0.264611,1,0,0.0605571,0,-0.000608776,-0.0470582,0.00173498,0.00161964,-0.181661,0,0,0,0.00232737,0.177139,0.00323036,-0.12372,-0.0495593,10.5885,10.5894,0,6.46631
0.71,hover,-0.000453367,0.175236,-0.000536167,0.0603743,0,0,-0.00196831,-0.182295,0.00104732,99.467,99.607,100.076,0.8108,nan,0.269499,0.276022,0.275283,0.263533,0.263209,0.276022,0.263209,0.275283,0.263533,1,0,0.0603796,0,0.00110376,-0.0465411,0.000467396,0.00156468,-0.181141,0,0,0,-0.00535349,0.168213,0.00384678,0.00107217,-0.0775343,10.4542,10.4545,0,6.58117
0.72,hover,-0.000475519,0.177055,-0.000494028,0.0601658,0,0,-0.00218586,-0.181431,0.000573889,99.4656,99.6056,100.084,0.818773,nan,0.269249,0.274563,0.276197,0.261924,0.264359,0.274563,0.264359,0.276197,0.261924,1,0,0.0601739,0,0.00212687,-0.0463785,-0.0017883,0.00147272,-0.180503,0,0,0,7.94778e-05,0.177867,0.00121275,0.0132366,-0.0212725,10.4026,10.4026,0,6.69733
0.73,hover,-0.000499962,0.178865,-0.000459415,0.059953,0,0,-0.0023666,-0.180386,0.00112559,99.4642,99.6042,100.092,0.826439,nan,0.269011,0.276549,0.273943,0.263893,0.261706,0.276549,0.261706,0.273943,0.263893,1,0,0.0599675,0,0.00110976,-0.0471669,0.00210672,0.00138338,-0.179876,0,0,0,-0.00397548,0.170357,0.00833357,0.0206307,0.021499,10.4227,10.4227,0,6.81318
0.74,hover,-0.000526468,0.180663,-0.000450223,0.0597355,0,0,-0.00255709,-0.179148,0.00144387,99.4628,99.6028,100.1,0.833835,nan,0.268786,0.274023,0.275903,0.261688,0.263574,0.274023,0.263574,0.275903,0.261688,1,0,0.0597484,0,1.49267e-05,-0.0467355,-0.00165518,0.00134062,-0.179199,0,0,0,0.00555928,0.186317,-0.000515615,0.142059,-0.0469937,10.4578,10.4589,0,6.92867
0.75,hover,-0.000556723,0.182448,-0.000531805,0.0595016,0,0,-0.00281861,-0.177727,0.00136954,99.4615,99.6015,100.109,0.841005,nan,0.268573,0.274856,0.274521,0.262926,0.26203,0.274856,0.26203,0.274521,0.262926,1,0,0.0595124,0,-0.0014875,-0.0462743,0.000540776,0.00157741,-0.17851,0,0,0,0.00373083,0.177815,-0.00717292,0.0616437,-0.0530022,10.4304,10.4307,0,7.04434
0.76,hover,-0.000588068,0.184218,-0.000598535,0.0592261,0,0,-0.00308252,-0.176229,0.00042467,99.4602,99.6002,100.117,0.847982,nan,0.268371,0.273467,0.275442,0.261417,0.263198,0.273467,0.263198,0.275442,0.261417,1,0,0.0592273,0,-0.00051509,-0.0460319,-0.00165119,0.00183901,-0.177684,0,0,0,0.00364774,0.177102,0.00157663,0.130637,0.0946611,10.4129,10.4142,0,7.16156
0.77,hover,-0.000622887,0.185973,-0.000601251,0.0589529,0,0,-0.00346647,-0.17468,0.00125134,99.4589,99.5989,100.126,0.854721,nan,0.26818,0.274005,0.274143,0.262268,0.26234,0.274005,0.26234,0.274143,0.262268,1,0,0.0589731,0,-0.000176087,-0.0446034,-9.20591e-05,0.0018713,-0.176883,0,0,0,0.0122521,0.163536,-0.00455974,-0.0577464,0.0904466,10.3141,10.3147,0,7.27776
0.78,hover,-0.000661548,0.187713,-0.0006606,0.0586515,0,0,-0.00378796,-0.173235,0.00119956,99.4577,99.5977,100.134,0.861206,nan,0.268,0.273522,0.273991,0.262026,0.262495,0.273522,0.262495,0.273991,0.262026,1,0,0.0586609,0,-2.58202e-06,-0.0435637,-0.000412173,0.00197363,-0.175966,0,0,0,0.00627593,0.174954,0.00563099,-0.0160666,-0.0374233,10.3507,10.3508,0,7.39473
0.79,hover,-0.000703604,0.189439,-0.000678854,0.058336,0,0,-0.00409136,-0.172012,0.00185459,99.4566,99.5966,100.143,0.86748,nan,0.26783,0.272911,0.274421,0.261393,0.262628,0.272911,0.262628,0.274421,0.261393,1,0,0.0583512,0,-0.000726989,-0.0441695,-0.00120637,0.00207796,-0.175036,0,0,0,-0.00248155,0.162052,-0.00288041,0.0206758,0.093122,10.2394,10.2398,0,7.51172
0.8,hover,-0.000750136,0.191154,-0.000668482,0.0580211,0,0,-0.00432143,-0.171036,0.00215751,99.4554,99.5954,100.151,0.873533,nan,0.26767,0.273154,0.27411,0.261801,0.261647,0.273154,0.261647,0.27411,0.261801,1,0,0.0580439,0,-0.00294696,-0.0451252,-0.000352307,0.00200709,-0.174103,0,0,0,0.00446544,0.15665,0.00524297,-0.0547581,-0.0122462,10.2863,10.2865,0,7.62804
0.81,hover,-0.000799401,0.192861,-0.000717594,0.0577179,0,0,-0.00457511,-0.170225,0.0023406,99.4543,99.5943,100.16,0.879366,nan,0.26752,0.272875,0.273991,0.261053,0.26219,0.272875,0.26219,0.273991,0.261053,1,0,0.0577391,0,5.75953e-05,-0.0447608,-0.000990304,0.00208177,-0.173184,0,0,0,-0.0169689,0.161596,-0.00292882,-0.0342079,-0.0875393,10.2825,10.283,0,7.7432
0.82,hover,-0.000851187,0.19456,-0.000729525,0.0574143,0,0,-0.00470844,-0.169535,0.00272289,99.4532,99.5932,100.169,0.885008,nan,0.267379,0.274585,0.272063,0.26222,0.260674,0.274585,0.260674,0.272063,0.26222,1,0,0.0574327,0,0.00258565,-0.0450091,0.00178795,0.00215783,-0.172269,0,0,0,-0.00322811,0.165949,0.00588357,-0.0478711,-0.050549,10.3033,10.3035,0,7.85793
0.83,hover,-0.000902947,0.196252,-0.000726776,0.0571097,0,0,-0.00468364,-0.168916,0.00295647,99.4522,99.5922,100.178,0.890481,nan,0.267246,0.273133,0.273033,0.261145,0.261699,0.273133,0.261699,0.273033,0.261145,1,0,0.0571329,0,0.00173526,-0.0441898,-0.0001996,0.0021766,-0.171357,0,0,0,0.00157368,0.165562,0.00276429,0.027114,-0.0149398,10.2824,10.2824,0,7.97235
0.84,hover,-0.000955501,0.197939,-0.000763134,0.056768,0,0,-0.0046173,-0.16837,0.00273234,99.4512,99.5912,100.187,0.895763,nan,0.267121,0.273384,0.272898,0.260968,0.26126,0.273384,0.26126,0.272898,0.260968,1,0,0.0567939,0,0.00206427,-0.0455791,8.53715e-05,0.00224874,-0.170329,0,0,0,-0.00809384,0.167351,-0.00686998,0.0359669,-0.0598335,10.2643,10.2645,0,8.08855
0.85,hover,-0.00100848,0.19962,-0.000759204,0.0564252,0,0,-0.00463227,-0.167993,0.00309418,99.4502,99.5902,100.196,0.900916,nan,0.267005,0.27342,0.272372,0.261282,0.260969,0.27342,0.260969,0.272372,0.261282,1,0,0.0564485,0,0.00194798,-0.044607,0.000598038,0.00227384,-0.169316,0,0,0,-0.00387977,0.157786,-0.00121083,0.104674,0.00332063,10.2075,10.208,0,8.20455
0.86,hover,-0.00106034,0.201299,-0.000780757,0.0560769,0,0,-0.004578,-0.167701,0.00249702,99.4492,99.5892,100.205,0.905919,nan,0.266896,0.274079,0.271357,0.262185,0.259984,0.274079,0.259984,0.271357,0.262185,1,0,0.0560883,0,0.00137967,-0.0440879,0.00216378,0.00241767,-0.168256,0,0,0,0.00136545,0.161764,-0.00694359,0.0144502,0.14727,10.2178,10.2189,0,8.32068
0.87,hover,-0.00110996,0.202975,-0.000770087,0.0557422,0,0,-0.00444966,-0.167515,0.00280452,99.4482,99.5882,100.214,0.910779,nan,0.266794,0.273111,0.27243,0.261353,0.260302,0.273111,0.260302,0.27243,0.261353,1,0,0.0557643,0,-0.000981832,-0.0452591,0.000761278,0.00233038,-0.167268,0,0,0,0.0119967,0.157468,-0.008958,0.0789187,0.00417891,10.2565,10.2568,0,8.43589
0.88,hover,-0.00115934,0.204649,-0.000774712,0.0553923,0,0,-0.00432401,-0.167392,0.00196263,99.4473,99.5873,100.223,0.915458,nan,0.266699,0.27297,0.272147,0.261321,0.260377,0.27297,0.260377,0.272147,0.261321,1,0,0.0554082,0,-0.000322952,-0.0443742,0.000776904,0.00240134,-0.1662,0,0,0,0.00369313,0.164215,0.00999584,0.0488098,0.14754,10.2318,10.233,0,8.55188
0.89,hover,-0.00120613,0.206323,-0.000783598,0.0550341,0,0,-0.00414487,-0.167335,0.0016321,99.4464,99.5864,100.232,0.920039,nan,0.266611,0.272756,0.27252,0.260709,0.260476,0.272756,0.260476,0.27252,0.260709,1,0,0.0550672,0,5.92161e-06,-0.0456464,0.000206125,0.002366,-0.165163,0,0,0,0.00319328,0.145355,-0.00211329,-0.0574126,0.0142238,10.155,10.1552,0,8.6683
0.9,hover,-0.00125061,0.207996,-0.000784432,0.0546651,0,0,-0.00388104,-0.167388,0.00156161,99.4455,99.5855,100.241,0.924506,nan,0.266529,0.272174,0.272604,0.260807,0.260546,0.272174,0.260546,0.272604,0.260807,1,0,0.0546936,0,-0.00183539,-0.0443865,-7.39869e-05,0.00235136,-0.164041,0,0,0,-0.0060781,0.155608,0.00435704,-0.0745255,0.00724062,10.182,10.1822,0,8.78533
0.91,hover,-0.00129221,0.209671,-0.000809845,0.0543134,0,0,-0.00367933,-0.167565,0.00202784,99.4446,99.5846,100.251,0.928844,nan,0.266453,0.272091,0.272244,0.260441,0.261051,0.272091,0.261051,0.272244,0.260441,1,0,0.0543217,0,0.00121251,-0.0432838,-0.0003356,0.00238381,-0.162973,0,0,0,-0.00393129,0.162686,-0.0048889,-0.0839912,-0.0664982,10.2434,10.244,0,8.90144
0.92,hover,-0.00133382,0.211347,-0.000740396,0.0539626,0,0,-0.00351753,-0.167741,0.00279387,99.4437,99.5837,100.26,0.933054,nan,0.266383,0.273252,0.271145,0.261529,0.259619,0.273252,0.259619,0.271145,0.261529,1,0,0.0539694,0,0.000522653,-0.0440529,0.00176566,0.00216546,-0.161918,0,0,0,-0.000546198,0.163181,0.00129572,0.0672891,-0.117581,10.2153,10.2162,0,9.0176
0.93,hover,-0.00137355,0.213026,-0.000641177,0.0536314,0,0,-0.00325737,-0.167983,0.00206198,99.4429,99.5829,100.269,0.937153,nan,0.266319,0.271991,0.272319,0.260154,0.260823,0.271991,0.260823,0.272319,0.260154,1,0,0.053637,0,0.000903524,-0.0442095,-0.000438428,0.00188564,-0.16091,0,0,0,0.00671733,0.173974,0.000960255,0.0209774,-0.0945295,10.1997,10.2002,0,9.13277
0.94,hover,-0.00141078,0.214707,-0.000614102,0.0533022,0,0,-0.00294554,-0.168219,0.00242202,99.442,99.582,100.279,0.941136,nan,0.26626,0.272393,0.272182,0.260359,0.260117,0.272393,0.260117,0.272182,0.260359,1,0,0.053316,0,-8.34556e-05,-0.0456617,0.000199575,0.00184543,-0.159949,0,0,0,0.00272143,0.159094,-0.00786306,-0.0306589,-0.00346025,10.1699,10.17,0,9.24795
0.95,hover,-0.00144466,0.21639,-0.000672348,0.0529749,0,0,-0.00256517,-0.168364,0.0025508,99.4412,99.5812,100.288,0.945023,nan,0.266206,0.273238,0.270854,0.261323,0.259419,0.273238,0.259419,0.270854,0.261323,1,0,0.0529975,0,0.00127549,-0.044242,0.00188491,0.00198241,-0.158963,0,0,0,0.00445296,0.160344,0.00492213,0.0460587,-0.0842891,10.1295,10.13,0,9.36312
0.96,hover,-0.00147404,0.218074,-0.000712794,0.0526525,0,0,-0.00221484,-0.168531,0.00250003,99.4403,99.5803,100.297,0.948719,nan,0.266157,0.271693,0.272423,0.259636,0.260887,0.271693,0.260887,0.272423,0.259636,1,0,0.052659,0,0.00138539,-0.0447053,-0.000870549,0.00217234,-0.157979,0,0,0,-0.00798424,0.170473,-0.00602882,0.0423682,0.0870788,10.1013,10.1017,0,9.47811
0.97,hover,-0.00150165,0.21976,-0.00078023,0.0523037,0,0,-0.00187128,-0.168665,0.00299202,99.4395,99.5795,100.307,0.952444,nan,0.266113,0.273468,0.270755,0.261467,0.258772,0.273468,0.258772,0.270755,0.261467,1,0,0.0523274,0,4.65447e-05,-0.0454434,0.00237694,0.00234192,-0.156933,0,0,0,0.00439984,0.173012,-0.00315153,0.0857401,-0.0134452,10.113,10.1133,0,9.59468
0.98,hover,-0.0015255,0.221447,-0.000754695,0.0519473,0,0,-0.00161633,-0.168821,0.00239338,99.4387,99.5787,100.316,0.956074,nan,0.266074,0.271742,0.272258,0.260215,0.260089,0.271742,0.260089,0.272258,0.260215,1,0,0.0519661,0,-0.00170519,-0.0449002,-0.000171447,0.00232068,-0.155869,0,0,0,0.00700129,0.167128,0.00129715,0.0420593,0.0850404,10.1438,10.1443,0,9.71178
0.99,hover,-0.00154597,0.223136,-0.000760752,0.0515939,0,0,-0.0014768,-0.169082,0.00182122,99.4379,99.5779,100.326,0.959597,nan,0.266039,0.272416,0.271203,0.260985,0.25956,0.272416,0.25956,0.271203,0.260985,1,0,0.0516255,0,-0.000562238,-0.0437185,0.00115956,0.00232094,-0.154818,0,0,0,0.00768654,0.163027,0.00336207,0.00980624,0.0442646,10.128,10.1281,0,9.82882
1,hover,-0.00156446,0.224829,-0.000691216,0.051266,0,0,-0.00130422,-0.169495,0.00198281,99.4371,99.5771,100.336,0.963034,nan,0.266009,0.271745,0.271723,0.26065,0.259923,0.271745,0.259923,0.271723,0.26065,1,0,0.0512919,0,-0.00186816,-0.0433808,0.000329338,0.0021415,-0.153826,0,0,0,0.0124641,0.166944,-0.00480006,0.0210095,0.0873596,10.153,10.1534,0,9.9446
1.01,hover,-0.00158173,0.226526,-0.000694207,0.0509621,0,0,-0.00121872,-0.169884,0.0017297,99.4363,99.5763,100.345,0.966415,nan,0.265983,0.272829,0.271218,0.260455,0.259433,0.272829,0.259433,0.271218,0.260455,1,0,0.0509841,0,0.00156212,-0.0457746,0.0011572,0.00212162,-0.152926,0,0,0,0.0132997,0.161656,0.00925343,-0.0429746,0.0250098,10.0905,10.0906,0,10.0592
1.02,hover,-0.00159878,0.228226,-0.000725448,0.0506625,0,0,-0.00117525,-0.170068,0.00253142,99.4356,99.5756,100.355,0.969728,nan,0.26596,0.270035,0.273402,0.258977,0.261432,0.270035,0.261432,0.273402,0.258977,1,0,0.0506839,0,-0.00241929,-0.0436327,-0.00255921,0.00215139,-0.152023,0,0,0,0.0142025,0.163112,-0.00190348,-0.0497921,-0.0760336,10.1301,10.1305,0,10.1738
1.03,hover,-0.00161875,0.229927,-0.000704696,0.0503446,0,0,-0.0012635,-0.170182,0.00291682,99.4348,99.5748,100.365,0.972993,nan,0.265942,0.27115,0.272722,0.259231,0.260668,0.27115,0.260668,0.272722,0.259231,1,0,0.0503535,0,-0.000358777,-0.0454231,-0.00132242,0.00205493,-0.151072,0,0,0,0.00843948,0.158512,-0.00222647,-0.0947059,-0.105969,10.1167,10.1177,0,10.2895
1.04,hover,-0.00163997,0.231629,-0.000658181,0.0500435,0,0,-0.00137201,-0.170151,0.00309299,99.434,99.574,100.374,0.976094,nan,0.265927,0.272307,0.271122,0.260187,0.260095,0.272307,0.260095,0.271122,0.260187,1,0,0.0500686,0,0.00290112,-0.0438582,0.000561547,0.00194287,-0.150153,0,0,0,0.00777397,0.172093,0.0014308,0.00156865,-0.0778431,10.1398,10.1401,0,10.4043
1.05,hover,-0.00166108,0.23333,-0.00071709,0.0497148,0,0,-0.0014116,-0.170157,0.00243729,99.4332,99.5732,100.384,0.979287,nan,0.265916,0.271656,0.271688,0.259919,0.260403,0.271656,0.260403,0.271688,0.259919,1,0,0.0497245,0,0.00119911,-0.0436233,-0.000226969,0.00213826,-0.149187,0,0,0,0.000218952,0.161062,-0.0137397,-0.0710498,-0.022187,10.1591,10.1594,0,10.5206
1.06,hover,-0.00168113,0.235032,-0.00071639,0.049422,0,0,-0.00146259,-0.17027,0.00181868,99.4325,99.5725,100.394,0.982438,nan,0.265909,0.270999,0.272911,0.259006,0.260719,0.270999,0.260719,0.272911,0.259006,1,0,0.0494263,0,-0.000528796,-0.0458275,-0.00159307,0.00209872,-0.148292,0,0,0,-0.0105405,0.171346,0.0137512,0.0703414,-0.0711131,10.0402,10.0407,0,10.6349
1.07,hover,-0.0017015,0.236736,-0.000697565,0.0491089,0,0,-0.00158929,-0.170431,0.00190822,99.4317,99.5717,100.404,0.985551,nan,0.265904,0.270654,0.273054,0.259174,0.260735,0.270654,0.260735,0.273054,0.259174,1,0,0.0491215,0,-0.00222631,-0.0450943,-0.00174068,0.00208852,-0.147361,0,0,0,0.00765526,0.16664,-0.00182751,0.0940773,-0.033802,10.0854,10.0859,0,10.7504
1.08,hover,-0.00172479,0.238441,-0.000683916,0.0487841,0,0,-0.001815,-0.170601,0.00274747,99.4309,99.5709,100.413,0.988631,nan,0.265903,0.272932,0.270859,0.260844,0.258978,0.272932,0.258978,0.270859,0.260844,1,0,0.0488049,0,0.00055011,-0.0454166,0.00173162,0.00206934,-0.146387,0,0,0,0.00347454,0.166495,0.00469866,0.151221,0.0227488,10.0264,10.0275,0,10.8667
1.09,hover,-0.0017492,0.240148,-0.000701073,0.0484637,0,0,-0.00195195,-0.170807,0.00127786,99.4301,99.5701,100.423,0.991642,nan,0.265906,0.271133,0.272349,0.259677,0.260462,0.271133,0.260462,0.272349,0.259677,1,0,0.0484814,0,-0.00114391,-0.0442295,-0.000879931,0.00213164,-0.145431,0,0,0,0.0123667,0.163836,0.00408247,0.0760885,0.0145301,10.1735,10.1738,0,10.9829
1.1,hover,-0.00177367,0.241856,-0.00071655,0.0481796,0,0,-0.00202445,-0.170977,0.00175393,99.4294,99.5694,100.433,0.994614,nan,0.265911,0.27146,0.271889,0.25973,0.260563,0.27146,0.260563,0.271889,0.25973,1,0,0.0482002,0,0.00106918,-0.0436858,-0.000554733,0.002203,-0.144562,0,0,0,0.00617816,0.172665,0.00278564,0.0268724,0.0723506,10.1677,10.168,0,11.0971
1.11,hover,-0.00179853,0.243567,-0.000806,0.0478756,0,0,-0.00200259,-0.171245,0.0014184,99.4286,99.5686,100.443,0.997563,nan,0.265919,0.269273,0.273823,0.258443,0.262136,0.269273,0.262136,0.273823,0.258443,1,0,0.0478876,0,-0.00227258,-0.0426668,-0.00362281,0.00247772,-0.143643,0,0,0,-0.00331236,0.174753,0.00194203,-0.104352,0.0780002,10.0882,10.0891,0,11.2125
1.12,hover,-0.00182393,0.245281,-0.000813748,0.0475567,0,0,-0.00201792,-0.171587,0.00173064,99.4278,99.5678,100.453,1.00049,nan,0.26593,0.27189,0.271482,0.260629,0.259718,0.27189,0.259718,0.271482,0.260629,1,0,0.0475779,0,-0.0013362,-0.0436275,0.000579637,0.0024656,-0.1427,0,0,0,0.0149022,0.170936,-0.0119814,-0.052926,-0.0012446,10.0982,10.0983,0,11.329
1.13,hover,-0.00184999,0.246999,-0.000798935,0.0472665,0,0,-0.00212087,-0.171951,0.00206352,99.427,99.567,100.463,1.0034,nan,0.265944,0.272604,0.271356,0.260662,0.259152,0.272604,0.259152,0.271356,0.260662,1,0,0.0472712,0,-0.000695083,-0.0457526,0.00121215,0.0023867,-0.141831,0,0,0,0.004588,0.169825,-0.00139909,-0.0759428,-0.0277463,10.0282,10.0285,0,11.4441
1.14,hover,-0.00187645,0.248719,-0.000799293,0.046969,0,0,-0.00218671,-0.172128,0.00162574,99.4263,99.5663,100.473,1.00625,nan,0.265961,0.271789,0.271903,0.260188,0.259959,0.271789,0.259959,0.271903,0.260188,1,0,0.0470031,0,-0.000910051,-0.0446115,5.06832e-05,0.00239915,-0.140958,0,0,0,0.00857315,0.156834,0.0108376,-0.0437094,-0.0227679,10.0189,10.019,0,11.5597
1.15,hover,-0.00190338,0.250442,-0.000839419,0.0466857,0,0,-0.00226931,-0.172314,0.00195382,99.4255,99.5655,100.483,1.00912,nan,0.26598,0.271941,0.271579,0.260053,0.260343,0.271941,0.260343,0.271579,0.260053,1,0,0.0466926,0,0.00172742,-0.0438167,3.14478e-05,0.00247581,-0.140086,0,0,0,-0.00878954,0.171377,-0.00144868,-0.0361817,-0.0479912,10.1259,10.1261,0,11.6746
1.16,hover,-0.00193166,0.252166,-0.000818014,0.0463914,0,0,-0.002345,-0.172504,0.00127664,99.4247,99.5647,100.493,1.01198,nan,0.266002,0.272453,0.270922,0.261203,0.259424,0.272453,0.259424,0.270922,0.261203,1,0,0.0463955,0,-0.000658286,-0.0431018,0.00145453,0.00243069,-0.139193,0,0,0,0.0155655,0.176761,0.000842882,-0.0984938,-0.0640385,10.0963,10.097,0,11.7902
1.17,hover,-0.00196155,0.253892,-0.000880789,0.0461206,0,0,-0.00233317,-0.172769,0.00344385,99.4239,99.5639,100.503,1.01484,nan,0.266026,0.273216,0.270727,0.260867,0.259288,0.273216,0.259288,0.270727,0.260867,1,0,0.0461274,0,0.00241437,-0.0450738,0.00178766,0.00264958,-0.138399,0,0,0,0.00391937,0.166685,-0.00935307,-0.0140672,-0.00275641,10.1482,10.1482,0,11.9047
1.18,hover,-0.00199271,0.255621,-0.000832683,0.0458591,0,0,-0.00219442,-0.173062,0.00253428,99.4231,99.5631,100.514,1.01768,nan,0.266052,0.271937,0.271785,0.260324,0.260158,0.271937,0.260158,0.271785,0.260324,1,0,0.0458787,0,-3.97021e-05,-0.0440347,0.000139861,0.00249616,-0.137602,0,0,0,-0.0134328,0.175053,-0.00765152,0.0237224,0.0252315,10.0431,10.0432,0,12.0187
1.19,hover,-0.00202202,0.257353,-0.000800208,0.0455833,0,0,-0.00211329,-0.173387,0.00265337,99.4223,99.5623,100.524,1.0205,nan,0.266081,0.271733,0.272243,0.259778,0.260564,0.271733,0.260564,0.272243,0.259778,1,0,0.0456076,0,0.000731615,-0.0447809,-0.000569541,0.00234556,-0.136785,0,0,0,-0.00459132,0.165976,-0.00550077,0.0221421,-0.0827478,10.1049,10.1053,0,12.1338
1.2,hover,-0.00205047,0.259088,-0.000816064,0.0453083,0,0,-0.00209145,-0.173603,0.0026131,99.4215,99.5615,100.534,1.02331,nan,0.266113,0.272078,0.271994,0.260124,0.260248,0.272078,0.260248,0.271994,0.260124,1,0,0.0453139,0,0.000551417,-0.0449056,-1.71499e-05,0.00246608,-0.135957,0,0,0,0.000962536,0.170445,0.00115703,0.0669709,0.0234427,9.96708,9.96733,0,12.2489
1.21,hover,-0.00208024,0.260824,-0.000806338,0.0450234,0,0,-0.00211142,-0.173711,0.0031947,99.4207,99.5607,100.544,1.02612,nan,0.266146,0.2742,0.26983,0.262515,0.258031,0.2742,0.258031,0.26983,0.262515,1,0,0.0450394,0,-0.000301227,-0.0444972,0.00389183,0.00244444,-0.13511,0,0,0,-0.00743106,0.164185,0.0106441,0.024848,0.052899,10.1697,10.1698,0,12.3648
1.22,hover,-0.00210879,0.262562,-0.000770665,0.0447655,0,0,-0.00214006,-0.173854,0.00256503,99.4199,99.5599,100.555,1.0289,nan,0.266181,0.271855,0.272242,0.260164,0.260458,0.271855,0.260458,0.272242,0.260164,1,0,0.044774,0,-0.000248064,-0.0444812,-0.000299084,0.00233621,-0.134311,0,0,0,-0.0059539,0.181277,-0.00335954,0.0204341,0.0480183,10.137,10.1371,0,12.4791
1.23,hover,-0.0021377,0.264301,-0.000839438,0.0444617,0,0,-0.00212763,-0.174053,0.00260565,99.419,99.559,100.565,1.03168,nan,0.266219,0.272199,0.272228,0.260577,0.259865,0.272199,0.259865,0.272228,0.260577,1,0,0.0444801,0,-0.00196797,-0.0454477,0.000299834,0.00256095,-0.133419,0,0,0,0.00490955,0.168692,0.00489274,0.0564338,0.054253,10.1691,10.1694,0,12.5962
1.24,hover,-0.00216567,0.266043,-0.000867364,0.0442187,0,0,-0.0021518,-0.174256,0.00183977,99.4182,99.5582,100.575,1.03446,nan,0.266258,0.27166,0.272391,0.260073,0.260901,0.27166,0.260901,0.272391,0.260073,1,0,0.0442436,0,0.000258362,-0.0437249,-0.000685253,0.00264597,-0.13269,0,0,0,0.0106341,0.169149,-0.00304078,0.026289,0.0385615,10.0497,10.0499,0,12.7099
1.25,hover,-0.00219379,0.267787,-0.000900413,0.0439577,0,0,-0.00221632,-0.174512,0.00138894,99.4173,99.5573,100.586,1.03721,nan,0.2663,0.271815,0.272593,0.260161,0.260621,0.271815,0.260621,0.272593,0.260161,1,0,0.0439733,0,-0.000846283,-0.0447674,-0.000544109,0.00272762,-0.131899,0,0,0,0.00372582,0.175145,0.000768946,0.0214044,0.0261929,10.1089,10.109,0,12.8248
1.26,hover,-0.00222115,0.269533,-0.000920945,0.043688,0,0,-0.00225693,-0.174757,0.00191424,99.4165,99.5565,100.596,1.03996,nan,0.266343,0.271657,0.272805,0.260061,0.26084,0.271657,0.26084,0.272805,0.260061,1,0,0.0437177,0,-0.000979291,-0.0446435,-0.00084661,0.00281335,-0.131094,0,0,0,0.00738665,0.17117,0.00856927,0.0156057,0.0531548,10.0538,10.054,0,12.9403
1.27,hover,-0.00225175,0.271282,-0.000840703,0.0434277,0,0,-0.00236964,-0.175079,0.00208422,99.4156,99.5556,100.606,1.04272,nan,0.266388,0.271825,0.272553,0.260468,0.260696,0.271825,0.260696,0.272553,0.260468,1,0,0.0434442,0,-0.00132383,-0.0439858,-0.000420053,0.00247969,-0.130311,0,0,0,0.00803555,0.171354,-0.00570941,-0.0828432,-0.0710558,10.0607,10.0613,0,13.0554
1.28,hover,-0.00228342,0.273035,-0.000936749,0.043175,0,0,-0.00252314,-0.175569,0.00144739,99.4148,99.5548,100.617,1.04548,nan,0.266434,0.271555,0.272993,0.260261,0.260918,0.271555,0.260918,0.272993,0.260261,1,0,0.0432075,0,-0.00207181,-0.0442784,-0.000920758,0.00276367,-0.129555,0,0,0,-0.00187308,0.170983,-0.00275378,-0.069328,-0.0606534,10.0905,10.0909,0,13.1703
1.29,hover,-0.00231564,0.274793,-0.000998361,0.0429195,0,0,-0.00276032,-0.176074,0.00115658,99.4139,99.5539,100.627,1.04825,nan,0.266483,0.272107,0.27287,0.259734,0.26121,0.272107,0.26121,0.27287,0.259734,1,0,0.0429418,0,0.00189091,-0.0455372,-0.000983852,0.00295322,-0.128794,0,0,0,-0.000214865,0.168236,-0.0109033,-0.0129549,-0.0650787,10.1447,10.145,0,13.2857
1.3,hover,-0.00234834,0.276555,-0.000988577,0.0426745,0,0,-0.00284852,-0.176414,0.000591815,99.413,99.553,100.638,1.05102,nan,0.266533,0.271953,0.273006,0.259856,0.261306,0.271953,0.261306,0.273006,0.259856,1,0,0.042708,0,0.001051,-0.04509,-0.00110021,0.00289605,-0.128064,0,0,0,-0.00253311,0.161996,-0.00111146,-0.143207,-0.0728718,10.1411,10.1424,0,13.4007
1.31,hover,-0.00238114,0.27832,-0.000954528,0.0424092,0,0,-0.00284095,-0.17659,0.00149352,99.4121,99.5521,100.648,1.05382,nan,0.266584,0.272692,0.271929,0.261049,0.260656,0.272692,0.260656,0.271929,0.261049,1,0,0.0424392,0,0.000981125,-0.0434203,0.000507875,0.00280635,-0.12725,0,0,0,-0.0140698,0.177194,0.00405809,0.0019415,-0.0590256,10.0648,10.065,0,13.5171
1.32,hover,-0.00241518,0.280087,-0.000937096,0.0421551,0,0,-0.00275813,-0.176765,0.00168383,99.4112,99.5512,100.659,1.05665,nan,0.266637,0.272271,0.273262,0.259654,0.261351,0.272271,0.261351,0.273262,0.259654,1,0,0.0421799,0,0.00187181,-0.0464747,-0.00118162,0.00280655,-0.126502,0,0,0,0.00368445,0.169207,-0.00402663,-0.0110448,-0.0209427,10.22,10.22,0,13.6329
1.33,hover,-0.0024493,0.281855,-0.000955251,0.0418958,0,0,-0.00270125,-0.176817,0.00269884,99.4102,99.5502,100.669,1.05952,nan,0.266692,0.273143,0.272128,0.261475,0.260009,0.273143,0.260009,0.272128,0.261475,1,0,0.0419305,0,-0.0011972,-0.0450732,0.00109089,0.00283292,-0.125722,0,0,0,0.00381035,0.168909,0.0013255,-0.0148067,-0.059426,10.0137,10.0139,0,13.749
1.34,hover,-0.00248348,0.283623,-0.00100787,0.0416983,0,0,-0.00272005,-0.176829,0.00174608,99.4093,99.5493,100.68,1.06239,nan,0.266748,0.272595,0.273111,0.259839,0.261434,0.272595,0.261434,0.273111,0.259839,1,0,0.0417138,0,0.00286253,-0.0462944,-0.000928026,0.00303648,-0.125107,0,0,0,0.000492202,0.185616,-0.000369578,0.0998446,0.0143778,10.0944,10.0949,0,13.8616
1.35,hover,-0.00251676,0.285391,-0.00103454,0.0414788,0,0,-0.00270379,-0.176728,0.00155505,99.4084,99.5484,100.691,1.06527,nan,0.266805,0.272127,0.273354,0.26013,0.261598,0.272127,0.261598,0.273354,0.26013,1,0,0.041519,0,0.000639933,-0.0450095,-0.00118438,0.00315999,-0.124463,0,0,0,0.00877328,0.173507,-0.00670941,0.0792241,0.0662149,10.1229,10.1235,0,13.9755
1.36,hover,-0.00254928,0.287158,-0.000984521,0.0412407,0,0,-0.00261602,-0.176586,0.00126983,99.4074,99.5474,100.701,1.06815,nan,0.266864,0.273793,0.271909,0.26184,0.259903,0.273793,0.259903,0.271909,0.26184,1,0,0.0412656,0,-0.000142116,-0.0453974,0.00167958,0.0030134,-0.123738,0,0,0,0.0154031,0.181684,-0.000563401,0.0646369,0.052249,10.0572,10.0576,0,14.0904
1.37,hover,-0.00258032,0.288922,-0.000912902,0.0409896,0,0,-0.00257098,-0.1764,0.00109683,99.4064,99.5464,100.712,1.07102,nan,0.266924,0.272454,0.273158,0.261131,0.260942,0.272454,0.260942,0.273158,0.261131,1,0,0.0410047,0,-0.00236549,-0.0446018,-0.000226451,0.00284301,-0.123003,0,0,0,0.0109485,0.161947,0.00395119,0.0680109,0.142221,10.2068,10.208,0,14.2059
1.38,hover,-0.00261126,0.290686,-0.000851711,0.0407571,0,0,-0.00261664,-0.176334,0.00119888,99.4055,99.5455,100.723,1.07392,nan,0.266986,0.27265,0.273334,0.261069,0.260878,0.27265,0.260878,0.273334,0.261069,1,0,0.0407773,0,-0.00232043,-0.0455447,-0.000216923,0.00263851,-0.12229,0,0,0,0.00591159,0.175175,0.00758044,0.0100142,0.101318,10.1274,10.1279,0,14.3203
1.39,hover,-0.00264222,0.292449,-0.000801886,0.0405044,0,0,-0.00271573,-0.176223,0.000735791,99.4045,99.5445,100.733,1.07683,nan,0.267049,0.272647,0.272894,0.261532,0.261112,0.272647,0.261112,0.272894,0.261532,1,0,0.0405369,0,-0.00176948,-0.043386,7.62486e-05,0.00247099,-0.12155,0,0,0,0.0140078,0.167705,0.00555312,-0.0265567,0.0503845,10.097,10.0972,0,14.4358
1.4,hover,-0.00267458,0.294211,-0.000898091,0.0402571,0,0,-0.00284557,-0.176196,0.00208099,99.4035,99.5435,100.744,1.07976,nan,0.267114,0.273342,0.27273,0.261335,0.261035,0.273342,0.261035,0.27273,0.261335,1,0,0.0402772,0,0.000823763,-0.0449111,0.000400834,0.00274515,-0.120801,0,0,0,0.00375222,0.172347,-0.00960782,-0.0452024,0.04815,9.99714,9.99736,0,14.5509
1.41,hover,-0.00270891,0.295973,-0.000905036,0.0399746,0,0,-0.00297022,-0.176209,0.000767641,99.4024,99.5424,100.755,1.08271,nan,0.26718,0.272502,0.27371,0.260376,0.262117,0.272502,0.262117,0.27371,0.260376,1,0,0.040004,0,0.00141396,-0.0449446,-0.00129615,0.00268601,-0.119969,0,0,0,-0.00334509,0.163809,-3.67587e-06,-0.101013,-0.0319482,10.1404,10.1409,0,14.6681
1.42,hover,-0.0027441,0.297735,-0.000950833,0.0397414,0,0,-0.00306013,-0.17623,0.00103808,99.4014,99.5414,100.766,1.08571,nan,0.267247,0.271991,0.274348,0.260018,0.262616,0.271991,0.262616,0.274348,0.260018,1,0,0.0397769,0,0.00064039,-0.0449167,-0.002178,0.00279783,-0.119258,0,0,0,0.00543042,0.168144,0.0090055,0.0321572,-0.100988,10.1518,10.1524,0,14.7824
1.43,hover,-0.00278118,0.299498,-0.00103347,0.0395222,0,0,-0.00311186,-0.176324,0.00203299,99.4004,99.5404,100.777,1.08874,nan,0.267315,0.273002,0.273431,0.261139,0.261676,0.273002,0.261676,0.273431,0.261139,1,0,0.0395484,0,0.000286448,-0.0447511,-0.000425025,0.00303894,-0.118606,0,0,0,-0.000706355,0.164578,0.000461491,-0.0921603,-0.0717977,10.1369,10.1376,0,14.8959
1.44,hover,-0.00282072,0.301261,-0.00102357,0.039282,0,0,-0.00319705,-0.176379,0.00205824,99.3993,99.5393,100.788,1.09182,nan,0.267385,0.271889,0.274426,0.259661,0.263551,0.271889,0.263551,0.274426,0.259661,1,0,0.0393065,0,0.0035878,-0.0437748,-0.00282491,0.00305795,-0.117881,0,0,0,-0.00309154,0.171473,-0.000106771,-0.0359023,-0.0179912,10.1319,10.132,0,15.0107
1.45,hover,-0.00286375,0.303025,-0.000963753,0.039055,0,0,-0.00313366,-0.176426,0.00349033,99.3982,99.5382,100.799,1.09491,nan,0.267456,0.272404,0.274326,0.261188,0.261892,0.272404,0.261892,0.274326,0.261188,1,0,0.039057,0,-0.00323056,-0.0448141,-0.00115402,0.00283673,-0.117183,0,0,0,0.0032943,0.179293,-0.00754253,-0.0618526,-0.0754415,10.2227,10.2232,0,15.1248
1.46,hover,-0.00290909,0.304789,-0.000924355,0.038803,0,0,-0.00320187,-0.176466,0.00448639,99.3971,99.5371,100.81,1.09805,nan,0.267528,0.273713,0.272775,0.262067,0.261544,0.273713,0.261544,0.272775,0.262067,1,0,0.0388121,0,0.00110075,-0.0433492,0.000642557,0.00278234,-0.11645,0,0,0,0.0030433,0.167326,-0.00297996,-0.0106862,-0.00115576,10.072,10.072,0,15.2404
1.47,hover,-0.00295507,0.306554,-0.00106173,0.0385562,0,0,-0.00318182,-0.176531,0.00378793,99.396,99.536,100.821,1.10119,nan,0.267602,0.273343,0.273596,0.260915,0.26254,0.273343,0.26254,0.273596,0.260915,1,0,0.0385717,0,0.0036382,-0.0444979,-0.000825532,0.00312624,-0.115697,0,0,0,-0.00885951,0.174178,-0.00150531,-0.0111301,-0.0661675,10.0665,10.0667,0,15.3556
1.48,hover,-0.00299921,0.30832,-0.00115651,0.0383038,0,0,-0.00300317,-0.176674,0.00272344,99.3949,99.5349,100.832,1.10432,nan,0.267677,0.27365,0.27323,0.261792,0.262019,0.27365,0.262019,0.27323,0.261792,1,0,0.0383361,0,0.00171633,-0.0437122,8.4733e-05,0.00345967,-0.114947,0,0,0,-0.00795246,0.171358,-0.0106139,0.0581726,-0.0048254,10.0714,10.0716,0,15.4713
1.49,hover,-0.00303775,0.310088,-0.00113096,0.0380662,0,0,-0.00272499,-0.176934,0.00221011,99.3938,99.5338,100.843,1.10745,nan,0.267753,0.273233,0.274341,0.261468,0.261953,0.273233,0.261953,0.274341,0.261468,1,0,0.038099,0,-0.00165243,-0.045767,-0.000700167,0.0034481,-0.114246,0,0,0,-0.00464891,0.159145,0.00128779,-0.00396003,0.0719361,10.1619,10.1621,0,15.5862
1.5,hover,-0.00307384,0.311858,-0.00118359,0.0378282,0,0,-0.00244965,-0.177158,0.00333248,99.3926,99.5326,100.854,1.11062,nan,0.26783,0.273446,0.273939,0.261721,0.262198,0.273446,0.262198,0.273939,0.261721,1,0,0.0378416,0,-4.33156e-05,-0.0444637,-0.000426366,0.00354203,-0.11351,0,0,0,-0.000196234,0.178076,0.000403004,-0.0483383,-0.0192806,10.1241,10.1243,0,15.7013
1.51,hover,-0.00310776,0.31363,-0.00120866,0.0376093,0,0,-0.00217928,-0.177347,0.00288311,99.3915,99.5315,100.865,1.11381,nan,0.267908,0.2749,0.272654,0.262958,0.261105,0.2749,0.261105,0.272654,0.262958,1,0,0.0376457,0,0.00104243,-0.0445135,0.00180166,0.00368824,-0.112841,0,0,0,0.00787117,0.183379,-0.00316351,0.0424907,0.0634016,10.2159,10.2162,0,15.8153
1.52,hover,-0.00313752,0.315405,-0.00121479,0.037391,0,0,-0.00200511,-0.177616,0.00232864,99.3903,99.5303,100.876,1.11704,nan,0.267988,0.272779,0.275241,0.260826,0.263087,0.272779,0.263087,0.275241,0.260826,1,0,0.037417,0,-0.000533718,-0.0456777,-0.00207608,0.00366614,-0.112191,0,0,0,-0.00153427,0.182879,-0.00782091,0.0469814,0.0254323,10.1994,10.1995,0,15.9295
1.53,hover,-0.00316712,0.317182,-0.00124375,0.0371674,0,0,-0.00188778,-0.177773,0.00239464,99.3891,99.5291,100.887,1.12031,nan,0.268068,0.274117,0.2735,0.26272,0.261921,0.274117,0.261921,0.2735,0.26272,1,0,0.0371933,0,-0.000481662,-0.043536,0.000622517,0.00381625,-0.111507,0,0,0,0.00911746,0.186445,-0.00717044,0.0410644,0.0938081,10.2391,10.2396,0,16.0442
1.54,hover,-0.0031941,0.31896,-0.00130011,0.0369596,0,0,-0.00161458,-0.177903,0.0021671,99.3879,99.5279,100.898,1.1236,nan,0.26815,0.275645,0.272461,0.263816,0.26066,0.275645,0.26066,0.272461,0.263816,1,0,0.0369812,0,7.36634e-05,-0.0447735,0.00278644,0.00399521,-0.110886,0,0,0,0.00531216,0.182147,0.00984557,-0.0852887,0.075111,10.0746,10.0752,0,16.158
1.55,hover,-0.00321579,0.320739,-0.00124158,0.0367547,0,0,-0.00133779,-0.177935,0.00179233,99.3867,99.5267,100.91,1.12691,nan,0.268233,0.274023,0.274199,0.262554,0.262138,0.274023,0.262138,0.274199,0.262554,1,0,0.0367808,0,-0.00156955,-0.0445843,0.000105829,0.00381494,-0.110278,0,0,0,-0.000246339,0.176764,0.00800238,-0.16411,0.0537642,10.082,10.0835,0,16.2717
1.56,hover,-0.00323496,0.322519,-0.00130524,0.0365114,0,0,-0.00109757,-0.178069,0.00112942,99.3854,99.5254,100.921,1.13025,nan,0.268317,0.272589,0.275611,0.261076,0.263974,0.272589,0.263974,0.275611,0.261076,1,0,0.0365401,0,-0.000327416,-0.0438642,-0.00260187,0.00394104,-0.109557,0,0,0,0.0127151,0.180545,-0.00237876,-0.0761809,-0.00511724,10.1157,10.116,0,16.3876
1.57,hover,-0.00325384,0.324301,-0.00124719,0.0362848,0,0,-0.000861401,-0.178351,0.00241048,99.3841,99.5241,100.932,1.1336,nan,0.268402,0.274225,0.274464,0.262349,0.262553,0.274225,0.262553,0.274464,0.262349,1,0,0.0363176,0,-9.32799e-05,-0.045072,-0.000194484,0.0037321,-0.108899,0,0,0,0.00812518,0.165642,-0.00642786,-0.118278,-0.0286399,10.081,10.0817,0,16.5027
1.58,hover,-0.00327244,0.326086,-0.00116987,0.0360682,0,0,-0.000642236,-0.178576,0.00330105,99.3829,99.5229,100.944,1.13696,nan,0.268488,0.274648,0.274103,0.263135,0.262049,0.274648,0.262049,0.274103,0.263135,1,0,0.0360937,0,-0.00143298,-0.044655,0.000716709,0.0035256,-0.108238,0,0,0,-0.00708248,0.172694,-0.00401391,-0.0928316,0.0141976,10.1482,10.1486,0,16.6173
1.59,hover,-0.00329103,0.327872,-0.00117267,0.0358697,0,0,-0.000571556,-0.178754,0.00298977,99.3816,99.5216,100.955,1.14034,nan,0.268576,0.275412,0.273706,0.26309,0.262076,0.275412,0.262076,0.273706,0.26309,1,0,0.0358684,0,0.00183492,-0.0453844,0.00119561,0.00339318,-0.107621,0,0,0,0.00164989,0.169698,0.00051696,-0.123154,-0.122897,10.1639,10.1653,0,16.7311
1.6,hover,-0.0033069,0.32966,-0.00109935,0.0356737,0,0,-0.000528729,-0.178814,0.00228371,99.3803,99.5203,100.967,1.14378,nan,0.268664,0.274376,0.274781,0.262343,0.263139,0.274376,0.263139,0.274781,0.262343,1,0,0.0356951,0,0.00103652,-0.04486,-0.000527825,0.00331708,-0.10705,0,0,0,-0.00111588,0.176381,-0.00817269,-0.0674345,0.0113311,10.237,10.2372,0,16.8448
1.61,hover,-0.00332234,0.331448,-0.00101103,0.035457,0,0,-0.000529617,-0.17873,0.00228568,99.3789,99.5189,100.978,1.14726,nan,0.268753,0.274628,0.274682,0.262824,0.262861,0.274628,0.262861,0.274682,0.262824,1,0,0.035474,0,-4.24426e-05,-0.0447649,-3.98794e-05,0.00303672,-0.106409,0,0,0,0.00831568,0.170812,0.0010209,0.0403844,-0.0203673,10.2253,10.2254,0,16.9596
1.62,hover,-0.00333859,0.333234,-0.00101437,0.0352321,0,0,-0.000630126,-0.178608,0.00198942,99.3776,99.5176,100.989,1.15076,nan,0.268844,0.274546,0.275068,0.262655,0.263089,0.274546,0.263089,0.275068,0.262655,1,0,0.0352583,0,-0.000230558,-0.0452281,-0.000420354,0.00293971,-0.105715,0,0,0,-0.00476227,0.173631,-0.00253328,-0.0953749,-0.0970654,10.1367,10.1376,0,17.0749
1.63,hover,-0.00335514,0.335019,-0.000973558,0.0350265,0,0,-0.000790245,-0.178374,0.00226417,99.3762,99.5162,101.001,1.15431,nan,0.268935,0.27553,0.274208,0.263252,0.262733,0.27553,0.262733,0.274208,0.263252,1,0,0.0350412,0,0.00213134,-0.0450048,0.000809272,0.00289583,-0.105097,0,0,0,0.00258134,0.183846,-0.00709082,-0.0648387,-0.0358912,10.1069,10.1072,0,17.189
1.64,hover,-0.00337295,0.336802,-0.000977504,0.0348252,0,0,-0.000856934,-0.178261,0.00215703,99.3748,99.5148,101.013,1.15792,nan,0.269028,0.275114,0.274614,0.263574,0.262792,0.275114,0.262792,0.274614,0.263574,1,0,0.0348433,0,-0.000745392,-0.0442663,0.00056352,0.0028385,-0.104506,0,0,0,-0.00328861,0.166993,-0.00221313,0.0275337,-0.126063,10.1528,10.1536,0,17.3027
1.65,hover,-0.00339294,0.338585,-0.000910728,0.0346015,0,0,-0.000997171,-0.178242,0.00291144,99.3734,99.5134,101.024,1.16159,nan,0.269122,0.275076,0.274794,0.263084,0.263513,0.275076,0.263513,0.274794,0.263084,1,0,0.0346237,0,0.00188552,-0.0440975,-6.42049e-05,0.00273715,-0.103831,0,0,0,0.00333948,0.178664,-0.00189894,0.00395005,-0.00773132,10.1556,10.1556,0,17.4176
1.66,hover,-0.0034171,0.340367,-0.000879562,0.0343869,0,0,-0.00116891,-0.178365,0.00351262,99.372,99.512,101.036,1.16527,nan,0.269216,0.276105,0.274014,0.263775,0.262953,0.276105,0.262953,0.274014,0.263775,1,0,0.0343957,0,0.00336617,-0.0443201,0.00128024,0.0026953,-0.103183,0,0,0,0.00624739,0.178926,-0.0174077,-0.0155577,0.0470309,10.2609,10.261,0,17.5321
1.67,hover,-0.00344259,0.342152,-0.000839793,0.0341693,0,0,-0.00137496,-0.178573,0.00282471,99.3705,99.5105,101.047,1.16899,nan,0.269312,0.275969,0.274641,0.263511,0.263107,0.275969,0.263107,0.274641,0.263511,1,0,0.0341731,0,0.00244868,-0.045459,0.000761304,0.0026029,-0.102507,0,0,0,-0.00675545,0.187123,-0.00563739,0.00979311,0.111292,10.24,10.2406,0,17.6468
1.68,hover,-0.0034682,0.343939,-0.000992292,0.0339861,0,0,-0.00147548,-0.178837,0.00217544,99.3691,99.5091,101.059,1.17274,nan,0.269409,0.27472,0.276182,0.263232,0.26348,0.27472,0.26348,0.276182,0.263232,1,0,0.0340053,0,-0.00322055,-0.0458349,-0.00075114,0.00301775,-0.101976,0,0,0,0.00205525,0.183114,-0.00543038,0.045327,0.0417782,10.2392,10.2393,0,17.7596
1.69,hover,-0.00349373,0.345728,-0.00110554,0.0338075,0,0,-0.0016423,-0.179063,0.00257817,99.3676,99.5076,101.071,1.17652,nan,0.269506,0.274833,0.275983,0.262873,0.264317,0.274833,0.264317,0.275983,0.262873,1,0,0.0338013,0,0.000779624,-0.0447666,-0.00114042,0.00343493,-0.10142,0,0,0,0.0155053,0.187455,-0.00575876,-0.0469251,0.0907328,10.2816,10.2821,0,17.8724
1.7,hover,-0.00352376,0.34752,-0.00118029,0.033572,0,0,-0.00172732,-0.179312,0.00355816,99.3661,99.5061,101.083,1.18034,nan,0.269605,0.275651,0.27565,0.263389,0.263709,0.275651,0.263709,0.27565,0.263389,1,0,0.0336032,0,0.000853585,-0.0458579,-0.000139987,0.00360346,-0.100741,0,0,0,0.00741943,0.176716,-0.00236738,-0.0490566,0.0407657,10.2517,10.2519,0,17.9885
1.71,hover,-0.00355603,0.349314,-0.00118245,0.0333795,0,0,-0.00170613,-0.179461,0.00310114,99.3646,99.5046,101.094,1.18419,nan,0.269704,0.275606,0.275881,0.263996,0.263315,0.275606,0.263315,0.275881,0.263996,1,0,0.033404,0,-0.00253729,-0.0458095,0.000177828,0.00364834,-0.100144,0,0,0,0.00970796,0.184417,-0.010765,-0.0578861,0.0746764,10.1831,10.1835,0,18.1023
1.72,hover,-0.00358695,0.351109,-0.00117757,0.0331729,0,0,-0.00168002,-0.179612,0.00318178,99.363,99.503,101.106,1.18807,nan,0.269805,0.275662,0.275588,0.263925,0.264024,0.275662,0.264024,0.275588,0.263925,1,0,0.033182,0,0.000458405,-0.0441492,-1.09431e-05,0.00358515,-0.0995561,0,0,0,0.0215878,0.171376,0.00680037,-0.13984,0.00180851,10.1371,10.1381,0,18.217
1.73,hover,-0.00361815,0.352906,-0.00118253,0.0329723,0,0,-0.00169725,-0.179792,0.0032751,99.3615,99.5015,101.118,1.19201,nan,0.269907,0.275985,0.275388,0.264575,0.263658,0.275985,0.263658,0.275388,0.264575,1,0,0.0329801,0,-0.000848708,-0.0438467,0.000665925,0.00358486,-0.0989624,0,0,0,0.00613963,0.165534,0.000769298,-0.117927,0.00948899,10.246,10.2466,0,18.3315
1.74,hover,-0.00364808,0.354704,-0.00115818,0.0327912,0,0,-0.00177578,-0.179901,0.00265362,99.3599,99.4999,101.13,1.19598,nan,0.270009,0.276476,0.275404,0.264354,0.263783,0.276476,0.263783,0.275404,0.264354,1,0,0.0328134,0,0.00132672,-0.044988,0.000722384,0.00349451,-0.0984025,0,0,0,0.00800375,0.177603,0.00434643,-0.167333,-0.00676762,10.2498,10.2512,0,18.4449
1.75,hover,-0.00367745,0.356502,-0.00113008,0.032601,0,0,-0.00187722,-0.179748,0.00202903,99.3583,99.4983,101.142,1.19999,nan,0.270114,0.275915,0.275771,0.264066,0.264683,0.275915,0.264683,0.275771,0.264066,1,0,0.0326313,0,0.00201981,-0.0434627,-0.000207605,0.00331212,-0.0978227,0,0,0,0.00591948,0.175581,-0.000993708,-0.127686,-0.0721686,10.1886,10.1897,0,18.5589
1.76,hover,-0.00370791,0.358299,-0.00114961,0.0323919,0,0,-0.00203527,-0.179439,0.00228172,99.3567,99.4967,101.154,1.20406,nan,0.27022,0.276445,0.275365,0.264722,0.264325,0.276445,0.264325,0.275365,0.264722,1,0,0.0323893,0,0.00181269,-0.0431305,0.000649194,0.0033683,-0.0971944,0,0,0,0.00139076,0.17725,-0.00433196,-0.0637041,-0.0870277,10.2685,10.269,0,18.6738
1.77,hover,-0.00373956,0.360091,-0.00108294,0.0322187,0,0,-0.00214833,-0.178988,0.0023226,99.355,99.495,101.166,1.20812,nan,0.270327,0.276538,0.275584,0.264741,0.264425,0.276538,0.264425,0.275584,0.264741,1,0,0.0322195,0,0.00169119,-0.0434983,0.000558045,0.00320006,-0.0966947,0,0,0,-0.00195632,0.169095,-0.00403267,-0.0657038,-0.0507093,10.2803,10.2806,0,18.7864
1.78,hover,-0.00377287,0.361877,-0.00105537,0.0320199,0,0,-0.00220609,-0.178296,0.00236571,99.3534,99.4934,101.178,1.21221,nan,0.270436,0.277196,0.275299,0.265011,0.264217,0.277196,0.264217,0.275299,0.265011,1,0,0.032034,0,0.00292357,-0.0440863,0.00118249,0.00303079,-0.0960655,0,0,0,0.00104618,0.171657,-0.00125595,-0.122572,-0.116729,10.3732,10.3746,0,18.9002
1.79,hover,-0.00380437,0.363657,-0.00100938,0.0317959,0,0,-0.00219559,-0.1775,0.00136965,99.3517,99.4917,101.19,1.21634,nan,0.270547,0.276115,0.276821,0.264089,0.265139,0.276115,0.265139,0.276821,0.264089,1,0,0.0318099,0,0.00090962,-0.0449215,-0.00077197,0.00293001,-0.095419,0,0,0,0.000465325,0.165518,0.00215117,-0.0841933,-0.0940419,10.3027,10.3035,0,19.015
1.8,hover,-0.00383476,0.365428,-0.0010421,0.0316004,0,0,-0.00212739,-0.176779,0.0013036,99.35,99.49,101.203,1.22053,nan,0.270659,0.277311,0.275652,0.265794,0.263856,0.277311,0.263856,0.275652,0.265794,1,0,0.0316144,0,-0.000739248,-0.0441749,0.00158047,0.00310468,-0.0948396,0,0,0,0.00017996,0.171169,0.00522803,-0.0107826,-0.0327691,10.3167,10.3168,0,19.1277
1.81,hover,-0.00386336,0.367192,-0.0012113,0.0314363,0,0,-0.00218267,-0.176077,0.00131273,99.3482,99.4882,101.215,1.22475,nan,0.270773,0.277681,0.275637,0.265666,0.264086,0.277681,0.264086,0.275637,0.265666,1,0,0.0314556,0,0.00123105,-0.0446524,0.00159284,0.0036317,-0.0943366,0,0,0,0.00311028,0.178811,0.00788417,-0.101634,-0.0167085,10.2316,10.2321,0,19.2381
1.82,hover,-0.00389087,0.36895,-0.0011807,0.031237,0,0,-0.00217795,-0.175457,0.00109065,99.3465,99.4865,101.227,1.229,nan,0.27089,0.277316,0.27628,0.265149,0.264791,0.277316,0.264791,0.27628,0.265149,1,0,0.0312427,0,0.00179601,-0.044823,0.00061279,0.00352119,-0.0937503,0,0,0,-0.00917936,0.171194,0.0019781,-0.0250513,-0.017999,10.3178,10.3179,0,19.3503
1.83,hover,-0.00391929,0.370702,-0.00130812,0.0310135,0,0,-0.00208819,-0.174865,0.00134744,99.3447,99.4847,101.239,1.23327,nan,0.271008,0.276945,0.276812,0.265384,0.264868,0.276945,0.264868,0.276812,0.265384,1,0,0.0310436,0,-0.00101278,-0.0445359,0.000285095,0.00385659,-0.0930759,0,0,0,0.00977087,0.166542,-0.0131997,0.05291,-0.11613,10.2298,10.2306,0,19.4634
1.84,hover,-0.00394685,0.372448,-0.00145446,0.0308232,0,0,-0.00187041,-0.174399,0.00121372,99.3429,99.4829,101.252,1.23758,nan,0.271128,0.277942,0.276314,0.265946,0.264287,0.277942,0.264287,0.276314,0.265946,1,0,0.0308665,0,-7.96602e-05,-0.0455188,0.00144502,0.00436108,-0.0925049,0,0,0,0.00615779,0.173756,-0.0017092,-0.00611239,-0.0250109,10.2023,10.2023,0,19.5744
1.85,hover,-0.00397379,0.37419,-0.00141195,0.0306035,0,0,-0.00172222,-0.17395,0.00247086,99.341,99.481,101.264,1.24192,nan,0.27125,0.278945,0.275096,0.267256,0.263679,0.278945,0.263679,0.275096,0.267256,1,0,0.0306339,0,0.000720804,-0.0437821,0.00326438,0.0042718,-0.0918394,0,0,0,0.00319118,0.177127,-0.00254733,0.0218199,0.0224097,10.3122,10.3122,0,19.6868
1.86,hover,-0.00400068,0.375927,-0.001504,0.0304116,0,0,-0.00166493,-0.173568,0.0019131,99.3392,99.4792,101.277,1.24628,nan,0.271374,0.277685,0.276762,0.265704,0.26532,0.277685,0.26532,0.276762,0.265704,1,0,0.0304308,0,0.00142927,-0.0443822,0.000574647,0.00454813,-0.0912645,0,0,0,-0.00139268,0.17602,-0.00165492,-0.0560333,0.0189063,10.3047,10.3049,0,19.7973
1.87,hover,-0.0040268,0.377661,-0.00160127,0.0301836,0,0,-0.00159583,-0.173243,0.00182077,99.3373,99.4773,101.289,1.25067,nan,0.271499,0.276988,0.277992,0.264618,0.266374,0.276988,0.266374,0.277992,0.264618,1,0,0.0302107,0,0.00199437,-0.0454524,-0.00121279,0.0048723,-0.0905712,0,0,0,0.00226494,0.179056,-0.00304034,-0.00880512,0.0521755,10.2589,10.259,0,19.9097
1.88,hover,-0.00405376,0.379392,-0.00169513,0.0299843,0,0,-0.00140603,-0.172925,0.00295385,99.3354,99.4754,101.302,1.25505,nan,0.271627,0.277897,0.277097,0.266128,0.265358,0.277897,0.265358,0.277097,0.266128,1,0,0.0300127,0,7.85325e-05,-0.0445439,0.000689837,0.00517227,-0.0899912,0,0,0,0.0147053,0.167092,-0.00968702,-0.0149536,0.0501039,10.3976,10.3977,0,20.0203
1.89,hover,-0.00407987,0.38112,-0.00147181,0.0297688,0,0,-0.00120441,-0.172686,0.00233476,99.3335,99.4735,101.314,1.25947,nan,0.271755,0.276987,0.277949,0.265814,0.266245,0.276987,0.266245,0.277949,0.265814,1,0,0.0297894,0,-0.00140938,-0.0433485,-0.000611737,0.00442052,-0.0893604,0,0,0,0.00946326,0.161753,0.0013633,-0.0788421,-0.0211013,10.3349,10.3352,0,20.1317
1.9,hover,-0.0041036,0.382846,-0.00131774,0.0295693,0,0,-0.000930455,-0.172477,0.00235897,99.3315,99.4715,101.327,1.26393,nan,0.271886,0.278027,0.277418,0.266499,0.265572,0.278027,0.265572,0.277418,0.266499,1,0,0.0295967,0,-0.000844716,-0.0442889,0.000674666,0.00409946,-0.0887181,0,0,0,0.00560107,0.167905,-0.0130103,-0.0800928,0.103512,10.2583,10.2591,0,20.2421
1.91,hover,-0.00412526,0.384569,-0.00115537,0.0293124,0,0,-0.000759303,-0.172274,0.00317353,99.3296,99.4696,101.34,1.26843,nan,0.272018,0.276199,0.279471,0.264422,0.267952,0.276199,0.267952,0.279471,0.264422,1,0,0.0293378,0,0.00068644,-0.0441433,-0.00298962,0.00361059,-0.087954,0,0,0,0.00905763,0.166225,-0.00306232,-0.148393,0.0632821,10.3219,10.3232,0,20.3556
1.92,hover,-0.00414826,0.386291,-0.00130218,0.0290798,0,0,-0.000673424,-0.172137,0.0026686,99.3275,99.4675,101.352,1.27298,nan,0.272151,0.27752,0.278288,0.266242,0.266527,0.27752,0.266527,0.278288,0.266242,1,0,0.0291175,0,-0.00128028,-0.0436522,-0.000462545,0.00398861,-0.0872847,0,0,0,0.0112165,0.162777,0.00556261,-0.0889822,0.0337098,10.2382,10.2387,0,20.4675
1.93,hover,-0.00416832,0.388012,-0.00120338,0.028922,0,0,-0.000721824,-0.172052,0.00216961,99.3255,99.4655,101.365,1.27754,nan,0.272286,0.277632,0.278331,0.266371,0.266784,0.277632,0.266784,0.278331,0.266371,1,0,0.0289451,0,-0.000755982,-0.0432164,-0.00048894,0.00377321,-0.0867556,0,0,0,0.000541278,0.172852,0.0126193,-0.207165,0.0446189,10.2372,10.2394,0,20.5752
1.94,hover,-0.00418685,0.389732,-0.00131788,0.0287504,0,0,-0.000824718,-0.172009,0.00223453,99.3234,99.4634,101.378,1.28211,nan,0.272423,0.278977,0.277528,0.267393,0.265766,0.278977,0.265766,0.277528,0.267393,1,0,0.0287716,0,-0.000472707,-0.0442359,0.00135234,0.00389756,-0.0863044,0,0,0,0.00660708,0.157814,0.0074648,-0.139728,-0.0483443,10.3185,10.3196,0,20.6836
1.95,hover,-0.0042075,0.391452,-0.00122036,0.0284841,0,0,-0.000977228,-0.172026,0.00271454,99.3214,99.4614,101.391,1.28669,nan,0.272561,0.277806,0.278626,0.26581,0.267972,0.277806,0.267972,0.278626,0.26581,1,0,0.0285135,0,0.00355993,-0.042917,-0.00131085,0.00369389,-0.0855034,0,0,0,0.00587171,0.163128,0.000694217,-0.144023,-4.76525e-05,10.3696,10.3706,0,20.7974
1.96,hover,-0.00423182,0.393173,-0.0012366,0.0282944,0,0,-0.00109387,-0.17215,0.00185918,99.3192,99.4592,101.403,1.29133,nan,0.2727,0.277604,0.279162,0.266655,0.267352,0.277604,0.267352,0.279162,0.266655,1,0,0.0283205,0,-0.00228237,-0.0431223,-0.000991187,0.00363883,-0.0849203,0,0,0,0.00995862,0.165228,0.00284004,-0.0686411,-0.0780611,10.2752,10.2757,0,20.9069
1.97,hover,-0.00425539,0.394895,-0.00120251,0.028143,0,0,-0.0012315,-0.172377,0.00249568,99.3171,99.4571,101.416,1.29598,nan,0.272841,0.278274,0.278799,0.266942,0.267321,0.278274,0.267321,0.278799,0.266942,1,0,0.0280923,0,-0.00038871,-0.0432227,-0.000397391,0.00332292,-0.0842201,0,0,0,0.0094193,0.160391,0.00916025,-0.276267,-0.124961,10.3056,10.3101,0,21.0142
1.98,hover,-0.00428138,0.396621,-0.00130955,0.0279654,0,0,-0.00135575,-0.172704,0.00227861,99.3149,99.4549,101.429,1.30065,nan,0.272983,0.278381,0.279213,0.266989,0.267322,0.278381,0.267322,0.279213,0.266989,1,0,0.0279988,0,-0.0013244,-0.0441164,-0.000511862,0.00399206,-0.0839418,0,0,0,0.0115407,0.165129,0.00164013,-0.0495636,0.024032,10.2082,10.2084,0,21.1233
1.99,hover,-0.00431019,0.39835,-0.0011754,0.0277467,0,0,-0.00148988,-0.173174,0.00312044,99.3127,99.4527,101.442,1.30534,nan,0.273127,0.278987,0.278474,0.267696,0.267322,0.278987,0.267322,0.278474,0.267696,1,0,0.0277593,0,0.000367024,-0.042525,0.000390386,0.00335554,-0.0832595,0,0,0,-0.00486139,0.153544,-0.0106501,-0.100058,-0.130921,10.3136,10.315,0,21.2349
2,hover,-0.00434106,0.400085,-0.00136069,0.0275563,0,0,-0.00159047,-0.173954,0.00312068,99.3105,99.4505,101.455,1.30996,nan,0.273272,0.279438,0.278578,0.267889,0.267152,0.279438,0.267152,0.278578,0.267889,1,0,0.0275957,0,0.000326802,-0.0435309,0.000701836,0.00402804,-0.0827039,0,0,0,0.000192758,0.171677,-0.00464559,-0.144989,-0.0391615,10.3638,10.3648,0,21.3452
2.01,hover,-0.00437093,0.401828,-0.00142777,0.0274326,0,0,-0.00153274,-0.174915,0.00159765,99.3082,99.4482,101.468,1.31474,nan,0.273417,0.278897,0.279735,0.266823,0.268184,0.278897,0.268184,0.279735,0.266823,1,0,0.027431,0,0.00138654,-0.0447659,-0.000966089,0.00409874,-0.0822848,0,0,0,0.000929632,0.164389,0.00171088,-0.108453,-0.150625,10.3157,10.3173,0,21.4522
2.02,hover,-0.00439627,0.403582,-0.00143772,0.0272859,0,0,-0.00139351,-0.17592,0.000789876,99.3059,99.4459,101.482,1.31959,nan,0.273564,0.27938,0.279568,0.267359,0.267918,0.27938,0.267918,0.279568,0.267359,1,0,0.0273003,0,0.000982991,-0.0448533,-0.000328329,0.00427153,-0.081895,0,0,0,-0.00700585,0.172382,-0.00374593,-0.125319,-0.0302283,10.3055,10.3063,0,21.5611
2.03,hover,-0.004419,0.405346,-0.0013253,0.0270891,0,0,-0.00125766,-0.176947,0.00179576,99.3036,99.4436,101.495,1.32447,nan,0.273711,0.27917,0.279923,0.267199,0.268523,0.27917,0.268523,0.279923,0.267199,1,0,0.0271163,0,0.00151418,-0.0442817,-0.000913035,0.00394841,-0.0813037,0,0,0,-0.00191355,0.17348,0.000502823,-0.0575721,-0.0310373,10.3127,10.3129,0,21.6734
2.04,hover,-0.00444318,0.40712,-0.00149282,0.0271164,0,0,-0.00106995,-0.177971,0.00251708,99.3013,99.4413,101.508,1.3294,nan,0.27386,0.280116,0.27951,0.268155,0.267629,0.280116,0.267629,0.27951,0.268155,1,0,0.0271339,0,0.000214033,-0.0451766,0.000497322,0.00437915,-0.08138,0,0,0,0.000879804,0.166483,0.00185996,-0.0382481,-0.0989281,10.2198,10.2203,0,21.7735
2.05,hover,-0.00446576,0.408904,-0.0015445,0.0270098,0,0,-0.00087234,-0.178868,0.00183023,99.2989,99.4389,101.521,1.33435,nan,0.274009,0.279755,0.280058,0.268127,0.268067,0.279755,0.268067,0.280058,0.268127,1,0,0.0270635,0,-0.000962179,-0.0447526,-0.000106461,0.00465603,-0.0810685,0,0,0,0.000777121,0.171686,0.0048443,-0.140177,-0.00562154,10.3068,10.3077,0,21.8818
2.06,hover,-0.00448534,0.410697,-0.00150793,0.0268768,0,0,-0.000817567,-0.179716,0.00174009,99.2965,99.4365,101.535,1.33932,nan,0.274159,0.280345,0.279974,0.268225,0.268063,0.280345,0.268063,0.279974,0.268225,1,0,0.0269133,0,0.000555269,-0.0455323,0.000234218,0.00446138,-0.080644,0,0,0,0.00108648,0.184772,-0.00145017,-0.0224551,-0.0694907,10.2661,10.2663,0,21.9922
2.07,hover,-0.00450391,0.412498,-0.00147124,0.0269244,0,0,-0.000788536,-0.180444,0.00184749,99.294,99.434,101.548,1.34434,nan,0.27431,0.280264,0.280372,0.267901,0.268673,0.280264,0.268673,0.280372,0.267901,1,0,0.0269664,0,0.00176376,-0.0455911,-0.000386538,0.00445367,-0.0807998,0,0,0,-0.00225921,0.178283,-0.000253475,-0.0187433,0.0234675,10.2574,10.2575,0,22.0926
2.08,hover,-0.00452297,0.414305,-0.00133652,0.0268373,0,0,-0.00079078,-0.181113,0.00138234,99.2916,99.4316,101.562,1.34941,nan,0.274462,0.280253,0.280714,0.268232,0.268617,0.280253,0.268617,0.280714,0.268232,1,0,0.0268512,0,-0.000201799,-0.0456986,-0.000371945,0.00403022,-0.080549,0,0,0,-0.00256679,0.172901,-0.00717685,-0.0589511,0.00502731,10.3016,10.3017,0,22.2012
2.09,hover,-0.00454371,0.416119,-0.00131073,0.0268046,0,0,-0.000852527,-0.1817,0.00256831,99.2891,99.4291,101.575,1.35452,nan,0.274615,0.281439,0.279611,0.269571,0.267807,0.281439,0.267807,0.279611,0.269571,1,0,0.0268424,0,0.000171043,-0.0448529,0.001579,0.00400474,-0.0804478,0,0,0,0.00126103,0.169849,0.00327826,-0.0736242,0.036077,10.3054,10.3058,0,22.307
2.1,hover,-0.00456442,0.417938,-0.00156933,0.0267638,0,0,-0.000782358,-0.18213,0.00174848,99.2866,99.4266,101.589,1.35967,nan,0.274768,0.279795,0.281733,0.267928,0.269586,0.279795,0.269586,0.281733,0.267928,1,0,0.0267979,0,-0.000745397,-0.0455014,-0.00158071,0.00475695,-0.0803089,0,0,0,0.00190024,0.184218,0.0052139,-0.0773029,0.0155139,10.3915,10.3918,0,22.4135
2.11,hover,-0.00458542,0.41976,-0.00152511,0.0266911,0,0,-0.000738797,-0.182371,0.00252789,99.284,99.424,101.602,1.36486,nan,0.274923,0.279801,0.282044,0.267906,0.26991,0.279801,0.26991,0.282044,0.267906,1,0,0.0267534,0,-0.000634694,-0.0455313,-0.00186688,0.00461551,-0.0801139,0,0,0,0.0147958,0.17093,-0.00152741,-0.0280431,9.58359e-05,10.4024,10.4025,0,22.5221
2.12,hover,-0.00460972,0.421584,-0.00142001,0.0266829,0,0,-0.000784651,-0.182471,0.00330056,99.2814,99.4214,101.616,1.37013,nan,0.275078,0.281101,0.281145,0.269242,0.268795,0.281101,0.268795,0.281145,0.269242,1,0,0.0266909,0,-0.001303,-0.0458724,0.000177273,0.00440528,-0.0800348,0,0,0,0.00900682,0.187102,0.00623789,-0.0879806,0.078785,10.4547,10.4553,0,22.6271
2.13,hover,-0.00463472,0.423409,-0.00144573,0.0267128,0,0,-0.000805516,-0.182375,0.00268437,99.2788,99.4188,101.63,1.37546,nan,0.275235,0.280886,0.281609,0.269176,0.269238,0.280886,0.269238,0.281609,0.269176,1,0,0.0267266,0,-0.00175545,-0.0456281,-0.000345236,0.00441382,-0.0801574,0,0,0,0.00500509,0.180205,0.00187808,-0.0271332,0.045384,10.4641,10.4642,0,22.73
2.14,hover,-0.00465818,0.425231,-0.00144922,0.0267524,0,0,-0.000688804,-0.18202,0.00289684,99.2761,99.4161,101.644,1.38086,nan,0.275393,0.28156,0.281439,0.269201,0.26934,0.28156,0.26934,0.281439,0.269201,1,0,0.0267534,0,0.000690473,-0.0463429,-7.51557e-06,0.00448764,-0.0802516,0,0,0,0.000662866,0.178922,-0.00472015,-0.0769268,0.0916759,10.4514,10.4521,0,22.8321
2.15,hover,-0.00468162,0.427048,-0.00176572,0.0268055,0,0,-0.000537409,-0.181415,0.00323846,99.2734,99.4134,101.657,1.38632,nan,0.275552,0.280933,0.282403,0.268339,0.2705,0.280933,0.2705,0.282403,0.268339,1,0,0.0268335,0,0.00183457,-0.046416,-0.00159643,0.0053743,-0.0804379,0,0,0,0.0140669,0.180352,0.00716715,-0.072629,0.0214039,10.3962,10.3965,0,22.9331
2.16,hover,-0.00470516,0.428859,-0.00157043,0.026715,0,0,-0.000328226,-0.180645,0.00281077,99.2707,99.4107,101.671,1.3918,nan,0.275711,0.281788,0.281757,0.269912,0.269357,0.281788,0.269357,0.281757,0.269912,1,0,0.0267266,0,-0.00138988,-0.0459984,0.000258215,0.00488016,-0.0801131,0,0,0,0.00417005,0.187205,-0.00425419,-0.107923,0.0940435,10.4006,10.4016,0,23.0421
2.17,hover,-0.00472513,0.430661,-0.0017931,0.026643,0,0,-0.000142417,-0.179887,0.00360599,99.268,99.408,101.685,1.39732,nan,0.275872,0.281929,0.282139,0.269754,0.269635,0.281929,0.269635,0.282139,0.269754,1,0,0.0266731,0,-0.000870758,-0.0467629,-4.04182e-05,0.00555879,-0.0799113,0,0,0,0.0057865,0.173802,-0.0102749,-0.0537494,0.137701,10.3891,10.3902,0,23.1495
2.18,hover,-0.00474424,0.432456,-0.00182839,0.0267236,0,0,1.48053e-05,-0.179098,0.00276967,99.2652,99.4052,101.699,1.40288,nan,0.276034,0.282363,0.281667,0.270738,0.269337,0.282363,0.269337,0.281667,0.270738,1,0,0.026789,0,-0.00186929,-0.0453869,0.00092169,0.00553091,-0.0801902,0,0,0,0.00621868,0.183797,0.00137937,-0.0738984,0.00671576,10.3597,10.36,0,23.2477
2.19,hover,-0.00475783,0.434243,-0.00173455,0.0266072,0,0,0.0001018,-0.178203,0.00219215,99.2624,99.4024,101.713,1.40849,nan,0.276197,0.282726,0.281933,0.270288,0.269811,0.282726,0.269811,0.281933,0.270288,1,0,0.0266462,0,0.000838142,-0.046537,0.000558066,0.00542777,-0.0797686,0,0,0,0.00726694,0.173183,-0.010069,-0.178548,0.0816241,10.3877,10.3895,0,23.3567
2.2,hover,-0.00476847,0.43602,-0.0016977,0.026626,0,0,0.000183031,-0.177167,0.00142636,99.2595,99.3995,101.727,1.41415,nan,0.276361,0.282449,0.282343,0.27039,0.27023,0.282449,0.27023,0.282343,0.27039,1,0,0.0266641,0,-0.000144637,-0.0458021,0.000116907,0.00527096,-0.079855,0,0,0,0.00866835,0.180084,-0.00811589,-0.120051,0.0855046,10.3437,10.3447,0,23.4575
2.21,hover,-0.00477635,0.437787,-0.0016459,0.0265121,0,0,0.000207466,-0.176255,0.00104006,99.2567,99.3967,101.742,1.41988,nan,0.276526,0.281574,0.283001,0.26996,0.271538,0.281574,0.271538,0.283001,0.26996,1,0,0.0265117,0,0.000401426,-0.0437278,-0.00132075,0.00523432,-0.0793728,0,0,0,0.00681991,0.163985,-0.00188353,-0.263112,0.0253621,10.4275,10.4308,0,23.5653
2.22,hover,-0.00478563,0.439546,-0.00170544,0.0264657,0,0,0.000193613,-0.175559,0.0018972,99.2537,99.3937,101.756,1.42568,nan,0.276692,0.283889,0.281668,0.27226,0.268919,0.283889,0.268919,0.281668,0.27226,1,0,0.0265207,0,-0.00297226,-0.0461914,0.00244446,0.0051415,-0.079426,0,0,0,2.3442e-05,0.178408,-0.00834845,-0.159065,-0.00742448,10.3339,10.3352,0,23.6687
2.23,hover,-0.00479568,0.441298,-0.0015461,0.0264298,0,0,2.27179e-05,-0.174834,0.00137268,99.2508,99.3908,101.77,1.43151,nan,0.276859,0.28207,0.28334,0.269995,0.271998,0.28207,0.271998,0.28334,0.269995,1,0,0.0264757,0,0.00194385,-0.0443705,-0.00143848,0.00478539,-0.0792868,0,0,0,0.00258873,0.175451,0.00264104,-0.13137,0.0622195,10.4027,10.4037,0,23.7712
2.24,hover,-0.00480764,0.443043,-0.00157071,0.0263483,0,0,-0.000181469,-0.174175,0.00133167,99.2478,99.3878,101.784,1.43741,nan,0.277027,0.283355,0.282328,0.272219,0.270174,0.283355,0.270174,0.282328,0.272219,1,0,0.0264216,0,-0.0027035,-0.0441305,0.00135009,0.00469329,-0.0790903,0,0,0,0.00775246,0.167214,-0.00195403,-0.244142,-0.019149,10.3842,10.3871,0,23.8758
2.25,hover,-0.0048195,0.444783,-0.00154172,0.0264419,0,0,-0.000458562,-0.173704,0.00120106,99.2448,99.3848,101.799,1.44336,nan,0.277196,0.283422,0.283173,0.271084,0.271073,0.283422,0.271073,0.283173,0.271084,1,0,0.0264757,0,0.000629497,-0.0463042,0.000114401,0.00483765,-0.0792842,0,0,0,0.00945208,0.175485,-0.000578764,-0.176808,0.0723059,10.4769,10.4786,0,23.9701
2.26,hover,-0.00483446,0.446518,-0.00159381,0.0265149,0,0,-0.000800585,-0.1733,0.00121059,99.2418,99.3818,101.813,1.44937,nan,0.277366,0.282311,0.284507,0.270176,0.272437,0.282311,0.272437,0.284507,0.270176,1,0,0.0265476,0,0.000171799,-0.0458641,-0.00195887,0.00453851,-0.0794556,0,0,0,0.000666382,0.175383,0.000578362,-0.220374,-0.0888062,10.3263,10.329,0,24.0654
2.27,hover,-0.00485732,0.448249,-0.00181795,0.0264737,0,0,-0.00112182,-0.172871,0.00200323,99.2387,99.3787,101.828,1.45541,nan,0.277537,0.283957,0.283092,0.272148,0.270915,0.283957,0.270915,0.283092,0.272148,1,0,0.0264847,0,-0.000976217,-0.0454486,0.000921823,0.00521253,-0.0793099,0,0,0,0.0185579,0.1628,0.000903332,-0.227238,-0.113082,10.4095,10.4126,0,24.1669
2.28,hover,-0.00488139,0.449975,-0.00174183,0.0263646,0,0,-0.00140412,-0.172408,0.000739431,99.2356,99.3756,101.842,1.46148,nan,0.277708,0.283397,0.283627,0.271658,0.272118,0.283397,0.272118,0.283627,0.271658,1,0,0.0264306,0,0.000610553,-0.0440506,-0.000303233,0.00517779,-0.0791329,0,0,0,0.00468099,0.169168,0.00367458,-0.216845,-0.0281195,10.3597,10.362,0,24.2721
2.29,hover,-0.00490293,0.451696,-0.00183477,0.0264889,0,0,-0.00157013,-0.171658,0.000403691,99.2324,99.3724,101.857,1.46759,nan,0.277882,0.283913,0.283694,0.271698,0.272187,0.283913,0.272187,0.283694,0.271698,1,0,0.0265296,0,0.00187798,-0.04495,-0.000118817,0.00533069,-0.0794497,0,0,0,0.00542605,0.169473,0.00501014,-0.244743,-0.0408915,10.3651,10.3681,0,24.3635
2.3,hover,-0.00492649,0.453408,-0.00179513,0.0266593,0,0,-0.00168889,-0.170617,0.00116572,99.2292,99.3692,101.872,1.47373,nan,0.278057,0.284899,0.283153,0.27292,0.27122,0.284899,0.27122,0.283153,0.27292,1,0,0.0266999,0,0.000120983,-0.0453099,0.00151438,0.00563387,-0.0799128,0,0,0,0.00388853,0.158527,0.00964931,-0.225446,0.0507375,10.3525,10.355,0,24.4519
2.31,hover,-0.00495426,0.455108,-0.00165723,0.0267136,0,0,-0.0018007,-0.169267,0.00122248,99.226,99.366,101.887,1.4799,nan,0.278234,0.284993,0.28354,0.272605,0.271761,0.284993,0.271761,0.28354,0.272605,1,0,0.0267534,0,0.00161777,-0.0457906,0.00100961,0.00493723,-0.08018,0,0,0,0.0109737,0.16951,-0.00258996,-0.220374,-0.0272129,10.4747,10.477,0,24.5462
2.32,hover,-0.00498209,0.456793,-0.0017321,0.0267158,0,0,-0.00182698,-0.167589,0.0013633,99.2227,99.3627,101.901,1.48612,nan,0.278412,0.284754,0.283585,0.272804,0.27247,0.284754,0.27247,0.283585,0.272804,1,0,0.0267445,0,0.00221663,-0.0437039,0.000660228,0.00501907,-0.0801284,0,0,0,0.0196645,0.156916,-0.00180286,-0.190376,-0.102272,10.5059,10.5081,0,24.6426
2.33,hover,-0.00501116,0.45846,-0.00189712,0.0269972,0,0,-0.00174381,-0.165713,0.00180762,99.2195,99.3595,101.916,1.49238,nan,0.278593,0.283881,0.284593,0.272632,0.273229,0.283881,0.273229,0.284593,0.272632,1,0,0.0270106,0,-0.000303769,-0.042845,-0.00057551,0.00542165,-0.0808744,0,0,0,8.24545e-05,0.166673,-0.0126373,-0.262734,-0.0552554,10.4259,10.4293,0,24.722
2.34,hover,-0.00504115,0.460107,-0.00146823,0.0270439,0,0,-0.00167412,-0.163721,0.00130709,99.2161,99.3561,101.931,1.49866,nan,0.278775,0.285273,0.283912,0.273157,0.272722,0.285273,0.272722,0.283912,0.273157,1,0,0.0270899,0,0.00245516,-0.0441591,0.000789636,0.00437372,-0.0811869,0,0,0,0.00118907,0.160442,0.00401706,-0.216902,-0.0223612,10.4765,10.4787,0,24.8138
2.35,hover,-0.00506972,0.461735,-0.00139205,0.0271469,0,0,-0.0016195,-0.161738,0.00123648,99.2128,99.3528,101.946,1.50494,nan,0.27896,0.285168,0.28424,0.273104,0.273291,0.285168,0.273291,0.28424,0.273104,1,0,0.027169,0,0.00295692,-0.0436051,0.000325621,0.00402023,-0.0814646,0,0,0,-0.00180729,0.154821,0.00211334,-0.187853,-0.0716581,10.5178,10.5197,0,24.9012
2.36,hover,-0.00509602,0.463343,-0.00119201,0.0271872,0,0,-0.00150923,-0.159936,0.00143357,99.2094,99.3494,101.961,1.51125,nan,0.279148,0.285666,0.284373,0.273958,0.272556,0.285666,0.272556,0.284373,0.273958,1,0,0.0272129,0,-0.000289868,-0.0445734,0.00118445,0.00367161,-0.0816054,0,0,0,-0.00100536,0.158166,0.00279863,-0.181389,0.0229622,10.4726,10.4742,0,24.9911
2.37,hover,-0.00512076,0.464935,-0.00121751,0.0271884,0,0,-0.00140354,-0.15838,0.00119082,99.2059,99.3459,101.976,1.5176,nan,0.279337,0.284319,0.286322,0.272129,0.274542,0.284319,0.274542,0.286322,0.272129,1,0,0.0272304,0,0.00108478,-0.0454182,-0.00194076,0.00356662,-0.0816306,0,0,0,0.00156298,0.146031,-0.00221264,-0.169969,-0.0475691,10.4926,10.4941,0,25.0822
2.38,hover,-0.0051472,0.466512,-0.00125341,0.0275251,0,0,-0.00145164,-0.156902,0.00205775,99.2024,99.3424,101.992,1.52396,nan,0.279529,0.285898,0.285014,0.273673,0.273495,0.285898,0.273495,0.285014,0.273673,1,0,0.0275524,0,0.00187415,-0.0449898,0.000466794,0.00357623,-0.0826034,0,0,0,-0.0023607,0.13981,-0.00204585,-0.206001,-0.0736436,10.4591,10.4613,0,25.1532
2.39,hover,-0.00517361,0.468074,-0.00148284,0.0276731,0,0,-0.00153583,-0.155413,0.00104023,99.1989,99.3389,102.007,1.53037,nan,0.279724,0.285258,0.285742,0.27329,0.274565,0.285258,0.274565,0.285742,0.27329,1,0,0.027587,0,0.00209834,-0.0438551,-0.000772596,0.00416929,-0.082709,0,0,0,0.00740888,0.152249,0.00680584,-0.311824,-0.0904465,10.5532,10.5582,0,25.2342
2.4,hover,-0.00519903,0.469621,-0.00190033,0.0280202,0,0,-0.00151743,-0.153954,0.00191922,99.1954,99.3354,102.022,1.53681,nan,0.27992,0.285116,0.286363,0.273002,0.275159,0.285116,0.275159,0.286363,0.273002,1,0,0.0280499,0,0.00241285,-0.044182,-0.00149633,0.0054744,-0.084023,0,0,0,0.0014805,0.153974,-0.00373805,-0.248822,-0.0710718,10.4843,10.4875,0,25.3029
2.41,hover,-0.00523022,0.471153,-0.00237063,0.0279674,0,0,-0.00151474,-0.152578,0.00231128,99.1918,99.3318,102.038,1.54329,nan,0.280118,0.286154,0.285649,0.274052,0.274577,0.286154,0.274577,0.285649,0.274052,1,0,0.0280073,0,0.00273249,-0.0439097,-8.83953e-06,0.00681904,-0.083779,0,0,0,-0.00656073,0.150784,-0.00191457,-0.253888,-0.125662,10.4602,10.464,0,25.3937
2.42,hover,-0.00525791,0.472673,-0.00199803,0.0280573,0,0,-0.00142967,-0.151338,0.000885531,99.1881,99.3281,102.053,1.54979,nan,0.280318,0.285803,0.286616,0.27386,0.274954,0.285803,0.274954,0.286616,0.27386,1,0,0.0281686,0,0.000744301,-0.0447267,-0.000838525,0.00605331,-0.0842498,0,0,0,-0.000568569,0.141865,0.00731877,-0.249356,-0.0113593,10.5707,10.5737,0,25.4757
2.43,hover,-0.00528063,0.474181,-0.0020103,0.0280829,0,0,-0.00131428,-0.150148,0.0010885,99.1845,99.3245,102.069,1.55635,nan,0.28052,0.286174,0.286372,0.274645,0.274848,0.286174,0.274848,0.286372,0.274645,1,0,0.0281601,0,1.44325e-05,-0.0436816,-0.000176581,0.00596333,-0.0843202,0,0,0,0.00645933,0.143987,0.00759725,-0.21727,-0.0413386,10.5128,10.5151,0,25.5606
2.44,hover,-0.00530465,0.475677,-0.00194749,0.0282358,0,0,-0.00117588,-0.149084,0.00124174,99.1807,99.3207,102.084,1.56292,nan,0.280724,0.286755,0.285919,0.275317,0.274863,0.286755,0.274863,0.285919,0.275317,1,0,0.0282447,0,0.00101158,-0.0426202,0.000566636,0.00555254,-0.0845952,0,0,0,-0.00221196,0.13491,0.00865457,-0.259566,-0.12414,10.415,10.419,0,25.6376
2.45,hover,-0.00532611,0.477163,-0.00182021,0.0280846,0,0,-0.00101062,-0.148227,0.00199672,99.177,99.317,102.1,1.56951,nan,0.280929,0.286671,0.286927,0.274675,0.275401,0.286671,0.275401,0.286927,0.274675,1,0,0.0281517,0,0.00124733,-0.0445697,-0.000431472,0.0052901,-0.084286,0,0,0,0.00701562,0.137083,-0.000640806,-0.17302,-0.109188,10.4833,10.4853,0,25.7314
2.46,hover,-0.00535097,0.478642,-0.00172278,0.0281356,0,0,-0.000747293,-0.147508,0.00170935,99.1732,99.3132,102.116,1.57615,nan,0.281136,0.287141,0.286456,0.275365,0.275542,0.287141,0.275542,0.286456,0.275365,1,0,0.0281601,0,0.00228719,-0.0429928,0.000223453,0.00494219,-0.0843875,0,0,0,0.00899302,0.132799,-0.00273547,-0.238016,-0.0920143,10.4979,10.501,0,25.8132
2.47,hover,-0.0053696,0.480114,-0.00185596,0.0285782,0,0,-0.00038269,-0.146872,0.000979179,99.1693,99.3093,102.131,1.58282,nan,0.281345,0.287546,0.286505,0.276299,0.274987,0.287546,0.274987,0.286505,0.276299,1,0,0.0286054,0,-0.000719867,-0.043135,0.00103457,0.00532199,-0.085684,0,0,0,0.00721116,0.1369,0.00667909,-0.253977,-0.0958441,10.5565,10.56,0,25.8722
2.48,hover,-0.00538179,0.481579,-0.00178367,0.0287217,0,0,-8.67627e-05,-0.14621,0.0013954,99.1655,99.3055,102.147,1.58948,nan,0.281555,0.287898,0.286468,0.276574,0.275238,0.287898,0.275238,0.286468,0.276574,1,0,0.0287716,0,0.000248763,-0.0427353,0.00121617,0.00553485,-0.0861813,0,0,0,0.00407332,0.147305,-0.00549081,-0.207734,0.0524775,10.5812,10.5834,0,25.948
2.49,hover,-0.00539062,0.483039,-0.0018377,0.0290102,0,0,0.000139794,-0.145673,0.000485379,99.1615,99.3015,102.163,1.59617,nan,0.281767,0.286924,0.288505,0.275031,0.276564,0.286924,0.276564,0.288505,0.275031,1,0,0.0290355,0,-0.000125681,-0.0451602,-0.00136834,0.00532744,-0.0870575,0,0,0,0.00506388,0.133812,0.0075501,-0.241374,-0.0722454,10.5332,10.5362,0,26.015
2.5,hover,-0.00539715,0.484492,-0.00162349,0.0290226,0,0,0.000399485,-0.144955,0.000576034,99.1576,99.2976,102.179,1.60287,nan,0.28198,0.28715,0.288718,0.275176,0.276835,0.28715,0.276835,0.288718,0.275176,1,0,0.0290684,0,0.000241644,-0.0452029,-0.00141847,0.00506182,-0.0871049,0,0,0,0.00876041,0.133331,0.00141428,-0.267168,0.0107792,10.5115,10.5149,0,26.0977
2.51,hover,-0.00539895,0.485937,-0.0017842,0.0292972,0,0,0.000623788,-0.144012,0.000162626,99.1536,99.2936,102.195,1.60958,nan,0.282195,0.287288,0.288466,0.27574,0.277243,0.287288,0.277243,0.288466,0.27574,1,0,0.0292727,0,0.000861219,-0.0431473,-0.0011781,0.00507261,-0.0877664,0,0,0,0.0058922,0.13907,0.00425602,-0.288682,-0.092488,10.6317,10.636,0,26.1647
2.52,hover,-0.00539811,0.487373,-0.00168181,0.0291848,0,0,0.000839749,-0.143045,0.000358628,99.1495,99.2895,102.211,1.6163,nan,0.282412,0.287019,0.289411,0.275116,0.278059,0.287019,0.278059,0.289411,0.275116,1,0,0.0291911,0,0.00146265,-0.0440618,-0.0023451,0.00482776,-0.0875412,0,0,0,0.0144089,0.12907,-0.00548009,-0.213027,-0.136193,10.458,10.4611,0,26.2534
2.53,hover,-0.00539885,0.488799,-0.00181207,0.0293997,0,0,0.00102715,-0.142138,0.000916234,99.1454,99.2854,102.228,1.62304,nan,0.28263,0.28834,0.288536,0.276726,0.276874,0.28834,0.276874,0.288536,0.276726,1,0,0.0293053,0,-0.000126132,-0.0441026,-0.000150879,0.00519785,-0.0878204,0,0,0,0.00261922,0.131245,0.0100234,-0.350834,-0.0742935,10.5624,10.5684,0,26.3228
2.54,hover,-0.00539776,0.490216,-0.00186901,0.0296639,0,0,0.00114971,-0.141194,0.00138478,99.1413,99.2813,102.244,1.62983,nan,0.28285,0.288605,0.288228,0.277463,0.277058,0.288605,0.277058,0.288228,0.277463,1,0,0.0297093,0,-7.55098e-05,-0.0422772,0.000343821,0.00541274,-0.0890118,0,0,0,0.000588016,0.137357,-0.00226657,-0.297474,-0.0333134,10.5909,10.5952,0,26.3888
2.55,hover,-0.00539773,0.491623,-0.00204563,0.0298535,0,0,0.00115065,-0.140268,0.00182936,99.1371,99.2771,102.26,1.63666,nan,0.283071,0.289244,0.288595,0.277285,0.277115,0.289244,0.277115,0.288595,0.277285,1,0,0.0298214,0,0.00127323,-0.044412,0.000360054,0.00584256,-0.0893328,0,0,0,0.00467988,0.139787,0.00863777,-0.315703,-0.0752645,10.5088,10.5139,0,26.4586
2.56,hover,-0.00540084,0.493021,-0.00204286,0.0300946,0,0,0.00120402,-0.139279,0.00207891,99.1329,99.2729,102.277,1.64354,nan,0.283294,0.288706,0.289495,0.276959,0.277971,0.288706,0.277971,0.289495,0.276959,1,0,0.0300127,0,0.000589629,-0.0440921,-0.000791238,0.00590269,-0.0898869,0,0,0,0.00703123,0.137403,-0.00492965,-0.373378,-0.0904612,10.5965,10.6034,0,26.5248
2.57,hover,-0.00540457,0.494409,-0.00216714,0.0301993,0,0,0.00132569,-0.138376,0.00249202,99.1286,99.2686,102.293,1.65045,nan,0.283518,0.2892,0.289181,0.277998,0.277648,0.2892,0.277648,0.289181,0.277998,1,0,0.0302264,0,-0.000881169,-0.0430775,0.000162254,0.00625209,-0.0905476,0,0,0,0.0128865,0.12286,0.00752234,-0.254544,-0.142192,10.4826,10.4867,0,26.5984
2.58,hover,-0.0054055,0.495789,-0.00222701,0.0306392,0,0,0.00140683,-0.137618,0.00140943,99.1243,99.2643,102.31,1.65735,nan,0.283743,0.288714,0.290426,0.277481,0.278307,0.288714,0.278307,0.290426,0.277481,1,0,0.0306339,0,-0.00234941,-0.0442473,-0.00111566,0.00638576,-0.0917097,0,0,0,0.00461812,0.134033,0.00368045,-0.321337,-0.0871777,10.4843,10.4896,0,26.6522
2.59,hover,-0.00540043,0.497162,-0.00202542,0.0311596,0,0,0.00155563,-0.13687,0.000992401,99.1199,99.2599,102.326,1.66432,nan,0.28397,0.289047,0.29059,0.277687,0.278511,0.289047,0.278511,0.29059,0.277687,1,0,0.0311663,0,-0.00190767,-0.0444124,-0.00104019,0.00581109,-0.0933485,0,0,0,0.0187582,0.132113,0.00650198,-0.296512,-0.152704,10.5687,10.5739,0,26.7011
2.6,hover,-0.00539746,0.498527,-0.00193294,0.031371,0,0,0.00157236,-0.136042,0.00235756,99.1155,99.2555,102.343,1.6713,nan,0.284199,0.290992,0.289241,0.278952,0.277564,0.290992,0.277564,0.289241,0.278952,1,0,0.0314253,0,0.000960112,-0.0449391,0.0013797,0.0055859,-0.094119,0,0,0,0.00386454,0.131575,0.004341,-0.26834,-0.0832953,10.494,10.4978,0,26.7672
2.61,hover,-0.00539624,0.499882,-0.00187195,0.0314253,0,0,0.00144394,-0.135002,0.00147095,99.1111,99.2511,102.36,1.6783,nan,0.284428,0.290156,0.290643,0.278367,0.278501,0.290156,0.278501,0.290643,0.278367,1,0,0.0314253,0,-0.000936293,-0.0453458,-0.000273485,0.00534212,-0.0941191,0,0,0,0.016721,0.130321,0.00640397,-0.317924,-0.120823,10.5945,10.6,0,26.8417
2.62,hover,-0.00539352,0.501227,-0.00178161,0.0314597,0,0,0.0012011,-0.13381,0.00072079,99.1066,99.2466,102.376,1.68532,nan,0.284659,0.290858,0.290115,0.279031,0.278586,0.290858,0.278586,0.290115,0.279031,1,0,0.0315011,0,0.000786598,-0.044255,0.000522223,0.00516385,-0.0944105,0,0,0,0.010991,0.128076,0.00389325,-0.284444,-0.0597379,10.5693,10.5733,0,26.9168
2.63,hover,-0.00539055,0.502559,-0.00170093,0.03157,0,0,0.000946281,-0.132631,0.0011391,99.102,99.242,102.393,1.69237,nan,0.284891,0.290559,0.290563,0.2789,0.279497,0.290559,0.279497,0.290563,0.2789,1,0,0.0315691,0,0.00157202,-0.0430582,-0.00026393,0.00483745,-0.0946248,0,0,0,0.01017,0.128246,0.00137116,-0.304808,-0.0842557,10.5098,10.5145,0,26.9868
2.64,hover,-0.00539238,0.50388,-0.00143498,0.0316697,0,0,0.000752,-0.131539,0.000730073,99.0974,99.2374,102.41,1.69944,nan,0.285124,0.290681,0.291073,0.279507,0.27919,0.290681,0.27919,0.291073,0.279507,1,0,0.0315767,0,-0.00187888,-0.0436887,-3.3216e-05,0.00455834,-0.0946423,0,0,0,0.00997633,0.12184,0.00224529,-0.352924,0.0146558,10.4563,10.4623,0,27.0568
2.65,hover,-0.00539321,0.50519,-0.00128082,0.0319194,0,0,0.000535544,-0.130466,0.00016568,99.0928,99.2328,102.427,1.70651,nan,0.285359,0.290804,0.29128,0.279319,0.279985,0.290804,0.279985,0.29128,0.279319,1,0,0.0318399,0,0.000504283,-0.0431627,-0.000501737,0.0041306,-0.0954701,0,0,0,0.00415668,0.123206,0.00572545,-0.346353,0.0210496,10.4881,10.4939,0,27.1176
2.66,hover,-0.00539674,0.50649,-0.00127771,0.0322933,0,0,0.000363851,-0.129548,0.00161718,99.0881,99.2281,102.444,1.71359,nan,0.285594,0.291136,0.29198,0.279683,0.279528,0.291136,0.279528,0.29198,0.279683,1,0,0.0322343,0,-0.0026481,-0.0452935,-0.000302519,0.00355357,-0.0966383,0,0,0,0.0124851,0.128588,-0.00196417,-0.344177,-0.0504233,10.5028,10.5086,0,27.1707
2.67,hover,-0.00540666,0.507781,-0.00132449,0.0327288,0,0,1.41372e-05,-0.128679,0.00118466,99.0833,99.2233,102.462,1.72071,nan,0.285829,0.291984,0.291257,0.280077,0.279952,0.291984,0.279952,0.291257,0.280077,1,0,0.032602,0,0.00160019,-0.0439826,0.000374592,0.00392782,-0.0977064,0,0,0,0.00259717,0.119912,0.00325697,-0.430406,-0.028257,10.4601,10.469,0,27.2197
2.68,hover,-0.00541923,0.509065,-0.00162671,0.0329117,0,0,-0.000400959,-0.127994,0.00131444,99.0786,99.2186,102.479,1.72785,nan,0.286065,0.290632,0.292974,0.279623,0.280985,0.290632,0.280985,0.292974,0.279623,1,0,0.0327989,0,-0.00259886,-0.043578,-0.0016278,0.00505853,-0.0983046,0,0,0,0.0142831,0.114822,-0.00770443,-0.432037,0.0364602,10.5395,10.5484,0,27.2827
2.69,hover,-0.00544094,0.510342,-0.00129719,0.0332615,0,0,-0.00093595,-0.127565,0.00241888,99.0737,99.2137,102.496,1.73502,nan,0.286302,0.291957,0.292522,0.280562,0.280119,0.291957,0.280119,0.292522,0.280562,1,0,0.0332681,0,-0.00267535,-0.0450909,-5.36726e-05,0.00363969,-0.0997332,0,0,0,0.00354914,0.135711,0.00412081,-0.309,-0.0797636,10.526,10.5308,0,27.3359
2.7,hover,-0.00546678,0.511616,-0.00152362,0.0334045,0,0,-0.00143851,-0.127193,0.00185045,99.0689,99.2089,102.514,1.74221,nan,0.286539,0.292765,0.292399,0.280577,0.280368,0.292765,0.280368,0.292399,0.280577,1,0,0.0334539,0,0.00041798,-0.0458883,0.000252726,0.00439245,-0.100267,0,0,0,0.00502196,0.119163,-0.0012937,-0.296564,-0.0579293,10.5088,10.5131,0,27.4007
2.71,hover,-0.00549588,0.512886,-0.00163301,0.0337429,0,0,-0.0017974,-0.126815,0.00219763,99.0639,99.2039,102.531,1.74944,nan,0.286777,0.292196,0.293152,0.280618,0.281093,0.292196,0.281093,0.293152,0.280618,1,0,0.0336883,0,-0.00127636,-0.0447891,-0.000628774,0.00461126,-0.101005,0,0,0,0.00910189,0.133111,0.00190823,-0.359208,-0.0971991,10.5075,10.5141,0,27.4541
2.72,hover,-0.00552924,0.514152,-0.00174749,0.0339167,0,0,-0.00208031,-0.126409,0.00145387,99.059,99.199,102.548,1.7567,nan,0.287014,0.29256,0.293033,0.280681,0.281736,0.29256,0.281736,0.293033,0.280681,1,0,0.0338507,0,0.00154173,-0.0439152,-0.000671542,0.00498887,-0.101413,0,0,0,0.00198703,0.115803,0.00196734,-0.385677,-0.0660116,10.5072,10.5144,0,27.5167
2.73,hover,-0.0055609,0.515414,-0.00165854,0.033964,0,0,-0.0023067,-0.12594,0.00114514,99.054,99.194,102.566,1.764,nan,0.287252,0.292738,0.293643,0.280693,0.281886,0.292738,0.281886,0.293643,0.280693,1,0,0.0339561,0,0.000766121,-0.0451007,-0.000922247,0.00528585,-0.101737,0,0,0,0.00925482,0.120022,-0.000980224,-0.345888,0.11471,10.5859,10.5922,0,27.5863
2.74,hover,-0.00559981,0.516671,-0.00190978,0.0345357,0,0,-0.00254843,-0.125459,0.00278655,99.0489,99.1889,102.584,1.77137,nan,0.28749,0.293499,0.293168,0.281782,0.281463,0.293499,0.281463,0.293168,0.281782,1,0,0.0345271,0,3.1195e-05,-0.0443827,0.000285584,0.00601177,-0.103482,0,0,0,-0.00324181,0.131568,-0.000418813,-0.35305,0.0227725,10.5711,10.577,0,27.6255
2.75,hover,-0.00564523,0.517923,-0.00179547,0.0347532,0,0,-0.00262777,-0.12482,0.00265849,99.0438,99.1838,102.601,1.77878,nan,0.287728,0.293392,0.293977,0.28144,0.282054,0.293392,0.282054,0.293977,0.28144,1,0,0.0346581,0,7.72323e-05,-0.0452381,-0.000526886,0.00559023,-0.103855,0,0,0,0.00235069,0.118919,0.00339157,-0.392609,0.00566492,10.5374,10.5447,0,27.6848
2.76,hover,-0.00569136,0.519167,-0.00173452,0.0352542,0,0,-0.00253458,-0.124046,0.0027742,99.0386,99.1786,102.619,1.78621,nan,0.287966,0.294814,0.292849,0.283312,0.28084,0.294814,0.28084,0.292849,0.283312,1,0,0.0352853,0,-0.00134433,-0.044549,0.00194952,0.00548243,-0.105734,0,0,0,0.0122544,0.111655,-0.00303411,-0.320386,0.074644,10.5471,10.5522,0,27.7274
2.77,hover,-0.0057312,0.520403,-0.00183033,0.035448,0,0,-0.00233592,-0.123188,0.00108559,99.0334,99.1734,102.637,1.79369,nan,0.288204,0.294589,0.293627,0.282655,0.281897,0.294589,0.281897,0.293627,0.282655,1,0,0.035521,0,0.000541286,-0.0448395,0.000756007,0.00549109,-0.106465,0,0,0,0.00538327,0.115496,0.000572903,-0.273293,-0.0212963,10.6115,10.615,0,27.7872
2.78,hover,-0.00576417,0.521631,-0.00184252,0.0358611,0,0,-0.00198184,-0.122227,0.00154274,99.0281,99.1681,102.655,1.80122,nan,0.288442,0.294986,0.293997,0.282659,0.282079,0.294986,0.282079,0.293997,0.282659,1,0,0.0359215,0,0.00108512,-0.0459397,0.00069016,0.00570566,-0.10764,0,0,0,0.00938098,0.125088,0.00760948,-0.330873,0.0129056,10.6009,10.606,0,27.8338
2.79,hover,-0.00579213,0.522848,-0.00175565,0.0359552,0,0,-0.00160145,-0.121177,0.00106209,99.0228,99.1628,102.673,1.80878,nan,0.288681,0.295305,0.294438,0.282655,0.282277,0.295305,0.282277,0.294438,0.282655,1,0,0.0360276,0,0.0012965,-0.0470107,0.000547456,0.00523912,-0.107975,0,0,0,-0.00551019,0.122709,0.00195092,-0.224945,-0.0274089,10.5835,10.5859,0,27.8982
2.8,hover,-0.00581511,0.524054,-0.00160655,0.0361862,0,0,-0.00121964,-0.119913,0.000651597,99.0175,99.1575,102.691,1.81636,nan,0.288919,0.295005,0.294759,0.283257,0.282608,0.295005,0.282608,0.294759,0.283257,1,0,0.0362124,0,-0.00106663,-0.0452845,0.00039321,0.00506583,-0.10856,0,0,0,0.0149807,0.126578,0.00249129,-0.274125,0.106757,10.5791,10.5832,0,27.9541
2.81,hover,-0.00583478,0.525247,-0.00154435,0.0362662,0,0,-0.00089564,-0.118698,0.00160869,99.0121,99.1521,102.71,1.82398,nan,0.289158,0.294473,0.296027,0.28254,0.283544,0.294473,0.283544,0.296027,0.28254,1,0,0.0363045,0,-0.00145746,-0.0462653,-0.00112433,0.00487893,-0.108807,0,0,0,0.00648469,0.111422,-0.0116689,-0.291351,0.109242,10.6749,10.6794,0,28.0179
2.82,hover,-0.0058593,0.526428,-0.00159999,0.0368328,0,0,-0.000643014,-0.117405,0.00255597,99.0066,99.1466,102.728,1.83164,nan,0.289397,0.295938,0.295241,0.283778,0.282582,0.295938,0.282582,0.295241,0.283778,1,0,0.0368714,0,-0.00132253,-0.0470251,0.00083224,0.00506255,-0.110468,0,0,0,0.00458017,0.117573,9.09696e-05,-0.2641,0.201321,10.695,10.7001,0,28.0531
2.83,hover,-0.00588243,0.527595,-0.00143092,0.0370453,0,0,-0.000300363,-0.116018,0.00298771,99.0011,99.1411,102.746,1.83934,nan,0.289636,0.296191,0.295318,0.284193,0.282793,0.296191,0.282793,0.295318,0.284193,1,0,0.0370842,0,-0.00139805,-0.0464657,0.00099898,0.00441827,-0.111213,0,0,0,-0.00319239,0.12369,-0.00167688,-0.31008,0.02633,10.6606,10.6652,0,28.1078
2.84,hover,-0.00590262,0.528748,-0.00143297,0.0372726,0,0,-9.39395e-05,-0.114576,0.00280782,98.9956,99.1356,102.765,1.8471,nan,0.289875,0.295818,0.296027,0.283578,0.284031,0.295818,0.284031,0.296027,0.283578,1,0,0.0373341,0,0.000648348,-0.0459221,-0.00029117,0.00435278,-0.111937,0,0,0,0.0054912,0.113445,-0.00117648,-0.175301,0.0202731,10.5926,10.5941,0,28.1609
2.85,hover,-0.00592309,0.529887,-0.00164162,0.0373092,0,0,0.000141499,-0.113095,0.00294731,98.99,99.13,102.783,1.8549,nan,0.290115,0.295676,0.296503,0.284239,0.283993,0.295676,0.283993,0.296503,0.284239,1,0,0.0373915,0,-0.00284432,-0.0453741,-0.000255686,0.00500746,-0.112042,0,0,0,0.00568562,0.112779,0.00391074,-0.295423,0.00850155,10.5604,10.5646,0,28.224
2.86,hover,-0.00594115,0.531011,-0.00184053,0.038029,0,0,9.48903e-05,-0.11158,0.00239368,98.9844,99.1244,102.802,1.86273,nan,0.290354,0.29491,0.29766,0.283674,0.285125,0.29491,0.285125,0.29766,0.283674,1,0,0.0381115,0,-0.003445,-0.0450421,-0.00184659,0.00545245,-0.114203,0,0,0,0.0103188,0.110404,0.000513609,-0.28711,-0.0528123,10.6452,10.6492,0,28.2471
2.87,hover,-0.00596032,0.532119,-0.0015169,0.0384212,0,0,-0.000122827,-0.110073,0.00249479,98.9787,99.1187,102.82,1.87061,nan,0.290593,0.296588,0.296458,0.284549,0.284732,0.296588,0.284732,0.296458,0.284549,1,0,0.0384851,0,0.000831545,-0.0450288,-2.34812e-05,0.00448402,-0.115396,0,0,0,0.0143132,0.0987378,-0.00495211,-0.253037,-0.0611799,10.5523,10.5555,0,28.2882
2.88,hover,-0.00597855,0.533213,-0.0014652,0.0392425,0,0,-0.000270847,-0.108614,0.00205211,98.973,99.113,102.839,1.87851,nan,0.290833,0.297284,0.296453,0.284947,0.284601,0.297284,0.284601,0.296453,0.284947,1,0,0.0393186,0,0.00128612,-0.0458337,0.000517098,0.00432258,-0.117845,0,0,0,-0.00264645,0.111452,0.00122668,-0.26717,-0.0494002,10.6115,10.6149,0,28.3038
2.89,hover,-0.00599565,0.534292,-0.00100552,0.0397521,0,0,-0.000298736,-0.107094,0.00137241,98.9672,99.1072,102.858,1.88644,nan,0.291072,0.297727,0.297049,0.285083,0.284384,0.297727,0.284384,0.297049,0.285083,1,0,0.0398008,0,-5.58705e-05,-0.0479546,0.000605243,0.00314301,-0.119353,0,0,0,0.00389531,0.112546,0.00868356,-0.359992,0.0165777,10.6084,10.6145,0,28.3365
2.9,hover,-0.00600854,0.535355,-0.00150083,0.0402135,0,0,-0.00041333,-0.105486,0.00105482,98.9613,99.1013,102.877,1.89441,nan,0.291312,0.298716,0.295744,0.287098,0.283641,0.298716,0.283641,0.295744,0.287098,1,0,0.0402891,0,-0.00128683,-0.0449462,0.00282527,0.00443747,-0.120787,0,0,0,-0.000190783,0.0925956,-0.00206761,-0.318186,-0.0394758,10.6856,10.6904,0,28.3709
2.91,hover,-0.00602105,0.536401,-0.00141548,0.0402768,0,0,-0.000555788,-0.103654,0.000584097,98.9555,99.0955,102.896,1.90244,nan,0.291552,0.29842,0.296984,0.286698,0.284056,0.29842,0.284056,0.296984,0.286698,1,0,0.0403246,0,-0.00319869,-0.0467059,0.00179286,0.00412524,-0.120935,0,0,0,-0.00181589,0.10934,0.0046726,-0.31072,-0.0638839,10.6131,10.6178,0,28.4273
2.92,hover,-0.00603238,0.537427,-0.00175749,0.0403084,0,0,-0.000776994,-0.101283,0.000573701,98.9495,99.0895,102.915,1.9105,nan,0.291793,0.297659,0.2979,0.285533,0.286031,0.297659,0.286031,0.2979,0.285533,1,0,0.0403186,0,0.000681019,-0.0454661,-0.000325276,0.0049882,-0.120887,0,0,0,-0.0014683,0.0936386,0.00313543,-0.422904,-0.0262475,10.5735,10.582,0,28.4842
2.93,hover,-0.0060468,0.538426,-0.00196376,0.0404193,0,0,-0.000881651,-0.0983177,0.000739017,98.9436,99.0836,102.934,1.91857,nan,0.292035,0.299709,0.296347,0.287336,0.284699,0.299709,0.284699,0.296347,0.287336,1,0,0.0404544,0,0.00192412,-0.0455163,0.00263687,0.00561424,-0.121237,0,0,0,-0.000418755,0.0918689,-0.00262462,-0.404831,-0.0734604,10.6202,10.6282,0,28.535
2.94,hover,-0.00606142,0.539393,-0.00218618,0.0404113,0,0,-0.000856085,-0.094914,0.000699156,98.9375,99.0775,102.953,1.92667,nan,0.292278,0.298559,0.297717,0.286619,0.286167,0.298559,0.286167,0.297717,0.286619,1,0,0.0404957,0,0.00103373,-0.0445093,0.000568484,0.00637323,-0.121324,0,0,0,0.00589934,0.0889569,0.00478743,-0.355213,-0.084466,10.6394,10.6456,0,28.5909
2.95,hover,-0.0060777,0.540325,-0.00232504,0.0406855,0,0,-0.00072821,-0.0912587,0.0012868,98.9315,99.0715,102.973,1.93479,nan,0.292522,0.299313,0.297226,0.286955,0.286543,0.299313,0.286543,0.297226,0.286955,1,0,0.0407598,0,0.00444193,-0.0436564,0.0010983,0.00673558,-0.122092,0,0,0,0.00707763,0.0855006,-0.0015551,-0.399317,-0.0665102,10.5429,10.5507,0,28.6286
2.96,hover,-0.00609485,0.54122,-0.00245072,0.0411794,0,0,-0.000354192,-0.0874436,0.00181798,98.9253,99.0653,102.992,1.94293,nan,0.292766,0.298334,0.298582,0.286829,0.28727,0.298334,0.28727,0.298582,0.286829,1,0,0.0411034,0,0.000510665,-0.0432335,-0.000302426,0.00723504,-0.123127,0,0,0,-0.00157453,0.0824121,0.00194067,-0.561496,-0.075509,10.5931,10.6082,0,28.6515
2.97,hover,-0.00611121,0.542075,-0.00214605,0.041619,0,0,-3.48179e-05,-0.0835981,0.00213102,98.9192,99.0592,103.011,1.95109,nan,0.293011,0.299041,0.298497,0.287747,0.28671,0.299041,0.28671,0.298497,0.287747,1,0,0.0416509,0,-0.00130781,-0.0437337,0.000694599,0.00616035,-0.124824,0,0,0,0.00791229,0.0786557,-0.00572149,-0.415995,-0.108922,10.6767,10.6854,0,28.6754
2.98,hover,-0.0061217,0.542894,-0.00215127,0.0418862,0,0,0.000227037,-0.0800185,0.00106095,98.913,99.053,103.031,1.95927,nan,0.293258,0.298408,0.299582,0.287229,0.287762,0.298408,0.287762,0.299582,0.287229,1,0,0.0418109,0,-0.0016981,-0.043579,-0.000750644,0.00637358,-0.125261,0,0,0,0.00510923,0.0673164,0.0102254,-0.532174,-0.0484591,10.621,10.6344,0,28.707
2.99,hover,-0.00613063,0.543678,-0.00222418,0.0423658,0,0,0.000479504,-0.0767155,0.00185381,98.9067,99.0467,103.051,1.96747,nan,0.293506,0.300702,0.297438,0.289386,0.286447,0.300702,0.286447,0.297438,0.289386,1,0,0.0423379,0,0.000860727,-0.0422671,0.00272697,0.00642098,-0.126841,0,0,0,0.00796438,0.0631237,-0.00476853,-0.510934,-0.127362,10.6233,10.6364,0,28.7244
3,hover,-0.00613566,0.544431,-0.00221047,0.0426616,0,0,0.000788556,-0.0738528,0.00121855,98.9004,99.0404,103.07,1.97568,nan,0.293755,0.299367,0.29979,0.287874,0.287939,0.299367,0.287939,0.29979,0.287874,1,0,0.0426186,0,-0.000947711,-0.0442304,-0.000214655,0.00640812,-0.127673,0,0,0,0.0135561,0.0809752,0.000145628,-0.485174,-0.0612577,10.7095,10.7207,0,28.7506
3.01,hover,-0.00613536,0.545158,-0.0023073,0.043069,0,0,0.0010565,-0.0713754,0.00160396,98.894,99.034,103.09,1.9839,nan,0.294005,0.298825,0.300249,0.28757,0.289326,0.298825,0.289326,0.300249,0.28757,1,0,0.0429918,0,0.000883458,-0.0420219,-0.00139766,0.00690862,-0.128793,0,0,0,0.00864539,0.0700253,0.000783776,-0.556362,-0.031696,10.5853,10.6,0,28.7689
3.02,hover,-0.00613664,0.545861,-0.00238409,0.0434223,0,0,0.00133374,-0.0692939,0.00141608,98.8876,99.0276,103.11,1.99214,nan,0.294256,0.299045,0.300762,0.287879,0.289288,0.299045,0.289288,0.300762,0.287879,1,0,0.0433398,0,-0.000816232,-0.0428976,-0.00137371,0.00707076,-0.129861,0,0,0,0.000737658,0.0707443,-0.0072229,-0.571853,-0.054486,10.6518,10.6673,0,28.789
3.03,hover,-0.00613518,0.546545,-0.00206832,0.0437604,0,0,0.00157596,-0.067422,0.00175494,98.8811,99.0211,103.13,2.00042,nan,0.294508,0.300219,0.300517,0.288039,0.289207,0.300219,0.289207,0.300517,0.288039,1,0,0.0437668,0,0.00231124,-0.0445096,-0.000644316,0.00650619,-0.131136,0,0,0,0.00473316,0.0656635,0.0110248,-0.467669,0.00568383,10.6114,10.6217,0,28.8088
3.04,hover,-0.00613088,0.547211,-0.00227618,0.0439754,0,0,0.00182548,-0.0657078,0.00160026,98.8746,99.0146,103.15,2.00871,nan,0.294761,0.300523,0.300411,0.289411,0.288646,0.300523,0.288646,0.300411,0.289411,1,0,0.0440546,0,-0.00173086,-0.0433462,0.000385435,0.00657094,-0.131988,0,0,0,0.00175969,0.0569177,0.00133461,-0.408368,-0.118911,10.6158,10.6243,0,28.8346
3.05,hover,-0.00612624,0.54786,-0.00255867,0.0440481,0,0,0.00204086,-0.0641509,0.0027715,98.868,99.008,103.17,2.01697,nan,0.295014,0.299914,0.301248,0.288844,0.289998,0.299914,0.289998,0.301248,0.288844,1,0,0.0441249,0,-0.000477847,-0.0422921,-0.001094,0.00798106,-0.132107,0,0,0,0.0102973,0.0555467,0.00715893,-0.448405,0.0787865,10.6403,10.6501,0,28.8676
3.06,hover,-0.00612428,0.548495,-0.00247315,0.0443478,0,0,0.00223985,-0.0629034,0.00229297,98.8614,99.0014,103.19,2.02523,nan,0.295267,0.301148,0.301092,0.2897,0.289077,0.301148,0.289077,0.301092,0.2897,1,0,0.0443674,0,-0.00150315,-0.0444592,0.000298435,0.00773061,-0.132871,0,0,0,0.0157738,0.0642988,0.00221145,-0.492164,0.0869172,10.5292,10.5411,0,28.8869
3.07,hover,-0.00611614,0.549119,-0.00238491,0.0445871,0,0,0.00238484,-0.0618551,0.00251059,98.8547,98.9947,103.211,2.03347,nan,0.295521,0.300311,0.302438,0.289139,0.290145,0.300311,0.290145,0.302438,0.289139,1,0,0.044678,0,-0.00297297,-0.0444621,-0.00137676,0.0074177,-0.133816,0,0,0,0.00254296,0.049734,-0.0090729,-0.41498,0.0849625,10.6177,10.6261,0,28.9089
3.08,hover,-0.00610653,0.549732,-0.00235752,0.0451665,0,0,0.00249733,-0.0608274,0.00124823,98.848,98.988,103.231,2.04174,nan,0.295775,0.300106,0.30269,0.288705,0.291547,0.300106,0.291547,0.30269,0.288705,1,0,0.0452191,0,0.000682765,-0.0427159,-0.00238516,0.00733218,-0.135511,0,0,0,-0.00675209,0.0645302,0.00281304,-0.45255,0.0374111,10.6237,10.6334,0,28.9108
3.09,hover,-0.00609541,0.550336,-0.0021022,0.0454371,0,0,0.00259712,-0.0598862,0.00187619,98.8412,98.9812,103.251,2.05001,nan,0.296029,0.302774,0.300825,0.291645,0.288822,0.302774,0.288822,0.300825,0.291645,1,0,0.0455082,0,-0.00232144,-0.0438292,0.00209732,0.00654974,-0.136365,0,0,0,-0.00127744,0.06687,0.00198854,-0.448815,0.0326413,10.6852,10.6947,0,28.9299
3.1,hover,-0.00607925,0.550931,-0.00244318,0.0457009,0,0,0.00259195,-0.059081,0.00089488,98.8344,98.9744,103.272,2.05828,nan,0.296283,0.301585,0.302382,0.290098,0.291017,0.301585,0.291017,0.302382,0.290098,1,0,0.0458267,0,0.000322111,-0.0433012,-0.000754106,0.00730051,-0.137304,0,0,0,5.28758e-05,0.0569217,0.00302564,-0.364103,-0.0346911,10.4863,10.4927,0,28.9489
3.11,hover,-0.0060612,0.551519,-0.00214592,0.0459272,0,0,0.00258446,-0.0586603,0.000378442,98.8275,98.9675,103.293,2.06654,nan,0.296537,0.30237,0.302148,0.290986,0.290593,0.30237,0.290593,0.302148,0.290986,1,0,0.045998,0,-0.000455618,-0.043464,0.000270609,0.00669996,-0.137844,0,0,0,0.00855689,0.0564713,0.00195639,-0.413132,0.0954137,10.6061,10.6146,0,28.9696
3.12,hover,-0.00604155,0.552106,-0.00207354,0.0465276,0,0,0.00248029,-0.0587115,0.00105863,98.8206,98.9606,103.313,2.07481,nan,0.296789,0.30175,0.303307,0.290672,0.291379,0.30175,0.291379,0.303307,0.290672,1,0,0.0466262,0,-0.00225607,-0.0435913,-0.000994817,0.00643117,-0.139712,0,0,0,0.0196766,0.0620991,1.73669e-05,-0.414597,0.0405777,10.6139,10.6221,0,28.9688
3.13,hover,-0.0060269,0.552694,-0.00185312,0.0473052,0,0,0.00231298,-0.0591532,0.00150601,98.8136,98.9536,103.334,2.08306,nan,0.297042,0.302252,0.303721,0.290802,0.291341,0.302252,0.291341,0.303721,0.290802,1,0,0.0472207,0,-0.00246542,-0.0451541,-0.000882527,0.0057186,-0.141568,0,0,0,0.00512878,0.0526043,-0.000415843,-0.553157,0.0138245,10.5345,10.549,0,28.958
3.14,hover,-0.00601747,0.553288,-0.00201445,0.0475692,0,0,0.00204551,-0.059735,0.00178423,98.8066,98.9466,103.355,2.0913,nan,0.297294,0.304071,0.30253,0.292357,0.290167,0.304071,0.290167,0.30253,0.292357,1,0,0.047663,0,-0.00172125,-0.0456219,0.00163985,0.00588573,-0.142857,0,0,0,0.00207538,0.0625865,-0.00248031,-0.360939,-0.106401,10.5435,10.5502,0,28.9769
3.15,hover,-0.00600976,0.553888,-0.00193467,0.0479713,0,0,0.00164129,-0.0602946,0.00154523,98.7995,98.9395,103.376,2.09953,nan,0.297545,0.303573,0.303001,0.292096,0.29146,0.303573,0.29146,0.303001,0.292096,1,0,0.0480714,0,-0.000167709,-0.0436161,0.000531151,0.00577668,-0.144118,0,0,0,0.00582435,0.0536561,-0.00228356,-0.47192,-0.0244645,10.6191,10.6297,0,28.9883
3.16,hover,-0.00600658,0.554494,-0.00208012,0.048382,0,0,0.00115994,-0.0608952,0.00105932,98.7924,98.9324,103.397,2.10777,nan,0.297796,0.303353,0.303782,0.291851,0.292147,0.303353,0.292147,0.303782,0.291851,1,0,0.0483089,0,-0.000350899,-0.0438384,-0.000318589,0.0060899,-0.144797,0,0,0,0.0122004,0.0558217,0.0040213,-0.578794,-0.0625914,10.6793,10.6952,0,28.9994
3.17,hover,-0.00600737,0.555105,-0.00220447,0.0489674,0,0,0.000704886,-0.0612594,0.000634958,98.7852,98.9252,103.418,2.11603,nan,0.298046,0.304392,0.303309,0.29244,0.291993,0.304392,0.291993,0.303309,0.29244,1,0,0.0489415,0,0.00168473,-0.044088,0.00067273,0.00632996,-0.146703,0,0,0,0.0057212,0.0629006,-0.00185532,-0.558986,-0.146815,10.6112,10.6269,0,29.0009
3.18,hover,-0.00601018,0.555718,-0.00220281,0.0491493,0,0,0.000296322,-0.0612915,0.00101442,98.778,98.918,103.439,2.12429,nan,0.298295,0.304281,0.30436,0.291812,0.292678,0.304281,0.292678,0.30436,0.291812,1,0,0.0491312,0,0.00208661,-0.0457616,-0.00041553,0.00634209,-0.147222,0,0,0,0.0117474,0.0662043,0.0061079,-0.555179,-0.101804,10.6539,10.6688,0,29.0256
3.19,hover,-0.00601569,0.556329,-0.00195747,0.049902,0,0,0.000110955,-0.0609535,0.000448016,98.7707,98.9107,103.461,2.13257,nan,0.298543,0.301836,0.30757,0.289149,0.295567,0.301836,0.295567,0.30757,0.289149,1,0,0.0499016,0,0.00181434,-0.0467832,-0.00534112,0.00558102,-0.149609,0,0,0,0.00959581,0.0540672,-0.00258918,-0.53008,-0.100139,10.6142,10.6279,0,29.0175
3.2,hover,-0.00602785,0.556936,-0.00178105,0.0504369,0,0,6.76882e-05,-0.0602364,0.00202755,98.7634,98.9034,103.482,2.14089,nan,0.29879,0.30582,0.304004,0.293494,0.291793,0.30582,0.291793,0.304004,0.293494,1,0,0.0503298,0,0.000305462,-0.0464922,0.00154548,0.00537184,-0.150916,0,0,0,0.0176073,0.0531575,0.00163872,-0.621926,-0.0170471,10.6597,10.6778,0,29.0216
3.21,hover,-0.00603799,0.557533,-0.00180041,0.0509977,0,0,0.000109642,-0.0592116,0.000976406,98.756,98.896,103.503,2.14922,nan,0.299036,0.305694,0.304453,0.293787,0.292162,0.305694,0.292162,0.304453,0.293787,1,0,0.0508999,0,-0.00101929,-0.0458494,0.00125961,0.00530744,-0.152615,0,0,0,0.0153794,0.0559198,0.00850459,-0.613584,-0.0486807,10.5927,10.6106,0,29.0237
3.22,hover,-0.00604219,0.558119,-0.00176324,0.0517865,0,0,0.000213556,-0.0578203,0.000700086,98.7486,98.8886,103.525,2.15757,nan,0.299282,0.305146,0.305333,0.293193,0.293405,0.305146,0.293405,0.305333,0.293193,1,0,0.0516809,0,6.52631e-05,-0.0452486,-0.00017571,0.00539441,-0.15497,0,0,0,0.0083599,0.0594736,0.000249716,-0.650204,0.0156285,10.6176,10.6375,0,29.0121
3.23,hover,-0.00604696,0.558689,-0.00194527,0.0522578,0,0,0.000335219,-0.0561347,0.00101939,98.7411,98.8811,103.547,2.16595,nan,0.299526,0.305808,0.305539,0.29338,0.293328,0.305808,0.293328,0.305539,0.29338,1,0,0.0521951,0,0.000579053,-0.0466856,0.000141198,0.00604868,-0.156453,0,0,0,0.0114047,0.0538605,-0.00026611,-0.587456,0.00785301,10.6348,10.651,0,29.0178
3.24,hover,-0.0060534,0.559241,-0.00159994,0.0528863,0,0,0.000389493,-0.0541601,0.00192956,98.7336,98.8736,103.568,2.17436,nan,0.29977,0.305194,0.306173,0.293427,0.294236,0.305194,0.294236,0.306173,0.293427,1,0,0.0528082,0,-0.000450893,-0.0449156,-0.000785476,0.00502676,-0.158347,0,0,0,0.0155969,0.0521333,-0.000237723,-0.668356,0.0888844,10.5626,10.5841,0,29.0134
3.25,hover,-0.00606367,0.559773,-0.0015433,0.0530897,0,0,0.000371319,-0.0521353,0.0017312,98.7261,98.8661,103.59,2.18279,nan,0.300012,0.305686,0.30638,0.293329,0.294607,0.305686,0.294607,0.30638,0.293329,1,0,0.0531413,0,0.00155102,-0.0457226,-0.00086658,0.00484703,-0.159379,0,0,0,0.00482449,0.0538703,0.000584728,-0.511856,0.0349677,10.5804,10.5928,0,29.0323
3.26,hover,-0.00607569,0.560285,-0.00189254,0.0538984,0,0,0.000398399,-0.0500089,0.002746,98.7184,98.8584,103.612,2.19126,nan,0.300254,0.305876,0.30705,0.29339,0.294652,0.305876,0.294652,0.30705,0.29339,1,0,0.05385,0,0.000233595,-0.0471496,-0.00107074,0.00542215,-0.161473,0,0,0,0.00846861,0.0379159,0.00367173,-0.60582,-0.072638,10.6934,10.7108,0,29.0152
3.27,hover,-0.00609147,0.560774,-0.00143879,0.0540663,0,0,0.000415918,-0.0476842,0.00264332,98.7108,98.8508,103.634,2.19976,nan,0.300495,0.307016,0.306076,0.295298,0.293541,0.307016,0.293541,0.306076,0.295298,1,0,0.0540798,0,-0.00216625,-0.0459531,0.0011856,0.00459576,-0.162208,0,0,0,0.00399505,0.0561212,0.00333505,-0.557457,0.042291,10.7415,10.7561,0,29.0336
3.28,hover,-0.00610468,0.561239,-0.00134607,0.0546772,0,0,0.000284604,-0.045373,0.00223516,98.7031,98.8431,103.656,2.20829,nan,0.300735,0.306842,0.307261,0.294092,0.294695,0.306842,0.294695,0.307261,0.294092,1,0,0.0545714,0,0.00048721,-0.0479695,-0.000448974,0.00407997,-0.163651,0,0,0,0.00429644,0.0425964,-0.00429566,-0.627564,-0.00852189,10.6765,10.6949,0,29.0253
3.29,hover,-0.00611634,0.561681,-0.00141337,0.0547424,0,0,0.000129259,-0.0429937,0.0016896,98.6953,98.8353,103.678,2.21683,nan,0.300973,0.307334,0.306763,0.29504,0.294709,0.307334,0.294709,0.306763,0.29504,1,0,0.0548198,0,0.000636655,-0.0461349,0.000396153,0.00431047,-0.16442,0,0,0,0.00541844,0.0525772,0.00651848,-0.493244,0.00496367,10.6124,10.6239,0,29.0469
3.3,hover,-0.00612835,0.5621,-0.00113475,0.0548226,0,0,4.98746e-07,-0.040661,0.00203953,98.6875,98.8275,103.7,2.2254,nan,0.301211,0.30734,0.306837,0.295569,0.295049,0.30734,0.295049,0.306837,0.295569,1,0,0.0549155,0,-4.59623e-05,-0.0446399,0.000449749,0.00340319,-0.164695,0,0,0,0.00343719,0.0345632,0.00562625,-0.444,-0.0133604,10.6089,10.6182,0,29.0664
3.31,hover,-0.00613983,0.562496,-0.0013384,0.0552036,0,0,2.5417e-05,-0.0384441,0.00126029,98.6796,98.8196,103.722,2.23399,nan,0.301447,0.307324,0.308017,0.294881,0.295519,0.307324,0.295519,0.308017,0.294881,1,0,0.0552919,0,-0.000144558,-0.0472599,-0.000584897,0.00402753,-0.165842,0,0,0,0.00434428,0.0310071,0.000376062,-0.507362,-0.0114938,10.6149,10.627,0,29.0672
3.32,hover,-0.00614986,0.56287,-0.00142637,0.0556573,0,0,0.000107944,-0.0362707,0.00180391,98.6717,98.8117,103.745,2.24259,nan,0.301682,0.306979,0.308528,0.294687,0.296487,0.306979,0.296487,0.308528,0.294687,1,0,0.0556958,0,0.000664546,-0.0461061,-0.00147215,0.0040059,-0.167036,0,0,0,0.00351129,0.0256668,-0.00496513,-0.569417,-0.069755,10.6687,10.6842,0,29.0626
3.33,hover,-0.00616229,0.563222,-0.00144899,0.0558836,0,0,9.45655e-05,-0.0340873,0.00140194,98.6638,98.8038,103.767,2.25122,nan,0.301915,0.308399,0.307641,0.295759,0.295815,0.308399,0.295815,0.307641,0.295759,1,0,0.0559521,0,0.00215942,-0.0463586,0.000308577,0.00414485,-0.167824,0,0,0,0.00227109,0.0190702,-0.00680698,-0.509868,-0.0907622,10.6252,10.6378,0,29.0698
3.34,hover,-0.00617355,0.563552,-0.00184632,0.0564647,0,0,0.000179201,-0.0318836,0.00158329,98.6558,98.7958,103.79,2.25987,nan,0.302147,0.307581,0.308346,0.296076,0.29654,0.307581,0.29654,0.308346,0.296076,1,0,0.056419,0,-0.000798564,-0.0441699,-0.000539585,0.00529365,-0.169154,0,0,0,-0.000727781,0.0232685,0.00273946,-0.701764,-0.146837,10.6868,10.7109,0,29.0554
3.35,hover,-0.00618417,0.563861,-0.00163972,0.056613,0,0,0.000110644,-0.029817,0.00178762,98.6477,98.7877,103.813,2.26855,nan,0.302378,0.308288,0.308221,0.296955,0.296002,0.308288,0.296002,0.308221,0.296955,1,0,0.0566467,0,-0.00235105,-0.0446253,0.000448352,0.00462078,-0.169843,0,0,0,0.00116541,0.0200509,0.00604153,-0.597929,-0.0633316,10.7078,10.7246,0,29.0646
3.36,hover,-0.00619644,0.56415,-0.0015394,0.0571352,0,0,-0.000132195,-0.0278422,0.00210191,98.6396,98.7796,103.835,2.27727,nan,0.302607,0.308385,0.308602,0.296112,0.297283,0.308385,0.297283,0.308602,0.296112,1,0,0.0570745,0,0.00252915,-0.0447036,-0.00060974,0.00439577,-0.171155,0,0,0,0.00775326,0.0218973,-0.00533559,-0.623227,-0.0307378,10.6847,10.7029,0,29.0513
3.37,hover,-0.00621407,0.564419,-0.00178901,0.0571404,0,0,-0.000357006,-0.0258922,0.00261345,98.6315,98.7715,103.858,2.28601,nan,0.302835,0.308674,0.308596,0.296875,0.297148,0.308674,0.297148,0.308596,0.296875,1,0,0.0571496,0,0.000933793,-0.0440485,-8.57716e-05,0.00506895,-0.171358,0,0,0,0.00518369,0.0100989,-0.00184452,-0.626144,-0.153905,10.7529,10.7722,0,29.0664
3.38,hover,-0.00623614,0.564668,-0.00182656,0.0580335,0,0,-0.00050328,-0.0239892,0.00248618,98.6233,98.7633,103.881,2.29479,nan,0.303061,0.309917,0.308281,0.29758,0.296421,0.309917,0.296421,0.308281,0.29758,1,0,0.0579575,0,0.00126335,-0.0458503,0.00122828,0.00539016,-0.173762,0,0,0,0.00923541,0.0206882,0.0124044,-0.720825,-0.0538797,10.6905,10.7149,0,29.0295
3.39,hover,-0.00625248,0.564898,-0.00166477,0.0584879,0,0,-0.000582398,-0.0217931,0.000811173,98.6151,98.7551,103.904,2.30358,nan,0.303286,0.309773,0.309178,0.297236,0.296914,0.309773,0.296914,0.309178,0.297236,1,0,0.0583839,0,0.000723323,-0.0469923,0.000403062,0.00498436,-0.175103,0,0,0,0.00713308,0.024813,0.00180881,-0.725724,-0.0226766,10.6529,10.6776,0,29.0167
3.4,hover,-0.00626486,0.565104,-0.00163389,0.059051,0,0,-0.000695245,-0.0192023,0.00124647,98.6068,98.7468,103.927,2.31237,nan,0.303511,0.308197,0.31024,0.296756,0.298808,0.308197,0.298808,0.31024,0.296756,1,0,0.0589852,0,2.6608e-05,-0.0433409,-0.00179957,0.00469494,-0.176891,0,0,0,0.00167675,0.0103825,0.00535465,-0.677279,-0.0646291,10.588,10.6098,0,28.9962
3.41,hover,-0.00627992,0.565283,-0.00175556,0.0593186,0,0,-0.00079144,-0.0164056,0.000405592,98.5985,98.7385,103.95,2.32114,nan,0.303736,0.309784,0.309631,0.297813,0.297669,0.309784,0.297669,0.309631,0.297813,1,0,0.0592836,0,2.39099e-05,-0.0453507,0.00013033,0.00550874,-0.177745,0,0,0,-0.00117264,0.0138194,-0.000289263,-0.68357,0.0676995,10.5567,10.579,0,28.9911
3.42,hover,-0.00629379,0.565432,-0.0019158,0.0597228,0,0,-0.000731043,-0.0132944,0.00170039,98.5901,98.7301,103.973,2.32988,nan,0.303959,0.309184,0.310585,0.297784,0.298238,0.309184,0.298238,0.310585,0.297784,1,0,0.0596605,0,-0.00251549,-0.0449965,-0.000815442,0.00594595,-0.178882,0,0,0,0.0186048,0.012073,0.0158374,-0.6745,0.00764326,10.6369,10.6583,0,28.9765
3.43,hover,-0.00631302,0.565549,-0.00171278,0.0600814,0,0,-0.000620844,-0.00989914,0.00207451,98.5817,98.7217,103.997,2.33859,nan,0.304181,0.310905,0.309005,0.299363,0.297408,0.310905,0.297408,0.309005,0.299363,1,0,0.0600867,0,-0.00014764,-0.043842,0.00169471,0.00543794,-0.180151,0,0,0,0.00669064,0.0123433,0.00284311,-0.654679,0.0274697,10.7609,10.7808,0,28.9627
3.44,hover,-0.00632835,0.565632,-0.0014087,0.0607859,0,0,-0.00048036,-0.00643413,0.00165722,98.5733,98.7133,104.02,2.34731,nan,0.304402,0.310675,0.309984,0.299491,0.297415,0.310675,0.297415,0.309984,0.299491,1,0,0.060734,0,-0.00367334,-0.0450064,0.00121605,0.00449059,-0.18216,0,0,0,0.00419755,0.0173886,0.00755497,-0.709429,0.0944623,10.6741,10.6981,0,28.9271
3.45,hover,-0.00634031,0.565679,-0.00135156,0.0613759,0,0,-0.000536894,-0.00273092,0.000988253,98.5648,98.7048,104.044,2.35602,nan,0.304622,0.310043,0.310969,0.298434,0.299,0.310043,0.299,0.310969,0.298434,1,0,0.0613978,0,-0.000953267,-0.0446768,-0.000655459,0.00434584,-0.184158,0,0,0,0.00304935,0.00186944,-0.0149009,-0.646902,0.0596964,10.7814,10.801,0,28.896
3.46,hover,-0.00635383,0.565688,-0.00133627,0.0621441,0,0,-0.000565421,0.00110048,0.0016284,98.5563,98.6963,104.067,2.36475,nan,0.30484,0.309394,0.312069,0.297221,0.300634,0.309394,0.300634,0.312069,0.297221,1,0,0.0622464,0,0.00195502,-0.0447326,-0.00267585,0.00389614,-0.18669,0,0,0,-0.000362474,-0.00534158,0.00697628,-0.581695,-0.0449172,10.6414,10.6574,0,28.8525
3.47,hover,-0.00637233,0.565659,-0.00108468,0.0624223,0,0,-0.000657759,0.0048149,0.00171439,98.5477,98.6877,104.091,2.37347,nan,0.305058,0.310652,0.310971,0.299247,0.299318,0.310652,0.299318,0.310971,0.299247,1,0,0.0624147,0,-0.000658884,-0.0436911,-0.000171282,0.00354587,-0.18718,0,0,0,0.00400717,-0.00759539,-0.0191678,-0.683967,0.0617818,10.6699,10.692,0,28.835
3.48,hover,-0.00638861,0.565594,-0.00104354,0.0627066,0,0,-0.000823668,0.00824177,0.00119021,98.539,98.679,104.115,2.38221,nan,0.305274,0.310542,0.311785,0.299171,0.299556,0.310542,0.299556,0.311785,0.299171,1,0,0.0628032,0,-0.00227674,-0.0447151,-0.000715682,0.00306452,-0.188363,0,0,0,0.0108238,0.0098588,0.00967925,-0.641556,-0.0188899,10.6702,10.6895,0,28.815
3.49,hover,-0.00640598,0.565496,-0.00090018,0.0627582,0,0,-0.00114197,0.0112498,0.00108786,98.5304,98.6704,104.139,2.39095,nan,0.30549,0.310979,0.31143,0.299905,0.299602,0.310979,0.299602,0.31143,0.299905,1,0,0.0628564,0,-0.00200048,-0.0433959,-6.46195e-05,0.00252046,-0.188526,0,0,0,-0.00157683,-0.025632,-0.00117444,-0.611882,-0.0482592,10.6039,10.6217,0,28.8065
3.5,hover,-0.00642472,0.565371,-0.000839846,0.0631116,0,0,-0.0015345,0.0138823,0.00129831,98.5217,98.6617,104.163,2.39969,nan,0.305704,0.311443,0.311612,0.299903,0.299815,0.311443,0.299815,0.311612,0.299903,1,0,0.0631969,0,-0.000681842,-0.044218,-3.54933e-05,0.00267475,-0.189586,0,0,0,0.00799656,-0.0145326,0.00228836,-0.658685,-0.00436915,10.5497,10.5703,0,28.7791
3.51,hover,-0.00644954,0.565221,-0.000957025,0.0632414,0,0,-0.001818,0.0162583,0.00137683,98.5129,98.6529,104.187,2.40844,nan,0.305917,0.311613,0.311142,0.300767,0.300104,0.311613,0.300104,0.311142,0.300767,1,0,0.0632233,0,-0.000508299,-0.0414645,0.000498406,0.00259802,-0.189627,0,0,0,0.00816927,-0.0267562,-0.00172716,-0.699464,-0.0725108,10.6723,10.6954,0,28.763
3.52,hover,-0.00647928,0.565048,-0.00127078,0.0635818,0,0,-0.00214816,0.018284,0.00179029,98.5041,98.6441,104.211,2.41722,nan,0.306129,0.312643,0.310856,0.301258,0.299715,0.312643,0.299715,0.310856,0.301258,1,0,0.0635355,0,0.000647329,-0.0426823,0.00146367,0.00360451,-0.190545,0,0,0,0.00111095,-0.0340774,0.000899483,-0.722534,-0.0527248,10.6809,10.7054,0,28.7336
3.53,hover,-0.00651337,0.564857,-0.00149373,0.0639409,0,0,-0.00250217,0.0199916,0.00210508,98.4953,98.6353,104.235,2.42598,nan,0.306339,0.313451,0.310401,0.301639,0.299823,0.313451,0.299823,0.310401,0.301639,1,0,0.0639135,0,0.00327102,-0.0424236,0.00213876,0.00423011,-0.191669,0,0,0,0.00698398,-0.0231296,0.0160998,-0.75617,-0.12497,10.7709,10.7981,0,28.702
3.54,hover,-0.0065487,0.564649,-0.00152272,0.0643917,0,0,-0.00269855,0.0215679,0.00176992,98.4864,98.6264,104.259,2.43474,nan,0.306548,0.313011,0.311412,0.301195,0.300531,0.313011,0.300531,0.311412,0.301195,1,0,0.0643559,0,0.00248114,-0.0430057,0.000994756,0.00432287,-0.193008,0,0,0,0.00541054,-0.0248093,0.00228918,-0.754427,-0.108828,10.7014,10.7285,0,28.6643
3.55,hover,-0.00658302,0.564426,-0.00135621,0.0649227,0,0,-0.00276086,0.0230572,0.00117268,98.4775,98.6175,104.284,2.4435,nan,0.306754,0.312228,0.312431,0.301057,0.301261,0.312228,0.301261,0.312431,0.301057,1,0,0.0648542,0,3.04165e-06,-0.0423316,-0.000179339,0.00395115,-0.19451,0,0,0,0.00488379,-0.0340826,0.00533396,-0.791469,-0.0552961,10.7186,10.748,0,28.6212
3.56,hover,-0.00661822,0.564189,-0.00107904,0.0656087,0,0,-0.00281645,0.0243581,0.00148106,98.4685,98.6085,104.308,2.45222,nan,0.306959,0.312502,0.312627,0.301049,0.301619,0.312502,0.301619,0.312627,0.301049,1,0,0.0655346,0,0.00117886,-0.0425602,-0.000305315,0.0031982,-0.196546,0,0,0,0.00308611,-0.0348033,0.00635345,-0.866096,-0.0331238,10.6676,10.7028,0,28.5683
3.57,hover,-0.00665499,0.56394,-0.00116688,0.066321,0,0,-0.00274565,0.0255479,0.00199282,98.4595,98.5995,104.333,2.46092,nan,0.307163,0.313522,0.31206,0.302147,0.300881,0.313522,0.300881,0.31206,0.302147,1,0,0.0662475,0,0.000520641,-0.0427359,0.00119868,0.0033814,-0.198692,0,0,0,0.00128714,-0.0276397,0.00179218,-0.815811,-0.05891,10.6017,10.6332,0,28.5133
3.58,hover,-0.00669166,0.563679,-0.00122809,0.0669485,0,0,-0.00266798,0.0266923,0.00188696,98.4505,98.5905,104.357,2.46961,nan,0.307364,0.312523,0.313448,0.300995,0.302451,0.312523,0.302451,0.313448,0.300995,1,0,0.0668566,0,0.00140682,-0.0426795,-0.0010466,0.00366365,-0.200536,0,0,0,0.00177401,-0.0174936,-0.00219204,-0.845981,-0.0206886,10.5807,10.6144,0,28.4623
3.59,hover,-0.00672885,0.563407,-0.00133351,0.0675329,0,0,-0.0025414,0.0277293,0.00170401,98.4414,98.5814,104.382,2.4783,nan,0.307564,0.312592,0.313998,0.301037,0.302591,0.312592,0.302591,0.313998,0.301037,1,0,0.0674532,0,0.000393023,-0.0435094,-0.00130099,0.0039991,-0.202302,0,0,0,-0.00284706,-0.0272524,-0.00349276,-0.823132,-0.0107867,10.6574,10.6891,0,28.4133
3.6,hover,-0.006763,0.563125,-0.00118019,0.0683216,0,0,-0.00247513,0.028675,0.00167021,98.4323,98.5723,104.407,2.48697,nan,0.307762,0.3136,0.313687,0.301799,0.301923,0.3136,0.301923,0.313687,0.301799,1,0,0.0682475,0,9.67761e-05,-0.0446526,-9.27774e-05,0.0036649,-0.204706,0,0,0,0.00943602,-0.0380321,0.00537933,-0.789996,0.0139661,10.6145,10.6438,0,28.352
3.61,hover,-0.00679522,0.562833,-0.00127385,0.0686634,0,0,-0.00244517,0.029776,0.0016927,98.4231,98.5631,104.432,2.49563,nan,0.307958,0.314508,0.313272,0.302657,0.301356,0.314508,0.301356,0.313272,0.302657,1,0,0.0685891,0,-0.000172487,-0.0450317,0.00111535,0.00385733,-0.205696,0,0,0,0.00552818,-0.0286674,-0.00297552,-0.819432,-0.00425036,10.7277,10.7589,0,28.3157
3.62,hover,-0.00682793,0.562529,-0.00109622,0.0688205,0,0,-0.00243244,0.0311643,0.00190443,98.4139,98.5539,104.457,2.50432,nan,0.308152,0.313265,0.314562,0.301878,0.302864,0.313265,0.302864,0.314562,0.301878,1,0,0.0688528,0,-0.000825356,-0.0437419,-0.00100321,0.00358764,-0.206506,0,0,0,0.00426354,-0.0345562,0.000610751,-0.726298,0.0579578,10.6458,10.6707,0,28.2893
3.63,hover,-0.00686438,0.56221,-0.00129107,0.0691712,0,0,-0.00241628,0.0326725,0.00202269,98.4046,98.5446,104.482,2.51302,nan,0.308344,0.314784,0.313813,0.303103,0.30164,0.314784,0.30164,0.313813,0.303103,1,0,0.0691983,0,-0.00130343,-0.0451973,0.00106952,0.00419035,-0.207551,0,0,0,0.0169817,-0.031158,0.00200663,-0.726018,0.0953212,10.6462,10.6714,0,28.2509
3.64,hover,-0.00689542,0.561876,-0.00137225,0.0696853,0,0,-0.00233913,0.0342264,0.00115328,98.3954,98.5354,104.507,2.5217,nan,0.308534,0.313689,0.314642,0.30236,0.303409,0.313689,0.303409,0.314642,0.30236,1,0,0.0697201,0,0.000256778,-0.0427517,-0.000879899,0.0044094,-0.20908,0,0,0,0.000137981,-0.0329533,0.00215888,-0.737465,0.0592751,10.6216,10.6474,0,28.2023
3.65,hover,-0.00692401,0.561526,-0.00129478,0.0700421,0,0,-0.00216099,0.035754,0.00105837,98.3861,98.5261,104.532,2.53037,nan,0.308723,0.315257,0.31383,0.303831,0.301936,0.315257,0.301936,0.31383,0.303831,1,0,0.0699864,0,-0.00124247,-0.0441863,0.00146001,0.0040819,-0.209891,0,0,0,0.0232441,-0.0361041,-0.00139812,-0.801729,0.0230604,10.6579,10.688,0,28.1619
3.66,hover,-0.00694808,0.561161,-0.00129266,0.0704792,0,0,-0.00191749,0.0373234,0.00113519,98.3767,98.5167,104.558,2.53904,nan,0.308908,0.315347,0.314008,0.303299,0.302942,0.315347,0.302942,0.314008,0.303299,1,0,0.070597,0,0.00260318,-0.0437949,0.000745265,0.00381735,-0.211745,0,0,0,0.00252419,-0.0382508,0.00301563,-0.688347,-0.024719,10.5509,10.5734,0,28.1159
3.67,hover,-0.00696862,0.560781,-0.00152208,0.0709644,0,0,-0.00161956,0.0387663,0.000467702,98.3673,98.5073,104.583,2.54771,nan,0.309092,0.314993,0.314996,0.303164,0.303177,0.314993,0.303177,0.314996,0.303164,1,0,0.0709105,0,2.78134e-05,-0.0448074,-7.12073e-06,0.00441846,-0.212647,0,0,0,0.00574531,-0.0387709,0.00639953,-0.804333,-0.0490606,10.4953,10.5262,0,28.0663
3.68,hover,-0.00698645,0.560387,-0.00168864,0.071372,0,0,-0.00132871,0.0400927,0.00123131,98.3579,98.4979,104.609,2.55639,nan,0.309273,0.315787,0.314814,0.30395,0.302504,0.315787,0.302504,0.314814,0.30395,1,0,0.0713564,0,-0.00125592,-0.0457519,0.00106333,0.00481123,-0.213953,0,0,0,0.00401027,-0.0308952,0.00208223,-0.810956,-0.102881,10.5632,10.5948,0,28.0204
3.69,hover,-0.00700138,0.559979,-0.00169875,0.0719965,0,0,-0.00119667,0.0414748,0.000547235,98.3484,98.4884,104.634,2.56505,nan,0.309451,0.316015,0.314462,0.304474,0.302817,0.316015,0.302817,0.314462,0.304474,1,0,0.0719421,0,-0.00027833,-0.0439318,0.00141089,0.00489702,-0.215765,0,0,0,-0.00326528,-0.0381423,0.0113864,-0.887302,-0.114371,10.6028,10.6405,0,27.9612
3.7,hover,-0.00701329,0.559558,-0.00158983,0.0726451,0,0,-0.00117288,0.0427713,0.0001164,98.3389,98.4789,104.66,2.5737,nan,0.309627,0.314998,0.315959,0.303435,0.304079,0.314998,0.304079,0.315959,0.303435,1,0,0.0726119,0,-0.000841128,-0.0444198,-0.000705029,0.00454136,-0.217764,0,0,0,0.00391317,-0.0491189,0.00903052,-0.819762,-0.0697816,10.6229,10.6548,0,27.9
3.71,hover,-0.00702693,0.559124,-0.00146657,0.0735718,0,0,-0.0012293,0.0440824,0.000515577,98.3294,98.4694,104.686,2.58233,nan,0.3098,0.315899,0.315375,0.303732,0.30416,0.315899,0.30416,0.315375,0.303732,1,0,0.073516,0,0.00252608,-0.0443041,4.19211e-05,0.00424977,-0.220476,0,0,0,0.00120334,-0.0487021,-0.000725661,-0.902934,-0.0811784,10.5998,10.6385,0,27.8221
3.72,hover,-0.00704242,0.558677,-0.00136728,0.0744148,0,0,-0.00119571,0.0453481,0.00108539,98.3198,98.4598,104.712,2.59094,nan,0.30997,0.315808,0.315717,0.304223,0.3041,0.315808,0.3041,0.315717,0.304223,1,0,0.0743642,0,-8.46387e-05,-0.0439599,9.41365e-05,0.00391163,-0.223032,0,0,0,0.00292484,-0.0496662,-0.00497753,-0.952861,-0.139134,10.6522,10.6956,0,27.7482
3.73,hover,-0.00706102,0.558218,-0.00137023,0.0748696,0,0,-0.00123299,0.0464935,0.00184906,98.3102,98.4502,104.738,2.59953,nan,0.310139,0.316438,0.315648,0.304487,0.303947,0.316438,0.303947,0.315648,0.304487,1,0,0.0748023,0,0.000661548,-0.0448138,0.000584348,0.0040445,-0.224361,0,0,0,0.00173021,-0.0653098,-0.000388178,-0.936907,-0.0437223,10.5801,10.6216,0,27.6958
3.74,hover,-0.00708129,0.557747,-0.00165704,0.0753592,0,0,-0.00124622,0.0476781,0.000836415,98.3006,98.4406,104.764,2.60811,nan,0.310304,0.316523,0.316094,0.30453,0.304036,0.316523,0.304036,0.316094,0.30453,1,0,0.0753265,0,-0.000172338,-0.0455721,0.000405089,0.00474437,-0.225889,0,0,0,-0.00162652,-0.0488304,0.0107741,-0.919004,-0.134084,10.6653,10.7057,0,27.6408
3.75,hover,-0.00709765,0.557264,-0.00188186,0.0755836,0,0,-0.0011583,0.0489638,0.00117029,98.2909,98.4309,104.79,2.61669,nan,0.310467,0.31642,0.316124,0.304517,0.304774,0.31642,0.304774,0.316124,0.304517,1,0,0.0755383,0,0.0014675,-0.0440619,1.71763e-05,0.00547977,-0.226514,0,0,0,-0.0071979,-0.0530355,0.000852792,-0.981629,-0.115819,10.6237,10.6696,0,27.6002
3.76,hover,-0.00711355,0.556769,-0.00163551,0.0761292,0,0,-0.000963781,0.0502066,0.00166172,98.2812,98.4212,104.816,2.62527,nan,0.310627,0.314836,0.31804,0.303295,0.306306,0.314836,0.306306,0.31804,0.303295,1,0,0.0760762,0,-0.000508375,-0.0441018,-0.00273178,0.00492394,-0.228113,0,0,0,-0.000661148,-0.0518458,0.0164112,-0.953655,-0.00498123,10.6936,10.736,0,27.5406
3.77,hover,-0.00713585,0.556261,-0.00168193,0.0762921,0,0,-0.000810927,0.0514521,0.00250362,98.2715,98.4115,104.842,2.63385,nan,0.310785,0.317018,0.316258,0.305058,0.304774,0.317018,0.304774,0.316258,0.305058,1,0,0.0762547,0,0.00126244,-0.0444202,0.000458769,0.00493367,-0.228648,0,0,0,0.00382958,-0.0706693,-0.000998449,-0.94947,-0.0713424,10.5754,10.6182,0,27.5022
3.78,hover,-0.00715749,0.55574,-0.00165688,0.0769635,0,0,-0.000554237,0.0528106,0.00329465,98.2617,98.4017,104.869,2.64243,nan,0.31094,0.316939,0.316418,0.305682,0.30469,0.316939,0.30469,0.316418,0.305682,1,0,0.0769179,0,-0.00125064,-0.0435539,0.000665126,0.00485446,-0.230649,0,0,0,0.00220244,-0.0630162,-0.0039879,-1.00292,-0.0907839,10.535,10.583,0,27.4339
3.79,hover,-0.0071767,0.555204,-0.00183168,0.077603,0,0,-0.000381429,0.0542799,0.00237683,98.2519,98.3919,104.895,2.651,nan,0.311092,0.31821,0.315584,0.306304,0.304239,0.31821,0.304239,0.315584,0.306304,1,0,0.0775479,0,0.00148453,-0.0440566,0.00206198,0.00555471,-0.232533,0,0,0,-0.000132929,-0.0478021,-0.0123266,-0.936,0.0105846,10.5175,10.5591,0,27.3666
3.8,hover,-0.00719061,0.554654,-0.00193831,0.0783118,0,0,-0.000211068,0.0557837,0.00195351,98.2421,98.3821,104.922,2.65954,nan,0.311241,0.317022,0.317152,0.306001,0.304759,0.317022,0.304759,0.317152,0.306001,1,0,0.0782672,0,-0.00363721,-0.0443643,0.000488465,0.00577122,-0.234683,0,0,0,0.0064165,-0.0690914,-0.00705832,-0.930972,-0.0339701,10.5523,10.5934,0,27.2944
3.81,hover,-0.00719928,0.554089,-0.00178731,0.0787643,0,0,-0.000143086,0.0572969,0.00138432,98.2322,98.3722,104.948,2.66806,nan,0.311387,0.316585,0.317691,0.304933,0.30631,0.316585,0.30631,0.317691,0.304933,1,0,0.078732,0,0.000717545,-0.043643,-0.00109104,0.00556778,-0.236103,0,0,0,0.00804071,-0.0579272,-0.0116413,-0.924016,0.0567264,10.699,10.739,0,27.2361
3.82,hover,-0.00720831,0.553509,-0.00166853,0.0794991,0,0,-0.000116784,0.0588394,0.00173363,98.2224,98.3624,104.975,2.6766,nan,0.31153,0.317186,0.317497,0.305806,0.305602,0.317186,0.305602,0.317497,0.305806,1,0,0.0794737,0,-0.00136782,-0.0441026,-4.65533e-05,0.00520869,-0.23831,0,0,0,-0.000642632,-0.0556495,-0.000454891,-0.928237,0.0682802,10.6056,10.6463,0,27.1608
3.83,hover,-0.00721847,0.552913,-0.00160907,0.0801635,0,0,-9.78719e-05,0.0604272,0.00220684,98.2124,98.3524,105.002,2.68513,nan,0.31167,0.317132,0.318076,0.305346,0.306099,0.317132,0.306099,0.318076,0.305346,1,0,0.080149,0,-0.000506393,-0.0450268,-0.000745317,0.00507671,-0.240349,0,0,0,0.00852922,-0.0611698,0.0059144,-0.894407,0.039432,10.6463,10.6838,0,27.0886
3.84,hover,-0.00722938,0.552301,-0.00133541,0.0807834,0,0,-0.000106579,0.0621246,0.00183569,98.2025,98.3425,105.029,2.69367,nan,0.311807,0.31723,0.318344,0.305871,0.305757,0.31723,0.305757,0.318344,0.305871,1,0,0.0807301,0,-0.00325678,-0.0453749,-0.000439208,0.00415188,-0.242102,0,0,0,0.014394,-0.0567369,0.00290062,-0.941334,0.0236652,10.6782,10.7196,0,27.0181
3.85,hover,-0.00723933,0.551671,-0.00150218,0.0811506,0,0,-0.000108454,0.0639336,0.00208613,98.1925,98.3325,105.056,2.7022,nan,0.311941,0.317426,0.318588,0.305283,0.306441,0.317426,0.306441,0.318588,0.305283,1,0,0.0811191,0,-1.1045e-05,-0.046026,-0.00101964,0.00470918,-0.243255,0,0,0,0.0136253,-0.0661181,0.0032258,-0.885486,0.00279128,10.6078,10.6447,0,26.9609
3.86,hover,-0.00725194,0.551022,-0.00154023,0.0816466,0,0,-0.0001134,0.0658058,0.00260862,98.1825,98.3225,105.083,2.71071,nan,0.312072,0.318154,0.317805,0.306083,0.306223,0.318154,0.306223,0.317805,0.306083,1,0,0.0816056,0,0.00129664,-0.044818,9.16892e-05,0.00475511,-0.244706,0,0,0,0.00377814,-0.0657902,-0.00148111,-0.922571,0.0106624,10.645,10.6849,0,26.8954
3.87,hover,-0.00726499,0.550355,-0.00153962,0.082344,0,0,-0.00020163,0.0678193,0.00196991,98.1725,98.3125,105.11,2.71919,nan,0.3122,0.318521,0.317788,0.306535,0.305931,0.318521,0.305931,0.317788,0.306535,1,0,0.0823938,0,0.000342551,-0.0451775,0.000587764,0.00489576,-0.247093,0,0,0,-0.00634368,-0.0628622,0.000825974,-0.873889,0.0273242,10.649,10.6848,0,26.8172
3.88,hover,-0.00727728,0.549666,-0.00155705,0.0828244,0,0,-0.000308591,0.0699043,0.00257252,98.1625,98.3025,105.137,2.72768,nan,0.312325,0.317657,0.318565,0.306273,0.306782,0.317657,0.306782,0.318565,0.306273,1,0,0.0828268,0,-0.00105859,-0.0438977,-0.000623056,0.00492406,-0.248385,0,0,0,-0.00312451,-0.0742161,-0.0117668,-0.898792,0.0215504,10.6037,10.6418,0,26.7502
3.89,hover,-0.00729225,0.548957,-0.00136606,0.0832788,0,0,-0.000340596,0.0719202,0.00224193,98.1524,98.2924,105.164,2.7362,nan,0.312447,0.319008,0.318158,0.306337,0.306261,0.319008,0.306261,0.318158,0.306337,1,0,0.0832204,0,0.00205263,-0.046553,0.000406913,0.00414044,-0.249579,0,0,0,0.000283275,-0.0728156,0.00158018,-0.927443,-0.00938797,10.7473,10.7872,0,26.6836
3.9,hover,-0.00730643,0.548228,-0.00108475,0.0836785,0,0,-0.000315853,0.0741179,0.00251308,98.1423,98.2823,105.192,2.74472,nan,0.312565,0.318996,0.317835,0.307172,0.306236,0.318996,0.306236,0.317835,0.307172,1,0,0.0837631,0,0.000596348,-0.0443812,0.000921608,0.00349513,-0.251194,0,0,0,-0.0106299,-0.0607214,0.00244419,-0.827138,0.0936675,10.5246,10.5575,0,26.619
3.91,hover,-0.0073206,0.547476,-0.000837616,0.0843446,0,0,-0.000302222,0.0763744,0.00236515,98.1322,98.2722,105.219,2.75323,nan,0.312681,0.319796,0.317737,0.307754,0.305413,0.319796,0.305413,0.317737,0.307754,1,0,0.0843419,0,-0.000746604,-0.0461678,0.00193353,0.00277467,-0.252938,0,0,0,0.00834857,-0.0894047,-0.00528797,-0.93227,0.0521286,10.5831,10.6243,0,26.5378
3.92,hover,-0.00733379,0.546701,-0.000734009,0.0849403,0,0,-0.000353804,0.0787065,0.00250445,98.1221,98.2621,105.247,2.76174,nan,0.312793,0.318878,0.318711,0.306518,0.307041,0.318878,0.307041,0.318711,0.306518,1,0,0.0849842,0,0.00183276,-0.0455338,-0.000156674,0.00190307,-0.254892,0,0,0,0.00435689,-0.0851762,0.000668565,-0.898798,-0.0439913,10.5791,10.6173,0,26.4593
3.93,hover,-0.00734924,0.545902,-0.000744217,0.0850748,0,0,-0.000372235,0.0810023,0.00275823,98.1119,98.2519,105.275,2.77022,nan,0.312901,0.320199,0.317741,0.307558,0.306085,0.320199,0.306085,0.317741,0.307558,1,0,0.0850739,0,0.00261184,-0.0460363,0.00172741,0.00249522,-0.255134,0,0,0,-0.00234518,-0.0728949,-0.0126865,-0.918242,0.0297965,10.5638,10.6036,0,26.4059
3.94,hover,-0.00736091,0.545082,-0.000921153,0.0858562,0,0,-0.000316973,0.0832309,0.00166712,98.1017,98.2417,105.302,2.77871,nan,0.313006,0.31909,0.318631,0.307088,0.307196,0.31909,0.307196,0.318631,0.307088,1,0,0.0858247,0,0.00150468,-0.0444071,0.000154529,0.00253432,-0.25741,0,0,0,-0.00687109,-0.0882858,0.000282178,-0.948687,-0.0488484,10.5575,10.6002,0,26.314
3.95,hover,-0.00737056,0.544239,-0.00124307,0.0862701,0,0,-0.00026516,0.0853803,0.00185115,98.0915,98.2315,105.33,2.78723,nan,0.313108,0.318488,0.319925,0.306304,0.307695,0.318488,0.307695,0.319925,0.306304,1,0,0.0862709,0,-0.000120847,-0.04626,-0.0012434,0.00345434,-0.258709,0,0,0,-0.00198555,-0.0850048,-0.00505646,-0.955099,-0.0847489,10.566,10.6094,0,26.242
3.96,hover,-0.00738469,0.543375,-0.00124324,0.0865693,0,0,-0.000239412,0.0875213,0.00275053,98.0813,98.2213,105.358,2.79576,nan,0.313206,0.320061,0.318355,0.307788,0.306603,0.320061,0.306603,0.318355,0.307788,1,0,0.0865332,0,0.0013836,-0.0455237,0.00127098,0.00354495,-0.259515,0,0,0,-0.00399531,-0.0909716,-0.00890327,-1.03383,-0.0923855,10.5432,10.5942,0,26.1753
3.97,hover,-0.00739861,0.542489,-0.00132266,0.0868756,0,0,-0.000320029,0.0896442,0.00226417,98.0711,98.2111,105.386,2.80427,nan,0.313301,0.319413,0.318857,0.307252,0.307664,0.319413,0.307664,0.318857,0.307252,1,0,0.086844,0,0.00256721,-0.0442488,6.32205e-05,0.00380585,-0.260435,0,0,0,0.00358115,-0.0968681,-0.000909349,-1.05881,-0.0971227,10.5838,10.6371,0,26.107
3.98,hover,-0.00740954,0.541582,-0.00133995,0.0875763,0,0,-0.00036938,0.0917298,0.00110622,98.0608,98.2008,105.414,2.81279,nan,0.313392,0.32056,0.317872,0.308977,0.306141,0.32056,0.306141,0.317872,0.308977,1,0,0.0875579,0,-0.000391011,-0.044174,0.00242803,0.00382738,-0.262569,0,0,0,-0.000130177,-0.108972,-0.00683467,-1.06551,-0.11082,10.6585,10.7122,0,26.0149
3.99,hover,-0.0074142,0.540656,-0.0013627,0.0882402,0,0,-0.000503432,0.0936678,0.000202295,98.0505,98.1905,105.442,2.8213,nan,0.31348,0.318673,0.320022,0.307114,0.308092,0.318673,0.308092,0.320022,0.307114,1,0,0.0882011,0,-0.000982816,-0.0445057,-0.00102231,0.00399308,-0.264502,0,0,0,0.00812958,-0.100167,-0.00394201,-1.05571,-0.0524728,10.6373,10.6897,0,25.9238
4,hover,-0.00742198,0.53971,-0.00135791,0.088661,0,0,-0.000633717,0.0955471,0.00210101,98.0402,98.1802,105.471,2.82982,nan,0.313564,0.319442,0.319359,0.307411,0.308025,0.319442,0.308025,0.319359,0.307411,1,0,0.0886945,0,0.00184943,-0.0442714,-0.000233566,0.00377778,-0.265977,0,0,0,0.00302442,-0.110594,-0.00319198,-0.992696,-0.177818,10.6192,10.667,0,25.8455
4.01,hover,-0.00743569,0.538746,-0.0013982,0.0888281,0,0,-0.000767188,0.0974284,0.00168927,98.0299,98.1699,105.499,2.83831,nan,0.313644,0.319623,0.319409,0.307507,0.308021,0.319623,0.308021,0.319409,0.307507,1,0,0.088794,0,0.00193091,-0.0445352,-0.000131497,0.00408219,-0.266277,0,0,0,0.00343097,-0.106559,-0.00472091,-1.09094,-0.0684283,10.6233,10.6794,0,25.7807
4.02,hover,-0.00744806,0.537762,-0.00144722,0.0894849,0,0,-0.000894627,0.0993396,0.00166838,98.0196,98.1596,105.527,2.8468,nan,0.31372,0.3199,0.319321,0.30822,0.307424,0.3199,0.307424,0.319321,0.30822,1,0,0.0894843,0,-0.000577103,-0.0446743,0.000604642,0.00409969,-0.268342,0,0,0,0.000210315,-0.11285,0.00382907,-1.09958,-0.182987,10.6772,10.7353,0,25.6867
4.03,hover,-0.00746148,0.53676,-0.00138881,0.0900976,0,0,-0.00104597,0.101176,0.00123191,98.0093,98.1493,105.556,2.8553,nan,0.313793,0.320124,0.318896,0.308325,0.307812,0.320124,0.307812,0.318896,0.308325,1,0,0.0900661,0,0.00189716,-0.0433584,0.000765228,0.00406472,-0.270091,0,0,0,0.00345955,-0.115077,0.00237402,-1.15253,-0.0768322,10.6828,10.7451,0,25.5942
4.04,hover,-0.00747528,0.53574,-0.00134141,0.0907616,0,0,-0.000971949,0.102877,0.00150717,97.9989,98.1389,105.584,2.8638,nan,0.313862,0.319699,0.319531,0.30821,0.307994,0.319699,0.307994,0.319531,0.30821,1,0,0.0907309,0,-0.000128011,-0.0436301,0.000168679,0.00392687,-0.272081,0,0,0,0.00152685,-0.116984,-0.000273015,-1.14006,-0.0675986,10.5867,10.6482,0,25.4978
4.05,hover,-0.007488,0.534703,-0.00145988,0.0912435,0,0,-0.000938675,0.104577,0.000547946,97.9885,98.1285,105.613,2.87228,nan,0.313927,0.319074,0.320845,0.306838,0.308939,0.319074,0.308939,0.320845,0.306838,1,0,0.0912839,0,0.000873549,-0.0457438,-0.00170188,0.00407421,-0.273723,0,0,0,-0.000984402,-0.11097,-0.0042251,-1.01979,-0.162162,10.7022,10.7519,0,25.4107
4.06,hover,-0.00749792,0.533649,-0.00154114,0.0918317,0,0,-0.000963344,0.106308,0.000611773,97.9781,98.1181,105.642,2.88077,nan,0.313989,0.320916,0.319288,0.308524,0.307215,0.320916,0.307215,0.319288,0.308524,1,0,0.0918153,0,0.000844946,-0.0463548,0.00129124,0.00445593,-0.275315,0,0,0,0.00843647,-0.1105,0.00414386,-1.16965,-0.139447,10.6833,10.748,0,25.3166
4.07,hover,-0.00750591,0.532577,-0.00158903,0.0924189,0,0,-0.00101405,0.108187,0.0012535,97.9678,98.1078,105.671,2.88926,nan,0.314046,0.320095,0.319545,0.308534,0.308,0.320095,0.308,0.319545,0.308534,1,0,0.0923799,0,4.26513e-05,-0.0437801,0.000476113,0.00464344,-0.277044,0,0,0,0.00754396,-0.107087,-0.0134752,-1.2064,-0.110527,10.6429,10.7116,0,25.2216
4.08,hover,-0.00751902,0.531486,-0.00156227,0.0930308,0,0,-0.00115181,0.110024,0.000824391,97.9574,98.0974,105.7,2.89774,nan,0.3141,0.321234,0.318846,0.308863,0.307448,0.321234,0.307448,0.318846,0.308863,1,0,0.0930077,0,0.0025792,-0.0450367,0.0016715,0.00462798,-0.278887,0,0,0,0.00354605,-0.126552,-0.00194964,-1.20602,-0.0524041,10.5795,10.6482,0,25.124
4.09,hover,-0.00752976,0.530377,-0.00167474,0.0936036,0,0,-0.00119473,0.111844,0.000497964,97.9469,98.0869,105.729,2.90623,nan,0.31415,0.319712,0.320495,0.3077,0.308685,0.319712,0.308685,0.320495,0.3077,1,0,0.0935702,0,0.000536307,-0.0451393,-0.000777165,0.0049203,-0.28059,0,0,0,0.00161926,-0.110916,0.00321734,-1.18805,-0.0773355,10.6384,10.7048,0,25.0277
4.1,hover,-0.00754134,0.52925,-0.00178714,0.09411,0,0,-0.00122428,0.11369,0.000741971,97.9365,98.0765,105.758,2.91475,nan,0.314197,0.3197,0.320527,0.30801,0.30854,0.3197,0.30854,0.320527,0.30801,1,0,0.0940988,0,-0.000785286,-0.0448616,-0.000596192,0.00526753,-0.28214,0,0,0,0.0108967,-0.13186,-0.00533017,-1.30739,-0.11693,10.6065,10.6874,0,24.934
4.11,hover,-0.00755545,0.528104,-0.00162247,0.0944783,0,0,-0.00127605,0.115578,0.00124853,97.9261,98.0661,105.787,2.92327,nan,0.314239,0.31939,0.320674,0.307902,0.308983,0.31939,0.308983,0.320674,0.307902,1,0,0.0944555,0,-0.00053784,-0.0439179,-0.00103938,0.00489713,-0.28323,0,0,0,-0.0100636,-0.128152,6.67832e-05,-1.19747,0.0206372,10.6994,10.7662,0,24.8473
4.12,hover,-0.00757458,0.52694,-0.00171018,0.0949681,0,0,-0.00140534,0.117396,0.00213764,97.9156,98.0556,105.816,2.93179,nan,0.314278,0.318311,0.321811,0.306558,0.310424,0.318311,0.310424,0.321811,0.306558,1,0,0.0949592,0,0.000970581,-0.0438454,-0.0032377,0.00493852,-0.284732,0,0,0,-0.000324572,-0.118769,0.000192043,-1.20034,-0.151729,10.6264,10.6951,0,24.7525
4.13,hover,-0.00759946,0.525757,-0.0016636,0.0954655,0,0,-0.00150191,0.119182,0.0018469,97.9052,98.0452,105.846,2.9403,nan,0.314313,0.32111,0.319284,0.309263,0.307587,0.32111,0.307587,0.319284,0.309263,1,0,0.0954452,0,0.000397149,-0.0446113,0.00153971,0.00488376,-0.286186,0,0,0,0.00246756,-0.121609,-0.00419547,-1.20948,-0.0801466,10.6238,10.6927,0,24.6563
4.14,hover,-0.00761978,0.524556,-0.00162608,0.0959796,0,0,-0.00155741,0.120965,0.00188568,97.8947,98.0347,105.875,2.9488,nan,0.314343,0.319977,0.320423,0.307967,0.309001,0.319977,0.309001,0.320423,0.307967,1,0,0.0959462,0,0.00155911,-0.0444,-0.000650477,0.00481168,-0.287715,0,0,0,0.00756086,-0.118587,0.0158076,-1.24082,-0.0627202,10.7008,10.7727,0,24.5581
4.15,hover,-0.00764209,0.523339,-0.00168193,0.0965527,0,0,-0.00154176,0.122649,0.00209353,97.8843,98.0243,105.905,2.9573,nan,0.31437,0.319271,0.320972,0.307658,0.309576,0.319271,0.309576,0.320972,0.307658,1,0,0.096536,0,0.000574445,-0.0435989,-0.00159064,0.00492425,-0.289463,0,0,0,-0.00483182,-0.133239,0.00214248,-1.26306,-0.0957848,10.6785,10.7534,0,24.4555
4.16,hover,-0.00766624,0.522104,-0.00177579,0.0969869,0,0,-0.00146612,0.124312,0.00249052,97.8738,98.0138,105.934,2.96579,nan,0.314393,0.320186,0.320741,0.308238,0.308405,0.320186,0.308405,0.320741,0.308238,1,0,0.096997,0,-0.00103141,-0.0460117,-0.00031704,0.00508919,-0.290855,0,0,0,0.00891857,-0.131029,0.000172958,-1.12467,-0.117509,10.7276,10.787,0,24.3599
4.17,hover,-0.00768787,0.520853,-0.00206577,0.0974191,0,0,-0.00150978,0.126044,0.00184312,97.8633,98.0033,105.964,2.97427,nan,0.314413,0.320919,0.320001,0.30843,0.308296,0.320919,0.308296,0.320001,0.30843,1,0,0.0974214,0,0.00207899,-0.0458423,0.000462198,0.00601216,-0.29209,0,0,0,-0.00449,-0.13521,0.00280934,-1.25653,-0.159766,10.5434,10.6193,0,24.2634
4.18,hover,-0.00770648,0.519584,-0.00177252,0.0978782,0,0,-0.00149041,0.127822,0.00144508,97.8529,97.9929,105.994,2.98274,nan,0.314428,0.320522,0.320039,0.308738,0.308409,0.320522,0.308409,0.320039,0.308738,1,0,0.0978636,0,0.000408492,-0.0443651,0.000356584,0.00517546,-0.293448,0,0,0,-0.00356468,-0.136794,-0.00364268,-1.26029,-0.110228,10.6304,10.7054,0,24.1644
4.19,hover,-0.00772238,0.518297,-0.00171011,0.0983696,0,0,-0.00143631,0.129585,0.000504895,97.8424,97.9824,106.023,2.9912,nan,0.314439,0.32001,0.320663,0.308055,0.309027,0.32001,0.309027,0.320663,0.308055,1,0,0.0983547,0,0.000844765,-0.0446991,-0.000713965,0.00504323,-0.294915,0,0,0,0.0017714,-0.143113,0.00579791,-1.22678,-0.0634188,10.5633,10.6344,0,24.0626
4.2,hover,-0.00773609,0.516992,-0.00178296,0.0986535,0,0,-0.00134819,0.131396,0.00155472,97.8319,97.9719,106.053,2.99967,nan,0.314447,0.320757,0.319975,0.308741,0.308312,0.320757,0.308312,0.319975,0.308741,1,0,0.0986501,0,0.000936731,-0.0448669,0.000532137,0.00521587,-0.295778,0,0,0,0.0041887,-0.140353,0.00376115,-1.18612,-0.0775911,10.6217,10.688,0,23.9716
4.21,hover,-0.00775081,0.51567,-0.00180547,0.0991577,0,0,-0.00127705,0.133247,0.000832158,97.8214,97.9614,106.083,3.00815,nan,0.31445,0.319589,0.321204,0.307481,0.309526,0.319589,0.309526,0.321204,0.307481,1,0,0.0991589,0,0.00114062,-0.0450701,-0.00160916,0.00524506,-0.297315,0,0,0,0.0167333,-0.137087,-0.00410782,-1.1991,-0.12316,10.5986,10.6669,0,23.8669
4.22,hover,-0.00776377,0.514328,-0.00159799,0.0995567,0,0,-0.0010998,0.135112,0.00203225,97.8109,97.9509,106.114,3.01661,nan,0.31445,0.32108,0.319371,0.309157,0.30819,0.32108,0.30819,0.319371,0.309157,1,0,0.0995382,0,0.00196953,-0.0437772,0.00117593,0.00466535,-0.298479,0,0,0,0.0108049,-0.13486,-0.00114244,-1.19308,-0.0808763,10.5626,10.63,0,23.7673
4.23,hover,-0.00777594,0.512969,-0.00162947,0.0999974,0,0,-0.000827315,0.136789,0.00113921,97.8005,97.9405,106.144,3.02503,nan,0.314445,0.319948,0.320556,0.307931,0.309348,0.319948,0.309348,0.320556,0.307931,1,0,0.0999829,0,0.00214586,-0.0440066,-0.000890082,0.00483211,-0.299788,0,0,0,-0.00224231,-0.144521,0.00478624,-1.20988,-0.0357241,10.4833,10.553,0,23.6642
4.24,hover,-0.00778419,0.511593,-0.00157702,0.100319,0,0,-0.000453905,0.138361,0.00195048,97.79,97.93,106.174,3.03342,nan,0.314437,0.320667,0.320335,0.308423,0.308323,0.320667,0.308323,0.320335,0.308423,1,0,0.100302,0,0.000618646,-0.0459604,0.000189837,0.0047031,-0.300766,0,0,0,0.00626847,-0.154806,0.00192528,-1.13786,-0.0217586,10.5254,10.5867,0,23.5669
4.25,hover,-0.00779354,0.510202,-0.0015745,0.100719,0,0,-0.00015712,0.140055,0.00236971,97.7795,97.9195,106.204,3.04181,nan,0.314424,0.321748,0.318883,0.310268,0.306801,0.321748,0.306801,0.318883,0.310268,1,0,0.100717,0,-0.00159677,-0.044644,0.00278325,0.00450285,-0.302017,0,0,0,-0.0114406,-0.147198,0.00777572,-1.1187,-0.0560653,10.5698,10.629,0,23.4643
4.26,hover,-0.00779615,0.508793,-0.00149201,0.100993,0,0,4.67679e-05,0.141634,0.00147854,97.769,97.909,106.235,3.05021,nan,0.314408,0.321104,0.319468,0.309584,0.307479,0.321104,0.307479,0.319468,0.309584,1,0,0.100985,0,-0.00124602,-0.0445465,0.00164443,0.00432974,-0.302799,0,0,0,0.00241702,-0.143613,-0.00281037,-1.13968,-0.0531422,10.4853,10.5472,0,23.3679
4.27,hover,-0.00779686,0.50737,-0.00151869,0.101398,0,0,0.000115882,0.143153,0.00168188,97.7586,97.8986,106.265,3.05858,nan,0.314387,0.320714,0.319843,0.308773,0.308226,0.320714,0.308226,0.319843,0.308773,1,0,0.101397,0,0.000859298,-0.0446377,0.000623308,0.0046985,-0.304026,0,0,0,0.00616152,-0.145591,-0.013991,-1.22531,0.0720082,10.5705,10.6415,0,23.2632
4.28,hover,-0.00779777,0.505931,-0.00145211,0.101733,0,0,0.000302167,0.144518,0.00176217,97.7481,97.8881,106.296,3.06697,nan,0.314363,0.319992,0.320415,0.308684,0.308367,0.319992,0.308367,0.320415,0.308684,1,0,0.101707,0,-0.00196382,-0.0442549,-4.70022e-05,0.00436981,-0.304982,0,0,0,0.010324,-0.141963,0.00201184,-1.14656,-0.0121593,10.5714,10.6334,0,23.1616
4.29,hover,-0.00779834,0.50448,-0.00139728,0.102122,0,0,0.000443446,0.145762,0.00233896,97.7376,97.8776,106.327,3.07535,nan,0.314335,0.320307,0.320215,0.308773,0.30805,0.320307,0.30805,0.320215,0.308773,1,0,0.102112,0,-0.00167616,-0.0449057,0.000358161,0.00428637,-0.306185,0,0,0,-0.000601966,-0.152581,-0.0143668,-1.21445,0.0381839,10.5829,10.6524,0,23.0562
4.3,hover,-0.00779727,0.503016,-0.00127331,0.10244,0,0,0.000509557,0.147035,0.000990397,97.7272,97.8672,106.358,3.08374,nan,0.314303,0.318588,0.322016,0.306633,0.309981,0.318588,0.309981,0.322016,0.306633,1,0,0.102427,0,-0.000213108,-0.0454546,-0.00297806,0.0039352,-0.307121,0,0,0,0.0132545,-0.142099,-0.000127295,-1.28911,0.0667627,10.5579,10.6365,0,22.9542
4.31,hover,-0.00779392,0.501539,-0.00125975,0.102785,0,0,0.000485726,0.148416,0.00181602,97.7168,97.8568,106.388,3.09212,nan,0.314266,0.320386,0.32023,0.308459,0.307999,0.320386,0.307999,0.32023,0.308459,1,0,0.102776,0,-0.000803124,-0.0457757,0.000270903,0.00384759,-0.30817,0,0,0,0.000446179,-0.158249,-0.00583897,-1.21794,0.0227946,10.5891,10.6589,0,22.8498
4.32,hover,-0.00779176,0.500048,-0.00143867,0.103093,0,0,0.000292155,0.149903,0.00138744,97.7063,97.8463,106.419,3.10049,nan,0.314226,0.319722,0.320799,0.307306,0.309087,0.319722,0.309087,0.320799,0.307306,1,0,0.103093,0,0.00186689,-0.0457147,-0.0012562,0.00445237,-0.309107,0,0,0,0.00864813,-0.151688,-0.0055738,-1.22353,0.0529604,10.583,10.6536,0,22.7466
4.33,hover,-0.00778989,0.498542,-0.00149726,0.10345,0,0,0.000212862,0.151453,0.00119071,97.6959,97.8359,106.45,3.10884,nan,0.314183,0.319091,0.321145,0.307577,0.308926,0.319091,0.308926,0.321145,0.307577,1,0,0.103451,0,-0.00186897,-0.0449676,-0.00149547,0.00458587,-0.31018,0,0,0,-0.00483443,-0.160869,0.00294738,-1.27573,0.0618841,10.543,10.6201,0,22.6398
4.34,hover,-0.00779068,0.49702,-0.0016065,0.103806,0,0,0.000118179,0.152981,0.0014897,97.6855,97.8255,106.482,3.11719,nan,0.314135,0.319905,0.320446,0.307752,0.308447,0.319905,0.308447,0.320446,0.307752,1,0,0.103792,0,0.000410608,-0.0457641,-0.000542914,0.00481993,-0.311216,0,0,0,0.0103796,-0.158379,0.0222214,-1.31613,-0.0165553,10.6432,10.7243,0,22.5323
4.35,hover,-0.00779197,0.495483,-0.0017534,0.104055,0,0,0.000138881,0.154424,0.00194876,97.6751,97.8151,106.513,3.12552,nan,0.314083,0.319084,0.320497,0.307657,0.309106,0.319084,0.309106,0.320497,0.307657,1,0,0.104042,0,9.35701e-05,-0.0432356,-0.00125793,0.00518357,-0.311965,0,0,0,0.0161747,-0.151479,-0.000226196,-1.30401,-0.0755071,10.4875,10.5685,0,22.4299
4.36,hover,-0.0077951,0.493932,-0.00175651,0.104305,0,0,8.2315e-05,0.155767,0.00176711,97.6647,97.8047,106.544,3.13384,nan,0.314028,0.319577,0.320179,0.308296,0.30807,0.319577,0.30807,0.320179,0.308296,1,0,0.104296,0,-0.00219367,-0.0443193,-0.000164852,0.00532133,-0.312726,0,0,0,0.00711182,-0.163301,0.0073823,-1.39104,0.0416683,10.5282,10.6198,0,22.3267
4.37,hover,-0.00779958,0.492368,-0.00183162,0.104629,0,0,-0.00013698,0.156954,0.00237843,97.6543,97.7943,106.576,3.14213,nan,0.313968,0.31894,0.320999,0.306957,0.308989,0.31894,0.308989,0.320999,0.306957,1,0,0.10463,0,-7.26684e-05,-0.0454627,-0.00179813,0.00542844,-0.313697,0,0,0,0.00020284,-0.164442,0.00285224,-1.38166,-0.0601076,10.5672,10.6573,0,22.2185
4.38,hover,-0.0078086,0.490793,-0.00194657,0.104921,0,0,-0.000310915,0.158227,0.00225704,97.6439,97.7839,106.607,3.15041,nan,0.313905,0.32017,0.319429,0.308426,0.307609,0.32017,0.307609,0.319429,0.308426,1,0,0.104919,0,-0.000200869,-0.0446478,0.000684774,0.00577106,-0.314565,0,0,0,0.0174093,-0.156833,-0.00206075,-1.38667,-0.0868966,10.5432,10.6343,0,22.1115
4.39,hover,-0.00781523,0.489205,-0.00189571,0.105197,0,0,-0.00033484,0.15951,0.0014935,97.6335,97.7735,106.639,3.15867,nan,0.313838,0.318003,0.321542,0.306103,0.309719,0.318003,0.309719,0.321542,0.306103,1,0,0.105193,0,0.00020315,-0.0449516,-0.00314526,0.00568374,-0.3154,0,0,0,0.0103645,-0.167768,0.00196523,-1.43748,-0.0153396,10.5456,10.6432,0,22.0047
4.4,hover,-0.00782308,0.487603,-0.00182399,0.105419,0,0,-0.000374381,0.160878,0.00198095,97.6232,97.7632,106.67,3.16696,nan,0.313767,0.320908,0.318518,0.309355,0.306302,0.320908,0.306302,0.318518,0.309355,1,0,0.105418,0,-0.00176061,-0.0450388,0.00239275,0.00536468,-0.316069,0,0,0,-0.00314087,-0.164956,-0.00173338,-1.50609,-0.122863,10.6667,10.7732,0,21.9003
4.41,hover,-0.00782971,0.485988,-0.00173931,0.10568,0,0,-0.000536908,0.1621,0.00112028,97.6128,97.7528,106.702,3.17524,nan,0.313693,0.317978,0.321168,0.305998,0.309642,0.317978,0.309642,0.321168,0.305998,1,0,0.105693,0,0.00120548,-0.0445389,-0.0030038,0.00507268,-0.31688,0,0,0,0.00542395,-0.171043,0.000349148,-1.34344,-0.129431,10.506,10.5924,0,21.7929
4.42,hover,-0.00783937,0.484361,-0.00181065,0.105951,0,0,-0.000686368,0.163233,0.00198245,97.6025,97.7425,106.734,3.18351,nan,0.313615,0.319423,0.319428,0.307233,0.308389,0.319423,0.308389,0.319428,0.307233,1,0,0.105944,0,0.00305441,-0.0440153,-0.000510464,0.00537158,-0.317654,0,0,0,0.00790682,-0.163156,0.00843662,-1.4836,-0.0800288,10.6041,10.7076,0,21.6841
4.43,hover,-0.00784933,0.482724,-0.00182426,0.106205,0,0,-0.000739572,0.164342,0.00131447,97.5922,97.7322,106.766,3.19178,nan,0.313533,0.319302,0.31943,0.307777,0.307638,0.319302,0.307638,0.31943,0.307777,1,0,0.106211,0,-0.000708623,-0.0441803,4.73766e-06,0.00532446,-0.318464,0,0,0,0.0035301,-0.178325,-0.00190712,-1.34656,-0.12444,10.5709,10.657,0,21.5757
4.44,hover,-0.00785602,0.481075,-0.00182033,0.106469,0,0,-0.000702254,0.165436,0.000844787,97.5819,97.7219,106.797,3.20006,nan,0.313447,0.318196,0.320772,0.306177,0.30866,0.318196,0.30866,0.320772,0.306177,1,0,0.106467,0,-0.000245022,-0.0457227,-0.00222347,0.00531379,-0.31922,0,0,0,-0.00684496,-0.159494,-0.0041193,-1.39147,-0.127765,10.5104,10.6029,0,21.4662
4.45,hover,-0.00786402,0.479415,-0.00171322,0.106694,0,0,-0.000729031,0.166555,0.00177123,97.5717,97.7117,106.829,3.20835,nan,0.313358,0.320409,0.318042,0.308827,0.306171,0.320409,0.306171,0.318042,0.308827,1,0,0.106695,0,-0.000767316,-0.0444406,0.00220791,0.00517915,-0.319895,0,0,0,0.00438806,-0.171989,-0.000569767,-1.38648,0.0289311,10.5734,10.664,0,21.3582
4.46,hover,-0.00787091,0.477744,-0.00181607,0.106897,0,0,-0.000742769,0.167664,0.00124167,97.5614,97.7014,106.862,3.21661,nan,0.313265,0.318938,0.319392,0.307032,0.307715,0.318938,0.307715,0.319392,0.307032,1,0,0.106896,0,0.00060774,-0.0446867,-0.000499883,0.00532324,-0.320509,0,0,0,-0.00354782,-0.169274,0.0012655,-1.36003,-0.0984826,10.4846,10.5729,0,21.2509
4.47,hover,-0.00787767,0.476062,-0.00182377,0.107114,0,0,-0.0007399,0.168827,0.000666777,97.5512,97.6912,106.894,3.22484,nan,0.313168,0.319183,0.319178,0.306756,0.307575,0.319183,0.307575,0.319178,0.306756,1,0,0.107124,0,0.00218525,-0.0455328,-0.000357638,0.0055987,-0.321171,0,0,0,0.00828597,-0.165063,0.0026152,-1.35854,0.0957833,10.5581,10.6456,0,21.142
4.48,hover,-0.00788172,0.474368,-0.00194206,0.107296,0,0,-0.000680165,0.170033,0.000765138,97.541,97.681,106.926,3.23306,nan,0.313068,0.318528,0.319383,0.307117,0.307264,0.318528,0.307264,0.319383,0.307117,1,0,0.107299,0,-0.00187855,-0.0445855,-0.000440682,0.00588531,-0.321686,0,0,0,-0.00111487,-0.158866,0.00029567,-1.34961,0.0409918,10.6049,10.6905,0,21.0345
4.49,hover,-0.00788565,0.472662,-0.00203889,0.107485,0,0,-0.000617331,0.171148,0.00114552,97.5308,97.6708,106.958,3.24125,nan,0.312964,0.318983,0.318657,0.306882,0.307356,0.318983,0.307356,0.318657,0.306882,1,0,0.107497,0,0.00212209,-0.0443431,-6.52561e-05,0.00616594,-0.322286,0,0,0,0.0105513,-0.184826,-0.00221396,-1.46805,0.0440865,10.6208,10.7218,0,20.9259
4.5,hover,-0.00788718,0.470946,-0.00207384,0.107677,0,0,-0.000400026,0.172282,2.18112e-05,97.5206,97.6606,106.991,3.24944,nan,0.312857,0.319294,0.318275,0.307773,0.306108,0.319294,0.306108,0.318275,0.307773,1,0,0.107683,0,-0.00171374,-0.0448849,0.00117956,0.00624721,-0.32284,0,0,0,0.00950121,-0.17411,0.00830095,-1.40665,0.0115901,10.521,10.6146,0,20.8166
4.51,hover,-0.00788416,0.469217,-0.0020507,0.10785,0,0,-0.000134888,0.173427,3.14263e-05,97.5105,97.6505,107.023,3.25762,nan,0.312746,0.318176,0.318923,0.306266,0.307643,0.318176,0.307643,0.318923,0.306266,1,0,0.10786,0,0.00167135,-0.0439412,-0.000933544,0.00615444,-0.323367,0,0,0,0.0027468,-0.18151,0.00731034,-1.37975,-0.00223285,10.4941,10.5844,0,20.7077
4.52,hover,-0.0078789,0.467478,-0.00205042,0.108031,0,0,0.000221139,0.174483,0.000766572,97.5003,97.6403,107.056,3.26577,nan,0.312632,0.317976,0.318821,0.306812,0.306942,0.317976,0.306942,0.318821,0.306812,1,0,0.108046,0,-0.00189474,-0.0436606,-0.000428815,0.00604205,-0.323925,0,0,0,0.0132695,-0.179651,-0.0116238,-1.52907,-0.163186,10.3965,10.5097,0,20.5976
4.53,hover,-0.0078754,0.465728,-0.00196417,0.108182,0,0,0.000407638,0.17549,0.0019636,97.4902,97.6302,107.089,3.27389,nan,0.312514,0.318762,0.317526,0.307838,0.305954,0.318762,0.305954,0.317526,0.307838,1,0,0.108183,0,-0.00171511,-0.0426254,0.00137133,0.00587361,-0.32436,0,0,0,0.00508153,-0.179549,0.00577831,-1.50576,-0.0227513,10.5901,10.6966,0,20.4888
4.54,hover,-0.0078725,0.463969,-0.00190831,0.108335,0,0,0.000517934,0.176408,0.00114032,97.4801,97.6201,107.122,3.282,nan,0.312393,0.317315,0.318799,0.306329,0.307153,0.317315,0.307153,0.318799,0.306329,1,0,0.108352,0,-0.0017523,-0.0428824,-0.00101403,0.00562754,-0.324848,0,0,0,0.0042172,-0.192429,0.000430681,-1.53645,-0.125933,10.5284,10.6407,0,20.3792
4.55,hover,-0.0078665,0.4622,-0.00177029,0.108504,0,0,0.000648571,0.177383,0.00135119,97.4701,97.6101,107.154,3.29007,nan,0.312268,0.316706,0.319467,0.305432,0.307493,0.316706,0.307493,0.319467,0.305432,1,0,0.108508,0,-0.00185609,-0.0440532,-0.00211935,0.00527565,-0.325327,0,0,0,-0.00377143,-0.182456,0.0103051,-1.54398,-0.0288711,10.6381,10.7496,0,20.2683
4.56,hover,-0.00786107,0.460422,-0.00169658,0.108647,0,0,0.000737662,0.178332,0.00163592,97.4601,97.6001,107.187,3.29815,nan,0.31214,0.318004,0.31825,0.305509,0.306824,0.318004,0.306824,0.31825,0.305509,1,0,0.108651,0,0.00283546,-0.0453248,-0.000685913,0.00511094,-0.325751,0,0,0,0.0172766,-0.178168,0.00229024,-1.48978,0.00237376,10.473,10.5784,0,20.1582
4.57,hover,-0.00785475,0.458634,-0.00180038,0.108783,0,0,0.000895652,0.179238,0.00152791,97.4501,97.5901,107.22,3.30622,nan,0.312009,0.317331,0.318357,0.305799,0.306576,0.317331,0.306576,0.318357,0.305799,1,0,0.108785,0,-0.000659562,-0.0441731,-0.000792483,0.00534335,-0.326169,0,0,0,0.0121134,-0.183307,0.00612879,-1.42538,-0.0697807,10.438,10.5351,0,20.048
4.58,hover,-0.00784632,0.456837,-0.00180758,0.108876,0,0,0.000917457,0.180115,0.00100317,97.4401,97.5801,107.253,3.31429,nan,0.311874,0.317089,0.318602,0.305218,0.306614,0.317089,0.306614,0.318602,0.305218,1,0,0.108873,0,-0.000312363,-0.0452091,-0.00127843,0.00540814,-0.326433,0,0,0,-0.00137328,-0.175984,0.000222856,-1.44798,-0.00740625,10.4803,10.5799,0,19.9397
4.59,hover,-0.00783437,0.455032,-0.00175373,0.108976,0,0,0.000864481,0.180886,0.000781196,97.4301,97.5701,107.287,3.32235,nan,0.311736,0.318408,0.317215,0.306146,0.305203,0.318408,0.305203,0.317215,0.306146,1,0,0.108984,0,0.000664441,-0.0459936,0.000939452,0.00535974,-0.326771,0,0,0,0.00867609,-0.187974,0.00459312,-1.47577,0.104126,10.5747,10.6777,0,19.8306
4.6,hover,-0.00782143,0.453219,-0.00181228,0.109069,0,0,0.000859927,0.181746,0.000340762,97.4202,97.5602,107.32,3.33038,nan,0.311595,0.316449,0.31834,0.305041,0.306579,0.316449,0.306579,0.31834,0.305041,1,0,0.109074,0,-0.000938375,-0.0438988,-0.00150679,0.00544943,-0.327033,0,0,0,0.0062632,-0.190852,-0.0117229,-1.49249,0.0149169,10.4645,10.5704,0,19.7214
4.61,hover,-0.00780806,0.451398,-0.00190224,0.109141,0,0,0.000817716,0.182596,9.65105e-05,97.4103,97.5503,107.353,3.33839,nan,0.31145,0.31654,0.317978,0.305161,0.306152,0.31654,0.306152,0.317978,0.305161,1,0,0.109159,0,-0.00118465,-0.0439687,-0.00106812,0.00559537,-0.327271,0,0,0,-0.000941692,-0.197952,0.00108208,-1.57852,-0.14792,10.4152,10.5352,0,19.6128
4.62,hover,-0.007795,0.449568,-0.00191045,0.109247,0,0,0.0007716,0.183437,1.27338e-05,97.4005,97.5405,107.387,3.34638,nan,0.311303,0.316452,0.31769,0.304895,0.306205,0.316452,0.306205,0.31769,0.304895,1,0,0.109253,0,0.000188999,-0.0436614,-0.00112037,0.00572812,-0.32757,0,0,0,0.00291061,-0.192254,0.000743687,-1.59355,0.00669705,10.4455,10.5663,0,19.5019
4.63,hover,-0.00778275,0.44773,-0.00194075,0.109338,0,0,0.000824063,0.184185,0.000960936,97.3906,97.5306,107.42,3.35435,nan,0.311152,0.317365,0.316153,0.305877,0.305243,0.317365,0.305243,0.316153,0.305877,1,0,0.109341,0,0.00153439,-0.0424387,0.000811619,0.00573961,-0.327832,0,0,0,-0.00401983,-0.183087,-0.00127931,-1.60742,-0.0975809,10.4984,10.6212,0,19.3914
4.64,hover,-0.0077731,0.445885,-0.00187155,0.109433,0,0,0.000924942,0.184731,0.00157796,97.3808,97.5208,107.454,3.36233,nan,0.310998,0.316849,0.317045,0.304955,0.305176,0.316849,0.305176,0.317045,0.304955,1,0,0.109443,0,6.47959e-05,-0.045026,-0.000183044,0.00553806,-0.328118,0,0,0,0.00198987,-0.183175,-0.00415366,-1.5944,-0.0990205,10.5314,10.6519,0,19.2803
4.65,hover,-0.00776369,0.444036,-0.00186552,0.109485,0,0,0.00108723,0.185126,0.000858671,97.371,97.511,107.487,3.37027,nan,0.310841,0.317155,0.316006,0.305169,0.305066,0.317155,0.305066,0.316006,0.305169,1,0,0.1095,0,0.00277487,-0.0434403,0.000550178,0.00552751,-0.328289,0,0,0,0.00134245,-0.195181,0.00252572,-1.55026,-0.0808391,10.5294,10.6432,0,19.1714
4.66,hover,-0.00774966,0.442183,-0.00183356,0.109551,0,0,0.00123589,0.185453,0.00107111,97.3613,97.5013,107.521,3.37819,nan,0.310681,0.317933,0.31531,0.306124,0.303391,0.317933,0.303391,0.31531,0.306124,1,0,0.109556,0,-0.000292099,-0.0449623,0.00235418,0.00548257,-0.328461,0,0,0,0.011502,-0.17944,-0.00265868,-1.42846,-0.0286383,10.4433,10.5406,0,19.0614
4.67,hover,-0.00773346,0.440326,-0.00181264,0.109619,0,0,0.00132169,0.185885,0.000919999,97.3516,97.4916,107.555,3.38607,nan,0.310519,0.315677,0.317105,0.304098,0.305227,0.315677,0.305227,0.317105,0.304098,1,0,0.10963,0,-0.000789535,-0.0444459,-0.00112395,0.00548736,-0.328683,0,0,0,0.0144094,-0.188602,-0.00331336,-1.43334,0.0313686,10.4545,10.5523,0,18.9511
4.68,hover,-0.00771858,0.438465,-0.00178283,0.109657,0,0,0.00128274,0.186349,0.000947091,97.3419,97.4819,107.589,3.39391,nan,0.310353,0.315449,0.316746,0.304437,0.304812,0.315449,0.304812,0.316746,0.304437,1,0,0.109667,0,-0.00244608,-0.0434761,-0.000734936,0.00542246,-0.328799,0,0,0,-0.00762948,-0.180284,-0.00215855,-1.50431,0.115887,10.5386,10.6461,0,18.8424
4.69,hover,-0.00770618,0.4366,-0.00182001,0.109686,0,0,0.00105006,0.186703,0.0016529,97.3323,97.4723,107.623,3.40172,nan,0.310184,0.316494,0.315708,0.304626,0.303943,0.316494,0.303943,0.315708,0.304626,1,0,0.109698,0,0.000271124,-0.0447795,0.000645359,0.00554891,-0.3289,0,0,0,0.0109955,-0.194249,0.0166845,-1.45553,0.0792762,10.5019,10.6026,0,18.7338
4.7,hover,-0.00769434,0.434731,-0.00189456,0.109755,0,0,0.000881802,0.187142,0.000960903,97.3227,97.4627,107.657,3.40951,nan,0.310013,0.316824,0.314689,0.305489,0.303085,0.316824,0.303085,0.314689,0.305489,1,0,0.109759,0,-0.000714287,-0.0434644,0.00199491,0.00566731,-0.329084,0,0,0,0.0152119,-0.186876,0.00155206,-1.58398,-0.0397181,10.4099,10.5298,0,18.6227
4.71,hover,-0.00768544,0.432857,-0.00188204,0.109824,0,0,0.000747304,0.187553,0.00173493,97.3131,97.4531,107.691,3.41727,nan,0.309839,0.315653,0.315683,0.303475,0.30458,0.315653,0.30458,0.315683,0.303475,1,0,0.109835,0,0.00285219,-0.0441113,-0.000498679,0.00559507,-0.329311,0,0,0,0.00985721,-0.200659,0.00225645,-1.69191,-0.0928746,10.4799,10.616,0,18.5115
4.72,hover,-0.00768218,0.43098,-0.00184904,0.109885,0,0,0.000731444,0.188008,0.00278226,97.3036,97.4436,107.725,3.42502,nan,0.309662,0.315415,0.315526,0.30354,0.304203,0.315415,0.304203,0.315526,0.30354,1,0,0.109891,0,0.00146367,-0.0439581,-0.000340158,0.00549256,-0.329485,0,0,0,0.00703687,-0.194705,-0.000638501,-1.66826,-0.0872444,10.5296,10.6613,0,18.4004
4.73,hover,-0.00768158,0.429097,-0.00167899,0.109955,0,0,0.000702677,0.188613,0.00240933,97.2941,97.4341,107.76,3.43278,nan,0.309483,0.316012,0.314753,0.304187,0.303015,0.316012,0.303015,0.314753,0.304187,1,0,0.109965,0,0.000229444,-0.0446477,0.0010687,0.00496711,-0.329703,0,0,0,-0.00723638,-0.199964,-0.00483186,-1.5569,-0.0658144,10.4046,10.5206,0,18.2886
4.74,hover,-0.00767776,0.427207,-0.0016173,0.109985,0,0,0.000545539,0.189279,0.0022838,97.2846,97.4246,107.794,3.44051,nan,0.309301,0.314602,0.315651,0.303122,0.303865,0.314602,0.303865,0.315651,0.303122,1,0,0.109991,0,-0.000811088,-0.0440833,-0.000787195,0.00483967,-0.329779,0,0,0,-0.000545697,-0.191877,-0.00820939,-1.56013,-0.000419394,10.3813,10.4979,0,18.1786
4.75,hover,-0.00767639,0.425311,-0.00167875,0.110015,0,0,0.000446678,0.189863,0.00208698,97.2752,97.4152,107.828,3.44818,nan,0.309116,0.315395,0.314877,0.303174,0.303056,0.315395,0.303056,0.314877,0.303174,1,0,0.110019,0,0.00105854,-0.0455544,0.000279427,0.00506317,-0.329857,0,0,0,0.00650507,-0.182201,-0.0123888,-1.57713,0.0420078,10.4538,10.5722,0,18.0683
4.76,hover,-0.00767411,0.42341,-0.00175593,0.11006,0,0,0.00037928,0.190461,0.00209729,97.2658,97.4058,107.863,3.45584,nan,0.308929,0.313353,0.316321,0.302317,0.303764,0.313353,0.303764,0.316321,0.302317,1,0,0.110069,0,-0.00403804,-0.0447038,-0.00194056,0.0052695,-0.329999,0,0,0,0.00658975,-0.188551,-0.00666014,-1.64464,0.00876326,10.488,10.6162,0,17.9567
4.77,hover,-0.00767328,0.421502,-0.00174365,0.110077,0,0,0.000100779,0.190997,0.00197427,97.2564,97.3964,107.897,3.46349,nan,0.30874,0.315344,0.313787,0.304287,0.30158,0.315344,0.30158,0.313787,0.304287,1,0,0.110086,0,-0.00304847,-0.0440796,0.00187369,0.00524841,-0.33005,0,0,0,0.00142438,-0.1868,0.00180255,-1.64844,0.0456208,10.4633,10.5924,0,17.8465
4.78,hover,-0.00767529,0.41959,-0.00175068,0.110103,0,0,-0.000226775,0.191471,0.001975,97.2471,97.3871,107.932,3.47113,nan,0.308548,0.313794,0.315031,0.302452,0.302953,0.313794,0.302953,0.315031,0.302452,1,0,0.110108,0,-0.00195374,-0.0443757,-0.000764344,0.00524621,-0.330132,0,0,0,0.0102272,-0.192483,-0.00802204,-1.71832,-0.0107008,10.4291,10.5697,0,17.7355
4.79,hover,-0.00768078,0.417673,-0.00177187,0.110116,0,0,-0.000590699,0.19187,0.00164973,97.2378,97.3778,107.967,3.4788,nan,0.308353,0.314706,0.313482,0.302769,0.302496,0.314706,0.302496,0.313482,0.302769,1,0,0.110125,0,0.00252291,-0.0434351,0.000657719,0.005246,-0.33019,0,0,0,0.00281406,-0.201892,0.016269,-1.67706,-0.110588,10.4568,10.591,0,17.6249
4.8,hover,-0.00768754,0.415753,-0.00179646,0.110131,0,0,-0.000919408,0.192243,0.00100374,97.2286,97.3686,108.002,3.48645,nan,0.308157,0.313586,0.314393,0.302034,0.302653,0.313586,0.302653,0.314393,0.302034,1,0,0.110149,0,-0.000497653,-0.0441346,-0.000627174,0.00529716,-0.330234,0,0,0,-0.00543746,-0.20098,0.00156407,-1.62567,-0.113908,10.4627,10.5888,0,17.514
4.81,hover,-0.00769429,0.413829,-0.00178917,0.11016,0,0,-0.0011439,0.192586,0.000529716,97.2194,97.3594,108.037,3.49403,nan,0.307957,0.313546,0.314171,0.301532,0.302621,0.313546,0.302621,0.314171,0.301532,1,0,0.110164,0,0.00122884,-0.0446482,-0.000753485,0.00532445,-0.330302,0,0,0,-0.00674493,-0.191618,-0.0132589,-1.58905,-0.0279598,10.368,10.4891,0,17.4021
4.82,hover,-0.00770297,0.411901,-0.00179497,0.110165,0,0,-0.00124548,0.193049,0.00112794,97.2102,97.3502,108.072,3.50158,nan,0.307756,0.313357,0.314054,0.301727,0.301927,0.313357,0.301927,0.314054,0.301727,1,0,0.110171,0,-0.0013156,-0.0450154,-0.000394011,0.00537143,-0.330322,0,0,0,0.00429933,-0.194629,-0.00803156,-1.6743,-0.00854804,10.4262,10.5598,0,17.2914
4.83,hover,-0.00771288,0.409968,-0.00185453,0.11014,0,0,-0.00125047,0.193528,0.000862606,97.2011,97.3411,108.107,3.5091,nan,0.307552,0.313262,0.31358,0.302129,0.30128,0.313262,0.30128,0.31358,0.302129,1,0,0.110154,0,-0.00309765,-0.0444008,0.000233462,0.00560001,-0.33025,0,0,0,0.00649365,-0.193441,0.00563012,-1.65832,0.0656835,10.5153,10.6455,0,17.1821
4.84,hover,-0.00772164,0.40803,-0.00194115,0.110146,0,0,-0.0012621,0.194099,0.000835369,97.192,97.332,108.142,3.51659,nan,0.307346,0.312745,0.313555,0.301387,0.301739,0.312745,0.301739,0.313555,0.301387,1,0,0.110164,0,-0.00121555,-0.0439109,-0.000510938,0.00578563,-0.330294,0,0,0,0.00537594,-0.213819,0.0127823,-1.69823,-0.0590948,10.4658,10.6028,0,17.0707
4.85,hover,-0.00773036,0.406086,-0.00206022,0.110159,0,0,-0.00120725,0.194856,0.000510306,97.183,97.323,108.177,3.52406,nan,0.307137,0.313029,0.313026,0.301337,0.301198,0.313029,0.301198,0.313026,0.301337,1,0,0.11018,0,-0.000358216,-0.0445671,6.21281e-05,0.00610119,-0.330306,0,0,0,-0.00259869,-0.193079,0.00645425,-1.76074,-0.121575,10.3803,10.5293,0,16.9585
4.86,hover,-0.00773801,0.404133,-0.00207067,0.110159,0,0,-0.000986164,0.195724,0.00123602,97.174,97.314,108.212,3.5315,nan,0.306926,0.312953,0.312641,0.301253,0.300898,0.312953,0.300898,0.312641,0.301253,1,0,0.110175,0,-0.000111394,-0.04442,0.000293101,0.00615809,-0.330301,0,0,0,0.00393235,-0.192129,-3.93659e-05,-1.68314,-0.076866,10.4905,10.6249,0,16.8467
4.87,hover,-0.00774504,0.402171,-0.00198585,0.110148,0,0,-0.000627225,0.19676,0.0014279,97.1651,97.3051,108.248,3.53895,nan,0.306712,0.313514,0.311289,0.302061,0.300027,0.313514,0.300027,0.311289,0.302061,1,0,0.110162,0,0.00050739,-0.0430379,0.00187191,0.0058366,-0.330272,0,0,0,-0.00760602,-0.187687,-0.00284943,-1.6375,-0.158431,10.4093,10.5385,0,16.7349
4.88,hover,-0.00774569,0.400198,-0.00192951,0.110118,0,0,-0.00024984,0.197863,0.000146621,97.1561,97.2961,108.283,3.54637,nan,0.306495,0.313351,0.311533,0.301352,0.299789,0.313351,0.299789,0.311533,0.301352,1,0,0.110136,0,0.000677687,-0.0449877,0.00148604,0.00576638,-0.330196,0,0,0,-0.0090897,-0.204311,-0.00200004,-1.68451,0.0119596,10.4088,10.5442,0,16.6237
4.89,hover,-0.00773909,0.398214,-0.00198213,0.110079,0,0,0.00018332,0.199016,0.000100275,97.1473,97.2873,108.319,3.55378,nan,0.306276,0.311736,0.312723,0.299977,0.300714,0.311736,0.300714,0.312723,0.299977,1,0,0.110086,0,-0.000664215,-0.0450354,-0.000757804,0.00595769,-0.330066,0,0,0,0.0150458,-0.195169,-0.0021508,-1.67873,0.00736401,10.4473,10.5813,0,16.5122
4.9,hover,-0.0077309,0.396218,-0.00197437,0.110029,0,0,0.000593261,0.200336,0.000345976,97.1385,97.2785,108.354,3.56118,nan,0.306055,0.312735,0.310887,0.301714,0.298928,0.312735,0.298928,0.310887,0.301714,1,0,0.110047,0,-0.00248716,-0.0435424,0.00203658,0.00594605,-0.329927,0,0,0,0.00992614,-0.201357,0.00359534,-1.69951,0.0411511,10.5022,10.6389,0,16.4007
4.91,hover,-0.00771841,0.394208,-0.00197646,0.109927,0,0,0.000872203,0.201713,0.000831982,97.1297,97.2697,108.39,3.56856,nan,0.305831,0.310897,0.311901,0.300177,0.300393,0.310897,0.300393,0.311901,0.300177,1,0,0.109948,0,-0.00209229,-0.0421186,-0.00053624,0.00590385,-0.329633,0,0,0,0.0191325,-0.209597,-0.000343025,-1.82991,-0.0824898,10.416,10.5758,0,16.2914
4.92,hover,-0.00770671,0.392185,-0.00194136,0.109855,0,0,0.00105781,0.20291,0.00146803,97.121,97.261,108.425,3.57591,nan,0.305604,0.31189,0.310785,0.300343,0.299444,0.31189,0.299444,0.310785,0.300343,1,0,0.109885,0,0.000546072,-0.0433659,0.00088048,0.00578089,-0.329438,0,0,0,0.00147674,-0.223437,0.0046482,-1.8098,-0.0639776,10.4119,10.5682,0,16.1796
4.93,hover,-0.00769257,0.39015,-0.00187806,0.109773,0,0,0.00121111,0.204083,0.000145295,97.1123,97.2523,108.461,3.58323,nan,0.305375,0.311031,0.311065,0.299879,0.29957,0.311031,0.29957,0.311065,0.299879,1,0,0.109785,0,-0.000909899,-0.0429122,0.000121302,0.00553564,-0.329166,0,0,0,-0.00787703,-0.202893,0.00528832,-1.73126,-0.14408,10.3566,10.5013,0,16.0678
4.94,hover,-0.00767706,0.388104,-0.00184722,0.109642,0,0,0.00124279,0.205076,0.00197797,97.1036,97.2436,108.497,3.59054,nan,0.305142,0.310396,0.311546,0.298406,0.300268,0.310396,0.300268,0.311546,0.298406,1,0,0.10967,0,0.00188782,-0.044089,-0.00132396,0.00556999,-0.328799,0,0,0,-0.00018578,-0.220982,-0.0112662,-1.57192,0.0605422,10.4054,10.5237,0,15.9581
4.95,hover,-0.0076648,0.38605,-0.00189501,0.109547,0,0,0.00130479,0.205821,0.00100566,97.095,97.235,108.533,3.59783,nan,0.304907,0.309928,0.311415,0.298432,0.2999,0.309928,0.2999,0.311415,0.298432,1,0,0.109561,0,-4.92144e-05,-0.0436001,-0.00129894,0.00571008,-0.328477,0,0,0,0.00896475,-0.1981,0.00313407,-1.66355,0.0432686,10.4487,10.5804,0,15.8458
4.96,hover,-0.00764972,0.383989,-0.00196125,0.109412,0,0,0.00136269,0.206287,0.000656298,97.0865,97.2265,108.569,3.60512,nan,0.304668,0.309808,0.310769,0.299153,0.298992,0.309808,0.298992,0.310769,0.299153,1,0,0.109434,0,-0.00297846,-0.0425042,-0.000351718,0.00589636,-0.328091,0,0,0,0.0172584,-0.210799,0.00214722,-1.75975,0.00585924,10.4055,10.5533,0,15.7354
4.97,hover,-0.00763355,0.381925,-0.00199137,0.109294,0,0,0.00126729,0.206557,0.00043906,97.078,97.218,108.605,3.61242,nan,0.304427,0.310087,0.309855,0.299021,0.298795,0.310087,0.298795,0.309855,0.299021,1,0,0.109323,0,1.52297e-05,-0.0419246,0.000201467,0.0059687,-0.327747,0,0,0,0.0162448,-0.217621,0.00290703,-1.78644,-0.0281154,10.365,10.5179,0,15.6239
4.98,hover,-0.00761737,0.379858,-0.00194351,0.109192,0,0,0.00118657,0.206759,0.000719272,97.0695,97.2095,108.641,3.61967,nan,0.304183,0.308365,0.311281,0.297416,0.299718,0.308365,0.299718,0.311281,0.297416,1,0,0.109212,0,-0.00163,-0.0426567,-0.002293,0.0057594,-0.327427,0,0,0,0.0142248,-0.203396,0.0108362,-1.77426,-0.16513,10.5082,10.6582,0,15.5114
4.99,hover,-0.00760493,0.37779,-0.00183403,0.109074,0,0,0.00101147,0.206912,0.00168135,97.0611,97.2011,108.678,3.62692,nan,0.303936,0.308151,0.310963,0.296743,0.299936,0.308151,0.299936,0.310963,0.296743,1,0,0.109087,0,0.00100981,-0.0425089,-0.00263934,0.0054944,-0.327074,0,0,0,-0.00212685,-0.208383,-0.00487548,-1.76991,0.0247209,10.3882,10.538,0,15.3997
5,roll -12deg,-0.00759939,0.37572,-0.00176706,0.108925,-0.20944,0,0.000714515,0.206984,0.00276179,97.0528,97.1928,108.714,3.63416,nan,0.303686,0.309704,0.309077,0.298383,0.297632,0.309704,0.297632,0.309077,0.298383,1,0,0.108939,0,-0.000326572,-0.0431385,0.000605978,0.0053065,-0.326613,0,0,0,0.00512382,-0.19838,-0.00518174,-1.6438,0.0191202,10.3684,10.4979,0,15.2897
5.01,roll -12deg,-0.00761274,0.37365,-0.00182932,0.108783,-0.20944,0,-0.00583651,0.206857,0.00280177,97.0445,97.1845,108.75,3.64138,nan,0.303434,0.296132,0.321815,0.309429,0.28641,0.296132,0.28641,0.321815,0.309429,1,0,0.234018,0,-0.129192,-0.041891,-0.00117115,-0.622657,-0.320845,0,0,0,0.00398028,-0.213358,-0.00570488,-1.78269,-0.0324745,10.4689,10.6197,0,15.1793
5.02,roll -12deg,-0.00777661,0.371583,-0.00201754,0.108677,-0.20944,0,-0.0301043,0.206415,0.00227169,97.0363,97.1763,108.787,3.6486,nan,0.303179,0.297225,0.320477,0.309803,0.285261,0.297225,0.285261,0.320477,0.309803,1,0,0.233818,0,-0.126783,-0.0428936,0.000566732,-0.62214,-0.320523,0,0,0,-0.0198708,-0.198433,-0.00256215,-1.83674,-0.0573809,10.3598,10.5216,0,15.067
5.03,roll -12deg,-0.00825125,0.369522,-0.00248946,0.108553,-0.20944,0,-0.0686577,0.205804,0.0011321,97.0281,97.1681,108.823,3.65582,nan,0.302921,0.296768,0.320277,0.308169,0.286521,0.296768,0.286521,0.320277,0.308169,1,0,0.233372,0,-0.119785,-0.0423572,-0.000818232,-0.62084,-0.32018,0,0,0,-0.0637268,-0.218332,0.00271337,-1.83901,-0.157747,10.4853,10.6466,0,14.9562
5.04,roll -12deg,-0.00916104,0.367467,-0.00331719,0.108462,-0.20944,0,-0.117372,0.20506,0.00214002,97.0199,97.1599,108.86,3.66305,nan,0.30266,0.298492,0.318234,0.30699,0.286975,0.298492,0.286975,0.318234,0.30699,1,0,0.232621,0,-0.105464,-0.043129,0.000120331,-0.618468,-0.31987,0,0,0,-0.114422,-0.210278,0.00247486,-1.71605,-0.172905,10.4005,10.5425,0,14.8442
5.05,roll -12deg,-0.0105918,0.36542,-0.00458035,0.108375,-0.20944,0,-0.172485,0.204374,0.00152897,97.0118,97.1518,108.896,3.67025,nan,0.302397,0.29957,0.316365,0.306287,0.287417,0.29957,0.287417,0.316365,0.306287,1,0,0.231453,0,-0.0946048,-0.042124,0.000912041,-0.614709,-0.319586,0,0,0,-0.163761,-0.211207,-0.00875962,-1.68041,-0.0275624,10.3659,10.5012,0,14.7326
5.06,roll -12deg,-0.0125902,0.36338,-0.00649508,0.108253,-0.20944,0,-0.230866,0.203542,0.00204226,97.0038,97.1438,108.933,3.67743,nan,0.302131,0.299917,0.316096,0.303971,0.288595,0.299917,0.288595,0.316096,0.303971,1,0,0.22971,0,-0.0837095,-0.0444273,-0.000353055,-0.609058,-0.319176,0,0,0,-0.226684,-0.200681,-0.00884432,-1.73913,0.062463,10.4567,10.6005,0,14.6235
5.07,roll -12deg,-0.0151763,0.361348,-0.00897125,0.108172,-0.20944,0,-0.289811,0.20278,0.00206962,96.9958,97.1358,108.97,3.68461,nan,0.301865,0.301405,0.313173,0.303734,0.289201,0.301405,0.289201,0.313173,0.303734,1,0,0.22751,0,-0.069768,-0.0410081,0.00121521,-0.601803,-0.318876,0,0,0,-0.268077,-0.201844,0.00518684,-1.8252,-0.0529916,10.3296,10.4897,0,14.5128
5.08,roll -12deg,-0.0183425,0.359324,-0.0118226,0.10808,-0.20944,0,-0.34691,0.20197,0.00176655,96.9879,97.1279,109.007,3.69178,nan,0.301597,0.301744,0.312824,0.299631,0.292243,0.301744,0.292243,0.312824,0.299631,1,0,0.224984,0,-0.048991,-0.0430005,-0.00162282,-0.593447,-0.318534,0,0,0,-0.345236,-0.207289,0.00249686,-1.92136,-0.0947092,10.3807,10.5574,0,14.4035
5.09,roll -12deg,-0.0220602,0.357308,-0.0151073,0.107976,-0.20944,0,-0.400144,0.201289,0.00158723,96.98,97.12,109.044,3.69893,nan,0.301329,0.30312,0.310667,0.299558,0.292023,0.30312,0.292023,0.310667,0.299558,1,0,0.222058,0,-0.0400044,-0.0420766,-5.0862e-06,-0.583768,-0.318123,0,0,0,-0.399554,-0.201193,0.00338061,-1.81976,-0.148466,10.4219,10.5806,0,14.2954
5.1,roll -12deg,-0.0262813,0.355299,-0.0188762,0.107875,-0.20944,0,-0.448278,0.200601,0.000582426,96.9722,97.1122,109.081,3.70609,nan,0.30106,0.30395,0.309754,0.298232,0.292356,0.30395,0.292356,0.309754,0.298232,1,0,0.21869,0,-0.0309797,-0.0437995,3.17795e-05,-0.572523,-0.317729,0,0,0,-0.443382,-0.19319,-0.00107372,-1.64723,0.00153538,10.3645,10.4946,0,14.1876
5.11,roll -12deg,-0.0309506,0.353296,-0.0230489,0.107731,-0.20944,0,-0.490356,0.200005,0.000777594,96.9644,97.1044,109.118,3.71322,nan,0.30079,0.304028,0.308806,0.295768,0.294615,0.304028,0.294615,0.308806,0.295768,1,0,0.214984,0,-0.0157321,-0.04254,-0.0015934,-0.560144,-0.317195,0,0,0,-0.478698,-0.205668,0.00311131,-1.77259,0.0498162,10.4272,10.5769,0,14.0827
5.12,roll -12deg,-0.0360059,0.3513,-0.0274689,0.107573,-0.20944,0,-0.525554,0.199385,0.00113354,96.9567,97.0967,109.155,3.72034,nan,0.300521,0.304899,0.307265,0.295534,0.294441,0.304899,0.294441,0.307265,0.295534,1,0,0.211086,0,-0.0091758,-0.042046,-0.000559772,-0.54709,-0.316577,0,0,0,-0.519724,-0.212416,-0.00202937,-2.0245,-0.0039697,10.2833,10.4807,0,13.979
5.13,roll -12deg,-0.0413762,0.34931,-0.0319951,0.107345,-0.20944,0,-0.553729,0.198808,0.000417504,96.949,97.089,109.192,3.72742,nan,0.300252,0.306399,0.30542,0.295362,0.293882,0.306399,0.293882,0.30542,0.295362,1,0,0.207064,0,-0.00133052,-0.0427765,0.00108081,-0.533685,-0.315742,0,0,0,-0.563609,-0.205245,-0.00456923,-1.83479,-0.120101,10.3949,10.5563,0,13.8799
5.14,roll -12deg,-0.0469909,0.347327,-0.0367197,0.107126,-0.20944,0,-0.575236,0.198069,0.000661942,96.9414,97.0814,109.23,3.73444,nan,0.299985,0.307299,0.303763,0.29444,0.29449,0.307299,0.29449,0.303763,0.29444,1,0,0.202884,0,0.0095139,-0.0419336,0.00153195,-0.519626,-0.314938,0,0,0,-0.588494,-0.210717,0.00486729,-1.83973,-0.0852463,10.3596,10.522,0,13.7807
5.15,roll -12deg,-0.0527847,0.345353,-0.0415724,0.106888,-0.20944,0,-0.590287,0.19702,0.000438007,96.9338,97.0738,109.267,3.74144,nan,0.299718,0.305953,0.304971,0.291653,0.296349,0.305953,0.296349,0.304971,0.291653,1,0,0.198586,0,0.0150631,-0.0434329,-0.00163232,-0.505133,-0.314035,0,0,0,-0.590834,-0.19118,-0.012026,-1.83472,0.0289732,10.3237,10.4855,0,13.6833
5.16,roll -12deg,-0.0586966,0.343391,-0.0464854,0.106629,-0.20944,0,-0.599063,0.19583,0.000357324,96.9263,97.0663,109.304,3.7484,nan,0.299453,0.305415,0.304792,0.290946,0.296713,0.305415,0.296713,0.304792,0.290946,1,0,0.194259,0,0.0169502,-0.0427239,-0.00226107,-0.49045,-0.313102,0,0,0,-0.587792,-0.19003,-0.00499494,-1.75623,0.116091,10.3042,10.4535,0,13.5877
5.17,roll -12deg,-0.0646658,0.341442,-0.051358,0.106325,-0.20944,0,-0.60221,0.194507,0.000706427,96.9189,97.0589,109.342,3.7553,nan,0.29919,0.306996,0.302693,0.291589,0.295534,0.306996,0.295534,0.302693,0.291589,1,0,0.189986,0,0.02188,-0.0427607,0.000157318,-0.475966,-0.311991,0,0,0,-0.58381,-0.202166,-0.00168643,-1.95419,-0.0010295,10.3071,10.4908,0,13.4958
5.18,roll -12deg,-0.0706369,0.339508,-0.0561027,0.105915,-0.20944,0,-0.600239,0.193272,-0.000802593,96.9115,97.0515,109.38,3.76211,nan,0.298929,0.306706,0.302327,0.291088,0.295648,0.306706,0.295648,0.302327,0.291088,1,0,0.185788,0,0.0237108,-0.0422466,-7.93628e-05,-0.461851,-0.310589,0,0,0,-0.598309,-0.207983,0.00770684,-1.95789,-0.0991687,10.3441,10.5283,0,13.4111
5.19,roll -12deg,-0.0765602,0.337586,-0.0607422,0.105496,-0.20944,0,-0.593821,0.192114,-0.000374101,96.9041,97.0441,109.417,3.76885,nan,0.298671,0.307251,0.301558,0.28997,0.295955,0.307251,0.295955,0.301558,0.28997,1,0,0.181676,0,0.0309803,-0.0433591,-0.000128076,-0.447984,-0.309139,0,0,0,-0.600548,-0.201649,-0.0081297,-1.84491,-0.0555455,10.3439,10.5073,0,13.3282
5.2,roll -12deg,-0.082398,0.335677,-0.0652675,0.10506,-0.20944,0,-0.583605,0.191019,-0.000426173,96.8968,97.0368,109.455,3.77551,nan,0.298415,0.306896,0.301446,0.290467,0.294901,0.306896,0.294901,0.301446,0.290467,1,0,0.177676,0,0.0262191,-0.0435324,0.000446913,-0.434413,-0.307671,0,0,0,-0.579466,-0.196166,-0.0010362,-1.82219,0.113383,10.3781,10.5374,0,13.2472
5.21,roll -12deg,-0.0881154,0.333778,-0.0696673,0.104648,-0.20944,0,-0.570397,0.190014,1.77216e-05,96.8896,97.0296,109.493,3.78212,nan,0.298162,0.306911,0.301034,0.28989,0.294862,0.306911,0.294862,0.301034,0.28989,1,0,0.173818,0,0.0287769,-0.0439458,0.000398026,-0.421261,-0.306222,0,0,0,-0.563638,-0.191781,-0.00216213,-1.85117,0.106695,10.3132,10.4786,0,13.1658
5.22,roll -12deg,-0.0936864,0.331892,-0.0738668,0.104179,-0.20944,0,-0.554754,0.188931,-0.000443055,96.8824,97.0224,109.531,3.78866,nan,0.297911,0.305408,0.301793,0.289044,0.29545,0.305408,0.29545,0.301793,0.289044,1,0,0.170113,0,0.0265845,-0.043024,-0.00122694,-0.408727,-0.30459,0,0,0,-0.550705,-0.194964,0.0111054,-1.92336,-0.0233098,10.2452,10.4242,0,13.089
5.23,roll -12deg,-0.0990888,0.330017,-0.0778291,0.103668,-0.20944,0,-0.537209,0.187777,-0.000304549,96.8753,97.0153,109.569,3.79512,nan,0.297663,0.305371,0.300988,0.288746,0.295597,0.305371,0.295597,0.300988,0.288746,1,0,0.166601,0,0.0298002,-0.0417149,-0.0010848,-0.396884,-0.302839,0,0,0,-0.540008,-0.191267,0.00306391,-1.94094,-0.100492,10.325,10.5064,0,13.016
5.24,roll -12deg,-0.104306,0.328155,-0.0815812,0.103173,-0.20944,0,-0.518251,0.186327,-0.000558095,96.8682,97.0082,109.606,3.80151,nan,0.297419,0.304697,0.301694,0.288453,0.29488,0.304697,0.29488,0.301694,0.288453,1,0,0.163273,0,0.0250126,-0.0436893,-0.00150513,-0.385603,-0.301158,0,0,0,-0.510753,-0.184632,0.000478137,-1.80697,-0.0643227,10.319,10.4762,0,12.9436
5.25,roll -12deg,-0.109325,0.326311,-0.0851402,0.102677,-0.20944,0,-0.498468,0.184748,-0.00121936,96.8611,97.0011,109.645,3.80785,nan,0.297177,0.304058,0.302217,0.288357,0.294125,0.304058,0.294125,0.302217,0.288357,1,0,0.160123,0,0.0201844,-0.0450853,-0.0017261,-0.374934,-0.29949,0,0,0,-0.502226,-0.193105,0.00619353,-1.76571,0.0441268,10.2908,10.4413,0,12.8728
5.26,roll -12deg,-0.114143,0.324483,-0.088485,0.102156,-0.20944,0,-0.478393,0.183144,0.000153631,96.8541,96.9941,109.683,3.81408,nan,0.296939,0.305593,0.299522,0.290423,0.292265,0.305593,0.292265,0.299522,0.290423,1,0,0.157143,0,0.0209895,-0.0424943,0.00185839,-0.364911,-0.297685,0,0,0,-0.480116,-0.17923,-0.0115946,-1.85187,0.0631346,10.2361,10.4024,0,12.8051
5.27,roll -12deg,-0.11876,0.322673,-0.0916113,0.101639,-0.20944,0,-0.45842,0.181352,-0.000948677,96.8472,96.9872,109.721,3.82024,nan,0.296703,0.302808,0.301774,0.288093,0.294185,0.302808,0.294185,0.301774,0.288093,1,0,0.154341,0,0.018901,-0.0422636,-0.00222288,-0.355529,-0.295929,0,0,0,-0.455641,-0.185603,0.0158489,-1.96557,0.0823269,10.2428,10.43,0,12.739
5.28,roll -12deg,-0.123175,0.320883,-0.0945188,0.101093,-0.20944,0,-0.438851,0.179391,-0.00117904,96.8403,96.9803,109.759,3.82633,nan,0.296471,0.303041,0.301093,0.288694,0.293103,0.303041,0.293103,0.301093,0.288694,1,0,0.151714,0,0.0168625,-0.0423236,-0.00108209,-0.346808,-0.294071,0,0,0,-0.430091,-0.188239,-0.00185236,-1.94063,-0.101576,10.2886,10.4705,0,12.6765
5.29,roll -12deg,-0.127395,0.319114,-0.0971819,0.100562,-0.20944,0,-0.419795,0.177421,-0.00105381,96.8334,96.9734,109.797,3.83234,nan,0.296242,0.303068,0.300997,0.288292,0.292659,0.303068,0.292659,0.300997,0.288292,1,0,0.149292,0,0.0170791,-0.0437966,-0.00100903,-0.33878,-0.292306,0,0,0,-0.407739,-0.188171,-0.00180554,-1.83827,0.0109662,10.2138,10.3779,0,12.6153
5.3,roll -12deg,-0.131428,0.317364,-0.0996517,0.100071,-0.20944,0,-0.401555,0.175611,-0.000936244,96.8266,96.9666,109.836,3.83829,nan,0.296017,0.301386,0.302022,0.288155,0.29255,0.301386,0.29255,0.302022,0.288155,1,0,0.147047,0,0.00997255,-0.0430189,-0.00221137,-0.33136,-0.290603,0,0,0,-0.390723,-0.177541,-0.00151856,-1.89955,0.0780665,10.2048,10.3804,0,12.554
5.31,roll -12deg,-0.135285,0.315631,-0.101971,0.0995927,-0.20944,0,-0.384479,0.173958,0.000665156,96.8198,96.9598,109.874,3.84417,nan,0.295796,0.301289,0.301908,0.287534,0.292496,0.301289,0.292496,0.301908,0.287534,1,0,0.144924,0,0.0115196,-0.0438969,-0.00245324,-0.324372,-0.28895,0,0,0,-0.370107,-0.171004,0.0038837,-1.84958,0.110629,10.3541,10.5186,0,12.4937
5.32,roll -12deg,-0.138979,0.313914,-0.104125,0.0990914,-0.20944,0,-0.368601,0.172428,0.000688569,96.8131,96.9531,109.913,3.84997,nan,0.295578,0.301732,0.300448,0.289347,0.290828,0.301732,0.290828,0.300448,0.289347,1,0,0.142936,0,0.0073354,-0.041697,-8.65491e-05,-0.317917,-0.287228,0,0,0,-0.355207,-0.17394,0.00646266,-1.98404,0.038692,10.1818,10.3734,0,12.4363
5.33,roll -12deg,-0.142517,0.312214,-0.106126,0.0986268,-0.20944,0,-0.353965,0.170837,-0.000780943,96.8064,96.9464,109.951,3.85567,nan,0.295363,0.301298,0.30096,0.288793,0.290446,0.301298,0.290446,0.30096,0.288793,1,0,0.141093,0,0.00528134,-0.043615,-0.00057801,-0.311931,-0.285627,0,0,0,-0.355428,-0.181795,0.00231463,-2.04236,-0.0425319,10.2841,10.485,0,12.3787
5.34,roll -12deg,-0.145913,0.310531,-0.107947,0.0981342,-0.20944,0,-0.340624,0.169406,4.86499e-05,96.7998,96.9398,109.99,3.8613,nan,0.295152,0.30129,0.300338,0.28883,0.290193,0.30129,0.290193,0.300338,0.28883,1,0,0.139372,0,0.00614273,-0.0428329,-0.000180732,-0.306431,-0.283955,0,0,0,-0.338218,-0.181787,-0.00635025,-1.90595,-0.0197598,10.2697,10.4451,0,12.3248
5.35,roll -12deg,-0.149182,0.308861,-0.109654,0.0976633,-0.20944,0,-0.328438,0.168097,0.000217891,96.7932,96.9332,110.028,3.86684,nan,0.294944,0.301039,0.300373,0.288396,0.29001,0.301039,0.29001,0.300373,0.288396,1,0,0.137738,0,0.00604704,-0.0435935,-0.000416315,-0.30129,-0.282317,0,0,0,-0.327235,-0.167459,-0.00228068,-1.84571,-0.0411118,10.1431,10.3097,0,12.2713
5.36,roll -12deg,-0.152334,0.307205,-0.111255,0.0972504,-0.20944,0,-0.317402,0.166812,-9.4121e-05,96.7866,96.9266,110.067,3.87228,nan,0.29474,0.302617,0.29898,0.290112,0.287291,0.302617,0.287291,0.29898,0.290112,1,0,0.136228,0,0.0021644,-0.045842,0.00283824,-0.296457,-0.280882,0,0,0,-0.309808,-0.162107,0.00822234,-1.89788,0.064118,10.2688,10.4429,0,12.2159
5.37,roll -12deg,-0.155378,0.305562,-0.112775,0.0968325,-0.20944,0,-0.307623,0.16562,0.000287109,96.7801,96.9201,110.106,3.87764,nan,0.294538,0.299923,0.300716,0.288083,0.289472,0.299923,0.289472,0.300716,0.288083,1,0,0.134789,0,0.00158276,-0.0437394,-0.000959073,-0.291876,-0.279417,0,0,0,-0.292157,-0.168315,-0.00340568,-1.95007,0.0758562,10.2195,10.4042,0,12.1623
5.38,roll -12deg,-0.158332,0.303931,-0.114162,0.0964258,-0.20944,0,-0.299051,0.164474,-0.000193645,96.7736,96.9136,110.145,3.88293,nan,0.29434,0.301597,0.298809,0.289875,0.287118,0.301597,0.287118,0.298809,0.289875,1,0,0.133459,0,8.15137e-05,-0.0443632,0.00243738,-0.287727,-0.277979,0,0,0,-0.29877,-0.16281,0.00499175,-2.00899,0.0527239,10.1795,10.376,0,12.11
5.39,roll -12deg,-0.161203,0.302314,-0.115458,0.0959916,-0.20944,0,-0.291668,0.163444,-0.000924509,96.7672,96.9072,110.183,3.88816,nan,0.294144,0.298666,0.3006,0.287934,0.289416,0.298666,0.289416,0.3006,0.287934,1,0,0.132174,0,-0.00120229,-0.0415264,-0.00150121,-0.283835,-0.276474,0,0,0,-0.29094,-0.174537,0.00270916,-1.96762,-0.1306,10.2318,10.4201,0,12.0611
5.4,roll -12deg,-0.164005,0.300707,-0.116689,0.095592,-0.20944,0,-0.285268,0.162382,-0.000369418,96.7608,96.9008,110.222,3.89331,nan,0.293952,0.299933,0.299031,0.289083,0.287799,0.299933,0.287799,0.299031,0.289083,1,0,0.130957,0,-0.00101315,-0.0418411,0.000960612,-0.280109,-0.275073,0,0,0,-0.281993,-0.164818,-0.00626944,-1.8929,-0.0464695,10.2689,10.442,0,12.0116
5.41,roll -12deg,-0.166746,0.299111,-0.117838,0.095169,-0.20944,0,-0.279753,0.161292,-0.000320842,96.7544,96.8944,110.261,3.89839,nan,0.293762,0.298771,0.30033,0.28723,0.288756,0.298771,0.288756,0.30033,0.28723,1,0,0.129783,0,-8.88315e-05,-0.043799,-0.00135645,-0.276634,-0.27361,0,0,0,-0.277163,-0.163754,-0.00483434,-1.85502,0.0743113,10.2574,10.424,0,11.9653
5.42,roll -12deg,-0.169437,0.297527,-0.118973,0.0947766,-0.20944,0,-0.274984,0.160169,8.78145e-05,96.7481,96.8881,110.3,3.90343,nan,0.293575,0.2986,0.299781,0.2878,0.288158,0.2986,0.288158,0.299781,0.2878,1,0,0.128647,0,-0.00218385,-0.0424898,-0.000676582,-0.273216,-0.272198,0,0,0,-0.270036,-0.158842,-0.00964723,-1.90753,0.0933491,10.2452,10.4217,0,11.9185
5.43,roll -12deg,-0.172083,0.295954,-0.12007,0.0944083,-0.20944,0,-0.270868,0.159037,-8.84619e-05,96.7418,96.8818,110.339,3.90841,nan,0.293391,0.298028,0.300001,0.287371,0.288202,0.298028,0.288202,0.300001,0.287371,1,0,0.127554,0,-0.00302725,-0.0425488,-0.00123227,-0.269902,-0.270872,0,0,0,-0.259756,-0.152509,2.11409e-05,-1.91322,0.153468,10.1461,10.326,0,11.8718
5.44,roll -12deg,-0.174691,0.294393,-0.121126,0.0940547,-0.20944,0,-0.267344,0.157922,-0.000684069,96.7356,96.8756,110.378,3.91333,nan,0.29321,0.297733,0.300208,0.286415,0.288521,0.297733,0.288521,0.300208,0.286415,1,0,0.126504,0,-0.000979284,-0.0435897,-0.0020134,-0.266751,-0.269606,0,0,0,-0.267007,-0.170753,0.0101551,-1.9771,-0.0229896,10.2132,10.4028,0,11.8259
5.45,roll -12deg,-0.177266,0.292843,-0.122136,0.093678,-0.20944,0,-0.264301,0.156949,-0.000412739,96.7294,96.8694,110.418,3.91823,nan,0.293031,0.2974,0.300003,0.286685,0.288073,0.2974,0.288073,0.300003,0.286685,1,0,0.125466,0,-0.00322365,-0.0429074,-0.00175482,-0.263716,-0.268239,0,0,0,-0.26407,-0.157234,-0.00449188,-2.0211,-0.056385,10.239,10.4367,0,11.7829
5.46,roll -12deg,-0.179813,0.291303,-0.123112,0.0933418,-0.20944,0,-0.261737,0.155998,0.000293339,96.7232,96.8632,110.457,3.92305,nan,0.292856,0.298322,0.298694,0.286983,0.287459,0.298322,0.287459,0.298694,0.286983,1,0,0.124493,0,0.00027752,-0.0427735,-0.000372595,-0.260774,-0.267028,0,0,0,-0.265169,-0.16011,-0.00332035,-1.9474,-0.047881,10.2424,10.426,0,11.7394
5.47,roll -12deg,-0.182337,0.289772,-0.124083,0.0930051,-0.20944,0,-0.259486,0.155,0.00028081,96.7171,96.8571,110.496,3.92781,nan,0.292682,0.297196,0.299706,0.286004,0.287858,0.297196,0.287858,0.299706,0.286004,1,0,0.123519,0,-0.00173773,-0.043657,-0.00191781,-0.257849,-0.265799,0,0,0,-0.262184,-0.151871,-0.000246568,-1.94193,0.00578178,10.1572,10.3411,0,11.6971
5.48,roll -12deg,-0.184839,0.288252,-0.125035,0.0926873,-0.20944,0,-0.257475,0.15407,1.03815e-05,96.7109,96.8509,110.535,3.93252,nan,0.292511,0.297386,0.299178,0.286005,0.287512,0.297386,0.287512,0.299178,0.286005,1,0,0.122571,0,-0.000755045,-0.0436686,-0.00145009,-0.254963,-0.264662,0,0,0,-0.249757,-0.16053,-0.0107273,-1.91305,0.0100766,10.1756,10.3539,0,11.6551
5.49,roll -12deg,-0.187321,0.286742,-0.125962,0.0923867,-0.20944,0,-0.255676,0.153139,0.000230097,96.7049,96.8449,110.575,3.93716,nan,0.292343,0.297151,0.2989,0.286078,0.287278,0.297151,0.287278,0.2989,0.286078,1,0,0.121655,0,-0.00145796,-0.0430026,-0.00129593,-0.252163,-0.263536,0,0,0,-0.247106,-0.145322,-0.00155989,-1.94744,0.141882,10.2895,10.4731,0,11.6138
5.5,roll -12deg,-0.189788,0.285241,-0.126887,0.0920764,-0.20944,0,-0.253929,0.152194,0.00131628,96.6988,96.8388,110.614,3.94176,nan,0.292178,0.297264,0.298541,0.285886,0.287053,0.297264,0.287053,0.298541,0.285886,1,0,0.120739,0,-0.000293427,-0.0433264,-0.00107392,-0.249401,-0.262394,0,0,0,-0.249521,-0.154708,-0.00235138,-2.0497,0.0459231,10.1355,10.3408,0,11.5743
5.51,roll -12deg,-0.192238,0.283748,-0.127752,0.091759,-0.20944,0,-0.252164,0.151386,0.00137455,96.6928,96.8328,110.654,3.94631,nan,0.292015,0.297396,0.298244,0.286299,0.286153,0.297396,0.286153,0.298244,0.286299,1,0,0.119861,0,-0.00263697,-0.0439373,-0.000308678,-0.246789,-0.26124,0,0,0,-0.243949,-0.15629,0.0162026,-2.01631,-0.0451364,10.231,10.4278,0,11.5374
5.52,roll -12deg,-0.194671,0.282263,-0.128644,0.0914739,-0.20944,0,-0.250434,0.150721,0.00120219,96.6869,96.8269,110.693,3.95083,nan,0.291854,0.297062,0.29847,0.285103,0.286813,0.297062,0.286813,0.29847,0.285103,1,0,0.118996,0,0.000802942,-0.0447472,-0.00137083,-0.244133,-0.260164,0,0,0,-0.257193,-0.151871,-0.00398238,-2.0105,-0.0972331,10.19,10.3869,0,11.4994
5.53,roll -12deg,-0.197087,0.280784,-0.129529,0.0911818,-0.20944,0,-0.248616,0.150117,0.00197939,96.6809,96.8209,110.733,3.95526,nan,0.291696,0.297612,0.296906,0.286383,0.285915,0.297612,0.285915,0.296906,0.286383,1,0,0.118119,0,0.000631429,-0.042102,0.000515681,-0.241453,-0.259102,0,0,0,-0.251417,-0.152844,-0.00926099,-1.93928,-0.0632543,10.0986,10.2833,0,11.4628
5.54,roll -12deg,-0.199484,0.279311,-0.130367,0.0909171,-0.20944,0,-0.246704,0.149555,0.00179468,96.675,96.815,110.772,3.95964,nan,0.29154,0.297603,0.296692,0.2866,0.285296,0.297603,0.285296,0.296692,0.2866,1,0,0.117298,0,-0.00103899,-0.0424417,0.000973589,-0.238917,-0.258095,0,0,0,-0.248386,-0.144149,-0.00982782,-1.92187,0.0417509,10.1886,10.3684,0,11.4268
5.55,roll -12deg,-0.201861,0.277846,-0.131206,0.0906766,-0.20944,0,-0.244812,0.149029,0.00123229,96.6691,96.8091,110.812,3.96395,nan,0.291386,0.297807,0.296521,0.286079,0.285169,0.297807,0.285169,0.296521,0.286079,1,0,0.116498,0,0.000999061,-0.0437322,0.000965342,-0.236381,-0.257174,0,0,0,-0.239962,-0.149442,0.00362427,-1.96271,0.0756426,10.1964,10.3839,0,11.3904
5.56,roll -12deg,-0.204216,0.276386,-0.131992,0.090367,-0.20944,0,-0.242757,0.148687,2.27419e-06,96.6633,96.8033,110.851,3.96821,nan,0.291235,0.295449,0.297918,0.28481,0.286792,0.295449,0.286792,0.297918,0.28481,1,0,0.115682,0,-0.00129279,-0.0412421,-0.00195608,-0.234026,-0.256038,0,0,0,-0.240131,-0.158354,-0.00576895,-1.99907,-0.0243019,10.1368,10.332,0,11.3596
5.57,roll -12deg,-0.206548,0.274932,-0.13277,0.0901052,-0.20944,0,-0.240611,0.148278,0.000569157,96.6574,96.7974,110.891,3.97243,nan,0.291085,0.296632,0.296943,0.285425,0.285369,0.296632,0.285369,0.296943,0.285425,1,0,0.1149,0,-0.000973998,-0.0431648,-0.000111923,-0.231665,-0.255013,0,0,0,-0.231427,-0.138719,0.0065556,-1.97629,-0.0332068,10.1622,10.3527,0,11.3273
5.58,roll -12deg,-0.208859,0.273482,-0.133521,0.0898576,-0.20944,0,-0.238302,0.147876,0.00079747,96.6517,96.7917,110.931,3.9766,nan,0.290937,0.296803,0.296159,0.285658,0.28516,0.296803,0.28516,0.296159,0.285658,1,0,0.114161,0,0.000389649,-0.0419567,0.00050163,-0.229431,-0.254058,0,0,0,-0.238818,-0.156745,8.99324e-05,-2.09565,-0.134139,10.231,10.4443,0,11.2958
5.59,roll -12deg,-0.211146,0.272036,-0.134251,0.0896144,-0.20944,0,-0.235885,0.14751,0.000107722,96.6459,96.7859,110.971,3.98076,nan,0.290792,0.296552,0.296032,0.285657,0.284954,0.296552,0.284954,0.296032,0.285657,1,0,0.113444,0,-0.000485839,-0.0416331,0.000537521,-0.227205,-0.253135,0,0,0,-0.23224,-0.152053,0.00483063,-1.91552,-0.0467564,10.0905,10.2708,0,11.2652
5.6,roll -12deg,-0.213407,0.270595,-0.134932,0.089344,-0.20944,0,-0.233472,0.147199,-7.1928e-05,96.6402,96.7802,111.01,3.9849,nan,0.290648,0.296681,0.295817,0.285552,0.284569,0.296681,0.284569,0.295817,0.285552,1,0,0.112731,0,-0.000314066,-0.0424003,0.000811884,-0.225136,-0.252121,0,0,0,-0.225456,-0.155249,0.00763122,-1.95029,0.0712381,10.0838,10.2709,0,11.2378
5.61,roll -12deg,-0.215643,0.269159,-0.135617,0.0891089,-0.20944,0,-0.23107,0.146906,-0.000827963,96.6345,96.7745,111.05,3.98904,nan,0.290505,0.295811,0.296569,0.284831,0.284839,0.295811,0.284839,0.296569,0.284831,1,0,0.112032,0,-0.00199146,-0.0430299,-0.000336545,-0.22306,-0.251193,0,0,0,-0.223478,-0.144628,0.00345132,-1.87643,0.0655356,10.235,10.4058,0,11.2093
5.62,roll -12deg,-0.217854,0.267727,-0.1363,0.0888559,-0.20944,0,-0.228693,0.146699,-0.000223703,96.6288,96.7688,111.09,3.99316,nan,0.290364,0.294591,0.297231,0.283919,0.285744,0.294591,0.285744,0.297231,0.283919,1,0,0.111334,0,-0.00216531,-0.0419872,-0.00196268,-0.221016,-0.250211,0,0,0,-0.226635,-0.152132,0.00548505,-1.97022,-0.004138,10.2468,10.4344,0,11.1825
5.63,roll -12deg,-0.220043,0.266296,-0.136912,0.0885964,-0.20944,0,-0.226352,0.146416,0.000576301,96.6231,96.7631,111.13,3.99726,nan,0.290224,0.29459,0.297125,0.283703,0.285508,0.29459,0.285508,0.297125,0.283703,1,0,0.110676,0,-0.00193658,-0.0426409,-0.00190723,-0.21915,-0.249223,0,0,0,-0.211018,-0.15169,0.000170979,-2.03704,0.0635136,10.1785,10.3805,0,11.1582
5.64,roll -12deg,-0.222211,0.264866,-0.137516,0.0883538,-0.20944,0,-0.224033,0.146184,0.00124151,96.6175,96.7575,111.17,4.00136,nan,0.290086,0.295414,0.295797,0.284074,0.285086,0.295414,0.285086,0.295797,0.284074,1,0,0.110043,0,0.00167151,-0.0417828,-0.000613302,-0.217346,-0.248262,0,0,0,-0.220464,-0.14791,-0.0110214,-2.00575,-0.0517308,10.1542,10.3506,0,11.1341
5.65,roll -12deg,-0.224356,0.263439,-0.138085,0.0880931,-0.20944,0,-0.221718,0.146014,0.000191727,96.6119,96.7519,111.21,4.00545,nan,0.289949,0.294111,0.296707,0.283392,0.285612,0.294111,0.285612,0.296707,0.283392,1,0,0.109419,0,-0.000997893,-0.0413333,-0.00211703,-0.215641,-0.247268,0,0,0,-0.22303,-0.150787,-0.00239079,-2.07812,-0.121421,10.1963,10.4066,0,11.1124
5.66,roll -12deg,-0.226476,0.262015,-0.138642,0.0878298,-0.20944,0,-0.219421,0.1459,0.000732913,96.6064,96.7464,111.25,4.00954,nan,0.289813,0.295432,0.295203,0.284165,0.284478,0.295432,0.284478,0.295203,0.284165,1,0,0.108798,0,0.00143983,-0.0416717,-3.71054e-05,-0.21393,-0.246295,0,0,0,-0.214283,-0.157497,0.00302362,-1.96376,-0.0282123,10.0703,10.26,0,11.0918
5.67,roll -12deg,-0.228575,0.260592,-0.139183,0.0875916,-0.20944,0,-0.217174,0.145647,0.00176446,96.6008,96.7408,111.29,4.01361,nan,0.289678,0.295746,0.295081,0.284811,0.2831,0.295746,0.2831,0.295081,0.284811,1,0,0.108205,0,-0.00277659,-0.043422,0.00104456,-0.212296,-0.245356,0,0,0,-0.216083,-0.146964,-0.00321565,-1.9262,-0.0564524,10.188,10.3687,0,11.071
5.68,roll -12deg,-0.230653,0.259172,-0.139701,0.0873485,-0.20944,0,-0.215098,0.145123,0.00196529,96.5953,96.7353,111.331,4.0177,nan,0.289544,0.294221,0.295845,0.28407,0.284068,0.294221,0.284068,0.295845,0.28407,1,0,0.107612,0,-0.00431226,-0.0415479,-0.000712904,-0.210713,-0.24442,0,0,0,-0.208672,-0.148558,8.00549e-05,-1.93951,0.0921903,10.1169,10.3016,0,11.0518
5.69,roll -12deg,-0.232711,0.257758,-0.140248,0.0871317,-0.20944,0,-0.213102,0.14448,0.00165024,96.5898,96.7298,111.371,4.02179,nan,0.289411,0.295761,0.294263,0.284779,0.282869,0.295761,0.282869,0.294263,0.284779,1,0,0.107037,0,-0.00109448,-0.0423977,0.00149738,-0.209051,-0.243567,0,0,0,-0.198187,-0.149943,-0.0075764,-1.99567,0.0941582,10.1423,10.3372,0,11.0313
5.7,roll -12deg,-0.234748,0.256353,-0.140735,0.0869167,-0.20944,0,-0.21104,0.143837,0.00114756,96.5844,96.7244,111.411,4.02587,nan,0.28928,0.29449,0.295348,0.283398,0.283909,0.29449,0.283909,0.295348,0.283398,1,0,0.106509,0,-0.000920945,-0.0426905,-0.000601254,-0.207584,-0.242714,0,0,0,-0.199885,-0.153334,0.000298196,-1.97219,0.0238787,10.1156,10.3061,0,11.0134
5.71,roll -12deg,-0.236764,0.254955,-0.141212,0.0866877,-0.20944,0,-0.20901,0.14313,0.00110694,96.5789,96.7189,111.451,4.02995,nan,0.289149,0.294194,0.29552,0.28342,0.283489,0.294194,0.283489,0.29552,0.28342,1,0,0.105966,0,-0.00333521,-0.0432117,-0.000613074,-0.20616,-0.24183,0,0,0,-0.206962,-0.160806,0.00138899,-2.04218,-0.0417476,10.1901,10.3928,0,10.9972
5.72,roll -12deg,-0.238762,0.253563,-0.14165,0.0864995,-0.20944,0,-0.207245,0.14245,0.00137999,96.5735,96.7135,111.492,4.03401,nan,0.28902,0.294666,0.294413,0.283984,0.283041,0.294666,0.283041,0.294413,0.283984,1,0,0.105474,0,-0.00183219,-0.0417888,0.000525825,-0.204822,-0.241013,0,0,0,-0.201608,-0.134079,0.00581297,-1.98842,-0.0506095,10.1432,10.3364,0,10.9813
5.73,roll -12deg,-0.240742,0.25218,-0.142055,0.0862964,-0.20944,0,-0.205602,0.141756,0.000722493,96.5682,96.7082,111.532,4.03804,nan,0.288891,0.294076,0.294587,0.283735,0.283192,0.294076,0.283192,0.294587,0.283735,1,0,0.105012,0,-0.00279838,-0.041187,1.44839e-05,-0.203596,-0.240218,0,0,0,-0.198953,-0.14952,-0.000402452,-1.99812,-0.107272,10.1292,10.3249,0,10.9679
5.74,roll -12deg,-0.242705,0.250806,-0.142474,0.0861169,-0.20944,0,-0.204138,0.140954,0.000665468,96.5628,96.7028,111.572,4.04207,nan,0.288764,0.292992,0.295938,0.281741,0.284411,0.292992,0.284411,0.295938,0.281741,1,0,0.104554,0,-0.00073561,-0.0431599,-0.00246821,-0.202322,-0.239491,0,0,0,-0.206435,-0.144654,0.00142341,-1.87398,0.0391903,10.1549,10.3264,0,10.9542
5.75,roll -12deg,-0.244657,0.249438,-0.1429,0.0859517,-0.20944,0,-0.202676,0.14015,0.00167563,96.5575,96.6975,111.613,4.04614,nan,0.288638,0.293652,0.295237,0.282302,0.283387,0.293652,0.283387,0.295237,0.282302,1,0,0.104088,0,-0.00132654,-0.0439602,-0.00117397,-0.201014,-0.238778,0,0,0,-0.190187,-0.146824,0.00855415,-1.96598,0.0618049,10.2395,10.4267,0,10.9407
5.76,roll -12deg,-0.246594,0.248079,-0.143311,0.0857968,-0.20944,0,-0.201246,0.139276,0.00174672,96.5522,96.6922,111.653,4.05021,nan,0.288514,0.293406,0.294951,0.282404,0.283319,0.293406,0.283319,0.294951,0.282404,1,0,0.103645,0,-0.00167045,-0.0428867,-0.00108068,-0.199786,-0.238095,0,0,0,-0.196193,-0.140102,-0.0218195,-2.08357,0.159723,10.2157,10.4273,0,10.9282
5.77,roll -12deg,-0.248519,0.246728,-0.143708,0.0856233,-0.20944,0,-0.200005,0.138265,0.00119469,96.5469,96.6869,111.694,4.0543,nan,0.28839,0.293828,0.294018,0.283077,0.282663,0.293828,0.282663,0.294018,0.283077,1,0,0.103204,0,-0.00160352,-0.0418859,9.83126e-05,-0.198583,-0.237372,0,0,0,-0.188475,-0.145882,0.000502944,-2.13622,0.0311509,10.143,10.3656,0,10.9182
5.78,roll -12deg,-0.25043,0.245391,-0.144111,0.0855187,-0.20944,0,-0.198668,0.137267,0.00124038,96.5416,96.6816,111.734,4.05836,nan,0.288269,0.293998,0.294165,0.282231,0.282704,0.293998,0.282704,0.294165,0.282231,1,0,0.102813,0,0.000812102,-0.0440123,-0.000281732,-0.197382,-0.236844,0,0,0,-0.197777,-0.145566,-0.000551682,-2.13054,-0.0258438,10.1231,10.3449,0,10.9061
5.79,roll -12deg,-0.252329,0.244061,-0.144465,0.0853857,-0.20944,0,-0.197308,0.136443,0.00250971,96.5364,96.6764,111.775,4.06243,nan,0.288148,0.294583,0.292895,0.283717,0.281421,0.294583,0.281421,0.292895,0.283717,1,0,0.102425,0,-0.00161365,-0.0423275,0.00175101,-0.196301,-0.23622,0,0,0,-0.186081,-0.142709,0.0138806,-2.13645,-0.188147,10.2612,10.4829,0,10.8981
5.8,roll -12deg,-0.254216,0.242739,-0.144779,0.0852464,-0.20944,0,-0.196166,0.135648,0.00135721,96.5312,96.6712,111.816,4.0665,nan,0.288029,0.293661,0.293553,0.282915,0.28201,0.293661,0.28201,0.293553,0.282915,1,0,0.102072,0,-0.00211099,-0.042234,0.000445041,-0.195355,-0.23562,0,0,0,-0.196559,-0.142079,-0.00873281,-2.01568,-0.151004,10.1962,10.3947,0,10.8927
5.81,roll -12deg,-0.256093,0.241426,-0.145103,0.085128,-0.20944,0,-0.195221,0.134816,0.00206965,96.526,96.666,111.856,4.0706,nan,0.287911,0.293825,0.29318,0.283687,0.280977,0.293825,0.280977,0.29318,0.283687,1,0,0.101712,0,-0.00547692,-0.0423334,0.0014749,-0.194352,-0.2351,0,0,0,-0.189753,-0.152359,-0.012323,-1.96131,-0.0256974,10.1825,10.3697,0,10.8873
5.82,roll -12deg,-0.257961,0.240121,-0.145439,0.0850138,-0.20944,0,-0.194427,0.134161,0.00160362,96.5209,96.6609,111.897,4.07471,nan,0.287795,0.293236,0.293468,0.28221,0.282289,0.293236,0.282289,0.293468,0.28221,1,0,0.101355,0,-0.000405347,-0.0420729,-0.000136274,-0.193345,-0.234519,0,0,0,-0.195373,-0.128738,-0.00527962,-1.97299,-0.0197895,10.1608,10.3506,0,10.8826
5.83,roll -12deg,-0.259822,0.238823,-0.145765,0.0849356,-0.20944,0,-0.1936,0.133568,0.00152605,96.5157,96.6557,111.938,4.07886,nan,0.28768,0.293188,0.293424,0.28209,0.282042,0.293188,0.282042,0.293424,0.28209,1,0,0.101032,0,-0.000752013,-0.0425971,-8.28183e-05,-0.192325,-0.234096,0,0,0,-0.18175,-0.133593,0.0132344,-1.98366,0.15799,10.1972,10.3896,0,10.8779
5.84,roll -12deg,-0.261673,0.237531,-0.146087,0.08482,-0.20944,0,-0.192732,0.133056,0.00161076,96.5106,96.6506,111.979,4.08301,nan,0.287567,0.292668,0.293598,0.281952,0.282074,0.292668,0.282074,0.293598,0.281952,1,0,0.100682,0,-0.00214457,-0.0421383,-0.000462164,-0.191387,-0.233516,0,0,0,-0.188348,-0.139178,-0.0108474,-2.12715,-0.0661751,10.1614,10.3819,0,10.8761
5.85,roll -12deg,-0.263516,0.236245,-0.146399,0.0847328,-0.20944,0,-0.191904,0.132537,0.000916314,96.5055,96.6455,112.019,4.08716,nan,0.287456,0.291457,0.294695,0.280838,0.282854,0.291457,0.282854,0.294695,0.280838,1,0,0.10035,0,-0.00324084,-0.0425567,-0.0023091,-0.19044,-0.233031,0,0,0,-0.185164,-0.131524,0.00410258,-2.10603,-0.145023,10.0879,10.3064,0,10.8745
5.86,roll -12deg,-0.265351,0.234966,-0.146688,0.0846236,-0.20944,0,-0.191085,0.132052,0.000611439,96.5005,96.6405,112.06,4.09127,nan,0.287346,0.292436,0.293263,0.281674,0.282032,0.292436,0.282032,0.293263,0.281674,1,0,0.100047,0,-0.00124224,-0.0416729,-0.000520433,-0.189568,-0.232532,0,0,0,-0.190221,-0.13852,-0.00123914,-2.12556,-0.0731968,10.1524,10.3728,0,10.8757
5.87,roll -12deg,-0.267177,0.233691,-0.146956,0.0845359,-0.20944,0,-0.19033,0.131522,0.00140286,96.4954,96.6354,112.101,4.09538,nan,0.287237,0.292936,0.292901,0.281297,0.281836,0.292936,0.281836,0.292901,0.281297,1,0,0.0997584,0,0.0015259,-0.0430206,-0.000221582,-0.188741,-0.232077,0,0,0,-0.183997,-0.146004,-0.00194438,-2.11035,-0.0770651,10.2598,10.4749,0,10.8779
5.88,roll -12deg,-0.268997,0.232423,-0.147237,0.0844648,-0.20944,0,-0.189617,0.13096,0.000360051,96.4904,96.6304,112.142,4.0995,nan,0.28713,0.292192,0.293346,0.281332,0.281673,0.292192,0.281673,0.293346,0.281332,1,0,0.0994591,0,-0.0021548,-0.0426959,-0.000657301,-0.187883,-0.231645,0,0,0,-0.184719,-0.131499,0.00503017,-2.03182,-0.0196509,10.1559,10.3572,0,10.8801
5.89,roll -12deg,-0.270808,0.231163,-0.147512,0.0843842,-0.20944,0,-0.189022,0.130326,0.000129964,96.4854,96.6254,112.183,4.10362,nan,0.287025,0.292802,0.292848,0.281158,0.281315,0.292802,0.281315,0.292848,0.281158,1,0,0.0991733,0,0.000293817,-0.0439152,-8.89479e-05,-0.187051,-0.231215,0,0,0,-0.190144,-0.141164,0.0123213,-1.99811,0.00262885,10.0951,10.2909,0,10.8842
5.9,roll -12deg,-0.272615,0.22991,-0.147781,0.0843259,-0.20944,0,-0.188494,0.129601,4.75123e-05,96.4804,96.6204,112.224,4.10774,nan,0.286922,0.29131,0.293895,0.280516,0.281989,0.29131,0.281989,0.293895,0.280516,1,0,0.098894,0,-0.00294875,-0.0430101,-0.00178376,-0.186221,-0.230834,0,0,0,-0.182615,-0.139622,-0.00287987,-1.96335,0.0508137,10.2449,10.4315,0,10.8888
5.91,roll -12deg,-0.274417,0.228665,-0.148045,0.0842858,-0.20944,0,-0.188041,0.128818,0.000406105,96.4754,96.6154,112.265,4.11182,nan,0.286821,0.290952,0.294069,0.280313,0.281971,0.290952,0.281971,0.294069,0.280313,1,0,0.098638,0,-0.00386935,-0.043084,-0.00209911,-0.185427,-0.230462,0,0,0,-0.178873,-0.125419,-0.0084215,-2.06738,-0.0165306,10.1841,10.3919,0,10.8941
5.92,roll -12deg,-0.276216,0.227427,-0.148317,0.0842449,-0.20944,0,-0.187722,0.128083,0.000891502,96.4705,96.6105,112.307,4.11589,nan,0.286722,0.292369,0.29257,0.281079,0.280891,0.292369,0.280891,0.29257,0.281079,1,0,0.0983813,0,-0.00103397,-0.0435206,-5.59373e-06,-0.184601,-0.230145,0,0,0,-0.178381,-0.127928,0.00650957,-2.07067,-0.0256402,10.1751,10.3837,0,10.9005
5.93,roll -12deg,-0.278013,0.226196,-0.148597,0.084234,-0.20944,0,-0.18727,0.127371,0.000734548,96.4656,96.6056,112.348,4.11997,nan,0.286625,0.291342,0.293185,0.280519,0.281474,0.291342,0.281474,0.293185,0.280519,1,0,0.0981483,0,-0.00235717,-0.0426972,-0.00122991,-0.183764,-0.229898,0,0,0,-0.182511,-0.13596,0.00902625,-2.12291,-0.0384182,10.1671,10.3865,0,10.9067
5.94,roll -12deg,-0.279805,0.224972,-0.148846,0.0842199,-0.20944,0,-0.186704,0.126531,0.00126295,96.4607,96.6007,112.389,4.12407,nan,0.28653,0.2916,0.292991,0.280195,0.281353,0.2916,0.281353,0.292991,0.280195,1,0,0.097905,0,-0.00061933,-0.0436621,-0.00112053,-0.182999,-0.229622,0,0,0,-0.172794,-0.128412,0.00873812,-2.06236,-0.180446,10.2872,10.4934,0,10.9156
5.95,roll -12deg,-0.281592,0.223756,-0.149075,0.0842196,-0.20944,0,-0.186167,0.125627,0.000726663,96.4558,96.5958,112.43,4.12818,nan,0.286437,0.292017,0.292472,0.279877,0.281403,0.292017,0.281403,0.292472,0.279877,1,0,0.0977172,0,0.00284,-0.0439769,-0.000870945,-0.182299,-0.229416,0,0,0,-0.169276,-0.124673,0.000102442,-2.04063,-0.150709,10.2172,10.4201,0,10.926
5.96,roll -12deg,-0.283373,0.222553,-0.149322,0.0842361,-0.20944,0,-0.185547,0.124791,0.000325164,96.4509,96.5909,112.472,4.13228,nan,0.286347,0.29173,0.292576,0.280237,0.280863,0.29173,0.280863,0.292576,0.280237,1,0,0.0975218,0,-0.000583776,-0.0439715,-0.000646552,-0.181563,-0.229275,0,0,0,-0.183064,-0.136207,-0.00216468,-1.95051,-0.101187,10.1683,10.3542,0,10.9363
5.97,roll -12deg,-0.285147,0.221358,-0.149531,0.084224,-0.20944,0,-0.184931,0.124013,-0.000533239,96.4461,96.5861,112.513,4.13636,nan,0.286259,0.292109,0.292072,0.280737,0.280135,0.292109,0.280135,0.292072,0.280737,1,0,0.0973284,0,-0.0014988,-0.0441671,0.000281337,-0.180925,-0.229021,0,0,0,-0.177747,-0.123292,-0.00419499,-2.04074,-0.0642835,10.1613,10.3644,0,10.9505
5.98,roll -12deg,-0.286915,0.220172,-0.149765,0.0842382,-0.20944,0,-0.184437,0.123395,-6.82257e-06,96.4412,96.5812,112.554,4.14043,nan,0.286174,0.291993,0.291933,0.280681,0.280104,0.291993,0.280104,0.291933,0.280681,1,0,0.0971321,0,-0.00137031,-0.0438478,0.000279726,-0.180207,-0.228851,0,0,0,-0.178459,-0.127744,0.00516302,-2.02573,0.0217461,10.2448,10.4432,0,10.964
5.99,roll -12deg,-0.288679,0.218992,-0.149994,0.0842658,-0.20944,0,-0.183954,0.122722,0.000592237,96.4364,96.5764,112.596,4.14445,nan,0.286091,0.291534,0.292355,0.28038,0.280109,0.291534,0.280109,0.292355,0.28038,1,0,0.0969502,0,-0.00289742,-0.0443366,-0.00024193,-0.179509,-0.228719,0,0,0,-0.173055,-0.129518,-0.00673881,-1.99202,-0.0420789,10.239,10.4311,0,10.9784
6,roll -12deg,-0.290441,0.217816,-0.150228,0.0842791,-0.20944,0,-0.183552,0.122106,0.000251113,96.4316,96.5716,112.637,4.14847,nan,0.28601,0.290767,0.292668,0.279675,0.280945,0.290767,0.280945,0.292668,0.279675,1,0,0.0967606,0,-0.00167055,-0.0432294,-0.00139361,-0.178806,-0.228538,0,0,0,-0.171242,-0.135489,0.00736034,-2.13602,-0.00814017,10.1171,10.3401,0,10.9943
6.01,roll -12deg,-0.292198,0.216649,-0.150459,0.0843069,-0.20944,0,-0.183162,0.121483,-0.000188353,96.4268,96.5668,112.679,4.15249,nan,0.285932,0.290836,0.292405,0.279719,0.280781,0.290836,0.280781,0.292405,0.279719,1,0,0.0965756,0,-0.0013453,-0.0430891,-0.00115649,-0.17812,-0.22839,0,0,0,-0.175772,-0.122192,0.00769295,-2.1601,-0.0912821,10.1254,10.3537,0,11.011
6.02,roll -12deg,-0.29395,0.21549,-0.150677,0.084322,-0.20944,0,-0.182753,0.120822,-0.000349709,96.4221,96.5621,112.72,4.1565,nan,0.285856,0.290323,0.292851,0.279047,0.281219,0.290323,0.281219,0.292851,0.279047,1,0,0.0964025,0,-0.000943928,-0.0434063,-0.00206558,-0.177466,-0.228211,0,0,0,-0.178939,-0.116505,0.00551317,-2.13961,-0.162324,10.146,10.3704,0,11.0299
6.03,roll -12deg,-0.295698,0.214338,-0.150894,0.0843586,-0.20944,0,-0.182324,0.120176,-0.000545753,96.4173,96.5573,112.762,4.16049,nan,0.285783,0.291748,0.291421,0.28014,0.279836,0.291748,0.279836,0.291421,0.28014,1,0,0.0962341,0,6.09755e-05,-0.0439467,0.000277613,-0.176798,-0.228128,0,0,0,-0.180955,-0.121273,0.0131362,-2.01031,-0.115646,10.2163,10.4129,0,11.0493
6.04,roll -12deg,-0.297441,0.213194,-0.151101,0.0844239,-0.20944,0,-0.181767,0.119622,-0.00114736,96.4126,96.5526,112.803,4.1645,nan,0.285712,0.291523,0.291797,0.27977,0.27977,0.291523,0.27977,0.291797,0.27977,1,0,0.0961002,0,-0.000726468,-0.0450577,-0.000120284,-0.176168,-0.22808,0,0,0,-0.172655,-0.112221,0.000468536,-2.05489,-0.190237,10.1958,10.4025,0,11.0692
6.05,roll -12deg,-0.299178,0.212055,-0.15128,0.0844851,-0.20944,0,-0.181239,0.119332,-0.00112348,96.4079,96.5479,112.845,4.16852,nan,0.285643,0.290917,0.292355,0.279237,0.280078,0.290917,0.280078,0.292355,0.279237,1,0,0.0959785,0,-0.00158475,-0.0453925,-0.00100159,-0.17562,-0.22806,0,0,0,-0.179331,-0.109671,0.00522426,-1.96429,-0.0458212,10.1207,10.3097,0,11.0915
6.06,roll -12deg,-0.300911,0.210918,-0.151472,0.0845324,-0.20944,0,-0.18072,0.119226,-0.000254028,96.4031,96.5431,112.887,4.17254,nan,0.285578,0.292347,0.29083,0.280414,0.278733,0.292347,0.278733,0.29083,0.280414,1,0,0.0958393,0,-0.000434114,-0.0455323,0.00140567,-0.175029,-0.22799,0,0,0,-0.173127,-0.126094,-0.00555291,-1.93734,-0.0984767,10.2079,10.3906,0,11.1148
6.07,roll -12deg,-0.302639,0.20978,-0.151674,0.0846029,-0.20944,0,-0.180142,0.119344,-0.000329468,96.3984,96.5384,112.929,4.17656,nan,0.285514,0.291664,0.29126,0.279652,0.279494,0.291664,0.279494,0.29126,0.279652,1,0,0.0957123,0,0.000654503,-0.0450538,0.000246945,-0.174425,-0.227954,0,0,0,-0.178401,-0.11451,-0.00208682,-1.96542,-0.0989844,10.1569,10.3458,0,11.1376
6.08,roll -12deg,-0.304361,0.208642,-0.151865,0.0846436,-0.20944,0,-0.179531,0.119454,-0.000197807,96.3938,96.5338,112.97,4.18057,nan,0.285453,0.290932,0.291819,0.27989,0.279184,0.290932,0.279184,0.291819,0.27989,1,0,0.0955676,0,-0.00422718,-0.0448615,-7.92054e-05,-0.173835,-0.227862,0,0,0,-0.170237,-0.115548,0.00918583,-2.06357,-0.0303868,10.302,10.5067,0,11.1628
6.09,roll -12deg,-0.306077,0.207503,-0.152042,0.084713,-0.20944,0,-0.179032,0.11952,-0.000127366,96.3891,96.5291,113.012,4.18458,nan,0.285394,0.290581,0.292147,0.279327,0.279534,0.290581,0.279534,0.292147,0.279327,1,0,0.0954627,0,-0.0036072,-0.0452226,-0.000778786,-0.173303,-0.22784,0,0,0,-0.173517,-0.107633,-0.00260093,-2.06765,0.00355508,10.1921,10.3997,0,11.1884
6.1,roll -12deg,-0.307791,0.206362,-0.152229,0.0847851,-0.20944,0,-0.178679,0.119746,0.000257035,96.3844,96.5244,113.054,4.18857,nan,0.285338,0.29166,0.290991,0.27952,0.279192,0.29166,0.279192,0.290991,0.27952,1,0,0.0953477,0,0.000903945,-0.0453597,0.000438256,-0.172744,-0.227855,0,0,0,-0.168426,-0.136613,-0.00124106,-2.16925,-0.121971,10.0597,10.2917,0,11.2142
6.11,roll -12deg,-0.309501,0.205218,-0.152393,0.0848386,-0.20944,0,-0.178353,0.120089,0.00105169,96.3798,96.5198,113.096,4.19254,nan,0.285283,0.289947,0.292508,0.278177,0.280512,0.289947,0.280512,0.292508,0.278177,1,0,0.0952251,0,-0.00060147,-0.0450318,-0.00215208,-0.172255,-0.227779,0,0,0,-0.174801,-0.127299,0.0104728,-2.15456,-0.166323,10.1568,10.3842,0,11.2427
6.12,roll -12deg,-0.31121,0.204067,-0.152578,0.0848796,-0.20944,0,-0.178036,0.120547,0.00181982,96.3751,96.5151,113.138,4.19651,nan,0.285231,0.291317,0.290877,0.279449,0.279291,0.291317,0.279291,0.290877,0.279449,1,0,0.0950847,0,0.000746148,-0.0444401,0.000262865,-0.171669,-0.22769,0,0,0,-0.167858,-0.125851,0.00968967,-2.07284,-0.0928009,10.1723,10.3817,0,11.2713
6.13,roll -12deg,-0.312915,0.202914,-0.15274,0.0849316,-0.20944,0,-0.177682,0.121054,0.00136361,96.3705,96.5105,113.18,4.20045,nan,0.28518,0.289997,0.291917,0.278417,0.2804,0.289997,0.2804,0.291917,0.278417,1,0,0.0949743,0,0.000166077,-0.0437623,-0.00171542,-0.1712,-0.227629,0,0,0,-0.176585,-0.132169,0.00304554,-2.07896,-0.217184,10.19,10.4022,0,11.3014
6.14,roll -12deg,-0.314615,0.201756,-0.152903,0.0849674,-0.20944,0,-0.17721,0.121505,0.000636519,96.3659,96.5059,113.222,4.20436,nan,0.285132,0.290447,0.291697,0.278265,0.280128,0.290447,0.280128,0.291697,0.278265,1,0,0.0948436,0,0.00162755,-0.0450027,-0.00136857,-0.170676,-0.227532,0,0,0,-0.16295,-0.132981,0.00661611,-2.07183,-0.156771,10.2328,10.4416,0,11.3326
6.15,roll -12deg,-0.316309,0.200597,-0.153074,0.0850324,-0.20944,0,-0.176671,0.122025,0.000451053,96.3613,96.5013,113.264,4.20825,nan,0.285085,0.29182,0.290095,0.279784,0.278651,0.29182,0.278651,0.290095,0.279784,1,0,0.0947329,0,0.00156817,-0.0444905,0.00125578,-0.170175,-0.227503,0,0,0,-0.175216,-0.125305,-0.00636167,-2.03399,-0.114744,10.0812,10.2849,0,11.3632
6.16,roll -12deg,-0.317997,0.199434,-0.153213,0.0850735,-0.20944,0,-0.17616,0.122441,0.000833239,96.3567,96.4967,113.306,4.21216,nan,0.28504,0.291968,0.290052,0.280263,0.277887,0.291968,0.277887,0.290052,0.280263,1,0,0.0946271,0,-0.00121999,-0.0452291,0.00188596,-0.169731,-0.227413,0,0,0,-0.166307,-0.119123,0.00717527,-2.01367,-0.101139,10.1418,10.3403,0,11.3967
6.17,roll -12deg,-0.319679,0.198269,-0.153349,0.0851258,-0.20944,0,-0.17566,0.122716,0.000463269,96.3521,96.4921,113.348,4.21608,nan,0.284997,0.290721,0.290905,0.279381,0.27899,0.290721,0.27899,0.290905,0.279381,1,0,0.0945338,0,-0.00152728,-0.0440651,9.09764e-05,-0.169317,-0.227372,0,0,0,-0.169775,-0.125786,0.00230528,-1.966,-0.100216,10.1878,10.3762,0,11.4307
6.18,roll -12deg,-0.321355,0.197103,-0.153529,0.0851602,-0.20944,0,-0.175171,0.122982,-0.000660868,96.3475,96.4875,113.39,4.22004,nan,0.284956,0.290093,0.291459,0.278678,0.279601,0.290093,0.279601,0.291459,0.278678,1,0,0.0943848,0,-0.00117597,-0.0440986,-0.00100651,-0.168754,-0.227241,0,0,0,-0.159837,-0.113056,0.000711547,-1.9959,-0.0586595,10.1683,10.3625,0,11.4639
6.19,roll -12deg,-0.323026,0.195937,-0.153686,0.0851812,-0.20944,0,-0.174571,0.123149,5.59993e-05,96.3429,96.4829,113.433,4.22401,nan,0.284916,0.289753,0.291725,0.278132,0.280062,0.289753,0.280062,0.291725,0.278132,1,0,0.0942533,0,-0.000112772,-0.0441186,-0.00171509,-0.168276,-0.227113,0,0,0,-0.160324,-0.121738,0.00231892,-2.00283,-0.048714,10.1957,10.3907,0,11.4992
6.2,roll -12deg,-0.324692,0.194767,-0.153811,0.085209,-0.20944,0,-0.173885,0.123317,0.00011163,96.3383,96.4783,113.475,4.22801,nan,0.284878,0.290688,0.290766,0.279141,0.278922,0.290688,0.278922,0.290766,0.279141,1,0,0.094147,0,-0.000788323,-0.0443217,6.20857e-05,-0.167925,-0.226968,0,0,0,-0.173776,-0.123652,0.00587407,-2.14885,-0.0940047,10.1851,10.4097,0,11.5365
6.21,roll -12deg,-0.326349,0.1936,-0.153969,0.0852267,-0.20944,0,-0.173232,0.123451,-0.000147483,96.3338,96.4738,113.517,4.23201,nan,0.284841,0.289945,0.291333,0.278033,0.28006,0.289945,0.28006,0.291333,0.278033,1,0,0.0939974,0,0.00169276,-0.0439321,-0.00150067,-0.167435,-0.226794,0,0,0,-0.168298,-0.126833,0.0100103,-2.11538,-0.177727,10.1574,10.3769,0,11.5732
6.22,roll -12deg,-0.328001,0.19243,-0.154083,0.0852469,-0.20944,0,-0.172556,0.123546,0.000423948,96.3292,96.4692,113.559,4.23602,nan,0.284806,0.290521,0.291019,0.278913,0.278777,0.290521,0.278777,0.291019,0.278913,1,0,0.0938857,0,-0.00168392,-0.0451913,-0.000158978,-0.1671,-0.226634,0,0,0,-0.178599,-0.126098,0.0183908,-2.15023,-0.203007,10.198,10.4242,0,11.6125
6.23,roll -12deg,-0.329645,0.191261,-0.154198,0.085274,-0.20944,0,-0.171885,0.123721,-0.000830152,96.3247,96.4647,113.602,4.24008,nan,0.284772,0.290076,0.291072,0.278726,0.279221,0.290076,0.279221,0.291072,0.278726,1,0,0.0937942,0,-0.00132953,-0.0439631,-0.000655116,-0.166752,-0.226527,0,0,0,-0.185957,-0.132767,0.0138256,-2.09037,-0.15057,10.1603,10.3742,0,11.6522
6.24,roll -12deg,-0.331282,0.190091,-0.154298,0.0852925,-0.20944,0,-0.171298,0.123962,-0.000846508,96.3201,96.4601,113.644,4.24416,nan,0.28474,0.289696,0.291639,0.27772,0.279912,0.289696,0.279912,0.291639,0.27772,1,0,0.0936721,0,0.000658671,-0.0449133,-0.00181787,-0.166409,-0.226342,0,0,0,-0.163972,-0.123461,-0.00315286,-2.11755,-0.142772,10.2598,10.477,0,11.6934
6.25,roll -12deg,-0.332914,0.18892,-0.154369,0.0853267,-0.20944,0,-0.170775,0.124186,-0.000925123,96.3156,96.4556,113.687,4.24825,nan,0.284709,0.29139,0.289637,0.279827,0.277989,0.29139,0.277989,0.289637,0.279827,1,0,0.0935982,0,-0.000226775,-0.0439818,0.0015783,-0.166189,-0.226228,0,0,0,-0.166083,-0.12866,0.00975176,-2.03036,-0.209171,10.2023,10.4045,0,11.7363
6.26,roll -12deg,-0.33454,0.18775,-0.154476,0.085349,-0.20944,0,-0.170404,0.124353,-0.0015845,96.3111,96.4511,113.729,4.25236,nan,0.28468,0.2914,0.289934,0.279506,0.277884,0.2914,0.277884,0.289934,0.279506,1,0,0.0934937,0,-0.000413406,-0.0453679,0.00135742,-0.16586,-0.226073,0,0,0,-0.168964,-0.133112,0.0114031,-2.02169,-0.210035,10.208,10.4084,0,11.7784
6.27,roll -12deg,-0.336162,0.18658,-0.154573,0.0853908,-0.20944,0,-0.170077,0.124575,-0.000654896,96.3066,96.4466,113.772,4.2565,nan,0.284652,0.289635,0.291457,0.278089,0.279431,0.289635,0.279431,0.291457,0.278089,1,0,0.0933992,0,-0.00127355,-0.0446618,-0.00139057,-0.165555,-0.225951,0,0,0,-0.164992,-0.125426,0.0168794,-2.04522,-0.171052,10.0728,10.2797,0,11.8212
6.28,roll -12deg,-0.337783,0.185406,-0.154653,0.085411,-0.20944,0,-0.169766,0.124793,-0.00090855,96.302,96.442,113.814,4.26067,nan,0.284625,0.290495,0.290392,0.278575,0.279042,0.290495,0.279042,0.290392,0.278575,1,0,0.0933047,0,0.00151011,-0.0440909,-0.000159829,-0.165286,-0.225797,0,0,0,-0.158065,-0.123557,-0.00745526,-1.97212,-0.141318,10.1607,10.3513,0,11.866
6.29,roll -12deg,-0.339399,0.184232,-0.154735,0.0854371,-0.20944,0,-0.169531,0.125017,-0.00147735,96.2975,96.4375,113.857,4.26486,nan,0.284599,0.289851,0.291111,0.278459,0.278981,0.289851,0.278981,0.291111,0.278459,1,0,0.0932254,0,-0.00195867,-0.0445693,-0.000782857,-0.165025,-0.225661,0,0,0,-0.157537,-0.124788,0.00415046,-1.95088,-0.123616,10.2249,10.4101,0,11.9114
6.3,roll -12deg,-0.341014,0.183056,-0.154804,0.0854718,-0.20944,0,-0.169337,0.125197,-0.000784918,96.293,96.433,113.9,4.26906,nan,0.284575,0.290186,0.290826,0.278757,0.278535,0.290186,0.278535,0.290826,0.278757,1,0,0.0931486,0,-0.00228643,-0.0449439,-0.000183617,-0.164822,-0.225535,0,0,0,-0.165998,-0.130708,-0.00145445,-2.05224,-0.0329171,10.2711,10.4741,0,11.9579
6.31,roll -12deg,-0.342628,0.181879,-0.154912,0.0854796,-0.20944,0,-0.169266,0.125303,-0.000883259,96.2885,96.4285,113.942,4.27332,nan,0.284552,0.290022,0.291038,0.278414,0.278738,0.290022,0.278738,0.291038,0.278414,1,0,0.0930256,0,-0.00183367,-0.0452999,-0.000589307,-0.164493,-0.225333,0,0,0,-0.167016,-0.126271,-0.0105546,-2.10736,-0.0335979,10.2234,10.4384,0,12.004
6.32,roll -12deg,-0.344241,0.180703,-0.155026,0.0855171,-0.20944,0,-0.169147,0.125391,-0.00178568,96.284,96.424,113.985,4.27759,nan,0.28453,0.289925,0.2911,0.2778,0.279299,0.289925,0.279299,0.2911,0.2778,1,0,0.0929282,0,0.000857173,-0.0453341,-0.00117557,-0.164138,-0.22523,0,0,0,-0.163909,-0.130718,0.00326218,-2.08301,-0.119139,10.2343,10.4448,0,12.0498
6.33,roll -12deg,-0.345851,0.179528,-0.155116,0.0855499,-0.20944,0,-0.168864,0.125459,-0.00115437,96.2795,96.4195,114.028,4.28186,nan,0.284509,0.290191,0.290599,0.279241,0.27801,0.290191,0.27801,0.290599,0.279241,1,0,0.0928332,0,-0.0043503,-0.0446003,0.00036174,-0.163858,-0.225072,0,0,0,-0.163295,-0.122192,0.0113352,-2.10154,-0.115364,10.1989,10.4138,0,12.0977
6.34,roll -12deg,-0.347458,0.178353,-0.155202,0.0855637,-0.20944,0,-0.168598,0.12549,-0.00130689,96.275,96.415,114.071,4.28615,nan,0.28449,0.288972,0.291191,0.278218,0.279582,0.288972,0.279582,0.291191,0.278218,1,0,0.0927303,0,-0.00226833,-0.0423731,-0.00157478,-0.163588,-0.224883,0,0,0,-0.155703,-0.133832,0.0021591,-2.14976,-0.178954,10.0812,10.3094,0,12.1469
6.35,roll -12deg,-0.349064,0.17718,-0.155281,0.085578,-0.20944,0,-0.16832,0.125385,-0.00188656,96.2706,96.4106,114.114,4.29046,nan,0.284472,0.289842,0.290424,0.278825,0.2788,0.289842,0.2788,0.290424,0.278825,1,0,0.0926274,0,-0.0016102,-0.0429003,-0.000245268,-0.163339,-0.224719,0,0,0,-0.160133,-0.132984,0.0083449,-2.13771,-0.114658,10.1635,10.3865,0,12.1973
6.36,roll -12deg,-0.350665,0.176011,-0.155352,0.0855853,-0.20944,0,-0.168056,0.125165,-0.00229712,96.2661,96.4061,114.156,4.29479,nan,0.284455,0.289106,0.291663,0.277425,0.279628,0.289106,0.279628,0.291663,0.277425,1,0,0.0925243,0,-0.000938804,-0.0449374,-0.00209232,-0.163125,-0.224503,0,0,0,-0.16899,-0.129509,0.00986786,-2.10316,-0.144431,10.2195,10.4347,0,12.249
6.37,roll -12deg,-0.352264,0.174844,-0.155426,0.0856164,-0.20944,0,-0.167782,0.124917,-0.00203824,96.2616,96.4016,114.2,4.29912,nan,0.284439,0.28812,0.292146,0.276978,0.280514,0.28812,0.280514,0.292146,0.276978,1,0,0.0924315,0,-0.0013033,-0.043153,-0.00332373,-0.162887,-0.22433,0,0,0,-0.158285,-0.12157,-0.00490784,-2.14969,-0.251589,10.2076,10.4345,0,12.3006
6.38,roll -12deg,-0.353863,0.173677,-0.155504,0.0856563,-0.20944,0,-0.167532,0.124675,-0.00106129,96.2571,96.3971,114.243,4.30346,nan,0.284424,0.290752,0.289866,0.27925,0.27783,0.290752,0.27783,0.289866,0.27925,1,0,0.0923773,0,-0.00141632,-0.0445995,0.0010135,-0.162655,-0.224255,0,0,0,-0.173013,-0.135698,-0.00112876,-2.04293,-0.284795,10.3015,10.5059,0,12.3526
6.39,roll -12deg,-0.355459,0.172515,-0.155538,0.0856655,-0.20944,0,-0.167318,0.124561,-0.00246235,96.2526,96.3926,114.286,4.30781,nan,0.284411,0.289202,0.291122,0.278389,0.278932,0.289202,0.278932,0.291122,0.278389,1,0,0.0922921,0,-0.00365043,-0.043587,-0.00108232,-0.162521,-0.224061,0,0,0,-0.164282,-0.133964,0.00901172,-1.97318,-0.248543,10.2362,10.4276,0,12.4084
6.4,roll -12deg,-0.357052,0.171356,-0.155615,0.0856851,-0.20944,0,-0.16717,0.124363,-0.00290543,96.2482,96.3882,114.329,4.31223,nan,0.284398,0.290151,0.290618,0.278616,0.27821,0.290151,0.27821,0.290618,0.278616,1,0,0.0921964,0,-0.00231496,-0.0453689,-2.71598e-05,-0.162269,-0.22387,0,0,0,-0.158849,-0.125687,-1.28248e-05,-1.98411,-0.200342,10.1645,10.3583,0,12.4624
6.41,roll -12deg,-0.358643,0.170203,-0.155668,0.0857272,-0.20944,0,-0.16705,0.124165,-0.0025068,96.2437,96.3837,114.372,4.31667,nan,0.284387,0.289917,0.290612,0.278693,0.278328,0.289917,0.278328,0.290612,0.278693,1,0,0.0921265,0,-0.00281084,-0.0445428,-0.000144824,-0.162103,-0.223754,0,0,0,-0.164144,-0.131297,0.009986,-2.01128,-0.14391,10.123,10.3219,0,12.5179
6.42,roll -12deg,-0.360234,0.169051,-0.155753,0.0857795,-0.20944,0,-0.167034,0.124033,-0.00305599,96.2392,96.3792,114.415,4.32112,nan,0.284377,0.288797,0.291778,0.277059,0.279877,0.288797,0.279877,0.291778,0.277059,1,0,0.0920566,0,-0.000432481,-0.0447901,-0.00254879,-0.16184,-0.223686,0,0,0,-0.161325,-0.145221,0.00470912,-1.99118,-0.280109,10.1192,10.317,0,12.5723
6.43,roll -12deg,-0.361825,0.167901,-0.155796,0.0858229,-0.20944,0,-0.166903,0.124014,-0.00286286,96.2348,96.3748,114.458,4.32561,nan,0.284369,0.290062,0.290196,0.278874,0.278343,0.290062,0.278343,0.290196,0.278874,1,0,0.0919866,0,-0.00176199,-0.0436579,0.000174542,-0.161678,-0.223549,0,0,0,-0.155016,-0.112152,0.0065878,-1.96993,-0.133946,10.1904,10.3799,0,12.6299
6.44,roll -12deg,-0.363415,0.16675,-0.155878,0.0858529,-0.20944,0,-0.166884,0.124029,-0.0019379,96.2303,96.3703,114.502,4.33012,nan,0.284361,0.290048,0.290309,0.278307,0.278781,0.290048,0.278781,0.290309,0.278307,1,0,0.0919088,0,0.000564401,-0.0440881,-0.000323156,-0.161428,-0.223422,0,0,0,-0.154671,-0.129384,0.00482886,-2.05356,-0.171087,10.295,10.4992,0,12.6864
6.45,roll -12deg,-0.365006,0.1656,-0.155957,0.0859146,-0.20944,0,-0.166803,0.123985,-0.00288458,96.2259,96.3659,114.545,4.33466,nan,0.284355,0.288667,0.292041,0.277298,0.279415,0.288667,0.279415,0.292041,0.277298,1,0,0.0918439,0,-0.00333646,-0.0454677,-0.00241378,-0.161189,-0.223387,0,0,0,-0.166109,-0.127425,-0.000325824,-1.97341,-0.105342,10.2701,10.4585,0,12.7432
6.46,roll -12deg,-0.366595,0.164452,-0.156039,0.0859559,-0.20944,0,-0.166641,0.123922,-0.00285636,96.2214,96.3614,114.588,4.33925,nan,0.28435,0.289295,0.291031,0.278097,0.278977,0.289295,0.278977,0.291031,0.278097,1,0,0.0917738,0,-0.00227103,-0.044057,-0.00114979,-0.160926,-0.223267,0,0,0,-0.159509,-0.123128,0.00236852,-2.03057,-0.130703,10.2691,10.4688,0,12.8009
6.47,roll -12deg,-0.368183,0.163307,-0.156095,0.0859538,-0.20944,0,-0.166413,0.123764,-0.0028676,96.2169,96.3569,114.632,4.34388,nan,0.284346,0.289416,0.291044,0.277785,0.279138,0.289416,0.279138,0.291044,0.277785,1,0,0.0916775,0,-0.000729065,-0.044599,-0.00131014,-0.160754,-0.223041,0,0,0,-0.162676,-0.133733,0.00368248,-2.05602,-0.172864,10.2393,10.4452,0,12.8614
6.48,roll -12deg,-0.369769,0.162163,-0.156156,0.0859833,-0.20944,0,-0.166187,0.123498,-0.00233312,96.2125,96.3525,114.675,4.34852,nan,0.284343,0.288874,0.29133,0.277896,0.279273,0.288874,0.279273,0.29133,0.277896,1,0,0.0915969,0,-0.00286297,-0.0436439,-0.00168451,-0.160574,-0.222872,0,0,0,-0.173818,-0.119387,0.00679181,-2.10319,-0.0905838,10.2043,10.4192,0,12.9217
6.49,roll -12deg,-0.371352,0.161023,-0.156217,0.0860715,-0.20944,0,-0.16593,0.123176,-0.00359003,96.208,96.348,114.719,4.35318,nan,0.284342,0.289283,0.291355,0.277364,0.279364,0.289283,0.279364,0.291355,0.277364,1,0,0.0915604,0,-0.00019307,-0.0453042,-0.00179004,-0.160363,-0.222906,0,0,0,-0.155857,-0.124418,0.0119927,-2.11595,-0.21233,10.1719,10.3918,0,12.9816
6.5,roll -12deg,-0.372934,0.159887,-0.156259,0.086097,-0.20944,0,-0.165691,0.122954,-0.00199738,96.2036,96.3436,114.762,4.35784,nan,0.284341,0.288376,0.291414,0.277729,0.279846,0.288376,0.279846,0.291414,0.277729,1,0,0.0914848,0,-0.00244496,-0.0420929,-0.00226594,-0.160226,-0.222738,0,0,0,-0.161511,-0.125801,0.00678089,-2.07358,-0.205656,10.2424,10.4522,0,13.0442
6.51,roll -12deg,-0.374515,0.158749,-0.156285,0.0861436,-0.20944,0,-0.165469,0.122719,-0.00198262,96.1991,96.3391,114.806,4.36252,nan,0.284342,0.289346,0.291297,0.277773,0.278952,0.289346,0.278952,0.291297,0.277773,1,0,0.0914509,0,-0.00204731,-0.0453204,-0.00137595,-0.160141,-0.222658,0,0,0,-0.16401,-0.130273,0.0203164,-2.08519,-0.217913,10.2586,10.4706,0,13.1079
6.52,roll -12deg,-0.376093,0.157618,-0.156351,0.0861925,-0.20944,0,-0.165302,0.122521,-0.00289571,96.1946,96.3346,114.849,4.36724,nan,0.284344,0.289033,0.291142,0.277604,0.279598,0.289033,0.279598,0.291142,0.277604,1,0,0.0913935,0,-0.000306985,-0.0435301,-0.00180327,-0.159924,-0.222588,0,0,0,-0.160797,-0.140382,0.0012603,-2.04244,-0.255518,10.4081,10.6097,0,13.1701
6.53,roll -12deg,-0.377671,0.156488,-0.156379,0.0862642,-0.20944,0,-0.165079,0.122367,-0.00241658,96.1902,96.3302,114.893,4.37202,nan,0.284348,0.289243,0.29134,0.277853,0.278953,0.289243,0.278953,0.29134,0.277853,1,0,0.0913544,0,-0.00264573,-0.0450515,-0.00140511,-0.159826,-0.22253,0,0,0,-0.154457,-0.120392,-0.00356154,-2.11473,-0.257246,10.2234,10.443,0,13.2344
6.54,roll -12deg,-0.379246,0.15536,-0.156441,0.0863353,-0.20944,0,-0.164836,0.122357,-0.00225266,96.1857,96.3257,114.937,4.37684,nan,0.284352,0.288888,0.291738,0.27725,0.279532,0.288888,0.279532,0.291738,0.27725,1,0,0.0913152,0,-0.00150382,-0.045181,-0.00225553,-0.159646,-0.222508,0,0,0,-0.167263,-0.125681,0.0103243,-2.09519,-0.305189,10.3212,10.5362,0,13.2975
6.55,roll -12deg,-0.380819,0.154231,-0.156505,0.0863886,-0.20944,0,-0.164615,0.122431,-0.00264636,96.1813,96.3213,114.981,4.38168,nan,0.284358,0.289523,0.291096,0.277575,0.279236,0.289523,0.279236,0.291096,0.277575,1,0,0.0912499,0,0.000231241,-0.0451101,-0.00142152,-0.159464,-0.222436,0,0,0,-0.17927,-0.124503,0.00845096,-2.09997,-0.297091,10.2324,10.4499,0,13.3614
6.56,roll -12deg,-0.382389,0.153104,-0.156559,0.0864561,-0.20944,0,-0.164281,0.122531,-0.00287829,96.1768,96.3168,115.024,4.38656,nan,0.284365,0.289484,0.290999,0.277937,0.279039,0.289484,0.279039,0.290999,0.277937,1,0,0.0912133,0,-0.00109392,-0.0445399,-0.00115056,-0.159281,-0.222404,0,0,0,-0.174086,-0.127999,0.0113741,-2.11432,-0.285358,10.2035,10.4242,0,13.426
6.57,roll -12deg,-0.383956,0.151978,-0.156627,0.0865073,-0.20944,0,-0.163955,0.122768,-0.00333911,96.1723,96.3123,115.068,4.39146,nan,0.284373,0.290534,0.289809,0.278619,0.278528,0.290534,0.278528,0.289809,0.278619,1,0,0.0911505,0,0.00167993,-0.043952,0.000358644,-0.159041,-0.222339,0,0,0,-0.170096,-0.126056,0.00110866,-1.97461,-0.210675,10.2986,10.4883,0,13.4905
6.58,roll -12deg,-0.385518,0.150852,-0.156643,0.0865618,-0.20944,0,-0.163523,0.122894,-0.00267555,96.1679,96.3079,115.112,4.39639,nan,0.284382,0.290021,0.290543,0.278374,0.27859,0.290021,0.27859,0.290543,0.278374,1,0,0.0911086,0,-0.000811226,-0.0447157,-0.000324767,-0.158965,-0.222264,0,0,0,-0.156449,-0.122399,-0.00377275,-1.96658,-0.242532,10.1794,10.3705,0,13.5583
6.59,roll -12deg,-0.387078,0.149723,-0.156692,0.0866489,-0.20944,0,-0.163203,0.123082,-0.00266548,96.1634,96.3034,115.156,4.40135,nan,0.284393,0.290133,0.290447,0.278513,0.278477,0.290133,0.278477,0.290447,0.278513,1,0,0.0910929,0,-0.000928421,-0.0446993,-0.000122113,-0.158816,-0.222296,0,0,0,-0.164829,-0.122382,0.00338582,-1.95163,-0.250925,10.2747,10.4614,0,13.6241
6.6,roll -12deg,-0.388634,0.148594,-0.156716,0.0866792,-0.20944,0,-0.162924,0.12332,-0.00331001,96.1589,96.2989,115.2,4.40634,nan,0.284405,0.289308,0.290882,0.277794,0.279631,0.289308,0.279631,0.290882,0.277794,1,0,0.0910353,0,0.000698204,-0.0431343,-0.00149912,-0.15872,-0.222146,0,0,0,-0.157173,-0.123197,0.0086689,-1.98635,-0.227762,10.2374,10.4309,0,13.6925
6.61,roll -12deg,-0.390187,0.147466,-0.156758,0.0867437,-0.20944,0,-0.162662,0.12348,-0.00366755,96.1545,96.2945,115.244,4.41138,nan,0.284417,0.289488,0.291204,0.277902,0.279074,0.289488,0.279074,0.291204,0.277902,1,0,0.090996,0,-0.00144205,-0.0449377,-0.00126916,-0.158581,-0.222097,0,0,0,-0.153246,-0.124037,0.000458601,-2.01335,-0.273338,10.3247,10.5227,0,13.7598
6.62,roll -12deg,-0.391738,0.146337,-0.156797,0.0868357,-0.20944,0,-0.162449,0.123686,-0.00349656,96.15,96.29,115.288,4.4165,nan,0.284431,0.290005,0.290939,0.278189,0.278589,0.290005,0.278589,0.290939,0.278189,1,0,0.0909829,0,-0.00141868,-0.0457912,-0.000586486,-0.158453,-0.22212,0,0,0,-0.160651,-0.116078,0.00361857,-1.97109,-0.220003,10.3779,10.5657,0,13.8273
6.63,roll -12deg,-0.393287,0.145209,-0.156832,0.0868618,-0.20944,0,-0.162264,0.123969,-0.0043318,96.1455,96.2855,115.333,4.42166,nan,0.284446,0.2894,0.291262,0.278078,0.279041,0.2894,0.279041,0.291262,0.278078,1,0,0.0909069,0,-0.00238334,-0.0446085,-0.00124112,-0.158314,-0.221961,0,0,0,-0.143521,-0.125843,0.0107524,-2.06773,-0.207353,10.3593,10.5657,0,13.8964
6.64,roll -12deg,-0.394833,0.144079,-0.156855,0.0869132,-0.20944,0,-0.162066,0.124279,-0.00417443,96.141,96.281,115.377,4.42685,nan,0.284462,0.289592,0.291215,0.277637,0.279401,0.289592,0.279401,0.291215,0.277637,1,0,0.0908649,0,0.000375553,-0.0450369,-0.00148863,-0.158228,-0.221861,0,0,0,-0.142006,-0.123153,0.00371669,-2.05077,-0.191158,10.3311,10.5344,0,13.9662
6.65,roll -12deg,-0.396378,0.142947,-0.156881,0.0869696,-0.20944,0,-0.161886,0.124539,-0.00435455,96.1366,96.2766,115.421,4.43208,nan,0.284479,0.289074,0.291673,0.277418,0.279747,0.289074,0.279747,0.291673,0.277418,1,0,0.0908334,0,-0.000715888,-0.0446826,-0.00216569,-0.158142,-0.221778,0,0,0,-0.149931,-0.125475,0.00940809,-2.04593,-0.13405,10.3259,10.5275,0,14.0362
6.66,roll -12deg,-0.397922,0.141813,-0.156905,0.0870097,-0.20944,0,-0.161721,0.12467,-0.00375765,96.1321,96.2721,115.466,4.43735,nan,0.284497,0.289102,0.29163,0.277426,0.279826,0.289102,0.279826,0.29163,0.277426,1,0,0.0907756,0,-0.000339219,-0.04449,-0.00216652,-0.158066,-0.221631,0,0,0,-0.154396,-0.119203,0.00522748,-2.10181,-0.139056,10.2236,10.4383,0,14.1069
6.67,roll -12deg,-0.399464,0.14068,-0.156944,0.0870597,-0.20944,0,-0.1615,0.124835,-0.00510789,96.1276,96.2676,115.51,4.44265,nan,0.284516,0.289228,0.291262,0.278175,0.279396,0.289228,0.279396,0.291262,0.278175,1,0,0.0907257,0,-0.00215845,-0.0434253,-0.00143048,-0.157936,-0.221547,0,0,0,-0.149431,-0.126838,0.0117127,-2.13565,-0.229405,10.2795,10.5015,0,14.1772
6.68,roll -12deg,-0.401003,0.139548,-0.156977,0.0871234,-0.20944,0,-0.161174,0.125098,-0.004409,96.1231,96.2631,115.554,4.44797,nan,0.284536,0.28906,0.291683,0.277834,0.279564,0.28906,0.279564,0.291683,0.277834,1,0,0.0906915,0,-0.00236559,-0.044235,-0.00191317,-0.157839,-0.22149,0,0,0,-0.157625,-0.136972,0.00933742,-2.12066,-0.301529,10.1986,10.4211,0,14.2479
6.69,roll -12deg,-0.402538,0.138414,-0.157019,0.0871654,-0.20944,0,-0.160869,0.125441,-0.00470614,96.1186,96.2586,115.599,4.45333,nan,0.284557,0.289525,0.290844,0.278805,0.279051,0.289525,0.279051,0.290844,0.278805,1,0,0.0906204,0,-0.00284522,-0.0426577,-0.000687294,-0.157691,-0.221357,0,0,0,-0.157347,-0.130156,0.00427148,-2.19446,-0.157702,10.3168,10.5487,0,14.3187
6.7,roll -12deg,-0.404071,0.137278,-0.157027,0.0871942,-0.20944,0,-0.160558,0.125652,-0.00532406,96.1141,96.2541,115.644,4.45875,nan,0.284579,0.289054,0.291675,0.277191,0.280392,0.289054,0.280392,0.291675,0.277191,1,0,0.0905573,0,0.00153651,-0.043858,-0.00255874,-0.157644,-0.221149,0,0,0,-0.146869,-0.113919,0.0125788,-2.17903,-0.298999,10.3327,10.5642,0,14.3919
6.71,roll -12deg,-0.4056,0.136142,-0.157036,0.0872203,-0.20944,0,-0.160186,0.125783,-0.00506387,96.1096,96.2496,115.688,4.46418,nan,0.284602,0.290557,0.290346,0.279052,0.27845,0.290557,0.27845,0.290346,0.279052,1,0,0.0905019,0,-0.00103593,-0.0443409,0.000357503,-0.157622,-0.220978,0,0,0,-0.157852,-0.125426,0.00893324,-2.1445,-0.379775,10.2275,10.4568,0,14.4653
6.72,roll -12deg,-0.407127,0.135006,-0.157021,0.087253,-0.20944,0,-0.159874,0.125822,-0.00446297,96.1051,96.2451,115.733,4.46962,nan,0.284626,0.29013,0.290619,0.279272,0.278478,0.29013,0.278478,0.290619,0.279272,1,0,0.0904677,0,-0.00340226,-0.0435794,0.000133562,-0.157626,-0.220831,0,0,0,-0.149908,-0.130161,0.00746993,-2.08328,-0.346033,10.3765,10.5892,0,14.5402
6.73,roll -12deg,-0.408651,0.13387,-0.157015,0.0872792,-0.20944,0,-0.159695,0.125833,-0.00553681,96.1005,96.2405,115.778,4.47508,nan,0.284651,0.289713,0.291152,0.278729,0.279005,0.289713,0.279005,0.291152,0.278729,1,0,0.0904281,0,-0.00308372,-0.0438279,-0.000754366,-0.157636,-0.220668,0,0,0,-0.154447,-0.133081,0.00712934,-2.08402,-0.332794,10.2677,10.4823,0,14.6152
6.74,roll -12deg,-0.410173,0.132738,-0.15705,0.0873396,-0.20944,0,-0.159595,0.125858,-0.00605437,96.096,96.236,115.822,4.48061,nan,0.284677,0.289099,0.291912,0.277813,0.279878,0.289099,0.279878,0.291912,0.277813,1,0,0.090378,0,-0.00198439,-0.0441872,-0.0021434,-0.157502,-0.220604,0,0,0,-0.147557,-0.130785,0.00651163,-2.05851,-0.336832,10.3296,10.5381,0,14.6879
6.75,roll -12deg,-0.411695,0.131607,-0.157077,0.0873774,-0.20944,0,-0.159479,0.126001,-0.00587076,96.0915,96.2315,115.867,4.48621,nan,0.284703,0.289384,0.291784,0.277908,0.279732,0.289384,0.279732,0.291784,0.277908,1,0,0.0903384,0,-0.0015262,-0.0445818,-0.0018568,-0.15742,-0.220483,0,0,0,-0.157483,-0.134584,0.010128,-2.05731,-0.347175,10.3678,10.5757,0,14.7617
6.76,roll -12deg,-0.413216,0.130474,-0.157084,0.0874172,-0.20944,0,-0.159453,0.126233,-0.00512175,96.087,96.227,115.912,4.49187,nan,0.284731,0.290117,0.291174,0.278175,0.279453,0.290117,0.279453,0.291174,0.278175,1,0,0.0902882,0,0.000588914,-0.0448372,-0.00102641,-0.157392,-0.220338,0,0,0,-0.16065,-0.135852,0.011605,-2.05821,-0.406352,10.4186,10.6277,0,14.837
6.77,roll -12deg,-0.414738,0.129338,-0.157081,0.087463,-0.20944,0,-0.159447,0.126457,-0.00564703,96.0824,96.2224,115.957,4.49757,nan,0.28476,0.289666,0.291397,0.278379,0.279591,0.289666,0.279591,0.291397,0.278379,1,0,0.0902539,0,-0.00137836,-0.0437554,-0.0012931,-0.157371,-0.220224,0,0,0,-0.157329,-0.128993,0.00284771,-1.99013,-0.350768,10.4012,10.5957,0,14.9133
6.78,roll -12deg,-0.416259,0.128204,-0.157073,0.087524,-0.20944,0,-0.159476,0.126705,-0.00581879,96.0779,96.2179,116.002,4.50331,nan,0.284789,0.288877,0.29255,0.277231,0.280493,0.288877,0.280493,0.29255,0.277231,1,0,0.0902301,0,-0.00109206,-0.0449116,-0.00304803,-0.157375,-0.22015,0,0,0,-0.152783,-0.133009,0.0104905,-2.07258,-0.307175,10.3038,10.5147,0,14.9901
6.79,roll -12deg,-0.417782,0.127067,-0.157088,0.0875417,-0.20944,0,-0.159602,0.126964,-0.00577526,96.0733,96.2133,116.047,4.5091,nan,0.28482,0.289396,0.292082,0.277837,0.279957,0.289396,0.279957,0.292082,0.277837,1,0,0.090164,0,-0.00150053,-0.0448774,-0.00211272,-0.157317,-0.219949,0,0,0,-0.155948,-0.129342,-0.00385942,-2.05004,-0.330914,10.3505,10.5567,0,15.0665
6.8,roll -12deg,-0.419306,0.125928,-0.157109,0.0875501,-0.20944,0,-0.159744,0.127218,-0.00525082,96.0688,96.2088,116.092,4.51494,nan,0.284851,0.289969,0.291163,0.278699,0.279566,0.289969,0.279566,0.291163,0.278699,1,0,0.0900872,0,-0.000866571,-0.0433279,-0.000905552,-0.157238,-0.219743,0,0,0,-0.15751,-0.143729,0.000298206,-2.04294,-0.307208,10.3415,10.5459,0,15.1432
6.81,roll -12deg,-0.420832,0.124788,-0.157139,0.0875782,-0.20944,0,-0.159823,0.12745,-0.00630007,96.0642,96.2042,116.137,4.52083,nan,0.284883,0.290015,0.291104,0.278854,0.279555,0.290015,0.279555,0.291104,0.278854,1,0,0.0900131,0,-0.00102948,-0.0430313,-0.000786703,-0.15711,-0.219538,0,0,0,-0.14612,-0.126125,0.00866,-1.9924,-0.355643,10.2759,10.4733,0,15.2195
6.82,roll -12deg,-0.422359,0.12365,-0.15719,0.087596,-0.20944,0,-0.15983,0.1275,-0.00590186,96.0596,96.1996,116.183,4.52675,nan,0.284917,0.290453,0.290927,0.278991,0.279289,0.290453,0.279289,0.290927,0.278991,1,0,0.0899309,0,-0.000466618,-0.0437704,-0.000339238,-0.156966,-0.219318,0,0,0,-0.160133,-0.126652,0.00859049,-2.05565,-0.361745,10.3118,10.5209,0,15.2952
6.83,roll -12deg,-0.423885,0.122512,-0.157204,0.0876395,-0.20944,0,-0.159697,0.127393,-0.00636285,96.0551,96.1951,116.228,4.5327,nan,0.284951,0.289392,0.292175,0.278047,0.280183,0.289392,0.280183,0.292175,0.278047,1,0,0.0898752,0,-0.00171397,-0.0442187,-0.00216216,-0.156893,-0.219169,0,0,0,-0.154601,-0.123731,0.00270941,-2.02026,-0.359908,10.2954,10.4979,0,15.3731
6.84,roll -12deg,-0.42541,0.121377,-0.157235,0.0876961,-0.20944,0,-0.159571,0.127251,-0.00526505,96.0505,96.1905,116.273,4.53869,nan,0.284987,0.289803,0.291796,0.278775,0.279564,0.289803,0.279564,0.291796,0.278775,1,0,0.0898248,0,-0.00319499,-0.0440713,-0.00122294,-0.156807,-0.219077,0,0,0,-0.16874,-0.130234,0.00563536,-2.1168,-0.279796,10.3199,10.5385,0,15.4505
6.85,roll -12deg,-0.426936,0.120241,-0.15725,0.0877271,-0.20944,0,-0.159576,0.12704,-0.00567463,96.0459,96.1859,116.319,4.54471,nan,0.285023,0.290825,0.290871,0.279887,0.278501,0.290825,0.278501,0.290871,0.279887,1,0,0.089769,0,-0.0037972,-0.0441647,0.000589096,-0.156713,-0.21892,0,0,0,-0.15387,-0.129126,0.00315192,-2.02755,-0.299407,10.3702,10.5708,0,15.5293
6.86,roll -12deg,-0.428462,0.119111,-0.157265,0.0877567,-0.20944,0,-0.159667,0.126806,-0.00566505,96.0413,96.1813,116.364,4.55075,nan,0.285061,0.288563,0.293463,0.277342,0.280866,0.288563,0.280866,0.293463,0.277342,1,0,0.0897052,0,-0.00365132,-0.0451287,-0.00370299,-0.156645,-0.218724,0,0,0,-0.150567,-0.121748,0.000786163,-2.0109,-0.33819,10.3542,10.5531,0,15.6085
6.87,roll -12deg,-0.429991,0.117982,-0.157266,0.0878008,-0.20944,0,-0.159806,0.126604,-0.00605533,96.0367,96.1767,116.41,4.55685,nan,0.285099,0.290781,0.29137,0.278818,0.27942,0.290781,0.27942,0.29137,0.278818,1,0,0.089668,0,3.51026e-05,-0.0453084,-0.000523716,-0.156632,-0.218595,0,0,0,-0.155694,-0.123493,0.00686613,-2.03859,-0.317741,10.468,10.6694,0,15.689
6.88,roll -12deg,-0.43152,0.116858,-0.157271,0.0878644,-0.20944,0,-0.159878,0.12647,-0.00619944,96.0321,96.1721,116.455,4.56303,nan,0.285139,0.28998,0.292306,0.278862,0.2794,0.28998,0.2794,0.292306,0.278862,1,0,0.089644,0,-0.00474237,-0.0455203,-0.00125922,-0.156596,-0.218513,0,0,0,-0.155772,-0.123189,0.00247789,-2.00577,-0.300214,10.3092,10.5068,0,15.7695
6.89,roll -12deg,-0.433051,0.115738,-0.157295,0.0879097,-0.20944,0,-0.159949,0.126368,-0.00742718,96.0274,96.1674,116.501,4.56925,nan,0.28518,0.290973,0.291114,0.279479,0.279145,0.290973,0.279145,0.291114,0.279479,1,0,0.0895801,0,-0.00126083,-0.0444578,8.48079e-05,-0.156498,-0.218402,0,0,0,-0.152284,-0.129291,0.0113863,-2.05094,-0.245699,10.3892,10.5925,0,15.8496
6.9,roll -12deg,-0.434581,0.114623,-0.157331,0.0879502,-0.20944,0,-0.159898,0.126195,-0.00695632,96.0228,96.1628,116.547,4.57552,nan,0.285222,0.290707,0.291372,0.278973,0.279827,0.290707,0.279827,0.291372,0.278973,1,0,0.0895349,0,0.000501174,-0.0441104,-0.000667197,-0.156377,-0.218257,0,0,0,-0.15748,-0.124201,0.0068893,-1.99257,-0.279532,10.4385,10.6306,0,15.9294
6.91,roll -12deg,-0.436111,0.11351,-0.157351,0.0880105,-0.20944,0,-0.159843,0.125966,-0.00722979,96.0182,96.1582,116.592,4.58181,nan,0.285265,0.289293,0.29303,0.277567,0.281161,0.289293,0.281161,0.29303,0.277567,1,0,0.0894869,0,-0.000380431,-0.044707,-0.00322228,-0.156298,-0.218166,0,0,0,-0.153223,-0.124025,0.0101939,-1.99609,-0.361913,10.4512,10.6462,0,16.0104
6.92,roll -12deg,-0.437641,0.112399,-0.157387,0.0880702,-0.20944,0,-0.159708,0.125839,-0.0077448,96.0135,96.1535,116.638,4.58815,nan,0.28531,0.291727,0.290631,0.28031,0.278561,0.291727,0.278561,0.290631,0.28031,1,0,0.0894363,0,-0.001732,-0.0445029,0.00125047,-0.156159,-0.218082,0,0,0,-0.146982,-0.121596,0.0101287,-2.01151,-0.248777,10.3189,10.5161,0,16.0909
6.93,roll -12deg,-0.439169,0.111296,-0.157384,0.0881465,-0.20944,0,-0.159417,0.12583,-0.00821597,96.0089,96.1489,116.684,4.59453,nan,0.285355,0.289512,0.292977,0.278401,0.280522,0.289512,0.280522,0.292977,0.278401,1,0,0.0894256,0,-0.00356699,-0.0446536,-0.00245515,-0.156141,-0.218041,0,0,0,-0.142575,-0.128621,0.0128939,-2.01718,-0.277848,10.4902,10.686,0,16.1736
6.94,roll -12deg,-0.440694,0.11019,-0.157389,0.0882094,-0.20944,0,-0.159264,0.125998,-0.00720555,96.0042,96.1442,116.73,4.60098,nan,0.285402,0.290401,0.292437,0.278403,0.280358,0.290401,0.280358,0.292437,0.278403,1,0,0.0893856,0,-0.000216436,-0.0456215,-0.00175429,-0.156132,-0.217924,0,0,0,-0.156599,-0.120683,0.0138647,-2.04934,-0.336238,10.5116,10.7148,0,16.256
6.95,roll -12deg,-0.44222,0.109079,-0.157394,0.0882855,-0.20944,0,-0.159183,0.126236,-0.0061613,95.9995,96.1395,116.776,4.60748,nan,0.28545,0.289251,0.293517,0.277674,0.281349,0.289251,0.281349,0.293517,0.277674,1,0,0.0893696,0,-0.00156852,-0.0449927,-0.00349036,-0.156097,-0.217866,0,0,0,-0.159439,-0.121809,0.0128101,-2.07011,-0.226795,10.4367,10.6424,0,16.3387
6.96,roll -12deg,-0.443747,0.107965,-0.157441,0.0883732,-0.20944,0,-0.15911,0.12642,-0.0067025,95.9948,96.1348,116.822,4.61401,nan,0.285499,0.290129,0.292695,0.27871,0.280452,0.290129,0.280452,0.292695,0.27871,1,0,0.0893349,0,-0.00218597,-0.0448366,-0.00189336,-0.155942,-0.217874,0,0,0,-0.158462,-0.131059,0.00750117,-2.10473,-0.254982,10.4465,10.6595,0,16.4195
6.97,roll -12deg,-0.445272,0.106853,-0.157456,0.0884269,-0.20944,0,-0.159008,0.126496,-0.00740987,95.9901,96.1301,116.868,4.62057,nan,0.285549,0.29116,0.291706,0.279584,0.279737,0.29116,0.279737,0.291706,0.279584,1,0,0.0892921,0,-0.00104342,-0.0446137,-0.00030693,-0.155867,-0.217767,0,0,0,-0.153408,-0.122725,0.00396312,-2.03133,-0.275314,10.4188,10.6186,0,16.5026
6.98,roll -12deg,-0.446796,0.105746,-0.157493,0.0884827,-0.20944,0,-0.158955,0.126494,-0.00756534,95.9854,96.1254,116.915,4.62715,nan,0.285601,0.289527,0.293314,0.278117,0.281436,0.289527,0.281436,0.293314,0.278117,1,0,0.0892414,0,-0.00124227,-0.0441266,-0.00312306,-0.15574,-0.21766,0,0,0,-0.158307,-0.129054,0.0169004,-1.9509,-0.345355,10.4111,10.598,0,16.5845
6.99,roll -12deg,-0.44832,0.104636,-0.157534,0.0885366,-0.20944,0,-0.15883,0.126441,-0.00686718,95.9807,96.1207,116.961,4.63377,nan,0.285654,0.290994,0.292447,0.279193,0.279971,0.290994,0.279971,0.292447,0.279193,1,0,0.0891745,0,-0.00179213,-0.0460007,-0.000980481,-0.155586,-0.217533,0,0,0,-0.149567,-0.128265,0.0072487,-1.9953,-0.307847,10.4338,10.6273,0,16.6665
7,roll -12deg,-0.449844,0.103528,-0.15756,0.0885834,-0.20944,0,-0.158714,0.126444,-0.00707152,95.976,96.116,117.007,4.64046,nan,0.285708,0.290689,0.292586,0.279412,0.280133,0.290689,0.280133,0.292586,0.279412,1,0,0.089121,0,-0.00311955,-0.0449614,-0.00115055,-0.155499,-0.217402,0,0,0,-0.155443,-0.127484,0.00226379,-2.06208,-0.290626,10.467,10.6721,0,16.7497
7.01,roll -12deg,-0.451367,0.102422,-0.157576,0.0886372,-0.20944,0,-0.158652,0.126442,-0.00733829,95.9713,96.1113,117.054,4.64716,nan,0.285763,0.289878,0.293502,0.278215,0.281445,0.289878,0.281445,0.293502,0.278215,1,0,0.0890836,0,-0.00104462,-0.0449447,-0.00301239,-0.15544,-0.217291,0,0,0,-0.160754,-0.132423,0.0101988,-2.06162,-0.285023,10.4126,10.6185,0,16.8337
7.02,roll -12deg,-0.45289,0.101318,-0.1576,0.0887233,-0.20944,0,-0.158519,0.126477,-0.00728657,95.9665,96.1065,117.1,4.65391,nan,0.285819,0.290631,0.292721,0.279471,0.280443,0.290631,0.280443,0.292721,0.279471,1,0,0.0890514,0,-0.00296604,-0.0444088,-0.00134565,-0.15532,-0.217263,0,0,0,-0.140049,-0.125101,0.0117031,-2.05049,-0.352616,10.4309,10.6364,0,16.9175
7.03,roll -12deg,-0.454411,0.100215,-0.157588,0.0887597,-0.20944,0,-0.158431,0.126515,-0.00805866,95.9618,96.1018,117.147,4.66071,nan,0.285877,0.290755,0.292663,0.279937,0.280142,0.290755,0.280142,0.292663,0.279937,1,0,0.0890166,0,-0.00451845,-0.0442245,-0.000928689,-0.155329,-0.217123,0,0,0,-0.142523,-0.135542,0.00344523,-2.04579,-0.206793,10.4298,10.6306,0,17.0037
7.04,roll -12deg,-0.455932,0.0991164,-0.157614,0.0888136,-0.20944,0,-0.158329,0.126419,-0.00894343,95.957,96.097,117.194,4.66755,nan,0.285936,0.290887,0.292531,0.279532,0.280783,0.290887,0.280783,0.292531,0.279532,1,0,0.0889684,0,-0.00104229,-0.043775,-0.00127191,-0.155254,-0.216991,0,0,0,-0.154888,-0.12998,0.000940115,-2.01414,-0.328666,10.4258,10.6237,0,17.0879
7.05,roll -12deg,-0.457451,0.0980234,-0.15759,0.0888445,-0.20944,0,-0.158178,0.126181,-0.00873504,95.9522,96.0922,117.24,4.67444,nan,0.285996,0.290604,0.293383,0.278924,0.281063,0.290604,0.281063,0.293383,0.278924,1,0,0.0889201,0,-0.001696,-0.0454763,-0.00216154,-0.155315,-0.216792,0,0,0,-0.158706,-0.122527,0.0132526,-2.11404,-0.316437,10.4465,10.6629,0,17.1753
7.06,roll -12deg,-0.45897,0.0969313,-0.157611,0.0888945,-0.20944,0,-0.158091,0.125888,-0.00885155,95.9474,96.0874,117.287,4.68136,nan,0.286058,0.290759,0.293276,0.279376,0.280809,0.290759,0.280809,0.293276,0.279376,1,0,0.0888664,0,-0.00287734,-0.0451915,-0.0017362,-0.15521,-0.216671,0,0,0,-0.151183,-0.114371,0.00550928,-1.97955,-0.318555,10.4143,10.6056,0,17.2603
7.07,roll -12deg,-0.46049,0.0958424,-0.157638,0.0889665,-0.20944,0,-0.158083,0.125594,-0.00820329,95.9426,96.0826,117.334,4.68833,nan,0.286121,0.290646,0.293402,0.278821,0.281601,0.290646,0.281601,0.293402,0.278821,1,0,0.0888342,0,6.20992e-05,-0.0447678,-0.00243325,-0.155118,-0.216624,0,0,0,-0.155623,-0.127523,-0.00208302,-2.02299,-0.288176,10.4325,10.6308,0,17.3452
7.08,roll -12deg,-0.46201,0.0947552,-0.157642,0.0890179,-0.20944,0,-0.15802,0.12539,-0.00795867,95.9378,96.0778,117.381,4.69537,nan,0.286185,0.291648,0.29229,0.279994,0.280795,0.291648,0.280795,0.29229,0.279994,1,0,0.0887966,0,0.000421641,-0.0438623,-0.000634206,-0.155073,-0.216488,0,0,0,-0.143988,-0.125254,0.0133698,-2.11198,-0.309743,10.3836,10.6007,0,17.4317
7.09,roll -12deg,-0.46353,0.0936698,-0.157671,0.0891011,-0.20944,0,-0.157904,0.125136,-0.00754562,95.9329,96.0729,117.428,4.70246,nan,0.286251,0.290117,0.294077,0.279344,0.281451,0.290117,0.281451,0.294077,0.279344,1,0,0.088759,0,-0.00491593,-0.0443339,-0.00266667,-0.154975,-0.216445,0,0,0,-0.151565,-0.132042,0.0227712,-2.05396,-0.39911,10.5179,10.724,0,17.5168
7.1,roll -12deg,-0.465051,0.0925857,-0.157675,0.0891677,-0.20944,0,-0.157916,0.124814,-0.00736778,95.9281,96.0681,117.475,4.70959,nan,0.286317,0.290932,0.293287,0.280155,0.280882,0.290932,0.280882,0.293287,0.280155,1,0,0.0887295,0,-0.00431614,-0.0439243,-0.00135445,-0.154934,-0.216369,0,0,0,-0.148389,-0.127404,0.0104175,-2.03774,-0.335437,10.4669,10.6687,0,17.6038
7.11,roll -12deg,-0.466572,0.0915076,-0.157695,0.0892407,-0.20944,0,-0.157986,0.124497,-0.00852647,95.9232,96.0632,117.522,4.71677,nan,0.286386,0.289673,0.294692,0.278348,0.282816,0.289673,0.282816,0.294692,0.278348,1,0,0.0887053,0,-0.00146002,-0.0439604,-0.00417035,-0.15487,-0.216313,0,0,0,-0.153777,-0.133474,0.0159064,-2.09157,-0.372132,10.3759,10.5912,0,17.6902
7.12,roll -12deg,-0.468095,0.0904333,-0.157701,0.0893497,-0.20944,0,-0.158063,0.124262,-0.00818556,95.9184,96.0584,117.569,4.72397,nan,0.286455,0.29059,0.294478,0.278922,0.281816,0.29059,0.281816,0.294478,0.278922,1,0,0.0887053,0,-0.00263459,-0.0461019,-0.00298127,-0.154818,-0.216349,0,0,0,-0.15223,-0.123601,0.00821501,-2.0142,-0.308204,10.3664,10.5648,0,17.7776
7.13,roll -12deg,-0.469618,0.0893632,-0.157721,0.0894404,-0.20944,0,-0.158156,0.124192,-0.00883565,95.9135,96.0535,117.616,4.7312,nan,0.286526,0.29044,0.294582,0.278605,0.282463,0.29044,0.282463,0.294582,0.278605,1,0,0.0886811,0,-0.000752372,-0.0453888,-0.00351635,-0.154735,-0.216338,0,0,0,-0.145214,-0.123843,0.00308613,-2.04285,-0.401433,10.4595,10.6647,0,17.8647
7.14,roll -12deg,-0.471143,0.0882943,-0.157736,0.0895229,-0.20944,0,-0.158209,0.12413,-0.00821436,95.9086,96.0486,117.664,4.73848,nan,0.286599,0.290963,0.293903,0.279721,0.281794,0.290963,0.281794,0.293903,0.279721,1,0,0.0886676,0,-0.00230081,-0.0442468,-0.00220335,-0.154681,-0.216314,0,0,0,-0.156457,-0.124456,0.00870722,-2.04349,-0.373465,10.5088,10.7121,0,17.9523
7.15,roll -12deg,-0.47267,0.0872281,-0.15776,0.0895945,-0.20944,0,-0.158349,0.124104,-0.00890292,95.9037,96.0437,117.711,4.74578,nan,0.286673,0.291577,0.293826,0.279679,0.281593,0.291577,0.281593,0.293826,0.279679,1,0,0.08863,0,-0.000888865,-0.0457229,-0.00182982,-0.15457,-0.216266,0,0,0,-0.149447,-0.128769,0.0220639,-2.01291,-0.346551,10.538,10.7342,0,18.0398
7.16,roll -12deg,-0.474197,0.0861645,-0.157777,0.0896798,-0.20944,0,-0.158359,0.124135,-0.00943778,95.8987,96.0387,117.759,4.75313,nan,0.286748,0.29035,0.295122,0.279141,0.282363,0.29035,0.282363,0.295122,0.279141,1,0,0.0886004,0,-0.00411189,-0.0454147,-0.00351297,-0.154501,-0.216207,0,0,0,-0.150111,-0.116759,0.0124781,-2.01007,-0.367887,10.5323,10.7287,0,18.1278
7.17,roll -12deg,-0.475725,0.0851022,-0.157817,0.0897848,-0.20944,0,-0.15831,0.124242,-0.00912969,95.8938,96.0338,117.806,4.76053,nan,0.286825,0.292253,0.293446,0.280172,0.281413,0.292253,0.281413,0.293446,0.280172,1,0,0.0885815,0,0.000125175,-0.0456908,-0.00106974,-0.154352,-0.216261,0,0,0,-0.144786,-0.135737,0.0136689,-1.99332,-0.381044,10.4329,10.6284,0,18.2148
7.18,roll -12deg,-0.477252,0.084042,-0.15783,0.0898626,-0.20944,0,-0.158172,0.124436,-0.0100908,95.8888,96.0288,117.854,4.76795,nan,0.286903,0.291267,0.294198,0.280169,0.281962,0.291267,0.281962,0.294198,0.280169,1,0,0.0885627,0,-0.00301983,-0.0442134,-0.00207682,-0.154299,-0.216199,0,0,0,-0.1533,-0.117242,0.011132,-1.96034,-0.38537,10.5593,10.7467,0,18.3037
7.19,roll -12deg,-0.478777,0.0829818,-0.157833,0.0899281,-0.20944,0,-0.158003,0.12458,-0.00966073,95.8838,96.0238,117.902,4.77545,nan,0.286983,0.291534,0.294538,0.280127,0.281715,0.291534,0.281715,0.294538,0.280127,1,0,0.088533,0,-0.00375585,-0.0459102,-0.00201837,-0.154283,-0.216094,0,0,0,-0.154509,-0.121471,0.0167593,-2.06365,-0.416401,10.457,10.6668,0,18.3931
7.2,roll -12deg,-0.480302,0.0819195,-0.157842,0.0900477,-0.20944,0,-0.157934,0.124866,-0.00899325,95.8788,96.0188,117.949,4.78301,nan,0.287064,0.292772,0.293247,0.281059,0.28116,0.292772,0.28116,0.293247,0.281059,1,0,0.0885465,0,-0.000994147,-0.0450965,-0.00025316,-0.154206,-0.216193,0,0,0,-0.143834,-0.123636,0.0101571,-1.97626,-0.359314,10.5831,10.7721,0,18.4826
7.21,roll -12deg,-0.481827,0.0808554,-0.157841,0.0900928,-0.20944,0,-0.157911,0.125224,-0.0100982,95.8738,96.0138,117.997,4.7906,nan,0.287146,0.289684,0.296453,0.27822,0.284211,0.289684,0.284211,0.296453,0.27822,1,0,0.088498,0,-0.00206254,-0.0449166,-0.00560837,-0.154218,-0.216026,0,0,0,-0.155878,-0.135907,0.0122481,-2.10746,-0.428802,10.4937,10.7119,0,18.5725
7.22,roll -12deg,-0.483353,0.0797901,-0.15785,0.0901716,-0.20944,0,-0.15788,0.125471,-0.00983761,95.8688,96.0088,118.045,4.79826,nan,0.28723,0.291454,0.294821,0.280005,0.282623,0.291454,0.282623,0.294821,0.280005,1,0,0.0884764,0,-0.00198512,-0.0448062,-0.00263049,-0.154155,-0.215978,0,0,0,-0.151026,-0.127944,0.00519304,-2.03529,-0.420329,10.5312,10.7343,0,18.6624
7.23,roll -12deg,-0.484877,0.0787261,-0.157875,0.0902451,-0.20944,0,-0.157671,0.125631,-0.0104434,95.8638,96.0038,118.093,4.80597,nan,0.287315,0.291547,0.29505,0.280226,0.282421,0.291547,0.282421,0.29505,0.280226,1,0,0.0884414,0,-0.00346718,-0.045381,-0.00250462,-0.154057,-0.215906,0,0,0,-0.154147,-0.120416,0.0118374,-2.02603,-0.38018,10.5794,10.7783,0,18.7514
7.24,roll -12deg,-0.4864,0.0776638,-0.15788,0.0903154,-0.20944,0,-0.157519,0.125766,-0.0104325,95.8587,95.9987,118.141,4.81373,nan,0.287402,0.290052,0.296541,0.278677,0.28432,0.290052,0.28432,0.296541,0.278677,1,0,0.0884009,0,-0.00224589,-0.0447113,-0.00533201,-0.154015,-0.21582,0,0,0,-0.157371,-0.117567,0.0121742,-1.94836,-0.368386,10.5049,10.6904,0,18.8416
7.25,roll -12deg,-0.487922,0.0765982,-0.157895,0.0903933,-0.20944,0,-0.157377,0.125805,-0.00959114,95.8536,95.9936,118.189,4.82153,nan,0.28749,0.292798,0.293964,0.281319,0.281862,0.292798,0.281862,0.293964,0.281319,1,0,0.0883767,0,-0.00165381,-0.0446829,-0.00075135,-0.153917,-0.215784,0,0,0,-0.143029,-0.119619,0.00790954,-1.87479,-0.412537,10.6698,10.8411,0,18.9315
7.26,roll -12deg,-0.489444,0.0755335,-0.157885,0.0904656,-0.20944,0,-0.157248,0.125757,-0.00929602,95.8485,95.9885,118.238,4.82936,nan,0.28758,0.29239,0.294571,0.280831,0.282508,0.29239,0.282508,0.294571,0.280831,1,0,0.0883578,0,-0.00133822,-0.0447597,-0.00169518,-0.153929,-0.215699,0,0,0,-0.139204,-0.125975,0.0147082,-1.98395,-0.415188,10.5207,10.7142,0,19.0229
7.27,roll -12deg,-0.490965,0.0744693,-0.157913,0.0905825,-0.20944,0,-0.157121,0.12576,-0.010319,95.8434,95.9834,118.286,4.83722,nan,0.287671,0.292956,0.294765,0.28086,0.282083,0.292956,0.282083,0.294765,0.28086,1,0,0.0883605,0,-0.00155375,-0.046949,-0.00133273,-0.153867,-0.21574,0,0,0,-0.159834,-0.123889,0.014493,-2.05438,-0.499322,10.521,10.7313,0,19.1125
7.28,roll -12deg,-0.492484,0.0734104,-0.157879,0.0906277,-0.20944,0,-0.156977,0.125878,-0.010668,95.8383,95.9783,118.334,4.84514,nan,0.287763,0.29212,0.295346,0.280929,0.282638,0.29212,0.282638,0.295346,0.280929,1,0,0.0883308,0,-0.00402162,-0.0452826,-0.00216919,-0.15393,-0.215592,0,0,0,-0.157726,-0.117942,0.015783,-2.0495,-0.370102,10.5598,10.7632,0,19.2055
7.29,roll -12deg,-0.494003,0.0723552,-0.157862,0.0906716,-0.20944,0,-0.156937,0.125922,-0.0119884,95.8331,95.9731,118.383,4.85311,nan,0.287857,0.291636,0.296111,0.280052,0.283608,0.291636,0.283608,0.296111,0.280052,1,0,0.0882957,0,-0.00243888,-0.0456394,-0.00352946,-0.153942,-0.215453,0,0,0,-0.151675,-0.126023,-0.000279315,-1.93751,-0.457202,10.6243,10.8092,0,19.2978
7.3,roll -12deg,-0.495522,0.0713002,-0.157875,0.0907349,-0.20944,0,-0.156917,0.12595,-0.0104674,95.8279,95.9679,118.432,4.86112,nan,0.287952,0.292641,0.29528,0.281245,0.282621,0.292641,0.282621,0.29528,0.281245,1,0,0.0882524,0,-0.00334937,-0.0455774,-0.00176469,-0.153879,-0.215351,0,0,0,-0.153004,-0.125263,0.00220032,-1.89288,-0.458872,10.4955,10.6747,0,19.3885
7.31,roll -12deg,-0.497042,0.0702449,-0.157869,0.0907999,-0.20944,0,-0.156848,0.125987,-0.0106765,95.8228,95.9628,118.48,4.86914,nan,0.288048,0.292214,0.295734,0.28044,0.283786,0.292214,0.283786,0.295734,0.28044,1,0,0.0882173,0,-0.000461893,-0.0449487,-0.00301752,-0.153875,-0.215239,0,0,0,-0.154937,-0.117388,0.00692315,-1.86812,-0.530343,10.531,10.7085,0,19.4805
7.32,roll -12deg,-0.498561,0.069189,-0.157861,0.0909007,-0.20944,0,-0.156838,0.125955,-0.0108404,95.8175,95.9575,118.529,4.8772,nan,0.288146,0.294041,0.294534,0.281649,0.282341,0.294041,0.282341,0.294534,0.281649,1,0,0.0882389,0,0.000529479,-0.0465846,-0.000520657,-0.153877,-0.215272,0,0,0,-0.154404,-0.134177,0.0201167,-1.92626,-0.527361,10.5264,10.7142,0,19.5729
7.33,roll -12deg,-0.500081,0.0681372,-0.157855,0.0910031,-0.20944,0,-0.156807,0.12606,-0.011077,95.8123,95.9523,118.578,4.88533,nan,0.288245,0.292424,0.295954,0.280723,0.283861,0.292424,0.283861,0.295954,0.280723,1,0,0.0882362,0,-0.00103732,-0.0450833,-0.00293083,-0.153866,-0.21527,0,0,0,-0.149186,-0.121746,0.0257799,-1.95023,-0.533355,10.5683,10.7599,0,19.6656
7.34,roll -12deg,-0.501601,0.0670855,-0.157866,0.0910733,-0.20944,0,-0.156723,0.126157,-0.0111229,95.8071,95.9471,118.627,4.89353,nan,0.288346,0.291775,0.2969,0.279976,0.284713,0.291775,0.284713,0.2969,0.279976,1,0,0.0881957,0,-0.00102649,-0.0454496,-0.00433452,-0.153816,-0.21519,0,0,0,-0.152912,-0.135194,0.0116066,-1.96717,-0.535767,10.525,10.7206,0,19.757
7.35,roll -12deg,-0.503121,0.0660328,-0.157883,0.0911521,-0.20944,0,-0.156589,0.126249,-0.0115737,95.8018,95.9418,118.676,4.90177,nan,0.288448,0.291965,0.297067,0.28045,0.28429,0.291965,0.28429,0.297067,0.28045,1,0,0.0881686,0,-0.00334764,-0.04603,-0.00393009,-0.153738,-0.215133,0,0,0,-0.153447,-0.133493,0.0129673,-1.93892,-0.574765,10.6063,10.7974,0,19.8485
7.36,roll -12deg,-0.50464,0.0649817,-0.157887,0.0912308,-0.20944,0,-0.156579,0.126358,-0.0115309,95.7965,95.9365,118.725,4.91007,nan,0.288552,0.293039,0.295827,0.281288,0.284031,0.293039,0.284031,0.295827,0.281288,1,0,0.0881443,0,-0.000118048,-0.0446162,-0.00243085,-0.153705,-0.215072,0,0,0,-0.152652,-0.134022,0.0154226,-2.00214,-0.543614,10.5501,10.7521,0,19.9408
7.37,roll -12deg,-0.50616,0.0639314,-0.157886,0.0913056,-0.20944,0,-0.156642,0.126355,-0.011489,95.7912,95.9312,118.774,4.91843,nan,0.288657,0.293184,0.296072,0.281661,0.283689,0.293184,0.283689,0.296072,0.281661,1,0,0.0881091,0,-0.00228336,-0.045296,-0.0021608,-0.153685,-0.214986,0,0,0,-0.152876,-0.124217,0.0150472,-2.02608,-0.568988,10.59,10.7971,0,20.0337
7.38,roll -12deg,-0.507682,0.062882,-0.157904,0.0913547,-0.20944,0,-0.156793,0.126271,-0.0112777,95.7859,95.9259,118.823,4.92683,nan,0.288763,0.29292,0.296076,0.281875,0.284161,0.29292,0.284161,0.296076,0.281875,1,0,0.0880739,0,-0.00230761,-0.0435049,-0.00239199,-0.153598,-0.21488,0,0,0,-0.150035,-0.143259,0.0103429,-1.98179,-0.620208,10.6755,10.8756,0,20.1256
7.39,roll -12deg,-0.509206,0.0618347,-0.157911,0.0914421,-0.20944,0,-0.157068,0.126204,-0.0111726,95.7805,95.9205,118.872,4.93527,nan,0.288871,0.293624,0.295685,0.282083,0.284069,0.293624,0.284069,0.295685,0.282083,1,0,0.0880522,0,-0.000196198,-0.0438785,-0.00177908,-0.153562,-0.214839,0,0,0,-0.152318,-0.146799,0.0184801,-2.11293,-0.576296,10.6711,10.8935,0,20.2185
7.4,roll -12deg,-0.510735,0.0607855,-0.157926,0.0915571,-0.20944,0,-0.157339,0.126204,-0.0106099,95.7751,95.9151,118.922,4.94376,nan,0.28898,0.292701,0.297215,0.281286,0.284695,0.292701,0.284695,0.297215,0.281286,1,0,0.0880468,0,-0.00292961,-0.0453518,-0.00348253,-0.153485,-0.214851,0,0,0,-0.149896,-0.12924,0.0132305,-2.06539,-0.564663,10.584,10.7984,0,20.3114
7.41,roll -12deg,-0.512267,0.0597361,-0.157947,0.0916598,-0.20944,0,-0.157658,0.12636,-0.0112456,95.7697,95.9097,118.971,4.95228,nan,0.289091,0.292877,0.297324,0.28122,0.284919,0.292877,0.284919,0.297324,0.28122,1,0,0.0880333,0,-0.00198465,-0.0455938,-0.00358001,-0.153414,-0.214868,0,0,0,-0.157055,-0.135743,0.0187226,-2.08373,-0.619306,10.5548,10.7763,0,20.4044
7.42,roll -12deg,-0.513802,0.0586899,-0.157962,0.0917364,-0.20944,0,-0.157903,0.126544,-0.0118756,95.7643,95.9043,119.021,4.96084,nan,0.289203,0.29377,0.296798,0.281247,0.284973,0.29377,0.284973,0.296798,0.281247,1,0,0.087998,0,0.00185286,-0.0461351,-0.00296808,-0.153341,-0.214801,0,0,0,-0.155948,-0.125885,0.00712675,-2.11648,-0.582496,10.6832,10.9064,0,20.4981
7.43,roll -12deg,-0.515339,0.0576476,-0.157977,0.0918423,-0.20944,0,-0.158039,0.126776,-0.0130505,95.7589,95.8989,119.07,4.96947,nan,0.289316,0.294061,0.296326,0.282095,0.28476,0.294061,0.28476,0.296326,0.282095,1,0,0.0879818,0,0.00106144,-0.0445893,-0.00216734,-0.153266,-0.214808,0,0,0,-0.152207,-0.126094,0.0155876,-2.09658,-0.622417,10.5933,10.8167,0,20.5919
7.44,roll -12deg,-0.516877,0.0566092,-0.157946,0.0919008,-0.20944,0,-0.15813,0.127,-0.0133177,95.7534,95.8934,119.12,4.97818,nan,0.289431,0.293475,0.297014,0.282421,0.284793,0.293475,0.284793,0.297014,0.282421,1,0,0.0879628,0,-0.00309392,-0.0441005,-0.00259812,-0.153315,-0.214683,0,0,0,-0.140498,-0.133867,0.0202564,-2.16237,-0.578446,10.5546,10.7893,0,20.6884
7.45,roll -12deg,-0.518418,0.0555703,-0.157932,0.0919833,-0.20944,0,-0.158335,0.127061,-0.012506,95.7479,95.8879,119.17,4.98696,nan,0.289548,0.293229,0.297846,0.28173,0.285363,0.293229,0.285363,0.297846,0.28173,1,0,0.0879438,0,-0.00261042,-0.0454407,-0.00362618,-0.15332,-0.214616,0,0,0,-0.149246,-0.129919,0.0190665,-2.04613,-0.497265,10.6273,10.8339,0,20.7841
7.46,roll -12deg,-0.519962,0.054529,-0.157933,0.0920853,-0.20944,0,-0.15863,0.12708,-0.0126597,95.7424,95.8824,119.22,4.9958,nan,0.289666,0.293286,0.297825,0.282118,0.285412,0.293286,0.285412,0.297825,0.282118,1,0,0.0879411,0,-0.0033027,-0.044682,-0.00344331,-0.15329,-0.214615,0,0,0,-0.148838,-0.131525,0.0196819,-2.01594,-0.550554,10.5583,10.7631,0,20.8796
7.47,roll -12deg,-0.521509,0.0534888,-0.157947,0.0921808,-0.20944,0,-0.158884,0.127135,-0.0117729,95.7369,95.8769,119.27,5.00467,nan,0.289786,0.293417,0.298288,0.281601,0.285812,0.293417,0.285812,0.298288,0.281601,1,0,0.0879113,0,-0.0017507,-0.0460261,-0.00399176,-0.153227,-0.214594,0,0,0,-0.153597,-0.122397,0.00402876,-1.98452,-0.536061,10.5453,10.7438,0,20.9748
7.48,roll -12deg,-0.52306,0.0524456,-0.157969,0.0922827,-0.20944,0,-0.159153,0.127196,-0.01203,95.7313,95.8713,119.32,5.01357,nan,0.289907,0.293371,0.298609,0.281436,0.286187,0.293371,0.286187,0.298609,0.281436,1,0,0.0878977,0,-0.00129377,-0.0461518,-0.00439037,-0.153121,-0.214585,0,0,0,-0.148354,-0.115038,0.0145217,-2.00376,-0.495095,10.6473,10.8455,0,21.0698
7.49,roll -12deg,-0.524615,0.0514035,-0.157974,0.0923488,-0.20944,0,-0.15941,0.127255,-0.012206,95.7257,95.8657,119.37,5.02254,nan,0.29003,0.294091,0.298076,0.282201,0.285725,0.294091,0.285725,0.298076,0.282201,1,0,0.0878597,0,-0.00122288,-0.0459315,-0.0033002,-0.153053,-0.214496,0,0,0,-0.136514,-0.120363,0.0191735,-2.00734,-0.445875,10.7028,10.8986,0,21.1659
7.5,roll -12deg,-0.526172,0.0503656,-0.158007,0.0924674,-0.20944,0,-0.159587,0.127145,-0.0124131,95.7201,95.8601,119.42,5.03157,nan,0.290154,0.294562,0.297851,0.282906,0.285271,0.294562,0.285271,0.297851,0.282906,1,0,0.0878651,0,-0.00245001,-0.0459217,-0.00248514,-0.152957,-0.214564,0,0,0,-0.16218,-0.129148,0.0159864,-1.92962,-0.425053,10.7057,10.8865,0,21.2609
7.51,roll -12deg,-0.527731,0.0493314,-0.158051,0.0925454,-0.20944,0,-0.159655,0.127013,-0.012477,95.7145,95.8545,119.471,5.04064,nan,0.29028,0.294,0.298968,0.282145,0.28598,0.294,0.28598,0.298968,0.282145,1,0,0.0878054,0,-0.00300835,-0.0470727,-0.00386913,-0.152786,-0.214493,0,0,0,-0.152647,-0.141583,0.00798913,-1.96265,-0.464423,10.7141,10.9022,0,21.3552
7.52,roll -12deg,-0.529291,0.0482997,-0.158095,0.0926175,-0.20944,0,-0.159737,0.126932,-0.013451,95.7088,95.8488,119.521,5.04976,nan,0.290407,0.294861,0.298201,0.282355,0.286185,0.294861,0.286185,0.298201,0.282355,1,0,0.0877538,0,0.00130236,-0.0464634,-0.00315115,-0.152609,-0.214393,0,0,0,-0.146803,-0.121656,0.00993862,-1.80845,-0.515549,10.6153,10.7806,0,21.4499
7.53,roll -12deg,-0.530852,0.047273,-0.15813,0.0926964,-0.20944,0,-0.159706,0.126811,-0.013554,95.7031,95.8431,119.572,5.05893,nan,0.290536,0.296272,0.296903,0.284047,0.284897,0.296272,0.284897,0.296903,0.284047,1,0,0.0877076,0,0.000580492,-0.0459142,-0.000650771,-0.152505,-0.214319,0,0,0,-0.157384,-0.131755,0.013158,-1.90804,-0.587994,10.6409,10.8266,0,21.5452
7.54,roll -12deg,-0.532413,0.0462523,-0.158171,0.0927679,-0.20944,0,-0.159598,0.126677,-0.0147106,95.6974,95.8374,119.622,5.06814,nan,0.290667,0.294251,0.299193,0.282216,0.286981,0.294251,0.286981,0.299193,0.282216,1,0,0.0876504,0,-0.000468601,-0.0459442,-0.00426649,-0.152362,-0.214205,0,0,0,-0.16005,-0.131078,0.0131555,-1.94549,-0.632106,10.6345,10.8295,0,21.6401
7.55,roll -12deg,-0.533973,0.0452348,-0.158216,0.0928183,-0.20944,0,-0.159388,0.126471,-0.0141318,95.6917,95.8317,119.673,5.07741,nan,0.290799,0.295217,0.298269,0.282994,0.286689,0.295217,0.286689,0.298269,0.282994,1,0,0.0875715,0,0.00170668,-0.0451028,-0.00296524,-0.1522,-0.214055,0,0,0,-0.159466,-0.137509,0.0203006,-1.96844,-0.657355,10.6243,10.825,0,21.7348
7.56,roll -12deg,-0.535531,0.044219,-0.158227,0.0929027,-0.20944,0,-0.159116,0.126217,-0.0141097,95.6859,95.8259,119.724,5.08672,nan,0.290933,0.29638,0.297628,0.284294,0.285401,0.29638,0.285401,0.297628,0.284294,1,0,0.087547,0,-0.0003731,-0.0460696,-0.00103518,-0.152139,-0.213987,0,0,0,-0.157707,-0.130318,0.0120184,-2.01829,-0.64693,10.6663,10.8748,0,21.8317
7.57,roll -12deg,-0.537088,0.043209,-0.15827,0.0930038,-0.20944,0,-0.158871,0.125981,-0.014693,95.6801,95.8201,119.775,5.0961,nan,0.291068,0.295598,0.298185,0.284131,0.28633,0.295598,0.28633,0.298185,0.284131,1,0,0.087517,0,-0.00103029,-0.0441911,-0.00210308,-0.152006,-0.213974,0,0,0,-0.170433,-0.123592,0.0145207,-2.05984,-0.654938,10.662,10.8789,0,21.9269
7.58,roll -12deg,-0.538642,0.0422043,-0.158278,0.0930898,-0.20944,0,-0.158625,0.125617,-0.0144626,95.6743,95.8143,119.826,5.1055,nan,0.291204,0.295283,0.299031,0.283322,0.287154,0.295283,0.287154,0.299031,0.283322,1,0,0.0874979,0,0.000220178,-0.0451679,-0.00333162,-0.151926,-0.213928,0,0,0,-0.154816,-0.135264,0.0207792,-2.06701,-0.661179,10.703,10.9208,0,22.0238
7.59,roll -12deg,-0.540195,0.0412025,-0.158342,0.0931878,-0.20944,0,-0.158422,0.125302,-0.0148479,95.6685,95.8085,119.877,5.11495,nan,0.291343,0.295177,0.299605,0.282897,0.287664,0.295177,0.287664,0.299605,0.282897,1,0,0.0874407,0,0.000900353,-0.0458942,-0.0040408,-0.151695,-0.213901,0,0,0,-0.153089,-0.134146,0.0151802,-2.08133,-0.594783,10.7072,10.9238,0,22.1175
7.6,roll -12deg,-0.541746,0.0402052,-0.15836,0.0932728,-0.20944,0,-0.158038,0.125097,-0.0149391,95.6626,95.8026,119.928,5.12445,nan,0.291482,0.295839,0.299345,0.283571,0.287147,0.295839,0.287147,0.299345,0.283571,1,0,0.087397,0,0.000184645,-0.0463595,-0.00311264,-0.151592,-0.213828,0,0,0,-0.145503,-0.128364,0.0172194,-1.96403,-0.628336,10.5595,10.759,0,22.2137
7.61,roll -12deg,-0.543294,0.0392112,-0.158377,0.093383,-0.20944,0,-0.157659,0.124968,-0.0147674,95.6567,95.7967,119.979,5.13399,nan,0.291623,0.295829,0.299365,0.284069,0.287203,0.295829,0.287203,0.299365,0.284069,1,0,0.0873888,0,-0.001068,-0.0453255,-0.00293131,-0.151517,-0.213843,0,0,0,-0.151244,-0.124731,0.0200009,-2.00526,-0.600961,10.6911,10.8941,0,22.3102
7.62,roll -12deg,-0.544839,0.0382199,-0.158361,0.0934591,-0.20944,0,-0.15731,0.124874,-0.0153248,95.6508,95.7908,120.031,5.14357,nan,0.291766,0.296339,0.299053,0.284751,0.286892,0.296339,0.286892,0.299053,0.284751,1,0,0.0873561,0,-0.00152271,-0.0449995,-0.0021338,-0.151513,-0.213759,0,0,0,-0.147003,-0.127053,0.0283332,-1.93476,-0.563203,10.7634,10.9504,0,22.408
7.63,roll -12deg,-0.546381,0.0372342,-0.158372,0.0935558,-0.20944,0,-0.157011,0.124743,-0.0153256,95.6448,95.7848,120.082,5.15318,nan,0.29191,0.296018,0.299975,0.284232,0.287386,0.296018,0.287386,0.299975,0.284232,1,0,0.0873397,0,-0.00213246,-0.046186,-0.00312554,-0.151471,-0.21372,0,0,0,-0.154543,-0.133612,0.0198551,-2.06859,-0.552083,10.75,10.9611,0,22.5044
7.64,roll -12deg,-0.547921,0.0362508,-0.158403,0.093653,-0.20944,0,-0.156741,0.124771,-0.0151954,95.6388,95.7788,120.134,5.16284,nan,0.292056,0.295204,0.300627,0.283788,0.288575,0.295204,0.288575,0.300627,0.283788,1,0,0.0873042,0,-0.00168666,-0.0444677,-0.00448767,-0.151355,-0.213677,0,0,0,-0.159829,-0.125533,0.0146686,-1.96156,-0.665627,10.7503,10.948,0,22.5997
7.65,roll -12deg,-0.549459,0.0352652,-0.158413,0.0937357,-0.20944,0,-0.156374,0.124831,-0.0149687,95.6328,95.7728,120.186,5.17257,nan,0.292202,0.296685,0.299579,0.285111,0.287406,0.296685,0.287406,0.299579,0.285111,1,0,0.0872769,0,-0.00158981,-0.0449956,-0.00228067,-0.151267,-0.213624,0,0,0,-0.154198,-0.128474,0.0206782,-1.85615,-0.604816,10.7275,10.9037,0,22.696
7.66,roll -12deg,-0.550994,0.0342792,-0.158399,0.0938447,-0.20944,0,-0.156036,0.124881,-0.0146677,95.6268,95.7668,120.237,5.18236,nan,0.292351,0.295618,0.301141,0.284368,0.288247,0.295618,0.288247,0.301141,0.284368,1,0,0.0872714,0,-0.00435721,-0.0457484,-0.0041324,-0.151267,-0.213628,0,0,0,-0.144192,-0.129464,0.0119998,-1.91513,-0.556965,10.6521,10.8372,0,22.7939
7.67,roll -12deg,-0.552527,0.0332929,-0.158402,0.0939437,-0.20944,0,-0.15584,0.124963,-0.0147003,95.6207,95.7607,120.289,5.19222,nan,0.292501,0.297519,0.299393,0.285952,0.287107,0.297519,0.287107,0.299393,0.285952,1,0,0.0872769,0,-0.00190661,-0.0451964,-0.00133124,-0.151256,-0.213597,0,0,0,-0.157555,-0.138756,0.0104198,-1.88652,-0.717879,10.6377,10.8275,0,22.8906
7.68,roll -12deg,-0.554059,0.032311,-0.158418,0.0940363,-0.20944,0,-0.155877,0.124924,-0.0159832,95.6146,95.7546,120.341,5.20214,nan,0.292652,0.296562,0.301067,0.284366,0.288581,0.296562,0.288581,0.301067,0.284366,1,0,0.0872331,0,-0.000768986,-0.0467676,-0.00383279,-0.15117,-0.213553,0,0,0,-0.164391,-0.121781,0.011424,-1.83535,-0.652242,10.8082,10.9823,0,22.9868
7.69,roll -12deg,-0.555593,0.0313329,-0.158427,0.0941571,-0.20944,0,-0.155891,0.124901,-0.0157938,95.6084,95.7484,120.393,5.2121,nan,0.292805,0.296183,0.30161,0.284222,0.289173,0.296183,0.289173,0.30161,0.284222,1,0,0.0872277,0,-0.00126319,-0.0462301,-0.00456194,-0.151122,-0.213555,0,0,0,-0.151582,-0.124283,0.0214143,-1.99387,-0.788437,10.7765,10.9877,0,23.0836
7.7,roll -12deg,-0.557127,0.0303525,-0.15842,0.0942893,-0.20944,0,-0.155907,0.124965,-0.015445,95.6023,95.7423,120.445,5.22213,nan,0.292959,0.295202,0.302405,0.283528,0.29067,0.295202,0.29067,0.302405,0.283528,1,0,0.0872468,0,-0.000162402,-0.0443557,-0.00630563,-0.151094,-0.213642,0,0,0,-0.145377,-0.132603,0.0123296,-2.01781,-0.703651,10.7675,10.9775,0,23.1815
7.71,roll -12deg,-0.558663,0.0293727,-0.158449,0.0944043,-0.20944,0,-0.155917,0.125109,-0.015907,95.5961,95.7361,120.498,5.2322,nan,0.293115,0.29743,0.300705,0.285827,0.288465,0.29743,0.288465,0.300705,0.285827,1,0,0.0872277,0,-0.00169006,-0.0451752,-0.00259888,-0.150994,-0.21366,0,0,0,-0.15869,-0.130277,0.00504889,-2.02656,-0.662644,10.6606,10.8717,0,23.2774
7.72,roll -12deg,-0.560199,0.0283972,-0.158431,0.0945015,-0.20944,0,-0.155849,0.125231,-0.0159584,95.5898,95.7298,120.55,5.24232,nan,0.293272,0.297514,0.30118,0.286081,0.28828,0.297514,0.28828,0.30118,0.286081,1,0,0.0872195,0,-0.00389217,-0.0461075,-0.0025781,-0.150988,-0.213619,0,0,0,-0.14228,-0.126861,0.0238197,-1.98834,-0.689266,10.6305,10.8368,0,23.376
7.73,roll -12deg,-0.561735,0.0274223,-0.158425,0.0945966,-0.20944,0,-0.155833,0.125342,-0.0166235,95.5836,95.7236,120.603,5.25249,nan,0.29343,0.297304,0.30144,0.286061,0.288885,0.297304,0.288885,0.30144,0.286061,1,0,0.0872058,0,-0.00347966,-0.0450918,-0.00305922,-0.150984,-0.213577,0,0,0,-0.15399,-0.130055,0.0225412,-2.04909,-0.611627,10.717,10.9282,0,23.4738
7.74,roll -12deg,-0.563271,0.0264521,-0.158442,0.0946833,-0.20944,0,-0.155835,0.125324,-0.0168651,95.5773,95.7173,120.655,5.26272,nan,0.29359,0.296836,0.302253,0.285396,0.289845,0.296836,0.289845,0.302253,0.285396,1,0,0.0871648,0,-0.00256813,-0.0451878,-0.00433665,-0.150879,-0.213507,0,0,0,-0.150163,-0.114371,0.00951605,-1.9777,-0.512187,10.7364,10.9291,0,23.5705
7.75,roll -12deg,-0.564809,0.0254845,-0.158436,0.0947883,-0.20944,0,-0.15588,0.125188,-0.0174587,95.571,95.711,120.708,5.273,nan,0.293752,0.297241,0.302534,0.285173,0.290028,0.297241,0.290028,0.302534,0.285173,1,0,0.0871593,0,-0.00116275,-0.0465633,-0.00446051,-0.150875,-0.21349,0,0,0,-0.163118,-0.112035,0.018665,-1.86804,-0.62518,10.8116,10.9896,0,23.6686
7.76,roll -12deg,-0.566347,0.0245203,-0.158461,0.0949028,-0.20944,0,-0.155985,0.125079,-0.01752,95.5646,95.7046,120.761,5.28336,nan,0.293915,0.298722,0.301404,0.286631,0.288871,0.298722,0.288871,0.301404,0.286631,1,0,0.0871429,0,-0.00117197,-0.0466599,-0.00216335,-0.15077,-0.213506,0,0,0,-0.157761,-0.114893,0.0278298,-1.85433,-0.760166,10.7899,10.9744,0,23.7655
7.77,roll -12deg,-0.567888,0.0235612,-0.158444,0.0949902,-0.20944,0,-0.156063,0.124951,-0.0171571,95.5582,95.6982,120.813,5.2938,nan,0.29408,0.29811,0.302036,0.286113,0.290028,0.29811,0.290028,0.302036,0.286113,1,0,0.0871182,0,-2.85203e-05,-0.0454859,-0.00344623,-0.150783,-0.213415,0,0,0,-0.152742,-0.116064,0.0233482,-1.96686,-0.682603,10.7055,10.9061,0,23.8643
7.78,roll -12deg,-0.56943,0.0226004,-0.158478,0.0951664,-0.20944,0,-0.156055,0.12484,-0.0168296,95.5518,95.6918,120.866,5.30429,nan,0.294246,0.298229,0.302181,0.286676,0.289863,0.298229,0.289863,0.302181,0.286676,1,0,0.0871401,0,-0.00202966,-0.0452308,-0.00313787,-0.150639,-0.21359,0,0,0,-0.142933,-0.1241,0.0254914,-2.00565,-0.758397,10.8464,11.0563,0,23.9611
7.79,roll -12deg,-0.570972,0.0216407,-0.158495,0.0952859,-0.20944,0,-0.156099,0.124852,-0.0171313,95.5453,95.6853,120.919,5.31482,nan,0.294414,0.298021,0.303014,0.28582,0.290766,0.298021,0.290766,0.303014,0.28582,1,0,0.0871401,0,-0.00012696,-0.0463259,-0.00436875,-0.150561,-0.213632,0,0,0,-0.147217,-0.134658,0.0218763,-1.98488,-0.781337,10.8142,11.0226,0,24.0587
7.8,roll -12deg,-0.572516,0.0206831,-0.158484,0.0953798,-0.20944,0,-0.156159,0.124897,-0.017372,95.5388,95.6788,120.973,5.32542,nan,0.294583,0.298395,0.302903,0.286313,0.290686,0.298395,0.290686,0.302903,0.286313,1,0,0.0871264,0,-0.000357087,-0.0460402,-0.00390312,-0.150561,-0.213582,0,0,0,-0.146789,-0.141664,0.0178764,-1.98404,-0.805997,10.7733,10.9841,0,24.1577
7.81,roll -12deg,-0.574061,0.0197264,-0.158481,0.0954943,-0.20944,0,-0.156209,0.124913,-0.0168953,95.5323,95.6723,121.026,5.33608,nan,0.294754,0.298613,0.303015,0.286568,0.290784,0.298613,0.290784,0.303015,0.286568,1,0,0.0871073,0,-0.000494593,-0.0459988,-0.00378781,-0.150512,-0.213562,0,0,0,-0.139735,-0.128209,0.0237787,-2.008,-0.69746,10.6868,10.8961,0,24.2564
7.82,roll -12deg,-0.575608,0.0187712,-0.158444,0.0956348,-0.20944,0,-0.156235,0.125041,-0.0170864,95.5258,95.6658,121.079,5.34679,nan,0.294926,0.297533,0.304563,0.285725,0.291848,0.297533,0.291848,0.304563,0.285725,1,0,0.0871593,0,-0.00240295,-0.0464657,-0.00578085,-0.150576,-0.213649,0,0,0,-0.142517,-0.124785,0.0137639,-1.90831,-0.657799,10.8524,11.0386,0,24.3575
7.83,roll -12deg,-0.577155,0.0178158,-0.158439,0.0957339,-0.20944,0,-0.156315,0.125218,-0.0171415,95.5192,95.6592,121.133,5.35753,nan,0.2951,0.299208,0.303071,0.287154,0.290932,0.299208,0.290932,0.303071,0.287154,1,0,0.0871374,0,-0.000229411,-0.0458405,-0.00335836,-0.150568,-0.213602,0,0,0,-0.153024,-0.121207,0.0221716,-1.95786,-0.595457,10.8462,11.0376,0,24.4566
7.84,roll -12deg,-0.578704,0.0168613,-0.158413,0.0958338,-0.20944,0,-0.15628,0.125444,-0.0172134,95.5125,95.6525,121.187,5.36835,nan,0.295275,0.30065,0.302125,0.288469,0.289823,0.30065,0.289823,0.302125,0.288469,1,0,0.0871237,0,-0.000320681,-0.0463904,-0.00124403,-0.150606,-0.213576,0,0,0,-0.147534,-0.132052,0.0179424,-1.92287,-0.698201,10.8114,11.0033,0,24.5571
7.85,roll -12deg,-0.580253,0.0159078,-0.158396,0.0959286,-0.20944,0,-0.156208,0.125713,-0.0179431,95.5059,95.6459,121.24,5.37921,nan,0.295453,0.299595,0.30358,0.287445,0.291155,0.299595,0.291155,0.30358,0.287445,1,0,0.087121,0,-0.000729575,-0.0465621,-0.00338216,-0.15061,-0.213525,0,0,0,-0.145854,-0.128972,0.0204393,-1.88264,-0.690256,10.8246,11.0088,0,24.657
7.86,roll -12deg,-0.581801,0.0149553,-0.158421,0.0960371,-0.20944,0,-0.156108,0.125988,-0.0177636,95.4992,95.6392,121.294,5.39015,nan,0.295631,0.299695,0.303512,0.287589,0.291693,0.299695,0.291693,0.303512,0.287589,1,0,0.0870991,0,0.000760717,-0.0453341,-0.00348166,-0.150518,-0.213512,0,0,0,-0.157138,-0.134809,0.0211436,-1.89475,-0.733197,10.8589,11.0474,0,24.7548
7.87,roll -12deg,-0.583349,0.0140018,-0.158441,0.0961434,-0.20944,0,-0.155924,0.126182,-0.0186577,95.4924,95.6324,121.348,5.40116,nan,0.295811,0.299618,0.304236,0.287538,0.291817,0.299618,0.291817,0.304236,0.287538,1,0,0.0870717,0,-0.000898893,-0.046418,-0.00391033,-0.150456,-0.213449,0,0,0,-0.164601,-0.130227,0.0245962,-2.0601,-0.808061,10.8768,11.0996,0,24.8529
7.88,roll -12deg,-0.584896,0.0130519,-0.158421,0.0962412,-0.20944,0,-0.155728,0.126381,-0.0187487,95.4857,95.6257,121.402,5.41224,nan,0.295993,0.299492,0.304583,0.287603,0.292258,0.299492,0.292258,0.304583,0.287603,1,0,0.087058,0,-0.00115578,-0.0458816,-0.00428396,-0.150435,-0.213407,0,0,0,-0.139334,-0.135695,0.0224915,-2.02199,-0.825122,10.8994,11.1161,0,24.9531
7.89,roll -12deg,-0.586442,0.0121012,-0.158419,0.0963214,-0.20944,0,-0.155546,0.126573,-0.0188633,95.4789,95.6189,121.456,5.42338,nan,0.296176,0.298802,0.305708,0.286659,0.2935,0.298802,0.2935,0.305708,0.286659,1,0,0.0870306,0,-0.000173153,-0.0461424,-0.00604222,-0.150407,-0.213308,0,0,0,-0.15365,-0.132747,0.0264115,-1.96047,-0.740433,10.8183,11.0194,0,25.0521
7.9,roll -12deg,-0.587987,0.0111485,-0.158414,0.0964758,-0.20944,0,-0.155375,0.126715,-0.0180413,95.472,95.612,121.511,5.43461,nan,0.296361,0.300141,0.30481,0.28855,0.291906,0.300141,0.291906,0.30481,0.28855,1,0,0.0870415,0,-0.00348351,-0.0464132,-0.00352706,-0.15039,-0.21339,0,0,0,-0.152975,-0.125164,0.0288971,-2.03946,-0.73177,10.7652,10.9811,0,25.152
7.91,roll -12deg,-0.589531,0.0101952,-0.158397,0.0966057,-0.20944,0,-0.155297,0.126974,-0.0179925,95.4651,95.6051,121.565,5.44589,nan,0.296548,0.299161,0.305958,0.287673,0.293362,0.299161,0.293362,0.305958,0.287673,1,0,0.0870662,0,-0.00293954,-0.0456343,-0.00548777,-0.150379,-0.213488,0,0,0,-0.150254,-0.142736,0.011168,-1.92525,-0.66541,10.9393,11.1273,0,25.2526
7.92,roll -12deg,-0.591075,0.00923964,-0.15839,0.0967084,-0.20944,0,-0.155308,0.127257,-0.0184939,95.4582,95.5982,121.62,5.45723,nan,0.296736,0.299187,0.306777,0.286953,0.293988,0.299187,0.293988,0.306777,0.286953,1,0,0.0870607,0,-0.00146956,-0.047413,-0.00642831,-0.150385,-0.213447,0,0,0,-0.160649,-0.138832,0.0140168,-1.9141,-0.731434,10.8109,11.0034,0,25.3525
7.93,roll -12deg,-0.592621,0.00828261,-0.158361,0.0967944,-0.20944,0,-0.155258,0.127534,-0.0180167,95.4513,95.5913,121.674,5.46862,nan,0.296925,0.30166,0.303936,0.290031,0.292036,0.30166,0.292036,0.303936,0.290031,1,0,0.0870333,0,-0.000716568,-0.0445837,-0.00188133,-0.150396,-0.213359,0,0,0,-0.14761,-0.123456,0.0155093,-1.7303,-0.802736,10.8356,11.0022,0,25.4534
7.94,roll -12deg,-0.594166,0.00732895,-0.158373,0.0968944,-0.20944,0,-0.155247,0.127687,-0.0195951,95.4443,95.5843,121.729,5.48006,nan,0.297116,0.301384,0.305214,0.289224,0.292604,0.301384,0.292604,0.305214,0.289224,1,0,0.0870059,0,-0.00119594,-0.0469343,-0.00316888,-0.150357,-0.213304,0,0,0,-0.153829,-0.132812,0.0148997,-1.8874,-0.893838,10.8736,11.0723,0,25.5524
7.95,roll -12deg,-0.595712,0.00638144,-0.158387,0.0970093,-0.20944,0,-0.155167,0.127816,-0.0194901,95.4372,95.5772,121.784,5.49156,nan,0.297309,0.300038,0.307156,0.287317,0.294685,0.300038,0.294685,0.307156,0.287317,1,0,0.0869895,0,0.000661095,-0.047733,-0.00636682,-0.150269,-0.213282,0,0,0,-0.154866,-0.134799,0.0308111,-1.91701,-0.867183,10.9762,11.1761,0,25.6511
7.96,roll -12deg,-0.597258,0.00542966,-0.158402,0.0971191,-0.20944,0,-0.155053,0.128048,-0.0195024,95.4301,95.5701,121.839,5.50312,nan,0.297503,0.300026,0.306844,0.288195,0.294908,0.300026,0.294908,0.306844,0.288195,1,0,0.0869538,0,-0.000279731,-0.0450323,-0.00594715,-0.150184,-0.213229,0,0,0,-0.14457,-0.126445,0.0292017,-2.0311,-0.85133,10.8505,11.0717,0,25.75
7.97,roll -12deg,-0.598804,0.00447793,-0.158397,0.0972235,-0.20944,0,-0.154973,0.128243,-0.0186742,95.423,95.563,121.894,5.51474,nan,0.297698,0.300647,0.306871,0.288616,0.29462,0.300647,0.29462,0.306871,0.288616,1,0,0.0869648,0,-0.000585219,-0.0460111,-0.00537452,-0.150152,-0.213217,0,0,0,-0.151475,-0.138658,0.0278193,-1.95368,-0.790214,10.8401,11.0431,0,25.8499
7.98,roll -12deg,-0.600349,0.00352503,-0.158404,0.0972936,-0.20944,0,-0.154802,0.128465,-0.0195722,95.4159,95.5559,121.949,5.52642,nan,0.297896,0.300832,0.307163,0.288645,0.294902,0.300832,0.294902,0.307163,0.288645,1,0,0.086899,0,-0.000196109,-0.046324,-0.00553267,-0.15007,-0.213082,0,0,0,-0.148511,-0.124499,0.0136549,-1.8788,-0.736831,10.9347,11.1194,0,25.949
7.99,roll -12deg,-0.601894,0.00257778,-0.158385,0.0973484,-0.20944,0,-0.154614,0.128727,-0.0203477,95.4087,95.5487,122.004,5.53816,nan,0.298094,0.301604,0.306779,0.28995,0.294005,0.301604,0.294005,0.306779,0.28995,1,0,0.086855,0,-0.00297013,-0.0462856,-0.00405696,-0.150076,-0.212919,0,0,0,-0.151527,-0.128653,0.015711,-1.81769,-0.667796,10.8938,11.0646,0,26.0493
8,level,-0.603437,0.00163156,-0.158398,0.097463,0,0,-0.154475,0.12895,-0.0200187,95.4015,95.5415,122.06,5.54996,nan,0.298295,0.302013,0.306418,0.290053,0.294653,0.302013,0.294653,0.306418,0.290053,1,0,0.0868386,0,0.000516634,-0.0449526,-0.00395807,-0.150019,-0.212886,0,0,0,-0.156692,-0.130334,0.0241611,-1.86964,-0.80838,10.8563,11.0457,0,26.1485
8.01,level,-0.604966,0.000683282,-0.158378,0.097549,0,0,-0.148453,0.12979,-0.0202408,95.3942,95.5342,122.115,5.56182,nan,0.298496,0.315082,0.29628,0.27641,0.306173,0.315082,0.306173,0.29628,0.27641,1,0,0.185796,0,0.128827,-0.0545316,-0.00481763,0.47296,-0.293436,0,0,0,-0.130499,-0.139396,0.0152582,-1.91463,-0.89995,10.8351,11.0397,0,26.2484
8.02,level,-0.606355,-0.000276746,-0.158259,0.097641,0,0,-0.125424,0.132602,-0.0210502,95.3869,95.5269,122.171,5.57373,nan,0.298699,0.314579,0.296975,0.276743,0.306458,0.314579,0.306458,0.296975,0.276743,1,0,0.185746,0,0.125522,-0.0537226,-0.00532306,0.472612,-0.293719,0,0,0,-0.127978,-0.139052,0.0127894,-1.95545,-0.813132,10.9325,11.1357,0,26.3464
8.03,level,-0.607444,-0.00126412,-0.157842,0.0977058,0,0,-0.0884642,0.137101,-0.0202472,95.3795,95.5195,122.227,5.58569,nan,0.298902,0.312958,0.29925,0.276629,0.306729,0.312958,0.306729,0.29925,0.276629,1,0,0.185446,0,0.116207,-0.0546656,-0.00720504,0.471424,-0.293902,0,0,0,-0.0794272,-0.146327,0.0179157,-2.01144,-0.872278,10.8061,11.0262,0,26.4445
8.04,level,-0.608114,-0.0022998,-0.156944,0.0976818,0,0,-0.0414582,0.142874,-0.0192335,95.3721,95.5121,122.283,5.59771,nan,0.299103,0.312944,0.29932,0.279409,0.304698,0.312944,0.304698,0.29932,0.279409,1,0,0.184702,0,0.103224,-0.0533534,-0.00512732,0.468835,-0.293858,0,0,0,-0.0397778,-0.154142,0.0195429,-1.99136,-0.665552,10.9249,11.1249,0,26.5457
8.05,level,-0.608281,-0.00338817,-0.15557,0.097635,0,0,0.0122084,0.149454,-0.0199558,95.3647,95.5047,122.339,5.6098,nan,0.2993,0.31425,0.298523,0.282714,0.301673,0.31425,0.301673,0.298523,0.282714,1,0,0.183524,0,0.0920122,-0.0537871,-0.00142086,0.464812,-0.293691,0,0,0,0.00880913,-0.144807,0.0122272,-1.8788,-0.781716,10.9658,11.153,0,26.6462
8.06,level,-0.607892,-0.00452407,-0.153652,0.0975455,0,0,0.0694909,0.156472,-0.0205021,95.3572,95.4972,122.395,5.62199,nan,0.29949,0.311087,0.301807,0.281868,0.303163,0.311087,0.303163,0.301807,0.281868,1,0,0.181884,0,0.0811051,-0.0527944,-0.00528097,0.459177,-0.293388,0,0,0,0.0665115,-0.146576,0.0227213,-1.91586,-0.816433,10.9294,11.126,0,26.7461
8.07,level,-0.606927,-0.0057209,-0.151174,0.0973652,0,0,0.127591,0.1634,-0.020375,95.3497,95.4897,122.451,5.6343,nan,0.299672,0.310874,0.301976,0.284722,0.301079,0.310874,0.301079,0.301976,0.284722,1,0,0.179728,0,0.0669921,-0.0512532,-0.00327821,0.451878,-0.292848,0,0,0,0.120473,-0.165042,0.0262617,-1.84342,-0.839988,10.913,11.0995,0,26.8452
8.08,level,-0.605386,-0.00697059,-0.148173,0.0971862,0,0,0.184348,0.170057,-0.0214062,95.3422,95.4822,122.508,5.64675,nan,0.299841,0.308077,0.304901,0.284456,0.301898,0.308077,0.301898,0.304901,0.284456,1,0,0.177142,0,0.0546929,-0.0504485,-0.00626991,0.443007,-0.292267,0,0,0,0.181566,-0.171681,0.0199437,-1.89027,-0.942877,10.9818,11.1831,0,26.9424
8.09,level,-0.603294,-0.00827521,-0.144604,0.096934,0,0,0.237975,0.176285,-0.0211656,95.3346,95.4746,122.564,5.65934,nan,0.299997,0.30812,0.304783,0.287984,0.299072,0.30812,0.299072,0.304783,0.287984,1,0,0.17405,0,0.0382663,-0.0489736,-0.00340682,0.432433,-0.291479,0,0,0,0.229798,-0.185741,0.0240314,-2.04396,-0.900197,11.1022,11.3246,0,27.0405
8.1,level,-0.600687,-0.00963125,-0.14058,0.0966691,0,0,0.28712,0.181892,-0.0207562,95.327,95.467,122.621,5.67208,nan,0.300137,0.306176,0.306837,0.288151,0.299357,0.306176,0.299357,0.306837,0.288151,1,0,0.170604,0,0.0279713,-0.0483265,-0.00521548,0.420535,-0.290635,0,0,0,0.296191,-0.185173,0.0315873,-1.91438,-0.978904,11.0567,11.2638,0,27.1362
8.11,level,-0.597616,-0.0110382,-0.136172,0.0963951,0,0,0.330758,0.186853,-0.0205609,95.3194,95.4594,122.678,5.68498,nan,0.300258,0.304397,0.308939,0.288476,0.2992,0.304397,0.2992,0.308939,0.288476,1,0,0.166855,0,0.0164016,-0.0486212,-0.00670962,0.407444,-0.289773,0,0,0,0.336189,-0.190619,0.0135814,-2.00089,-0.903809,10.9715,11.189,0,27.2282
8.12,level,-0.594139,-0.0124881,-0.131411,0.0961401,0,0,0.368234,0.191121,-0.0205016,95.3117,95.4517,122.734,5.69805,nan,0.30036,0.303778,0.309643,0.290673,0.297328,0.303778,0.297328,0.309643,0.290673,1,0,0.162868,0,0.00209688,-0.0481645,-0.00550264,0.393316,-0.288976,0,0,0,0.374051,-0.197771,0.0260745,-1.99811,-0.817029,11.039,11.2481,0,27.3182
8.13,level,-0.590322,-0.0139753,-0.126361,0.0958978,0,0,0.398871,0.194729,-0.0203765,95.3041,95.4441,122.791,5.71134,nan,0.300441,0.303057,0.310255,0.291695,0.296743,0.303057,0.296743,0.310255,0.291695,1,0,0.158683,0,-0.0057026,-0.0471318,-0.00538257,0.37828,-0.288178,0,0,0,0.401363,-0.188825,0.0215738,-1.98358,-0.858587,11.0313,11.2411,0,27.4063
8.14,level,-0.586234,-0.0154943,-0.121153,0.0956662,0,0,0.422535,0.197596,-0.0207523,95.2964,95.4364,122.849,5.72486,nan,0.3005,0.301354,0.311989,0.291896,0.296752,0.301354,0.296752,0.311989,0.291896,1,0,0.154436,0,-0.0153296,-0.0467909,-0.00680851,0.362771,-0.287449,0,0,0,0.425496,-0.200612,0.014461,-1.94939,-0.863389,10.991,11.1959,0,27.4889
8.15,level,-0.581944,-0.0170384,-0.115813,0.0954398,0,0,0.439325,0.199693,-0.0204647,95.2887,95.4287,122.906,5.73862,nan,0.300536,0.303391,0.310022,0.294802,0.293925,0.303391,0.293925,0.310022,0.294802,1,0,0.150151,0,-0.0199174,-0.0467739,-0.00252876,0.346871,-0.286725,0,0,0,0.4555,-0.207945,0.0339495,-1.98053,-0.874037,11.1537,11.3618,0,27.5682
8.16,level,-0.577519,-0.0186001,-0.110447,0.0952475,0,0,0.449622,0.201083,-0.0211971,95.281,95.421,122.963,5.75263,nan,0.300549,0.301997,0.311523,0.29423,0.294447,0.301997,0.294447,0.311523,0.29423,1,0,0.145925,0,-0.0246966,-0.047074,-0.00428271,0.330851,-0.286092,0,0,0,0.457718,-0.200926,0.0217097,-1.99308,-0.83243,11.0516,11.2607,0,27.6423
8.17,level,-0.573023,-0.0201755,-0.105151,0.0950929,0,0,0.453846,0.201886,-0.0209866,95.2733,95.4133,123.021,5.7669,nan,0.300539,0.300696,0.312565,0.294638,0.294263,0.300696,0.294263,0.312565,0.294638,1,0,0.141845,0,-0.0324789,-0.0461576,-0.00505154,0.31501,-0.28558,0,0,0,0.457923,-0.203768,0.0195042,-1.99699,-0.907249,11.12,11.3343,0,27.7095
8.18,level,-0.568513,-0.0217628,-0.0999419,0.0949722,0,0,0.452323,0.202142,-0.0214105,95.2656,95.4056,123.079,5.78142,nan,0.300507,0.301336,0.312217,0.294862,0.29362,0.301336,0.29362,0.312217,0.294862,1,0,0.137949,0,-0.0321574,-0.0475051,-0.00423686,0.299443,-0.285202,0,0,0,0.456891,-0.221271,0.0223728,-1.93942,-0.918668,11.1741,11.3783,0,27.7721
8.19,level,-0.564046,-0.0233568,-0.0949157,0.094892,0,0,0.445746,0.202008,-0.0203962,95.2579,95.3979,123.137,5.7962,nan,0.300453,0.300726,0.312498,0.29503,0.293569,0.300726,0.293569,0.312498,0.29503,1,0,0.134279,0,-0.035103,-0.0466596,-0.00453171,0.284382,-0.2849,0,0,0,0.44749,-0.20842,0.0311318,-2.00832,-0.980165,11.2116,11.4321,0,27.8274
8.2,level,-0.559667,-0.0249543,-0.0900653,0.0948223,0,0,0.434826,0.201454,-0.0205638,95.2502,95.3902,123.195,5.81123,nan,0.300378,0.30053,0.312296,0.295393,0.293309,0.30053,0.293309,0.312296,0.295393,1,0,0.13085,0,-0.0367383,-0.0457112,-0.00425526,0.269878,-0.284667,0,0,0,0.450808,-0.213263,0.0193109,-1.90252,-1.00846,11.3151,11.5182,0,27.8783
8.21,level,-0.555418,-0.0265507,-0.0854514,0.0947986,0,0,0.420132,0.200667,-0.0215761,95.2426,95.3826,123.253,5.82652,nan,0.300283,0.300479,0.312081,0.295195,0.293397,0.300479,0.293397,0.312081,0.295195,1,0,0.127688,0,-0.0355456,-0.0454152,-0.00430956,0.256071,-0.284563,0,0,0,0.426852,-0.211001,0.024276,-1.94605,-0.912428,11.163,11.368,0,27.9242
8.22,level,-0.551332,-0.0281392,-0.0811885,0.0947574,0,0,0.40237,0.199741,-0.0219536,95.2349,95.3749,123.311,5.84203,nan,0.30017,0.299665,0.312802,0.294276,0.29396,0.299665,0.29396,0.312802,0.294276,1,0,0.124831,0,-0.0356856,-0.0459141,-0.00563545,0.243285,-0.284398,0,0,0,0.403376,-0.199888,0.0250792,-1.80841,-0.923415,11.2902,11.4714,0,27.9597
8.23,level,-0.547438,-0.0297246,-0.0772716,0.0947115,0,0,0.382221,0.19863,-0.0209249,95.2273,95.3673,123.37,5.85777,nan,0.300039,0.299451,0.312981,0.293136,0.294617,0.299451,0.294617,0.312981,0.293136,1,0,0.122283,0,-0.0319623,-0.0467621,-0.00659841,0.23158,-0.284245,0,0,0,0.386275,-0.203562,0.0234865,-1.81133,-0.833069,11.3785,11.5518,0,27.9866
8.24,level,-0.543755,-0.031311,-0.0737099,0.0946703,0,0,0.360443,0.19746,-0.0201527,95.2197,95.3597,123.428,5.8737,nan,0.299894,0.30107,0.311173,0.294364,0.292998,0.30107,0.292998,0.311173,0.294364,1,0,0.120026,0,-0.0304239,-0.0471438,-0.00384064,0.220875,-0.284096,0,0,0,0.371973,-0.199206,0.0220145,-1.9825,-0.899589,11.2512,11.4599,0,28.0058
8.25,level,-0.540297,-0.0328909,-0.0704485,0.0946468,0,0,0.337677,0.196222,-0.0211456,95.2122,95.3522,123.487,5.88983,nan,0.299734,0.301374,0.310499,0.294216,0.292881,0.301374,0.292881,0.310499,0.294216,1,0,0.118024,0,-0.027746,-0.0469451,-0.00342395,0.211086,-0.284022,0,0,0,0.354363,-0.206605,0.0285305,-1.91117,-0.919827,11.3753,11.5713,0,28.0213
8.26,level,-0.53707,-0.0344608,-0.0674988,0.0946152,0,0,0.314434,0.194933,-0.0212121,95.2047,95.3447,123.546,5.90613,nan,0.299562,0.300107,0.311544,0.292136,0.294498,0.300107,0.294498,0.311544,0.292136,1,0,0.11624,0,-0.0240743,-0.0474043,-0.00606505,0.202172,-0.283911,0,0,0,0.318186,-0.198026,0.013979,-1.95134,-1.02717,11.3547,11.5669,0,28.0325
8.27,level,-0.534077,-0.0360239,-0.0647922,0.0946015,0,0,0.291284,0.193681,-0.0218345,95.1972,95.3372,123.605,5.92264,nan,0.29938,0.301226,0.309938,0.292916,0.293478,0.301226,0.293478,0.309938,0.292916,1,0,0.114673,0,-0.0216175,-0.0469331,-0.00407642,0.194067,-0.283847,0,0,0,0.312024,-0.189951,0.0214692,-1.82981,-0.983188,11.2893,11.4789,0,28.0436
8.28,level,-0.531315,-0.0375747,-0.0624254,0.0945407,0,0,0.268754,0.192561,-0.0224353,95.1898,95.3298,123.665,5.9393,nan,0.299189,0.301385,0.309944,0.292055,0.293409,0.301385,0.293409,0.309944,0.292055,1,0,0.113294,0,-0.019114,-0.0490087,-0.00435715,0.186954,-0.283657,0,0,0,0.269853,-0.196112,0.024197,-1.88861,-0.913124,11.3891,11.5807,0,28.048
8.29,level,-0.528775,-0.0391211,-0.0604464,0.0944516,0,0,0.247315,0.191628,-0.0210717,95.1823,95.3223,123.724,5.9561,nan,0.298989,0.30107,0.310031,0.290411,0.294487,0.30107,0.294487,0.310031,0.290411,1,0,0.112137,0,-0.0129564,-0.0496482,-0.0057305,0.180969,-0.283403,0,0,0,0.242927,-0.204238,0.0213144,-1.99523,-1.02492,11.3569,11.5763,0,28.0429
8.3,level,-0.526444,-0.0406652,-0.0586515,0.0944012,0,0,0.22741,0.190763,-0.0223401,95.175,95.315,123.784,5.97301,nan,0.298784,0.299825,0.310431,0.289532,0.295389,0.299825,0.295389,0.310431,0.289532,1,0,0.111128,0,-0.012599,-0.0480065,-0.00723573,0.175553,-0.283238,0,0,0,0.220126,-0.1949,0.0170349,-1.99067,-1.07305,11.4165,11.6383,0,28.04
8.31,level,-0.524305,-0.0422041,-0.057072,0.0943365,0,0,0.209135,0.190087,-0.021633,95.1677,95.3077,123.843,5.99,nan,0.298573,0.302105,0.307851,0.290771,0.293608,0.302105,0.293608,0.307851,0.290771,1,0,0.11024,0,-0.00771609,-0.0484638,-0.00377231,0.170815,-0.283017,0,0,0,0.206643,-0.182034,0.0256973,-1.83521,-0.982433,11.3952,11.5838,0,28.036
8.32,level,-0.522343,-0.043739,-0.0557602,0.0942345,0,0,0.192627,0.189574,-0.0215855,95.1604,95.3004,123.903,6.00705,nan,0.298359,0.302533,0.306595,0.291536,0.292815,0.302533,0.292815,0.306595,0.291536,1,0,0.109476,0,-0.00738141,-0.0469459,-0.00234776,0.166881,-0.282708,0,0,0,0.202272,-0.180604,0.017512,-1.84911,-0.999104,11.4215,11.6133,0,28.0265
8.33,level,-0.520539,-0.0452691,-0.0546723,0.0941208,0,0,0.177893,0.189272,-0.0228038,95.1531,95.2931,123.964,6.02415,nan,0.298142,0.30023,0.308775,0.288364,0.295242,0.30023,0.295242,0.308775,0.288364,1,0,0.108838,0,-0.00442273,-0.0481246,-0.00677878,0.163615,-0.282379,0,0,0,0.174854,-0.198671,0.0213244,-2.00955,-0.959881,11.3039,11.5212,0,28.0134
8.34,level,-0.518874,-0.0468003,-0.0537178,0.0940087,0,0,0.165106,0.189161,-0.0226199,95.1459,95.2859,124.024,6.04129,nan,0.297923,0.301517,0.306806,0.289204,0.294209,0.301517,0.294209,0.306806,0.289204,1,0,0.108266,0,-0.000751475,-0.0472006,-0.00452484,0.160739,-0.282054,0,0,0,0.182016,-0.198072,0.0256046,-1.96724,-1.07387,11.4449,11.6623,0,28.0009
8.35,level,-0.51733,-0.0483318,-0.0528605,0.0938936,0,0,0.154274,0.188991,-0.0228119,95.1388,95.2788,124.084,6.05848,nan,0.297704,0.301472,0.306353,0.288928,0.294105,0.301472,0.294105,0.306353,0.288928,1,0,0.107727,0,0.000785091,-0.0469737,-0.00442108,0.158152,-0.281688,0,0,0,0.160937,-0.188009,0.0326061,-1.83761,-0.981227,11.2958,11.4862,0,27.9897
8.36,level,-0.515888,-0.0498605,-0.0521801,0.0937315,0,0,0.145127,0.188792,-0.0232234,95.1317,95.2717,124.145,6.07569,nan,0.297484,0.299869,0.308027,0.28726,0.294824,0.299869,0.294824,0.308027,0.28726,1,0,0.107259,0,-0.0015769,-0.0489088,-0.0069102,0.156141,-0.281192,0,0,0,0.156315,-0.191315,0.0301761,-1.94546,-0.923564,11.4311,11.6322,0,27.974
8.37,level,-0.514531,-0.0513893,-0.0516297,0.0935671,0,0,0.137523,0.188791,-0.0235082,95.1246,95.2646,124.206,6.09296,nan,0.297264,0.301667,0.305254,0.288723,0.293457,0.301667,0.293457,0.305254,0.288723,1,0,0.10684,0,0.00304436,-0.0468772,-0.00365734,0.154437,-0.280713,0,0,0,0.143861,-0.188973,0.0243962,-1.91949,-1.06239,11.3109,11.5217,0,27.9562
8.38,level,-0.513245,-0.0529169,-0.0511156,0.0934257,0,0,0.131472,0.18887,-0.0244667,95.1176,95.2576,124.267,6.11021,nan,0.297046,0.301126,0.305224,0.288137,0.293739,0.301126,0.293739,0.305224,0.288137,1,0,0.106478,0,0.0039903,-0.0463738,-0.00426286,0.152866,-0.280303,0,0,0,0.129395,-0.193957,0.0303248,-1.90362,-1.1135,11.2772,11.4908,0,27.9406
8.39,level,-0.512015,-0.0544421,-0.050662,0.0932796,0,0,0.126884,0.188932,-0.0247629,95.1106,95.2506,124.328,6.12739,nan,0.296828,0.300611,0.30582,0.28707,0.293855,0.300611,0.293855,0.30582,0.28707,1,0,0.10613,0,0.00418185,-0.0483295,-0.00527197,0.151531,-0.279851,0,0,0,0.134143,-0.190592,0.0168755,-1.8328,-1.00566,11.2285,11.4215,0,27.9252
8.4,level,-0.510826,-0.0559684,-0.0503042,0.093097,0,0,0.123499,0.188863,-0.0245992,95.1037,95.2437,124.39,6.1445,nan,0.296612,0.300026,0.305549,0.286581,0.294336,0.300026,0.294336,0.305549,0.286581,1,0,0.105808,0,0.00591837,-0.0467216,-0.00583601,0.150486,-0.2793,0,0,0,0.129301,-0.198762,0.0225691,-1.84913,-0.908307,11.2861,11.4726,0,27.9062
8.41,level,-0.509667,-0.057495,-0.0499992,0.0929007,0,0,0.121231,0.188747,-0.0247516,95.0968,95.2368,124.451,6.16158,nan,0.296398,0.299139,0.306094,0.286228,0.294172,0.299139,0.294172,0.306094,0.286228,1,0,0.105479,0,0.00262444,-0.0470538,-0.00654882,0.149555,-0.278708,0,0,0,0.132665,-0.188001,0.0253572,-1.91675,-1.04132,11.3247,11.5329,0,27.8861
8.42,level,-0.508529,-0.0590248,-0.0496686,0.0927144,0,0,0.11965,0.188588,-0.024014,95.09,95.23,124.513,6.17858,nan,0.296185,0.300081,0.305091,0.286023,0.293587,0.300081,0.293587,0.305091,0.286023,1,0,0.105162,0,0.00677394,-0.0484349,-0.00552658,0.148538,-0.27817,0,0,0,0.123794,-0.195715,0.0239543,-1.8839,-1.09155,11.425,11.6306,0,27.8689
8.43,level,-0.507404,-0.0605558,-0.0493336,0.0925398,0,0,0.118809,0.188452,-0.0237714,95.0832,95.2232,124.575,6.19551,nan,0.295974,0.299634,0.305009,0.285907,0.293386,0.299634,0.293386,0.305009,0.285907,1,0,0.104853,0,0.00558121,-0.0480336,-0.0056501,0.147549,-0.277657,0,0,0,0.128909,-0.204485,0.0295727,-1.81007,-1.03494,11.3003,11.491,0,27.853
8.44,level,-0.506286,-0.0620868,-0.0490785,0.0923317,0,0,0.118632,0.188257,-0.023842,95.0764,95.2164,124.637,6.21237,nan,0.295764,0.299969,0.304291,0.286544,0.292295,0.299969,0.292295,0.304291,0.286544,1,0,0.104547,0,0.00379046,-0.0481685,-0.00442725,0.14683,-0.276996,0,0,0,0.130931,-0.194165,0.0333077,-1.87846,-0.923988,11.3113,11.5034,0,27.8329
8.45,level,-0.50517,-0.0636163,-0.0488282,0.0921175,0,0,0.118877,0.188008,-0.0237025,95.0697,95.2097,124.699,6.22919,nan,0.295557,0.29905,0.304591,0.28512,0.293507,0.29905,0.293507,0.304591,0.28512,1,0,0.104239,0,0.00754775,-0.0473968,-0.00612216,0.146052,-0.276367,0,0,0,0.11797,-0.200033,0.0318889,-1.9684,-1.0121,11.2967,11.5115,0,27.8126
8.46,level,-0.50405,-0.0651471,-0.0485515,0.0919556,0,0,0.119563,0.187764,-0.023496,95.063,95.203,124.761,6.24592,nan,0.295351,0.299533,0.303766,0.285667,0.292478,0.299533,0.292478,0.303766,0.285667,1,0,0.103964,0,0.00684083,-0.0476608,-0.00485394,0.145217,-0.275886,0,0,0,0.123694,-0.19653,0.029884,-1.88632,-1.04044,11.289,11.4927,0,27.7949
8.47,level,-0.502923,-0.066677,-0.048267,0.0917893,0,0,0.120638,0.187651,-0.0233874,95.0564,95.1964,124.824,6.26259,nan,0.295147,0.299633,0.303237,0.286152,0.291605,0.299633,0.291605,0.303237,0.286152,1,0,0.103679,0,0.00490813,-0.0475831,-0.00398075,0.144351,-0.275367,0,0,0,0.114939,-0.182275,0.0175791,-1.82045,-1.01147,11.3238,11.5137,0,27.7774
8.48,level,-0.501786,-0.0682069,-0.0480471,0.0915811,0,0,0.121906,0.187686,-0.0241628,95.0498,95.1898,124.886,6.27917,nan,0.294944,0.298346,0.304013,0.284953,0.292505,0.298346,0.292505,0.304013,0.284953,1,0,0.1034,0,0.00500074,-0.0471834,-0.0058102,0.143732,-0.274745,0,0,0,0.135383,-0.186024,0.0327029,-1.83165,-1.00161,11.2307,11.4231,0,27.7554
8.49,level,-0.500637,-0.0697361,-0.0478487,0.0913159,0,0,0.123293,0.187715,-0.0243974,95.0432,95.1832,124.949,6.29568,nan,0.294743,0.297106,0.304756,0.284051,0.293098,0.297106,0.293098,0.304756,0.284051,1,0,0.103082,0,0.00370358,-0.0468257,-0.00733868,0.143111,-0.273991,0,0,0,0.131006,-0.203795,0.0345167,-1.88841,-1.14934,11.2472,11.4624,0,27.7306
8.5,level,-0.499476,-0.0712681,-0.0475503,0.0910977,0,0,0.124671,0.187619,-0.0240133,95.0367,95.1767,125.012,6.31211,nan,0.294543,0.297265,0.304367,0.284836,0.291745,0.297265,0.291745,0.304367,0.284836,1,0,0.102743,0,-0.000512647,-0.0474667,-0.0061579,0.142204,-0.273326,0,0,0,0.127113,-0.191158,0.0314747,-1.86943,-1.19463,11.2248,11.4419,0,27.7118
8.51,level,-0.498303,-0.0728019,-0.0472345,0.0908733,0,0,0.12585,0.187521,-0.0232672,95.0302,95.1702,125.076,6.32848,nan,0.294345,0.297999,0.303607,0.284583,0.291229,0.297999,0.291229,0.303607,0.284583,1,0,0.10239,0,0.00275429,-0.0488745,-0.00538636,0.141306,-0.272607,0,0,0,0.12481,-0.18172,0.0349178,-1.75244,-0.908405,11.2426,11.4145,0,27.6932
8.52,level,-0.497121,-0.0743376,-0.0470149,0.09062,0,0,0.126904,0.187416,-0.0235155,95.0238,95.1638,125.139,6.34477,nan,0.294147,0.298032,0.302961,0.285446,0.290189,0.298032,0.290189,0.302961,0.285446,1,0,0.102072,0,-0.000491413,-0.0480491,-0.00425123,0.140634,-0.271867,0,0,0,0.121983,-0.18993,0.030141,-1.89717,-1.03722,11.2211,11.4275,0,27.6689
8.53,level,-0.49593,-0.0758715,-0.0468053,0.0903634,0,0,0.127772,0.187312,-0.0241127,95.0174,95.1574,125.202,6.36099,nan,0.293951,0.295401,0.304394,0.283416,0.292632,0.295401,0.292632,0.304394,0.283416,1,0,0.101747,0,0.000593141,-0.0449975,-0.00800347,0.140001,-0.271125,0,0,0,0.131546,-0.198427,0.0276278,-1.9319,-1.17598,11.1668,11.3935,0,27.6436
8.54,level,-0.494734,-0.0774057,-0.0465316,0.0901659,0,0,0.128339,0.187092,-0.0238746,95.011,95.151,125.266,6.37712,nan,0.293756,0.298617,0.301288,0.285077,0.290081,0.298617,0.290081,0.301288,0.285077,1,0,0.101449,0,0.0061878,-0.0468909,-0.00337379,0.139189,-0.270503,0,0,0,0.129107,-0.183086,0.0321678,-1.89986,-1.10916,11.2317,11.4452,0,27.6231
8.55,level,-0.493535,-0.0789348,-0.0462567,0.0899534,0,0,0.12883,0.186816,-0.0249462,95.0047,95.1447,125.33,6.39319,nan,0.293562,0.297782,0.302074,0.284485,0.289945,0.297782,0.289945,0.302074,0.284485,1,0,0.101136,0,0.00309848,-0.0481768,-0.00428587,0.138372,-0.269877,0,0,0,0.133641,-0.189548,0.0318435,-1.73679,-1.0163,11.1912,11.3707,0,27.6023
8.56,level,-0.492332,-0.0804618,-0.046031,0.0896889,0,0,0.129234,0.186577,-0.0241875,94.9984,95.1384,125.394,6.4092,nan,0.293369,0.296951,0.302415,0.284672,0.289475,0.296951,0.289475,0.302415,0.284672,1,0,0.100788,0,-0.00175289,-0.0477849,-0.0045127,0.137731,-0.269056,0,0,0,0.128229,-0.186279,0.0306917,-1.844,-0.919676,11.3018,11.4881,0,27.5777
8.57,level,-0.491129,-0.0819885,-0.0458357,0.0894177,0,0,0.129409,0.186318,-0.0253109,94.9922,95.1322,125.458,6.42518,nan,0.293177,0.293933,0.304709,0.281684,0.29242,0.293933,0.29242,0.304709,0.281684,1,0,0.100464,0,-0.000107656,-0.0464956,-0.00945496,0.137126,-0.268272,0,0,0,0.137051,-0.191844,0.0287607,-1.96471,-1.15638,11.1919,11.4218,0,27.5516
8.58,level,-0.489924,-0.0835156,-0.0455741,0.0891906,0,0,0.129525,0.186073,-0.0247293,94.986,95.126,125.522,6.4411,nan,0.292986,0.29639,0.301992,0.283148,0.290451,0.29639,0.290451,0.301992,0.283148,1,0,0.100145,0,0.0045126,-0.0469598,-0.00567165,0.136311,-0.267614,0,0,0,0.140016,-0.187763,0.0168221,-1.81247,-1.26047,11.1947,11.4103,0,27.5303
8.59,level,-0.488721,-0.0850411,-0.0453043,0.0889318,0,0,0.12956,0.185853,-0.0244064,94.9798,95.1198,125.587,6.45697,nan,0.292795,0.296464,0.301372,0.283733,0.289651,0.296464,0.289651,0.301372,0.283733,1,0,0.0997847,0,0.00268221,-0.0463319,-0.00475817,0.135516,-0.266816,0,0,0,0.131188,-0.185689,0.0193408,-1.80794,-1.12405,11.2585,11.458,0,27.5087
8.6,level,-0.48752,-0.0865653,-0.0451369,0.0886323,0,0,0.129463,0.185531,-0.0246676,94.9737,95.1137,125.652,6.4728,nan,0.292606,0.296399,0.301329,0.284314,0.288421,0.296399,0.288421,0.301329,0.284314,1,0,0.0994495,0,-0.00218003,-0.047357,-0.0039718,0.135049,-0.265896,0,0,0,0.133328,-0.183863,0.0191015,-1.83449,-1.00745,11.1738,11.3681,0,27.4813
8.61,level,-0.486322,-0.0880853,-0.0449866,0.0883443,0,0,0.129209,0.185198,-0.0251689,94.9676,95.1076,125.716,6.48857,nan,0.292418,0.295388,0.302077,0.282647,0.289598,0.295388,0.289598,0.302077,0.282647,1,0,0.0991204,0,0.000693285,-0.0477848,-0.00599502,0.134571,-0.265052,0,0,0,0.126366,-0.187694,0.031007,-1.9222,-1.17974,11.1712,11.3966,0,27.4535
8.62,level,-0.485128,-0.0896044,-0.0447774,0.0880999,0,0,0.128882,0.184904,-0.025382,94.9616,95.1016,125.781,6.50427,nan,0.292231,0.295424,0.300934,0.283199,0.289405,0.295424,0.289405,0.300934,0.283199,1,0,0.0988192,0,0.00184682,-0.0450092,-0.00514957,0.133959,-0.26434,0,0,0,0.134596,-0.202102,0.0230162,-1.88471,-1.15085,11.1757,11.3918,0,27.4303
8.63,level,-0.483939,-0.0911202,-0.0445699,0.0878408,0,0,0.128427,0.184543,-0.0254081,94.9555,95.0955,125.847,6.51992,nan,0.292045,0.296265,0.300363,0.283354,0.288235,0.296265,0.288235,0.300363,0.283354,1,0,0.0984855,0,0.00207579,-0.0474429,-0.00394607,0.133334,-0.263531,0,0,0,0.12676,-0.182848,0.0317969,-1.75912,-1.04398,11.1446,11.3308,0,27.4071
8.64,level,-0.482758,-0.0926338,-0.0444118,0.0875564,0,0,0.127825,0.184191,-0.0256496,94.9496,95.0896,125.912,6.5355,nan,0.29186,0.294174,0.30177,0.282073,0.289459,0.294174,0.289459,0.30177,0.282073,1,0,0.0981677,0,-0.000556668,-0.0462529,-0.00658496,0.132878,-0.262698,0,0,0,0.144609,-0.190507,0.034845,-1.79509,-1.13248,11.1623,11.3623,0,27.3813
8.65,level,-0.481584,-0.0941454,-0.0442815,0.087285,0,0,0.127092,0.183672,-0.025264,94.9436,95.0836,125.977,6.55102,nan,0.291676,0.294727,0.301016,0.282335,0.288661,0.294727,0.288661,0.301016,0.282335,1,0,0.0978611,0,9.94689e-05,-0.0468914,-0.00554443,0.132473,-0.261886,0,0,0,0.127946,-0.195653,0.0199994,-1.90293,-1.16121,11.1975,11.4172,0,27.355
8.66,level,-0.480419,-0.0956541,-0.0441118,0.0870423,0,0,0.126298,0.183157,-0.0257302,94.9377,95.0777,126.043,6.56649,nan,0.291493,0.293751,0.301565,0.281147,0.289544,0.293751,0.289544,0.301565,0.281147,1,0,0.0975731,0,0.00154907,-0.0466591,-0.00712529,0.131952,-0.261165,0,0,0,0.127568,-0.191722,0.0269036,-1.8733,-1.24023,11.2096,11.4325,0,27.332
8.67,level,-0.479263,-0.0971589,-0.0439386,0.0868083,0,0,0.125393,0.182646,-0.0255785,94.9318,95.0718,126.109,6.58191,nan,0.291311,0.294909,0.299946,0.281895,0.288531,0.294909,0.288531,0.299946,0.281895,1,0,0.0972793,0,0.00424163,-0.0462894,-0.00513064,0.131437,-0.260438,0,0,0,0.130475,-0.173534,0.0325237,-1.74218,-1.15793,11.1112,11.3065,0,27.3101
8.68,level,-0.478119,-0.0986587,-0.0438496,0.0865404,0,0,0.124523,0.182149,-0.0258809,94.926,95.066,126.174,6.59725,nan,0.29113,0.293087,0.301528,0.281148,0.288793,0.293087,0.288793,0.301528,0.281148,1,0,0.096997,0,-0.00210958,-0.0467508,-0.00707008,0.131185,-0.259616,0,0,0,0.121886,-0.174046,0.034707,-1.83364,-1.09279,11.1646,11.3669,0,27.2836
8.69,level,-0.476984,-0.100155,-0.0437656,0.0862731,0,0,0.123686,0.181674,-0.0261467,94.9202,95.0602,126.24,6.61252,nan,0.290951,0.293746,0.300736,0.281398,0.287958,0.293746,0.287958,0.300736,0.281398,1,0,0.0967286,0,-0.00114351,-0.0476094,-0.00595529,0.130944,-0.258841,0,0,0,0.131269,-0.188603,0.0419469,-1.89733,-1.18156,11.0489,11.2727,0,27.2577
8.7,level,-0.475858,-0.10165,-0.0436868,0.0860155,0,0,0.122909,0.181294,-0.0255254,94.9145,95.0545,126.307,6.62773,nan,0.290772,0.292577,0.300979,0.280008,0.289559,0.292577,0.289559,0.300979,0.280008,1,0,0.0964644,0,0.00304875,-0.0454539,-0.00789065,0.130689,-0.258079,0,0,0,0.132641,-0.183161,0.0254423,-1.83328,-1.25994,11.2243,11.4426,0,27.2323
8.71,level,-0.47474,-0.103146,-0.043623,0.0857778,0,0,0.122322,0.180825,-0.0252264,94.9087,95.0487,126.373,6.64289,nan,0.290595,0.295142,0.298454,0.281863,0.286957,0.295142,0.286957,0.298454,0.281863,1,0,0.0962143,0,0.00472714,-0.0469454,-0.00369422,0.130477,-0.257371,0,0,0,0.118531,-0.184574,0.0374904,-1.81461,-1.27878,11.1277,11.347,0,27.2074
8.72,level,-0.473629,-0.104636,-0.0435409,0.0855213,0,0,0.121891,0.180256,-0.0253027,94.903,95.043,126.44,6.65799,nan,0.290419,0.293323,0.299449,0.281406,0.287533,0.293323,0.287533,0.299449,0.281406,1,0,0.0959512,0,2.91047e-06,-0.045156,-0.00538553,0.130269,-0.256562,0,0,0,0.12514,-0.172926,0.0127729,-1.7992,-1.08871,11.1211,11.3182,0,27.1834
8.73,level,-0.472523,-0.10612,-0.0435024,0.085261,0,0,0.1214,0.179551,-0.0261743,94.8974,95.0374,126.506,6.67302,nan,0.290244,0.292604,0.300458,0.280367,0.287583,0.292604,0.287583,0.300458,0.280367,1,0,0.0956998,0,-0.0016931,-0.0475808,-0.0066238,0.130136,-0.25581,0,0,0,0.118769,-0.186602,0.0241406,-1.79691,-1.15668,11.0233,11.2286,0,27.1577
8.74,level,-0.471424,-0.107598,-0.0434577,0.0850284,0,0,0.120742,0.178945,-0.0265922,94.8918,95.0318,126.573,6.68796,nan,0.290071,0.293743,0.298687,0.281269,0.286619,0.293743,0.286619,0.298687,0.281269,1,0,0.0954702,0,0.00107477,-0.0465012,-0.00452437,0.129996,-0.255116,0,0,0,0.124497,-0.178542,0.0225684,-1.82796,-1.29208,11.1907,11.4124,0,27.1336
8.75,level,-0.470334,-0.109068,-0.0433528,0.0847938,0,0,0.120135,0.178371,-0.0271512,94.8862,95.0262,126.64,6.70286,nan,0.289899,0.292351,0.299857,0.279667,0.287754,0.292351,0.287754,0.299857,0.279667,1,0,0.0952226,0,0.00153809,-0.0469655,-0.00685359,0.129698,-0.254409,0,0,0,0.127602,-0.181504,0.03947,-1.78004,-1.20485,11.0743,11.281,0,27.1127
8.76,level,-0.469251,-0.110534,-0.0433093,0.0845407,0,0,0.119511,0.177771,-0.027445,94.8806,95.0206,126.707,6.71771,nan,0.289728,0.29196,0.300027,0.27939,0.287567,0.29196,0.287567,0.300027,0.27939,1,0,0.0949668,0,0.000293038,-0.0474272,-0.00713967,0.129566,-0.253638,0,0,0,0.122693,-0.176145,0.0215599,-1.78127,-1.17071,11.1731,11.3746,0,27.0889
8.77,level,-0.468175,-0.111995,-0.0432952,0.0842713,0,0,0.11887,0.177176,-0.0270851,94.8751,95.0151,126.774,6.7325,nan,0.289558,0.291582,0.299722,0.279233,0.287729,0.291582,0.287729,0.299722,0.279233,1,0,0.0947153,0,0.000944799,-0.0461224,-0.00731179,0.129553,-0.252815,0,0,0,0.123733,-0.178116,0.0282479,-1.9229,-1.1352,11.1122,11.3344,0,27.0637
8.78,level,-0.467107,-0.113453,-0.0433034,0.0840192,0,0,0.118318,0.176649,-0.027356,94.8696,95.0096,126.842,6.74722,nan,0.28939,0.291346,0.299386,0.278904,0.287956,0.291346,0.287956,0.299386,0.278904,1,0,0.0945111,0,0.00268502,-0.0452329,-0.00751188,0.12955,-0.252095,0,0,0,0.121036,-0.189447,0.026794,-1.79937,-1.19476,11.162,11.369,0,27.0383
8.79,level,-0.466045,-0.114907,-0.0433177,0.0837827,0,0,0.117869,0.176164,-0.0268291,94.8642,95.0042,126.909,6.76189,nan,0.289222,0.291919,0.299035,0.278572,0.287397,0.291919,0.287397,0.299035,0.278572,1,0,0.0943065,0,0.00453283,-0.0473417,-0.00700645,0.129587,-0.251388,0,0,0,0.127766,-0.17989,0.0312913,-1.72659,-1.25393,11.1271,11.3298,0,27.0136
8.8,level,-0.464987,-0.116362,-0.0432633,0.0835926,0,0,0.11749,0.175742,-0.0263648,94.8588,94.9988,126.977,6.7765,nan,0.289057,0.290928,0.299373,0.278491,0.287467,0.290928,0.287467,0.299373,0.278491,1,0,0.0941014,0,0.0014104,-0.0461249,-0.00765679,0.129427,-0.250777,0,0,0,0.112645,-0.166526,0.0266965,-1.75529,-1.13124,11.0759,11.271,0,26.9939
8.81,level,-0.463934,-0.117813,-0.0432834,0.0833602,0,0,0.117177,0.175367,-0.0273294,94.8534,94.9934,127.045,6.79105,nan,0.288892,0.292183,0.298064,0.279473,0.28588,0.292183,0.28588,0.298064,0.279473,1,0,0.0939085,0,0.00139562,-0.0471702,-0.00540098,0.12952,-0.250083,0,0,0,0.12828,-0.171686,0.041555,-1.7226,-1.07504,11.0853,11.2697,0,26.9699
8.82,level,-0.462885,-0.119257,-0.0433482,0.0831007,0,0,0.117072,0.175019,-0.0276207,94.848,94.988,127.113,6.80556,nan,0.288729,0.29075,0.299076,0.278441,0.28668,0.29075,0.28668,0.299076,0.278441,1,0,0.0937128,0,-0.000230148,-0.0468125,-0.00728087,0.129685,-0.249331,0,0,0,0.119611,-0.180091,0.0262033,-1.8055,-1.23915,11.0458,11.2607,0,26.9433
8.83,level,-0.461838,-0.120701,-0.0433813,0.0828607,0,0,0.116984,0.174747,-0.0271975,94.8427,94.9827,127.181,6.82002,nan,0.288567,0.290807,0.298816,0.278033,0.286643,0.290807,0.286643,0.298816,0.278033,1,0,0.0935166,0,0.0015927,-0.0472707,-0.00730474,0.129792,-0.248621,0,0,0,0.125547,-0.184566,0.0219278,-1.81462,-1.26527,11.1383,11.3559,0,26.9192
8.84,level,-0.460794,-0.122143,-0.0433732,0.0826646,0,0,0.116902,0.174614,-0.0276009,94.8374,94.9774,127.249,6.83444,nan,0.288406,0.291163,0.298009,0.278319,0.286164,0.291163,0.286164,0.298009,0.278319,1,0,0.0933328,0,0.00265073,-0.0467806,-0.00645655,0.129752,-0.248023,0,0,0,0.119981,-0.17292,0.0288048,-1.72977,-1.26065,10.9727,11.1795,0,26.8987
8.85,level,-0.459751,-0.123585,-0.0433751,0.0824424,0,0,0.116859,0.1746,-0.0279173,94.8322,94.9722,127.318,6.84876,nan,0.288246,0.291137,0.297681,0.278358,0.28584,0.291137,0.28584,0.297681,0.278358,1,0,0.0931435,0,0.00248789,-0.0466525,-0.00616471,0.129804,-0.247331,0,0,0,0.123867,-0.176183,0.0353392,-1.73897,-1.0453,11.0905,11.2745,0,26.8772
8.86,level,-0.45871,-0.125025,-0.043426,0.0821663,0,0,0.116981,0.174429,-0.0280934,94.827,94.967,127.386,6.86303,nan,0.288088,0.290045,0.298098,0.277888,0.286352,0.290045,0.286352,0.298098,0.277888,1,0,0.0929179,0,0.00108976,-0.0452924,-0.00726009,0.129936,-0.246526,0,0,0,0.12919,-0.175175,0.0270793,-1.67575,-1.16112,11.0848,11.2707,0,26.8521
8.87,level,-0.457669,-0.126464,-0.0434865,0.081915,0,0,0.117157,0.173961,-0.0280941,94.8218,94.9618,127.455,6.87727,nan,0.287931,0.290011,0.298373,0.277192,0.286179,0.290011,0.286179,0.298373,0.277192,1,0,0.0927252,0,0.00165961,-0.0473944,-0.00762527,0.130106,-0.245759,0,0,0,0.115611,-0.170452,0.0321614,-1.80902,-1.23678,10.997,11.2132,0,26.8273
8.88,level,-0.456626,-0.127899,-0.043492,0.081692,0,0,0.117479,0.17333,-0.0277939,94.8166,94.9566,127.524,6.89147,nan,0.287776,0.290706,0.297021,0.278055,0.285352,0.290706,0.285352,0.297021,0.278055,1,0,0.0925269,0,0.00260296,-0.0460814,-0.00598291,0.130122,-0.245113,0,0,0,0.122477,-0.178273,0.0328765,-1.72121,-1.24218,11.0827,11.2841,0,26.8063
8.89,level,-0.45558,-0.12933,-0.0434957,0.0814804,0,0,0.117937,0.172494,-0.0270761,94.8115,94.9515,127.593,6.90563,nan,0.287622,0.289858,0.297851,0.277388,0.285421,0.289858,0.285421,0.297851,0.277388,1,0,0.0923334,0,0.000104583,-0.0471808,-0.00704422,0.130112,-0.24448,0,0,0,0.109782,-0.176728,0.0316245,-1.65142,-1.20466,11.0278,11.2157,0,26.7858
8.9,level,-0.45453,-0.130754,-0.0435167,0.0812837,0,0,0.118389,0.171513,-0.0283585,94.8064,94.9464,127.662,6.91975,nan,0.287469,0.28932,0.298043,0.276915,0.285628,0.28932,0.285628,0.298043,0.276915,1,0,0.0921783,0,-2.69376e-05,-0.0470279,-0.00766379,0.130213,-0.243869,0,0,0,0.121529,-0.173888,0.0219554,-1.77881,-1.19004,11.1068,11.3111,0,26.7647
8.91,level,-0.453476,-0.132166,-0.0435421,0.0810613,0,0,0.118871,0.170311,-0.0285351,94.8013,94.9413,127.731,6.93385,nan,0.287318,0.289644,0.297397,0.277204,0.285056,0.289644,0.285056,0.297397,0.277204,1,0,0.0920022,0,0.000264469,-0.0469559,-0.00685909,0.130317,-0.243198,0,0,0,0.136253,-0.173154,0.024453,-1.85082,-1.22954,10.952,11.1752,0,26.7423
8.92,level,-0.452419,-0.133567,-0.0435971,0.0808394,0,0,0.119269,0.169172,-0.0287349,94.7963,94.9363,127.8,6.94791,nan,0.287169,0.289022,0.297108,0.277121,0.285454,0.289022,0.285454,0.297108,0.277121,1,0,0.0918335,0,0.000653782,-0.044631,-0.00721615,0.130447,-0.242552,0,0,0,0.120788,-0.178261,0.0344573,-1.76812,-1.25903,10.994,11.2063,0,26.7184
8.93,level,-0.451358,-0.134962,-0.0436036,0.0806462,0,0,0.119673,0.167908,-0.0272086,94.7913,94.9313,127.87,6.96191,nan,0.287022,0.287769,0.298747,0.274527,0.287073,0.287769,0.287073,0.298747,0.274527,1,0,0.0916645,0,0.00415951,-0.0472127,-0.0103393,0.130471,-0.241965,0,0,0,0.125535,-0.171538,0.0218156,-1.70597,-1.22018,10.9823,11.1808,0,26.6974
8.94,level,-0.450291,-0.136354,-0.0436241,0.0804401,0,0,0.120119,0.166724,-0.0265202,94.7863,94.9263,127.94,6.97585,nan,0.286877,0.289301,0.296836,0.276528,0.284871,0.289301,0.284871,0.296836,0.276528,1,0,0.0914874,0,0.00214016,-0.0468743,-0.00697906,0.130528,-0.241344,0,0,0,0.121602,-0.169185,0.0276119,-1.63766,-1.16371,11.0073,11.1892,0,26.6754
8.95,level,-0.449221,-0.137733,-0.0436931,0.0802309,0,0,0.120538,0.165663,-0.0279966,94.7814,94.9214,128.009,6.98971,nan,0.286734,0.289072,0.296614,0.276583,0.284694,0.289072,0.284694,0.296614,0.276583,1,0,0.0913335,0,0.00150932,-0.0462473,-0.00687992,0.130755,-0.240694,0,0,0,0.123454,-0.162981,0.030882,-1.71473,-1.14,11.0393,11.2297,0,26.6508
8.96,level,-0.448149,-0.139099,-0.0437564,0.0800205,0,0,0.120959,0.164762,-0.0287356,94.7764,94.9164,128.079,7.00352,nan,0.286593,0.287786,0.297663,0.275111,0.285839,0.287786,0.285839,0.297663,0.275111,1,0,0.0911845,0,0.00225659,-0.0464191,-0.00905662,0.130939,-0.240094,0,0,0,0.124381,-0.178872,0.0290006,-1.86778,-1.32338,10.9558,11.1924,0,26.6262
8.97,level,-0.447073,-0.140458,-0.0437551,0.0798843,0,0,0.121285,0.164025,-0.0284855,94.7715,94.9115,128.149,7.01724,nan,0.286454,0.288535,0.296541,0.276379,0.284388,0.288535,0.284388,0.296541,0.276379,1,0,0.0910563,0,8.1094e-06,-0.046059,-0.00703894,0.130916,-0.239689,0,0,0,0.118383,-0.174176,0.0363679,-1.76919,-1.32156,11.126,11.343,0,26.607
8.98,level,-0.445997,-0.141811,-0.0437662,0.0797,0,0,0.12141,0.16338,-0.0289846,94.7667,94.9067,128.22,7.03092,nan,0.286316,0.288045,0.296865,0.275313,0.28507,0.288045,0.28507,0.296865,0.275313,1,0,0.0909173,0,0.00248254,-0.0464747,-0.00816509,0.130935,-0.239166,0,0,0,0.122469,-0.178594,0.0348799,-1.57185,-1.30308,10.8628,11.053,0,26.5857
8.99,level,-0.44492,-0.14316,-0.0437726,0.0795375,0,0,0.121524,0.162727,-0.0286569,94.7618,94.9018,128.29,7.04455,nan,0.286181,0.2875,0.297664,0.274599,0.284988,0.2875,0.284988,0.297664,0.274599,1,0,0.0907677,0,0.000596894,-0.0484658,-0.00903339,0.131011,-0.238612,0,0,0,0.133036,-0.159544,0.0383515,-1.69241,-1.14528,11.0666,11.2537,0,26.5653
9,level,-0.443843,-0.144504,-0.0438315,0.0793512,0,0,0.121592,0.162243,-0.0286779,94.757,94.897,128.361,7.05813,nan,0.286047,0.288452,0.296257,0.276253,0.283253,0.288452,0.283253,0.296257,0.276253,1,0,0.0906283,0,-0.00213578,-0.0477561,-0.00650713,0.131195,-0.238056,0,0,0,0.130436,-0.166817,0.0389426,-1.81686,-1.1822,11.0362,11.247,0,26.5421
9.01,level,-0.442767,-0.145843,-0.043918,0.0791389,0,0,0.121644,0.161795,-0.0292883,94.7522,94.8922,128.431,7.07167,nan,0.285915,0.28794,0.296195,0.275527,0.284025,0.28794,0.284025,0.296195,0.275527,1,0,0.0904835,0,0.000641916,-0.046579,-0.00736322,0.131434,-0.237441,0,0,0,0.126914,-0.172685,0.0340289,-1.79271,-1.26883,10.8675,11.0872,0,26.5169
9.02,level,-0.441692,-0.147177,-0.0440191,0.07898,0,0,0.121703,0.161458,-0.0303406,94.7475,94.8875,128.502,7.08515,nan,0.285785,0.2872,0.296637,0.274494,0.284833,0.2872,0.284833,0.296637,0.274494,1,0,0.0904017,0,0.00239277,-0.0464407,-0.00869233,0.131708,-0.236976,0,0,0,0.120172,-0.167663,0.0422227,-1.75503,-1.39474,10.9441,11.1713,0,26.4928
9.03,level,-0.440617,-0.148508,-0.0440622,0.0788526,0,0,0.121896,0.161233,-0.0295668,94.7428,94.8828,128.573,7.09857,nan,0.285656,0.288158,0.295953,0.275004,0.283535,0.288158,0.283535,0.295953,0.275004,1,0,0.0903014,0,0.00195332,-0.0484529,-0.00717577,0.131842,-0.236585,0,0,0,0.12096,-0.163337,0.0304964,-1.64774,-1.25905,10.8928,11.0885,0,26.4727
9.04,level,-0.43954,-0.149841,-0.0440671,0.0787106,0,0,0.122011,0.161073,-0.0290669,94.738,94.878,128.644,7.11193,nan,0.285528,0.287881,0.295603,0.275414,0.283241,0.287881,0.283241,0.295603,0.275414,1,0,0.0901798,0,0.000276426,-0.0470462,-0.00683436,0.131884,-0.236132,0,0,0,0.1247,-0.157613,0.0307737,-1.63666,-1.11549,10.9808,11.158,0,26.4543
9.05,level,-0.438465,-0.151173,-0.0441197,0.0785265,0,0,0.122029,0.161009,-0.0296909,94.7334,94.8734,128.715,7.12523,nan,0.285403,0.287011,0.296198,0.274166,0.28426,0.287011,0.28426,0.296198,0.274166,1,0,0.0900555,0,0.00240696,-0.0469573,-0.00847431,0.132053,-0.235605,0,0,0,0.132629,-0.173429,0.0288956,-1.73631,-1.21093,10.8543,11.0588,0,26.4326
9.06,level,-0.43739,-0.152504,-0.0442101,0.0783457,0,0,0.122119,0.160896,-0.0301155,94.7287,94.8687,128.786,7.13849,nan,0.285278,0.287042,0.295938,0.274008,0.284148,0.287042,0.284148,0.295938,0.274008,1,0,0.0899336,0,0.00329889,-0.0470374,-0.00836663,0.13232,-0.235057,0,0,0,0.128225,-0.17018,0.0294307,-1.8094,-1.26132,10.9561,11.1759,0,26.4095
9.07,level,-0.436315,-0.153835,-0.0443031,0.0781568,0,0,0.122279,0.160763,-0.0297466,94.7241,94.8641,128.858,7.1517,nan,0.285155,0.287274,0.295723,0.274327,0.283321,0.287274,0.283321,0.295723,0.274327,1,0,0.0898248,0,0.00144186,-0.0480312,-0.00766647,0.132572,-0.234511,0,0,0,0.130163,-0.164401,0.0289989,-1.63934,-1.33262,10.9911,11.1923,0,26.3864
9.08,level,-0.435238,-0.155166,-0.0443364,0.0779797,0,0,0.122511,0.160606,-0.0298284,94.7195,94.8595,128.93,7.16485,nan,0.285033,0.286541,0.295851,0.27379,0.283976,0.286541,0.283976,0.295851,0.27379,1,0,0.0896813,0,0.0023226,-0.0466619,-0.00856894,0.132685,-0.233963,0,0,0,0.129231,-0.161484,0.0343269,-1.69049,-1.29484,10.8832,11.0895,0,26.3665
9.09,level,-0.434161,-0.156497,-0.044349,0.0778094,0,0,0.122662,0.160274,-0.0295337,94.7149,94.8549,129.001,7.17792,nan,0.284913,0.288352,0.294239,0.275514,0.281571,0.288352,0.281571,0.294239,0.275514,1,0,0.0895588,0,0.000449468,-0.0483289,-0.00524982,0.132725,-0.233472,0,0,0,0.134081,-0.171026,0.0235227,-1.58529,-1.22811,10.9165,11.0992,0,26.3482
9.1,level,-0.433084,-0.157824,-0.0444123,0.0776347,0,0,0.122717,0.16007,-0.0302073,94.7103,94.8503,129.073,7.19092,nan,0.284794,0.287168,0.294855,0.275185,0.281992,0.287168,0.281992,0.294855,0.275185,1,0,0.0894176,0,-0.00233492,-0.0470778,-0.00636999,0.132927,-0.232917,0,0,0,0.129738,-0.16118,0.0272884,-1.68441,-1.20387,10.843,11.0389,0,26.3275
9.11,level,-0.432008,-0.159149,-0.0445053,0.0774125,0,0,0.122729,0.159989,-0.0303018,94.7058,94.8458,129.145,7.20387,nan,0.284676,0.285751,0.296092,0.272555,0.28433,0.285751,0.28433,0.296092,0.272555,1,0,0.0892708,0,0.00380306,-0.0472921,-0.00972063,0.133215,-0.232235,0,0,0,0.127802,-0.156704,0.0302183,-1.83972,-1.26561,10.9716,11.1966,0,26.3042
9.12,level,-0.430932,-0.160477,-0.0445493,0.0772602,0,0,0.122793,0.159834,-0.029785,94.7013,94.8413,129.217,7.21679,nan,0.284559,0.286796,0.294748,0.274337,0.282379,0.286796,0.282379,0.294748,0.274337,1,0,0.0891638,0,0.000239489,-0.0470443,-0.00703012,0.133337,-0.231806,0,0,0,0.139697,-0.15755,0.0341974,-1.67953,-1.33536,10.9961,11.2035,0,26.2859
9.13,level,-0.429856,-0.161805,-0.0446497,0.0770569,0,0,0.122918,0.159734,-0.0300603,94.6968,94.8368,129.289,7.22969,nan,0.284444,0.285857,0.295565,0.273171,0.283206,0.285857,0.283206,0.295565,0.273171,1,0,0.0890354,0,0.000867144,-0.0474556,-0.00867756,0.133613,-0.231211,0,0,0,0.12671,-0.162715,0.0292732,-1.6958,-1.41488,10.9363,11.1571,0,26.2635
9.14,level,-0.42878,-0.163131,-0.0447001,0.0769122,0,0,0.123119,0.159583,-0.0303764,94.6923,94.8323,129.362,7.24259,nan,0.28433,0.285407,0.295593,0.272778,0.283564,0.285407,0.283564,0.295593,0.272778,1,0,0.0889255,0,0.00159002,-0.0467205,-0.00921736,0.133784,-0.230747,0,0,0,0.12374,-0.158167,0.0296585,-1.63671,-1.17854,10.9301,11.1146,0,26.2457
9.15,level,-0.427702,-0.164457,-0.0447492,0.0767359,0,0,0.123337,0.159368,-0.0291621,94.6879,94.8279,129.434,7.25547,nan,0.284216,0.286953,0.294182,0.274378,0.281376,0.286953,0.281376,0.294182,0.274378,1,0,0.0888154,0,-0.00061025,-0.0480913,-0.00625334,0.133953,-0.230236,0,0,0,0.138014,-0.169196,0.0268757,-1.63463,-1.18345,10.9996,11.1832,0,26.2272
9.16,level,-0.426623,-0.165784,-0.0448332,0.0765654,0,0,0.123515,0.159077,-0.0296137,94.6835,94.8235,129.507,7.26833,nan,0.284104,0.285582,0.295008,0.27296,0.28289,0.285582,0.28289,0.295008,0.27296,1,0,0.0887026,0,0.00133566,-0.0468783,-0.00850755,0.134184,-0.229719,0,0,0,0.120189,-0.167839,0.0262306,-1.7624,-1.26467,10.9061,11.1197,0,26.2073
9.17,level,-0.425542,-0.167108,-0.0449241,0.0764031,0,0,0.123734,0.158817,-0.0299418,94.6791,94.8191,129.58,7.28115,nan,0.283993,0.285806,0.294317,0.273344,0.282528,0.285806,0.282528,0.294317,0.273344,1,0,0.0886057,0,0.00178131,-0.0459507,-0.00777729,0.134464,-0.229225,0,0,0,0.133303,-0.155476,0.0296739,-1.7535,-1.34958,10.9315,11.1532,0,26.1877
9.18,level,-0.424461,-0.16843,-0.0449814,0.0762331,0,0,0.123908,0.158443,-0.0301428,94.6747,94.8147,129.652,7.2939,nan,0.283883,0.286625,0.293485,0.273869,0.281576,0.286625,0.281576,0.293485,0.273869,1,0,0.0884953,0,0.00224647,-0.0467356,-0.00640208,0.134617,-0.228762,0,0,0,0.136109,-0.169868,0.0228895,-1.61685,-1.41481,10.9338,11.1429,0,26.1696
9.19,level,-0.42338,-0.169747,-0.045052,0.0760799,0,0,0.124007,0.158096,-0.0306244,94.6703,94.8103,129.725,7.3066,nan,0.283774,0.285775,0.294325,0.272954,0.282064,0.285775,0.282064,0.294325,0.272954,1,0,0.0883982,0,0.0014857,-0.0475268,-0.00776169,0.134823,-0.228269,0,0,0,0.12165,-0.158868,0.0208475,-1.59282,-1.25916,10.8827,11.0705,0,26.1516
9.2,level,-0.422299,-0.171063,-0.0451414,0.0758967,0,0,0.124203,0.157835,-0.0307972,94.666,94.806,129.799,7.31924,nan,0.283666,0.286614,0.293104,0.273983,0.280986,0.286614,0.280986,0.293104,0.273983,1,0,0.0882822,0,0.00136136,-0.0468943,-0.00593043,0.135112,-0.227701,0,0,0,0.126751,-0.153415,0.0369276,-1.59868,-1.20015,10.8906,11.0725,0,26.1318
9.21,level,-0.421216,-0.172376,-0.0452333,0.0757092,0,0,0.12445,0.157611,-0.0308796,94.6617,94.8017,129.872,7.33185,nan,0.283559,0.285355,0.294227,0.272871,0.281804,0.285355,0.281804,0.294227,0.272871,1,0,0.088174,0,0.000160459,-0.0471939,-0.0078258,0.135387,-0.227152,0,0,0,0.129266,-0.158625,0.0386931,-1.60378,-1.24028,10.9982,11.1835,0,26.1121
9.22,level,-0.420132,-0.173688,-0.0453301,0.075526,0,0,0.124736,0.157408,-0.0300769,94.6574,94.7974,129.945,7.34443,nan,0.283453,0.286277,0.293029,0.273602,0.280925,0.286277,0.280925,0.293029,0.273602,1,0,0.0880603,0,0.0015139,-0.0469527,-0.00618664,0.135698,-0.226585,0,0,0,0.137238,-0.151492,0.0343764,-1.74081,-1.31325,10.9112,11.127,0,26.0924
9.23,level,-0.419045,-0.175001,-0.0454028,0.0753533,0,0,0.125051,0.157223,-0.0306196,94.6531,94.7931,130.019,7.35699,nan,0.283348,0.284184,0.294569,0.272131,0.282527,0.284184,0.282527,0.294569,0.272131,1,0,0.087952,0,3.17256e-05,-0.0456551,-0.00913373,0.135908,-0.226099,0,0,0,0.136514,-0.167735,0.0466524,-1.77196,-1.41273,10.9129,11.1458,0,26.0744
9.24,level,-0.417955,-0.176314,-0.045467,0.0752008,0,0,0.125329,0.157008,-0.0303677,94.6489,94.7889,130.092,7.36951,nan,0.283243,0.286525,0.292405,0.273527,0.280536,0.286525,0.280536,0.292405,0.273527,1,0,0.0878597,0,0.00299454,-0.0471159,-0.00566512,0.136096,-0.225627,0,0,0,0.130887,-0.160235,0.0306952,-1.72195,-1.33168,10.8682,11.084,0,26.0577
9.25,level,-0.416864,-0.177624,-0.0455609,0.0750004,0,0,0.125646,0.156788,-0.0308221,94.6447,94.7847,130.166,7.38199,nan,0.28314,0.285642,0.293001,0.272864,0.281073,0.285642,0.281073,0.293001,0.272864,1,0,0.0877402,0,0.00225683,-0.0468126,-0.00684236,0.13637,-0.225047,0,0,0,0.132225,-0.16726,0.0335531,-1.5899,-1.2886,10.8958,11.0863,0,26.0383
9.26,level,-0.415771,-0.178931,-0.0456071,0.0748533,0,0,0.126077,0.156481,-0.0314231,94.6405,94.7805,130.24,7.3944,nan,0.283037,0.283237,0.294566,0.271749,0.282616,0.283237,0.282616,0.294566,0.271749,1,0,0.0876341,0,-0.00122598,-0.0444108,-0.00975531,0.136517,-0.224598,0,0,0,0.133634,-0.165242,0.023785,-1.55429,-1.20885,10.9327,11.1086,0,26.0229
9.27,level,-0.414675,-0.180235,-0.0456937,0.074664,0,0,0.126399,0.156073,-0.0319394,94.6363,94.7763,130.314,7.40679,nan,0.282935,0.285482,0.292458,0.2731,0.280721,0.285482,0.280721,0.292458,0.2731,1,0,0.0875116,0,0.00171023,-0.0457027,-0.00641572,0.136786,-0.223999,0,0,0,0.133169,-0.150373,0.0373018,-1.67586,-1.27174,10.8595,11.0614,0,26.0043
9.28,level,-0.413578,-0.181533,-0.045798,0.0744957,0,0,0.126752,0.155645,-0.0317303,94.6321,94.7721,130.388,7.41916,nan,0.282834,0.283781,0.294543,0.271101,0.281932,0.283781,0.281932,0.294543,0.271101,1,0,0.0874161,0,0.00017909,-0.047921,-0.00949071,0.137096,-0.223511,0,0,0,0.134763,-0.157358,0.0380291,-1.73688,-1.37792,10.8682,11.0921,0,25.9857
9.29,level,-0.412477,-0.182831,-0.0458739,0.0743382,0,0,0.12703,0.155325,-0.0314891,94.628,94.768,130.462,7.43148,nan,0.282734,0.284001,0.293722,0.271961,0.281271,0.284001,0.281271,0.293722,0.271961,1,0,0.087337,0,-0.00109087,-0.0464064,-0.00836451,0.137296,-0.223055,0,0,0,0.124699,-0.159586,0.0349204,-1.62406,-1.37334,10.8296,11.0365,0,25.969
9.3,level,-0.411374,-0.184127,-0.0459718,0.0741714,0,0,0.127265,0.154956,-0.0310422,94.6238,94.7638,130.537,7.44377,nan,0.282634,0.284637,0.292923,0.272083,0.280915,0.284637,0.280915,0.292923,0.272083,1,0,0.0872468,0,0.0014463,-0.0465404,-0.00752386,0.137596,-0.222572,0,0,0,0.12904,-0.17016,0.0338999,-1.59836,-1.35629,10.8464,11.0471,0,25.951
9.31,level,-0.41027,-0.185421,-0.0460404,0.0740263,0,0,0.127405,0.15457,-0.0317208,94.6197,94.7597,130.611,7.45601,nan,0.282535,0.284445,0.292808,0.271732,0.281176,0.284445,0.281176,0.292808,0.271732,1,0,0.0871538,0,0.002866,-0.0461286,-0.00782687,0.137806,-0.222116,0,0,0,0.13241,-0.154897,0.0289205,-1.53411,-1.29432,10.8709,11.0547,0,25.9355
9.32,level,-0.409165,-0.186712,-0.0461076,0.0738545,0,0,0.127564,0.15418,-0.0309939,94.6156,94.7556,130.686,7.46821,nan,0.282437,0.283525,0.293868,0.270792,0.281582,0.283525,0.281582,0.293868,0.270792,1,0,0.0870361,0,0.00118806,-0.0474057,-0.00928855,0.138038,-0.22157,0,0,0,0.140987,-0.145451,0.0362181,-1.58058,-1.22689,10.9597,11.1408,0,25.919
9.33,level,-0.408058,-0.188003,-0.0461975,0.07366,0,0,0.127707,0.153853,-0.0308508,94.6116,94.7516,130.761,7.48038,nan,0.282339,0.28352,0.293551,0.271266,0.281039,0.28352,0.281039,0.293551,0.271266,1,0,0.0869319,0,-0.000684039,-0.0469276,-0.00870434,0.138286,-0.221019,0,0,0,0.138411,-0.154331,0.0197337,-1.5473,-1.32845,10.866,11.0557,0,25.901
9.34,level,-0.406951,-0.189294,-0.0462959,0.073453,0,0,0.127718,0.153729,-0.0295801,94.6075,94.7475,130.835,7.49255,nan,0.282242,0.284588,0.29203,0.272329,0.28004,0.284588,0.28004,0.29203,0.272329,1,0,0.0868056,0,0.000715198,-0.0459453,-0.00666042,0.138591,-0.220392,0,0,0,0.135646,-0.159159,0.0218524,-1.62322,-1.30308,10.9177,11.1144,0,25.8824
9.35,level,-0.405844,-0.190587,-0.0463725,0.0732765,0,0,0.127631,0.153484,-0.0305706,94.6035,94.7435,130.91,7.5047,nan,0.282144,0.285884,0.290802,0.273049,0.278863,0.285884,0.278863,0.290802,0.273049,1,0,0.0866956,0,0.00237765,-0.0469404,-0.00471725,0.138806,-0.219893,0,0,0,0.13333,-0.170531,0.0287272,-1.58483,-1.3686,10.9545,11.1529,0,25.8664
9.36,level,-0.40474,-0.191873,-0.0464129,0.0731345,0,0,0.12751,0.153141,-0.0311221,94.5995,94.7395,130.986,7.51681,nan,0.282048,0.284375,0.291912,0.271623,0.280299,0.284375,0.280299,0.291912,0.271623,1,0,0.0865965,0,0.00302099,-0.0461691,-0.00712596,0.138916,-0.21945,0,0,0,0.132161,-0.150581,0.0321151,-1.47099,-1.34029,10.8419,11.023,0,25.8536
9.37,level,-0.403639,-0.193156,-0.0464423,0.073027,0,0,0.127326,0.152692,-0.0311333,94.5955,94.7355,131.061,7.52895,nan,0.281951,0.283967,0.29245,0.270751,0.280654,0.283967,0.280654,0.29245,0.270751,1,0,0.0865194,0,0.00376839,-0.0473929,-0.00808076,0.139003,-0.219121,0,0,0,0.127039,-0.151476,0.0315851,-1.49204,-1.30807,10.9095,11.0884,0,25.8428
9.38,level,-0.40254,-0.194437,-0.0465544,0.0728476,0,0,0.127224,0.152228,-0.0304522,94.5915,94.7315,131.136,7.5411,nan,0.281854,0.284339,0.291943,0.271632,0.27952,0.284339,0.27952,0.291943,0.271632,1,0,0.0864228,0,0.000751954,-0.047615,-0.00680898,0.139378,-0.21857,0,0,0,0.136468,-0.158745,0.0379528,-1.56099,-1.22034,10.8674,11.0465,0,25.826
9.39,level,-0.401442,-0.195714,-0.0466879,0.0726421,0,0,0.127168,0.151832,-0.0316169,94.5876,94.7276,131.211,7.55321,nan,0.281757,0.283198,0.292957,0.270913,0.279979,0.283198,0.279979,0.292957,0.270913,1,0,0.0863317,0,-0.00183963,-0.0478691,-0.00827423,0.13976,-0.217964,0,0,0,0.133767,-0.155447,0.0379835,-1.55685,-1.32874,10.7972,10.9895,0,25.8077
9.4,level,-0.400347,-0.196986,-0.0468183,0.0724676,0,0,0.127129,0.151423,-0.0323754,94.5837,94.7237,131.287,7.56532,nan,0.28166,0.283478,0.2924,0.270288,0.280494,0.283478,0.280494,0.2924,0.270288,1,0,0.0862599,0,0.00340577,-0.0475513,-0.00840673,0.140155,-0.21743,0,0,0,0.13132,-0.153166,0.0293477,-1.64702,-1.35495,10.8835,11.0905,0,25.791
9.41,level,-0.399252,-0.198257,-0.0469465,0.0723007,0,0,0.127195,0.151165,-0.030932,94.5797,94.7197,131.363,7.57743,nan,0.281564,0.282233,0.293232,0.269936,0.280874,0.282233,0.280874,0.293232,0.269936,1,0,0.0861852,0,-0.000163185,-0.0467147,-0.00964177,0.140516,-0.216949,0,0,0,0.125749,-0.154477,0.0413933,-1.55126,-1.40135,10.8738,11.0729,0,25.7748
9.42,level,-0.398154,-0.199529,-0.0470553,0.0721363,0,0,0.127307,0.150855,-0.0312465,94.5759,94.7159,131.439,7.58956,nan,0.281468,0.28413,0.290917,0.271418,0.279425,0.28413,0.279425,0.290917,0.271418,1,0,0.0861105,0,0.00323841,-0.0458603,-0.00650261,0.140831,-0.216471,0,0,0,0.124634,-0.156422,0.0233076,-1.46271,-1.38009,10.8332,11.0182,0,25.7601
9.43,level,-0.397058,-0.200797,-0.047114,0.0719779,0,0,0.127439,0.150464,-0.0313834,94.572,94.712,131.515,7.60167,nan,0.281372,0.283404,0.291917,0.270713,0.279472,0.283404,0.279472,0.291917,0.270713,1,0,0.0859968,0,0.000653438,-0.047628,-0.00759113,0.141034,-0.21596,0,0,0,0.129384,-0.146583,0.0445859,-1.484,-1.26,10.9003,11.0728,0,25.7476
9.44,level,-0.395961,-0.202062,-0.0472343,0.0717764,0,0,0.127561,0.150107,-0.0309709,94.5681,94.7081,131.591,7.61377,nan,0.281276,0.283661,0.291438,0.270678,0.279346,0.283661,0.279346,0.291438,0.270678,1,0,0.0858997,0,0.00236406,-0.0475097,-0.00722821,0.141414,-0.21536,0,0,0,0.134895,-0.156205,0.0308616,-1.5585,-1.26134,10.9113,11.094,0,25.7311
9.45,level,-0.394862,-0.203326,-0.0473485,0.0715883,0,0,0.127758,0.149662,-0.0313251,94.5643,94.7043,131.667,7.62585,nan,0.281181,0.282142,0.292538,0.269949,0.280112,0.282142,0.280112,0.292538,0.269949,1,0,0.0858108,0,-0.000616271,-0.0466491,-0.0090362,0.141753,-0.214798,0,0,0,0.133741,-0.155661,0.0388862,-1.59626,-1.32533,10.8418,11.0385,0,25.7157
9.46,level,-0.393761,-0.204586,-0.0474856,0.0714256,0,0,0.127965,0.149211,-0.0308791,94.5605,94.7005,131.743,7.63791,nan,0.281086,0.283598,0.291085,0.270701,0.278977,0.283598,0.278977,0.291085,0.270701,1,0,0.0857469,0,0.00209597,-0.0473792,-0.00692821,0.142154,-0.214315,0,0,0,0.125944,-0.159217,0.0375405,-1.63727,-1.36182,10.9499,11.1551,0,25.7004
9.47,level,-0.392659,-0.205844,-0.0475956,0.0712686,0,0,0.128242,0.148822,-0.031696,94.5567,94.6967,131.82,7.64996,nan,0.280991,0.283409,0.290672,0.271014,0.278887,0.283409,0.278887,0.290672,0.271014,1,0,0.0856717,0,0.00161886,-0.0458172,-0.00665237,0.142475,-0.213841,0,0,0,0.127067,-0.149754,0.0254091,-1.54864,-1.35358,10.8843,11.077,0,25.6868
9.48,level,-0.391555,-0.207096,-0.0477138,0.0710986,0,0,0.128662,0.148316,-0.0317838,94.5529,94.6929,131.896,7.66201,nan,0.280897,0.283661,0.290535,0.270353,0.279057,0.283661,0.279057,0.290535,0.270353,1,0,0.0855938,0,0.00485542,-0.0469643,-0.00684676,0.14283,-0.213343,0,0,0,0.130148,-0.15398,0.0169374,-1.49042,-1.32398,10.8069,10.9892,0,25.6723
9.49,level,-0.390446,-0.208345,-0.0477974,0.0709579,0,0,0.129139,0.147791,-0.0305741,94.5491,94.6891,131.973,7.67404,nan,0.280803,0.282723,0.291312,0.269846,0.279348,0.282723,0.279348,0.291312,0.269846,1,0,0.0855324,0,0.00242535,-0.0470677,-0.00795141,0.143076,-0.212926,0,0,0,0.131921,-0.15073,0.0400176,-1.47771,-1.39474,10.9168,11.1043,0,25.6603
9.5,level,-0.389331,-0.209594,-0.0479139,0.0707885,0,0,0.129623,0.147245,-0.0305531,94.5454,94.6854,132.05,7.68605,nan,0.280709,0.283952,0.290093,0.270841,0.277968,0.283952,0.277968,0.290093,0.270841,1,0,0.0854543,0,0.00261556,-0.0478188,-0.00583131,0.143458,-0.212399,0,0,0,0.141022,-0.151505,0.041903,-1.5116,-1.29004,10.9036,11.0832,0,25.6459
9.51,level,-0.388212,-0.210837,-0.0480292,0.0706463,0,0,0.130214,0.146805,-0.0312646,94.5417,94.6817,132.127,7.69804,nan,0.280616,0.281875,0.291823,0.269158,0.279625,0.281875,0.279625,0.291823,0.269158,1,0,0.0854041,0,0.00137811,-0.0472101,-0.00897252,0.143783,-0.211977,0,0,0,0.12574,-0.15497,0.0391573,-1.60207,-1.37306,10.8721,11.0749,0,25.6326
9.52,level,-0.387088,-0.212077,-0.0481189,0.0704624,0,0,0.130822,0.146455,-0.0310481,94.538,94.678,132.204,7.71,nan,0.280523,0.282211,0.291076,0.27012,0.278702,0.282211,0.278702,0.291076,0.27012,1,0,0.0853091,0,-0.000750835,-0.0463546,-0.00766796,0.144084,-0.211438,0,0,0,0.145757,-0.163433,0.0469446,-1.60444,-1.37926,10.8218,11.0267,0,25.6187
9.53,level,-0.385959,-0.213314,-0.0482315,0.0703065,0,0,0.131285,0.146085,-0.031362,94.5343,94.6743,132.281,7.72196,nan,0.28043,0.281692,0.291306,0.26863,0.280111,0.281692,0.280111,0.291306,0.26863,1,0,0.0852503,0,0.00495489,-0.0459609,-0.00927222,0.14439,-0.210994,0,0,0,0.142105,-0.159199,0.036732,-1.46144,-1.4509,10.843,11.0369,0,25.6051
9.54,level,-0.384827,-0.214548,-0.0483024,0.0701779,0,0,0.131698,0.145756,-0.0317338,94.5306,94.6706,132.358,7.73391,nan,0.280338,0.281756,0.291388,0.268956,0.279268,0.281756,0.279268,0.291388,0.268956,1,0,0.0851776,0,0.00180316,-0.0472193,-0.00876593,0.144608,-0.210575,0,0,0,0.13166,-0.153117,0.0340915,-1.48091,-1.29414,10.7209,10.8998,0,25.5943
9.55,level,-0.383691,-0.215779,-0.0483686,0.0700471,0,0,0.13214,0.145377,-0.0320857,94.527,94.667,132.436,7.74583,nan,0.280246,0.282808,0.290252,0.269593,0.278348,0.282808,0.278348,0.290252,0.269593,1,0,0.0851047,0,0.0034807,-0.047596,-0.0071198,0.144819,-0.21019,0,0,0,0.145477,-0.151328,0.0245133,-1.40033,-1.26135,10.8751,11.0372,0,25.5838
9.56,level,-0.382552,-0.217006,-0.048472,0.0698931,0,0,0.132661,0.14503,-0.0321021,94.5234,94.6634,132.513,7.75774,nan,0.280154,0.28204,0.290616,0.269787,0.278191,0.28204,0.278191,0.290616,0.269787,1,0,0.0850403,0,-0.000457873,-0.0467597,-0.00746292,0.145154,-0.209716,0,0,0,0.144847,-0.160874,0.0387697,-1.55024,-1.24891,10.8824,11.0629,0,25.5707
9.57,level,-0.38141,-0.218229,-0.048583,0.0697611,0,0,0.133078,0.144779,-0.0324138,94.5197,94.6597,132.591,7.76965,nan,0.280063,0.281536,0.291151,0.269452,0.27813,0.281536,0.27813,0.291151,0.269452,1,0,0.0849842,0,-0.00248833,-0.0475681,-0.00804013,0.145451,-0.209322,0,0,0,0.131965,-0.149795,0.0426592,-1.48797,-1.31799,10.7917,10.9732,0,25.5584
9.58,level,-0.380264,-0.219452,-0.048685,0.0696049,0,0,0.133333,0.144664,-0.0323208,94.5162,94.6562,132.668,7.78156,nan,0.279971,0.282185,0.290063,0.269534,0.278122,0.282185,0.278122,0.290063,0.269534,1,0,0.0849196,0,0.00188448,-0.0465969,-0.00723713,0.145749,-0.208874,0,0,0,0.132902,-0.15635,0.0348582,-1.50978,-1.42373,10.8898,11.0858,0,25.5457
9.59,level,-0.379118,-0.220674,-0.0487735,0.0694649,0,0,0.13354,0.144567,-0.0330349,94.5126,94.6526,132.746,7.79348,nan,0.279881,0.28194,0.290469,0.268891,0.278242,0.28194,0.278242,0.290469,0.268891,1,0,0.084855,0,0.00218016,-0.0478938,-0.00785881,0.146016,-0.208445,0,0,0,0.135196,-0.147669,0.0365127,-1.50806,-1.44938,10.87,11.0694,0,25.5345
9.6,level,-0.37797,-0.221896,-0.0488621,0.0693181,0,0,0.133766,0.144455,-0.0328474,94.509,94.649,132.824,7.8054,nan,0.27979,0.282146,0.289868,0.269154,0.278011,0.282146,0.278011,0.289868,0.269154,1,0,0.0847847,0,0.00300826,-0.0470835,-0.00728711,0.146304,-0.207999,0,0,0,0.143125,-0.151402,0.037746,-1.42985,-1.28252,10.7845,10.9543,0,25.5232
9.61,level,-0.37682,-0.223116,-0.0489314,0.0691797,0,0,0.134121,0.144167,-0.0326352,94.5055,94.6455,132.902,7.8173,nan,0.2797,0.282214,0.289682,0.268999,0.277924,0.282214,0.277924,0.289682,0.268999,1,0,0.0847031,0,0.00386513,-0.0473199,-0.00720535,0.1465,-0.207574,0,0,0,0.136175,-0.143002,0.0278558,-1.38875,-1.24598,10.8447,11.004,0,25.5133
9.62,level,-0.375667,-0.224335,-0.0490181,0.0690339,0,0,0.134509,0.14369,-0.0326073,94.502,94.642,132.981,7.82921,nan,0.279611,0.280975,0.290607,0.268382,0.278498,0.280975,0.278498,0.290607,0.268382,1,0,0.0846383,0,0.00128488,-0.0468051,-0.00867944,0.146761,-0.207131,0,0,0,0.134348,-0.141931,0.0322707,-1.43793,-1.28082,10.8973,11.0661,0,25.5025
9.63,level,-0.374509,-0.22555,-0.0490847,0.0688946,0,0,0.135075,0.14316,-0.0326558,94.4985,94.6385,133.059,7.84112,nan,0.279523,0.28051,0.290852,0.268083,0.278662,0.28051,0.278662,0.290852,0.268083,1,0,0.0845706,0,0.000629371,-0.0466449,-0.0091954,0.146978,-0.20671,0,0,0,0.144431,-0.140784,0.032391,-1.5611,-1.40434,10.7982,11.0005,0,25.4928
9.64,level,-0.373345,-0.226761,-0.0491933,0.0687267,0,0,0.135842,0.142756,-0.0337437,94.495,94.635,133.137,7.85303,nan,0.279435,0.281146,0.289704,0.268213,0.278695,0.281146,0.278695,0.289704,0.268213,1,0,0.0844945,0,0.00510502,-0.0453661,-0.00836873,0.147273,-0.206239,0,0,0,0.13647,-0.146559,0.0290363,-1.42849,-1.42621,10.946,11.1306,0,25.4803
9.65,level,-0.372175,-0.227968,-0.0492601,0.0686052,0,0,0.13668,0.14248,-0.0324344,94.4915,94.6315,133.216,7.86492,nan,0.279349,0.282852,0.28844,0.269142,0.276979,0.282852,0.276979,0.28844,0.269142,1,0,0.0844408,0,0.00596615,-0.0476937,-0.00590019,0.147478,-0.205882,0,0,0,0.1422,-0.14766,0.0304007,-1.40858,-1.4499,10.8817,11.0678,0,25.4712
9.66,level,-0.370995,-0.229175,-0.0493162,0.0684895,0,0,0.137538,0.142272,-0.0325092,94.4881,94.6281,133.295,7.87681,nan,0.279264,0.280112,0.291189,0.267094,0.278679,0.280112,0.278679,0.291189,0.267094,1,0,0.0843815,0,0.00134988,-0.0483697,-0.00996052,0.147669,-0.205526,0,0,0,0.148711,-0.151884,0.0424956,-1.39093,-1.32443,10.8831,11.0513,0,25.4626
9.67,level,-0.369808,-0.230384,-0.0493671,0.0683539,0,0,0.138206,0.142182,-0.0326704,94.4846,94.6246,133.373,7.88867,nan,0.279181,0.281552,0.289282,0.268707,0.277197,0.281552,0.277197,0.289282,0.268707,1,0,0.084291,0,0.00201534,-0.0472375,-0.00712905,0.147847,-0.205087,0,0,0,0.153452,-0.142863,0.0396633,-1.49999,-1.31133,10.9194,11.0996,0,25.4536
9.68,level,-0.368614,-0.231592,-0.0494323,0.068189,0,0,0.138823,0.142087,-0.0312495,94.4812,94.6212,133.452,7.9005,nan,0.279098,0.281543,0.289301,0.269002,0.276563,0.281543,0.276563,0.289301,0.269002,1,0,0.0841891,0,-0.000520104,-0.0478972,-0.00673277,0.148032,-0.204598,0,0,0,0.147156,-0.145974,0.0324079,-1.42228,-1.23769,10.8673,11.0297,0,25.4426
9.69,level,-0.367414,-0.232804,-0.0494939,0.0680295,0,0,0.139242,0.141914,-0.031954,94.4778,94.6178,133.532,7.9123,nan,0.279017,0.280136,0.290592,0.267224,0.278133,0.280136,0.278133,0.290592,0.267224,1,0,0.084104,0,0.00119979,-0.0480718,-0.00939026,0.148208,-0.204144,0,0,0,0.145073,-0.156705,0.0320564,-1.48315,-1.35984,10.7614,10.9479,0,25.4323
9.7,level,-0.366212,-0.234013,-0.0496009,0.0678204,0,0,0.139502,0.141831,-0.0321748,94.4744,94.6144,133.611,7.92407,nan,0.278937,0.278665,0.291375,0.266273,0.279451,0.278665,0.279451,0.291375,0.266273,1,0,0.0839991,0,0.00124205,-0.0460749,-0.0113785,0.148509,-0.203524,0,0,0,0.141698,-0.149055,0.0377988,-1.50494,-1.54217,10.7966,11.0095,0,25.4183
9.71,level,-0.365008,-0.235225,-0.0496504,0.0677116,0,0,0.139684,0.141665,-0.031425,94.4711,94.6111,133.69,7.93582,nan,0.278858,0.281361,0.288707,0.268174,0.277207,0.281361,0.277207,0.288707,0.268174,1,0,0.0839423,0,0.00447754,-0.0467777,-0.00719879,0.148675,-0.203175,0,0,0,0.140246,-0.148639,0.0435278,-1.43457,-1.28877,10.8947,11.0641,0,25.4113
9.72,level,-0.363802,-0.236434,-0.0497048,0.0675341,0,0,0.139912,0.141405,-0.0312342,94.4677,94.6077,133.769,7.94754,nan,0.278781,0.2812,0.28886,0.268534,0.276544,0.2812,0.276544,0.28886,0.268534,1,0,0.0838371,0,0.000928789,-0.0473373,-0.00688712,0.14881,-0.202667,0,0,0,0.141238,-0.13897,0.0383301,-1.31606,-1.41757,10.8162,10.9878,0,25.4011
9.73,level,-0.362596,-0.237641,-0.0497204,0.067391,0,0,0.140143,0.141109,-0.032453,94.4644,94.6044,133.849,7.95921,nan,0.278704,0.281769,0.287755,0.26944,0.275867,0.281769,0.275867,0.287755,0.26944,1,0,0.0837289,0,0.00117034,-0.0458856,-0.00545561,0.148884,-0.202228,0,0,0,0.154786,-0.137984,0.0412321,-1.26856,-1.29172,10.8877,11.0372,0,25.3943
9.74,level,-0.36139,-0.238842,-0.0497789,0.0672306,0,0,0.140255,0.140712,-0.0329576,94.461,94.601,133.929,7.97087,nan,0.278628,0.278252,0.291328,0.265647,0.2793,0.278252,0.2793,0.291328,0.265647,1,0,0.083632,0,0.00153123,-0.0466731,-0.0117483,0.149071,-0.201704,0,0,0,0.143344,-0.131482,0.0336516,-1.44149,-1.27675,10.9096,11.0782,0,25.3853
9.75,level,-0.360182,-0.240042,-0.0498729,0.0670592,0,0,0.140351,0.140266,-0.0324572,94.4577,94.5977,134.008,7.9825,nan,0.278553,0.280055,0.289107,0.267936,0.27713,0.280055,0.27713,0.289107,0.267936,1,0,0.0835464,0,0.000376026,-0.0456562,-0.00801957,0.149361,-0.201216,0,0,0,0.150312,-0.146566,0.0344006,-1.44648,-1.31186,10.8363,11.0109,0,25.3747
9.76,level,-0.358974,-0.241237,-0.0499175,0.0669086,0,0,0.140457,0.139829,-0.0331135,94.4545,94.5945,134.088,7.9941,nan,0.27848,0.278103,0.290874,0.266462,0.278495,0.278103,0.278495,0.290874,0.266462,1,0,0.0834664,0,-0.00195799,-0.0455126,-0.0109016,0.14949,-0.200779,0,0,0,0.153404,-0.14898,0.0347932,-1.45182,-1.40102,10.7816,10.9687,0,25.367
9.77,level,-0.357767,-0.24243,-0.0499747,0.0667407,0,0,0.140408,0.139336,-0.0329028,94.4512,94.5912,134.168,8.00567,nan,0.278407,0.280912,0.288218,0.2683,0.276212,0.280912,0.276212,0.288218,0.2683,1,0,0.0833549,0,0.00160712,-0.0466462,-0.00668831,0.149633,-0.200267,0,0,0,0.138336,-0.137434,0.0366064,-1.39239,-1.39627,10.8356,11.0135,0,25.3583
9.78,level,-0.356561,-0.243616,-0.0500332,0.0665658,0,0,0.140403,0.138758,-0.0335131,94.4479,94.5879,134.248,8.01722,nan,0.278335,0.279869,0.288629,0.267998,0.276858,0.279869,0.276858,0.288629,0.267998,1,0,0.083249,0,0.000265396,-0.0447987,-0.00774447,0.149805,-0.19976,0,0,0,0.141535,-0.140482,0.0361683,-1.32988,-1.40925,10.8405,11.0123,0,25.3493
9.79,level,-0.355354,-0.244799,-0.0500974,0.0664267,0,0,0.140349,0.138201,-0.0326103,94.4447,94.5847,134.329,8.02874,nan,0.278264,0.280126,0.288936,0.267486,0.276523,0.280126,0.276523,0.288936,0.267486,1,0,0.0831745,0,0.000602069,-0.0474704,-0.00784421,0.149996,-0.199346,0,0,0,0.141019,-0.141449,0.0292261,-1.3372,-1.43286,10.8264,11.0024,0,25.342
9.8,level,-0.354148,-0.245979,-0.0501436,0.0662775,0,0,0.140323,0.137665,-0.032813,94.4414,94.5814,134.409,8.04023,nan,0.278194,0.279686,0.289049,0.267856,0.276198,0.279686,0.276198,0.289049,0.267856,1,0,0.0830913,0,-0.00270821,-0.0467656,-0.00778206,0.150154,-0.198875,0,0,0,0.145368,-0.136018,0.0386308,-1.36012,-1.35566,10.8594,11.0279,0,25.335
9.81,level,-0.352942,-0.247154,-0.0502237,0.0661399,0,0,0.140267,0.137072,-0.0327956,94.4382,94.5782,134.489,8.0517,nan,0.278125,0.27953,0.288956,0.266829,0.277198,0.27953,0.277198,0.288956,0.266829,1,0,0.0830195,0,0.0025038,-0.0463442,-0.00870052,0.150399,-0.198455,0,0,0,0.145224,-0.134983,0.0435057,-1.33671,-1.28896,10.922,11.0787,0,25.3276
9.82,level,-0.351736,-0.248324,-0.0503373,0.065942,0,0,0.140445,0.136452,-0.0337168,94.435,94.575,134.57,8.06315,nan,0.278056,0.278384,0.289755,0.266173,0.277927,0.278384,0.277927,0.289755,0.266173,1,0,0.0829419,0,0.00101644,-0.0455498,-0.0101641,0.150756,-0.197875,0,0,0,0.151981,-0.147874,0.0323646,-1.43079,-1.36315,10.7551,10.9351,0,25.3166
9.83,level,-0.350529,-0.249488,-0.0504528,0.0657419,0,0,0.140697,0.135755,-0.0332811,94.4318,94.5718,134.651,8.07457,nan,0.277989,0.27892,0.289447,0.266385,0.277217,0.27892,0.277217,0.289447,0.266385,1,0,0.082847,0,0.000809784,-0.0469261,-0.00938799,0.151077,-0.197275,0,0,0,0.140657,-0.140084,0.0468432,-1.42846,-1.45618,10.8265,11.017,0,25.3052
9.84,level,-0.349318,-0.250647,-0.0505402,0.0655886,0,0,0.140839,0.135044,-0.0321975,94.4286,94.5686,134.731,8.08598,nan,0.277922,0.279747,0.288514,0.266972,0.276469,0.279747,0.276469,0.288514,0.266972,1,0,0.0827779,0,0.00193591,-0.0470303,-0.0080276,0.151338,-0.196816,0,0,0,0.145891,-0.1319,0.0350731,-1.33847,-1.42527,10.8899,11.064,0,25.297
9.85,level,-0.348106,-0.251803,-0.0506138,0.0654568,0,0,0.140902,0.134473,-0.0326211,94.4255,94.5655,134.812,8.09742,nan,0.277856,0.27936,0.288763,0.266962,0.276353,0.27936,0.276353,0.288763,0.266962,1,0,0.0827116,0,-3.03244e-05,-0.0470049,-0.00826053,0.151562,-0.19642,0,0,0,0.146833,-0.132434,0.031872,-1.36815,-1.45822,10.8737,11.056,0,25.2906
9.86,level,-0.346893,-0.252956,-0.0506852,0.0653703,0,0,0.140998,0.134058,-0.0317523,94.4223,94.5623,134.893,8.10884,nan,0.277791,0.27896,0.288949,0.26634,0.276928,0.27896,0.276928,0.288949,0.26634,1,0,0.0827,0,0.00158706,-0.04669,-0.00904379,0.151759,-0.1962,0,0,0,0.141327,-0.149589,0.0319966,-1.20178,-1.32017,10.7498,10.897,0,25.2862
9.87,level,-0.345677,-0.254108,-0.050775,0.0652316,0,0,0.141235,0.13374,-0.0313555,94.4192,94.5592,134.975,8.12024,nan,0.277727,0.278791,0.289208,0.265652,0.277267,0.278791,0.277267,0.289208,0.265652,1,0,0.0826366,0,0.00317786,-0.0475222,-0.0096836,0.152059,-0.19574,0,0,0,0.151369,-0.135051,0.0264956,-1.30633,-1.31397,10.9067,11.063,0,25.2791
9.88,level,-0.344458,-0.255259,-0.0508283,0.0650902,0,0,0.141483,0.133467,-0.0312856,94.416,94.556,135.056,8.13165,nan,0.277663,0.27932,0.288344,0.266737,0.276263,0.27932,0.276263,0.288344,0.266737,1,0,0.0825644,0,0.00133334,-0.0467346,-0.00815344,0.152219,-0.195309,0,0,0,0.145514,-0.136862,0.0355839,-1.39251,-1.36268,10.7765,10.9512,0,25.2734
9.89,level,-0.343236,-0.256409,-0.0509009,0.0649915,0,0,0.141685,0.133184,-0.031026,94.4129,94.5529,135.137,8.14303,nan,0.2776,0.279056,0.288996,0.265529,0.276831,0.279056,0.276831,0.288996,0.265529,1,0,0.0825211,0,0.00361163,-0.0486812,-0.00933604,0.152446,-0.195016,0,0,0,0.14851,-0.141882,0.0399533,-1.35755,-1.29592,10.7387,10.9015,0,25.2691
9.9,level,-0.342012,-0.257559,-0.0510223,0.0648086,0,0,0.141947,0.133019,-0.0310083,94.4098,94.5498,135.219,8.15438,nan,0.277538,0.280086,0.287304,0.267624,0.275149,0.280086,0.275149,0.287304,0.267624,1,0,0.0824603,0,0.000813795,-0.0466449,-0.0064804,0.1528,-0.194498,0,0,0,0.153483,-0.147272,0.024316,-1.34285,-1.42654,10.8075,10.9836,0,25.2597
9.91,level,-0.340788,-0.258706,-0.0511308,0.0646457,0,0,0.142275,0.132934,-0.032705,94.4067,94.5467,135.3,8.16571,nan,0.277476,0.279613,0.287707,0.267093,0.275504,0.279613,0.275504,0.287707,0.267093,1,0,0.0823938,0,0.000838049,-0.0468447,-0.00725447,0.153127,-0.193972,0,0,0,0.148317,-0.128852,0.0346608,-1.34555,-1.36409,10.8476,11.0155,0,25.2519
9.92,level,-0.339564,-0.259847,-0.0511862,0.0644974,0,0,0.142605,0.132744,-0.0331101,94.4037,94.5437,135.382,8.17703,nan,0.277415,0.278767,0.288517,0.265752,0.276636,0.278767,0.276636,0.288517,0.265752,1,0,0.0823272,0,0.00300612,-0.0471737,-0.00906898,0.15329,-0.193573,0,0,0,0.153469,-0.148442,0.0380921,-1.34907,-1.49659,10.8273,11.0132,0,25.2467
9.93,level,-0.338336,-0.260989,-0.0512904,0.0643164,0,0,0.14293,0.132514,-0.0322942,94.4006,94.5406,135.464,8.18835,nan,0.277355,0.279068,0.288093,0.265918,0.276353,0.279068,0.276353,0.288093,0.265918,1,0,0.0822431,0,0.0037394,-0.0471606,-0.008553,0.153589,-0.193015,0,0,0,0.144692,-0.138353,0.0287942,-1.27124,-1.38074,10.8492,11.0104,0,25.2385
9.94,level,-0.337104,-0.262131,-0.0513663,0.0642059,0,0,0.143294,0.13224,-0.0324025,94.3975,94.5375,135.546,8.19967,nan,0.277295,0.279283,0.287781,0.26648,0.275651,0.279283,0.275651,0.287781,0.26648,1,0,0.0821996,0,0.00178548,-0.0472437,-0.00776596,0.153836,-0.192666,0,0,0,0.154908,-0.130335,0.0238741,-1.24027,-1.30182,10.8608,11.0087,0,25.2348
9.95,level,-0.335869,-0.263271,-0.0514428,0.0640718,0,0,0.143661,0.131897,-0.0322029,94.3945,94.5345,135.628,8.21096,nan,0.277236,0.277979,0.289061,0.265146,0.276772,0.277979,0.276772,0.289061,0.265146,1,0,0.0821503,0,0.00144631,-0.0476005,-0.00998082,0.154074,-0.192247,0,0,0,0.152886,-0.127708,0.0367655,-1.30426,-1.30939,10.8198,10.9765,0,25.2301
9.96,level,-0.33463,-0.26441,-0.0515601,0.0638931,0,0,0.144026,0.131656,-0.0318418,94.3915,94.5315,135.71,8.22223,nan,0.277178,0.278924,0.287623,0.266686,0.275491,0.278924,0.275491,0.287623,0.266686,1,0,0.0820864,0,0.000279654,-0.0461752,-0.00769342,0.15442,-0.191731,0,0,0,0.14827,-0.141467,0.030999,-1.4202,-1.44558,10.7406,10.9301,0,25.2221
9.97,level,-0.333387,-0.265547,-0.0516813,0.0637028,0,0,0.144358,0.131295,-0.0317078,94.3884,94.5284,135.792,8.23348,nan,0.27712,0.277054,0.289202,0.264544,0.277692,0.277054,0.277692,0.289202,0.264544,1,0,0.082005,0,0.00265452,-0.045514,-0.0111183,0.154771,-0.191152,0,0,0,0.138847,-0.136658,0.0363485,-1.40717,-1.42862,10.8569,11.0406,0,25.2137
9.98,level,-0.332139,-0.266684,-0.0517602,0.0635521,0,0,0.144679,0.13088,-0.0317708,94.3854,94.5254,135.875,8.24474,nan,0.277063,0.278397,0.288033,0.265527,0.276306,0.278397,0.276306,0.288033,0.265527,1,0,0.081941,0,0.00303132,-0.0466073,-0.0089728,0.155029,-0.190689,0,0,0,0.151211,-0.130142,0.0364709,-1.41536,-1.42897,10.8426,11.0276,0,25.2085
9.99,level,-0.330889,-0.267816,-0.0518406,0.0633976,0,0,0.145092,0.130447,-0.0320074,94.3824,94.5224,135.957,8.25597,nan,0.277006,0.279204,0.287241,0.266151,0.275441,0.279204,0.275441,0.287241,0.266151,1,0,0.0818828,0,0.00332541,-0.047093,-0.0076157,0.155266,-0.190252,0,0,0,0.157142,-0.136304,0.0323975,-1.28942,-1.39595,10.8035,10.9694,0,25.2034
10,level,-0.329635,-0.268944,-0.0519176,0.0632887,0,0,0.145615,0.129969,-0.0321143,94.3795,94.5195,136.04,8.26719,nan,0.27695,0.278826,0.287697,0.265673,0.275617,0.278826,0.275617,0.287697,0.265673,1,0,0.0818362,0,0.00284736,-0.0478117,-0.0082693,0.155468,-0.189915,0,0,0,0.14216,-0.123253,0.0354135,-1.26502,-1.43823,10.6911,10.8614,0,25.2004
10.01,level,-0.328375,-0.27007,-0.0519595,0.0631628,0,0,0.146156,0.129513,-0.0315219,94.3765,94.5165,136.122,8.2784,nan,0.276895,0.278201,0.288492,0.265242,0.275655,0.278201,0.275655,0.288492,0.265242,1,0,0.0817604,0,0.000321273,-0.0488781,-0.00909969,0.155613,-0.189549,0,0,0,0.152244,-0.134466,0.0117926,-1.22384,-1.32413,10.7718,10.9216,0,25.1979
10.02,level,-0.32711,-0.271192,-0.0519997,0.0630279,0,0,0.146613,0.129154,-0.0321539,94.3735,94.5135,136.205,8.2896,nan,0.27684,0.277757,0.288634,0.264717,0.276261,0.277757,0.276261,0.288634,0.264717,1,0,0.0816903,0,0.00177146,-0.0481525,-0.00985477,0.155759,-0.189108,0,0,0,0.15741,-0.123574,0.0436233,-1.28568,-1.28788,10.8502,11.0018,0,25.195
10.03,level,-0.325841,-0.272313,-0.0520944,0.062835,0,0,0.146938,0.128684,-0.0303,94.3706,94.5106,136.288,8.30078,nan,0.276785,0.277388,0.288433,0.26527,0.27606,0.277388,0.27606,0.288433,0.26527,1,0,0.0815969,0,-0.000673951,-0.046404,-0.00959737,0.156046,-0.188541,0,0,0,0.159219,-0.130939,0.0251547,-1.35745,-1.37361,10.6975,10.8704,0,25.1877
10.04,level,-0.324567,-0.273432,-0.0521709,0.0626905,0,0,0.147113,0.128157,-0.0313782,94.3676,94.5076,136.371,8.31193,nan,0.27673,0.277525,0.288225,0.26448,0.276702,0.277525,0.276702,0.288225,0.26448,1,0,0.0815413,0,0.00403914,-0.0465521,-0.0100744,0.156284,-0.18812,0,0,0,0.161561,-0.142814,0.0356351,-1.44135,-1.44087,10.8065,10.997,0,25.1835
10.05,level,-0.323292,-0.274546,-0.0522449,0.062562,0,0,0.147143,0.127762,-0.0311895,94.3647,94.5047,136.454,8.32308,nan,0.276676,0.278056,0.287862,0.265372,0.275425,0.278056,0.275425,0.287862,0.265372,1,0,0.0814711,0,0.000655602,-0.0475997,-0.00872801,0.156471,-0.187718,0,0,0,0.147609,-0.119587,0.0390582,-1.28794,-1.38787,10.8575,11.0213,0,25.1802
10.06,level,-0.32202,-0.275655,-0.0522951,0.0624086,0,0,0.14709,0.127385,-0.032147,94.3618,94.5018,136.538,8.3342,nan,0.276622,0.278141,0.287678,0.265244,0.275436,0.278141,0.275436,0.287678,0.265244,1,0,0.0813949,0,0.00173673,-0.0476324,-0.00867147,0.156632,-0.187273,0,0,0,0.151026,-0.133703,0.0426493,-1.35187,-1.43469,10.8605,11.038,0,25.1767
10.07,level,-0.32075,-0.27676,-0.052369,0.0622712,0,0,0.146983,0.126969,-0.0321663,94.3589,94.4989,136.621,8.34532,nan,0.276568,0.278685,0.286984,0.265948,0.274665,0.278685,0.274665,0.286984,0.265948,1,0,0.0813392,0,0.00110983,-0.0474773,-0.00747892,0.15681,-0.186886,0,0,0,0.135318,-0.129558,0.0314825,-1.21949,-1.47961,10.7368,10.9066,0,25.1736
10.08,level,-0.319482,-0.277862,-0.0524595,0.0621525,0,0,0.146882,0.126574,-0.032777,94.356,94.496,136.705,8.35643,nan,0.276514,0.278436,0.287308,0.265601,0.274722,0.278436,0.274722,0.287308,0.265601,1,0,0.0813041,0,0.000661019,-0.0481663,-0.00790859,0.157125,-0.186503,0,0,0,0.157989,-0.120433,0.0401363,-1.23924,-1.4077,10.851,11.0119,0,25.1712
10.09,level,-0.318215,-0.27896,-0.0525432,0.0620295,0,0,0.14687,0.126218,-0.0324055,94.3531,94.4931,136.788,8.36754,nan,0.27646,0.276674,0.288598,0.264114,0.276467,0.276674,0.276467,0.288598,0.264114,1,0,0.0812689,0,0.00113881,-0.0467844,-0.0106707,0.157367,-0.18615,0,0,0,0.143351,-0.143612,0.0320024,-1.23189,-1.27302,10.8955,11.0386,0,25.1689
10.1,level,-0.316947,-0.280058,-0.0526367,0.0618817,0,0,0.146871,0.125955,-0.0317128,94.3502,94.4902,136.872,8.37866,nan,0.276407,0.276632,0.288433,0.26459,0.275984,0.276632,0.275984,0.288433,0.26459,1,0,0.081216,0,-0.00107909,-0.0464046,-0.0101944,0.157685,-0.185672,0,0,0,0.162185,-0.127278,0.03475,-1.35252,-1.35708,10.838,11.0061,0,25.1654
10.11,level,-0.315677,-0.281156,-0.0527544,0.0617151,0,0,0.146883,0.125658,-0.0317802,94.3473,94.4873,136.956,8.38979,nan,0.276354,0.277778,0.287355,0.26524,0.275054,0.277778,0.275054,0.287355,0.26524,1,0,0.0811661,0,0.000628929,-0.0470636,-0.00852268,0.158006,-0.185187,0,0,0,0.153089,-0.119825,0.033173,-1.27644,-1.44423,10.8069,10.9774,0,25.1607
10.12,level,-0.314407,-0.282251,-0.0528414,0.0615526,0,0,0.146936,0.125304,-0.0311553,94.3445,94.4845,137.04,8.40091,nan,0.276301,0.27756,0.287173,0.265422,0.27506,0.27756,0.27506,0.287173,0.265422,1,0,0.0811014,0,6.62047e-05,-0.0459508,-0.00846103,0.158268,-0.184716,0,0,0,0.153057,-0.130855,0.0382306,-1.26997,-1.44531,10.7193,10.8906,0,25.1573
10.13,level,-0.313135,-0.283346,-0.0529346,0.0614123,0,0,0.146979,0.12487,-0.0309009,94.3416,94.4816,137.124,8.41201,nan,0.276249,0.27746,0.287341,0.26443,0.275775,0.27746,0.275775,0.287341,0.26443,1,0,0.0810602,0,0.00388212,-0.0466046,-0.00932972,0.158542,-0.184292,0,0,0,0.149369,-0.128987,0.0362537,-1.22204,-1.36809,10.8559,11.0098,0,25.1551
10.14,level,-0.311862,-0.284437,-0.0530533,0.061243,0,0,0.147203,0.124397,-0.0309927,94.3388,94.4788,137.208,8.4231,nan,0.276197,0.278686,0.286151,0.265566,0.274394,0.278686,0.274394,0.286151,0.265566,1,0,0.0809984,0,0.0036152,-0.0471364,-0.00716139,0.158884,-0.183793,0,0,0,0.144246,-0.127309,0.0305928,-1.23122,-1.46381,10.7849,10.9532,0,25.1509
10.15,level,-0.310588,-0.285522,-0.0531268,0.0611076,0,0,0.147579,0.123906,-0.0321552,94.336,94.476,137.292,8.43422,nan,0.276145,0.277652,0.28712,0.264905,0.274913,0.277652,0.274913,0.28712,0.264905,1,0,0.0809513,0,0.00143349,-0.0472849,-0.00856025,0.159114,-0.183381,0,0,0,0.150665,-0.121985,0.0290019,-1.1847,-1.40712,10.7761,10.932,0,25.1499
10.16,level,-0.30931,-0.286602,-0.0532069,0.0609916,0,0,0.14802,0.123391,-0.0315156,94.3332,94.4732,137.377,8.44534,nan,0.276094,0.277984,0.286964,0.265121,0.274316,0.277984,0.274316,0.286964,0.265121,1,0,0.0809159,0,0.000569132,-0.0483359,-0.00798821,0.159346,-0.183055,0,0,0,0.154688,-0.120836,0.0271354,-1.04784,-1.34215,10.7546,10.8885,0,25.1495
10.17,level,-0.308028,-0.28768,-0.0532921,0.0608383,0,0,0.148442,0.122995,-0.0318267,94.3304,94.4704,137.461,8.45647,nan,0.276043,0.277896,0.286665,0.26534,0.27428,0.277896,0.27428,0.286665,0.26534,1,0,0.0808511,0,0.000449947,-0.0472588,-0.00778382,0.159615,-0.182587,0,0,0,0.154214,-0.130096,0.0339882,-1.10993,-1.30064,10.8639,10.9977,0,25.1473
10.18,level,-0.306743,-0.288753,-0.0533937,0.0606841,0,0,0.148808,0.122635,-0.0316064,94.3276,94.4676,137.546,8.46763,nan,0.275992,0.278034,0.2866,0.265427,0.273918,0.278034,0.273918,0.2866,0.265427,1,0,0.0808068,0,-0.000201957,-0.0479173,-0.0074971,0.159927,-0.182121,0,0,0,0.151626,-0.137769,0.0342212,-1.17617,-1.3086,10.8676,11.0091,0,25.1447
10.19,level,-0.305453,-0.289825,-0.0534788,0.0605055,0,0,0.149135,0.122314,-0.0321991,94.3248,94.4648,137.631,8.47879,nan,0.275942,0.276808,0.287241,0.264871,0.274859,0.276808,0.274859,0.287241,0.264871,1,0,0.0807241,0,-0.00118189,-0.04608,-0.00897556,0.160209,-0.181548,0,0,0,0.162087,-0.121864,0.0383333,-1.33094,-1.43124,10.7287,10.9053,0,25.1415
10.2,level,-0.304161,-0.290894,-0.0536119,0.0603592,0,0,0.149454,0.121985,-0.0319946,94.322,94.462,137.715,8.48996,nan,0.275892,0.276795,0.287118,0.263948,0.275717,0.276795,0.275717,0.287118,0.263948,1,0,0.0807094,0,0.00383689,-0.0459454,-0.00970994,0.16057,-0.18113,0,0,0,0.150551,-0.115578,0.0329323,-1.22729,-1.51223,10.8413,11.0149,0,25.1387
10.21,level,-0.302865,-0.291963,-0.0537321,0.0601783,0,0,0.149884,0.121743,-0.0313183,94.3193,94.4593,137.8,8.50111,nan,0.275843,0.277618,0.286697,0.264195,0.274871,0.277618,0.274871,0.286697,0.264195,1,0,0.0806473,0,0.0042367,-0.047842,-0.00868294,0.160939,-0.180608,0,0,0,0.151172,-0.135933,0.0333867,-1.2234,-1.43148,10.8396,11.002,0,25.1347
10.22,level,-0.301563,-0.29303,-0.0537922,0.0600581,0,0,0.150403,0.121446,-0.0314915,94.3165,94.4565,137.885,8.51225,nan,0.275794,0.278304,0.285737,0.265166,0.273978,0.278304,0.273978,0.285737,0.265166,1,0,0.0806,0,0.00365829,-0.0471731,-0.00714046,0.161127,-0.180237,0,0,0,0.157156,-0.1267,0.0390985,-1.17277,-1.39064,10.769,10.9216,0,25.1356
10.23,level,-0.300257,-0.294094,-0.0538882,0.0599256,0,0,0.150931,0.121023,-0.0313691,94.3138,94.4538,137.971,8.52339,nan,0.275745,0.277193,0.286585,0.26443,0.274781,0.277193,0.274781,0.286585,0.26443,1,0,0.0805793,0,0.00254264,-0.0465505,-0.00867718,0.16143,-0.179837,0,0,0,0.159892,-0.134763,0.0332495,-1.20064,-1.32588,10.8057,10.9527,0,25.135
10.24,level,-0.298943,-0.295156,-0.0539576,0.0598114,0,0,0.151455,0.120558,-0.0307724,94.311,94.451,138.056,8.53453,nan,0.275697,0.277581,0.286396,0.264943,0.273877,0.277581,0.273877,0.286396,0.264943,1,0,0.0805319,0,0.000317615,-0.0476671,-0.00780118,0.161634,-0.179509,0,0,0,0.166857,-0.130622,0.0230015,-1.11442,-1.32778,10.8616,10.999,0,25.136
10.25,level,-0.297624,-0.296215,-0.0540209,0.0596867,0,0,0.151954,0.120087,-0.0306661,94.3083,94.4483,138.141,8.54565,nan,0.275649,0.277027,0.286798,0.264304,0.274476,0.277027,0.274476,0.286798,0.264304,1,0,0.0804845,0,0.00106525,-0.0474546,-0.00876585,0.161823,-0.179118,0,0,0,0.165955,-0.118367,0.036963,-1.14097,-1.39404,10.8845,11.0326,0,25.1368
10.26,level,-0.2963,-0.297272,-0.0541168,0.0595201,0,0,0.152405,0.119582,-0.0309962,94.3056,94.4456,138.227,8.55677,nan,0.275601,0.275732,0.288044,0.263049,0.27559,0.275732,0.27559,0.288044,0.263049,1,0,0.0804252,0,0.000609078,-0.0476274,-0.0109239,0.162114,-0.178613,0,0,0,0.159443,-0.126889,0.0422819,-1.16693,-1.31845,10.7928,10.9355,0,25.1346
10.27,level,-0.294971,-0.298324,-0.054226,0.0593516,0,0,0.152774,0.119123,-0.0308651,94.3029,94.4429,138.312,8.56788,nan,0.275554,0.277165,0.286205,0.264821,0.274034,0.277165,0.274034,0.286205,0.264821,1,0,0.0803778,0,0.000460172,-0.0464501,-0.00802216,0.162436,-0.178115,0,0,0,0.160845,-0.123485,0.0397395,-1.1803,-1.42586,10.8374,10.9943,0,25.132
10.28,level,-0.29364,-0.299371,-0.0543095,0.059202,0,0,0.153026,0.118603,-0.0308718,94.3002,94.4402,138.398,8.57898,nan,0.275507,0.276253,0.287418,0.263223,0.275144,0.276253,0.275144,0.287418,0.263223,1,0,0.0803124,0,0.0020071,-0.0479474,-0.0101466,0.162657,-0.177684,0,0,0,0.148095,-0.124043,0.0246044,-1.16216,-1.51309,10.8477,11.0142,0,25.1311
10.29,level,-0.292305,-0.300416,-0.054384,0.059065,0,0,0.153143,0.118161,-0.0305676,94.2975,94.4375,138.484,8.59006,nan,0.27546,0.276244,0.28711,0.263636,0.27486,0.276244,0.27486,0.28711,0.263636,1,0,0.0802649,0,0.000950209,-0.0471005,-0.00970926,0.162896,-0.177272,0,0,0,0.153927,-0.129578,0.0365978,-1.14555,-1.42721,10.8576,11.0107,0,25.1312
10.3,level,-0.29097,-0.301458,-0.0544168,0.0589766,0,0,0.153235,0.117838,-0.0309751,94.2948,94.4348,138.57,8.60115,nan,0.275414,0.277571,0.285905,0.264431,0.273759,0.277571,0.273759,0.285905,0.264431,1,0,0.0802203,0,0.00263627,-0.0479099,-0.00776314,0.162995,-0.177003,0,0,0,0.158319,-0.119649,0.0252363,-1.1028,-1.43113,10.7522,10.9029,0,25.1351
10.31,level,-0.289634,-0.302498,-0.0544797,0.0588545,0,0,0.153392,0.117781,-0.0310083,94.2922,94.4322,138.656,8.61224,nan,0.275369,0.276688,0.286362,0.264293,0.274142,0.276688,0.274142,0.286362,0.264293,1,0,0.0801787,0,0.000464566,-0.0466423,-0.00858056,0.163185,-0.176631,0,0,0,0.15424,-0.123847,0.028828,-1.07021,-1.29557,10.7528,10.8833,0,25.1368
10.32,level,-0.288297,-0.303539,-0.0545596,0.0586902,0,0,0.153654,0.117912,-0.0305476,94.2895,94.4295,138.742,8.62334,nan,0.275325,0.276554,0.286755,0.263677,0.274322,0.276554,0.274322,0.286755,0.263677,1,0,0.0801043,0,0.00117931,-0.0479583,-0.00916224,0.163456,-0.176109,0,0,0,0.163223,-0.120333,0.0357787,-1.16072,-1.28935,10.8361,10.9741,0,25.1363
10.33,level,-0.286954,-0.304585,-0.054645,0.0585723,0,0,0.154144,0.118107,-0.0298714,94.2869,94.4269,138.828,8.63444,nan,0.275281,0.276708,0.286267,0.264188,0.273971,0.276708,0.273971,0.286267,0.264188,1,0,0.0800894,0,0.000593795,-0.0470187,-0.00850138,0.163699,-0.175771,0,0,0,0.161679,-0.120563,0.0382385,-1.1059,-1.30521,10.8417,10.9758,0,25.1384
10.34,level,-0.285606,-0.305634,-0.0547345,0.0583866,0,0,0.154824,0.118279,-0.0303621,94.2842,94.4242,138.915,8.64554,nan,0.27524,0.277243,0.28569,0.264693,0.273341,0.277243,0.273341,0.28569,0.264693,1,0,0.080006,0,0.000531042,-0.0471797,-0.00751366,0.163975,-0.175215,0,0,0,0.166416,-0.119551,0.0505284,-1.11703,-1.35753,10.6627,10.8067,0,25.1373
10.35,level,-0.284252,-0.306684,-0.05486,0.0581925,0,0,0.155692,0.118533,-0.0310561,94.2816,94.4216,139.001,8.65661,nan,0.275199,0.278415,0.284312,0.265109,0.272969,0.278415,0.272969,0.284312,0.265109,1,0,0.0799464,0,0.00520465,-0.0467031,-0.00604691,0.164343,-0.174608,0,0,0,0.155042,-0.110357,0.0416567,-1.19389,-1.38738,10.7265,10.8816,0,25.1353
10.36,level,-0.28289,-0.307736,-0.0549576,0.0580304,0,0,0.156741,0.118768,-0.0306715,94.279,94.419,139.088,8.66766,nan,0.275161,0.274779,0.287575,0.262855,0.275442,0.274779,0.275442,0.287575,0.262855,1,0,0.0799016,0,-0.000554186,-0.0455833,-0.0111566,0.164631,-0.174153,0,0,0,0.157393,-0.123808,0.0307437,-1.17431,-1.4347,10.8454,11.0027,0,25.1358
10.37,level,-0.281515,-0.308794,-0.0549997,0.0578467,0,0,0.157675,0.118812,-0.0296869,94.2763,94.4163,139.175,8.67869,nan,0.275124,0.276324,0.286222,0.264251,0.273707,0.276324,0.273707,0.286222,0.264251,1,0,0.0798001,0,-0.00117456,-0.0465903,-0.00850626,0.16476,-0.173613,0,0,0,0.157172,-0.13165,0.0413213,-1.15923,-1.413,10.8591,11.0119,0,25.1367
10.38,level,-0.28013,-0.309854,-0.0550197,0.0576594,0,0,0.158461,0.11874,-0.0290706,94.2737,94.4137,139.261,8.68972,nan,0.275089,0.276226,0.286001,0.26427,0.273866,0.276226,0.273866,0.286001,0.26427,1,0,0.0796774,0,-0.000476158,-0.0456472,-0.00851389,0.164809,-0.173054,0,0,0,0.156974,-0.121451,0.026306,-1.10533,-1.45681,10.7738,10.9279,0,25.1382
10.39,level,-0.278735,-0.310915,-0.0550871,0.0574716,0,0,0.159103,0.11856,-0.0280648,94.2711,94.4111,139.348,8.70072,nan,0.275056,0.277153,0.285583,0.264433,0.273061,0.277153,0.273061,0.285583,0.264433,1,0,0.0795876,0,0.000526331,-0.0478298,-0.00749721,0.165008,-0.172505,0,0,0,0.156342,-0.128048,0.0267088,-1.05294,-1.406,10.6671,10.8108,0,25.1386
10.4,level,-0.277334,-0.311977,-0.055123,0.057281,0,0,0.159533,0.118336,-0.0283567,94.2685,94.4085,139.435,8.71169,nan,0.275023,0.276337,0.286203,0.263576,0.273984,0.276337,0.273984,0.286203,0.263576,1,0,0.0794677,0,0.00143842,-0.0473314,-0.00891086,0.165123,-0.171912,0,0,0,0.161566,-0.110386,0.0343888,-1.00911,-1.35615,10.76,10.892,0,25.1399
10.41,level,-0.275931,-0.313036,-0.0551972,0.0571168,0,0,0.159788,0.1181,-0.0286104,94.2659,94.4059,139.523,8.72263,nan,0.274993,0.277348,0.285066,0.264657,0.272905,0.277348,0.272905,0.285066,0.264657,1,0,0.0794046,0,0.00140322,-0.0470892,-0.00701735,0.165352,-0.171407,0,0,0,0.155655,-0.11901,0.0265631,-1.08123,-1.31486,10.8247,10.9577,0,25.142
10.42,level,-0.274526,-0.314093,-0.0552846,0.0568931,0,0,0.160108,0.117822,-0.0292563,94.2634,94.4034,139.61,8.73352,nan,0.274963,0.276216,0.286135,0.263775,0.273732,0.276216,0.273732,0.286135,0.263775,1,0,0.0793084,0,0.000101428,-0.0470736,-0.00873594,0.165628,-0.17074,0,0,0,0.16702,-0.117243,0.0271686,-1.04242,-1.29611,10.8456,10.9724,0,25.1408
10.43,level,-0.273118,-0.315146,-0.0553471,0.0567046,0,0,0.160458,0.117472,-0.0294962,94.2608,94.4008,139.697,8.74439,nan,0.274934,0.275215,0.28719,0.262845,0.274494,0.275215,0.274494,0.28719,0.262845,1,0,0.0792272,0,-0.00086322,-0.047494,-0.0103835,0.165824,-0.170175,0,0,0,0.162548,-0.130871,0.0316579,-1.15433,-1.34971,10.7171,10.8633,0,25.1422
10.44,level,-0.271708,-0.316197,-0.0554052,0.0564992,0,0,0.160746,0.117175,-0.0304882,94.2582,94.3982,139.785,8.75522,nan,0.274907,0.276173,0.285713,0.263794,0.273954,0.276173,0.273954,0.285713,0.263794,1,0,0.0791127,0,0.00164615,-0.0457362,-0.0086587,0.166011,-0.169564,0,0,0,0.177413,-0.123846,0.0384417,-1.08865,-1.36298,10.7489,10.8895,0,25.143
10.45,level,-0.270298,-0.317243,-0.0554657,0.0562835,0,0,0.161013,0.116844,-0.0304539,94.2556,94.3956,139.872,8.76602,nan,0.27488,0.275706,0.286491,0.262694,0.274636,0.275706,0.274636,0.286491,0.262694,1,0,0.0790042,0,0.00306806,-0.0471179,-0.00998967,0.166154,-0.168935,0,0,0,0.159652,-0.120939,0.0316933,-1.0851,-1.52495,10.7834,10.9446,0,25.1433
10.46,level,-0.268883,-0.318289,-0.0555031,0.056122,0,0,0.161301,0.116529,-0.0295498,94.2531,94.3931,139.96,8.7768,nan,0.274855,0.275479,0.286664,0.26313,0.274151,0.275479,0.274151,0.286664,0.26313,1,0,0.0789105,0,-0.000435016,-0.0471093,-0.00975971,0.166263,-0.168458,0,0,0,0.156923,-0.124646,0.0362293,-1.09518,-1.55992,10.8227,10.9893,0,25.1472
10.47,level,-0.267464,-0.319334,-0.0555307,0.0559565,0,0,0.16144,0.11629,-0.0296907,94.2505,94.3905,140.048,8.78759,nan,0.27483,0.277372,0.284701,0.264637,0.272614,0.277372,0.272614,0.284701,0.264637,1,0,0.0788107,0,0.00172015,-0.0470332,-0.00672743,0.166355,-0.167949,0,0,0,0.158058,-0.124577,0.0510283,-1.08965,-1.4623,10.8515,11.0037,0,25.1513
10.48,level,-0.266046,-0.320375,-0.0555347,0.0557964,0,0,0.161564,0.115955,-0.0295529,94.248,94.388,140.136,8.79834,nan,0.274806,0.275876,0.285681,0.264051,0.273623,0.275876,0.273623,0.285681,0.264051,1,0,0.0787017,0,-0.000617002,-0.0452537,-0.00851666,0.166391,-0.167468,0,0,0,0.172376,-0.12662,0.0352291,-1.06632,-1.38979,10.7508,10.8925,0,25.1564
10.49,level,-0.264625,-0.321415,-0.0555869,0.0555945,0,0,0.161522,0.115436,-0.0291508,94.2454,94.3854,140.224,8.80911,nan,0.274783,0.276514,0.285619,0.263646,0.273358,0.276514,0.273358,0.285619,0.263646,1,0,0.0785956,0,0.00161058,-0.047615,-0.008271,0.166511,-0.166891,0,0,0,0.157118,-0.126077,0.0271815,-0.960843,-1.40896,10.5893,10.7258,0,25.1587
10.5,level,-0.263204,-0.322451,-0.0556325,0.0554364,0,0,0.16143,0.114922,-0.0286758,94.2429,94.3829,140.312,8.81986,nan,0.274761,0.276682,0.285152,0.263898,0.273316,0.276682,0.273316,0.285152,0.263898,1,0,0.0785167,0,0.00251355,-0.0466494,-0.00786186,0.166677,-0.166371,0,0,0,0.167425,-0.112068,0.0335618,-1.01481,-1.33921,10.7948,10.9248,0,25.1636
10.51,level,-0.261781,-0.323485,-0.0556829,0.0552793,0,0,0.161439,0.11446,-0.0282396,94.2403,94.3803,140.4,8.83058,nan,0.274739,0.275979,0.286134,0.263283,0.273565,0.275979,0.273565,0.286134,0.263283,1,0,0.0784498,0,0.000335891,-0.0478714,-0.00898198,0.166835,-0.165888,0,0,0,0.169773,-0.10804,0.0270326,-1.01419,-1.29731,10.8911,11.0148,0,25.1685
10.52,level,-0.260358,-0.324516,-0.0557604,0.0550795,0,0,0.161448,0.113999,-0.0285684,94.2378,94.3778,140.489,8.84128,nan,0.274718,0.274638,0.287091,0.262649,0.274498,0.274638,0.274498,0.287091,0.262649,1,0,0.0783494,0,-0.00160417,-0.0465784,-0.0106815,0.167063,-0.165292,0,0,0,0.169192,-0.104607,0.0233711,-1.03586,-1.39332,10.7872,10.926,0,25.1708
10.53,level,-0.258933,-0.325543,-0.0558123,0.0549146,0,0,0.161466,0.113486,-0.0282206,94.2353,94.3753,140.577,8.85201,nan,0.274698,0.275072,0.286408,0.262681,0.274635,0.275072,0.274635,0.286408,0.262681,1,0,0.0782763,0,0.0016387,-0.0457863,-0.0102363,0.167229,-0.164799,0,0,0,0.167455,-0.11767,0.0369757,-1.08636,-1.36624,10.732,10.873,0,25.1757
10.54,level,-0.257508,-0.326566,-0.0559002,0.0547332,0,0,0.161542,0.113007,-0.0286578,94.2327,94.3727,140.666,8.86273,nan,0.274678,0.276353,0.285487,0.263743,0.273133,0.276353,0.273133,0.285487,0.263743,1,0,0.0782123,0,0.000679044,-0.0473023,-0.00814182,0.167478,-0.164241,0,0,0,0.160427,-0.10407,0.0406949,-1.06236,-1.37958,10.7844,10.9241,0,25.1793
10.55,level,-0.256085,-0.327583,-0.0559607,0.0545561,0,0,0.161659,0.112462,-0.0292763,94.2302,94.3702,140.754,8.87344,nan,0.274659,0.275521,0.285898,0.263858,0.273364,0.275521,0.273364,0.285898,0.263858,1,0,0.078133,0,-0.00231119,-0.0458466,-0.0087391,0.167669,-0.163719,0,0,0,0.16512,-0.111568,0.0328585,-1.0978,-1.42176,10.7602,10.9091,0,25.1838
10.56,level,-0.25466,-0.328595,-0.0560313,0.0543838,0,0,0.161724,0.111845,-0.0295954,94.2277,94.3677,140.843,8.88414,nan,0.274641,0.274989,0.286302,0.262394,0.274882,0.274989,0.274882,0.286302,0.262394,1,0,0.0780658,0,0.00311546,-0.045503,-0.0104608,0.167871,-0.163246,0,0,0,0.16473,-0.129055,0.0237692,-1.06437,-1.48665,10.8846,11.0371,0,25.1884
10.57,level,-0.253234,-0.329601,-0.0560838,0.0542253,0,0,0.161868,0.11112,-0.0296165,94.2252,94.3652,140.932,8.89482,nan,0.274623,0.27673,0.285062,0.264037,0.272667,0.27673,0.272667,0.285062,0.264037,1,0,0.0779864,0,0.000791578,-0.0475357,-0.00745491,0.168032,-0.162753,0,0,0,0.166072,-0.117559,0.0346376,-1.04975,-1.46877,10.8378,10.9871,0,25.1942
10.58,level,-0.25181,-0.330599,-0.05617,0.0540424,0,0,0.162044,0.110511,-0.030155,94.2227,94.3627,141.021,8.90551,nan,0.274606,0.27537,0.285875,0.262877,0.274304,0.27537,0.274304,0.285875,0.262877,1,0,0.0779283,0,0.00244596,-0.0455959,-0.00963974,0.168296,-0.16219,0,0,0,0.166485,-0.113222,0.026412,-1.03434,-1.38664,10.7564,10.8946,0,25.1981
10.59,level,-0.250379,-0.331594,-0.0562183,0.0538744,0,0,0.162387,0.109937,-0.0281938,94.2202,94.3602,141.11,8.91619,nan,0.274589,0.274752,0.286755,0.26268,0.274173,0.274752,0.274173,0.286755,0.26268,1,0,0.0778609,0,-0.00135212,-0.046714,-0.010327,0.168438,-0.161731,0,0,0,0.179245,-0.108939,0.0373968,-0.872374,-1.45105,10.743,10.8756,0,25.2034
10.6,level,-0.248941,-0.332587,-0.0562977,0.0537354,0,0,0.162707,0.109439,-0.0284286,94.2177,94.3577,141.199,8.92686,nan,0.274573,0.276833,0.284806,0.26459,0.272067,0.276833,0.272067,0.284806,0.26459,1,0,0.0778058,0,-0.00131662,-0.0473375,-0.00679071,0.168672,-0.161267,0,0,0,0.160568,-0.112134,0.0256966,-0.979373,-1.29192,10.7888,10.9099,0,25.2099
10.61,level,-0.247502,-0.333575,-0.0563529,0.0535557,0,0,0.162976,0.108982,-0.0284642,94.2152,94.3552,141.289,8.93752,nan,0.274558,0.275696,0.285445,0.263251,0.273841,0.275696,0.273841,0.285445,0.263251,1,0,0.0777107,0,0.0022289,-0.0455691,-0.00893945,0.168841,-0.16074,0,0,0,0.169731,-0.105537,0.036727,-0.943053,-1.3789,10.8886,11.016,0,25.2148
10.62,level,-0.24606,-0.33456,-0.0564247,0.0533897,0,0,0.16326,0.108413,-0.0287742,94.2127,94.3527,141.378,8.9482,nan,0.274542,0.276625,0.28461,0.264229,0.272709,0.276625,0.272709,0.28461,0.264229,1,0,0.0776585,0,0.00131641,-0.0460382,-0.00723673,0.169076,-0.160221,0,0,0,0.175541,-0.10494,0.0301932,-0.964415,-1.28454,10.8738,10.9918,0,25.2202
10.63,level,-0.244615,-0.335538,-0.0564974,0.0531893,0,0,0.163605,0.107812,-0.028876,94.2102,94.3502,141.468,8.95888,nan,0.274528,0.275282,0.286119,0.263419,0.273294,0.275282,0.273294,0.286119,0.263419,1,0,0.0775786,0,-0.00255166,-0.0467779,-0.00910389,0.169287,-0.159625,0,0,0,0.167124,-0.11346,0.0334752,-0.99157,-1.29347,10.814,10.9362,0,25.2238
10.64,level,-0.243167,-0.336511,-0.0565655,0.0530059,0,0,0.163798,0.107152,-0.0287431,94.2077,94.3477,141.557,8.96957,nan,0.274514,0.275889,0.285227,0.264037,0.272904,0.275889,0.272904,0.285227,0.264037,1,0,0.0775048,0,-0.00125041,-0.0458063,-0.00800148,0.16951,-0.159047,0,0,0,0.169841,-0.107458,0.0330944,-1.09395,-1.3364,10.7062,10.8446,0,25.2285
10.65,level,-0.241716,-0.337479,-0.056638,0.0528396,0,0,0.163946,0.1065,-0.0291886,94.2052,94.3452,141.647,8.98026,nan,0.2745,0.2767,0.284826,0.263689,0.272786,0.2767,0.272786,0.284826,0.263689,1,0,0.0774371,0,0.00257622,-0.0474656,-0.00756991,0.169724,-0.158564,0,0,0,0.175007,-0.107318,0.0376335,-1.01204,-1.32232,10.7211,10.8496,0,25.2341
10.66,level,-0.240265,-0.338441,-0.0567106,0.0526481,0,0,0.164048,0.105908,-0.0285353,94.2027,94.3427,141.737,8.99094,nan,0.274487,0.27579,0.28511,0.263633,0.273416,0.27579,0.273416,0.28511,0.263633,1,0,0.0773631,0,0.00123174,-0.0451929,-0.00839639,0.169944,-0.15799,0,0,0,0.171713,-0.112731,0.0314606,-1.13306,-1.45522,10.7387,10.8959,0,25.2384
10.67,level,-0.23881,-0.339399,-0.0567553,0.0524788,0,0,0.164151,0.105244,-0.0288753,94.2002,94.3402,141.827,9.0016,nan,0.274474,0.274961,0.286664,0.262788,0.273484,0.274961,0.273484,0.286664,0.262788,1,0,0.0772798,0,-0.00267031,-0.0480362,-0.009845,0.170062,-0.157488,0,0,0,0.171912,-0.0982591,0.0327913,-0.987713,-1.42048,10.6776,10.8169,0,25.2444
10.68,level,-0.237354,-0.340352,-0.0568126,0.0523339,0,0,0.164112,0.104662,-0.0284949,94.1977,94.3377,141.917,9.01223,nan,0.274461,0.276334,0.285043,0.263485,0.272985,0.276334,0.272985,0.285043,0.263485,1,0,0.0772274,0,0.00209649,-0.0471928,-0.00800366,0.170223,-0.157073,0,0,0,0.162311,-0.114032,0.0287345,-0.996702,-1.40221,10.7754,10.9118,0,25.2516
10.69,level,-0.235898,-0.341299,-0.056872,0.0521818,0,0,0.164148,0.104052,-0.0281097,94.1952,94.3352,142.007,9.02289,nan,0.274449,0.275022,0.286123,0.262444,0.27421,0.275022,0.27421,0.286123,0.262444,1,0,0.0771563,0,0.00176598,-0.0464076,-0.0100506,0.170412,-0.1566,0,0,0,0.168454,-0.10429,0.0312889,-0.988711,-1.38164,10.7684,10.9016,0,25.2586
10.7,level,-0.23444,-0.342243,-0.0569587,0.0520317,0,0,0.164181,0.103385,-0.0285896,94.1928,94.3328,142.097,9.03356,nan,0.274437,0.275848,0.285495,0.263311,0.273098,0.275848,0.273098,0.285495,0.263311,1,0,0.0771285,0,0.000371178,-0.0472456,-0.00854159,0.170659,-0.156202,0,0,0,0.169956,-0.116207,0.0313524,-0.870767,-1.38882,10.74,10.8644,0,25.2653
10.71,level,-0.232981,-0.34318,-0.057041,0.0518638,0,0,0.164228,0.102797,-0.0275319,94.1903,94.3303,142.188,9.04421,nan,0.274426,0.276043,0.285092,0.26324,0.273332,0.276043,0.273332,0.285092,0.26324,1,0,0.077079,0,0.00276361,-0.0465416,-0.00841286,0.170906,-0.155674,0,0,0,0.165777,-0.109263,0.0328969,-0.874294,-1.30134,10.7351,10.849,0,25.2711
10.72,level,-0.231517,-0.344116,-0.0570831,0.0517809,0,0,0.164341,0.102351,-0.0268386,94.1878,94.3278,142.278,9.05486,nan,0.274415,0.274996,0.286189,0.262332,0.274145,0.274996,0.274145,0.286189,0.262332,1,0,0.0770481,0,0.00164544,-0.0468169,-0.0101116,0.171036,-0.155425,0,0,0,0.17479,-0.0924389,0.0275282,-0.827207,-1.37111,10.7314,10.8503,0,25.2824
10.73,level,-0.230049,-0.345051,-0.0571559,0.0516473,0,0,0.164449,0.101965,-0.0259567,94.1853,94.3253,142.369,9.06551,nan,0.274405,0.277223,0.284246,0.26441,0.271741,0.277223,0.271741,0.284246,0.26441,1,0,0.0770078,0,0.000814832,-0.0479726,-0.00630884,0.171246,-0.155019,0,0,0,0.164261,-0.100273,0.0311469,-0.863358,-1.32998,10.7911,10.907,0,25.2907
10.74,level,-0.228581,-0.345981,-0.0572297,0.0514881,0,0,0.164471,0.101568,-0.026442,94.1829,94.3229,142.46,9.07615,nan,0.274394,0.27654,0.284854,0.263898,0.272287,0.27654,0.272287,0.284854,0.263898,1,0,0.0769551,0,0.000198165,-0.0477666,-0.0073416,0.171491,-0.154508,0,0,0,0.168334,-0.0997293,0.0360853,-0.924524,-1.25684,10.8172,10.9292,0,25.2977
10.75,level,-0.227112,-0.346909,-0.0573017,0.0513324,0,0,0.164579,0.101244,-0.0264402,94.1804,94.3204,142.55,9.08678,nan,0.274385,0.276299,0.284648,0.264517,0.272076,0.276299,0.272076,0.284648,0.264517,1,0,0.0769055,0,-0.00209335,-0.0461472,-0.00699199,0.171696,-0.154054,0,0,0,0.161376,-0.106824,0.0250622,-0.947292,-1.30716,10.8105,10.9304,0,25.3053
10.76,level,-0.225641,-0.347834,-0.0573981,0.0511825,0,0,0.164678,0.100841,-0.0264154,94.1779,94.3179,142.641,9.0974,nan,0.274375,0.275296,0.286002,0.262606,0.273598,0.275296,0.273598,0.286002,0.262606,1,0,0.0768776,0,0.000761276,-0.0475471,-0.00953674,0.172024,-0.153565,0,0,0,0.172424,-0.102736,0.0319983,-1.02109,-1.238,10.7488,10.8679,0,25.313
10.77,level,-0.224168,-0.348757,-0.0575058,0.051015,0,0,0.164831,0.100514,-0.0262006,94.1755,94.3155,142.732,9.10801,nan,0.274366,0.275944,0.285116,0.263508,0.272898,0.275944,0.272898,0.285116,0.263508,1,0,0.0768528,0,0.000579552,-0.0467122,-0.0081588,0.172317,-0.153122,0,0,0,0.169783,-0.114851,0.032096,-0.938742,-1.35906,10.7662,10.8922,0,25.3199
10.78,level,-0.222694,-0.349677,-0.0575947,0.0508857,0,0,0.165037,0.100267,-0.0274252,94.173,94.313,142.823,9.11865,nan,0.274357,0.276729,0.284032,0.264797,0.271872,0.276729,0.271872,0.284032,0.264797,1,0,0.0768218,0,-0.000603868,-0.0456488,-0.00631898,0.172577,-0.152712,0,0,0,0.166712,-0.0961826,0.0373279,-0.918888,-1.3635,10.7997,10.9241,0,25.3294
10.79,level,-0.221222,-0.350594,-0.0577059,0.0506886,0,0,0.165302,0.100077,-0.0272383,94.1706,94.3106,142.915,9.12931,nan,0.274349,0.275236,0.285626,0.26292,0.273614,0.275236,0.273614,0.285626,0.26292,1,0,0.0767845,0,0.000805125,-0.0460978,-0.00926661,0.172898,-0.152138,0,0,0,0.154791,-0.11336,0.0268028,-0.96103,-1.38391,10.7912,10.922,0,25.335
10.8,level,-0.219744,-0.35151,-0.0577746,0.0505411,0,0,0.165683,0.0998307,-0.0275421,94.1681,94.3081,143.006,9.13997,nan,0.274341,0.27729,0.283772,0.264348,0.271954,0.27729,0.271954,0.283772,0.264348,1,0,0.0767255,0,0.0029822,-0.0469178,-0.00619208,0.173099,-0.151674,0,0,0,0.15349,-0.094567,0.024616,-0.969213,-1.45151,10.7347,10.8756,0,25.3443
10.81,level,-0.218264,-0.352422,-0.057836,0.0503835,0,0,0.166122,0.0995058,-0.0281802,94.1656,94.3056,143.098,9.15062,nan,0.274333,0.276197,0.284765,0.263196,0.273177,0.276197,0.273177,0.284765,0.263196,1,0,0.0766726,0,0.00374715,-0.0465926,-0.008153,0.1733,-0.151225,0,0,0,0.164654,-0.108356,0.0400485,-0.925769,-1.39935,10.7312,10.8616,0,25.3532
10.82,level,-0.21678,-0.353333,-0.0578999,0.0502114,0,0,0.166487,0.0991722,-0.0269881,94.1632,94.3032,143.189,9.16127,nan,0.274326,0.27498,0.286138,0.262312,0.273875,0.27498,0.273875,0.286138,0.262312,1,0,0.0766104,0,0.00107456,-0.0472393,-0.00998636,0.173491,-0.150705,0,0,0,0.16249,-0.107974,0.0418547,-0.902674,-1.33969,10.7299,10.8509,0,25.3613
10.83,level,-0.215287,-0.354243,-0.0579845,0.0500382,0,0,0.166779,0.098829,-0.0259195,94.1607,94.3007,143.281,9.17194,nan,0.274319,0.276911,0.284458,0.263695,0.272212,0.276911,0.272212,0.284458,0.263695,1,0,0.0765793,0,0.00257475,-0.0482448,-0.00706027,0.173764,-0.150191,0,0,0,0.179327,-0.102619,0.0305509,-0.845376,-1.30317,10.7504,10.862,0,25.3695
10.84,level,-0.213791,-0.35515,-0.0580549,0.0498451,0,0,0.167293,0.0984695,-0.027078,94.1583,94.2983,143.373,9.18261,nan,0.274312,0.276192,0.284551,0.264111,0.272395,0.276192,0.272395,0.284551,0.264111,1,0,0.0765045,0,-0.000199164,-0.0459259,-0.00731502,0.173961,-0.149623,0,0,0,0.176868,-0.0916473,0.0307407,-0.759754,-1.29026,10.7518,10.8555,0,25.3769
10.85,level,-0.212293,-0.356053,-0.0581167,0.0496635,0,0,0.167776,0.0980664,-0.0274708,94.1558,94.2958,143.464,9.19327,nan,0.274306,0.275386,0.285845,0.262264,0.273729,0.275386,0.273729,0.285845,0.262264,1,0,0.0764265,0,0.00266864,-0.0478196,-0.00963651,0.174163,-0.149046,0,0,0,0.170254,-0.106722,0.0287834,-0.889325,-1.23459,10.8591,10.9651,0,25.3852
10.86,level,-0.210788,-0.356953,-0.0581921,0.0494848,0,0,0.168308,0.0978018,-0.0272455,94.1534,94.2934,143.556,9.20395,nan,0.2743,0.274875,0.286246,0.261961,0.274118,0.274875,0.274118,0.286246,0.261961,1,0,0.0763672,0,0.00208776,-0.0474484,-0.0103411,0.174363,-0.148526,0,0,0,0.164567,-0.092291,0.0355907,-0.811095,-1.31247,10.789,10.8988,0,25.3935
10.87,level,-0.209276,-0.357854,-0.0582669,0.0492772,0,0,0.168793,0.0975793,-0.0260204,94.1509,94.2909,143.648,9.21463,nan,0.274294,0.276273,0.284753,0.263997,0.272154,0.276273,0.272154,0.284753,0.263997,1,0,0.076286,0,-0.000859998,-0.0471318,-0.00731249,0.1746,-0.147907,0,0,0,0.173499,-0.0905378,0.0389076,-0.800964,-1.34518,10.7327,10.8463,0,25.4005
10.88,level,-0.207758,-0.358752,-0.0583387,0.0490978,0,0,0.16925,0.0972682,-0.0261272,94.1485,94.2885,143.741,9.22532,nan,0.274289,0.275719,0.285242,0.262987,0.273208,0.275719,0.273208,0.285242,0.262987,1,0,0.0762297,0,0.00185246,-0.0469274,-0.00867801,0.174853,-0.147339,0,0,0,0.180557,-0.106771,0.0241693,-0.940132,-1.27404,10.7484,10.8644,0,25.4093
10.89,level,-0.206234,-0.359648,-0.0584388,0.0488973,0,0,0.169767,0.0968411,-0.0264032,94.146,94.286,143.833,9.23603,nan,0.274284,0.275476,0.285543,0.262904,0.273213,0.275476,0.273213,0.285543,0.262904,1,0,0.076189,0,0.00064248,-0.0471839,-0.00895589,0.17514,-0.146758,0,0,0,0.182562,-0.0992874,0.0305346,-0.903433,-1.42072,10.7508,10.8818,0,25.4168
10.9,level,-0.204705,-0.360541,-0.0584979,0.0486971,0,0,0.170258,0.0963848,-0.0256264,94.1436,94.2836,143.925,9.24672,nan,0.274279,0.275537,0.28513,0.263479,0.27297,0.275537,0.27297,0.28513,0.263479,1,0,0.0761013,0,-0.000270089,-0.0458878,-0.00838818,0.175316,-0.146129,0,0,0,0.176608,-0.0899399,0.0292757,-0.927634,-1.37229,10.7613,10.888,0,25.4248
10.91,level,-0.203168,-0.361431,-0.0585353,0.0485122,0,0,0.17055,0.0958455,-0.0259901,94.1411,94.2811,144.018,9.25741,nan,0.274274,0.275181,0.285548,0.262965,0.273403,0.275181,0.273403,0.285548,0.262965,1,0,0.0760135,0,0.000189366,-0.0461578,-0.00914416,0.175405,-0.14562,0,0,0,0.167452,-0.106374,0.0207892,-0.880583,-1.42411,10.8105,10.9394,0,25.4341
10.92,level,-0.201629,-0.362316,-0.0585894,0.048341,0,0,0.170795,0.0954031,-0.0258378,94.1387,94.2787,144.11,9.26812,nan,0.27427,0.275462,0.285417,0.263245,0.272958,0.275462,0.272958,0.285417,0.263245,1,0,0.0759445,0,-0.000642175,-0.0467567,-0.00864476,0.175586,-0.145101,0,0,0,0.175564,-0.109409,0.0271954,-0.892123,-1.38139,10.8107,10.935,0,25.444
10.93,level,-0.200088,-0.363198,-0.0586403,0.0481579,0,0,0.170927,0.0951164,-0.0256291,94.1363,94.2763,144.203,9.27882,nan,0.274266,0.276683,0.284419,0.263894,0.272069,0.276683,0.272069,0.284419,0.263894,1,0,0.0758596,0,0.00116168,-0.0476342,-0.00699311,0.175736,-0.144545,0,0,0,0.174849,-0.101869,0.0307713,-0.901734,-1.44205,10.846,10.9786,0,25.4535
10.94,level,-0.198545,-0.364079,-0.0586773,0.0480041,0,0,0.170964,0.0948458,-0.0253275,94.1338,94.2738,144.296,9.28953,nan,0.274263,0.273975,0.286882,0.261667,0.274527,0.273975,0.274527,0.286882,0.261667,1,0,0.0757904,0,-0.000122571,-0.046732,-0.0113256,0.175827,-0.1441,0,0,0,0.167284,-0.0980721,0.0200553,-0.776953,-1.31986,10.7281,10.8369,0,25.4651
10.95,level,-0.196999,-0.364959,-0.0587266,0.0478058,0,0,0.170936,0.094488,-0.0245622,94.1314,94.2714,144.389,9.30025,nan,0.274259,0.275851,0.284809,0.263758,0.272619,0.275851,0.272619,0.284809,0.263758,1,0,0.0757086,0,-0.000255485,-0.0460105,-0.00783194,0.175986,-0.143486,0,0,0,0.172445,-0.0891432,0.0267558,-0.818102,-1.39183,10.6721,10.7935,0,25.4743
10.96,level,-0.195453,-0.365835,-0.0587752,0.0476123,0,0,0.170881,0.094011,-0.0246194,94.1289,94.2689,144.482,9.31099,nan,0.274256,0.276658,0.284358,0.263851,0.272158,0.276658,0.272158,0.284358,0.263851,1,0,0.0756203,0,0.0016101,-0.0473827,-0.00703577,0.176138,-0.142926,0,0,0,0.17919,-0.0945369,0.0229915,-0.759507,-1.32814,10.8085,10.9162,0,25.4841
10.97,level,-0.193908,-0.366707,-0.0588204,0.0474544,0,0,0.1708,0.0934424,-0.0248434,94.1265,94.2665,144.575,9.32173,nan,0.274254,0.275419,0.28563,0.262738,0.273229,0.275419,0.273229,0.28563,0.262738,1,0,0.0755604,0,0.00074321,-0.0475252,-0.00909917,0.176268,-0.142463,0,0,0,0.175155,-0.100353,0.012045,-0.738612,-1.2847,10.7447,10.8464,0,25.496
10.98,level,-0.192362,-0.367573,-0.0588723,0.0473403,0,0,0.170784,0.0928221,-0.0244199,94.124,94.264,144.669,9.33248,nan,0.274251,0.276976,0.284474,0.263908,0.271646,0.276976,0.271646,0.284474,0.263908,1,0,0.0755257,0,0.000638148,-0.049069,-0.00669692,0.176447,-0.142085,0,0,0,0.182801,-0.0947744,0.0313598,-0.829182,-1.33021,10.8741,10.9865,0,25.5104
10.99,level,-0.190815,-0.368435,-0.058944,0.0471238,0,0,0.17079,0.0923109,-0.0239181,94.1216,94.2616,144.762,9.34324,nan,0.274249,0.277798,0.283577,0.264302,0.271319,0.277798,0.271319,0.283577,0.264302,1,0,0.0754499,0,0.00328468,-0.0487964,-0.00562389,0.176634,-0.141453,0,0,0,0.165218,-0.101915,0.0326736,-0.776231,-1.26013,10.8887,10.9888,0,25.5191
11,level,-0.189268,-0.369293,-0.0590282,0.0469037,0,0,0.170828,0.091812,-0.0249913,94.1192,94.2592,144.855,9.35402,nan,0.274247,0.273857,0.28688,0.261903,0.274349,0.273857,0.274349,0.28688,0.261903,1,0,0.0753771,0,-0.00153154,-0.0463961,-0.0111944,0.176925,-0.140742,0,0,0,0.180666,-0.0875614,0.0302387,-0.836392,-1.22183,10.7925,10.8936,0,25.5275
11.01,level,-0.18772,-0.370146,-0.0591155,0.0467176,0,0,0.170871,0.0912448,-0.0244637,94.1167,94.2567,144.949,9.3648,nan,0.274246,0.275141,0.285644,0.26295,0.273248,0.275141,0.273248,0.285644,0.26295,1,0,0.0753265,0,-0.000544709,-0.0465877,-0.00914257,0.177173,-0.140198,0,0,0,0.175415,-0.0882218,0.0278697,-0.863298,-1.35667,10.7925,10.9116,0,25.5379
11.02,level,-0.186172,-0.370994,-0.0591793,0.0465008,0,0,0.170887,0.0907053,-0.0250858,94.1143,94.2543,145.043,9.37558,nan,0.274244,0.276046,0.284794,0.263858,0.272279,0.276046,0.272279,0.284794,0.263858,1,0,0.0752378,0,-0.000864749,-0.0468085,-0.00754651,0.17737,-0.139557,0,0,0,0.175619,-0.101048,0.0194326,-0.88313,-1.33062,10.7642,10.882,0,25.5471
11.03,level,-0.184625,-0.371836,-0.0592573,0.0463014,0,0,0.170914,0.090234,-0.025637,94.1119,94.2519,145.136,9.38637,nan,0.274243,0.274957,0.285736,0.263001,0.27328,0.274957,0.27328,0.285736,0.263001,1,0,0.0751807,0,-0.00132416,-0.0462567,-0.00925514,0.177596,-0.138975,0,0,0,0.176656,-0.0972752,0.0317619,-0.828975,-1.38581,10.7334,10.8542,0,25.5571
11.04,level,-0.183076,-0.372675,-0.0593441,0.0460638,0,0,0.17089,0.0897319,-0.0244178,94.1094,94.2494,145.23,9.39713,nan,0.274243,0.275969,0.284638,0.263715,0.272649,0.275969,0.272649,0.284638,0.263715,1,0,0.0751045,0,0.000705583,-0.0459346,-0.00773708,0.17786,-0.138253,0,0,0,0.175191,-0.0967832,0.0308315,-0.835427,-1.34104,10.7917,10.9067,0,25.5651
11.05,level,-0.181524,-0.373511,-0.0594261,0.0458815,0,0,0.170855,0.0890357,-0.0244392,94.107,94.247,145.324,9.40787,nan,0.274242,0.275907,0.28497,0.263032,0.273059,0.275907,0.273059,0.28497,0.263032,1,0,0.0750633,0,0.00255686,-0.0469633,-0.00839047,0.178106,-0.137733,0,0,0,0.18251,-0.0972717,0.0234178,-0.796469,-1.44003,10.8816,11.0054,0,25.5763
11.06,level,-0.179972,-0.374339,-0.059492,0.0457294,0,0,0.170881,0.0883003,-0.0246868,94.1045,94.2445,145.419,9.41865,nan,0.274242,0.27646,0.284421,0.263708,0.272379,0.27646,0.272379,0.284421,0.263708,1,0,0.0750188,0,0.00188407,-0.0469795,-0.00731063,0.178295,-0.137262,0,0,0,0.174274,-0.0925098,0.0153232,-0.788773,-1.36329,10.8296,10.9435,0,25.5895
11.07,level,-0.17842,-0.375161,-0.0595568,0.0455595,0,0,0.170866,0.0876658,-0.024268,94.1021,94.2421,145.513,9.4294,nan,0.274242,0.274449,0.286236,0.26223,0.274054,0.274449,0.274054,0.286236,0.26223,1,0,0.0749615,0,0.000100126,-0.0462346,-0.0103777,0.178475,-0.136765,0,0,0,0.168079,-0.0909034,0.026826,-0.746925,-1.3887,10.8175,10.9318,0,25.6016
11.08,level,-0.176863,-0.37598,-0.0596469,0.0453788,0,0,0.170827,0.0870461,-0.0230339,94.0997,94.2397,145.607,9.44014,nan,0.274243,0.275787,0.285074,0.262772,0.273337,0.275787,0.273337,0.285074,0.262772,1,0,0.0749265,0,0.00338868,-0.0469004,-0.00872537,0.178743,-0.13624,0,0,0,0.171193,-0.0835171,0.0261372,-0.679769,-1.43863,10.8449,10.961,0,25.6131
11.09,level,-0.175304,-0.376794,-0.0597369,0.0451971,0,0,0.170943,0.0863955,-0.0233663,94.0972,94.2372,145.702,9.45088,nan,0.274243,0.275216,0.285958,0.26185,0.273949,0.275216,0.273949,0.285958,0.26185,1,0,0.0749011,0,0.00359894,-0.0480784,-0.0100393,0.179029,-0.135715,0,0,0,0.182368,-0.0923033,0.0274592,-0.634455,-1.33254,10.7946,10.8951,0,25.6246
11.1,level,-0.173741,-0.377603,-0.0598012,0.0450816,0,0,0.171216,0.0858139,-0.0223013,94.0948,94.2348,145.796,9.46163,nan,0.274244,0.276704,0.284527,0.263788,0.271957,0.276704,0.271957,0.284527,0.263788,1,0,0.0748628,0,0.000916634,-0.0482918,-0.00702904,0.179223,-0.135315,0,0,0,0.173358,-0.0874998,0.0308809,-0.727197,-1.26957,10.7561,10.8551,0,25.6401
11.11,level,-0.172174,-0.378407,-0.0598633,0.0449318,0,0,0.171424,0.0852717,-0.0219743,94.0923,94.2323,145.891,9.47241,nan,0.274245,0.275953,0.284886,0.263598,0.272543,0.275953,0.272543,0.284886,0.263598,1,0,0.0748342,0,3.08952e-05,-0.0468001,-0.00785783,0.17942,-0.134898,0,0,0,0.185511,-0.092753,0.0295568,-0.66967,-1.27898,10.8323,10.928,0,25.6537
11.12,level,-0.170602,-0.379207,-0.0599457,0.0447761,0,0,0.171735,0.0848382,-0.0215894,94.0899,94.2299,145.986,9.48318,nan,0.274246,0.274661,0.286619,0.261658,0.274048,0.274661,0.274048,0.286619,0.261658,1,0,0.0747991,0,0.00114875,-0.0484573,-0.0107016,0.179673,-0.134407,0,0,0,0.187857,-0.0811593,0.0315735,-0.694302,-1.30957,10.8731,10.9736,0,25.6669
11.13,level,-0.169025,-0.380005,-0.0600261,0.0446183,0,0,0.172153,0.0844589,-0.021508,94.0875,94.2275,146.08,9.49397,nan,0.274248,0.276395,0.284771,0.264107,0.271718,0.276395,0.271718,0.284771,0.264107,1,0,0.07478,0,-0.00203256,-0.0480167,-0.00702668,0.179912,-0.133938,0,0,0,0.186863,-0.082063,0.0147272,-0.650539,-1.17962,10.8979,10.9809,0,25.6803
11.14,level,-0.167445,-0.380799,-0.0600929,0.0444476,0,0,0.172488,0.0840603,-0.0218179,94.085,94.225,146.175,9.50474,nan,0.27425,0.275017,0.285917,0.262591,0.273474,0.275017,0.273474,0.285917,0.262591,1,0,0.0747289,0,-4.68347e-05,-0.0471235,-0.00957436,0.180109,-0.13344,0,0,0,0.182039,-0.0974659,0.0125165,-0.664399,-1.18166,10.7927,10.8775,0,25.6932
11.15,level,-0.16586,-0.381591,-0.0601847,0.0442577,0,0,0.172882,0.0837005,-0.0211351,94.0826,94.2226,146.271,9.51551,nan,0.274252,0.275551,0.285174,0.262823,0.273459,0.275551,0.273459,0.285174,0.262823,1,0,0.074697,0,0.00268909,-0.0463144,-0.00890437,0.180392,-0.13284,0,0,0,0.185395,-0.0808755,0.0172705,-0.716733,-1.29901,10.8171,10.9184,0,25.705
11.16,level,-0.16427,-0.382379,-0.0602597,0.0441167,0,0,0.173381,0.0832931,-0.0228246,94.0802,94.2202,146.366,9.52629,nan,0.274254,0.276151,0.284834,0.263309,0.272723,0.276151,0.272723,0.284834,0.263309,1,0,0.0746587,0,0.00193897,-0.0472804,-0.00795424,0.180618,-0.132388,0,0,0,0.176807,-0.0820881,0.0280464,-0.78363,-1.27628,10.6874,10.7918,0,25.7199
11.17,level,-0.162679,-0.383161,-0.0603361,0.0439518,0,0,0.173884,0.0828925,-0.0227342,94.0777,94.2177,146.461,9.53707,nan,0.274257,0.275975,0.284736,0.263668,0.272647,0.275975,0.272647,0.284736,0.263668,1,0,0.0746267,0,0.000577078,-0.046227,-0.00779693,0.180864,-0.131904,0,0,0,0.190072,-0.0832643,0.0236607,-0.799594,-1.3646,10.7396,10.8555,0,25.7335
11.18,level,-0.161083,-0.38394,-0.0604484,0.0437163,0,0,0.174391,0.0824798,-0.0230257,94.0753,94.2153,146.557,9.54788,nan,0.274259,0.276168,0.284885,0.263838,0.272146,0.276168,0.272146,0.284885,0.263838,1,0,0.074582,0,-0.00108594,-0.0474991,-0.00748288,0.181185,-0.131214,0,0,0,0.182787,-0.0855184,0.0243804,-0.760378,-1.37114,10.8662,10.9787,0,25.7431
11.19,level,-0.159481,-0.384716,-0.0605135,0.0435424,0,0,0.174852,0.0821347,-0.0227347,94.0728,94.2128,146.652,9.55869,nan,0.274262,0.27499,0.285935,0.262372,0.273752,0.27499,0.273752,0.285935,0.262372,1,0,0.074534,0,0.0011526,-0.046994,-0.00981199,0.181378,-0.130699,0,0,0,0.180633,-0.0886568,0.0402272,-0.729477,-1.3238,10.8835,10.9879,0,25.7565
11.2,level,-0.157873,-0.38549,-0.0605794,0.0433146,0,0,0.17529,0.0817802,-0.022216,94.0704,94.2104,146.748,9.56951,nan,0.274266,0.275947,0.284704,0.263453,0.272958,0.275947,0.272958,0.284704,0.263453,1,0,0.0744508,0,0.00198545,-0.0459305,-0.00802642,0.181581,-0.130042,0,0,0,0.188374,-0.0930017,0.0267009,-0.678176,-1.32504,10.8407,10.9424,0,25.7671
11.21,level,-0.156259,-0.386261,-0.060657,0.0430753,0,0,0.175533,0.0813602,-0.0220267,94.0679,94.2079,146.843,9.58034,nan,0.274269,0.275969,0.285022,0.263419,0.272667,0.275969,0.272667,0.285022,0.263419,1,0,0.074361,0,0.000517449,-0.0471893,-0.00804352,0.181783,-0.129326,0,0,0,0.164512,-0.102659,0.0268873,-0.73854,-1.41153,10.8963,11.0121,0,25.7771
11.22,level,-0.154643,-0.387029,-0.0607223,0.0428982,0,0,0.175748,0.0808824,-0.0218884,94.0655,94.2055,146.939,9.59115,nan,0.274273,0.275706,0.285477,0.262976,0.272931,0.275706,0.272931,0.285477,0.262976,1,0,0.0743386,0,0.000490205,-0.0478945,-0.00867045,0.182016,-0.128781,0,0,0,0.192879,-0.0812973,0.0156879,-0.642948,-1.26964,10.8027,10.8961,0,25.7908
11.23,level,-0.153021,-0.387793,-0.060776,0.0427051,0,0,0.175845,0.0804225,-0.0211391,94.0631,94.2031,147.035,9.60198,nan,0.274277,0.276376,0.284387,0.263547,0.272796,0.276376,0.272796,0.284387,0.263547,1,0,0.0742616,0,0.00328448,-0.0462714,-0.00758614,0.182164,-0.128203,0,0,0,0.182424,-0.0850966,0.0277597,-0.66572,-1.33501,10.7116,10.815,0,25.8039
11.24,level,-0.1514,-0.388554,-0.0608244,0.0424956,0,0,0.175903,0.0800324,-0.0221222,94.0606,94.2006,147.131,9.61281,nan,0.274281,0.275857,0.285445,0.262854,0.272968,0.275857,0.272968,0.285445,0.262854,1,0,0.0741909,0,0.00139651,-0.0482781,-0.00865978,0.182311,-0.127581,0,0,0,0.184191,-0.0863191,0.0202321,-0.630001,-1.24749,10.7946,10.8847,0,25.8163
11.25,level,-0.149781,-0.389309,-0.0608762,0.0422912,0,0,0.176012,0.079699,-0.0229421,94.0582,94.1982,147.227,9.62366,nan,0.274285,0.276377,0.284749,0.263639,0.272376,0.276377,0.272376,0.284749,0.263639,1,0,0.0741105,0,0.000967681,-0.0475814,-0.00752011,0.182471,-0.126979,0,0,0,0.189307,-0.0811941,0.0183883,-0.585812,-1.23507,10.7863,10.8725,0,25.8292
11.26,level,-0.148159,-0.390063,-0.060914,0.0421079,0,0,0.176101,0.0793312,-0.0215163,94.0557,94.1957,147.324,9.6345,nan,0.27429,0.275853,0.285287,0.263063,0.272956,0.275853,0.272956,0.285287,0.263063,1,0,0.0740429,0,0.00121813,-0.0476001,-0.00849438,0.182573,-0.126477,0,0,0,0.184776,-0.0861275,0.0290163,-0.505988,-1.2769,10.8553,10.9419,0,25.8433
11.27,level,-0.146534,-0.390814,-0.0609647,0.041927,0,0,0.176048,0.0789413,-0.0222068,94.0533,94.1933,147.42,9.64534,nan,0.274295,0.275807,0.285247,0.262976,0.273148,0.275807,0.273148,0.285247,0.262976,1,0,0.073972,0,0.00194125,-0.0472388,-0.00862001,0.182722,-0.125875,0,0,0,0.179129,-0.0739334,0.0109702,-0.582483,-1.22277,10.8696,10.9536,0,25.8578
11.28,level,-0.14491,-0.391561,-0.0610568,0.0416379,0,0,0.176042,0.0784638,-0.0214794,94.0508,94.1908,147.517,9.65621,nan,0.2743,0.275051,0.285867,0.26294,0.27334,0.275051,0.27334,0.285867,0.26294,1,0,0.0738752,0,-0.00110305,-0.0466835,-0.00932519,0.182997,-0.124997,0,0,0,0.173928,-0.0769969,0.0264549,-0.590096,-1.16683,10.8263,10.905,0,25.8663
11.29,level,-0.143286,-0.392304,-0.0611513,0.0413613,0,0,0.175997,0.0778566,-0.0224066,94.0484,94.1884,147.613,9.66708,nan,0.274305,0.275571,0.28568,0.26266,0.273308,0.275571,0.273308,0.28568,0.26266,1,0,0.0738171,0,0.00142927,-0.0479073,-0.00912316,0.183308,-0.124156,0,0,0,0.187054,-0.0832251,0.0302164,-0.633982,-1.18726,10.7996,10.8832,0,25.8756
11.3,level,-0.14166,-0.393041,-0.0612062,0.0411528,0,0,0.176016,0.0772198,-0.0206855,94.0459,94.1859,147.71,9.67798,nan,0.274311,0.274947,0.2855,0.263474,0.273321,0.274947,0.273321,0.2855,0.263474,1,0,0.0737395,0,-0.00187057,-0.0448161,-0.00896623,0.183494,-0.123488,0,0,0,0.188488,-0.0820417,0.042339,-0.723277,-1.19124,10.8088,10.8982,0,25.8888
11.31,level,-0.140031,-0.393772,-0.0612759,0.0409359,0,0,0.17601,0.0763805,-0.0209671,94.0435,94.1835,147.807,9.68889,nan,0.274317,0.275816,0.285427,0.262648,0.273374,0.275816,0.273374,0.285427,0.262648,1,0,0.0736813,0,0.00295647,-0.0477887,-0.00893844,0.183686,-0.122859,0,0,0,0.182197,-0.0859995,0.0325115,-0.704164,-1.23525,10.8556,10.9483,0,25.9017
11.32,level,-0.138399,-0.394496,-0.0613603,0.0407536,0,0,0.176111,0.0755769,-0.0201291,94.041,94.181,147.904,9.6998,nan,0.274323,0.275911,0.285151,0.263747,0.272479,0.275911,0.272479,0.285151,0.263747,1,0,0.0736359,0,-0.00134551,-0.0470611,-0.00789948,0.183943,-0.122305,0,0,0,0.183438,-0.0821738,0.0201706,-0.737092,-1.29625,10.8405,10.9426,0,25.9165
11.33,level,-0.136765,-0.395213,-0.0614421,0.0405603,0,0,0.176319,0.0748219,-0.0204702,94.0386,94.1786,148.001,9.71073,nan,0.274329,0.276754,0.284376,0.26414,0.272044,0.276754,0.272044,0.284376,0.26414,1,0,0.0736035,0,0.000748736,-0.0472686,-0.00682393,0.184184,-0.121723,0,0,0,0.179976,-0.0804759,0.029088,-0.707172,-1.24175,10.8993,10.9926,0,25.9308
11.34,level,-0.135128,-0.395923,-0.061495,0.0404028,0,0,0.17654,0.0740926,-0.0211914,94.0361,94.1761,148.098,9.72168,nan,0.274335,0.274299,0.286559,0.26236,0.274122,0.274299,0.274122,0.286559,0.26236,1,0,0.0735549,0,-0.00132166,-0.0461877,-0.0105581,0.184334,-0.121274,0,0,0,0.181288,-0.0780794,0.0178801,-0.66864,-1.32234,10.7691,10.8706,0,25.947
11.35,level,-0.133489,-0.396626,-0.0615419,0.0402562,0,0,0.176715,0.0733152,-0.0208401,94.0336,94.1736,148.195,9.73265,nan,0.274342,0.276968,0.284015,0.264546,0.271836,0.276968,0.271836,0.284015,0.264546,1,0,0.073529,0,0.00064584,-0.0466125,-0.00630146,0.184503,-0.120846,0,0,0,0.201115,-0.0832397,0.023958,-0.671981,-1.37509,10.839,10.9465,0,25.9638
11.36,level,-0.131849,-0.397321,-0.0616262,0.0400596,0,0,0.176892,0.0725782,-0.0217158,94.0312,94.1712,148.293,9.74361,nan,0.274349,0.27758,0.283745,0.264603,0.271466,0.27758,0.271466,0.283745,0.264603,1,0,0.0734803,0,0.00185154,-0.0478551,-0.00572591,0.184724,-0.120244,0,0,0,0.17799,-0.0799747,0.0121942,-0.66936,-1.30984,10.879,10.978,0,25.9777
11.37,level,-0.130209,-0.398009,-0.0617172,0.0398485,0,0,0.177078,0.0720031,-0.0211555,94.0287,94.1687,148.39,9.75459,nan,0.274356,0.27616,0.285062,0.263177,0.273021,0.27616,0.273021,0.285062,0.263177,1,0,0.0734414,0,0.00249682,-0.0474162,-0.00823915,0.184999,-0.119604,0,0,0,0.178853,-0.0735104,0.0207146,-0.666073,-1.3379,10.7523,10.8557,0,25.9908
11.38,level,-0.128565,-0.398693,-0.0618054,0.0396826,0,0,0.177348,0.0714768,-0.0211516,94.0263,94.1663,148.488,9.76555,nan,0.274363,0.276585,0.284325,0.264121,0.272418,0.276585,0.272418,0.284325,0.264121,1,0,0.0734316,0,0.00147709,-0.0461786,-0.00704882,0.185254,-0.11914,0,0,0,0.177149,-0.0804937,0.0191601,-0.606379,-1.3438,10.797,10.8972,0,26.0066
11.39,level,-0.126914,-0.399374,-0.0618382,0.0394953,0,0,0.177639,0.0710291,-0.0197953,94.0238,94.1638,148.585,9.77651,nan,0.27437,0.27634,0.284819,0.263573,0.272748,0.27634,0.272748,0.284819,0.263573,1,0,0.0733569,0,0.0018464,-0.0470627,-0.00775973,0.18534,-0.118588,0,0,0,0.171617,-0.0673095,0.0260751,-0.516159,-1.25348,10.7391,10.8243,0,26.0211
11.4,level,-0.125257,-0.400051,-0.0619445,0.0392587,0,0,0.177903,0.0705655,-0.0197368,94.0213,94.1613,148.683,9.78744,nan,0.274378,0.276499,0.284287,0.264064,0.272659,0.276499,0.272659,0.284287,0.264064,1,0,0.0733179,0,0.0021418,-0.0455965,-0.00720072,0.185665,-0.117872,0,0,0,0.175242,-0.0655499,0.0295666,-0.520636,-1.24437,10.8179,10.9017,0,26.0332
11.41,level,-0.123596,-0.400725,-0.0619996,0.0390686,0,0,0.178184,0.0701067,-0.019313,94.0189,94.1589,148.781,9.79836,nan,0.274385,0.277186,0.28402,0.264378,0.271956,0.277186,0.271956,0.28402,0.264378,1,0,0.0732658,0,0.00197331,-0.0471245,-0.00633441,0.185846,-0.117336,0,0,0,0.1864,-0.0799437,0.0233435,-0.500057,-1.27597,10.83,10.9164,0,26.048
11.42,level,-0.121931,-0.401395,-0.0620587,0.0388681,0,0,0.178471,0.0696162,-0.0191131,94.0164,94.1564,148.879,9.80932,nan,0.274393,0.276317,0.285069,0.263951,0.272234,0.276317,0.272234,0.285069,0.263951,1,0,0.0732007,0,-0.00124639,-0.0477497,-0.00748745,0.186022,-0.11669,0,0,0,0.182515,-0.0635162,0.0241071,-0.525274,-1.20812,10.7974,10.8775,0,26.0624
11.43,level,-0.120262,-0.40206,-0.0621141,0.038709,0,0,0.178721,0.0691531,-0.0189171,94.0139,94.1539,148.977,9.82029,nan,0.274401,0.275219,0.286126,0.262869,0.27339,0.275219,0.27339,0.286126,0.262869,1,0,0.0731811,0,-0.0010233,-0.0475319,-0.00941813,0.186183,-0.116271,0,0,0,0.181624,-0.0834668,0.0162917,-0.475381,-1.2258,10.8774,10.9566,0,26.0792
11.44,level,-0.118587,-0.402723,-0.0621888,0.0384837,0,0,0.178947,0.0686048,-0.0185753,94.0115,94.1515,149.076,9.83131,nan,0.27441,0.277018,0.284367,0.264064,0.272187,0.277018,0.272187,0.284367,0.264064,1,0,0.0731192,0,0.00205451,-0.0476244,-0.00680017,0.186416,-0.11553,0,0,0,0.182784,-0.0654322,0.0232069,-0.534706,-1.18715,10.8751,10.9527,0,26.0924
11.45,level,-0.11691,-0.403379,-0.0622491,0.0383954,0,0,0.179369,0.0680547,-0.0190594,94.009,94.149,149.174,9.84233,nan,0.274418,0.276482,0.284936,0.263316,0.272936,0.276482,0.272936,0.284936,0.263316,1,0,0.0731225,0,0.00309525,-0.0476838,-0.00794363,0.186614,-0.115241,0,0,0,0.186679,-0.0738934,0.0203573,-0.578607,-1.1157,10.8592,10.9317,0,26.1135
11.46,level,-0.115229,-0.404031,-0.062332,0.0381804,0,0,0.179953,0.0675926,-0.0192599,94.0065,94.1465,149.272,9.85337,nan,0.274427,0.276667,0.285038,0.263369,0.27263,0.276667,0.27263,0.285038,0.263369,1,0,0.0730833,0,0.00236373,-0.0487069,-0.00774971,0.186852,-0.114655,0,0,0,0.188826,-0.0742928,0.0188916,-0.488385,-1.16074,10.8552,10.928,0,26.1275
11.47,level,-0.113542,-0.404678,-0.0624084,0.0379607,0,0,0.180599,0.067204,-0.0196212,94.004,94.144,149.371,9.86442,nan,0.274435,0.274812,0.28687,0.261764,0.274294,0.274812,0.274294,0.28687,0.261764,1,0,0.0730311,0,0.00125213,-0.0485517,-0.0108073,0.187116,-0.113892,0,0,0,0.193413,-0.0625748,0.023128,-0.660434,-1.1907,10.8157,10.9011,0,26.1414
11.48,level,-0.111846,-0.405323,-0.0624532,0.0377581,0,0,0.181209,0.0668437,-0.0185244,94.0016,94.1416,149.47,9.87549,nan,0.274444,0.275382,0.285479,0.263007,0.273908,0.275382,0.273908,0.285479,0.263007,1,0,0.0729592,0,0.00213272,-0.0453717,-0.00922902,0.187219,-0.113337,0,0,0,0.186382,-0.0595949,0.0219785,-0.561313,-1.28022,10.7897,10.8798,0,26.1564
11.49,level,-0.110143,-0.405964,-0.0624938,0.0375723,0,0,0.181714,0.0663519,-0.019371,93.9991,94.1391,149.569,9.88655,nan,0.274453,0.277567,0.283955,0.265158,0.271132,0.277567,0.271132,0.283955,0.265158,1,0,0.0729102,0,-0.00109895,-0.0478083,-0.00543365,0.18736,-0.112797,0,0,0,0.196279,-0.077447,0.0307752,-0.565521,-1.24044,10.7226,10.8089,0,26.1725
11.5,level,-0.108438,-0.4066,-0.0625241,0.0374145,0,0,0.182071,0.065847,-0.0189985,93.9966,94.1366,149.667,9.89762,nan,0.274463,0.275503,0.285732,0.262996,0.273618,0.275503,0.273618,0.285732,0.262996,1,0,0.0728382,0,0.00104283,-0.0466501,-0.00916478,0.187443,-0.112305,0,0,0,0.188792,-0.0715322,0.0293375,-0.58417,-1.2356,10.7361,10.8228,0,26.1901
11.51,level,-0.106727,-0.407232,-0.0625752,0.037209,0,0,0.182264,0.0652625,-0.0189422,93.9941,94.1341,149.766,9.90872,nan,0.274472,0.274472,0.287172,0.261455,0.274788,0.274472,0.274788,0.287172,0.261455,1,0,0.0727759,0,0.00167854,-0.048131,-0.0114425,0.187598,-0.111669,0,0,0,0.187237,-0.0646428,0.0236432,-0.612773,-1.25566,10.9344,11.0233,0,26.2053
11.52,level,-0.105012,-0.407859,-0.0626313,0.0370477,0,0,0.182448,0.0647615,-0.0179874,93.9916,94.1316,149.866,9.91985,nan,0.274482,0.27571,0.285426,0.2627,0.27409,0.27571,0.27409,0.285426,0.2627,1,0,0.0727563,0,0.00444027,-0.0461319,-0.00927676,0.187769,-0.111199,0,0,0,0.192293,-0.0632183,0.0218783,-0.590737,-1.30823,10.9192,11.0131,0,26.2231
11.53,level,-0.103293,-0.408482,-0.0626851,0.0368018,0,0,0.182751,0.0642493,-0.0183406,93.9891,94.1291,149.965,9.93097,nan,0.274492,0.275887,0.285065,0.263501,0.273512,0.275887,0.273512,0.285065,0.263501,1,0,0.0726809,0,0.00221085,-0.0453594,-0.00843421,0.18794,-0.110489,0,0,0,0.20019,-0.0746856,0.0180731,-0.560319,-1.29872,10.841,10.9329,0,26.2363
11.54,level,-0.101569,-0.4091,-0.0626912,0.0366489,0,0,0.183057,0.0635454,-0.0183867,93.9867,94.1267,150.064,9.94211,nan,0.274502,0.276517,0.285051,0.263993,0.272444,0.276517,0.272444,0.285051,0.263993,1,0,0.0725988,0,-0.000215882,-0.0476184,-0.00746546,0.187948,-0.109999,0,0,0,0.18892,-0.0670906,0.0201492,-0.57069,-1.19705,10.8568,10.9375,0,26.2546
11.55,level,-0.0998451,-0.40971,-0.0627064,0.0365323,0,0,0.183202,0.0628671,-0.0185835,93.9842,94.1242,150.164,9.95326,nan,0.274512,0.276554,0.284744,0.264226,0.272522,0.276554,0.272522,0.284744,0.264226,1,0,0.0725626,0,0.000279768,-0.0465159,-0.00724586,0.187983,-0.109668,0,0,0,0.18426,-0.0693648,0.0270752,-0.533467,-1.18624,10.816,10.8939,0,26.275
11.56,level,-0.0981199,-0.410314,-0.0627519,0.0363101,0,0,0.183258,0.0622521,-0.0185392,93.9817,94.1217,150.263,9.96442,nan,0.274522,0.277363,0.283992,0.264825,0.271908,0.277363,0.271908,0.283992,0.264825,1,0,0.0724771,0,0.00120193,-0.0466549,-0.00602713,0.188119,-0.10902,0,0,0,0.186766,-0.0670975,0.0131613,-0.50324,-1.24219,10.8065,10.8893,0,26.2896
11.57,level,-0.0963925,-0.410913,-0.0627995,0.0361073,0,0,0.183474,0.0616627,-0.0176452,93.9792,94.1192,150.363,9.97558,nan,0.274533,0.276583,0.285005,0.263903,0.272638,0.276583,0.272638,0.285005,0.263903,1,0,0.0724179,0,0.000828905,-0.0474584,-0.00754074,0.188257,-0.108413,0,0,0,0.181784,-0.0707436,0.0317729,-0.50573,-1.23998,10.8093,10.892,0,26.3052
11.58,level,-0.0946606,-0.411507,-0.0628337,0.035934,0,0,0.183707,0.0611254,-0.0187908,93.9767,94.1167,150.463,9.98677,nan,0.274544,0.27727,0.284554,0.264148,0.2722,0.27727,0.2722,0.284554,0.264148,1,0,0.0723718,0,0.00203743,-0.0482735,-0.00674102,0.188367,-0.107918,0,0,0,0.189682,-0.067723,0.0180091,-0.441506,-1.16377,10.8253,10.8967,0,26.3227
11.59,level,-0.0929288,-0.412096,-0.062846,0.0357563,0,0,0.184004,0.0605577,-0.019159,93.9742,94.1142,150.563,9.99795,nan,0.274554,0.276098,0.285614,0.263597,0.272907,0.276098,0.272907,0.285614,0.263597,1,0,0.0722861,0,-0.000548975,-0.0477637,-0.00827455,0.188411,-0.107356,0,0,0,0.193125,-0.0566803,0.010897,-0.45605,-1.12895,10.8278,10.8961,0,26.3399
11.6,level,-0.0911949,-0.412678,-0.0628982,0.035488,0,0,0.184188,0.059967,-0.0190349,93.9717,94.1117,150.663,10.0091,nan,0.274566,0.276593,0.285088,0.263931,0.272648,0.276593,0.272648,0.285088,0.263931,1,0,0.0721903,0,0.000589091,-0.047562,-0.00756477,0.188565,-0.106523,0,0,0,0.187607,-0.0528948,0.0178179,-0.487027,-1.12319,10.8857,10.9544,0,26.3522
11.61,level,-0.0894602,-0.413256,-0.06294,0.0352762,0,0,0.184244,0.0594335,-0.019218,93.9692,94.1092,150.763,10.0203,nan,0.274577,0.275013,0.286757,0.262272,0.274263,0.275013,0.274263,0.286757,0.262272,1,0,0.0721308,0,0.000651934,-0.0478141,-0.010432,0.188685,-0.105962,0,0,0,0.188204,-0.056177,0.0205334,-0.380176,-1.08007,10.8728,10.933,0,26.3677
11.62,level,-0.087721,-0.413829,-0.0629954,0.0350735,0,0,0.184326,0.0589256,-0.017828,93.9667,94.1067,150.863,10.0315,nan,0.274588,0.276945,0.284885,0.264058,0.272461,0.276945,0.272461,0.284885,0.264058,1,0,0.0720845,0,0.00122799,-0.0479598,-0.00718346,0.188851,-0.105306,0,0,0,0.183779,-0.0656967,0.0208117,-0.479529,-1.18081,10.864,10.9385,0,26.384
11.63,level,-0.0859788,-0.414398,-0.0630053,0.0348797,0,0,0.184471,0.0584249,-0.0181108,93.9642,94.1042,150.964,10.0427,nan,0.2746,0.275567,0.286053,0.263756,0.27302,0.275567,0.27302,0.286053,0.263756,1,0,0.0720051,0,-0.00323843,-0.0470732,-0.00868079,0.1889,-0.104735,0,0,0,0.197843,-0.0651823,0.0168443,-0.463536,-1.19837,10.9213,10.9966,0,26.4006
11.64,level,-0.0842339,-0.414963,-0.0630658,0.0346839,0,0,0.184408,0.0579234,-0.017492,93.9617,94.1017,151.064,10.0538,nan,0.274611,0.274926,0.286894,0.262215,0.274408,0.274926,0.274408,0.286894,0.262215,1,0,0.0719587,0,0.00060009,-0.047743,-0.0106195,0.189067,-0.104133,0,0,0,0.186409,-0.0601144,0.0310046,-0.448259,-1.07818,10.8826,10.945,0,26.4175
11.65,level,-0.0824862,-0.415524,-0.0631083,0.0344195,0,0,0.184335,0.0575566,-0.0167759,93.9591,94.0991,151.165,10.065,nan,0.274623,0.275697,0.286379,0.263173,0.273241,0.275697,0.273241,0.286379,0.263173,1,0,0.0718791,0,-0.00162682,-0.0486226,-0.00912046,0.189192,-0.10333,0,0,0,0.183909,-0.0543248,0.0128506,-0.469003,-1.18564,10.8769,10.9514,0,26.4306
11.66,level,-0.0807349,-0.416083,-0.0631698,0.0341876,0,0,0.184279,0.0572426,-0.0158373,93.9566,94.0966,151.265,10.0762,nan,0.274635,0.275621,0.286013,0.263107,0.273795,0.275621,0.273795,0.286013,0.263107,1,0,0.0718094,0,0.000785945,-0.0468624,-0.0092652,0.189399,-0.102608,0,0,0,0.192826,-0.0583956,0.0304741,-0.498843,-1.10939,10.8216,10.8898,0,26.446
11.67,level,-0.078982,-0.41664,-0.0631827,0.0340018,0,0,0.184231,0.0569244,-0.015994,93.9541,94.0941,151.366,10.0874,nan,0.274647,0.276123,0.285325,0.263869,0.273268,0.276123,0.273268,0.285325,0.263869,1,0,0.0717496,0,0.000522925,-0.0460651,-0.00817533,0.189479,-0.101981,0,0,0,0.195711,-0.0645623,0.029197,-0.596372,-1.03177,10.8984,10.9633,0,26.4638
11.68,level,-0.0772295,-0.417193,-0.063212,0.0337616,0,0,0.184119,0.0565282,-0.0159824,93.9516,94.0916,151.467,10.0987,nan,0.274659,0.278003,0.284018,0.265175,0.271438,0.278003,0.271438,0.284018,0.265175,1,0,0.0716498,0,0.00065925,-0.0481441,-0.00539651,0.189543,-0.101289,0,0,0,0.193495,-0.0579573,0.0152325,-0.621386,-1.22908,10.8394,10.9265,0,26.479
11.69,level,-0.0754791,-0.417742,-0.0632528,0.0334358,0,0,0.183959,0.0561421,-0.0157139,93.9491,94.0891,151.568,10.1099,nan,0.274672,0.276479,0.285698,0.263572,0.272936,0.276479,0.272936,0.285698,0.263572,1,0,0.0715233,0,0.000383888,-0.0486382,-0.00816829,0.189655,-0.10033,0,0,0,0.189836,-0.0605198,0.0229809,-0.562104,-1.18234,10.8882,10.9666,0,26.4895
11.7,level,-0.0737306,-0.418288,-0.0633101,0.0331865,0,0,0.183734,0.0556689,-0.016504,93.9465,94.0865,151.669,10.1212,nan,0.274684,0.275477,0.28604,0.263405,0.273814,0.275477,0.273814,0.28604,0.263405,1,0,0.0714666,0,-0.000410673,-0.0460398,-0.00921766,0.189819,-0.0995977,0,0,0,0.189942,-0.0534983,0.0214494,-0.510714,-1.19011,10.8451,10.9222,0,26.5048
11.71,level,-0.0719827,-0.418829,-0.0633399,0.0328984,0,0,0.183396,0.0550453,-0.0153495,93.944,94.084,151.771,10.1324,nan,0.274697,0.277371,0.284385,0.265121,0.271909,0.277371,0.271909,0.284385,0.265121,1,0,0.071363,0,-0.000599155,-0.0468526,-0.00606639,0.189895,-0.0988183,0,0,0,0.188369,-0.0580839,0.0194873,-0.372723,-1.23953,10.873,10.9498,0,26.5177
11.72,level,-0.0702383,-0.419364,-0.0634009,0.0326293,0,0,0.183055,0.0544006,-0.0161596,93.9415,94.0815,151.872,10.1437,nan,0.27471,0.276943,0.284736,0.264688,0.272472,0.276943,0.272472,0.284736,0.264688,1,0,0.0713062,0,-2.23513e-05,-0.0464569,-0.00684633,0.190091,-0.0979921,0,0,0,0.195153,-0.0665689,0.0131076,-0.435155,-1.25919,11.0205,11.1007,0,26.532
11.73,level,-0.0684994,-0.419892,-0.0634491,0.0325092,0,0,0.182719,0.0538422,-0.0166027,93.9389,94.0789,151.973,10.1549,nan,0.274724,0.276665,0.285218,0.263816,0.273194,0.276665,0.273194,0.285218,0.263816,1,0,0.0712828,0,0.00218712,-0.0471295,-0.00788142,0.190224,-0.097603,0,0,0,0.184338,-0.0609194,0.0210442,-0.463185,-1.22797,10.9191,10.9976,0,26.5547
11.74,level,-0.0667617,-0.420416,-0.0635144,0.0322758,0,0,0.182594,0.053315,-0.0159751,93.9364,94.0764,152.075,10.1662,nan,0.274737,0.278799,0.283029,0.265834,0.271284,0.278799,0.271284,0.283029,0.265834,1,0,0.0712359,0,0.00323536,-0.0468205,-0.00425419,0.190417,-0.0969423,0,0,0,0.184916,-0.0609213,0.0253766,-0.389843,-1.29147,10.8557,10.9392,0,26.5712
11.75,level,-0.0650256,-0.420934,-0.0635878,0.0320383,0,0,0.18264,0.0527213,-0.0166554,93.9339,94.0739,152.177,10.1775,nan,0.274751,0.2768,0.285476,0.263765,0.27296,0.2768,0.27296,0.285476,0.263765,1,0,0.0711924,0,0.00137275,-0.0484137,-0.00785476,0.190643,-0.096225,0,0,0,0.18919,-0.0487439,0.0105903,-0.361989,-1.24213,10.8614,10.9382,0,26.5877
11.76,level,-0.0632871,-0.421447,-0.0636912,0.0317688,0,0,0.182767,0.0521123,-0.0169153,93.9313,94.0713,152.279,10.1888,nan,0.274765,0.276356,0.285433,0.263534,0.273733,0.276356,0.273733,0.285433,0.263534,1,0,0.0711589,0,0.0029746,-0.0464654,-0.00847186,0.190948,-0.0953911,0,0,0,0.182589,-0.0579756,0.0177827,-0.421076,-1.1932,10.7982,10.872,0,26.6027
11.77,level,-0.061546,-0.421954,-0.0637767,0.0315379,0,0,0.183009,0.0514166,-0.0158416,93.9288,94.0688,152.38,10.2001,nan,0.274779,0.276425,0.285443,0.263564,0.273681,0.276425,0.273681,0.285443,0.263564,1,0,0.0711422,0,0.00291664,-0.0466561,-0.00841031,0.191204,-0.0947229,0,0,0,0.182627,-0.0651784,0.0216895,-0.384551,-1.10259,10.8035,10.8664,0,26.6197
11.78,level,-0.0597979,-0.422454,-0.0638508,0.0313182,0,0,0.183357,0.0506945,-0.0152965,93.9262,94.0662,152.482,10.2114,nan,0.274793,0.277626,0.284849,0.264411,0.272284,0.277626,0.272284,0.284849,0.264411,1,0,0.0711086,0,0.00172421,-0.0488487,-0.00663478,0.19144,-0.0940773,0,0,0,0.193093,-0.0578611,0.0169845,-0.352249,-1.12359,10.8966,10.96,0,26.6374
11.79,level,-0.0580446,-0.422948,-0.0639128,0.0311536,0,0,0.183743,0.0500384,-0.0147869,93.9237,94.0637,152.585,10.2227,nan,0.274807,0.277138,0.285253,0.264366,0.27247,0.277138,0.27247,0.285253,0.264366,1,0,0.0710851,0,-2.92743e-05,-0.0484225,-0.00712892,0.191616,-0.093587,0,0,0,0.185686,-0.0572517,0.0141315,-0.341426,-1.04785,10.8238,10.8797,0,26.658
11.8,level,-0.0562852,-0.423436,-0.0639574,0.0309915,0,0,0.184073,0.0494572,-0.0141367,93.9211,94.0611,152.687,10.2341,nan,0.274822,0.277679,0.284558,0.264531,0.272517,0.277679,0.272517,0.284558,0.264531,1,0,0.0710583,0,0.00293275,-0.0477279,-0.00653367,0.191761,-0.0930771,0,0,0,0.192794,-0.0453811,0.0171351,-0.350613,-1.0622,10.9661,11.023,0,26.6787
11.81,level,-0.0545216,-0.423919,-0.0640062,0.0308628,0,0,0.184472,0.0489096,-0.0147101,93.9186,94.0586,152.789,10.2454,nan,0.274837,0.276144,0.285938,0.264074,0.273188,0.276144,0.273188,0.285938,0.264074,1,0,0.0710482,0,-0.00180561,-0.0470274,-0.00831044,0.191913,-0.0927189,0,0,0,0.196238,-0.0543843,0.0193604,-0.330233,-1.09862,10.9423,11.0022,0,26.7013
11.82,level,-0.0527534,-0.424398,-0.06408,0.0306825,0,0,0.184791,0.0484793,-0.0150013,93.916,94.056,152.892,10.2568,nan,0.274852,0.276762,0.285406,0.264118,0.273118,0.276762,0.273118,0.285406,0.264118,1,0,0.0710315,0,0.000944773,-0.0472416,-0.00775535,0.192116,-0.0921202,0,0,0,0.181028,-0.0508446,0.0128506,-0.392508,-1.06823,10.8655,10.9249,0,26.7216
11.83,level,-0.0509835,-0.424872,-0.0641457,0.0303899,0,0,0.185183,0.0480459,-0.0150418,93.9135,94.0535,152.994,10.2681,nan,0.274867,0.278023,0.28397,0.26595,0.271521,0.278023,0.271521,0.28397,0.26595,1,0,0.070971,0,-0.000997867,-0.0464622,-0.00506272,0.192316,-0.0913123,0,0,0,0.184345,-0.054831,0.0126815,-0.309088,-1.07983,10.8768,10.9346,0,26.7357
11.84,level,-0.0492114,-0.425342,-0.0642153,0.0301237,0,0,0.185564,0.0474948,-0.0158131,93.9109,94.0509,153.097,10.2794,nan,0.274882,0.276645,0.285219,0.26379,0.273872,0.276645,0.273872,0.285219,0.26379,1,0,0.0709139,0,0.00400017,-0.0458585,-0.00819963,0.192537,-0.0904455,0,0,0,0.190844,-0.0436639,0.0169345,-0.370259,-1.07303,10.8877,10.9467,0,26.7514
11.85,level,-0.0474336,-0.425805,-0.0642691,0.0297795,0,0,0.186131,0.0468559,-0.0157058,93.9083,94.0483,153.2,10.2908,nan,0.274897,0.276716,0.285497,0.264154,0.273219,0.276716,0.273219,0.285497,0.264154,1,0,0.070823,0,0.000753134,-0.0470656,-0.00784407,0.192713,-0.0894171,0,0,0,0.200269,-0.0403961,0.0133541,-0.359726,-1.12096,10.9168,10.9801,0,26.7626
11.86,level,-0.0456488,-0.426263,-0.0643175,0.0295357,0,0,0.186739,0.0462291,-0.0152147,93.9058,94.0458,153.303,10.3022,nan,0.274913,0.276564,0.285584,0.264582,0.272919,0.276564,0.272919,0.285584,0.264582,1,0,0.070759,0,-0.00181078,-0.0467022,-0.00762891,0.192847,-0.0886264,0,0,0,0.184054,-0.0436955,0.0150596,-0.455432,-1.13775,10.8312,10.9003,0,26.7794
11.87,level,-0.0438578,-0.426715,-0.0643687,0.0292002,0,0,0.187316,0.0455612,-0.0156366,93.9032,94.0432,153.406,10.3136,nan,0.274929,0.276252,0.285948,0.264319,0.273193,0.276252,0.273193,0.285948,0.264319,1,0,0.0706814,0,-0.00217796,-0.0467774,-0.00816187,0.193004,-0.0877058,0,0,0,0.193616,-0.0588049,0.0134001,-0.359418,-1.18628,10.938,11.008,0,26.7913
11.88,level,-0.0420583,-0.427161,-0.0644059,0.0290003,0,0,0.187845,0.0449149,-0.0148565,93.9006,94.0406,153.509,10.325,nan,0.274945,0.276581,0.285073,0.264932,0.27319,0.276581,0.27319,0.285073,0.264932,1,0,0.0706173,0,-0.000621023,-0.0445874,-0.00736215,0.193116,-0.0869963,0,0,0,0.179787,-0.0438742,0.0270211,-0.491914,-1.14689,10.8349,10.9065,0,26.8105
11.89,level,-0.040254,-0.4276,-0.0644326,0.0286653,0,0,0.188225,0.0441447,-0.0148389,93.898,94.038,153.613,10.3364,nan,0.274961,0.277747,0.28461,0.265319,0.272165,0.277747,0.272165,0.28461,0.265319,1,0,0.0705193,0,-4.33406e-05,-0.0471287,-0.00602545,0.193195,-0.0860555,0,0,0,0.188773,-0.0501373,0.0213674,-0.392168,-1.1205,10.919,10.9834,0,26.8222
11.9,level,-0.0384467,-0.428031,-0.0644729,0.0284075,0,0,0.188515,0.0433122,-0.0152835,93.8954,94.0354,153.716,10.3479,nan,0.274977,0.276371,0.28594,0.263988,0.273606,0.276371,0.273606,0.28594,0.263988,1,0,0.0704381,0,0.000128598,-0.0468317,-0.00843325,0.193332,-0.0852726,0,0,0,0.195914,-0.056983,0.0287695,-0.433853,-1.18715,10.8886,10.9617,0,26.8383
11.91,level,-0.0366344,-0.428454,-0.0644938,0.0282083,0,0,0.188727,0.0424716,-0.0143501,93.8929,94.0329,153.819,10.3593,nan,0.274993,0.27737,0.285325,0.265014,0.272261,0.27737,0.272261,0.285325,0.265014,1,0,0.0703704,0,-0.00188044,-0.0481651,-0.00668187,0.193396,-0.0846388,0,0,0,0.194467,-0.0399049,0.0206678,-0.442306,-1.15378,10.9296,10.9993,0,26.8574
11.92,level,-0.0348207,-0.42887,-0.0645054,0.0280738,0,0,0.188828,0.0417297,-0.0148819,93.8903,94.0303,153.923,10.3707,nan,0.27501,0.278228,0.28398,0.265564,0.272265,0.278228,0.272265,0.28398,0.265564,1,0,0.07035,0,0.00251542,-0.0461925,-0.00547308,0.193429,-0.0843097,0,0,0,0.20076,-0.0501987,0.0164694,-0.352628,-1.19688,10.9647,11.0355,0,26.8799
11.93,level,-0.0330079,-0.429278,-0.0644991,0.0278383,0,0,0.189003,0.0410058,-0.0153217,93.8877,94.0277,154.027,10.3822,nan,0.275027,0.277522,0.284558,0.265409,0.272615,0.277522,0.272615,0.284558,0.265409,1,0,0.0702381,0,0.000449652,-0.0455797,-0.0062596,0.193411,-0.083579,0,0,0,0.197907,-0.0542457,0.0191177,-0.403652,-1.21782,10.9447,11.0197,0,26.8965
11.94,level,-0.0311937,-0.42968,-0.0644967,0.0276274,0,0,0.189105,0.0402513,-0.0158376,93.8851,94.0251,154.131,10.3937,nan,0.275043,0.276924,0.285495,0.264487,0.273265,0.276924,0.273265,0.285495,0.264487,1,0,0.0701531,0,0.000548424,-0.0467366,-0.00762527,0.193396,-0.0829676,0,0,0,0.195218,-0.0447718,0.0168506,-0.338171,-1.21081,10.9365,11.0085,0,26.9146
11.95,level,-0.0293753,-0.430074,-0.0645146,0.0273065,0,0,0.1891,0.0394511,-0.0137767,93.8825,94.0225,154.235,10.4052,nan,0.27506,0.277801,0.284931,0.26479,0.272716,0.277801,0.272716,0.284931,0.26479,1,0,0.0700443,0,0.0021077,-0.0477984,-0.00661734,0.193435,-0.0820022,0,0,0,0.1853,-0.0386512,0.00601548,-0.313086,-1.02347,10.8266,10.8794,0,26.9268
11.96,level,-0.0275534,-0.430461,-0.0645376,0.0269832,0,0,0.189149,0.0387201,-0.0139405,93.8799,94.0199,154.339,10.4167,nan,0.275077,0.277046,0.285722,0.264073,0.273466,0.277046,0.273466,0.285722,0.264073,1,0,0.0699455,0,0.00190122,-0.0478025,-0.00794158,0.193511,-0.0810826,0,0,0,0.188835,-0.0464517,0.0104936,-0.263628,-1.07574,10.8586,10.9149,0,26.939
11.97,level,-0.0257289,-0.430841,-0.0645534,0.0266789,0,0,0.189192,0.0380763,-0.0133865,93.8773,94.0173,154.443,10.4282,nan,0.275095,0.277385,0.285365,0.26445,0.273175,0.277385,0.273175,0.285365,0.26445,1,0,0.0698363,0,0.00197479,-0.0476064,-0.00734214,0.193553,-0.0801416,0,0,0,0.184899,-0.0471892,0.0102663,-0.297414,-1.13407,10.8679,10.9309,0,26.9522
11.98,level,-0.0239011,-0.431215,-0.06457,0.0265036,0,0,0.189235,0.0374132,-0.0125321,93.8747,94.0147,154.548,10.4398,nan,0.275112,0.27622,0.286867,0.263654,0.273702,0.27622,0.273702,0.286867,0.263654,1,0,0.0697953,0,-0.00158726,-0.0487569,-0.00909629,0.19362,-0.0796252,0,0,0,0.195812,-0.0449334,0.0169602,-0.276204,-1.13651,10.8828,10.9455,0,26.9724
11.99,level,-0.022069,-0.431584,-0.0645487,0.0263178,0,0,0.189152,0.0367871,-0.0121375,93.872,94.012,154.652,10.4513,nan,0.275129,0.276244,0.286783,0.263876,0.27361,0.276244,0.27361,0.286783,0.263876,1,0,0.0696996,0,-0.0021371,-0.048394,-0.00891024,0.193562,-0.0790173,0,0,0,0.197329,-0.0443782,0.0123952,-0.325336,-0.972369,10.9497,10.9976,0,26.9916
12,level,-0.0202392,-0.431946,-0.0645845,0.0261735,0,0,0.188967,0.0362291,-0.0133691,93.8694,94.0094,154.757,10.4629,nan,0.275147,0.278322,0.284611,0.265351,0.272299,0.278322,0.272299,0.284611,0.265351,1,0,0.0696859,0,0.00174571,-0.0479066,-0.00581831,0.19366,-0.0786449,0,0,0,0.191818,-0.0366831,0.0130603,-0.250096,-1.04416,10.8909,10.9437,0,27.014
12.01,level,-0.0184162,-0.432303,-0.0645865,0.0259335,0,0,0.18888,0.0355889,-0.0140526,93.8668,94.0068,154.861,10.4744,nan,0.275164,0.278089,0.285015,0.265583,0.271965,0.278089,0.271965,0.285015,0.265583,1,0,0.0696003,0,-0.0014427,-0.0484226,-0.00584901,0.193684,-0.077951,0,0,0,0.199737,-0.0344556,0.012483,-0.211322,-1.06079,10.9498,11.0031,0,27.0307
12.02,level,-0.0165963,-0.432653,-0.0646189,0.025623,0,0,0.188784,0.0349487,-0.0137062,93.8642,94.0042,154.966,10.486,nan,0.275182,0.277227,0.285597,0.265175,0.272725,0.277227,0.272725,0.285597,0.265175,1,0,0.0695077,0,-0.00217368,-0.0472264,-0.00699723,0.193773,-0.0769615,0,0,0,0.197683,-0.0379956,0.0056287,-0.282632,-0.981383,10.907,10.9548,0,27.044
12.03,level,-0.0147753,-0.432997,-0.0646015,0.0253849,0,0,0.18857,0.0342751,-0.0134832,93.8616,94.0016,155.071,10.4976,nan,0.2752,0.278564,0.284356,0.265695,0.27218,0.278564,0.27218,0.284356,0.265695,1,0,0.0694116,0,0.0018383,-0.0474559,-0.00539654,0.193745,-0.0762819,0,0,0,0.210508,-0.025962,0.0133604,-0.233739,-0.958759,10.9054,10.9499,0,27.0605
12.04,level,-0.0129548,-0.433335,-0.0646282,0.0251118,0,0,0.188453,0.0335816,-0.0132129,93.8589,93.9989,155.176,10.5092,nan,0.275218,0.27722,0.285556,0.265208,0.272883,0.27722,0.272883,0.285556,0.265208,1,0,0.069336,0,-0.00175579,-0.0467723,-0.00703713,0.193801,-0.0754808,0,0,0,0.194133,-0.0437825,0.0199743,-0.23444,-0.99969,10.9968,11.0446,0,27.0758
12.05,level,-0.011135,-0.433666,-0.0646612,0.0249137,0,0,0.18832,0.0328877,-0.0131737,93.8563,93.9963,155.281,10.5208,nan,0.275236,0.277763,0.285435,0.265136,0.272606,0.277763,0.272606,0.285435,0.265136,1,0,0.0692809,0,-0.000535354,-0.0482337,-0.00665547,0.193914,-0.0748011,0,0,0,0.204282,-0.036421,0.00784981,-0.304833,-1.01788,10.8872,10.9389,0,27.0953
12.06,level,-0.0093146,-0.43399,-0.064669,0.0246987,0,0,0.188215,0.0322846,-0.0127322,93.8537,93.9937,155.386,10.5324,nan,0.275254,0.27719,0.285392,0.265294,0.273138,0.27719,0.273138,0.285392,0.265294,1,0,0.069212,0,-0.000949228,-0.0457597,-0.0070526,0.193925,-0.0741304,0,0,0,0.191516,-0.0441459,0.0172633,-0.315838,-0.901196,10.9939,11.0353,0,27.1135
12.07,level,-0.00749306,-0.434309,-0.0646774,0.0242951,0,0,0.188137,0.0316779,-0.0123617,93.851,93.991,155.492,10.5441,nan,0.275272,0.276979,0.28588,0.264541,0.273685,0.276979,0.273685,0.28588,0.264541,1,0,0.0690775,0,0.00064323,-0.0466727,-0.00793145,0.193961,-0.0728864,0,0,0,0.196759,-0.0282829,0.00365966,-0.349953,-1.02186,10.927,10.9802,0,27.1215
12.08,level,-0.00567045,-0.434622,-0.0646985,0.0240258,0,0,0.188027,0.031017,-0.0120274,93.8484,93.9884,155.597,10.5557,nan,0.275291,0.276475,0.286418,0.264328,0.273939,0.276475,0.273939,0.286418,0.264328,1,0,0.0690119,0,-0.000882093,-0.0466619,-0.00859452,0.194001,-0.0721169,0,0,0,0.185322,-0.0281865,0.0192991,-0.313793,-1.12036,10.8581,10.9203,0,27.1371
12.09,level,-0.00384644,-0.434929,-0.0647252,0.0237597,0,0,0.187955,0.0304117,-0.0119909,93.8457,93.9857,155.703,10.5674,nan,0.275309,0.277606,0.285186,0.265351,0.273091,0.277606,0.273091,0.285186,0.265351,1,0,0.0689359,0,0.00042397,-0.0461381,-0.00673372,0.19409,-0.0713096,0,0,0,0.18827,-0.0357726,0.00818941,-0.324585,-1.03408,10.9157,10.9694,0,27.153
12.1,level,-0.00202412,-0.435229,-0.0647691,0.0234769,0,0,0.187885,0.0298308,-0.0126061,93.8431,93.9831,155.809,10.579,nan,0.275328,0.278008,0.285201,0.264657,0.273442,0.278008,0.273442,0.285201,0.264657,1,0,0.0688874,0,0.00422334,-0.0475791,-0.00702287,0.194223,-0.0704897,0,0,0,0.191725,-0.0309725,0.0219676,-0.283767,-1.09908,10.8755,10.9345,0,27.1684
12.11,level,-0.000203807,-0.435525,-0.0647878,0.0232723,0,0,0.187984,0.0292768,-0.0129615,93.8404,93.9804,155.914,10.5907,nan,0.275346,0.277727,0.285564,0.265214,0.272877,0.277727,0.272877,0.285564,0.265214,1,0,0.0688285,0,-0.000465149,-0.0477487,-0.00681296,0.194313,-0.0697545,0,0,0,0.190609,-0.0306481,0.0212342,-0.454799,-1.08338,10.9449,11.0078,0,27.1876
12.12,level,0.00161703,-0.435815,-0.0647967,0.0230061,0,0,0.188124,0.0287614,-0.0131534,93.8377,93.9777,156.02,10.6024,nan,0.275365,0.277523,0.285265,0.265316,0.273354,0.277523,0.273354,0.285265,0.265316,1,0,0.0687523,0,0.000786681,-0.045699,-0.00693533,0.194318,-0.0690298,0,0,0,0.195961,-0.0207591,0.0288831,-0.324904,-1.12705,10.898,10.9609,0,27.2034
12.13,level,0.00343668,-0.4361,-0.0648029,0.0227198,0,0,0.188309,0.0281572,-0.0136527,93.8351,93.9751,156.126,10.614,nan,0.275384,0.278612,0.284417,0.266126,0.272378,0.278612,0.272378,0.284417,0.266126,1,0,0.0686655,0,0.0011848,-0.0464686,-0.00529929,0.194333,-0.0681847,0,0,0,0.193215,-0.0297014,0.0151964,-0.319757,-1.10791,10.9459,11.0065,0,27.2183
12.14,level,0.005259,-0.436379,-0.0647824,0.0224121,0,0,0.188456,0.0274783,-0.0124778,93.8324,93.9724,156.233,10.6258,nan,0.275403,0.277462,0.285924,0.264705,0.27352,0.277462,0.27352,0.285924,0.264705,1,0,0.0685369,0,0.000937413,-0.0476759,-0.0075937,0.194283,-0.0672593,0,0,0,0.196887,-0.0444115,0.0245568,-0.353194,-1.12361,10.9664,11.0295,0,27.2314
12.15,level,0.00708696,-0.436652,-0.0647833,0.0221876,0,0,0.188419,0.0267383,-0.0116193,93.8297,93.9697,156.339,10.6375,nan,0.275423,0.278258,0.284926,0.265743,0.272759,0.278258,0.272759,0.284926,0.265743,1,0,0.0684742,0,0.000923222,-0.0467666,-0.0060142,0.194254,-0.0666352,0,0,0,0.181636,-0.0360331,0.0126332,-0.264007,-1.10762,11.0114,11.0702,0,27.2496
12.16,level,0.00891358,-0.436916,-0.0648196,0.0219162,0,0,0.188337,0.0259513,-0.0127426,93.8271,93.9671,156.445,10.6492,nan,0.275442,0.277148,0.286131,0.264144,0.274342,0.277148,0.274342,0.286131,0.264144,1,0,0.068408,0,0.00322298,-0.0469776,-0.00843047,0.194378,-0.0657942,0,0,0,0.190664,-0.0275555,0.0165686,-0.271535,-1.05162,10.9068,10.9607,0,27.2658
12.17,level,0.0107399,-0.437173,-0.0648264,0.0216726,0,0,0.188349,0.0250393,-0.0122981,93.8244,93.9644,156.552,10.6609,nan,0.275461,0.27684,0.286494,0.264443,0.274065,0.27684,0.274065,0.286494,0.264443,1,0,0.0683453,0,-8.57437e-05,-0.0470384,-0.0084721,0.194393,-0.0651004,0,0,0,0.18746,-0.0286766,0.0173359,-0.229818,-0.980036,10.9036,10.95,0,27.283
12.18,level,0.0125703,-0.43742,-0.0648543,0.0214476,0,0,0.188304,0.0241409,-0.0114346,93.8217,93.9617,156.659,10.6726,nan,0.275481,0.277589,0.285936,0.264694,0.2737,0.277589,0.2737,0.285936,0.264694,1,0,0.0682964,0,0.00174947,-0.0476201,-0.00762731,0.194486,-0.0644263,0,0,0,0.192275,-0.0241979,0.0273846,-0.214446,-1.06953,10.9135,10.9679,0,27.3013
12.19,level,0.0144022,-0.437659,-0.0648665,0.0211992,0,0,0.188165,0.023323,-0.0113586,93.819,93.959,156.765,10.6843,nan,0.2755,0.278427,0.284991,0.265511,0.273069,0.278427,0.273069,0.284991,0.265511,1,0,0.06823,0,0.0026368,-0.0470644,-0.00620652,0.194523,-0.0636356,0,0,0,0.192866,-0.00937957,0.0103957,-0.243696,-1.13737,10.9409,11.0026,0,27.3181
12.2,level,0.0162327,-0.43789,-0.0648548,0.021033,0,0,0.188052,0.0225613,-0.0114518,93.8163,93.9563,156.872,10.696,nan,0.27552,0.277853,0.285556,0.265814,0.272853,0.277853,0.272853,0.285556,0.265814,1,0,0.0681811,0,-0.00176285,-0.046882,-0.0064791,0.19449,-0.0631874,0,0,0,0.193936,-0.0291282,0.0136122,-0.214318,-1.06326,10.9296,10.9832,0,27.3387
12.21,level,0.0180619,-0.438115,-0.0648696,0.0208179,0,0,0.187902,0.0219499,-0.0110155,93.8136,93.9536,156.979,10.7078,nan,0.27554,0.278717,0.28523,0.266005,0.272204,0.278717,0.272204,0.28523,0.266005,1,0,0.0681146,0,-0.00083526,-0.0487671,-0.00558693,0.194538,-0.0625796,0,0,0,0.191276,-0.0201652,0.0186101,-0.182575,-0.902587,10.8529,10.8919,0,27.3572
12.22,level,0.0198878,-0.438334,-0.064878,0.020679,0,0,0.187666,0.0214066,-0.0115976,93.8109,93.9509,157.086,10.7195,nan,0.27556,0.278462,0.285366,0.265481,0.272926,0.278462,0.272926,0.285366,0.265481,1,0,0.0681111,0,0.00143746,-0.0481682,-0.00630692,0.194588,-0.0622575,0,0,0,0.186646,-0.028102,0.0102233,-0.0664317,-0.989709,10.8742,10.9193,0,27.3798
12.23,level,0.0217117,-0.438548,-0.0649126,0.0204672,0,0,0.187565,0.0208929,-0.0117333,93.8082,93.9482,157.194,10.7313,nan,0.27558,0.277813,0.286089,0.264797,0.273615,0.277813,0.273615,0.286089,0.264797,1,0,0.0680621,0,0.00143757,-0.0482961,-0.00751327,0.194663,-0.0615282,0,0,0,0.18923,-0.0274155,0.00600925,-0.18135,-0.93494,10.8764,10.918,0,27.399
12.24,level,0.0235376,-0.438757,-0.0649584,0.020204,0,0,0.187484,0.020405,-0.0102548,93.8055,93.9455,157.301,10.7431,nan,0.2756,0.27915,0.285002,0.265705,0.272536,0.27915,0.272536,0.285002,0.265705,1,0,0.068013,0,0.00259617,-0.049096,-0.00557461,0.194792,-0.0607031,0,0,0,0.186234,-0.028242,0.00474145,-0.202493,-1.02562,10.9166,10.9665,0,27.4159
12.25,level,0.0253678,-0.438961,-0.0649723,0.0199445,0,0,0.187456,0.0199415,-0.0095032,93.8028,93.9428,157.409,10.7548,nan,0.27562,0.277074,0.286752,0.264508,0.27414,0.277074,0.27414,0.286752,0.264508,1,0,0.067999,0,-0.000122108,-0.0477085,-0.00848714,0.194901,-0.0600723,0,0,0,0.196156,-0.0257684,0.00835774,-0.0987869,-0.8913,10.9824,11.0189,0,27.4324
12.26,level,0.0272021,-0.439161,-0.0649252,0.0195684,0,0,0.187427,0.019545,-0.00891865,93.8001,93.9401,157.516,10.7666,nan,0.27564,0.278622,0.285178,0.265862,0.272893,0.278622,0.272893,0.285178,0.265862,1,0,0.0678304,0,0.00125724,-0.0474554,-0.00597175,0.194763,-0.0589492,0,0,0,0.188699,-0.0169736,0.00126374,-0.0703039,-0.892992,10.9587,10.9952,0,27.4416
12.27,level,0.0290371,-0.439357,-0.0649363,0.0193889,0,0,0.18752,0.0191549,-0.00906645,93.7974,93.9374,157.624,10.7785,nan,0.27566,0.277487,0.286321,0.264911,0.273918,0.277487,0.273918,0.286321,0.264911,1,0,0.0677847,0,0.000458155,-0.0473286,-0.00784159,0.19476,-0.0583166,0,0,0,0.197627,-0.0158353,0.00716182,-0.147178,-0.911702,10.9975,11.0362,0,27.4626
12.28,level,0.0308729,-0.43955,-0.0649335,0.0189987,0,0,0.187574,0.0188014,-0.00919318,93.7946,93.9346,157.732,10.7903,nan,0.27568,0.279306,0.284249,0.266694,0.272468,0.279306,0.272468,0.284249,0.266694,1,0,0.067665,0,0.00220424,-0.0462185,-0.00471026,0.194761,-0.0571531,0,0,0,0.200297,-0.0139536,0.00825183,-0.126769,-0.932381,11.0008,11.041,0,27.4723
12.29,level,0.0327056,-0.439739,-0.0649347,0.018838,0,0,0.187674,0.0182939,-0.00989685,93.7919,93.9319,157.84,10.8022,nan,0.275701,0.278275,0.285466,0.266278,0.272781,0.278275,0.272781,0.285466,0.266278,1,0,0.0676121,0,-0.00182689,-0.0467676,-0.00601888,0.194743,-0.0565243,0,0,0,0.196614,-0.0155071,0.0119204,-0.232753,-0.897983,10.9895,11.0286,0,27.4946
12.3,level,0.0345393,-0.439921,-0.0649675,0.0186226,0,0,0.187787,0.0175515,-0.0098997,93.7892,93.9292,157.948,10.8141,nan,0.275722,0.277795,0.286319,0.265007,0.273761,0.277795,0.273761,0.286319,0.265007,1,0,0.0675909,0,0.000612154,-0.0480244,-0.00759409,0.194853,-0.0560189,0,0,0,0.196877,-0.0225021,0.0120263,-0.137759,-0.932543,10.9964,11.0368,0,27.5147
12.31,level,0.0363771,-0.440097,-0.0649386,0.0182856,0,0,0.187897,0.0168492,-0.00848233,93.7864,93.9264,158.056,10.8259,nan,0.275742,0.27694,0.28658,0.264872,0.274573,0.27694,0.274573,0.28658,0.264872,1,0,0.0674603,0,0.000161164,-0.0456188,-0.00850108,0.194793,-0.0547747,0,0,0,0.197304,-0.0253511,0.0149924,-0.277291,-0.849699,10.962,10.9984,0,27.5269
12.32,level,0.0382202,-0.440264,-0.0649894,0.0179427,0,0,0.188009,0.0160651,-0.00831157,93.7837,93.9237,158.164,10.8379,nan,0.275763,0.27809,0.285492,0.265786,0.27368,0.27809,0.27368,0.285492,0.265786,1,0,0.0674249,0,0.00130413,-0.0456928,-0.00672291,0.194915,-0.053964,0,0,0,0.195483,-0.0203073,0.0149262,-0.138832,-0.929734,10.9681,11.0083,0,27.5407
12.33,level,0.0400665,-0.440424,-0.0649946,0.01766,0,0,0.188212,0.0151237,-0.00794695,93.781,93.921,158.273,10.8498,nan,0.275784,0.278302,0.28591,0.265415,0.273504,0.278302,0.273504,0.28591,0.265415,1,0,0.0673471,0,0.00127575,-0.0479251,-0.00689943,0.194917,-0.0530543,0,0,0,0.192352,-0.0197899,0.0135166,-0.18056,-0.931326,10.9533,10.9943,0,27.5565
12.34,level,0.0419142,-0.440574,-0.0650126,0.017356,0,0,0.18834,0.0141954,-0.00851134,93.7782,93.9182,158.381,10.8618,nan,0.275805,0.277444,0.28653,0.264737,0.274505,0.277444,0.274505,0.28653,0.264737,1,0,0.0672762,0,0.0018115,-0.0468623,-0.00828676,0.194985,-0.0520524,0,0,0,0.197024,-0.0151431,0.00894716,-0.256206,-1.01188,10.9465,10.9962,0,27.5715
12.35,level,0.0437624,-0.440714,-0.064981,0.0170442,0,0,0.18854,0.0131688,-0.00833011,93.7755,93.9155,158.49,10.8737,nan,0.275826,0.279195,0.284813,0.267175,0.272117,0.279195,0.272117,0.284813,0.267175,1,0,0.0671662,0,-0.00179203,-0.0468317,-0.00464155,0.194879,-0.051142,0,0,0,0.193175,-0.00367433,0.00412829,-0.206721,-0.984991,10.9039,10.9503,0,27.5848
12.36,level,0.0456101,-0.440845,-0.0649784,0.0167657,0,0,0.188638,0.0121619,-0.00874118,93.7727,93.9127,158.599,10.8857,nan,0.275847,0.278516,0.28555,0.265688,0.273631,0.278516,0.273631,0.28555,0.265688,1,0,0.0670916,0,0.00241001,-0.0468893,-0.00658279,0.194877,-0.0502994,0,0,0,0.194404,-0.0170213,0.0170643,-0.23352,-1.02056,10.9102,10.9604,0,27.6003
12.37,level,0.0474573,-0.440966,-0.0650032,0.0165522,0,0,0.188815,0.0112058,-0.00879415,93.7699,93.9099,158.708,10.8976,nan,0.275869,0.278995,0.284941,0.266671,0.272863,0.278995,0.272863,0.284941,0.266671,1,0,0.0670668,0,0.000652331,-0.0462376,-0.00533489,0.194952,-0.0496565,0,0,0,0.194174,-0.0191674,0.0205072,-0.243264,-1.05722,10.9918,11.0452,0,27.6198
12.38,level,0.0493093,-0.441078,-0.0649291,0.0160503,0,0,0.189038,0.0103011,-0.00774388,93.7672,93.9072,158.817,10.9095,nan,0.27589,0.278074,0.286446,0.26495,0.274086,0.278074,0.274086,0.286446,0.26495,1,0,0.0668638,0,0.00202531,-0.048286,-0.00769544,0.194722,-0.0481434,0,0,0,0.186766,-0.0198166,0.0110699,-0.225191,-0.946589,11.0213,11.0641,0,27.6217
12.39,level,0.0511669,-0.44118,-0.064902,0.0158165,0,0,0.18929,0.00941438,-0.00805912,93.7644,93.9044,158.926,10.9215,nan,0.275911,0.277258,0.28697,0.264738,0.274677,0.277258,0.274677,0.28697,0.264738,1,0,0.0667888,0,0.000601735,-0.0470157,-0.00863706,0.194633,-0.0474938,0,0,0,0.185844,-0.0191859,0.0107375,-0.183844,-1.02637,11.0567,11.1057,0,27.6388
12.4,level,0.0530276,-0.441274,-0.0648432,0.0155963,0,0,0.189498,0.00853222,-0.00758743,93.7616,93.9016,159.035,10.9335,nan,0.275933,0.278873,0.28557,0.266297,0.272987,0.278873,0.272987,0.28557,0.266297,1,0,0.0666888,0,-1.96615e-05,-0.0476724,-0.00588374,0.194482,-0.046817,0,0,0,0.202047,-0.013813,0.0146606,-0.186895,-1.00609,10.9826,11.0301,0,27.6557
12.41,level,0.0548882,-0.441359,-0.0647752,0.0153022,0,0,0.189666,0.00773126,-0.00820466,93.7589,93.8989,159.144,10.9454,nan,0.275954,0.278323,0.285632,0.26568,0.274178,0.278323,0.274178,0.285632,0.26568,1,0,0.066542,0,0.00315274,-0.0456596,-0.00694732,0.194252,-0.0459515,0,0,0,0.184136,-0.0163924,0.00889746,-0.17227,-1.04963,11.039,11.0901,0,27.6685
12.42,level,0.0567495,-0.441438,-0.0647015,0.0150384,0,0,0.189813,0.00697882,-0.00751928,93.7561,93.8961,159.254,10.9574,nan,0.275976,0.278038,0.286312,0.265597,0.273952,0.278038,0.273952,0.286312,0.265597,1,0,0.0663949,0,0.000214285,-0.046994,-0.00730885,0.194029,-0.045113,0,0,0,0.181708,-0.0044505,0.00541318,-0.197014,-1.00802,10.9903,11.0382,0,27.6825
12.43,level,0.0586149,-0.441508,-0.0646625,0.0147435,0,0,0.189751,0.00612481,-0.00737594,93.7533,93.8933,159.364,10.9694,nan,0.275998,0.279072,0.285327,0.266832,0.272755,0.279072,0.272755,0.285327,0.266832,1,0,0.0663051,0,-0.000879688,-0.0470135,-0.00535307,0.193919,-0.044307,0,0,0,0.185801,-0.0166701,0.0127008,-0.145728,-0.881903,10.9945,11.0308,0,27.6959
12.44,level,0.0604789,-0.441569,-0.064628,0.0144403,0,0,0.189692,0.00519223,-0.00752563,93.7505,93.8905,159.473,10.9813,nan,0.276019,0.279129,0.2851,0.267084,0.27276,0.279129,0.27276,0.2851,0.267084,1,0,0.0662043,0,-0.000780873,-0.0462044,-0.00511965,0.193826,-0.0434094,0,0,0,0.189983,-0.0107518,0.0160995,-0.12501,-0.908817,10.9934,11.0316,0,27.7088
12.45,level,0.0623398,-0.441621,-0.0645847,0.0141331,0,0,0.189657,0.00429162,-0.00805169,93.7477,93.8877,159.583,10.9933,nan,0.276041,0.278611,0.286107,0.266075,0.273366,0.278611,0.273366,0.286107,0.266075,1,0,0.066107,0,-0.000543013,-0.0478939,-0.00649937,0.193708,-0.0424995,0,0,0,0.193752,-0.000296396,0.0118358,-0.0642672,-1.0437,10.9582,11.008,0,27.7214
12.46,level,0.0642005,-0.441665,-0.0644223,0.013826,0,0,0.189554,0.00342717,-0.00741374,93.7449,93.8849,159.693,11.0053,nan,0.276063,0.278142,0.286535,0.265335,0.274235,0.278142,0.274235,0.286535,0.265335,1,0,0.0658866,0,0.00134326,-0.0475742,-0.00760083,0.19321,-0.0415591,0,0,0,0.188819,-0.000512962,0.0129446,-0.0935492,-0.986132,10.9114,10.9562,0,27.7306
12.47,level,0.0660628,-0.4417,-0.0643759,0.0137246,0,0,0.189456,0.00253514,-0.00685796,93.7421,93.8821,159.803,11.0173,nan,0.276085,0.278417,0.286282,0.265992,0.273643,0.278417,0.273643,0.286282,0.265992,1,0,0.0658105,0,-0.000564948,-0.0474918,-0.00681937,0.193053,-0.0412117,0,0,0,0.180886,-0.0069391,0.00901799,-0.144502,-0.962858,10.9375,10.9807,0,27.7533
12.48,level,0.0679267,-0.441725,-0.0643362,0.0133555,0,0,0.18932,0.0016141,-0.00560861,93.7393,93.8793,159.914,11.0292,nan,0.276106,0.278715,0.28621,0.2666,0.272896,0.278715,0.272896,0.28621,0.2666,1,0,0.0657271,0,-0.00318349,-0.0481831,-0.00606147,0.193007,-0.0402778,0,0,0,0.192853,-0.0126405,0.0155527,-0.022851,-0.889382,11.0433,11.0791,0,27.7622
12.49,level,0.0697919,-0.441741,-0.0642843,0.0131941,0,0,0.189052,0.000697376,-0.0056759,93.7365,93.8765,160.024,11.0413,nan,0.276128,0.278591,0.286168,0.265847,0.273903,0.278591,0.273903,0.286168,0.265847,1,0,0.0656218,0,0.00127038,-0.0473868,-0.00687082,0.192793,-0.0395885,0,0,0,0.189732,-0.00214221,0.00157038,-0.151738,-0.83011,10.9204,10.953,0,27.7813
12.5,level,0.0716539,-0.441747,-0.0642448,0.0128415,0,0,0.188853,-0.000248151,-0.00577963,93.7336,93.8736,160.134,11.0533,nan,0.27615,0.279805,0.284992,0.267608,0.272189,0.279805,0.272189,0.284992,0.267608,1,0,0.0655237,0,-0.00160871,-0.047369,-0.00429328,0.192717,-0.038661,0,0,0,0.203213,-0.000647076,-0.00679928,-0.0803711,-0.85677,11.0036,11.0372,0,27.7909
12.51,level,0.0735121,-0.441745,-0.0641174,0.0125371,0,0,0.188676,-0.00120223,-0.00615624,93.7308,93.8708,160.245,11.0653,nan,0.276172,0.279254,0.285731,0.266186,0.273511,0.279254,0.273511,0.285731,0.266186,1,0,0.0653816,0,0.00224954,-0.0479136,-0.00606634,0.192449,-0.0378893,0,0,0,0.19326,0.000591921,0.0116495,-0.00322108,-0.786555,11.0312,11.0592,0,27.8005
12.52,level,0.0753661,-0.441733,-0.0640663,0.0124065,0,0,0.188549,-0.00214173,-0.00656821,93.728,93.868,160.356,11.0774,nan,0.276193,0.279521,0.28573,0.266665,0.272853,0.279521,0.272853,0.28573,0.266665,1,0,0.0653013,0,-5.60116e-05,-0.0487605,-0.00544853,0.192254,-0.0374723,0,0,0,0.193336,-0.00190917,0.00775885,-0.0566566,-0.778568,11.0766,11.1041,0,27.8207
12.53,level,0.0772184,-0.441713,-0.0640151,0.0121557,0,0,0.188387,-0.00298295,-0.0064911,93.7252,93.8652,160.467,11.0895,nan,0.276215,0.279296,0.285634,0.267086,0.272841,0.279296,0.272841,0.285634,0.267086,1,0,0.065166,0,-0.0015488,-0.0473768,-0.0053155,0.192031,-0.0366476,0,0,0,0.189149,-0.00330663,0.00908115,-0.0172392,-0.896364,11.0129,11.0494,0,27.8347
12.54,level,0.0790693,-0.441684,-0.063944,0.0118659,0,0,0.188125,-0.00385185,-0.0060635,93.7223,93.8623,160.577,11.1015,nan,0.276237,0.278761,0.286502,0.265869,0.273812,0.278761,0.273812,0.286502,0.265869,1,0,0.0650452,0,0.000534606,-0.0484738,-0.00689343,0.191838,-0.0357572,0,0,0,0.203396,0.0083876,0.0103568,-0.017528,-0.898242,11.056,11.0924,0,27.8461
12.55,level,0.0809207,-0.441646,-0.0638378,0.011534,0,0,0.187887,-0.00471179,-0.00563136,93.7195,93.8595,160.689,11.1136,nan,0.276259,0.278183,0.28681,0.265897,0.274141,0.278183,0.274141,0.28681,0.265897,1,0,0.0648873,0,-0.00101574,-0.0472826,-0.00741535,0.19149,-0.0347517,0,0,0,0.194167,-0.00467159,-0.00667853,-0.0757706,-0.815577,10.9819,11.0124,0,27.8542
12.56,level,0.08277,-0.4416,-0.0638165,0.0112619,0,0,0.187651,-0.00555166,-0.00588748,93.7167,93.8567,160.8,11.1257,nan,0.27628,0.27796,0.287065,0.265619,0.274475,0.27796,0.274475,0.287065,0.265619,1,0,0.0648138,0,-0.000660485,-0.0472393,-0.00789444,0.191433,-0.0339157,0,0,0,0.198903,0.00588716,0.012104,-0.0494041,-0.879055,11.0936,11.1285,0,27.8676
12.57,level,0.0846153,-0.441545,-0.0637628,0.0110711,0,0,0.187291,-0.00645398,-0.00585858,93.7138,93.8538,160.911,11.1379,nan,0.276302,0.278136,0.287039,0.265424,0.274606,0.278136,0.274606,0.287039,0.265424,1,0,0.0647033,0,0.000738767,-0.0476442,-0.00794875,0.191246,-0.0331884,0,0,0,0.197742,0.00520232,0.00501256,-0.137871,-0.845967,10.969,11.0025,0,27.884
12.58,level,0.0864573,-0.441482,-0.0637338,0.0108319,0,0,0.186871,-0.00729316,-0.00543974,93.711,93.851,161.022,11.15,nan,0.276324,0.278694,0.286434,0.2662,0.273964,0.278694,0.273964,0.286434,0.2662,1,0,0.0646369,0,6.29535e-05,-0.0473017,-0.00681415,0.191168,-0.0324604,0,0,0,0.20268,0.00964162,0.0081841,-0.142072,-0.887579,10.9996,11.0363,0,27.8985
12.59,level,0.0882957,-0.44141,-0.0637023,0.0106911,0,0,0.186498,-0.00805179,-0.00584191,93.7081,93.8481,161.134,11.1622,nan,0.276345,0.279773,0.285607,0.267014,0.272984,0.279773,0.272984,0.285607,0.267014,1,0,0.0645853,0,0.000361407,-0.048095,-0.00518791,0.191062,-0.0320716,0,0,0,0.195754,-0.00306829,0.0156308,-0.132445,-0.913638,10.9422,10.9811,0,27.9178
12.6,level,0.0901276,-0.441332,-0.0636379,0.0106787,0,0,0.186196,-0.00873468,-0.00610667,93.7052,93.8452,161.246,11.1743,nan,0.276367,0.279148,0.286256,0.266221,0.273839,0.279148,0.273839,0.286256,0.266221,1,0,0.0645151,0,0.00135428,-0.048023,-0.0064724,0.190885,-0.0319252,0,0,0,0.190906,0.00444892,0.0139882,-0.215525,-0.927956,10.989,11.0302,0,27.9424
12.61,level,0.0919574,-0.441247,-0.0635006,0.0103035,0,0,0.185917,-0.00934962,-0.00533759,93.7024,93.8424,161.357,11.1864,nan,0.276389,0.279438,0.285579,0.266921,0.273613,0.279438,0.273613,0.285579,0.266921,1,0,0.0643374,0,0.00146078,-0.0463904,-0.00564007,0.190457,-0.0309786,0,0,0,0.192263,0.00307526,0.00818483,-0.0775502,-0.88637,11.0238,11.0597,0,27.9469
12.62,level,0.0937842,-0.441157,-0.0633152,0.0100529,0,0,0.185679,-0.00998692,-0.00568076,93.6995,93.8395,161.469,11.1985,nan,0.27641,0.279164,0.285926,0.267204,0.273342,0.279164,0.273342,0.285926,0.267204,1,0,0.0641035,0,-0.00165763,-0.0465043,-0.00567019,0.189918,-0.0300849,0,0,0,0.200242,0.00658535,0.00309482,-0.17852,-0.945022,10.9226,10.9649,0,27.9561
12.63,level,0.0956084,-0.441059,-0.0631657,0.00964694,0,0,0.185506,-0.0106794,-0.00581629,93.6966,93.8366,161.581,11.2107,nan,0.276432,0.279031,0.286139,0.266867,0.273685,0.279031,0.273685,0.286139,0.266867,1,0,0.0638799,0,-0.000768962,-0.0466446,-0.00612084,0.189455,-0.0288413,0,0,0,0.184649,0.00657725,0.0146859,-0.182917,-0.907626,11.0183,11.0572,0,27.9586
12.64,level,0.0974319,-0.440955,-0.0630967,0.00935054,0,0,0.185251,-0.0113881,-0.00517828,93.6937,93.8337,161.694,11.2228,nan,0.276453,0.279402,0.285879,0.266899,0.273629,0.279402,0.273629,0.285879,0.266899,1,0,0.0637716,0,0.000670403,-0.0469026,-0.00580505,0.189237,-0.0280785,0,0,0,0.189308,-0.000545542,0.00340666,-0.0949554,-0.896389,11.0141,11.0509,0,27.9688
12.65,level,0.0992523,-0.440844,-0.0629081,0.00900099,0,0,0.184939,-0.0120205,-0.0056907,93.6909,93.8309,161.806,11.235,nan,0.276475,0.278312,0.287,0.265917,0.274665,0.278312,0.274665,0.287,0.265917,1,0,0.0635318,0,0.000158596,-0.04686,-0.00766381,0.188689,-0.0269159,0,0,0,0.18649,-0.00745875,0.0074555,-0.229284,-1.02032,10.9922,11.0418,0,27.973
12.66,level,0.101071,-0.440726,-0.0628755,0.00862761,0,0,0.184569,-0.0127024,-0.00446259,93.688,93.828,161.918,11.2472,nan,0.276496,0.279211,0.286334,0.26653,0.273905,0.279211,0.273905,0.286334,0.26653,1,0,0.0634492,0,0.00066684,-0.0475786,-0.00637198,0.18857,-0.0259383,0,0,0,0.184194,0.000479457,0.000389853,-0.0686264,-0.882974,11.0678,11.1032,0,27.9803
12.67,level,0.102887,-0.440601,-0.0628248,0.00830245,0,0,0.184169,-0.013361,-0.00533376,93.6851,93.8251,162.031,11.2594,nan,0.276517,0.278833,0.286503,0.265998,0.274731,0.278833,0.274731,0.286503,0.265998,1,0,0.0633589,0,0.00282067,-0.0466249,-0.00720952,0.18842,-0.0248676,0,0,0,0.184782,0.00371549,0.00774213,-0.129061,-0.93589,10.9851,11.0256,0,27.9896
12.68,level,0.104697,-0.44047,-0.0626987,0.00793819,0,0,0.183837,-0.0140919,-0.00523589,93.6822,93.8222,162.144,11.2716,nan,0.276539,0.27773,0.287566,0.265847,0.275008,0.27773,0.275008,0.287566,0.265847,1,0,0.0631931,0,-0.00179057,-0.0463113,-0.00835012,0.188063,-0.0238619,0,0,0,0.197633,0.0102397,0.0108772,-0.0484,-0.919133,11.0474,11.0857,0,27.9946
12.69,level,0.106504,-0.440331,-0.0626162,0.00771762,0,0,0.183482,-0.0149658,-0.00505042,93.6793,93.8193,162.256,11.2838,nan,0.27656,0.2803,0.285368,0.267387,0.273181,0.2803,0.273181,0.285368,0.267387,1,0,0.0630684,0,0.00192312,-0.0475605,-0.00477391,0.187789,-0.0231811,0,0,0,0.183044,-0.000216241,0.00209998,-0.0727536,-0.91345,11.0085,11.0466,0,28.0079
12.7,level,0.108307,-0.440183,-0.0625613,0.0075096,0,0,0.183197,-0.0158656,-0.00487137,93.6764,93.8164,162.369,11.296,nan,0.276582,0.280523,0.285271,0.267526,0.273002,0.280523,0.273002,0.285271,0.267526,1,0,0.0629928,0,0.00193074,-0.0478749,-0.00449352,0.18764,-0.022589,0,0,0,0.185927,0.0194505,0.0141735,-0.0232217,-0.910146,11.0425,11.0799,0,28.0223
12.71,level,0.110106,-0.440027,-0.0624191,0.00703149,0,0,0.183041,-0.0167407,-0.00441535,93.6735,93.8135,162.482,11.3081,nan,0.276603,0.279681,0.286053,0.266998,0.273675,0.279681,0.273675,0.286053,0.266998,1,0,0.0627956,0,0.00080576,-0.0474857,-0.00573543,0.187192,-0.0210764,0,0,0,0.177581,-0.00128754,0.00078961,-0.103748,-0.946685,11.0176,11.0586,0,28.0209
12.72,level,0.111908,-0.439861,-0.062262,0.00679073,0,0,0.182931,-0.0176492,-0.00365856,93.6706,93.8106,162.595,11.3203,nan,0.276624,0.280235,0.285337,0.267486,0.273434,0.280235,0.273434,0.285337,0.267486,1,0,0.0626207,0,0.0022441,-0.0467115,-0.00485733,0.186733,-0.0204454,0,0,0,0.176173,0.021436,0.00442503,-0.00212959,-0.89814,10.9486,10.9854,0,28.0304
12.73,level,0.113709,-0.439685,-0.0622057,0.00669084,0,0,0.182807,-0.0185961,-0.00384003,93.6677,93.8077,162.709,11.3325,nan,0.276645,0.279616,0.286243,0.267138,0.27358,0.279616,0.27358,0.286243,0.267138,1,0,0.0625483,0,-0.000491771,-0.0476366,-0.00574417,0.186583,-0.020158,0,0,0,0.187454,0.0162142,0.011639,0.0016418,-0.895051,10.9785,11.0149,0,28.0497
12.74,level,0.115507,-0.439501,-0.0620313,0.00634809,0,0,0.182634,-0.0194877,-0.00402765,93.6647,93.8047,162.822,11.3447,nan,0.276666,0.279968,0.285984,0.267127,0.273582,0.279968,0.273582,0.285984,0.267127,1,0,0.0623612,0,0.00116522,-0.0478294,-0.00548142,0.186062,-0.0191206,0,0,0,0.189475,0.0190006,0.0143373,0.018848,-0.951062,11.0842,11.1249,0,28.0534
12.75,level,0.117301,-0.439309,-0.0619051,0.00621416,0,0,0.182423,-0.0202792,-0.00419585,93.6618,93.8018,162.936,11.357,nan,0.276687,0.279975,0.286062,0.267136,0.273572,0.279975,0.273572,0.286062,0.267136,1,0,0.0622387,0,0.000923609,-0.0479926,-0.00550436,0.185734,-0.0188167,0,0,0,0.183488,0.0224202,0.00254147,0.0738155,-0.838235,10.9266,10.959,0,28.0685
12.76,level,0.119093,-0.439109,-0.0617633,0.00573561,0,0,0.182138,-0.0210277,-0.00448297,93.6589,93.7989,163.049,11.3692,nan,0.276708,0.279278,0.286818,0.266502,0.274232,0.279278,0.274232,0.286818,0.266502,1,0,0.06202,0,0.000504841,-0.0480554,-0.0067117,0.185265,-0.0173198,0,0,0,0.181757,0.0223654,0.00619911,0.0130949,-0.825201,10.9697,11.0007,0,28.0665
12.77,level,0.12088,-0.438902,-0.0617916,0.00566131,0,0,0.181901,-0.021786,-0.00405528,93.6559,93.7959,163.163,11.3815,nan,0.276729,0.279497,0.286355,0.267165,0.273896,0.279497,0.273896,0.286355,0.267165,1,0,0.0620469,0,-0.000337156,-0.0469762,-0.00597275,0.185334,-0.0170708,0,0,0,0.180508,0.0191103,-0.000493699,-0.00786441,-0.82629,11.033,11.0639,0,28.089
12.78,level,0.122666,-0.438687,-0.0616548,0.0052605,0,0,0.181599,-0.0224796,-0.00420696,93.653,93.793,163.277,11.3937,nan,0.27675,0.280961,0.28524,0.267629,0.273167,0.280961,0.273167,0.28524,0.267629,1,0,0.0619122,0,0.00333973,-0.0481377,-0.00431554,0.185036,-0.0160033,0,0,0,0.185121,0.0198987,-0.00712569,0.0786512,-0.781683,11.0476,11.0755,0,28.0907
12.79,level,0.124449,-0.438466,-0.0614758,0.00503635,0,0,0.181443,-0.02308,-0.00476692,93.6501,93.7901,163.391,11.406,nan,0.276771,0.280448,0.285753,0.267668,0.273211,0.280448,0.273211,0.285753,0.267668,1,0,0.0617039,0,0.000630313,-0.0479798,-0.00476865,0.184471,-0.0152948,0,0,0,0.192198,0.0211978,0.000683857,0.0494613,-0.7867,11.0271,11.0552,0,28.0995
12.8,level,0.126226,-0.438241,-0.0610971,0.00461391,0,0,0.181265,-0.0236435,-0.00482158,93.6471,93.7871,163.505,11.4183,nan,0.276792,0.279865,0.286289,0.267803,0.273207,0.279865,0.273207,0.286289,0.267803,1,0,0.0613279,0,-0.00270584,-0.0476429,-0.00519889,0.183424,-0.014104,0,0,0,0.179786,0.0159364,0.00730694,0.0258607,-0.709101,11.0939,11.1166,0,28.0925
12.81,level,0.128002,-0.438009,-0.0610359,0.00450485,0,0,0.180977,-0.024181,-0.00348213,93.6442,93.7842,163.619,11.4306,nan,0.276813,0.27928,0.286731,0.267347,0.273889,0.27928,0.273889,0.286731,0.267347,1,0,0.0612228,0,-0.00241076,-0.046945,-0.00615026,0.183158,-0.0137251,0,0,0,0.18065,0.0175435,0.0094159,0.0833139,-0.785282,11.0345,11.0627,0,28.1103
12.82,level,0.129779,-0.437771,-0.0608772,0.00419507,0,0,0.180639,-0.0248696,-0.00274807,93.6412,93.7812,163.734,11.4429,nan,0.276833,0.280431,0.285507,0.26829,0.273101,0.280431,0.273101,0.285507,0.26829,1,0,0.0610238,0,-0.000703576,-0.0465131,-0.00434593,0.182602,-0.0125258,0,0,0,0.197382,0.0126887,0.00761656,-0.0662528,-0.804684,11.0713,11.1007,0,28.1156
12.83,level,0.131555,-0.437525,-0.0606501,0.00394219,0,0,0.180269,-0.0256199,-0.00279471,93.6383,93.7783,163.848,11.4553,nan,0.276854,0.278821,0.287262,0.266805,0.274524,0.278821,0.274524,0.287262,0.266805,1,0,0.0607811,0,-0.00191366,-0.0469059,-0.00710242,0.181926,-0.0119165,0,0,0,0.186669,0.0215609,0.00547235,0.00362294,-0.783797,11.0584,11.0861,0,28.1213
12.84,level,0.133326,-0.437271,-0.0605112,0.00382364,0,0,0.179826,-0.0264056,-0.00231323,93.6353,93.7753,163.963,11.4676,nan,0.276874,0.279158,0.287067,0.267315,0.273954,0.279158,0.273954,0.287067,0.267315,1,0,0.0606436,0,-0.00336843,-0.047287,-0.00639431,0.181552,-0.0116291,0,0,0,0.191151,0.0176974,0.0053598,0.015383,-0.743039,10.9823,11.0074,0,28.1359
12.85,level,0.135095,-0.437009,-0.0603006,0.00339468,0,0,0.179349,-0.0271847,-0.00228114,93.6323,93.7723,164.077,11.4799,nan,0.276895,0.279875,0.286708,0.266496,0.274497,0.279875,0.274497,0.286708,0.266496,1,0,0.0603836,0,0.00309984,-0.0484868,-0.0065204,0.180846,-0.0101903,0,0,0,0.179064,0.0290581,0.011691,-0.0182108,-0.785614,10.9781,11.0061,0,28.1335
12.86,level,0.136859,-0.436738,-0.0600293,0.00308788,0,0,0.178805,-0.0279229,-0.00233934,93.6294,93.7694,164.192,11.4923,nan,0.276915,0.278701,0.287925,0.266534,0.274497,0.278701,0.274497,0.287925,0.266534,1,0,0.0600986,0,-0.00334464,-0.0484983,-0.00755433,0.180066,-0.00934749,0,0,0,0.190199,0.017871,0.00644143,0.0166812,-0.794276,10.9921,11.0208,0,28.1346
12.87,level,0.138618,-0.436461,-0.0600209,0.00315071,0,0,0.178212,-0.028688,-0.00132917,93.6264,93.7664,164.307,11.5046,nan,0.276936,0.28063,0.285626,0.268265,0.273218,0.28063,0.273218,0.285626,0.268265,1,0,0.0601025,0,-0.00011194,-0.0469394,-0.00437273,0.18004,-0.0093354,0,0,0,0.193484,0.0185758,0.00458694,-0.0667581,-0.76361,11.0531,11.0796,0,28.1615
12.88,level,0.140373,-0.436175,-0.0597147,0.00296801,0,0,0.177675,-0.0294508,-0.00091968,93.6234,93.7634,164.422,11.517,nan,0.276956,0.280743,0.285619,0.268808,0.272649,0.280743,0.272649,0.285619,0.268808,1,0,0.0597923,0,-0.00274523,-0.0471907,-0.00383133,0.179156,-0.00904271,0,0,0,0.186923,0.0292882,-0.000748734,0.0487071,-0.764446,10.9363,10.963,0,28.1668
12.89,level,0.142123,-0.435881,-0.0595305,0.00277369,0,0,0.177141,-0.0301844,-0.000434918,93.6204,93.7604,164.538,11.5294,nan,0.276976,0.280585,0.285767,0.268422,0.273126,0.280585,0.273126,0.285767,0.268422,1,0,0.0595685,0,-0.00126849,-0.0469975,-0.00434519,0.178539,-0.00827695,0,0,0,0.18221,0.0245376,-0.00250507,-0.0356259,-0.794015,11.0236,11.0522,0,28.1754
12.9,level,0.143867,-0.43558,-0.0592182,0.00265484,0,0,0.176514,-0.0309722,-0.00164762,93.6174,93.7574,164.653,11.5418,nan,0.276996,0.279658,0.286831,0.267392,0.274101,0.279658,0.274101,0.286831,0.267392,1,0,0.0592675,0,-0.00123159,-0.0473623,-0.00610213,0.177632,-0.00779769,0,0,0,0.179666,0.0212365,0.001456,-0.102873,-0.794696,10.9941,11.0232,0,28.1831
12.91,level,0.145603,-0.435271,-0.0589897,0.00251963,0,0,0.175864,-0.0317734,-0.00177323,93.6144,93.7544,164.768,11.5541,nan,0.277017,0.279056,0.287591,0.266557,0.274859,0.279056,0.274859,0.287591,0.266557,1,0,0.0590256,0,-0.000618829,-0.0478096,-0.00740049,0.176925,-0.00751345,0,0,0,0.18784,0.0306187,0.0059338,-0.0287693,-0.80172,10.9888,11.018,0,28.1925
12.92,level,0.147329,-0.434956,-0.0587969,0.00238462,0,0,0.175141,-0.0325089,-0.00146038,93.6114,93.7514,164.884,11.5665,nan,0.277037,0.279046,0.287522,0.266702,0.274872,0.279046,0.274872,0.287522,0.266702,1,0,0.0588233,0,-0.0008095,-0.0473586,-0.00731652,0.176344,-0.00707568,0,0,0,0.184067,0.0266997,0.00890528,-0.0580373,-0.884537,11.0455,11.0811,0,28.2027
12.93,level,0.149051,-0.434632,-0.058482,0.00219474,0,0,0.174516,-0.0331447,-0.000536328,93.6084,93.7484,165,11.5789,nan,0.277057,0.279408,0.287362,0.266775,0.274677,0.279408,0.274677,0.287362,0.266775,1,0,0.0585022,0,-0.000134181,-0.0479729,-0.00696915,0.175408,-0.00645424,0,0,0,0.179844,0.0217329,0.0122054,-0.0809835,-0.806755,10.985,11.0148,0,28.2061
12.94,level,0.15077,-0.434302,-0.0583583,0.00182717,0,0,0.173949,-0.0336173,-0.000754896,93.6054,93.7454,165.116,11.5913,nan,0.277076,0.280891,0.286033,0.267786,0.273592,0.280891,0.273592,0.286033,0.267786,1,0,0.0583553,0,0.0017617,-0.0484035,-0.0048117,0.17501,-0.00546207,0,0,0,0.172309,0.0261643,0.00416818,-0.00746215,-0.859397,11.0474,11.0808,0,28.2077
12.95,level,0.152478,-0.43397,-0.058198,0.00177001,0,0,0.173422,-0.0339424,-0.00120447,93.6024,93.7424,165.231,11.6037,nan,0.277096,0.280134,0.286489,0.267111,0.274647,0.280134,0.274647,0.286489,0.267111,1,0,0.058208,0,0.00313196,-0.0471129,-0.00610542,0.174548,-0.00516508,0,0,0,0.171506,0.0256023,-0.00914204,-0.0790893,-0.801135,11.1331,11.1621,0,28.2224
12.96,level,0.154182,-0.433635,-0.0580224,0.00160491,0,0,0.173002,-0.0342276,-0.000565057,93.5994,93.7394,165.348,11.6161,nan,0.277116,0.279957,0.286955,0.266994,0.274554,0.279957,0.274554,0.286955,0.266994,1,0,0.0580439,0,0.00149304,-0.0480597,-0.00639868,0.174041,-0.00489147,0,0,0,0.184721,0.0231696,0.00709619,0.0472023,-0.806096,11.0283,11.0579,0,28.2316
12.97,level,0.155885,-0.433296,-0.0578415,0.00131976,0,0,0.172675,-0.0345106,-5.17855e-05,93.5964,93.7364,165.464,11.6286,nan,0.277135,0.280489,0.286137,0.267663,0.274249,0.280489,0.274249,0.286137,0.267663,1,0,0.057834,0,0.00248665,-0.0468289,-0.00537727,0.173471,-0.00396346,0,0,0,0.177686,0.0280945,0.000768026,0.00497808,-0.770406,11.0569,11.0837,0,28.2352
12.98,level,0.157586,-0.432953,-0.0575822,0.000961315,0,0,0.17236,-0.0348102,-2.7553e-05,93.5934,93.7334,165.58,11.641,nan,0.277155,0.279385,0.287505,0.266685,0.27504,0.279385,0.27504,0.287505,0.266685,1,0,0.0575778,0,0.000622569,-0.0476807,-0.00724125,0.172676,-0.00281033,0,0,0,0.168152,0.0326526,0.0108804,-0.0247262,-0.811652,11.1112,11.1408,0,28.2327
12.99,level,0.159285,-0.432607,-0.0572486,0.000645901,0,0,0.172028,-0.0351891,0.000546351,93.5904,93.7304,165.697,11.6534,nan,0.277174,0.28087,0.286163,0.268121,0.273539,0.28087,0.273539,0.286163,0.268121,1,0,0.0572455,0,0.000332807,-0.0480787,-0.00470804,0.171699,-0.00200254,0,0,0,0.172929,0.0250404,-0.00842345,0.0559851,-0.811576,11.0619,11.0918,0,28.2298
