t,phase,roll,pitch,roll_est,pitch_est,roll_sp,pitch_sp,p,q,r,alt,alt_abs,alt_est,vz,height_sp,thr,m0,m1,m2,m3,mp0,mp1,mp2,mp3,mix_scale,sat,att_err,gust,torque_x,torque_y,torque_z,rate_sp_x,rate_sp_y,bg_x,bg_y,bg_z,gx,gy,gz,ax,ay,az,acc_n,tilt_angle,tilt_err
0,ground hold,1.33648e-17,4.996e-16,-1.76535e-06,-2.42557e-06,0,0,-2.71051e-20,-9.88628e-13,6.77626e-21,9.9418e-10,0.14,-1.21566e-06,-0.00486264,nan,0,0,0,0,0,0,0,0,0,1,0,0,0,0,0,0,0,0,0,0,0,-0.0035307,-0.00485114,-0.00463508,0.0395118,-0.0299843,0.0813743,0.0952996,0,0.000171886
0.01,ground hold,-9.66316e-17,3.17464e-10,4.99718e-05,-5.67174e-05,0,0,1.02544e-15,-1.36987e-07,3.74728e-14,-0.000539703,0.13946,-0.258133,-0.102642,nan,0,0,0,0,0,0,0,0,0,1,0,0,0,0,0,0,0,0,0,0,0,0.00888942,-0.00743554,-0.00769155,0.114693,-0.053679,0.0808005,0.150215,0,0.00433108
0.02,ground hold,-3.14601e-16,5.08769e-09,7.55299e-05,-7.81758e-05,0,0,1.64399e-14,-1.05663e-06,5.81207e-13,-0.0020578,0.137942,-0.259649,-0.200468,nan,0,0,0,0,0,0,0,0,0,1,0,0,0,0,0,0,0,0,-9.27331e-14,9.85417e-15,-7.1962e-19,0.000120875,0.00162508,0.00504176,-0.0480511,0.00807011,0.0698986,0.0852047,0,0.0062284
0.03,ground hold,-2.76813e-16,2.5764e-08,0.000141449,-0.00011597,0,0,8.32545e-14,-3.52245e-06,2.91203e-12,-0.0045553,0.135445,-0.075746,-0.296443,nan,0,0,0,0,0,0,0,0,0,1,0,0,0,0,0,0,0,0,-9.27331e-14,9.85417e-15,-7.1962e-19,0.000125276,-0.00553597,-0.00184382,-0.000287029,-0.0150423,0.0167256,0.0224966,0,0.010481
0.04,ground hold,4.05881e-16,8.14348e-08,0.000180171,-0.000164371,0,0,2.63153e-13,-8.29791e-06,9.15582e-12,-0.00803215,0.131968,-0.0791999,-0.394307,nan,0,0,0,0,0,0,0,0,0,1,0,0,0,0,0,0,0,0,-2.59753e-12,-2.28145e-12,2.88074e-16,0.00148698,-0.00622924,-0.0050095,0.00224754,0.0220584,0.00174095,0.0222409,0,0.0139767
0.05,ground hold,1.24784e-08,0.000162918,0.000207834,-4.00798e-05,0,0,1.45128e-06,-0.0435361,-1.47239e-08,-0.0112746,0.128725,-0.173338,-0.153688,nan,0,0,0,0,0,0,0,0,0,1,0,0,0,0,0,0,0,0,-2.59753e-12,-2.28145e-12,2.88074e-16,-0.0052366,0.0297355,0.011103,0.332245,0.0388264,57.7799,57.7809,0,0.0166443
0.06,ground hold,1.39458e-08,0.000409517,0.000240437,0.000137219,0,0,-4.42932e-07,-0.00576068,-1.36797e-09,-0.0114606,0.128539,-0.173804,-0.00272204,nan,0,0,0,0,0,0,0,0,0,1,0,0,0,0,0,0,0,0,3.83406e-12,7.73487e-11,-8.65731e-15,-0.000509183,-0.00903862,0.00138418,-0.269368,-0.00134696,12.408,12.4109,0,0.0208105
0.07,ground hold,9.50431e-09,0.000426775,-0.00277325,0.0125656,0,0,-4.22045e-07,8.24828e-05,-4.82379e-10,-0.0113226,0.128677,-0.123426,0.00421944,nan,0,0,0,0,0,0,0,0,0,1,0,0,0,0,0,0,0,0,1.86364e-06,-7.24238e-06,2.04582e-08,-0.00464189,-0.00673058,0.00144539,-0.109524,-0.0712218,9.47326,9.47416,0,0.713421
0.08,ground hold,6.21845e-09,0.000402564,-0.00259227,0.0100297,0,0,-2.55878e-07,0.00387613,1.85272e-08,-0.0112094,0.128791,-0.123402,0.00051266,nan,0,0,0,0,0,0,0,0,0,1,0,0,0,0,0,0,0,0,2.30115e-06,3.62722e-07,6.02066e-08,0.0134111,-0.00557509,-0.000886052,-0.00115768,0.0261257,9.46369,9.46373,0,0.571243
0.09,ground hold,4.23027e-09,0.000365348,-0.00281867,0.00545897,0,0,-1.34911e-07,0.00329212,1.13143e-08,-0.0111306,0.128869,0.0121117,0.00711797,nan,0,0,0,0,0,0,0,0,0,1,0,0,0,0,0,0,0,0,3.09593e-06,1.69379e-05,1.64577e-07,-0.000960192,-0.0186928,-0.00403107,0.0973966,-0.00977025,9.56761,9.56811,0,0.333548
0.1,ground hold,2.87664e-09,0.000337561,-0.00355118,0.00192269,0,0,-1.11859e-07,0.00223643,1.58204e-10,-0.0110766,0.128923,0.012174,0.00524758,nan,0,0,0,0,0,0,0,0,0,1,0,0,0,0,0,0,0,0,7.12954e-06,4.00129e-05,2.71789e-07,0.00269739,-0.00384335,-0.00176269,-0.0142196,-0.00307259,9.57631,9.57632,0,0.222818
0.11,ground hold,1.86375e-09,0.000319249,-0.00409104,0.00112313,0,0,-8.07429e-08,0.00143595,-7.42072e-09,-0.0110397,0.12896,-0.00236396,0.00251242,nan,0,0,0,0,0,0,0,0,0,1,0,0,0,0,0,0,0,0,1.35727e-05,4.81646e-05,2.15461e-07,-0.000713927,-0.00345995,-0.000674235,0.0160302,-0.0378727,9.72934,9.72943,0,0.238885
0.12,ground hold,1.28753e-09,0.000307606,-0.00316351,-0.000592331,0,0,-4.55159e-08,0.000904499,-5.82081e-09,-0.0110144,0.128986,-0.00234284,0.00175039,nan,0,0,0,0,0,0,0,0,0,1,0,0,0,0,0,0,0,0,-4.99141e-07,7.21838e-05,6.47287e-07,0.00712142,-0.00529398,0.00393826,0.0499894,0.0652629,9.73893,9.73928,0,0.188444
0.13,ground hold,7.35559e-10,0.000300304,-0.00257185,-0.00017552,0,0,-6.38732e-08,0.000564477,-1.62069e-08,-0.0109972,0.129003,-0.0505614,-0.00513328,nan,0,0,0,0,0,0,0,0,0,1,0,0,0,0,0,0,0,0,-1.12344e-05,6.32394e-05,7.92561e-07,0.0137326,0.00335667,0.00172694,-0.0746299,-0.0418193,9.75264,9.75301,0,0.149851
0.14,ground hold,4.94519e-10,0.000295761,-0.00226639,-1.14642e-05,0,0,-1.03684e-08,0.000349856,-1.11073e-08,-0.0109855,0.129015,-0.050613,-0.00523375,nan,0,0,0,0,0,0,0,0,0,1,0,0,0,0,0,0,0,0,-1.65647e-05,5.71642e-05,8.74076e-07,0.00309767,-0.0132077,0.0226992,0.0550889,-0.012333,9.77956,9.77972,0,0.131035
0.15,ground hold,2.78706e-10,0.000292954,-0.00201748,-0.000201493,0,0,-1.50113e-08,0.000215309,-7.22951e-09,-0.0109774,0.129023,-0.0129203,0.00110094,nan,0,0,0,0,0,0,0,0,0,1,0,0,0,0,0,0,0,0,-2.31389e-05,6.12695e-05,9.38389e-07,-0.00312348,-0.0016149,0.00757989,-0.000494505,0.0382786,9.8204,9.82047,0,0.119006
0.16,ground hold,7.71033e-12,0.000291233,-0.00229337,-0.000716892,0,0,-1.14173e-08,0.000131434,-1.34241e-09,-0.0109719,0.129028,-0.0129087,0.00120595,nan,0,0,0,0,0,0,0,0,0,1,0,0,0,0,0,0,0,0,-1.00054e-05,8.00261e-05,8.61485e-07,0.00530137,-0.00554929,0.00366013,-0.0780827,-0.0031404,9.7824,9.78271,0,0.14353
0.17,ground hold,-7.83253e-11,0.000290186,-0.00243368,-0.000833748,0,0,-1.06599e-08,7.94772e-05,-8.81516e-09,-0.0109682,0.129032,-0.0674776,-0.0105901,nan,0,0,0,0,0,0,0,0,0,1,0,0,0,0,0,0,0,0,-1.10247e-06,8.31459e-05,8.09138e-07,0.01588,-0.0220837,0.00373918,0.0559074,0.0366368,9.86895,9.86918,0,0.153588
0.18,ground hold,-6.41111e-11,0.000289556,-0.00271392,-0.000942614,0,0,-2.71422e-08,4.75635e-05,-1.16527e-08,-0.0109656,0.129034,-0.0675826,-0.0105322,nan,0,0,0,0,0,0,0,0,0,1,0,0,0,0,0,0,0,0,1.65906e-05,8.77776e-05,7.17343e-07,0.00611875,-0.00215916,-0.00347429,0.0787889,0.0607758,9.74963,9.75013,0,0.17077
0.19,ground hold,-3.20603e-11,0.000289181,-0.00280031,-0.000871024,0,0,3.93061e-09,2.80269e-05,-5.44699e-09,-0.0109638,0.129036,0.0169441,0.0119044,nan,0,0,0,0,0,0,0,0,0,1,0,0,0,0,0,0,0,0,2.57436e-05,8.12617e-05,6.39864e-07,0.00804949,-0.00620422,0.000161061,0.028748,0.0141826,9.83819,9.83825,0,0.17367
0.2,ground hold,1.55669e-10,0.000288962,-0.00276971,-0.00124076,0,0,3.86964e-08,1.62412e-05,-1.46232e-09,-0.0109626,0.129037,0.0170646,0.0121535,nan,0,0,0,0,0,0,0,0,0,1,0,0,0,0,0,0,0,0,2.71954e-05,0.000102226,7.19008e-07,0.00501732,-0.000631601,0.00526079,0.0388718,-0.0542424,9.81819,9.81842,0,0.181287
0.21,ground hold,3.34182e-10,0.000288837,-0.0027145,-0.000984095,0,0,3.7147e-09,9.10641e-06,-1.43705e-09,-0.0109618,0.129038,-0.0565633,-0.0106339,nan,0,0,0,0,0,0,0,0,0,1,0,0,0,0,0,0,0,0,2.66588e-05,7.76501e-05,6.42676e-07,0.00287565,-0.00366188,-0.00206416,0.0800262,-0.00653102,9.82523,9.82555,0,0.17178
0.22,ground hold,2.61553e-10,0.000288767,-0.0025868,-0.00149656,0,0,-9.85041e-09,4.96157e-06,9.60669e-11,-0.0109613,0.129039,-0.0566685,-0.0104503,nan,0,0,0,0,0,0,0,0,0,1,0,0,0,0,0,0,0,0,2.10266e-05,0.000120547,7.92884e-07,0.00887149,-0.0065418,-0.00123068,0.0471283,0.00828779,9.79772,9.79784,0,0.180084
0.23,ground hold,1.46694e-10,0.00028873,-0.002749,-0.00143898,0,0,4.39256e-09,2.5071e-06,-1.31587e-09,-0.0109609,0.129039,-0.0194977,0.00324355,nan,0,0,0,0,0,0,0,0,0,1,0,0,0,0,0,0,0,0,4.04119e-05,0.000112259,6.70383e-07,0.0043028,-0.00622186,-0.00341927,0.0770232,-0.074591,9.88714,9.88772,0,0.186031
0.24,ground hold,2.3764e-10,0.000288712,-0.0028893,-0.00176928,0,0,-2.93377e-08,1.17219e-06,-2.58449e-09,-0.0109606,0.129039,-0.0194649,0.00331112,nan,0,0,0,0,0,0,0,0,0,1,0,0,0,0,0,0,0,0,6.0643e-05,0.000139864,6.89694e-07,0.0073513,-0.00540638,0.0138883,-0.00867086,0.0356759,9.86185,9.86192,0,0.203247
0.25,ground hold,2.60757e-10,0.000288704,-0.00283538,-0.00190628,0,0,2.19147e-08,4.54595e-07,2.21997e-10,-0.0109604,0.12904,-0.0108992,0.00716946,nan,0,0,0,0,0,0,0,0,0,1,0,0,0,0,0,0,0,0,6.20438e-05,0.000150027,7.26402e-07,0.0154168,-0.00365848,-0.00639787,0.0100882,-0.00268621,9.86654,9.86655,0,0.205448
0.26,ground hold,3.07748e-10,0.000288702,-0.00289124,-0.00201405,0,0,5.77308e-10,1.09899e-07,-3.80295e-10,-0.0109603,0.12904,-0.0108269,0.0073131,nan,0,0,0,0,0,0,0,0,0,1,0,0,0,0,0,0,0,0,7.47095e-05,0.000155531,6.94699e-07,0.00454022,-0.00757584,0.0133929,0.021805,-0.0525101,9.80997,9.81013,0,0.211779
0.27,ground hold,1.8786e-10,0.000288702,-0.00269846,-0.00239924,0,0,3.27009e-09,-8.85379e-08,2.95878e-11,-0.0109602,0.12904,-0.0212284,0.00261289,nan,0,0,0,0,0,0,0,0,0,1,0,0,0,0,0,0,0,0,5.66376e-05,0.00019687,9.24619e-07,-0.000820475,-0.00264763,0.00754756,0.0851938,-0.0511394,9.83378,9.83428,0,0.218228
0.28,ground hold,1.07568e-10,0.000288703,-0.00249147,-0.00254903,0,0,-8.79413e-09,-1.15572e-07,-3.26047e-11,-0.0109602,0.12904,-0.0212015,0.00280302,nan,0,0,0,0,0,0,0,0,0,1,0,0,0,0,0,0,0,0,3.57665e-05,0.000211385,1.07933e-06,0.00756909,-0.0062953,0.00602606,0.032765,0.0126835,9.8305,9.83056,0,0.216365
0.29,ground hold,1.26951e-10,0.000288705,-0.00224212,-0.00233019,0,0,5.8499e-09,-2.1722e-07,6.84573e-10,-0.0109601,0.12904,-0.0140193,0.00690146,nan,0,0,0,0,0,0,0,0,0,1,0,0,0,0,0,0,0,0,7.87085e-06,0.00018116,1.12041e-06,-0.00760636,-0.00985285,-0.00775207,0.00634236,0.00252243,9.89211,9.89212,0,0.197532
0.3,ground hold,2.5175e-10,0.000288707,-0.00231488,-0.00237253,0,0,1.97548e-08,-2.02153e-07,-5.19615e-10,-0.0109601,0.12904,-0.0139498,0.00704181,nan,0,0,0,0,0,0,0,0,0,1,0,0,0,0,0,0,0,0,2.34867e-05,0.000183017,1.05814e-06,0.0190913,0.00704108,-0.00506986,0.00749529,-0.0153694,9.75006,9.75008,0,0.202093
0.31,ground hold,1.24937e-10,0.000288709,-0.00209672,-0.0021865,0,0,1.27095e-08,-1.6926e-07,6.62019e-10,-0.0109601,0.12904,-0.0285318,-0.00147551,nan,0,0,0,0,0,0,0,0,0,1,0,0,0,0,0,0,0,0,-1.47509e-06,0.000150638,1.09127e-06,0.00973415,-0.00308624,0.00612461,-0.0474583,-0.0312846,9.71148,9.71165,0,0.185863
0.32,ground hold,1.00256e-10,0.000288711,-0.00180647,-0.00193343,0,0,-1.78381e-08,-1.50257e-07,3.68641e-10,-0.0109601,0.12904,-0.0285471,-0.00153361,nan,0,0,0,0,0,0,0,0,0,1,0,0,0,0,0,0,0,0,-3.68192e-05,0.000106686,1.09757e-06,0.00588603,-0.00620888,0.00869468,-0.0107208,0.0179796,9.82534,9.82536,0,0.164084
0.33,ground hold,4.19512e-11,0.000288712,-0.00170164,-0.00171811,0,0,6.31267e-09,-1.24106e-07,1.16774e-10,-0.0109601,0.12904,-0.0238195,0.00182478,nan,0,0,0,0,0,0,0,0,0,1,0,0,0,0,0,0,0,0,-4.77847e-05,6.80475e-05,1.07918e-06,0.00245005,-0.00331835,0.00701019,0.068336,-0.0373748,9.81995,9.82026,0,0.150755
0.34,ground hold,5.53421e-11,0.000288713,-0.00163235,-0.001809,0,0,2.03199e-10,-5.09902e-08,-3.32457e-11,-0.0109601,0.12904,-0.0238005,0.00199761,nan,0,0,0,0,0,0,0,0,0,1,0,0,0,0,0,0,0,0,-5.27467e-05,7.49626e-05,1.08898e-06,-0.00266051,0.00419907,-0.00260583,-0.0445026,0.0661495,9.8644,9.86472,0,0.152294
0.35,ground hold,1.71755e-10,0.000288713,-0.00129236,-0.00225523,0,0,-2.58865e-09,2.65155e-08,-1.20109e-10,-0.0109601,0.12904,-0.0159004,0.00792166,nan,0,0,0,0,0,0,0,0,0,1,0,0,0,0,0,0,0,0,-9.83728e-05,0.000140265,1.24152e-06,0.00313128,-0.0108991,-0.00890603,0.0436932,-0.10093,9.76694,9.76756,0,0.163488
0.36,ground hold,-1.66538e-10,0.000288712,-0.00120652,-0.00196179,0,0,-8.80164e-09,1.06758e-08,7.15745e-11,-0.0109601,0.12904,-0.015821,0.00802761,nan,0,0,0,0,0,0,0,0,0,1,0,0,0,0,0,0,0,0,-0.000103041,8.75605e-05,1.22739e-06,-0.00597127,-0.00584604,-0.00345542,0.0324743,-0.133059,9.80971,9.81067,0,0.146306
0.37,ground hold,-1.74113e-10,0.000288713,-0.00104547,-0.00206555,0,0,5.32861e-10,-6.37187e-08,-1.67224e-10,-0.0109601,0.12904,-0.00219617,0.0186549,nan,0,0,0,0,0,0,0,0,0,1,0,0,0,0,0,0,0,0,-0.000124654,0.000102293,1.28952e-06,0.00403555,-0.00460171,-0.00155103,0.0153416,0.038559,9.82858,9.82867,0,0.147592
0.38,ground hold,-1.87517e-10,0.000288714,-0.0010902,-0.00214945,0,0,1.11886e-08,-9.17092e-09,-1.00932e-10,-0.0109601,0.12904,-0.0020083,0.0188601,nan,0,0,0,0,0,0,0,0,0,1,0,0,0,0,0,0,0,0,-0.0001096,0.000111997,1.25436e-06,-0.00572513,0.00209131,0.0097938,-0.0536018,0.0564358,9.83146,9.83177,0,0.153027
0.39,ground hold,-2.64202e-10,0.000288714,-0.00119269,-0.00242551,0,0,-7.66359e-09,-1.00266e-08,2.04121e-10,-0.0109601,0.12904,-0.0268108,-0.00163787,nan,0,0,0,0,0,0,0,0,0,1,0,0,0,0,0,0,0,0,-8.1883e-05,0.000154168,1.19294e-06,-0.000718671,-0.0081305,-0.00453153,0.0823066,0.000300809,9.8508,9.85115,0,0.169867
0.4,ground hold,-2.87238e-10,0.000288713,-0.00134256,-0.00246004,0,0,-3.06346e-10,4.48136e-08,-3.56948e-12,-0.0109601,0.12904,-0.0268257,-0.00140533,nan,0,0,0,0,0,0,0,0,0,1,0,0,0,0,0,0,0,0,-4.44202e-05,0.00015228,1.06785e-06,0.0131457,0.00368363,7.19428e-05,0.0260124,-0.0927847,9.81951,9.81998,0,0.175276
0.41,ground hold,-2.88469e-10,0.000288713,-0.00125676,-0.00214227,0,0,-1.53951e-11,-9.50036e-08,1.93277e-11,-0.0109601,0.12904,0.0163615,0.0365446,nan,0,0,0,0,0,0,0,0,0,1,0,0,0,0,0,0,0,0,-5.45566e-05,8.8263e-05,1.01746e-06,0.00333647,-0.00533184,0.00173151,-0.0318522,-0.0420526,9.83594,9.83608,0,0.156799
0.42,ground hold,-1.12039e-10,0.000288714,-0.00125454,-0.00200783,0,0,3.86566e-08,-1.23136e-07,-1.78652e-11,-0.0109601,0.12904,0.0167279,0.0367316,nan,0,0,0,0,0,0,0,0,0,1,0,0,0,0,0,0,0,0,-4.94489e-05,5.74659e-05,9.82608e-07,0.00191946,-0.00237836,0.00318145,-0.0467538,-0.0107718,9.90225,9.90237,0,0.149938
0.43,ground hold,8.19348e-11,0.000288715,-0.000979375,-0.00203657,0,0,-8.93357e-09,-8.01104e-08,3.41401e-10,-0.0109601,0.12904,0.00682438,0.0274948,nan,0,0,0,0,0,0,0,0,0,1,0,0,0,0,0,0,0,0,-9.43682e-05,5.91978e-05,1.03859e-06,-0.0026313,-0.00122198,-0.00256639,-0.0692867,-0.02099,9.80532,9.80559,0,0.144566
0.44,ground hold,-1.69023e-10,0.000288716,-0.000804236,-0.00215435,0,0,-2.33576e-08,-3.52871e-08,-2.96515e-10,-0.0109601,0.12904,0.00710066,0.0277791,nan,0,0,0,0,0,0,0,0,0,1,0,0,0,0,0,0,0,0,-0.000120392,7.06985e-05,1.08206e-06,0.000255612,-0.0128424,0.0104412,0.0119414,0.0015484,9.82499,9.825,0,0.147368
0.45,ground hold,-4.05772e-10,0.000288716,-0.000675589,-0.00198903,0,0,-6.19913e-09,-2.58299e-08,2.38076e-11,-0.0109601,0.12904,0.00238033,0.0230843,nan,0,0,0,0,0,0,0,0,0,1,0,0,0,0,0,0,0,0,-0.000136071,3.01685e-05,1.082e-06,0.00714929,0.00185396,0.00145137,0.0585424,0.0337454,9.86634,9.86657,0,0.136126
0.46,ground hold,-3.44925e-10,0.000288716,-0.000788821,-0.00213763,0,0,2.8073e-09,-5.81528e-08,-7.01683e-13,-0.0109601,0.12904,0.00261205,0.0233243,nan,0,0,0,0,0,0,0,0,0,1,0,0,0,0,0,0,0,0,-0.000103599,5.25334e-05,1.0578e-06,0.00650427,-0.00613735,-0.00145818,0.120817,-0.0124294,9.78813,9.78888,0,0.146184
0.47,ground hold,-3.90299e-10,0.000288717,-0.000686765,-0.00202683,0,0,1.55153e-08,2.03947e-08,-1.69994e-10,-0.0109601,0.12904,-0.014641,0.00588115,nan,0,0,0,0,0,0,0,0,0,1,0,0,0,0,0,0,0,0,-0.000111439,2.72645e-05,1.02788e-06,0.0112677,0.00973496,0.00459159,0.0555942,-0.0374437,9.87238,9.87261,0,0.138385
0.48,ground hold,-4.46387e-10,0.000288717,-0.000775773,-0.00210887,0,0,1.29439e-08,-3.18074e-08,2.98689e-11,-0.0109601,0.12904,-0.0145804,0.00620787,nan,0,0,0,0,0,0,0,0,0,1,0,0,0,0,0,0,0,0,-8.11557e-05,3.62437e-05,1.00263e-06,0.00792896,-0.00399905,0.017897,0.0121771,0.0333021,9.78462,9.78468,0,0.144385
0.49,ground hold,-2.04078e-10,0.000288717,-0.00058947,-0.00213042,0,0,2.06093e-08,-3.26817e-08,-1.47126e-10,-0.0109601,0.12904,-0.0044558,0.0170185,nan,0,0,0,0,0,0,0,0,0,1,0,0,0,0,0,0,0,0,-0.000110071,3.0061e-05,1.01223e-06,0.0109156,-0.00874106,-0.00840617,0.00195239,-0.0639348,9.85848,9.85868,0,0.142663
0.5,ground hold,2.6295e-10,0.000288717,-0.000818983,-0.00197208,0,0,1.71293e-08,6.58128e-08,-1.29417e-10,-0.0109601,0.12904,-0.00428527,0.0170792,nan,0.085,0,0,0,0,0,0,0,0,1,0,0,0,0,0,0,0,0,-5.55775e-05,-7.97326e-06,9.72483e-07,0.00393241,7.72528e-05,0.00671168,0.00664076,-0.0262815,9.79403,9.79407,0,0.137774
0.51,ground hold,1.18981e-10,0.000288716,-0.000914208,-0.00190176,0,0,-1.76793e-08,-4.18006e-07,1.54634e-08,-0.0109601,0.12904,-0.050866,-0.0340468,nan,0.0866998,0.0843057,0.0890142,0.0847996,0.0883399,0.0843057,0.0883399,0.0890142,0.0847996,1,0,0.00182698,0,-0.00309909,-0.000341758,-0.00362559,0.00274758,0.00571555,-2.58451e-05,-3.20009e-05,9.40722e-07,0.00328366,0.00681676,0.00153588,0.0103336,0.00224626,9.82293,9.82293,0,0.136
0.52,ground hold,-5.25304e-09,0.000288761,-0.000742437,-0.00198153,0,0,-1.12356e-06,-1.06281e-05,-1.01939e-08,-0.0109597,0.12904,-0.0512044,-0.0336153,nan,0.0883882,0.0870584,0.0890463,0.0877107,0.0894014,0.0870584,0.0894014,0.0890463,0.0877107,1,0,0.00154408,0,-0.00078833,0.00190865,-0.00161682,0.00222995,0.00593107,-5.2743e-05,-2.61163e-05,9.45885e-07,0.00172635,-0.00905053,0.00996297,0.00219999,0.0436545,9.80353,9.80363,0,0.136859
0.53,ground hold,-2.30186e-08,0.000288921,-0.000517369,-0.00216965,0,0,-2.48885e-06,-2.07979e-05,4.3332e-10,-0.0109581,0.129042,-0.00145594,0.0232115,nan,0.0900627,0.0905087,0.0891311,0.0908701,0.0894065,0.0905087,0.0894065,0.0891311,0.0908701,1,0,0.00182698,0,-0.00022806,0.0012066,0.00124875,0.00156193,0.00650818,-8.63574e-05,6.13941e-06,9.994e-07,0.00647531,-0.000499909,0.00474708,0.110153,0.0322321,9.83845,9.83912,0,0.143952
0.54,ground hold,-6.12399e-08,0.000289152,-0.000609247,-0.00228115,0,0,-6.10394e-06,-2.50663e-05,1.20445e-08,-0.0109545,0.129046,-0.00122217,0.0235771,nan,0.0917325,0.0911066,0.0921264,0.0916825,0.0916807,0.0911066,0.0916807,0.0921264,0.0916825,1,0,0.00218366,0,-0.00270964,0.000246675,-0.000447426,0.00183869,0.00684022,-5.45996e-05,2.31943e-05,9.8737e-07,0.00723526,-0.00212431,-0.00622339,0.000521955,0.0116883,9.86735,9.86736,0,0.151349
0.55,ground hold,-1.36238e-07,0.0002894,-0.000718092,-0.0021071,0,0,-7.44273e-06,-2.39087e-05,2.90451e-09,-0.0109489,0.129051,-0.014501,0.00829382,nan,0.093404,0.0939643,0.0926263,0.0940515,0.0926393,0.0939643,0.0926393,0.0926263,0.0940515,1,0,0.00169146,0,-0.000196876,0.000189584,0.00120879,0.00215789,0.00630729,-1.85032e-05,-1.95718e-05,8.74003e-07,0.00241956,-0.00936514,0.0130421,0.0122853,0.00153383,9.87585,9.87586,0,0.143341
0.56,ground hold,-2.04935e-07,0.000289628,-0.000713605,-0.00230555,0,0,-6.68556e-06,-2.33887e-05,2.96789e-09,-0.0109416,0.129058,-0.014415,0.00879653,nan,0.09508,0.0945315,0.094997,0.0950775,0.0953785,0.0945315,0.0953785,0.094997,0.0950775,1,0,0.00229024,0,-0.000436458,0.00175747,-0.000336876,0.0021515,0.00692086,-1.10597e-05,1.10867e-05,9.55026e-07,0.00712541,0.00280434,0.00367078,0.028913,0.00182323,9.80399,9.80403,0,0.154211
0.57,ground hold,-2.77745e-07,0.000289865,-0.00104116,-0.00235412,0,0,-7.3165e-06,-2.33006e-05,-1.15211e-08,-0.0109329,0.129067,-0.0292493,-0.00854526,nan,0.0967617,0.096038,0.0971768,0.0956465,0.0978484,0.096038,0.0978484,0.0971768,0.0956465,1,0,0.00267443,0,0.00281995,0.000530847,-0.00146832,0.00311828,0.00706405,6.67572e-05,1.14776e-05,8.78269e-07,-0.00336979,0.00113451,0.00999131,-0.0602919,-0.12108,9.87596,9.87688,0,0.162809
0.58,ground hold,-3.22063e-07,0.000290087,-0.00117795,-0.00170645,0,0,-2.70797e-06,-2.05062e-05,-7.02301e-09,-0.0109232,0.129077,-0.0293335,-0.00827268,nan,0.0984488,0.0977716,0.0988495,0.0978063,0.0990297,0.0977716,0.0990297,0.0988495,0.0978063,1,0,0.00154408,0,0.000385778,0.000407168,-0.00101148,0.0035509,0.00511096,0.000103099,-0.000129693,4.14856e-07,0.0115022,-0.00574344,0.0137735,-0.00995617,-0.0596785,9.79403,9.79421,0,0.132815
0.59,ground hold,-3.44727e-07,0.000290253,-0.00110017,-0.00155719,0,0,-2.52634e-06,-1.26125e-05,1.98063e-09,-0.0109128,0.129087,-0.0499704,-0.0330682,nan,0.100141,0.0999017,0.100018,0.0998591,0.100445,0.0999017,0.100445,0.100018,0.0998591,1,0,0.00119604,0,0.00124408,0.000727273,-0.000308695,0.00330102,0.00468263,9.64118e-05,-0.000163946,2.71044e-07,0.000451589,0.00719504,0.00762551,-0.0352329,-0.0258155,9.79241,9.79251,0,0.123194
0.6,ground hold,-3.80215e-07,0.00029037,-0.000838921,-0.00176274,0,0,-6.45413e-06,-1.06829e-05,1.69062e-08,-0.010902,0.129098,-0.0502999,-0.0329048,nan,0.101837,0.101744,0.101521,0.101765,0.101978,0.101744,0.101978,0.101521,0.101765,1,0,0.00195312,0,0.00115543,0.00090548,4.2415e-06,0.00253741,0.00528924,5.20282e-05,-0.000122605,3.19352e-07,0.0138305,0.000546722,0.00758303,0.0119225,-0.0129759,9.80013,9.80015,0,0.127072
0.61,ground hold,-4.53489e-07,0.000290468,-0.000865915,-0.00165858,0,0,-8.2989e-06,-1.07483e-05,7.8302e-09,-0.010891,0.129109,-0.0124394,0.0142379,nan,0.103536,0.10319,0.103896,0.103377,0.10334,0.10319,0.10334,0.103896,0.103377,1,0,0.00169146,0,-0.00197037,-0.000700989,-0.000294467,0.0025971,0.00498782,6.59076e-05,-0.000148979,2.51404e-07,-0.000371709,0.00791147,-0.00389167,0.0496169,0.00980286,9.83924,9.83937,0,0.122191
0.62,ground hold,-5.34996e-07,0.00029057,-0.000836563,-0.00192926,0,0,-7.89533e-06,-1.17883e-05,2.84497e-09,-0.0108801,0.12912,-0.0122963,0.0144015,nan,0.105237,0.104643,0.105325,0.105039,0.105601,0.104643,0.105601,0.105325,0.105039,1,0,0.00154408,0,-0.000316666,0.00127365,-0.000546777,0.00252102,0.00577033,6.91992e-05,-0.000100812,4.392e-07,0.00761129,-0.0117146,-0.00917332,0.0540335,0.00201399,9.83905,9.8392,0,0.135912
0.63,ground hold,-6.09748e-07,0.000290705,-0.00108576,-0.00186677,0,0,-7.37754e-06,-1.59734e-05,2.22803e-09,-0.0108694,0.129131,0.0200046,0.0545397,nan,0.10694,0.106026,0.107189,0.106757,0.107448,0.106026,0.107448,0.107189,0.106757,1,0,0.00218366,0,-0.00124977,0.00187468,-0.000814874,0.00327183,0.00560824,0.000133431,-0.000120322,4.03815e-07,0.0098548,0.00515353,0.00929935,-0.0188628,-0.0233091,9.82687,9.82692,0,0.138375
0.64,ground hold,-6.72285e-07,0.000290886,-0.00135819,-0.00207131,0,0,-5.9374e-06,-1.73625e-05,2.10077e-09,-0.0108589,0.129141,0.0205504,0.0546952,nan,0.108644,0.107995,0.108532,0.108848,0.108862,0.107995,0.108862,0.108532,0.108848,1,0,0.00229024,0,-0.00138732,0.00224006,-0.000242266,0.00407577,0.00621305,0.000207712,-8.32078e-05,5.20513e-07,0.00102033,-0.00066132,0.000607878,0.0166771,0.056928,9.78963,9.78981,0,0.156107
0.65,ground hold,-7.15705e-07,0.000291079,-0.00145651,-0.00219498,0,0,-7.01646e-07,-2.35434e-05,-2.92821e-10,-0.0108487,0.129151,0.0164446,0.0491048,nan,0.110349,0.110888,0.109537,0.110784,0.109847,0.110888,0.109847,0.109537,0.110784,1,0,0.00248976,0,0.00109854,0.000391151,0.00100551,0.0043709,0.00658302,0.000233733,-6.59969e-05,6.06343e-07,0.00116088,-0.00134524,0.00444414,-0.00507674,-0.0384074,9.82706,9.82714,0,0.165071
0.66,ground hold,-6.99706e-07,0.000291293,-0.00125912,-0.00197313,0,0,3.77475e-06,-1.73306e-05,-1.11059e-09,-0.0108388,0.129161,0.0169359,0.0491216,nan,0.112054,0.11133,0.112223,0.111732,0.112589,0.11133,0.112589,0.112223,0.111732,1,0,0.00195312,0,-9.51906e-05,0.00145539,-0.000769234,0.00378216,0.00589857,0.000202582,-0.000115515,3.41649e-07,0.00340445,-0.013979,-0.00633411,0.0455983,0.0299021,9.74194,9.74209,0,0.148436
0.67,ground hold,-6.63422e-07,0.000291439,-0.00101786,-0.00202329,0,0,-1.60593e-07,-1.22326e-05,2.75825e-10,-0.0108293,0.129171,0.0298164,0.0649756,nan,0.113759,0.112135,0.114511,0.113245,0.114804,0.112135,0.114804,0.114511,0.113245,1,0,0.00169146,0,-0.0021682,0.00265847,-0.00172999,0.00306016,0.00606232,0.000163376,-0.000111147,3.05729e-07,0.00457373,-0.00515777,0.00764838,-0.00877314,-0.0736848,9.80066,9.80094,0,0.14487
0.68,ground hold,-7.02291e-07,0.000291578,-0.00108969,-0.00214773,0,0,-5.53299e-06,-1.73853e-05,1.83834e-09,-0.01082,0.12918,0.0304665,0.0651134,nan,0.115464,0.113991,0.11652,0.114423,0.116579,0.113991,0.116579,0.11652,0.114423,1,0,0.0020716,0,-0.000989766,0.000930054,-0.0020589,0.00326253,0.00644793,0.000190024,-8.9561e-05,3.79789e-07,-0.00415052,0.00306496,0.00213345,0.0345002,-0.0112424,9.79793,9.798,0,0.153063
0.69,ground hold,-7.58498e-07,0.000291758,-0.00118377,-0.00164656,0,0,-4.58667e-06,-1.75172e-05,1.64785e-09,-0.0108111,0.129189,-0.0122127,0.00980608,nan,0.117168,0.116539,0.117239,0.116635,0.117919,0.116539,0.117919,0.117239,0.116635,1,0,0.00138107,0,0.00154739,0.00147112,-0.000871889,0.00356941,0.00493639,0.000220053,-0.000202797,-7.39864e-08,0.0123035,-0.00240839,0.00792318,0.0633825,-0.0342545,9.76186,9.76213,0,0.130116
0.7,ground hold,-7.67191e-07,0.000291903,-0.00107099,-0.00163979,0,0,2.72684e-06,-1.02665e-05,-7.79321e-10,-0.0108025,0.129198,-0.0121133,0.0100999,nan,0.118872,0.118284,0.119325,0.118604,0.118936,0.118284,0.118936,0.119325,0.118604,1,0,0.00169146,0,-0.00188252,-0.000129421,-0.00060321,0.00322575,0.00493609,0.000204038,-0.000204416,-1.04872e-07,0.00870969,0.010955,-0.00786776,0.0342217,0.0610281,9.80716,9.80741,0,0.126537
0.71,ground hold,-7.51122e-07,0.000291968,-0.00123179,-0.00150563,0,0,-1.70859e-06,-6.97497e-06,7.19627e-10,-0.0107941,0.129206,0.00393034,0.0308755,nan,0.120576,0.120269,0.120253,0.120427,0.121014,0.120269,0.121014,0.120253,0.120427,1,0,0.00169146,0,0.0015972,0.00174037,-0.000250742,0.00370419,0.00452158,0.000250708,-0.000247207,-2.11544e-07,0.00614654,0.00287419,0.0120206,0.0719879,0.0467056,9.90088,9.90125,0,0.12484
0.72,ground hold,-7.85628e-07,0.000292072,-0.00102036,-0.00154216,0,0,-1.01354e-06,-1.48263e-05,2.69717e-10,-0.010786,0.129214,0.00423963,0.0310382,nan,0.12228,0.120837,0.123047,0.121442,0.123451,0.120837,0.123451,0.123047,0.121442,1,0,0.00138107,0,-0.000533861,0.00191213,-0.00185491,0.00307049,0.00462859,0.000211581,-0.000248174,-2.58308e-07,0.00647166,0.00117492,-0.00791455,-0.00825729,-0.0537521,9.78854,9.78869,0,0.120246
0.73,ground hold,-7.95178e-07,0.000292241,-0.000879824,-0.00151759,0,0,-1.77724e-06,-1.72434e-05,3.98449e-10,-0.0107781,0.129222,0.0224165,0.0543513,nan,0.123982,0.123409,0.124374,0.123423,0.124384,0.123409,0.124384,0.124374,0.123423,1,0,0.00169146,0,-1.31816e-05,4.51208e-05,-0.00084659,0.00265048,0.00455604,0.000193129,-0.000258289,-3.3573e-07,0.00753804,0.00192218,0.00239972,-0.0362517,-0.03809,9.79092,9.79106,0,0.115287
0.74,ground hold,-8.14818e-07,0.000292384,-0.000686135,-0.00130041,0,0,-6.68345e-06,-1.18482e-05,2.22993e-09,-0.0107703,0.12923,0.0229611,0.0545598,nan,0.125685,0.125364,0.125588,0.125535,0.125912,0.125364,0.125912,0.125588,0.125535,1,0,0.000690534,0,0.000408564,0.000938822,-0.000264067,0.0020666,0.0038998,0.000163208,-0.000311408,-5.99552e-07,0.00562328,-0.0012612,-0.00471855,-0.113397,-0.00713585,9.85299,9.85365,0,0.0993565
0.75,ground hold,-8.63869e-07,0.00029247,-0.000392388,-0.00117705,0,0,-2.93315e-06,-4.14016e-06,1.3421e-10,-0.0107627,0.129237,0.0479373,0.086369,nan,0.127387,0.12731,0.126871,0.128174,0.126852,0.12731,0.126852,0.126871,0.128174,1,0,0,0,-0.00234413,0.00160071,0.000774183,0.00118703,0.00350459,0.000110408,-0.000348557,-8.96206e-07,0.00668811,-0.0180483,-0.000100845,0.02062,0.0362946,9.8837,9.88378,0,0.0871394
0.76,ground hold,-9.47095e-07,0.000292539,-0.000166903,-0.00112534,0,0,-1.41849e-05,-1.19413e-05,4.23611e-09,-0.0107553,0.129245,0.0488022,0.0865251,nan,0.129089,0.12961,0.128459,0.129701,0.128244,0.12961,0.128244,0.128459,0.129701,1,0,0.000690534,0,-0.000809122,-0.000235915,0.00114608,0.000518956,0.00337308,7.52499e-05,-0.000368467,-1.06592e-06,0.0122396,-0.0023262,0.000389476,0.0749837,-0.0111759,9.90093,9.90122,0,0.0817954
0.77,ground hold,-1.08394e-06,0.000292643,-0.000210686,-0.00103497,0,0,-1.59322e-05,-1.01656e-05,3.81806e-09,-0.0107479,0.129252,-0.0198761,-0.0033797,nan,0.13079,0.129899,0.131217,0.130635,0.13107,0.129899,0.13107,0.131217,0.130635,1,0,0,0,-0.00234311,0.00111491,-0.000770449,0.000637371,0.00310836,9.81893e-05,-0.000396383,-9.60568e-07,0.00364044,0.00189595,-0.000107027,0.00526293,0.0273924,9.81045,9.81049,0,0.0770122
0.78,ground hold,-1.28208e-06,0.000292745,-0.00028949,-0.00119584,0,0,-1.97003e-05,-1.13291e-05,5.5355e-09,-0.0107406,0.129259,-0.0199081,-0.00300797,nan,0.132491,0.132486,0.131908,0.132561,0.13267,0.132486,0.13267,0.131908,0.132561,1,0,0.000976562,0,0.00182477,0.00158539,0.000206181,0.000874823,0.00360241,0.000126689,-0.000370579,-8.05416e-07,0.0043734,0.00955283,0.00862558,0.057515,-0.0292358,9.84889,9.8491,0,0.0868773
0.79,ground hold,-1.4518e-06,0.000292857,-0.000605851,-0.00128193,0,0,-1.83494e-05,-1.04643e-05,-1.53303e-09,-0.0107334,0.129267,-0.0292655,-0.0147946,nan,0.134192,0.133577,0.134414,0.134293,0.134145,0.133577,0.134145,0.134414,0.134293,1,0,0.000976562,0,-0.00261108,0.000845975,-0.000302839,0.00182927,0.00384347,0.00020353,-0.000362574,-4.80314e-07,0.00802454,-0.00190777,0.00549094,0.0246856,-0.0300052,9.83269,9.83277,0,0.0966525
0.8,ground hold,-1.63914e-06,0.000292933,-0.000425645,-0.00167569,0,0,-1.50157e-05,-5.76268e-06,4.49995e-09,-0.0107263,0.129274,-0.0294138,-0.0147859,nan,0.135893,0.134704,0.136219,0.135675,0.136634,0.134704,0.136634,0.136219,0.135675,1,0,0.00138107,0,-0.00147807,0.00262701,-0.0010873,0.00128512,0.00502447,0.000174815,-0.000284778,-3.25944e-07,0.00562488,-0.00200541,-0.00459563,-0.00289615,0.0888725,9.81273,9.81313,0,0.115384
0.81,ground hold,-1.77585e-06,0.000293015,-0.000513681,-0.00140787,0,0,-1.41409e-05,-7.15122e-06,4.35715e-09,-0.0107192,0.129281,-0.0328955,-0.0189684,nan,0.137593,0.137262,0.137602,0.137752,0.137417,0.137262,0.137417,0.137602,0.137752,1,0,0.000690534,0,-0.00179328,0.000577509,-2.10757e-06,0.0015464,0.00422406,0.000204048,-0.000343121,-4.7448e-07,0.00377631,-3.93929e-05,0.000569682,-0.0400644,0.0278612,9.78915,9.78927,0,0.101777
0.82,ground hold,-1.90302e-06,0.000293058,-0.000440251,-0.00141319,0,0,-9.93221e-06,-2.6733e-06,2.89963e-09,-0.0107121,0.129288,-0.0330834,-0.0187451,nan,0.139294,0.137866,0.140314,0.138225,0.14043,0.137866,0.14043,0.140314,0.138225,1,0,0.00119604,0,-0.000641916,0.000901275,-0.00204527,0.00134094,0.00423734,0.000202233,-0.000349907,-5.0638e-07,0.0136629,-0.00183043,0.000531076,0.0729798,-0.0218843,9.80209,9.80238,0,0.10094
0.83,ground hold,-1.95894e-06,0.000293083,-0.000291152,-0.00153134,0,0,-8.2533e-07,-3.17857e-06,3.87574e-09,-0.010705,0.129295,-0.0233993,-0.00564679,nan,0.140994,0.140136,0.141017,0.141139,0.141342,0.140136,0.141342,0.141017,0.141139,1,0,0.00138107,0,-0.00179749,0.00251718,-0.000476159,0.000882559,0.00459747,0.000180131,-0.000332478,-5.23061e-07,0.00624698,0.00198086,-0.00208116,-0.00454992,0.00870684,9.81991,9.81991,0,0.10584
0.84,ground hold,-1.95958e-06,0.000293151,-0.000284095,-0.00140016,0,0,2.25787e-06,-8.67203e-06,-6.65059e-10,-0.0106979,0.129302,-0.0234539,-0.00535055,nan,0.142694,0.142673,0.142286,0.142503,0.142973,0.142673,0.142973,0.142286,0.142503,1,0,0.00138107,0,0.0022717,0.000980924,-3.61206e-05,0.000862123,0.00418902,0.000183396,-0.000370349,-5.41318e-07,0.00673857,-0.00800701,-0.00300746,0.0165946,0.0451053,9.72631,9.72643,0,0.0983604
0.85,ground hold,-1.90278e-06,0.000293225,-0.000496261,-0.00161739,0,0,8.59943e-06,-4.02301e-06,-3.17067e-08,-0.0106908,0.129309,0.0111471,0.0392629,nan,0.144394,0.144755,0.143644,0.145144,0.143691,0.144755,0.143691,0.143644,0.145144,1,0,0.00138107,0,-0.000908492,0.000824354,0.00112679,0.00149035,0.00484779,0.000232537,-0.000331909,-3.97819e-07,0.00129233,-0.00324366,0.00877322,-0.0580577,-0.0650823,9.84376,9.84415,0,0.11308
0.86,ground hold,-1.79931e-06,0.000293243,-0.000536638,-0.00118844,0,0,1.18911e-05,-2.39404e-06,-2.96076e-09,-0.0106837,0.129316,0.0115406,0.0394451,nan,0.146093,0.145337,0.146271,0.146002,0.146423,0.145337,0.146423,0.146271,0.146002,1,0,0.00138107,0,-0.00136084,0.0015449,-0.00059547,0.00161793,0.00357518,0.00024963,-0.000430255,-7.26344e-07,0.00559025,0.00614769,-0.00342857,0.0432144,-0.0865764,9.81716,9.81764,0,0.0902626
0.87,ground hold,-1.70085e-06,0.000293278,-0.000571832,-0.00140226,0,0,8.10335e-06,-3.56072e-06,-1.86171e-09,-0.0106766,0.129323,0.0353927,0.0697009,nan,0.147793,0.147666,0.147497,0.147529,0.148139,0.147666,0.148139,0.147497,0.147529,1,0,0.000690534,0,0.00206849,0.000956591,-0.000194058,0.00172143,0.00419889,0.000268035,-0.000394856,-5.99154e-07,0.00422587,-0.00565237,-0.00127625,-0.0638057,-0.0588075,9.85946,9.85985,0,0.102499
0.88,ground hold,-1.58002e-06,0.000293299,-0.00073882,-0.00159169,0,0,1.4033e-05,1.27886e-06,-3.4423e-09,-0.0106694,0.129331,0.0360908,0.0698709,nan,0.149492,0.14777,0.150637,0.148616,0.150606,0.14777,0.150606,0.150637,0.148616,1,0,0.00154408,0,-0.00232533,0.0015425,-0.00213491,0.00221492,0.00476507,0.000310356,-0.000362746,-3.7396e-07,-0.000720812,-0.00702777,-0.00389403,-0.0540786,0.028695,9.8062,9.80639,0,0.115976
0.89,ground hold,-1.47552e-06,0.000293298,-0.000662618,-0.00194139,0,0,1.00877e-05,-3.93267e-06,-3.05924e-09,-0.0106622,0.129338,0.0296611,0.0610368,nan,0.151192,0.149622,0.151848,0.150326,0.152633,0.149622,0.152633,0.151848,0.150326,1,0,0.00182698,0,0.000216188,0.00282076,-0.00199229,0.00199101,0.00581218,0.00030338,-0.00030019,-1.35664e-07,0.00243964,-0.00830251,0.0174525,0.0357468,-0.0294944,9.81763,9.81774,0,0.13353
0.9,ground hold,-1.39927e-06,0.000293386,-0.00115651,-0.00178054,0,0,3.66352e-06,-9.95732e-06,-8.38524e-10,-0.010655,0.129345,0.0302732,0.0612669,nan,0.152891,0.153646,0.151633,0.153991,0.151954,0.153646,0.151954,0.151633,0.153991,1,0,0.00218366,0,-6.30612e-05,0.00126155,0.00177993,0.00347262,0.00534225,0.000418125,-0.000340924,-4.00268e-07,0.0024833,7.30187e-05,-0.00404502,-0.0506822,-0.123431,9.90598,9.90688,0,0.136025
0.91,ground hold,-1.3758e-06,0.000293473,-0.00117622,-0.00146197,0,0,1.28862e-06,-6.79346e-06,-3.23147e-10,-0.0106477,0.129352,-0.0171044,0.000562334,nan,0.154591,0.15563,0.152971,0.155897,0.153525,0.15563,0.153525,0.152971,0.155897,1,0,0.00138107,0,0.000760726,0.00155443,0.00221137,0.00353506,0.00437467,0.000427193,-0.00041619,-9.48732e-07,0.00469331,-0.00791623,-0.00184334,0.0347955,-0.0309239,9.7535,9.75361,0,0.121039
0.92,ground hold,-1.3038e-06,0.000293545,-0.00122195,-0.0013771,0,0,1.02184e-05,-4.21439e-06,-2.69516e-09,-0.0106404,0.12936,-0.0170982,0.000627534,nan,0.15629,0.155694,0.156671,0.156002,0.156453,0.155694,0.156453,0.156671,0.156002,1,0,0.00169146,0,-0.0013949,0.000173538,-0.000627545,0.00367212,0.00413282,0.000445351,-0.000436437,-1.06927e-06,0.00460749,0.000592076,-0.00903752,0.0339069,-0.0368129,9.79925,9.79938,0,0.118562
0.93,ground hold,-1.22354e-06,0.000293545,-0.000859208,-0.00144768,0,0,8.55893e-06,3.23803e-06,-1.93514e-09,-0.010633,0.129367,-0.0164136,0.00173081,nan,0.157989,0.157837,0.157812,0.15783,0.158138,0.157837,0.158138,0.157812,0.15783,1,0,0.00138107,0,0.000882002,0.000604592,-0.000124697,0.00258156,0.00433403,0.000376128,-0.000427119,-1.13587e-06,0.00300221,-0.00643217,-0.000109896,-0.0388998,-0.0726386,9.79541,9.79575,0,0.111229
0.94,ground hold,-1.15259e-06,0.000293475,-0.000998361,-0.00134264,0,0,2.1205e-06,1.10689e-05,-5.50253e-10,-0.0106256,0.129374,-0.016395,0.00194661,nan,0.159689,0.158979,0.159696,0.159888,0.159851,0.158979,0.159851,0.159696,0.159888,1,0,0.00119604,0,-0.00199743,0.00201693,-0.000298589,0.00299855,0.00402601,0.000413046,-0.000454095,-1.21946e-06,0.00273404,-0.0017245,0.0063168,0.0573877,0.010993,9.86986,9.87003,0,0.109795
0.95,ground hold,-1.14761e-06,0.000293383,-0.000841845,-0.0014593,0,0,1.19493e-06,4.87386e-06,-8.30298e-09,-0.0106182,0.129382,-0.0525024,-0.0427441,nan,0.161388,0.161452,0.161199,0.161178,0.161383,0.161452,0.161383,0.161199,0.161178,1,0,0.00154408,0,0.00121526,-0.000170607,2.14032e-05,0.0025435,0.00437479,0.00038999,-0.000434501,-1.16365e-06,0.0123648,-0.00250909,-0.00205882,0.0101352,-0.0638737,9.80374,9.80395,0,0.111387
0.96,ground hold,-1.11784e-06,0.00029336,-0.000902358,-0.0013709,0,0,5.63674e-06,7.58639e-07,-1.25019e-09,-0.0106107,0.129389,-0.052929,-0.0425484,nan,0.163087,0.162941,0.162592,0.163553,0.162922,0.162941,0.162922,0.162592,0.163553,1,0,0.00154408,0,-0.000746008,0.00178358,0.000430809,0.00270365,0.00411129,0.00041417,-0.000458787,-1.2568e-06,-0.00187556,-0.00139105,-0.00607799,0.0900786,0.0166406,9.81462,9.81505,0,0.108451
0.97,ground hold,-1.06104e-06,0.000293396,-0.000710999,-0.00141872,0,0,4.6231e-06,-8.90363e-06,-1.07965e-09,-0.0106031,0.129397,-0.0506909,-0.0389565,nan,0.164786,0.16243,0.166431,0.162936,0.167007,0.16243,0.167007,0.166431,0.162936,1,0,0.00119604,0,0.000185922,0.00205238,-0.00354782,0.00213113,0.0042433,0.000382121,-0.000454021,-1.34807e-06,-0.000868319,-0.00901823,-0.00553535,0.113398,-0.0452298,9.84025,9.841,0,0.106206
0.98,ground hold,-1.00681e-06,0.000293524,-0.000835312,-0.00183764,0,0,1.31561e-05,-1.27258e-05,-3.93986e-09,-0.0105955,0.129405,-0.0510795,-0.0387863,nan,0.166485,0.166122,0.166484,0.165772,0.167223,0.166122,0.167223,0.166484,0.165772,1,0,0.00182698,0,0.00288872,0.000736788,-0.000797238,0.00251275,0.00551078,0.000415668,-0.000369164,-9.06736e-07,0.00496373,-0.00179808,0.00279487,0.0806338,-0.028938,9.78206,9.78243,0,0.131139
0.99,ground hold,-8.20061e-07,0.000293616,-0.000750275,-0.00175632,0,0,1.34882e-05,-8.18022e-06,-7.03524e-09,-0.0105878,0.129412,-0.0285309,-0.0104403,nan,0.168184,0.167803,0.168147,0.168108,0.168341,0.167803,0.168341,0.168147,0.168108,1,0,0.00182698,0,-0.000296213,0.000945826,-0.000253478,0.00225612,0.00526383,0.000409675,-0.00039252,-1.02597e-06,0.00394812,-0.00381298,0.00351518,0.0558332,-0.0492906,9.76961,9.7699,0,0.125065
1,ground hold,-7.75582e-07,0.00029369,-0.000953638,-0.00198307,0,0,-1.62048e-06,-6.59173e-06,-7.29783e-09,-0.0105801,0.12942,-0.0286352,-0.0102867,nan,0.169884,0.16944,0.170061,0.169404,0.170291,0.16944,0.170291,0.170061,0.169404,1,0,0.00218366,0,0.000704032,0.000368839,-0.00066256,0.00286964,0.00595015,0.000460469,-0.000353985,-8.80205e-07,0.00627434,0.000271532,-0.00409847,0.039705,0.000435152,9.84367,9.84375,0,0.141422
1.01,ground hold,-7.95989e-07,0.000293698,-0.000867711,-0.00158686,0,0,-2.70706e-06,3.5962e-06,3.41203e-10,-0.0105723,0.129428,-0.0301419,-0.0116635,nan,0.171583,0.17173,0.170891,0.172573,0.170797,0.17173,0.170797,0.170891,0.172573,1,0,0.00169146,0,-0.00248233,0.0014187,0.00114928,0.0026054,0.00475898,0.000456901,-0.000441361,-1.35466e-06,0.00197583,-0.0014997,0.00208493,-0.0188165,0.0296054,9.81927,9.81933,0,0.118656
1.02,ground hold,-9.00151e-07,0.000293721,-0.00103912,-0.0012183,0,0,-1.84754e-05,-7.76128e-06,5.9037e-09,-0.0105644,0.129436,-0.0302554,-0.0111593,nan,0.173282,0.173527,0.172924,0.173417,0.17292,0.173527,0.17292,0.172924,0.173417,1,0,0.00154408,0,0.000284011,-0.000215206,0.000483297,0.00313055,0.00365061,0.000504632,-0.0005266,-1.70142e-06,0.00930831,-0.00338721,0.0085669,0.0811934,0.0250561,9.83627,9.83664,0,0.105104
1.03,ground hold,-1.06249e-06,0.000293785,-0.000961975,-0.00128834,0,0,-1.04106e-05,-4.60053e-06,-9.04708e-09,-0.0105565,0.129443,-0.00807603,0.0159994,nan,0.174981,0.173568,0.175983,0.17387,0.176164,0.173568,0.176164,0.175983,0.17387,1,0,0.00119604,0,-0.000320747,0.000913801,-0.00206988,0.00290022,0.00387086,0.000496655,-0.000518219,-1.66107e-06,0.0100396,0.00337041,0.00727689,0.0397238,-0.0351896,9.74315,9.7433,0,0.106073
1.04,ground hold,-1.16699e-06,0.000293782,-0.00110549,-0.00106847,0,0,-1.47711e-05,2.13545e-06,-8.09595e-09,-0.0105486,0.129451,-0.00791541,0.0160596,nan,0.17668,0.176164,0.176774,0.176461,0.176982,0.176164,0.176982,0.176774,0.176461,1,0,0.000690534,0,-0.000236163,0.000955375,-0.000496898,0.00331817,0.00320234,0.000536138,-0.000571085,-1.78057e-06,0.00167805,-0.00262315,0.000616807,0.0421914,-0.093072,9.75838,9.75891,0,0.100494
1.05,ground hold,-1.32383e-06,0.000293763,-0.00119073,-0.00107166,0,0,-1.58411e-05,2.0222e-06,4.97509e-09,-0.0105405,0.129459,-0.012868,0.0100139,nan,0.178379,0.178146,0.177948,0.17832,0.178763,0.178146,0.178763,0.177948,0.17832,1,0,0.00119604,0,0.00169767,0.00187469,-0.000107732,0.00358149,0.00322086,0.000565253,-0.00058079,-1.69109e-06,0.00677852,0.0033379,0.0077956,-0.0181442,-0.075225,9.82471,9.82501,0,0.10377
1.06,ground hold,-1.3957e-06,0.000293752,-0.0011446,-0.00080641,0,0,1.87102e-06,9.28119e-07,-1.12106e-08,-0.0105325,0.129468,-0.0127667,0.0102383,nan,0.180078,0.17891,0.180796,0.179346,0.180921,0.17891,0.180921,0.180796,0.179346,1,0,0.00154408,0,-0.000824701,0.00106258,-0.00152103,0.00344707,0.00241015,0.000565821,-0.000639848,-2.1561e-06,0.00940976,-0.00669819,0.00221742,-0.0327587,-0.0276603,9.82423,9.82433,0,0.0909259
1.07,ground hold,-1.38445e-06,0.000293714,-0.0011014,-0.000723975,0,0,-2.90308e-06,2.96209e-06,1.18026e-09,-0.0105243,0.129476,0.0394501,0.0723392,nan,0.181778,0.181711,0.181746,0.181736,0.181578,0.181711,0.181578,0.181746,0.181736,1,0,0.000690534,0,-0.000512264,-0.000271224,5.38314e-05,0.00330038,0.0021677,0.000563924,-0.000659873,-2.30659e-06,-0.00198277,-0.00348258,0.00617051,-0.0268035,-0.071282,9.89619,9.89649,0,0.0858837
1.08,ground hold,-1.42015e-06,0.000293646,-0.000965433,-0.000617927,0,0,-8.55256e-07,1.27054e-05,3.25866e-10,-0.0105161,0.129484,0.0401748,0.0725135,nan,0.183477,0.182859,0.18384,0.182831,0.184037,0.182859,0.184037,0.18384,0.182831,1,0,0.00119604,0,0.000596807,0.000317792,-0.000961415,0.00290283,0.00184807,0.000545653,-0.000683846,-2.61725e-06,0.00490027,-0.00449343,0.0026361,-0.01921,-0.126412,9.82614,9.82697,0,0.0760395
1.09,ground hold,-1.37895e-06,0.000293476,-0.000828186,-0.000627893,0,0,4.10675e-06,1.88398e-05,-1.11798e-09,-0.0105079,0.129492,-0.0145509,0.00749663,nan,0.185176,0.185519,0.184334,0.186126,0.184384,0.185519,0.184384,0.184334,0.186126,1,0,0,0,-0.0014763,0.0012448,0.00128629,0.00249358,0.0018739,0.000530346,-0.000693188,-2.76305e-06,0.00654286,-0.00720961,-0.000355787,-0.0229157,-0.0239531,9.90085,9.9009,0,0.0709502
1.1,ground hold,-1.37115e-06,0.000293335,-0.000673502,-0.000752012,0,0,3.36592e-07,1.41077e-05,-2.32818e-10,-0.0104996,0.1295,-0.0144761,0.00748263,nan,0.186875,0.186485,0.187039,0.186489,0.187147,0.186485,0.187147,0.187039,0.186489,1,0,0.000690534,0,0.000276667,0.00021068,-0.000532497,0.00202293,0.0022513,0.000506684,-0.000667439,-2.75511e-06,0.0021296,-0.00383,0.0110395,0.0195087,-0.0933378,9.85452,9.85499,0,0.0712235
1.11,ground hold,-1.38209e-06,0.000293158,-0.000455648,-0.000764749,0,0,-3.93233e-06,2.17263e-05,1.23106e-09,-0.0104912,0.129509,-0.0138498,0.00844269,nan,0.188574,0.188511,0.18826,0.188643,0.188543,0.188511,0.188543,0.18826,0.188643,1,0,0.000690534,0,0.000400294,0.00078726,0.000154223,0.00137388,0.00230068,0.000470564,-0.000666664,-2.96118e-06,0.00509941,0.0036158,0.00633086,-0.0374432,-0.0351282,9.83645,9.83659,0,0.0659783
1.12,ground hold,-1.45185e-06,0.000292935,-0.000651221,-0.000386279,0,0,-1.31531e-05,2.33808e-05,1.61329e-09,-0.0104828,0.129517,-0.0137646,0.00866009,nan,0.190273,0.190681,0.18945,0.191541,0.18908,0.190681,0.18908,0.18945,0.191541,1,0,0,0,-0.00326314,0.000928398,0.00162258,0.00196314,0.00116554,0.000520349,-0.000749357,-2.92273e-06,0.00683827,0.00372511,-0.00354809,-0.000567274,0.0258457,9.80753,9.80756,0,0.0538782
1.13,ground hold,-1.63378e-06,0.000292774,-0.00074442,-0.000342153,0,0,-1.54224e-05,4.06282e-06,7.51649e-10,-0.0104743,0.129526,-0.0139007,0.00855187,nan,0.191972,0.190897,0.192619,0.191439,0.192595,0.190897,0.192595,0.192619,0.191439,1,0,0,0,-0.00149941,0.000981753,-0.00126464,0.00223265,0.00102449,0.000548694,-0.000766589,-2.7661e-06,0.000142214,-0.00208188,0.00383128,-0.0178685,-0.00964792,9.73019,9.73021,0,0.0560124
1.14,ground hold,-1.75351e-06,0.000292753,-0.000875457,-0.000401951,0,0,-5.66064e-06,3.20199e-06,-1.31132e-08,-0.0104658,0.129534,-0.0138132,0.00882834,nan,0.193672,0.19326,0.193715,0.193762,0.19361,0.19326,0.19361,0.193715,0.193762,1,0,0.000690534,0,-0.00160786,0.000751375,-0.000133199,0.00263684,0.00120875,0.000583599,-0.000760625,-2.49579e-06,0.00756618,0.00116658,0.00418763,-0.00841637,0.0103146,9.82114,9.82115,0,0.0639807
1.15,ground hold,-1.82774e-06,0.000292705,-0.000829367,-0.000514322,0,0,-1.12881e-05,3.54654e-06,3.60418e-09,-0.0104572,0.129543,-0.0281278,-0.00750352,nan,0.195371,0.194539,0.195531,0.195303,0.195771,0.194539,0.195771,0.195531,0.195303,1,0,0,0,-0.0013912,0.00190186,-0.000642013,0.00251269,0.00153298,0.000587065,-0.000745889,-2.41074e-06,0.0169846,-0.00740848,0.00766261,-0.0881678,0.0706283,9.76481,9.76546,0,0.0662517
1.16,ground hold,-1.91617e-06,0.000292686,-0.000759959,-0.0007177,0,0,-2.32878e-06,1.41792e-06,5.58096e-09,-0.0104485,0.129551,-0.0282027,-0.00745088,nan,0.19707,0.197598,0.196058,0.198441,0.195842,0.197598,0.195842,0.196058,0.198441,1,0,0,0,-0.0028065,0.00118658,0.00181888,0.0022994,0.0021338,0.000580727,-0.000712582,-2.3526e-06,0.0136055,-0.0135832,0.0101658,0.00405586,0.0282675,9.87723,9.87727,0,0.072392
1.17,ground hold,-1.94925e-06,0.000292683,-0.00102873,-0.000852533,0,0,7.68176e-08,2.31675e-06,-8.95449e-09,-0.0104398,0.12956,-0.0200926,0.00204677,nan,0.198769,0.19714,0.200023,0.197847,0.199727,0.19714,0.199727,0.200023,0.197847,1,0,0,0,-0.00266103,0.000780236,-0.00209351,0.00309511,0.00255088,0.000641758,-0.00068913,-2.03935e-06,0.00658199,-0.00517256,0.000948758,0.0383113,0.0330615,9.74701,9.74714,0,0.0881496
1.18,ground hold,-1.96763e-06,0.000292648,-0.00107249,-0.00114142,0,0,-2.81894e-06,2.83499e-06,4.62445e-10,-0.0104311,0.129569,-0.020071,0.00231461,nan,0.200468,0.199653,0.200927,0.199737,0.201215,0.199653,0.201215,0.200927,0.199737,1,0,0.000976562,0,0.00054365,0.000706528,-0.00120917,0.00323219,0.00341938,0.000657982,-0.000639495,-1.68675e-06,0.010479,-0.00389479,0.000633072,0.0759353,0.0115575,9.81505,9.81535,0,0.102555
1.19,ground hold,-1.91926e-06,0.000292655,-0.00108264,-0.00126737,0,0,9.91212e-06,-2.18885e-06,1.78224e-08,-0.0104222,0.129578,-0.0225947,-0.000505441,nan,0.202167,0.201677,0.201762,0.202906,0.201985,0.201677,0.201985,0.201762,0.202906,1,0,0.00169146,0,-0.00266629,0.00274967,0.000367683,0.00325082,0.00379786,0.000667879,-0.000618547,-1.53719e-06,0.0026006,-0.00345144,-0.00157721,0.0260127,0.110142,9.74096,9.74162,0,0.108754
1.2,ground hold,-1.9697e-06,0.000292741,-0.00122777,-0.00108881,0,0,-1.53941e-05,-1.77854e-05,1.17727e-08,-0.0104134,0.129587,-0.0226,-0.000612658,nan,0.203867,0.203347,0.203786,0.204144,0.20385,0.203347,0.20385,0.203786,0.204144,1,0,0.00119604,0,-0.00194648,0.00163048,-6.38863e-05,0.00368872,0.00326261,0.000709494,-0.000659146,-1.91737e-06,0.00431723,-0.00320795,-0.000447827,0.0992942,-0.0479338,9.7765,9.77712,0,0.105845
1.21,ground hold,-2.09377e-06,0.000292981,-0.00118103,-0.00124481,0,0,-5.09885e-06,-2.87193e-05,-6.45307e-09,-0.0104045,0.129596,0.0142214,0.0404882,nan,0.205566,0.20425,0.206385,0.204181,0.207108,0.20425,0.207108,0.206385,0.204181,1,0,0.00138107,0,0.00210051,0.00123927,-0.00222473,0.00355093,0.00372533,0.000705525,-0.000636022,-1.69958e-06,0.00592714,-0.00669855,0.00434973,-0.00619283,-0.085037,9.82328,9.82365,0,0.111043
1.22,ground hold,-2.01441e-06,0.000293253,-0.00107335,-0.00133045,0,0,1.74541e-05,-2.41443e-05,1.74236e-08,-0.0103955,0.129605,0.014627,0.0406963,nan,0.207265,0.207647,0.206587,0.207684,0.206802,0.207647,0.206802,0.206587,0.207684,1,0,0.00119604,0,0.00047281,0.000480352,0.000853586,0.00322228,0.0039899,0.000694042,-0.000622607,-1.61438e-06,0.00216946,-0.00157781,-0.00488842,-0.00333176,-0.0963791,9.79455,9.79502,0,0.111476
1.23,ground hold,-1.82079e-06,0.000293476,-0.000803517,-0.00133941,0,0,2.36978e-05,-1.96952e-05,-2.96052e-08,-0.0103864,0.129614,0.0167218,0.0427207,nan,0.208964,0.207904,0.20916,0.209157,0.209296,0.207904,0.209296,0.20916,0.209157,1,0,0.000976562,0,-0.00296446,0.00263096,-0.000612983,0.00241534,0.00401525,0.000648524,-0.000629885,-1.7346e-06,0.00383191,-0.00260854,-0.00817733,-0.0465206,-0.0606583,9.81466,9.81496,0,0.10424
1.24,ground hold,-1.63694e-06,0.000293661,-0.000924486,-0.0013157,0,0,7.01193e-06,-1.00035e-05,-5.97902e-09,-0.0103773,0.129623,0.01715,0.0429099,nan,0.210663,0.209857,0.211134,0.209962,0.211361,0.209857,0.211361,0.211134,0.209962,1,0,0.00119604,0,0.000323644,0.000629522,-0.00117629,0.00278241,0.00393548,0.000682002,-0.000636685,-1.86732e-06,0.00666722,-0.00839908,0.0113068,-0.0755674,-0.0483984,9.78131,9.78172,0,0.106312
1.25,ground hold,-1.61149e-06,0.000293678,-0.000807268,-0.00138745,0,0,1.73044e-07,6.79642e-06,-3.95628e-11,-0.0103682,0.129632,-0.0184375,0.00366345,nan,0.212362,0.211226,0.212917,0.211798,0.213169,0.211226,0.213169,0.212917,0.211798,1,0,0.00119604,0,-0.000850586,0.00156235,-0.00134611,0.00242083,0.004154,0.000668914,-0.000628779,-1.81741e-06,2.97948e-05,-0.00619072,0.00453474,0.0402031,-0.114174,9.79844,9.79918,0,0.106826
1.26,ground hold,-1.61723e-06,0.000293633,-0.000686166,-0.00124854,0,0,-2.90172e-06,8.23079e-07,1.67611e-09,-0.010359,0.129641,-0.0183991,0.00391362,nan,0.214062,0.212847,0.214932,0.213357,0.214771,0.212847,0.214771,0.214932,0.213357,1,0,0.000976562,0,-0.00178067,0.000660461,-0.00153772,0.00206686,0.00374048,0.000659821,-0.000663633,-1.96744e-06,0.00624524,-0.00410199,0.00999362,0.000217301,0.013673,9.76421,9.76422,0,0.0966886
1.27,ground hold,-1.65582e-06,0.000293668,-0.000656787,-0.0017291,0,0,2.43929e-06,-6.74809e-06,6.25777e-09,-0.0103497,0.12965,-0.051761,-0.0319582,nan,0.215761,0.214019,0.216671,0.215075,0.216938,0.214019,0.216938,0.216671,0.215075,1,0,0.00119604,0,-0.00209141,0.00250712,-0.00198415,0.00198271,0.00517502,0.000663946,-0.000574205,-1.59361e-06,0.00890016,-0.00874989,-0.000160088,0.0847612,0.0835649,9.85442,9.85514,0,0.121834
1.28,ground hold,-1.68819e-06,0.000293821,-0.000493264,-0.00165402,0,0,-1.49253e-05,-2.26873e-05,2.83033e-08,-0.0103404,0.12966,-0.052079,-0.0316414,nan,0.21746,0.217803,0.216879,0.218143,0.216677,0.217803,0.216677,0.216879,0.218143,1,0,0.00169146,0,-0.00143805,0.000261307,0.00105039,0.00149142,0.00497684,0.000643559,-0.000597945,-1.59726e-06,0.00838344,0.00925672,-0.00758903,0.0606034,0.0144904,9.89687,9.89706,0,0.115111
1.29,ground hold,-1.8562e-06,0.000294064,-0.000554208,-0.00179165,0,0,-1.6097e-05,-2.26323e-05,-2.15693e-09,-0.0103311,0.129669,-0.0198402,0.00342254,nan,0.219159,0.219599,0.218245,0.220123,0.21833,0.219599,0.21833,0.218245,0.220123,1,0,0.00119604,0,-0.00116282,0.00115355,0.00138312,0.00166533,0.00537116,0.000664694,-0.000574245,-1.59004e-06,0.00246191,-0.00308995,-0.00312473,0.0948295,0.128701,9.77263,9.77394,0,0.123631
1.3,ground hold,-2.07608e-06,0.000294264,-0.000557945,-0.00203167,0,0,-2.78095e-05,-2.24243e-05,8.68804e-09,-0.0103217,0.129678,-0.0198055,0.0035191,nan,0.220859,0.220242,0.22124,0.220135,0.221477,0.220242,0.221477,0.22124,0.220135,1,0,0.00182698,0,0.00091134,0.000246024,-0.00102876,0.00169209,0.00608268,0.000673,-0.000531885,-1.43702e-06,0.0128187,-0.00874744,-0.011375,0.0573912,-0.0796614,9.75978,9.76028,0,0.137028
1.31,ground hold,-2.22148e-06,0.000294473,-0.000376248,-0.00196979,0,0,-4.14445e-07,-2.13395e-05,-2.54417e-09,-0.0103122,0.129688,-0.0165149,0.00714214,nan,0.222558,0.221451,0.22329,0.221474,0.223676,0.221451,0.223676,0.22329,0.221474,1,0,0.00154408,0,0.000961163,0.000775111,-0.00177595,0.00113067,0.00590163,0.000642662,-0.000551557,-1.31728e-06,0.00193865,-0.00570344,0.00412177,-0.0481159,0.0145026,9.8269,9.82703,0,0.131497
1.32,ground hold,-2.20716e-06,0.000294663,-0.000610052,-0.00179406,0,0,-3.54662e-06,-1.6715e-05,5.4754e-09,-0.0103027,0.129697,-0.0164424,0.00734098,nan,0.224257,0.223053,0.224905,0.223493,0.225238,0.223053,0.225238,0.224905,0.223493,1,0,0.00119604,0,-0.000282785,0.00146569,-0.00158114,0.00183481,0.00536246,0.000698175,-0.000589555,-1.70619e-06,0.00379575,-0.0137419,-0.00315026,-0.0318,-0.0505338,9.84773,9.84791,0,0.12465
1.33,ground hold,-2.24019e-06,0.00029479,-0.000452413,-0.00189758,0,0,-5.35172e-06,-7.38319e-06,3.13304e-09,-0.0102931,0.129707,-0.0167582,0.00712524,nan,0.225956,0.2249,0.226443,0.22542,0.226721,0.2249,0.226721,0.226443,0.22542,1,0,0.00195312,0,-0.000642965,0.00151259,-0.00125041,0.00137564,0.00569692,0.000678629,-0.000571,-1.58109e-06,0.0129576,0.00221012,0.00709079,0.0550506,-0.0241308,9.75916,9.75934,0,0.128242
1.34,ground hold,-2.28782e-06,0.000294879,-0.000524598,-0.00210903,0,0,-6.69081e-06,-1.25445e-05,2.80891e-09,-0.0102835,0.129716,-0.0166861,0.00728645,nan,0.227655,0.227852,0.226848,0.229064,0.226518,0.227852,0.226518,0.226848,0.229064,1,0,0.0020716,0,-0.0040898,0.00166882,0.0015605,0.00159912,0.00632561,0.000703629,-0.00053548,-1.66407e-06,0.0175871,-0.00153031,0.000160402,0.0390258,-5.21883e-05,9.85466,9.85473,0,0.140956
1.35,ground hold,-2.42892e-06,0.000295078,-0.000897121,-0.00226812,0,0,-1.31874e-05,-3.35562e-05,9.54909e-09,-0.0102739,0.129726,-0.0010952,0.0238471,nan,0.229355,0.22919,0.229016,0.230332,0.22854,0.22919,0.22854,0.229016,0.230332,1,0,0.0020716,0,-0.00429231,0.00126088,0.000863886,0.00269101,0.00680719,0.000784671,-0.000513681,-2.11016e-06,0.000557752,0.00136911,0.001665,0.00430491,0.0703719,9.81844,9.8187,0,0.155563
1.36,ground hold,-2.5131e-06,0.000295489,-0.00105361,-0.00242491,0,0,4.15533e-06,-3.94064e-05,-1.42048e-08,-0.0102641,0.129736,-0.000855606,0.0240709,nan,0.231054,0.23143,0.230319,0.231349,0.230778,0.23143,0.230778,0.230319,0.231349,1,0,0.00267443,0,0.00143312,0.00071583,0.00073928,0.00317234,0.00728204,0.000816976,-0.00048285,-2.0283e-06,0.00852568,0.00436849,0.0106561,-0.0171172,-0.00326347,9.76517,9.76518,0,0.167112
1.37,ground hold,-2.41117e-06,0.000295823,-0.00106443,-0.00222095,0,0,7.90834e-06,-3.52664e-05,-9.54579e-09,-0.0102544,0.129746,0.00805796,0.0331525,nan,0.232753,0.232193,0.232978,0.232498,0.233004,0.232193,0.233004,0.232978,0.232498,1,0,0.00239208,0,-0.000740549,0.000627906,-0.000567724,0.00319732,0.00664296,0.000828118,-0.000530046,-2.66541e-06,0.00353479,-0.0137981,0.00270546,-0.0244469,-0.0996032,9.82183,9.82237,0,0.156529
1.38,ground hold,-2.31051e-06,0.000296131,-0.00145614,-0.00221869,0,0,7.64643e-06,-2.87487e-05,-2.25444e-09,-0.0102445,0.129755,0.00838986,0.0332122,nan,0.234452,0.233501,0.234885,0.234571,0.234513,0.233501,0.234513,0.234885,0.234571,1,0,0.00248976,0,-0.00382362,0.00132289,-0.000583327,0.00437433,0.00665163,0.000912672,-0.000537666,-2.94054e-06,0.00482264,-0.0034732,-0.0150908,0.0302962,-0.0801793,9.83288,9.83326,0,0.166454
1.39,ground hold,-2.29958e-06,0.00029639,-0.00142303,-0.00246555,0,0,6.65398e-06,-2.33255e-05,3.15812e-09,-0.0102347,0.129765,-0.0136293,0.0106252,nan,0.236152,0.234774,0.236921,0.235206,0.237365,0.234774,0.237365,0.236921,0.235206,1,0,0.00276214,0,3.01651e-05,0.00165951,-0.00189256,0.00427775,0.00738786,0.000913739,-0.000494802,-2.38413e-06,0.00671076,-0.00635046,0.00252945,-0.144892,-0.00442559,9.90161,9.90267,0,0.177975
1.4,ground hold,-2.17461e-06,0.000296564,-0.00135682,-0.00216343,0,0,1.13994e-05,-1.2279e-05,-8.33345e-09,-0.0102248,0.129775,-0.013522,0.0108347,nan,0.237851,0.236599,0.238399,0.237754,0.238312,0.236599,0.238312,0.238399,0.237754,1,0,0.00229024,0,-0.00329444,0.00202556,-0.00103673,0.00407012,0.00648509,0.000912895,-0.00056137,-3.26013e-06,0.000696434,-0.00403697,0.000187042,-0.0272223,0.0811087,9.81707,9.81744,0,0.160925
1.41,ground hold,-2.11833e-06,0.000296676,-0.00149596,-0.00195121,0,0,7.98094e-06,6.03595e-06,-2.64847e-05,-0.0102148,0.129785,-0.00141138,0.0231043,nan,0.23955,0.238937,0.239673,0.239476,0.239776,0.238937,0.239776,0.239673,0.239476,1,0,0.0020716,0,-0.00115722,0.00121694,-0.000455312,0.00449879,0.0058589,0.000949922,-0.000607237,-4.0977e-06,0.00821381,0.00290674,-0.00336014,0.148242,0.0351672,9.89888,9.90006,0,0.154665
1.42,ground hold,-2.09793e-06,0.000296797,-0.0015312,-0.00180312,0,0,-1.30353e-06,-4.46489e-06,-9.45496e-09,-0.0102048,0.129795,-0.00118001,0.0231134,nan,0.241249,0.240607,0.241579,0.240452,0.24202,0.240607,0.24202,0.241579,0.240452,1,0,0.0020716,0,0.00157864,0.000542662,-0.00111612,0.00459452,0.00541037,0.000964749,-0.000638679,-4.57603e-06,0.00157215,4.0254e-05,-0.000727453,0.0596328,-0.0563926,9.76537,9.76571,0,0.148861
1.43,ground hold,-1.99733e-06,0.000296735,-0.00154132,-0.00188424,0,0,1.88259e-05,1.59085e-05,-5.53937e-09,-0.0101947,0.129805,-0.00719652,0.0170379,nan,0.242949,0.243487,0.241491,0.24418,0.242297,0.243487,0.242297,0.241491,0.24418,1,0,0.00229024,0,0.0002973,0.00284089,0.00170523,0.00463818,0.00564315,0.000974061,-0.000624468,-4.38119e-06,0.0104483,-0.00700624,-0.00265914,0.0735011,-0.0686812,9.876,9.87652,0,0.152976
1.44,ground hold,-1.79093e-06,0.000296646,-0.00160705,-0.00170131,0,0,1.65873e-05,-2.92495e-06,-8.69504e-09,-0.0101846,0.129815,-0.00702434,0.0173767,nan,0.244648,0.245327,0.243582,0.24569,0.243653,0.245327,0.243653,0.243582,0.24569,1,0,0.0020716,0,-0.000771569,0.000821522,0.00166251,0.00482235,0.00509427,0.000992669,-0.00067003,-4.93697e-06,0.00178675,-0.00709464,-0.00955339,-0.00601601,-0.135141,9.88228,9.8832,0,0.146874
1.45,ground hold,-1.64486e-06,0.00029661,-0.00148252,-0.00169418,0,0,1.22062e-05,3.61985e-05,6.61829e-05,-0.0101744,0.129826,0.0374916,0.0618022,nan,0.246347,0.246122,0.246081,0.246011,0.246835,0.246122,0.246835,0.246081,0.246011,1,0,0.00182698,0,0.00229483,0.00121584,-0.000344139,0.00446899,0.0050863,0.000981726,-0.0006733,-4.97024e-06,0.015267,0.00183983,0.000236124,-0.0388271,-0.0392051,9.81604,9.81619,0,0.142188
1.46,ground hold,-1.45481e-06,0.000296657,-0.00113334,-0.00175331,0,0,1.81795e-05,8.0758e-06,-3.15617e-06,-0.0101642,0.129836,0.0381092,0.0617828,nan,0.248046,0.247323,0.248193,0.247676,0.248654,0.247323,0.248654,0.248193,0.247676,1,0,0.00182698,0,0.000291479,0.00154241,-0.000812232,0.00340017,0.00526446,0.000924136,-0.000667316,-5.02384e-06,0.00101544,0.00235189,-0.00278795,0.0515605,0.0592051,9.82244,9.82275,0,0.134191
1.47,ground hold,-1.34216e-06,0.000296574,-0.00102178,-0.00177175,0,0,-8.26736e-08,5.02997e-07,-2.23577e-09,-0.010154,0.129846,0.0447786,0.0679786,nan,0.249746,0.248856,0.250781,0.248778,0.250228,0.248856,0.250228,0.250781,0.248778,1,0,0.00182698,0,-0.00126182,-0.00119735,-0.00148339,0.00307205,0.00531092,0.000915103,-0.000666825,-5.02449e-06,0.00536917,-0.00354008,-0.0101495,0.117556,-0.0377242,9.84951,9.85029,0,0.132164
1.48,ground hold,-1.33923e-06,0.000296528,-0.00101394,-0.00224193,0,0,-2.84082e-06,-2.5845e-06,1.29074e-08,-0.0101436,0.129856,0.0454594,0.0681988,nan,0.251445,0.251907,0.250477,0.252224,0.250832,0.251907,0.250832,0.250477,0.252224,1,0,0.0020716,0,9.95754e-05,0.00127171,0.00124033,0.00305062,0.0067196,0.000919232,-0.000584248,-4.48275e-06,0.00678262,-0.0047092,-0.00434716,0.138653,-0.0576783,9.82967,9.83082,0,0.156604
1.49,ground hold,-1.35504e-06,0.000296552,-0.00085214,-0.00238271,0,0,-8.48941e-06,-8.46261e-06,3.96138e-05,-0.0101333,0.129867,0.0387932,0.061191,nan,0.253144,0.252801,0.252764,0.253303,0.253369,0.252801,0.253369,0.252764,0.253303,1,0,0.0020716,0,0.000274121,0.00209595,-1.26053e-05,0.00255986,0.00713749,0.000902141,-0.000565473,-4.35557e-06,0.00320038,-0.00766405,0.0010169,-0.0249241,-0.12203,9.85622,9.85701,0,0.161078
1.5,ground hold,-1.48785e-06,0.000296866,-0.000621648,-0.00212014,0,0,-1.13779e-05,-1.80753e-05,-3.17422e-08,-0.0101229,0.129877,0.0394059,0.0613672,nan,0.254844,0.254476,0.254734,0.255024,0.254801,0.254476,0.254801,0.254734,0.255024,1,0,0.00229024,0,-0.00127651,0.00116375,-1.56033e-05,0.00187803,0.00636116,0.000865911,-0.000617131,-4.45007e-06,0.00957587,-0.000117629,-0.007709,-0.0271516,0.0488922,9.7578,9.75796,0,0.142982
1.51,ground hold,-1.6116e-06,0.000296945,-0.000730604,-0.00234371,0,0,-7.58941e-06,3.62229e-05,0.000206684,-0.0101124,0.129888,0.0461159,0.0674447,nan,0.256543,0.256221,0.256505,0.256384,0.256722,0.256221,0.256722,0.256505,0.256384,1,0,0.00229024,0,0.000142202,0.000720812,-0.00027372,0.00219875,0.0070273,0.000893916,-0.000584495,-4.47278e-06,0.00551556,-0.00312803,-0.00369193,0.0226701,0.0611006,9.85347,9.85369,0,0.15697
1.52,ground hold,-1.618e-06,0.000296775,-0.000593574,-0.00249962,0,0,-6.54472e-07,1.92937e-05,0.000297291,-0.0101019,0.129898,0.0467913,0.0675797,nan,0.258242,0.258049,0.257801,0.258652,0.258128,0.258049,0.258128,0.257801,0.258652,1,0,0.00229024,0,-0.000731408,0.00176164,0.000339449,0.0017939,0.00748889,0.000877792,-0.000557635,-4.33152e-06,0.00966374,-0.00721131,9.83987e-05,0.09062,-0.046997,9.854,9.85453,0,0.163782
1.53,ground hold,-1.74452e-06,0.000297136,-0.0009535,-0.00240305,0,0,-2.38281e-05,4.98112e-05,-0.000160998,-0.0100914,0.129909,0.080799,0.0996001,nan,0.259942,0.259457,0.259553,0.260234,0.260182,0.259457,0.260182,0.259553,0.260234,1,0,0.00258374,0,-0.000393831,0.00266557,-1.91883e-05,0.00286001,0.00722095,0.000947698,-0.000579831,-4.5128e-06,0.000637445,0.00728115,0.00429893,-0.0826444,-0.093461,9.84257,9.84336,0,0.164054
1.54,ground hold,-1.90741e-06,0.000297094,-0.000969751,-0.00242912,0,0,-8.6095e-06,2.61796e-05,0.000337268,-0.0100808,0.129919,0.081796,0.0997575,nan,0.261641,0.2595,0.262938,0.260254,0.263531,0.2595,0.263531,0.262938,0.260254,1,0,0.00239208,0,-0.000425356,0.00255321,-0.00295153,0.00291324,0.00728759,0.000958472,-0.000581627,-4.60049e-06,0.00362581,-0.000425738,0.000742032,-0.0843659,-0.0589755,9.82427,9.82481,0,0.165768
1.55,ground hold,-1.96004e-06,0.000296892,-0.00106279,-0.00245987,0,0,-2.03182e-05,-4.5566e-05,0.000236864,-0.0100702,0.12993,0.0611894,0.0792078,nan,0.26334,0.261771,0.264368,0.262313,0.264569,0.261771,0.264569,0.264368,0.262313,1,0,0.00239208,0,-0.000902774,0.00140909,-0.00213353,0.0032129,0.00736681,0.000985528,-0.000576504,-4.64762e-06,0.0173653,-0.00910898,0.00461172,0.0858491,0.0995337,9.82695,9.82783,0,0.169259
1.56,ground hold,-1.7281e-06,0.000312017,-0.00101544,-0.00248938,0,0,0.000167157,-0.00411985,0.000616497,-0.0100579,0.129942,0.061984,0.0798092,nan,0.26498,0.2645,0.265252,0.264682,0.265169,0.2645,0.265169,0.265252,0.264682,1,0,0.00239208,0,-0.000704803,0.000186366,-0.000544455,0.0030518,0.00746696,0.000983296,-0.000575859,-4.57956e-06,0.00463517,-0.00136721,-0.000120145,0.109092,0.0878516,9.91333,9.91432,0,0.170711
1.57,ground hold,-1.885e-06,0.000396373,-0.000895878,-0.00208693,0,0,9.55713e-06,-0.0142272,0.00047246,-0.0100377,0.129962,0.0698213,0.0876081,nan,0.266513,0.265536,0.267575,0.265353,0.267291,0.265536,0.267291,0.267575,0.265353,1,0,0.00182698,0,-0.000266727,-0.000883751,-0.00174789,0.00269306,0.00627347,0.000967862,-0.000642404,-5.09341e-06,0.0046023,0.0078056,0.00611939,0.0435123,-0.0807429,9.94813,9.94855,0,0.151244
1.58,ground hold,-1.49462e-06,0.00060908,-0.000898564,-0.00178788,0,0,2.99352e-05,-0.0300415,0.00080914,-0.0100022,0.129998,0.0707068,0.0896698,nan,0.267934,0.267011,0.268982,0.266871,0.268598,0.267011,0.268598,0.268982,0.266871,1,0,0.00154408,0,-0.000648846,-0.000991453,-0.00162543,0.00269834,0.00539497,0.000975798,-0.000665085,-5.31101e-06,0.00272639,0.0202298,-0.0088753,-0.0319369,-0.092624,10.071,10.0715,0,0.146674
1.59,ground hold,-1.69334e-06,0.00100632,-0.000612414,-0.0014379,0,0,-0.000154085,-0.0513654,0.000507451,-0.0099443,0.130056,0.0820418,0.102117,nan,0.269249,0.269059,0.270507,0.268196,0.268982,0.269059,0.268982,0.270507,0.268196,1,0,0.00138107,0,-0.00175587,-0.00452562,-0.000981811,0.001842,0.00438469,0.000930898,-0.000660482,-5.36133e-06,0.00412147,0.0466647,0.0102304,0.0162355,-0.0944622,10.0525,10.053,0,0.14439
1.6,ground hold,-2.32177e-06,0.00164184,-0.000660778,-0.00058571,0,0,-5.46177e-05,-0.0778882,0.00104778,-0.00985705,0.130143,0.0830797,0.105572,nan,0.270466,0.270089,0.272695,0.268375,0.270469,0.270089,0.270469,0.272695,0.268375,1,0,0.00119604,0,-0.00135919,-0.00746681,-0.00206536,0.00199162,0.00186964,0.000948485,-0.000706413,-5.52788e-06,0.00713764,0.0743077,-0.00761563,0.0589998,0.0280638,10.0657,10.066,0,0.133167
1.61,ground hold,-2.81092e-06,0.00256592,-0.000660844,0.000606532,0,0,-0.000104853,-0.109285,0.000734332,-0.00973416,0.130266,0.104457,0.128707,nan,0.271591,0.27251,0.273923,0.269172,0.270541,0.27251,0.270541,0.273923,0.269172,1,0,0,0,-0.0001167,-0.0127328,-0.00122275,0.00197651,-0.00164719,0.000955955,-0.000759416,-5.8868e-06,-0.00305541,0.114182,-0.00326298,0.0459832,0.0619126,10.2883,10.2886,0,0.118567
1.62,ground hold,-3.69263e-06,0.00382543,-0.00054097,0.00139379,0,0,-2.98605e-05,-0.145113,0.00113318,-0.00956984,0.13043,0.105767,0.133565,nan,0.272633,0.274931,0.275042,0.269922,0.270435,0.274931,0.270435,0.275042,0.269922,1,0,0.000976562,0,0.00106335,-0.0182202,-0.000273963,0.00161955,-0.00395925,0.000938348,-0.00067412,-5.46908e-06,-0.00130087,0.147398,0.00102904,0.080679,0.0715775,10.3872,10.3878,0,0.142826
1.63,ground hold,-4.11624e-06,0.00546228,-0.000667837,0.00276116,0,0,-5.64108e-05,-0.184861,0.00109367,-0.00935895,0.130641,0.0701617,0.104751,nan,0.273602,0.276192,0.276255,0.270849,0.270924,0.276192,0.270924,0.276255,0.270849,1,0,0.00258374,0,3.18313e-05,-0.0202251,-6.06719e-05,0.00200697,-0.00800644,0.000972027,-0.000626271,-5.15456e-06,0.00323778,0.184052,0.0154918,0.0570516,-0.0439662,10.2703,10.2706,0,0.159593
1.64,ground hold,-4.88204e-06,0.00751405,-0.000457953,0.0045457,0,0,-7.27994e-05,-0.228209,0.00125506,-0.00909701,0.130903,0.071237,0.11036,nan,0.274509,0.278273,0.277659,0.271047,0.270882,0.278273,0.270882,0.277659,0.271047,1,0,0.00420035,0,0.00118983,-0.0265317,0.000342484,0.00135266,-0.0133013,0.000938289,-0.000580466,-4.62221e-06,-0.0132283,0.223243,0.00873658,0.00865107,0.0405403,10.3934,10.3935,0,0.172244
1.65,ground hold,-5.86339e-06,0.0100137,-0.000376638,0.00665551,0,0,-0.000312109,-0.274097,0.0012267,-0.00878015,0.13122,0.0838438,0.127028,nan,0.275359,0.278912,0.280486,0.270255,0.27162,0.278912,0.27162,0.280486,0.270255,1,0,0.00644087,0,-0.000554729,-0.0332043,-0.00129183,0.00113102,-0.0195776,0.000933638,-0.000511916,-4.23382e-06,0.00175388,0.258759,-0.0109497,0.018157,-0.0938447,10.5363,10.5368,0,0.193777
1.66,ground hold,-1.28822e-05,0.0129605,-0.000189568,0.00884973,0,0,-0.00110252,-0.316496,0.00133554,-0.00840318,0.131597,0.0851481,0.133994,nan,0.276108,0.281233,0.281047,0.271411,0.270604,0.281233,0.270604,0.281047,0.271411,1,0,0.00865237,0,-0.0016464,-0.0383988,0.000436543,0.000568941,-0.0260838,0.000900471,-0.000380025,-2.88877e-06,0.000992404,0.309809,0.00888378,-0.0644914,-0.0774732,10.5228,10.5233,0,0.235851
1.67,ground hold,-2.79401e-05,0.0163052,-0.000447275,0.0114721,0,0,-0.00192729,-0.353323,0.00164975,-0.00795882,0.132041,0.0843076,0.13947,nan,0.27675,0.282676,0.282763,0.270315,0.271127,0.282676,0.271127,0.282763,0.270315,1,0,0.0112623,0,0.00192306,-0.0454703,-0.00039499,0.00133273,-0.0338932,0.000952126,-0.000248872,-3.68393e-06,-0.00510383,0.348457,0.00354145,-0.0837659,-0.122224,10.5714,10.5724,0,0.278217
1.68,ground hold,-5.10664e-05,0.0199895,-0.000483438,0.0140336,0,0,-0.00264163,-0.384049,0.0021159,-0.00744015,0.13256,0.0857421,0.147578,nan,0.27729,0.283383,0.283688,0.270892,0.271099,0.283383,0.271099,0.283688,0.270892,1,0,0.0138624,0,-0.00025919,-0.0475212,-0.000224933,0.0014394,-0.0415338,0.000962214,-5.07988e-05,-3.28995e-06,-0.0061616,0.377657,-0.00551994,-0.0279123,-0.120873,10.6661,10.6668,0,0.342423
1.69,ground hold,-8.10816e-05,0.0239525,-0.000342708,0.0171288,0,0,-0.00329119,-0.408823,0.00253927,-0.00684075,0.133159,0.092724,0.160921,nan,0.277739,0.283984,0.285167,0.270543,0.27118,0.283984,0.27118,0.285167,0.270543,1,0,0.0169005,0,-0.00145099,-0.0519714,-0.000800085,0.00102765,-0.0507681,0.000938196,0.000104456,-1.92787e-06,0.000572237,0.411942,0.00729345,0.0163695,0.00254253,10.7082,10.7082,0,0.391446
1.7,ground hold,-0.000117575,0.0281357,-0.000599339,0.0196944,0,0,-0.00389825,-0.427799,0.00234957,-0.00615482,0.133845,0.0943782,0.170002,nan,0.278104,0.285459,0.284784,0.270787,0.27132,0.285459,0.27132,0.284784,0.270787,1,0,0.0194579,0,0.00320521,-0.053313,6.27593e-05,0.00180887,-0.0584525,0.000984874,0.000393978,-3.46484e-06,0.0083556,0.420147,0.00226798,-0.0625373,-0.0781707,10.7167,10.7171,0,0.484771
1.71,ground hold,-0.000159681,0.032482,-0.0006417,0.0227746,0,0,-0.00437213,-0.441221,0.002255,-0.00537714,0.134623,0.128017,0.208219,nan,0.278395,0.285778,0.286138,0.270816,0.270796,0.285778,0.270796,0.286138,0.270816,1,0,0.022567,0,-0.00100629,-0.0574209,-0.000149804,0.00191375,-0.0676864,0.000990584,0.000615882,-2.53668e-06,-0.00626176,0.42472,-0.00288912,0.0160837,-0.0494013,10.8885,10.8886,0,0.557221
1.72,ground hold,-0.000205838,0.0369369,-0.000858479,0.0253503,0,0,-0.00469985,-0.449303,0.00211208,-0.0045031,0.135497,0.13015,0.218402,nan,0.278621,0.285456,0.287073,0.270348,0.271566,0.285456,0.271566,0.287073,0.270348,1,0,0.0251265,0,-0.00105752,-0.0580092,-0.00124635,0.00258124,-0.0753934,0.00102628,0.00095145,-3.62807e-06,0.00508925,0.438034,0.00871503,0.0188458,-0.0415082,10.8882,10.8883,0,0.665367
1.73,ground hold,-0.000254657,0.0414494,-0.00109835,0.0280504,0,0,-0.00487613,-0.452629,0.00193439,-0.00352863,0.136471,0.144856,0.239904,nan,0.27879,0.286467,0.286751,0.27044,0.271472,0.286467,0.271472,0.286751,0.27044,1,0,0.0278365,0,0.00198583,-0.0593194,-0.000578536,0.00328539,-0.0834841,0.00106759,0.00127199,-4.92848e-06,-0.00501249,0.444171,0.0105921,-0.115219,-0.148357,10.8645,10.8661,0,0.769819
1.74,ground hold,-0.000304644,0.0459752,-0.00132977,0.0298898,0,0,-0.0049022,-0.451847,0.00230521,-0.00245026,0.13755,0.147309,0.250619,nan,0.27891,0.288579,0.285131,0.272355,0.269555,0.288579,0.269555,0.285131,0.272355,1,0,0.0296772,0,0.00171761,-0.0602534,0.00274599,0.00398302,-0.0890039,0.00110719,0.00174941,-5.64518e-06,-0.00201306,0.443267,-0.00599071,-0.0614331,-0.0806972,10.8624,10.8629,0,0.924177
1.75,ground hold,-0.000354548,0.0504756,-0.00133461,0.0325024,0,0,-0.00488606,-0.447482,0.00156322,-0.00126503,0.138735,0.148575,0.260227,nan,0.278989,0.286713,0.287825,0.270051,0.271356,0.286713,0.271356,0.287825,0.270051,1,0,0.032286,0,0.000511122,-0.0627748,-0.00106212,0.00400088,-0.0968391,0.00110787,0.00208392,-1.47919e-06,0.000351786,0.44477,-0.00440037,-0.00216132,-0.0944063,10.905,10.9054,0,1.03194
1.76,ground hold,-0.000404124,0.054917,-0.000888302,0.0343141,0,0,-0.00480256,-0.439923,0.00232952,2.95172e-05,0.14003,0.151236,0.271615,nan,0.279035,0.287536,0.286396,0.27172,0.270481,0.287536,0.270481,0.286396,0.27172,1,0,0.0341033,0,-0.000262676,-0.0601217,0.00104566,0.00265892,-0.10229,0.00102732,0.00254517,1.74796e-05,-0.00210971,0.433901,-0.00201375,0.0285129,-0.0655076,11.004,11.0042,0,1.181
1.77,ground hold,-0.00045333,0.0592702,-0.000801785,0.0367592,0,0,-0.00475243,-0.429854,0.00172532,0.00143539,0.141435,0.154574,0.283384,nan,0.279053,0.288068,0.286408,0.271586,0.270148,0.288068,0.270148,0.286408,0.271586,1,0,0.0365401,0,0.000589049,-0.0620394,0.00136146,0.00240601,-0.109641,0.00100839,0.00287852,2.29483e-05,0.00230077,0.423241,-0.00115291,0.0043159,-0.105179,10.9657,10.9662,0,1.29009
1.78,ground hold,-0.000501421,0.0635126,-0.00105648,0.0379667,0,0,-0.0046448,-0.417744,0.00178647,0.00295419,0.142954,0.157469,0.294946,nan,0.27905,0.287213,0.287005,0.270841,0.271145,0.287213,0.271145,0.287005,0.270841,1,0,0.0377722,0,0.00135843,-0.0610737,-4.17512e-05,0.00316088,-0.11328,0.00105163,0.00341452,1.70352e-05,-0.00329089,0.412352,-0.00558847,0.035791,-0.00802452,11.0084,11.0085,0,1.46427
1.79,ground hold,-0.000548542,0.0676266,-0.000744474,0.039962,0,0,-0.00449468,-0.404218,0.00253674,0.00458713,0.144587,0.163503,0.309294,nan,0.279031,0.286509,0.28779,0.270024,0.271807,0.286509,0.271807,0.28779,0.270024,1,0,0.0397769,0,0.00133501,-0.0615192,-0.00134668,0.00222771,-0.119287,0.000998812,0.0037788,3.15258e-05,-0.00214311,0.397878,0.0057865,0.0852885,-0.0222858,10.88,10.8804,0,1.58519
1.8,ground hold,-0.000594943,0.0716007,-0.000583978,0.0404262,0,0,-0.00431098,-0.389763,0.00294908,0.0063351,0.146335,0.16666,0.32121,nan,0.279001,0.288033,0.285435,0.272602,0.269942,0.288033,0.269942,0.285435,0.272602,1,0,0.0402358,0,-0.000164239,-0.0585957,0.00231118,0.00175243,-0.120695,0.000973817,0.00439288,3.87227e-05,0.00204022,0.387991,-0.000385741,0.106278,-0.0655406,11.02,11.0207,0,1.7862
1.81,ground hold,-0.000638878,0.0754275,-0.000935647,0.0421805,0,0,-0.00413867,-0.374786,0.00224925,0.00819871,0.148199,0.148223,0.314525,nan,0.278964,0.286585,0.286531,0.271169,0.271577,0.286585,0.271577,0.286531,0.271169,1,0,0.0420043,0,0.0012262,-0.0575477,-0.000155559,0.00280171,-0.125958,0.00103364,0.00475654,2.33321e-05,-0.000938563,0.387712,-0.00617698,0.075043,0.0993879,11.1138,11.1145,0,1.90515
1.82,ground hold,-0.000681122,0.0791036,-0.00083151,0.0421259,0,0,-0.00392313,-0.359721,0.00177193,0.0101783,0.150178,0.151435,0.326678,nan,0.278922,0.286026,0.286367,0.2716,0.271704,0.286026,0.271704,0.286367,0.2716,1,0,0.0419532,0,-0.000628871,-0.0551171,-0.000195986,0.00249812,-0.125838,0.00101531,0.00540656,3.19302e-05,0.00412387,0.358775,0.00944831,0.0893481,0.0604936,11.0141,11.0146,0,2.11877
1.83,ground hold,-0.000721184,0.0826306,-0.00105135,0.0434925,0,0,-0.00368455,-0.345024,0.00282788,0.0122741,0.152274,0.166237,0.348663,nan,0.27888,0.285849,0.286254,0.271953,0.27147,0.285849,0.27147,0.286254,0.271953,1,0,0.0433233,0,-0.00235443,-0.0543418,3.42349e-05,0.00315107,-0.129948,0.00104647,0.00577829,2.28985e-05,0.000528671,0.352274,0.000428419,0.062812,0.092457,11.0689,11.0695,0,2.24272
1.84,ground hold,-0.000759146,0.0860133,-0.000926019,0.0431527,0,0,-0.00343775,-0.330964,0.00221123,0.014486,0.154486,0.169793,0.360765,nan,0.278838,0.284886,0.287,0.270688,0.272787,0.284886,0.272787,0.287,0.270688,1,0,0.0429918,0,-4.18022e-05,-0.0538336,-0.00185151,0.00279984,-0.128966,0.00103127,0.00642272,2.90166e-05,0.0166783,0.328023,0.00425825,-0.0994554,0.103258,11.0021,11.003,0,2.45588
1.85,ground hold,-0.000795756,0.0892597,-0.000761354,0.0440281,0,0,-0.00336063,-0.317787,0.00285805,0.0168138,0.156814,0.22762,0.41903,nan,0.2788,0.285733,0.285399,0.272166,0.27191,0.285733,0.27191,0.285399,0.272166,1,0,0.043881,0,0.000206118,-0.0512643,0.000259063,0.00230074,-0.13162,0.00101095,0.00682709,3.71178e-05,0.013311,0.309358,-0.00139452,0.0110613,-0.063233,10.9975,10.9977,0,2.59164
1.86,ground hold,-0.000832079,0.0923789,-0.000625849,0.0436322,0,0,-0.00334015,-0.305644,0.0022362,0.0192574,0.159257,0.231881,0.431319,nan,0.278767,0.285007,0.285894,0.271411,0.272762,0.285007,0.272762,0.285894,0.271411,1,0,0.043499,0,0.00123341,-0.0506441,-0.000983716,0.00189807,-0.130464,0.000991401,0.00743037,4.26224e-05,0.0156521,0.289045,-0.0016046,-0.0303086,-0.00258804,11.007,11.0071,0,2.79303
1.87,ground hold,-0.000867336,0.0953818,-0.000848677,0.0439931,0,0,-0.00330537,-0.29458,0.00189683,0.0218163,0.161816,0.226717,0.435362,nan,0.27874,0.28591,0.284671,0.272353,0.272029,0.28591,0.272029,0.284671,0.272353,1,0,0.0438702,0,0.00243067,-0.0496419,0.000686933,0.00254935,-0.131551,0.00102535,0.0078802,2.84397e-05,0.0041439,0.286136,0.00756773,-0.0369292,0.0444741,11.0577,11.0578,0,2.94446
1.88,ground hold,-0.000901836,0.0982797,-0.000897282,0.0433636,0,0,-0.00321677,-0.284718,0.00167188,0.0244901,0.16449,0.231141,0.447603,nan,0.278719,0.284762,0.285552,0.272055,0.272509,0.284762,0.272509,0.285552,0.272055,1,0,0.0432351,0,-0.000888459,-0.0487918,-0.000546533,0.00268851,-0.129662,0.00103047,0.00848577,2.52031e-05,-7.62233e-05,0.287668,0.00340902,0.0132449,-0.00162464,11.0757,11.0757,0,3.14659
1.89,ground hold,-0.000936445,0.101085,-0.00106852,0.0436256,0,0,-0.00325526,-0.276133,0.00274277,0.0272784,0.167278,0.214029,0.441386,nan,0.278705,0.284378,0.285704,0.271888,0.272852,0.284378,0.272852,0.285704,0.271888,1,0,0.043499,0,-0.000961779,-0.0480186,-0.00100658,0.00320957,-0.130485,0.00105585,0.00891562,1.57905e-05,0.00576138,0.263518,-0.0114394,0.00502929,-0.134228,10.9731,10.9739,0,3.29241
1.9,ground hold,-0.000972405,0.10381,-0.000929528,0.0431791,0,0,-0.00329722,-0.268791,0.00241957,0.0301807,0.170181,0.218515,0.453571,nan,0.278698,0.28473,0.28487,0.272768,0.272425,0.28473,0.272425,0.28487,0.272768,1,0,0.0430693,0,-0.00127812,-0.0462478,8.90769e-05,0.00278198,-0.129162,0.00104023,0.00945348,2.48751e-05,-0.00226283,0.252618,0.0047252,-0.0242163,-0.0513456,11.0581,11.0582,0,3.47406
1.91,ground hold,-0.00100815,0.106469,-0.000724351,0.043446,0,0,-0.0033631,-0.262791,0.00160985,0.0331965,0.173197,0.197335,0.444211,nan,0.278699,0.283096,0.286544,0.270865,0.27429,0.283096,0.27429,0.286544,0.270865,1,0,0.0433343,0,-6.22296e-05,-0.0463932,-0.00302122,0.00215898,-0.129955,0.00101463,0.00985075,3.91203e-05,-0.00752349,0.258588,0.00404812,-0.0323719,-0.0836985,10.9717,10.9721,0,3.61102
1.92,ground hold,-0.00104491,0.109073,-0.0010707,0.0423985,0,0,-0.00352302,-0.258086,0.00212453,0.0363253,0.176325,0.201853,0.456506,nan,0.278708,0.285554,0.283729,0.273705,0.27184,0.285554,0.27184,0.283729,0.273705,1,0,0.0422928,0,-0.000107985,-0.0449783,0.00162157,0.00319388,-0.126828,0.00106364,0.0104653,1.85073e-05,-0.00922156,0.249297,-0.0098518,0.0503496,-0.0951801,10.9963,10.9968,0,3.82038
1.93,ground hold,-0.00108371,0.111636,-0.000823761,0.0425657,0,0,-0.00372046,-0.254527,0.00216545,0.0395666,0.179567,0.187312,0.452823,nan,0.278724,0.286011,0.283569,0.273484,0.271826,0.286011,0.271826,0.283569,0.273484,1,0,0.0424448,0,0.0020776,-0.0459867,0.00180217,0.00246905,-0.127326,0.00103722,0.0108591,3.56783e-05,0.000771394,0.251721,-0.0023128,0.0712338,-0.0417794,11.0854,11.0857,0,3.95756
1.94,ground hold,-0.00112398,0.114169,-0.000545987,0.0414616,0,0,-0.00386254,-0.252003,0.00159818,0.0429199,0.18292,0.191916,0.464949,nan,0.278747,0.284348,0.285138,0.272245,0.27325,0.284348,0.27325,0.285138,0.272245,1,0,0.0413348,0,0.000571636,-0.0454573,-0.000788459,0.00164631,-0.124015,0.00100521,0.0114677,5.33892e-05,0.00700502,0.252131,0.00666615,0.100348,0.0102125,11.0092,11.0096,0,4.16595
1.95,ground hold,-0.00116584,0.11668,-0.000619539,0.0416859,0,0,-0.0040107,-0.250355,0.0017713,0.0463847,0.186385,0.183191,0.465814,nan,0.278776,0.285101,0.284187,0.273356,0.272453,0.285101,0.272453,0.284187,0.273356,1,0,0.0415649,0,2.90767e-05,-0.0444875,0.000798552,0.00185803,-0.124691,0.00101454,0.0118446,4.86783e-05,0.00150702,0.250409,-0.00176166,0.159474,0.0267024,10.9691,10.9703,0,4.29699
1.96,ground hold,-0.00120933,0.119179,-0.000847162,0.04069,0,0,-0.004153,-0.249551,0.00213087,0.0499607,0.189961,0.187927,0.478075,nan,0.278812,0.284613,0.285095,0.272691,0.272844,0.284613,0.272844,0.285095,0.272691,1,0,0.0405721,0,-0.000873636,-0.0458034,-0.000279131,0.00254304,-0.121705,0.0010418,0.0124275,3.56942e-05,0.00298146,0.250125,0.00383113,0.152512,0.0466516,11.0252,11.0264,0,4.49723
1.97,ground hold,-0.00125465,0.121674,-0.00112018,0.0408448,0,0,-0.00420462,-0.249538,0.00246621,0.0536473,0.193647,0.175084,0.475635,nan,0.278854,0.285385,0.284425,0.273524,0.272074,0.285385,0.272074,0.284425,0.273524,1,0,0.0407481,0,-0.00130207,-0.0458763,0.00105911,0.00336019,-0.122164,0.00107271,0.0128064,2.0593e-05,0.00212017,0.254235,0.00325239,0.0880923,0.10152,11.0596,11.0604,0,4.63137
1.98,ground hold,-0.00129923,0.124172,-0.000858557,0.040116,0,0,-0.00412462,-0.250251,0.00253706,0.0574443,0.197444,0.179917,0.487759,nan,0.278901,0.285197,0.284568,0.273331,0.272499,0.285197,0.272499,0.284568,0.273331,1,0,0.040004,0,-0.000538921,-0.0453512,0.000642313,0.00257908,-0.119971,0.00104469,0.013338,3.91609e-05,0.00477714,0.259009,-0.0103467,0.0127637,0.0925014,11.0585,11.0589,0,4.8162
1.99,ground hold,-0.00134367,0.12668,-0.00110143,0.0402321,0,0,-0.00404899,-0.251521,0.00238455,0.0613514,0.201351,0.160011,0.479391,nan,0.278953,0.285655,0.284014,0.273591,0.272541,0.285655,0.272541,0.284014,0.273591,1,0,0.040129,0,0.00157082,-0.0445979,0.0011828,0.00329649,-0.120347,0.00107101,0.0137216,2.428e-05,-0.00295698,0.24125,0.00419592,0.0361566,0.00369072,11.0375,11.0375,0,4.95331
2,liftoff,-0.00138679,0.129203,-0.00101362,0.0396336,0,0,-0.00390648,-0.253191,0.00209296,0.0653682,0.205368,0.164882,0.491518,nan,0.279009,0.285268,0.284684,0.273343,0.272729,0.285268,0.272729,0.284684,0.273343,1,0,0.0395183,0,-8.10704e-05,-0.0452474,0.000526587,0.00305244,-0.118531,0.00106241,0.014232,3.28071e-05,0.0100757,0.255374,-0.00236071,0.055403,0.0484937,11.0278,11.028,0,5.13214
2.01,liftoff,-0.00142722,0.131743,-0.000785827,0.0395338,0,0,-0.00368543,-0.25501,0.000220727,0.0694944,0.209494,0.183825,0.51485,nan,0.276972,0.28245,0.283446,0.270582,0.271816,0.28245,0.271816,0.283446,0.270582,1,0,0.0394156,0,0.000629587,-0.044522,-0.000980338,0.002352,-0.118236,0.00103712,0.014657,4.95781e-05,-0.00148769,0.253431,-0.00524597,0.0239286,-0.0927742,11.0146,11.015,0,5.2834
2.02,liftoff,-0.00146433,0.134303,-0.000745911,0.0391639,0,0,-0.00340339,-0.257061,0.00119218,0.0737286,0.213729,0.18905,0.526841,nan,0.27497,0.28117,0.280841,0.26922,0.269045,0.28117,0.269045,0.280841,0.26922,1,0,0.0390265,0,0.000409909,-0.0449933,0.000221171,0.00224426,-0.117132,0.0010338,0.0151309,5.23878e-05,0.00624762,0.250072,8.29209e-05,-0.0398627,-0.00215464,10.979,10.979,0,5.45127
2.03,liftoff,-0.00150037,0.136883,-0.000468048,0.0391389,0,0,-0.00325024,-0.259025,0.0021568,0.0780673,0.218067,0.212211,0.552677,nan,0.273034,0.280488,0.277808,0.268003,0.266217,0.280488,0.266217,0.277808,0.268003,1,0,0.0390326,0,0.00237262,-0.0456199,0.00196279,0.00140374,-0.117071,0.0010034,0.0155435,6.91487e-05,0.00162706,0.240872,-0.00903496,0.0205767,-0.00155873,10.9168,10.9168,0,5.60065
2.04,liftoff,-0.00153474,0.139482,-0.00114725,0.0387267,0,0,-0.00308741,-0.260732,0.00132604,0.0825052,0.222505,0.21781,0.563636,nan,0.271188,0.27733,0.277385,0.265213,0.265186,0.27733,0.265186,0.277385,0.265213,1,0,0.038615,0,-0.000217504,-0.0460746,-1.22962e-05,0.0034449,-0.115808,0.00107452,0.0160258,2.41894e-05,0.00423438,0.259612,0.00605612,-0.110365,-0.0568923,10.8562,10.8569,0,5.77309
2.05,liftoff,-0.00156736,0.142096,-0.000992705,0.0388604,0,0,-0.00290647,-0.26206,0.00162293,0.0870357,0.227036,0.223819,0.574167,nan,0.269451,0.275945,0.274962,0.264237,0.262997,0.275945,0.262997,0.274962,0.264237,1,0,0.0387444,0,-0.000681262,-0.0448541,0.000976759,0.00296659,-0.116201,0.00106052,0.0164192,3.50388e-05,-0.00534348,0.265062,-0.00392847,0.100538,0.0208221,10.7062,10.7067,0,5.91517
2.06,liftoff,-0.00159809,0.144721,-0.000900716,0.0378882,0,0,-0.00272485,-0.262952,0.00128776,0.0916509,0.231651,0.229631,0.583809,nan,0.267836,0.273732,0.274075,0.262056,0.26179,0.273732,0.26179,0.274075,0.262056,1,0,0.0377722,0,-0.0016162,-0.0454011,-3.36442e-05,0.00270687,-0.11328,0.00105148,0.0169958,4.1679e-05,0.00489195,0.269219,0.00754283,-0.0546718,0.0600994,10.6393,10.6396,0,6.12128
2.07,liftoff,-0.00162773,0.147353,-0.000575146,0.0381047,0,0,-0.00260093,-0.263522,0.00177606,0.0963424,0.236342,0.188184,0.554571,nan,0.26635,0.271954,0.273273,0.259482,0.260976,0.271954,0.260976,0.273273,0.259482,1,0,0.0379799,0,0.000462626,-0.0469338,-0.0012361,0.00172519,-0.113935,0.00101872,0.0173766,6.26067e-05,0.0018243,0.265659,-0.00900898,-0.0279204,-0.0985426,10.6499,10.6504,0,6.2598
2.08,liftoff,-0.00165638,0.149989,-0.000929801,0.0373366,0,0,-0.00245333,-0.263615,0.00185613,0.101101,0.241101,0.193791,0.562435,nan,0.265,0.270025,0.272255,0.258366,0.259611,0.270025,0.259611,0.272255,0.258366,1,0,0.0371998,0,-0.00261229,-0.0460502,-0.00152732,0.00279758,-0.111632,0.00105786,0.0179208,3.73908e-05,0.00795685,0.265341,-0.0125562,-0.0333141,0.0210461,10.5006,10.5007,0,6.45478
2.09,liftoff,-0.0016844,0.152624,-0.000499509,0.0375241,0,0,-0.00245787,-0.263183,0.00209784,0.105919,0.245919,0.212831,0.580127,nan,0.263785,0.269895,0.27012,0.25788,0.257474,0.269895,0.257474,0.27012,0.25788,1,0,0.0373979,0,-0.00167324,-0.0467275,7.93639e-05,0.00148808,-0.112199,0.00101633,0.0183067,6.65732e-05,-0.00522378,0.263001,-0.0051942,-0.0196497,-0.0717747,10.4616,10.4619,0,6.59509
2.1,liftoff,-0.00171317,0.155251,-0.000206064,0.0368077,0,0,-0.00256762,-0.262181,0.00232608,0.110785,0.250785,0.218684,0.586144,nan,0.262703,0.26907,0.26858,0.257224,0.256144,0.26907,0.256144,0.26858,0.257224,1,0,0.0366834,0,-0.00156526,-0.0460086,0.000690271,0.000615056,-0.110059,0.000988199,0.0188399,8.34667e-05,-0.000913923,0.257504,0.000616461,0.0951664,0.017467,10.3894,10.3899,0,6.78687
2.11,liftoff,-0.00174376,0.157867,-0.000942131,0.0374896,0,0,-0.00269271,-0.260779,0.0024835,0.115693,0.255693,0.241142,0.604602,nan,0.261753,0.26689,0.268883,0.255257,0.25616,0.26689,0.25616,0.268883,0.255257,1,0,0.0373724,0,-0.00289175,-0.0461493,-0.0012727,0.00283233,-0.112098,0.00105687,0.0191352,3.35853e-05,0.0061223,0.26168,-0.00299529,-0.0263944,0.0469491,10.2741,10.2743,0,6.89739
2.12,liftoff,-0.00177679,0.160467,-0.000859372,0.0366423,0,0,-0.00291122,-0.259064,0.0029636,0.120632,0.260632,0.247234,0.609134,nan,0.260927,0.267186,0.266548,0.255527,0.254599,0.267186,0.254599,0.266548,0.255527,1,0,0.0365336,0,-0.000766377,-0.0447326,0.000688011,0.00257668,-0.109577,0.00104857,0.019682,3.95531e-05,0.00059226,0.248913,0.0100433,-0.0974445,-0.0770243,10.2295,10.2302,0,7.09491
2.13,liftoff,-0.00181223,0.163049,-0.000377137,0.0371371,0,0,-0.00307635,-0.257188,0.00291495,0.125596,0.265596,0.215401,0.58282,nan,0.260219,0.266287,0.266488,0.25417,0.254061,0.266287,0.254061,0.266488,0.25417,1,0,0.0370005,0,-0.000823214,-0.0465051,-4.00201e-05,0.00112632,-0.111049,0.0010036,0.0199979,7.17051e-05,-0.0017932,0.257275,-0.00544382,0.145312,0.0255181,10.0811,10.0822,0,7.21465
2.14,liftoff,-0.00184853,0.16561,-0.000845593,0.0367457,0,0,-0.00315203,-0.255022,0.00188172,0.130575,0.270575,0.221264,0.585875,nan,0.259621,0.264963,0.266466,0.252914,0.254251,0.264963,0.254251,0.266466,0.252914,1,0,0.0366314,0,-0.000440885,-0.0459751,-0.00124784,0.0025481,-0.109895,0.00104667,0.0204577,4.11501e-05,0.0097045,0.244846,-0.00670557,0.11775,0.049937,10.182,10.1828,0,7.38371
2.15,liftoff,-0.00188375,0.168149,-0.00120707,0.0373114,0,0,-0.00308409,-0.252718,0.00152572,0.135565,0.275565,0.238788,0.597412,nan,0.259126,0.265268,0.265044,0.253555,0.252728,0.265268,0.252728,0.265044,0.253555,1,0,0.0372126,0,-0.0015995,-0.0455287,0.000461951,0.00361219,-0.111586,0.00108096,0.0207553,1.80236e-05,-0.0039456,0.248856,0.00741613,-0.0522715,0.0563039,9.94774,9.94804,0,7.49683
2.16,liftoff,-0.00191817,0.170665,-0.00126792,0.0361577,0,0,-0.00302531,-0.250316,0.00185808,0.140557,0.280557,0.244795,0.599145,nan,0.258725,0.26573,0.263278,0.253561,0.252403,0.26573,0.252403,0.263278,0.253561,1,0,0.0360739,0,0.0034298,-0.0436642,0.00158652,0.00380403,-0.108133,0.00108783,0.02133,1.9218e-05,0.00212021,0.243857,0.0108174,0.0239173,0.0012686,9.94435,9.94438,0,7.70708
2.17,liftoff,-0.00195117,0.173157,-0.000965674,0.0362158,0,0,-0.00290772,-0.247959,0.000746033,0.145546,0.285546,0.236975,0.589456,nan,0.258409,0.264637,0.263838,0.25304,0.252176,0.264637,0.252176,0.263838,0.25304,1,0,0.0361069,0,-0.000173455,-0.0440733,0.000730901,0.00289878,-0.108312,0.00106464,0.0216952,3.96714e-05,0.00302983,0.240972,0.00450607,-0.0304962,-0.102388,9.91673,9.9173,0,7.8465
2.18,liftoff,-0.00198209,0.175626,-0.00108643,0.0354747,0,0,-0.00282775,-0.245616,0.00132798,0.150527,0.290527,0.242894,0.590037,nan,0.25817,0.264816,0.26326,0.252982,0.251662,0.264816,0.251662,0.26326,0.252982,1,0,0.0353798,0,0.000625075,-0.0443986,0.00126378,0.00324983,-0.106088,0.00108076,0.0221929,3.16342e-05,-0.00408721,0.242659,-0.00314946,-0.00793443,0.0359814,9.80928,9.80935,0,8.0304
2.19,liftoff,-0.00201349,0.178071,-0.00110294,0.0358412,0,0,-0.00280177,-0.243358,0.00185862,0.155494,0.295494,0.234251,0.578939,nan,0.257999,0.264317,0.263561,0.252664,0.251482,0.264317,0.251482,0.263561,0.252664,1,0,0.0357419,0,-0.00113003,-0.044968,0.00085193,0.00331572,-0.107178,0.00108278,0.0224958,3.36568e-05,0.00661653,0.249318,0.00394612,0.11102,-0.0204845,9.90029,9.90094,0,8.14952
2.2,liftoff,-0.00204517,0.180494,-0.000823135,0.0349627,0,0,-0.00279009,-0.241096,0.00163627,0.160444,0.300444,0.240062,0.579093,nan,0.257888,0.261922,0.265518,0.250392,0.253737,0.261922,0.253737,0.265518,0.250392,1,0,0.034857,0,-0.000667248,-0.0441687,-0.00305088,0.0024974,-0.104551,0.0010626,0.0230039,5.23866e-05,0.0202746,0.243872,0.00614785,-0.00684487,0.0619017,9.84281,9.84301,0,8.33869
2.21,liftoff,-0.00207852,0.182894,-0.000964694,0.035508,0,0,-0.00276764,-0.238912,0.00299628,0.165372,0.305372,0.245336,0.578016,nan,0.257831,0.263578,0.263762,0.251813,0.252176,0.263578,0.252176,0.263762,0.251813,1,0,0.0353933,0,0.00047541,-0.0442449,-0.000240959,0.00288758,-0.106185,0.00107588,0.0232743,4.26436e-05,-0.00194448,0.245295,-0.0113284,-0.0695101,0.107463,9.68429,9.68513,0,8.44498
2.22,liftoff,-0.00211233,0.185273,-0.000925577,0.034931,0,0,-0.00268666,-0.236874,0.0027941,0.170276,0.310276,0.251133,0.577338,nan,0.257819,0.264048,0.263036,0.252585,0.251605,0.264048,0.251605,0.263036,0.252585,1,0,0.0348296,0,8.4742e-05,-0.0433797,0.000875696,0.0027937,-0.104468,0.00107477,0.0237228,4.52092e-05,0.0130233,0.236755,0.00625289,-0.0446789,-0.0298295,9.69379,9.69394,0,8.61437
2.23,liftoff,-0.00214426,0.187633,-0.000878689,0.0348684,0,0,-0.0026104,-0.235121,0.00246266,0.175153,0.315153,0.219519,0.547573,nan,0.257845,0.2623,0.264656,0.250926,0.253491,0.2623,0.253491,0.264656,0.250926,1,0,0.0347543,0,0.000556607,-0.0427075,-0.00216337,0.00264359,-0.104294,0.00107103,0.0240797,4.73898e-05,0.00690043,0.228054,-0.000166806,0.0166543,-0.0312215,9.79602,9.79608,0,8.7532
2.24,liftoff,-0.00217652,0.189977,-0.000755933,0.0338344,0,0,-0.00259522,-0.233607,0.00226741,0.18,0.32,0.225012,0.546527,nan,0.257905,0.263592,0.263589,0.251818,0.252608,0.263592,0.252608,0.263589,0.251818,1,0,0.0337448,0,0.00210504,-0.0431161,-0.000345463,0.00227838,-0.101198,0.00106146,0.0245958,5.37378e-05,0.00864898,0.224709,0.0035632,-0.150736,-0.0791305,9.63993,9.64143,0,8.94677
2.25,liftoff,-0.00220759,0.192307,-0.000899433,0.0337015,0,0,-0.00252678,-0.232277,0.00232877,0.184815,0.324815,0.25823,0.566852,nan,0.257993,0.26281,0.264374,0.25188,0.252887,0.26281,0.252887,0.264374,0.25188,1,0,0.033589,0,-0.0014763,-0.0424738,-0.00113043,0.00269741,-0.100793,0.0010747,0.0249598,4.29775e-05,0.0013308,0.229621,-0.00242821,0.012116,-0.0680663,9.73886,9.7391,0,9.08785
2.26,liftoff,-0.00223829,0.194624,-0.000736553,0.0328324,0,0,-0.00245447,-0.231195,0.00249531,0.189597,0.329597,0.263912,0.565562,nan,0.258102,0.263387,0.263898,0.252114,0.252986,0.263387,0.252986,0.263898,0.252114,1,0,0.0327553,0,0.000955831,-0.0420361,-0.000608112,0.00220096,-0.0981998,0.0010594,0.0254387,5.36454e-05,-0.00397779,0.220774,-0.00496991,0.0217011,-0.203021,9.7502,9.75233,0,9.27046
2.27,liftoff,-0.00226759,0.196932,-0.000862667,0.0328993,0,0,-0.00238702,-0.23048,0.00154713,0.194344,0.334344,0.289753,0.579824,nan,0.258229,0.26383,0.264158,0.252045,0.252858,0.26383,0.252858,0.264158,0.252045,1,0,0.0328134,0,0.00128674,-0.0437417,-0.000501272,0.00258066,-0.0983984,0.00107062,0.025763,4.45035e-05,-0.00308147,0.222564,-0.00125691,-0.0211315,-0.0781591,9.76836,9.7687,0,9.39887
2.28,liftoff,-0.00229659,0.199235,-0.000792229,0.0320682,0,0,-0.00242114,-0.229953,0.00273513,0.199056,0.339056,0.295565,0.578345,nan,0.25837,0.263882,0.263856,0.252601,0.253113,0.263882,0.253113,0.263856,0.252601,1,0,0.0319818,0,0.00142706,-0.041731,-0.000213718,0.00237464,-0.0959,0.00106612,0.0262335,4.66675e-05,0.000136357,0.226509,0.00556604,0.0882006,-0.0304553,9.63287,9.63332,0,9.57842
2.29,liftoff,-0.00232676,0.201532,-0.000797745,0.0318134,0,0,-0.00248827,-0.229644,0.00218583,0.203731,0.343731,0.275093,0.556617,nan,0.258522,0.263434,0.26491,0.251751,0.25396,0.263434,0.25396,0.26491,0.251751,1,0,0.0317198,0,0.00194315,-0.0428858,-0.00161924,0.00240071,-0.0951276,0.00106984,0.0266062,4.50114e-05,0.00689802,0.232328,-0.00745758,0.00789548,-0.0148523,9.54391,9.54393,0,9.72469
2.3,liftoff,-0.00235885,0.203828,-0.00098214,0.0311025,0,0,-0.00259089,-0.229457,0.00214091,0.208369,0.348369,0.280673,0.555124,nan,0.25868,0.264235,0.263698,0.253857,0.252899,0.264235,0.252899,0.263698,0.253857,1,0,0.0309975,0,-0.00111681,-0.0401264,0.000656724,0.0029366,-0.0930031,0.00108569,0.0270534,3.42783e-05,-0.00480899,0.227602,0.00202965,-0.0138214,0.0124861,9.60654,9.60656,0,9.89692
2.31,liftoff,-0.00238998,0.206123,-0.000889872,0.0314371,0,0,-0.00271407,-0.229579,0.00111073,0.21297,0.35297,0.283781,0.551833,nan,0.258843,0.26469,0.264121,0.253524,0.253006,0.26469,0.253006,0.264121,0.253524,1,0,0.0313341,0,0.000132836,-0.0422182,0.000477817,0.00267255,-0.0940099,0.00108199,0.0273222,4.00324e-05,0.00344621,0.225775,0.00808587,0.0361926,-0.0933304,9.60627,9.60679,0,10.0092
2.32,liftoff,-0.00242189,0.20842,-0.000664603,0.030897,0,0,-0.00289624,-0.229916,0.00199783,0.217533,0.357533,0.28931,0.550319,nan,0.259009,0.264452,0.264921,0.252687,0.253943,0.264452,0.253943,0.264921,0.252687,1,0,0.0307891,0,0.00208804,-0.0430959,-0.000758321,0.00197866,-0.092386,0.00106519,0.027735,5.56117e-05,-0.00813495,0.228635,-0.0138446,0.123238,-0.022041,9.65996,9.66077,0,10.1719
2.33,liftoff,-0.00245722,0.210721,-0.000661669,0.0312671,0,0,-0.00305376,-0.230343,0.00214751,0.222058,0.362058,0.301538,0.554036,nan,0.259175,0.265779,0.263934,0.254222,0.252733,0.265779,0.252733,0.263934,0.254222,1,0,0.0311433,0,0.000945383,-0.0431227,0.00146546,0.00199907,-0.0934838,0.0010675,0.0279999,5.48321e-05,0.011019,0.237206,-0.00266104,0.0409947,0.0442296,9.64421,9.6444,0,10.2825
2.34,liftoff,-0.00249372,0.213026,-0.000378363,0.0305305,0,0,-0.00315426,-0.230814,0.00206072,0.226546,0.366546,0.307092,0.552682,nan,0.259341,0.264985,0.265145,0.253739,0.25346,0.264985,0.25346,0.265145,0.253739,1,0,0.0304073,0,-0.00116526,-0.0434492,5.21441e-05,0.00114271,-0.091286,0.00104495,0.0284461,7.17916e-05,0.00665721,0.229737,-0.00854663,0.148325,0.0448921,9.71296,9.7142,0,10.4569
2.35,liftoff,-0.00253178,0.215337,-0.000937162,0.0312995,0,0,-0.00321992,-0.231247,0.00232433,0.230996,0.370996,0.303715,0.544642,nan,0.259504,0.264377,0.26599,0.253094,0.254522,0.264377,0.254522,0.26599,0.253094,1,0,0.0311892,0,-0.00049028,-0.0431073,-0.00133661,0.00282385,-0.0935739,0.00109051,0.0286446,3.66365e-05,0.0103205,0.242558,-0.00947884,0.120984,-0.0239591,9.7166,9.71738,0,10.5451
2.36,liftoff,-0.00257133,0.217651,-0.000888148,0.0308162,0,0,-0.00328132,-0.231719,0.0024029,0.235408,0.375408,0.309173,0.543401,nan,0.259664,0.264403,0.26633,0.253094,0.254797,0.264403,0.254797,0.26633,0.253094,1,0,0.0307271,0,-0.000591471,-0.0432812,-0.00159533,0.00266781,-0.0921445,0.00108942,0.0290474,3.99889e-05,0.00417919,0.229459,-0.0068655,0.0286777,0.0868234,9.67228,9.67271,0,10.7054
2.37,liftoff,-0.0026108,0.21997,-0.00124953,0.0310744,0,0,-0.00335164,-0.232115,0.00197471,0.239783,0.379783,0.290878,0.52433,nan,0.259821,0.265215,0.265964,0.253996,0.254076,0.265215,0.254076,0.265964,0.253996,1,0,0.0309975,0,-0.00177577,-0.0437817,-0.000364711,0.00375576,-0.0929072,0.0011197,0.0293332,1.95391e-05,0.00684116,0.237505,-0.00100605,0.123697,0.0636582,9.74475,9.74575,0,10.8235
2.38,liftoff,-0.00265153,0.222293,-0.00101906,0.0302313,0,0,-0.00349065,-0.232449,0.00283789,0.244122,0.384122,0.296137,0.523406,nan,0.259973,0.266128,0.2651,0.254798,0.253836,0.266128,0.253836,0.2651,0.254798,1,0,0.0301475,0,0.000174462,-0.0428096,0.000874648,0.00307105,-0.0903988,0.00110443,0.0297886,3.64673e-05,0.0115073,0.224246,-0.0148592,-0.00937122,0.0574501,9.63104,9.63121,0,11.0049
2.39,liftoff,-0.00269343,0.224619,-0.00114005,0.0307232,0,0,-0.00358099,-0.232755,0.0017726,0.248423,0.388423,0.315629,0.532931,nan,0.260121,0.265937,0.265864,0.254745,0.253907,0.265937,0.253907,0.265864,0.254745,1,0,0.0306105,0,-0.00203037,-0.0438631,0.000400256,0.00341577,-0.0918706,0.00111467,0.0300324,3.11564e-05,-0.000878987,0.226937,-0.00367189,0.00318262,0.0374492,9.77773,9.77781,0,11.11
2.4,liftoff,-0.00273438,0.226948,-0.00134123,0.0299669,0,0,-0.0035724,-0.233071,0.00151243,0.252689,0.392689,0.320974,0.532277,nan,0.260264,0.265809,0.266121,0.254734,0.254363,0.265809,0.254363,0.266121,0.254734,1,0,0.0298853,0,-0.00181365,-0.0432659,2.61198e-05,0.00401125,-0.0896032,0.00113262,0.030475,2.17049e-05,-0.00618919,0.226552,-0.00264835,0.0396336,0.0516537,9.7267,9.72692,0,11.2868
2.41,liftoff,-0.00277655,0.22928,-0.00164956,0.0302494,0,0,-0.00359848,-0.233367,0.00224768,0.256918,0.396918,0.324224,0.529899,nan,0.260402,0.266431,0.265728,0.255014,0.254409,0.266431,0.254409,0.265728,0.255014,1,0,0.0301554,0,0.000259149,-0.0430788,0.000574946,0.00494893,-0.0904357,0.00116056,0.0307514,5.28827e-06,0.0028272,0.236768,-0.0118619,0.0282491,-0.0195843,9.64924,9.6493,0,11.4043
2.42,liftoff,-0.00281875,0.231615,-0.00146966,0.0296678,0,0,-0.00354252,-0.233719,0.00260322,0.261112,0.401112,0.329537,0.529103,nan,0.260536,0.266267,0.266201,0.255171,0.254481,0.266267,0.254481,0.266201,0.255171,1,0,0.0296128,0,-0.00165533,-0.0432322,0.000331753,0.00443079,-0.088709,0.00115069,0.0311616,1.99381e-05,0.0166329,0.225343,0.00112074,-0.055569,0.0206076,9.6564,9.65658,0,11.5714
2.43,liftoff,-0.00286117,0.233954,-0.00165861,0.0301166,0,0,-0.00345771,-0.233991,0.00250915,0.26527,0.40527,0.293903,0.497919,nan,0.260666,0.266053,0.266539,0.254499,0.255548,0.266053,0.255548,0.266539,0.254499,1,0,0.0300286,0,0.00149542,-0.0427185,-0.000674542,0.00496165,-0.0900587,0.00116609,0.0314111,1.23348e-05,-0.0070555,0.223225,-0.00331907,0.0299644,-0.027052,9.74862,9.7487,0,11.6797
2.44,liftoff,-0.00290343,0.236295,-0.00165495,0.0295443,0,0,-0.00334008,-0.234276,0.00235706,0.269393,0.409393,0.298897,0.497419,nan,0.260791,0.266197,0.266814,0.254524,0.255605,0.266197,0.255605,0.266814,0.254524,1,0,0.0294595,0,0.00123019,-0.0433578,-0.000746249,0.00496966,-0.0883312,0.00116948,0.031824,1.75952e-05,0.00550193,0.230823,-0.00116161,-0.0807772,-0.0153703,9.75558,9.75593,0,11.8467
2.45,liftoff,-0.00294322,0.238639,-0.00128405,0.0297391,0,0,-0.00314463,-0.234531,0.00238442,0.273481,0.413481,0.281205,0.479925,nan,0.260913,0.266639,0.266375,0.255595,0.255018,0.266639,0.255018,0.266375,0.255595,1,0,0.0296289,0,-0.00083012,-0.0424446,0.000369774,0.0038556,-0.0889124,0.00114449,0.0321129,4.02151e-05,0.00421836,0.23323,0.00280269,-0.0338781,0.00110969,9.752,9.75206,0,11.9697
2.46,liftoff,-0.00298011,0.240985,-0.00116728,0.0295948,0,0,-0.00294009,-0.234784,0.00148083,0.277534,0.417534,0.286016,0.47937,nan,0.261031,0.26648,0.266773,0.254734,0.256114,0.26648,0.256114,0.266773,0.254734,1,0,0.0295241,0,0.00288318,-0.0424517,-0.000735381,0.0034978,-0.0884873,0.00113595,0.0324558,4.79495e-05,-0.000942835,0.2285,0.00492651,-0.00550899,-0.164243,9.73979,9.74118,0,12.1125
2.47,liftoff,-0.00301384,0.243334,-0.00106092,0.0299507,0,0,-0.00277197,-0.235066,0.00106536,0.281553,0.421553,0.292363,0.480179,nan,0.261146,0.267042,0.266983,0.255165,0.25537,0.267042,0.25537,0.266983,0.255165,1,0,0.0298454,0,0.000701493,-0.0445091,-6.45237e-05,0.00316497,-0.0895562,0.00112675,0.032715,5.52214e-05,-0.00997332,0.227775,-0.00178344,0.0588417,-0.102573,9.81287,9.81359,0,12.2267
2.48,liftoff,-0.00304598,0.245686,-0.00112632,0.029524,0,0,-0.00260552,-0.23527,0.000967719,0.285538,0.425538,0.297179,0.479702,nan,0.261258,0.266495,0.267549,0.25449,0.256475,0.266495,0.256475,0.267549,0.25449,1,0,0.0294352,0,0.00247072,-0.0437318,-0.00133546,0.0033875,-0.0882859,0.00113322,0.0331021,5.09122e-05,0.00780856,0.221856,-0.008167,0.016037,0.0516958,9.79969,9.79984,0,12.3859
2.49,liftoff,-0.00307588,0.248039,-0.00125823,0.0299566,0,0,-0.00238453,-0.235236,0.00198131,0.289489,0.429489,0.31118,0.486273,nan,0.261367,0.267408,0.266865,0.2557,0.255473,0.267408,0.255473,0.266865,0.2557,1,0,0.0298534,0,0.000838886,-0.0437712,0.000338647,0.00377081,-0.0895688,0.00114583,0.0333533,4.25442e-05,-0.000803676,0.231775,0.00728799,0.064641,-0.051796,9.76263,9.76298,0,12.4959
2.5,liftoff,-0.00310662,0.25039,-0.00143516,0.0292655,0,0,-0.00212929,-0.23505,0.00297769,0.293406,0.433406,0.31606,0.486136,nan,0.261474,0.267153,0.267412,0.255822,0.255489,0.267153,0.255489,0.267412,0.255822,1,0,0.029183,0,-0.00157008,-0.0440615,3.30783e-05,0.0042968,-0.087488,0.00116285,0.0337826,3.43391e-05,-0.00352358,0.237298,-0.00616961,0.128234,-0.0293075,9.8018,9.80268,0,12.6703
2.51,liftoff,-0.00313692,0.252739,-0.00157856,0.0298646,0,0,-0.00192054,-0.234804,0.00362802,0.297289,0.437289,0.351065,0.508335,nan,0.26158,0.266524,0.268605,0.25454,0.256629,0.266524,0.256629,0.268605,0.25454,1,0,0.0297974,0,2.22412e-05,-0.0454007,-0.00183313,0.00474194,-0.0893067,0.00117814,0.0340018,2.65542e-05,0.00670699,0.223317,-0.0100076,-0.0296591,0.0649258,9.67896,9.67923,0,12.7706
2.52,liftoff,-0.00316733,0.255086,-0.00132517,0.0290447,0,0,-0.00175448,-0.234522,0.00392592,0.301139,0.441139,0.356167,0.508303,nan,0.261684,0.268856,0.266092,0.256856,0.254911,0.268856,0.254911,0.266092,0.256856,1,0,0.0289698,0,0.00217288,-0.0439231,0.0020699,0.00396046,-0.0868344,0.00116304,0.0344419,4.28321e-05,-0.00796285,0.232227,-0.00230707,0.0264546,0.0346815,9.81306,9.81316,0,12.952
2.53,liftoff,-0.00319299,0.25743,-0.00113518,0.0295111,0,0,-0.00146733,-0.234256,0.00115872,0.304955,0.444955,0.358303,0.506059,nan,0.261787,0.267351,0.267903,0.255404,0.256469,0.267351,0.256469,0.267903,0.255404,1,0,0.0294271,0,0.00136092,-0.0443025,-0.000710135,0.00340358,-0.0882118,0.00114943,0.0346809,5.4477e-05,0.000463519,0.24698,0.0042438,0.0953359,0.0298676,9.71637,9.71688,0,13.0595
2.54,liftoff,-0.00321188,0.259771,-0.00101485,0.0291055,0,0,-0.00114404,-0.233955,0.00123196,0.308737,0.448737,0.36338,0.506247,nan,0.261889,0.269305,0.266068,0.257662,0.254501,0.269305,0.254501,0.266068,0.257662,1,0,0.0290191,0,0.00020146,-0.0439801,0.00281208,0.00304251,-0.0870203,0.00114132,0.0350549,6.09767e-05,0.000255624,0.23052,0.00573949,0.14847,-0.0226159,9.79338,9.79453,0,13.2169
2.55,liftoff,-0.00322632,0.262109,-0.0012844,0.0295795,0,0,-0.000873801,-0.233591,0.00124379,0.312486,0.452486,0.340181,0.48554,nan,0.26199,0.26745,0.26826,0.255838,0.256394,0.26745,0.256394,0.26826,0.255838,1,0,0.029508,0,-0.000674472,-0.0444869,-0.000600462,0.00386279,-0.0884267,0.00116536,0.0352864,4.42964e-05,0.00840065,0.241081,0.000159449,0.0876273,0.0537434,9.83587,9.8364,0,13.3237
2.56,liftoff,-0.0032402,0.264443,-0.00127333,0.0291015,0,0,-0.000751442,-0.233225,0.00100866,0.316202,0.456202,0.345054,0.485804,nan,0.262092,0.267402,0.26841,0.255747,0.256788,0.267402,0.256788,0.26841,0.255747,1,0,0.0290191,0,8.96428e-05,-0.0441046,-0.000901039,0.00381712,-0.0870104,0.00116711,0.0356677,4.59301e-05,8.24198e-05,0.229706,-0.000359067,0.0303073,0.0271223,9.79803,9.79811,0,13.4848
2.57,liftoff,-0.00325275,0.266773,-0.00126698,0.0296631,0,0,-0.000645795,-0.232768,0.00137896,0.319884,0.459884,0.30702,0.454523,nan,0.262193,0.268497,0.267478,0.256667,0.256111,0.268497,0.256111,0.267478,0.256667,1,0,0.0295645,0,0.0012298,-0.0439538,0.000692271,0.00379778,-0.0886956,0.00116863,0.0358854,4.6737e-05,-0.000118095,0.229669,0.000417751,0.0443879,0.0815178,9.83362,9.83406,0,13.5862
2.58,liftoff,-0.00326437,0.269098,-0.00111632,0.02887,0,0,-0.0005692,-0.232246,0.00175466,0.323533,0.463533,0.311584,0.454694,nan,0.262294,0.268804,0.267386,0.257285,0.255682,0.268804,0.255682,0.267386,0.257285,1,0,0.0287799,0,-0.000491685,-0.0440043,0.0013276,0.00335787,-0.0863156,0.00116061,0.0363096,5.59647e-05,0.00788717,0.230677,-0.00315249,-0.00990497,0.0135218,9.81182,9.81184,0,13.7648
2.59,liftoff,-0.00327591,0.271418,-0.00138054,0.0292357,0,0,-0.000579568,-0.231697,0.00165356,0.327148,0.467148,0.292485,0.437855,nan,0.262396,0.26726,0.269437,0.255386,0.257481,0.26726,0.257481,0.269437,0.255386,1,0,0.0291666,0,-0.000217448,-0.0451556,-0.00187759,0.00415156,-0.0874,0.00118482,0.0365578,3.99199e-05,0.00886372,0.239204,-0.00579299,-0.0206751,0.0960463,9.91571,9.9162,0,13.8768
2.6,liftoff,-0.00328889,0.273732,-0.00150112,0.0288869,0,0,-0.000585794,-0.231157,0.0015579,0.33073,0.47073,0.296882,0.438525,nan,0.262498,0.267513,0.268902,0.256164,0.257393,0.267513,0.257393,0.268902,0.256164,1,0,0.0288295,0,-0.000422778,-0.0433108,-0.00115026,0.00449741,-0.0863805,0.00119711,0.0369119,3.57181e-05,-0.00153679,0.221772,-0.0100586,0.0163367,0.0373041,9.81953,9.81962,0,14.0294
2.61,liftoff,-0.00330139,0.276041,-0.00142428,0.029079,0,0,-0.000599829,-0.230678,0.00193471,0.334278,0.474278,0.304993,0.441793,nan,0.262601,0.268375,0.268512,0.256613,0.256883,0.268375,0.256883,0.268512,0.256613,1,0,0.0289945,0,0.000352251,-0.0443206,-0.000179016,0.00427724,-0.0869397,0.00119535,0.0371814,4.06632e-05,0.00513025,0.2334,-0.00317382,-0.0364816,-0.0365307,9.90232,9.90245,0,14.1507
2.62,liftoff,-0.00331665,0.278346,-0.0014608,0.0286623,0,0,-0.000651141,-0.230219,0.00325562,0.337793,0.477793,0.309429,0.442561,nan,0.262705,0.267982,0.269165,0.256013,0.257637,0.267982,0.257637,0.269165,0.256013,1,0,0.0285803,0,0.00117072,-0.0445222,-0.00123407,0.00439759,-0.085698,0.00120179,0.0375457,4.10984e-05,0.0122568,0.228239,-0.000717687,-0.0673945,-0.076448,9.86736,9.86789,0,14.3066
2.63,liftoff,-0.00333594,0.280646,-0.00129643,0.0292772,0,0,-0.000651774,-0.22968,0.00379957,0.341274,0.481274,0.30077,0.433677,nan,0.262809,0.268373,0.269033,0.256673,0.257135,0.268373,0.257135,0.269033,0.256673,1,0,0.029183,0,-0.000523413,-0.0447146,-0.000493195,0.00389877,-0.0875433,0.001193,0.0377482,4.99558e-05,0.00874094,0.227825,-0.0131514,-0.0357693,-0.0316115,9.8053,9.80542,0,14.4032
2.64,liftoff,-0.00335467,0.28294,-0.00132906,0.0287146,0,0,-0.000647512,-0.229141,0.00312268,0.344722,0.484722,0.305125,0.434426,nan,0.262914,0.268461,0.268704,0.257291,0.257181,0.268461,0.257181,0.268704,0.257291,1,0,0.0286304,0,-0.000935841,-0.0429994,-5.8153e-05,0.00398288,-0.0858729,0.00119807,0.0381288,4.95467e-05,-0.000841359,0.216774,-1.62624e-05,-0.0894106,-0.0716013,9.90998,9.91064,0,14.5668
2.65,liftoff,-0.00337165,0.285228,-0.00109371,0.0288778,0,0,-0.000695018,-0.228624,0.00247567,0.348135,0.488135,0.32484,0.446342,nan,0.263021,0.269403,0.268288,0.257995,0.256375,0.269403,0.256375,0.268288,0.257995,1,0,0.0287881,0,-0.00133854,-0.0441876,0.00120244,0.00326996,-0.0863603,0.00118401,0.038395,6.14325e-05,-0.00575604,0.218394,0.00623639,-0.0889668,-0.0986767,9.89151,9.8924,0,14.6886
2.66,liftoff,-0.00338842,0.287512,-0.000810843,0.0286852,0,0,-0.000829089,-0.228103,0.00240155,0.351515,0.491515,0.32932,0.44714,nan,0.263128,0.269094,0.268857,0.257546,0.256993,0.269094,0.256993,0.268857,0.257546,1,0,0.0285803,0,-0.000836341,-0.0443598,0.000347596,0.00244564,-0.0857901,0.0011649,0.0387118,7.58912e-05,0.0102965,0.213811,0.00402998,0.0156035,-0.0847026,9.96807,9.96844,0,14.8305
2.67,liftoff,-0.00340668,0.289791,-0.000676376,0.0290887,0,0,-0.00111687,-0.22758,0.00166631,0.354862,0.494862,0.32622,0.442477,nan,0.263236,0.270209,0.267851,0.258309,0.256555,0.270209,0.256555,0.267851,0.258309,1,0,0.0290027,0,0.00159845,-0.0439523,0.00180746,0.00203333,-0.0869827,0.00115702,0.038939,8.0904e-05,0.00454574,0.225848,-0.00533028,0.0242026,-0.0538073,9.81807,9.81825,0,14.938
2.68,liftoff,-0.0034256,0.292063,-0.000712863,0.0286941,0,0,-0.00148776,-0.226996,0.00101076,0.358174,0.498174,0.330664,0.443421,nan,0.263346,0.268749,0.269521,0.256841,0.258252,0.268749,0.258252,0.269521,0.256841,1,0,0.028597,0,0.0016939,-0.0439151,-0.000959089,0.00214507,-0.0858089,0.00116002,0.039284,7.75538e-05,0.00589734,0.219621,0.00110167,-0.0660223,-0.0289065,9.91026,9.91052,0,15.0909
2.69,liftoff,-0.00344737,0.294331,-0.000711657,0.0291653,0,0,-0.00178702,-0.22648,0.000910417,0.361452,0.501452,0.349112,0.454582,nan,0.263457,0.26985,0.268836,0.257585,0.257534,0.26985,0.257534,0.268836,0.257585,1,0,0.0290602,0,0.00255653,-0.0446551,0.000468149,0.00212962,-0.0872049,0.00115873,0.0394967,7.78938e-05,-0.00209208,0.231402,0.00478044,-0.0362805,-0.061678,9.86149,9.86174,0,15.1938
2.7,liftoff,-0.00347198,0.296593,-0.0012456,0.0286174,0,0,-0.00200049,-0.225964,0.00125029,0.364696,0.504696,0.353678,0.455566,nan,0.263569,0.26922,0.269875,0.257026,0.258131,0.26922,0.258131,0.269875,0.257026,1,0,0.0285637,0,0.0011937,-0.0453577,-0.00077393,0.00373746,-0.0855951,0.00120359,0.0398649,4.96851e-05,0.0022116,0.209286,0.00671998,0.0850787,0.0380414,9.83704,9.83748,0,15.3547
2.71,liftoff,-0.00349975,0.29885,-0.00146457,0.0287626,0,0,-0.002163,-0.225382,0.00153694,0.367906,0.507906,0.376016,0.469679,nan,0.263682,0.269423,0.269308,0.257762,0.258212,0.269423,0.258212,0.269308,0.257762,1,0,0.0287218,0,0.00149713,-0.0431184,-0.000147383,0.0043871,-0.0860086,0.00122283,0.0401221,4.08012e-05,-0.00221875,0.224286,-0.00176881,0.0802418,0.049334,9.86589,9.86634,0,15.4758
2.72,liftoff,-0.00353049,0.301101,-0.00133369,0.0286455,0,0,-0.00227208,-0.224816,0.00285981,0.371082,0.511082,0.38073,0.470638,nan,0.263796,0.270347,0.268857,0.258686,0.257272,0.270347,0.257272,0.268857,0.258686,1,0,0.0285637,0,0.000202968,-0.0440459,0.00127636,0.00398172,-0.0856453,0.00121828,0.0404199,4.96503e-05,-0.010814,0.232705,-0.0019472,0.108851,0.0240163,9.83515,9.83578,0,15.6114
2.73,liftoff,-0.00356402,0.303346,-0.00117301,0.0288463,0,0,-0.00235697,-0.22424,0.00240468,0.374223,0.514223,0.372789,0.462692,nan,0.263912,0.269703,0.270025,0.25807,0.257825,0.269703,0.257825,0.270025,0.25807,1,0,0.0287716,0,-0.00150455,-0.0451606,-3.35797e-05,0.00352407,-0.0862695,0.00120948,0.0406685,6.03962e-05,0.00549903,0.218268,-0.00656995,0.111197,-0.0193813,9.89944,9.90008,0,15.7286
2.74,liftoff,-0.0035989,0.305586,-0.00126306,0.0284601,0,0,-0.00244248,-0.223736,0.0027237,0.37733,0.51733,0.377436,0.463982,nan,0.264028,0.268734,0.271031,0.257137,0.259188,0.268734,0.259188,0.271031,0.257137,1,0,0.0283962,0,-0.000654373,-0.044416,-0.00191137,0.00378837,-0.0851066,0.00122208,0.0410012,5.6676e-05,0.00137219,0.221609,0.00285992,0.0825185,0.0475123,9.87148,9.87193,0,15.879
2.75,liftoff,-0.00363537,0.307821,-0.0013667,0.0289168,0,0,-0.00251347,-0.223295,0.00236905,0.380403,0.520403,0.354489,0.44526,nan,0.264146,0.270651,0.26924,0.258864,0.257806,0.270651,0.257806,0.26924,0.258864,1,0,0.0288378,0,0.000934944,-0.0439985,0.00108578,0.00409089,-0.0864858,0.00123119,0.0412046,5.30909e-05,-0.00378511,0.215707,-0.00914581,0.0635071,-0.0390977,9.92628,9.92656,0,15.981
2.76,liftoff,-0.00366997,0.310052,-0.00118132,0.0281183,0,0,-0.00247323,-0.222954,0.00250326,0.38344,0.52344,0.358963,0.446676,nan,0.264265,0.270448,0.26952,0.2589,0.258168,0.270448,0.258168,0.26952,0.2589,1,0,0.0280499,0,0.000518973,-0.0433916,0.000729216,0.00354774,-0.0840697,0.00122076,0.0416,6.40864e-05,0.00453161,0.230023,-0.00294191,0.0665894,0.012567,10.0258,10.026,0,16.1545
2.77,liftoff,-0.00370521,0.31228,-0.00130131,0.0287351,0,0,-0.00234945,-0.222635,0.00318646,0.386444,0.526444,0.364749,0.449336,nan,0.264385,0.268861,0.271458,0.257073,0.260124,0.268861,0.260124,0.271458,0.257073,1,0,0.0286636,0,0.00120554,-0.0438116,-0.00248258,0.00391103,-0.0859438,0.00123043,0.0417768,5.88203e-05,0.00689328,0.214222,-0.00395608,-0.00332805,0.016603,9.9884,9.98842,0,16.2469
2.78,liftoff,-0.00374002,0.314505,-0.00139546,0.0283105,0,0,-0.00216798,-0.222334,0.00210266,0.389412,0.529412,0.369262,0.450834,nan,0.264506,0.270275,0.270644,0.258482,0.258599,0.270275,0.258599,0.270644,0.258482,1,0,0.0282616,0,-0.000667452,-0.0451679,-0.000213492,0.00418646,-0.0846647,0.00124147,0.0421123,5.59109e-05,0.0023001,0.21815,-0.00593528,0.0821226,0.124206,10.0966,10.0977,0,16.3987
2.79,liftoff,-0.00377081,0.316727,-0.00163136,0.028437,0,0,-0.00196888,-0.221934,0.00270687,0.392346,0.532346,0.371405,0.45077,nan,0.264629,0.270335,0.270489,0.258733,0.258934,0.270335,0.258934,0.270489,0.258733,1,0,0.0283626,0,0.000125096,-0.0438777,-0.000155705,0.0048952,-0.0850471,0.00125912,0.0423621,4.69094e-05,0.00286422,0.216517,0.00443942,-0.00905224,-0.0038447,9.97431,9.97431,0,16.5187
2.8,liftoff,-0.00380054,0.318944,-0.00143783,0.0278455,0,0,-0.00178317,-0.22152,0.00289735,0.395245,0.535245,0.375935,0.452428,nan,0.264752,0.270962,0.270086,0.259811,0.258125,0.270962,0.258125,0.270086,0.259811,1,0,0.0277851,0,-0.00214823,-0.0437928,0.00112556,0.00431372,-0.0832697,0.0012492,0.0427166,5.88481e-05,0.00257864,0.218911,-0.0123425,-0.058364,0.105629,9.90432,9.90506,0,16.6797
2.81,liftoff,-0.00382932,0.321158,-0.00185226,0.028205,0,0,-0.00163863,-0.221312,0.00272298,0.398109,0.538109,0.422779,0.484535,nan,0.264877,0.269943,0.27164,0.258737,0.259162,0.269943,0.259162,0.27164,0.258737,1,0,0.0281601,0,-0.00337302,-0.0448762,-0.000932606,0.00554802,-0.0843602,0.00128314,0.042927,3.80125e-05,-0.00366534,0.21096,0.0077921,0.0220852,0.0381972,9.97119,9.97128,0,16.786
2.82,liftoff,-0.00385917,0.32337,-0.0015293,0.0277546,0,0,-0.00147841,-0.221236,0.00424384,0.400938,0.540938,0.427646,0.486275,nan,0.265002,0.270835,0.270581,0.259931,0.258638,0.270835,0.258638,0.270581,0.259931,1,0,0.0276905,0,-0.00275986,-0.0432895,0.000680154,0.00459807,-0.082992,0.0012646,0.0432609,5.83771e-05,0.00890534,0.222759,0.00107763,-0.0907793,0.0327415,9.88922,9.88969,0,16.9385
2.83,liftoff,-0.00388864,0.325582,-0.00141163,0.0282314,0,0,-0.00130971,-0.221135,0.00373518,0.403732,0.543732,0.434933,0.489688,nan,0.265129,0.271179,0.270674,0.259467,0.259171,0.271179,0.259171,0.270674,0.259467,1,0,0.0281601,0,0.000556486,-0.0439878,0.000352306,0.00424563,-0.0844349,0.00126092,0.0434512,6.38774e-05,0.00920016,0.21455,0.00283159,-0.0710431,-0.0227176,9.92317,9.92345,0,17.0379
2.84,liftoff,-0.00391511,0.327793,-0.00151599,0.0277007,0,0,-0.00117298,-0.220947,0.00316284,0.40649,0.54649,0.439853,0.491566,nan,0.265257,0.271208,0.270376,0.260132,0.259287,0.271208,0.259287,0.270376,0.260132,1,0,0.0276388,0,-3.6438e-05,-0.0419984,0.000737258,0.00455471,-0.0828377,0.00127214,0.0437935,5.86112e-05,0.00653223,0.218438,0.00388693,-0.0674162,0.0142198,9.99959,9.99983,0,17.195
2.85,liftoff,-0.00394033,0.330001,-0.00161505,0.0277021,0,0,-0.00119054,-0.220812,0.00288454,0.409214,0.549214,0.438496,0.48894,nan,0.265386,0.271619,0.270741,0.259908,0.259251,0.271619,0.259251,0.270741,0.259908,1,0,0.0276302,0,0.000583814,-0.0439604,0.000675005,0.00486735,-0.0828364,0.00128495,0.0440545,5.31364e-05,0.0169645,0.22237,0.00234057,-0.0485604,-0.122745,9.99837,9.99925,0,17.3215
2.86,liftoff,-0.00396466,0.332209,-0.00192764,0.0277931,0,0,-0.0011914,-0.220666,0.00255608,0.411902,0.551902,0.443405,0.491126,nan,0.265516,0.271536,0.271113,0.25955,0.25984,0.271536,0.25984,0.271113,0.25955,1,0,0.0277679,0,0.0018901,-0.0440725,5.81296e-05,0.00578937,-0.0831221,0.00131497,0.0443033,3.70929e-05,0.00648664,0.214009,0.00877107,-0.132928,-0.0748304,10.0062,10.0073,0,17.4428
2.87,liftoff,-0.00398698,0.334414,-0.00160651,0.0281778,0,0,-0.001109,-0.220394,0.00187369,0.414555,0.554555,0.457816,0.499998,nan,0.265648,0.27079,0.272284,0.258955,0.260534,0.27079,0.260534,0.272284,0.258955,1,0,0.0281178,0,0.000226876,-0.0446906,-0.00135087,0.00481136,-0.0842617,0.00129334,0.0445075,5.66771e-05,-0.00313066,0.223793,-0.00237311,-0.0878617,-0.103027,9.97725,9.97817,0,17.5471
2.88,liftoff,-0.00400957,0.336615,-0.00171639,0.0279094,0,0,-0.00107456,-0.219767,0.00279742,0.417172,0.557172,0.462837,0.501979,nan,0.265781,0.272634,0.270698,0.260823,0.258943,0.272634,0.258943,0.270698,0.260823,1,0,0.0278622,0,0.000149339,-0.0446541,0.00167708,0.00515891,-0.0834813,0.00130633,0.0448083,5.27465e-05,0.00875276,0.207623,0.00239337,-0.0499718,-0.145481,10.0747,10.0759,0,17.6886
2.89,liftoff,-0.00403249,0.338809,-0.00161256,0.0279604,0,0,-0.00102997,-0.218951,0.00290269,0.419754,0.559754,0.49517,0.523982,nan,0.265918,0.272471,0.271188,0.260533,0.259451,0.272471,0.259451,0.271188,0.260533,1,0,0.0278964,0,0.000535792,-0.0448591,0.00103939,0.0048241,-0.0836283,0.00130104,0.0450569,6.04836e-05,-0.00691432,0.211742,0.00414555,-0.0683627,-0.100879,10.0907,10.0915,0,17.8114
2.9,liftoff,-0.00405376,0.340994,-0.00194028,0.0276355,0,0,-0.000927171,-0.217954,0.00238878,0.422299,0.562299,0.500433,0.526219,nan,0.266056,0.270919,0.272635,0.259471,0.261171,0.270919,0.261171,0.272635,0.259471,1,0,0.0276129,0,-4.31494e-05,-0.0434149,-0.0015016,0.00581705,-0.0826393,0.001331,0.0453615,4.49678e-05,-8.903e-06,0.22184,-0.00259787,-0.0221402,-0.0975773,10.0217,10.0222,0,17.9552
2.91,liftoff,-0.0040743,0.343168,-0.0018521,0.0277731,0,0,-0.000855091,-0.216906,0.00234342,0.424809,0.564809,0.505607,0.528259,nan,0.266197,0.274496,0.270069,0.262233,0.25796,0.274496,0.25796,0.270069,0.262233,1,0,0.0277422,0,0.000408332,-0.0461793,0.00382351,0.00556121,-0.0830821,0.00132984,0.0455885,5.10025e-05,0.00574764,0.202,-0.00267745,-0.0585216,-0.0759006,10.039,10.0395,0,18.0719
2.92,liftoff,-0.00409065,0.345331,-0.00154147,0.0275597,0,0,-0.000783951,-0.215627,0.00139766,0.427283,0.567283,0.510911,0.530514,nan,0.266339,0.272103,0.272083,0.261069,0.260072,0.272103,0.260072,0.272083,0.261069,1,0,0.0275091,0,-0.00259095,-0.0436655,0.000447182,0.00463389,-0.0824236,0.00131157,0.0458723,6.96599e-05,0.00807009,0.214447,0.0159134,-0.00274462,-0.0613146,10.0164,10.0165,0,18.208
2.93,liftoff,-0.0041069,0.347481,-0.00148258,0.0279254,0,0,-0.000778317,-0.214157,0.00134791,0.42972,0.56972,0.501353,0.5223,nan,0.266484,0.272415,0.27222,0.260161,0.26111,0.272415,0.26111,0.27222,0.260161,1,0,0.0278708,0,0.00303513,-0.04427,-0.000331038,0.00444947,-0.0835167,0.00130972,0.0460641,7.34015e-05,0.00307148,0.217353,0.00978012,-0.0408158,-0.0832191,10.0606,10.0611,0,18.3102
2.94,liftoff,-0.00412226,0.349615,-0.00173115,0.02758,0,0,-0.000650175,-0.212537,0.00135469,0.432121,0.572121,0.506599,0.524679,nan,0.26663,0.272795,0.272054,0.26037,0.261271,0.272795,0.261271,0.272054,0.26037,1,0,0.0275178,0,0.00435891,-0.0439745,-7.03135e-05,0.00518782,-0.0824839,0.00133311,0.0463586,6.16963e-05,-0.00124269,0.215457,-0.00650832,0.01206,-0.0593813,10.0154,10.0155,0,18.4523
2.95,liftoff,-0.00413611,0.351733,-0.00159754,0.0279776,0,0,-0.000410579,-0.211052,0.00123183,0.434486,0.574486,0.517738,0.531418,nan,0.266778,0.271751,0.273333,0.259778,0.262221,0.271751,0.262221,0.273333,0.259778,1,0,0.0278964,0,0.00228149,-0.04374,-0.00176885,0.00478248,-0.0836868,0.00132752,0.0465416,6.85119e-05,-0.00456105,0.208691,0.00248966,-0.00924832,-0.0638936,10.1356,10.1358,0,18.5509
2.96,liftoff,-0.00414733,0.353837,-0.0018677,0.0275034,0,0,-9.8498e-05,-0.209786,0.00158507,0.436814,0.576814,0.523077,0.533986,nan,0.266929,0.272268,0.272869,0.261421,0.261129,0.272268,0.261129,0.272869,0.261421,1,0,0.0274658,0,-0.00236593,-0.042798,-0.000135672,0.00559798,-0.0822787,0.00135276,0.0468486,5.60096e-05,-0.00104118,0.199479,0.00194954,0.0671072,-0.0380893,10.0952,10.0955,0,18.6986
2.97,liftoff,-0.00415694,0.355929,-0.00172962,0.0278984,0,0,0.000159365,-0.208701,0.00197701,0.439105,0.579105,0.519502,0.530213,nan,0.267083,0.272778,0.273234,0.260562,0.261728,0.272778,0.261728,0.273234,0.260562,1,0,0.0278451,0,0.0018814,-0.0449482,-0.00071312,0.00518317,-0.0834797,0.00134633,0.0470283,6.43895e-05,-0.00149983,0.188969,0.0019224,0.0153641,-0.0279824,10.0768,10.0768,0,18.7959
2.98,liftoff,-0.00416548,0.358011,-0.00173579,0.0276477,0,0,0.000286542,-0.207581,0.0015783,0.441359,0.581359,0.524828,0.532868,nan,0.26724,0.273553,0.272637,0.261914,0.260824,0.273553,0.260824,0.272637,0.261914,1,0,0.0276043,0,-0.000457823,-0.0444373,0.000881794,0.00521682,-0.0827028,0.00135421,0.0472973,6.39589e-05,0.00867264,0.205789,-0.000579795,0.0325664,0.0403186,9.9609,9.96103,0,18.9295
2.99,liftoff,-0.00417108,0.360082,-0.00169724,0.0282264,0,0,0.000308602,-0.206603,0.00115494,0.443576,0.583576,0.532073,0.536952,nan,0.267399,0.272552,0.273851,0.260867,0.262293,0.272552,0.262293,0.273851,0.260867,1,0,0.0281771,0,0.000334197,-0.0440408,-0.00119765,0.00510079,-0.0844519,0.00135514,0.0474418,6.63755e-05,0.00841639,0.197066,0.000307185,0.0450726,-0.0110263,10.0438,10.0439,0,19.015
3,liftoff,-0.00417738,0.362143,-0.00193427,0.0277265,0,0,0.000347543,-0.205696,0.00175343,0.445755,0.585755,0.537468,0.539784,nan,0.26756,0.272621,0.274029,0.260705,0.262854,0.272621,0.262854,0.274029,0.260705,1,0,0.0276992,0,0.0019623,-0.0437528,-0.00156349,0.00580995,-0.0829479,0.00138021,0.047742,5.71477e-05,0.00737806,0.200494,-0.00459866,-0.0585004,-0.0426231,10.0276,10.0279,0,19.1618
3.01,liftoff,-0.00418381,0.364197,-0.00170125,0.0279096,0,0,0.000473293,-0.204936,0.00156902,0.447897,0.587897,0.543728,0.543163,nan,0.268123,0.274155,0.273695,0.262545,0.261986,0.274155,0.261986,0.273695,0.262545,1,0,0.0278622,0,-0.000264407,-0.044185,0.000447907,0.00510131,-0.0835082,0.00136512,0.047942,7.11875e-05,0.000738647,0.193283,0.000211549,0.0714614,-0.108833,9.99231,9.99316,0,19.2689
3.02,liftoff,-0.00418761,0.366242,-0.00185781,0.0276776,0,0,0.000629103,-0.204235,0.00153429,0.450002,0.590002,0.549184,0.546005,nan,0.268683,0.274259,0.274598,0.263095,0.262668,0.274259,0.262668,0.274598,0.263095,1,0,0.0276216,0,-0.00203229,-0.0437587,3.8656e-05,0.00557246,-0.0828075,0.00138311,0.0482,6.34262e-05,0.00181573,0.196777,-0.000264546,-0.0529612,-0.0105903,10.1103,10.1104,0,19.3994
3.03,liftoff,-0.00419023,0.368282,-0.00183574,0.0277392,0,0,0.000660975,-0.20367,0.00145124,0.45207,0.59207,0.523785,0.527071,nan,0.269233,0.275158,0.274867,0.263732,0.263066,0.275158,0.263066,0.274867,0.263732,1,0,0.0277336,0,-0.00099409,-0.0440095,0.000420826,0.00550867,-0.0829925,0.00138839,0.0484124,6.38245e-05,0.00325708,0.196625,0.00550124,0.000180913,-0.0621255,10.104,10.1042,0,19.5128
3.04,liftoff,-0.00419197,0.370317,-0.00145274,0.0275339,0,0,0.000588338,-0.203355,0.00124311,0.454101,0.594101,0.52908,0.530079,nan,0.26977,0.275503,0.275334,0.264409,0.263728,0.275503,0.263728,0.275334,0.264409,1,0,0.0274744,0,-0.00136066,-0.043012,0.00037386,0.00438529,-0.082384,0.00136492,0.0486615,8.33248e-05,0.0200866,0.192081,0.00554919,-0.0860172,0.0299901,10.1027,10.1031,0,19.6411
3.05,liftoff,-0.00419355,0.372349,-0.00147982,0.0273336,0,0,0.000507662,-0.203175,0.000565674,0.456097,0.596097,0.539823,0.537339,nan,0.27029,0.2759,0.27599,0.264406,0.264761,0.2759,0.264761,0.27599,0.264406,1,0,0.0272829,0,0.000701071,-0.0430548,-0.000195217,0.00446039,-0.0817685,0.0013728,0.0489118,8.00644e-05,0.0160406,0.202197,0.00411435,-0.0383005,0.0602796,10.0596,10.0599,0,19.769
3.06,liftoff,-0.00419526,0.374381,-0.0013527,0.0268307,0,0,0.000429328,-0.203206,0.00122814,0.458059,0.598059,0.545227,0.541101,nan,0.27079,0.2768,0.275858,0.266125,0.264279,0.2768,0.264279,0.275858,0.266125,1,0,0.0267979,0,-0.00239909,-0.0421669,0.00122547,0.00406167,-0.0802742,0.00136797,0.0492027,8.53736e-05,0.00427166,0.192782,0.00755628,0.0276623,0.0869577,10.2117,10.2121,0,19.9142
3.07,liftoff,-0.00419864,0.376414,-0.00134513,0.0269733,0,0,0.000206479,-0.20356,0.000908595,0.459989,0.599989,0.564917,0.555166,nan,0.271269,0.276014,0.27783,0.264828,0.266311,0.276014,0.266311,0.27783,0.264828,1,0,0.0269222,0,-0.000884001,-0.0430204,-0.00144991,0.00404826,-0.0806894,0.00136987,0.0493993,8.5514e-05,0.0107272,0.20144,-0.00115415,0.0178895,-0.034648,10.2691,10.2691,0,20.0226
3.08,liftoff,-0.0042047,0.378452,-0.00146653,0.0264801,0,0,7.47762e-05,-0.20399,0.00125602,0.461888,0.601888,0.5705,0.559257,nan,0.271726,0.278288,0.276651,0.266574,0.265302,0.278288,0.265302,0.276651,0.266574,1,0,0.0264306,0,0.000968491,-0.0436974,0.00127876,0.00439912,-0.0792149,0.00138333,0.0496931,7.89446e-05,0.00204873,0.198435,-0.00799853,0.0974265,0.00460074,10.1178,10.1183,0,20.1676
3.09,liftoff,-0.00421383,0.380494,-0.00130781,0.0269723,0,0,-5.03245e-06,-0.20441,0.00220248,0.463756,0.603756,0.572614,0.560925,nan,0.27216,0.278684,0.277112,0.267244,0.265517,0.278684,0.265517,0.277112,0.267244,1,0,0.0269133,0,-0.000411638,-0.043647,0.00144977,0.00393064,-0.08068,0.00137401,0.0498427,8.657e-05,0.00676104,0.206227,0.00538895,-0.00616303,0.0355721,10.2274,10.2275,0,20.2564
3.1,liftoff,-0.00422539,0.382539,-0.00121867,0.0265902,0,0,-0.000138465,-0.204777,0.002043,0.465597,0.605597,0.578255,0.565478,nan,0.272572,0.280166,0.276565,0.268357,0.265121,0.280166,0.265121,0.276565,0.268357,1,0,0.0265207,0,0.000966033,-0.0440586,0.0030049,0.00366073,-0.079542,0.00137126,0.0501156,9.01425e-05,0.005081,0.20088,0.00323794,-0.00179231,-0.0390811,10.2741,10.2741,0,20.3955
3.11,liftoff,-0.00423749,0.384589,-0.00108598,0.0270737,0,0,-0.000330567,-0.205072,0.00139721,0.467411,0.607411,0.574931,0.563644,nan,0.272962,0.278613,0.278635,0.267043,0.267482,0.278613,0.267482,0.278635,0.267043,1,0,0.0270106,0,0.00110291,-0.0430559,-0.000202609,0.00325428,-0.0809777,0.00136457,0.0502661,9.49513e-05,-0.000283084,0.210933,-0.0071599,-0.0347205,-0.0464331,10.2012,10.2013,0,20.4852
3.12,liftoff,-0.00425155,0.386641,-0.0014179,0.0266726,0,0,-0.000542453,-0.205405,0.00139562,0.4692,0.6092,0.580602,0.568771,nan,0.273331,0.278912,0.279571,0.267247,0.267521,0.278912,0.267521,0.279571,0.267247,1,0,0.0266552,0,-0.00102042,-0.0449341,-0.000410023,0.00426144,-0.0798061,0.00139512,0.0505436,7.71687e-05,0.00729681,0.190225,0.000781761,-0.0206867,-0.00632417,10.3612,10.3613,0,20.6258
3.13,liftoff,-0.00426793,0.388696,-0.00110265,0.0271257,0,0,-0.00079872,-0.20564,0.00171135,0.470965,0.610965,0.596138,0.581173,nan,0.27368,0.27971,0.279159,0.267508,0.268274,0.27971,0.268274,0.279159,0.267508,1,0,0.0270547,0,0.00349305,-0.0437454,-9.44807e-05,0.00332133,-0.0811484,0.00137207,0.0506979,9.26911e-05,0.0111117,0.201425,-0.00787867,-0.0389887,-0.160364,10.4129,10.4142,0,20.7176
3.14,liftoff,-0.00428864,0.390753,-0.00101273,0.0266555,0,0,-0.000959991,-0.205863,0.00182964,0.472708,0.612708,0.601987,0.586736,nan,0.27401,0.279528,0.280017,0.267905,0.268523,0.279528,0.268523,0.280017,0.267905,1,0,0.0265835,0,0.000341393,-0.0438028,-0.000486686,0.00305063,-0.0797254,0.00136464,0.050982,9.80781e-05,0.00990756,0.210145,0.011129,-0.114964,-0.0792058,10.3517,10.3527,0,20.8624
3.15,liftoff,-0.00431053,0.392813,-0.00113425,0.0268264,0,0,-0.00103193,-0.206106,0.00216539,0.474429,0.614429,0.592617,0.581568,nan,0.274322,0.280472,0.280228,0.268713,0.267815,0.280472,0.267815,0.280228,0.268713,1,0,0.0267534,0,-0.00173465,-0.0458023,0.000501952,0.00340397,-0.0802577,0.0013749,0.0511771,9.09074e-05,0.00247637,0.197226,0.0123303,-0.142511,-0.114362,10.3987,10.4003,0,20.9706
3.16,liftoff,-0.00433393,0.394875,-0.00119017,0.0266276,0,0,-0.00102165,-0.206243,0.00285226,0.47613,0.61613,0.598471,0.587485,nan,0.274618,0.281477,0.279536,0.270282,0.267121,0.281477,0.267121,0.279536,0.270282,1,0,0.0265656,0,-0.00323703,-0.0447376,0.00224265,0.00356523,-0.0796739,0.00138085,0.0514198,8.66151e-05,-0.00174912,0.189221,0.0089044,-0.0894734,-0.0426488,10.451,10.4515,0,21.1001
3.17,liftoff,-0.00435887,0.396938,-0.00116727,0.0269135,0,0,-0.00111488,-0.206416,0.00245975,0.477811,0.617811,0.575899,0.573287,nan,0.2749,0.2808,0.280612,0.268988,0.269145,0.2808,0.269145,0.280612,0.268988,1,0,0.026869,0,0.000916317,-0.04411,1.3394e-05,0.00350841,-0.0805259,0.00138107,0.0515942,8.65784e-05,0.00644151,0.193074,-0.00123793,-0.119474,-0.0813191,10.312,10.3131,0,21.202
3.18,liftoff,-0.00438354,0.399003,-0.00111884,0.0265914,0,0,-0.0012425,-0.206641,0.00167838,0.479475,0.619475,0.581672,0.579425,nan,0.275168,0.28091,0.280641,0.269717,0.26935,0.28091,0.26935,0.280641,0.269717,1,0,0.0265386,0,-0.000257639,-0.0426027,0.000279369,0.00334376,-0.0795425,0.00137784,0.0518547,8.91928e-05,-0.00670001,0.204702,0.00623019,-0.0260849,-0.020033,10.3805,10.3806,0,21.3388
3.19,liftoff,-0.00440829,0.401071,-0.00112469,0.0270154,0,0,-0.0014427,-0.207114,0.0020843,0.481121,0.621121,0.580691,0.580923,nan,0.275422,0.280995,0.2816,0.268972,0.270072,0.280995,0.270072,0.2816,0.268972,1,0,0.0269753,0,0.00131614,-0.0446237,-0.000749474,0.00338327,-0.0808194,0.0013798,0.052009,8.87609e-05,0.00812526,0.201596,7.54799e-05,-0.0499799,-0.0863803,10.3947,10.3952,0,21.433
3.2,liftoff,-0.00443594,0.403145,-0.00104841,0.0267832,0,0,-0.00164927,-0.207702,0.00201399,0.482751,0.622751,0.586543,0.587606,nan,0.275666,0.280923,0.282456,0.269218,0.270019,0.280923,0.270019,0.282456,0.269218,1,0,0.0266999,0,-0.00194042,-0.0457456,-0.00102571,0.00315349,-0.0801327,0.00137414,0.0522596,9.43508e-05,0.00730945,0.195189,0.00540461,-0.0549725,0.0282465,10.4848,10.485,0,21.5651
3.21,liftoff,-0.00446544,0.405225,-0.00111464,0.0273037,0,0,-0.00189635,-0.208275,0.00129832,0.484364,0.624364,0.599845,0.599664,nan,0.2759,0.281712,0.282111,0.270055,0.269675,0.281712,0.269675,0.282111,0.270055,1,0,0.0272304,0,-0.00206726,-0.0456498,-8.3226e-06,0.00336698,-0.0816886,0.00138162,0.0524045,9.01178e-05,0.0173131,0.199033,0.00307851,-0.0774099,0.0405138,10.4397,10.4401,0,21.6545
3.22,liftoff,-0.00449436,0.40731,-0.00136103,0.0269598,0,0,-0.00215328,-0.208803,0.00125053,0.485963,0.625963,0.605886,0.606475,nan,0.276125,0.283129,0.281088,0.271034,0.269205,0.283129,0.269205,0.281088,0.271034,1,0,0.0268956,0,0.00056126,-0.0454332,0.00170133,0.00407525,-0.08064,0.00140608,0.0526739,7.73147e-05,-0.00303305,0.210675,-0.00171184,-0.168911,0.00434868,10.4492,10.4506,0,21.7937
3.23,liftoff,-0.00452478,0.4094,-0.00150948,0.0272658,0,0,-0.00239413,-0.20924,0.00101325,0.487546,0.627546,0.622731,0.621176,nan,0.276344,0.280668,0.283862,0.269052,0.271749,0.280668,0.271749,0.283862,0.269052,1,0,0.0272041,0,-0.00131806,-0.0449646,-0.00258926,0.00453441,-0.0815555,0.00142078,0.0528511,7.11085e-05,0.00613942,0.212412,0.00375885,-0.132072,0.0442532,10.4686,10.4695,0,21.8959
3.24,liftoff,-0.00456135,0.411494,-0.00124897,0.0271349,0,0,-0.0026991,-0.209547,0.00203154,0.489115,0.629115,0.628986,0.628166,nan,0.276555,0.281468,0.283678,0.269028,0.272003,0.281468,0.272003,0.283678,0.269028,1,0,0.0270899,0,0.00202542,-0.0456932,-0.00227902,0.00376158,-0.0811716,0.00140273,0.0530873,8.65348e-05,0.0120288,0.206737,-0.00526024,-0.00323353,0.0993847,10.5313,10.5317,0,22.0234
3.25,liftoff,-0.0046049,0.41359,-0.00176237,0.0276057,0,0,-0.00291297,-0.20973,0.00273285,0.490671,0.630671,0.650439,0.646234,nan,0.27676,0.284281,0.281364,0.271905,0.26945,0.284281,0.26945,0.281364,0.271905,1,0,0.0275611,0,0.00122589,-0.0460241,0.00236116,0.0052859,-0.0825751,0.00144541,0.0532404,6.20866e-05,0.00153817,0.212807,0.00433238,-0.088334,0.0332312,10.4869,10.4873,0,22.1166
3.26,liftoff,-0.00464826,0.415688,-0.00143916,0.0272962,0,0,-0.00296812,-0.20973,0.0024909,0.492213,0.632213,0.656948,0.653736,nan,0.276961,0.283147,0.283151,0.270849,0.270655,0.283147,0.270655,0.283151,0.270849,1,0,0.0272391,0,-0.000526298,-0.0469803,8.35655e-05,0.0043127,-0.0816709,0.00142247,0.0535,8.12835e-05,-0.00104035,0.197027,0.00273282,-0.122146,-0.0623704,10.5268,10.5277,0,22.2545
3.27,liftoff,-0.00469384,0.417784,-0.00121266,0.0276312,0,0,-0.00300662,-0.209556,0.00283617,0.493742,0.633742,0.64433,0.647744,nan,0.277158,0.28293,0.283683,0.270459,0.27152,0.28293,0.27152,0.283683,0.270459,1,0,0.0275697,0,0.000817992,-0.0466736,-0.000797241,0.0036389,-0.0826503,0.00140555,0.0536699,9.3789e-05,0.0027119,0.214112,0.000600802,-0.0621719,0.101565,10.5743,10.575,0,22.3554
3.28,liftoff,-0.00473964,0.419878,-0.000787531,0.0274937,0,0,-0.00301503,-0.209216,0.00164305,0.495257,0.635257,0.650854,0.655397,nan,0.277352,0.282424,0.28404,0.270641,0.272266,0.282424,0.272266,0.28404,0.270641,1,0,0.0274223,0,2.50033e-05,-0.0446343,-0.00142442,0.00236647,-0.0822641,0.00136968,0.0539064,0.000116137,0.00447544,0.196885,-0.00249533,-0.0408614,0.0260481,10.5211,10.5212,0,22.4833
3.29,liftoff,-0.00478224,0.421968,-0.00118221,0.0277234,0,0,-0.00297087,-0.208793,0.00178187,0.49676,0.63676,0.633333,0.645861,nan,0.277545,0.283471,0.283989,0.271438,0.271245,0.283471,0.271245,0.283989,0.271438,1,0,0.0276475,0,-0.00188572,-0.0469455,-0.000143022,0.00352995,-0.0829328,0.00140056,0.0540908,9.57783e-05,-0.00908612,0.210672,0.00176228,-0.140996,0.042491,10.5903,10.5914,0,22.5899
3.3,liftoff,-0.00482554,0.424053,-0.00137822,0.027295,0,0,-0.00294694,-0.208178,0.00225429,0.49825,0.63825,0.63984,0.653742,nan,0.277737,0.2842,0.283628,0.271922,0.271161,0.2842,0.271161,0.283628,0.271922,1,0,0.0272654,0,-0.000498581,-0.0468877,0.000585759,0.0041279,-0.0816522,0.00141737,0.0543654,8.67124e-05,-0.00233162,0.207849,0.000209065,-0.028797,0.0773483,10.6366,10.6369,0,22.7339
3.31,liftoff,-0.00486909,0.426131,-0.00152684,0.0279125,0,0,-0.00280821,-0.20733,0.0022262,0.499727,0.639727,0.641908,0.65855,nan,0.277929,0.283908,0.284388,0.271868,0.271514,0.283908,0.271514,0.284388,0.271868,1,0,0.0278622,0,-0.00221352,-0.0472056,-5.57923e-05,0.00459272,-0.0835011,0.00143218,0.0544925,7.95974e-05,0.0106036,0.210413,-0.00498724,-0.0413104,0.0863345,10.6465,10.647,0,22.8176
3.32,liftoff,-0.00491093,0.4282,-0.0014025,0.0276248,0,0,-0.00275377,-0.206367,0.00195538,0.501191,0.641191,0.648543,0.666597,nan,0.278121,0.285029,0.283369,0.272325,0.271723,0.285029,0.271723,0.283369,0.272325,1,0,0.0275611,0,0.00280884,-0.0461378,0.000993801,0.00420448,-0.0826502,0.00142526,0.0547423,8.84073e-05,0.000345592,0.202508,-0.00423273,-0.0362314,-0.00185337,10.6806,10.6807,0,22.9526
3.33,liftoff,-0.00495083,0.430258,-0.00154526,0.0279533,0,0,-0.00267245,-0.205322,0.00205161,0.502643,0.642643,0.636149,0.661032,nan,0.278314,0.283883,0.284949,0.271248,0.273136,0.283883,0.273136,0.284949,0.271248,1,0,0.0278879,0,0.00218078,-0.0463247,-0.00129888,0.00464379,-0.0836371,0.0014404,0.0549032,8.13021e-05,0.00747576,0.201693,0.00743734,-0.0972737,0.101706,10.6481,10.649,0,23.0518
3.34,liftoff,-0.0049907,0.432307,-0.00127228,0.0278372,0,0,-0.00254363,-0.204312,0.00220067,0.504082,0.644082,0.642809,0.669285,nan,0.278507,0.285047,0.284222,0.272684,0.272037,0.285047,0.272037,0.284222,0.272684,1,0,0.0277593,0,0.000476282,-0.0465142,0.000646996,0.0038258,-0.0832844,0.00142021,0.0551262,9.68088e-05,0.00783876,0.204729,0.0106653,-0.0885048,0.017162,10.6332,10.6336,0,23.1758
3.35,liftoff,-0.00502784,0.434345,-0.0015038,0.0283634,0,0,-0.00238889,-0.203313,0.00123123,0.505507,0.645507,0.632321,0.665452,nan,0.278702,0.285727,0.283789,0.273922,0.271331,0.285727,0.271331,0.283789,0.273922,1,0,0.0283121,0,-0.00173248,-0.0459747,0.00199026,0.00452752,-0.0848703,0.00144195,0.0552549,8.51486e-05,0.0131109,0.199948,-0.000298414,0.043116,0.0366482,10.6192,10.6193,0,23.2624
3.36,liftoff,-0.005059,0.436374,-0.00154842,0.0282652,0,0,-0.00221849,-0.202418,0.000453101,0.50692,0.64692,0.639025,0.673825,nan,0.278898,0.284657,0.2854,0.273162,0.272335,0.284657,0.272335,0.2854,0.273162,1,0,0.0282193,0,-0.0041655,-0.0465354,3.70516e-05,0.00464032,-0.0845746,0.00144879,0.0554693,8.52101e-05,-0.000848946,0.200945,-0.0022776,-0.0589669,-0.00219659,10.6774,10.6776,0,23.3843
3.37,liftoff,-0.00508963,0.438393,-0.00151077,0.0287395,0,0,-0.00212989,-0.201494,0.00121994,0.50832,0.64832,0.655205,0.688902,nan,0.279097,0.286243,0.284399,0.274188,0.271517,0.286243,0.271517,0.284399,0.274188,1,0,0.0286803,0,-0.00219287,-0.0472514,0.00198505,0.00455844,-0.0860009,0.00145148,0.0556057,8.67203e-05,0.0196837,0.198633,0.00509179,-0.0296774,0.0723856,10.6915,10.6918,0,23.4729
3.38,liftoff,-0.00511814,0.440404,-0.00152544,0.0285278,0,0,-0.00204922,-0.200503,0.000843817,0.509706,0.649706,0.662145,0.697518,nan,0.279297,0.28547,0.285134,0.27409,0.272451,0.28547,0.272451,0.285134,0.27409,1,0,0.0284633,0,-0.00345804,-0.0455959,0.000868461,0.00459699,-0.0853648,0.00145721,0.0558355,8.80808e-05,0.0160073,0.199582,0.00611065,-0.0616024,0.00304124,10.8048,10.8049,0,23.6002
3.39,liftoff,-0.00514734,0.442404,-0.00142363,0.0288924,0,0,-0.00195343,-0.199431,0.00142012,0.511079,0.651079,0.651618,0.693673,nan,0.279498,0.28622,0.285151,0.274293,0.272289,0.28622,0.272289,0.285151,0.274293,1,0,0.0288626,0,-0.00247705,-0.0469704,0.00135064,0.00427451,-0.0864649,0.00145168,0.0559839,9.4476e-05,0.00447497,0.195606,0.0101974,-0.00789602,0.001244,10.7409,10.7409,0,23.6939
3.4,liftoff,-0.0051766,0.444392,-0.00139442,0.0286646,0,0,-0.00190756,-0.198238,0.00102981,0.512438,0.652438,0.658606,0.702537,nan,0.279702,0.285982,0.285744,0.273734,0.273306,0.285982,0.273306,0.285744,0.273734,1,0,0.0286304,0,-0.000504069,-0.0467759,0.000292759,0.00419461,-0.0857798,0.00145302,0.0562108,9.68047e-05,0.00998151,0.197008,-0.00372883,-0.0425839,0.0374295,10.7211,10.7213,0,23.8209
3.41,liftoff,-0.00520438,0.446369,-0.00138436,0.0287436,0,0,-0.00183787,-0.196987,0.000879069,0.513784,0.653784,0.657916,0.705754,nan,0.279908,0.28657,0.285945,0.273892,0.273183,0.28657,0.273183,0.285945,0.273892,1,0,0.0287052,0,-0.000224571,-0.0482046,0.000586275,0.00416493,-0.0860218,0.00145304,0.0563947,9.9588e-05,0.0102287,0.19384,-0.00042193,-0.0496486,0.105984,10.6666,10.6673,0,23.9296
3.42,liftoff,-0.00523383,0.448332,-0.00112657,0.0285833,0,0,-0.00172299,-0.195727,0.00191781,0.515116,0.655116,0.665025,0.714678,nan,0.280115,0.286311,0.285943,0.274087,0.274079,0.286311,0.274079,0.285943,0.274087,1,0,0.0285302,0,0.000954268,-0.0456431,0.00016522,0.00337766,-0.0855389,0.00143232,0.0566048,0.00011325,0.000807551,0.195353,-0.00197645,-0.0238892,0.0811342,10.7352,10.7355,0,24.0513
3.43,liftoff,-0.00526517,0.450284,-0.00104896,0.0289269,0,0,-0.00160802,-0.19459,0.00183761,0.516434,0.656434,0.684119,0.732097,nan,0.280325,0.287383,0.285731,0.274772,0.27337,0.287383,0.27337,0.285731,0.274772,1,0,0.0288626,0,0.000663444,-0.0473161,0.0013426,0.00315508,-0.0865588,0.00142694,0.0567447,0.000116292,0.0076602,0.202601,-0.00326187,-0.0526946,0.0161236,10.6773,10.6775,0,24.1434
3.44,liftoff,-0.00529048,0.452225,-0.000915105,0.0288944,0,0,-0.0014257,-0.193575,0.000588672,0.517737,0.657737,0.691491,0.741055,nan,0.280536,0.286713,0.286318,0.274257,0.274813,0.286713,0.274813,0.286318,0.274257,1,0,0.0288378,0,0.00252532,-0.0454012,-7.08385e-05,0.00273898,-0.0864752,0.00141308,0.0569372,0.000123262,-0.00197102,0.193533,-0.00918622,-0.0340734,0.0376305,10.7213,10.7214,0,24.2565
3.45,liftoff,-0.00531307,0.454156,-0.000772669,0.0292255,0,0,-0.0010725,-0.192697,0.00199852,0.519027,0.659027,0.714244,0.761048,nan,0.280749,0.286393,0.287111,0.274456,0.274992,0.286393,0.274992,0.287111,0.274456,1,0,0.0291585,0,-0.000485009,-0.0455805,-0.000550871,0.00232836,-0.0874693,0.0014018,0.0570743,0.000128508,0.00898992,0.193116,-0.00623638,-0.0437372,0.0737476,10.6943,10.6947,0,24.3482
3.46,liftoff,-0.00533728,0.456079,-0.000979914,0.0286905,0,0,-0.000788831,-0.191716,0.00241699,0.520303,0.660303,0.721909,0.770159,nan,0.280965,0.287268,0.286743,0.275092,0.274712,0.287268,0.274712,0.286743,0.275092,1,0,0.028647,0,0.00038523,-0.0458677,0.0003972,0.00294728,-0.0858652,0.00141808,0.0573293,0.000116923,0.00707841,0.192968,-0.000743266,-0.0331875,0.0503457,10.6734,10.6736,0,24.489
3.47,liftoff,-0.00535984,0.45799,-0.000859107,0.0289358,0,0,-0.000652921,-0.190375,0.00211275,0.521564,0.661564,0.718551,0.771406,nan,0.281185,0.2872,0.287252,0.275035,0.275211,0.2872,0.275211,0.287252,0.275035,1,0,0.0288543,0,0.000328032,-0.0458647,-0.00010013,0.00257718,-0.0865947,0.00141095,0.0574755,0.000120333,0.00196757,0.197208,-0.00372516,-0.074461,0.0658304,10.6789,10.6793,0,24.5845
3.48,liftoff,-0.00538043,0.459886,-0.00105894,0.028666,0,0,-0.000669409,-0.18872,0.00186677,0.52281,0.66281,0.726318,0.780566,nan,0.281411,0.287123,0.287849,0.275259,0.275366,0.287123,0.275366,0.287849,0.275259,1,0,0.0286054,0,-0.00164196,-0.0461329,-0.000366325,0.00317414,-0.0858135,0.00142744,0.0576924,0.000109647,0.000440068,0.178803,-0.00528487,-0.0822635,0.00332441,10.6117,10.612,0,24.7086
3.49,liftoff,-0.00540197,0.461763,-0.000992871,0.0288387,0,0,-0.000738761,-0.186717,0.00210352,0.524041,0.664041,0.729724,0.786649,nan,0.28164,0.2869,0.288498,0.274677,0.276439,0.2869,0.276439,0.288498,0.274677,1,0,0.0287467,0,0.000434825,-0.0460094,-0.00147708,0.00296605,-0.0863243,0.00142375,0.0578449,0.000112407,-0.00661414,0.183757,0.00971216,-0.0464491,-0.0673657,10.6871,10.6875,0,24.8063
3.5,liftoff,-0.00542805,0.46362,-0.000824763,0.0282623,0,0,-0.000835065,-0.184559,0.00294569,0.525256,0.665256,0.737645,0.795982,nan,0.281873,0.287908,0.287678,0.276034,0.275827,0.287908,0.275827,0.287678,0.276034,1,0,0.0281771,0,5.88798e-05,-0.0449558,0.000191894,0.00247324,-0.0846015,0.0014106,0.0580931,0.000119639,0.00146729,0.179928,-0.00918944,0.0183426,-0.0568384,10.7661,10.7663,0,24.9457
3.51,liftoff,-0.00545743,0.465455,-0.000279189,0.028486,0,0,-0.000950268,-0.182472,0.00318679,0.526456,0.666456,0.742983,0.803377,nan,0.282111,0.289091,0.287159,0.276652,0.275495,0.289091,0.275495,0.287159,0.276652,1,0,0.028413,0,0.00205395,-0.0456699,0.00135771,0.000836855,-0.0852675,0.00136524,0.0582273,0.000144057,0.00121651,0.183393,-0.00536819,0.0194636,-0.0616221,10.6912,10.6914,0,25.0381
3.52,liftoff,-0.0054862,0.467271,-0.000460775,0.0282601,0,0,-0.00107444,-0.180625,0.00247746,0.52764,0.66764,0.751071,0.812819,nan,0.282356,0.288738,0.287894,0.276648,0.276094,0.288738,0.276094,0.287894,0.276648,1,0,0.0281855,0,0.000768622,-0.0452676,0.000613998,0.00137981,-0.0846158,0.00137896,0.0584224,0.000132825,0.000121521,0.166295,-0.00489521,-0.0773622,-0.046478,10.7327,10.7331,0,25.1551
3.53,liftoff,-0.00551449,0.469069,-0.000463902,0.0287135,0,0,-0.00123151,-0.178981,0.00181136,0.528807,0.668807,0.773104,0.832257,nan,0.282606,0.28807,0.288659,0.276084,0.277562,0.28807,0.277562,0.288659,0.276084,1,0,0.0286304,0,0.00235849,-0.0437369,-0.000908137,0.00140231,-0.0859693,0.00137839,0.0585204,0.000131445,0.00872175,0.170781,0.00058469,-0.120428,-0.119414,10.8488,10.8501,0,25.2321
3.54,liftoff,-0.00554514,0.470851,-0.000612891,0.0285091,0,0,-0.00138609,-0.177493,0.0027878,0.529957,0.669957,0.781479,0.841491,nan,0.282863,0.288986,0.288194,0.277562,0.276657,0.288986,0.276657,0.288194,0.277562,1,0,0.0284466,0,-0.000298223,-0.0435042,0.00074592,0.00182397,-0.0853599,0.00138929,0.0587046,0.000122956,-0.00807681,0.16842,0.00140952,-0.190332,0.016111,10.7824,10.7841,0,25.346
3.55,liftoff,-0.00557803,0.47262,-0.00050863,0.0287485,0,0,-0.00159733,-0.176283,0.00300636,0.53109,0.67109,0.801326,0.859169,nan,0.283124,0.289055,0.288911,0.277483,0.276994,0.289055,0.276994,0.288911,0.277483,1,0,0.0286886,0,-0.000917664,-0.0445061,0.000278287,0.00151731,-0.0860754,0.00137885,0.0588276,0.000126897,-0.00373163,0.170369,-0.01024,-0.174005,-0.0638489,10.8095,10.811,0,25.4336
3.56,liftoff,-0.00561598,0.474378,-0.000330941,0.0285319,0,0,-0.00187069,-0.175375,0.00325642,0.532205,0.672205,0.809972,0.868909,nan,0.28339,0.289464,0.289053,0.277698,0.277291,0.289464,0.277291,0.289053,0.277698,1,0,0.0284549,0,1.13706e-05,-0.0445825,0.00035946,0.000986091,-0.0854315,0.00136274,0.0590111,0.000132246,-0.00276959,0.166439,-0.00529767,-0.209625,-0.0197842,10.8605,10.8625,0,25.5468
3.57,liftoff,-0.00565724,0.476128,-0.000555702,0.0288775,0,0,-0.00222755,-0.174636,0.00237082,0.533303,0.673303,0.795921,0.862307,nan,0.28366,0.290826,0.288303,0.278663,0.276794,0.290826,0.276794,0.288303,0.278663,1,0,0.028813,0,0.00173379,-0.0448541,0.00193041,0.00166944,-0.0864662,0.00138265,0.0591184,0.000120177,0.00336318,0.16805,-0.00262361,-0.201393,-0.044525,10.8141,10.816,0,25.6272
3.58,liftoff,-0.005696,0.477871,-0.000466633,0.0291843,0,0,-0.00247931,-0.174005,0.0017948,0.534382,0.674382,0.804595,0.871983,nan,0.283934,0.290772,0.289015,0.27886,0.277033,0.290772,0.277033,0.289015,0.27886,1,0,0.0291339,0,-0.000185411,-0.0452751,0.00157519,0.0014017,-0.0873941,0.00137423,0.0592256,0.000123335,0.00264476,0.162976,0.00794382,-0.200134,0.028957,10.7284,10.7303,0,25.7096
3.59,liftoff,-0.00573438,0.479608,-0.000508797,0.0292326,0,0,-0.0027053,-0.17347,0.001394,0.535443,0.675443,0.789232,0.864527,nan,0.284212,0.290334,0.289741,0.279023,0.277692,0.290334,0.277692,0.289741,0.279023,1,0,0.0291748,0,-0.00195814,-0.044262,0.00084542,0.00153473,-0.0875309,0.00137748,0.0593724,0.00011935,0.00711513,0.168485,0.00517175,-0.173897,-0.0618315,10.7555,10.757,0,25.8064
3.6,liftoff,-0.00577278,0.48134,-0.000545653,0.0288086,0,0,-0.00293465,-0.172909,0.000883825,0.536485,0.676485,0.797934,0.874422,nan,0.284492,0.289192,0.291539,0.277242,0.27994,0.289192,0.27994,0.291539,0.277242,1,0,0.0287301,0,0.000932498,-0.0446211,-0.00221772,0.00164515,-0.0862616,0.00137907,0.0595766,0.000116172,0.0071766,0.167136,0.000264896,-0.215704,-0.0218011,10.7195,10.7217,0,25.9299
3.61,liftoff,-0.0058164,0.483067,-0.000794814,0.0289772,0,0,-0.00312302,-0.172444,0.0019053,0.537509,0.677509,0.790711,0.872862,nan,0.284776,0.2898,0.291332,0.278702,0.279212,0.2898,0.279212,0.291332,0.278702,1,0,0.0289286,0,-0.00271209,-0.043991,-0.00089758,0.00239196,-0.0867702,0.00140197,0.0597047,0.000104024,0.00718011,0.165296,-0.00896392,-0.153328,0.0126825,10.7792,10.7803,0,26.0192
3.62,liftoff,-0.00586556,0.48479,-0.000450053,0.0289004,0,0,-0.00336593,-0.172097,0.00228528,0.538513,0.678513,0.799494,0.88279,nan,0.285062,0.291199,0.290548,0.279447,0.278996,0.291199,0.278996,0.290548,0.279447,1,0,0.0288295,0,0.000530156,-0.0441577,0.000484615,0.00136222,-0.0865283,0.00137154,0.0598622,0.000117368,0.00965167,0.173165,0.00171857,-0.088168,0.0250249,10.8711,10.8715,0,26.1223
3.63,liftoff,-0.00591571,0.48651,-0.000599368,0.0289529,0,0,-0.00345673,-0.171953,0.00168069,0.539498,0.679498,0.797586,0.885161,nan,0.285351,0.290814,0.291329,0.279392,0.279809,0.290814,0.279809,0.291329,0.279392,1,0,0.0288791,0,-0.000260854,-0.0434708,-0.000409276,0.00179669,-0.0866905,0.00138375,0.0600001,0.000110127,0.000627578,0.170041,0.0068177,-0.155696,0.0770077,10.8512,10.8526,0,26.2179
3.64,liftoff,-0.0059677,0.488229,-0.000484516,0.0286227,0,0,-0.00353955,-0.171975,0.0029523,0.540464,0.680464,0.806494,0.895299,nan,0.285642,0.290582,0.292444,0.278967,0.280517,0.290582,0.280517,0.292444,0.278967,1,0,0.028547,0,-0.000826543,-0.0446065,-0.00149994,0.00145782,-0.0856898,0.00137186,0.0601905,0.000113768,0.0046241,0.177107,-0.00350766,-0.0853758,0.069026,10.8711,10.8717,0,26.3353
3.65,liftoff,-0.00602646,0.489949,-0.000453464,0.0290996,0,0,-0.00363446,-0.171959,0.00340098,0.541411,0.681411,0.794657,0.890489,nan,0.285936,0.291766,0.291918,0.279878,0.280123,0.291766,0.280123,0.291918,0.279878,1,0,0.0290109,0,0.000246347,-0.0448744,-0.00017407,0.0013535,-0.0871308,0.0013689,0.0602732,0.000114355,-0.00288242,0.170178,-0.00191971,-0.0507232,0.100172,10.7932,10.7937,0,26.4066
3.66,liftoff,-0.00608565,0.491667,-0.000526554,0.0289106,0,0,-0.00376713,-0.171848,0.0024007,0.542338,0.682338,0.803616,0.900438,nan,0.286232,0.29319,0.291137,0.280814,0.279729,0.29319,0.279729,0.291137,0.280814,1,0,0.0288543,0,0.00257004,-0.0450655,0.0013794,0.00157246,-0.0865563,0.00137262,0.0604406,0.000111028,-0.00284902,0.175441,-0.00856207,-0.0155301,-0.0376006,10.7557,10.7558,0,26.5159
3.67,liftoff,-0.00613898,0.493385,-0.000705069,0.0290633,0,0,-0.00379786,-0.171778,0.00175048,0.543244,0.683244,0.81168,0.910056,nan,0.286531,0.293693,0.29122,0.28156,0.279591,0.293693,0.279591,0.29122,0.28156,1,0,0.0290109,0,0.00133369,-0.0450242,0.00195218,0.00209979,-0.0870324,0.00138787,0.0605656,0.000103858,-0.00851625,0.163505,0.00261304,-0.0574741,-0.0728389,10.879,10.8794,0,26.6056
3.68,liftoff,-0.00619159,0.495102,-0.00104637,0.0291087,0,0,-0.00380906,-0.171565,0.00177562,0.544131,0.684131,0.820836,0.920331,nan,0.286832,0.293017,0.292653,0.280977,0.28062,0.293017,0.28062,0.292653,0.280977,1,0,0.0290438,0,1.69953e-05,-0.0456128,0.000316558,0.0031271,-0.087163,0.00142089,0.0607031,8.96495e-05,-0.00594828,0.167386,0.000625527,-0.0824903,-0.0563763,10.8282,10.8287,0,26.7013
3.69,liftoff,-0.00624498,0.496816,-0.00145688,0.0293169,0,0,-0.00378796,-0.171327,0.00230379,0.544998,0.684998,0.827618,0.928867,nan,0.287135,0.294194,0.291771,0.28199,0.280525,0.294194,0.280525,0.291771,0.28199,1,0,0.029289,0,0.00254265,-0.0444332,0.00170892,0.00436971,-0.0877936,0.00145908,0.0608181,7.56074e-05,0.00169501,0.163516,0.00264005,-0.153499,-0.0655831,10.8615,10.8628,0,26.7877
3.7,liftoff,-0.00629852,0.498528,-0.00163529,0.0296315,0,0,-0.0036102,-0.171094,0.00196856,0.545845,0.685845,0.836962,0.93933,nan,0.287441,0.293636,0.293373,0.281675,0.28102,0.293636,0.28102,0.293373,0.281675,1,0,0.0296048,0,-0.00104124,-0.0460719,0.000403685,0.00490312,-0.0887329,0.00147783,0.0609178,7.05383e-05,0.000716255,0.166545,0.000350235,-0.23049,-0.059393,10.92,10.9226,0,26.8678
3.71,liftoff,-0.00634936,0.500237,-0.00155451,0.0298001,0,0,-0.00336246,-0.170642,0.00182334,0.54667,0.68667,0.836322,0.94286,nan,0.28775,0.29364,0.293802,0.281501,0.281994,0.29364,0.281994,0.293802,0.281501,1,0,0.0297734,0,0.000881014,-0.0453734,-0.000287649,0.00465605,-0.0892468,0.00147101,0.0610383,7.63096e-05,-0.00229168,0.161221,-0.0061731,-0.175196,-0.00868008,10.8625,10.8639,0,26.956
3.72,liftoff,-0.00639508,0.501941,-0.00152194,0.0296294,0,0,-0.00312216,-0.170076,0.000502869,0.547476,0.687476,0.845808,0.953411,nan,0.288061,0.293289,0.294641,0.28138,0.282871,0.293289,0.282871,0.294641,0.28138,1,0,0.0295887,0,0.000367131,-0.0448651,-0.00124926,0.00455914,-0.0887224,0.00146969,0.0611982,8.05759e-05,-0.00227037,0.169576,0.0101422,-0.199431,-0.0770218,10.845,10.8471,0,27.0634
3.73,liftoff,-0.0064365,0.503639,-0.00154569,0.0301306,0,0,-0.00292607,-0.169496,0.00147874,0.54826,0.68826,0.841102,0.953691,nan,0.288374,0.293708,0.295099,0.281549,0.283076,0.293708,0.283076,0.295099,0.281549,1,0,0.0301079,0,0.00036155,-0.0458227,-0.0012825,0.00463914,-0.0902362,0.00147484,0.0612696,8.02586e-05,0.00407555,0.162697,-0.00521342,-0.307907,-0.104881,10.8285,10.8334,0,27.132
3.74,liftoff,-0.00648077,0.505331,-0.00147628,0.0299977,0,0,-0.00282485,-0.16888,0.00165046,0.549024,0.689024,0.850696,0.964289,nan,0.288689,0.294298,0.294981,0.282899,0.282513,0.294298,0.282513,0.294981,0.282899,1,0,0.029957,0,-0.00283498,-0.0452215,-0.000130243,0.00443744,-0.0898345,0.00147213,0.0614227,8.45245e-05,0.00802607,0.164927,0.0057815,-0.160837,-0.0179146,10.8423,10.8435,0,27.2366
3.75,liftoff,-0.0065243,0.507016,-0.00133765,0.0301623,0,0,-0.00274654,-0.168157,0.00231909,0.549766,0.689766,0.856998,0.97262,nan,0.289006,0.29446,0.295481,0.282528,0.283491,0.29446,0.283491,0.295481,0.282528,1,0,0.0301237,0,-0.0001527,-0.0453275,-0.000872024,0.00400909,-0.0903228,0.00145988,0.0615367,9.1523e-05,-0.000278398,0.168601,0.00283342,-0.153048,-0.0156969,11.0008,11.0018,0,27.3237
3.76,liftoff,-0.00657178,0.508694,-0.00103722,0.0300108,0,0,-0.00262783,-0.167448,0.00294419,0.550488,0.690488,0.866781,0.983243,nan,0.289325,0.294916,0.295443,0.283756,0.28312,0.294916,0.28312,0.295443,0.283756,1,0,0.0299809,0,-0.00308816,-0.0444948,4.80502e-05,0.00309272,-0.0898694,0.00143274,0.0616933,0.000103447,-0.0101935,0.168246,-0.00980961,-0.124102,0.14578,10.9894,10.9911,0,27.4286
3.77,liftoff,-0.00662026,0.510365,-0.000944236,0.0304563,0,0,-0.00262054,-0.166676,0.00272185,0.551187,0.691187,0.874764,0.992775,nan,0.289645,0.296182,0.29513,0.284131,0.283075,0.296182,0.283075,0.29513,0.284131,1,0,0.0304073,0,-7.79704e-06,-0.0456768,0.000926593,0.00282109,-0.0912182,0.00142499,0.0617714,0.000106918,-0.00531766,0.159902,-0.0112887,-0.160277,0.034692,10.8949,10.8961,0,27.4988
3.78,liftoff,-0.00666738,0.512027,-0.000863544,0.0301949,0,0,-0.00256677,-0.165866,0.0035435,0.551866,0.691866,0.884751,1.00368,nan,0.289968,0.2974,0.294154,0.285557,0.282696,0.2974,0.282696,0.294154,0.285557,1,0,0.0301395,0,0.00102017,-0.0441518,0.00268384,0.00259869,-0.0904231,0.00141627,0.0619381,0.000110741,0.00755479,0.167295,-0.00555159,-0.185498,0.0350372,10.8794,10.881,0,27.6091
3.79,liftoff,-0.00671232,0.513682,-0.000843199,0.0307931,0,0,-0.00245344,-0.165068,0.00248163,0.552523,0.692523,0.88465,1.00732,nan,0.290292,0.296254,0.295846,0.284817,0.284185,0.296254,0.284185,0.295846,0.284817,1,0,0.0307349,0,-0.000593385,-0.0437647,0.000457572,0.00254183,-0.0922278,0.00141453,0.0619896,0.000111448,0.0101511,0.16047,0.000923552,-0.159103,-0.0553079,10.8472,10.8485,0,27.6696
3.8,liftoff,-0.00675689,0.515329,-0.00137588,0.0308287,0,0,-0.00248978,-0.164405,0.00225027,0.553158,0.693158,0.894781,1.01823,nan,0.290616,0.297625,0.29556,0.285341,0.283876,0.297625,0.283876,0.29556,0.285341,1,0,0.0307814,0,0.00159344,-0.0454139,0.00155132,0.00410849,-0.0923315,0.00147074,0.0621146,9.42388e-05,-0.0100616,0.162885,-0.00808782,-0.161327,-0.0595427,10.9083,10.9097,0,27.7619
3.81,liftoff,-0.00679714,0.516971,-0.00109967,0.0310434,0,0,-0.00251913,-0.163977,0.00163312,0.553772,0.693772,0.917054,1.03799,nan,0.290941,0.296431,0.297603,0.28435,0.285314,0.296431,0.285314,0.297603,0.28435,1,0,0.0310283,0,-0.000551207,-0.0461741,-0.000938709,0.0033024,-0.0929921,0.00144514,0.0622142,0.000104128,0.00441732,0.151799,0.00303738,-0.253519,-0.0184618,11.0439,11.0468,0,27.8437
3.82,liftoff,-0.00683933,0.518609,-0.0012335,0.03089,0,0,-0.00257521,-0.163761,0.00194697,0.554364,0.694364,0.927494,1.04936,nan,0.291264,0.296923,0.297241,0.284835,0.285993,0.296923,0.285993,0.297241,0.284835,1,0,0.0308433,0,0.00222496,-0.0442163,-0.000648744,0.00369159,-0.0925346,0.00145967,0.0623617,0.000100858,-0.00335157,0.150157,-0.00823744,-0.228204,-0.0237493,11.0169,11.0193,0,27.9464
3.83,liftoff,-0.00688339,0.520246,-0.00121379,0.0311089,0,0,-0.00263231,-0.163779,0.00187242,0.554934,0.694934,0.913733,1.04329,nan,0.291588,0.296991,0.298391,0.285204,0.285699,0.296991,0.285699,0.298391,0.285204,1,0,0.031082,0,-0.00239933,-0.0463819,-0.00083256,0.00364179,-0.0931743,0.00145849,0.0624602,0.000101858,0.0023774,0.161617,0.00797081,-0.29383,-0.137365,10.8677,10.8726,0,28.0277
3.84,liftoff,-0.00692645,0.521884,-0.00111234,0.0312088,0,0,-0.00267531,-0.163784,0.00127372,0.555483,0.695483,0.924227,1.05471,nan,0.291911,0.296547,0.298883,0.285122,0.287027,0.296547,0.287027,0.298883,0.285122,1,0,0.0311663,0,-0.00114308,-0.0441111,-0.00186414,0.00335394,-0.0934741,0.00144904,0.0625729,0.000105925,0.0128607,0.161491,0.0224111,-0.22896,0.0328665,10.8736,10.8761,0,28.1158
3.85,liftoff,-0.00697038,0.523522,-0.00119553,0.031511,0,0,-0.0026267,-0.163897,0.00239728,0.556011,0.696011,0.923768,1.05827,nan,0.292234,0.296287,0.300545,0.283747,0.288292,0.296287,0.288292,0.300545,0.283747,1,0,0.0314632,0,0.000761395,-0.0469769,-0.00386922,0.00357422,-0.094377,0.00145805,0.0626602,0.000103578,-0.005741,0.164221,-0.0046797,-0.164173,0.0514832,11.0346,11.0359,0,28.1924
3.86,liftoff,-0.00702077,0.52516,-0.00109887,0.0315389,0,0,-0.00246582,-0.163697,0.00295041,0.556517,0.696517,0.934412,1.06987,nan,0.292556,0.298288,0.298877,0.286722,0.286271,0.298288,0.286271,0.298877,0.286722,1,0,0.0315087,0,-0.00275833,-0.0458008,-6.00032e-05,0.00329508,-0.0944369,0.0014491,0.0627872,0.000106986,0.00135951,0.180018,-0.00319457,-0.198777,-0.00693231,10.997,10.9988,0,28.2847
3.87,liftoff,-0.00706977,0.526795,-0.00136829,0.0317743,0,0,-0.00230194,-0.163251,0.00286247,0.557001,0.697001,0.943453,1.08026,nan,0.292876,0.29929,0.298896,0.286314,0.286938,0.29929,0.286938,0.298896,0.286314,1,0,0.0317574,0,0.00269872,-0.0472446,-0.000101088,0.00411191,-0.0951791,0.00147676,0.0628857,9.92569e-05,0.00734448,0.156137,-0.00392877,-0.11028,0.0294172,10.9825,10.9831,0,28.3649
3.88,liftoff,-0.00711402,0.528424,-0.00120842,0.031943,0,0,-0.00196242,-0.162595,0.00311997,0.557465,0.697465,0.954317,1.09203,nan,0.293194,0.29919,0.299586,0.286926,0.287013,0.29919,0.287013,0.299586,0.286926,1,0,0.0319147,0,-0.000820222,-0.0470608,-0.000212016,0.00361283,-0.0956777,0.00146033,0.0629905,0.000105705,-0.00559992,0.161101,-0.00919659,-0.140327,0.0678167,10.9759,10.977,0,28.4486
3.89,liftoff,-0.00715883,0.530046,-0.00127506,0.032442,0,0,-0.00171697,-0.161829,0.0033096,0.557907,0.697907,0.957805,1.09852,nan,0.293512,0.299542,0.299588,0.287632,0.287224,0.299542,0.287224,0.299588,0.287632,1,0,0.0323893,0,-0.00120494,-0.0459948,0.000158569,0.0038265,-0.0971629,0.00147027,0.0630504,0.000103361,0.00365871,0.168897,-0.00896288,-0.265572,-0.0259136,11.0025,11.0058,0,28.5129
3.9,liftoff,-0.00719753,0.531661,-0.0015103,0.0325481,0,0,-0.00153057,-0.161003,0.00250703,0.558328,0.698328,0.968852,1.11035,nan,0.29383,0.299806,0.300311,0.286673,0.288464,0.299806,0.288464,0.300311,0.286673,1,0,0.0324995,0,0.00341028,-0.0473308,-0.00100923,0.00454908,-0.0974982,0.00149858,0.0631622,9.65373e-05,0.0151296,0.157731,-0.00945115,-0.156247,-0.0113616,11.0542,11.0553,0,28.5994
3.91,liftoff,-0.00723548,0.533265,-0.000952243,0.0327719,0,0,-0.00131592,-0.159885,0.00317641,0.558727,0.698727,0.968838,1.11451,nan,0.294146,0.299881,0.300493,0.287659,0.28849,0.299881,0.28849,0.300493,0.287659,1,0,0.0327334,0,0.000578547,-0.0459031,-0.000634317,0.00286139,-0.0981755,0.00144107,0.0632547,0.000114176,0.00523911,0.153805,0.00252608,-0.247616,-0.0591502,11.0136,11.0166,0,28.6785
3.92,liftoff,-0.0072734,0.534858,-0.00101853,0.0331456,0,0,-0.0010482,-0.158676,0.00278066,0.559106,0.699106,0.980045,1.12661,nan,0.294463,0.301145,0.299994,0.288898,0.287752,0.301145,0.287752,0.299994,0.288898,1,0,0.0331172,0,1.18468e-05,-0.0464002,0.00100931,0.00306119,-0.0992829,0.00144868,0.0633249,0.000111795,0.00596806,0.162916,0.00183401,-0.358,-0.0137297,11.0943,11.1001,0,28.7484
3.93,liftoff,-0.00730405,0.536439,-0.00106878,0.033581,0,0,-0.000757552,-0.157409,0.00260779,0.559463,0.699463,0.962023,1.11758,nan,0.29478,0.301362,0.300204,0.289827,0.287663,0.301362,0.287663,0.300204,0.289827,1,0,0.0335322,0,-0.00267189,-0.0456202,0.00145977,0.00321804,-0.100614,0.00145671,0.0633876,0.000109381,0.00994027,0.146375,0.006725,-0.361645,-0.0221728,10.9704,10.9764,0,28.814
3.94,liftoff,-0.00733146,0.538007,-0.00108348,0.0334312,0,0,-0.000599989,-0.156193,0.00272794,0.5598,0.6998,0.973263,1.12968,nan,0.295096,0.300658,0.301651,0.288331,0.289681,0.300658,0.289681,0.301651,0.288331,1,0,0.0333968,0,0.000945591,-0.0460396,-0.00102956,0.0032576,-0.100155,0.00146265,0.0635238,0.000107285,0.00717524,0.152819,-0.000688369,-0.26825,0.0247328,10.918,10.9214,0,28.9124
3.95,liftoff,-0.00736023,0.539563,-0.00147083,0.0336127,0,0,-0.000571315,-0.154982,0.00243714,0.560115,0.700115,0.978143,1.13737,nan,0.295413,0.301555,0.302006,0.289059,0.288968,0.301555,0.288968,0.302006,0.289059,1,0,0.0335748,0,-0.00143582,-0.0483818,-0.000158472,0.00441773,-0.100691,0.00150698,0.0636165,9.55328e-05,0.00599712,0.158884,0.00770751,-0.207651,0.140538,11.1473,11.1501,0,28.9912
3.96,liftoff,-0.00738566,0.541106,-0.00121602,0.033588,0,0,-0.000530567,-0.153741,0.00248391,0.560409,0.700409,0.989582,1.14992,nan,0.29573,0.302788,0.301186,0.290494,0.288388,0.302788,0.288388,0.301186,0.290494,1,0,0.0335677,0,-0.00133514,-0.0475439,0.0016298,0.00366918,-0.10063,0.00148168,0.0637332,0.000103112,0.0167345,0.149864,-0.00376164,-0.19232,0.000283546,11.0828,11.0845,0,29.0811
3.97,liftoff,-0.00740796,0.542638,-0.00110733,0.0341531,0,0,-0.000581114,-0.152533,0.00102159,0.560682,0.700682,1.01274,1.1707,nan,0.296047,0.302651,0.301933,0.290353,0.289186,0.302651,0.289186,0.301933,0.290353,1,0,0.0341382,0,-0.0011894,-0.047456,0.000828343,0.00333252,-0.102321,0.00147647,0.0637714,0.00010454,0.00965938,0.152567,-0.0052673,-0.171245,0.0511494,11.1152,11.1166,0,29.1365
3.98,liftoff,-0.00742628,0.544157,-0.0010114,0.0341646,0,0,-0.000813675,-0.151285,0.000978372,0.560934,0.700934,1.02452,1.18325,nan,0.296364,0.3025,0.302385,0.291033,0.289476,0.3025,0.289476,0.302385,0.291033,1,0,0.0341243,0,-0.00382458,-0.0461907,0.00073487,0.00304604,-0.102357,0.00147077,0.0638792,0.000106436,0.010175,0.151495,0.00241903,-0.199168,0.00843043,11.0193,11.0211,0,29.2229
3.99,liftoff,-0.00744639,0.545664,-0.00102306,0.0344413,0,0,-0.00111217,-0.150091,3.69997e-06,0.561165,0.701165,1.03464,1.1944,nan,0.296682,0.303026,0.302669,0.29021,0.29076,0.303026,0.29076,0.302669,0.29021,1,0,0.0343957,0,0.00240468,-0.046849,-8.4956e-05,0.00306053,-0.103186,0.00147208,0.0639539,0.000106307,-0.00311624,0.152236,-0.00763589,-0.173049,-0.125742,11.0403,11.0423,0,29.2934
4,liftoff,-0.0074695,0.547159,-0.00114151,0.034311,0,0,-0.00135204,-0.148807,0.00143368,0.561375,0.701375,1.04665,1.20711,nan,0.297,0.303482,0.302738,0.290781,0.290936,0.303482,0.290936,0.302738,0.290781,1,0,0.0342846,0,0.00238428,-0.0464262,0.000258526,0.00342191,-0.102803,0.00148707,0.0640767,0.00010375,0.000560698,0.147628,0.00548402,-0.379077,-0.120863,11.0817,11.0888,0,29.3865
4.01,liftoff,-0.00749686,0.548641,-0.00116963,0.0345268,0,0,-0.00148702,-0.147422,0.000700342,0.561563,0.701563,1.04165,1.20764,nan,0.297319,0.303969,0.302574,0.291833,0.290836,0.303969,0.290836,0.302574,0.291833,1,0,0.0345133,0,0.00105352,-0.0452362,0.00105158,0.00351658,-0.10347,0.00149173,0.0641536,0.000103152,0.00754142,0.134509,0.00398232,-0.251342,-0.0703371,11.1029,11.106,0,29.459
4.02,liftoff,-0.0075251,0.550107,-0.00105896,0.0346262,0,0,-0.00147198,-0.145656,0.00108111,0.56173,0.70173,1.05379,1.22041,nan,0.297642,0.302561,0.304601,0.290531,0.29281,0.302561,0.29281,0.304601,0.290531,1,0,0.0345961,0,0.00063076,-0.0451353,-0.00189823,0.00318599,-0.103761,0.00148076,0.0642397,0.000105981,0.0088598,0.139026,-0.0100975,-0.307814,-0.0635441,10.9913,10.9958,0,29.5373
4.03,liftoff,-0.00755546,0.551553,-0.00116266,0.0349527,0,0,-0.00148462,-0.143316,0.00168845,0.561875,0.701875,1.05028,1.22173,nan,0.29797,0.303363,0.304529,0.29112,0.292802,0.303363,0.292802,0.304529,0.29112,1,0,0.0349254,0,0.00136978,-0.0454199,-0.00125173,0.0034819,-0.104749,0.00149339,0.0642967,0.000103196,-0.00138332,0.133867,-0.00328963,-0.208018,0.0116619,11.026,11.028,0,29.6015
4.04,liftoff,-0.00758646,0.552972,-0.000951508,0.0350793,0,0,-0.00146435,-0.140471,0.00192813,0.561998,0.701998,1.06256,1.2345,nan,0.298302,0.303908,0.304659,0.292273,0.292302,0.303908,0.292302,0.304659,0.292273,1,0,0.035048,0,-0.0019141,-0.0454579,-0.000342645,0.00285794,-0.105118,0.00147114,0.0643776,0.000108303,0.0043603,0.140512,0.00777713,-0.253832,0.0534341,11.0503,11.0534,0,29.6756
4.05,liftoff,-0.00762041,0.554362,-0.000915638,0.0352931,0,0,-0.00149914,-0.137138,0.00270815,0.562099,0.702099,1.08345,1.25359,nan,0.298639,0.304176,0.305296,0.29181,0.293207,0.304176,0.293207,0.305296,0.29181,1,0,0.0352515,0,0.000738556,-0.0463374,-0.00110624,0.00274575,-0.105769,0.00147209,0.0644444,0.000108416,0.00150147,0.134586,0.00156463,-0.314705,0.0861045,11.1532,11.158,0,29.743
4.06,liftoff,-0.00765922,0.555715,-0.00072028,0.0354649,0,0,-0.00162136,-0.133383,0.00265586,0.562177,0.702177,1.09606,1.26658,nan,0.298979,0.305336,0.304546,0.293592,0.292375,0.305336,0.292375,0.304546,0.293592,1,0,0.0354471,0,-0.00113081,-0.0453157,0.000882393,0.00216439,-0.106288,0.00145205,0.0645076,0.000112473,0.00466823,0.13203,-0.00456127,-0.24126,0.0415358,11.098,11.1007,0,29.8107
4.07,liftoff,-0.00769601,0.55703,-0.00076107,0.0354834,0,0,-0.00170939,-0.129535,0.00202843,0.562233,0.702233,1.07341,1.25385,nan,0.299324,0.304626,0.305643,0.292654,0.294304,0.304626,0.294304,0.305643,0.292654,1,0,0.0354539,0,0.00167859,-0.04417,-0.00117228,0.00226775,-0.106338,0.00145941,0.0645834,0.000111306,-0.00780552,0.135582,-0.00903013,-0.202017,-0.0836359,11.0304,11.0326,0,29.885
4.08,liftoff,-0.00773098,0.558309,-0.00107891,0.0357894,0,0,-0.00182814,-0.126138,0.00151505,0.562265,0.702265,1.08601,1.26678,nan,0.299677,0.305273,0.305709,0.293347,0.294306,0.305273,0.294306,0.305709,0.293347,1,0,0.0357552,0,0.00138749,-0.0442052,-0.000613054,0.0032336,-0.107284,0.00149735,0.0646188,0.000104893,0.000149759,0.117118,0.00839641,-0.25592,-0.0514495,11.1141,11.1172,0,29.9407
4.09,liftoff,-0.00776729,0.559555,-0.000970636,0.0362247,0,0,-0.00189514,-0.123105,0.0018613,0.562273,0.702273,1.08076,1.26689,nan,0.300035,0.305212,0.306744,0.293611,0.294503,0.305212,0.294503,0.306744,0.293611,1,0,0.036219,0,-0.00169814,-0.0451757,-0.00106566,0.00291553,-0.108599,0.00148699,0.0646375,0.000106655,0.00488027,0.110424,-0.000533975,-0.40045,-0.138404,11.1348,11.1429,0,29.9872
4.1,liftoff,-0.00780679,0.560773,-0.000842238,0.0364108,0,0,-0.00195318,-0.120412,0.0028363,0.562258,0.702258,1.0935,1.27981,nan,0.3004,0.306166,0.306423,0.294766,0.294171,0.306166,0.294171,0.306423,0.294766,1,0,0.0363897,0,-0.00225653,-0.0448154,0.000148682,0.00251923,-0.109166,0.00147073,0.0646802,0.000109072,-0.00280353,0.104939,0.00349269,-0.356498,-0.0390593,11.0516,11.0575,0,30.0464
4.11,liftoff,-0.00784899,0.561965,-0.000713759,0.0364592,0,0,-0.00206856,-0.118035,0.00262314,0.562217,0.702217,1.08904,1.27999,nan,0.300769,0.306096,0.30711,0.294789,0.295008,0.306096,0.295008,0.30711,0.294789,1,0,0.0364356,0,-0.00210949,-0.0443566,-0.000542101,0.00214649,-0.109286,0.00145889,0.0647374,0.000110716,0.00560727,0.121421,0.0013422,-0.336815,0.0243458,11.0725,11.0776,0,30.112
4.12,liftoff,-0.00789428,0.563136,-0.000369285,0.0363107,0,0,-0.00229439,-0.11604,0.00301834,0.562152,0.702152,1.1019,1.29318,nan,0.301143,0.306882,0.306987,0.295612,0.295014,0.306882,0.295014,0.306987,0.295612,1,0,0.0362848,0,-0.00186477,-0.0440406,0.000216847,0.00109986,-0.108834,0.00142044,0.0648179,0.000115721,-0.00389638,0.126024,0.009712,-0.329554,0.101875,11.1889,11.1942,0,30.1876
4.13,liftoff,-0.0079414,0.564287,-0.000300606,0.0364373,0,0,-0.00254594,-0.114345,0.00223207,0.562062,0.702062,1.09871,1.29461,nan,0.30152,0.308329,0.306202,0.296802,0.29467,0.308329,0.29467,0.306202,0.296802,1,0,0.0364159,0,-1.32805e-05,-0.0436925,0.00187226,0.000896121,-0.109236,0.00141527,0.0648612,0.000115891,-0.00202244,0.111097,-0.00159706,-0.221228,0.0189936,11.0618,11.064,0,30.2464
4.14,liftoff,-0.00798592,0.565424,-0.000284248,0.0363507,0,0,-0.00282074,-0.112949,0.00193365,0.561947,0.701947,1.11173,1.30755,nan,0.3019,0.307761,0.307508,0.295949,0.296306,0.307761,0.296306,0.307508,0.295949,1,0,0.0363176,0,0.00161907,-0.0436068,-4.57563e-05,0.00083261,-0.108973,0.00141301,0.0649321,0.000115178,-0.0123268,0.113911,0.0164131,-0.255524,0.0232184,11.0153,11.0183,0,30.3165
4.15,liftoff,-0.00803249,0.566547,-0.000365857,0.0365774,0,0,-0.00298196,-0.111787,0.00214383,0.561807,0.701807,1.1164,1.3145,nan,0.302283,0.307173,0.308994,0.295754,0.297134,0.307173,0.297134,0.308994,0.295754,1,0,0.0365467,0,-0.00116934,-0.044111,-0.00140687,0.00109892,-0.10968,0.00142476,0.0649583,0.000113505,0.00263622,0.095586,0.00166156,-0.346151,-0.129855,11.1231,11.1292,0,30.3679
4.16,liftoff,-0.00808674,0.567661,-0.000706985,0.0365518,0,0,-0.00317945,-0.110893,0.00268406,0.56164,0.70164,1.12962,1.32771,nan,0.302667,0.309301,0.307416,0.297595,0.29628,0.309301,0.29628,0.307416,0.297595,1,0,0.0365467,0,0.00151216,-0.0432825,0.00140624,0.00212825,-0.109598,0.00146618,0.0650153,0.000108477,0.00703689,0.0991744,0.000283724,-0.434201,-0.147919,11.194,11.2034,0,30.4331
4.17,liftoff,-0.00813904,0.568767,-0.000560982,0.036615,0,0,-0.00328088,-0.11048,0.00173327,0.561448,0.701448,1.13647,1.33623,nan,0.303051,0.308327,0.309325,0.296735,0.297742,0.308327,0.297742,0.309325,0.296735,1,0,0.0365988,0,2.41596e-05,-0.0439103,-0.000881052,0.00170403,-0.10978,0.00145028,0.065059,0.000110219,0.0159657,0.104182,0.00320173,-0.282643,-0.117775,11.0177,11.0219,0,30.4929
4.18,liftoff,-0.00818999,0.569872,-0.000664573,0.036572,0,0,-0.00328613,-0.110698,0.00200598,0.561231,0.701231,1.1499,1.34954,nan,0.303434,0.309018,0.309335,0.298125,0.297181,0.309018,0.297181,0.309335,0.298125,1,0,0.0365467,0,-0.00334719,-0.043668,0.000275277,0.00198653,-0.109646,0.00146309,0.0651169,0.000108514,-0.00243373,0.107547,-0.00620561,-0.367302,0.0577345,11.1839,11.19,0,30.5587
4.19,liftoff,-0.00823926,0.570982,-0.0005265,0.0368579,0,0,-0.00329314,-0.111446,0.00188477,0.560988,0.700988,1.15798,1.35884,nan,0.303815,0.308252,0.310994,0.296951,0.298987,0.308252,0.298987,0.310994,0.296951,1,0,0.0368196,0,-0.00187633,-0.0441641,-0.00209999,0.00158639,-0.110501,0.00144767,0.0651359,0.000110034,0.00641718,0.109573,0.00460147,-0.263725,0.0881628,11.1425,11.146,0,30.606
4.2,liftoff,-0.00829131,0.572101,-0.000633779,0.0367336,0,0,-0.00332138,-0.112598,0.00223261,0.56072,0.70072,1.17164,1.37213,nan,0.304195,0.310485,0.309618,0.29874,0.29786,0.310485,0.29786,0.309618,0.29874,1,0,0.0367094,0,-3.60848e-05,-0.0445346,0.000768155,0.00189891,-0.110119,0.00145943,0.0652061,0.000108732,0.000779833,0.116042,-0.00801213,-0.331215,0.0349894,11.138,11.143,0,30.6773
4.21,liftoff,-0.0083416,0.573234,-0.000561076,0.0371436,0,0,-0.00337353,-0.114009,0.00176711,0.560426,0.700426,1.15947,1.36678,nan,0.304574,0.3103,0.310607,0.298481,0.29883,0.3103,0.29883,0.310607,0.298481,1,0,0.0371163,0,0.000110689,-0.044709,-0.000288442,0.00169227,-0.111354,0.00145066,0.0652155,0.000109316,0.007968,0.112359,0.00260834,-0.371236,-0.03425,11.1592,11.1655,0,30.7187
4.22,liftoff,-0.008394,0.574381,-0.000739707,0.0372395,0,0,-0.00348378,-0.11552,0.00235594,0.560107,0.700107,1.17321,1.38019,nan,0.304952,0.311304,0.310587,0.299284,0.298556,0.311304,0.298556,0.310587,0.299284,1,0,0.0372126,0,-2.59861e-05,-0.0455715,0.000635283,0.00221765,-0.111634,0.00147295,0.0652602,0.000107462,0.00128726,0.117437,-0.000515527,-0.349416,-0.0694864,11.229,11.2347,0,30.7789
4.23,liftoff,-0.00844906,0.575542,-0.000804455,0.037473,0,0,-0.00347943,-0.116816,0.0022754,0.559763,0.699763,1.17335,1.38382,nan,0.305326,0.311679,0.310967,0.299443,0.299142,0.311679,0.299142,0.310967,0.299443,1,0,0.0374616,0,0.00108744,-0.0455923,0.000444955,0.0024107,-0.112337,0.00147942,0.0652896,0.000106984,0.00050011,0.115365,0.0014494,-0.491907,-0.0491794,11.1355,11.1465,0,30.8321
4.24,liftoff,-0.00850808,0.576715,-0.000726152,0.037798,0,0,-0.00336427,-0.117807,0.00344346,0.559395,0.699395,1.18726,1.39742,nan,0.305698,0.312544,0.310798,0.300459,0.298916,0.312544,0.298916,0.310798,0.300459,1,0,0.0377596,0,0.00053693,-0.0454139,0.00144569,0.00219294,-0.11331,0.00146818,0.065308,0.000107703,0.0121317,0.116639,-0.00588703,-0.4055,0.0249981,11.1066,11.114,0,30.8807
4.25,liftoff,-0.00856785,0.577897,-0.000684381,0.0377515,0,0,-0.00320302,-0.118568,0.00304543,0.559001,0.699001,1.19492,1.40653,nan,0.306067,0.312371,0.312146,0.299764,0.299913,0.312371,0.299913,0.312146,0.299764,1,0,0.0377153,0,0.000995294,-0.0470672,3.33435e-05,0.00205322,-0.113158,0.00146515,0.065376,0.000107722,0.00225188,0.125361,0.000123493,-0.397677,0.0497369,11.2044,11.2115,0,30.9511
4.26,liftoff,-0.00862589,0.579084,-0.000591938,0.0379564,0,0,-0.00304965,-0.119014,0.00290544,0.558583,0.698583,1.20905,1.42017,nan,0.306434,0.313513,0.311325,0.301784,0.299039,0.313513,0.299039,0.311325,0.301784,1,0,0.0379297,0,-0.00147467,-0.0455047,0.00216793,0.00177775,-0.113788,0.00145576,0.0654122,0.000108205,0.00350965,0.115345,-0.00306593,-0.296781,-0.000276618,11.1374,11.1413,0,31.0075
4.27,liftoff,-0.00867886,0.580275,-0.000682803,0.0382432,0,0,-0.00288691,-0.119198,0.00222745,0.558141,0.698141,1.20913,1.4235,nan,0.306799,0.313969,0.311789,0.301727,0.29964,0.313969,0.29964,0.311789,0.301727,1,0,0.0382115,0,0.000248074,-0.0462169,0.00187563,0.00205271,-0.114635,0.00146776,0.0654384,0.000107566,0.00510551,0.123688,-0.000417647,-0.4123,-0.0736717,11.1607,11.1685,0,31.0593
4.28,liftoff,-0.00872727,0.581467,-0.000852186,0.0383677,0,0,-0.00270474,-0.119086,0.00237378,0.557674,0.697674,1.22344,1.43739,nan,0.307164,0.313468,0.312378,0.30215,0.300586,0.313468,0.300586,0.312378,0.30215,1,0,0.0383548,0,-0.00125837,-0.0437877,0.00116664,0.00255608,-0.115016,0.0014921,0.0654871,0.000106328,0.00257575,0.118528,-0.0119135,-0.455594,-0.128414,11.2067,11.2167,0,31.1204
4.29,liftoff,-0.00877651,0.582656,-0.00112746,0.0385408,0,0,-0.00260732,-0.118768,0.0025514,0.557184,0.697184,1.19038,1.41712,nan,0.307527,0.313594,0.313201,0.301275,0.301965,0.313594,0.301965,0.313201,0.301275,1,0,0.0385408,0,0.00287374,-0.0446302,-0.000130208,0.00336297,-0.115554,0.00152597,0.065526,0.000105232,-0.0100054,0.106315,-0.0041949,-0.509869,-0.104899,11.1082,11.1204,0,31.1786
4.3,liftoff,-0.00882685,0.583841,-0.000939635,0.038618,0,0,-0.00249797,-0.1183,0.00231521,0.556668,0.696668,1.20462,1.4312,nan,0.30789,0.314187,0.313651,0.30206,0.30159,0.314187,0.30159,0.313651,0.30206,1,0,0.0386026,0,0.0001761,-0.045831,0.000442475,0.00282346,-0.115778,0.00150264,0.0655763,0.000106612,0.00548188,0.111387,0.00295654,-0.509093,-0.0649688,11.1525,11.1643,0,31.2422
4.31,liftoff,-0.00887259,0.585021,-0.000988513,0.0389625,0,0,-0.00242124,-0.11772,0.00207633,0.556129,0.696129,1.19902,1.43079,nan,0.308253,0.314161,0.31413,0.302397,0.302251,0.314161,0.302251,0.31413,0.302397,1,0,0.0389409,0,-0.000305867,-0.044799,7.76184e-05,0.00297147,-0.116809,0.00151335,0.065592,0.000106251,0.00662839,0.113322,-0.000697409,-0.439703,0.0900055,11.2293,11.2382,0,31.2901
4.32,liftoff,-0.00891831,0.586195,-0.00111102,0.038803,0,0,-0.00236982,-0.117056,0.00249434,0.555566,0.695566,1.2134,1.4448,nan,0.308615,0.313327,0.316173,0.300548,0.304342,0.313327,0.304342,0.316173,0.300548,1,0,0.0388059,0,0.00251376,-0.0466303,-0.00291831,0.00334001,-0.116336,0.00153106,0.065673,0.000106618,0.00736407,0.109584,0.00165662,-0.278532,0.0439376,11.2476,11.2511,0,31.3665
4.33,liftoff,-0.00896945,0.587361,-0.00103508,0.0393201,0,0,-0.00229548,-0.116186,0.00303633,0.554978,0.694978,1.20251,1.44064,nan,0.308978,0.315782,0.314376,0.303186,0.302495,0.315782,0.302495,0.314376,0.303186,1,0,0.0393004,0,0.00189518,-0.0463774,0.000921202,0.00310207,-0.117875,0.00152319,0.0656708,0.000106764,0.00113842,0.117772,-0.0132233,-0.355545,-0.0953309,11.1458,11.1519,0,31.4037
4.34,liftoff,-0.00901787,0.588518,-0.00132235,0.0395997,0,0,-0.00222495,-0.115187,0.00248231,0.554366,0.694366,1.21699,1.45459,nan,0.309341,0.316622,0.314134,0.304555,0.30198,0.316622,0.30198,0.314134,0.304555,1,0,0.0395966,0,-0.000229793,-0.0458952,0.00222552,0.00396204,-0.118722,0.00156211,0.0656893,0.000106092,-0.000523962,0.111991,0.00762465,-0.461763,-0.0270512,11.2458,11.2553,0,31.454
4.35,liftoff,-0.00906302,0.589665,-0.00145372,0.0398127,0,0,-0.00226451,-0.114169,0.00268586,0.55373,0.69373,1.20674,1.45075,nan,0.309704,0.316651,0.314591,0.304426,0.303076,0.316651,0.303076,0.314591,0.304426,1,0,0.0398068,0,0.00188339,-0.0449813,0.00149871,0.00437332,-0.119361,0.00158079,0.0657173,0.000106408,0.0112254,0.111639,0.00516883,-0.475907,-0.16097,11.1512,11.1625,0,31.5075
4.36,liftoff,-0.00910664,0.590802,-0.00120078,0.0406381,0,0,-0.00235423,-0.113104,0.00183724,0.55307,0.69307,1.22132,1.46487,nan,0.310067,0.315127,0.316832,0.303281,0.304957,0.315127,0.304957,0.316832,0.303281,1,0,0.040625,0,-7.75718e-05,-0.0449463,-0.00148553,0.0036213,-0.121844,0.00155319,0.0656712,0.000105294,0.0153313,0.106935,0.00874892,-0.466427,0.00291345,11.05,11.0598,0,31.5254
4.37,liftoff,-0.00914929,0.591927,-0.0013045,0.0408842,0,0,-0.0023636,-0.111964,0.00158699,0.552385,0.692385,1.23463,1.47787,nan,0.310431,0.316526,0.31662,0.303856,0.30465,0.316526,0.30465,0.31662,0.303856,1,0,0.0408766,0,0.00185616,-0.046687,-0.000390275,0.00390816,-0.122581,0.00156648,0.0656961,0.000105704,-0.000679426,0.107607,0.00814442,-0.429941,0.0869562,11.1475,11.1561,0,31.5758
4.38,liftoff,-0.00918731,0.593039,-0.00102003,0.0413201,0,0,-0.00215585,-0.110338,0.000946707,0.551677,0.691677,1.24948,1.49224,nan,0.310798,0.31602,0.317774,0.304359,0.304965,0.31602,0.304965,0.317774,0.304359,1,0,0.0413291,0,-0.00304328,-0.0463664,-0.00103718,0.00305661,-0.123901,0.00153145,0.0656932,0.000105019,0.000737469,0.0996359,-0.0050509,-0.32541,0.10319,11.2014,11.2066,0,31.6146
4.39,liftoff,-0.00922486,0.594132,-0.00119822,0.0418711,0,0,-0.00199089,-0.107886,0.00212445,0.550943,0.690943,1.22971,1.48158,nan,0.31117,0.317019,0.317861,0.304684,0.305041,0.317019,0.305041,0.317861,0.304684,1,0,0.0418849,0,-0.00128509,-0.0476634,-0.000526894,0.00358102,-0.125556,0.00155721,0.0656737,0.00010542,-0.0061587,0.0981071,0.00466584,-0.352806,0.0199999,11.166,11.1716,0,31.6456
4.4,liftoff,-0.00926757,0.595195,-0.00121279,0.0424714,0,0,-0.00178342,-0.104555,0.00286392,0.550185,0.690185,1.2446,1.49593,nan,0.311547,0.317744,0.317517,0.305599,0.305253,0.317744,0.305253,0.317517,0.305599,1,0,0.0424672,0,-0.000313943,-0.0462501,0.00025164,0.00363908,-0.127353,0.00155757,0.0656477,0.000105338,0.00359991,0.100042,0.0017117,-0.49306,-0.0162142,11.2062,11.2171,0,31.6721
4.41,liftoff,-0.00930857,0.596221,-0.00136722,0.0428228,0,0,-0.0016279,-0.100479,0.00253702,0.549401,0.689401,1.24933,1.50288,nan,0.311928,0.318014,0.317889,0.306627,0.305107,0.318014,0.305107,0.317889,0.306627,1,0,0.0428306,0,-0.0037006,-0.0457936,0.00072273,0.00410973,-0.128411,0.00158359,0.0656471,0.000106783,0.00887246,0.0975169,-0.000207049,-0.485373,-0.049992,11.2941,11.3047,0,31.7108
4.42,liftoff,-0.0093476,0.597204,-0.00118082,0.0431225,0,0,-0.00150649,-0.0958348,0.00278793,0.548592,0.688592,1.26443,1.51733,nan,0.312313,0.318908,0.317523,0.30723,0.305514,0.318908,0.305514,0.317523,0.30723,1,0,0.0431247,0,-0.00087581,-0.0448827,0.00136296,0.00352059,-0.129321,0.00155917,0.0656462,0.000105133,-0.0115306,0.0897491,0.00342998,-0.56233,0.000124927,11.2468,11.2609,0,31.75
4.43,liftoff,-0.00938432,0.598139,-0.00124655,0.043313,0,0,-0.00143288,-0.0908431,0.00242711,0.547756,0.687756,1.25268,1.51198,nan,0.3127,0.31658,0.320707,0.304502,0.308934,0.31658,0.308934,0.320707,0.304502,1,0,0.0433012,0,0.000809018,-0.0451948,-0.00376188,0.00374973,-0.129893,0.00157029,0.065653,0.000105856,0.0100811,0.0897,-0.000609661,-0.494437,0.111594,11.3433,11.3546,0,31.7927
4.44,liftoff,-0.00942678,0.599022,-0.00123432,0.0433903,0,0,-0.0013811,-0.0856951,0.00318795,0.546896,0.686896,1.26787,1.52626,nan,0.31309,0.3194,0.318417,0.307885,0.306581,0.3194,0.306581,0.318417,0.307885,1,0,0.0434002,0,-0.000850846,-0.0442473,0.00100535,0.00371048,-0.130125,0.00157083,0.0656677,0.000105992,0.00843551,0.0893614,-0.00233516,-0.424605,0.00156009,11.2447,11.2527,0,31.8389
4.45,liftoff,-0.00946721,0.599856,-0.00109897,0.0436307,0,0,-0.00129647,-0.081017,0.00311622,0.546008,0.686008,1.28892,1.54461,nan,0.313487,0.31987,0.319006,0.308147,0.306843,0.31987,0.306843,0.319006,0.308147,1,0,0.0436358,0,-0.00116678,-0.0452573,0.000952868,0.00330088,-0.130847,0.00155662,0.0656602,0.000104688,0.00574364,0.0888878,0.000930252,-0.475553,0.00290256,11.1833,11.1934,0,31.8729
4.46,liftoff,-0.0095061,0.600646,-0.00128227,0.0436254,0,0,-0.00131277,-0.0768398,0.00321489,0.545095,0.685095,1.30443,1.55898,nan,0.313887,0.318604,0.320535,0.307301,0.309028,0.318604,0.309028,0.320535,0.307301,1,0,0.0436468,0,-0.000542385,-0.0432208,-0.0016074,0.003841,-0.130871,0.00158365,0.0656706,0.000107034,-0.000203018,0.062302,-0.00557142,-0.516698,-0.0851672,11.2578,11.27,0,31.9185
4.47,liftoff,-0.009547,0.601396,-0.00131694,0.0437472,0,0,-0.00136649,-0.0732602,0.00289602,0.544154,0.684154,1.30924,1.56533,nan,0.314292,0.320369,0.319325,0.309557,0.307834,0.320369,0.307834,0.319325,0.309557,1,0,0.0437668,0,-0.00180089,-0.0422587,0.00121649,0.00395387,-0.131212,0.0015926,0.0656622,0.000107741,0.00563348,0.078427,-0.00253203,-0.600895,-0.000685847,11.1784,11.1946,0,31.9545
4.48,liftoff,-0.00958254,0.602114,-0.00138915,0.0439969,0,0,-0.00143756,-0.0701983,0.00293002,0.543186,0.683186,1.32496,1.57968,nan,0.314699,0.320395,0.320282,0.309364,0.308671,0.320395,0.308671,0.320282,0.309364,1,0,0.0440058,0,-0.00153762,-0.0429034,0.000353949,0.00417062,-0.131984,0.00160417,0.0656357,0.000108244,0.0058009,0.0627869,-0.0014602,-0.465268,0.0694328,11.2863,11.2961,0,31.9813
4.49,liftoff,-0.00962153,0.602803,-0.00150888,0.044186,0,0,-0.00147845,-0.0677686,0.00288312,0.542191,0.682191,1.32714,1.58407,nan,0.315107,0.321909,0.31968,0.310548,0.308211,0.321909,0.308211,0.31968,0.310548,1,0,0.0441897,0,-0.000287508,-0.0432591,0.00200712,0.0045218,-0.132525,0.00162582,0.0656131,0.000110068,0.00057953,0.0805414,0.000896616,-0.378688,0.0215813,11.2717,11.2781,0,32.01
4.5,liftoff,-0.00965761,0.603471,-0.00156113,0.0442718,0,0,-0.00142653,-0.0657894,0.00249584,0.541169,0.681169,1.34306,1.59824,nan,0.315517,0.320526,0.321859,0.30924,0.310361,0.320526,0.310361,0.321859,0.30924,1,0,0.0442921,0,-0.000561909,-0.043171,-0.00107846,0.0046847,-0.132792,0.00163527,0.0655996,0.000110604,0.00501998,0.0736879,-0.0050081,-0.45547,-0.0323811,11.1228,11.1321,0,32.0433
4.51,liftoff,-0.00969604,0.60412,-0.00146708,0.04443,0,0,-0.00136455,-0.064072,0.00323544,0.54012,0.68012,1.36837,1.61913,nan,0.315928,0.322618,0.320455,0.310881,0.309675,0.322618,0.309675,0.320455,0.310881,1,0,0.0444479,0,0.00253874,-0.0426664,0.00148112,0.00440646,-0.133294,0.00162624,0.0655777,0.000108859,0.00677868,0.055428,0.0116099,-0.492043,-0.0974925,11.35,11.3611,0,32.0715
4.52,liftoff,-0.00973328,0.604754,-0.00150484,0.044828,0,0,-0.00127674,-0.0626916,0.00303787,0.539043,0.679043,1.38463,1.63337,nan,0.316338,0.321644,0.322368,0.310177,0.311082,0.321644,0.311082,0.322368,0.310177,1,0,0.0448484,0,0.000481411,-0.0431122,-0.000715614,0.00451719,-0.134487,0.00163463,0.0655215,0.000108996,0.00577341,0.055671,-0.0019756,-0.627372,-0.00111729,11.2001,11.2176,0,32.085
4.53,liftoff,-0.00977007,0.605375,-0.0015827,0.0453577,0,0,-0.00118552,-0.0617307,0.00317711,0.537939,0.677939,1.37276,1.62704,nan,0.316748,0.322731,0.32226,0.311165,0.310756,0.322731,0.310756,0.32226,0.311165,1,0,0.0453822,0,0.000166246,-0.0437118,0.000386585,0.00475253,-0.136069,0.00164673,0.0654496,0.000109597,0.00709559,0.0605798,-0.000937117,-0.535823,0.0801665,11.1654,11.1785,0,32.0903
4.54,liftoff,-0.00980397,0.605988,-0.00131161,0.0451698,0,0,-0.000938601,-0.0609455,0.00262837,0.536807,0.676807,1.3891,1.64137,nan,0.317158,0.323862,0.321836,0.31197,0.310881,0.323862,0.310881,0.321836,0.31197,1,0,0.0451874,0,0.0024835,-0.0432895,0.0013688,0.00393483,-0.135503,0.00160974,0.0654629,0.000104066,0.00382713,0.0621472,-0.00459453,-0.508691,0.068301,11.2242,11.236,0,32.1363
4.55,liftoff,-0.00983273,0.606596,-0.00104915,0.0452116,0,0,-0.000622583,-0.060639,0.00204106,0.535648,0.675648,1.37556,1.63397,nan,0.317565,0.323312,0.323412,0.311758,0.311696,0.323312,0.311696,0.323412,0.311758,1,0,0.045198,0,-0.000426524,-0.0440931,-1.65647e-05,0.0031545,-0.135623,0.00157296,0.0654502,9.82454e-05,0.00819369,0.065773,-0.00660389,-0.550283,-0.0318756,11.1452,11.1588,0,32.1687
4.56,liftoff,-0.00985737,0.607202,-0.00127661,0.0456835,0,0,-0.000332902,-0.0606677,0.00214048,0.534462,0.674462,1.39197,1.64833,nan,0.317969,0.323868,0.323744,0.312355,0.311828,0.323868,0.311828,0.323744,0.312355,1,0,0.0456964,0,-0.00106674,-0.0443942,0.000286323,0.00383859,-0.137069,0.00161215,0.0653851,0.000104512,0.00920741,0.0449976,0.00553698,-0.66992,-0.140663,11.2381,11.2589,0,32.1764
4.57,liftoff,-0.00987857,0.607809,-0.00152784,0.0459099,0,0,-0.000191906,-0.0608329,0.0016062,0.53325,0.67325,1.393,1.65152,nan,0.31837,0.323698,0.324553,0.312204,0.312946,0.323698,0.312946,0.324553,0.312204,1,0,0.0459202,0,-0.000298895,-0.0437739,-0.000701666,0.00458074,-0.137727,0.00165546,0.0653467,0.000111611,0.0019522,0.0593473,0.00582355,-0.715296,-0.0639516,11.1932,11.2162,0,32.1981
4.58,liftoff,-0.00989693,0.608418,-0.00185413,0.0464408,0,0,-0.000102484,-0.0611925,0.0013558,0.53201,0.67201,1.40958,1.66586,nan,0.318769,0.325176,0.323663,0.314499,0.311659,0.325176,0.311659,0.323663,0.314499,1,0,0.0464776,0,-0.00351878,-0.0429783,0.00191349,0.0055621,-0.139315,0.00170793,0.0652755,0.000119576,0.00465347,0.0622276,-0.00289277,-0.573599,0.0194515,11.2393,11.254,0,32.2026
4.59,liftoff,-0.00990912,0.609033,-0.00197095,0.0465103,0,0,-5.74755e-05,-0.0618581,0.00142772,0.530745,0.670745,1.36712,1.63768,nan,0.319166,0.324387,0.325773,0.313022,0.313402,0.324387,0.313402,0.325773,0.313022,1,0,0.0465494,0,-0.00267194,-0.044975,-0.000776178,0.00590422,-0.139527,0.0017299,0.0652592,0.00012327,-0.00102863,0.0596664,0.00427673,-0.534157,0.0187062,11.1874,11.2001,0,32.2338
4.6,liftoff,-0.00992601,0.609656,-0.00202041,0.0466078,0,0,-5.45183e-05,-0.0627314,0.00169416,0.529452,0.669452,1.38357,1.65198,nan,0.319561,0.326113,0.32469,0.314102,0.313259,0.326113,0.313259,0.32469,0.314102,1,0,0.0466466,0,0.00153951,-0.0444159,0.000995996,0.00605811,-0.139836,0.00173807,0.0652389,0.00012424,0.00302447,0.0483093,-0.00138401,-0.47299,-0.0806907,11.1559,11.1662,0,32.2639
4.61,liftoff,-0.00994535,0.610287,-0.00218747,0.0467477,0,0,1.29047e-05,-0.0636411,0.00257041,0.528134,0.668134,1.38907,1.65842,nan,0.319954,0.325939,0.325386,0.314427,0.313985,0.325939,0.313985,0.325386,0.314427,1,0,0.0467997,0,0.000294387,-0.0434156,0.000437216,0.00655753,-0.140238,0.00176748,0.0652176,0.000129605,0.00211286,0.0598046,-4.14103e-05,-0.629043,-0.159188,11.3128,11.3314,0,32.292
4.62,liftoff,-0.00996802,0.610926,-0.00232034,0.0472604,0,0,1.45422e-05,-0.0642414,0.00271505,0.526789,0.666789,1.40573,1.67292,nan,0.320344,0.326883,0.325794,0.314663,0.313956,0.326883,0.313956,0.325794,0.314663,1,0,0.0473115,0,0.0010121,-0.0455845,0.000789679,0.0069727,-0.141789,0.00178716,0.0651501,0.000130919,0.0137212,0.0510346,-0.00500526,-0.676392,0.028148,11.2267,11.2471,0,32.2993
4.63,liftoff,-0.0099903,0.61157,-0.00211264,0.0475708,0,0,0.000123292,-0.0644798,0.00302871,0.525419,0.665419,1.42014,1.68563,nan,0.32073,0.326238,0.326939,0.313971,0.315695,0.326238,0.315695,0.326939,0.313971,1,0,0.0476129,0,0.00271338,-0.0445486,-0.0010659,0.00634227,-0.142712,0.00176086,0.065109,0.000124077,0.00835397,0.0562213,-0.00184868,-0.58074,0.0567134,11.2558,11.271,0,32.3184
4.64,liftoff,-0.0100132,0.612215,-0.0018765,0.0478765,0,0,0.000305344,-0.0644792,0.00297995,0.524023,0.664023,1.43707,1.7001,nan,0.321115,0.327294,0.32699,0.314976,0.315122,0.327294,0.315122,0.32699,0.314976,1,0,0.0479075,0,0.0011955,-0.0458278,6.96191e-05,0.00564139,-0.143617,0.00172726,0.0650697,0.000115703,0.0128207,0.0643158,0.00169782,-0.519453,0.013689,11.1945,11.2065,0,32.3379
4.65,liftoff,-0.010032,0.612858,-0.00171267,0.0482158,0,0,0.000627643,-0.0642063,0.00249847,0.522601,0.662601,1.42662,1.69479,nan,0.321497,0.328003,0.326656,0.316457,0.314796,0.328003,0.314796,0.326656,0.316457,1,0,0.0482447,0,-0.000832243,-0.0443496,0.0013223,0.005143,-0.144651,0.00170568,0.0650252,0.000109657,0.00801837,0.053423,0.00033232,-0.591049,-0.09294,11.1945,11.2105,0,32.3554
4.66,liftoff,-0.0100468,0.613498,-0.00176945,0.0490335,0,0,0.000911253,-0.0637981,0.00262516,0.521154,0.661154,1.44364,1.70946,nan,0.321878,0.327965,0.32765,0.316292,0.315528,0.327965,0.315528,0.32765,0.316292,1,0,0.0490583,0,-0.00119227,-0.0450873,0.000474351,0.00529524,-0.147102,0.00171728,0.0649241,0.000110702,-0.00379171,0.0540993,-0.000883842,-0.738411,-0.172048,11.214,11.2396,0,32.3452
4.67,liftoff,-0.0100596,0.614133,-0.00159615,0.0492305,0,0,0.00102026,-0.0631534,0.00220499,0.519682,0.659682,1.44945,1.71601,nan,0.322257,0.326719,0.32952,0.315606,0.317106,0.326719,0.317106,0.32952,0.315606,1,0,0.0492427,0,-0.00345091,-0.0445779,-0.00189057,0.00480561,-0.147675,0.00169846,0.0648982,0.000105697,0.0157244,0.0660024,0.00680418,-0.649754,-0.0981141,11.2969,11.316,0,32.3703
4.68,liftoff,-0.010069,0.61476,-0.00153641,0.0498979,0,0,0.000998664,-0.06224,0.0021693,0.518184,0.658184,1.46668,1.73051,nan,0.322634,0.329411,0.328182,0.317257,0.315611,0.329411,0.315611,0.328182,0.317257,1,0,0.049916,0,-0.00110749,-0.0468488,0.00126409,0.00462889,-0.149683,0.00169643,0.0648116,0.000104253,0.017479,0.0616469,0.00441067,-0.66972,0.136633,11.2197,11.2405,0,32.368
4.69,liftoff,-0.0100742,0.615377,-0.00165828,0.0503931,0,0,0.000864018,-0.0610915,0.00128385,0.516661,0.656661,1.46885,1.73402,nan,0.32301,0.328562,0.329225,0.316701,0.317479,0.328562,0.317479,0.329225,0.316701,1,0,0.0504056,0,0.000303354,-0.0447313,-0.00063369,0.00496287,-0.151167,0.00172055,0.0647454,0.000109509,-0.00311092,0.0625224,0.000428594,-0.599763,-0.0289591,11.2623,11.2783,0,32.375
4.7,liftoff,-0.0100794,0.615982,-0.00173534,0.0508796,0,0,0.0007193,-0.0597802,0.00108366,0.515113,0.655113,1.48626,1.74847,nan,0.323386,0.329912,0.328714,0.317484,0.317358,0.329912,0.317358,0.328714,0.317484,1,0,0.0509092,0,0.00284361,-0.0450668,0.000582315,0.00520578,-0.152628,0.00173801,0.0646812,0.000113236,0.00521431,0.0608604,-0.00495505,-0.593814,-0.0752952,11.236,11.252,0,32.3817
4.71,liftoff,-0.0100845,0.616572,-0.00163625,0.0512554,0,0,0.000620257,-0.0582824,0.00173864,0.513541,0.653541,1.45442,1.72755,nan,0.32376,0.330691,0.328766,0.318153,0.317354,0.330691,0.317354,0.328766,0.318153,1,0,0.0513012,0,0.00298799,-0.0453798,0.00119683,0.00491849,-0.153789,0.00172762,0.0646292,0.000109111,0.0116512,0.0383067,-0.00393058,-0.688441,-0.0382371,11.2715,11.2926,0,32.3941
4.72,liftoff,-0.0100943,0.617147,-0.00195393,0.0518521,0,0,0.000625782,-0.0566123,0.00210712,0.511943,0.651943,1.47176,1.74208,nan,0.324132,0.330549,0.329617,0.318771,0.317518,0.330549,0.317518,0.329617,0.318771,1,0,0.0518973,0,-0.000853732,-0.0452428,0.000960275,0.00587399,-0.155573,0.0017839,0.0645446,0.000123557,0.0133819,0.0417225,0.00955896,-0.678984,-0.0230416,11.1939,11.2145,0,32.3927
4.73,liftoff,-0.0101028,0.617704,-0.00205977,0.0520633,0,0,0.000536729,-0.0547227,0.00127568,0.510321,0.650321,1.44845,1.72706,nan,0.324504,0.329605,0.331311,0.317938,0.319086,0.329605,0.319086,0.331311,0.317938,1,0,0.0521036,0,-0.00147902,-0.0452717,-0.00125463,0.00619069,-0.156187,0.00181094,0.0645054,0.000130436,0.013458,0.0545906,0.00266179,-0.696492,0.061759,11.2174,11.2392,0,32.4125
4.74,liftoff,-0.010113,0.618242,-0.00197218,0.052371,0,0,0.000383821,-0.0528732,0.00191553,0.508673,0.648673,1.4658,1.7416,nan,0.324874,0.330814,0.331016,0.31902,0.318572,0.330814,0.318572,0.331016,0.31902,1,0,0.0524184,0,-0.00172508,-0.0459258,0.000108284,0.00592315,-0.157104,0.00179776,0.0644523,0.000124808,0.010447,0.0587685,-0.00315022,-0.563051,-0.024769,11.2436,11.2577,0,32.4258
4.75,liftoff,-0.0101259,0.618762,-0.00166478,0.0525935,0,0,0.000287003,-0.0510132,0.00218001,0.507002,0.647002,1.4597,1.73899,nan,0.325243,0.3306,0.332039,0.318133,0.320125,0.3306,0.320125,0.332039,0.318133,1,0,0.0526227,0,0.00146692,-0.0461959,-0.00150801,0.00499901,-0.157768,0.00175492,0.0644102,0.00011106,0.00843765,0.060367,-0.00194267,-0.592773,-0.0413636,11.1895,11.2053,0,32.4429
4.76,liftoff,-0.0101456,0.619262,-0.00188114,0.0531273,0,0,0.000166283,-0.0488932,0.00274883,0.505305,0.645305,1.47716,1.75356,nan,0.325611,0.332387,0.331041,0.31997,0.318974,0.332387,0.318974,0.331041,0.31997,1,0,0.0531682,0,0.000927401,-0.0463904,0.0010297,0.00562321,-0.159399,0.00178977,0.0643283,0.000120151,-0.00750551,0.0405637,-0.00375527,-0.69007,-0.090694,11.3105,11.3319,0,32.4409
4.77,liftoff,-0.0101629,0.619739,-0.00218254,0.0531048,0,0,7.18544e-05,-0.0463336,0.00184675,0.503584,0.643584,1.46763,1.74852,nan,0.32598,0.331683,0.331968,0.319566,0.32063,0.331683,0.32063,0.331968,0.319566,1,0,0.0531458,0,0.00206957,-0.0444425,-0.000593234,0.00654477,-0.159333,0.00184543,0.0643056,0.000136892,0.0037793,0.039634,0.0149305,-0.774684,-0.01719,11.1889,11.2157,0,32.4694
4.78,liftoff,-0.0101796,0.620189,-0.00201768,0.0537694,0,0,9.69518e-05,-0.0435977,0.0019029,0.501839,0.641839,1.48519,1.76311,nan,0.326349,0.33286,0.331752,0.320581,0.320129,0.33286,0.320129,0.331752,0.320581,1,0,0.0538057,0,0.00173863,-0.0452889,0.000685393,0.00607414,-0.161321,0.00182221,0.0642021,0.000126391,0.0204043,0.0429811,-0.00225924,-0.77097,0.0162392,11.2613,11.2876,0,32.4572
4.79,liftoff,-0.0101943,0.620612,-0.00207368,0.0540505,0,0,0.000240122,-0.040762,0.00217247,0.500069,0.640069,1.47978,1.76106,nan,0.326718,0.33215,0.332889,0.320415,0.321342,0.33215,0.321342,0.332889,0.320415,1,0,0.0540974,0,0.000500408,-0.0441155,-0.0007324,0.00621793,-0.162175,0.00183352,0.0641405,0.000128279,0.00489807,0.0355031,-0.010642,-0.62979,0.115527,11.1898,11.2081,0,32.4653
4.8,liftoff,-0.010211,0.621005,-0.00195584,0.054306,0,0,0.000426229,-0.0378332,0.00327368,0.498274,0.638274,1.49747,1.7757,nan,0.327085,0.335025,0.331003,0.322823,0.319416,0.335025,0.319416,0.331003,0.322823,1,0,0.0543568,0,0.0016306,-0.0450744,0.00326486,0.00587835,-0.162954,0.0018153,0.0640794,0.000120618,0.0133814,0.026967,-0.000136809,-0.670905,0.0341217,11.1726,11.1928,0,32.4733
4.81,liftoff,-0.0102255,0.621368,-0.00186249,0.054389,0,0,0.000706594,-0.0347052,0.00303448,0.496455,0.636455,1.47779,1.76304,nan,0.327451,0.333997,0.332601,0.322135,0.321,0.333997,0.321,0.332601,0.322135,1,0,0.0544357,0,0.000692735,-0.0444562,0.00111225,0.00558018,-0.1632,0.00180505,0.0640335,0.000116303,0.0012039,0.0290183,-0.0022121,-0.739176,-0.0360124,11.2473,11.2716,0,32.4894
4.82,liftoff,-0.0102399,0.6217,-0.00190687,0.0552786,0,0,0.000933076,-0.0315565,0.00200555,0.494611,0.634611,1.49549,1.77747,nan,0.327816,0.332937,0.334164,0.321382,0.322708,0.332937,0.322708,0.334164,0.321382,1,0,0.0553264,0,0.000263976,-0.0436005,-0.00112213,0.00570745,-0.165866,0.00181642,0.0638875,0.000117062,-0.00248017,0.0295226,-0.00199374,-0.83858,-0.116182,11.2878,11.3195,0,32.4574
4.83,liftoff,-0.0102489,0.622001,-0.00207691,0.055549,0,0,0.00110672,-0.0285394,0.00271332,0.492744,0.632744,1.48911,1.77449,nan,0.328179,0.334496,0.333759,0.32267,0.321717,0.334496,0.321717,0.333759,0.32267,1,0,0.0556059,0,-0.000573038,-0.0452263,0.000743179,0.00623911,-0.166682,0.00185027,0.0638122,0.000127748,0.012759,0.0262989,-0.00871357,-0.67895,-0.0109645,11.2594,11.2799,0,32.4591
4.84,liftoff,-0.0102547,0.622272,-0.00182768,0.0557209,0,0,0.00119679,-0.025625,0.00211796,0.490852,0.630852,1.50693,1.78908,nan,0.328541,0.335413,0.333071,0.323584,0.322021,0.335413,0.322021,0.333071,0.323584,1,0,0.0557686,0,0.00206773,-0.043352,0.00171588,0.00547978,-0.167211,0.0018171,0.063745,0.000114317,0.00461339,0.0173391,-0.0127643,-0.708929,0.0255924,11.3347,11.3569,0,32.4648
4.85,liftoff,-0.0102561,0.622515,-0.00188285,0.0559746,0,0,0.00123715,-0.0229826,0.00181302,0.488936,0.628936,1.51336,1.7952,nan,0.328902,0.335606,0.333904,0.324208,0.321815,0.335606,0.321815,0.333904,0.324208,1,0,0.0560118,0,-0.0018331,-0.0445036,0.00179983,0.00565935,-0.167961,0.00183604,0.0636651,0.000119472,0.0133616,0.0242634,0.00202847,-0.691885,-0.000612496,11.2205,11.2418,0,32.4642
4.86,liftoff,-0.0102553,0.622734,-0.00184772,0.0564108,0,0,0.0010822,-0.020614,0.000803716,0.486996,0.626996,1.53138,1.80963,nan,0.329261,0.335701,0.334164,0.324372,0.322737,0.335701,0.322737,0.334164,0.324372,1,0,0.0564612,0,-0.000260897,-0.043118,0.00139404,0.00553309,-0.169287,0.00183538,0.063559,0.000117213,-0.000969926,0.0125098,0.00905044,-0.854434,-0.137906,11.2178,11.2512,0,32.4517
4.87,liftoff,-0.0102521,0.622929,-0.00206005,0.0563739,0,0,0.00101273,-0.0184095,0.00109827,0.485032,0.625032,1.51102,1.79629,nan,0.329619,0.335609,0.33494,0.324646,0.32321,0.335609,0.32321,0.33494,0.324646,1,0,0.0564316,0,-0.00203564,-0.0430005,0.000925227,0.00619402,-0.16917,0.00187784,0.0635091,0.000132367,0.0163118,0.016624,-0.00466972,-0.82489,-0.0498323,11.1415,11.1721,0,32.465
4.88,liftoff,-0.0102496,0.623103,-0.00187302,0.0569179,0,0,0.000999818,-0.0163643,0.000533886,0.483044,0.623044,1.52906,1.81078,nan,0.329975,0.335344,0.336102,0.323681,0.324702,0.335344,0.324702,0.336102,0.323681,1,0,0.0569699,0,0.000700309,-0.0436997,-0.000781832,0.00561899,-0.170792,0.00185081,0.0633923,0.000119711,0.00672747,0.0226355,-0.0061795,-0.764706,0.0938926,11.3335,11.3597,0,32.4439
4.89,liftoff,-0.0102447,0.623258,-0.00202927,0.0568004,0,0,0.00115245,-0.0145817,0.000859913,0.481033,0.621033,1.51728,1.80368,nan,0.330329,0.3359,0.336305,0.324231,0.324808,0.3359,0.324808,0.336305,0.324231,1,0,0.0568526,0,0.00045498,-0.0438941,-0.000431665,0.0060803,-0.170448,0.00188085,0.0633467,0.000130471,0.0019328,0.0169474,-0.00234785,-0.581651,0.0873141,11.1878,11.2032,0,32.4594
4.9,liftoff,-0.010243,0.623397,-0.00209108,0.0571546,0,0,0.00133208,-0.013137,0.00185657,0.478998,0.618998,1.53539,1.81795,nan,0.33068,0.337434,0.335233,0.326113,0.323867,0.337434,0.323867,0.335233,0.326113,1,0,0.0572122,0,-0.000119051,-0.0429873,0.00195451,0.0062638,-0.171527,0.00189529,0.0632459,0.000134246,0.000232698,0.00554079,0.00855871,-0.755832,-0.0146036,11.174,11.1995,0,32.447
4.91,liftoff,-0.0102415,0.623522,-0.00212668,0.0571727,0,0,0.00136241,-0.0119137,0.000974791,0.47694,0.61694,1.50719,1.79879,nan,0.331028,0.336509,0.336963,0.324947,0.325625,0.336509,0.325625,0.336963,0.324947,1,0,0.0572413,0,0.000594744,-0.0433916,-0.000497195,0.00637325,-0.17158,0.00190911,0.0631809,0.000138044,0.00290674,0.00641084,-0.00505619,-0.814476,-0.0908085,11.2462,11.276,0,32.4532
4.92,liftoff,-0.0102394,0.623635,-0.0022695,0.0579488,0,0,0.00127602,-0.0108069,0.00134998,0.474859,0.614859,1.52525,1.81322,nan,0.331374,0.337356,0.336452,0.326241,0.325377,0.337356,0.325377,0.336452,0.326241,1,0,0.0580274,0,0.000106663,-0.0420465,0.000776958,0.00680398,-0.173908,0.00193629,0.0630241,0.00014393,0.00433993,0.00593018,0.00516806,-0.952985,-0.0158386,11.1921,11.2326,0,32.4152
4.93,liftoff,-0.0102362,0.623739,-0.00233967,0.0581728,0,0,0.00122274,-0.00998009,0.0013136,0.472755,0.612755,1.51151,1.80437,nan,0.331717,0.336473,0.338391,0.325525,0.326412,0.336473,0.326412,0.338391,0.325525,1,0,0.0582366,0,-0.00273536,-0.043442,-0.00123317,0.00700956,-0.174583,0.00195248,0.0629311,0.000147919,0.00135769,0.00343446,0.00397334,-0.715611,0.108356,11.2934,11.3166,0,32.4083
4.94,liftoff,-0.0102379,0.623835,-0.00229,0.0583881,0,0,0.0010426,-0.00914489,0.0023257,0.470628,0.610628,1.52963,1.81868,nan,0.332058,0.338627,0.336899,0.326696,0.325942,0.338627,0.325942,0.336899,0.326696,1,0,0.0584573,0,0.00258492,-0.043368,0.00109112,0.00686013,-0.175221,0.00195108,0.0628429,0.000144205,0.00126184,0.00853439,-0.000368952,-0.808328,-0.00931427,11.2471,11.2762,0,32.4014
4.95,liftoff,-0.010244,0.623922,-0.00264625,0.0586728,0,0,0.000923303,-0.00824998,0.00243525,0.468478,0.608478,1.53085,1.82063,nan,0.332396,0.33817,0.338166,0.326174,0.327007,0.33817,0.327007,0.338166,0.326174,1,0,0.0587422,0,0.00221989,-0.0438748,-0.000364594,0.00793739,-0.176077,0.00201509,0.062743,0.000167937,0.00804489,0.00729015,-0.00134498,-0.883221,-0.0715851,11.2059,11.2409,0,32.39
4.96,liftoff,-0.0102501,0.624,-0.00286776,0.0592581,0,0,0.000988018,-0.00730454,0.00155636,0.466306,0.606306,1.54913,1.83482,nan,0.332731,0.338338,0.338389,0.326805,0.327327,0.338338,0.327327,0.338389,0.326805,1,0,0.0593479,0,0.00124802,-0.0428131,-0.000251596,0.0085806,-0.177837,0.00205477,0.0626076,0.000179367,-0.00550913,0.00380318,-0.000219935,-0.975322,-0.0646228,11.2507,11.2931,0,32.3608
4.97,liftoff,-0.0102531,0.624068,-0.00270042,0.0593973,0,0,0.00110888,-0.00630995,0.00216005,0.464112,0.604112,1.53261,1.82375,nan,0.333064,0.337647,0.339725,0.326332,0.328488,0.337647,0.328488,0.339725,0.326332,1,0,0.0594884,0,0.000204619,-0.0427311,-0.00186092,0.00809916,-0.178249,0.00203317,0.0625229,0.00016619,0.00799814,0.00730779,-0.00336323,-0.894453,-0.0026492,11.1473,11.1831,0,32.3568
4.98,liftoff,-0.010261,0.624126,-0.00243366,0.0601476,0,0,0.00128086,-0.00522995,0.00259768,0.461895,0.601895,1.55093,1.83783,nan,0.333395,0.338418,0.339648,0.327389,0.32806,0.338418,0.32806,0.339648,0.327389,1,0,0.0602214,0,-0.00148589,-0.0428533,-0.000835346,0.00730254,-0.180509,0.00199393,0.0623709,0.000143557,0.00998805,-2.23734e-05,-0.00552824,-0.850868,0.0550789,11.1959,11.2284,0,32.3173
4.99,liftoff,-0.0102674,0.624171,-0.00248602,0.0602861,0,0,0.00141234,-0.00363368,0.00279292,0.459657,0.599657,1.5412,1.83177,nan,0.333725,0.340044,0.338732,0.328997,0.327064,0.340044,0.327064,0.338732,0.328997,1,0,0.0603638,0,-0.00164774,-0.0430408,0.00142642,0.00743951,-0.180921,0.00201008,0.0622837,0.000147948,-0.00413199,0.00238836,0.00911975,-0.739528,-0.019969,11.2102,11.2346,0,32.3119
5,climb,-0.0102725,0.624198,-0.00231859,0.0611639,0,0,0.00150154,-0.00168765,0.00334816,0.457396,0.597396,1.55959,1.84595,nan,0.334055,0.340364,0.339576,0.328325,0.327891,0.340364,0.327891,0.339576,0.328325,1,0,0.0612384,0,0.000940204,-0.0449538,0.000537132,0.00694389,-0.183566,0.00198315,0.0621145,0.000130037,0.000438709,-0.0067182,0.00235965,-0.850624,-0.0871123,11.1734,11.2061,0,32.2632
5.01,climb,-0.0102788,0.624203,-0.00235455,0.0613568,0,0,0.001504,0.00071116,0.00277246,0.455114,0.595114,1.53045,1.82553,nan,0.334385,0.341293,0.338889,0.329575,0.327716,0.341293,0.327716,0.338889,0.329575,1,0,0.0614289,0,0.00144332,-0.0433743,0.00187357,0.00705384,-0.184134,0.0019923,0.0620164,0.000132049,0.00259144,0.000592112,-0.0079747,-0.98438,-0.0556388,11.2751,11.3181,0,32.2525
5.02,climb,-0.0102793,0.624183,-0.00240588,0.0621409,0,0,0.00156824,0.00342812,0.00223309,0.45281,0.59281,1.54878,1.83956,nan,0.334713,0.338775,0.342038,0.327788,0.330183,0.338775,0.330183,0.342038,0.327788,1,0,0.0622196,0,-0.00230288,-0.0432801,-0.00248663,0.00721727,-0.186495,0.00200791,0.061851,0.000135597,0.00823619,-0.00652393,0.00817786,-1.00071,-0.0121477,11.2005,11.2451,0,32.2064
5.03,climb,-0.01028,0.624135,-0.00209203,0.0622155,0,0,0.00162948,0.00636886,0.00225881,0.450483,0.590483,1.55269,1.84301,nan,0.335039,0.340899,0.340765,0.329523,0.328903,0.340899,0.328903,0.340765,0.329523,1,0,0.0622809,0,-0.0012902,-0.0440317,0.000330905,0.00627802,-0.186698,0.00196224,0.0617646,0.000111195,0.010028,0.0073063,-0.0111234,-0.856625,0.123248,11.2259,11.2592,0,32.1995
5.04,climb,-0.0102766,0.624056,-0.00208692,0.0625702,0,0,0.00163389,0.00946096,0.0020015,0.448136,0.588136,1.57119,1.8573,nan,0.335363,0.341604,0.340711,0.329301,0.329769,0.341604,0.329769,0.340711,0.329301,1,0,0.0626283,0,0.00361135,-0.0440452,0.000186825,0.00626107,-0.187789,0.00196979,0.0616401,0.000113369,0.0085438,-0.0110581,-0.00342528,-0.883692,0.00961434,11.1955,11.2303,0,32.1746
5.05,climb,-0.0102754,0.623947,-0.00214072,0.0627855,0,0,0.00172585,0.012541,0.00278103,0.445766,0.585766,1.56379,1.85229,nan,0.335683,0.342415,0.340212,0.331292,0.328751,0.342415,0.328751,0.340212,0.331292,1,0,0.062845,0,-0.000894568,-0.042792,0.00208498,0.00643168,-0.188424,0.00198953,0.0615289,0.000121195,0.014612,-0.00408195,0.00126976,-0.886457,-0.0923771,11.0757,11.1115,0,32.156
5.06,climb,-0.0102719,0.623806,-0.00228122,0.0634842,0,0,0.00167266,0.0156696,0.00120378,0.443376,0.583376,1.58238,1.86637,nan,0.336001,0.340536,0.342908,0.32903,0.331466,0.340536,0.331466,0.342908,0.32903,1,0,0.0635581,0,0.000171597,-0.0434815,-0.00211335,0.00683819,-0.190548,0.0020179,0.0613609,0.000131741,0.00464561,-0.0235779,0.00988534,-0.971894,-0.0829032,11.2317,11.274,0,32.1079
5.07,climb,-0.0102672,0.623634,-0.00229402,0.0637269,0,0,0.00163832,0.018944,0.00203246,0.440964,0.580964,1.55462,1.84654,nan,0.336314,0.3408,0.343193,0.329619,0.331583,0.3408,0.331583,0.343193,0.329619,1,0,0.0637977,0,-0.00113653,-0.0431826,-0.00191477,0.00689038,-0.19128,0.00202548,0.061242,0.000133301,0.0140534,-0.0268107,0.00837191,-0.935497,-0.0766136,11.0573,11.097,0,32.0841
5.08,climb,-0.0102672,0.623429,-0.00224817,0.0646583,0,0,0.00170214,0.0221601,0.00295023,0.438532,0.578532,1.57316,1.86041,nan,0.336625,0.342282,0.342308,0.330972,0.330876,0.342282,0.330876,0.342308,0.330972,1,0,0.0647365,0,-0.000322984,-0.0430916,3.09141e-05,0.0067432,-0.194061,0.00202248,0.0610409,0.000127823,0.00827224,-0.0188235,-0.0009632,-0.97464,0.0628989,11.1698,11.2124,0,32.019
5.09,climb,-0.0102678,0.623194,-0.00228465,0.0649851,0,0,0.00168478,0.0249445,0.00299836,0.436079,0.576079,1.58336,1.86838,nan,0.336933,0.342178,0.343072,0.330599,0.331822,0.342178,0.331822,0.343072,0.330599,1,0,0.0650671,0,0.000871229,-0.0432578,-0.000930385,0.00684179,-0.19505,0.00203681,0.0609049,0.000132623,0.0016316,-0.0252074,-0.00698507,-0.885205,-0.0122437,11.1754,11.2104,0,31.9867
5.1,climb,-0.010269,0.622932,-0.002194,0.0657749,0,0,0.00167082,0.0273737,0.00245928,0.433605,0.573605,1.60212,1.88207,nan,0.337237,0.342926,0.343066,0.331439,0.331458,0.342926,0.331458,0.343066,0.331439,1,0,0.0658504,0,-0.000321227,-0.0437607,-6.91882e-05,0.00656535,-0.197421,0.00202632,0.0607134,0.000122558,-0.00137249,-0.0272248,-0.00886567,-0.871461,-0.0473326,11.0211,11.0556,0,31.9265
5.11,climb,-0.0102666,0.622647,-0.00232648,0.0659927,0,0,0.00163649,0.0296477,0.00212869,0.431112,0.571112,1.5737,1.86157,nan,0.337538,0.344034,0.342068,0.332589,0.3314,0.344034,0.3314,0.342068,0.332589,1,0,0.0660745,0,0.00206085,-0.0419005,0.00138647,0.00695552,-0.198075,0.00205258,0.0605861,0.000134835,-0.00629626,-0.0279839,-0.000115272,-1.04141,-0.17904,11.1785,11.2283,0,31.8977
5.12,climb,-0.0102591,0.62234,-0.00214924,0.066726,0,0,0.00166278,0.0317888,0.00110832,0.428599,0.568599,1.59238,1.87523,nan,0.337834,0.342583,0.344178,0.331724,0.332792,0.342583,0.332792,0.344178,0.331724,1,0,0.0667996,0,-0.00140158,-0.0421504,-0.00117041,0.00644607,-0.200291,0.00202672,0.0603991,0.000116109,0.0077689,-0.0396425,0.00541481,-1.11239,-0.00751249,11.1327,11.1882,0,31.8382
5.13,climb,-0.0102513,0.622013,-0.00195392,0.0670198,0,0,0.00165684,0.0336721,0.00213891,0.426066,0.566066,1.55865,1.85082,nan,0.338126,0.3438,0.343571,0.332687,0.332388,0.3438,0.332388,0.343571,0.332687,1,0,0.0670952,0,-0.000186374,-0.0422467,0.000232069,0.00587466,-0.201169,0.00200228,0.0602577,0.000100226,0.0177496,-0.0375397,-0.00785022,-1.09933,0.0280374,11.1782,11.2322,0,31.8026
5.14,climb,-0.0102474,0.621667,-0.0016416,0.0676138,0,0,0.00156812,0.0354967,0.00244161,0.423513,0.563513,1.57723,1.86457,nan,0.338412,0.344571,0.343807,0.332476,0.332739,0.344571,0.332739,0.343807,0.332476,1,0,0.0676791,0,0.00272623,-0.0438897,0.000220469,0.00492993,-0.20293,0.00195895,0.0600825,7.25732e-05,0.0114065,-0.0248405,-0.00551531,-0.979747,0.0500353,11.183,11.226,0,31.7489
5.15,climb,-0.0102449,0.621304,-0.00179999,0.0678346,0,0,0.00159904,0.037262,0.0022663,0.420942,0.560942,1.53062,1.83087,nan,0.338694,0.345726,0.342797,0.334871,0.331328,0.345726,0.331328,0.342797,0.334871,1,0,0.0678937,0,-0.00162713,-0.0423007,0.00284501,0.00538734,-0.203607,0.00199493,0.0599458,9.35795e-05,0.000460353,-0.034678,-0.0098625,-0.891387,-0.0188715,11.0528,11.0887,0,31.7153
5.16,climb,-0.0102393,0.620923,-0.00209421,0.0685009,0,0,0.00160458,0.0388193,0.00209985,0.418352,0.558352,1.549,1.84434,nan,0.338971,0.343463,0.345568,0.332139,0.33466,0.343463,0.33466,0.345568,0.332139,1,0,0.0685821,0,0.0011019,-0.0421228,-0.00203295,0.00627414,-0.20562,0.00205281,0.0597557,0.000126719,0.00385319,-0.0454443,-0.00121449,-0.992056,-0.17373,11.0915,11.1372,0,31.6553
5.17,climb,-0.0102395,0.620528,-0.00204561,0.06868,0,0,0.00156454,0.0401957,0.00296,0.415744,0.555744,1.52187,1.82492,nan,0.339243,0.344304,0.345106,0.333234,0.334273,0.344304,0.334273,0.345106,0.333234,1,0,0.0687696,0,0.00062874,-0.0415034,-0.000809321,0.00614504,-0.206154,0.00205221,0.0596191,0.000123591,0.0144383,-0.0430397,0.00507871,-1.05564,-0.172233,11.1314,11.1827,0,31.6224
5.18,climb,-0.0102419,0.62012,-0.00200529,0.069626,0,0,0.00155821,0.0415056,0.00226811,0.413118,0.553118,1.5402,1.8385,nan,0.33951,0.343698,0.346285,0.332708,0.335294,0.343698,0.335294,0.346285,0.332708,1,0,0.0697098,0,-4.02732e-06,-0.0416473,-0.00227394,0.00601731,-0.209,0.00205413,0.0593947,0.000121182,0.010361,-0.0501616,-0.000466149,-1.04091,-0.0585082,11.1356,11.1843,0,31.5448
5.19,climb,-0.0102423,0.619699,-0.00191359,0.0697746,0,0,0.00153265,0.0427086,0.00301027,0.410475,0.550475,1.52413,1.82671,nan,0.339771,0.344988,0.345483,0.334261,0.334301,0.344988,0.334301,0.345483,0.334261,1,0,0.0698397,0,-0.00120993,-0.0415126,-0.00023508,0.005743,-0.209445,0.00204932,0.0592625,0.0001166,0.010671,-0.04983,-0.0018331,-0.933223,0.0337578,11.1403,11.1794,0,31.5122
5.2,climb,-0.0102433,0.619265,-0.00148587,0.0705865,0,0,0.00149826,0.0440001,0.00237692,0.407814,0.547814,1.54247,1.84022,nan,0.340028,0.346229,0.345257,0.334785,0.333789,0.346229,0.333789,0.345257,0.334785,1,0,0.0706477,0,-6.55716e-05,-0.0434126,0.000864788,0.00446421,-0.211864,0.00198449,0.0590566,7.23427e-05,0.0116737,-0.0397864,0.00391535,-0.936182,0.0497463,11.1887,11.2279,0,31.441
5.21,climb,-0.010239,0.618818,-0.00137825,0.0703876,0,0,0.00140642,0.0454154,0.00196049,0.405136,0.545136,1.51348,1.81921,nan,0.34028,0.346389,0.345884,0.334683,0.334113,0.346389,0.334113,0.345884,0.334683,1,0,0.0704516,0,-0.000173271,-0.0444834,0.000472231,0.0041268,-0.211278,0.00197587,0.0589577,6.62711e-05,0.00213694,-0.0470866,-0.00465064,-1.00503,-0.0468066,10.9999,11.0458,0,31.4268
5.22,climb,-0.0102374,0.618357,-0.00171822,0.0713019,0,0,0.00124874,0.0469189,0.00218748,0.402442,0.542442,1.53175,1.83259,nan,0.340527,0.346509,0.345887,0.335354,0.334308,0.346509,0.334308,0.345887,0.335354,1,0,0.0713798,0,-0.00112476,-0.0430765,0.000732956,0.00516824,-0.214039,0.00204334,0.058733,0.000109138,0.0175496,-0.0604212,0.00195952,-1.04089,-0.0900595,11.1672,11.2159,0,31.3478
5.23,climb,-0.0102391,0.61788,-0.00158216,0.0714172,0,0,0.00106373,0.0485014,0.00243975,0.399731,0.539731,1.51595,1.82102,nan,0.340769,0.348072,0.344497,0.336844,0.333615,0.348072,0.333615,0.344497,0.336844,1,0,0.0714899,0,0.000914009,-0.0418949,0.00299052,0.00476017,-0.214358,0.00202866,0.0585988,9.79668e-05,0.0175775,-0.0429196,-0.00457971,-1.05862,-0.188284,11.0504,11.1026,0,31.314
5.24,climb,-0.0102385,0.617388,-0.00161657,0.072268,0,0,0.000889713,0.0498567,0.00162905,0.397004,0.537004,1.53423,1.83422,nan,0.341005,0.345054,0.348202,0.334344,0.336373,0.345054,0.336373,0.348202,0.334344,1,0,0.0723355,0,-0.00296913,-0.0427065,-0.00227574,0.0048499,-0.216921,0.00204428,0.0583812,0.000106242,0.00887867,-0.051019,-0.00484324,-1.16533,-0.128062,11.0498,11.1118,0,31.237
5.25,climb,-0.010244,0.616884,-0.00194172,0.0724441,0,0,0.000599041,0.050933,0.00235836,0.394262,0.534262,1.5281,1.82952,nan,0.341233,0.346774,0.346835,0.335798,0.335481,0.346774,0.335481,0.346835,0.335798,1,0,0.0725199,0,-0.00100207,-0.0423101,0.000112657,0.00584088,-0.217445,0.002109,0.0582377,0.000148296,0.0206056,-0.0487562,-0.0046722,-1.02294,0.00748023,11.0497,11.0969,0,31.1979
5.26,climb,-0.0102539,0.61637,-0.00206862,0.0733395,0,0,0.000378727,0.0517069,0.00304062,0.391505,0.531505,1.54647,1.84282,nan,0.341454,0.348621,0.345404,0.337377,0.33437,0.348621,0.33437,0.345404,0.337377,1,0,0.0734121,0,0.000558125,-0.0422129,0.0027362,0.00619054,-0.220109,0.00212936,0.0580137,0.000155971,-0.000373174,-0.035161,0.00882802,-1.04731,0.0574319,11.1018,11.1513,0,31.1172
5.27,climb,-0.0102634,0.615851,-0.00207968,0.0734864,0,0,0.000320713,0.0521485,0.00252257,0.388734,0.528734,1.53566,1.83472,nan,0.341667,0.34766,0.34712,0.336564,0.335283,0.34766,0.335283,0.34712,0.336564,1,0,0.0735647,0,-0.00196539,-0.0434529,0.000799998,0.00623292,-0.220578,0.00213711,0.0578718,0.000157252,0.00664621,-0.0542909,-0.00206805,-1.03399,-0.0926376,11.0736,11.1221,0,31.079
5.28,climb,-0.0102743,0.615328,-0.00190997,0.0741371,0,0,0.000289037,0.0522979,0.00241311,0.385948,0.525948,1.55408,1.84771,nan,0.341875,0.347798,0.347263,0.336428,0.335969,0.347798,0.335969,0.347263,0.336428,1,0,0.074223,0,0.000204607,-0.0429449,0.00043714,0.00571456,-0.222539,0.0021087,0.0576759,0.00013209,-0.000496777,-0.0612987,0.00339809,-1.09946,-0.0147987,11.0014,11.0562,0,31.0118
5.29,climb,-0.0102835,0.614805,-0.00194566,0.0740725,0,0,0.000226837,0.0523057,0.00131993,0.383149,0.523149,1.51184,1.81678,nan,0.342076,0.349128,0.346792,0.337569,0.334773,0.349128,0.334773,0.346792,0.337569,1,0,0.0741523,0,-0.00121898,-0.0446753,0.00225549,0.00580705,-0.222352,0.00211517,0.0575578,0.000134285,-0.00927904,-0.0657286,-0.00778588,-1.08325,-0.160095,11.0878,11.1417,0,30.9855
5.3,climb,-0.010284,0.614282,-0.00227771,0.0749821,0,0,0.000184576,0.0522252,0.0012286,0.380337,0.520337,1.53008,1.82985,nan,0.342271,0.347762,0.348515,0.335733,0.337035,0.347762,0.337035,0.348515,0.335733,1,0,0.0750728,0,0.00145893,-0.0445455,-0.00090306,0.00682381,-0.22507,0.0021773,0.0573313,0.000173109,0.00563932,-0.0606053,-0.000606213,-1.23528,-0.0612881,11.0127,11.0819,0,30.9033
5.31,climb,-0.0102881,0.61376,-0.00247551,0.0755262,0,0,0.000103215,0.0522308,0.00113635,0.377512,0.517512,1.50238,1.8095,nan,0.342461,0.348303,0.347832,0.337339,0.336334,0.348303,0.336334,0.347832,0.337339,1,0,0.0756235,0,-0.00141786,-0.0425609,0.000648391,0.0074116,-0.226701,0.00221199,0.05715,0.00019349,0.00281476,-0.0602272,0.000651706,-1.17475,-0.13146,11.0005,11.0639,0,30.8421
5.32,climb,-0.0102907,0.613238,-0.00235493,0.0766356,0,0,1.53469e-05,0.0521064,0.00114107,0.374674,0.514674,1.52055,1.82239,nan,0.342647,0.348886,0.348269,0.336995,0.336402,0.348886,0.336402,0.348269,0.336995,1,0,0.0767162,0,6.24858e-05,-0.0450139,0.000531954,0.00706403,-0.23002,0.00219332,0.056905,0.000171295,0.011342,-0.0560175,0.00965808,-1.22918,0.0538853,10.9236,10.9926,0,30.7488
5.33,climb,-0.0102946,0.612718,-0.00221302,0.0772827,0,0,3.69978e-05,0.0518727,0.000698,0.371825,0.511825,1.49794,1.80579,nan,0.342829,0.349319,0.348204,0.337669,0.336088,0.349319,0.336088,0.348204,0.337669,1,0,0.0773754,0,-0.00123491,-0.0450305,0.00118458,0.0066349,-0.231952,0.00217158,0.0567107,0.000149417,0.0093857,-0.0508114,-0.000701276,-1.18815,0.104903,11.0807,11.1447,0,30.682
5.34,climb,-0.0102965,0.6122,-0.00193125,0.0779303,0,0,0.000191002,0.0517474,0.00176646,0.368963,0.508963,1.51606,1.81864,nan,0.343007,0.349276,0.348903,0.337599,0.336216,0.349276,0.336216,0.348903,0.337599,1,0,0.0780017,0,-0.00267802,-0.0461649,0.000771658,0.00578965,-0.233899,0.00212766,0.0565186,0.000111168,0.00867745,-0.0549632,-0.00589924,-0.958729,0.0744317,11.0191,11.061,0,30.6153
5.35,climb,-0.0103014,0.611682,-0.00196399,0.0780781,0,0,0.000397687,0.0517116,0.00173457,0.366089,0.506089,1.49413,1.80242,nan,0.343182,0.350574,0.347615,0.338593,0.335912,0.350574,0.335912,0.347615,0.338593,1,0,0.0781605,0,0.00073491,-0.0448764,0.00247896,0.00588247,-0.234362,0.00213285,0.0563783,0.000112024,0.00495749,-0.0683065,-0.00214017,-1.15655,-0.0581943,10.9454,11.0065,0,30.5772
5.36,climb,-0.0102996,0.611165,-0.00246176,0.0793363,0,0,0.000699169,0.0516842,0.0012277,0.363204,0.503204,1.51223,1.81506,nan,0.343353,0.349349,0.34941,0.337598,0.337024,0.349349,0.337024,0.34941,0.337598,1,0,0.0794256,0,-0.00168255,-0.0457344,0.000225357,0.00735995,-0.238129,0.0022197,0.0561147,0.000172441,-0.00296079,-0.0651378,-0.00120967,-1.22744,-0.0207165,11.0227,11.0908,0,30.4753
5.37,climb,-0.0102973,0.610647,-0.00261064,0.0796755,0,0,0.000980678,0.0520934,0.00128254,0.360308,0.500308,1.49073,1.79888,nan,0.343519,0.349248,0.350105,0.336773,0.337918,0.349248,0.337918,0.350105,0.336773,1,0,0.0797702,0,0.000762809,-0.0467273,-0.000879843,0.00780113,-0.239127,0.00224613,0.0559589,0.000187547,-0.00610114,-0.0530008,0.00297213,-1.19388,-0.103958,11.0978,11.1623,0,30.4261
5.38,climb,-0.0102956,0.610121,-0.00246677,0.0807732,0,0,0.00121329,0.0531369,0.00227145,0.357401,0.497401,1.50879,1.81154,nan,0.34368,0.349421,0.349681,0.337539,0.338047,0.349421,0.338047,0.349681,0.337539,1,0,0.0808658,0,0.000658495,-0.0445582,-0.000337198,0.00738158,-0.242436,0.00222649,0.0557167,0.00016383,0.00182586,-0.0655552,-0.000146243,-1.28978,-0.0706323,11.0342,11.1096,0,30.3331
5.39,climb,-0.010292,0.609583,-0.00247485,0.0808852,0,0,0.00134646,0.0545113,0.00169006,0.354483,0.494483,1.50681,1.8095,nan,0.343836,0.350045,0.349856,0.337947,0.337464,0.350045,0.337464,0.349856,0.337947,1,0,0.0809749,0,-0.000779547,-0.0464045,0.000294773,0.00740152,-0.242758,0.00223337,0.0555797,0.000165279,-0.00130029,-0.0566887,0.00407825,-1.24521,-0.0627782,10.9088,10.9798,0,30.2959
5.4,climb,-0.0102873,0.60903,-0.00256195,0.0819754,0,0,0.00139028,0.0562241,0.00235377,0.351555,0.491555,1.52497,1.82204,nan,0.343987,0.349714,0.350407,0.337568,0.338229,0.349714,0.338229,0.350407,0.337568,1,0,0.0820777,0,-8.4175e-05,-0.0460909,-0.000595041,0.00767646,-0.246027,0.00225231,0.0553363,0.00017278,0.00901657,-0.0575206,-0.00110716,-1.20944,-0.0020599,10.9949,11.0612,0,30.2017
5.41,climb,-0.0102863,0.608459,-0.00250908,0.0822056,0,0,0.00145438,0.0581734,0.00219051,0.348617,0.488617,1.5219,1.819,nan,0.344133,0.348296,0.352319,0.336359,0.33953,0.348296,0.33953,0.352319,0.336359,1,0,0.0822924,0,-0.00225878,-0.0468509,-0.00316191,0.00752068,-0.246715,0.0022519,0.0551874,0.000168118,0.0111562,-0.0561737,-0.00627426,-1.31549,0.0811237,10.987,11.0657,0,30.1558
5.42,climb,-0.0102843,0.607866,-0.00261569,0.0832738,0,0,0.00144142,0.0604276,0.00202031,0.34567,0.48567,1.54016,1.83143,nan,0.344275,0.350677,0.350389,0.338544,0.337461,0.350677,0.337461,0.350389,0.338544,1,0,0.0833692,0,-0.00210862,-0.0474875,0.000602446,0.00783044,-0.249908,0.00227097,0.0549431,0.000175197,0.00534528,-0.0512025,-0.00652346,-1.17593,0.0589404,11.0851,11.1475,0,30.0606
5.43,climb,-0.010278,0.60725,-0.00274499,0.0838891,0,0,0.00149979,0.0629164,0.00215022,0.342713,0.482713,1.52364,1.81876,nan,0.344412,0.351359,0.350034,0.33831,0.337917,0.351359,0.337917,0.350034,0.33831,1,0,0.0839877,0,0.00247172,-0.0476845,0.00075538,0.00822887,-0.251779,0.00229127,0.0547433,0.000183366,0.0121897,-0.0686627,0.00666497,-1.17936,-0.0368722,11.0532,11.116,0,29.99
5.44,climb,-0.01027,0.606608,-0.00255593,0.0847937,0,0,0.00171068,0.0655379,0.00167782,0.339747,0.479747,1.5419,1.83112,nan,0.344544,0.350654,0.351277,0.337426,0.338792,0.350654,0.338792,0.351277,0.337426,1,0,0.0848999,0,0.0019695,-0.0487226,-0.000874387,0.00765448,-0.254502,0.00226337,0.0545115,0.000150447,0.00688145,-0.0767197,0.00377481,-1.18352,-0.00483834,10.9048,10.9689,0,29.9015
5.45,climb,-0.010263,0.605939,-0.00237651,0.0850737,0,0,0.00187719,0.0683263,0.00208788,0.336773,0.476773,1.51011,1.80709,nan,0.34467,0.35209,0.349709,0.339457,0.337401,0.35209,0.337401,0.349709,0.339457,1,0,0.0851664,0,0.000861809,-0.0472585,0.00194976,0.00712384,-0.255326,0.00223956,0.0543477,0.000125161,0.011618,-0.0668698,-0.00276859,-1.21946,-0.0602614,10.9387,11.0066,0,29.8472
5.46,climb,-0.0102545,0.605242,-0.00258345,0.0859665,0,0,0.00195931,0.0712734,0.00292865,0.33379,0.47379,1.52825,1.8192,nan,0.344792,0.349972,0.352051,0.337659,0.339462,0.349972,0.339462,0.352051,0.337659,1,0,0.0860606,0,-0.000732452,-0.0471818,-0.0017063,0.0077464,-0.258011,0.002279,0.0541139,0.000152152,0.0141161,-0.073026,-0.00131036,-1.28566,-0.0204252,10.9882,11.0631,0,29.756
5.47,climb,-0.0102508,0.604515,-0.00273499,0.0861787,0,0,0.00203604,0.0742666,0.00335003,0.3308,0.4708,1.51069,1.80561,nan,0.344908,0.350155,0.351711,0.338159,0.339583,0.350155,0.339583,0.351711,0.338159,1,0,0.0862875,0,-0.000351076,-0.045709,-0.0013097,0.00817517,-0.258651,0.00230755,0.0539479,0.000170663,-0.00167249,-0.0757435,-0.00760969,-1.34429,-0.130814,10.9593,11.0422,0,29.7021
5.48,climb,-0.010245,0.603758,-0.00301865,0.0873564,0,0,0.00208947,0.0771338,0.00253526,0.327802,0.467802,1.52882,1.81788,nan,0.345018,0.351398,0.350861,0.338937,0.338854,0.351398,0.338854,0.350861,0.338937,1,0,0.0874679,0,0.00120387,-0.0463609,0.000272997,0.0090473,-0.262196,0.00235456,0.053677,0.000200238,0.013805,-0.0864358,0.00128065,-1.34428,-0.150513,10.9675,11.0506,0,29.5912
5.49,climb,-0.0102345,0.602973,-0.00314711,0.0874309,0,0,0.00223346,0.0799195,0.00262706,0.324797,0.464797,1.50535,1.79975,nan,0.345122,0.3508,0.351391,0.338578,0.339699,0.3508,0.339699,0.351391,0.338578,1,0,0.087547,0,0.00140774,-0.0453114,-0.00075245,0.0094251,-0.26242,0.00238563,0.0535227,0.00022063,0.00896177,-0.0868758,0.00772441,-1.43595,-0.0230154,10.908,11.0022,0,29.5419
5.5,climb,-0.010222,0.602161,-0.00285952,0.0884268,0,0,0.00238748,0.0826342,0.00217203,0.321785,0.461785,1.52342,1.81184,nan,0.34522,0.349858,0.352749,0.337395,0.340857,0.349858,0.340857,0.352749,0.337395,1,0,0.0885357,0,0.00151452,-0.0461489,-0.00279245,0.00858031,-0.26541,0.0023478,0.0532656,0.000176631,0.020114,-0.0907152,0.0026639,-1.39667,-0.0196836,10.9134,11.0024,0,29.4384
5.51,climb,-0.0102079,0.601321,-0.00305855,0.0883596,0,0,0.00252342,0.0853909,0.00193327,0.318767,0.458767,1.50386,1.79645,nan,0.345311,0.350992,0.351532,0.339689,0.339014,0.350992,0.339014,0.351532,0.339689,1,0,0.0884711,0,-0.00322096,-0.0451361,5.92874e-05,0.00915417,-0.265201,0.00238252,0.0531203,0.000201982,0.00463304,-0.0857423,0.0154053,-1.32075,0.0289241,10.8919,10.9718,0,29.394
5.52,climb,-0.0101891,0.600455,-0.00276745,0.0894896,0,0,0.00258558,0.0880718,0.00211477,0.315743,0.455743,1.5219,1.80851,nan,0.345396,0.35043,0.352261,0.338753,0.340123,0.35043,0.340123,0.352261,0.338753,1,0,0.0896094,0,-0.00122138,-0.045123,-0.00140708,0.00828552,-0.268591,0.00234437,0.0528476,0.00015672,0.00855195,-0.0883018,-0.00873418,-1.28354,0.0281567,10.9043,10.9796,0,29.2798
5.53,climb,-0.0101721,0.599561,-0.00311385,0.0900835,0,0,0.00255902,0.0908048,0.00142107,0.312714,0.452714,1.49765,1.78969,nan,0.345474,0.351972,0.350952,0.340284,0.338673,0.351972,0.338673,0.350952,0.340284,1,0,0.0902063,0,-0.00156679,-0.0454139,0.00115636,0.00932045,-0.270363,0.00240189,0.0526291,0.000198893,0.00736927,-0.0835238,-0.000576552,-1.32827,-0.0780174,10.9214,11.0021,0,29.1944
5.54,climb,-0.0101467,0.598639,-0.00285415,0.0910013,0,0,0.00259227,0.0936448,0.000589712,0.30968,0.44968,1.51562,1.80165,nan,0.345545,0.351719,0.351804,0.339081,0.339565,0.351719,0.339565,0.351804,0.339081,1,0,0.0911113,0,0.00105887,-0.0471356,-0.000250161,0.00854058,-0.273131,0.0023682,0.0523733,0.000156747,0.00600105,-0.0949619,-0.0052096,-1.30254,0.0820247,10.9733,11.0507,0,29.0891
5.55,climb,-0.0101177,0.597689,-0.00297773,0.0912935,0,0,0.00271688,0.096491,0.000129305,0.306641,0.446641,1.51287,1.79842,nan,0.34561,0.351078,0.352088,0.339426,0.339835,0.351078,0.339835,0.352088,0.339426,1,0,0.091417,0,-0.00159257,-0.0452937,-0.000623956,0.00890732,-0.274013,0.00239054,0.0521823,0.000169214,0.00308355,-0.0993434,0.00752116,-1.32366,0.0749211,10.9637,11.0435,0,29.0179
5.56,climb,-0.0100875,0.596711,-0.00271142,0.0920759,0,0,0.00279091,0.0991971,0.00123098,0.303598,0.443598,1.53092,1.81004,nan,0.345667,0.352971,0.350512,0.340028,0.339147,0.352971,0.339147,0.350512,0.340028,1,0,0.092186,0,0.00418832,-0.0460582,0.00146792,0.0081238,-0.276352,0.00235707,0.0519326,0.000128765,0.0127657,-0.0958128,-0.00101944,-1.28019,-0.0248984,10.8873,10.9623,0,28.9172
5.57,climb,-0.0100606,0.595707,-0.0027038,0.0923841,0,0,0.00294495,0.101752,0.00102143,0.300552,0.440552,1.52974,1.80757,nan,0.345717,0.351477,0.351656,0.339817,0.339911,0.351477,0.339911,0.351656,0.339817,1,0,0.0924986,0,-0.000226293,-0.0443474,-0.000120269,0.00809196,-0.277285,0.00236093,0.0517333,0.000125154,0.00602745,-0.102726,0.00762562,-1.37516,0.0307414,10.7841,10.8715,0,28.842
5.58,climb,-0.0100324,0.594677,-0.00275029,0.09347,0,0,0.00296693,0.10421,0.00120314,0.297503,0.437503,1.54789,1.8194,nan,0.345761,0.351732,0.352057,0.339393,0.339852,0.351732,0.339852,0.352057,0.339393,1,0,0.0935854,0,0.000356909,-0.0465063,-0.0003444,0.00822032,-0.280546,0.00237411,0.051449,0.000126782,0.00036404,-0.106946,-0.00348413,-1.38113,0.0424194,10.7692,10.8575,0,28.7207
5.59,climb,-0.010007,0.593623,-0.00258594,0.0936915,0,0,0.00299697,0.106694,0.00210014,0.29445,0.43445,1.5391,1.81128,nan,0.345796,0.35189,0.352078,0.339476,0.339735,0.35189,0.339735,0.352078,0.339476,1,0,0.0937993,0,0.000188209,-0.0469112,-0.000196139,0.00771575,-0.281205,0.00235831,0.0512552,0.000104892,-0.00880761,-0.104119,0.00116244,-1.23646,-0.0405669,10.8687,10.9389,0,28.6477
5.6,climb,-0.00998343,0.592544,-0.0025674,0.0944555,0,0,0.00304286,0.109172,0.00264744,0.291396,0.431396,1.55729,1.82273,nan,0.345825,0.35222,0.351603,0.339802,0.339669,0.35222,0.339669,0.351603,0.339802,1,0,0.0945666,0,0.00128346,-0.0461421,0.000329534,0.00769988,-0.283503,0.00236197,0.0510009,0.000100875,0.0173954,-0.110342,0.00697944,-1.33837,-0.0683681,10.8588,10.9412,0,28.5421
5.61,climb,-0.00996157,0.591441,-0.00246292,0.0943788,0,0,0.00314735,0.111472,0.0024308,0.28834,0.42834,1.5116,1.7879,nan,0.345847,0.351329,0.351955,0.339317,0.340781,0.351329,0.340781,0.351955,0.339317,1,0,0.094506,0,0.00222209,-0.0439342,-0.000918272,0.00736625,-0.283301,0.00234817,0.0508318,8.31095e-05,0.00302976,-0.129119,0.00814838,-1.35352,-0.0806864,10.9061,10.9901,0,28.4834
5.62,climb,-0.00994237,0.590316,-0.00220875,0.0955019,0,0,0.00325445,0.113542,0.00367604,0.285283,0.425283,1.52955,1.79934,nan,0.345861,0.353224,0.350975,0.340861,0.338381,0.353224,0.338381,0.350975,0.340861,1,0,0.09561,0,-0.000611196,-0.047289,0.00207877,0.00659737,-0.286651,0.00231923,0.0505356,4.87628e-05,-0.00175064,-0.118938,-0.000852911,-1.41353,-0.00611028,10.8488,10.9405,0,28.3546
5.63,climb,-0.00992002,0.589171,-0.00206447,0.0953167,0,0,0.00326382,0.115626,0.00224001,0.282226,0.422226,1.52586,1.79497,nan,0.345868,0.351103,0.352598,0.339123,0.340648,0.351103,0.340648,0.352598,0.339123,1,0,0.0954228,0,7.96272e-05,-0.0453415,-0.00132725,0.00616254,-0.286103,0.00230458,0.0503759,3.16017e-05,-0.00366081,-0.123926,-0.00610968,-1.42668,-0.0960911,10.8332,10.9271,0,28.2997
5.64,climb,-0.00989498,0.588005,-0.00222689,0.0965231,0,0,0.0031911,0.1176,0.00123026,0.279168,0.419168,1.54388,1.80625,nan,0.345868,0.349818,0.353514,0.33806,0.342081,0.349818,0.342081,0.353514,0.33806,1,0,0.0966373,0,0.000858871,-0.0439425,-0.00339172,0.00665628,-0.289713,0.00233587,0.0500641,5.87304e-05,0.00195776,-0.12106,-0.00333636,-1.44933,-0.0619862,10.79,10.8871,0,28.1637
5.65,climb,-0.00986936,0.58682,-0.00208488,0.0965166,0,0,0.00316412,0.119468,0.00246686,0.27611,0.41611,1.5336,1.79679,nan,0.345861,0.351438,0.352261,0.339415,0.340334,0.351438,0.340334,0.352261,0.339415,1,0,0.0966274,0,0.000254665,-0.0453804,-0.000764992,0.00622405,-0.289688,0.00232394,0.0498838,4.37328e-05,-0.00373659,-0.117462,0.00223366,-1.46703,-0.115032,10.9017,11.0006,0,28.0962
5.66,climb,-0.00984512,0.585616,-0.00221487,0.09807,0,0,0.00305238,0.121444,0.00160423,0.273053,0.413053,1.55164,1.80807,nan,0.345848,0.351872,0.351918,0.339938,0.339668,0.351872,0.339668,0.351918,0.339938,1,0,0.0981872,0,-0.000836109,-0.0458253,9.8625e-05,0.00661598,-0.294374,0.00235323,0.0495369,6.71617e-05,-0.000450105,-0.138284,-0.00325822,-1.42807,-0.153013,10.8281,10.923,0,27.9381
5.67,climb,-0.00981684,0.584391,-0.00200888,0.0982627,0,0,0.00281069,0.123491,0.000867295,0.269997,0.409997,1.53789,1.796,nan,0.345828,0.351382,0.352166,0.339043,0.340726,0.351382,0.340726,0.352166,0.339043,1,0,0.0983644,0,0.0023844,-0.0450568,-0.00108435,0.00601591,-0.294931,0.00233054,0.0493298,4.00939e-05,0.00990923,-0.125233,-0.00151959,-1.46963,-0.0506567,10.8064,10.906,0,27.857
5.68,climb,-0.00978662,0.583147,-0.00208492,0.099489,0,0,0.00263826,0.125566,0.000986417,0.266943,0.406943,1.55592,1.80721,nan,0.345801,0.351869,0.351633,0.339831,0.339877,0.351869,0.339877,0.351633,0.339831,1,0,0.0995981,0,0.000747027,-0.0450871,8.34973e-05,0.00623683,-0.298618,0.00234803,0.0490143,5.43592e-05,0.00612669,-0.133509,-0.00240797,-1.44994,-0.105781,10.7972,10.8946,0,27.7153
5.69,climb,-0.00975952,0.581881,-0.00204134,0.0995348,0,0,0.00239342,0.127686,0.00109617,0.263891,0.403891,1.56088,1.80861,nan,0.345768,0.352187,0.351591,0.339697,0.339603,0.352187,0.339603,0.351591,0.339697,1,0,0.0996508,0,0.00133169,-0.0463788,0.000303054,0.0060951,-0.298768,0.00235017,0.0488217,5.37548e-05,-0.00101745,-0.142233,-0.00765284,-1.4175,-0.0862955,10.8354,10.928,0,27.6402
5.7,climb,-0.00973477,0.580593,-0.00216684,0.100473,0,0,0.00220538,0.129865,0.00111586,0.260841,0.400841,1.57904,1.81962,nan,0.345728,0.351869,0.352077,0.338937,0.340037,0.351869,0.340037,0.352077,0.338937,1,0,0.100589,0,0.00236791,-0.0473184,-0.000574779,0.00646615,-0.301575,0.00237545,0.0485304,7.56952e-05,-0.00393695,-0.140626,-0.00210129,-1.46061,-0.0567154,10.8778,10.9756,0,27.5126
5.71,climb,-0.00971443,0.579284,-0.00193616,0.100581,0,0,0.00206583,0.132068,0.00144061,0.257794,0.397794,1.57266,1.81277,nan,0.345682,0.352032,0.351368,0.340015,0.339322,0.352032,0.339322,0.351368,0.340015,1,0,0.100684,0,-7.62268e-05,-0.0455948,0.000596905,0.00579341,-0.301884,0.00235297,0.0483258,4.79461e-05,0.00697561,-0.130371,0.000287995,-1.46467,-0.055205,10.7685,10.8678,0,27.4315
5.72,climb,-0.00969442,0.577953,-0.00262432,0.101659,0,0,0.00184256,0.13433,0.00153433,0.254751,0.394751,1.59086,1.8236,nan,0.345629,0.350895,0.352162,0.338722,0.340747,0.350895,0.340747,0.352162,0.338722,1,0,0.101778,0,0.00201338,-0.0446938,-0.00144669,0.00784943,-0.305128,0.00245494,0.0480166,0.000150431,0.00714098,-0.141015,-5.26881e-05,-1.42695,-0.107691,10.84,10.934,0,27.2931
5.73,climb,-0.00968195,0.576599,-0.00259372,0.10177,0,0,0.00176247,0.13658,0.00219779,0.251711,0.391711,1.57342,1.80841,nan,0.34557,0.352463,0.350328,0.340801,0.3387,0.352463,0.3387,0.350328,0.340801,1,0,0.101895,0,9.06058e-05,-0.0441309,0.00186206,0.00775013,-0.305463,0.0024563,0.0478099,0.000144909,0.00199957,-0.142897,-0.000804024,-1.54848,-0.154068,10.6617,10.7746,0,27.2092
5.74,climb,-0.00966707,0.575222,-0.00295842,0.10283,0,0,0.00160552,0.1387,0.00148113,0.248675,0.388675,1.59158,1.81895,nan,0.345504,0.352023,0.351031,0.339136,0.33984,0.352023,0.33984,0.351031,0.339136,1,0,0.102959,0,0.00450016,-0.0456221,0.00012652,0.00886058,-0.308638,0.00251041,0.047498,0.000192143,0.0163329,-0.14142,-0.000725031,-1.45058,-0.0798479,10.7167,10.8148,0,27.0694
5.75,climb,-0.00965329,0.573825,-0.00298213,0.102914,0,0,0.00163297,0.140841,0.00230477,0.245644,0.385644,1.57417,1.80387,nan,0.345432,0.352231,0.350595,0.340416,0.3385,0.352231,0.3385,0.350595,0.340416,1,0,0.103049,0,-0.000741363,-0.0453048,0.00156128,0.00891501,-0.308903,0.00252216,0.0472892,0.000195216,0.00588061,-0.151107,-0.00540068,-1.45991,-0.00259133,10.7536,10.8523,0,26.9845
5.76,climb,-0.0096441,0.572406,-0.00316943,0.103763,0,0,0.00152138,0.142992,0.00269578,0.242618,0.382618,1.59228,1.81413,nan,0.345353,0.350514,0.351997,0.338468,0.340451,0.350514,0.340451,0.351997,0.338468,1,0,0.103909,0,0.00132852,-0.0447031,-0.00152312,0.00947494,-0.31144,0.00255333,0.0469951,0.000215465,0.00584914,-0.147203,0.000826123,-1.44712,-0.0448861,10.6522,10.7501,0,26.8545
5.77,climb,-0.00963946,0.570966,-0.00325655,0.103839,0,0,0.00149261,0.145165,0.00311189,0.239598,0.379598,1.57417,1.7983,nan,0.345268,0.351062,0.351312,0.339378,0.339338,0.351062,0.339338,0.351312,0.339378,1,0,0.103987,0,-0.000767963,-0.0448294,-9.24136e-05,0.00971953,-0.311668,0.00256874,0.0467837,0.000220595,-0.00431531,-0.146964,-0.00198243,-1.4281,0.0398907,10.7296,10.8242,0,26.7675
5.78,climb,-0.00963516,0.569504,-0.00328787,0.10493,0,0,0.00150716,0.147219,0.00295266,0.236583,0.376583,1.59223,1.80875,nan,0.345177,0.351955,0.350535,0.339846,0.338389,0.351955,0.338389,0.350535,0.339846,1,0,0.105084,0,-9.89064e-05,-0.0459567,0.0012644,0.00982931,-0.314943,0.00257928,0.0464619,0.000212997,0.00753643,-0.151477,-0.00600745,-1.54929,0.030671,10.7207,10.8321,0,26.6213
5.79,climb,-0.00962687,0.568022,-0.00319212,0.105121,0,0,0.00153916,0.149354,0.00210995,0.233575,0.373575,1.56701,1.78764,nan,0.345079,0.350249,0.351795,0.338457,0.339835,0.350249,0.339835,0.351795,0.338457,1,0,0.10527,0,-0.000445802,-0.0450042,-0.00128509,0.00955117,-0.315519,0.00256937,0.0462361,0.000188903,0.0130299,-0.154547,-0.00702723,-1.5467,-0.0182794,10.6596,10.7713,0,26.5255
5.8,climb,-0.00961839,0.566517,-0.00314471,0.106087,0,0,0.00157124,0.151528,0.00289755,0.230574,0.370574,1.58496,1.7978,nan,0.344974,0.350962,0.351131,0.338873,0.338953,0.350962,0.338953,0.351131,0.338873,1,0,0.106227,0,-0.000231974,-0.0459816,-0.00010938,0.0094204,-0.318411,0.002569,0.0459284,0.000172454,0.0202483,-0.152745,-0.00189477,-1.58025,-0.0483019,10.7984,10.9135,0,26.384
5.81,climb,-0.00960958,0.564992,-0.00339039,0.106481,0,0,0.00159161,0.153671,0.00222958,0.227579,0.367579,1.56087,1.77752,nan,0.344864,0.350666,0.351038,0.338779,0.338994,0.350666,0.338994,0.351038,0.338779,1,0,0.106628,0,-0.000415755,-0.0453444,-0.00025765,0.0101523,-0.319587,0.00260545,0.045676,0.0002021,0.0195784,-0.151795,-0.00615012,-1.54183,0.108955,10.7382,10.8489,0,26.2739
5.82,climb,-0.00959747,0.563444,-0.00338032,0.107528,0,0,0.00172668,0.155847,0.00209622,0.224593,0.364593,1.57871,1.7875,nan,0.344746,0.35087,0.35043,0.338857,0.338853,0.35087,0.338853,0.35043,0.338857,1,0,0.107672,0,0.0011568,-0.0447001,0.000194973,0.0101108,-0.322712,0.00260497,0.0453555,0.000184986,0.0118153,-0.143311,0.000622221,-1.65439,0.0782629,10.5601,10.6892,0,26.1253
5.83,climb,-0.00957938,0.561876,-0.00361374,0.107721,0,0,0.00198946,0.157916,0.00117625,0.221614,0.361614,1.54526,1.76022,nan,0.344623,0.348972,0.352169,0.337204,0.340171,0.348972,0.340171,0.352169,0.337204,1,0,0.10788,0,-0.000610406,-0.0450295,-0.00270913,0.0108107,-0.323313,0.00263766,0.0451208,0.000212769,0.0147524,-0.159704,-0.00861958,-1.68296,0.0749301,10.5283,10.6622,0,26.0243
5.84,climb,-0.00956056,0.560287,-0.00384497,0.108995,0,0,0.00218605,0.159978,0.0017555,0.218644,0.358644,1.56293,1.77021,nan,0.344493,0.349946,0.350883,0.337753,0.339415,0.349946,0.339415,0.350883,0.337753,1,0,0.109157,0,0.00192325,-0.0448339,-0.00114194,0.0114974,-0.327129,0.00267003,0.0447724,0.000231813,0.0114003,-0.159383,0.00493575,-1.72032,-0.0499207,10.6213,10.7598,0,25.8601
5.85,climb,-0.00953786,0.558677,-0.00386781,0.1088,0,0,0.00232778,0.162037,0.000842781,0.215683,0.355683,1.5299,1.74348,nan,0.344356,0.350361,0.350263,0.338274,0.338553,0.350361,0.338553,0.350263,0.338274,1,0,0.108976,0,0.000998285,-0.0450903,-7.93915e-05,0.0115491,-0.326566,0.00267825,0.0445746,0.000230818,0.00160906,-0.172452,-0.00740019,-1.68246,-0.00205515,10.6896,10.8212,0,25.779
5.86,climb,-0.00950865,0.557047,-0.00368688,0.110256,0,0,0.0026038,0.164106,0.000558452,0.212731,0.352731,1.54741,1.75328,nan,0.344213,0.349247,0.351051,0.337333,0.339249,0.349247,0.339249,0.351051,0.337333,1,0,0.110413,0,0.000297233,-0.0449364,-0.00163513,0.0110102,-0.330905,0.00266092,0.0442058,0.000188387,0.00136719,-0.158857,0.0116615,-1.7401,-0.132023,10.6866,10.8282,0,25.6024
5.87,climb,-0.0094812,0.555396,-0.00338552,0.110206,0,0,0.00287398,0.166149,0.00210775,0.209789,0.349789,1.5116,1.72438,nan,0.344063,0.349838,0.349966,0.338031,0.338449,0.349838,0.338449,0.349966,0.338031,1,0,0.110372,0,0.000767399,-0.0441955,-0.000239828,0.0101317,-0.33079,0.00263149,0.0439912,0.000140743,0.0155693,-0.182605,0.0126531,-1.64211,-0.182149,10.6722,10.7993,0,25.5108
5.88,climb,-0.00945458,0.553724,-0.00334878,0.111242,0,0,0.00322492,0.16832,0.00128518,0.206857,0.346857,1.52892,1.73411,nan,0.343908,0.350897,0.349029,0.338482,0.337254,0.350897,0.337254,0.349029,0.338482,1,0,0.111402,0,0.00169738,-0.0458362,0.00136106,0.0100029,-0.333899,0.00263369,0.0436628,0.000130975,0.00533699,-0.186611,-0.00537255,-1.681,-0.121964,10.6716,10.8039,0,25.3557
5.89,climb,-0.00941682,0.55203,-0.00282232,0.111286,0,0,0.00352639,0.170696,0.00119904,0.203936,0.343936,1.4896,1.70278,nan,0.343745,0.34851,0.350929,0.33673,0.338845,0.34851,0.338845,0.350929,0.33673,1,0,0.11143,0,-0.000806286,-0.0452198,-0.00199291,0.00842786,-0.334011,0.00258092,0.0434368,5.53948e-05,0.0026892,-0.17335,0.000285676,-1.60304,0.030147,10.5671,10.688,0,25.2563
5.9,climb,-0.0093813,0.550311,-0.00279206,0.112776,0,0,0.00373764,0.173179,0.00198501,0.201026,0.341026,1.5067,1.71221,nan,0.343576,0.349016,0.350338,0.336856,0.33813,0.349016,0.33813,0.350338,0.336856,1,0,0.112919,0,-0.000128773,-0.0461736,-0.00114115,0.00833841,-0.338477,0.00258577,0.0430576,5.15189e-05,0.00500594,-0.176268,-0.00855376,-1.59804,-0.0210923,10.6091,10.7288,0,25.0725
5.91,climb,-0.00934528,0.548568,-0.00291349,0.112983,0,0,0.00379178,0.175572,0.00131955,0.198127,0.338127,1.4782,1.68871,nan,0.343401,0.349195,0.349757,0.337451,0.337236,0.349195,0.337236,0.349757,0.337451,1,0,0.11313,0,-0.00206396,-0.0459766,-0.000152578,0.00871244,-0.339103,0.00260884,0.0428064,7.55474e-05,0.0120984,-0.18075,-0.00209364,-1.69292,-0.036668,10.6745,10.808,0,24.9607
5.92,climb,-0.00930628,0.546801,-0.00261701,0.114336,0,0,0.00371659,0.177965,0.00184032,0.19524,0.33524,1.49516,1.69817,nan,0.343219,0.349903,0.348488,0.338615,0.335907,0.349903,0.335907,0.348488,0.338615,1,0,0.114474,0,-0.00343051,-0.0452271,0.0018122,0.00782142,-0.343144,0.00258184,0.0424371,3.01495e-05,0.00875142,-0.17302,-0.002051,-1.72126,0.0915126,10.6108,10.7499,0,24.782
5.93,climb,-0.009268,0.545009,-0.00285112,0.114605,0,0,0.00349816,0.180466,0.00132567,0.192366,0.332366,1.48515,1.6879,nan,0.34303,0.349603,0.348579,0.337416,0.336561,0.349603,0.336561,0.348579,0.337416,1,0,0.114744,0,0.000447671,-0.0458633,0.000825994,0.00852006,-0.343962,0.00261676,0.0421755,7.18035e-05,0.00920121,-0.1809,-0.00579379,-1.78554,0.00591265,10.5502,10.7002,0,24.6638
5.94,climb,-0.00923227,0.543192,-0.00278935,0.115844,0,0,0.00329287,0.183018,0.00170216,0.189504,0.329504,1.5021,1.69728,nan,0.342834,0.348178,0.3496,0.336093,0.337506,0.348178,0.337506,0.3496,0.336093,1,0,0.116001,0,-2.69818e-05,-0.0458145,-0.00124636,0.00836248,-0.347704,0.00261845,0.0418143,6.47087e-05,0.0265405,-0.202747,0.00479588,-1.79024,-0.0863865,10.5452,10.6964,0,24.4887
5.95,climb,-0.00920045,0.54135,-0.00293906,0.115742,0,0,0.0031194,0.185573,0.0015776,0.186656,0.326656,1.46012,1.66379,nan,0.342632,0.348549,0.348325,0.33712,0.336575,0.348549,0.336575,0.348325,0.33712,1,0,0.115892,0,-0.000851858,-0.04392,0.000337853,0.00878927,-0.347371,0.00264128,0.0415896,9.08841e-05,0.0142899,-0.183318,-0.00583073,-1.77638,-0.182194,10.6657,10.8142,0,24.3889
5.96,climb,-0.00916715,0.539482,-0.00328805,0.117158,0,0,0.00294921,0.188131,0.00033688,0.183822,0.323822,1.47684,1.67266,nan,0.342422,0.349041,0.347703,0.336949,0.336038,0.349041,0.336038,0.347703,0.336949,1,0,0.117318,0,0.00113243,-0.0450131,0.00098865,0.00980293,-0.351634,0.00268866,0.0412038,0.000143143,-0.00461225,-0.198776,0.00254993,-1.77152,-0.0754306,10.4863,10.6351,0,24.2005
5.97,climb,-0.00913266,0.537589,-0.00309896,0.117343,0,0,0.00282522,0.190681,0.00145152,0.181001,0.321001,1.4428,1.64487,nan,0.342206,0.348674,0.347837,0.336509,0.335846,0.348674,0.335846,0.347837,0.336509,1,0,0.117495,0,0.000464379,-0.0457716,0.000659031,0.00923846,-0.352174,0.00267401,0.0409453,0.000110744,-0.00364411,-0.189696,-0.00557944,-1.77158,-0.0714383,10.4876,10.6364,0,24.0815
5.98,climb,-0.00910234,0.535669,-0.00266772,0.118438,0,0,0.00278215,0.193278,0.00155804,0.178196,0.318196,1.45933,1.65407,nan,0.341982,0.348139,0.348143,0.336032,0.33566,0.348139,0.33566,0.348143,0.336032,1,0,0.118582,0,-0.000996904,-0.0465932,0.000161494,0.00795892,-0.355457,0.00263284,0.0405927,3.89691e-05,2.29055e-05,-0.194434,0.00976618,-1.66454,-0.000755043,10.5589,10.6893,0,23.9091
5.99,climb,-0.00907546,0.533724,-0.00280368,0.118697,0,0,0.00268239,0.195872,0.00210175,0.175405,0.315405,1.45964,1.651,nan,0.341751,0.347087,0.348868,0.334914,0.336181,0.347087,0.336181,0.348868,0.334914,1,0,0.118848,0,-0.00136168,-0.0471034,-0.00133929,0.00837377,-0.356242,0.00265106,0.0403212,5.76221e-05,0.00855623,-0.200541,-0.00922426,-1.74635,0.166684,10.513,10.6584,0,23.7827
6,climb,-0.00905013,0.531752,-0.00269089,0.119929,0,0,0.0026219,0.198547,0.00145228,0.172631,0.312631,1.47623,1.65986,nan,0.341513,0.34793,0.347037,0.336123,0.33501,0.34793,0.33501,0.347037,0.336123,1,0,0.120082,0,-0.000585744,-0.0451598,0.000881889,0.00804008,-0.359935,0.00264232,0.0399486,3.33853e-05,0.0106434,-0.202409,-0.00550231,-1.90254,0.0623317,10.4515,10.6234,0,23.5992
6.01,climb,-0.00902223,0.529754,-0.00286479,0.119828,0,0,0.00260937,0.201186,0.00189694,0.169872,0.309872,1.45919,1.64435,nan,0.341267,0.34732,0.347056,0.335343,0.335399,0.34732,0.335399,0.347056,0.335343,1,0,0.119988,0,0.000850247,-0.0447825,9.11804e-05,0.00855386,-0.359653,0.00266669,0.0397086,6.31937e-05,0.00657536,-0.215697,-0.00029894,-1.95851,-0.0918017,10.5098,10.6911,0,23.4904
6.02,climb,-0.00899762,0.52773,-0.00276212,0.12093,0,0,0.00249656,0.203821,0.00251257,0.16713,0.30713,1.47571,1.65295,nan,0.341014,0.347112,0.347137,0.33484,0.335019,0.347112,0.335019,0.347137,0.33484,1,0,0.121091,0,0.000409188,-0.0462138,-8.99132e-05,0.0082326,-0.36295,0.00266019,0.0393462,4.36272e-05,-0.0034035,-0.214158,0.00394987,-1.80164,-0.139572,10.5118,10.666,0,23.3113
6.03,climb,-0.00897298,0.525679,-0.00255065,0.120829,0,0,0.00249116,0.206448,0.00117055,0.164406,0.304406,1.47018,1.64532,nan,0.340754,0.347052,0.346171,0.335353,0.334492,0.347052,0.334492,0.346171,0.335353,1,0,0.120972,0,5.18465e-05,-0.0442974,0.000766106,0.00761694,-0.362639,0.0026441,0.039104,1.23092e-05,0.00715377,-0.208951,0.000850547,-1.6985,-0.08699,10.3446,10.4835,0,23.1997
6.04,climb,-0.00894451,0.523603,-0.00272667,0.121848,0,0,0.00252251,0.208888,0.00141195,0.161698,0.301698,1.48671,1.65405,nan,0.340486,0.346218,0.346693,0.333927,0.33516,0.346218,0.33516,0.346693,0.333927,1,0,0.122001,0,0.00201066,-0.0451399,-0.000750377,0.00813746,-0.365686,0.00266895,0.0387444,3.86499e-05,0.00477558,-0.207565,-0.000828345,-1.74246,-0.0163359,10.5294,10.6726,0,23.0223
6.05,climb,-0.00891486,0.521503,-0.00286526,0.122107,0,0,0.00274578,0.21117,0.0011421,0.159009,0.299009,1.47299,1.64054,nan,0.340211,0.345274,0.346759,0.333984,0.334882,0.345274,0.334882,0.346759,0.333984,1,0,0.122259,0,-0.00155608,-0.0438968,-0.00104719,0.00857148,-0.366463,0.0026889,0.0384594,5.93039e-05,0.0187742,-0.208776,-0.00136635,-1.76501,0.0803288,10.5468,10.6938,0,22.887
6.06,climb,-0.00888194,0.519381,-0.00294129,0.123545,0,0,0.00295079,0.213266,0.000734881,0.156339,0.296339,1.48947,1.64909,nan,0.339928,0.344942,0.346948,0.332885,0.334994,0.344942,0.334994,0.346948,0.332885,1,0,0.12371,0,0.000273362,-0.045496,-0.00180929,0.00878143,-0.370789,0.00270146,0.0380545,6.8113e-05,0.00788037,-0.222065,0.00178283,-1.91914,-0.043467,10.4246,10.5999,0,22.683
6.07,climb,-0.00884697,0.517239,-0.00261094,0.123573,0,0,0.00311797,0.215363,0.000951059,0.153688,0.293688,1.48359,1.64109,nan,0.339638,0.344805,0.346652,0.332429,0.334724,0.344805,0.334724,0.346652,0.332429,1,0,0.123731,0,0.00118659,-0.0460522,-0.00182034,0.00777215,-0.370877,0.00267166,0.0377954,1.48283e-05,-0.00762714,-0.223951,-0.00248918,-1.82451,-0.162963,10.4629,10.622,0,22.5588
6.08,climb,-0.0088123,0.515074,-0.00261498,0.125015,0,0,0.0032214,0.21774,0.00102365,0.151056,0.291056,1.50008,1.64935,nan,0.33934,0.346218,0.344344,0.333868,0.332992,0.346218,0.332992,0.344344,0.333868,1,0,0.125175,0,0.00264752,-0.0449092,0.00120862,0.00779574,-0.375199,0.00267809,0.0373904,1.68741e-05,0.00100001,-0.229331,-0.00395263,-1.7972,-0.114306,10.4223,10.5767,0,22.3521
6.09,climb,-0.00877116,0.512885,-0.00253733,0.12511,0,0,0.00334299,0.220219,0.000311369,0.148445,0.288445,1.48386,1.6339,nan,0.339036,0.345926,0.344233,0.333838,0.332207,0.345926,0.332207,0.344233,0.333838,1,0,0.125259,0,0.000165551,-0.0456915,0.00146127,0.00758625,-0.375462,0.00267821,0.0371189,1.00712e-05,0.0149149,-0.213911,0.00360372,-1.76493,-0.0434355,10.4163,10.5648,0,22.2212
6.1,climb,-0.00872694,0.510671,-0.00273725,0.12643,0,0,0.00344145,0.222714,-8.29631e-06,0.145854,0.285854,1.50028,1.64187,nan,0.338724,0.344135,0.345701,0.331477,0.333646,0.344135,0.333646,0.345701,0.331477,1,0,0.126585,0,0.00159753,-0.0468252,-0.00164145,0.00819022,-0.379432,0.00270371,0.0367193,4.0883e-05,0.0217993,-0.226233,-0.00411639,-1.90484,-0.0108361,10.4642,10.6362,0,22.0187
6.11,climb,-0.00868007,0.508431,-0.00289765,0.126236,0,0,0.00360429,0.225274,-0.000215705,0.143284,0.283284,1.50311,1.63993,nan,0.338405,0.343984,0.344859,0.331871,0.332971,0.343984,0.332971,0.344859,0.331871,1,0,0.126404,0,0.00059423,-0.0454769,-0.000868219,0.00864037,-0.378874,0.00272357,0.0364708,6.71064e-05,0.00158132,-0.243023,0.00560917,-1.92228,-0.0887205,10.4389,10.6148,0,21.9014
6.12,climb,-0.00863359,0.506167,-0.00300241,0.12751,0,0,0.00378474,0.227775,0.000249797,0.140735,0.280735,1.51958,1.64771,nan,0.338079,0.344165,0.343859,0.332455,0.331902,0.344165,0.331902,0.343859,0.332455,1,0,0.127681,0,-0.000657537,-0.044845,0.000377514,0.00895616,-0.382684,0.00273887,0.0360698,8.16077e-05,0.00610229,-0.239888,-0.0061153,-1.90423,-0.0491434,10.3082,10.4828,0,21.6986
6.13,climb,-0.00858706,0.503878,-0.00258893,0.127655,0,0,0.00381104,0.230057,0.000832917,0.138209,0.278209,1.49631,1.62683,nan,0.337745,0.343536,0.343756,0.331587,0.33217,0.343536,0.33217,0.343756,0.331587,1,0,0.127806,0,0.000965143,-0.0445926,-0.000352873,0.00772124,-0.383099,0.00270889,0.0357851,2.15374e-05,0.00480143,-0.226606,-0.00638063,-1.776,-0.0783975,10.3238,10.4757,0,21.5593
6.14,climb,-0.00854441,0.501567,-0.0025886,0.12879,0,0,0.00374397,0.232145,0.00138161,0.135705,0.275705,1.51265,1.63466,nan,0.337405,0.342524,0.344006,0.330791,0.332368,0.342524,0.332368,0.344006,0.330791,1,0,0.128949,0,0.000251,-0.0442855,-0.00134449,0.00774869,-0.386503,0.00271442,0.0353969,2.24779e-05,0.021958,-0.231014,0.0130068,-1.9247,0.0474859,10.4443,10.6203,0,21.3618
6.15,climb,-0.0085045,0.499236,-0.00290811,0.128751,0,0,0.0037479,0.234079,0.00144075,0.133224,0.273224,1.48867,1.6133,nan,0.337057,0.342134,0.343899,0.330349,0.331918,0.342134,0.331918,0.343899,0.330349,1,0,0.128912,0,-0.000520225,-0.0450322,-0.00146583,0.00867969,-0.386382,0.00275005,0.0351251,7.74924e-05,0.00936353,-0.228449,-0.00129817,-2.00941,-0.0553779,10.3276,10.5215,0,21.2303
6.16,climb,-0.00846451,0.496887,-0.00307353,0.12992,0,0,0.00376203,0.235962,0.00131758,0.130766,0.270766,1.50488,1.62087,nan,0.336703,0.343011,0.342401,0.331055,0.330417,0.343011,0.330417,0.342401,0.331055,1,0,0.130087,0,-7.52357e-05,-0.0453599,0.000548237,0.00916927,-0.3899,0.00277231,0.0347334,0.000104285,0.00763793,-0.241586,-0.000994155,-1.91473,-0.14772,10.3861,10.5622,0,21.0286
6.17,climb,-0.00842201,0.494518,-0.00259137,0.12992,0,0,0.00376849,0.23788,0.00170749,0.128333,0.268333,1.46596,1.58871,nan,0.336342,0.343076,0.341813,0.331043,0.329508,0.343076,0.329508,0.341813,0.331043,1,0,0.130086,0,-0.000720727,-0.0461162,0.00122921,0.0077423,-0.389902,0.0027378,0.0344575,3.16135e-05,0.0139412,-0.243151,0.00348601,-1.84416,-0.0626017,10.4447,10.6064,0,20.8931
6.18,climb,-0.00838034,0.49213,-0.00280848,0.131325,0,0,0.00365481,0.239862,0.000668541,0.125923,0.265923,1.48193,1.59622,nan,0.335974,0.342007,0.342351,0.329775,0.329837,0.342007,0.329837,0.342351,0.329775,1,0,0.131488,0,-0.00074792,-0.0468878,-0.000178667,0.00838659,-0.394101,0.00276263,0.0340387,6.13813e-05,0.0117884,-0.238782,0.0110337,-1.9939,0.0848163,10.4105,10.6001,0,20.6756
6.19,climb,-0.00833819,0.489721,-0.00272953,0.1314,0,0,0.00363832,0.242023,0.000958496,0.123539,0.263539,1.45871,1.5757,nan,0.3356,0.341355,0.341541,0.32973,0.329849,0.341355,0.329849,0.341541,0.32973,1,0,0.13157,0,-0.000178682,-0.0441812,-0.00013453,0.00815771,-0.394341,0.00276131,0.0337522,5.00574e-05,0.0176394,-0.24901,-0.000243691,-2.12464,-0.0897852,10.405,10.6201,0,20.5333
6.2,climb,-0.00829726,0.487291,-0.00239131,0.1326,0,0,0.00361099,0.244141,0.000890252,0.121179,0.261179,1.47455,1.58303,nan,0.335219,0.341258,0.341219,0.328812,0.329665,0.341258,0.329665,0.341219,0.328812,1,0,0.13276,0,0.00236814,-0.0454757,-0.000357397,0.00712965,-0.397918,0.00273682,0.0333521,-4.78758e-06,0.00502267,-0.239924,-0.00203768,-1.90604,-0.128545,10.3044,10.48,0,20.3255
6.21,climb,-0.00825752,0.484839,-0.00234939,0.132732,0,0,0.00359007,0.246301,0.00147742,0.118846,0.258846,1.4289,1.54594,nan,0.334832,0.341424,0.339886,0.33039,0.327706,0.341424,0.327706,0.339886,0.33039,1,0,0.132891,0,-0.00303805,-0.0439845,0.00185601,0.00701622,-0.398321,0.00274279,0.0330549,-8.21157e-07,0.011355,-0.244845,0.00892579,-1.94742,0.119361,10.4205,10.6016,0,20.1774
6.22,climb,-0.0082166,0.482366,-0.00248303,0.134202,0,0,0.00348625,0.248364,0.000456056,0.116538,0.256538,1.44443,1.55338,nan,0.334439,0.339743,0.341051,0.328352,0.328687,0.339743,0.328687,0.341051,0.328352,1,0,0.134362,0,-0.00258216,-0.0450126,-0.000721845,0.00739819,-0.402736,0.00276061,0.0326228,2.2668e-05,0.00162921,-0.256966,0.00532184,-2.10256,-0.167223,10.3022,10.5159,0,19.9515
6.23,climb,-0.00817478,0.479872,-0.00254473,0.134004,0,0,0.0033442,0.25045,-0.000254376,0.114257,0.254257,1.41303,1.52649,nan,0.334039,0.340229,0.339794,0.328376,0.327837,0.340229,0.327837,0.339794,0.328376,1,0,0.134168,0,-0.000276882,-0.0451154,0.000428582,0.00758768,-0.402142,0.00277208,0.0323599,3.81944e-05,0.0048256,-0.255211,0.009038,-1.99793,-0.101438,10.3031,10.4955,0,19.8199
6.24,climb,-0.00812974,0.477358,-0.0023608,0.135688,0,0,0.00315972,0.252602,-0.000152322,0.112002,0.252002,1.42838,1.53388,nan,0.333633,0.339808,0.340197,0.327408,0.327201,0.339808,0.327201,0.340197,0.327408,1,0,0.135844,0,-0.00157989,-0.0481222,-8.01209e-05,0.00704328,-0.40717,0.002767,0.0319075,1.21012e-05,0.00841083,-0.247643,0.00672481,-2.00188,0.012286,10.2761,10.4692,0,19.5794
6.25,climb,-0.00808614,0.474821,-0.00247681,0.135818,0,0,0.00298836,0.254898,-0.000313282,0.109775,0.249775,1.37563,1.49188,nan,0.333221,0.33949,0.339009,0.327351,0.327116,0.33949,0.327116,0.339009,0.327351,1,0,0.135981,0,0.000653407,-0.0455373,0.000314536,0.00739079,-0.407564,0.00278239,0.031605,3.25401e-05,0.0116159,-0.251746,-0.00693208,-2.14662,0.0827309,10.26,10.4825,0,19.4265
6.26,climb,-0.00804344,0.472261,-0.00267287,0.137079,0,0,0.0028396,0.257291,-0.000781366,0.107576,0.247576,1.39063,1.49917,nan,0.332803,0.337712,0.340072,0.325358,0.328153,0.337712,0.328153,0.340072,0.325358,1,0,0.13725,0,0.00115138,-0.0459926,-0.00226592,0.00795892,-0.41135,0.00280374,0.0311897,6.22086e-05,-3.24842e-05,-0.26006,0.00501507,-2.0637,-0.214188,10.4054,10.6102,0,19.2074
6.27,climb,-0.00800566,0.469676,-0.00245815,0.137051,0,0,0.00275254,0.259773,0.000636578,0.105404,0.245404,1.36292,1.47503,nan,0.332378,0.339072,0.338061,0.326062,0.326405,0.339072,0.326405,0.338061,0.326062,1,0,0.137223,0,0.00358964,-0.046738,0.00029323,0.00733493,-0.41128,0.00279378,0.0309025,3.21528e-05,0.0108457,-0.268771,0.00203995,-1.89265,-0.0366521,10.2631,10.4362,0,19.061
6.28,climb,-0.00796922,0.467066,-0.00275909,0.138689,0,0,0.00279,0.2625,0.000289067,0.103261,0.243261,1.37775,1.48188,nan,0.331948,0.337167,0.339101,0.325439,0.326171,0.337167,0.326171,0.339101,0.325439,1,0,0.138858,0,-0.0031876,-0.0467212,-0.00117189,0.0082379,-0.416176,0.00282427,0.0304444,7.24218e-05,0.0166455,-0.26495,-0.00118551,-1.99301,0.0751777,10.2492,10.4415,0,18.8175
6.29,climb,-0.00793515,0.464427,-0.00287157,0.138519,0,0,0.00273733,0.265391,0.00137478,0.101148,0.241148,1.38169,1.48079,nan,0.331511,0.337234,0.338309,0.324582,0.326006,0.337234,0.326006,0.338309,0.324582,1,0,0.1387,0,0.000925802,-0.0472845,-0.00109834,0.00855683,-0.41568,0.00283711,0.0301682,8.68051e-05,0.00461881,-0.273524,0.00704811,-2.06492,-0.150624,10.3423,10.5475,0,18.676
6.3,climb,-0.00790643,0.461759,-0.00278014,0.140022,0,0,0.00270641,0.268324,0.00172351,0.099063,0.239063,1.39658,1.4876,nan,0.331067,0.336544,0.337669,0.32467,0.325476,0.336544,0.325476,0.337669,0.32467,1,0,0.140193,0,-0.000844535,-0.0456029,-0.000848202,0.0082804,-0.420158,0.00283716,0.0297247,6.55488e-05,0.00343359,-0.261358,0.00201943,-1.98689,0.0336317,10.2743,10.4647,0,18.437
6.31,climb,-0.00787812,0.459062,-0.00286246,0.140355,0,0,0.0027169,0.271231,0.00195598,0.0970084,0.237008,1.39253,1.48068,nan,0.330617,0.335246,0.337748,0.324102,0.325463,0.335246,0.325463,0.337748,0.324102,1,0,0.140537,0,-0.00302536,-0.0443928,-0.00169781,0.00852898,-0.421183,0.00284813,0.0293907,7.25487e-05,0.00623664,-0.279992,-4.3718e-05,-2.04663,-0.0521758,10.2767,10.4786,0,18.2634
6.32,climb,-0.00785231,0.456336,-0.00308164,0.141487,0,0,0.00272632,0.274029,0.00298908,0.0949839,0.234984,1.40741,1.48736,nan,0.330161,0.336346,0.336005,0.323909,0.324475,0.336346,0.324475,0.336005,0.323909,1,0,0.141677,0,0.00240452,-0.0454139,-9.9133e-05,0.00918624,-0.424572,0.00287015,0.0289741,0.000102522,0.0106476,-0.280798,-0.00406348,-2.15864,-0.0744894,10.307,10.5309,0,18.0422
6.33,climb,-0.00782712,0.453583,-0.00291082,0.141802,0,0,0.00280956,0.276664,0.00189489,0.0929902,0.23299,1.39088,1.47119,nan,0.329697,0.336,0.335432,0.323893,0.323557,0.336,0.323557,0.335432,0.323893,1,0,0.141978,0,0.000615854,-0.0454407,0.000396995,0.00866035,-0.425504,0.00286348,0.0286408,7.06142e-05,0.000801403,-0.273689,-0.0149798,-2.0598,0.0197021,10.2202,10.4257,0,17.8665
6.34,climb,-0.00779635,0.450804,-0.0032747,0.14358,0,0,0.00293537,0.279321,0.00219381,0.0910276,0.231028,1.40568,1.47789,nan,0.329226,0.33592,0.334549,0.324183,0.322349,0.33592,0.322349,0.334549,0.324183,1,0,0.143768,0,-0.00122828,-0.0453573,0.00140855,0.0097383,-0.430825,0.00289694,0.0281551,0.000115737,-0.00432399,-0.276438,0.00421556,-2.12128,-0.0458899,10.1743,10.3932,0,17.6052
6.35,climb,-0.00776748,0.447997,-0.00282198,0.142995,0,0,0.00291873,0.282226,0.00179919,0.0890967,0.229097,1.36358,1.44304,nan,0.328746,0.335464,0.333775,0.324104,0.321737,0.335464,0.321737,0.333775,0.324104,1,0,0.143168,0,-0.0017991,-0.0443364,0.00178257,0.00840397,-0.429075,0.00286967,0.027905,4.24339e-05,0.00349352,-0.27625,0.009429,-2.1534,-0.13338,10.3225,10.5455,0,17.4782
6.36,climb,-0.00773475,0.44516,-0.0032144,0.144524,0,0,0.00290283,0.285431,0.00118617,0.0871983,0.227198,1.37809,1.44993,nan,0.328254,0.33562,0.332935,0.323929,0.32063,0.33562,0.32063,0.332935,0.323929,1,0,0.144706,0,-0.00162889,-0.0454675,0.00263022,0.00957566,-0.433657,0.00290525,0.0274416,9.74767e-05,0.00868248,-0.280638,-0.00274344,-2.06822,0.0675252,10.264,10.4705,0,17.2278
6.37,climb,-0.00769877,0.442288,-0.00361754,0.144283,0,0,0.0029547,0.289069,0.00102724,0.0853332,0.225333,1.36134,1.43381,nan,0.32775,0.331801,0.335131,0.320353,0.323817,0.331801,0.323817,0.335131,0.320353,1,0,0.144488,0,0.000356472,-0.0431301,-0.00298638,0.0107727,-0.432948,0.00293741,0.0271495,0.000153575,0.0056668,-0.288847,0.00326544,-2.11704,-0.149282,10.1728,10.3918,0,17.0768
6.38,climb,-0.00766681,0.439379,-0.00334844,0.144979,0,0,0.00302354,0.293033,0.0021356,0.083502,0.223502,1.37575,1.44037,nan,0.327235,0.333486,0.332597,0.321402,0.32156,0.333486,0.32156,0.332597,0.321402,1,0,0.145179,0,0.00277764,-0.0438084,0.000321366,0.00997829,-0.435035,0.00292815,0.0267695,0.000106427,0.0107301,-0.293027,0.00244951,-1.94868,-0.0727332,10.1832,10.3682,0,16.8704
6.39,climb,-0.00763246,0.436429,-0.00340988,0.144986,0,0,0.00307469,0.297268,0.00117242,0.0817055,0.221705,1.35642,1.42264,nan,0.326709,0.331146,0.334297,0.319313,0.322188,0.331146,0.322188,0.334297,0.319313,1,0,0.145189,0,-0.000731466,-0.0453678,-0.00264839,0.0101604,-0.435072,0.00294039,0.0264469,0.000113117,0.0104512,-0.303472,0.000926659,-2.12042,0.0529442,10.3167,10.5325,0,16.7009
6.4,climb,-0.00760086,0.433435,-0.00307739,0.145931,0,0,0.00305006,0.301783,0.00241266,0.0799445,0.219945,1.37072,1.42929,nan,0.326172,0.331253,0.332597,0.319608,0.321338,0.331253,0.321338,0.332597,0.319608,1,0,0.146134,0,0.00102516,-0.0434011,-0.00135101,0.00916965,-0.43792,0.00292449,0.0260323,5.41691e-05,0.0103779,-0.318344,0.000523928,-2.16282,-0.139328,10.2265,10.4537,0,16.4755
6.41,climb,-0.00757077,0.430395,-0.00317351,0.145711,0,0,0.00311286,0.306277,0.00196161,0.0782198,0.21822,1.3454,1.40706,nan,0.325621,0.332373,0.330584,0.320363,0.319275,0.332373,0.319275,0.330584,0.320363,1,0,0.145912,0,0.0018621,-0.0441847,0.00126494,0.0094377,-0.437249,0.00293566,0.025725,6.57309e-05,-0.00153073,-0.309268,-0.0018049,-2.11631,0.068205,10.2151,10.4322,0,16.3138
6.42,climb,-0.00753411,0.427313,-0.00368262,0.146467,0,0,0.00324167,0.310346,0.000710778,0.0765325,0.216533,1.35955,1.41373,nan,0.325053,0.330859,0.330644,0.319776,0.319047,0.330859,0.319047,0.330644,0.319776,1,0,0.146678,0,-0.00136402,-0.042974,0.000414716,0.0109703,-0.439506,0.00297418,0.0253182,0.000135554,0.00940029,-0.306602,0.00820417,-2.20973,-0.0739144,10.2124,10.449,0,16.0936
6.43,climb,-0.00749362,0.424192,-0.00309671,0.146205,0,0,0.00345824,0.313856,0.00172551,0.0748837,0.214884,1.33367,1.39134,nan,0.324468,0.329938,0.330087,0.318673,0.319291,0.329938,0.319291,0.330087,0.318673,1,0,0.146405,0,0.00124371,-0.0418034,-0.000337191,0.00922825,-0.438726,0.00294425,0.025013,4.24801e-05,0.0123137,-0.309998,-0.00623185,-2.02792,-0.0372692,10.1652,10.3655,0,15.9302
6.44,climb,-0.00745312,0.421039,-0.00360318,0.14767,0,0,0.00368256,0.316838,0.00124808,0.0732745,0.213274,1.34767,1.39803,nan,0.323866,0.329406,0.329894,0.317908,0.318378,0.329406,0.318378,0.329894,0.317908,1,0,0.147884,0,-5.13962e-05,-0.0436077,-0.000421174,0.0107303,-0.44314,0.00298406,0.0245316,0.000113258,0.00836832,-0.330279,0.00521237,-2.16975,-0.151905,10.2013,10.4306,0,15.6653
6.45,climb,-0.00741141,0.417858,-0.00314645,0.147117,0,0,0.00383861,0.319401,0.00129379,0.071706,0.211706,1.3075,1.36537,nan,0.323248,0.328638,0.329357,0.317172,0.317953,0.328638,0.317953,0.329357,0.317172,1,0,0.147324,0,0.000164048,-0.0433344,-0.000659426,0.00936943,-0.441478,0.00296335,0.0242496,4.43275e-05,0.0060286,-0.325865,0.00954155,-2.12138,0.0670187,10.2789,10.4957,0,15.515
6.46,climb,-0.00736712,0.414653,-0.00374865,0.148309,0,0,0.00405577,0.321601,0.00141609,0.0701792,0.210179,1.32124,1.37219,nan,0.322616,0.328065,0.328297,0.316583,0.317646,0.328065,0.317646,0.328297,0.316583,1,0,0.148531,0,0.00220361,-0.0419392,-0.000569137,0.0111612,-0.445048,0.00300752,0.0237885,0.000129482,0.00924996,-0.329203,-0.00576645,-2.25572,-0.05545,10.2217,10.4677,0,15.2627
6.47,climb,-0.00732166,0.411428,-0.00330401,0.148124,0,0,0.00437274,0.323405,0.00203722,0.0686951,0.208695,1.29791,1.35204,nan,0.321969,0.3283,0.327039,0.317019,0.31565,0.3283,0.31565,0.327039,0.317019,1,0,0.14833,0,-0.000285564,-0.0429539,0.00115568,0.00984051,-0.444484,0.00299097,0.0234703,6.34836e-05,0.0107439,-0.322147,-0.00684717,-2.09317,-0.0621958,10.2396,10.4515,0,15.0887
6.48,climb,-0.00727314,0.408186,-0.00382427,0.149819,0,0,0.00453556,0.325079,0.00128402,0.0672546,0.207255,1.31152,1.35877,nan,0.321309,0.327214,0.326796,0.315948,0.315411,0.327214,0.315411,0.326796,0.315948,1,0,0.150038,0,-0.000315555,-0.0429183,0.000419854,0.0113841,-0.449567,0.0030288,0.0229611,0.000130755,0.00878085,-0.330183,-0.00314201,-2.37224,-0.164176,10.2423,10.5147,0,14.8056
6.49,climb,-0.00722087,0.404928,-0.00352308,0.149556,0,0,0.00466799,0.326588,0.000746398,0.0658586,0.205859,1.30092,1.34788,nan,0.320637,0.326913,0.325729,0.315339,0.314703,0.326913,0.314703,0.325729,0.315339,1,0,0.149766,0,0.00145423,-0.0428219,0.000799979,0.0104858,-0.448773,0.00301811,0.0226435,7.93705e-05,0.00723727,-0.325811,-0.00460346,-2.16526,-0.0158904,10.2632,10.4891,0,14.6341
6.5,climb,-0.00716513,0.401656,-0.00401815,0.150898,0,0,0.00493401,0.327864,0.000310568,0.0645077,0.204508,1.31449,1.35455,nan,0.319955,0.325402,0.326132,0.31388,0.314543,0.325402,0.314543,0.326132,0.31388,1,0,0.151123,0,-0.000175943,-0.0437918,-0.000612169,0.0119533,-0.452786,0.00305392,0.0221672,0.000143078,0.00204633,-0.324852,0.014354,-2.22274,-0.150165,10.2845,10.523,0,14.3695
6.51,climb,-0.00710765,0.398372,-0.00371393,0.150517,0,0,0.00513788,0.32904,0.000994718,0.0632028,0.203203,1.30171,1.34216,nan,0.319262,0.325319,0.32458,0.313995,0.313294,0.325319,0.313294,0.32458,0.313995,1,0,0.150743,0,0.000101241,-0.042839,0.000632833,0.0110694,-0.451667,0.00304581,0.0218609,9.50603e-05,0.0177162,-0.339694,0.00181125,-2.17563,-0.0336146,10.2614,10.4896,0,14.2033
6.52,climb,-0.00704825,0.395076,-0.00380001,0.151883,0,0,0.00529738,0.330189,0.000289671,0.0619443,0.201944,1.31522,1.34856,nan,0.31856,0.323937,0.324375,0.312563,0.313508,0.323937,0.313508,0.324375,0.312563,1,0,0.152103,0,0.00134601,-0.042141,-0.000607765,0.0113126,-0.455745,0.00305821,0.0213836,9.67494e-05,0.0118891,-0.334418,-0.00860057,-2.14897,-0.117809,10.1274,10.3535,0,13.9361
6.53,climb,-0.00698673,0.39177,-0.00392207,0.15213,0,0,0.00548613,0.33094,0.00102996,0.0607329,0.200733,1.30494,1.3382,nan,0.317853,0.322901,0.324331,0.311505,0.312817,0.322901,0.312817,0.324331,0.311505,1,0,0.152357,0,-0.000312997,-0.0434102,-0.00120471,0.0116893,-0.456498,0.00307473,0.0210108,0.00011437,0.0200771,-0.345202,-0.000361025,-2.33432,-0.101618,10.1938,10.4581,0,13.7325
6.54,climb,-0.00692729,0.388458,-0.00320094,0.153067,0,0,0.00557213,0.331309,0.00149061,0.0595687,0.199569,1.3184,1.34475,nan,0.317142,0.324107,0.321674,0.312718,0.310212,0.324107,0.310212,0.321674,0.312718,1,0,0.153275,0,-0.000193741,-0.0432984,0.00217107,0.00952743,-0.459277,0.00304492,0.0205794,2.8576e-07,0.00687341,-0.329358,0.014224,-2.13905,-0.0306547,10.1786,10.4009,0,13.4894
6.55,climb,-0.00686569,0.385144,-0.00334199,0.152978,0,0,0.00557905,0.331532,0.000853701,0.058452,0.198452,1.29539,1.3248,nan,0.316429,0.321198,0.32289,0.309697,0.312074,0.321198,0.312074,0.32289,0.309697,1,0,0.153191,0,0.00181647,-0.0422859,-0.00178793,0.00996585,-0.459026,0.00305909,0.0202416,2.53112e-05,0.0214049,-0.339422,0.00247895,-2.42438,-0.0791761,10.217,10.501,0,13.3045
6.56,climb,-0.00680634,0.381829,-0.00250595,0.154056,0,0,0.00549042,0.331446,0.00192589,0.057383,0.197383,1.30872,1.3313,nan,0.315714,0.321418,0.321636,0.309811,0.310135,0.321418,0.310135,0.321636,0.309811,1,0,0.154256,0,0.000281824,-0.0437843,-0.000238175,0.00746555,-0.462244,0.00302485,0.0197976,-9.63565e-05,0.0124525,-0.337037,0.00238444,-2.13858,0.0127911,10.2814,10.5014,0,13.0532
6.57,climb,-0.00675061,0.378514,-0.0029323,0.153789,0,0,0.00542765,0.331534,0.001278,0.0563616,0.196362,1.28168,1.30823,nan,0.315,0.320686,0.320977,0.309224,0.309254,0.320686,0.309254,0.320977,0.309224,1,0,0.153995,0,-0.000694146,-0.0439299,-0.000141517,0.0087359,-0.461455,0.00304928,0.019479,-2.97639e-05,0.0134255,-0.344,0.00681922,-2.16773,-0.128127,10.2083,10.4367,0,12.8784
6.58,climb,-0.0066943,0.375197,-0.00292802,0.155476,0,0,0.00532198,0.331944,0.00165536,0.0553877,0.195388,1.29486,1.31458,nan,0.314288,0.320097,0.320328,0.307895,0.308975,0.320097,0.308975,0.320328,0.307895,1,0,0.155679,0,0.00225015,-0.0446323,-0.000575956,0.00871288,-0.466488,0.00305727,0.0189741,-2.89345e-05,0.00900408,-0.335311,-0.00185608,-2.18136,-0.00188692,10.1486,10.3804,0,12.5916
6.59,climb,-0.00663906,0.371874,-0.00286507,0.155045,0,0,0.00507422,0.33282,0.00121242,0.0544611,0.194461,1.2599,1.28559,nan,0.31358,0.319372,0.319444,0.308178,0.307467,0.319372,0.307467,0.319444,0.308178,1,0,0.155246,0,-0.00207381,-0.0439048,0.000281083,0.00852873,-0.465195,0.00305928,0.018677,-3.41044e-05,0.0120189,-0.332323,-0.0100514,-2.20208,-0.0957588,10.0797,10.3179,0,12.4259
6.6,climb,-0.00658626,0.368541,-0.00282805,0.157028,0,0,0.00472801,0.3339,0.00055487,0.0535817,0.193582,1.27285,1.29204,nan,0.312874,0.318636,0.319057,0.306578,0.307365,0.318636,0.307365,0.319057,0.306578,1,0,0.157228,0,0.000972014,-0.0450032,-0.000531269,0.00842077,-0.47113,0.00306473,0.0181401,-4.12905e-05,0.0139753,-0.33655,-0.00503658,-2.33605,0.00780942,10.1067,10.3732,0,12.1213
6.61,climb,-0.00653552,0.365196,-0.00226942,0.156457,0,0,0.00436944,0.335126,0.000411329,0.0527493,0.192749,1.24779,1.27045,nan,0.312171,0.317034,0.319045,0.305727,0.307016,0.317034,0.307016,0.319045,0.305727,1,0,0.156651,0,-0.00191579,-0.0442187,-0.00145038,0.00676108,-0.469419,0.00304457,0.0178582,-0.000117357,0.0145497,-0.334843,-0.00771875,-2.16429,-0.116871,10.1036,10.3335,0,11.9625
6.62,climb,-0.00648743,0.361838,-0.00345011,0.158031,0,0,0.00382175,0.336576,0.000358008,0.0519636,0.191964,1.26058,1.27645,nan,0.311469,0.318146,0.316503,0.306434,0.304934,0.318146,0.304934,0.316503,0.306434,1,0,0.158244,0,0.000380829,-0.0441116,0.00138174,0.0102536,-0.47413,0.00310394,0.0173594,5.75544e-05,0.00116328,-0.337493,0.0131212,-2.39971,-0.165198,10.2062,10.4859,0,11.6794
6.63,climb,-0.00644428,0.358465,-0.0031324,0.157588,0,0,0.00334746,0.338084,0.000317342,0.0512246,0.191225,1.23059,1.2513,nan,0.31077,0.317409,0.316165,0.305321,0.304324,0.317409,0.304324,0.316165,0.305321,1,0,0.157794,0,0.000656344,-0.0453395,0.000984764,0.00931309,-0.472813,0.00309756,0.0170594,1.20584e-05,0.00626243,-0.341835,-0.00555678,-2.25994,0.0810032,10.1044,10.3543,0,11.5117
6.64,climb,-0.00640504,0.355076,-0.00369643,0.158387,0,0,0.00284191,0.339881,-2.35268e-05,0.0505323,0.190532,1.24318,1.25698,nan,0.310071,0.315953,0.316194,0.304107,0.304171,0.315953,0.304171,0.316194,0.304107,1,0,0.158612,0,-0.000472781,-0.0452273,-0.000134142,0.0109798,-0.475211,0.00313016,0.0166372,8.65627e-05,-0.00139251,-0.348675,0.00658855,-2.29215,-0.101664,10.1091,10.3663,0,11.2715
6.65,climb,-0.0063708,0.351668,-0.00393137,0.158567,0,0,0.00235042,0.341744,-0.000228256,0.0498865,0.189886,1.19895,1.22176,nan,0.309373,0.315949,0.314619,0.304038,0.303028,0.315949,0.303028,0.314619,0.304038,1,0,0.158792,0,0.000847651,-0.044533,0.0010284,0.0117066,-0.475744,0.00315,0.0162713,0.000111601,0.0175239,-0.343968,0.0100301,-2.23622,-0.0728368,10.0361,10.2825,0,11.0658
6.66,climb,-0.00633948,0.348242,-0.00398823,0.159544,0,0,0.00211101,0.343667,-0.000217458,0.0492871,0.189287,1.21125,1.22742,nan,0.308676,0.314774,0.314475,0.30235,0.303243,0.314774,0.303243,0.314475,0.30235,1,0,0.159769,0,0.00316248,-0.0448237,-0.000260795,0.0118595,-0.47865,0.00316086,0.0158324,0.000102862,0.00943658,-0.335294,-0.00128322,-2.18626,-0.102928,10.0558,10.2912,0,10.8135
6.67,climb,-0.0063109,0.344796,-0.00488214,0.159621,0,0,0.002232,0.345613,0.0010077,0.0487343,0.188734,1.19149,1.21006,nan,0.307978,0.313261,0.314261,0.302011,0.302518,0.313261,0.302518,0.314261,0.302011,1,0,0.159881,0,-0.00130834,-0.0435661,-0.000662128,0.0145083,-0.478923,0.00320662,0.0154713,0.000216167,0.00325134,-0.36388,0.00744049,-2.41094,-0.122635,10.0082,10.2952,0,10.6113
6.68,climb,-0.00628441,0.34133,-0.00434038,0.160846,0,0,0.00247543,0.347644,0.00204375,0.0482281,0.188228,1.20368,1.21567,nan,0.307279,0.312962,0.31362,0.300772,0.301901,0.312962,0.301901,0.31362,0.300772,1,0,0.161082,0,0.00124984,-0.0453037,-0.000785573,0.0129161,-0.482558,0.0031995,0.0150083,0.000119178,0.0168727,-0.345012,0.00388777,-2.20532,0.0040339,10.1251,10.3625,0,10.3428
6.69,climb,-0.00625514,0.337845,-0.0048256,0.160495,0,0,0.0028888,0.349541,0.00114478,0.0477685,0.187768,1.17352,1.19037,nan,0.30658,0.311556,0.313449,0.299509,0.301947,0.311556,0.301947,0.313449,0.299509,1,0,0.160754,0,0.00144505,-0.04462,-0.00190315,0.0143469,-0.481532,0.00322628,0.014689,0.000174182,0.00872345,-0.361624,0.00736543,-2.293,-0.0463453,10.1004,10.3575,0,10.163
6.7,climb,-0.00622219,0.334342,-0.00492537,0.16189,0,0,0.00357203,0.351088,0.00234761,0.0473553,0.187355,1.18551,1.19612,nan,0.305884,0.312411,0.31152,0.300016,0.299728,0.312411,0.299728,0.31152,0.300016,1,0,0.162143,0,0.00159874,-0.0458302,0.000518279,0.0146442,-0.485685,0.00324453,0.0142035,0.000169227,0.0117611,-0.348854,0.00297143,-2.37594,-0.0190063,10.1641,10.4382,0,9.88241
6.71,climb,-0.00618276,0.330824,-0.00514807,0.161229,0,0,0.00423402,0.352408,0.0017381,0.0469886,0.186989,1.18795,1.19444,nan,0.305189,0.311852,0.310539,0.299347,0.299155,0.311852,0.299155,0.310539,0.299347,1,0,0.161492,0,0.00297388,-0.0452637,0.000661874,0.0153038,-0.483711,0.00326124,0.0139127,0.000187254,0.0122751,-0.350887,-0.0131495,-2.31696,-0.170183,10.0258,10.2914,0,9.71869
6.72,climb,-0.00613444,0.327294,-0.00557423,0.162801,0,0,0.00510087,0.353667,0.00201878,0.046668,0.186668,1.19999,1.20029,nan,0.304497,0.30969,0.311116,0.297945,0.299376,0.30969,0.299376,0.311116,0.297945,1,0,0.163083,0,1.43223e-05,-0.0444998,-0.0012555,0.0165677,-0.488429,0.00329418,0.0134054,0.000227436,0.0102723,-0.363235,0.00348714,-2.48484,-0.103655,9.95668,10.2626,0,9.42625
6.73,climb,-0.0060773,0.323751,-0.00491344,0.162423,0,0,0.0058519,0.354916,0.00109847,0.0463935,0.186393,1.17716,1.18041,nan,0.30381,0.308846,0.310874,0.296747,0.29891,0.308846,0.29891,0.310874,0.296747,1,0,0.162678,0,0.000358771,-0.0455929,-0.00184197,0.014614,-0.487292,0.00328024,0.0130907,0.000123515,0.0150696,-0.358449,0.00813026,-2.27609,-0.118306,10.0367,10.2923,0,9.24525
6.74,climb,-0.00601384,0.320196,-0.00529927,0.163798,0,0,0.00652404,0.356305,0.00188133,0.0461645,0.186165,1.18906,1.1857,nan,0.303127,0.309476,0.308489,0.297427,0.297251,0.309476,0.297251,0.308489,0.297427,1,0,0.164068,0,0.00215223,-0.0441237,0.00051068,0.0157505,-0.491407,0.00330739,0.0126051,0.000162435,0.0106672,-0.361445,0.00701324,-2.39552,-0.231838,10.1765,10.4573,0,8.96265
6.75,climb,-0.00594356,0.316626,-0.00465212,0.163651,0,0,0.00709089,0.357664,0.00150947,0.045981,0.185981,1.17341,1.17099,nan,0.302447,0.307995,0.308832,0.296638,0.296458,0.307995,0.296458,0.308832,0.296638,1,0,0.1639,0,-0.00269682,-0.0449668,-0.000288895,0.0138437,-0.490955,0.0032962,0.0122667,6.79544e-05,0.0210171,-0.353865,0.00497769,-2.44521,-0.0356771,10.0862,10.3785,0,8.7668
6.76,climb,-0.00586793,0.313043,-0.0047082,0.164779,0,0,0.00751176,0.359123,0.00165828,0.0458428,0.185843,1.18521,1.17614,nan,0.30177,0.307633,0.307976,0.295382,0.296223,0.307633,0.296223,0.307976,0.295382,1,0,0.165028,0,0.00132002,-0.0454844,-0.00052038,0.0139991,-0.494335,0.00330875,0.0118058,6.73566e-05,0.0145312,-0.360193,0.0066035,-2.40462,-0.00594273,10.0123,10.2971,0,8.49688
6.77,climb,-0.00578891,0.309444,-0.00504155,0.165161,0,0,0.00798885,0.360627,0.00125043,0.0457495,0.18575,1.17479,1.16517,nan,0.301095,0.306234,0.307698,0.295536,0.295048,0.306234,0.295048,0.307698,0.295536,1,0,0.165418,0,-0.00517814,-0.0442396,-0.000428902,0.0149892,-0.495473,0.00333177,0.0114101,0.000111913,0.0155415,-0.357065,0.00477794,-2.49237,-0.032372,9.9482,10.2557,0,8.2687
6.78,climb,-0.0057049,0.305831,-0.00406023,0.165868,0,0,0.00826727,0.362188,0.000897433,0.0457012,0.185701,1.18653,1.17021,nan,0.300423,0.307029,0.305979,0.295143,0.293675,0.307029,0.293675,0.305979,0.295143,1,0,0.166102,0,-0.0011097,-0.0458355,0.00110655,0.0120431,-0.497596,0.00330865,0.0109922,-3.02875e-05,-0.00355757,-0.364364,-0.0068983,-2.37068,0.0502561,10.0283,10.3049,0,8.02145
6.79,climb,-0.00561668,0.302201,-0.0045473,0.16552,0,0,0.00842167,0.363817,0.000960365,0.0456976,0.185698,1.17943,1.16142,nan,0.299751,0.305626,0.305708,0.294194,0.293612,0.305626,0.293612,0.305708,0.294194,1,0,0.16577,0,-0.0017648,-0.0445815,0.000219701,0.0135216,-0.496571,0.00333256,0.0106627,4.08241e-05,0.0178492,-0.375433,-0.00664252,-2.46492,-0.218797,9.96513,10.2678,0,7.8333
6.8,climb,-0.00552825,0.298555,-0.00405,0.166722,0,0,0.00849431,0.365381,0.000679317,0.0457388,0.185739,1.19113,1.16665,nan,0.299081,0.305375,0.30493,0.292871,0.293283,0.305375,0.293283,0.30493,0.292871,1,0,0.166952,0,0.00227242,-0.0457607,1.42799e-05,0.0120519,-0.500134,0.00332668,0.0101927,-3.37898e-05,0.0225526,-0.355712,-0.000259788,-2.31443,0.0702195,10.0549,10.3181,0,7.55568
6.81,climb,-0.00543838,0.294894,-0.00453118,0.165988,0,0,0.00861855,0.367,0.000126692,0.0458246,0.185825,1.19083,1.1626,nan,0.298412,0.303978,0.304877,0.292109,0.292816,0.303978,0.292816,0.304877,0.292109,1,0,0.16624,0,-0.000511646,-0.0453421,-0.000705719,0.0134526,-0.497965,0.0033484,0.00990247,3.63462e-05,0.0031651,-0.371659,-0.00110307,-2.36681,-0.079586,10.0383,10.3139,0,7.38778
6.82,climb,-0.00534828,0.291216,-0.00436144,0.167655,0,0,0.00868683,0.368712,0.00161714,0.0459551,0.185955,1.20255,1.16763,nan,0.297741,0.30184,0.305693,0.290093,0.293474,0.30184,0.293474,0.305693,0.290093,1,0,0.167902,0,-0.00125199,-0.0454098,-0.00317997,0.0129705,-0.502943,0.00335655,0.0093864,9.45207e-06,0.0174617,-0.369405,0.0126691,-2.37163,-0.0572419,9.83297,10.1151,0,7.08162
6.83,climb,-0.00526208,0.287518,-0.0042172,0.166972,0,0,0.00864339,0.370983,0.00209618,0.0461303,0.18613,1.16478,1.1366,nan,0.297067,0.303171,0.303081,0.291101,0.291051,0.303171,0.291051,0.303081,0.291101,1,0,0.167219,0,0.000106458,-0.0456633,6.16481e-05,0.0125344,-0.50091,0.00335878,0.00909386,-8.29717e-06,0.0139154,-0.375852,-0.00268723,-2.3267,-0.112477,9.95161,10.2206,0,6.90893
6.84,climb,-0.00517552,0.283796,-0.00456408,0.168469,0,0,0.0087242,0.373686,0.00235304,0.0463508,0.186351,1.17625,1.14201,nan,0.296387,0.301014,0.303573,0.28876,0.292336,0.301014,0.292336,0.303573,0.28876,1,0,0.168723,0,0.00269643,-0.0445105,-0.00269641,0.0135679,-0.505395,0.00337991,0.00858801,2.92314e-05,0.0177632,-0.38112,0.000229201,-2.49507,-0.162864,10.0528,10.3591,0,6.60984
6.85,climb,-0.00509172,0.280047,-0.00418607,0.168133,0,0,0.00881598,0.376199,0.00346559,0.0466169,0.186617,1.15254,1.1214,nan,0.295697,0.301672,0.30183,0.289636,0.289788,0.301672,0.289788,0.30183,0.289636,1,0,0.168367,0,-1.74389e-05,-0.0456236,-0.000136051,0.0124462,-0.504369,0.00337742,0.00825826,-1.67986e-05,0.016436,-0.36805,0.006939,-2.34542,-0.00377184,10.101,10.3697,0,6.41433
6.86,climb,-0.00500622,0.276272,-0.00457484,0.169433,0,0,0.00875126,0.378749,0.00233377,0.0469293,0.186929,1.16384,1.12628,nan,0.294998,0.300376,0.301448,0.288876,0.289431,0.300376,0.289431,0.301448,0.288876,1,0,0.169691,0,-0.00136978,-0.0445614,-0.000715523,0.013613,-0.508286,0.0033983,0.00776892,3.29218e-05,0.02753,-0.389933,0.0015456,-2.3987,-0.138232,9.98767,10.2726,0,6.12364
6.87,climb,-0.00491908,0.272473,-0.0045324,0.169215,0,0,0.00854871,0.381187,0.00111242,0.0472888,0.187289,1.14946,1.11294,nan,0.294289,0.298349,0.301856,0.287009,0.290085,0.298349,0.290085,0.301856,0.287009,1,0,0.169467,0,-0.00114472,-0.0437904,-0.00289327,0.0134714,-0.507625,0.00340814,0.00741987,2.94324e-05,0.0185616,-0.384091,-0.00920782,-2.53045,-0.0609454,10.0661,10.3795,0,5.91846
6.88,climb,-0.00483498,0.268651,-0.00414719,0.170101,0,0,0.00825536,0.383298,0.00213446,0.0476958,0.187696,1.16068,1.11829,nan,0.293571,0.299206,0.299915,0.287677,0.28763,0.299206,0.28763,0.299915,0.287677,1,0,0.170349,0,-0.00200735,-0.0451222,-0.000291289,0.0123106,-0.510284,0.00340729,0.00697024,-2.86448e-05,0.00569565,-0.39141,0.00237982,-2.2768,-0.0144777,10.0529,10.3075,0,5.64873
6.89,climb,-0.00475536,0.264809,-0.00414531,0.169496,0,0,0.00793101,0.385166,0.00219002,0.048151,0.188151,1.14025,1.10033,nan,0.292844,0.298751,0.29873,0.287356,0.286687,0.298751,0.286687,0.29873,0.287356,1,0,0.169743,0,-0.0017176,-0.0444077,0.000303227,0.0123031,-0.508479,0.00341345,0.00665787,-3.24031e-05,0.00385038,-0.392935,0.00185703,-2.3927,-0.218326,10.0427,10.3261,0,5.46327
6.9,climb,-0.00467955,0.260949,-0.00378563,0.171188,0,0,0.00745344,0.386824,0.00255831,0.0486549,0.188655,1.15136,1.10565,nan,0.29211,0.297545,0.298577,0.285705,0.28676,0.297545,0.28676,0.298577,0.285705,1,0,0.171419,0,6.14416e-05,-0.0448242,-0.000917417,0.0112479,-0.513515,0.00341503,0.00612959,-8.48494e-05,0.014137,-0.379785,-0.000468854,-2.44796,-0.0727436,9.96495,10.2615,0,5.14519
6.91,climb,-0.00460886,0.257073,-0.0033186,0.170464,0,0,0.00694517,0.388362,0.00215126,0.0492081,0.189208,1.13729,1.09272,nan,0.291369,0.297558,0.296765,0.286157,0.285143,0.297558,0.285143,0.296765,0.286157,1,0,0.170695,0,-0.000586078,-0.0436235,0.000793716,0.00988079,-0.511362,0.00340807,0.00582875,-0.000143322,0.0260168,-0.388314,-0.000494092,-2.39007,0.0415117,10.0095,10.291,0,4.96455
6.92,climb,-0.00454195,0.253186,-0.00382721,0.171432,0,0,0.00661344,0.388863,0.00221721,0.0498106,0.189811,1.1483,1.09803,nan,0.290629,0.296881,0.296051,0.285287,0.284444,0.296881,0.284444,0.296051,0.285287,1,0,0.171669,0,-3.29821e-05,-0.0439621,0.00073519,0.0113869,-0.514261,0.00342798,0.00536716,-6.98705e-05,0.0231932,-0.392217,0.00965145,-2.46596,-0.193189,10.0042,10.3055,0,4.68643
6.93,climb,-0.00447846,0.249298,-0.00377817,0.170791,0,0,0.00626182,0.388706,0.00261015,0.0504622,0.190462,1.12421,1.0775,nan,0.289899,0.295662,0.296022,0.283781,0.284276,0.295662,0.284276,0.296022,0.283781,1,0,0.171033,0,0.000360307,-0.0447689,-0.000376099,0.0112188,-0.51235,0.00343328,0.00505493,-7.06022e-05,0.00901851,-0.395163,5.14466e-05,-2.41923,-0.0835251,9.94382,10.2342,0,4.50037
6.94,climb,-0.00441888,0.245411,-0.00354662,0.171464,0,0,0.00591447,0.388656,0.00194712,0.0511619,0.191162,1.13507,1.08261,nan,0.289185,0.29686,0.293363,0.284362,0.282295,0.29686,0.282295,0.293363,0.284362,1,0,0.17169,0,0.00379483,-0.0446531,0.00244528,0.0105184,-0.514341,0.00343383,0.00462408,-0.000103165,0.00176079,-0.383158,-0.00688744,-2.46184,0.00515444,9.93484,10.2353,0,4.23913
6.95,climb,-0.00435946,0.241524,-0.00367125,0.171017,0,0,0.00571497,0.388717,0.000875981,0.0519086,0.191909,1.09551,1.05099,nan,0.288485,0.293168,0.295141,0.282139,0.28363,0.293168,0.28363,0.295141,0.282139,1,0,0.171243,0,-0.00128095,-0.0427098,-0.00152293,0.0108976,-0.512992,0.00344148,0.00429514,-8.53635e-05,0.00648219,-0.373356,0.000294035,-2.44787,-0.103379,10.0253,10.3203,0,4.04205
6.96,climb,-0.00430189,0.237637,-0.00363678,0.172335,0,0,0.00545766,0.388715,0.000575742,0.0527015,0.192702,1.10611,1.05586,nan,0.287799,0.293513,0.293933,0.281812,0.282076,0.293513,0.282076,0.293933,0.281812,1,0,0.172567,0,-0.000413178,-0.0446365,-0.000300712,0.0108169,-0.516955,0.00344982,0.0038036,-8.98814e-05,0.0229397,-0.389693,-0.00336877,-2.41161,0.0288686,10.0807,10.3652,0,3.74385
6.97,climb,-0.00424589,0.23375,-0.00381951,0.171738,0,0,0.00515272,0.388801,0.000620682,0.0535396,0.19354,1.07348,1.02912,nan,0.287128,0.291205,0.294767,0.279159,0.283514,0.291205,0.283514,0.294767,0.279159,1,0,0.171981,0,0.0021057,-0.0441474,-0.00347974,0.0113426,-0.515182,0.00345922,0.00349051,-6.61082e-05,0.0114928,-0.398424,-0.00445512,-2.37202,-0.169149,9.89095,10.1728,0,3.55547
6.98,climb,-0.0041952,0.22986,-0.00416539,0.173224,0,0,0.00497321,0.38914,0.00227865,0.0544219,0.194422,1.08386,1.034,nan,0.28647,0.292145,0.292823,0.280186,0.280855,0.292145,0.280855,0.292823,0.280186,1,0,0.173473,0,-2.42458e-05,-0.0453364,-0.000592213,0.0123701,-0.519623,0.00347658,0.00298311,-2.94476e-05,0.0124157,-0.397533,0.00493353,-2.52841,-0.141273,9.98657,10.3026,0,3.24781
6.99,climb,-0.00414741,0.225966,-0.00373758,0.172786,0,0,0.00485421,0.389648,0.00173469,0.0553476,0.195348,1.07873,1.02755,nan,0.285824,0.291618,0.292018,0.27981,0.279979,0.291618,0.279979,0.292018,0.27981,1,0,0.173025,0,-0.000609741,-0.0451844,-0.00025041,0.0111076,-0.518307,0.00347415,0.0026592,-8.59554e-05,0.0168685,-0.393585,0.00199743,-2.42546,-0.0441062,9.9909,10.2812,0,3.04962
7,climb,-0.00409887,0.222067,-0.00427685,0.173945,0,0,0.00479703,0.390381,0.00234713,0.056316,0.196316,1.0891,1.03214,nan,0.28519,0.292668,0.290029,0.280405,0.277783,0.292668,0.277783,0.290029,0.280405,1,0,0.174197,0,4.51323e-05,-0.0464419,0.00231224,0.0126938,-0.521778,0.00349438,0.00218325,-2.28265e-05,0.00853436,-0.399485,0.00506929,-2.40823,-0.144906,10.1141,10.3978,0,2.76041
7.01,climb,-0.00405148,0.218159,-0.0039715,0.173812,0,0,0.00487213,0.391237,0.00188725,0.0573263,0.197326,1.03425,0.989319,nan,0.284566,0.290483,0.290628,0.278743,0.278534,0.290483,0.278534,0.290628,0.278743,1,0,0.174046,0,-0.000939922,-0.0451632,2.81425e-05,0.0117925,-0.521359,0.0034952,0.00182866,-6.92436e-05,0.013189,-0.385768,-0.0055457,-2.48741,0.0382922,9.99414,10.2991,0,2.54406
7.02,climb,-0.00400184,0.214242,-0.00375119,0.175216,0,0,0.00504998,0.39225,0.000652945,0.0583778,0.198378,1.04423,0.993745,nan,0.283952,0.290057,0.290317,0.277824,0.277732,0.290057,0.277732,0.290317,0.277824,1,0,0.175453,0,-0.000933367,-0.0470238,-7.38089e-05,0.0111177,-0.525569,0.00349777,0.00133206,-0.000103889,-0.00313771,-0.394707,0.0130954,-2.34346,-0.161254,9.9517,10.2252,0,2.2392
7.03,climb,-0.00394894,0.210312,-0.00417536,0.174818,0,0,0.00517946,0.393823,0.000671296,0.05947,0.19947,1.04131,0.988932,nan,0.283342,0.288116,0.290444,0.276088,0.278843,0.288116,0.278843,0.290444,0.276088,1,0,0.175065,0,0.00113156,-0.0447737,-0.0022338,0.0123998,-0.524378,0.00351311,0.000996666,-4.68822e-05,0.0162427,-0.394909,-0.00600955,-2.58228,-0.0130657,9.89351,10.225,0,2.03766
7.04,climb,-0.0038956,0.206365,-0.00404189,0.17564,0,0,0.00534298,0.395726,0.000872989,0.060603,0.200603,1.05129,0.99331,nan,0.282728,0.289027,0.288475,0.276711,0.276822,0.289027,0.276822,0.288475,0.276711,1,0,0.17588,0,0.00175803,-0.0454173,0.000194055,0.0119961,-0.526838,0.0035183,0.000556434,-7.15987e-05,0.0116817,-0.396437,-0.00530478,-2.3646,-0.0577199,9.98682,10.2631,0,1.76463
7.05,climb,-0.00383801,0.202398,-0.00436383,0.17494,0,0,0.00576561,0.397746,0.000248584,0.0617772,0.201777,1.02989,0.975244,nan,0.282106,0.289564,0.286482,0.277324,0.275178,0.289564,0.275178,0.286482,0.277324,1,0,0.175186,0,0.00248326,-0.0446133,0.00229785,0.0129544,-0.524738,0.00353159,0.000248316,-3.09174e-05,0.0126495,-0.392399,-0.00134765,-2.43929,-0.133726,10.0167,10.3103,0,1.57857
7.06,climb,-0.00377574,0.198411,-0.0039337,0.175952,0,0,0.00617757,0.399702,0.000610522,0.0629933,0.202993,1.03973,0.979948,nan,0.281475,0.286981,0.288151,0.275458,0.275438,0.286981,0.275438,0.288151,0.275458,1,0,0.176197,0,-0.0031562,-0.0459228,-0.000505402,0.01167,-0.527782,0.00353345,-0.00021209,-9.33679e-05,0.00762196,-0.406505,-0.000628052,-2.54666,-0.0268401,10.043,10.3609,0,1.29206
7.07,climb,-0.00371059,0.194406,-0.00431122,0.174829,0,0,0.00646228,0.401504,0.000510324,0.0642516,0.204252,1.02458,0.966195,nan,0.280838,0.28633,0.287022,0.274753,0.275374,0.28633,0.275374,0.287022,0.274753,1,0,0.175083,0,-0.000188757,-0.0440063,-0.00057674,0.0127743,-0.524413,0.00354603,-0.000480969,-4.74028e-05,-0.00279917,-0.397184,-0.006586,-2.43549,-0.145934,9.94881,10.2436,0,1.12884
7.08,climb,-0.00364363,0.190383,-0.00399254,0.176194,0,0,0.00679791,0.403011,0.00175339,0.0655527,0.205553,1.03433,0.971194,nan,0.280192,0.285446,0.286946,0.27335,0.275157,0.285446,0.275157,0.286946,0.27335,1,0,0.176433,0,0.000813518,-0.0452578,-0.00145323,0.0118605,-0.528489,0.00355105,-0.000977993,-9.44339e-05,0.0167748,-0.395872,0.0102543,-2.47404,-0.0811846,9.9625,10.2654,0,0.821187
7.09,climb,-0.00357464,0.186346,-0.00364216,0.175243,0,0,0.00701658,0.404349,0.000750348,0.0668971,0.206897,0.999664,0.94395,nan,0.279541,0.284694,0.286404,0.272726,0.274471,0.284694,0.274471,0.286404,0.272726,1,0,0.175474,0,9.03523e-05,-0.0452884,-0.00151874,0.0108183,-0.525655,0.00354984,-0.00126092,-0.000133752,0.0159982,-0.400264,-0.00336872,-2.30042,-0.0469313,9.91083,10.1744,0,0.644349
7.1,climb,-0.00350298,0.182298,-0.00400995,0.176246,0,0,0.00710161,0.40511,0.00135944,0.068285,0.208285,1.0092,0.948999,nan,0.278889,0.284829,0.284302,0.273658,0.272895,0.284829,0.272895,0.284302,0.273658,1,0,0.176491,0,-0.000627102,-0.0427817,0.000567496,0.0118967,-0.528661,0.00356444,-0.00172882,-8.86575e-05,0.00707334,-0.408252,0.00660802,-2.50169,-0.10984,10.0743,10.3809,0,0.364895
7.11,climb,-0.00343154,0.178246,-0.00366839,0.175798,0,0,0.00709843,0.40546,0.00139287,0.0697158,0.209716,1.00616,0.944731,nan,0.278253,0.28428,0.284315,0.272347,0.272194,0.28428,0.272194,0.284315,0.272347,1,0,0.17604,0,-0.000499094,-0.0455788,5.19403e-05,0.0108957,-0.52732,0.00356521,-0.00206081,-0.000128102,0.0155269,-0.405863,0.0012039,-2.39821,0.0394128,10.0906,10.3718,0,0.172011
7.12,climb,-0.0033608,0.174189,-0.00344684,0.176491,0,0,0.00696857,0.405859,0.000844646,0.0711884,0.211188,1.01569,0.949562,nan,0.277634,0.284018,0.28307,0.2721,0.271471,0.284018,0.271471,0.28307,0.2721,1,0,0.176728,0,0.000843625,-0.0445613,0.000693014,0.0102405,-0.529393,0.00356712,-0.00249659,-0.000156383,0.0165975,-0.407813,0.00523174,-2.38885,-0.142879,10.0305,10.3121,0,0.15908
7.13,climb,-0.00329095,0.170129,-0.00393923,0.176148,0,0,0.00686713,0.406201,0.00131661,0.0727016,0.212702,0.992617,0.93084,nan,0.277033,0.282512,0.28324,0.270796,0.271703,0.282512,0.271703,0.28324,0.270796,1,0,0.176394,0,0.000474072,-0.044058,-0.000718449,0.0116948,-0.528361,0.00358214,-0.00283936,-9.29236e-05,0.0139175,-0.404416,-0.00288056,-2.52094,-0.0427797,9.94621,10.2608,0,0.361511
7.14,climb,-0.0032227,0.166065,-0.00384102,0.176956,0,0,0.00679969,0.406507,0.00108877,0.0742542,0.214254,1.00201,0.935598,nan,0.276449,0.28145,0.283187,0.269323,0.271951,0.28145,0.271951,0.283187,0.269323,1,0,0.177197,0,0.00236535,-0.0442669,-0.0019189,0.0114091,-0.530784,0.00358835,-0.00328406,-0.000107651,0.0187176,-0.410022,-0.00438272,-2.37168,-0.111935,9.89769,10.1785,0,0.63247
7.15,climb,-0.00315581,0.161999,-0.00426966,0.176161,0,0,0.0067609,0.40672,0.0021495,0.0758452,0.215845,0.970358,0.910304,nan,0.27588,0.28105,0.282866,0.269093,0.270625,0.28105,0.270625,0.282866,0.269093,1,0,0.176406,0,-0.000753035,-0.0458494,-0.00147146,0.0126784,-0.528395,0.00360279,-0.00358644,-5.21372e-05,0.0143754,-0.401038,0.00939402,-2.62074,-0.124824,10.0038,10.3421,0,0.820606
7.16,climb,-0.00308989,0.15793,-0.00411939,0.177162,0,0,0.00675905,0.407054,0.00225927,0.0774736,0.217474,0.97955,0.91472,nan,0.275327,0.281076,0.281907,0.268048,0.270385,0.281076,0.270385,0.281907,0.268048,1,0,0.177414,0,0.00399416,-0.0465182,-0.00139185,0.0122311,-0.531403,0.00361075,-0.00404907,-7.83146e-05,0.0155901,-0.412294,0.0024188,-2.34907,0.0417489,9.90976,10.1845,0,1.10801
7.17,climb,-0.00302376,0.153858,-0.0042923,0.176526,0,0,0.00681195,0.407516,0.00285703,0.0791383,0.219138,0.981485,0.913759,nan,0.274787,0.279625,0.281926,0.267678,0.270026,0.279625,0.270026,0.281926,0.267678,1,0,0.176787,0,0.000126161,-0.0451846,-0.00204309,0.0127404,-0.529518,0.00362085,-0.00436427,-5.90223e-05,0.0120768,-0.423599,0.00533463,-2.51347,-0.140687,9.99066,10.3029,0,1.30482
7.18,climb,-0.00295884,0.14978,-0.00431769,0.177525,0,0,0.00677759,0.408051,0.00365223,0.0808386,0.220839,0.990711,0.91805,nan,0.274261,0.280223,0.280721,0.267561,0.268642,0.280223,0.268642,0.280721,0.267561,1,0,0.177778,0,0.001545,-0.0468789,-0.000694135,0.0128104,-0.532482,0.00363254,-0.00482553,-5.91115e-05,0.0106926,-0.409712,-0.000203972,-2.34285,0.0256406,9.95439,10.2264,0,1.59471
7.19,climb,-0.00289447,0.145696,-0.00469573,0.176961,0,0,0.00675384,0.408872,0.0029212,0.0825735,0.222573,0.950917,0.88668,nan,0.273745,0.279265,0.280043,0.267442,0.268333,0.279265,0.268333,0.280043,0.267442,1,0,0.177219,0,0.000296997,-0.0445904,-0.00073358,0.0139288,-0.530787,0.00364641,-0.00514584,-1.59035e-05,0.00770406,-0.402819,0.00380885,-2.54788,-0.2179,9.91431,10.2388,0,1.79734
7.2,climb,-0.00282987,0.141603,-0.00439696,0.177793,0,0,0.00682785,0.409595,0.0037779,0.0843426,0.224343,0.959871,0.891,nan,0.273232,0.279764,0.279215,0.267187,0.266865,0.279764,0.266865,0.279215,0.267187,1,0,0.178047,0,0.000602199,-0.0472312,0.000382913,0.0130308,-0.533288,0.00365376,-0.00559123,-6.47271e-05,0.00105498,-0.414393,0.000500302,-2.37101,-0.0337814,9.95517,10.2337,0,2.07778
7.21,climb,-0.00276355,0.137504,-0.0045495,0.176993,0,0,0.00702862,0.410374,0.00260797,0.086146,0.226146,0.960074,0.888868,nan,0.272718,0.279146,0.278263,0.266838,0.266727,0.279146,0.266727,0.278263,0.266838,1,0,0.177256,0,0.00204868,-0.0451794,0.000437427,0.0134934,-0.530903,0.00366295,-0.00588665,-5.25983e-05,0.00655305,-0.418675,0.00337274,-2.5215,-0.115249,9.98511,10.2992,0,2.26706
7.22,climb,-0.00269311,0.133396,-0.00417966,0.177822,0,0,0.0073869,0.411112,0.00191672,0.0879837,0.227984,0.96905,0.89325,nan,0.272203,0.2773,0.279339,0.265469,0.266807,0.2773,0.266807,0.279339,0.265469,1,0,0.178068,0,-0.00186023,-0.0461625,-0.00148425,0.0124099,-0.533369,0.00366817,-0.00633057,-0.000102859,0.0185166,-0.411293,-0.00927882,-2.41126,-0.0417236,9.96033,10.2481,0,2.54845
7.23,climb,-0.00261936,0.129282,-0.00452105,0.176938,0,0,0.00765596,0.411785,0.00244636,0.0898557,0.229856,0.956474,0.881975,nan,0.271688,0.277404,0.277994,0.265119,0.26634,0.277404,0.26634,0.277994,0.265119,1,0,0.177193,0,0.00167308,-0.0453593,-0.000795774,0.0134137,-0.530732,0.00368001,-0.00662282,-6.28329e-05,0.00958224,-0.41461,0.00391649,-2.4839,-0.0711392,9.94867,10.2543,0,2.73432
7.24,climb,-0.00254268,0.125161,-0.00460179,0.17817,0,0,0.00793179,0.412372,0.00187606,0.091762,0.231762,0.965387,0.886491,nan,0.271173,0.277873,0.276285,0.265921,0.264716,0.277873,0.264716,0.276285,0.265921,1,0,0.178436,0,0.00101532,-0.0445695,0.00122753,0.0136816,-0.534427,0.00369379,-0.0071075,-5.89379e-05,0.0312393,-0.423563,-0.00116606,-2.44294,0.00892325,9.93534,10.2313,0,3.04093
7.25,climb,-0.00246304,0.121035,-0.00469369,0.177095,0,0,0.00813479,0.412873,0.00158515,0.0937027,0.233703,0.931389,0.859714,nan,0.270658,0.275931,0.277115,0.263959,0.265731,0.275931,0.265731,0.277115,0.263959,1,0,0.177356,0,0.00155796,-0.0442542,-0.00129882,0.0139322,-0.531193,0.00370265,-0.00738154,-4.61611e-05,0.0140405,-0.409205,0.00530567,-2.38133,-0.172561,9.97639,10.2581,0,3.21593
7.26,climb,-0.00238179,0.116904,-0.00456476,0.1782,0,0,0.00831031,0.413304,0.00162865,0.0956776,0.235678,0.940078,0.864326,nan,0.270145,0.276577,0.275804,0.264421,0.263881,0.276577,0.263881,0.275804,0.264421,1,0,0.178466,0,0.000615991,-0.045624,0.000577032,0.0135498,-0.534517,0.00371354,-0.00785269,-6.9833e-05,0.0154922,-0.42455,0.00404563,-2.37816,-0.041328,9.89827,10.18,0,3.5154
7.27,climb,-0.00229804,0.112769,-0.00456113,0.176884,0,0,0.00843629,0.413698,0.000358658,0.0976866,0.237687,0.922725,0.849867,nan,0.269636,0.27467,0.276241,0.262945,0.264789,0.27467,0.264789,0.276241,0.262945,1,0,0.177151,0,0.000723528,-0.043915,-0.0015006,0.0135335,-0.530584,0.00371971,-0.00810286,-7.0912e-05,0.010626,-0.425485,0.00126627,-2.42389,-0.106648,9.98425,10.2748,0,3.67687
7.28,climb,-0.00221282,0.10863,-0.00484413,0.177989,0,0,0.00858751,0.413951,0.00107833,0.0997295,0.23973,0.931317,0.854458,nan,0.26913,0.27553,0.274734,0.263721,0.262636,0.27553,0.262636,0.274734,0.263721,1,0,0.178261,0,-0.000766279,-0.045301,0.000826951,0.0143908,-0.533878,0.00373649,-0.00857588,-4.3617e-05,0.0233899,-0.418616,0.00708975,-2.54277,-0.00711823,9.84064,10.1639,0,3.97785
7.29,climb,-0.00212567,0.10449,-0.00464515,0.176734,0,0,0.00879762,0.414078,-0.000278549,0.101806,0.241806,0.937216,0.856974,nan,0.268628,0.273219,0.275874,0.26088,0.26464,0.273219,0.26464,0.275874,0.26088,1,0,0.176995,0,0.00292939,-0.0446667,-0.00281991,0.0137914,-0.530116,0.00374112,-0.00883201,-6.72189e-05,0.0145036,-0.412295,0.012174,-2.38338,-0.104487,9.9468,10.2289,0,4.14268
7.3,climb,-0.00203566,0.100349,-0.00480819,0.177728,0,0,0.00912708,0.414138,0.000923947,0.103916,0.243916,0.945879,0.861783,nan,0.268131,0.273972,0.274141,0.262189,0.26232,0.273972,0.26232,0.274141,0.262189,1,0,0.177985,0,-9.96402e-05,-0.0447259,-0.000132228,0.0142756,-0.533075,0.00375562,-0.00929312,-5.40714e-05,0.0168537,-0.405662,0.00922543,-2.42118,-0.039407,9.92394,10.2151,0,4.43716
7.31,climb,-0.00194357,0.0962076,-0.00474956,0.176663,0,0,0.00926389,0.414183,0.000260277,0.106058,0.246058,0.947432,0.86108,nan,0.267638,0.273696,0.273274,0.261785,0.261896,0.273696,0.261896,0.273274,0.261785,1,0,0.176933,0,0.00141127,-0.0441282,0.000136631,0.0141057,-0.529912,0.00376226,-0.00956348,-6.16558e-05,0.0180049,-0.418624,0.0100761,-2.42636,-0.192053,9.9756,10.2682,0,4.61332
7.32,climb,-0.00184971,0.0920641,-0.0048342,0.177667,0,0,0.00932572,0.414539,-0.000888002,0.108233,0.248233,0.956135,0.865905,nan,0.267164,0.272964,0.273338,0.26101,0.261435,0.272964,0.261435,0.273338,0.26101,1,0,0.17793,0,0.000135054,-0.0452045,-0.000351569,0.0143402,-0.532903,0.00377664,-0.0100246,-5.878e-05,0.012328,-0.412452,-0.0127911,-2.49214,-0.0676223,9.94982,10.2574,0,4.90837
7.33,climb,-0.00175545,0.0879171,-0.00461867,0.176345,0,0,0.0092012,0.414856,-0.000974924,0.110439,0.250439,0.921045,0.838424,nan,0.266715,0.272897,0.272372,0.261162,0.260515,0.272897,0.260515,0.272372,0.261162,1,0,0.176611,0,-0.00032306,-0.0447037,0.000515026,0.0137155,-0.528973,0.00378126,-0.0102713,-8.07347e-05,0.0170484,-0.42586,0.0050469,-2.40859,-0.103341,9.90666,10.1958,0,5.06985
7.34,climb,-0.00166278,0.0837673,-0.00486264,0.177087,0,0,0.00907874,0.415081,-0.000489899,0.112674,0.252674,0.929517,0.842981,nan,0.266289,0.271066,0.273435,0.259873,0.260866,0.271066,0.260866,0.273435,0.259873,1,0,0.177353,0,-0.00365142,-0.0450257,-0.00147739,0.0144292,-0.531182,0.00379731,-0.0107094,-5.67809e-05,0.0100775,-0.421998,0.0133484,-2.4266,-0.0155142,9.89413,10.1874,0,5.35055
7.35,climb,-0.00157234,0.0796156,-0.00449822,0.176055,0,0,0.00885092,0.415263,-0.000167003,0.114936,0.254936,0.931258,0.842087,nan,0.265887,0.272191,0.271133,0.261006,0.259297,0.272191,0.259297,0.271133,0.261006,1,0,0.176314,0,-0.00172609,-0.0436216,0.00121611,0.0133606,-0.528091,0.00379983,-0.0109815,-9.96988e-05,0.02013,-0.416548,-0.00541788,-2.48535,-0.209968,9.96029,10.2678,0,5.52863
7.36,climb,-0.00148438,0.0754624,-0.00407825,0.176983,0,0,0.00861034,0.415361,0.000199012,0.117224,0.257224,0.939768,0.846572,nan,0.265506,0.272453,0.270368,0.260223,0.259056,0.272453,0.259056,0.270368,0.260223,1,0,0.177232,0,0.00243377,-0.044608,0.00142964,0.0121153,-0.530869,0.00380439,-0.011429,-0.000151932,0.0212065,-0.420734,-0.00581503,-2.40734,-0.0303811,9.90166,10.1901,0,5.81899
7.37,climb,-0.00139921,0.0713082,-0.00439637,0.175971,0,0,0.00829728,0.415483,0.000622582,0.119537,0.259537,0.93552,0.841477,nan,0.265145,0.269743,0.272083,0.258424,0.260402,0.269743,0.260402,0.272083,0.258424,1,0,0.176226,0,-0.000961675,-0.0435779,-0.00189765,0.0130538,-0.527839,0.0038147,-0.0117043,-0.000109926,0.0153294,-0.416216,0.00290726,-2.48585,-0.0755883,9.93557,10.2421,0,5.99962
7.38,climb,-0.00131798,0.067153,-0.00461423,0.17648,0,0,0.00799429,0.415573,0.000949353,0.121874,0.261874,0.944015,0.845555,nan,0.264802,0.269417,0.27207,0.25695,0.260839,0.269417,0.260839,0.27207,0.25695,1,0,0.176742,0,0.00327755,-0.0449024,-0.00287576,0.0137061,-0.529367,0.00382758,-0.0121134,-8.72648e-05,0.0198337,-0.421406,0.00507147,-2.31321,-0.100994,9.83976,10.1085,0,6.26723
7.39,climb,-0.00123941,0.0629968,-0.00490689,0.175903,0,0,0.00785503,0.415609,0.00127001,0.124232,0.264232,0.923895,0.828944,nan,0.264476,0.270042,0.270489,0.258472,0.258964,0.270042,0.258964,0.270489,0.258472,1,0,0.176173,0,0.000118019,-0.0437605,-0.000412649,0.0145714,-0.527636,0.00384082,-0.0124274,-5.45182e-05,0.0185955,-0.417392,-0.0014006,-2.41226,0.0859913,9.93951,10.2284,0,6.47284
7.4,climb,-0.0011614,0.0588423,-0.00512062,0.176413,0,0,0.00784014,0.415222,0.000968328,0.126612,0.266612,0.932265,0.833187,nan,0.264158,0.268742,0.271973,0.256815,0.259166,0.268742,0.259166,0.271973,0.256815,1,0,0.176682,0,-0.0023347,-0.0468655,-0.00245408,0.0151565,-0.52915,0.0038556,-0.0128351,-3.73348e-05,-0.010723,-0.41161,-0.0170206,-2.41128,-0.119876,9.93102,10.2203,0,6.74044
7.41,climb,-0.00108367,0.054692,-0.00455054,0.175385,0,0,0.0077568,0.414853,0.000934567,0.129013,0.269013,0.906004,0.812164,nan,0.263841,0.270774,0.268875,0.258632,0.257148,0.270774,0.257148,0.268875,0.258632,1,0,0.175635,0,0.00110065,-0.0452286,0.0014869,0.0135095,-0.526068,0.00385649,-0.0131023,-0.000104491,0.0140088,-0.4054,0.00107748,-2.28428,0.00458617,9.97839,10.2365,0,6.91831
7.42,climb,-0.00100665,0.0505448,-0.00471621,0.176158,0,0,0.00773934,0.414541,0.00157906,0.131435,0.271435,0.91421,0.816476,nan,0.263525,0.26863,0.270562,0.256024,0.258947,0.26863,0.258947,0.270562,0.256024,1,0,0.176426,0,0.00263032,-0.0458949,-0.002134,0.0139972,-0.528409,0.00386884,-0.0135347,-9.23475e-05,0.0123204,-0.426908,0.00257386,-2.36562,-0.1191,9.92581,10.2045,0,7.20047
7.43,climb,-0.000929496,0.046401,-0.00490631,0.174945,0,0,0.00785079,0.414204,0.00171456,0.133878,0.273878,0.882755,0.791908,nan,0.26321,0.268772,0.269284,0.256961,0.257885,0.268772,0.257885,0.269284,0.256961,1,0,0.175212,0,0.00109495,-0.0439787,-0.000631129,0.0145558,-0.52477,0.00387785,-0.0137893,-7.06451e-05,0.00829839,-0.417371,-0.00303645,-2.38929,-0.129151,9.94074,10.2247,0,7.36877
7.44,climb,-0.00085052,0.042261,-0.00452126,0.17575,0,0,0.00808575,0.413736,0.00149095,0.136343,0.276343,0.89076,0.796393,nan,0.262896,0.269829,0.267797,0.258037,0.255982,0.269829,0.255982,0.267797,0.258037,1,0,0.176009,0,-6.27589e-05,-0.0447323,0.0017962,0.0134207,-0.527182,0.00388405,-0.0142196,-0.000121181,0.014272,-0.421516,-0.00520285,-2.33771,0.00911903,9.93719,10.2085,0,7.65144
7.45,climb,-0.000768763,0.0381242,-0.00486087,0.174638,0,0,0.00838373,0.413742,0.00169108,0.138828,0.278828,0.878107,0.78571,nan,0.262588,0.267286,0.269782,0.255409,0.257936,0.267286,0.257936,0.269782,0.255409,1,0,0.174907,0,8.07693e-05,-0.0449509,-0.00220817,0.0144222,-0.523864,0.00389509,-0.0144833,-8.09963e-05,0.00761658,-0.426068,0.00319967,-2.45408,-0.0998984,9.94912,10.2478,0,7.82532
7.46,climb,-0.000684749,0.0339857,-0.00483554,0.175329,0,0,0.00853294,0.413966,0.00243577,0.141333,0.281333,0.886047,0.790084,nan,0.262299,0.268429,0.267838,0.25682,0.256163,0.268429,0.256163,0.267838,0.25682,1,0,0.175588,0,-0.000174334,-0.0441195,0.000548478,0.0143559,-0.525903,0.00390613,-0.014902,-8.69495e-05,0.0142521,-0.408921,0.00433759,-2.29774,-0.169122,9.96587,10.2287,0,8.10199
7.47,climb,-0.000599463,0.0298455,-0.00478374,0.174593,0,0,0.00869087,0.414034,0.00267238,0.143856,0.283856,0.874525,0.780375,nan,0.26203,0.267069,0.268478,0.255636,0.256988,0.267069,0.256988,0.268478,0.255636,1,0,0.174851,0,-0.000151019,-0.0434328,-0.00121358,0.014204,-0.5237,0.00391405,-0.0151963,-9.06697e-05,0.015793,-0.406491,-0.00321799,-2.30688,-0.0063295,9.87856,10.1443,0,8.29699
7.48,climb,-0.000512389,0.0257052,-0.00471404,0.174905,0,0,0.00885506,0.414014,0.00241842,0.146396,0.286396,0.882405,0.784598,nan,0.261781,0.26817,0.267181,0.256849,0.254971,0.26817,0.254971,0.267181,0.256849,1,0,0.175169,0,-0.00235644,-0.0445864,0.00126019,0.0139967,-0.524649,0.00392288,-0.0155817,-0.000102658,0.0164456,-0.418509,-0.00680161,-2.39608,-0.106803,9.89568,10.1822,0,8.55198
7.49,climb,-0.000424138,0.0215654,-0.00448634,0.173679,0,0,0.00886336,0.41393,0.00238433,0.148953,0.288953,0.872667,0.775772,nan,0.26155,0.268286,0.266489,0.256015,0.255453,0.268286,0.255453,0.266489,0.256015,1,0,0.173932,0,0.00327327,-0.044162,0.00103689,0.0133079,-0.52099,0.00392654,-0.0158288,-0.000125931,0.00576739,-0.421159,-0.00629018,-2.3995,-0.0499602,9.87185,10.1594,0,8.71866
7.5,climb,-0.000335774,0.0174265,-0.00418851,0.17379,0,0,0.00889563,0.413825,0.00163488,0.151524,0.291524,0.880499,0.780065,nan,0.261335,0.267438,0.267221,0.255378,0.255346,0.267438,0.255346,0.267221,0.255378,1,0,0.174028,0,0.000489507,-0.045351,0.000109797,0.0124382,-0.521297,0.00393108,-0.0161916,-0.000162756,0.0139398,-0.405996,0.000147834,-2.1984,-0.0149941,9.94309,10.1832,0,8.96171
7.51,climb,-0.000246732,0.0132889,-0.00428988,0.172924,0,0,0.00895743,0.413647,0.001722,0.154109,0.294109,0.870929,0.771302,nan,0.261136,0.268044,0.265698,0.256896,0.253946,0.268044,0.253946,0.265698,0.256896,1,0,0.173174,0,-0.00160378,-0.0433907,0.00232741,0.0127662,-0.518724,0.00393841,-0.0164716,-0.000146614,0.0301332,-0.415533,0.00753799,-2.3438,0.047434,9.91351,10.1869,0,9.14938
7.52,climb,-0.000157225,0.00915397,-0.00461014,0.173255,0,0,0.00898462,0.413291,0.00175329,0.156707,0.296707,0.878718,0.775507,nan,0.260951,0.26637,0.267323,0.25492,0.255228,0.26637,0.255228,0.267323,0.25492,1,0,0.173521,0,-0.00170736,-0.0446122,-0.000554379,0.0136917,-0.519729,0.00395101,-0.0168565,-0.000113006,0.0135121,-0.427359,0.0104689,-2.47481,-0.127757,9.89288,10.1985,0,9.40576
7.53,climb,-6.72011e-05,0.00502479,-0.00426767,0.172288,0,0,0.00904089,0.412405,0.000926475,0.159317,0.299317,0.841874,0.747026,nan,0.260776,0.266026,0.26709,0.254115,0.255907,0.266026,0.255907,0.26709,0.254115,1,0,0.172536,0,0.00193222,-0.0437582,-0.00125511,0.0126553,-0.51682,0.0039526,-0.0171219,-0.000150954,-0.000720501,-0.414795,0.00642101,-2.20194,-0.161133,9.92515,10.1677,0,9.5865
7.54,climb,2.32893e-05,0.00090568,-0.00442455,0.173068,0,0,0.00905415,0.411352,0.00166718,0.161938,0.301938,0.849426,0.751311,nan,0.260605,0.265914,0.267285,0.253784,0.255474,0.265914,0.255474,0.267285,0.253784,1,0,0.173314,0,0.000847478,-0.0453631,-0.00134545,0.0131361,-0.519139,0.00396472,-0.0175417,-0.000135054,0.0114146,-0.406637,0.0016202,-2.33807,-0.010014,10.0633,10.3314,0,9.86746
7.55,climb,0.000113748,-0.00320296,-0.00457538,0.172141,0,0,0.00902358,0.41031,0.00196773,0.16457,0.30457,0.834362,0.739068,nan,0.260438,0.266294,0.266644,0.254296,0.254552,0.266294,0.254552,0.266644,0.254296,1,0,0.172402,0,-0.000249061,-0.0456455,-0.000266964,0.0135796,-0.516374,0.00397343,-0.0178092,-0.000118514,0.0071845,-0.409836,0.00454591,-2.30706,0.0937647,9.9042,10.1698,0,10.0501
7.56,climb,0.000203775,-0.00730129,-0.00427298,0.172482,0,0,0.00894804,0.409311,0.00171198,0.167214,0.307214,0.841828,0.743401,nan,0.260274,0.265863,0.266312,0.254276,0.254679,0.265863,0.254679,0.266312,0.254276,1,0,0.172734,0,-0.00012214,-0.0439975,-0.000374722,0.0126971,-0.517403,0.00397816,-0.0181869,-0.000154012,0.0174407,-0.417739,0.00447717,-2.33304,-0.146565,9.92377,10.1954,0,10.304
7.57,climb,0.000292863,-0.0113893,-0.00414218,0.171412,0,0,0.00883598,0.408247,0.000308806,0.169868,0.309868,0.834931,0.737017,nan,0.260114,0.265105,0.266957,0.253094,0.255333,0.265105,0.255333,0.266957,0.253094,1,0,0.171664,0,0.00102528,-0.044783,-0.00179845,0.0123005,-0.514209,0.0039818,-0.0184388,-0.000164466,0.00859075,-0.420597,0.0157019,-2.25148,-0.117643,9.91972,10.1727,0,10.4768
7.58,climb,0.000380971,-0.0154708,-0.00437143,0.17181,0,0,0.00872496,0.408384,0.00150168,0.172533,0.312533,0.842378,0.741363,nan,0.259968,0.266325,0.265483,0.254485,0.253605,0.266325,0.253605,0.265483,0.254485,1,0,0.172058,0,-0.00010255,-0.0449414,0.000756848,0.0129755,-0.515379,0.00399353,-0.0188196,-0.000142075,0.00830938,-0.407352,-0.000138121,-2.17066,-0.0797858,9.93774,10.1724,0,10.7338
7.59,climb,0.000467521,-0.0195616,-0.00427145,0.170879,0,0,0.00850912,0.409846,0.000756628,0.175206,0.315206,0.809445,0.716304,nan,0.259845,0.26601,0.265317,0.254258,0.253815,0.26601,0.253815,0.265317,0.254258,1,0,0.171135,0,0.000662186,-0.0440628,0.000499598,0.0126845,-0.512623,0.00399938,-0.0190873,-0.000150326,0.00940832,-0.425018,0.00920041,-2.30043,0.042647,9.95176,10.2143,0,10.9148
7.6,climb,0.000551773,-0.0236658,-0.00424689,0.171533,0,0,0.00833752,0.410979,0.000930917,0.177887,0.317887,0.816686,0.720465,nan,0.259756,0.265218,0.2659,0.253046,0.254876,0.265218,0.254876,0.2659,0.253046,1,0,0.171781,0,0.00304562,-0.0439516,-0.00110382,0.0126085,-0.514561,0.00400813,-0.0194921,-0.000158724,0.00928052,-0.41556,0.00215507,-2.33747,0.0320595,9.93039,10.2018,0,11.1874
7.61,climb,0.000635431,-0.0277795,-0.00401236,0.17014,0,0,0.00833848,0.411768,0.000509971,0.180572,0.320572,0.790333,0.700125,nan,0.259699,0.266341,0.264634,0.254947,0.252883,0.266341,0.252883,0.264634,0.254947,1,0,0.17038,0,-0.000946604,-0.0438559,0.00165735,0.0119313,-0.510392,0.00400962,-0.019715,-0.000181496,0.0172188,-0.412293,0.0203333,-2.3902,-0.10638,9.91792,10.2024,0,11.343
7.62,climb,0.000718857,-0.0319001,-0.00447991,0.170679,0,0,0.00834148,0.412347,0.000477875,0.18326,0.32326,0.79741,0.704023,nan,0.259668,0.265917,0.26482,0.254392,0.253547,0.265917,0.253547,0.26482,0.254392,1,0,0.170932,0,0.000667804,-0.0431961,0.000853714,0.0132948,-0.512015,0.00402315,-0.0201092,-0.000132979,0.00512499,-0.420066,0.000784657,-2.31105,-0.157034,9.99984,10.2646,0,11.6107
7.63,climb,0.000802926,-0.0360253,-0.00436144,0.169378,0,0,0.0084006,0.412635,0.000799251,0.185949,0.325949,0.765466,0.67946,nan,0.259661,0.265675,0.264968,0.254231,0.253769,0.265675,0.253769,0.264968,0.254231,1,0,0.169638,0,0.000652073,-0.0429037,0.000513898,0.0129691,-0.508138,0.00402742,-0.0203424,-0.000146716,0.0221875,-0.427803,-0.00593827,-2.24621,-0.18848,9.9493,10.2014,0,11.7724
7.64,climb,0.000887518,-0.0401516,-0.00470456,0.169629,0,0,0.00843506,0.412552,0.000630318,0.188638,0.328638,0.772332,0.683366,nan,0.259673,0.264041,0.266459,0.252546,0.255643,0.264041,0.255643,0.266459,0.252546,1,0,0.16989,0,0.0018026,-0.0422753,-0.00242359,0.0139787,-0.508865,0.004042,-0.0207125,-0.000113188,0.0170042,-0.412747,-0.0075142,-2.24107,-0.122887,9.92895,10.1795,0,12.0237
7.65,climb,0.000972453,-0.0442751,-0.00461933,0.168788,0,0,0.00847042,0.412055,0.00033673,0.191325,0.331325,0.768605,0.679313,nan,0.259703,0.265377,0.26541,0.253534,0.254484,0.265377,0.254484,0.26541,0.253534,1,0,0.169049,0,0.00243183,-0.0431432,-0.000432123,0.0137118,-0.506358,0.00404924,-0.0209849,-0.000122669,0.00629093,-0.417488,-0.00611431,-2.2491,-0.0781487,9.83813,10.0922,0,12.2117
7.66,climb,0.00105785,-0.0483924,-0.00463717,0.169396,0,0,0.00849188,0.411321,0.000962914,0.19401,0.33401,0.775473,0.683196,nan,0.259746,0.264445,0.266628,0.252777,0.255125,0.264445,0.255125,0.266628,0.252777,1,0,0.16965,0,0.000437651,-0.0439022,-0.00199144,0.0137593,-0.508162,0.00406095,-0.0213837,-0.000127189,0.0027227,-0.408873,-0.00216666,-2.18769,-0.0575544,9.93753,10.1756,0,12.4825
7.67,climb,0.00114341,-0.0525014,-0.00458673,0.168483,0,0,0.00846327,0.410396,0.000630181,0.196692,0.336692,0.766073,0.675086,nan,0.259801,0.26472,0.266558,0.252899,0.255014,0.26472,0.255014,0.266558,0.252899,1,0,0.168743,0,0.000734289,-0.044271,-0.00173769,0.0136121,-0.505446,0.00406878,-0.0216484,-0.000134934,0.00233481,-0.419342,0.00357377,-2.23424,-0.0150566,9.79256,10.0442,0,12.6655
7.68,climb,0.00122874,-0.0566009,-0.0049317,0.16881,0,0,0.00845013,0.409467,0.000493767,0.19937,0.33937,0.772894,0.678957,nan,0.259865,0.266528,0.264781,0.255022,0.253115,0.266528,0.253115,0.264781,0.255022,1,0,0.169069,0,-0.000423111,-0.0439072,0.00160608,0.0146401,-0.506402,0.00408511,-0.0220183,-0.000104602,0.0064031,-0.404684,-0.00131475,-2.16917,-0.00507917,9.90261,10.1374,0,12.9197
7.69,climb,0.00131333,-0.0606911,-0.00476014,0.167783,0,0,0.00838442,0.408484,0.000834015,0.202043,0.342043,0.768222,0.674462,nan,0.259936,0.265284,0.266068,0.254059,0.254319,0.265284,0.254319,0.266068,0.254059,1,0,0.168042,0,-0.00139091,-0.0435296,-0.000459151,0.014138,-0.503337,0.00409232,-0.0222688,-0.000125358,0.00863072,-0.408938,0.0061217,-2.16605,-0.0579418,10.0169,10.2486,0,13.095
7.7,climb,0.00139732,-0.0647708,-0.00488725,0.167982,0,0,0.00825637,0.407387,0.000424321,0.204711,0.344711,0.775035,0.678405,nan,0.260013,0.266,0.265472,0.254515,0.25405,0.266,0.25405,0.265472,0.254515,1,0,0.168244,0,0.000168823,-0.0434062,0.000436755,0.0145186,-0.503925,0.00410609,-0.0226251,-0.000117772,0.0116903,-0.403717,0.00264855,-2.20172,0.0191756,10.0164,10.2556,0,13.3404
7.71,climb,0.00147988,-0.0688392,-0.00481663,0.167067,0,0,0.00807909,0.406208,0.000871692,0.207374,0.347374,0.770612,0.674084,nan,0.260094,0.264802,0.267086,0.253385,0.255085,0.264802,0.255085,0.267086,0.253385,1,0,0.167329,0,-0.00154824,-0.0443724,-0.00175093,0.0143157,-0.501192,0.00411503,-0.0228829,-0.000125515,0.0149954,-0.405441,0.00360953,-2.2542,0.0442071,9.88645,10.1403,0,13.521
7.72,climb,0.00156079,-0.0728954,-0.00488301,0.167226,0,0,0.00780011,0.404983,0.00173948,0.210031,0.350031,0.777421,0.678244,nan,0.260178,0.26644,0.265498,0.254873,0.253883,0.26644,0.253883,0.265498,0.254873,1,0,0.167486,0,-0.000130488,-0.0439261,0.000848968,0.0144971,-0.501657,0.00412879,-0.0232317,-0.000126969,0.0054482,-0.397872,-0.00146743,-2.11786,0.0127123,9.96373,10.1863,0,13.7627
7.73,climb,0.00163936,-0.0769394,-0.00463273,0.166009,0,0,0.00756537,0.403761,0.00163639,0.212683,0.352683,0.743582,0.652849,nan,0.260263,0.267197,0.265003,0.255593,0.253243,0.267197,0.253243,0.265003,0.255593,1,0,0.166264,0,-0.00041583,-0.0442695,0.00199721,0.0137573,-0.498038,0.00413356,-0.0234578,-0.000155328,0.00757254,-0.412294,-0.00987829,-2.13078,0.0607861,10.0325,10.2565,0,13.9243
7.74,climb,0.00171584,-0.0809711,-0.00437356,0.166015,0,0,0.00744156,0.402494,0.0017959,0.215329,0.355329,0.750177,0.657059,nan,0.26035,0.266692,0.265484,0.255302,0.253904,0.266692,0.253904,0.265484,0.255302,1,0,0.166264,0,-0.000503855,-0.0435244,0.00114535,0.0129913,-0.498041,0.00413899,-0.0237893,-0.00018946,0.0107111,-0.403051,-0.0141874,-2.10351,-0.0375301,9.97707,10.1965,0,14.1553
7.75,climb,0.0017919,-0.0849894,-0.00460734,0.164914,0,0,0.00741641,0.401081,0.00180153,0.217969,0.357969,0.736844,0.646902,nan,0.260437,0.264632,0.267379,0.253575,0.256143,0.264632,0.256143,0.267379,0.253575,1,0,0.165168,0,-0.000475885,-0.04224,-0.00233597,0.0136867,-0.494762,0.00414875,-0.024026,-0.000165149,0.00732185,-0.410458,0.00345252,-2.16288,-0.0600188,9.96981,10.2019,0,14.3229
7.76,climb,0.00186841,-0.0889931,-0.00430616,0.165079,0,0,0.00743837,0.399537,0.0014438,0.220603,0.360603,0.743381,0.651243,nan,0.260523,0.266842,0.266208,0.254495,0.254531,0.266842,0.254531,0.266208,0.254495,1,0,0.16532,0,0.00177581,-0.0455216,0.000262402,0.0128146,-0.495232,0.0041539,-0.0243688,-0.00020016,0.0216508,-0.395891,0.00839947,-2.06686,0.0131516,9.98651,10.1982,0,14.5613
7.77,climb,0.00194495,-0.0929804,-0.00446345,0.164066,0,0,0.00747333,0.397835,0.00152092,0.223232,0.363232,0.770551,0.670499,nan,0.260609,0.26647,0.266343,0.254967,0.25464,0.26647,0.25464,0.266343,0.254967,1,0,0.164311,0,-0.000528442,-0.0439696,0.000199705,0.0132672,-0.492209,0.00416191,-0.0246088,-0.000182841,0.0123782,-0.399317,-0.000968915,-2.15131,-0.00596634,10.0419,10.2698,0,14.732
7.78,climb,0.00202173,-0.0969503,-0.00423373,0.163738,0,0,0.00751333,0.396017,0.0015944,0.225855,0.365855,0.777319,0.675016,nan,0.260695,0.267653,0.26545,0.255978,0.25368,0.267653,0.25368,0.26545,0.255978,1,0,0.163969,0,-0.000251778,-0.0444236,0.00197883,0.0125917,-0.491204,0.00416549,-0.0249059,-0.00020962,0.0170988,-0.383981,-0.00416879,-2.09154,0.0235264,10.0078,10.224,0,14.9404
7.79,climb,0.00209849,-0.100901,-0.00428576,0.162587,0,0,0.00746571,0.394083,0.000915124,0.228472,0.368472,0.756975,0.660139,nan,0.260779,0.266767,0.26616,0.25557,0.254601,0.266767,0.254601,0.26616,0.25557,1,0,0.162834,0,-0.000956669,-0.0431179,0.000692768,0.0127473,-0.487799,0.0041719,-0.0251279,-0.000199842,0.0135261,-0.409577,0.0144948,-2.10037,0.0168916,10.122,10.3376,0,15.1009
7.8,climb,0.00217366,-0.104833,-0.00458374,0.162721,0,0,0.00731422,0.392058,1.2099e-05,0.231084,0.371084,0.763645,0.664853,nan,0.260862,0.265049,0.268183,0.253187,0.257011,0.265049,0.257011,0.268183,0.253187,1,0,0.162972,0,0.00182806,-0.0436457,-0.00305817,0.0136202,-0.48818,0.00418373,-0.0254599,-0.000173452,0.00725825,-0.396514,0.00368587,-2.0459,-0.0016894,9.97772,10.1853,0,15.3342
7.81,climb,0.00224852,-0.108743,-0.00485776,0.161506,0,0,0.00729652,0.389958,0.0018179,0.23369,0.37369,0.757856,0.660728,nan,0.260943,0.267007,0.266521,0.255229,0.255001,0.267007,0.255001,0.266521,0.255229,1,0,0.161762,0,0.000685874,-0.0441444,0.000313925,0.0144459,-0.484541,0.00419514,-0.025674,-0.00014448,0.0141515,-0.392406,0.00141839,-2.06511,-0.0548002,10.1576,10.3656,0,15.4891
7.82,climb,0.00232412,-0.112633,-0.0047251,0.161179,0,0,0.00727472,0.387846,0.00168274,0.236291,0.376291,0.764528,0.665872,nan,0.261024,0.266315,0.267498,0.254641,0.255626,0.266315,0.255626,0.267498,0.254641,1,0,0.161426,0,-0.000525865,-0.0446152,-0.000953344,0.0140495,-0.483554,0.00420165,-0.0259607,-0.000162497,0.0144388,-0.385528,-0.0121368,-2.05639,-0.0239966,10.1496,10.3558,0,15.6931
7.83,climb,0.00239993,-0.116501,-0.00459432,0.159955,0,0,0.00733092,0.385748,0.00123449,0.238886,0.378886,0.741396,0.649282,nan,0.261104,0.265949,0.267965,0.254332,0.256154,0.265949,0.256154,0.267965,0.254332,1,0,0.160202,0,-0.000515545,-0.044391,-0.0016867,0.0136716,-0.479895,0.00420586,-0.0261693,-0.000174566,0.0185913,-0.387025,-0.00202671,-2.06429,-0.0523105,10.113,10.3217,0,15.8445
7.84,climb,0.00247616,-0.120349,-0.00435169,0.159815,0,0,0.00740845,0.383612,0.0014761,0.241477,0.381477,0.747954,0.654533,nan,0.261182,0.267576,0.266124,0.256103,0.25491,0.267576,0.25491,0.266124,0.256103,1,0,0.160053,0,0.000688958,-0.0429888,0.00116259,0.0129457,-0.479472,0.00420915,-0.0264688,-0.000204448,0.0147216,-0.384168,-0.000190345,-2.0628,-0.0269778,10.1776,10.3846,0,16.0566
7.85,climb,0.00255359,-0.124174,-0.00437424,0.15883,0,0,0.00747117,0.381338,0.00134259,0.244062,0.384062,0.743246,0.651573,nan,0.26126,0.265516,0.268469,0.254341,0.256699,0.265516,0.256699,0.268469,0.254341,1,0,0.159067,0,-0.00157706,-0.0434769,-0.00233431,0.0130116,-0.476523,0.00421571,-0.0266918,-0.000198935,0.0129659,-0.383031,-0.00024724,-2.02304,0.0178858,10.1516,10.3512,0,16.2194
7.86,climb,0.00263121,-0.127977,-0.00430032,0.158575,0,0,0.00738529,0.379099,0.00119367,0.246641,0.386641,0.749825,0.656808,nan,0.261337,0.266772,0.267465,0.255594,0.255501,0.266772,0.255501,0.267465,0.255594,1,0,0.158806,0,-0.00208642,-0.0438502,-0.000263279,0.0128113,-0.47575,0.00422115,-0.0269752,-0.00020654,0.0247101,-0.376865,0.00633837,-2.03514,0.00694067,10.138,10.3403,0,16.4226
7.87,climb,0.00270794,-0.131757,-0.00436578,0.157493,0,0,0.007316,0.376839,0.0020782,0.249216,0.389216,0.726538,0.640641,nan,0.261414,0.266451,0.267833,0.255351,0.256004,0.266451,0.256004,0.267833,0.255351,1,0,0.157728,0,-0.00193708,-0.043445,-0.000894525,0.0129869,-0.472523,0.00422817,-0.0271885,-0.000198121,0.0130505,-0.381894,-0.00772189,-2.05915,0.0259942,10.1654,10.3719,0,16.5774
7.88,climb,0.00278494,-0.135515,-0.00452338,0.157291,0,0,0.0073125,0.374573,0.00198953,0.251786,0.391786,0.733009,0.646213,nan,0.26149,0.268243,0.266737,0.256162,0.254803,0.268243,0.254803,0.266737,0.256162,1,0,0.157532,0,0.000390533,-0.0455018,0.00125922,0.013473,-0.471919,0.00423918,-0.0274737,-0.000182539,0.0243405,-0.382487,-0.00490646,-2.07288,-0.0572321,10.1575,10.367,0,16.7813
7.89,climb,0.00286266,-0.13925,-0.00455436,0.156355,0,0,0.00739269,0.372461,0.00285941,0.25435,0.39435,0.733685,0.647691,nan,0.261566,0.26814,0.266951,0.256371,0.254787,0.26814,0.254787,0.266951,0.256371,1,0,0.156596,0,-0.00104883,-0.0453486,0.00121885,0.0135405,-0.469106,0.00424645,-0.0276945,-0.000180686,0.00635596,-0.372806,-0.00207376,-2.12028,-0.0499012,10.1083,10.3284,0,16.9419
7.9,climb,0.00294217,-0.142965,-0.00439571,0.156163,0,0,0.00746425,0.370353,0.00291427,0.25691,0.39691,0.740228,0.653504,nan,0.261642,0.267954,0.267106,0.256644,0.254848,0.267954,0.254848,0.267106,0.256644,1,0,0.156389,0,-0.00251723,-0.0446557,0.00116183,0.013088,-0.468522,0.00425122,-0.0279752,-0.000198085,0.0189079,-0.367905,-0.00179948,-2.03239,0.0220035,10.1785,10.3794,0,17.1435
7.91,climb,0.00302142,-0.146658,-0.00428433,0.155321,0,0,0.00743799,0.368225,0.00157961,0.259464,0.399464,0.742993,0.656675,nan,0.261718,0.26643,0.26871,0.254529,0.257188,0.26643,0.257188,0.26871,0.254529,1,0,0.155546,0,0.00100484,-0.04438,-0.00217083,0.0127441,-0.465986,0.00425507,-0.0281981,-0.000207966,0.0100116,-0.356538,-0.00523919,-2.04973,0.101688,10.2107,10.4149,0,17.3068
7.92,climb,0.00310054,-0.15033,-0.00423637,0.155035,0,0,0.00739247,0.36611,0.00177448,0.262013,0.402013,0.749623,0.66257,nan,0.261795,0.267992,0.267232,0.256389,0.255552,0.267992,0.255552,0.267232,0.256389,1,0,0.155256,0,-0.000203379,-0.0441156,0.000701729,0.0125905,-0.465143,0.00426057,-0.028466,-0.000213403,0.00255118,-0.363464,-0.00664041,-2.0831,-0.0196108,10.1994,10.41,0,17.5008
7.93,climb,0.00317765,-0.153982,-0.0042047,0.153842,0,0,0.00731024,0.36407,0.000836694,0.264558,0.404558,0.757788,0.669645,nan,0.261872,0.26775,0.26798,0.255703,0.256039,0.26775,0.256039,0.26798,0.255703,1,0,0.154063,0,0.000281451,-0.0454534,-0.000248745,0.0125052,-0.46157,0.00426532,-0.0286533,-0.000214041,0.00693984,-0.36112,-0.00445918,-2.11185,-0.00990558,10.3044,10.5186,0,17.6417
7.94,climb,0.00325372,-0.157613,-0.00448571,0.153904,0,0,0.00717612,0.362039,0.00111883,0.267097,0.407097,0.764553,0.67592,nan,0.26195,0.267611,0.268147,0.255688,0.256337,0.267611,0.256337,0.268147,0.255688,1,0,0.154134,0,0.000298172,-0.0449684,-0.000520992,0.0133526,-0.461759,0.00427939,-0.0289484,-0.000190135,0.0148224,-0.363334,-0.00338729,-1.99101,0.0230985,10.1961,10.3887,0,17.8537
7.95,climb,0.00332874,-0.161223,-0.00410101,0.152814,0,0,0.00697945,0.360021,0.00170387,0.26963,0.40963,0.74888,0.665956,nan,0.262028,0.268017,0.267669,0.256231,0.256181,0.268017,0.256181,0.267669,0.256231,1,0,0.153032,0,0.000789279,-0.0440993,0.000175491,0.0122041,-0.458485,0.00427722,-0.02914,-0.00022565,0.00864228,-0.355867,0.00987437,-2.01603,-0.108257,10.2033,10.4011,0,17.9976
7.96,climb,0.0034016,-0.164814,-0.00406226,0.152755,0,0,0.00684183,0.358081,0.000591415,0.272159,0.412159,0.755607,0.672432,nan,0.262108,0.268199,0.267737,0.256333,0.256147,0.268199,0.256147,0.267737,0.256333,1,0,0.152976,0,0.000731704,-0.0444453,0.000284341,0.0120856,-0.458319,0.00428292,-0.0294201,-0.000232705,0.00752115,-0.363399,0.0024633,-1.97965,-0.0186765,10.1897,10.3803,0,18.2
7.97,climb,0.00347307,-0.168386,-0.00447152,0.151653,0,0,0.00681671,0.356111,0.00164919,0.274682,0.414682,0.754879,0.673511,nan,0.262188,0.267529,0.26834,0.25626,0.256608,0.267529,0.256608,0.26834,0.25626,1,0,0.151891,0,-0.00122637,-0.0435836,-0.000509602,0.0133079,-0.455032,0.00429779,-0.0296114,-0.000194137,0.00987737,-0.370257,0.0028864,-1.95607,-0.0769466,10.2178,10.4036,0,18.342
7.98,climb,0.0035463,-0.171937,-0.00412218,0.151499,0,0,0.00682981,0.354065,0.00127059,0.2772,0.4172,0.76168,0.680113,nan,0.26227,0.266482,0.270008,0.254317,0.258258,0.266482,0.258258,0.270008,0.254317,1,0,0.151718,0,0.00109912,-0.0453136,-0.00328171,0.0122802,-0.454557,0.00429829,-0.0298787,-0.000226994,0.0156311,-0.360734,0.0142206,-1.99598,0.0382355,10.2463,10.4389,0,18.5363
7.99,climb,0.00362025,-0.175468,-0.00424255,0.150112,0,0,0.0068494,0.352037,0.00156696,0.279712,0.419712,0.738493,0.664772,nan,0.262353,0.267969,0.268006,0.257173,0.256247,0.267969,0.256247,0.268006,0.257173,1,0,0.150334,0,-0.0025535,-0.0427376,0.000390886,0.0126332,-0.450404,0.00430624,-0.0300396,-0.00021368,0.0136423,-0.357309,-0.00371064,-1.97009,-0.0672386,10.2928,10.4799,0,18.6593
8,roll -6deg,0.00369337,-0.178978,-0.00372505,0.150114,-0.10472,0,0.00671323,0.349964,0.00261563,0.282219,0.422219,0.745208,0.671587,nan,0.262437,0.267715,0.268949,0.256109,0.256958,0.267715,0.256958,0.268949,0.256109,1,0,0.150321,0,-0.00102178,-0.0447113,-0.000915921,0.0110882,-0.450396,0.00430036,-0.0303134,-0.000262764,0.00891848,-0.348396,0.0022686,-2.05314,-0.0212109,10.3217,10.5239,0,18.86
8.01,roll -6deg,0.00375969,-0.182468,-0.0039195,0.148889,-0.10472,0,0.00376394,0.347891,0.00180711,0.28472,0.42472,0.715906,0.652303,nan,0.262523,0.261553,0.275124,0.262609,0.250788,0.261553,0.250788,0.275124,0.262609,1,0,0.180023,0,-0.0673573,-0.0441103,-0.000768787,-0.303244,-0.446026,0.00430947,-0.0304828,-0.000242298,0.00442268,-0.351342,-0.000460877,-2.05384,-0.0713135,10.3302,10.5327,0,18.99
8.02,roll -6deg,0.00375746,-0.185937,-0.00410603,0.14879,-0.10472,0,-0.00730618,0.345809,0.00257242,0.287215,0.427215,0.722496,0.659199,nan,0.262609,0.26097,0.275791,0.261659,0.251999,0.26097,0.251999,0.275791,0.261659,1,0,0.179846,0,-0.0649413,-0.0437738,-0.00226845,-0.302681,-0.44577,0.00431822,-0.0307469,-0.000235468,0.00888761,-0.35204,0.0058722,-1.96933,-0.0720287,10.2367,10.4247,0,19.1832
8.03,roll -6deg,0.00361282,-0.189385,-0.00454589,0.14779,-0.10472,0,-0.0249847,0.343702,0.00287041,0.289705,0.429705,0.730467,0.66708,nan,0.262697,0.263892,0.273563,0.263564,0.24975,0.263892,0.24975,0.273563,0.263564,1,0,0.178798,0,-0.0622984,-0.0457405,0.00182073,-0.301406,-0.442858,0.00432974,-0.0309303,-0.000213885,-0.0205921,-0.335823,-1.02036e-05,-2.01526,0.0262862,10.2454,10.4417,0,19.3237
8.04,roll -6deg,0.0032644,-0.192812,-0.00492235,0.14762,-0.10472,0,-0.0476212,0.341645,0.0011798,0.292189,0.432189,0.737202,0.6741,nan,0.262785,0.263117,0.273894,0.262343,0.251769,0.263117,0.251769,0.273894,0.262343,1,0,0.178462,0,-0.0566366,-0.0433894,-8.85881e-05,-0.300311,-0.442371,0.00433558,-0.0311854,-0.000220792,-0.0391464,-0.361358,0.00445299,-1.95234,0.0203313,10.3385,10.5212,0,19.5101
8.05,roll -6deg,0.00267121,-0.196219,-0.00554044,0.146196,-0.10472,0,-0.0736541,0.339503,0.00174502,0.294666,0.434666,0.734393,0.674312,nan,0.262875,0.264834,0.272595,0.26263,0.251421,0.264834,0.251421,0.272595,0.26263,1,0,0.176936,0,-0.0503222,-0.0442952,0.00151533,-0.298498,-0.438088,0.00433954,-0.0313306,-0.000222774,-0.0654761,-0.343518,-0.00934803,-1.95566,-0.0711754,10.2981,10.4824,0,19.6234
8.06,roll -6deg,0.001807,-0.199603,-0.00634011,0.145839,-0.10472,0,-0.101651,0.337339,0.00095012,0.297138,0.437138,0.741199,0.681579,nan,0.262965,0.265429,0.272501,0.261699,0.252214,0.265429,0.252214,0.272501,0.261699,1,0,0.17618,0,-0.0439217,-0.045509,0.00106081,-0.296138,-0.436965,0.00434257,-0.0315621,-0.000235142,-0.0806,-0.340186,-0.00610654,-1.97485,-0.0532285,10.3293,10.5165,0,19.7962
8.07,roll -6deg,0.000657055,-0.202967,-0.00733459,0.144438,-0.10472,0,-0.130421,0.335296,0.00159536,0.299604,0.439604,0.730142,0.675902,nan,0.263058,0.264354,0.273431,0.259235,0.255193,0.264354,0.255193,0.273431,0.259235,1,0,0.174456,0,-0.0348012,-0.0442558,-0.00221299,-0.293229,-0.432707,0.00434056,-0.0317041,-0.000251921,-0.125434,-0.340578,-0.00700773,-1.91776,-0.0284575,10.3409,10.5173,0,19.9078
8.08,roll -6deg,-0.000780366,-0.20631,-0.00823874,0.143724,-0.10472,0,-0.158978,0.333263,0.000746104,0.302063,0.442063,0.736961,0.683405,nan,0.263152,0.265467,0.272273,0.259979,0.254868,0.265467,0.254868,0.272273,0.259979,1,0,0.173305,0,-0.0316142,-0.0433793,-0.000745065,-0.290554,-0.430372,0.00432767,-0.0319006,-0.000298264,-0.144369,-0.333355,0.0132888,-1.82137,-0.0841631,10.4689,10.6265,0,20.0568
8.09,roll -6deg,-0.00250167,-0.209633,-0.00978411,0.142314,-0.10472,0,-0.186586,0.33106,0.000748589,0.304516,0.444516,0.742434,0.689789,nan,0.263247,0.267439,0.270824,0.260209,0.254496,0.267439,0.254496,0.270824,0.260209,1,0,0.171266,0,-0.0241331,-0.0446378,0.00102319,-0.285984,-0.426102,0.00432352,-0.0320377,-0.000311129,-0.174002,-0.334147,0.00679608,-1.93209,-0.0011103,10.3297,10.5088,0,20.165
8.1,roll -6deg,-0.00449449,-0.212932,-0.0113053,0.141858,-0.10472,0,-0.212523,0.328662,-0.000288707,0.306963,0.446963,0.749394,0.697277,nan,0.263344,0.265896,0.272258,0.257219,0.257985,0.265896,0.257985,0.272258,0.257219,1,0,0.170007,0,-0.0148433,-0.0434871,-0.00313281,-0.281491,-0.424565,0.00430882,-0.0322525,-0.00035001,-0.198639,-0.33245,0.000333184,-1.8999,0.0561541,10.4508,10.6222,0,20.3259
8.11,roll -6deg,-0.00673721,-0.216207,-0.0134719,0.140747,-0.10472,0,-0.236029,0.326192,-0.000156534,0.309403,0.449403,0.730792,0.686331,nan,0.263444,0.268195,0.270592,0.25778,0.257188,0.268195,0.257188,0.270592,0.25778,1,0,0.167886,0,-0.00792917,-0.045132,-0.000793489,-0.275082,-0.421197,0.00430539,-0.0324082,-0.000353231,-0.234213,-0.325887,0.00755196,-1.88505,-0.00950754,10.3523,10.5225,0,20.448
8.12,roll -6deg,-0.00920478,-0.219457,-0.0154192,0.140687,-0.10472,0,-0.256711,0.323797,-0.000582786,0.311836,0.451836,0.737721,0.69402,nan,0.263545,0.268683,0.270348,0.257684,0.257445,0.268683,0.257445,0.270348,0.257684,1,0,0.166732,0,-0.00504916,-0.0452892,-0.000626809,-0.269296,-0.420844,0.00428545,-0.0326507,-0.000391179,-0.239621,-0.326722,0.00318695,-1.88297,-0.0794096,10.384,10.5536,0,20.6281
8.13,roll -6deg,-0.0118668,-0.222684,-0.0173578,0.139743,-0.10472,0,-0.274379,0.321403,-3.46806e-05,0.314263,0.454263,0.724825,0.687454,nan,0.263648,0.269958,0.269173,0.258472,0.256969,0.269958,0.256969,0.269173,0.258472,1,0,0.164844,0,-0.00190592,-0.0448871,0.00100578,-0.263555,-0.417802,0.00425976,-0.0328166,-0.000442279,-0.267075,-0.32603,-0.00546431,-1.83954,0.0169679,10.4999,10.6599,0,20.7556
8.14,roll -6deg,-0.0146933,-0.225886,-0.0189739,0.139526,-0.10472,0,-0.288996,0.318966,-0.000654942,0.316682,0.456682,0.731763,0.695285,nan,0.263753,0.270824,0.26856,0.258296,0.25731,0.270824,0.25731,0.26856,0.258296,1,0,0.163711,0,0.00339009,-0.0450543,0.00142808,-0.258756,-0.416802,0.0042139,-0.0330403,-0.000524621,-0.276959,-0.316705,-0.00286938,-1.81659,0.0323174,10.4094,10.5668,0,20.9226
8.15,roll -6deg,-0.0176555,-0.229063,-0.0212138,0.138432,-0.10472,0,-0.300419,0.316523,-0.00187686,0.319095,0.459095,0.726542,0.694344,nan,0.26386,0.270148,0.269724,0.256531,0.259016,0.270148,0.259016,0.269724,0.256531,1,0,0.161548,0,0.00771662,-0.0460889,-0.000906049,-0.252101,-0.413317,0.00418307,-0.0331881,-0.000570335,-0.2992,-0.317589,0.00683482,-1.72111,0.0555854,10.438,10.5791,0,21.038
8.16,roll -6deg,-0.0207205,-0.232216,-0.0228891,0.137905,-0.10472,0,-0.308792,0.314186,-0.00182303,0.3215,0.4615,0.733547,0.702449,nan,0.263969,0.269682,0.270114,0.255894,0.260165,0.269682,0.260165,0.270114,0.255894,1,0,0.160125,0,0.0101837,-0.0449767,-0.00206728,-0.2471,-0.411365,0.00412601,-0.0333806,-0.000656877,-0.296742,-0.316831,0.0074868,-1.77147,0.0360187,10.51,10.6584,0,21.1837
8.17,roll -6deg,-0.0238567,-0.235346,-0.0251158,0.136553,-0.10472,0,-0.314338,0.311811,-0.00138953,0.323898,0.463898,0.737566,0.708412,nan,0.26408,0.27104,0.269176,0.256346,0.259736,0.27104,0.259736,0.269176,0.256346,1,0,0.15776,0,0.0139359,-0.0457289,-0.000670782,-0.24045,-0.407079,0.0040864,-0.0335033,-0.000710282,-0.29877,-0.316611,-1.21864e-05,-1.75238,0.0392906,10.5088,10.6539,0,21.2809
8.18,roll -6deg,-0.027036,-0.238451,-0.0263592,0.136159,-0.10472,0,-0.317055,0.309452,-0.000285301,0.326289,0.466289,0.744712,0.716478,nan,0.264193,0.271987,0.26835,0.257329,0.259082,0.271987,0.259082,0.26835,0.257329,1,0,0.156659,0,0.0142975,-0.0453338,0.000827818,-0.236765,-0.405424,0.00400131,-0.0337043,-0.000825791,-0.319988,-0.324419,0.0128518,-1.76027,0.021741,10.438,10.5854,0,21.4309
8.19,roll -6deg,-0.0302325,-0.241534,-0.0287411,0.135345,-0.10472,0,-0.31724,0.307094,-0.00025339,0.328672,0.468672,0.737669,0.714436,nan,0.264308,0.272115,0.268173,0.257122,0.259798,0.272115,0.259798,0.268173,0.257122,1,0,0.154712,0,0.0175528,-0.0442773,0.000556129,-0.229645,-0.402805,0.00395424,-0.0338673,-0.000856966,-0.31128,-0.307629,0.00505317,-1.68912,0.0527986,10.4888,10.624,0,21.556
8.2,roll -6deg,-0.033422,-0.244591,-0.0299706,0.13511,-0.10472,0,-0.315191,0.30457,-0.000326302,0.331047,0.471047,0.744877,0.722677,nan,0.264425,0.272307,0.268354,0.257286,0.259728,0.272307,0.259728,0.268354,0.257286,1,0,0.153768,0,0.0169632,-0.0448061,0.000663945,-0.225986,-0.401658,0.00385908,-0.0340771,-0.000960583,-0.319817,-0.305236,0.00923252,-1.66872,0.00839486,10.4811,10.6131,0,21.7127
8.21,roll -6deg,-0.0365862,-0.247622,-0.0317609,0.133949,-0.10472,0,-0.311223,0.302017,-0.00128893,0.333414,0.473414,0.745559,0.726217,nan,0.264544,0.272041,0.268867,0.257009,0.260234,0.272041,0.260234,0.268867,0.257009,1,0,0.151787,0,0.0169731,-0.0448405,-2.2373e-05,-0.220608,-0.397862,0.00379219,-0.0342052,-0.00102993,-0.304993,-0.297447,-0.000832758,-1.73595,-0.00821304,10.4044,10.5483,0,21.8147
8.22,roll -6deg,-0.0397067,-0.250628,-0.0328133,0.13386,-0.10472,0,-0.305719,0.299465,-0.00220716,0.335774,0.475774,0.752888,0.735039,nan,0.264665,0.270487,0.270526,0.255715,0.261908,0.270487,0.261908,0.270526,0.255715,1,0,0.151088,0,0.0163239,-0.0443177,-0.00273927,-0.217451,-0.397195,0.00368207,-0.0344212,-0.00112742,-0.295788,-0.303938,0.00304174,-1.74219,0.024731,10.6231,10.7651,0,21.9775
8.23,roll -6deg,-0.0427692,-0.253606,-0.0343274,0.132865,-0.10472,0,-0.299026,0.296825,-0.0013771,0.338125,0.478125,0.746545,0.733854,nan,0.264788,0.271663,0.269759,0.256701,0.261004,0.271663,0.261004,0.269759,0.256701,1,0,0.14939,0,0.0164671,-0.0449392,-0.00105453,-0.212912,-0.393896,0.0036004,-0.0345606,-0.00120024,-0.293826,-0.301716,0.0101114,-1.65071,-0.0374512,10.5364,10.665,0,22.0866
8.24,roll -6deg,-0.0457616,-0.256559,-0.0348282,0.132552,-0.10472,0,-0.291374,0.294213,-0.00159776,0.340468,0.480468,0.753949,0.742643,nan,0.264913,0.271197,0.270413,0.256784,0.261234,0.271197,0.261234,0.270413,0.256784,1,0,0.148727,0,0.0138848,-0.0447022,-0.0016111,-0.211404,-0.392455,0.00346795,-0.0347552,-0.00131903,-0.293002,-0.296427,0.00853404,-1.68421,-0.0154269,10.5487,10.6824,0,22.2347
8.25,roll -6deg,-0.0486772,-0.259484,-0.0362804,0.131622,-0.10472,0,-0.283099,0.291539,-0.00235448,0.342802,0.482802,0.749946,0.742912,nan,0.26504,0.272214,0.269919,0.257103,0.260899,0.272214,0.260899,0.269919,0.257103,1,0,0.147148,0,0.0161562,-0.0457222,-0.000660003,-0.207045,-0.389426,0.00338204,-0.034896,-0.00137488,-0.286195,-0.296975,0.00488506,-1.64693,-0.0931913,10.3947,10.5248,0,22.3453
8.26,roll -6deg,-0.0515107,-0.262383,-0.0368315,0.130966,-0.10472,0,-0.274442,0.288936,-0.00152709,0.345128,0.485128,0.757439,0.751827,nan,0.265169,0.273384,0.268965,0.258359,0.259942,0.273384,0.259942,0.268965,0.258359,1,0,0.146175,0,0.0159239,-0.045566,0.00124651,-0.205354,-0.387025,0.00325739,-0.0350555,-0.00147702,-0.268043,-0.290604,-0.000954902,-1.7392,-0.105241,10.5508,10.6937,0,22.4716
8.27,roll -6deg,-0.0542602,-0.265255,-0.0381102,0.130097,-0.10472,0,-0.265594,0.286394,-0.00178528,0.347445,0.487445,0.751857,0.751129,nan,0.265299,0.271073,0.271246,0.256369,0.262484,0.271073,0.262484,0.271246,0.256369,1,0,0.144749,0,0.0157615,-0.0444627,-0.00276399,-0.201511,-0.384229,0.00316399,-0.035197,-0.00152351,-0.262401,-0.299741,0.0107966,-1.73028,-0.118772,10.5619,10.7033,0,22.5837
8.28,roll -6deg,-0.0569206,-0.268102,-0.0382646,0.12944,-0.10472,0,-0.256664,0.283789,-0.0016487,0.349754,0.489754,0.759433,0.760346,nan,0.265432,0.27326,0.269522,0.259431,0.259487,0.27326,0.259487,0.269522,0.259431,1,0,0.143951,0,0.0100644,-0.0452149,0.00161838,-0.201008,-0.381807,0.00302363,-0.0353526,-0.0016301,-0.2485,-0.295448,0.0031325,-1.69929,-0.237432,10.6175,10.7552,0,22.7088
8.29,roll -6deg,-0.0594959,-0.270921,-0.0390495,0.128427,-0.10472,0,-0.24791,0.281203,-0.00173293,0.352053,0.492053,0.72657,0.740119,nan,0.265565,0.272688,0.270173,0.258626,0.260747,0.272688,0.260747,0.270173,0.258626,1,0,0.142597,0,0.012297,-0.0445069,0.000173397,-0.198644,-0.378474,0.0029164,-0.035475,-0.0016959,-0.25198,-0.286224,0.00967845,-1.72653,-0.0329229,10.6312,10.7705,0,22.8112
8.3,roll -6deg,-0.0619877,-0.273715,-0.0388443,0.127929,-0.10472,0,-0.239515,0.278605,-0.00230589,0.354344,0.494344,0.734038,0.749471,nan,0.265701,0.271816,0.271121,0.258619,0.261219,0.271816,0.261219,0.271121,0.258619,1,0,0.142116,0,0.00874136,-0.0437669,-0.000836863,-0.199226,-0.376536,0.00275621,-0.0356373,-0.00179909,-0.245895,-0.274945,0.0107568,-1.69485,-0.0982088,10.6358,10.7705,0,22.945
8.31,roll -6deg,-0.0644006,-0.276481,-0.039443,0.126709,-0.10472,0,-0.231539,0.275999,-0.00254786,0.356626,0.496626,0.737298,0.755819,nan,0.265837,0.272679,0.271031,0.258723,0.260888,0.272679,0.260888,0.271031,0.258723,1,0,0.140666,0,0.0101182,-0.0456624,-0.000227367,-0.197386,-0.372611,0.00264788,-0.0357395,-0.00186594,-0.229508,-0.280342,-0.00116113,-1.7545,-0.142072,10.5991,10.7443,0,23.0339
8.32,roll -6deg,-0.0667391,-0.279221,-0.0392181,0.126402,-0.10472,0,-0.224066,0.27342,-0.00304412,0.358898,0.498898,0.744925,0.765215,nan,0.265975,0.270753,0.27302,0.258333,0.261764,0.270753,0.261764,0.27302,0.258333,1,0,0.140399,0,0.00308671,-0.0448612,-0.00250467,-0.198011,-0.371376,0.00247764,-0.0359141,-0.00194058,-0.21014,-0.281617,0.00389281,-1.76704,-0.154604,10.5805,10.7281,0,23.1776
8.33,roll -6deg,-0.0690077,-0.281935,-0.0397324,0.125126,-0.10472,0,-0.217412,0.270772,-0.00260199,0.361162,0.501162,0.734901,0.761851,nan,0.266113,0.273175,0.270702,0.261139,0.259409,0.273175,0.259409,0.270702,0.261139,1,0,0.138949,0,0.00197197,-0.0442054,0.0018473,-0.196443,-0.367277,0.00237002,-0.0360069,-0.00200019,-0.210263,-0.268145,0.00919105,-1.65848,-0.0649858,10.6205,10.7494,0,23.2614
8.34,roll -6deg,-0.0712169,-0.284621,-0.0395618,0.12486,-0.10472,0,-0.211605,0.268086,-0.00242706,0.363416,0.503416,0.742589,0.771493,nan,0.266253,0.272026,0.272321,0.259882,0.260755,0.272026,0.260755,0.272321,0.259882,1,0,0.13872,0,0.00153347,-0.0449241,-0.000513291,-0.196922,-0.366261,0.00219946,-0.036181,-0.00205027,-0.197405,-0.271101,0.00410769,-1.69077,0.0204535,10.5865,10.7207,0,23.4058
8.35,roll -6deg,-0.0733718,-0.287281,-0.0400908,0.123876,-0.10472,0,-0.206561,0.265346,-0.00201402,0.36566,0.50566,0.755152,0.784575,nan,0.266393,0.271784,0.272709,0.260081,0.260971,0.271784,0.260971,0.272709,0.260081,1,0,0.137556,0,-9.32301e-05,-0.0444167,-0.000797662,-0.195332,-0.363137,0.00208584,-0.0362939,-0.00208255,-0.206249,-0.255561,0.00778116,-1.64355,-0.0379511,10.5532,10.6804,0,23.5043
8.36,roll -6deg,-0.0754811,-0.289912,-0.0394314,0.123653,-0.10472,0,-0.202366,0.262475,-0.00185622,0.367895,0.507895,0.763069,0.794413,nan,0.266535,0.271733,0.27337,0.259582,0.261426,0.271733,0.261426,0.27337,0.259582,1,0,0.137582,0,0.000550355,-0.045654,-0.00153032,-0.197255,-0.362196,0.00189351,-0.0364653,-0.00215066,-0.185318,-0.262544,0.00229737,-1.61836,-0.0714137,10.6608,10.7832,0,23.6514
8.37,roll -6deg,-0.077553,-0.292514,-0.0398254,0.123082,-0.10472,0,-0.198955,0.259522,-0.00197112,0.370121,0.510121,0.760215,0.796269,nan,0.266676,0.272098,0.273302,0.260081,0.261196,0.272098,0.261196,0.273302,0.260081,1,0,0.136876,0,-0.00023349,-0.0457077,-0.00101916,-0.196084,-0.360409,0.00176059,-0.0366035,-0.00216693,-0.198125,-0.264698,0.00874025,-1.59265,-0.0156022,10.6518,10.7703,0,23.7722
8.38,roll -6deg,-0.0795963,-0.295086,-0.0390827,0.122866,-0.10472,0,-0.196273,0.256797,-0.00226562,0.372338,0.512338,0.768251,0.806307,nan,0.266819,0.270733,0.274941,0.258968,0.262604,0.270733,0.262604,0.274941,0.258968,1,0,0.136949,0,-0.00151619,-0.0456677,-0.00344748,-0.198292,-0.359476,0.00156456,-0.0367697,-0.00223274,-0.200858,-0.257751,-0.00471358,-1.56321,0.0521592,10.722,10.8354,0,23.9181
8.39,roll -6deg,-0.0816168,-0.297633,-0.0396105,0.122067,-0.10472,0,-0.194253,0.254309,-0.00157432,0.374545,0.514545,0.768106,0.81034,nan,0.266961,0.273461,0.273,0.261602,0.259753,0.273461,0.259753,0.273,0.261602,1,0,0.135968,0,-0.00367971,-0.0475697,0.00101554,-0.196677,-0.357004,0.0014471,-0.0368854,-0.00224556,-0.186975,-0.248819,0.00415065,-1.5055,-0.0832153,10.7435,10.8488,0,24.0224
8.4,roll -6deg,-0.0836232,-0.300154,-0.0390199,0.121547,-0.10472,0,-0.192919,0.251995,-0.00270064,0.376742,0.516742,0.77628,0.820553,nan,0.267104,0.271996,0.274575,0.260263,0.261555,0.271996,0.261555,0.274575,0.260263,1,0,0.135719,0,-0.00341625,-0.0469013,-0.00170118,-0.198415,-0.355191,0.00126756,-0.0370245,-0.00230909,-0.184084,-0.252813,0.00299305,-1.46016,0.0472734,10.6322,10.7321,0,24.1483
8.41,roll -6deg,-0.0856204,-0.302653,-0.0394972,0.120654,-0.10472,0,-0.192162,0.249737,-0.00161467,0.37893,0.51893,0.771567,0.821044,nan,0.267248,0.272928,0.27373,0.261294,0.26101,0.272928,0.26101,0.27373,0.261294,1,0,0.134687,0,-0.00287925,-0.046147,-0.000227806,-0.196989,-0.352444,0.00115066,-0.0371298,-0.00232497,-0.196708,-0.262662,0.00399755,-1.55555,-0.136716,10.6213,10.7354,0,24.2452
8.42,roll -6deg,-0.0876127,-0.305129,-0.0390231,0.120584,-0.10472,0,-0.192013,0.247559,-0.00117609,0.381108,0.521108,0.779853,0.831478,nan,0.267391,0.272941,0.274248,0.261057,0.261291,0.272941,0.261291,0.274248,0.261057,1,0,0.134809,0,-0.00284501,-0.0470676,-0.000677548,-0.198376,-0.352083,0.000956939,-0.0372999,-0.00235261,-0.183018,-0.244672,0.00931867,-1.52742,-0.0784187,10.687,10.7958,0,24.3954
8.43,roll -6deg,-0.089608,-0.307584,-0.0393294,0.119827,-0.10472,0,-0.192322,0.245495,-0.00202187,0.383277,0.523277,0.781329,0.836776,nan,0.267535,0.273362,0.273949,0.261327,0.261475,0.273362,0.261475,0.273949,0.261327,1,0,0.133971,0,-0.00116464,-0.0464396,-0.000322774,-0.197439,-0.34974,0.000827986,-0.0374119,-0.0023707,-0.179769,-0.249545,0.0142928,-1.54747,-0.0541379,10.6805,10.7922,0,24.4997
8.44,roll -6deg,-0.0916121,-0.310017,-0.0388373,0.119585,-0.10472,0,-0.192994,0.243509,-0.00286567,0.385436,0.525436,0.789771,0.84725,nan,0.26768,0.272507,0.275108,0.260737,0.262338,0.272507,0.262338,0.275108,0.260737,1,0,0.133964,0,-0.00265419,-0.0464996,-0.00184719,-0.198919,-0.348873,0.000638566,-0.0375643,-0.00240803,-0.193382,-0.259808,0.000282947,-1.49944,-0.19766,10.7045,10.8108,0,24.6386
8.45,roll -6deg,-0.0936281,-0.31243,-0.0390042,0.118753,-0.10472,0,-0.193979,0.241582,-0.00323382,0.387585,0.527585,0.790238,0.851898,nan,0.267824,0.273875,0.274026,0.262316,0.26105,0.273875,0.26105,0.274026,0.262316,1,0,0.133111,0,-0.00376005,-0.0464883,0.000490061,-0.198397,-0.346241,0.000503832,-0.0376676,-0.0024367,-0.191707,-0.251074,0.00697783,-1.51947,-0.120023,10.7895,10.8966,0,24.7379
8.46,roll -6deg,-0.0956581,-0.314823,-0.0386549,0.118414,-0.10472,0,-0.19523,0.239714,-0.00321992,0.389725,0.529725,0.79883,0.862363,nan,0.267969,0.273184,0.274841,0.261231,0.262593,0.273184,0.262593,0.274841,0.261231,1,0,0.132939,0,-0.000782085,-0.0458572,-0.001327,-0.199425,-0.345067,0.00032196,-0.037807,-0.00246965,-0.19165,-0.245589,0.0178344,-1.56373,-0.13356,10.7085,10.8229,0,24.8691
8.47,roll -6deg,-0.0977004,-0.317198,-0.0392649,0.117572,-0.10472,0,-0.196493,0.23785,-0.00217666,0.391855,0.531855,0.772121,0.847473,nan,0.268115,0.272777,0.275755,0.260764,0.263133,0.272777,0.263133,0.275755,0.260764,1,0,0.131894,0,-0.00161582,-0.0466779,-0.00235044,-0.197594,-0.34249,0.000206823,-0.0379033,-0.00247565,-0.195174,-0.243585,0.00826217,-1.51409,-0.158547,10.8048,10.9115,0,24.963
8.48,roll -6deg,-0.0997548,-0.319554,-0.0388031,0.117137,-0.10472,0,-0.197689,0.236088,-0.00209598,0.393975,0.533975,0.780671,0.85844,nan,0.268261,0.274362,0.274016,0.262676,0.26196,0.274362,0.26196,0.274016,0.262676,1,0,0.13169,0,-0.000979754,-0.0449867,0.000466451,-0.198945,-0.341005,2.15055e-05,-0.0380322,-0.00251603,-0.188077,-0.236913,0.0169697,-1.54369,-0.114997,10.7798,10.8904,0,25.0886
8.49,roll -6deg,-0.101823,-0.321893,-0.0391883,0.116085,-0.10472,0,-0.19889,0.234394,-0.00199793,0.396086,0.536086,0.766628,0.852789,nan,0.268407,0.273901,0.275143,0.262231,0.262326,0.273901,0.262326,0.275143,0.262231,1,0,0.130547,0,-0.00304348,-0.0463971,-0.000587369,-0.197768,-0.337726,-9.59026e-05,-0.03811,-0.00254265,-0.185059,-0.235567,0.00912852,-1.61819,-0.104607,10.7011,10.8232,0,25.1707
8.5,roll -6deg,-0.103905,-0.324215,-0.0391018,0.115736,-0.10472,0,-0.200267,0.232753,-0.00138753,0.398186,0.538186,0.77523,0.863691,nan,0.268555,0.273965,0.275355,0.262325,0.262545,0.273965,0.262545,0.275355,0.262325,1,0,0.130272,0,-0.00310307,-0.0463279,-0.000707286,-0.19804,-0.336615,-0.000269987,-0.0382426,-0.00255462,-0.200434,-0.235527,0.00389255,-1.53216,-0.0354407,10.8477,10.9555,0,25.2976
8.51,roll -6deg,-0.106004,-0.326519,-0.0398998,0.114824,-0.10472,0,-0.201787,0.231056,-0.0031699,0.400277,0.540277,0.747065,0.848099,nan,0.268702,0.274111,0.275009,0.262653,0.263008,0.274111,0.263008,0.275009,0.262653,1,0,0.129073,0,-0.00144086,-0.0444504,-0.000550809,-0.19564,-0.333861,-0.000374173,-0.0383262,-0.0025549,-0.200647,-0.230614,0.0102769,-1.38683,-0.0602689,10.7927,10.8816,0,25.3834
8.52,roll -6deg,-0.108123,-0.328805,-0.039722,0.114002,-0.10472,0,-0.203148,0.229258,-0.00262369,0.402358,0.542358,0.755619,0.859297,nan,0.268851,0.273513,0.276527,0.261549,0.263784,0.273513,0.263784,0.276527,0.261549,1,0,0.128391,0,-0.00206681,-0.0468148,-0.00230692,-0.196138,-0.331196,-0.000536003,-0.0384206,-0.00259768,-0.192996,-0.222818,-0.00117636,-1.41359,-0.120086,10.9287,11.0204,0,25.4821
8.53,roll -6deg,-0.110252,-0.331073,-0.0400338,0.11295,-0.10472,0,-0.204314,0.227414,-0.00224402,0.40443,0.54443,0.751766,0.86161,nan,0.269,0.275009,0.275199,0.262596,0.263166,0.275009,0.263166,0.275199,0.262596,1,0,0.127292,0,0.00100733,-0.0463207,-0.000333815,-0.195191,-0.327912,-0.000661588,-0.0384914,-0.00262845,-0.198706,-0.225081,-0.00146776,-1.38565,-0.0191608,10.8823,10.9702,0,25.5625
8.54,roll -6deg,-0.112395,-0.333321,-0.0397652,0.112334,-0.10472,0,-0.205232,0.225502,-0.00275946,0.406491,0.546491,0.760458,0.872989,nan,0.26915,0.273817,0.276646,0.262054,0.264055,0.273817,0.264055,0.276646,0.262054,1,0,0.12686,0,-0.00219618,-0.0461473,-0.00212256,-0.195981,-0.325941,-0.000839877,-0.0385961,-0.00266134,-0.202347,-0.237656,0.000684676,-1.36753,-0.100074,10.8181,10.9046,0,25.6734
8.55,roll -6deg,-0.114548,-0.33555,-0.0401632,0.111572,-0.10472,0,-0.20579,0.223648,-0.00311306,0.408542,0.548542,0.774304,0.888128,nan,0.269301,0.274396,0.276423,0.262523,0.263833,0.274396,0.263833,0.276423,0.262523,1,0,0.125963,0,-0.00190043,-0.0463516,-0.00146682,-0.194761,-0.323568,-0.000977542,-0.0386853,-0.00267237,-0.19264,-0.219725,0.00556843,-1.33761,-0.115035,10.8354,10.9182,0,25.7686
8.56,roll -6deg,-0.116707,-0.337759,-0.0403546,0.110866,-0.10472,0,-0.206168,0.22171,-0.00193847,0.410583,0.550583,0.783258,0.899523,nan,0.269453,0.27531,0.275541,0.263211,0.263719,0.27531,0.263719,0.275541,0.263211,1,0,0.125243,0,0.000735759,-0.0453258,-0.000324398,-0.194196,-0.321385,-0.00112906,-0.0387804,-0.00268634,-0.207413,-0.223812,0.00166394,-1.27648,-0.174968,10.8045,10.881,0,25.8686
8.57,roll -6deg,-0.11887,-0.339949,-0.0407813,0.110002,-0.10472,0,-0.206374,0.219688,-0.00300593,0.412614,0.552614,0.775073,0.898469,nan,0.269605,0.274815,0.276705,0.262308,0.264564,0.274815,0.264564,0.276705,0.262308,1,0,0.124262,0,0.0009703,-0.0467011,-0.00182225,-0.192894,-0.318729,-0.00126064,-0.0388608,-0.0026987,-0.200931,-0.223739,-0.00264967,-1.38122,-0.170997,10.8076,10.8969,0,25.9561
8.58,roll -6deg,-0.121036,-0.342118,-0.0405699,0.109403,-0.10472,0,-0.206481,0.217691,-0.00159293,0.414634,0.554634,0.784135,0.910185,nan,0.269759,0.276238,0.275258,0.264116,0.263393,0.276238,0.263393,0.275258,0.264116,1,0,0.123832,0,0.000681755,-0.0454514,0.000748592,-0.193519,-0.316826,-0.00144106,-0.0389609,-0.00272252,-0.207445,-0.225637,0.00231942,-1.41265,-0.128723,10.9558,11.0472,0,26.065
8.59,roll -6deg,-0.123203,-0.344266,-0.0408396,0.108255,-0.10472,0,-0.206455,0.215527,-0.00212541,0.416645,0.556645,0.787091,0.917444,nan,0.269913,0.274945,0.27703,0.262531,0.265115,0.274945,0.265115,0.27703,0.262531,1,0,0.12266,0,0.00132273,-0.0460976,-0.00205212,-0.192679,-0.313212,-0.00156935,-0.0390147,-0.00275735,-0.203206,-0.217387,0.00547436,-1.37766,-0.193249,10.8883,10.9768,0,26.1358
8.6,roll -6deg,-0.125369,-0.346392,-0.0407655,0.10798,-0.10472,0,-0.206303,0.21338,-0.00174185,0.418645,0.558645,0.796344,0.929377,nan,0.270068,0.276667,0.27551,0.264521,0.263542,0.276667,0.263542,0.27551,0.264521,1,0,0.122446,0,0.000472655,-0.0456884,0.000938859,-0.192868,-0.312387,-0.00175976,-0.0391362,-0.00275424,-0.185809,-0.220714,0.012447,-1.38258,-0.26661,10.8972,10.9878,0,26.2607
8.61,roll -6deg,-0.127535,-0.348496,-0.0413276,0.106994,-0.10472,0,-0.205942,0.211209,-0.00198004,0.420635,0.560635,0.804461,0.940357,nan,0.270223,0.275525,0.277175,0.263239,0.264922,0.275525,0.264922,0.277175,0.263239,1,0,0.121297,0,8.85962e-05,-0.0464967,-0.00146492,-0.191182,-0.30936,-0.00187836,-0.0391993,-0.00276514,-0.195531,-0.219187,0.014762,-1.4485,-0.131601,10.884,10.9808,0,26.336
8.62,roll -6deg,-0.129697,-0.350578,-0.0411538,0.106401,-0.10472,0,-0.205489,0.209033,-0.00213087,0.422614,0.562614,0.813943,0.952509,nan,0.27038,0.27616,0.276574,0.263949,0.264804,0.27616,0.264804,0.276574,0.263949,1,0,0.120856,0,0.00116708,-0.0454406,-0.000557992,-0.191698,-0.307478,-0.00205935,-0.0392926,-0.00278172,-0.201979,-0.204113,0.00581511,-1.3876,-0.128642,10.9502,11.0385,0,26.4419
8.63,roll -6deg,-0.131857,-0.352637,-0.0416235,0.105136,-0.10472,0,-0.204987,0.20676,-0.00236973,0.424583,0.564583,0.817354,0.959953,nan,0.270536,0.276423,0.276957,0.264307,0.264427,0.276423,0.264427,0.276957,0.264307,1,0,0.119482,0,-0.00109847,-0.0466967,-0.000287576,-0.190245,-0.303554,-0.00216927,-0.039331,-0.00281081,-0.187503,-0.205034,0.0063671,-1.34206,-0.0486814,10.9987,11.0804,0,26.5
8.64,roll -6deg,-0.134016,-0.354671,-0.0410422,0.104634,-0.10472,0,-0.204421,0.204289,-0.00333896,0.426542,0.566542,0.827036,0.972239,nan,0.270694,0.275304,0.278344,0.262699,0.266397,0.275304,0.266397,0.278344,0.262699,1,0,0.11934,0,0.0017445,-0.0465221,-0.00296163,-0.191983,-0.301965,-0.00237951,-0.0394279,-0.00283286,-0.198321,-0.215715,0.0136002,-1.35055,0.0125914,10.9667,11.0496,0,26.6145
8.65,roll -6deg,-0.136168,-0.35668,-0.0415109,0.103855,-0.10472,0,-0.203778,0.201705,-0.00191676,0.428489,0.568489,0.840779,0.987397,nan,0.270852,0.276092,0.277808,0.26388,0.265597,0.276092,0.265597,0.277808,0.26388,1,0,0.118419,0,1.45152e-06,-0.046276,-0.00150892,-0.190587,-0.299574,-0.0025121,-0.0394979,-0.00283428,-0.209843,-0.200969,-0.00132532,-1.22745,-0.0525593,10.9449,11.0136,0,26.6987
8.66,roll -6deg,-0.138312,-0.358663,-0.041045,0.103505,-0.10472,0,-0.203173,0.199094,-0.00127127,0.430427,0.570427,0.850734,0.999732,nan,0.271011,0.277577,0.276785,0.26509,0.264558,0.277577,0.264558,0.276785,0.26509,1,0,0.118357,0,0.000691504,-0.0468297,0.000581821,-0.191965,-0.298473,-0.00272029,-0.0395996,-0.00284358,-0.206623,-0.205967,0.00253049,-1.27729,-0.0277144,10.9335,11.0079,0,26.8184
8.67,roll -6deg,-0.140451,-0.36062,-0.0414136,0.102481,-0.10472,0,-0.202592,0.196513,-0.00167319,0.432354,0.572354,0.863501,1.01426,nan,0.271169,0.277332,0.277622,0.265012,0.26468,0.277332,0.26468,0.277622,0.265012,1,0,0.117265,0,-0.00164996,-0.0478662,1.85621e-05,-0.19083,-0.295289,-0.00284608,-0.0396476,-0.00286322,-0.198994,-0.195102,-0.0007717,-1.28626,-0.127172,10.9429,11.0189,0,26.8872
8.68,roll -6deg,-0.142585,-0.362552,-0.0411777,0.102267,-0.10472,0,-0.202078,0.194031,-0.00109501,0.43427,0.57427,0.873724,1.02673,nan,0.271329,0.277276,0.277783,0.264093,0.26613,0.277276,0.26613,0.277783,0.264093,1,0,0.117216,0,0.00405895,-0.0470587,-0.00111777,-0.191539,-0.294671,-0.00304736,-0.0397549,-0.00285476,-0.204054,-0.205542,0.00285743,-1.22274,-0.143525,10.9804,11.0492,0,27.0099
8.69,roll -6deg,-0.144713,-0.364459,-0.0415131,0.101611,-0.10472,0,-0.2014,0.19159,-0.00142545,0.436175,0.576175,0.857998,1.02047,nan,0.271488,0.277815,0.277133,0.265398,0.265574,0.277815,0.265574,0.277133,0.265398,1,0,0.116471,0,0.00227667,-0.0454289,0.000222619,-0.190522,-0.292678,-0.00319207,-0.0398276,-0.002854,-0.202826,-0.196619,0.00496541,-1.22344,-0.185125,11.0502,11.1192,0,27.0982
8.7,roll -6deg,-0.146836,-0.36634,-0.04132,0.101092,-0.10472,0,-0.200676,0.189073,-0.0023964,0.43807,0.57807,0.868283,1.03323,nan,0.271648,0.277449,0.27804,0.26541,0.26566,0.277449,0.26566,0.27804,0.26541,1,0,0.116121,0,-0.000904866,-0.0462703,-0.000369117,-0.191076,-0.291078,-0.00337267,-0.0399082,-0.00286163,-0.193167,-0.192296,-0.00791837,-1.36938,-0.236853,11.1251,11.2116,0,27.2006
8.71,roll -6deg,-0.148954,-0.368195,-0.0416783,0.10046,-0.10472,0,-0.200116,0.186535,-0.00180656,0.439955,0.579955,0.834145,1.01378,nan,0.271808,0.278063,0.277574,0.265656,0.265906,0.278063,0.265906,0.277574,0.265656,1,0,0.115397,0,0.0019625,-0.0456182,0.00010512,-0.189999,-0.289174,-0.00351307,-0.039977,-0.00285915,-0.197488,-0.194841,0.000754461,-1.31198,-0.154548,10.9851,11.0643,0,27.2875
8.72,roll -6deg,-0.151065,-0.370026,-0.0412026,0.100136,-0.10472,0,-0.199561,0.184046,-0.000820897,0.441828,0.581828,0.844366,1.02672,nan,0.271968,0.277334,0.278791,0.264921,0.266793,0.277334,0.266793,0.278791,0.264921,1,0,0.115362,0,0.00110389,-0.0462537,-0.00146326,-0.191416,-0.288134,-0.00372031,-0.0400681,-0.00286602,-0.199676,-0.183547,-0.00169364,-1.33485,-0.166193,10.9537,11.0359,0,27.4027
8.73,roll -6deg,-0.15317,-0.371832,-0.0416816,0.099341,-0.10472,0,-0.198978,0.181663,-0.00132313,0.443691,0.583691,0.848678,1.03526,nan,0.272127,0.278735,0.277523,0.266545,0.265675,0.278735,0.265675,0.277523,0.266545,1,0,0.114432,0,0.000906528,-0.0455479,0.000915144,-0.189955,-0.285729,-0.00384335,-0.0401201,-0.00286995,-0.190261,-0.189764,0.000337409,-1.29228,-0.165949,11.0045,11.0814,0,27.4762
8.74,roll -6deg,-0.155272,-0.373613,-0.0411438,0.0987091,-0.10472,0,-0.198378,0.179254,-0.0025914,0.445544,0.585544,0.859112,1.04813,nan,0.272287,0.276781,0.279983,0.264731,0.267623,0.276781,0.267623,0.279983,0.264731,1,0,0.114167,0,-0.000825175,-0.0462519,-0.00267838,-0.191545,-0.283708,-0.00404098,-0.0401856,-0.00289469,-0.189442,-0.185097,0.0016645,-1.23093,-0.160379,11.0681,11.1375,0,27.5726
8.75,roll -6deg,-0.157371,-0.375369,-0.0417139,0.09794,-0.10472,0,-0.197847,0.176886,-0.0030644,0.447385,0.587385,0.853801,1.04959,nan,0.272447,0.277333,0.279942,0.264981,0.267501,0.277333,0.267501,0.279942,0.264981,1,0,0.113195,0,-0.000236066,-0.0469788,-0.00225384,-0.189821,-0.281382,-0.00415716,-0.0402363,-0.00289291,-0.184655,-0.181996,0.000649186,-1.2374,-0.140292,11.0775,11.1473,0,27.6438
8.76,roll -6deg,-0.159469,-0.3771,-0.041282,0.0973623,-0.10472,0,-0.197399,0.174525,-0.00316102,0.449216,0.589216,0.86438,1.06294,nan,0.272607,0.278554,0.279336,0.265495,0.267011,0.278554,0.267011,0.279336,0.265495,1,0,0.11294,0,0.00194804,-0.0480959,-0.00101006,-0.19112,-0.27956,-0.00434841,-0.0403003,-0.00291024,-0.199126,-0.178,-0.00119801,-1.11714,-0.112445,11.0907,11.1474,0,27.74
8.77,roll -6deg,-0.161562,-0.378807,-0.0415062,0.0966425,-0.10472,0,-0.197098,0.172252,-0.00259344,0.451037,0.591037,0.852143,1.0597,nan,0.272767,0.2788,0.279351,0.266252,0.266632,0.2788,0.266632,0.279351,0.266252,1,0,0.112196,0,-0.000455355,-0.0478766,-0.000408849,-0.190432,-0.277336,-0.00448851,-0.0403503,-0.0029172,-0.198199,-0.172169,0.00956751,-1.11434,-0.0703639,11.067,11.1231,0,27.817
8.78,roll -6deg,-0.163655,-0.380492,-0.0410857,0.0962916,-0.10472,0,-0.196963,0.170131,-0.00290753,0.452846,0.592846,0.862824,1.07312,nan,0.272926,0.278772,0.279727,0.266174,0.267,0.278772,0.267,0.279727,0.266174,1,0,0.112137,0,-0.000340435,-0.0479862,-0.00078251,-0.191679,-0.276262,-0.00468947,-0.0404276,-0.00291743,-0.195562,-0.173484,0.00391708,-1.07444,-0.157632,11.0061,11.0595,0,27.9245
8.79,roll -6deg,-0.165746,-0.382157,-0.0415728,0.0952987,-0.10472,0,-0.196887,0.168139,-0.0022308,0.454645,0.594645,0.848644,1.06827,nan,0.273086,0.278443,0.280313,0.265728,0.267827,0.278443,0.267827,0.280313,0.265728,1,0,0.111025,0,0.000607098,-0.0477524,-0.00174461,-0.190209,-0.273203,-0.0047975,-0.040454,-0.00293385,-0.199229,-0.177906,-0.000497341,-1.1149,-0.152404,11.0417,11.0989,0,27.9798
8.8,roll -6deg,-0.167835,-0.383802,-0.0412901,0.0947085,-0.10472,0,-0.196778,0.166182,-0.00231287,0.456434,0.596434,0.85941,1.08181,nan,0.273245,0.279878,0.278819,0.267276,0.266975,0.279878,0.266975,0.278819,0.267276,1,0,0.11067,0,0.00200934,-0.0463184,0.000597982,-0.191038,-0.271362,-0.00497988,-0.0405105,-0.00294378,-0.196833,-0.166343,-0.000373457,-1.18112,-0.244559,11.2174,11.2821,0,28.0699
8.81,roll -6deg,-0.169927,-0.385426,-0.0417545,0.0938309,-0.10472,0,-0.196578,0.164199,-0.00347474,0.458212,0.598212,0.8749,1.09879,nan,0.273404,0.278859,0.280235,0.266468,0.268021,0.278859,0.268021,0.280235,0.266468,1,0,0.109676,0,0.000472115,-0.0466221,-0.00128752,-0.189628,-0.26868,-0.00509743,-0.0405436,-0.00295196,-0.194418,-0.171324,0.00958709,-1.21789,-0.296266,11.0913,11.1619,0,28.1305
8.82,roll -6deg,-0.172017,-0.387029,-0.0416232,0.0934732,-0.10472,0,-0.196352,0.162283,-0.00314532,0.459979,0.599979,0.885971,1.11252,nan,0.273563,0.278617,0.280915,0.266062,0.268625,0.278617,0.268625,0.280915,0.266062,1,0,0.109445,0,0.000699581,-0.0470768,-0.00213641,-0.190017,-0.267599,-0.00527818,-0.0406124,-0.0029418,-0.19556,-0.159337,0.00865567,-1.1533,-0.268238,11.1528,11.2155,0,28.23
8.83,roll -6deg,-0.174105,-0.388614,-0.0419154,0.0924282,-0.10472,0,-0.196259,0.160319,-0.00208979,0.461736,0.601736,0.88125,1.11455,nan,0.273721,0.278399,0.281213,0.266542,0.268701,0.278399,0.268701,0.281213,0.266542,1,0,0.108388,0,-0.00173862,-0.0461752,-0.00218601,-0.189113,-0.264346,-0.00539645,-0.0406286,-0.0029655,-0.190574,-0.16178,0.0120803,-1.16643,-0.181814,11.0529,11.1158,0,28.282
8.84,roll -6deg,-0.176188,-0.390181,-0.0417659,0.0922288,-0.10472,0,-0.196324,0.158279,-0.0012881,0.463482,0.603482,0.892479,1.12829,nan,0.27388,0.27969,0.280421,0.267228,0.26815,0.27969,0.26815,0.280421,0.267228,1,0,0.108324,0,0.000505455,-0.0468642,-0.000726287,-0.189565,-0.263775,-0.00558498,-0.0407046,-0.00294555,-0.194314,-0.14991,0.00434833,-1.26764,-0.0980219,11.1272,11.1996,0,28.3893
8.85,roll -6deg,-0.178273,-0.391726,-0.0420977,0.0915278,-0.10472,0,-0.196427,0.156281,-0.00205788,0.465217,0.605217,0.880064,1.12491,nan,0.274039,0.279991,0.280552,0.267555,0.268025,0.279991,0.268025,0.280552,0.267555,1,0,0.107555,0,-0.00024039,-0.0473004,-0.000453231,-0.188541,-0.26166,-0.00571539,-0.0407431,-0.0029461,-0.180989,-0.160227,0.00756439,-1.11684,-0.0902202,11.1483,11.2045,0,28.4588
8.86,roll -6deg,-0.18036,-0.393251,-0.0415128,0.0909771,-0.10472,0,-0.196496,0.154345,-0.00191351,0.466942,0.606942,0.8914,1.13891,nan,0.274197,0.280797,0.280105,0.268534,0.26732,0.280797,0.26732,0.280105,0.268534,1,0,0.107435,0,-0.00138395,-0.0474617,0.000837746,-0.190291,-0.259934,-0.00591876,-0.0407922,-0.00295634,-0.189472,-0.154917,0.00352775,-1.04417,-0.127692,11.2132,11.2624,0,28.5521
8.87,roll -6deg,-0.182451,-0.394756,-0.0422535,0.0903033,-0.10472,0,-0.196476,0.15244,-0.003035,0.468656,0.608656,0.870207,1.12919,nan,0.274355,0.280433,0.280849,0.268203,0.267904,0.280433,0.267904,0.280849,0.268203,1,0,0.106451,0,-0.00189485,-0.0477029,-5.19218e-05,-0.188081,-0.257932,-0.00602267,-0.040829,-0.00294763,-0.200194,-0.160521,0.0087122,-1.02383,-0.122499,11.1089,11.1566,0,28.6144
8.88,roll -6deg,-0.184543,-0.396241,-0.0420605,0.090034,-0.10472,0,-0.19653,0.150543,-0.00147507,0.47036,0.61036,0.881584,1.14322,nan,0.274513,0.280737,0.281459,0.267317,0.26851,0.280737,0.26851,0.281459,0.267317,1,0,0.106346,0,0.00124802,-0.0499624,-0.000841699,-0.188635,-0.257135,-0.00620973,-0.040893,-0.00293407,-0.186897,-0.155664,0.00730641,-1.07143,-0.234662,11.2069,11.2605,0,28.7153
8.89,roll -6deg,-0.186631,-0.397709,-0.0423713,0.0892154,-0.10472,0,-0.196493,0.148763,-0.0020871,0.472054,0.612054,0.87776,1.14635,nan,0.274672,0.281393,0.280434,0.26844,0.268387,0.281393,0.268387,0.280434,0.26844,1,0,0.105485,0,0.00240432,-0.0473695,0.000444769,-0.187705,-0.254611,-0.00633448,-0.0409165,-0.00294449,-0.197092,-0.156976,0.00860618,-1.04501,-0.231078,11.2007,11.2517,0,28.7751
8.9,roll -6deg,-0.188722,-0.399158,-0.0423879,0.0887595,-0.10472,0,-0.196353,0.147024,-0.00262576,0.473736,0.613736,0.889309,1.16071,nan,0.27483,0.279676,0.282693,0.266759,0.270158,0.279676,0.270158,0.282693,0.266759,1,0,0.105109,0,0.00101105,-0.0482259,-0.00282009,-0.187636,-0.253249,-0.00649833,-0.0409652,-0.00293657,-0.189472,-0.163106,0.0139282,-1.14248,-0.231759,11.2337,11.2941,0,28.8602
8.91,roll -6deg,-0.190811,-0.40059,-0.0425598,0.0879048,-0.10472,0,-0.196227,0.145438,-0.00263061,0.475409,0.615409,0.905571,1.17829,nan,0.274987,0.281648,0.28114,0.269092,0.268038,0.281648,0.268038,0.28114,0.269092,1,0,0.104289,0,-0.00144639,-0.0486177,0.000686599,-0.187123,-0.250589,-0.00663269,-0.0409835,-0.0029512,-0.200079,-0.153607,-0.00147915,-1.104,-0.284327,11.3447,11.4018,0,28.9191
8.92,roll -6deg,-0.1929,-0.402006,-0.0424839,0.0877029,-0.10472,0,-0.196109,0.143914,-0.00225085,0.47707,0.61707,0.917439,1.19259,nan,0.275145,0.280368,0.282398,0.267545,0.270238,0.280368,0.270238,0.282398,0.267545,1,0,0.104195,0,0.00175841,-0.0473385,-0.00207582,-0.187334,-0.250038,-0.00681599,-0.0410494,-0.00292566,-0.189724,-0.146792,-0.00682292,-1.19093,-0.247066,11.1555,11.2216,0,29.0195
8.93,roll -6deg,-0.194986,-0.403406,-0.04296,0.0870176,-0.10472,0,-0.195998,0.142248,-0.00199755,0.478722,0.618722,0.911742,1.19426,nan,0.275303,0.281578,0.281516,0.268711,0.269376,0.281578,0.269376,0.281516,0.268711,1,0,0.103354,0,0.00192804,-0.0473845,-0.000265127,-0.185905,-0.247972,-0.00693527,-0.0410792,-0.00292256,-0.194629,-0.147554,0.00677251,-1.1311,-0.218095,11.131,11.1904,0,29.0812
8.94,roll -6deg,-0.197072,-0.404789,-0.0423472,0.0865038,-0.10472,0,-0.19585,0.140509,-0.0022796,0.480362,0.620362,0.923774,1.20885,nan,0.275461,0.280289,0.283178,0.268006,0.270339,0.280289,0.270339,0.283178,0.268006,1,0,0.103297,0,-0.00147661,-0.0476015,-0.00229509,-0.187714,-0.246384,-0.00714142,-0.0411181,-0.00292776,-0.185278,-0.146392,0.000321407,-1.11776,-0.112349,11.2673,11.3231,0,29.1727
8.95,roll -6deg,-0.199159,-0.406154,-0.0428083,0.0858121,-0.10472,0,-0.195729,0.138911,-0.00312046,0.481992,0.621992,0.939806,1.22621,nan,0.275619,0.281434,0.282256,0.269071,0.269682,0.281434,0.269682,0.282256,0.269071,1,0,0.102446,0,-0.000560169,-0.0472489,-0.000629861,-0.186329,-0.244264,-0.00725828,-0.0411406,-0.00292827,-0.189349,-0.134111,0.00735748,-1.06088,-0.136448,11.1785,11.2295,0,29.2328
8.96,roll -6deg,-0.201248,-0.407502,-0.0421514,0.0851226,-0.10472,0,-0.195601,0.137292,-0.00309065,0.483612,0.623612,0.952157,1.24088,nan,0.275776,0.281371,0.282813,0.268782,0.270108,0.281371,0.270108,0.282813,0.268782,1,0,0.102285,0,-0.000306437,-0.0479262,-0.00121651,-0.188288,-0.24213,-0.00746196,-0.0411658,-0.00294036,-0.194913,-0.142592,0.00901911,-0.939955,-0.193684,11.2374,11.2783,0,29.3144
8.97,roll -6deg,-0.203334,-0.408833,-0.0428676,0.0847091,-0.10472,0,-0.195452,0.135666,-0.00279554,0.485221,0.625221,0.948172,1.24374,nan,0.275934,0.282945,0.281614,0.270167,0.26898,0.282945,0.26898,0.281614,0.270167,1,0,0.101524,0,0.000381569,-0.0481507,0.00110699,-0.186131,-0.240927,-0.00757462,-0.041206,-0.00291906,-0.187034,-0.133358,1.16315e-05,-0.969368,-0.0715786,11.1878,11.2299,0,29.3839
8.98,roll -6deg,-0.205421,-0.410147,-0.0426186,0.0838804,-0.10472,0,-0.195178,0.1341,-0.00356135,0.48682,0.62682,0.960696,1.2585,nan,0.276092,0.282369,0.282191,0.270074,0.269702,0.282369,0.269702,0.282191,0.270074,1,0,0.101001,0,-0.000515376,-0.0469599,0.000241413,-0.18687,-0.238346,-0.00774173,-0.0412166,-0.00293595,-0.194787,-0.129491,0.0112276,-0.910092,-0.212279,11.142,11.1811,0,29.4484
8.99,roll -6deg,-0.207506,-0.411446,-0.0430617,0.0834047,-0.10472,0,-0.194948,0.132549,-0.00318546,0.488408,0.628408,0.973437,1.27341,nan,0.27625,0.282298,0.282656,0.269702,0.270311,0.282298,0.270311,0.282656,0.269702,1,0,0.100352,0,0.000664842,-0.0472589,-0.000424901,-0.185542,-0.236942,-0.00786868,-0.0412511,-0.00292119,-0.197622,-0.129407,0.0124927,-0.964645,-0.170283,11.2185,11.2612,0,29.5184
9,roll -6deg,-0.209586,-0.412728,-0.0430158,0.0830976,-0.10472,0,-0.194654,0.130963,-0.00285816,0.489985,0.629985,0.98626,1.28844,nan,0.276408,0.282419,0.283103,0.269137,0.27094,0.282419,0.27094,0.283103,0.269137,1,0,0.100143,0,0.00296721,-0.048214,-0.00109365,-0.185653,-0.236059,-0.00804085,-0.0412939,-0.00290416,-0.180831,-0.136646,-0.00501863,-0.996414,-0.263516,11.2665,11.3136,0,29.607
9.01,roll -6deg,-0.211663,-0.413996,-0.0434222,0.082467,-0.10472,0,-0.194214,0.129448,-0.00276876,0.491552,0.631552,0.988384,1.29577,nan,0.276565,0.282936,0.282454,0.269924,0.270916,0.282936,0.270916,0.282454,0.269924,1,0,0.099392,0,0.00390865,-0.0465166,-0.000224064,-0.184432,-0.234166,-0.00816379,-0.0413157,-0.00290041,-0.184114,-0.144969,-0.0027046,-1.01496,-0.300128,11.2602,11.3098,0,29.6675
9.02,roll -6deg,-0.213735,-0.415247,-0.0432943,0.0820886,-0.10472,0,-0.19364,0.127843,-0.0035326,0.493109,0.633109,1.00143,1.31089,nan,0.276723,0.281544,0.284308,0.269118,0.271891,0.281544,0.271891,0.284308,0.269118,1,0,0.0991878,0,2.45525e-05,-0.0470735,-0.00243374,-0.184825,-0.233048,-0.00833889,-0.041355,-0.00288492,-0.194875,-0.139234,0.00628354,-1.07694,-0.214047,11.2841,11.3374,0,29.7527
9.03,roll -6deg,-0.215802,-0.416482,-0.0438825,0.0813328,-0.10472,0,-0.19303,0.126149,-0.00262133,0.494655,0.634655,0.999766,1.31536,nan,0.276881,0.282633,0.28336,0.270176,0.271322,0.282633,0.271322,0.28336,0.270176,1,0,0.098209,0,0.00111048,-0.0464146,-0.000823286,-0.183046,-0.230727,-0.00844144,-0.0413657,-0.00288731,-0.19142,-0.135552,0.012209,-1.06583,-0.150422,11.245,11.2964,0,29.8007
9.04,roll -6deg,-0.217859,-0.417701,-0.0434703,0.0810356,-0.10472,0,-0.192342,0.124418,-0.00204927,0.49619,0.63619,1.01301,1.33054,nan,0.277038,0.281801,0.284819,0.269406,0.272096,0.281801,0.272096,0.284819,0.269406,1,0,0.0982358,0,-0.000868332,-0.0475933,-0.00250909,-0.184275,-0.229854,-0.00864054,-0.0414045,-0.00287153,-0.190135,-0.130313,0.00407705,-1.07358,-0.154285,11.2881,11.34,0,29.8948
9.05,roll -6deg,-0.219907,-0.418904,-0.0439082,0.080436,-0.10472,0,-0.191788,0.122876,-0.00200219,0.497715,0.637715,1.00114,1.32747,nan,0.277196,0.283422,0.283758,0.271248,0.270325,0.283422,0.270325,0.283758,0.271248,1,0,0.0974924,0,-0.00334043,-0.0485192,0.00025821,-0.182957,-0.228045,-0.00875599,-0.0414216,-0.00286695,-0.18997,-0.127569,4.5676e-05,-0.89606,-0.0813324,11.2915,11.3273,0,29.9533
9.06,roll -6deg,-0.221952,-0.420091,-0.0434995,0.0797578,-0.10472,0,-0.191384,0.12136,-0.00247725,0.49923,0.63923,1.01451,1.34298,nan,0.277354,0.282485,0.284946,0.269735,0.272216,0.282485,0.272216,0.284946,0.269735,1,0,0.0971984,0,5.32851e-05,-0.0482799,-0.00217231,-0.184145,-0.225942,-0.0089362,-0.0414317,-0.00287404,-0.176095,-0.122246,0.0028118,-0.871496,-0.16412,11.3216,11.3563,0,30.0248
9.07,roll -6deg,-0.223997,-0.421261,-0.04392,0.0791468,-0.10472,0,-0.191071,0.119891,-0.00314391,0.500734,0.640734,1.01257,1.3474,nan,0.277511,0.284198,0.283911,0.270788,0.271115,0.284198,0.271115,0.283911,0.270788,1,0,0.0964619,0,0.00162697,-0.0496568,-1.7607e-05,-0.182912,-0.224099,-0.00905286,-0.0414453,-0.00287024,-0.19906,-0.123698,0.0101348,-0.90456,-0.246897,11.3971,11.4356,0,30.0816
9.08,roll -6deg,-0.226041,-0.422415,-0.0437964,0.0786494,-0.10472,0,-0.190809,0.118508,-0.00388022,0.502227,0.642227,1.02613,1.36276,nan,0.277668,0.284681,0.283405,0.271504,0.271051,0.284681,0.271051,0.283405,0.271504,1,0,0.0961474,0,0.00218231,-0.0483763,0.000760296,-0.183261,-0.222602,-0.00922053,-0.0414666,-0.0028616,-0.190263,-0.116901,0.0125028,-0.858205,-0.150826,11.2578,11.2915,0,30.1561
9.09,roll -6deg,-0.228084,-0.423555,-0.0441258,0.0779032,-0.10472,0,-0.19055,0.117148,-0.00340858,0.50371,0.64371,1.03173,1.37243,nan,0.277825,0.28369,0.284502,0.270826,0.272252,0.28369,0.272252,0.284502,0.270826,1,0,0.0953452,0,0.00162908,-0.0475848,-0.000983642,-0.18225,-0.220331,-0.00933868,-0.0414702,-0.00286483,-0.180631,-0.129804,-0.000447275,-0.883324,-0.205972,11.2519,11.2884,0,30.2061
9.1,roll -6deg,-0.230122,-0.424683,-0.0440322,0.0774422,-0.10472,0,-0.190364,0.115829,-0.00294377,0.505183,0.645183,1.04554,1.38814,nan,0.277982,0.282929,0.28599,0.270169,0.272809,0.282929,0.272809,0.28599,0.270169,1,0,0.0950521,0,-0.0011174,-0.0491521,-0.00250572,-0.182526,-0.218962,-0.00950397,-0.0414916,-0.00285176,-0.181941,-0.127889,-0.00285661,-0.96697,-0.278612,11.3267,11.3713,0,30.2811
9.11,roll -6deg,-0.232157,-0.425798,-0.0444037,0.0766639,-0.10472,0,-0.190217,0.114526,-0.00309756,0.506645,0.646645,1.02884,1.38177,nan,0.278139,0.283475,0.285106,0.271246,0.272699,0.283475,0.272699,0.285106,0.271246,1,0,0.0942052,0,-0.000473231,-0.046681,-0.00135604,-0.181415,-0.216568,-0.00961511,-0.0414905,-0.00285648,-0.191442,-0.123011,0.00622445,-0.953256,-0.258345,11.3352,11.3782,0,30.3274
9.12,roll -6deg,-0.234192,-0.426898,-0.0441317,0.076102,-0.10472,0,-0.190176,0.113038,-0.00346255,0.508097,0.648097,1.04274,1.39753,nan,0.278296,0.282907,0.2859,0.270424,0.273922,0.282907,0.273922,0.2859,0.270424,1,0,0.0939416,0,0.00133696,-0.0463483,-0.00285299,-0.182206,-0.214876,-0.00979122,-0.0415023,-0.00284953,-0.18196,-0.124566,0.006007,-0.967703,-0.205326,11.3143,11.3575,0,30.3998
9.13,roll -6deg,-0.236227,-0.427983,-0.0444962,0.0754947,-0.10472,0,-0.190167,0.111504,-0.00321023,0.509538,0.649538,1.03273,1.39622,nan,0.278453,0.283671,0.285531,0.271346,0.273233,0.283671,0.273233,0.285531,0.271346,1,0,0.0932356,0,6.99879e-05,-0.0466565,-0.00164697,-0.181105,-0.213031,-0.00991043,-0.0415087,-0.00284426,-0.18096,-0.114916,0.00621172,-0.991602,-0.143707,11.3044,11.3487,0,30.4547
9.14,roll -6deg,-0.238263,-0.429052,-0.0442321,0.0749986,-0.10472,0,-0.19014,0.109928,-0.00336358,0.510969,0.650969,1.04678,1.41206,nan,0.27861,0.284086,0.285705,0.270991,0.273625,0.284086,0.273625,0.285705,0.270991,1,0,0.0930282,0,0.00269408,-0.047701,-0.00186918,-0.181881,-0.211556,-0.0100878,-0.0415217,-0.00283158,-0.174744,-0.112366,-0.0022671,-0.915934,-0.172304,11.4445,11.4824,0,30.5298
9.15,roll -6deg,-0.240297,-0.430104,-0.0446044,0.0743967,-0.10472,0,-0.18998,0.108262,-0.00315916,0.512389,0.652389,1.03645,1.41034,nan,0.278766,0.284611,0.285543,0.272235,0.272645,0.284611,0.272645,0.285543,0.272235,1,0,0.0923127,0,-0.00138422,-0.0478902,-0.000589459,-0.180775,-0.209722,-0.0102066,-0.0415267,-0.00282602,-0.186815,-0.0985552,0.00713681,-0.809829,-0.0607883,11.4504,11.4792,0,30.5835
9.16,roll -6deg,-0.242328,-0.431139,-0.0444833,0.0737243,-0.10472,0,-0.18973,0.106447,-0.00295369,0.513799,0.653799,1.05065,1.42647,nan,0.278923,0.28508,0.285646,0.272222,0.272711,0.28508,0.272711,0.285646,0.272222,1,0,0.0918958,0,-0.000205348,-0.0488748,-0.00046346,-0.181142,-0.207689,-0.0103627,-0.0415258,-0.00282395,-0.196445,-0.107413,0.00845676,-0.817192,-0.0883881,11.4272,11.4567,0,30.6441
9.17,roll -6deg,-0.244355,-0.432156,-0.0449106,0.0730591,-0.10472,0,-0.189502,0.104553,-0.00272994,0.515198,0.655198,1.04375,1.4274,nan,0.279079,0.285249,0.285635,0.272407,0.272995,0.285249,0.272995,0.285635,0.272407,1,0,0.0911008,0,0.000536145,-0.0482834,-0.000427658,-0.179852,-0.205689,-0.0104759,-0.0415256,-0.00282046,-0.19481,-0.115735,-0.000341794,-0.817937,-0.246809,11.341,11.3732,0,30.6914
9.18,roll -6deg,-0.246378,-0.433155,-0.0446376,0.0724689,-0.10472,0,-0.189306,0.102644,-0.00311513,0.516587,0.656587,1.05812,1.44337,nan,0.279235,0.285023,0.285936,0.272094,0.273857,0.285023,0.273857,0.285936,0.272094,1,0,0.0908412,0,0.0022556,-0.0473841,-0.00117623,-0.180655,-0.2039,-0.0106505,-0.0415273,-0.00281162,-0.191518,-0.104924,0.0053345,-0.720011,-0.251082,11.3425,11.3681,0,30.7588
9.19,roll -6deg,-0.248401,-0.434133,-0.0449032,0.0716726,-0.10472,0,-0.189083,0.100737,-0.00372572,0.517966,0.657966,1.07683,1.46268,nan,0.279391,0.284623,0.286785,0.271865,0.274261,0.284623,0.274261,0.286785,0.271865,1,0,0.0900449,0,0.000621957,-0.0479044,-0.0020036,-0.179837,-0.201471,-0.0107694,-0.0415158,-0.00281556,-0.184581,-0.113078,0.00419468,-0.872529,-0.284121,11.4005,11.4374,0,30.801
9.2,roll -6deg,-0.25042,-0.435092,-0.0446245,0.0711402,-0.10472,0,-0.188895,0.098889,-0.00350901,0.519334,0.659334,1.09155,1.47917,nan,0.279547,0.285428,0.286245,0.272913,0.273571,0.285428,0.273571,0.286245,0.272913,1,0,0.0898301,0,-0.000422514,-0.0477285,-0.000648253,-0.180653,-0.199891,-0.0109475,-0.0415185,-0.00280036,-0.176685,-0.110643,0.00900897,-0.881873,-0.263431,11.4842,11.521,0,30.8704
9.21,roll -6deg,-0.252438,-0.436033,-0.0451382,0.0705511,-0.10472,0,-0.188746,0.0970897,-0.00385189,0.520692,0.660692,1.08127,1.47747,nan,0.279703,0.285252,0.286886,0.272343,0.274299,0.285252,0.274299,0.286886,0.272343,1,0,0.0890541,0,0.00085388,-0.0483103,-0.00157812,-0.179127,-0.198128,-0.0110534,-0.0415197,-0.00279106,-0.189484,-0.109903,0.00808288,-0.842072,-0.305193,11.4096,11.4447,0,30.9166
9.22,roll -6deg,-0.254453,-0.436956,-0.044755,0.0699524,-0.10472,0,-0.188628,0.0952906,-0.00245077,0.522039,0.662039,1.09614,1.4939,nan,0.279858,0.285169,0.286996,0.272699,0.274536,0.285169,0.274536,0.286996,0.272699,1,0,0.0888638,0,2.57003e-05,-0.0472371,-0.00161035,-0.180252,-0.196322,-0.0112351,-0.0415151,-0.00277876,-0.178316,-0.0971266,-0.00667327,-0.867317,-0.214434,11.3746,11.4097,0,30.9836
9.23,roll -6deg,-0.256462,-0.437862,-0.0451376,0.0692893,-0.10472,0,-0.188414,0.0934469,-0.00318851,0.523376,0.663376,1.09021,1.49533,nan,0.280012,0.286177,0.286567,0.273373,0.273902,0.286177,0.273902,0.286567,0.273373,1,0,0.088128,0,0.000370988,-0.0482587,-0.000404105,-0.179095,-0.194329,-0.0113487,-0.0415064,-0.00277532,-0.177319,-0.101058,0.00708066,-0.803067,-0.175108,11.4269,11.4564,0,31.0273
9.24,roll -6deg,-0.25847,-0.43875,-0.0449126,0.0685285,-0.10472,0,-0.188067,0.0916618,-0.00280168,0.524703,0.664703,1.10526,1.51206,nan,0.280167,0.286195,0.286731,0.27333,0.274381,0.286195,0.274381,0.286731,0.27333,1,0,0.0876912,0,0.00136536,-0.0477777,-0.000698065,-0.179763,-0.192009,-0.0115114,-0.0414884,-0.00277257,-0.179844,-0.0886949,-0.00284693,-0.720695,-0.152012,11.5049,11.5285,0,31.0803
9.25,roll -6deg,-0.26047,-0.43962,-0.0453346,0.0682798,-0.10472,0,-0.187594,0.089797,-0.00268975,0.52602,0.66602,1.12254,1.53029,nan,0.280321,0.286404,0.287101,0.273673,0.274075,0.286404,0.274075,0.287101,0.273673,1,0,0.0872523,0,-0.000781612,-0.0488042,-0.000483063,-0.178511,-0.191338,-0.011634,-0.0415033,-0.00274504,-0.18792,-0.0859189,0.00176519,-0.716675,-0.231853,11.4552,11.4799,0,31.1439
9.26,roll -6deg,-0.262468,-0.44047,-0.0448465,0.0674419,-0.10472,0,-0.187271,0.0879902,-0.00351961,0.527326,0.667326,1.13794,1.54731,nan,0.280474,0.286428,0.287134,0.274086,0.274219,0.286428,0.274219,0.287134,0.274086,1,0,0.0869566,0,-0.00152015,-0.047855,-0.000368405,-0.179933,-0.188773,-0.0118151,-0.0414764,-0.00274567,-0.169516,-0.0778952,3.26789e-05,-0.739328,-0.118746,11.5274,11.5517,0,31.1978
9.27,roll -6deg,-0.264463,-0.441302,-0.0451894,0.0670625,-0.10472,0,-0.187038,0.0860995,-0.00384793,0.528622,0.668622,1.1598,1.56867,nan,0.280627,0.285464,0.288565,0.272482,0.275969,0.285464,0.275969,0.288565,0.272482,1,0,0.0864532,0,0.00102699,-0.0484653,-0.00289562,-0.178921,-0.187672,-0.0119391,-0.0414803,-0.00272589,-0.181455,-0.0813024,-0.00127368,-0.646139,-0.262535,11.4827,11.5039,0,31.2545
9.28,roll -6deg,-0.266453,-0.442116,-0.0450919,0.0663345,-0.10472,0,-0.186943,0.0841504,-0.00293656,0.529908,0.669908,1.17558,1.58556,nan,0.28078,0.28683,0.287403,0.273793,0.275064,0.28683,0.275064,0.287403,0.273793,1,0,0.0859774,0,0.00185109,-0.0480836,-0.000810795,-0.179199,-0.185461,-0.0120876,-0.0414589,-0.00272371,-0.179295,-0.0806247,0.000745866,-0.688843,-0.221858,11.5008,11.5236,0,31.3029
9.29,roll -6deg,-0.26844,-0.44291,-0.0456192,0.0657066,-0.10472,0,-0.186859,0.082226,-0.00329388,0.531184,0.671184,1.17675,1.59172,nan,0.280932,0.288284,0.285816,0.275315,0.274284,0.288284,0.274284,0.285816,0.275315,1,0,0.0851776,0,0.00381315,-0.0464267,0.00153806,-0.177618,-0.183576,-0.0121852,-0.0414445,-0.00272102,-0.183825,-0.0950185,0.00487096,-0.791428,-0.36443,11.5363,11.5691,0,31.3395
9.3,roll -6deg,-0.270428,-0.443684,-0.0453592,0.0655968,-0.10472,0,-0.186694,0.0803749,-0.0037639,0.53245,0.67245,1.19277,1.60901,nan,0.281084,0.28711,0.287796,0.274656,0.274743,0.28711,0.274743,0.287796,0.274656,1,0,0.0853035,0,-0.00159177,-0.0483297,-0.000339587,-0.178395,-0.183361,-0.0123745,-0.0414609,-0.00267721,-0.179868,-0.0879834,0.00801241,-0.8029,-0.299431,11.5846,11.6163,0,31.4242
9.31,roll -6deg,-0.272415,-0.444439,-0.045509,0.0650898,-0.10472,0,-0.186568,0.0784749,-0.00403119,0.533705,0.673705,1.20259,1.62164,nan,0.281235,0.287651,0.287546,0.274633,0.275079,0.287651,0.275079,0.287546,0.274633,1,0,0.0848297,0,0.00146013,-0.0482903,-0.000149736,-0.177938,-0.181852,-0.0125072,-0.0414502,-0.00266555,-0.177596,-0.09147,-0.00137509,-0.76257,-0.273368,11.4821,11.5107,0,31.4757
9.32,roll -6deg,-0.274398,-0.445175,-0.0452104,0.0649736,-0.10472,0,-0.186416,0.0766627,-0.00389833,0.534951,0.674951,1.2189,1.63884,nan,0.281385,0.285979,0.289755,0.273106,0.276671,0.285979,0.276671,0.289755,0.273106,1,0,0.0849786,0,-0.00055893,-0.0491846,-0.00322651,-0.178842,-0.181591,-0.012694,-0.0414615,-0.00262595,-0.183121,-0.0770459,0.0113015,-0.746705,-0.179623,11.4929,11.5185,0,31.5593
9.33,roll -6deg,-0.276376,-0.445896,-0.0455923,0.0644257,-0.10472,0,-0.186301,0.0751122,-0.00310628,0.536186,0.676186,1.22239,1.64678,nan,0.281535,0.286703,0.289189,0.273822,0.276396,0.286703,0.276396,0.289189,0.273822,1,0,0.0843023,0,0.00023207,-0.0486479,-0.00222364,-0.177683,-0.179918,-0.0128034,-0.0414459,-0.00262134,-0.177796,-0.0715667,0.0100878,-0.74507,-0.261153,11.5757,11.6025,0,31.6007
9.34,roll -6deg,-0.278351,-0.446603,-0.044999,0.0638099,-0.10472,0,-0.186116,0.0736911,-0.00391634,0.537412,0.677412,1.23896,1.66416,nan,0.281684,0.287192,0.289047,0.274382,0.276085,0.287192,0.276085,0.289047,0.274382,1,0,0.0842995,0,-0.000403832,-0.0488347,-0.00156371,-0.17944,-0.178095,-0.0129977,-0.041424,-0.0026063,-0.168487,-0.0763633,-0.00356419,-0.703356,-0.0668978,11.5386,11.5602,0,31.6644
9.35,roll -6deg,-0.280326,-0.447294,-0.0451483,0.0636192,-0.10472,0,-0.185935,0.0722542,-0.00384193,0.538627,0.678627,1.23511,1.66687,nan,0.281833,0.28805,0.28834,0.275161,0.275751,0.28805,0.275751,0.28834,0.275161,1,0,0.08407,0,0.000796888,-0.0482771,-0.00038643,-0.179017,-0.177604,-0.0131442,-0.0414305,-0.00257441,-0.183596,-0.0767938,0.0017061,-0.676626,-0.126832,11.5819,11.6024,0,31.7303
9.36,roll -6deg,-0.282299,-0.44797,-0.0450992,0.0633619,-0.10472,0,-0.185734,0.0708317,-0.00477637,0.539833,0.679833,1.25188,1.68438,nan,0.281981,0.287821,0.288875,0.27475,0.276447,0.287821,0.276447,0.288875,0.27475,1,0,0.0839423,0,0.00170634,-0.0483173,-0.00120914,-0.179161,-0.176888,-0.0133028,-0.0414306,-0.00254596,-0.183296,-0.0673866,0.0199448,-0.671244,-0.144155,11.485,11.5055,0,31.7974
9.37,roll -6deg,-0.284272,-0.448631,-0.045743,0.0631619,-0.10472,0,-0.185558,0.0695113,-0.00465539,0.541029,0.681029,1.22476,1.67002,nan,0.282128,0.287668,0.289241,0.275023,0.276552,0.287668,0.276552,0.289241,0.275023,1,0,0.0833721,0,-0.000113735,-0.0480037,-0.00136327,-0.17725,-0.176352,-0.0133974,-0.0414359,-0.00252499,-0.194148,-0.0813885,0.00998933,-0.620991,-0.289644,11.4323,11.4528,0,31.8479
9.38,roll -6deg,-0.286241,-0.44928,-0.0457656,0.0625422,-0.10472,0,-0.18539,0.0682732,-0.0048265,0.542215,0.682215,1.24156,1.68774,nan,0.282275,0.288942,0.288607,0.275657,0.275867,0.288942,0.275867,0.288607,0.275657,1,0,0.0828959,0,0.00144507,-0.0493114,5.50853e-05,-0.177167,-0.174452,-0.0135339,-0.0414103,-0.00252247,-0.189851,-0.0769731,0.0125481,-0.69068,-0.262079,11.6332,11.6566,0,31.8923
9.39,roll -6deg,-0.28821,-0.449915,-0.0458843,0.0619682,-0.10472,0,-0.185144,0.0670968,-0.005353,0.543391,0.683391,1.22634,1.68231,nan,0.282422,0.287186,0.290298,0.274335,0.277838,0.287186,0.277838,0.290298,0.274335,1,0,0.0823909,0,0.00103602,-0.04796,-0.00290738,-0.176782,-0.172708,-0.0136622,-0.0413879,-0.00251682,-0.175401,-0.0750706,0.0115328,-0.767823,-0.24943,11.5971,11.6252,0,31.9362
9.4,roll -6deg,-0.290175,-0.450538,-0.0455961,0.0616795,-0.10472,0,-0.184909,0.0660015,-0.00485566,0.544558,0.684558,1.24326,1.69994,nan,0.282568,0.286214,0.29152,0.273708,0.2788,0.286214,0.2788,0.29152,0.273708,1,0,0.0824256,0,-0.000566225,-0.0477974,-0.00457021,-0.177655,-0.171903,-0.0138408,-0.0413813,-0.00248628,-0.181997,-0.0709317,0.0115287,-0.755298,-0.264565,11.5375,11.5652,0,32.0063
9.41,roll -6deg,-0.292133,-0.451154,-0.0460144,0.0608781,-0.10472,0,-0.184744,0.0649604,-0.0038011,0.545714,0.685714,1.25633,1.71462,nan,0.282713,0.288298,0.289959,0.274911,0.277657,0.288298,0.277657,0.289959,0.274911,1,0,0.0815355,0,0.00287993,-0.0486766,-0.0019368,-0.176383,-0.169408,-0.0139318,-0.0413418,-0.0025006,-0.177956,-0.0734027,0.013795,-0.766612,-0.294978,11.4587,11.4881,0,32.0288
9.42,roll -6deg,-0.294088,-0.45176,-0.0455368,0.0607838,-0.10472,0,-0.184572,0.0639673,-0.00415732,0.546862,0.686862,1.27358,1.73243,nan,0.282858,0.287264,0.291605,0.274655,0.277881,0.287264,0.277881,0.291605,0.274655,1,0,0.081842,0,-0.00295476,-0.0498953,-0.003326,-0.177808,-0.169241,-0.0141334,-0.0413441,-0.00245382,-0.170301,-0.0563383,-3.92872e-06,-0.614096,-0.145628,11.5087,11.526,0,32.1144
9.43,roll -6deg,-0.296041,-0.452357,-0.0460759,0.0607689,-0.10472,0,-0.184544,0.0631228,-0.00339254,0.547999,0.687999,1.27763,1.74068,nan,0.283003,0.287145,0.291403,0.274412,0.279024,0.287145,0.279024,0.291403,0.274412,1,0,0.081474,0,0.000936787,-0.0475816,-0.00389848,-0.176211,-0.169295,-0.0142448,-0.041357,-0.00241844,-0.179078,-0.0583494,-0.00520389,-0.578335,-0.185879,11.5797,11.5956,0,32.1748
9.44,roll -6deg,-0.29799,-0.452948,-0.0456182,0.0601932,-0.10472,0,-0.184412,0.0621705,-0.0033788,0.549127,0.689127,1.29514,1.75885,nan,0.283148,0.289179,0.290267,0.275793,0.277324,0.289179,0.277324,0.290267,0.275793,1,0,0.0814184,0,0.00117696,-0.049889,-0.0011509,-0.177584,-0.167617,-0.014426,-0.0413298,-0.00240237,-0.185267,-0.0722644,0.00464757,-0.631617,-0.166451,11.6074,11.6258,0,32.2338
9.45,roll -6deg,-0.299939,-0.453526,-0.0459568,0.059922,-0.10472,0,-0.184251,0.061167,-0.00357385,0.550245,0.690245,1.29982,1.76739,nan,0.283292,0.288452,0.291407,0.275126,0.278154,0.288452,0.278154,0.291407,0.275126,1,0,0.0809955,0,0.000193917,-0.0503616,-0.00262913,-0.176568,-0.166831,-0.0145431,-0.0413223,-0.00238257,-0.184755,-0.0600738,0.00810425,-0.557093,-0.261951,11.4873,11.5038,0,32.2856
9.46,roll -6deg,-0.301885,-0.454095,-0.0455376,0.0593484,-0.10472,0,-0.184067,0.0602118,-0.00424362,0.551354,0.691354,1.31759,1.78557,nan,0.283436,0.289356,0.290395,0.276434,0.277529,0.289356,0.277529,0.290395,0.276434,1,0,0.0808983,0,0.000150721,-0.0488635,-0.00093807,-0.177818,-0.165128,-0.0147171,-0.0412922,-0.00236895,-0.184126,-0.0604745,0.00145631,-0.596296,-0.256229,11.5403,11.5585,0,32.3431
9.47,roll -6deg,-0.303833,-0.454653,-0.0457361,0.0586372,-0.10472,0,-0.183919,0.059322,-0.00499472,0.552453,0.692453,1.31278,1.78715,nan,0.28358,0.288494,0.291151,0.276201,0.278444,0.288494,0.278444,0.291151,0.276201,1,0,0.080262,0,-0.00110006,-0.047371,-0.00215371,-0.177211,-0.162936,-0.0148301,-0.0412543,-0.002374,-0.182577,-0.0563392,0.00716962,-0.587397,-0.243131,11.5913,11.6087,0,32.3751
9.48,roll -6deg,-0.30578,-0.455201,-0.0455246,0.0584369,-0.10472,0,-0.183899,0.0583906,-0.0044973,0.553542,0.693542,1.33076,1.80551,nan,0.283723,0.289241,0.29094,0.276695,0.277989,0.289241,0.277989,0.29094,0.276695,1,0,0.0803214,0,-0.0010756,-0.0483134,-0.0013155,-0.177851,-0.162449,-0.0150035,-0.0412471,-0.00233605,-0.18587,-0.0650884,0.00262478,-0.599505,-0.316019,11.5353,11.5552,0,32.4459
9.49,roll -6deg,-0.307724,-0.455741,-0.0457589,0.0579761,-0.10472,0,-0.183951,0.0575364,-0.00450259,0.554622,0.694622,1.33555,1.81432,nan,0.283867,0.290011,0.29025,0.277653,0.277524,0.290011,0.277524,0.29025,0.277653,1,0,0.0798329,0,-0.000975656,-0.047529,-4.85725e-05,-0.177134,-0.161075,-0.0151236,-0.0412261,-0.00232352,-0.179193,-0.0601933,0.00774615,-0.640909,-0.303005,11.6547,11.6762,0,32.4897
9.5,roll -6deg,-0.309672,-0.45627,-0.045805,0.0576301,-0.10472,0,-0.184088,0.0566166,-0.00505376,0.555692,0.695692,1.3538,1.83276,nan,0.28401,0.289383,0.29168,0.276376,0.278573,0.289383,0.278573,0.29168,0.276376,1,0,0.0795726,0,-0.000265783,-0.0494788,-0.00197501,-0.176992,-0.160092,-0.0152662,-0.0412096,-0.00229985,-0.177152,-0.0641308,0.00579106,-0.655938,-0.253213,11.6298,11.6511,0,32.5448
9.51,roll -6deg,-0.31162,-0.456791,-0.0460503,0.057015,-0.10472,0,-0.184316,0.0556362,-0.00466109,0.556753,0.696753,1.33929,1.8274,nan,0.284153,0.289354,0.291637,0.276497,0.279097,0.289354,0.279097,0.291637,0.276497,1,0,0.0789649,0,0.00083857,-0.0481205,-0.00214635,-0.176248,-0.158198,-0.0153798,-0.0411766,-0.00229635,-0.176585,-0.0509002,0.00782433,-0.651042,-0.235054,11.5923,11.613,0,32.5796
9.52,roll -6deg,-0.313568,-0.457302,-0.0458287,0.0568023,-0.10472,0,-0.18446,0.0546506,-0.00441265,0.557804,0.697804,1.35766,1.84588,nan,0.284297,0.289866,0.291572,0.276756,0.278965,0.289866,0.278965,0.291572,0.276756,1,0,0.0790072,0,0.00133613,-0.0487275,-0.00172119,-0.176921,-0.15766,-0.0155526,-0.041165,-0.00225749,-0.181293,-0.051627,0.00672236,-0.646048,-0.204845,11.6112,11.631,0,32.6493
9.53,roll -6deg,-0.315515,-0.457803,-0.0463779,0.0563214,-0.10472,0,-0.184363,0.0535807,-0.00415869,0.558846,0.698846,1.35839,1.85156,nan,0.28444,0.291334,0.290188,0.278378,0.277831,0.291334,0.277831,0.290188,0.278378,1,0,0.0782763,0,0.00158926,-0.0479622,0.000744269,-0.175256,-0.156215,-0.0156428,-0.0411405,-0.00225244,-0.171049,-0.0608982,-0.0064966,-0.591034,-0.192431,11.6444,11.661,0,32.6815
9.54,roll -6deg,-0.317461,-0.458293,-0.0461011,0.0558888,-0.10472,0,-0.184194,0.0523675,-0.00420418,0.559878,0.699878,1.37701,1.87034,nan,0.284583,0.290032,0.292199,0.277191,0.278882,0.290032,0.278882,0.292199,0.277191,1,0,0.0782093,0,-0.00126528,-0.0495629,-0.00169592,-0.176099,-0.154954,-0.0158119,-0.0411136,-0.0022258,-0.18257,-0.0487085,0.0070704,-0.491714,-0.212866,11.6296,11.6419,0,32.7408
9.55,roll -6deg,-0.319405,-0.45877,-0.0465107,0.0553296,-0.10472,0,-0.184181,0.0512153,-0.00528672,0.5609,0.7009,1.38437,1.88063,nan,0.284727,0.290697,0.291527,0.277471,0.279183,0.290697,0.279183,0.291527,0.277471,1,0,0.0775232,0,0.002339,-0.0484514,-0.00111725,-0.174864,-0.153262,-0.0159117,-0.0410812,-0.00222306,-0.182323,-0.0528424,0.0147243,-0.494021,-0.251656,11.6347,11.6479,0,32.7723
9.56,roll -6deg,-0.321351,-0.459234,-0.0462395,0.0544872,-0.10472,0,-0.184149,0.0500201,-0.0055572,0.561913,0.701913,1.40328,1.8993,nan,0.28487,0.290965,0.29173,0.278112,0.278644,0.290965,0.278644,0.29173,0.278112,1,0,0.0771718,0,-0.000617706,-0.0491504,-0.000570023,-0.175674,-0.150708,-0.0160661,-0.0410256,-0.00222013,-0.186817,-0.0605149,0.00846556,-0.549629,-0.302963,11.5624,11.5794,0,32.8095
9.57,roll -6deg,-0.323295,-0.459686,-0.046589,0.0538506,-0.10472,0,-0.184027,0.0488128,-0.00517877,0.562917,0.702917,1.41624,1.91366,nan,0.285013,0.290187,0.292486,0.277007,0.280344,0.290187,0.280344,0.292486,0.277007,1,0,0.0764764,0,0.00275199,-0.0479812,-0.00247698,-0.174601,-0.148754,-0.0161713,-0.0409856,-0.00221846,-0.174876,-0.05659,0.00679185,-0.511297,-0.318779,11.6529,11.6684,0,32.8379
9.58,roll -6deg,-0.325233,-0.460127,-0.0464743,0.0535379,-0.10472,0,-0.183796,0.0476198,-0.00500717,0.563911,0.703911,1.43548,1.93247,nan,0.285156,0.291093,0.291906,0.278138,0.279459,0.291093,0.279459,0.291906,0.278138,1,0,0.0763766,0,0.00134837,-0.0481291,-0.000937762,-0.174949,-0.147901,-0.01633,-0.040963,-0.00218446,-0.177487,-0.0554875,0.0083286,-0.652201,-0.345983,11.5884,11.6119,0,32.8973
9.59,roll -6deg,-0.327168,-0.460557,-0.0468044,0.0530996,-0.10472,0,-0.183573,0.0463884,-0.00496036,0.564895,0.704895,1.42576,1.93022,nan,0.285299,0.290749,0.292595,0.277451,0.280374,0.290749,0.280374,0.292595,0.277451,1,0,0.0758313,0,0.00285566,-0.0483525,-0.00209634,-0.173951,-0.146576,-0.0164419,-0.0409347,-0.00217029,-0.174401,-0.0377432,0.0135956,-0.577367,-0.292079,11.6651,11.6831,0,32.9358
9.6,roll -6deg,-0.329099,-0.460974,-0.0466189,0.0527718,-0.10472,0,-0.183288,0.0449826,-0.00501876,0.56587,0.70587,1.44516,1.94933,nan,0.285442,0.290533,0.293114,0.277485,0.280608,0.290533,0.280608,0.293114,0.277485,1,0,0.0757936,0,0.0014394,-0.0484183,-0.00250673,-0.174525,-0.145715,-0.0166061,-0.0409086,-0.00213608,-0.185784,-0.0605145,-0.00312982,-0.603894,-0.322064,11.6498,11.6699,0,32.9957
9.61,roll -6deg,-0.331022,-0.461379,-0.0471619,0.0524247,-0.10472,0,-0.182929,0.0435978,-0.00456019,0.566835,0.706835,1.45346,1.96019,nan,0.285585,0.290953,0.292951,0.278047,0.280361,0.290953,0.280361,0.292951,0.278047,1,0,0.0751585,0,0.000837439,-0.0483097,-0.00189529,-0.172889,-0.14465,-0.0166973,-0.0408836,-0.00212497,-0.182472,-0.0418596,0.00675951,-0.617233,-0.18982,11.6385,11.6564,0,33.0308
9.62,roll -6deg,-0.33294,-0.461771,-0.0468264,0.0517885,-0.10472,0,-0.18262,0.0423275,-0.00383074,0.567791,0.707791,1.47317,1.97933,nan,0.285728,0.292731,0.291869,0.279691,0.278591,0.292731,0.278591,0.291869,0.279691,1,0,0.0750188,0,-0.000631521,-0.049868,0.000862587,-0.173879,-0.142766,-0.0168613,-0.0408348,-0.00210606,-0.175649,-0.0436229,0.00769732,-0.52064,-0.150272,11.6791,11.6917,0,33.0784
9.63,roll -6deg,-0.334855,-0.46215,-0.0469434,0.0518526,-0.10472,0,-0.182364,0.0410777,-0.00498319,0.568737,0.708737,1.44174,1.96152,nan,0.28587,0.290939,0.293841,0.277842,0.28083,0.290939,0.28083,0.293841,0.277842,1,0,0.0750029,0,0.000227303,-0.0494686,-0.00258891,-0.173545,-0.143102,-0.0170071,-0.0408318,-0.0020574,-0.182351,-0.0455312,0.00659168,-0.410512,-0.230875,11.7344,11.7439,0,33.1472
9.64,roll -6deg,-0.336768,-0.462516,-0.0467073,0.0512433,-0.10472,0,-0.182067,0.0397936,-0.00506947,0.569674,0.709674,1.46147,1.98085,nan,0.286012,0.291126,0.293832,0.278243,0.280819,0.291126,0.280819,0.293832,0.278243,1,0,0.0747927,0,-0.000342472,-0.0490693,-0.00232164,-0.174241,-0.141286,-0.0171618,-0.0407846,-0.00204095,-0.179143,-0.0425187,0.0171118,-0.485479,-0.178597,11.6797,11.6911,0,33.1921
9.65,roll -6deg,-0.338675,-0.462869,-0.0470633,0.0509086,-0.10472,0,-0.181824,0.0385086,-0.00496105,0.570601,0.710601,1.45572,1.98157,nan,0.286154,0.292058,0.29293,0.279549,0.28005,0.292058,0.28005,0.29293,0.279549,1,0,0.0743065,0,-0.000986004,-0.048107,-0.000603504,-0.173177,-0.140276,-0.0172672,-0.0407553,-0.00202665,-0.182327,-0.0269549,0.00916926,-0.503027,-0.307911,11.7401,11.7549,0,33.2316
9.66,roll -6deg,-0.340579,-0.46321,-0.0470519,0.0504648,-0.10472,0,-0.181632,0.0373576,-0.00524352,0.571519,0.711519,1.47564,2.00081,nan,0.286296,0.290741,0.29502,0.277413,0.28198,0.290741,0.28198,0.29502,0.277413,1,0,0.0740332,0,0.000766098,-0.0499621,-0.00388822,-0.173213,-0.138985,-0.0174047,-0.040717,-0.00200705,-0.184427,-0.0314482,-0.00112649,-0.488089,-0.31274,11.7359,11.7502,0,33.277
9.67,roll -6deg,-0.34248,-0.46354,-0.047389,0.0501406,-0.10472,0,-0.181548,0.0363204,-0.00472494,0.572427,0.712427,1.45812,1.99303,nan,0.286437,0.290959,0.294855,0.277782,0.282123,0.290959,0.282123,0.294855,0.277782,1,0,0.0735711,0,0.0011819,-0.0490917,-0.00362041,-0.172204,-0.138068,-0.0175141,-0.0406885,-0.00198909,-0.186613,-0.0470124,-0.00600948,-0.542171,-0.352349,11.6582,11.6761,0,33.3168
9.68,roll -6deg,-0.344376,-0.463864,-0.0473115,0.0496262,-0.10472,0,-0.181451,0.0353248,-0.00373557,0.573327,0.713327,1.47816,2.01253,nan,0.286578,0.291312,0.294574,0.278591,0.281804,0.291312,0.281804,0.294574,0.278591,1,0,0.0733309,0,-0.000129237,-0.0482998,-0.00284595,-0.172417,-0.136528,-0.0176581,-0.0406433,-0.00197062,-0.176698,-0.0298411,0.000516259,-0.609474,-0.287554,11.8244,11.8436,0,33.3601
9.69,roll -6deg,-0.346264,-0.464181,-0.0476733,0.0491422,-0.10472,0,-0.181302,0.0344123,-0.00289198,0.574216,0.714216,1.48371,2.02158,nan,0.286718,0.292458,0.293613,0.279759,0.281014,0.292458,0.281014,0.293613,0.279759,1,0,0.0727464,0,0.000266314,-0.0479362,-0.00105923,-0.171325,-0.135098,-0.0177583,-0.0406045,-0.00196261,-0.174658,-0.0460795,0.00143596,-0.561045,-0.267058,11.7237,11.7401,0,33.3904
9.7,roll -6deg,-0.348148,-0.464491,-0.0474573,0.048825,-0.10472,0,-0.181165,0.0334534,-0.00327253,0.575097,0.715097,1.50403,2.04125,nan,0.286858,0.292765,0.293818,0.279985,0.280837,0.292765,0.280837,0.293818,0.279985,1,0,0.0727333,0,-0.000531602,-0.0488125,-0.000837322,-0.17198,-0.134232,-0.0179206,-0.0405713,-0.00192481,-0.178773,-0.0373581,0.00260807,-0.548336,-0.211661,11.7103,11.725,0,33.4479
9.71,roll -6deg,-0.350031,-0.464789,-0.0479677,0.0484241,-0.10472,0,-0.180985,0.0323717,-0.00419093,0.575967,0.715968,1.48111,2.02948,nan,0.286998,0.291873,0.294943,0.278838,0.282312,0.291873,0.282312,0.294943,0.278838,1,0,0.0720746,0,0.0010724,-0.0486335,-0.0028762,-0.170437,-0.13303,-0.0180118,-0.0405377,-0.00191478,-0.172419,-0.031727,0.00442942,-0.491869,-0.26069,11.7704,11.7836,0,33.477
9.72,roll -6deg,-0.351912,-0.465075,-0.0488298,0.0482992,-0.10472,0,-0.180578,0.0312449,-0.00375744,0.576829,0.716829,1.5015,2.04933,nan,0.287138,0.292402,0.295106,0.278928,0.282088,0.292402,0.282088,0.295106,0.278928,1,0,0.071333,0,0.00120771,-0.0501972,-0.00257741,-0.167846,-0.132651,-0.0180764,-0.0405217,-0.0019012,-0.166998,-0.0170277,-0.00506786,-0.408716,-0.197851,11.8376,11.8463,0,33.5076
9.73,roll -6deg,-0.353785,-0.465351,-0.0497806,0.0481942,-0.10472,0,-0.179997,0.0302042,-0.00320162,0.577682,0.717682,1.48244,2.04058,nan,0.287277,0.293044,0.294414,0.280213,0.281411,0.293044,0.281411,0.294414,0.280213,1,0,0.0705227,0,-0.000457972,-0.0489486,-0.00112862,-0.165012,-0.132375,-0.0181291,-0.0405062,-0.00189181,-0.177619,-0.0387282,0.00390719,-0.341892,-0.16369,11.7566,11.7627,0,33.5355
9.74,roll -6deg,-0.355651,-0.465618,-0.0494715,0.0474253,-0.10472,0,-0.179382,0.0292389,-0.00406345,0.578525,0.718525,1.50296,2.0604,nan,0.287416,0.293856,0.294171,0.280603,0.281008,0.293856,0.281008,0.294171,0.280603,1,0,0.0702958,0,0.000236841,-0.0500538,-0.00031662,-0.165937,-0.130088,-0.0182834,-0.0404394,-0.00187743,-0.18052,-0.0379443,-0.00911361,-0.403561,-0.294285,11.7512,11.7619,0,33.5717
9.75,roll -6deg,-0.35751,-0.465874,-0.0494596,0.0470472,-0.10472,0,-0.178804,0.0283249,-0.00321429,0.579358,0.719358,1.47016,2.04164,nan,0.287555,0.293888,0.294014,0.28076,0.28153,0.293888,0.28153,0.294014,0.28076,1,0,0.0700715,0,0.00170936,-0.0485285,-0.000393625,-0.165962,-0.12901,-0.01842,-0.0403996,-0.00185027,-0.175329,-0.035023,0.00458406,-0.491536,-0.418188,11.77,11.7877,0,33.6172
9.76,roll -6deg,-0.359363,-0.466121,-0.0492012,0.0462632,-0.10472,0,-0.178153,0.0273038,-0.00467487,0.580183,0.720183,1.49069,2.06174,nan,0.287693,0.293239,0.294751,0.280436,0.28232,0.293239,0.28232,0.294751,0.280436,1,0,0.0698056,0,0.00098783,-0.0478145,-0.00149218,-0.166724,-0.12668,-0.0185687,-0.0403328,-0.00183659,-0.171786,-0.0379861,0.0148478,-0.517652,-0.343488,11.7761,11.7924,0,33.6505
9.77,roll -6deg,-0.361209,-0.466356,-0.0492416,0.0461367,-0.10472,0,-0.177417,0.0261107,-0.00446605,0.580998,0.720998,1.48561,2.06329,nan,0.287831,0.293702,0.295122,0.280292,0.282182,0.293702,0.282182,0.295122,0.280292,1,0,0.0697201,0,0.0012456,-0.0499301,-0.00145472,-0.166625,-0.126391,-0.0187084,-0.0403052,-0.00179747,-0.183848,-0.0272713,0.00672823,-0.54632,-0.419482,11.7689,11.7891,0,33.7059
9.78,roll -6deg,-0.363047,-0.466579,-0.0496581,0.0463143,-0.10472,0,-0.176711,0.0249998,-0.00460065,0.581805,0.721805,1.50635,2.08328,nan,0.287969,0.29314,0.295828,0.279979,0.282902,0.29314,0.282902,0.295828,0.279979,1,0,0.0695146,0,0.000624971,-0.0494294,-0.00246618,-0.165364,-0.127061,-0.0188216,-0.0403003,-0.00175343,-0.171079,-0.0306465,0.0103436,-0.549157,-0.325641,11.7991,11.8163,0,33.7631
9.79,roll -6deg,-0.364874,-0.466793,-0.0511648,0.0464375,-0.10472,0,-0.175857,0.0239973,-0.00441054,0.582602,0.722602,1.49626,2.08091,nan,0.288106,0.293741,0.295277,0.280952,0.282426,0.293741,0.282426,0.295277,0.280952,1,0,0.0683976,0,-0.000162504,-0.0485809,-0.0013227,-0.160847,-0.127397,-0.0188216,-0.0403003,-0.00175343,-0.170599,-0.0264057,0.0163106,-0.479718,-0.294197,11.7973,11.8107,0,33.7795
9.8,roll -6deg,-0.366694,-0.466996,-0.0512837,0.0459642,-0.10472,0,-0.175015,0.0230841,-0.00545381,0.58339,0.72339,1.51718,2.10116,nan,0.288243,0.295165,0.294007,0.282394,0.281377,0.295165,0.281377,0.294007,0.282394,1,0,0.0680165,0,0.000372295,-0.0481314,0.000955873,-0.160484,-0.125993,-0.0189398,-0.0402516,-0.00173692,-0.167287,-0.0188189,-0.00533002,-0.525797,-0.228803,11.8793,11.8931,0,33.8132
9.81,roll -6deg,-0.368509,-0.467185,-0.0527803,0.046102,-0.10472,0,-0.173993,0.0220877,-0.00663246,0.584168,0.724168,1.51509,2.10475,nan,0.288379,0.293255,0.296877,0.279214,0.284142,0.293255,0.284142,0.296877,0.279214,1,0,0.0669279,0,0.00346526,-0.0507358,-0.00375774,-0.155996,-0.126379,-0.0189398,-0.0402516,-0.00173692,-0.165724,-0.021891,0.00749838,-0.432179,-0.233141,11.9059,11.916,0,33.829
9.82,roll -6deg,-0.370312,-0.467365,-0.0530927,0.0457186,-0.10472,0,-0.172847,0.0211618,-0.00590707,0.584938,0.724938,1.53625,2.12521,nan,0.288514,0.294645,0.295828,0.281124,0.282434,0.294645,0.282434,0.295828,0.281124,1,0,0.0664596,0,0.000339075,-0.0509998,-0.0010955,-0.155069,-0.125245,-0.0190399,-0.0402091,-0.00172324,-0.173826,-0.0276779,0.00547341,-0.434836,-0.149536,11.8782,11.8871,0,33.859
9.83,roll -6deg,-0.3721,-0.467537,-0.0545831,0.0458543,-0.10472,0,-0.171586,0.0202928,-0.00515804,0.585699,0.725699,1.55029,2.14021,nan,0.288649,0.29607,0.294086,0.282493,0.281922,0.29607,0.281922,0.294086,0.282493,1,0,0.0653889,0,0.00375051,-0.0487742,0.00112289,-0.150601,-0.125613,-0.0190399,-0.0402091,-0.00172324,-0.17371,-0.0202223,0.0168753,-0.383655,-0.167355,11.8046,11.812,0,33.8733
9.84,roll -6deg,-0.373873,-0.4677,-0.0537346,0.045482,-0.10472,0,-0.170146,0.0193796,-0.00612008,0.586451,0.726451,1.57181,2.16072,nan,0.288784,0.294499,0.296252,0.280802,0.283554,0.294499,0.283554,0.296252,0.280802,1,0,0.065825,0,0.00265109,-0.050012,-0.00197987,-0.153134,-0.124641,-0.019248,-0.0401572,-0.00167122,-0.165409,-0.0189161,0.00448232,-0.37594,-0.205142,11.8496,11.8573,0,33.9425
9.85,roll -6deg,-0.375629,-0.467856,-0.0552042,0.0456579,-0.10472,0,-0.168657,0.0185454,-0.00524616,0.587194,0.727194,1.56461,2.16037,nan,0.288917,0.293906,0.297081,0.280124,0.284531,0.293906,0.284531,0.297081,0.280124,1,0,0.0648027,0,0.00327007,-0.0498939,-0.00333251,-0.148731,-0.125138,-0.019248,-0.0401572,-0.00167122,-0.166062,-0.0225675,0.0156704,-0.474402,-0.348792,11.8924,11.907,0,33.9577
9.86,roll -6deg,-0.377366,-0.468007,-0.0566556,0.0458415,-0.10472,0,-0.166978,0.0178311,-0.00479291,0.587927,0.727927,1.58632,2.18088,nan,0.28905,0.295452,0.295928,0.281938,0.282856,0.295452,0.282856,0.295928,0.281938,1,0,0.0638202,0,0.00117379,-0.0503733,-0.000612439,-0.144386,-0.125677,-0.0192481,-0.0401572,-0.00167111,-0.168875,-0.0339983,0.0102602,-0.422482,-0.427008,11.9187,11.9339,0,33.9731
9.87,roll -6deg,-0.379084,-0.468151,-0.0569202,0.0455144,-0.10472,0,-0.165323,0.017228,-0.00525435,0.588653,0.728653,1.59054,2.18866,nan,0.289182,0.295183,0.296069,0.281866,0.283585,0.295183,0.283585,0.296069,0.281866,1,0,0.0633928,0,0.00220967,-0.0488871,-0.00114465,-0.143566,-0.124701,-0.0193416,-0.0401159,-0.00165663,-0.152537,-0.0274313,0.00490937,-0.45242,-0.25472,11.9244,11.9357,0,34.0037
9.88,roll -6deg,-0.380788,-0.468287,-0.0583261,0.045707,-0.10472,0,-0.163569,0.016696,-0.0063059,0.589369,0.729369,1.61253,2.2094,nan,0.289314,0.295179,0.296377,0.281624,0.28405,0.295179,0.28405,0.296377,0.281624,1,0,0.0624758,0,0.00325813,-0.0490403,-0.00159325,-0.139366,-0.125252,-0.0193418,-0.0401159,-0.00165631,-0.161083,-0.0261205,-0.000359634,-0.51424,-0.285953,11.8164,11.8311,0,34.0194
9.89,roll -6deg,-0.382474,-0.468417,-0.0586481,0.045474,-0.10472,0,-0.16158,0.0162044,-0.00546482,0.590077,0.730077,1.57937,2.1902,nan,0.289444,0.295162,0.296692,0.281826,0.284072,0.295162,0.284072,0.296692,0.281826,1,0,0.0620815,0,0.00189795,-0.0491824,-0.00165975,-0.138401,-0.124571,-0.0194315,-0.0400807,-0.00163952,-0.161979,-0.0227143,0.00371972,-0.500719,-0.243352,11.8937,11.9067,0,34.0512
9.9,roll -6deg,-0.384136,-0.468546,-0.0600034,0.0456715,-0.10472,0,-0.159523,0.015841,-0.00524195,0.590776,0.730776,1.60138,2.21078,nan,0.289574,0.295269,0.297036,0.281455,0.284509,0.295269,0.284509,0.297036,0.281455,1,0,0.06118,0,0.00341385,-0.0499117,-0.00211894,-0.134315,-0.125106,-0.0194316,-0.0400807,-0.00163939,-0.146339,-0.00724708,0.00962717,-0.438912,-0.156863,11.9032,11.9123,0,34.067
9.91,roll -6deg,-0.385775,-0.468672,-0.0613084,0.0458869,-0.10472,0,-0.157281,0.0156772,-0.00504491,0.591466,0.731466,1.6011,2.21554,nan,0.289703,0.296013,0.296885,0.282438,0.283449,0.296013,0.283449,0.296885,0.282438,1,0,0.0603915,0,0.00036699,-0.051182,-0.000827478,-0.130419,-0.125727,-0.0194316,-0.0400807,-0.00163939,-0.155601,-0.00866026,0.00984406,-0.340605,-0.153656,11.9443,11.9502,0,34.0847
9.92,roll -6deg,-0.38739,-0.468799,-0.0626161,0.0461129,-0.10472,0,-0.155032,0.0156804,-0.00543661,0.592148,0.732148,1.62336,2.23642,nan,0.28983,0.296866,0.296616,0.281789,0.284026,0.296866,0.284026,0.296616,0.281789,1,0,0.0596085,0,0.00659701,-0.0524238,-0.000873202,-0.126505,-0.126378,-0.0194317,-0.0400806,-0.00163917,-0.158988,-0.00869701,0.0139258,-0.334815,-0.221106,11.8765,11.8833,0,34.1021
9.93,roll -6deg,-0.388987,-0.468922,-0.0638974,0.0463365,-0.10472,0,-0.152515,0.0158458,-0.0064728,0.592821,0.732821,1.60667,2.22904,nan,0.289957,0.296689,0.29674,0.282601,0.283772,0.296689,0.283772,0.29674,0.282601,1,0,0.0588638,0,0.00297176,-0.0512661,-0.000537235,-0.122663,-0.127023,-0.0194317,-0.0400806,-0.00163917,-0.156441,-0.00860265,0.00363676,-0.348544,-0.190501,11.8633,11.87,0,34.1196
9.94,roll -6deg,-0.390559,-0.469046,-0.0651682,0.0465358,-0.10472,0,-0.149911,0.0161014,-0.00580231,0.593486,0.733486,1.62907,2.24998,nan,0.290083,0.295548,0.297619,0.281982,0.285157,0.295548,0.285157,0.297619,0.281982,1,0,0.0581383,0,0.00292939,-0.0493207,-0.00230586,-0.118846,-0.127615,-0.0194317,-0.0400806,-0.00163897,-0.150797,-0.0261839,0.0114016,-0.40062,-0.314394,11.8857,11.8966,0,34.1356
9.95,roll -6deg,-0.392103,-0.469175,-0.0664321,0.0467364,-0.10472,0,-0.147099,0.0163896,-0.00533707,0.594142,0.734142,1.61512,2.24457,nan,0.290208,0.297791,0.295909,0.283207,0.283898,0.297791,0.283898,0.295909,0.283207,1,0,0.0574202,0,0.00682768,-0.0503918,0.00052349,-0.115047,-0.128179,-0.0194317,-0.0400806,-0.00163897,-0.1432,-0.0150919,0.00816577,-0.400401,-0.316549,11.8968,11.9078,0,34.1513
9.96,roll -6deg,-0.393618,-0.469306,-0.0676205,0.0469534,-0.10472,0,-0.144026,0.0167626,-0.00544047,0.594791,0.734791,1.63767,2.26566,nan,0.290331,0.296809,0.297104,0.282184,0.285204,0.296809,0.285204,0.297104,0.282184,1,0,0.0567729,0,0.00723014,-0.0502596,-0.00145643,-0.111465,-0.128812,-0.0194318,-0.0400806,-0.00163872,-0.128949,-0.0229353,0.0137549,-0.482051,-0.332078,12.0379,12.0521,0,34.1695
9.97,roll -6deg,-0.3951,-0.469443,-0.0688108,0.0471624,-0.10472,0,-0.140759,0.0172118,-0.00526216,0.595431,0.735431,1.6134,2.2528,nan,0.290454,0.297484,0.29702,0.282827,0.284461,0.297484,0.284461,0.29702,0.282827,1,0,0.0561733,0,0.00556569,-0.0515711,-0.00051415,-0.107935,-0.129414,-0.0194318,-0.0400806,-0.00163872,-0.153127,-0.0252174,0.00306046,-0.496784,-0.31855,11.955,11.9696,0,34.1866
9.98,roll -6deg,-0.396551,-0.469585,-0.0699529,0.0473632,-0.10472,0,-0.137318,0.0179366,-0.00518967,0.596063,0.736063,1.63604,2.27414,nan,0.290576,0.297657,0.296767,0.283371,0.284483,0.297657,0.284483,0.296767,0.283371,1,0,0.0555844,0,0.00531106,-0.0503452,-9.71731e-05,-0.104475,-0.129983,-0.0194318,-0.0400805,-0.00163857,-0.128169,-0.0211163,0.0086223,-0.472934,-0.31481,11.9277,11.9412,0,34.2043
9.99,roll -6deg,-0.397969,-0.469732,-0.0710557,0.0475853,-0.10472,0,-0.133621,0.0188112,-0.00593727,0.596687,0.736687,1.62998,2.27456,nan,0.290696,0.298647,0.296175,0.284163,0.283776,0.298647,0.283776,0.296175,0.284163,1,0,0.0550629,0,0.00552999,-0.0509379,0.00125618,-0.101169,-0.130617,-0.0194318,-0.0400805,-0.00163857,-0.126974,-0.0147999,0.0103262,-0.446111,-0.289988,11.8827,11.8946,0,34.2237
10,roll -6deg,-0.399355,-0.469885,-0.0721549,0.0477704,-0.10472,0,-0.129766,0.0197851,-0.0057825,0.597302,0.737302,1.65284,2.29564,nan,0.290816,0.296687,0.298623,0.281811,0.286117,0.296687,0.286117,0.298623,0.281811,1,0,0.0545582,0,0.00628417,-0.0518822,-0.00274377,-0.0978612,-0.13116,-0.0194318,-0.0400805,-0.00163842,-0.118198,-0.0312811,0.0186199,-0.408968,-0.338146,11.9229,11.9347,0,34.2406
10.01,roll -6deg,-0.4007,-0.470049,-0.0731678,0.0479195,-0.10472,0,-0.125759,0.020813,-0.00585629,0.59791,0.73791,1.647,2.29629,nan,0.290934,0.297324,0.297909,0.283584,0.284895,0.297324,0.284895,0.297909,0.283584,1,0,0.0540709,0,0.0019245,-0.0506935,-0.000833426,-0.0948354,-0.131573,-0.0194318,-0.0400805,-0.00163842,-0.124555,-0.0305797,0.0144996,-0.297435,-0.19371,12.0458,12.051,0,34.2583
10.02,roll -6deg,-0.402008,-0.470223,-0.0741624,0.0480987,-0.10472,0,-0.121811,0.0218673,-0.00529674,0.598511,0.738511,1.67007,2.31763,nan,0.291051,0.297306,0.298151,0.282846,0.285877,0.297306,0.285877,0.298151,0.282846,1,0,0.0536148,0,0.00579625,-0.0506557,-0.00170367,-0.0918608,-0.132057,-0.0194318,-0.0400805,-0.00163833,-0.127693,-0.0129911,-0.00269138,-0.297777,-0.279523,11.9341,11.941,0,34.2774
10.03,roll -6deg,-0.403277,-0.470408,-0.0751096,0.0482447,-0.10472,0,-0.117782,0.0231514,-0.00549886,0.599103,0.739103,1.67413,2.32533,nan,0.291166,0.297715,0.297939,0.283663,0.285326,0.297715,0.285326,0.297939,0.283663,1,0,0.0531951,0,0.00381573,-0.0505251,-0.000829141,-0.0889905,-0.132479,-0.0194318,-0.0400805,-0.00163833,-0.1066,-0.0214175,-4.21637e-05,-0.265378,-0.34074,11.9329,11.9407,0,34.2961
10.04,roll -6deg,-0.40451,-0.470604,-0.0760284,0.0483683,-0.10472,0,-0.113732,0.0243678,-0.0052336,0.599688,0.739688,1.69749,2.34687,nan,0.291281,0.298407,0.297474,0.283979,0.28524,0.298407,0.28524,0.297474,0.283979,1,0,0.0527856,0,0.00581752,-0.0505189,-0.000144034,-0.0862393,-0.13284,-0.0194317,-0.0400805,-0.00163811,-0.108411,-0.0293311,0.00402608,-0.252716,-0.286344,12.0303,12.0364,0,34.3142
10.05,roll -6deg,-0.405703,-0.470812,-0.0768963,0.0484831,-0.10472,0,-0.10975,0.0254703,-0.00525879,0.600265,0.740265,1.67362,2.33403,nan,0.291394,0.297566,0.298302,0.283725,0.285961,0.297566,0.285961,0.298302,0.283725,1,0,0.052423,0,0.00397975,-0.0496084,-0.00130672,-0.0836385,-0.133142,-0.0194317,-0.0400805,-0.00163811,-0.109101,-0.0238858,0.00911858,-0.297779,-0.362418,11.9372,11.9464,0,34.3329
10.06,roll -6deg,-0.406859,-0.47103,-0.0777272,0.048622,-0.10472,0,-0.105914,0.0265008,-0.00535957,0.600834,0.740834,1.69707,2.35563,nan,0.291506,0.298463,0.297846,0.284372,0.28532,0.298463,0.28532,0.297846,0.284372,1,0,0.0520853,0,0.00415126,-0.0504344,-0.00014527,-0.0811449,-0.133542,-0.0194317,-0.0400805,-0.00163807,-0.106887,-0.0320537,0.0132536,-0.340973,-0.446703,11.9302,11.9434,0,34.3535
10.07,roll -6deg,-0.40798,-0.471256,-0.0785117,0.0487216,-0.10472,0,-0.10221,0.0274444,-0.00531672,0.601397,0.741397,1.7128,2.3717,nan,0.291617,0.298077,0.298438,0.283902,0.286028,0.298077,0.286028,0.298438,0.283902,1,0,0.0517546,0,0.00468094,-0.0503726,-0.00109288,-0.0787719,-0.133811,-0.0194317,-0.0400805,-0.00163807,-0.0922245,-0.0302731,0.00890955,-0.320782,-0.366685,12.0089,12.0188,0,34.3733
10.08,roll -6deg,-0.409067,-0.47149,-0.0792545,0.0488197,-0.10472,0,-0.0986346,0.0283182,-0.00498862,0.601951,0.741951,1.73663,2.39357,nan,0.291726,0.29736,0.299484,0.283051,0.286986,0.29736,0.286986,0.299484,0.283051,1,0,0.0514728,0,0.00480315,-0.0507947,-0.00266318,-0.0765446,-0.13408,-0.0194317,-0.0400805,-0.00163799,-0.091561,-0.0364137,0.000570054,-0.510204,-0.370731,12.0909,12.1073,0,34.3938
10.09,roll -6deg,-0.410118,-0.471734,-0.0799742,0.0489221,-0.10472,0,-0.0951531,0.029159,-0.0045484,0.602499,0.742499,1.74228,2.40205,nan,0.291834,0.297979,0.299031,0.284384,0.285918,0.297979,0.285918,0.299031,0.284384,1,0,0.0511988,0,0.00127719,-0.0506076,-0.0011364,-0.0743778,-0.134367,-0.0194317,-0.0400805,-0.00163799,-0.0858065,-0.0388165,0.0170051,-0.546918,-0.324771,11.9911,12.008,0,34.4148
10.1,roll -6deg,-0.411135,-0.471987,-0.0806513,0.0490117,-0.10472,0,-0.0919207,0.0300309,-0.00447517,0.60304,0.74304,1.76641,2.42363,nan,0.29194,0.298007,0.299122,0.283697,0.286913,0.298007,0.286913,0.299122,0.283697,1,0,0.0509373,0,0.00557321,-0.0502484,-0.00190354,-0.0723508,-0.134596,-0.0194315,-0.0400806,-0.00163781,-0.0870857,-0.0283664,0.0115945,-0.470356,-0.354598,11.9542,11.9687,0,34.4362
10.11,roll -6deg,-0.412124,-0.472247,-0.0813184,0.049061,-0.10472,0,-0.0887851,0.0309388,-0.00474902,0.603573,0.743573,1.74626,2.41316,nan,0.292045,0.298107,0.299003,0.284244,0.286806,0.298107,0.286806,0.299003,0.284244,1,0,0.0506792,0,0.00442165,-0.0493797,-0.00151992,-0.0703439,-0.134739,-0.0194315,-0.0400806,-0.00163781,-0.0821797,-0.0443269,-0.00131307,-0.35727,-0.273936,12.0208,12.0292,0,34.4556
10.12,roll -6deg,-0.413085,-0.472514,-0.0819464,0.0491272,-0.10472,0,-0.0857419,0.0317114,-0.00528617,0.6041,0.7441,1.7705,2.43511,nan,0.292149,0.297725,0.299517,0.283785,0.287548,0.297725,0.287548,0.299517,0.283785,1,0,0.0504387,0,0.0052302,-0.0490927,-0.00244136,-0.0684671,-0.1349,-0.0194312,-0.0400807,-0.00163762,-0.0865813,-0.0383912,0.00820288,-0.362005,-0.202088,12.0074,12.0145,0,34.4766
10.13,roll -6deg,-0.414019,-0.472785,-0.0825229,0.0491844,-0.10472,0,-0.0828386,0.0323214,-0.00570265,0.604619,0.744619,1.74333,2.41976,nan,0.292251,0.298805,0.299016,0.284847,0.286317,0.298805,0.286317,0.299016,0.284847,1,0,0.0502065,0,0.00333844,-0.0505092,-0.000738886,-0.0667087,-0.135029,-0.0194312,-0.0400807,-0.00163762,-0.0663939,-0.0258599,0.00674645,-0.273229,-0.201404,12.0894,12.0941,0,34.4985
10.14,roll -6deg,-0.414927,-0.473062,-0.0830865,0.0492323,-0.10472,0,-0.0800967,0.0327984,-0.0052026,0.605132,0.745132,1.76764,2.44179,nan,0.292352,0.299308,0.298756,0.285836,0.28549,0.299308,0.28549,0.298756,0.285836,1,0,0.0500019,0,0.000548547,-0.0506625,0.000394543,-0.0650397,-0.135148,-0.0194311,-0.0400807,-0.00163753,-0.0802928,-0.0299003,0.000531344,-0.297674,-0.192134,12.0559,12.0611,0,34.5198
10.15,roll -6deg,-0.415812,-0.473339,-0.0836529,0.0492831,-0.10472,0,-0.0775382,0.0331332,-0.00608148,0.605638,0.745638,1.76665,2.44549,nan,0.292452,0.298541,0.299568,0.284582,0.287097,0.298541,0.287097,0.299568,0.284582,1,0,0.0497725,0,0.00394711,-0.0500814,-0.00155694,-0.0633266,-0.135277,-0.0194311,-0.0400807,-0.00163753,-0.0704125,-0.0340796,0.00179546,-0.216522,-0.320964,12.0065,12.0127,0,34.5406
10.16,roll -6deg,-0.416674,-0.473617,-0.0841799,0.0493553,-0.10472,0,-0.0750143,0.0333348,-0.00615086,0.606138,0.746138,1.79122,2.46768,nan,0.29255,0.298867,0.300014,0.284465,0.286835,0.298867,0.286835,0.300014,0.284465,1,0,0.0496141,0,0.00324611,-0.0522602,-0.00154626,-0.0617458,-0.135466,-0.0194307,-0.0400808,-0.00163739,-0.0698582,-0.0338282,0.00240387,-0.261517,-0.247259,11.9996,12.005,0,34.5633
10.17,roll -6deg,-0.417511,-0.473899,-0.0846849,0.0494011,-0.10472,0,-0.0727405,0.0336137,-0.00523459,0.606631,0.746631,1.7707,2.45702,nan,0.292647,0.298506,0.300327,0.284743,0.286993,0.298506,0.286993,0.300327,0.284743,1,0,0.0494504,0,0.00113804,-0.0513448,-0.0017891,-0.0602331,-0.135568,-0.0194307,-0.0400808,-0.00163739,-0.0704728,-0.0290303,-0.00906499,-0.16179,-0.296724,11.9095,11.9143,0,34.5849
10.18,roll -6deg,-0.418322,-0.474188,-0.0851483,0.0494136,-0.10472,0,-0.0707453,0.0339254,-0.00493516,0.607118,0.747118,1.79538,2.47913,nan,0.292742,0.298558,0.3003,0.284982,0.287111,0.298558,0.287111,0.3003,0.284982,1,0,0.049262,0,0.00102833,-0.0507146,-0.00170128,-0.0588407,-0.135597,-0.0194303,-0.0400809,-0.00163726,-0.0692399,-0.0402068,-0.00162086,-0.276399,-0.411148,12.0096,12.0198,0,34.6059
10.19,roll -6deg,-0.419113,-0.47448,-0.0855907,0.049462,-0.10472,0,-0.0689529,0.0342746,-0.00421496,0.607598,0.747598,1.76978,2.46485,nan,0.292836,0.298646,0.300315,0.285069,0.287297,0.298646,0.287297,0.300315,0.285069,1,0,0.0491409,0,0.00148101,-0.0503914,-0.00171232,-0.0575109,-0.135697,-0.0194303,-0.0400809,-0.00163726,-0.0671208,-0.0292647,-0.000719853,-0.296444,-0.278745,11.9907,11.9976,0,34.6289
10.2,roll -6deg,-0.419887,-0.474778,-0.0860255,0.0494835,-0.10472,0,-0.0673905,0.0345676,-0.00496175,0.608072,0.748072,1.79455,2.48723,nan,0.292929,0.300656,0.29849,0.286933,0.285619,0.300656,0.285619,0.29849,0.286933,1,0,0.0489659,0,0.00225948,-0.0503892,0.00152966,-0.0561949,-0.135753,-0.01943,-0.040081,-0.00163721,-0.0591544,-0.0369566,0.00267,-0.300218,-0.358413,12.1733,12.1823,0,34.6508
10.21,roll -6deg,-0.420654,-0.47507,-0.0864477,0.0495138,-0.10472,0,-0.065925,0.0345979,-0.00658546,0.60854,0.74854,1.79935,2.49483,nan,0.293021,0.298856,0.300498,0.284776,0.287934,0.298856,0.287934,0.300498,0.284776,1,0,0.048844,0,0.00402062,-0.0504839,-0.00211003,-0.054935,-0.135827,-0.01943,-0.040081,-0.00163721,-0.0634644,-0.0443759,0.000933637,-0.399422,-0.295106,12.0355,12.0457,0,34.673
10.22,roll -6deg,-0.421408,-0.47536,-0.0868419,0.0495125,-0.10472,0,-0.0644153,0.0346415,-0.00597284,0.609002,0.749002,1.82441,2.51734,nan,0.293111,0.298841,0.300196,0.285859,0.287529,0.298841,0.287529,0.300196,0.285859,1,0,0.0486875,0,0.000836067,-0.0485999,-0.00132896,-0.0537654,-0.135798,-0.0194294,-0.0400812,-0.00163712,-0.0723429,-0.0459248,0.00188046,-0.318472,-0.37654,12.0988,12.1088,0,34.6944
10.23,roll -6deg,-0.422146,-0.475652,-0.0872348,0.0495472,-0.10472,0,-0.0630622,0.034594,-0.00553763,0.609458,0.749458,1.79778,2.50252,nan,0.2932,0.298692,0.301032,0.284965,0.288094,0.298692,0.288094,0.301032,0.284965,1,0,0.0485698,0,0.00209198,-0.0505254,-0.00240403,-0.0525588,-0.135864,-0.0194294,-0.0400812,-0.00163712,-0.0542703,-0.0391393,0.0195924,-0.405292,-0.363787,12.1601,12.1723,0,34.717
10.24,roll -6deg,-0.42287,-0.475944,-0.0875809,0.0495746,-0.10472,0,-0.0618458,0.034492,-0.005918,0.609908,0.749908,1.82292,2.52482,nan,0.293288,0.298938,0.300794,0.285785,0.287616,0.298938,0.287616,0.300794,0.285785,1,0,0.048442,0,-6.68332e-05,-0.0498923,-0.0016201,-0.0515129,-0.1359,-0.019429,-0.0400814,-0.00163708,-0.0488918,-0.0259943,0.0121126,-0.336954,-0.405395,12.0362,12.0477,0,34.7405
10.25,roll -6deg,-0.423584,-0.476235,-0.0879405,0.0496447,-0.10472,0,-0.0607856,0.0344209,-0.00591041,0.610353,0.750353,1.82023,2.5269,nan,0.293375,0.299198,0.300944,0.285649,0.287691,0.299198,0.287691,0.300944,0.285649,1,0,0.048378,0,0.000786545,-0.050785,-0.00166464,-0.0504511,-0.136086,-0.019429,-0.0400814,-0.00163708,-0.0597721,-0.0332279,0.00810807,-0.359841,-0.291607,12.0877,12.0966,0,34.765
10.26,roll -6deg,-0.424288,-0.476523,-0.0883011,0.0496924,-0.10472,0,-0.0597967,0.0344448,-0.00616774,0.610791,0.750791,1.84561,2.54942,nan,0.29346,0.300186,0.300515,0.28637,0.286754,0.300186,0.286754,0.300515,0.28637,1,0,0.0482892,0,0.000144476,-0.0522533,-0.000313409,-0.0493678,-0.13619,-0.0194287,-0.0400815,-0.00163707,-0.0590346,-0.0290149,0.0140691,-0.301841,-0.221262,12.098,12.1038,0,34.7882
10.27,roll -6deg,-0.424987,-0.47681,-0.0886237,0.0497151,-0.10472,0,-0.0588876,0.0344625,-0.00676759,0.611224,0.751224,1.85225,2.5583,nan,0.293545,0.299105,0.301433,0.285589,0.288036,0.299105,0.288036,0.301433,0.285589,1,0,0.0482101,0,0.000316386,-0.0509948,-0.00209808,-0.04839,-0.136252,-0.0194287,-0.0400815,-0.00163707,-0.0518493,-0.0447229,0.000766292,-0.403959,-0.244426,12.1035,12.1127,0,34.8114
10.28,roll -6deg,-0.425676,-0.477096,-0.0889608,0.0497405,-0.10472,0,-0.0579507,0.0344638,-0.00616417,0.611651,0.751651,1.87795,2.58128,nan,0.293629,0.301054,0.299397,0.287918,0.286129,0.301054,0.286129,0.299397,0.287918,1,0,0.0480863,0,-0.000349407,-0.0500302,0.00151492,-0.0473717,-0.136279,-0.0194276,-0.0400818,-0.00163705,-0.0478672,-0.0320085,0.012305,-0.330023,-0.232554,12.1648,12.1715,0,34.8338
10.29,roll -6deg,-0.426355,-0.477384,-0.0893098,0.049785,-0.10472,0,-0.0570798,0.0344598,-0.00612887,0.612073,0.752073,1.84735,2.56307,nan,0.293711,0.299131,0.30162,0.285402,0.288676,0.299131,0.288676,0.30162,0.285402,1,0,0.0480169,0,0.00208454,-0.0505401,-0.00253294,-0.0463439,-0.136371,-0.0194276,-0.0400818,-0.00163705,-0.0604564,-0.0300885,0.00606704,-0.25498,-0.213774,12.1031,12.1077,0,34.8564
10.3,roll -6deg,-0.427023,-0.477674,-0.0896332,0.0498499,-0.10472,0,-0.0561976,0.0345317,-0.0057829,0.612489,0.752489,1.8731,2.58578,nan,0.293793,0.301067,0.3,0.287169,0.286921,0.301067,0.286921,0.3,0.287169,1,0,0.0479572,0,0.00217215,-0.051116,0.000578308,-0.045359,-0.136537,-0.0194271,-0.040082,-0.00163706,-0.050864,-0.0310112,0.0132344,-0.259777,-0.314544,12.1557,12.1625,0,34.8807
10.31,roll -6deg,-0.427686,-0.477961,-0.0899711,0.0498956,-0.10472,0,-0.0551724,0.0347317,-0.00673713,0.6129,0.7529,1.87685,2.59236,nan,0.293874,0.298941,0.302432,0.28506,0.289049,0.298941,0.289049,0.302432,0.28506,1,0,0.0479025,0,0.00132201,-0.05166,-0.00328758,-0.0443338,-0.136658,-0.0194271,-0.040082,-0.00163706,-0.0420861,-0.0376453,-0.0038947,-0.198576,-0.260956,12.1554,12.1598,0,34.9035
10.32,roll -6deg,-0.428338,-0.478252,-0.0902651,0.04992,-0.10472,0,-0.054112,0.0351646,-0.00640681,0.613306,0.753306,1.90289,2.61492,nan,0.293955,0.299731,0.301517,0.286147,0.288408,0.299731,0.288408,0.301517,0.286147,1,0,0.0478029,0,0.0012619,-0.0505781,-0.00177884,-0.0434648,-0.136696,-0.0194262,-0.0400823,-0.00163711,-0.0518493,-0.0364576,0.0164185,-0.173017,-0.270681,12.0588,12.0631,0,34.9265
10.33,roll -6deg,-0.428982,-0.478546,-0.0905496,0.0499423,-0.10472,0,-0.0530829,0.0355726,-0.00631592,0.613706,0.753706,1.89046,2.60985,nan,0.294034,0.299074,0.30241,0.285894,0.288743,0.299074,0.288743,0.30241,0.285894,1,0,0.047723,0,-0.00129308,-0.0508686,-0.00271848,-0.0426097,-0.136731,-0.0194262,-0.0400823,-0.00163711,-0.0509135,-0.0367453,0.0120079,-0.215335,-0.286727,12.1042,12.1095,0,34.9497
10.34,roll -6deg,-0.429613,-0.478847,-0.0908111,0.0499515,-0.10472,0,-0.0521799,0.0359834,-0.00572015,0.614101,0.754101,1.91667,2.6325,nan,0.294113,0.300909,0.300755,0.287225,0.287548,0.300909,0.287548,0.300755,0.287225,1,0,0.047663,0,0.00126357,-0.0509545,-7.46813e-05,-0.0418229,-0.136729,-0.019425,-0.0400827,-0.00163719,-0.0494597,-0.0357345,0.00491164,-0.224157,-0.378561,12.0369,12.0449,0,34.9732
10.35,roll -6deg,-0.430237,-0.479151,-0.0911095,0.0499683,-0.10472,0,-0.0512922,0.0362909,-0.0051354,0.61449,0.75449,1.89421,2.62002,nan,0.294191,0.301539,0.300002,0.287739,0.28747,0.301539,0.28747,0.300002,0.287739,1,0,0.0475829,0,0.00336554,-0.0498934,0.000793565,-0.0409355,-0.136764,-0.019425,-0.0400827,-0.00163719,-0.0547719,-0.0483116,-0.00236565,-0.259254,-0.367032,12.036,12.0444,0,34.9955
10.36,roll -6deg,-0.43085,-0.479459,-0.0913814,0.0499595,-0.10472,0,-0.0502927,0.0365103,-0.00585753,0.614875,0.754875,1.92052,2.64294,nan,0.294269,0.30065,0.301513,0.287049,0.28785,0.30065,0.28785,0.301513,0.287049,1,0,0.0474876,0,-0.00016435,-0.05166,-0.000731407,-0.0401065,-0.136692,-0.0194232,-0.0400833,-0.00163735,-0.0466903,-0.0381253,0.00540723,-0.138475,-0.341428,12.0644,12.0701,0,35.0175
10.37,roll -6deg,-0.431457,-0.479765,-0.0916696,0.0499809,-0.10472,0,-0.0492324,0.0367202,-0.00641483,0.615254,0.755254,1.88753,2.62278,nan,0.294346,0.300815,0.301349,0.287111,0.288094,0.300815,0.288094,0.301349,0.287111,1,0,0.0474072,0,0.001191,-0.0510839,-0.000666763,-0.0392447,-0.136727,-0.0194232,-0.0400833,-0.00163735,-0.0489415,-0.038309,0.00892181,-0.236546,-0.45336,11.9685,11.9795,0,35.0401
10.38,roll -6deg,-0.432056,-0.480072,-0.0919117,0.049975,-0.10472,0,-0.0480592,0.0368269,-0.00701655,0.615628,0.755628,1.91387,2.64582,nan,0.294426,0.299838,0.302376,0.285802,0.289669,0.299838,0.289669,0.302376,0.285802,1,0,0.0473367,0,0.00352809,-0.0506734,-0.00281543,-0.0385047,-0.136692,-0.0194223,-0.0400837,-0.00163744,-0.0400321,-0.0453642,0.00606096,-0.235834,-0.436037,12.1281,12.1382,0,35.0629
10.39,roll -6deg,-0.432642,-0.480378,-0.0921668,0.0499606,-0.10472,0,-0.0467051,0.0367304,-0.00623507,0.615996,0.755996,1.91118,2.64743,nan,0.294519,0.29916,0.30287,0.286144,0.289883,0.29916,0.289883,0.30287,0.286144,1,0,0.047256,0,7.68723e-05,-0.0492704,-0.00327375,-0.037748,-0.136603,-0.0194223,-0.0400837,-0.00163744,-0.0468805,-0.0372981,0.0109241,-0.307847,-0.475855,12.1207,12.134,0,35.0844
10.4,roll -6deg,-0.43321,-0.480687,-0.0923575,0.0499609,-0.10472,0,-0.04552,0.0366579,-0.00583738,0.616358,0.756358,1.93777,2.67019,nan,0.294627,0.299927,0.302146,0.286932,0.289479,0.299927,0.289479,0.302146,0.286932,1,0,0.0471954,0,0.000867256,-0.048626,-0.00209458,-0.037168,-0.136599,-0.0194207,-0.0400842,-0.00163763,-0.0418515,-0.0533619,0.00488111,-0.276041,-0.439099,12.1104,12.1215,0,35.1085
10.41,roll -6deg,-0.433768,-0.480995,-0.0925731,0.0499759,-0.10472,0,-0.0444977,0.036597,-0.00600295,0.616711,0.756711,1.92103,2.66122,nan,0.294747,0.300366,0.302521,0.286348,0.289728,0.300366,0.289728,0.302521,0.286348,1,0,0.0471196,0,0.00325004,-0.0508028,-0.00243257,-0.0365089,-0.136587,-0.0194207,-0.0400842,-0.00163763,-0.0343241,-0.0394471,0.0100648,-0.294641,-0.361992,12.0026,12.0116,0,35.1319
10.42,roll -6deg,-0.434318,-0.481301,-0.0927613,0.0499908,-0.10472,0,-0.0435326,0.0366005,-0.00615157,0.617057,0.757057,1.94775,2.68385,nan,0.294878,0.300139,0.302941,0.286819,0.289585,0.300139,0.289585,0.302941,0.286819,1,0,0.0470842,0,-9.58795e-05,-0.0505445,-0.00244768,-0.0359522,-0.136594,-0.0194187,-0.040085,-0.0016379,-0.0398382,-0.0338816,0.00490211,-0.259437,-0.279385,12.0833,12.0893,0,35.1561
10.43,roll -6deg,-0.434858,-0.481609,-0.0929751,0.0500234,-0.10472,0,-0.0426712,0.0367636,-0.00579447,0.617393,0.757393,1.9218,2.6682,nan,0.295017,0.301023,0.302556,0.287407,0.289054,0.301023,0.289054,0.302556,0.287407,1,0,0.0470436,0,0.000301672,-0.0513844,-0.00139744,-0.0353071,-0.13665,-0.0194187,-0.040085,-0.0016379,-0.0374088,-0.0237113,0.00219961,-0.18477,-0.310823,12.1858,12.1911,0,35.18
10.44,roll -6deg,-0.435391,-0.481917,-0.0931348,0.0500372,-0.10472,0,-0.0419051,0.0370313,-0.00631594,0.61772,0.75772,1.9486,2.69071,nan,0.295164,0.299899,0.303552,0.287327,0.289848,0.299899,0.289848,0.303552,0.287327,1,0,0.0470132,0,-0.00299981,-0.0497889,-0.00271358,-0.0348287,-0.136667,-0.0194178,-0.0400853,-0.00163803,-0.0386555,-0.0320079,0.00379619,-0.1568,-0.223807,12.0804,12.0835,0,35.2047
10.45,roll -6deg,-0.435918,-0.482229,-0.0933104,0.0500636,-0.10472,0,-0.041313,0.0373496,-0.00543612,0.618037,0.758037,1.95405,2.69782,nan,0.295316,0.300403,0.303453,0.286841,0.290538,0.300403,0.290538,0.303453,0.286841,1,0,0.0469878,0,0.00171522,-0.0501696,-0.00296545,-0.0342858,-0.13672,-0.0194178,-0.0400853,-0.00163803,-0.0284889,-0.038902,0.00590256,-0.162033,-0.327538,12.1174,12.1229,0,35.2293
10.46,roll -6deg,-0.436435,-0.482548,-0.0934764,0.0500312,-0.10472,0,-0.040753,0.0377185,-0.00509209,0.618344,0.758344,1.98115,2.72032,nan,0.295473,0.301534,0.302431,0.288218,0.289678,0.301534,0.289678,0.302431,0.288218,1,0,0.0469167,0,0.00149068,-0.0493962,-0.00103586,-0.0337914,-0.136606,-0.0194154,-0.0400862,-0.0016384,-0.0319793,-0.0464251,0.00825073,-0.195749,-0.412623,12.0057,12.0144,0,35.2517
10.47,roll -6deg,-0.436949,-0.482868,-0.0936732,0.0500299,-0.10472,0,-0.0402228,0.0379589,-0.00534155,0.618639,0.758639,1.95566,2.70484,nan,0.295634,0.30095,0.303918,0.287222,0.290413,0.30095,0.290413,0.303918,0.287222,1,0,0.0468354,0,0.000595534,-0.0516015,-0.00270695,-0.0332037,-0.136574,-0.0194154,-0.0400862,-0.0016384,-0.0341685,-0.0471163,0.00132449,-0.228297,-0.417482,12.1194,12.1287,0,35.2745
10.48,roll -6deg,-0.437458,-0.483192,-0.0938208,0.0500245,-0.10472,0,-0.0397744,0.0382595,-0.00515859,0.618925,0.758925,1.98282,2.72726,nan,0.295797,0.302377,0.302672,0.288129,0.289978,0.302377,0.289978,0.302672,0.288129,1,0,0.0467844,0,0.00412116,-0.0510482,-0.000941997,-0.0327672,-0.136508,-0.0194136,-0.0400868,-0.00163868,-0.0398987,-0.0328437,0.0191739,-0.314494,-0.294738,12.1246,12.1323,0,35.2988
10.49,roll -6deg,-0.437965,-0.483516,-0.0939652,0.0500251,-0.10472,0,-0.0393472,0.0385716,-0.00578725,0.619199,0.759199,1.97586,2.72477,nan,0.29596,0.301682,0.303929,0.288779,0.289419,0.301682,0.289419,0.303929,0.288779,1,0,0.0467589,0,-0.00425912,-0.0519413,-0.00126898,-0.0323205,-0.136516,-0.0194136,-0.0400868,-0.00163868,-0.0310719,-0.0588349,0.0110428,-0.26415,-0.256,11.997,12.0026,0,35.3234
10.5,roll -6deg,-0.438473,-0.483841,-0.0941189,0.05001,-0.10472,0,-0.0390392,0.0390202,-0.00604515,0.619462,0.759462,2.00322,2.74747,nan,0.296121,0.301565,0.303503,0.288517,0.290866,0.301565,0.290866,0.303503,0.288517,1,0,0.0466875,0,0.00109093,-0.0486681,-0.00188412,-0.0318468,-0.136418,-0.0194114,-0.0400877,-0.00163906,-0.0236776,-0.0471913,0.0145184,-0.146561,-0.306698,12.0783,12.083,0,35.347
10.51,roll -6deg,-0.438978,-0.484171,-0.0942934,0.0499986,-0.10472,0,-0.0386801,0.0393925,-0.00651257,0.619715,0.759715,1.98897,2.73997,nan,0.296279,0.3015,0.304817,0.287594,0.291173,0.3015,0.291173,0.304817,0.287594,1,0,0.046621,0,0.000697946,-0.0522013,-0.00303087,-0.0313549,-0.136336,-0.0194114,-0.0400877,-0.00163906,-0.0455736,-0.0388179,0.0105993,-0.137322,-0.299726,12.1122,12.1167,0,35.3703
10.52,roll -6deg,-0.439481,-0.484502,-0.0944259,0.0499691,-0.10472,0,-0.0383037,0.0397537,-0.00541629,0.619957,0.759957,2.01648,2.7625,nan,0.296434,0.302445,0.303583,0.288732,0.290947,0.302445,0.290947,0.303583,0.288732,1,0,0.0465494,0,0.00285638,-0.0499235,-0.00147358,-0.0309375,-0.136233,-0.0194093,-0.0400884,-0.00163942,-0.0331389,-0.0480327,0.00531875,-0.159545,-0.384714,12.0372,12.0444,0,35.3943
10.53,roll -6deg,-0.439979,-0.48484,-0.0945956,0.0499424,-0.10472,0,-0.0378639,0.0401047,-0.00615551,0.620189,0.760189,2.00946,2.76017,nan,0.296588,0.302141,0.304405,0.288483,0.291292,0.302141,0.291292,0.304405,0.288483,1,0,0.0464776,0,0.00144181,-0.0507264,-0.00222973,-0.030427,-0.13613,-0.0194093,-0.0400884,-0.00163942,-0.0329962,-0.048287,0.00753333,-0.257561,-0.415821,12.1838,12.1936,0,35.4173
10.54,roll -6deg,-0.440473,-0.485179,-0.0947099,0.0499098,-0.10472,0,-0.0374619,0.0403929,-0.00577222,0.620411,0.760411,2.03718,2.78293,nan,0.296739,0.302001,0.304789,0.288506,0.291631,0.302001,0.291631,0.304789,0.288506,1,0,0.0464109,0,0.00089692,-0.050502,-0.00259876,-0.0300768,-0.135993,-0.0194061,-0.0400897,-0.00164002,-0.0292471,-0.0473269,0.00782031,-0.22728,-0.446292,12.0958,12.1062,0,35.4418
10.55,roll -6deg,-0.440964,-0.485521,-0.0948755,0.0499046,-0.10472,0,-0.0370963,0.0406735,-0.00588718,0.620623,0.760623,2.01324,2.76818,nan,0.296889,0.301986,0.304847,0.289208,0.291483,0.301986,0.291483,0.304847,0.289208,1,0,0.0463595,0,-0.00155691,-0.0495338,-0.00225731,-0.0295784,-0.135932,-0.0194061,-0.0400897,-0.00164002,-0.0295093,-0.0439246,0.0130891,-0.224591,-0.359685,12.0687,12.0762,0,35.4657
10.56,roll -6deg,-0.441453,-0.485865,-0.0950079,0.0498644,-0.10472,0,-0.0366803,0.0409491,-0.00633109,0.620825,0.760825,2.04104,2.79095,nan,0.297036,0.301759,0.305654,0.288763,0.29194,0.301759,0.29194,0.305654,0.288763,1,0,0.046272,0,-0.00190394,-0.0506092,-0.00310811,-0.0291888,-0.135785,-0.019402,-0.0400912,-0.0016408,-0.0355516,-0.0446288,0.0127645,-0.205776,-0.27417,12.1217,12.1265,0,35.4894
10.57,roll -6deg,-0.441939,-0.486211,-0.0951749,0.0498351,-0.10472,0,-0.0363031,0.0411248,-0.00544398,0.621017,0.761017,2.00841,2.76988,nan,0.297182,0.302377,0.305286,0.28868,0.292358,0.302377,0.292358,0.305286,0.28868,1,0,0.0461998,0,0.00204059,-0.05045,-0.00289533,-0.0286536,-0.135654,-0.019402,-0.0400912,-0.0016408,-0.013597,-0.0405291,0.00584149,-0.130381,-0.320517,12.0629,12.0679,0,35.5123
10.58,roll -6deg,-0.442419,-0.48656,-0.0952972,0.0498098,-0.10472,0,-0.0358638,0.041208,-0.00528449,0.6212,0.7612,2.03622,2.79268,nan,0.297327,0.304306,0.303639,0.290714,0.290622,0.304306,0.290622,0.303639,0.290714,1,0,0.0461688,0,0.00152636,-0.0504187,0.000333369,-0.0283081,-0.135551,-0.0193984,-0.0400926,-0.0016415,-0.0287833,-0.0426074,0.00538349,-0.18383,-0.423564,12.0869,12.0957,0,35.537
10.59,roll -6deg,-0.442898,-0.486907,-0.0954624,0.0497978,-0.10472,0,-0.0353428,0.0412768,-0.00621635,0.621373,0.761373,2.01488,2.77982,nan,0.297471,0.304177,0.304075,0.29037,0.291233,0.304177,0.291233,0.304075,0.29037,1,0,0.0461068,0,0.00256214,-0.0504948,-0.000334486,-0.0278285,-0.13549,-0.0193984,-0.0400926,-0.0016415,-0.0404507,-0.0468374,0.00728971,-0.189307,-0.41956,12.0366,12.0454,0,35.5606
10.6,roll -6deg,-0.443375,-0.487251,-0.0955412,0.04976,-0.10472,0,-0.0349405,0.0413751,-0.00649148,0.621536,0.761536,2.04279,2.80288,nan,0.297613,0.302882,0.30532,0.28945,0.292773,0.302882,0.292773,0.30532,0.28945,1,0,0.0460291,0,0.00234804,-0.0492267,-0.00253206,-0.0275908,-0.135344,-0.0193965,-0.0400933,-0.00164188,-0.0411883,-0.0485397,0.0151798,-0.219586,-0.393101,12.136,12.1443,0,35.586
10.61,roll -6deg,-0.443847,-0.487598,-0.0956528,0.0497341,-0.10472,0,-0.0346419,0.0414074,-0.00609422,0.62169,0.76169,2.04634,2.80804,nan,0.297755,0.302861,0.30594,0.289487,0.292703,0.302861,0.292703,0.30594,0.289487,1,0,0.045998,0,0.000360562,-0.0504219,-0.00276698,-0.0272524,-0.135245,-0.0193965,-0.0400933,-0.00164188,-0.0395854,-0.054819,0.00908681,-0.259989,-0.408751,12.1427,12.1523,0,35.6107
10.62,roll -6deg,-0.444316,-0.487947,-0.0957332,0.049665,-0.10472,0,-0.0344137,0.0414369,-0.0066397,0.621835,0.761835,2.07453,2.83126,nan,0.297895,0.304791,0.304161,0.291571,0.291031,0.304791,0.291031,0.304161,0.291571,1,0,0.0458683,0,0.000241673,-0.0499278,0.000514203,-0.0269849,-0.135,-0.0193922,-0.040095,-0.00164277,-0.023516,-0.0466794,0.0132613,-0.267829,-0.34441,12.1788,12.1866,0,35.6346
10.63,roll -6deg,-0.444787,-0.48829,-0.0958742,0.0496658,-0.10472,0,-0.0341478,0.0414358,-0.00666258,0.62197,0.76197,2.05078,2.81662,nan,0.298035,0.303797,0.305752,0.290443,0.292121,0.303797,0.292121,0.305752,0.290443,1,0,0.0458319,0,-0.000736183,-0.0511331,-0.00159653,-0.0265638,-0.134959,-0.0193922,-0.040095,-0.00164277,-0.0252414,-0.0431897,0.00172072,-0.193823,-0.316068,12.1473,12.153,0,35.6593
10.64,roll -6deg,-0.445255,-0.488635,-0.095968,0.0496242,-0.10472,0,-0.03374,0.0415513,-0.0070037,0.622096,0.762096,2.07906,2.83965,nan,0.298175,0.304058,0.305656,0.290541,0.292416,0.304058,0.292416,0.305656,0.290541,1,0,0.0457746,0,0.000736679,-0.0506991,-0.00152641,-0.0262875,-0.134801,-0.0193865,-0.0400972,-0.00164396,-0.030374,-0.0445412,0.00865179,-0.0739513,-0.389963,12.1447,12.1512,0,35.6837
10.65,roll -6deg,-0.44572,-0.488981,-0.096128,0.0495878,-0.10472,0,-0.0331748,0.0420003,-0.0073168,0.622212,0.762212,2.0428,2.81599,nan,0.298319,0.304002,0.305418,0.29133,0.292495,0.304002,0.292495,0.305418,0.29133,1,0,0.0457068,0,-0.000663692,-0.0484987,-0.00113445,-0.0257946,-0.134667,-0.0193865,-0.0400972,-0.00164396,-0.0230225,-0.0525933,0.0118973,-0.109483,-0.378197,12.1258,12.1322,0,35.706
10.66,roll -6deg,-0.446181,-0.48933,-0.0962123,0.0495486,-0.10472,0,-0.0325885,0.0422987,-0.0072478,0.622319,0.762319,2.07107,2.83897,nan,0.298471,0.3038,0.306471,0.29017,0.293412,0.3038,0.293412,0.306471,0.29017,1,0,0.0456442,0,0.00151536,-0.0505706,-0.00259946,-0.0255737,-0.1345,-0.0193808,-0.0400994,-0.00164518,-0.0453041,-0.0413559,0.00494605,-0.18964,-0.435135,12.0589,12.0683,0,35.7309
10.67,roll -6deg,-0.446638,-0.48968,-0.0963531,0.0495224,-0.10472,0,-0.0320752,0.0426651,-0.00764317,0.622415,0.762415,2.03822,2.81751,nan,0.298632,0.303864,0.306296,0.290424,0.293911,0.303864,0.293911,0.306296,0.290424,1,0,0.045571,0,0.00280144,-0.0489324,-0.00260135,-0.0251361,-0.134403,-0.0193808,-0.0400994,-0.00164518,-0.0371482,-0.0576007,0.0165993,-0.215332,-0.437214,12.1503,12.1601,0,35.7542
10.68,roll -6deg,-0.447092,-0.490034,-0.0964122,0.0494622,-0.10472,0,-0.0315374,0.0431769,-0.00738546,0.6225,0.7625,2.06651,2.84049,nan,0.298801,0.30255,0.307893,0.289712,0.295016,0.30255,0.295016,0.307893,0.289712,1,0,0.0454924,0,-0.000100687,-0.0487249,-0.0046796,-0.0249316,-0.134181,-0.0193762,-0.0401012,-0.00164617,-0.0205261,-0.0562387,0.0141094,-0.175945,-0.430671,12.106,12.1149,0,35.779
10.69,roll -6deg,-0.447537,-0.490396,-0.0965333,0.0494348,-0.10472,0,-0.031048,0.0436672,-0.00694986,0.622573,0.762573,2.04922,2.83029,nan,0.298978,0.304679,0.306452,0.291747,0.292998,0.304679,0.292998,0.306452,0.291747,1,0,0.045419,0,-0.00138495,-0.0499971,-0.00132905,-0.024575,-0.134058,-0.0193762,-0.0401012,-0.00164617,-0.0261001,-0.0563954,0.00744553,-0.162451,-0.298608,11.9918,11.9966,0,35.8032
10.7,roll -6deg,-0.447983,-0.49076,-0.0965635,0.049379,-0.10472,0,-0.0305194,0.0442184,-0.00769963,0.622635,0.762635,2.07764,2.85317,nan,0.299161,0.303962,0.307236,0.290847,0.294563,0.303962,0.294563,0.307236,0.290847,1,0,0.0453297,0,0.00117256,-0.048863,-0.00307267,-0.0244751,-0.133821,-0.0193715,-0.0401031,-0.00164722,-0.0219688,-0.0353064,0.0165396,-0.111693,-0.265545,12.2087,12.2121,0,35.8294
10.71,roll -6deg,-0.448422,-0.49113,-0.0966801,0.0493265,-0.10472,0,-0.0299274,0.04465,-0.00696567,0.622684,0.762684,2.06076,2.84302,nan,0.299351,0.305226,0.306921,0.291928,0.293292,0.305226,0.293292,0.306921,0.291928,1,0,0.0452507,0,-0.000877432,-0.0510195,-0.00134473,-0.0241251,-0.133654,-0.0193715,-0.0401031,-0.00164722,-0.0229558,-0.0545756,0.00825736,-0.0366036,-0.415042,12.0826,12.0898,0,35.8529
10.72,roll -6deg,-0.448857,-0.491504,-0.0967474,0.0492481,-0.10472,0,-0.0294739,0.0450706,-0.00689075,0.62272,0.76272,2.08931,2.86575,nan,0.299547,0.305192,0.307308,0.291993,0.293654,0.305192,0.293654,0.307308,0.291993,1,0,0.0451716,0,-0.00120646,-0.0508823,-0.00166051,-0.0239282,-0.133377,-0.0193676,-0.0401047,-0.0016481,-0.0281474,-0.0497641,0.00861444,-0.240112,-0.46841,12.1777,12.1891,0,35.877
10.73,roll -6deg,-0.449288,-0.491882,-0.0968501,0.0491892,-0.10472,0,-0.0291533,0.0454535,-0.00611882,0.622743,0.762743,2.08298,2.86325,nan,0.299747,0.305751,0.306683,0.292229,0.294287,0.305751,0.294287,0.306683,0.292229,1,0,0.0450765,0,0.00298469,-0.0491091,-0.00131405,-0.0236098,-0.133159,-0.0193676,-0.0401047,-0.0016481,-0.022824,-0.0476465,0.00651889,-0.220534,-0.395327,12.1294,12.1379,0,35.9008
10.74,roll -6deg,-0.449713,-0.492267,-0.0968952,0.049091,-0.10472,0,-0.0288278,0.045833,-0.00579545,0.622752,0.762752,2.11173,2.88617,nan,0.299953,0.305789,0.307076,0.292987,0.293916,0.305789,0.293916,0.307076,0.292987,1,0,0.0449759,0,-0.000950024,-0.0491926,-0.000973819,-0.0234581,-0.13283,-0.0193627,-0.0401067,-0.0016492,-0.0134303,-0.0457564,0.000324271,-0.181134,-0.364331,12.156,12.1628,0,35.9251
10.75,roll -6deg,-0.450137,-0.492654,-0.0969934,0.0490226,-0.10472,0,-0.0286213,0.0459307,-0.00543303,0.622748,0.762748,2.09903,2.87893,nan,0.300161,0.305186,0.308,0.292272,0.295144,0.305186,0.295144,0.308,0.292272,1,0,0.0448697,0,0.000151719,-0.04883,-0.00249898,-0.0231798,-0.132599,-0.0193627,-0.0401067,-0.0016492,-0.0261276,-0.0502814,0.00810773,-0.131793,-0.358803,12.0787,12.0848,0,35.9489
10.76,roll -6deg,-0.450556,-0.493042,-0.0970331,0.0489325,-0.10472,0,-0.0284558,0.045589,-0.00522086,0.622729,0.762729,2.12793,2.90166,nan,0.300369,0.305677,0.308202,0.292109,0.295448,0.305677,0.295448,0.308202,0.292109,1,0,0.044758,0,0.00215838,-0.0498734,-0.00257718,-0.0230624,-0.132293,-0.0193591,-0.0401081,-0.00165002,-0.0294515,-0.0504568,0.0153269,-0.148488,-0.475419,12.154,12.1642,0,35.9736
10.77,roll -6deg,-0.450972,-0.493427,-0.0971093,0.0488599,-0.10472,0,-0.0282715,0.0451747,-0.00583751,0.622697,0.762697,2.12849,2.90403,nan,0.300575,0.305832,0.308352,0.291784,0.296289,0.305832,0.296289,0.308352,0.291784,1,0,0.044662,0,0.00526682,-0.0494762,-0.00308783,-0.0228143,-0.132047,-0.0193591,-0.0401081,-0.00165002,-0.0181088,-0.0520944,0.0133762,-0.297531,-0.459902,12.2647,12.2769,0,35.9976
10.78,roll -6deg,-0.451386,-0.493808,-0.0971355,0.0487898,-0.10472,0,-0.0280277,0.0447822,-0.0052599,0.622651,0.762651,2.15764,2.92699,nan,0.300778,0.304709,0.309669,0.292248,0.296445,0.304709,0.296445,0.309669,0.292248,1,0,0.0445765,0,-0.00202404,-0.0486677,-0.00402445,-0.0227474,-0.131775,-0.0193502,-0.0401117,-0.00165208,-0.0277108,-0.0403566,0.00851537,-0.145482,-0.451328,12.0504,12.0597,0,36.023
10.79,roll -6deg,-0.451795,-0.494187,-0.0972641,0.0487736,-0.10472,0,-0.0278614,0.0444057,-0.00590626,0.622592,0.762592,2.1188,2.90068,nan,0.300978,0.305851,0.309334,0.292732,0.295956,0.305851,0.295956,0.309334,0.292732,1,0,0.044523,0,-0.00068674,-0.0502036,-0.00294789,-0.0223532,-0.131694,-0.0193502,-0.0401117,-0.00165208,-0.022341,-0.0414998,-0.00839623,-0.0906949,-0.420557,12.1506,12.1582,0,36.0473
10.8,roll -6deg,-0.452206,-0.494559,-0.0973141,0.0487015,-0.10472,0,-0.0276821,0.0441051,-0.00595461,0.62252,0.76252,2.14792,2.92371,nan,0.301177,0.305951,0.309184,0.293156,0.296375,0.305951,0.296375,0.309184,0.293156,1,0,0.0444265,0,-3.65695e-05,-0.0485132,-0.00283588,-0.0222156,-0.131456,-0.0193473,-0.0401129,-0.00165276,-0.032764,-0.04993,0.00410227,-0.0985194,-0.469736,12.1555,12.165,0,36.0715
10.81,roll -6deg,-0.452615,-0.494927,-0.0973973,0.0486342,-0.10472,0,-0.0275209,0.0437653,-0.00636847,0.622434,0.762434,2.1561,2.93138,nan,0.301373,0.307388,0.308277,0.293826,0.295963,0.307388,0.295963,0.308277,0.293826,1,0,0.0443351,0,0.00331063,-0.0490303,-0.00133031,-0.0219615,-0.131225,-0.0193473,-0.0401129,-0.00165276,-0.031305,-0.0520074,0.00279668,-0.152994,-0.472318,12.2092,12.2193,0,36.0946
10.82,roll -6deg,-0.453024,-0.495291,-0.0974119,0.0485738,-0.10472,0,-0.0273695,0.0434771,-0.00610164,0.622335,0.762335,2.18553,2.95467,nan,0.301568,0.30665,0.309329,0.293752,0.296501,0.30665,0.296501,0.309329,0.293752,1,0,0.0442652,0,0.00018394,-0.048744,-0.00238588,-0.0218932,-0.131007,-0.0193387,-0.0401164,-0.00165479,-0.0167705,-0.0490106,0.00614473,-0.259299,-0.44922,12.1746,12.1856,0,36.1201
10.83,roll -6deg,-0.45343,-0.495654,-0.0975461,0.0485573,-0.10472,0,-0.0271675,0.0432565,-0.0068677,0.622224,0.762224,2.15582,2.93486,nan,0.301761,0.306798,0.310047,0.293561,0.2966,0.306798,0.2966,0.310047,0.293561,1,0,0.044222,0,-0.000557788,-0.0505605,-0.00276395,-0.0215004,-0.130921,-0.0193387,-0.0401164,-0.00165479,-0.0246389,-0.0495154,0.0118903,-0.198686,-0.454391,12.1605,12.1706,0,36.1433
10.84,roll -6deg,-0.453837,-0.49601,-0.0975719,0.0485007,-0.10472,0,-0.0268324,0.0430741,-0.00672473,0.622099,0.762099,2.18529,2.95795,nan,0.301953,0.307359,0.309845,0.294406,0.296165,0.307359,0.296165,0.309845,0.294406,1,0,0.0441465,0,-0.00193017,-0.0504638,-0.00186574,-0.021419,-0.130696,-0.0193333,-0.0401187,-0.00165607,-0.0231298,-0.0362099,-0.00268267,0.0581251,-0.371635,12.2491,12.2549,0,36.1683
10.85,roll -6deg,-0.45424,-0.496367,-0.097658,0.0484607,-0.10472,0,-0.0265663,0.04301,-0.00677612,0.621962,0.761962,2.1796,2.95554,nan,0.302144,0.307549,0.309863,0.294409,0.296719,0.307549,0.296719,0.309863,0.294409,1,0,0.0440924,0,-1.25505e-05,-0.0498045,-0.00203277,-0.0211655,-0.130562,-0.0193333,-0.0401187,-0.00165607,-0.0282615,-0.0556815,0.00607387,-0.0867978,-0.476685,12.1099,12.1196,0,36.1916
10.86,roll -6deg,-0.454641,-0.496723,-0.0976714,0.0483975,-0.10472,0,-0.0263569,0.0430113,-0.00766907,0.621812,0.761812,2.20928,2.97892,nan,0.302334,0.30708,0.310783,0.294117,0.29732,0.30708,0.29732,0.310783,0.294117,1,0,0.043995,0,-0.00132798,-0.0500722,-0.00303568,-0.0211248,-0.13032,-0.0193264,-0.0401216,-0.00165775,-0.0299123,-0.0455655,0.00879636,-0.164187,-0.568045,12.2226,12.2369,0,36.2164
10.87,roll -6deg,-0.455043,-0.497076,-0.0978063,0.0483816,-0.10472,0,-0.0259895,0.0430652,-0.00800285,0.621649,0.761649,2.19534,2.97045,nan,0.302524,0.307907,0.310098,0.294865,0.297188,0.307907,0.297188,0.310098,0.294865,1,0,0.0439625,0,0.000350462,-0.0491728,-0.00198405,-0.0207069,-0.130225,-0.0193264,-0.0401216,-0.00165775,-0.0229276,-0.0449602,0.015223,-0.179605,-0.375768,12.074,12.0812,0,36.2389
10.88,roll -6deg,-0.455443,-0.497427,-0.0978051,0.0483325,-0.10472,0,-0.0256097,0.0431065,-0.00784236,0.621474,0.761474,2.22516,2.99384,nan,0.302713,0.308614,0.310322,0.295279,0.296598,0.308614,0.296598,0.310322,0.295279,1,0,0.043881,0,-0.00103182,-0.0512715,-0.00133057,-0.0206983,-0.130031,-0.0193188,-0.0401247,-0.00165959,-0.016062,-0.0383875,0.010685,-0.107646,-0.363842,12.1676,12.1736,0,36.2648
10.89,roll -6deg,-0.455839,-0.49778,-0.0979009,0.0483277,-0.10472,0,-0.0252927,0.0431474,-0.00695603,0.621286,0.761286,2.20968,2.98431,nan,0.302901,0.308031,0.311434,0.294089,0.298012,0.308031,0.298012,0.311434,0.294089,1,0,0.0438484,0,0.00137789,-0.0518482,-0.00322021,-0.0203979,-0.129976,-0.0193188,-0.0401247,-0.00165959,-0.00874338,-0.0434456,0.00553548,-0.0775593,-0.429934,12.144,12.1519,0,36.289
10.9,roll -6deg,-0.456228,-0.498137,-0.0979275,0.0482811,-0.10472,0,-0.0249252,0.0432755,-0.00700599,0.621086,0.761086,2.23964,3.0074,nan,0.303089,0.308711,0.310664,0.295481,0.297461,0.308711,0.297461,0.310664,0.295481,1,0,0.0437995,0,7.10903e-05,-0.0500859,-0.00172866,-0.0203423,-0.129803,-0.0193095,-0.0401287,-0.00166186,-0.0270311,-0.046039,0.0172981,-0.126446,-0.539528,12.0788,12.0915,0,36.3138
10.91,roll -6deg,-0.456615,-0.498494,-0.0980622,0.0482727,-0.10472,0,-0.0244626,0.0437121,-0.00781161,0.620873,0.760873,2.21634,2.9922,nan,0.303279,0.307837,0.31175,0.294384,0.299107,0.307837,0.299107,0.31175,0.294384,1,0,0.0437559,0,0.00214767,-0.0494475,-0.00379607,-0.0199291,-0.129733,-0.0193095,-0.0401287,-0.00166186,-0.0224636,-0.0491729,0.0149232,-0.157308,-0.498393,12.2076,12.2188,0,36.3364
10.92,roll -6deg,-0.457001,-0.498858,-0.0980313,0.0482121,-0.10472,0,-0.0241358,0.0449164,-0.00744037,0.620648,0.760648,2.24637,3.01553,nan,0.303474,0.30862,0.311236,0.295766,0.298236,0.30862,0.298236,0.311236,0.295766,1,0,0.0436959,0,-0.000384285,-0.0489881,-0.00223529,-0.0200119,-0.129516,-0.0193017,-0.040132,-0.00166379,-0.0177857,-0.0509682,0.0150007,-0.208821,-0.391203,12.1289,12.137,0,36.3629
10.93,roll -6deg,-0.457388,-0.499233,-0.0981222,0.0481991,-0.10472,0,-0.0239026,0.0463533,-0.00763981,0.620409,0.760409,2.23353,3.00755,nan,0.303678,0.308818,0.311841,0.295387,0.298626,0.308818,0.298626,0.311841,0.295387,1,0,0.0436413,0,0.000571855,-0.0504892,-0.00275262,-0.0197397,-0.129431,-0.0193017,-0.040132,-0.00166379,-0.018786,-0.0496936,0.000483677,-0.0271285,-0.379591,12.212,12.2179,0,36.3878
10.94,roll -6deg,-0.457777,-0.499621,-0.0981102,0.0481342,-0.10472,0,-0.0236923,0.0477534,-0.00782396,0.620155,0.760155,2.26373,3.03072,nan,0.303892,0.310084,0.311239,0.296942,0.29726,0.310084,0.29726,0.311239,0.296942,1,0,0.0435538,0,-0.00222192,-0.0513888,-0.000647229,-0.0197831,-0.129196,-0.0192967,-0.0401341,-0.00166502,-0.0257534,-0.0466944,0.00542333,-0.0750662,-0.463064,12.1258,12.1349,0,36.4147
10.95,roll -6deg,-0.45817,-0.500019,-0.0981502,0.0480446,-0.10472,0,-0.0235328,0.0490373,-0.0081912,0.619888,0.759888,2.2682,3.03517,nan,0.304116,0.309167,0.311926,0.296144,0.299183,0.309167,0.299183,0.311926,0.296144,1,0,0.0434497,0,0.000742906,-0.0488213,-0.0025483,-0.0196471,-0.128895,-0.0192967,-0.0401341,-0.00166502,-0.0175428,-0.0554129,0.0089638,-0.223212,-0.539636,12.2029,12.2169,0,36.4392
10.96,roll -6deg,-0.458563,-0.500429,-0.0981442,0.0479168,-0.10472,0,-0.0234253,0.0501513,-0.00752223,0.619605,0.759605,2.29867,3.05824,nan,0.304349,0.309126,0.312609,0.296183,0.29943,0.309126,0.29943,0.312609,0.296183,1,0,0.0433122,0,-0.000625073,-0.0494961,-0.00295868,-0.0196413,-0.128457,-0.0192875,-0.0401381,-0.00166733,-0.00372748,-0.0447136,-0.00123669,-0.118157,-0.487545,12.0835,12.0939,0,36.4642
10.97,roll -6deg,-0.458957,-0.500849,-0.0982623,0.0478466,-0.10472,0,-0.0232688,0.0510916,-0.00840822,0.619306,0.759306,2.28247,3.04737,nan,0.30459,0.309066,0.313104,0.295776,0.300367,0.309066,0.300367,0.313104,0.295776,1,0,0.0432296,0,0.00146915,-0.0493164,-0.00379271,-0.0192995,-0.128223,-0.0192875,-0.0401381,-0.00166733,-0.0150576,-0.0619675,0.0191694,-0.0527195,-0.483524,12.1733,12.183,0,36.4877
10.98,roll -6deg,-0.459351,-0.501276,-0.0982483,0.0477122,-0.10472,0,-0.0230433,0.0518536,-0.00703264,0.618991,0.758991,2.31306,3.07035,nan,0.30484,0.311528,0.311174,0.298335,0.298271,0.311528,0.298271,0.311174,0.298335,1,0,0.0430859,0,0.000769262,-0.0494466,0.000184064,-0.0193492,-0.127773,-0.0192764,-0.0401429,-0.00167012,-0.0221311,-0.0575298,0.00482691,-0.0234325,-0.572035,12.0763,12.0899,0,36.5135
10.99,roll -6deg,-0.459746,-0.501709,-0.0983552,0.0476296,-0.10472,0,-0.0229567,0.0523914,-0.00766377,0.618659,0.758659,2.29011,3.05422,nan,0.305097,0.308486,0.314514,0.295935,0.3014,0.308486,0.3014,0.314514,0.295935,1,0,0.0429696,0,-0.00149166,-0.0486312,-0.00505176,-0.0190232,-0.127485,-0.0192764,-0.0401429,-0.00167012,-0.0211881,-0.0630609,0.0104785,-0.127795,-0.525954,12.109,12.1211,0,36.5376
11,level,-0.460141,-0.502146,-0.0983127,0.0474759,0,0,-0.0228956,0.0527873,-0.00841492,0.61831,0.75831,2.32077,3.07705,nan,0.305361,0.311054,0.312514,0.298011,0.299811,0.311054,0.299811,0.312514,0.298011,1,0,0.0428084,0,0.000902731,-0.0487825,-0.00143302,-0.0191372,-0.126988,-0.0192645,-0.0401481,-0.00167313,-0.0142298,-0.0563885,0.00487493,-0.0601998,-0.428417,12.1551,12.1628,0,36.5643
11.01,level,-0.460536,-0.50258,-0.0984314,0.0473868,0,0,-0.0196839,0.0531554,-0.0096392,0.617942,0.757942,2.29617,3.05979,nan,0.305631,0.316454,0.308222,0.290654,0.307141,0.316454,0.307141,0.308222,0.290654,1,0,0.109214,0,0.0655745,-0.0509339,-0.00362841,0.294936,-0.142354,-0.0192645,-0.0401481,-0.00167313,-0.0131067,-0.0641873,0.00961158,-0.0389319,-0.504999,12.1737,12.1842,0,36.5878
11.02,level,-0.460859,-0.503018,-0.0983395,0.0472247,0,0,-0.0075551,0.0538969,-0.00901632,0.617557,0.757557,2.32689,3.08284,nan,0.305907,0.315109,0.309849,0.289966,0.308649,0.315109,0.308649,0.309849,0.289966,1,0,0.109074,0,0.0635128,-0.0499147,-0.00589937,0.294699,-0.14187,-0.0192551,-0.0401522,-0.00167553,0.0109472,-0.0671418,0.0141265,-0.0308388,-0.558394,12.0298,12.0428,0,36.6135
11.03,level,-0.461023,-0.503467,-0.0981754,0.0470859,0,0,0.0117513,0.054891,-0.00846516,0.617153,0.757153,2.31562,3.07499,nan,0.306186,0.317003,0.308189,0.293029,0.306469,0.317003,0.306469,0.308189,0.293029,1,0,0.108868,0,0.0590348,-0.0486835,-0.00203341,0.294213,-0.141434,-0.0192551,-0.0401522,-0.00167553,0.0132773,-0.0536997,0.0100127,-0.0640477,-0.438781,12.133,12.1411,0,36.6389
11.04,level,-0.460973,-0.503923,-0.0976733,0.0469234,0,0,0.0362108,0.056001,-0.00991661,0.61673,0.75673,2.34648,3.09783,nan,0.306467,0.315492,0.310593,0.2925,0.307227,0.315492,0.307227,0.310593,0.2925,1,0,0.108359,0,0.0520616,-0.0499431,-0.00431943,0.292739,-0.140956,-0.0192404,-0.0401587,-0.0016793,0.0319272,-0.062018,0.0124151,-0.0764504,-0.547409,12.0566,12.0692,0,36.6695
11.05,level,-0.460668,-0.504386,-0.0971222,0.0468271,0,0,0.0639645,0.0572845,-0.00983702,0.616289,0.756289,2.3139,3.07449,nan,0.306746,0.317297,0.309192,0.295165,0.305274,0.317297,0.305274,0.309192,0.295165,1,0,0.107829,0,0.0483151,-0.049359,-0.000881074,0.291142,-0.140672,-0.0192404,-0.0401587,-0.0016793,0.0664731,-0.0665155,0.0100205,-0.209366,-0.490598,12.0449,12.0567,0,36.6979
11.06,level,-0.46008,-0.504862,-0.0960868,0.0466136,0,0,0.0935673,0.0586669,-0.0092807,0.615829,0.755829,2.34476,3.09733,nan,0.30702,0.316731,0.310681,0.296215,0.304398,0.316731,0.304398,0.310681,0.296215,1,0,0.106816,0,0.0377563,-0.0507763,-0.000937515,0.288087,-0.140023,-0.0192245,-0.0401658,-0.00168341,0.0955518,-0.0633888,0.00945145,-0.130165,-0.419107,12.1636,12.1715,0,36.7307
11.07,level,-0.459196,-0.50535,-0.0949453,0.046497,0,0,0.123347,0.0600162,-0.00968732,0.615351,0.755351,2.30953,3.07232,nan,0.307285,0.316399,0.311503,0.297108,0.304078,0.316399,0.304078,0.311503,0.297108,1,0,0.105752,0,0.0314748,-0.0506216,-0.000911167,0.284696,-0.139658,-0.0192245,-0.0401658,-0.00168341,0.112962,-0.0556604,0.00845975,-0.00926215,-0.526197,12.0865,12.0979,0,36.7636
11.08,level,-0.458022,-0.505849,-0.0933604,0.0462857,0,0,0.152261,0.0613329,-0.00979604,0.614856,0.754856,2.34037,3.09548,nan,0.307539,0.316111,0.312256,0.297808,0.30393,0.316111,0.30393,0.312256,0.297808,1,0,0.104262,0,0.0264633,-0.0504565,-0.000996683,0.280021,-0.139034,-0.0192082,-0.0401731,-0.00168764,0.15736,-0.0680181,0.0261528,-0.122448,-0.610407,12.181,12.1969,0,36.8003
11.09,level,-0.456571,-0.50636,-0.0916854,0.0461342,0,0,0.179567,0.0625827,-0.0102468,0.614345,0.754345,2.30593,3.07101,nan,0.307777,0.314235,0.314357,0.297203,0.305267,0.314235,0.305267,0.314357,0.297203,1,0,0.102697,0,0.0210702,-0.0494958,-0.00359755,0.275039,-0.138568,-0.0192082,-0.0401731,-0.00168764,0.180172,-0.062454,0.00672774,-0.0245906,-0.470206,12.0772,12.0864,0,36.8353
11.1,level,-0.45486,-0.506882,-0.0894827,0.0458899,0,0,0.204404,0.0636517,-0.0103009,0.613818,0.753818,2.33675,3.09429,nan,0.307998,0.314183,0.314585,0.298953,0.304227,0.314183,0.304227,0.314585,0.298953,1,0,0.100639,0,0.0129232,-0.0484833,-0.0024947,0.268484,-0.137835,-0.0192018,-0.040176,-0.0016893,0.205472,-0.0674866,0.0129866,-0.0349654,-0.521563,12.1253,12.1365,0,36.8778
11.11,level,-0.452915,-0.507414,-0.0871555,0.0456657,0,0,0.226131,0.0644267,-0.00905668,0.613277,0.753277,2.34317,3.0996,nan,0.308199,0.31454,0.314687,0.300014,0.303515,0.31454,0.303515,0.314687,0.300014,1,0,0.0984783,0,0.00889532,-0.0486927,-0.00160322,0.261548,-0.137155,-0.0192018,-0.040176,-0.0016893,0.226848,-0.0676901,0.0100089,-0.0733945,-0.615587,12.179,12.1948,0,36.9192
11.12,level,-0.450764,-0.507958,-0.0845568,0.0453915,0,0,0.244509,0.0649107,-0.00776854,0.612724,0.752724,2.37428,3.12299,nan,0.308378,0.314008,0.315396,0.300653,0.30342,0.314008,0.30342,0.315396,0.300653,1,0,0.0960655,0,0.0036601,-0.0479956,-0.0018261,0.25382,-0.136321,-0.0191884,-0.0401821,-0.00169281,0.260449,-0.0666424,0.0263729,-0.0778725,-0.562335,12.1595,12.1728,0,36.9624
11.13,level,-0.448443,-0.508509,-0.0819516,0.0451867,0,0,0.259378,0.065164,-0.00836111,0.61216,0.75216,2.35536,3.10985,nan,0.308534,0.312118,0.317708,0.300615,0.303667,0.312118,0.303667,0.317708,0.300615,1,0,0.0936848,0,-0.00673407,-0.0484007,-0.00379793,0.246025,-0.135698,-0.0191884,-0.0401821,-0.00169281,0.265705,-0.0649273,0.0120266,-0.120672,-0.498954,12.1863,12.1971,0,37.0041
11.14,level,-0.445993,-0.50906,-0.0790592,0.0449182,0,0,0.270522,0.0652504,-0.00908619,0.611586,0.751586,2.38658,3.13334,nan,0.308668,0.312424,0.317625,0.301276,0.303322,0.312424,0.303322,0.317625,0.301276,1,0,0.0910432,0,-0.00836826,-0.048226,-0.003185,0.237395,-0.134878,-0.0191727,-0.0401893,-0.00169695,0.286258,-0.0611403,0.0142748,-0.117672,-0.528111,12.1648,12.1768,0,37.0494
11.15,level,-0.443452,-0.50961,-0.0762379,0.0447447,0,0,0.278098,0.0651658,-0.00901189,0.611004,0.751004,2.36103,3.11549,nan,0.308778,0.313105,0.317451,0.302256,0.302282,0.313105,0.302282,0.317451,0.302256,1,0,0.0885196,0,-0.011457,-0.0493001,-0.00192151,0.228949,-0.13436,-0.0191727,-0.0401893,-0.00169695,0.288769,-0.0678614,0.0148326,0.00611292,-0.396759,12.2288,12.2353,0,37.0934
11.16,level,-0.440852,-0.510157,-0.0731969,0.0444618,0,0,0.28219,0.064957,-0.00972739,0.610415,0.750415,2.3923,3.13914,nan,0.308867,0.313186,0.317017,0.303392,0.301857,0.313186,0.301857,0.317017,0.303392,1,0,0.0857524,0,-0.0142342,-0.0472826,-0.00100875,0.219836,-0.133503,-0.0191593,-0.0401955,-0.00170049,0.286029,-0.0663512,0.000841155,-0.0042608,-0.543848,12.149,12.1612,0,37.1383
11.17,level,-0.438229,-0.5107,-0.0703036,0.044275,0,0,0.283122,0.0646078,-0.0100736,0.609821,0.749821,2.37684,3.12894,nan,0.308934,0.312325,0.318312,0.302574,0.302514,0.312325,0.302514,0.318312,0.302574,1,0,0.0831946,0,-0.0160397,-0.0484102,-0.00260512,0.211164,-0.132939,-0.0191593,-0.0401955,-0.00170049,0.281643,-0.069104,0.00906221,0.000707551,-0.541314,12.1526,12.1647,0,37.1811
11.18,level,-0.435609,-0.511241,-0.0672227,0.0440075,0,0,0.281035,0.0640841,-0.00959909,0.609224,0.749224,2.40825,3.15284,nan,0.308982,0.312473,0.318224,0.302533,0.302692,0.312473,0.302692,0.318224,0.302533,1,0,0.0804578,0,-0.0148335,-0.0482646,-0.0025972,0.201933,-0.132117,-0.0191429,-0.0402032,-0.00170488,0.280089,-0.0611809,0.0135726,-0.0497729,-0.578036,12.2152,12.229,0,37.2266
11.19,level,-0.43302,-0.511779,-0.064403,0.0438703,0,0,0.27625,0.0635162,-0.00961404,0.608624,0.748624,2.38369,3.13592,nan,0.309013,0.312617,0.318366,0.302711,0.302354,0.312617,0.302354,0.318366,0.302711,1,0,0.0780322,0,-0.0161961,-0.0491112,-0.00236974,0.193481,-0.131698,-0.0191429,-0.0402032,-0.00170488,0.277099,-0.0610627,0.0168579,-0.0323041,-0.632941,12.1998,12.2163,0,37.2693
11.2,level,-0.430487,-0.512313,-0.0614162,0.0436178,0,0,0.269371,0.0628788,-0.00999727,0.608022,0.748022,2.41517,3.15968,nan,0.309029,0.312003,0.319061,0.302606,0.302442,0.312003,0.302442,0.319061,0.302606,1,0,0.0754404,0,-0.0191568,-0.0492952,-0.00302994,0.184523,-0.130937,-0.0191343,-0.0402072,-0.00170717,0.269817,-0.0627923,0.0197008,-0.0487164,-0.630429,12.0921,12.1087,0,37.3138
11.21,level,-0.428029,-0.512841,-0.0586193,0.0433833,0,0,0.260671,0.0621336,-0.0101573,0.60742,0.74742,2.41856,3.16289,nan,0.309031,0.312375,0.318429,0.302857,0.302465,0.312375,0.302465,0.318429,0.302857,1,0,0.0730376,0,-0.0170976,-0.0482833,-0.00248862,0.176141,-0.130225,-0.0191343,-0.0402072,-0.00170717,0.269085,-0.0602969,0.00492412,0.081892,-0.456145,12.1951,12.2039,0,37.3542
11.22,level,-0.425666,-0.51336,-0.0557947,0.043136,0,0,0.250539,0.0611944,-0.00988839,0.606818,0.746818,2.4503,3.18663,nan,0.309023,0.312251,0.318786,0.302578,0.302482,0.312251,0.302482,0.318786,0.302578,1,0,0.0706207,0,-0.017587,-0.0492202,-0.00283036,0.167666,-0.129506,-0.0191147,-0.0402165,-0.00171245,0.260702,-0.079239,0.015958,0.0283524,-0.435142,12.1636,12.1714,0,37.397
11.23,level,-0.423405,-0.513873,-0.0533344,0.0430166,0,0,0.23927,0.0601372,-0.00986039,0.606217,0.746217,2.41916,3.16468,nan,0.309008,0.312552,0.318366,0.302741,0.302376,0.312552,0.302376,0.318366,0.302741,1,0,0.0686064,0,-0.0163889,-0.0488872,-0.00239483,0.160269,-0.129103,-0.0191147,-0.0402165,-0.00171245,0.244624,-0.0528355,0.0156399,-0.026951,-0.623875,12.2152,12.2311,0,37.4354
11.24,level,-0.421258,-0.514376,-0.0507591,0.0427992,0,0,0.227351,0.0590873,-0.0093313,0.605618,0.745618,2.45093,3.18824,nan,0.308987,0.313662,0.317434,0.303409,0.301448,0.313662,0.301448,0.317434,0.303409,1,0,0.0664703,0,-0.015208,-0.0497169,-0.000795797,0.152529,-0.128468,-0.0191059,-0.0402208,-0.00171485,0.229094,-0.0666711,0.0127921,-0.00933478,-0.545021,12.2234,12.2355,0,37.476
11.25,level,-0.41923,-0.514871,-0.0483714,0.0426569,0,0,0.214974,0.0582249,-0.0101909,0.605019,0.745019,2.45507,3.1918,nan,0.308962,0.31271,0.318156,0.30257,0.302419,0.31271,0.302419,0.318156,0.30257,1,0,0.0645853,0,-0.0148462,-0.049032,-0.00232761,0.145372,-0.128029,-0.0191059,-0.0402208,-0.00171485,0.227563,-0.0613659,0.0180292,-0.000710794,-0.629507,12.2463,12.2625,0,37.5165
11.26,level,-0.417327,-0.515356,-0.0460297,0.0424457,0,0,0.202429,0.0572061,-0.0100124,0.604423,0.744423,2.48711,3.21539,nan,0.308936,0.311975,0.318765,0.302064,0.302945,0.311975,0.302945,0.318765,0.302064,1,0,0.0626778,0,-0.0156751,-0.0487555,-0.00337159,0.138328,-0.127381,-0.019082,-0.0402324,-0.00172135,0.210133,-0.0536726,0.00503693,-0.0780618,-0.533103,12.18,12.1919,0,37.5552
11.27,level,-0.415545,-0.515834,-0.0441378,0.0424119,0,0,0.189922,0.0561285,-0.0107905,0.603828,0.743828,2.44611,3.18548,nan,0.308911,0.313078,0.317789,0.30261,0.302172,0.313078,0.302172,0.317789,0.30261,1,0,0.061289,0,-0.013659,-0.0494265,-0.00187782,0.132649,-0.127297,-0.019082,-0.0402324,-0.00172135,0.204361,-0.0675235,0.01808,-0.107744,-0.436833,12.1372,12.1456,0,37.5896
11.28,level,-0.413887,-0.516299,-0.0420449,0.0422373,0,0,0.177776,0.0551224,-0.0110564,0.603235,0.743235,2.47808,3.20866,nan,0.308889,0.312509,0.318249,0.301561,0.303239,0.312509,0.303239,0.318249,0.301561,1,0,0.0596685,0,-0.0107744,-0.0491845,-0.00326053,0.126347,-0.126752,-0.0190586,-0.0402439,-0.00172774,0.184858,-0.0551472,0.00678158,-0.102749,-0.573926,12.0733,12.0874,0,37.6274
11.29,level,-0.412348,-0.516755,-0.0403589,0.0422203,0,0,0.166066,0.0542078,-0.0110555,0.602643,0.742643,2.44026,3.18109,nan,0.308871,0.311618,0.318775,0.301027,0.304066,0.311618,0.304066,0.318775,0.301027,1,0,0.0584614,0,-0.0109244,-0.0479399,-0.00448177,0.121255,-0.126699,-0.0190586,-0.0402439,-0.00172774,0.159033,-0.0554447,0.0161511,-0.117113,-0.579082,12.0351,12.0496,0,37.6612
11.3,level,-0.410923,-0.517203,-0.0385149,0.0420568,0,0,0.154816,0.0535381,-0.0119407,0.602052,0.742052,2.47219,3.20433,nan,0.308859,0.311854,0.318669,0.300953,0.30396,0.311854,0.30396,0.318669,0.300953,1,0,0.0570912,0,-0.0101013,-0.048526,-0.00431653,0.115746,-0.126205,-0.0190431,-0.0402516,-0.00173201,0.170515,-0.0542264,0.0180319,-0.166577,-0.612898,12.1178,12.1345,0,37.6967
11.31,level,-0.409608,-0.517645,-0.0369475,0.0420098,0,0,0.144086,0.0531057,-0.0115623,0.601462,0.741462,2.45879,3.19425,nan,0.308853,0.314234,0.316257,0.303012,0.30191,0.314234,0.30191,0.316257,0.303012,1,0,0.0559947,0,-0.00828876,-0.0484474,-0.00040511,0.11103,-0.126053,-0.0190431,-0.0402516,-0.00173201,0.158818,-0.0479268,0.00883552,-0.0965663,-0.713201,12.1152,12.1366,0,37.7308
11.32,level,-0.408399,-0.518084,-0.035307,0.0418735,0,0,0.133943,0.0529217,-0.0120492,0.600871,0.740871,2.49085,3.21739,nan,0.308855,0.312966,0.317969,0.300946,0.30354,0.312966,0.30354,0.317969,0.300946,1,0,0.0548155,0,-0.00638976,-0.0501179,-0.00333888,0.106085,-0.125637,-0.0190223,-0.0402621,-0.00173778,0.139314,-0.0447415,0.0214854,-0.0718656,-0.708709,12.1406,12.1615,0,37.7661
11.33,level,-0.407287,-0.518523,-0.0340043,0.0418675,0,0,0.124499,0.0529601,-0.0122586,0.600281,0.740281,2.46312,3.19653,nan,0.308867,0.313353,0.317135,0.30153,0.303447,0.313353,0.303447,0.317135,0.30153,1,0,0.0539738,0,-0.00494754,-0.0483385,-0.00250457,0.102163,-0.125631,-0.0190223,-0.0402621,-0.00173778,0.128653,-0.0539516,0.0174432,-0.206315,-0.611978,11.9431,11.9605,0,37.7986
11.34,level,-0.406265,-0.518963,-0.0325666,0.0417283,0,0,0.115862,0.0531046,-0.011591,0.599689,0.739689,2.4952,3.21907,nan,0.308888,0.314569,0.316285,0.302092,0.3026,0.314569,0.3026,0.316285,0.302092,1,0,0.0529615,0,-0.00320349,-0.0495705,-0.00097737,0.0978514,-0.125215,-0.0189997,-0.0402737,-0.00174407,0.127198,-0.0558983,0.00845862,-0.0498694,-0.656204,12.0601,12.078,0,37.8322
11.35,level,-0.405328,-0.519404,-0.0314648,0.0417215,0,0,0.108007,0.053392,-0.0118492,0.599095,0.739095,2.46355,3.19504,nan,0.308919,0.312824,0.318083,0.300848,0.303914,0.312824,0.303914,0.318083,0.300848,1,0,0.0522909,0,-0.00581559,-0.0495389,-0.00365884,0.0945276,-0.1252,-0.0189997,-0.0402737,-0.00174407,0.113273,-0.0601949,0.00813271,-0.126763,-0.58273,12.0062,12.021,0,37.8629
11.36,level,-0.404466,-0.51985,-0.0301825,0.0415623,0,0,0.100851,0.0538294,-0.012377,0.598499,0.738499,2.49561,3.21722,nan,0.308962,0.313457,0.317223,0.301064,0.304093,0.313457,0.304093,0.317223,0.301064,1,0,0.0514079,0,-0.00195431,-0.0483615,-0.00298689,0.090684,-0.12473,-0.0189746,-0.0402867,-0.00175109,0.112715,-0.0657986,0.0147195,-0.0910206,-0.73418,11.9745,11.9973,0,37.8951
11.37,level,-0.403676,-0.520298,-0.0292431,0.0415528,0,0,0.0944345,0.0543997,-0.012746,0.5979,0.7379,2.45819,3.18888,nan,0.309015,0.313249,0.317209,0.301506,0.304085,0.313249,0.304085,0.317209,0.301506,1,0,0.0508483,0,-0.00366254,-0.0471189,-0.00287402,0.0878553,-0.124704,-0.0189746,-0.0402867,-0.00175109,0.104417,-0.0682239,0.0123241,0.00930808,-0.749862,11.9847,12.0082,0,37.9246
11.38,level,-0.402951,-0.52075,-0.0280901,0.0413698,0,0,0.0887124,0.0549495,-0.0133619,0.597297,0.737297,2.49019,3.21084,nan,0.309079,0.313509,0.317186,0.301281,0.304326,0.313509,0.304326,0.317186,0.301281,1,0,0.0500305,0,-0.00167673,-0.0475373,-0.00295433,0.0843833,-0.12414,-0.01896,-0.0402945,-0.00175523,0.0939292,-0.059042,0.00876039,-0.101972,-0.670043,11.9532,11.9724,0,37.9554
11.39,level,-0.402284,-0.521204,-0.0271481,0.0412877,0,0,0.0836897,0.055489,-0.0134878,0.596689,0.736689,2.48211,3.20343,nan,0.309155,0.313312,0.317327,0.30136,0.304604,0.313312,0.304604,0.317327,0.30136,1,0,0.0494504,0,-0.00204648,-0.046757,-0.00319035,0.0815744,-0.123908,-0.01896,-0.0402945,-0.00175523,0.103718,-0.0689709,0.00918669,0.0103446,-0.59006,11.9314,11.946,0,37.9855
11.4,level,-0.401662,-0.521667,-0.0260642,0.0411083,0,0,0.0792141,0.0559245,-0.0116526,0.596075,0.736075,2.51426,3.22532,nan,0.309241,0.313457,0.318139,0.300694,0.304656,0.313457,0.304656,0.318139,0.300694,1,0,0.0487022,0,-0.00191022,-0.0497303,-0.00379943,0.0782977,-0.123337,-0.0189427,-0.0403039,-0.00176015,0.0845074,-0.0477357,0.0255281,-0.0741221,-0.583958,11.9557,11.9702,0,38.0175
11.41,level,-0.401076,-0.522138,-0.0252582,0.041048,0,0,0.0752429,0.056284,-0.0118478,0.595456,0.735456,2.49964,3.213,nan,0.309338,0.314142,0.317753,0.300927,0.30451,0.314142,0.30451,0.317753,0.300927,1,0,0.0482151,0,-7.62257e-05,-0.0501343,-0.00316173,0.0758686,-0.123178,-0.0189427,-0.0403039,-0.00176015,0.0763166,-0.0623973,0.01789,0.0461863,-0.545477,11.9955,12.008,0,38.047
11.42,level,-0.400531,-0.522611,-0.0242857,0.0408415,0,0,0.0718395,0.0566677,-0.0121775,0.594829,0.734829,2.53188,3.23446,nan,0.309445,0.3145,0.317212,0.30149,0.304558,0.3145,0.304558,0.317212,0.30149,1,0,0.0475428,0,0.00094612,-0.0486287,-0.00254037,0.072955,-0.122563,-0.0189163,-0.0403184,-0.00176771,0.0775948,-0.0657074,0.00618212,0.0313426,-0.647259,11.8527,11.8704,0,38.0766
11.43,level,-0.400021,-0.523085,-0.0236683,0.040866,0,0,0.0689859,0.0569951,-0.0129104,0.594195,0.734195,2.49354,3.20443,nan,0.309562,0.313071,0.319012,0.300185,0.305958,0.313071,0.305958,0.319012,0.300185,1,0,0.0472459,0,-0.000447388,-0.04915,-0.0051482,0.0710824,-0.122631,-0.0189163,-0.0403184,-0.00176771,0.0628846,-0.0628078,0.0130936,0.146259,-0.684057,11.8256,11.8462,0,38.1059
11.44,level,-0.399537,-0.523563,-0.0227632,0.0406621,0,0,0.0666303,0.0573281,-0.0125045,0.593553,0.733553,2.52569,3.22571,nan,0.309689,0.313633,0.31866,0.300316,0.30612,0.313633,0.30612,0.31866,0.300316,1,0,0.046621,0,0.0020615,-0.0489946,-0.00476033,0.0683733,-0.122021,-0.018905,-0.0403247,-0.00177096,0.0652862,-0.064438,0.0212767,-0.00581811,-0.717392,11.9479,11.9694,0,38.1354
11.45,level,-0.399072,-0.524047,-0.0219962,0.0405618,0,0,0.0646682,0.0576631,-0.0116987,0.592902,0.732902,2.52807,3.22521,nan,0.309823,0.314423,0.317968,0.301351,0.305523,0.314423,0.305523,0.317968,0.301351,1,0,0.0461585,0,0.00166298,-0.0483508,-0.00339177,0.0660716,-0.121724,-0.018905,-0.0403247,-0.00177096,0.0638157,-0.066942,0.013485,-0.0942869,-0.797336,11.9322,11.9592,0,38.1657
11.46,level,-0.398625,-0.524535,-0.0211484,0.0403504,0,0,0.0630584,0.0580409,-0.0117158,0.592242,0.732242,2.56043,3.24631,nan,0.309966,0.314236,0.318094,0.301921,0.305585,0.314236,0.305585,0.318094,0.301921,1,0,0.0455815,0,-0.000517023,-0.0470385,-0.00330618,0.0635346,-0.121094,-0.0188782,-0.0403402,-0.00177877,0.0669584,-0.069667,0.0100942,-0.0848127,-0.701964,11.84,11.8611,0,38.1944
11.47,level,-0.398196,-0.525026,-0.0206338,0.0403683,0,0,0.0618093,0.0588843,-0.0123355,0.591572,0.731572,2.52221,3.21587,nan,0.310119,0.314416,0.318688,0.302095,0.305247,0.314416,0.305247,0.318688,0.302095,1,0,0.0453455,0,-0.00296871,-0.0488145,-0.00326294,0.0619896,-0.12114,-0.0188782,-0.0403402,-0.00177877,0.0651895,-0.065375,0.0134942,0.0525567,-0.569949,11.9453,11.959,0,38.2231
11.48,level,-0.397784,-0.525527,-0.0197754,0.0401709,0,0,0.0606518,0.0603816,-0.0124596,0.590892,0.730892,2.55447,3.23651,nan,0.310284,0.314216,0.319178,0.301326,0.30638,0.314216,0.30638,0.319178,0.301326,1,0,0.0447953,0,0.000245661,-0.0486749,-0.00440257,0.0594091,-0.120541,-0.0188619,-0.0403497,-0.00178353,0.0605852,-0.0606078,0.00981646,0.061495,-0.68261,11.8144,11.8343,0,38.2543
11.49,level,-0.397385,-0.526045,-0.0191412,0.0400827,0,0,0.0596832,0.06245,-0.0124486,0.5902,0.7302,2.54436,3.22633,nan,0.310459,0.314602,0.318874,0.301587,0.306737,0.314602,0.306737,0.318874,0.301587,1,0,0.0444587,0,0.00233043,-0.0476587,-0.00414077,0.0575285,-0.120298,-0.0188619,-0.0403497,-0.00178353,0.0736649,-0.0760196,0.0256422,0.135254,-0.820669,11.9238,11.9528,0,38.2841
11.5,level,-0.397001,-0.526584,-0.0183071,0.0398153,0,0,0.0586376,0.0646368,-0.0120459,0.589496,0.729496,2.57673,3.2472,nan,0.310646,0.31451,0.318913,0.302648,0.306474,0.31451,0.306474,0.318913,0.302648,1,0,0.0438375,0,-0.00152857,-0.0460444,-0.00361713,0.055019,-0.119472,-0.0188408,-0.0403624,-0.0017898,0.068012,-0.059571,0.0156183,-0.0481513,-0.798341,11.8348,11.8618,0,38.3137
11.51,level,-0.396634,-0.527141,-0.0177414,0.0397091,0,0,0.0573378,0.066844,-0.0135656,0.588779,0.728779,2.55409,3.22766,nan,0.310844,0.314089,0.320161,0.301897,0.307189,0.314089,0.307189,0.320161,0.301897,1,0,0.0435264,0,-0.00207054,-0.0476788,-0.004995,0.0533335,-0.119171,-0.0188408,-0.0403624,-0.0017898,0.0747611,-0.0721449,0.0156981,-0.0617066,-0.712295,11.8325,11.854,0,38.3432
11.52,level,-0.396292,-0.527716,-0.0169255,0.0393981,0,0,0.0558162,0.0689102,-0.0133814,0.588048,0.728048,2.58647,3.24794,nan,0.311056,0.314549,0.320152,0.302179,0.307298,0.314549,0.307298,0.320152,0.302179,1,0,0.0429141,0,-0.00128512,-0.0477937,-0.004713,0.0508662,-0.118247,-0.0188134,-0.0403793,-0.00179798,0.060594,-0.077903,0.0134141,0.0769415,-0.684013,11.8039,11.8239,0,38.373
11.53,level,-0.39597,-0.528308,-0.0164769,0.0393042,0,0,0.0541841,0.0706731,-0.0135801,0.587303,0.727303,2.54782,3.21662,nan,0.31128,0.314064,0.320503,0.30212,0.308385,0.314064,0.308385,0.320503,0.30212,1,0,0.0426465,0,-0.000461543,-0.0455948,-0.00558377,0.0495045,-0.117956,-0.0188134,-0.0403793,-0.00179798,0.0489926,-0.0720404,0.0198372,0.0263474,-0.794463,11.8558,11.8824,0,38.4019
11.54,level,-0.395668,-0.528916,-0.0157148,0.0389307,0,0,0.0524782,0.0720092,-0.0130876,0.586542,0.726542,2.58009,3.23691,nan,0.311516,0.31548,0.319709,0.303348,0.307479,0.31548,0.307479,0.319709,0.303348,1,0,0.0420213,0,-0.000261758,-0.0461619,-0.00367441,0.0472338,-0.116849,-0.0187925,-0.0403926,-0.00180431,0.0587005,-0.0810219,0.00708093,-0.0244306,-0.703791,11.7592,11.7803,0,38.4297
11.55,level,-0.395387,-0.529534,-0.0282214,0.0287266,0,0,0.0506864,0.07305,-0.0136256,0.585766,0.725766,2.55716,3.21808,nan,0.311763,0.315799,0.31926,0.302834,0.309111,0.315799,0.309111,0.31926,0.302834,1,0,0.0403068,0,0.00747079,-0.0437974,-0.00427975,0.0847396,-0.0862325,-0.0178287,-0.0397632,-0.00188289,0.0511452,-0.0717362,0.0186713,0.106885,-0.723313,11.7801,11.8027,0,37.5541
11.56,level,-0.395124,-0.530157,-0.0454048,0.0133673,0,0,0.0500147,0.0730025,-0.0135266,0.584972,0.724972,2.58844,3.23976,nan,0.312022,0.316939,0.317309,0.303361,0.310424,0.316939,0.310424,0.317309,0.303361,1,0,0.0473518,0,0.0177563,-0.0387721,-0.00326667,0.136302,-0.0401669,-0.0165049,-0.0388213,-0.00196145,0.055838,-0.0762517,0.0138208,0.083343,-0.753644,11.7935,11.8179,0,36.2834
11.57,level,-0.394855,-0.53077,-0.0485749,0.0088959,0,0,0.0517241,0.0707642,-0.0140262,0.584161,0.724161,2.56446,3.21982,nan,0.31229,0.315556,0.318354,0.302764,0.31243,0.315556,0.31243,0.318354,0.302764,1,0,0.0494311,0,0.0182167,-0.0354621,-0.00547838,0.145821,-0.0267559,-0.0162372,-0.0385523,-0.00194404,0.0602904,-0.0799376,0.0206792,-0.0557217,-0.658209,11.7566,11.7752,0,35.9905
11.58,level,-0.394549,-0.531351,-0.0505074,0.00620604,0,0,0.055987,0.0659745,-0.0137856,0.583331,0.723331,2.59664,3.24005,nan,0.312566,0.317081,0.317353,0.304224,0.311548,0.317081,0.311548,0.317353,0.304224,1,0,0.0509233,0,0.0187084,-0.0353614,-0.00333909,0.151615,-0.0186823,-0.0160349,-0.0384076,-0.00195533,0.0581047,-0.0782024,0.0165702,0.065268,-0.648791,11.8706,11.8885,0,35.8188
11.59,level,-0.394179,-0.531877,-0.0497786,0.00601857,0,0,0.0622598,0.0589855,-0.0140857,0.582483,0.722483,2.56125,3.21083,nan,0.312848,0.318297,0.317013,0.305237,0.310787,0.318297,0.310787,0.317013,0.305237,1,0,0.0501733,0,0.0181276,-0.0365441,-0.00187483,0.149426,-0.0180924,-0.0160349,-0.0384076,-0.00195533,0.0559374,-0.0598156,0.0113615,0.0996455,-0.842045,11.7215,11.7521,0,35.8487
11.6,level,-0.393724,-0.53233,-0.0489162,0.00582109,0,0,0.0698327,0.0504626,-0.0138615,0.581616,0.721616,2.59346,3.23077,nan,0.313134,0.317794,0.318414,0.304751,0.311519,0.317794,0.311519,0.318414,0.304751,1,0,0.0493056,0,0.0163077,-0.0377782,-0.00324705,0.146865,-0.0174989,-0.0160317,-0.0384102,-0.00195426,0.0725215,-0.059926,0.0231254,-0.0531904,-0.699307,11.6968,11.7178,0,35.8766
11.61,level,-0.393167,-0.532701,-0.050532,0.00347841,0,0,0.0782179,0.0410641,-0.0140409,0.58073,0.72073,2.58493,3.22136,nan,0.31342,0.317954,0.31899,0.305057,0.311623,0.317954,0.311623,0.31899,0.305057,1,0,0.0507027,0,0.014669,-0.0383977,-0.00334103,0.151751,-0.0104425,-0.0158492,-0.0382652,-0.0019639,0.0988259,-0.0418378,0.0168481,0.152445,-0.738654,11.7913,11.8154,0,35.7148
11.62,level,-0.392502,-0.532982,-0.0505033,0.0030618,0,0,0.0869983,0.0308453,-0.01377,0.579825,0.719825,2.61715,3.24118,nan,0.313704,0.317629,0.320016,0.30459,0.312523,0.317629,0.312523,0.320016,0.30459,1,0,0.0506368,0,0.0147114,-0.0389052,-0.00453585,0.151638,-0.00917303,-0.0157685,-0.0382428,-0.00198364,0.0806883,-0.0290085,0.0172987,0.0868213,-0.796174,11.7706,11.7978,0,35.6902
11.63,level,-0.391725,-0.533167,-0.0499691,0.00244987,0,0,0.0957808,0.0202298,-0.0147744,0.578901,0.718901,2.59722,3.22335,nan,0.313981,0.318386,0.319962,0.305629,0.311892,0.318386,0.311892,0.319962,0.305629,1,0,0.0500829,0,0.0124318,-0.0394641,-0.00344552,0.150076,-0.00732659,-0.0157336,-0.0381945,-0.00197393,0.107225,-0.0217435,0.00686425,0.0751476,-0.684611,11.7984,11.8185,0,35.6664
11.64,level,-0.390841,-0.533251,-0.0487651,0.00266673,0,0,0.104342,0.0094994,-0.0143828,0.577959,0.717959,2.62956,3.24335,nan,0.314248,0.317979,0.321638,0.30537,0.311955,0.317979,0.311955,0.321638,0.30537,1,0,0.0488928,0,0.00776242,-0.042239,-0.00450224,0.146459,-0.00795373,-0.0157305,-0.0381976,-0.0019702,0.103308,-0.00645475,0.015386,0.140547,-0.715816,11.7193,11.742,0,35.6954
11.65,level,-0.389847,-0.533237,-0.0484973,0.00200778,0,0,0.112239,-0.00115268,-0.0138475,0.577,0.717,2.59071,3.21176,nan,0.314504,0.319523,0.320759,0.306547,0.311135,0.319523,0.311135,0.320759,0.306547,1,0,0.0486091,0,0.00889092,-0.0428205,-0.00255983,0.145676,-0.00597033,-0.015665,-0.0381319,-0.00196588,0.116796,-0.00232222,0.0134525,0.0324932,-0.84538,11.842,11.8721,0,35.645
11.66,level,-0.388755,-0.533127,-0.0492012,0.00300166,0,0,0.119477,-0.0112615,-0.0146459,0.576024,0.716024,2.62261,3.23132,nan,0.314744,0.318295,0.322778,0.305777,0.312081,0.318295,0.312081,0.322778,0.305777,1,0,0.0493587,0,0.0048311,-0.0439884,-0.00474124,0.147798,-0.00893421,-0.0154834,-0.0381787,-0.00207073,0.12442,0.00989211,0.0176946,0.0355904,-0.693494,11.7387,11.7593,0,35.6303
11.67,level,-0.387574,-0.532925,-0.049834,0.00250321,0,0,0.126004,-0.0205333,-0.0154322,0.575033,0.715033,2.61076,3.21961,nan,0.314968,0.317626,0.324231,0.305272,0.312702,0.317626,0.312702,0.324231,0.305272,1,0,0.0499637,0,0.00218788,-0.0452533,-0.00616841,0.1497,-0.00742423,-0.0153271,-0.0381139,-0.00210484,0.126974,0.018951,0.0273587,0.084061,-0.761008,11.7251,11.75,0,35.5429
11.68,level,-0.386315,-0.53264,-0.0506654,0.0014535,0,0,0.13163,-0.0288729,-0.015357,0.574027,0.714027,2.64296,3.23972,nan,0.315174,0.318728,0.323495,0.30633,0.312105,0.318728,0.312105,0.323495,0.30633,1,0,0.0507497,0,0.00267332,-0.0450753,-0.00463341,0.152207,-0.00426113,-0.0151542,-0.0380125,-0.00211844,0.136402,0.0278544,0.0251192,0.0727845,-0.833966,11.8963,11.9258,0,35.4173
11.69,level,-0.384985,-0.532283,-0.0506176,0.00140261,0,0,0.136479,-0.03624,-0.0152811,0.573009,0.713009,2.62341,3.22223,nan,0.315361,0.31883,0.323828,0.306548,0.312205,0.31883,0.312205,0.323828,0.306548,1,0,0.0507027,0,0.00174548,-0.0452937,-0.00468279,0.152062,-0.00410084,-0.0150431,-0.0379673,-0.00214377,0.135067,0.0334368,0.0155461,0.0307521,-0.84774,11.7526,11.7831,0,35.3622
11.7,level,-0.383595,-0.531862,-0.0518307,0.000830091,0,0,0.140621,-0.0426661,-0.0147451,0.571979,0.711979,2.65557,3.24218,nan,0.31553,0.31873,0.32455,0.30608,0.312727,0.31873,0.312727,0.32455,0.30608,1,0,0.051934,0,0.00219623,-0.0463716,-0.00547952,0.15573,-0.00238259,-0.0148283,-0.0378887,-0.00218899,0.155689,0.0333163,0.0212046,0.0525331,-0.732392,11.7575,11.7804,0,35.2359
11.71,level,-0.382154,-0.531386,-0.0509581,0.00171323,0,0,0.14404,-0.0480404,-0.0158561,0.570938,0.710938,2.6081,3.20452,nan,0.315678,0.319187,0.324736,0.306628,0.312132,0.319187,0.312132,0.324736,0.306628,1,0,0.0510636,0,-0.000121416,-0.047679,-0.00485797,0.153109,-0.00500917,-0.0147651,-0.037893,-0.00222512,0.152499,0.0491807,0.0201218,0.195799,-0.806512,11.7789,11.8081,0,35.243
11.72,level,-0.380677,-0.530862,-0.0510185,0.00150469,0,0,0.146607,-0.0522107,-0.0154694,0.569888,0.709888,2.64018,3.22467,nan,0.315806,0.321389,0.323038,0.308021,0.310753,0.321389,0.310753,0.323038,0.308021,1,0,0.0511242,0,0.00287506,-0.0486065,-0.00192555,0.153285,-0.0043742,-0.014639,-0.0378272,-0.00223508,0.149708,0.0556139,0.0151284,0.0852335,-0.771579,11.7575,11.7831,0,35.1653
11.73,level,-0.379172,-0.530303,-0.0504436,0.00223338,0,0,0.148462,-0.0553068,-0.0159664,0.56883,0.70883,2.61784,3.20539,nan,0.315916,0.319489,0.32498,0.306644,0.312531,0.319489,0.312531,0.32498,0.306644,1,0,0.0505615,0,0.00104878,-0.0479251,-0.00500092,0.151574,-0.00657117,-0.0145519,-0.037819,-0.0022752,0.158651,0.0491437,0.00821076,0.0956582,-0.83748,11.8169,11.8469,0,35.1497
11.74,level,-0.377647,-0.52972,-0.0487367,0.00314525,0,0,0.149621,-0.0573347,-0.0168172,0.567765,0.707765,2.65,3.22552,nan,0.316007,0.32037,0.324685,0.307597,0.311361,0.32037,0.311361,0.324685,0.307597,1,0,0.0489123,0,-0.00146073,-0.049451,-0.00355085,0.146446,-0.00931475,-0.0145523,-0.0378196,-0.00227098,0.152896,0.04423,0.00909408,0.0885034,-0.978018,11.8854,11.9259,0,35.1787
11.75,level,-0.376115,-0.529119,-0.0470608,0.00409657,0,0,0.150041,-0.0583791,-0.0170185,0.566695,0.706695,2.63921,3.21446,nan,0.316082,0.319001,0.326422,0.305829,0.313061,0.319001,0.313061,0.326422,0.305829,1,0,0.0473115,0,-0.000502803,-0.0502737,-0.00644084,0.141407,-0.0121498,-0.0145523,-0.0378196,-0.00227098,0.144417,0.0568648,0.0179007,0.0200216,-0.915281,11.8154,11.8508,0,35.2076
11.76,level,-0.374582,-0.528513,-0.046918,0.00385287,0,0,0.149763,-0.0585147,-0.017221,0.565621,0.705621,2.67143,3.23473,nan,0.31614,0.3193,0.325817,0.307407,0.312027,0.3193,0.312027,0.325817,0.307407,1,0,0.0471449,0,-0.00503342,-0.0486648,-0.00489548,0.141001,-0.0114188,-0.0144437,-0.0377453,-0.00226346,0.159184,0.0570039,0.0122803,0.0636581,-0.91238,11.7759,11.8114,0,35.13
11.77,level,-0.373055,-0.527908,-0.0452539,0.0047855,0,0,0.148842,-0.0580045,-0.0167015,0.564543,0.704543,2.64612,3.21308,nan,0.316185,0.319272,0.326148,0.307269,0.312042,0.319272,0.312042,0.326148,0.307269,1,0,0.045571,0,-0.00558103,-0.0494705,-0.00511978,0.13601,-0.0142295,-0.0144437,-0.0377453,-0.00226346,0.159205,0.0482234,0.0254713,0.0551858,-0.821296,11.8196,11.8482,0,35.1575
11.78,level,-0.371542,-0.527312,-0.0470139,0.00411211,0,0,0.147278,-0.0569408,-0.0165575,0.563463,0.703463,2.67823,3.23331,nan,0.316216,0.318478,0.326709,0.306261,0.313411,0.318478,0.313411,0.326709,0.306261,1,0,0.0472813,0,-0.00286747,-0.0483441,-0.00676053,0.141296,-0.012205,-0.0141828,-0.0376485,-0.0023238,0.164375,0.0511377,0.0208817,0.0206106,-0.920799,11.7179,11.7541,0,34.9975
11.79,level,-0.370049,-0.526728,-0.0453581,0.00503648,0,0,0.145268,-0.0553993,-0.0164391,0.562381,0.702381,2.6629,3.21881,nan,0.316236,0.319212,0.326015,0.306892,0.312824,0.319212,0.312824,0.326015,0.306892,1,0,0.0457173,0,-0.00230958,-0.0483386,-0.00559788,0.136324,-0.0149689,-0.0141828,-0.0376485,-0.0023238,0.160619,0.0579716,0.0142576,0.0592531,-0.86372,11.8162,11.8479,0,35.0263
11.8,level,-0.368582,-0.52616,-0.04631,0.00459275,0,0,0.143019,-0.0535368,-0.0168051,0.561298,0.701298,2.69512,3.23882,nan,0.316248,0.320256,0.325287,0.307226,0.31222,0.320256,0.31222,0.325287,0.307226,1,0,0.0465852,0,-0.000100661,-0.0494489,-0.00440657,0.13915,-0.0136521,-0.0139923,-0.0375661,-0.00235065,0.141875,0.048479,0.0104256,-0.0114652,-0.852952,11.6516,11.6828,0,34.9069
11.81,level,-0.367146,-0.525609,-0.0457556,0.00475388,0,0,0.140666,-0.0512389,-0.0177332,0.560215,0.700215,2.65111,3.20337,nan,0.316251,0.319431,0.326333,0.305959,0.313282,0.319431,0.313282,0.326333,0.305959,1,0,0.0460706,0,0.00111615,-0.0502568,-0.00625227,0.137485,-0.014157,-0.0139212,-0.0375202,-0.00235048,0.140003,0.0341156,0.0117755,0.00197555,-0.885722,11.6896,11.7231,0,34.8674
11.82,level,-0.36574,-0.525079,-0.0471175,0.00407704,0,0,0.138421,-0.0487215,-0.0172333,0.559132,0.699132,2.68317,3.2232,nan,0.316248,0.320328,0.324975,0.307413,0.312277,0.320328,0.312277,0.324975,0.307413,1,0,0.0473719,0,0.000574894,-0.0485307,-0.00418031,0.141571,-0.012108,-0.013705,-0.0374261,-0.00238693,0.141152,0.046408,0.00970611,0.0549783,-0.888029,11.6974,11.7311,0,34.7274
11.83,level,-0.36436,-0.524574,-0.0465471,0.00410826,0,0,0.136357,-0.046195,-0.0174282,0.558049,0.698049,2.65697,3.20084,nan,0.316241,0.320966,0.324416,0.308627,0.310957,0.320966,0.310957,0.324416,0.308627,1,0,0.0467844,0,-0.00296959,-0.0488815,-0.00254041,0.139842,-0.0122222,-0.0136395,-0.0373739,-0.00237697,0.129354,0.0316181,0.0333954,0.0457942,-0.869547,11.6829,11.7153,0,34.6862
11.84,level,-0.363011,-0.52409,-0.0470168,0.0035228,0,0,0.134299,-0.0436411,-0.0185647,0.556966,0.696966,2.68906,3.22064,nan,0.31623,0.318979,0.326017,0.3064,0.313528,0.318979,0.313528,0.326017,0.3064,1,0,0.0472207,0,0.00024083,-0.0474987,-0.00622662,0.141266,-0.0104642,-0.0134997,-0.0372873,-0.00237314,0.139092,0.033284,0.0167248,0.0106215,-0.942485,11.7445,11.7822,0,34.5839
11.85,level,-0.361686,-0.523629,-0.0465637,0.00354661,0,0,0.132501,-0.0412328,-0.0176578,0.555885,0.695885,2.65557,3.19275,nan,0.316218,0.31951,0.32534,0.306571,0.313453,0.31951,0.313453,0.32534,0.306571,1,0,0.046764,0,0.00278984,-0.0470404,-0.00558724,0.139908,-0.0105365,-0.0134266,-0.0372386,-0.0023721,0.139815,0.0324865,0.0225512,0.017129,-0.953274,11.779,11.8175,0,34.5421
11.86,level,-0.360381,-0.523191,-0.0483244,0.00294955,0,0,0.130912,-0.0390824,-0.0180513,0.554804,0.694804,2.68753,3.21223,nan,0.316204,0.320585,0.324348,0.307506,0.312382,0.320585,0.312382,0.324348,0.307506,1,0,0.0484765,0,0.00295307,-0.047455,-0.00379718,0.145175,-0.00873524,-0.0131781,-0.0371558,-0.00244335,0.130873,0.038928,0.0249194,0.164573,-0.960386,11.7822,11.8225,0,34.3999
11.87,level,-0.3591,-0.52277,-0.0483389,0.00242894,0,0,0.129608,-0.0372,-0.0183972,0.553724,0.693724,2.65366,3.18386,nan,0.316191,0.319858,0.324945,0.30692,0.313044,0.319858,0.313044,0.324945,0.30692,1,0,0.0484666,0,0.00275237,-0.0470638,-0.00492808,0.145221,-0.00718767,-0.0130799,-0.0370754,-0.00242364,0.13272,0.029645,0.0151937,0.133491,-0.979994,11.7737,11.8152,0,34.321
11.88,level,-0.357833,-0.522365,-0.0494575,0.00139012,0,0,0.128804,-0.0355744,-0.0179787,0.552645,0.692645,2.68558,3.20318,nan,0.316178,0.320754,0.323849,0.307725,0.312388,0.320754,0.312388,0.323849,0.307725,1,0,0.0495516,0,0.00415987,-0.0464051,-0.00340971,0.148588,-0.00409556,-0.0129003,-0.0369666,-0.00242398,0.140922,0.0128534,0.0166243,0.211753,-0.951765,11.6767,11.7173,0,34.1828
11.89,level,-0.356574,-0.521974,-0.0496718,0.000930671,0,0,0.128468,-0.0344103,-0.0175866,0.551567,0.691567,2.65699,3.17846,nan,0.316167,0.319657,0.324803,0.30687,0.313341,0.319657,0.313341,0.324803,0.30687,1,0,0.0497437,0,0.00351524,-0.0459484,-0.00510604,0.149209,-0.00269484,-0.0127832,-0.0368944,-0.00242742,0.126464,0.0271531,0.0251081,0.154874,-0.97659,11.7285,11.7701,0,34.1021
11.9,level,-0.355318,-0.521593,-0.0507993,-0.000296085,0,0,0.128484,-0.0337304,-0.0183667,0.55049,0.69049,2.68886,3.19775,nan,0.316158,0.320165,0.323951,0.307448,0.313068,0.320165,0.313068,0.323951,0.307448,1,0,0.0508624,0,0.00486617,-0.0447163,-0.00413411,0.152591,0.000999688,-0.0126094,-0.0367749,-0.00241514,0.127259,0.0364961,0.0151926,0.112229,-1.00879,11.6925,11.7365,0,33.9567
11.91,level,-0.354066,-0.521212,-0.0511009,-0.000590518,0,0,0.128919,-0.0336029,-0.019377,0.549413,0.689413,2.67849,3.18613,nan,0.31615,0.321323,0.322958,0.308458,0.311862,0.321323,0.311862,0.322958,0.308458,1,0,0.0511755,0,0.00469141,-0.0453999,-0.00221487,0.153503,0.00187539,-0.0124797,-0.0367146,-0.00244248,0.132296,0.0307242,0.0261187,0.167311,-0.964846,11.5877,11.629,0,33.8812
11.92,level,-0.352813,-0.520827,-0.0520668,-0.00106023,0,0,0.129723,-0.0339006,-0.02008,0.548336,0.688336,2.71042,3.20506,nan,0.316144,0.320717,0.323521,0.30763,0.312711,0.320717,0.312711,0.323521,0.30763,1,0,0.0521402,0,0.00604112,-0.0452805,-0.00346507,0.156391,0.00328751,-0.0122996,-0.0366444,-0.00248906,0.126458,0.0325642,0.0237238,0.137734,-1.02373,11.6289,11.6747,0,33.7755
11.93,level,-0.351553,-0.520435,-0.0520908,-0.00127339,0,0,0.130849,-0.0347071,-0.0205863,0.54726,0.68726,2.66918,3.1706,nan,0.316141,0.320445,0.323756,0.307347,0.313014,0.320445,0.313014,0.323756,0.307347,1,0,0.0521722,0,0.00624943,-0.0451735,-0.00394608,0.156473,0.00392608,-0.0121922,-0.036588,-0.00250303,0.133747,0.032194,0.0172836,0.168347,-0.928003,11.4661,11.5049,0,33.7127
11.94,level,-0.350278,-0.520035,-0.0527059,-0.00204507,0,0,0.132346,-0.0356557,-0.0196997,0.546184,0.686184,2.70098,3.18924,nan,0.316139,0.318243,0.325886,0.305633,0.314794,0.318243,0.314794,0.325886,0.305633,1,0,0.0528127,0,0.00402864,-0.0449084,-0.00738602,0.158322,0.00625861,-0.0120506,-0.036496,-0.00249537,0.136482,0.0436232,0.0129148,0.203199,-0.992557,11.571,11.6153,0,33.604
11.95,level,-0.348978,-0.519631,-0.0525846,-0.00212691,0,0,0.134195,-0.0363547,-0.0188281,0.545108,0.685108,2.68471,3.17274,nan,0.31614,0.320589,0.323776,0.307259,0.312934,0.320589,0.312934,0.323776,0.307259,1,0,0.0526861,0,0.00659859,-0.0457999,-0.00389548,0.157946,0.00650687,-0.0119506,-0.0364456,-0.00251259,0.128632,0.0450956,0.0196926,0.247963,-0.983715,11.5763,11.6207,0,33.5502
11.96,level,-0.347658,-0.519222,-0.0536911,-0.00238726,0,0,0.136166,-0.0367949,-0.0185837,0.544032,0.684032,2.71652,3.19105,nan,0.316143,0.320882,0.323305,0.307953,0.312432,0.320882,0.312432,0.323305,0.307953,1,0,0.0538057,0,0.00545346,-0.0450994,-0.00303349,0.161288,0.0072694,-0.0117484,-0.036386,-0.00259306,0.144413,0.0323649,0.022248,0.215493,-0.958992,11.5836,11.6252,0,33.4467
11.97,level,-0.346315,-0.518811,-0.053533,-0.00247143,0,0,0.138287,-0.0369669,-0.0185678,0.542956,0.682956,2.67628,3.15713,nan,0.316149,0.320445,0.323692,0.307536,0.312923,0.320445,0.312923,0.323692,0.307536,1,0,0.0536637,0,0.00567635,-0.0448638,-0.00379469,0.160813,0.00751116,-0.0116497,-0.0363377,-0.00260945,0.143827,0.0252949,0.0207181,0.301603,-0.894778,11.4491,11.4879,0,33.3927
11.98,level,-0.344951,-0.5184,-0.0544019,-0.00332022,0,0,0.140434,-0.0369242,-0.018523,0.541879,0.681879,2.70795,3.17526,nan,0.316158,0.319765,0.324801,0.306984,0.313081,0.319765,0.313081,0.324801,0.306984,1,0,0.0545801,0,0.00281415,-0.0464247,-0.00489357,0.163414,0.0100609,-0.0114854,-0.0362415,-0.00261032,0.141116,0.0269171,0.0211959,0.302184,-0.920187,11.5385,11.579,0,33.2698
11.99,level,-0.34357,-0.517988,-0.0545013,-0.00337318,0,0,0.142434,-0.0366424,-0.0203437,0.540801,0.680801,2.68257,3.15181,nan,0.316169,0.319827,0.324308,0.307003,0.313535,0.319827,0.313535,0.324308,0.307003,1,0,0.0546936,0,0.00543868,-0.0447115,-0.00484028,0.163724,0.010226,-0.0113569,-0.0361949,-0.00265539,0.149386,0.0310464,0.0212087,0.279831,-0.984993,11.537,11.5823,0,33.2077
12,level,-0.342175,-0.517577,-0.0549671,-0.00406212,0,0,0.144473,-0.0361602,-0.0201129,0.539723,0.679723,2.71419,3.16964,nan,0.316181,0.320264,0.324061,0.307759,0.312636,0.320264,0.312636,0.324061,0.307759,1,0,0.0551927,0,0.00286344,-0.0453436,-0.00381244,0.165123,0.012303,-0.0112186,-0.0361097,-0.00264815,0.151123,0.0371602,0.0243112,0.265931,-0.97147,11.4917,11.5357,0,33.1045
12.01,level,-0.340759,-0.517172,-0.0547685,-0.00413668,0,0,0.146463,-0.0356368,-0.0194031,0.538644,0.678644,2.68134,3.14042,nan,0.316193,0.320056,0.323871,0.307974,0.31287,0.320056,0.31287,0.323871,0.307974,1,0,0.0549979,0,0.00286645,-0.0437375,-0.00382863,0.164517,0.0125176,-0.0111147,-0.0360616,-0.00267073,0.144578,0.0307149,0.0315164,0.342366,-0.893413,11.4674,11.5073,0,33.0507
12.02,level,-0.339326,-0.516772,-0.0554049,-0.00500478,0,0,0.148226,-0.0350483,-0.0201425,0.537564,0.677564,2.71285,3.15804,nan,0.316207,0.319128,0.325015,0.306385,0.314297,0.319128,0.314297,0.325015,0.306385,1,0,0.0556958,0,0.00537409,-0.0444557,-0.00606467,0.166427,0.0151223,-0.0109641,-0.0359638,-0.00265929,0.146251,0.0315192,0.0107243,0.299237,-0.866559,11.4926,11.5291,0,32.9336
12.03,level,-0.337877,-0.516378,-0.0549653,-0.00480452,0,0,0.149769,-0.034435,-0.0199986,0.536483,0.676483,2.69643,3.14059,nan,0.316221,0.320131,0.323896,0.307627,0.313228,0.320131,0.313228,0.323896,0.307627,1,0,0.0552488,0,0.00487192,-0.043907,-0.00411661,0.165103,0.0145291,-0.0108725,-0.0359339,-0.00269807,0.142006,0.0366197,0.0144514,0.213906,-0.96565,11.3877,11.4306,0,32.8998
12.04,level,-0.336419,-0.515988,-0.0555504,-0.00562388,0,0,0.151107,-0.0339258,-0.0207415,0.535401,0.675401,2.72794,3.15806,nan,0.316237,0.319799,0.32424,0.307569,0.313337,0.319799,0.313337,0.32424,0.307569,1,0,0.0559052,0,0.00351914,-0.0438316,-0.00448658,0.166869,0.0169661,-0.0107217,-0.0358408,-0.00269433,0.150069,0.0221876,0.00972087,0.329577,-0.91897,11.3821,11.4239,0,32.7863
12.05,level,-0.334951,-0.515601,-0.055298,-0.00572337,0,0,0.152263,-0.0334741,-0.0210964,0.534318,0.674318,2.71433,3.14267,nan,0.316253,0.319237,0.324692,0.307071,0.314008,0.319237,0.314008,0.324692,0.307071,1,0,0.0556787,0,0.00393219,-0.0432949,-0.00544701,0.166116,0.0172843,-0.0106194,-0.0357929,-0.00271731,0.152874,0.0348385,0.0189877,0.289666,-0.93521,11.4297,11.4716,0,32.7327
12.06,level,-0.333476,-0.515216,-0.0556877,-0.00628078,0,0,0.153154,-0.0331682,-0.0212382,0.533234,0.673234,2.74585,3.15968,nan,0.316268,0.318664,0.325481,0.306427,0.314497,0.318664,0.314497,0.325481,0.306427,1,0,0.0561181,0,0.00332258,-0.0439978,-0.00654324,0.167285,0.0189626,-0.0104773,-0.0357165,-0.00272804,0.153916,0.0380868,0.025406,0.304274,-0.931356,11.3489,11.3911,0,32.6375
12.07,level,-0.331992,-0.514835,-0.0557538,-0.00632297,0,0,0.153682,-0.0329574,-0.0206181,0.532149,0.672149,2.71521,3.13156,nan,0.316283,0.321027,0.323156,0.30888,0.312069,0.321027,0.312069,0.323156,0.30888,1,0,0.0561945,0,0.00281253,-0.0440242,-0.00233735,0.167489,0.0190822,-0.0103414,-0.0356713,-0.00278458,0.157639,0.0330636,0.0319984,0.357354,-1.00746,11.4061,11.4561,0,32.5762
12.08,level,-0.330508,-0.514456,-0.0566298,-0.0067045,0,0,0.153861,-0.0326706,-0.0214426,0.531062,0.671062,2.74663,3.1484,nan,0.316298,0.319676,0.324277,0.307396,0.313841,0.319676,0.313841,0.324277,0.307396,1,0,0.0571079,0,0.00489223,-0.0430419,-0.00485543,0.17012,0.020217,-0.0101487,-0.0356071,-0.00285954,0.160874,0.026816,0.0193865,0.343049,-0.998308,11.3875,11.4363,0,32.4733
12.09,level,-0.329026,-0.514077,-0.056522,-0.00702594,0,0,0.153926,-0.0324175,-0.0223976,0.529975,0.669975,2.73867,3.13654,nan,0.316312,0.320317,0.323778,0.308291,0.312858,0.320317,0.312858,0.323778,0.308291,1,0,0.0570578,0,0.00293386,-0.0434778,-0.0035286,0.169796,0.0211769,-0.0100391,-0.0355475,-0.00286739,0.160904,0.0233542,0.0264284,0.393852,-1.05314,11.3876,11.443,0,32.4055
12.1,level,-0.327549,-0.513698,-0.0571571,-0.00756885,0,0,0.153997,-0.0323364,-0.0221693,0.528888,0.668888,2.77014,3.15326,nan,0.316325,0.319089,0.324978,0.307244,0.313985,0.319089,0.313985,0.324978,0.307244,1,0,0.0577515,0,0.00225919,-0.0432731,-0.0055513,0.171699,0.0228233,-0.00987401,-0.0354732,-0.00289608,0.160552,0.0347625,0.0240908,0.285537,-0.939404,11.4052,11.4474,0,32.3037
12.11,level,-0.326068,-0.51332,-0.056857,-0.00774582,0,0,0.154128,-0.0324078,-0.0220413,0.527799,0.667799,2.71899,3.10995,nan,0.316338,0.318745,0.324941,0.306804,0.314859,0.318745,0.314859,0.324941,0.306804,1,0,0.0574576,0,0.0049309,-0.0417264,-0.00626361,0.170809,0.0233513,-0.00977691,-0.0354204,-0.00290345,0.166671,0.0331145,0.0185209,0.316303,-1.04324,11.4159,11.4679,0,32.2491
12.12,level,-0.324584,-0.512942,-0.0576874,-0.00846514,0,0,0.154209,-0.0327915,-0.0221371,0.526709,0.666709,2.75019,3.12668,nan,0.316351,0.320298,0.323839,0.308522,0.312741,0.320298,0.312741,0.323839,0.308522,1,0,0.0583839,0,0.00180228,-0.0433412,-0.00341063,0.173285,0.0255001,-0.00960234,-0.035335,-0.00292358,0.15803,0.0266632,0.0117814,0.357247,-1.07876,11.392,11.4485,0,32.1334
12.13,level,-0.323101,-0.512558,-0.0571902,-0.00848468,0,0,0.154354,-0.0333523,-0.021907,0.525619,0.665619,2.70138,3.08486,nan,0.316363,0.319439,0.324953,0.307099,0.313959,0.319439,0.313959,0.324953,0.307099,1,0,0.0579123,0,0.00356988,-0.0442125,-0.0054393,0.171799,0.0255558,-0.0095189,-0.0352929,-0.00293472,0.16159,0.0243041,0.021565,0.314749,-0.94726,11.3856,11.4293,0,32.0919
12.14,level,-0.321614,-0.512169,-0.058005,-0.00955698,0,0,0.154558,-0.0341181,-0.0218224,0.524527,0.664527,2.73233,3.10114,nan,0.316375,0.319983,0.323994,0.307715,0.313806,0.319983,0.313806,0.323994,0.307715,1,0,0.0588638,0,0.00551824,-0.0425505,-0.00444022,0.174232,0.0287956,-0.00935794,-0.0351857,-0.00290887,0.155627,0.0389993,0.0151651,0.366919,-0.968102,11.3361,11.3832,0,31.9605
12.15,level,-0.320124,-0.511771,-0.0577554,-0.00952245,0,0,0.154913,-0.0349721,-0.0227352,0.523435,0.663435,2.6978,3.06976,nan,0.316386,0.319662,0.324214,0.307741,0.313925,0.319662,0.313925,0.324214,0.307741,1,0,0.0586121,0,0.00432699,-0.0420837,-0.00471884,0.173485,0.028672,-0.00925146,-0.0351454,-0.00294599,0.156818,0.0252034,0.024619,0.328083,-1.03663,11.3437,11.3957,0,31.9129
12.16,level,-0.318631,-0.511364,-0.0590566,-0.0100448,0,0,0.155346,-0.0359061,-0.0224725,0.522342,0.662342,2.72861,3.0859,nan,0.316396,0.319749,0.324238,0.307844,0.313751,0.319749,0.313751,0.324238,0.307844,1,0,0.0599794,0,0.00376364,-0.0424274,-0.00456906,0.177373,0.0302519,-0.00903024,-0.0350695,-0.00302559,0.148309,0.0328074,0.0282025,0.375192,-0.925865,11.3307,11.3747,0,31.7901
12.17,level,-0.317132,-0.510947,-0.0585895,-0.0102684,0,0,0.155861,-0.0369474,-0.0222024,0.521249,0.661249,2.68592,3.04854,nan,0.316405,0.318581,0.325436,0.30663,0.31497,0.318581,0.31497,0.325436,0.30663,1,0,0.0595765,0,0.00393982,-0.0424751,-0.00667845,0.175997,0.0309173,-0.0089522,-0.0350134,-0.0030077,0.164833,0.0288185,0.0350859,0.39797,-1.11275,11.3132,11.3748,0,31.737
12.18,level,-0.315623,-0.510523,-0.0593353,-0.0110459,0,0,0.156335,-0.0381089,-0.0218586,0.520155,0.660155,2.71651,3.06446,nan,0.316411,0.319941,0.324053,0.307624,0.314026,0.319941,0.314026,0.324053,0.307624,1,0,0.0604309,0,0.00607457,-0.0423375,-0.00462058,0.178229,0.0332611,-0.00878548,-0.0349215,-0.00301141,0.163249,0.0365535,0.0163697,0.390202,-1.02029,11.3098,11.3624,0,31.6194
12.19,level,-0.314107,-0.510087,-0.0592769,-0.0108875,0,0,0.156885,-0.03928,-0.0219096,0.519061,0.659061,2.67601,3.02883,nan,0.316416,0.319961,0.324075,0.308094,0.313533,0.319961,0.313533,0.324075,0.308094,1,0,0.0603401,0,0.00351552,-0.0424602,-0.00419882,0.178034,0.0327801,-0.00865913,-0.0348867,-0.00307588,0.149739,0.0323758,0.0272806,0.3825,-1.0253,11.2829,11.3359,0,31.5693
12.2,level,-0.312587,-0.509638,-0.0601477,-0.0114634,0,0,0.1575,-0.0405387,-0.0229134,0.517966,0.657966,2.7064,3.04459,nan,0.316419,0.319605,0.324451,0.308086,0.313533,0.319605,0.313533,0.324451,0.308086,1,0,0.0613279,0,0.00159315,-0.0425132,-0.00452424,0.180668,0.0345145,-0.00847677,-0.0348066,-0.00310988,0.16631,0.0361812,0.025708,0.363623,-0.94815,11.2913,11.3368,0,31.4559
12.21,level,-0.311063,-0.509174,-0.0600806,-0.0112523,0,0,0.158182,-0.0418305,-0.0240327,0.516872,0.656872,2.66573,3.00859,nan,0.316419,0.318663,0.325555,0.306708,0.314751,0.318663,0.314751,0.325555,0.306708,1,0,0.061215,0,0.00305489,-0.0431229,-0.00656469,0.180465,0.0339045,-0.00835087,-0.0347724,-0.00317339,0.164762,0.0516248,0.0295733,0.38879,-1.05184,11.2629,11.3186,0,31.4074
12.22,level,-0.309532,-0.508697,-0.0611363,-0.0118412,0,0,0.159034,-0.0430861,-0.0234388,0.515777,0.655777,2.69592,3.02409,nan,0.316416,0.320713,0.323433,0.30842,0.3131,0.320713,0.3131,0.323433,0.30842,1,0,0.0623498,0,0.00520014,-0.0428716,-0.00325244,0.183611,0.0356491,-0.00815613,-0.0346895,-0.00321117,0.152759,0.0369506,0.0157406,0.314524,-1.00105,11.2874,11.3361,0,31.2868
12.23,level,-0.30799,-0.508209,-0.0616507,-0.0117157,0,0,0.159961,-0.0442453,-0.0240138,0.514683,0.654683,2.66113,2.99253,nan,0.316411,0.319455,0.324608,0.307353,0.314228,0.319455,0.314228,0.324608,0.307353,1,0,0.0628336,0,0.00456731,-0.0425998,-0.00528689,0.185161,0.0352874,-0.00798307,-0.034649,-0.00330785,0.157516,0.0463213,0.0225096,0.381098,-0.977905,11.3227,11.3712,0,31.215
12.24,level,-0.306438,-0.507709,-0.0623283,-0.0121063,0,0,0.161042,-0.0453874,-0.0242523,0.513589,0.653589,2.69115,3.00803,nan,0.316402,0.319188,0.325101,0.306412,0.314909,0.319188,0.314909,0.325101,0.306412,1,0,0.0635843,0,0.00685297,-0.0435209,-0.0063336,0.18719,0.0364541,-0.0078166,-0.0345754,-0.00333181,0.156592,0.0417185,0.0329292,0.437886,-0.988109,11.3417,11.3931,0,31.1142
12.25,level,-0.304873,-0.507199,-0.0623202,-0.0120659,0,0,0.162189,-0.0463392,-0.0236466,0.512496,0.652496,2.66057,2.97941,nan,0.316389,0.319355,0.324983,0.306993,0.31423,0.319355,0.31423,0.324983,0.306993,1,0,0.0635581,0,0.00426928,-0.0437981,-0.00565457,0.187198,0.0363299,-0.00769121,-0.0345286,-0.0033689,0.177588,0.0410237,0.0153293,0.405096,-1.0068,11.3302,11.3821,0,31.0537
12.26,level,-0.303295,-0.506681,-0.0632997,-0.0123726,0,0,0.163368,-0.0472312,-0.0244678,0.511404,0.651404,2.69047,2.99477,nan,0.316373,0.318467,0.326083,0.306414,0.314534,0.318467,0.314534,0.326083,0.306414,1,0,0.0646037,0,0.00133754,-0.0447222,-0.00691633,0.19014,0.0372757,-0.00749376,-0.0344596,-0.00343029,0.182051,0.0567496,0.0273862,0.315174,-1.09484,11.3196,11.3768,0,30.9463
12.27,level,-0.301707,-0.506155,-0.0631543,-0.0122758,0,0,0.164419,-0.047858,-0.0238694,0.510313,0.650313,2.67753,2.97875,nan,0.316353,0.319745,0.32425,0.307475,0.313948,0.319745,0.313948,0.32425,0.307475,1,0,0.06443,0,0.00522091,-0.0427706,-0.00482545,0.189694,0.036971,-0.00737986,-0.0344154,-0.00346,0.175214,0.0475529,0.0231848,0.417422,-1.02083,11.2825,11.3363,0,30.8915
12.28,level,-0.300107,-0.505623,-0.0638805,-0.0126859,0,0,0.165562,-0.0485101,-0.0242989,0.509224,0.649224,2.70742,2.99384,nan,0.316329,0.318428,0.325686,0.306072,0.315137,0.318428,0.315137,0.325686,0.306072,1,0,0.0652209,0,0.00479597,-0.0434006,-0.00717422,0.191865,0.0382086,-0.00720808,-0.0343411,-0.00348386,0.171433,0.0523504,0.0164128,0.325052,-1.05555,11.206,11.2603,0,30.7866
12.29,level,-0.298493,-0.505085,-0.0640958,-0.0127577,0,0,0.166679,-0.049194,-0.0235947,0.508136,0.648136,2.67442,2.96312,nan,0.316301,0.318165,0.325606,0.305982,0.315459,0.318165,0.315459,0.325606,0.305982,1,0,0.0654472,0,0.00540008,-0.0423118,-0.00743565,0.192509,0.0384067,-0.00706684,-0.0342871,-0.00351964,0.171006,0.0405267,0.0191781,0.322161,-1.06794,11.1896,11.245,0,30.7124
12.3,level,-0.296862,-0.504544,-0.0647587,-0.013391,0,0,0.16799,-0.0499712,-0.0224887,0.507051,0.647051,2.70414,2.97814,nan,0.316269,0.319804,0.324116,0.307527,0.313637,0.319804,0.313637,0.324116,0.307527,1,0,0.0662115,0,0.00476843,-0.0431182,-0.00458098,0.194494,0.0403261,-0.00690547,-0.0341973,-0.00350697,0.170252,0.051817,0.0309288,0.320433,-1.04331,11.1596,11.2128,0,30.5986
12.31,level,-0.295217,-0.503995,-0.06488,-0.0137975,0,0,0.169347,-0.0505926,-0.0236072,0.505967,0.645967,2.69401,2.96398,nan,0.316233,0.317031,0.326644,0.304995,0.316269,0.317031,0.316269,0.326644,0.304995,1,0,0.0664237,0,0.00440651,-0.0424646,-0.00918103,0.194867,0.0415372,-0.00678102,-0.0341225,-0.00349026,0.177158,0.0457275,0.0349153,0.268092,-1.12414,11.1592,11.2189,0,30.5112
12.32,level,-0.293558,-0.503441,-0.0658727,-0.0146609,0,0,0.170682,-0.051143,-0.0239485,0.504887,0.644887,2.72374,2.97879,nan,0.316192,0.319273,0.324413,0.306947,0.314145,0.319273,0.314145,0.324413,0.306947,1,0,0.0675803,0,0.00545805,-0.0428092,-0.00542275,0.197839,0.0441298,-0.00659696,-0.0340203,-0.00347845,0.175192,0.0468421,0.0227331,0.348813,-1.26428,11.296,11.3719,0,30.376
12.33,level,-0.291891,-0.502879,-0.0655695,-0.01488,0,0,0.17206,-0.0516889,-0.0245375,0.503809,0.643809,2.69734,2.95272,nan,0.316147,0.31954,0.323879,0.306983,0.314196,0.31954,0.314196,0.323879,0.306983,1,0,0.06734,0,0.00762273,-0.0421402,-0.00507788,0.196936,0.0447632,-0.00650185,-0.033957,-0.00345574,0.179716,0.0308765,0.0210212,0.343264,-1.19129,11.2469,11.315,0,30.309
12.34,level,-0.290211,-0.502311,-0.0659185,-0.0155186,0,0,0.173433,-0.0522431,-0.024803,0.502734,0.642734,2.72696,2.96737,nan,0.316098,0.318925,0.324521,0.306764,0.314191,0.318925,0.314191,0.324521,0.306764,1,0,0.0678164,0,0.00485527,-0.0426168,-0.00572395,0.197977,0.0466928,-0.00636221,-0.0338678,-0.00342611,0.177723,0.0391816,0.0244699,0.429923,-1.18911,11.2357,11.3066,0,30.2025
12.35,level,-0.288518,-0.501737,-0.0657291,-0.0154931,0,0,0.174652,-0.0528039,-0.0250331,0.501663,0.641663,2.69824,2.93961,nan,0.316043,0.319273,0.324517,0.306785,0.31361,0.319273,0.31361,0.324517,0.306785,1,0,0.0676297,0,0.00419595,-0.0443279,-0.00530457,0.1974,0.0466257,-0.00624436,-0.0338179,-0.00345478,0.171415,0.0452836,0.0279839,0.450859,-1.18534,11.1071,11.1793,0,30.1419
12.36,level,-0.286814,-0.501158,-0.0664879,-0.0162249,0,0,0.175775,-0.0532745,-0.0239374,0.500595,0.640595,2.72773,2.95419,nan,0.315985,0.318428,0.324763,0.306387,0.314373,0.318428,0.314373,0.324763,0.306387,1,0,0.0685265,0,0.00437909,-0.0425016,-0.00629445,0.199686,0.0488313,-0.00607381,-0.0337208,-0.00344392,0.180418,0.05153,0.0210148,0.371476,-1.09276,11.1824,11.2418,0,30.018
12.37,level,-0.285094,-0.500577,-0.0667587,-0.0160764,0,0,0.176799,-0.0538913,-0.0241196,0.499532,0.639532,2.69415,2.92294,nan,0.315921,0.318434,0.324804,0.306141,0.314319,0.318434,0.314319,0.324804,0.306141,1,0,0.0687661,0,0.00479892,-0.0431592,-0.00639416,0.200493,0.0483847,-0.00591384,-0.033674,-0.00352375,0.177238,0.0508419,0.0224975,0.448741,-1.01492,11.155,11.2101,0,29.9487
12.38,level,-0.283366,-0.499989,-0.0672854,-0.0167843,0,0,0.177753,-0.0546185,-0.0246165,0.498473,0.638473,2.72347,2.93733,nan,0.315853,0.318534,0.324534,0.306663,0.313696,0.318534,0.313696,0.324534,0.306663,1,0,0.0694425,0,0.00273934,-0.0430284,-0.00572819,0.202078,0.0505227,-0.00575984,-0.03358,-0.0034999,0.18248,0.0592118,0.0257273,0.449541,-1.01794,11.2498,11.3047,0,29.8323
12.39,level,-0.281631,-0.499391,-0.06751,-0.016939,0,0,0.178723,-0.0553885,-0.0252727,0.497419,0.637419,2.6841,2.9017,nan,0.315781,0.317726,0.324913,0.306378,0.314122,0.317726,0.314122,0.324913,0.306378,1,0,0.069703,0,0.00147936,-0.0419473,-0.00656227,0.202752,0.0509887,-0.00561236,-0.0335165,-0.0035364,0.183148,0.0600952,0.0264211,0.420284,-1.11506,11.1216,11.1852,0,29.7499
12.4,level,-0.279886,-0.498786,-0.0684739,-0.0173067,0,0,0.179614,-0.0562662,-0.02522,0.49637,0.63637,2.71323,2.91626,nan,0.315705,0.318602,0.323894,0.306735,0.313603,0.318602,0.313603,0.323894,0.306735,1,0,0.0707354,0,0.00418202,-0.0419849,-0.00534442,0.205662,0.0520769,-0.00541121,-0.033438,-0.00359485,0.197643,0.0492495,0.0264813,0.316462,-1.17996,11.1596,11.2263,0,29.6354
12.41,level,-0.278135,-0.49817,-0.0684331,-0.0175339,0,0,0.180492,-0.0571694,-0.0261739,0.495326,0.635326,2.67917,2.88466,nan,0.315624,0.317956,0.323954,0.306399,0.314204,0.317956,0.314204,0.323954,0.306399,1,0,0.0707388,0,0.00479328,-0.0403707,-0.00606633,0.205526,0.0527727,-0.00528764,-0.0333711,-0.00359605,0.189098,0.0583254,0.0300441,0.342361,-1.22107,11.1033,11.1755,0,29.5568
12.42,level,-0.276375,-0.497544,-0.0692675,-0.0180331,0,0,0.181456,-0.058324,-0.0257157,0.494287,0.634287,2.70812,2.89882,nan,0.315539,0.318599,0.323763,0.306177,0.313636,0.318599,0.313636,0.323763,0.306177,1,0,0.0716798,0,0.00608624,-0.0427262,-0.00554816,0.20801,0.0542624,-0.00510005,-0.0332858,-0.00362438,0.178639,0.0526374,0.0210367,0.353387,-1.20661,11.1938,11.2642,0,29.4393
12.43,level,-0.274604,-0.496907,-0.0691156,-0.0179237,0,0,0.182489,-0.0595195,-0.0263246,0.493254,0.633254,2.67199,2.86596,nan,0.31545,0.318042,0.324011,0.305516,0.314251,0.318042,0.314251,0.324011,0.305516,1,0,0.0714966,0,0.00733657,-0.042227,-0.00646313,0.207564,0.0539351,-0.00497491,-0.0332352,-0.00365812,0.184597,0.0533819,0.024419,0.50159,-1.21707,11.0985,11.1763,0,29.3782
12.44,level,-0.272822,-0.496258,-0.069789,-0.0188487,0,0,0.183578,-0.0607585,-0.0257662,0.492228,0.632228,2.70074,2.88013,nan,0.315357,0.317601,0.324316,0.305538,0.313993,0.317601,0.313993,0.324316,0.305538,1,0,0.0723751,0,0.00461665,-0.0424177,-0.00666758,0.209577,0.0567302,-0.00481509,-0.033127,-0.00360876,0.182741,0.0655226,0.0223598,0.564768,-1.10403,11.089,11.1581,0,29.2452
12.45,level,-0.271025,-0.495599,-0.0697986,-0.0186036,0,0,0.184619,-0.0619678,-0.0252128,0.491207,0.631207,2.66907,2.85007,nan,0.31526,0.317663,0.324307,0.305426,0.313661,0.317663,0.313661,0.324307,0.305426,1,0,0.0723256,0,0.0042192,-0.0433578,-0.00654014,0.20961,0.0559996,-0.00467244,-0.033081,-0.00367466,0.185065,0.0689155,0.0219134,0.47421,-1.19509,11.11,11.1841,0,29.1842
12.46,level,-0.269217,-0.494928,-0.0706108,-0.0192836,0,0,0.185623,-0.0630262,-0.0257616,0.490194,0.630194,2.69766,2.86392,nan,0.315158,0.316783,0.324669,0.304688,0.314511,0.316783,0.314511,0.324669,0.304688,1,0,0.0732918,0,0.00514,-0.0421636,-0.00778337,0.212052,0.0580183,-0.00449149,-0.0329839,-0.0036728,0.191681,0.0523564,0.0387584,0.329853,-1.21737,11.0658,11.1375,0,29.0571
12.47,level,-0.267399,-0.494248,-0.0707591,-0.0196432,0,0,0.186656,-0.0639858,-0.0259284,0.489187,0.629187,2.6501,2.82236,nan,0.315052,0.317107,0.324069,0.304903,0.314149,0.317107,0.314149,0.324069,0.304903,1,0,0.0735387,0,0.00606052,-0.0419217,-0.00712359,0.212499,0.0591202,-0.00435468,-0.0329044,-0.003665,0.194306,0.0681198,0.0277355,0.405565,-1.17339,11.1712,11.2399,0,28.9636
12.48,level,-0.265569,-0.493559,-0.071409,-0.0203489,0,0,0.187777,-0.0648148,-0.0260671,0.488188,0.628188,2.67842,2.83607,nan,0.314941,0.317243,0.323665,0.305006,0.313872,0.317243,0.313872,0.323665,0.305006,1,0,0.0743482,0,0.00648176,-0.0417431,-0.00671924,0.214447,0.0612165,-0.00418727,-0.0328038,-0.00364546,0.195557,0.0537856,0.0170535,0.485844,-1.25268,11.0514,11.1328,0,28.8392
12.49,level,-0.26373,-0.492861,-0.0710965,-0.0202887,0,0,0.18894,-0.0656074,-0.0263808,0.487196,0.627196,2.64811,2.80723,nan,0.314826,0.317984,0.322924,0.305958,0.312463,0.317984,0.312463,0.322924,0.305958,1,0,0.0740235,0,0.0041514,-0.0426091,-0.00502996,0.213492,0.0610316,-0.00407285,-0.0327488,-0.00366355,0.183498,0.0505202,0.0263383,0.560339,-1.2274,11.0521,11.1342,0,28.7768
12.5,level,-0.261882,-0.492155,-0.071993,-0.0208859,0,0,0.189991,-0.066353,-0.0266066,0.486212,0.626212,2.67628,2.82074,nan,0.314708,0.317344,0.323152,0.304924,0.313435,0.317344,0.313435,0.323152,0.304924,1,0,0.0750664,0,0.00717049,-0.0419448,-0.00629403,0.216198,0.0628713,-0.00388094,-0.0326528,-0.00368132,0.1976,0.0807689,0.0360001,0.444559,-1.13653,11.0998,11.1667,0,28.6494
12.51,level,-0.260024,-0.491441,-0.072161,-0.020903,0,0,0.191138,-0.0671346,-0.0278202,0.485236,0.625236,2.62307,2.77519,nan,0.314584,0.316068,0.32411,0.304507,0.313677,0.316068,0.313677,0.32411,0.304507,1,0,0.0752378,0,0.00299349,-0.0416759,-0.00756536,0.216706,0.0628872,-0.00373228,-0.0325895,-0.00372304,0.200456,0.0572659,0.0317668,0.416958,-1.20111,11.0103,11.0834,0,28.5695
12.52,level,-0.258159,-0.490716,-0.0729339,-0.0215673,0,0,0.192223,-0.0679174,-0.0280912,0.484268,0.624268,2.65092,2.78878,nan,0.314457,0.317106,0.322878,0.305095,0.312777,0.317106,0.312777,0.322878,0.305095,1,0,0.0761546,0,0.00506697,-0.0418996,-0.00591312,0.219011,0.0648757,-0.00355147,-0.0324887,-0.00371767,0.194823,0.0525569,0.0391953,0.315613,-1.24702,11.1225,11.1966,0,28.4422
12.53,level,-0.256286,-0.489984,-0.072828,-0.0218681,0,0,0.193269,-0.0685951,-0.0286025,0.483309,0.623309,2.60474,2.74844,nan,0.314326,0.316446,0.322927,0.304641,0.313318,0.316446,0.313318,0.322927,0.304641,1,0,0.0761452,0,0.00582799,-0.0405761,-0.00666203,0.218703,0.0657971,-0.00343114,-0.0324114,-0.00369679,0.201789,0.0659057,0.0252798,0.493562,-1.25619,11.0077,11.0901,0,28.3561
12.54,level,-0.254402,-0.489245,-0.0737017,-0.0221913,0,0,0.194468,-0.0692771,-0.0282093,0.482359,0.622359,2.63233,2.76186,nan,0.314191,0.316384,0.322924,0.304193,0.31329,0.316384,0.31329,0.322924,0.304193,1,0,0.0770666,0,0.00678459,-0.0413561,-0.00687294,0.221309,0.066765,-0.00323175,-0.0323279,-0.00375324,0.194112,0.0629179,0.0382755,0.601984,-1.13978,11.0886,11.1633,0,28.241
12.55,level,-0.252504,-0.4885,-0.0736955,-0.0221271,0,0,0.195759,-0.0700856,-0.028742,0.481418,0.621418,2.60305,2.73362,nan,0.314052,0.317325,0.322285,0.304858,0.311768,0.317325,0.311768,0.322285,0.304858,1,0,0.077045,0,0.00517184,-0.0435498,-0.0052172,0.221305,0.0665899,-0.00309203,-0.0322679,-0.00379246,0.203971,0.0748732,0.035692,0.489575,-1.20196,11.0478,11.1238,0,28.168
12.56,level,-0.250597,-0.487746,-0.0744582,-0.0229607,0,0,0.197037,-0.0707261,-0.029098,0.480486,0.620486,2.63048,2.74684,nan,0.313909,0.316447,0.322356,0.304185,0.312675,0.316447,0.312675,0.322356,0.304185,1,0,0.078017,0,0.00684579,-0.0415749,-0.00632876,0.223575,0.0690804,-0.00291593,-0.0321584,-0.00376846,0.195237,0.0667799,0.0303594,0.32952,-1.21092,10.9873,11.0587,0,28.0321
12.57,level,-0.248679,-0.486984,-0.0739131,-0.0232563,0,0,0.198357,-0.071379,-0.0297847,0.479565,0.619565,2.61836,2.73103,nan,0.313761,0.315636,0.322892,0.30318,0.313367,0.315636,0.313367,0.322892,0.30318,1,0,0.0775909,0,0.00777507,-0.0416499,-0.00766632,0.221934,0.0699697,-0.00282786,-0.0320835,-0.00371606,0.191562,0.0691357,0.0238363,0.488284,-1.36259,11.0456,11.14,0,27.9563
12.58,level,-0.246748,-0.486217,-0.0748477,-0.0237985,0,0,0.199687,-0.0720871,-0.0297394,0.478653,0.618653,2.64577,2.7441,nan,0.31361,0.314961,0.323265,0.30296,0.313285,0.314961,0.313285,0.323265,0.30296,1,0,0.0786502,0,0.00536001,-0.0416509,-0.00818819,0.224756,0.0715991,-0.00262579,-0.0319853,-0.00374963,0.206618,0.0698156,0.0199906,0.595204,-1.23651,11.0417,11.1267,0,27.8284
12.59,level,-0.244802,-0.485442,-0.0748955,-0.0236697,0,0,0.200878,-0.0728886,-0.029355,0.477751,0.617751,2.61507,2.71472,nan,0.313455,0.31622,0.321918,0.304351,0.311362,0.31622,0.311362,0.321918,0.304351,1,0,0.0786411,0,0.00348375,-0.0424898,-0.00558571,0.224902,0.0712144,-0.00247748,-0.0319268,-0.00380664,0.209163,0.0696387,0.0408648,0.55462,-1.13934,11.0045,11.0772,0,27.7554
12.6,level,-0.242848,-0.484659,-0.0759546,-0.0243195,0,0,0.202013,-0.0736658,-0.0298169,0.47686,0.61686,2.64232,2.72744,nan,0.313296,0.315364,0.321937,0.3039,0.312016,0.315364,0.312016,0.321937,0.3039,1,0,0.0798538,0,0.00409178,-0.0405186,-0.00645611,0.22807,0.0731563,-0.00226814,-0.0318226,-0.0038341,0.206465,0.0642022,0.0217423,0.55999,-1.29605,10.9287,11.0195,0,27.6188
12.61,level,-0.240882,-0.483868,-0.0754598,-0.0247058,0,0,0.203099,-0.0745899,-0.0294444,0.475979,0.615979,2.60474,2.69298,nan,0.313133,0.315436,0.321853,0.303664,0.311612,0.315436,0.311612,0.321853,0.303664,1,0,0.0795007,0,0.00406361,-0.0417113,-0.00631414,0.22658,0.0743174,-0.0021742,-0.0317426,-0.00377655,0.203343,0.0648099,0.0348392,0.48576,-1.33727,10.982,11.0738,0,27.5357
12.62,level,-0.238903,-0.483069,-0.0764663,-0.0252583,0,0,0.204064,-0.0755961,-0.0294116,0.47511,0.61511,2.63178,2.70586,nan,0.312966,0.314559,0.322724,0.302438,0.312177,0.314559,0.312177,0.322724,0.302438,1,0,0.0806325,0,0.00417905,-0.0429508,-0.00786912,0.229601,0.0759795,-0.00196225,-0.0316423,-0.00381941,0.207453,0.0677074,0.0170199,0.517624,-1.25849,11.0379,11.1214,0,27.4043
12.63,level,-0.236912,-0.482262,-0.0766841,-0.025003,0,0,0.20496,-0.0764846,-0.0289753,0.474252,0.614252,2.60834,2.68167,nan,0.312795,0.313451,0.323039,0.302194,0.31253,0.313451,0.31253,0.323039,0.302194,1,0,0.0807596,0,0.00198389,-0.0412433,-0.00875709,0.230268,0.0752212,-0.00179548,-0.0315853,-0.00390597,0.216395,0.0714933,0.0372447,0.510838,-1.24889,10.9203,11.0034,0,27.3313
12.64,level,-0.234911,-0.481447,-0.0775971,-0.0255415,0,0,0.205776,-0.0772377,-0.0292257,0.473405,0.613405,2.63526,2.69424,nan,0.31262,0.315436,0.32071,0.303717,0.310651,0.315436,0.310651,0.32071,0.303717,1,0,0.0817895,0,0.00440525,-0.041267,-0.00536609,0.232979,0.0768479,-0.00159481,-0.0314857,-0.00393155,0.201843,0.0774973,0.0358696,0.534344,-1.32139,10.9985,11.0905,0,27.2032
12.65,level,-0.232906,-0.480624,-0.0770533,-0.0255886,0,0,0.206532,-0.0779607,-0.0294428,0.47257,0.61257,2.58541,2.65098,nan,0.312441,0.313082,0.323092,0.300553,0.313072,0.313082,0.313072,0.323092,0.300553,1,0,0.0812835,0,0.00665501,-0.0427258,-0.00990256,0.231345,0.0769816,-0.00149573,-0.0314203,-0.00390897,0.199146,0.0737001,0.0266284,0.573533,-1.3057,10.8911,10.9841,0,27.1359
12.66,level,-0.230891,-0.479795,-0.0780457,-0.0261209,0,0,0.207235,-0.078601,-0.0289305,0.471748,0.611748,2.61201,2.66341,nan,0.312258,0.313836,0.322181,0.301374,0.311678,0.313836,0.311678,0.322181,0.301374,1,0,0.0823967,0,0.00519766,-0.0435147,-0.00819687,0.234331,0.0785761,-0.00128653,-0.0313197,-0.00394451,0.208625,0.0700629,0.0307005,0.481429,-1.17634,10.9527,11.0262,0,27.0057
12.67,level,-0.228868,-0.478961,-0.0779411,-0.0262474,0,0,0.208017,-0.0791452,-0.0289635,0.470937,0.610937,2.57554,2.63022,nan,0.312071,0.313816,0.321218,0.302153,0.311136,0.313816,0.311136,0.321218,0.302153,1,0,0.0823446,0,0.00419494,-0.0412015,-0.00720222,0.234005,0.0789517,-0.0011539,-0.0312463,-0.00394884,0.200693,0.0674668,0.0314538,0.505994,-1.31977,10.9801,11.0707,0,26.923
12.68,level,-0.226836,-0.478123,-0.0788449,-0.0264408,0,0,0.20878,-0.0797035,-0.028433,0.470139,0.610139,2.60194,2.64234,nan,0.311881,0.313523,0.321453,0.300903,0.311682,0.313523,0.311682,0.321453,0.300903,1,0,0.0832748,0,0.00755634,-0.042427,-0.00822292,0.236743,0.0795474,-0.000942993,-0.0311596,-0.0040182,0.221375,0.0760307,0.039334,0.687211,-1.27533,10.9732,11.0685,0,26.8113
12.69,level,-0.224795,-0.47728,-0.0787663,-0.02635,0,0,0.209634,-0.080151,-0.0283499,0.469355,0.609355,2.56917,2.61177,nan,0.311687,0.314157,0.320646,0.301543,0.310441,0.314157,0.310441,0.320646,0.301543,1,0,0.0831774,0,0.00639024,-0.0432373,-0.00676349,0.236508,0.0792793,-0.000802323,-0.0310957,-0.00405238,0.221177,0.0801879,0.0272752,0.62167,-1.16374,10.9171,10.9966,0,26.7379
12.7,level,-0.222748,-0.476433,-0.0795458,-0.0270516,0,0,0.210456,-0.0804089,-0.0291721,0.468583,0.608583,2.59538,2.62399,nan,0.31149,0.311752,0.322005,0.299998,0.312242,0.311752,0.312242,0.322005,0.299998,1,0,0.0841211,0,0.00528092,-0.040771,-0.00988775,0.238838,0.0813719,-0.000613296,-0.030988,-0.00404459,0.21979,0.0694073,0.0361373,0.468247,-1.33433,10.9362,11.0272,0,26.6058
12.71,level,-0.220693,-0.475584,-0.079114,-0.0272125,0,0,0.211214,-0.0807624,-0.0296644,0.467824,0.607824,2.56832,2.59721,nan,0.311289,0.313781,0.319971,0.301309,0.310135,0.313781,0.310135,0.319971,0.301309,1,0,0.0837716,0,0.00699173,-0.0422713,-0.00659959,0.237539,0.0818511,-0.000506072,-0.0309169,-0.00401845,0.217568,0.0672762,0.0393773,0.615031,-1.32991,10.8575,10.956,0,26.5295
12.72,level,-0.218636,-0.474729,-0.0798689,-0.0276965,0,0,0.212127,-0.0812044,-0.0297903,0.467079,0.607079,2.59439,2.60924,nan,0.311085,0.313561,0.319525,0.301547,0.309749,0.313561,0.309749,0.319525,0.301547,1,0,0.0846467,0,0.0059365,-0.0412896,-0.00622597,0.239804,0.0833206,-0.000313473,-0.0308191,-0.00403688,0.220516,0.0782405,0.0311575,0.535803,-1.18282,10.9499,11.0267,0,26.4084
12.73,level,-0.21657,-0.473869,-0.0799371,-0.0277864,0,0,0.213169,-0.0817333,-0.0303084,0.466347,0.606347,2.54327,2.56507,nan,0.310878,0.313164,0.319564,0.300789,0.310038,0.313164,0.310038,0.319564,0.300789,1,0,0.0847284,0,0.00755907,-0.0414981,-0.00687793,0.24,0.0835712,-0.000167889,-0.0307452,-0.00405711,0.21561,0.06525,0.0322432,0.535567,-1.32976,10.8963,10.9902,0,26.3232
12.74,level,-0.214494,-0.473003,-0.080698,-0.0288306,0,0,0.214519,-0.0823206,-0.0305556,0.46563,0.60563,2.56901,2.57686,nan,0.310668,0.312367,0.319861,0.299831,0.310657,0.312367,0.310657,0.319861,0.299831,1,0,0.0857914,0,0.00884131,-0.041193,-0.00805204,0.242264,0.0867138,1.4867e-05,-0.0306212,-0.00400625,0.208264,0.0702712,0.0253378,0.621371,-1.33154,10.8368,10.936,0,26.1757
12.75,level,-0.212405,-0.472131,-0.0806332,-0.028525,0,0,0.216024,-0.0828637,-0.0301683,0.464926,0.604926,2.54472,2.55252,nan,0.310455,0.312835,0.31936,0.300349,0.30932,0.312835,0.30932,0.31936,0.300349,1,0,0.0856383,0,0.00648695,-0.0426807,-0.00681075,0.242101,0.0858213,0.000162056,-0.0305645,-0.0040731,0.228796,0.0849643,0.0492084,0.673395,-1.21467,10.9487,11.0365,0,26.1115
12.76,level,-0.2103,-0.471255,-0.0819403,-0.0290882,0,0,0.217629,-0.08325,-0.0305678,0.464237,0.604237,2.57035,2.56437,nan,0.310238,0.311925,0.319224,0.3001,0.309749,0.311925,0.309749,0.319224,0.3001,1,0,0.087058,0,0.00623409,-0.0403594,-0.00744868,0.246005,0.0875009,0.000395878,-0.0304556,-0.00412732,0.222497,0.0771819,0.0358386,0.585382,-1.45263,10.885,10.9971,0,25.9737
12.77,level,-0.208182,-0.470375,-0.0814677,-0.0292603,0,0,0.219104,-0.0836199,-0.0313567,0.463563,0.603563,2.52326,2.52325,nan,0.310019,0.311627,0.319216,0.299538,0.309738,0.311627,0.309738,0.319216,0.299538,1,0,0.0866626,0,0.00692819,-0.0408667,-0.00781837,0.244574,0.0880308,0.000504843,-0.030381,-0.00409473,0.21342,0.0864859,0.0368784,0.670558,-1.38321,10.903,11.0109,0,25.8971
12.78,level,-0.206053,-0.46949,-0.0823427,-0.0294278,0,0,0.220557,-0.0840881,-0.0312649,0.462903,0.602903,2.54859,2.53489,nan,0.309795,0.311376,0.318723,0.299879,0.309246,0.311376,0.309246,0.318723,0.299879,1,0,0.0875524,0,0.00535926,-0.0397419,-0.00734627,0.247216,0.0885259,0.000715684,-0.0302946,-0.00417202,0.227457,0.0799731,0.0424559,0.5726,-1.24975,10.8485,10.9352,0,25.7881
12.79,level,-0.203911,-0.468599,-0.0823062,-0.0299428,0,0,0.221783,-0.0847653,-0.0315629,0.462258,0.602258,2.51541,2.504,nan,0.309568,0.311502,0.318501,0.299157,0.309156,0.311502,0.309156,0.318501,0.299157,1,0,0.087694,0,0.00795641,-0.0410995,-0.00747092,0.24709,0.0900615,0.000851004,-0.0302019,-0.00413088,0.218189,0.0730566,0.0408898,0.660359,-1.46335,10.9358,11.053,0,25.6848
12.8,level,-0.201754,-0.467703,-0.0831347,-0.0304518,0,0,0.223059,-0.0854721,-0.0306055,0.461629,0.601629,2.54054,2.51563,nan,0.309337,0.311049,0.318683,0.298515,0.309146,0.311049,0.309146,0.318683,0.298515,1,0,0.088638,0,0.00794972,-0.0418191,-0.00802758,0.249572,0.0916083,0.00105267,-0.0300998,-0.00415375,0.219484,0.0857697,0.02681,0.666748,-1.31512,10.9092,11.0084,0,25.5614
12.81,level,-0.199583,-0.466801,-0.0832883,-0.0305434,0,0,0.224387,-0.0861906,-0.0315791,0.461015,0.601015,2.50005,2.47969,nan,0.309102,0.310393,0.318661,0.298493,0.308908,0.310393,0.308908,0.318661,0.298493,1,0,0.0888262,0,0.00569642,-0.0410287,-0.00821121,0.25005,0.0918908,0.00121223,-0.0300215,-0.00418474,0.232275,0.089935,0.0367004,0.536707,-1.36378,10.754,10.8534,0,25.4734
12.82,level,-0.197403,-0.46589,-0.0836997,-0.0313587,0,0,0.225678,-0.0869286,-0.0318472,0.460417,0.600417,2.52492,2.49083,nan,0.308863,0.311218,0.317127,0.299272,0.307884,0.311218,0.307884,0.317127,0.299272,1,0,0.0894896,0,0.00716964,-0.0401485,-0.006382,0.251267,0.0943244,0.00137639,-0.0299107,-0.00413498,0.225505,0.0802924,0.032526,0.674043,-1.39106,10.8121,10.9221,0,25.345
12.83,level,-0.195212,-0.464972,-0.0834306,-0.0311574,0,0,0.226997,-0.0877048,-0.0313026,0.459835,0.599835,2.47905,2.45073,nan,0.308621,0.311358,0.316826,0.299587,0.30676,0.311358,0.30676,0.316826,0.299587,1,0,0.0891745,0,0.00452268,-0.0413772,-0.00555611,0.250493,0.0937264,0.0015135,-0.0298495,-0.00417874,0.245978,0.0847466,0.0342644,0.545685,-1.27002,10.7774,10.8657,0,25.2795
12.84,level,-0.193008,-0.464045,-0.0843233,-0.0322389,0,0,0.228292,-0.0886363,-0.0317901,0.459269,0.599269,2.50364,2.46204,nan,0.308375,0.310146,0.317583,0.298183,0.307636,0.310146,0.307636,0.317583,0.298183,1,0,0.0903938,0,0.00534607,-0.0415153,-0.0074232,0.253145,0.096972,0.0017098,-0.0297205,-0.00413636,0.235381,0.0836281,0.0256207,0.585568,-1.40304,10.8803,10.986,0,25.1275
12.85,level,-0.190792,-0.463109,-0.0839621,-0.0322228,0,0,0.229445,-0.0896887,-0.0320673,0.45872,0.59872,2.46978,2.4308,nan,0.308125,0.308678,0.318587,0.297071,0.308214,0.308678,0.308214,0.318587,0.297071,1,0,0.0900475,0,0.00327433,-0.0416487,-0.00925264,0.252074,0.0969528,0.00183841,-0.0296498,-0.00414621,0.242875,0.102804,0.0356365,0.744202,-1.24307,10.8641,10.9603,0,25.0548
12.86,level,-0.188566,-0.462162,-0.0848219,-0.032949,0,0,0.230332,-0.0907327,-0.0328676,0.458188,0.598188,2.49418,2.44182,nan,0.307871,0.308542,0.318408,0.296348,0.308235,0.308542,0.308235,0.318408,0.296348,1,0,0.091106,0,0.00536032,-0.0423805,-0.00956103,0.254643,0.0991067,0.00204172,-0.0295347,-0.00415112,0.241724,0.0840441,0.0346231,0.555584,-1.35698,10.7592,10.8586,0,24.9201
12.87,level,-0.186333,-0.461205,-0.0842246,-0.0336307,0,0,0.231147,-0.0917862,-0.0325021,0.457673,0.597673,2.44801,2.40179,nan,0.307613,0.309222,0.316706,0.296873,0.307702,0.309222,0.307702,0.316706,0.296873,1,0,0.0908045,0,0.00887609,-0.040459,-0.00804898,0.252833,0.101162,0.00213943,-0.0294385,-0.00405181,0.23092,0.0908272,0.0357851,0.702449,-1.35415,10.8246,10.9316,0,24.8187
12.88,level,-0.18409,-0.460238,-0.0851976,-0.0340882,0,0,0.231984,-0.0930477,-0.031769,0.457175,0.597175,2.47213,2.41295,nan,0.307351,0.309712,0.316028,0.297858,0.30586,0.309712,0.30586,0.316028,0.297858,1,0,0.0918776,0,0.00447502,-0.0417287,-0.00629274,0.255746,0.10252,0.00235841,-0.0293309,-0.00411084,0.231958,0.0798153,0.0304127,0.667322,-1.36773,10.7532,10.8603,0,24.6935
12.89,level,-0.18184,-0.459259,-0.0849432,-0.0343808,0,0,0.232682,-0.0942618,-0.0323611,0.456694,0.596694,2.42449,2.37177,nan,0.307086,0.307782,0.317072,0.296304,0.307238,0.307782,0.307238,0.317072,0.296304,1,0,0.0917504,0,0.00435918,-0.0403825,-0.00888876,0.254987,0.103415,0.00248929,-0.0292436,-0.00409017,0.235315,0.0905163,0.0387454,0.660389,-1.35771,10.7187,10.8245,0,24.6026
12.9,level,-0.179582,-0.458269,-0.0856047,-0.0351381,0,0,0.233439,-0.0953538,-0.0323091,0.456232,0.596232,2.44829,2.38284,nan,0.306816,0.306755,0.317516,0.295292,0.307756,0.306755,0.307756,0.317516,0.295292,1,0,0.0926428,0,0.00451839,-0.0402136,-0.0102082,0.25696,0.105698,0.00267985,-0.0291281,-0.00408426,0.233055,0.0956308,0.0386653,0.638068,-1.29895,10.8964,10.9921,0,24.4695
12.91,level,-0.177316,-0.457268,-0.0856536,-0.0352974,0,0,0.234198,-0.0964803,-0.032464,0.455787,0.595787,2.4036,2.34404,nan,0.306543,0.306767,0.316859,0.295704,0.306897,0.306767,0.306897,0.316859,0.295704,1,0,0.0927432,0,0.00292272,-0.0398387,-0.00935549,0.257097,0.106159,0.00283627,-0.0290414,-0.00410767,0.227366,0.0844626,0.03352,0.654726,-1.41977,10.756,10.8691,0,24.3781
12.92,level,-0.175042,-0.456256,-0.0863113,-0.0360044,0,0,0.234811,-0.0977517,-0.0317451,0.455361,0.595361,2.42712,2.35478,nan,0.306266,0.307183,0.316313,0.295079,0.306545,0.307183,0.306545,0.316313,0.295079,1,0,0.0936262,0,0.00619607,-0.0414433,-0.00905188,0.259071,0.108309,0.00302774,-0.028925,-0.00410288,0.233655,0.101707,0.0345035,0.675517,-1.28647,10.8423,10.9392,0,24.2477
12.93,level,-0.172762,-0.455233,-0.08625,-0.0358479,0,0,0.235423,-0.0988901,-0.0321258,0.454954,0.594954,2.37799,2.3129,nan,0.305986,0.30737,0.315241,0.295582,0.305806,0.30737,0.305806,0.315241,0.295582,1,0,0.0935141,0,0.00624116,-0.0402134,-0.00795371,0.258912,0.107831,0.00318102,-0.0288507,-0.00415524,0.249232,0.0961238,0.0377238,0.59232,-1.49173,10.6896,10.8094,0,24.1734
12.94,level,-0.170477,-0.454198,-0.0869112,-0.0361683,0,0,0.23613,-0.100072,-0.0325593,0.454565,0.594565,2.40121,2.32366,nan,0.305702,0.30716,0.315009,0.295195,0.305501,0.30716,0.305501,0.315009,0.295195,1,0,0.0942609,0,0.00651843,-0.040688,-0.00797984,0.260878,0.108787,0.00338055,-0.0287479,-0.00419737,0.240845,0.0929253,0.0222768,0.743322,-1.32777,10.8473,10.9535,0,24.0616
12.95,level,-0.168187,-0.45315,-0.0871137,-0.0361416,0,0,0.236981,-0.101394,-0.0333295,0.454195,0.594196,2.38439,2.30517,nan,0.305416,0.306256,0.315521,0.294445,0.305499,0.306256,0.305499,0.315521,0.294445,1,0,0.0944328,0,0.00474491,-0.0413704,-0.00893059,0.261482,0.108713,0.00354913,-0.028665,-0.0042483,0.240004,0.0954871,0.0393716,0.599216,-1.42686,10.8425,10.9524,0,23.9758
12.96,level,-0.165887,-0.452088,-0.0878625,-0.0369001,0,0,0.238052,-0.102884,-0.0326139,0.453845,0.593845,2.40753,2.31575,nan,0.305128,0.30639,0.314983,0.294222,0.304973,0.30639,0.304973,0.314983,0.294222,1,0,0.0954003,0,0.00572594,-0.0420239,-0.00850191,0.263721,0.110998,0.00374698,-0.0285448,-0.00423714,0.240544,0.0995015,0.0329644,0.676431,-1.31739,10.809,10.91,0,23.8414
12.97,level,-0.163577,-0.451013,-0.0877747,-0.0366699,0,0,0.239145,-0.104364,-0.0329702,0.453514,0.593514,2.34912,2.26731,nan,0.304837,0.304868,0.315633,0.293575,0.305329,0.304868,0.305329,0.315633,0.293575,1,0,0.0952426,0,0.00262339,-0.0409225,-0.00989759,0.263467,0.110302,0.00390032,-0.0284727,-0.00429226,0.244809,0.0979777,0.0184411,0.614684,-1.47877,10.7083,10.8274,0,23.7705
12.98,level,-0.161255,-0.449922,-0.0886548,-0.0373647,0,0,0.240332,-0.106014,-0.0332158,0.453202,0.593202,2.37188,2.27778,nan,0.304543,0.306088,0.313731,0.294547,0.303866,0.306088,0.303866,0.313731,0.294547,1,0,0.0963283,0,0.00444607,-0.0405611,-0.00745528,0.266101,0.112399,0.00410921,-0.0283528,-0.00429597,0.247763,0.102512,0.0377745,0.824706,-1.38885,10.7183,10.8394,0,23.6366
12.99,level,-0.158924,-0.448813,-0.0887855,-0.0372263,0,0,0.241527,-0.107843,-0.0343125,0.45291,0.59291,2.29848,2.21852,nan,0.304247,0.305017,0.31482,0.292768,0.304443,0.305017,0.304443,0.31482,0.292768,1,0,0.0963926,0,0.00496606,-0.042871,-0.00943977,0.266494,0.111985,0.00427709,-0.0282725,-0.00435102,0.248325,0.103263,0.0371442,0.620763,-1.50849,10.7039,10.8274,0,23.5568
13,level,-0.156582,-0.447686,-0.0891126,-0.0379317,0,0,0.24281,-0.109661,-0.0338674,0.452638,0.592638,2.32074,2.22896,nan,0.303948,0.305664,0.31309,0.293749,0.30335,0.305664,0.30335,0.31309,0.293749,1,0,0.0969625,0,0.00576965,-0.041031,-0.00748388,0.267465,0.114126,0.00444601,-0.028158,-0.00430403,0.245724,0.118578,0.0301176,0.769633,-1.35297,10.6945,10.8072,0,23.4325
13.01,level,-0.154228,-0.446541,-0.0890761,-0.0377453,0,0,0.244122,-0.111385,-0.0345672,0.452386,0.592386,2.2702,2.18678,nan,0.303646,0.303906,0.314377,0.291949,0.304413,0.303906,0.304413,0.314377,0.291949,1,0,0.0968616,0,0.00528591,-0.0415366,-0.0100808,0.267372,0.113558,0.0046039,-0.0280803,-0.00434996,0.256852,0.111663,0.0482123,0.694299,-1.43237,10.8082,10.9248,0,23.3571
13.02,level,-0.151861,-0.44538,-0.089504,-0.03851,0,0,0.245454,-0.113163,-0.0338622,0.452154,0.592154,2.29215,2.197,nan,0.303341,0.304784,0.313181,0.292973,0.302487,0.304784,0.302487,0.313181,0.292973,1,0,0.0975511,0,0.00296286,-0.042645,-0.00787251,0.268641,0.115833,0.0047832,-0.0279598,-0.0043068,0.252045,0.0982201,0.0358198,0.761142,-1.35487,10.6683,10.7809,0,23.2272
13.03,level,-0.14948,-0.444202,-0.0896498,-0.0385051,0,0,0.246738,-0.114701,-0.0344063,0.451942,0.591942,2.24759,2.15909,nan,0.303032,0.303251,0.313502,0.291491,0.303947,0.303251,0.303947,0.313502,0.291491,1,0,0.0976904,0,0.00585009,-0.0403882,-0.00998012,0.269081,0.115842,0.00495243,-0.0278696,-0.00434218,0.25426,0.113376,0.0429723,0.686583,-1.50538,10.7838,10.91,0,23.1391
13.04,level,-0.147085,-0.44301,-0.0901107,-0.0391451,0,0,0.248115,-0.116353,-0.0340725,0.451752,0.591752,2.26926,2.16931,nan,0.30272,0.305048,0.311441,0.292757,0.301696,0.305048,0.301696,0.311441,0.292757,1,0,0.0983644,0,0.00675213,-0.0417517,-0.00673899,0.27044,0.117768,0.00513604,-0.0277516,-0.00431787,0.243093,0.116096,0.0321983,0.841699,-1.37165,10.7699,10.8894,0,23.0143
13.05,level,-0.144678,-0.441801,-0.0899271,-0.03904,0,0,0.249612,-0.118045,-0.0353951,0.451582,0.591582,2.25939,2.15662,nan,0.302404,0.304289,0.311865,0.292003,0.301523,0.304289,0.301523,0.311865,0.292003,1,0,0.0981483,0,0.00515622,-0.0428753,-0.00751381,0.269899,0.117448,0.00528201,-0.027669,-0.00433631,0.249475,0.113325,0.0404199,0.707425,-1.49863,10.7621,10.889,0,22.9362
13.06,level,-0.142259,-0.440574,-0.0904125,-0.039524,0,0,0.251209,-0.119789,-0.0348473,0.451433,0.591433,2.28104,2.16672,nan,0.302084,0.302862,0.31222,0.29086,0.302459,0.302862,0.302459,0.31222,0.29086,1,0,0.0988023,0,0.005946,-0.0412373,-0.00921147,0.27136,0.118927,0.00547119,-0.0275541,-0.00433278,0.256901,0.130072,0.0348687,0.791707,-1.29692,10.8244,10.9305,0,22.8179
13.07,level,-0.139821,-0.43933,-0.0905035,-0.0396001,0,0,0.252685,-0.121667,-0.0342675,0.451306,0.591306,2.25391,2.14108,nan,0.301762,0.303002,0.311468,0.291215,0.301427,0.303002,0.301427,0.311468,0.291215,1,0,0.0989036,0,0.00462979,-0.0413585,-0.00820982,0.271631,0.119113,0.00563689,-0.0274587,-0.00435039,0.255897,0.102169,0.0264611,0.727462,-1.58914,10.6771,10.8192,0,22.7258
13.08,level,-0.137366,-0.438069,-0.0909009,-0.0396111,0,0,0.254221,-0.123741,-0.0340298,0.451201,0.591201,2.27541,2.15099,nan,0.301437,0.301648,0.312696,0.289893,0.301577,0.301648,0.301577,0.312696,0.289893,1,0,0.0992863,0,0.00168703,-0.0433429,-0.00999168,0.272832,0.119182,0.00582588,-0.0273606,-0.00439697,0.26387,0.12408,0.0446126,0.68012,-1.35694,10.6385,10.7463,0,22.6314
13.09,level,-0.134896,-0.436786,-0.0906811,-0.0397704,0,0,0.255487,-0.125915,-0.0350088,0.451117,0.591117,2.26175,2.13538,nan,0.30111,0.301568,0.31195,0.289176,0.301812,0.301568,0.301812,0.31195,0.289176,1,0,0.0991397,0,0.00597975,-0.0426905,-0.0101169,0.272171,0.119641,0.00596934,-0.0272664,-0.00437688,0.262604,0.112569,0.0377805,0.797485,-1.40055,10.6541,10.7753,0,22.5392
13.1,level,-0.132417,-0.435482,-0.0916643,-0.0400963,0,0,0.25646,-0.12813,-0.0339629,0.451055,0.591055,2.2832,2.1453,nan,0.300782,0.30109,0.311352,0.289452,0.301299,0.30109,0.301299,0.311352,0.289452,1,0,0.100162,0,0.0042054,-0.0411011,-0.00971759,0.275105,0.120631,0.0061975,-0.0271481,-0.00443422,0.257804,0.117987,0.0392081,0.728066,-1.47816,10.4792,10.6079,0,22.4196
13.11,level,-0.129928,-0.434156,-0.0910873,-0.0401328,0,0,0.25708,-0.130396,-0.0348669,0.451015,0.591015,2.25141,2.11628,nan,0.300452,0.301461,0.310607,0.289299,0.300507,0.301461,0.300507,0.310607,0.289299,1,0,0.0996628,0,0.00547061,-0.0421841,-0.00894608,0.273373,0.12075,0.00631785,-0.0270617,-0.00439386,0.25506,0.126681,0.031256,0.84897,-1.3484,10.6392,10.7579,0,22.3383
13.12,level,-0.127434,-0.432808,-0.0922078,-0.0407577,0,0,0.257566,-0.13264,-0.0338161,0.450997,0.590997,2.27267,2.12622,nan,0.300121,0.302501,0.308945,0.289978,0.299127,0.302501,0.299127,0.308945,0.289978,1,0,0.100944,0,0.00717698,-0.0423319,-0.00685351,0.276737,0.122644,0.00655099,-0.0269279,-0.00441905,0.26475,0.135656,0.0383238,0.70537,-1.51157,10.6465,10.7764,0,22.2023
13.13,level,-0.124934,-0.43144,-0.091241,-0.0409434,0,0,0.258094,-0.134581,-0.0341647,0.451001,0.591001,2.25347,2.10636,nan,0.29979,0.302087,0.309219,0.289558,0.298362,0.302087,0.298362,0.309219,0.289558,1,0,0.100138,0,0.00443456,-0.0443112,-0.00700453,0.273843,0.123202,0.00664378,-0.0268408,-0.00432944,0.266645,0.138425,0.0339826,0.804221,-1.41782,10.6538,10.7778,0,22.1179
13.14,level,-0.122432,-0.430054,-0.0924878,-0.0415611,0,0,0.258598,-0.136152,-0.0346113,0.451027,0.591027,2.27463,2.116,nan,0.299459,0.299097,0.311162,0.286619,0.301025,0.299097,0.301025,0.311162,0.286619,1,0,0.101512,0,0.00620878,-0.0428505,-0.011635,0.277551,0.125043,0.00688503,-0.0267016,-0.004365,0.253325,0.126414,0.0364916,0.698236,-1.55134,10.7113,10.8456,0,21.9807
13.15,level,-0.119922,-0.428655,-0.0920769,-0.0410916,0,0,0.259053,-0.137521,-0.0332974,0.451075,0.591075,2.24275,2.08677,nan,0.299128,0.301069,0.308631,0.288066,0.298813,0.301069,0.298813,0.308631,0.288066,1,0,0.100959,0,0.00845023,-0.0432386,-0.00804725,0.276346,0.123646,0.00702304,-0.0266261,-0.00439659,0.267858,0.135793,0.0421885,0.793699,-1.38012,10.6233,10.7419,0,21.9198
13.16,level,-0.117408,-0.427244,-0.0929625,-0.0420648,0,0,0.259575,-0.138562,-0.0341306,0.451145,0.591145,2.26371,2.09605,nan,0.298797,0.300322,0.308431,0.288051,0.29845,0.300322,0.29845,0.308431,0.288051,1,0,0.102159,0,0.00607333,-0.0421635,-0.00813507,0.278978,0.126573,0.00723569,-0.0264799,-0.00435758,0.259549,0.138273,0.0348883,0.772695,-1.57253,10.6208,10.7644,0,21.7717
13.17,level,-0.114893,-0.425824,-0.0927997,-0.0418078,0,0,0.2601,-0.139435,-0.0347923,0.451238,0.591238,2.24006,2.0729,nan,0.298466,0.300044,0.308483,0.287992,0.297409,0.300044,0.297409,0.308483,0.287992,1,0,0.101913,0,0.00259365,-0.0438196,-0.00784776,0.278507,0.125796,0.00738996,-0.0263923,-0.00438704,0.269243,0.134744,0.0360822,0.684288,-1.52,10.5616,10.6923,0,21.6973
13.18,level,-0.112378,-0.424395,-0.0933463,-0.0424555,0,0,0.260484,-0.140135,-0.0366928,0.451352,0.591352,2.26088,2.08222,nan,0.298134,0.300328,0.307459,0.287615,0.2972,0.300328,0.2972,0.307459,0.287615,1,0,0.102673,0,0.00650799,-0.0435283,-0.00734719,0.280135,0.127741,0.00758333,-0.0262627,-0.00436348,0.267687,0.134298,0.0350496,0.866896,-1.54614,10.5231,10.6713,0,21.5705
13.19,level,-0.109865,-0.422958,-0.0930881,-0.041872,0,0,0.260936,-0.140814,-0.0359513,0.451489,0.591489,2.2367,2.05893,nan,0.297802,0.298872,0.308138,0.286468,0.297796,0.298872,0.297796,0.308138,0.286468,1,0,0.102208,0,0.00546914,-0.0430993,-0.0090516,0.279373,0.125998,0.00773089,-0.026188,-0.00442123,0.272044,0.140003,0.0407539,0.665159,-1.49753,10.4674,10.5949,0,21.5141
13.2,level,-0.107345,-0.421516,-0.093536,-0.0423063,0,0,0.261418,-0.141544,-0.0354265,0.451648,0.591648,2.25738,2.06816,nan,0.29747,0.299578,0.306891,0.286509,0.296969,0.299578,0.296969,0.306891,0.286509,1,0,0.102794,0,0.0083464,-0.043564,-0.00781211,0.280724,0.127311,0.00792031,-0.0260659,-0.00440794,0.280964,0.145736,0.0337716,0.832163,-1.38436,10.6629,10.7845,0,21.4006
13.21,level,-0.10482,-0.420068,-0.0936402,-0.042262,0,0,0.262063,-0.142101,-0.0363506,0.451828,0.591828,2.25157,2.05812,nan,0.297137,0.299157,0.306426,0.286796,0.296235,0.299157,0.296235,0.306426,0.286796,1,0,0.10285,0,0.00575522,-0.0427321,-0.00734323,0.281004,0.127152,0.00808815,-0.0259674,-0.00442951,0.260029,0.127869,0.0400333,0.722377,-1.54993,10.5558,10.6934,0,21.315
13.22,level,-0.102291,-0.418614,-0.0942617,-0.0427149,0,0,0.262789,-0.142552,-0.0364908,0.452031,0.592031,2.27223,2.06718,nan,0.296804,0.298572,0.306841,0.285678,0.296191,0.298572,0.296191,0.306841,0.285678,1,0,0.103605,0,0.00595327,-0.0446109,-0.00825507,0.282864,0.128516,0.00828819,-0.0258427,-0.0044285,0.262085,0.12999,0.0361178,0.840398,-1.39077,10.6037,10.7275,0,21.2002
13.23,level,-0.0997579,-0.417158,-0.0938446,-0.0430365,0,0,0.26344,-0.142701,-0.0366051,0.452257,0.592257,2.24763,2.04335,nan,0.29647,0.296654,0.307845,0.284282,0.297166,0.296654,0.297166,0.307845,0.284282,1,0,0.103363,0,0.00448968,-0.0436781,-0.0105814,0.281614,0.129485,0.00841888,-0.025739,-0.00436566,0.263879,0.131976,0.0498662,0.840587,-1.56022,10.6316,10.7783,0,21.104
13.24,level,-0.0972203,-0.415702,-0.0948392,-0.0433855,0,0,0.26406,-0.142824,-0.0371984,0.452504,0.592504,2.26815,2.05212,nan,0.296136,0.296333,0.307408,0.284122,0.296746,0.296333,0.296746,0.307408,0.284122,1,0,0.104406,0,0.00411106,-0.0433416,-0.0104165,0.284589,0.13054,0.00864718,-0.0256087,-0.00441623,0.264152,0.134895,0.0458999,0.747299,-1.41301,10.568,10.6882,0,20.9919
13.25,level,-0.0946796,-0.414244,-0.0944481,-0.0435632,0,0,0.264659,-0.142922,-0.0377977,0.452774,0.592774,2.23697,2.02365,nan,0.295801,0.296758,0.306072,0.284482,0.295957,0.296758,0.295957,0.306072,0.284482,1,0,0.104136,0,0.00573296,-0.0424258,-0.00913734,0.283422,0.131072,0.00878215,-0.0255089,-0.00437413,0.267638,0.134371,0.047411,0.955468,-1.55711,10.5223,10.6797,0,20.9039
13.26,level,-0.0921346,-0.412786,-0.0955602,-0.0440547,0,0,0.265426,-0.142984,-0.0367472,0.453067,0.593067,2.2573,2.03267,nan,0.295465,0.295574,0.306485,0.283483,0.296387,0.295574,0.296387,0.306485,0.283483,1,0,0.105354,0,0.00528538,-0.0420446,-0.0104679,0.286755,0.13255,0.00901592,-0.0253723,-0.004421,0.272691,0.134392,0.0400714,0.73326,-1.50954,10.4851,10.6186,0,20.7864
13.27,level,-0.089579,-0.411328,-0.0950813,-0.0443456,0,0,0.266156,-0.143005,-0.037056,0.453381,0.593381,2.24316,2.01634,nan,0.295128,0.296391,0.305694,0.283684,0.294813,0.296391,0.294813,0.305694,0.283684,1,0,0.105032,0,0.00484058,-0.0446934,-0.00898018,0.285326,0.133425,0.00914661,-0.0252698,-0.00436359,0.277515,0.137629,0.0271003,0.853434,-1.40611,10.5333,10.661,0,20.6952
13.28,level,-0.0870194,-0.409872,-0.0961164,-0.0451438,0,0,0.266738,-0.142863,-0.0361036,0.453718,0.593718,2.26341,2.02501,nan,0.294789,0.295808,0.305125,0.283052,0.295241,0.295808,0.295241,0.305125,0.283052,1,0,0.106312,0,0.00761719,-0.0428972,-0.00945247,0.2884,0.135828,0.00937233,-0.0251238,-0.00437228,0.266562,0.138939,0.0395964,0.755639,-1.60926,10.5002,10.6497,0,20.5665
13.29,level,-0.0844522,-0.408418,-0.0954521,-0.0448563,0,0,0.267261,-0.142676,-0.0360405,0.454078,0.594078,2.25265,2.01094,nan,0.294448,0.295486,0.304941,0.283616,0.293819,0.295486,0.293819,0.304941,0.283616,1,0,0.105589,0,0.00198435,-0.0435637,-0.00863996,0.286421,0.134962,0.00949462,-0.0250431,-0.00437137,0.271618,0.138857,0.0364558,0.820035,-1.41352,10.5297,10.6557,0,20.5066
13.3,level,-0.0818836,-0.406968,-0.0962857,-0.0459099,0,0,0.267569,-0.142225,-0.0373146,0.454461,0.594461,2.27284,2.01943,nan,0.294106,0.294125,0.305184,0.281958,0.295224,0.294125,0.295224,0.305184,0.281958,1,0,0.106785,0,0.00585585,-0.0419273,-0.010691,0.288902,0.138119,0.00970569,-0.0248928,-0.00433689,0.269067,0.132113,0.0437469,0.869969,-1.58974,10.4618,10.6176,0,20.3703
13.31,level,-0.0793158,-0.405523,-0.0964968,-0.0456175,0,0,0.26789,-0.141737,-0.0365137,0.454866,0.594866,2.22146,1.97613,nan,0.293761,0.293093,0.305422,0.280887,0.295713,0.293093,0.295713,0.305422,0.280887,1,0,0.106856,0,0.0066243,-0.0415261,-0.0119351,0.289548,0.137244,0.00988454,-0.0247956,-0.00441103,0.276332,0.133966,0.0365598,0.694723,-1.48298,10.4425,10.5701,0,20.306
13.32,level,-0.0767428,-0.404084,-0.097053,-0.0467748,0,0,0.267975,-0.141303,-0.0364691,0.455295,0.595295,2.24131,1.98479,nan,0.293416,0.295595,0.302439,0.283079,0.292618,0.295595,0.292618,0.302439,0.283079,1,0,0.107856,0,0.0071492,-0.042324,-0.0072006,0.2912,0.140722,0.01008,-0.0246472,-0.00434693,0.27477,0.13545,0.0310752,0.90228,-1.49806,10.5336,10.6778,0,20.1704
13.33,level,-0.0741749,-0.402649,-0.0971502,-0.0466731,0,0,0.268003,-0.140884,-0.0368991,0.455747,0.595747,2.22795,1.96914,nan,0.293069,0.294295,0.302793,0.28208,0.293178,0.294295,0.293178,0.302793,0.28208,1,0,0.107896,0,0.00689671,-0.0413639,-0.00861276,0.291471,0.140407,0.0102484,-0.0245469,-0.00439114,0.261537,0.128328,0.0363431,0.898369,-1.61966,10.5659,10.727,0,20.1007
13.34,level,-0.0716071,-0.401219,-0.0978023,-0.0472456,0,0,0.268106,-0.140612,-0.0371119,0.456221,0.596221,2.24773,1.97771,nan,0.292722,0.294525,0.302534,0.281869,0.29203,0.294525,0.29203,0.302534,0.281869,1,0,0.108739,0,0.00570979,-0.0438832,-0.00798652,0.29345,0.142136,0.0104534,-0.0244151,-0.00440304,0.283602,0.133636,0.0404614,0.861614,-1.46601,10.4475,10.585,0,19.9961
13.35,level,-0.0690435,-0.399792,-0.0977646,-0.0471905,0,0,0.268253,-0.140026,-0.0380963,0.456719,0.596719,2.19973,1.93704,nan,0.292373,0.291999,0.303377,0.280978,0.293209,0.291999,0.293209,0.303377,0.280978,1,0,0.108669,0,0.00226082,-0.0401472,-0.0103768,0.29332,0.141976,0.0106154,-0.0243155,-0.00443384,0.271936,0.137045,0.0452779,0.894698,-1.46399,10.413,10.5534,0,19.9278
13.36,level,-0.0664804,-0.398371,-0.0990429,-0.0477515,0,0,0.26857,-0.139558,-0.0384051,0.457241,0.597241,2.2192,1.94567,nan,0.292022,0.292859,0.301993,0.280902,0.292403,0.292859,0.292403,0.301993,0.280902,1,0,0.110073,0,0.0062815,-0.0408284,-0.00906993,0.297148,0.143655,0.010858,-0.0241733,-0.00449485,0.276537,0.130404,0.0427437,0.711151,-1.57107,10.4593,10.6006,0,19.8244
13.37,level,-0.063917,-0.396955,-0.0984847,-0.0482208,0,0,0.269132,-0.139218,-0.0390041,0.457786,0.597786,2.15694,1.89485,nan,0.291667,0.292979,0.301265,0.280658,0.291838,0.292979,0.291838,0.301265,0.280658,1,0,0.109776,0,0.00767473,-0.0412082,-0.00855582,0.295474,0.145076,0.0109828,-0.0240691,-0.00441759,0.277911,0.140009,0.0403894,0.912588,-1.48626,10.524,10.6675,0,19.7371
13.38,level,-0.0613485,-0.395543,-0.0996234,-0.0488443,0,0,0.269987,-0.138961,-0.0386932,0.458354,0.598354,2.17598,1.90335,nan,0.291308,0.291571,0.301936,0.279664,0.292134,0.291571,0.292134,0.301936,0.279664,1,0,0.111068,0,0.00558504,-0.0411341,-0.0100363,0.298858,0.146946,0.0112141,-0.0239261,-0.00446247,0.266481,0.136145,0.0382586,0.848367,-1.59511,10.5219,10.6759,0,19.6356
13.39,level,-0.0587685,-0.394132,-0.0995407,-0.0480649,0,0,0.270954,-0.139197,-0.0380023,0.458947,0.598947,2.15327,1.88157,nan,0.290945,0.292163,0.300861,0.279764,0.291067,0.292163,0.291067,0.300861,0.279764,1,0,0.11065,0,0.00691115,-0.0420527,-0.00879102,0.298631,0.144598,0.0113769,-0.0238484,-0.00457042,0.27419,0.131379,0.0384867,0.823477,-1.45671,10.4948,10.6274,0,19.6084
13.4,level,-0.0561794,-0.392718,-0.0998632,-0.0491766,0,0,0.271977,-0.139621,-0.0380924,0.459564,0.599564,2.17217,1.89009,nan,0.290579,0.289772,0.302218,0.277833,0.292565,0.289772,0.292565,0.302218,0.277833,1,0,0.11143,0,0.00606405,-0.0409103,-0.0119456,0.299593,0.147945,0.0115575,-0.0237091,-0.00449209,0.28102,0.135911,0.0444717,0.953258,-1.40302,10.4885,10.6248,0,19.4903
13.41,level,-0.0535772,-0.391301,-0.099622,-0.0491384,0,0,0.273111,-0.14031,-0.0369755,0.460206,0.600206,2.14126,1.86228,nan,0.290208,0.290765,0.300532,0.278769,0.290842,0.290765,0.290842,0.300532,0.278769,1,0,0.111192,0,0.00611753,-0.0410908,-0.00959887,0.298863,0.147818,0.0117064,-0.0236136,-0.00450568,0.275064,0.128707,0.0416677,0.741014,-1.5367,10.4276,10.5662,0,19.4301
13.42,level,-0.0509617,-0.389876,-0.0999938,-0.0499771,0,0,0.274233,-0.141204,-0.0369516,0.460872,0.600872,2.15997,1.87046,nan,0.289834,0.290317,0.300499,0.277886,0.290711,0.290317,0.290711,0.300499,0.277886,1,0,0.1119,0,0.0070107,-0.0420987,-0.0101123,0.299978,0.150347,0.0118906,-0.0234803,-0.00446532,0.283769,0.13395,0.0505816,0.836897,-1.39213,10.5186,10.6433,0,19.3273
13.43,level,-0.0483363,-0.388443,-0.0995481,-0.050162,0,0,0.275452,-0.142063,-0.0373258,0.461564,0.601564,2.13245,1.84504,nan,0.289458,0.290492,0.299209,0.278967,0.28924,0.290492,0.28924,0.299209,0.278967,1,0,0.111582,0,0.00412811,-0.0407255,-0.00834662,0.298623,0.150933,0.012026,-0.0233797,-0.00443564,0.270194,0.157197,0.0356755,0.862028,-1.51903,10.3634,10.5095,0,19.2587
13.44,level,-0.0457013,-0.387001,-0.100773,-0.0507778,0,0,0.276833,-0.143271,-0.0376412,0.46228,0.60228,2.151,1.85357,nan,0.289082,0.289659,0.299505,0.277587,0.289653,0.289659,0.289653,0.299505,0.277587,1,0,0.112961,0,0.00588884,-0.041544,-0.00963069,0.302293,0.152754,0.0122665,-0.0232327,-0.00449682,0.277373,0.135218,0.0359567,0.761617,-1.56644,10.4626,10.6066,0,19.1668
13.45,level,-0.0430517,-0.385546,-0.0999523,-0.0508227,0,0,0.278398,-0.145008,-0.0368497,0.463022,0.603022,2.12824,1.83168,nan,0.288706,0.289188,0.299416,0.276832,0.289462,0.289188,0.289462,0.299416,0.276832,1,0,0.112254,0,0.00637198,-0.0422723,-0.0100464,0.299841,0.152904,0.0123799,-0.023144,-0.00445457,0.280915,0.148219,0.0336057,0.891615,-1.47011,10.5077,10.6474,0,19.1064
13.46,level,-0.040384,-0.384072,-0.100621,-0.0521402,0,0,0.28015,-0.147115,-0.0373221,0.463789,0.603789,2.14664,1.84001,nan,0.288329,0.289376,0.298158,0.277357,0.288503,0.289376,0.288503,0.298158,0.277357,1,0,0.113442,0,0.00626963,-0.0410682,-0.00875907,0.301832,0.156859,0.0125841,-0.0229864,-0.00439452,0.285325,0.144937,0.0383188,0.97785,-1.53485,10.3771,10.5354,0,18.984
13.47,level,-0.0377026,-0.382575,-0.100366,-0.0518969,0,0,0.282076,-0.149647,-0.0377772,0.46458,0.60458,2.10674,1.80605,nan,0.287953,0.286284,0.300162,0.275321,0.290119,0.286284,0.290119,0.300162,0.275321,1,0,0.113107,0,0.00243876,-0.0398026,-0.012604,0.301069,0.156132,0.0127362,-0.0228907,-0.0044337,0.284657,0.146638,0.0521937,0.7829,-1.58769,10.4614,10.6102,0,18.9371
13.48,level,-0.0349991,-0.381052,-0.10086,-0.0525646,0,0,0.283934,-0.15264,-0.0370471,0.465397,0.605397,2.12488,1.81417,nan,0.287575,0.28713,0.298703,0.275417,0.289126,0.28713,0.289126,0.298703,0.275417,1,0,0.113855,0,0.00566302,-0.040341,-0.0111122,0.302545,0.158149,0.0129354,-0.0227526,-0.00443088,0.287481,0.154755,0.0418073,0.848015,-1.56706,10.467,10.6176,0,18.847
13.49,level,-0.0322774,-0.379499,-0.10046,-0.0527026,0,0,0.285671,-0.155922,-0.0367445,0.46624,0.60624,2.07474,1.77286,nan,0.287197,0.287151,0.298041,0.275661,0.28801,0.287151,0.28801,0.298041,0.275661,1,0,0.113566,0,0.00387024,-0.0407787,-0.0102145,0.301355,0.158552,0.0130802,-0.0226465,-0.0044153,0.293145,0.149403,0.0298992,1.02468,-1.43016,10.4722,10.619,0,18.7821
13.5,level,-0.0295394,-0.377912,-0.1015,-0.0532814,0,0,0.287195,-0.15972,-0.0362829,0.467107,0.607107,2.09256,1.78131,nan,0.28682,0.287233,0.297333,0.276177,0.28661,0.287233,0.28661,0.297333,0.276177,1,0,0.11475,0,0.000883514,-0.041267,-0.00902482,0.304457,0.160302,0.0133157,-0.0224958,-0.00446613,0.290719,0.1548,0.0272834,0.898097,-1.56733,10.4209,10.5763,0,18.6978
13.51,level,-0.0267877,-0.376286,-0.100766,-0.0527906,0,0,0.288272,-0.163794,-0.03629,0.467999,0.607999,2.07084,1.76058,nan,0.286446,0.287153,0.297069,0.275362,0.286273,0.287153,0.286273,0.297069,0.275362,1,0,0.113876,0,0.00264086,-0.0427975,-0.00915384,0.30227,0.158848,0.0134431,-0.0224117,-0.0044822,0.293714,0.169872,0.029836,0.938477,-1.42013,10.4712,10.6086,0,18.6619
13.52,level,-0.0240288,-0.374621,-0.101418,-0.0537444,0,0,0.289026,-0.167511,-0.0367608,0.468917,0.608917,2.08853,1.76853,nan,0.286077,0.286841,0.296197,0.27561,0.285735,0.286841,0.285735,0.296197,0.27561,1,0,0.11489,0,0.00204042,-0.0411042,-0.00856186,0.304205,0.161695,0.0136517,-0.0222582,-0.00445137,0.289877,0.156087,0.04076,0.996653,-1.51617,10.3747,10.5322,0,18.5603
13.53,level,-0.0212651,-0.372921,-0.101018,-0.0531806,0,0,0.289649,-0.170959,-0.0364432,0.469858,0.609858,2.06722,1.74845,nan,0.285715,0.284718,0.297966,0.272806,0.287442,0.284718,0.287442,0.297966,0.272806,1,0,0.114286,0,0.00368173,-0.0425107,-0.0122559,0.303028,0.160016,0.013798,-0.022168,-0.00449602,0.299591,0.167018,0.0379642,0.774402,-1.61378,10.5206,10.6718,0,18.5277
13.54,level,-0.0184942,-0.37119,-0.101566,-0.0539336,0,0,0.290073,-0.173867,-0.037021,0.470824,0.610824,2.08479,1.7564,nan,0.285358,0.286729,0.295652,0.274029,0.285092,0.286729,0.285092,0.295652,0.274029,1,0,0.11512,0,0.00567903,-0.0440735,-0.00878419,0.304655,0.162284,0.0140031,-0.0220193,-0.00447109,0.297241,0.169797,0.0407974,1.07503,-1.44992,10.4835,10.6378,0,18.4367
13.55,level,-0.0157265,-0.369434,-0.101234,-0.0542602,0,0,0.290383,-0.176255,-0.0382521,0.471813,0.611813,2.06061,1.73386,nan,0.285005,0.285485,0.295931,0.273108,0.285567,0.285485,0.285567,0.295931,0.273108,1,0,0.114981,0,0.0053416,-0.0430895,-0.0100677,0.303636,0.163263,0.0141523,-0.0219008,-0.00442277,0.283156,0.170519,0.0337329,0.960545,-1.54222,10.4329,10.5899,0,18.3632
13.56,level,-0.0129578,-0.367656,-0.102146,-0.0544581,0,0,0.290815,-0.178367,-0.0377999,0.472825,0.612825,2.07805,1.74172,nan,0.284657,0.286509,0.294175,0.274312,0.283701,0.286509,0.283701,0.294175,0.274312,1,0,0.11588,0,0.00457084,-0.0429568,-0.00749609,0.306377,0.163871,0.0143782,-0.021757,-0.00448339,0.292936,0.176809,0.0365369,0.89133,-1.51855,10.3527,10.5014,0,18.3018
13.57,level,-0.0101865,-0.365859,-0.101329,-0.0540709,0,0,0.291234,-0.180128,-0.0377266,0.473861,0.613861,2.03964,1.70893,nan,0.284313,0.286214,0.294029,0.274082,0.282995,0.286214,0.282995,0.294029,0.274082,1,0,0.114979,0,0.00291356,-0.0438938,-0.00735266,0.303945,0.162715,0.0144995,-0.021667,-0.00446618,0.297856,0.183389,0.0433317,1.02273,-1.47766,10.4278,10.5815,0,18.2607
13.58,level,-0.00741188,-0.364048,-0.102417,-0.0545932,0,0,0.291714,-0.181538,-0.0377702,0.474919,0.614919,2.05682,1.71646,nan,0.283972,0.284401,0.295128,0.272009,0.284416,0.284401,0.284416,0.295128,0.272009,1,0,0.116188,0,0.00445426,-0.0437792,-0.0101679,0.3072,0.164267,0.0147358,-0.0215092,-0.00450568,0.30071,0.171806,0.0230396,0.937919,-1.53133,10.3938,10.5477,0,18.1884
13.59,level,-0.00463198,-0.362224,-0.101706,-0.0538289,0,0,0.292189,-0.182686,-0.0373489,0.476,0.616,2.02553,1.68872,nan,0.283633,0.284417,0.294468,0.272441,0.283275,0.284417,0.283275,0.294468,0.272441,1,0,0.115196,0,0.00207689,-0.0438996,-0.00917927,0.305081,0.161985,0.0148653,-0.0214258,-0.00453615,0.302699,0.180259,0.042965,0.835965,-1.48747,10.3787,10.518,0,18.1666
13.6,level,-0.00184963,-0.360393,-0.101999,-0.0549369,0,0,0.292408,-0.183364,-0.0391419,0.477103,0.617103,2.0425,1.69632,nan,0.283297,0.284244,0.293931,0.27162,0.283462,0.284244,0.283462,0.293931,0.27162,1,0,0.115979,0,0.00571414,-0.0437561,-0.00946232,0.305926,0.16532,0.015055,-0.021269,-0.00445059,0.290656,0.185308,0.0394142,0.990014,-1.52236,10.3164,10.4751,0,18.066
13.61,level,0.000929875,-0.358556,-0.101653,-0.0547262,0,0,0.292591,-0.183882,-0.0383547,0.478229,0.618229,1.99691,1.6587,nan,0.282964,0.283412,0.29384,0.271533,0.283137,0.283412,0.283137,0.29384,0.271533,1,0,0.115579,0,0.00311823,-0.0427873,-0.00968385,0.304916,0.164667,0.0152034,-0.0211627,-0.00445502,0.305339,0.172897,0.0365612,0.904608,-1.5458,10.5021,10.6537,0,18.0231
13.62,level,0.00371187,-0.356717,-0.102004,-0.0553714,0,0,0.292736,-0.184123,-0.0385495,0.479377,0.619377,2.01358,1.66627,nan,0.282631,0.283765,0.293088,0.271926,0.28181,0.283765,0.28181,0.293088,0.271926,1,0,0.116184,0,0.00149075,-0.0438031,-0.00844203,0.305942,0.166624,0.0153981,-0.0210145,-0.00442791,0.294135,0.185855,0.0295051,1.00865,-1.47368,10.4506,10.6021,0,17.9476
13.63,level,0.00649193,-0.354878,-0.101569,-0.0549574,0,0,0.292581,-0.183964,-0.0385683,0.480547,0.620547,1.9561,1.6201,nan,0.282298,0.282899,0.293155,0.270323,0.282883,0.282899,0.282883,0.293155,0.270323,1,0,0.115604,0,0.00611098,-0.0432916,-0.0100282,0.304643,0.165376,0.0155412,-0.0209148,-0.00444813,0.293069,0.183586,0.0361585,0.914889,-1.64765,10.4976,10.6654,0,17.9165
13.64,level,0.00927041,-0.353043,-0.101918,-0.0554521,0,0,0.292284,-0.183647,-0.0374523,0.48174,0.62174,1.97239,1.62757,nan,0.281966,0.282313,0.293035,0.270191,0.282392,0.282313,0.282392,0.293035,0.270191,1,0,0.116145,0,0.00392509,-0.0431341,-0.0100757,0.305688,0.166858,0.0157347,-0.0207726,-0.00444102,0.29768,0.18036,0.0365134,0.934713,-1.39547,10.43,10.5644,0,17.8519
13.65,level,0.0120474,-0.351213,-0.101319,-0.055293,0,0,0.291726,-0.183113,-0.0369898,0.482954,0.622954,1.94592,1.60411,nan,0.281634,0.282227,0.292819,0.269297,0.282261,0.282227,0.282261,0.292819,0.269297,1,0,0.115546,0,0.00629213,-0.0445063,-0.0103536,0.303876,0.166379,0.0158681,-0.0206697,-0.00442425,0.283893,0.180374,0.0449356,1.00924,-1.47918,10.3192,10.4734,0,17.8108
13.66,level,0.0148179,-0.34939,-0.10214,-0.0558607,0,0,0.291186,-0.182344,-0.0367323,0.484191,0.624191,1.96206,1.61172,nan,0.281303,0.281437,0.292471,0.269656,0.281715,0.281437,0.281715,0.292471,0.269656,1,0,0.116545,0,0.00271598,-0.0427031,-0.0101499,0.306354,0.168092,0.0160858,-0.0205138,-0.0044455,0.304095,0.183454,0.0430004,0.818161,-1.58675,10.3451,10.498,0,17.7528
13.67,level,0.0175811,-0.347577,-0.101305,-0.0556753,0,0,0.290659,-0.181498,-0.0380035,0.485449,0.625449,1.93528,1.58806,nan,0.280971,0.28154,0.292368,0.269005,0.281039,0.28154,0.281039,0.292368,0.269005,1,0,0.115719,0,0.0031991,-0.0452175,-0.0100488,0.303848,0.167524,0.0162062,-0.0204177,-0.00441659,0.296649,0.179012,0.0423801,1.04892,-1.39951,10.3726,10.519,0,17.7138
13.68,level,0.0203363,-0.345774,-0.102099,-0.0560923,0,0,0.290129,-0.18063,-0.0378121,0.48673,0.62673,1.95125,1.5954,nan,0.280637,0.280147,0.29252,0.267977,0.281971,0.280147,0.281971,0.29252,0.267977,1,0,0.116617,0,0.00430088,-0.0430471,-0.0115889,0.306215,0.168788,0.0164216,-0.0202668,-0.00445275,0.294914,0.184432,0.0431876,0.923362,-1.55897,10.5051,10.6603,0,17.6679
13.69,level,0.0230871,-0.34398,-0.101639,-0.0554566,0,0,0.289756,-0.179879,-0.0374255,0.488033,0.628033,1.92409,1.57164,nan,0.2803,0.280987,0.291277,0.269278,0.279725,0.280987,0.279725,0.291277,0.269278,1,0,0.115907,0,0.000416153,-0.0440752,-0.00911376,0.30486,0.166865,0.0165618,-0.0201747,-0.00449741,0.302797,0.177897,0.0307948,0.852188,-1.5172,10.3812,10.526,0,17.6572
13.7,level,0.0258301,-0.342194,-0.101535,-0.0564444,0,0,0.289274,-0.179215,-0.0388482,0.489359,0.629359,1.93989,1.57924,nan,0.279961,0.279763,0.291816,0.267494,0.280839,0.279763,0.280839,0.291816,0.267494,1,0,0.116287,0,0.00342985,-0.0440476,-0.0111629,0.304523,0.169828,0.016725,-0.0200316,-0.00440812,0.296136,0.174157,0.0515449,1.07681,-1.53002,10.2903,10.459,0,17.5803
13.71,level,0.0285662,-0.340416,-0.101476,-0.0559487,0,0,0.288838,-0.178597,-0.0388029,0.490707,0.630707,1.90756,1.55193,nan,0.27962,0.278088,0.29263,0.265856,0.281975,0.278088,0.281975,0.29263,0.265856,1,0,0.115995,0,0.00418425,-0.0433675,-0.0134766,0.304358,0.168328,0.0168858,-0.0199262,-0.00446963,0.299695,0.166004,0.0552382,0.911987,-1.54228,10.3348,10.489,0,17.572
13.72,level,0.0313,-0.338644,-0.102087,-0.0564246,0,0,0.288555,-0.178239,-0.0381817,0.492079,0.632079,1.92317,1.55937,nan,0.279279,0.280892,0.289468,0.267947,0.278876,0.280892,0.278876,0.289468,0.267947,1,0,0.116766,0,0.00624556,-0.0445971,-0.00857296,0.30619,0.169777,0.0170902,-0.0197799,-0.00448855,0.306182,0.178982,0.0468723,0.949685,-1.48652,10.395,10.5437,0,17.5319
13.73,level,0.0340268,-0.336877,-0.10189,-0.0567294,0,0,0.288313,-0.177917,-0.0396099,0.493472,0.633472,1.88107,1.52496,nan,0.278937,0.279021,0.290062,0.266657,0.280077,0.279021,0.280077,0.290062,0.266657,1,0,0.116731,0,0.00631049,-0.0423454,-0.0107512,0.305576,0.170686,0.0172442,-0.0196574,-0.0044574,0.290893,0.176501,0.0335169,0.981152,-1.56965,10.3503,10.5145,0,17.4912
13.74,level,0.0367515,-0.335114,-0.102547,-0.0572485,0,0,0.288352,-0.17775,-0.0379751,0.494889,0.634889,1.8964,1.53255,nan,0.278596,0.27882,0.289681,0.2667,0.27925,0.27882,0.27925,0.289681,0.2667,1,0,0.117564,0,0.00447985,-0.0427271,-0.0102897,0.307541,0.172253,0.0174491,-0.0195093,-0.00447922,0.29675,0.178854,0.0462182,0.927566,-1.53323,10.3727,10.5263,0,17.4551
13.75,level,0.0394801,-0.333352,-0.101886,-0.0570407,0,0,0.288486,-0.177897,-0.0380302,0.496329,0.636329,1.87872,1.51604,nan,0.278255,0.278652,0.289297,0.266504,0.278634,0.278652,0.278634,0.289297,0.266504,1,0,0.116878,0,0.00394041,-0.0432217,-0.0100103,0.305545,0.171626,0.0175747,-0.0194116,-0.00446601,0.283058,0.178984,0.0478682,1.02546,-1.46008,10.4341,10.5856,0,17.4333
13.76,level,0.0422092,-0.331588,-0.10276,-0.0577218,0,0,0.288812,-0.178256,-0.0386862,0.497791,0.637791,1.89397,1.52351,nan,0.277915,0.278818,0.288231,0.26641,0.278269,0.278818,0.278269,0.288231,0.26641,1,0,0.117985,0,0.00648883,-0.042387,-0.00935009,0.308174,0.173653,0.0177913,-0.0192529,-0.00448613,0.297494,0.16636,0.0289418,0.917674,-1.58571,10.4426,10.6021,0,17.3993
13.77,level,0.0449402,-0.329821,-0.102459,-0.0572911,0,0,0.289253,-0.178858,-0.0385463,0.499276,0.639276,1.88318,1.51198,nan,0.277577,0.277535,0.288848,0.265508,0.278483,0.277535,0.278483,0.288848,0.265508,1,0,0.117509,0,0.00441078,-0.0424281,-0.0106753,0.307294,0.172377,0.0179386,-0.0191516,-0.00452327,0.307039,0.178534,0.0346381,0.898722,-1.50585,10.265,10.4137,0,17.3961
13.78,level,0.0476742,-0.328049,-0.10296,-0.0586379,0,0,0.289621,-0.17973,-0.0392061,0.500783,0.640783,1.89839,1.51947,nan,0.27724,0.277996,0.287544,0.265781,0.277707,0.277996,0.277707,0.287544,0.265781,1,0,0.118592,0,0.00630911,-0.0417848,-0.00943817,0.308742,0.17642,0.0181362,-0.0189855,-0.00445066,0.286041,0.17528,0.0443847,1.0055,-1.46084,10.3947,10.5449,0,17.3328
13.79,level,0.0504099,-0.326268,-0.102292,-0.0584111,0,0,0.290082,-0.180828,-0.0386269,0.502312,0.642312,1.85671,1.48567,nan,0.276906,0.277129,0.288194,0.264763,0.277604,0.277129,0.277604,0.288194,0.264763,1,0,0.117908,0,0.00470913,-0.0434974,-0.0105076,0.30676,0.175737,0.018261,-0.0188883,-0.00444368,0.294673,0.177432,0.0334587,0.945253,-1.58784,10.4587,10.6207,0,17.3174
13.8,level,0.0531512,-0.324476,-0.102359,-0.0591011,0,0,0.29057,-0.182139,-0.0385493,0.503864,0.643864,1.87165,1.4931,nan,0.276574,0.275998,0.288721,0.263656,0.277988,0.275998,0.277988,0.288721,0.263656,1,0,0.118316,0,0.00426829,-0.0437218,-0.011891,0.306965,0.177829,0.0184332,-0.0187475,-0.00440668,0.303864,0.189325,0.044433,0.996351,-1.52983,10.4227,10.5814,0,17.2776
13.81,level,0.0558976,-0.322672,-0.101885,-0.0588147,0,0,0.291055,-0.183396,-0.0385151,0.505438,0.645438,1.85035,1.47422,nan,0.276245,0.276616,0.287264,0.264368,0.276796,0.276616,0.276796,0.287264,0.264368,1,0,0.117761,0,0.00472285,-0.0430421,-0.0101421,0.305528,0.176965,0.0185686,-0.0186443,-0.0044172,0.289011,0.189689,0.0301744,0.980743,-1.5861,10.2984,10.4659,0,17.2708
13.82,level,0.0586478,-0.320857,-0.102865,-0.0587253,0,0,0.291633,-0.184634,-0.0381713,0.507034,0.647034,1.86519,1.4817,nan,0.275918,0.275754,0.287637,0.263791,0.276554,0.275754,0.276554,0.287637,0.263791,1,0,0.118572,0,0.0023342,-0.0436683,-0.010833,0.308473,0.176692,0.0187875,-0.0185003,-0.00451747,0.29812,0.181662,0.0563472,0.938786,-1.52394,10.3251,10.4791,0,17.2853
13.83,level,0.0614022,-0.319031,-0.102035,-0.0585468,0,0,0.292068,-0.18594,-0.0384419,0.508651,0.648651,1.8608,1.47534,nan,0.275593,0.275671,0.286937,0.263246,0.276582,0.275671,0.276582,0.286937,0.263246,1,0,0.117765,0,0.00549308,-0.0431615,-0.0108129,0.305999,0.176171,0.0189064,-0.0184031,-0.00448829,0.301801,0.195476,0.0416741,1.10357,-1.48233,10.4438,10.606,0,17.2696
13.84,level,0.0641607,-0.317192,-0.103048,-0.0591766,0,0,0.292763,-0.187499,-0.0389293,0.51029,0.65029,1.87565,1.4828,nan,0.275273,0.275435,0.28623,0.263438,0.276052,0.275435,0.276052,0.28623,0.263438,1,0,0.118936,0,0.00482705,-0.0420164,-0.010289,0.309004,0.178041,0.0191292,-0.0182408,-0.00451934,0.291503,0.178254,0.0450559,0.972569,-1.59348,10.4436,10.6091,0,17.2606
13.85,level,0.0669266,-0.315338,-0.102241,-0.0585878,0,0,0.293866,-0.18948,-0.0392725,0.51195,0.65195,1.8475,1.45872,nan,0.274957,0.275838,0.28569,0.26335,0.275015,0.275838,0.275015,0.28569,0.26335,1,0,0.117955,0,0.00480992,-0.0438892,-0.00945733,0.306601,0.176278,0.0192464,-0.0181542,-0.00452834,0.294531,0.184016,0.0446346,0.993205,-1.41589,10.4493,10.5914,0,17.2647
13.86,level,0.0697021,-0.313464,-0.102778,-0.0594577,0,0,0.295156,-0.191595,-0.0387177,0.513631,0.653631,1.86217,1.46602,nan,0.274647,0.275306,0.285627,0.262842,0.274874,0.275306,0.274874,0.285627,0.262842,1,0,0.118856,0,0.00453764,-0.0439911,-0.00982522,0.308198,0.178896,0.0194458,-0.0179947,-0.00449862,0.295563,0.186996,0.0384652,0.965739,-1.57269,10.3962,10.5588,0,17.2405
13.87,level,0.0724919,-0.31157,-0.102022,-0.0589359,0,0,0.296624,-0.193887,-0.0387577,0.515332,0.655332,1.85971,1.46097,nan,0.274341,0.273716,0.286531,0.261567,0.275608,0.273716,0.275608,0.286531,0.261567,1,0,0.117951,0,0.00325313,-0.043716,-0.0118038,0.305964,0.17734,0.0195675,-0.0179028,-0.00450514,0.307977,0.196654,0.0380706,0.898636,-1.54362,10.3582,10.511,0,17.2448
13.88,level,0.0752956,-0.309652,-0.102025,-0.0593452,0,0,0.29797,-0.196356,-0.0385597,0.517054,0.657054,1.8744,1.46822,nan,0.274042,0.274794,0.284998,0.262319,0.274115,0.274794,0.274115,0.284998,0.262319,1,0,0.118145,0,0.00422317,-0.0442573,-0.00967002,0.305944,0.178567,0.0197369,-0.0177657,-0.00447979,0.29392,0.194948,0.0469949,1.03608,-1.4147,10.3883,10.5352,0,17.2306
13.89,level,0.0781114,-0.307713,-0.101596,-0.059099,0,0,0.299154,-0.198516,-0.0374923,0.518795,0.658795,1.8645,1.45768,nan,0.273755,0.273813,0.285184,0.262385,0.273693,0.273813,0.273693,0.285184,0.262385,1,0,0.117663,0,-0.000165153,-0.0434256,-0.0099681,0.304687,0.177834,0.0198785,-0.0176564,-0.00448581,0.310563,0.200599,0.0409615,0.87777,-1.55482,10.3635,10.5162,0,17.2333
13.9,level,0.08094,-0.305755,-0.101718,-0.0598855,0,0,0.300136,-0.200462,-0.0369668,0.520555,0.660555,1.87916,1.46471,nan,0.273479,0.272855,0.285752,0.260955,0.274409,0.272855,0.274409,0.285752,0.260955,1,0,0.118157,0,0.00147917,-0.0440405,-0.0115818,0.30503,0.180199,0.0200584,-0.0175044,-0.00443945,0.301182,0.203304,0.0402146,1.14627,-1.51171,10.3365,10.5091,0,17.2102
13.91,level,0.0837774,-0.303779,-0.101173,-0.059278,0,0,0.300772,-0.202091,-0.0371991,0.522333,0.662333,1.86528,1.4509,nan,0.273215,0.274635,0.283861,0.262256,0.272158,0.274635,0.272158,0.283861,0.262256,1,0,0.117383,0,0.00179226,-0.0456314,-0.00840688,0.303413,0.178353,0.0201921,-0.017405,-0.00446751,0.307084,0.188377,0.0552699,0.958009,-1.51208,10.3632,10.5166,0,17.2274
13.92,level,0.0866172,-0.301791,-0.101478,-0.060095,0,0,0.301282,-0.203447,-0.037369,0.524128,0.664128,1.87987,1.45781,nan,0.272961,0.273478,0.284435,0.261199,0.272781,0.273478,0.272781,0.284435,0.261199,1,0,0.118062,0,0.00165671,-0.0453477,-0.00990638,0.304325,0.180806,0.0203822,-0.017246,-0.00443324,0.313089,0.188965,0.0466784,1.07224,-1.42967,10.3551,10.5082,0,17.2118
13.93,level,0.0894588,-0.299792,-0.101026,-0.0597748,0,0,0.301581,-0.204532,-0.0380388,0.52594,0.66594,1.84781,1.43092,nan,0.272716,0.271958,0.285335,0.259603,0.274017,0.271958,0.274017,0.285335,0.259603,1,0,0.117509,0,0.0027513,-0.0448578,-0.0122148,0.302963,0.17985,0.0205229,-0.0171352,-0.00444485,0.302902,0.19445,0.040355,1.01477,-1.54251,10.3849,10.5477,0,17.2228
13.94,level,0.0923039,-0.297785,-0.101122,-0.0603638,0,0,0.301664,-0.205286,-0.0369901,0.527767,0.667767,1.8622,1.43778,nan,0.27248,0.273141,0.283814,0.261212,0.2718,0.273141,0.2718,0.283814,0.261212,1,0,0.117892,0,-0.000224089,-0.0453667,-0.0093448,0.303244,0.181627,0.0207009,-0.0169854,-0.0044164,0.305063,0.199742,0.0410296,1.01639,-1.43288,10.3971,10.5445,0,17.2152
13.95,level,0.0951471,-0.295774,-0.100646,-0.0600629,0,0,0.301453,-0.205768,-0.0374696,0.52961,0.66961,1.8415,1.41893,nan,0.272252,0.271175,0.28472,0.259516,0.27364,0.271175,0.27364,0.28472,0.259516,1,0,0.117326,0,0.00153779,-0.0430858,-0.0121612,0.301834,0.18072,0.0208409,-0.0168735,-0.00442608,0.312493,0.199874,0.0368606,0.875624,-1.49266,10.3508,10.4945,0,17.2279
13.96,level,0.0979873,-0.293759,-0.101001,-0.0606718,0,0,0.301055,-0.206258,-0.0366293,0.531468,0.671468,1.85577,1.42577,nan,0.272031,0.2733,0.28243,0.260929,0.271508,0.2733,0.271508,0.28243,0.260929,1,0,0.117955,0,0.00384578,-0.0441356,-0.00866216,0.302884,0.182581,0.0210318,-0.0167159,-0.00441817,0.308775,0.220646,0.0397921,1.13728,-1.48579,10.2976,10.4662,0,17.2313
13.97,level,0.100823,-0.291741,-0.100568,-0.0599288,0,0,0.30056,-0.206754,-0.0369883,0.533341,0.673341,1.83369,1.40611,nan,0.271816,0.272223,0.283637,0.259695,0.271752,0.272223,0.271752,0.283637,0.259695,1,0,0.1172,0,0.00170572,-0.0462603,-0.0103161,0.301592,0.180327,0.0211699,-0.0166144,-0.00446591,0.305815,0.20647,0.0355404,1.00423,-1.43853,10.2631,10.4119,0,17.2652
13.98,level,0.103652,-0.289721,-0.10073,-0.0605827,0,0,0.299838,-0.206853,-0.0369361,0.535227,0.675227,1.84783,1.41278,nan,0.271606,0.27208,0.283087,0.259605,0.271692,0.27208,0.271692,0.283087,0.259605,1,0,0.117676,0,0.00286792,-0.0452293,-0.0101504,0.302076,0.182279,0.0213486,-0.0164614,-0.00443375,0.310494,0.198829,0.0309344,0.987548,-1.46444,10.3605,10.51,0,17.2667
13.99,level,0.106473,-0.287704,-0.100101,-0.0599285,0,0,0.2989,-0.206566,-0.0362515,0.537128,0.677128,1.80187,1.37595,nan,0.271398,0.272007,0.28306,0.259572,0.270996,0.272007,0.270996,0.28306,0.259572,1,0,0.116809,0,0.000983231,-0.0464187,-0.00987943,0.300215,0.180337,0.0214774,-0.0163628,-0.00446146,0.318848,0.214456,0.0447637,1.02506,-1.41178,10.3193,10.4658,0,17.2943
14,level,0.109285,-0.285691,-0.100519,-0.0606791,0,0,0.297687,-0.205998,-0.0361678,0.539042,0.679042,1.81571,1.38289,nan,0.271194,0.271515,0.282316,0.259537,0.27145,0.271515,0.27145,0.282316,0.259537,1,0,0.117534,0,0.00294648,-0.0432857,-0.00998335,0.301424,0.182568,0.0216671,-0.0162026,-0.00444253,0.2979,0.199432,0.0370231,0.932505,-1.5567,10.414,10.5709,0,17.3043
14.01,level,0.112085,-0.283687,-0.0998606,-0.0606978,0,0,0.296385,-0.205347,-0.0361287,0.54097,0.68097,1.7774,1.35185,nan,0.270991,0.27111,0.283078,0.258684,0.271132,0.27111,0.271132,0.283078,0.258684,1,0,0.116978,0,0.00127496,-0.0461793,-0.0107314,0.299442,0.18263,0.0217964,-0.016088,-0.0044079,0.290421,0.206279,0.0311629,1.06842,-1.38992,10.3248,10.4725,0,17.3104
14.02,level,0.114871,-0.281691,-0.100282,-0.0611437,0,0,0.295129,-0.204632,-0.0357926,0.542912,0.682912,1.791,1.35853,nan,0.270784,0.271128,0.28213,0.258754,0.271167,0.271128,0.271167,0.28213,0.258754,1,0,0.117572,0,0.00374224,-0.0442194,-0.0102915,0.300717,0.183963,0.0219838,-0.015934,-0.00441917,0.304761,0.200082,0.0410452,0.934186,-1.43889,10.2557,10.3982,0,17.3361
14.03,level,0.117646,-0.279703,-0.0993822,-0.0607819,0,0,0.294045,-0.204026,-0.0354364,0.544867,0.684867,1.75928,1.33248,nan,0.270576,0.271045,0.281935,0.258879,0.270487,0.271045,0.270487,0.281935,0.258879,1,0,0.116615,0,0.00190481,-0.0447439,-0.00988866,0.298023,0.182875,0.022096,-0.0158357,-0.00440192,0.299935,0.202675,0.0330626,1.08311,-1.4898,10.2854,10.449,0,17.3511
14.04,level,0.120412,-0.277721,-0.0999229,-0.0611207,0,0,0.293103,-0.203572,-0.0354002,0.546836,0.686836,1.77269,1.33932,nan,0.270365,0.271035,0.281241,0.259021,0.270205,0.271035,0.270205,0.281241,0.259021,1,0,0.117257,0,0.00259625,-0.043677,-0.00940139,0.299629,0.183895,0.0222875,-0.0156827,-0.00443277,0.29557,0.202001,0.0383424,0.962584,-1.46517,10.2835,10.4318,0,17.3887
14.05,level,0.123168,-0.275746,-0.099302,-0.0610536,0,0,0.292187,-0.203265,-0.0358606,0.54882,0.68882,1.73534,1.30945,nan,0.270153,0.271338,0.280552,0.259112,0.269653,0.271338,0.269653,0.280552,0.259112,1,0,0.116688,0,0.00351787,-0.0438168,-0.00868294,0.297775,0.183688,0.0224139,-0.0155708,-0.0044104,0.297323,0.200607,0.0407295,1.03835,-1.52346,10.3274,10.4907,0,17.4056
14.06,level,0.125915,-0.273774,-0.099825,-0.0615654,0,0,0.291511,-0.203085,-0.0355739,0.550817,0.690817,1.74852,1.31653,nan,0.26994,0.26905,0.282759,0.256662,0.271333,0.26905,0.271333,0.282759,0.256662,1,0,0.117395,0,0.00255281,-0.0451235,-0.0124737,0.299328,0.18522,0.022605,-0.0154128,-0.00442193,0.293632,0.197031,0.0279625,1.10296,-1.34675,10.3963,10.5411,0,17.4421
14.07,level,0.128657,-0.271804,-0.0992975,-0.0614349,0,0,0.291043,-0.203253,-0.0357806,0.552829,0.692829,1.69348,1.27416,nan,0.26973,0.268859,0.281995,0.257223,0.270887,0.268859,0.270887,0.281995,0.257223,1,0,0.116882,0,0.00139851,-0.0430949,-0.0117792,0.297748,0.184837,0.0227333,-0.0153008,-0.00440967,0.292351,0.203178,0.0432769,0.975293,-1.59901,10.3477,10.5158,0,17.4678
14.08,level,0.131395,-0.269832,-0.0993688,-0.0620924,0,0,0.290847,-0.203861,-0.0354855,0.554855,0.694855,1.7063,1.28114,nan,0.269523,0.270931,0.279779,0.258667,0.268757,0.270931,0.268757,0.279779,0.258667,1,0,0.117288,0,0.00329145,-0.0441228,-0.00832391,0.297957,0.18681,0.0229025,-0.0151497,-0.00438106,0.295478,0.202766,0.0394318,1.11747,-1.33142,10.2866,10.4324,0,17.4888
14.09,level,0.134132,-0.267855,-0.0989392,-0.0615108,0,0,0.290995,-0.204872,-0.0359457,0.556894,0.696894,1.68144,1.2607,nan,0.269321,0.26873,0.281387,0.257022,0.270184,0.26873,0.270184,0.281387,0.257022,1,0,0.116619,0,0.00134108,-0.0434115,-0.0113482,0.296672,0.185069,0.0230332,-0.015046,-0.00441643,0.290626,0.207617,0.0406362,0.995625,-1.4073,10.2515,10.3954,0,17.5349
14.1,level,0.13687,-0.265867,-0.0991258,-0.0622733,0,0,0.29142,-0.206348,-0.0354053,0.558946,0.698946,1.69413,1.26755,nan,0.269127,0.26951,0.280916,0.256837,0.269283,0.26951,0.269283,0.280916,0.256837,1,0,0.117184,0,0.00275713,-0.0460555,-0.0104837,0.29722,0.187338,0.0232069,-0.0148897,-0.00438587,0.291149,0.193932,0.0391217,1.08704,-1.4945,10.3305,10.4945,0,17.5607
14.11,level,0.139615,-0.263865,-0.0983103,-0.0615459,0,0,0.291852,-0.207776,-0.0358453,0.561011,0.701011,1.64501,1.22964,nan,0.268945,0.270232,0.279724,0.257793,0.268064,0.270232,0.268064,0.279724,0.257793,1,0,0.116104,0,0.00206614,-0.0456625,-0.00868582,0.294789,0.185155,0.0233163,-0.0147998,-0.00440606,0.290622,0.197125,0.0388813,1.07661,-1.44536,10.3665,10.522,0,17.6004
14.12,level,0.142361,-0.261851,-0.0984965,-0.0619999,0,0,0.292234,-0.20915,-0.0360025,0.563088,0.703088,1.65739,1.23657,nan,0.268773,0.269365,0.279961,0.257397,0.268404,0.269365,0.268404,0.279961,0.257397,1,0,0.116508,0,0.00108709,-0.0445759,-0.00949516,0.295355,0.186531,0.0234878,-0.0146501,-0.00440157,0.300436,0.204979,0.0411249,1.00682,-1.52625,10.3758,10.5357,0,17.6398
14.13,level,0.145109,-0.259827,-0.0976284,-0.0618306,0,0,0.292518,-0.210553,-0.0365733,0.565176,0.705176,1.62046,1.20755,nan,0.268613,0.269246,0.280127,0.257228,0.26788,0.269246,0.26788,0.280127,0.257228,1,0,0.11568,0,-0.000607887,-0.0459778,-0.00946391,0.292742,0.186036,0.0236009,-0.0145447,-0.00437111,0.288954,0.216755,0.0409079,1.00167,-1.42204,10.248,10.3946,0,17.6625
14.14,level,0.147858,-0.257791,-0.0982412,-0.0623479,0,0,0.292668,-0.211777,-0.0359562,0.567274,0.707274,1.63262,1.21436,nan,0.268461,0.268997,0.280055,0.256571,0.268253,0.268997,0.268253,0.280055,0.256571,1,0,0.116482,0,0.00165413,-0.0459066,-0.00999474,0.294589,0.187584,0.0237949,-0.0143796,-0.00439352,0.302434,0.211752,0.0414948,1.00033,-1.37141,10.386,10.5238,0,17.7193
14.15,level,0.150608,-0.255745,-0.0978633,-0.0621288,0,0,0.292676,-0.212874,-0.0364006,0.569382,0.709382,1.59521,1.18541,nan,0.268319,0.269319,0.278707,0.257387,0.267891,0.269319,0.267891,0.278707,0.257387,1,0,0.116034,0,0.00296025,-0.0431034,-0.00874291,0.293438,0.186917,0.0239296,-0.0142623,-0.00439908,0.286917,0.207621,0.0332557,1.00833,-1.52711,10.347,10.5076,0,17.7646
14.16,level,0.153356,-0.253692,-0.0979119,-0.0625012,0,0,0.29266,-0.213891,-0.0361598,0.571499,0.711499,1.60714,1.19224,nan,0.268185,0.268572,0.279727,0.256079,0.268388,0.268572,0.268388,0.279727,0.256079,1,0,0.116277,0,0.00306025,-0.0451577,-0.0103129,0.293603,0.188033,0.0240933,-0.0141166,-0.00438731,0.303214,0.206264,0.0297848,1.14537,-1.42678,10.366,10.5263,0,17.8097
14.17,level,0.156106,-0.251629,-0.097321,-0.0620905,0,0,0.292592,-0.214772,-0.0354199,0.573624,0.713624,1.5892,1.17735,nan,0.268058,0.267855,0.280149,0.256161,0.268093,0.267855,0.268093,0.280149,0.256161,1,0,0.115573,0,-0.000957936,-0.0450027,-0.0106479,0.29184,0.186815,0.0242168,-0.0140096,-0.00439382,0.303242,0.21802,0.0337013,0.970962,-1.37017,10.3947,10.5294,0,17.8551
14.18,level,0.158856,-0.249559,-0.0974629,-0.0624089,0,0,0.292353,-0.215503,-0.0346575,0.575758,0.715758,1.60106,1.18413,nan,0.267938,0.27024,0.277733,0.258191,0.265612,0.27024,0.265612,0.277733,0.258191,1,0,0.115857,0,-0.000189192,-0.0457979,-0.00655484,0.292254,0.187783,0.0243832,-0.0138617,-0.00439484,0.299352,0.225628,0.0366833,0.897665,-1.42365,10.4165,10.5516,0,17.9091
14.19,level,0.161602,-0.247486,-0.0967026,-0.062025,0,0,0.291949,-0.21608,-0.035719,0.5779,0.7179,1.57656,1.16424,nan,0.267824,0.267898,0.279459,0.256308,0.267653,0.267898,0.267653,0.279459,0.256308,1,0,0.11501,0,-0.000574287,-0.0443305,-0.0100675,0.289978,0.18661,0.0244988,-0.0137578,-0.00438767,0.29494,0.214225,0.0351494,1.01034,-1.4749,10.261,10.4156,0,17.9497
14.2,level,0.164342,-0.245409,-0.096867,-0.0624745,0,0,0.291311,-0.216545,-0.0346878,0.580049,0.720049,1.58828,1.17105,nan,0.267714,0.268127,0.279537,0.255162,0.268053,0.268127,0.268053,0.279537,0.255162,1,0,0.115399,0,0.0039293,-0.0463281,-0.0106809,0.290475,0.187977,0.0246677,-0.0136062,-0.00438018,0.303156,0.225563,0.040441,1.14205,-1.29568,10.3046,10.4484,0,18.0042
14.21,level,0.167078,-0.243328,-0.0963026,-0.0621083,0,0,0.290473,-0.216814,-0.0340355,0.582205,0.722205,1.5887,1.16962,nan,0.267608,0.26734,0.2797,0.255439,0.267975,0.26734,0.267975,0.2797,0.255439,1,0,0.114717,0,0.0004664,-0.044767,-0.0109429,0.288794,0.186854,0.0247914,-0.013497,-0.00438534,0.304706,0.212401,0.0273602,0.990333,-1.46354,10.3023,10.4528,0,18.0542
14.22,level,0.169806,-0.241246,-0.0965286,-0.0624388,0,0,0.289434,-0.217018,-0.033822,0.584369,0.724369,1.60048,1.17649,nan,0.267504,0.267936,0.27889,0.255843,0.267367,0.267936,0.267367,0.27889,0.255843,1,0,0.115085,0,0.00150976,-0.0447468,-0.00987965,0.289451,0.187845,0.0249605,-0.0133467,-0.00439189,0.29649,0.208939,0.0502184,0.87703,-1.46072,10.4147,10.5532,0,18.118
14.23,level,0.172524,-0.239164,-0.0954597,-0.0618903,0,0,0.288273,-0.217056,-0.0326796,0.586539,0.726539,1.54041,1.13109,nan,0.2674,0.266837,0.280056,0.254673,0.268053,0.266837,0.268053,0.280056,0.254673,1,0,0.113887,0,0.000428317,-0.0457916,-0.0116913,0.286253,0.186194,0.0250586,-0.0132542,-0.00437442,0.290332,0.211441,0.0312425,1.04743,-1.44388,10.3397,10.4925,0,18.1546
14.24,level,0.175232,-0.237083,-0.0960963,-0.062477,0,0,0.287094,-0.217041,-0.0329386,0.588716,0.728716,1.55181,1.13819,nan,0.267295,0.268706,0.278015,0.256195,0.266285,0.268706,0.266285,0.278015,0.256195,1,0,0.114744,0,0.00207145,-0.0459307,-0.0085262,0.288164,0.187983,0.0252495,-0.0130865,-0.00438872,0.300254,0.227791,0.0318781,1.10557,-1.34698,10.3018,10.4481,0,18.2315
14.25,level,0.177927,-0.235005,-0.0952994,-0.0618317,0,0,0.285991,-0.217012,-0.0332857,0.5909,0.7309,1.55775,1.14109,nan,0.267191,0.26798,0.278176,0.256107,0.266522,0.26798,0.266522,0.278176,0.256107,1,0,0.113727,0,0.000582983,-0.0445798,-0.0090592,0.285788,0.186024,0.0253571,-0.012991,-0.00439612,0.300294,0.216142,0.03308,1.05712,-1.2431,10.3505,10.4783,0,18.2835
14.26,level,0.180611,-0.232929,-0.095638,-0.0625621,0,0,0.284995,-0.217087,-0.0341612,0.593091,0.733091,1.56925,1.14845,nan,0.267088,0.267421,0.278524,0.255801,0.266627,0.267421,0.266627,0.278524,0.255801,1,0,0.114399,0,-0.000731988,-0.0445602,-0.0096384,0.286779,0.188199,0.0255307,-0.0128287,-0.00438154,0.292034,0.202979,0.0349603,0.931406,-1.40784,10.2847,10.4223,0,18.3478
14.27,level,0.183286,-0.230854,-0.0947333,-0.0623421,0,0,0.283967,-0.217248,-0.0330136,0.595289,0.735289,1.56472,1.14356,nan,0.266986,0.268131,0.277964,0.255543,0.266324,0.268131,0.266324,0.277964,0.255543,1,0,0.113521,0,0.00251649,-0.0459087,-0.00906059,0.284057,0.187534,0.0256348,-0.0127257,-0.00434705,0.28001,0.203141,0.0345953,1.0153,-1.47241,10.3253,10.4791,0,18.3863
14.28,level,0.185952,-0.228778,-0.0949583,-0.0624452,0,0,0.283091,-0.217486,-0.0329721,0.597494,0.737494,1.57624,1.15076,nan,0.266885,0.267187,0.278797,0.254872,0.266706,0.267187,0.266706,0.278797,0.254872,1,0,0.113765,0,0.000592318,-0.0462447,-0.0103043,0.284725,0.187871,0.025796,-0.0125835,-0.00436665,0.277838,0.221242,0.0309031,1.08457,-1.29954,10.3343,10.472,0,18.4654
14.29,level,0.188611,-0.2267,-0.0946867,-0.0617281,0,0,0.282843,-0.218157,-0.0326453,0.599705,0.739705,1.56304,1.1397,nan,0.266792,0.267344,0.278607,0.255031,0.266203,0.267344,0.266203,0.278607,0.255031,1,0,0.113153,0,-0.000241713,-0.0468335,-0.00986108,0.283936,0.185712,0.025925,-0.0124765,-0.00440932,0.287395,0.217386,0.0353899,0.880725,-1.36069,10.3186,10.4451,0,18.5449
14.3,level,0.191273,-0.224616,-0.0946537,-0.062434,0,0,0.28344,-0.218882,-0.0331404,0.601922,0.741922,1.57452,1.14702,nan,0.266709,0.267513,0.27807,0.254718,0.266552,0.267513,0.266552,0.27807,0.254718,1,0,0.1135,0,0.00338738,-0.0460699,-0.00984149,0.283827,0.187814,0.0260786,-0.0123258,-0.00436746,0.287079,0.206341,0.0324192,1.01328,-1.39993,10.3777,10.5206,0,18.6017
14.31,level,0.193943,-0.222526,-0.0936697,-0.0617933,0,0,0.28446,-0.219925,-0.0328879,0.604144,0.744144,1.54557,1.12453,nan,0.266642,0.267535,0.277809,0.255571,0.265666,0.267535,0.265666,0.277809,0.255571,1,0,0.112343,0,-0.000476533,-0.0456786,-0.00895313,0.280889,0.18592,0.0261744,-0.0122348,-0.00435839,0.286253,0.228139,0.0384376,1.01481,-1.39201,10.3347,10.4773,0,18.6512
14.32,level,0.196624,-0.220428,-0.0935774,-0.0623182,0,0,0.28527,-0.220877,-0.0329179,0.60637,0.74637,1.55689,1.13142,nan,0.266594,0.267557,0.277754,0.255395,0.265676,0.267557,0.265676,0.277754,0.255395,1,0,0.112551,0,0.000222256,-0.0459302,-0.00900096,0.280607,0.187477,0.0263261,-0.0120871,-0.0043326,0.286119,0.217202,0.0268487,1.0833,-1.35001,10.3108,10.4551,0,18.7132
14.33,level,0.19931,-0.218323,-0.0924169,-0.0618403,0,0,0.285774,-0.221654,-0.0325396,0.608598,0.748598,1.5414,1.11869,nan,0.266562,0.265478,0.280076,0.252978,0.267721,0.265478,0.267721,0.280076,0.252978,1,0,0.111328,0,0.00038331,-0.047095,-0.0128962,0.277147,0.186039,0.026414,-0.0119957,-0.00430196,0.290698,0.218044,0.035418,1.01366,-1.206,10.4012,10.5198,0,18.7533
14.34,level,0.202003,-0.216212,-0.0927742,-0.0620739,0,0,0.286079,-0.222115,-0.0320501,0.610828,0.750828,1.55267,1.12549,nan,0.266546,0.266686,0.278608,0.254439,0.266453,0.266686,0.266453,0.278608,0.254439,1,0,0.111751,0,0.000246013,-0.0462369,-0.0105206,0.278213,0.186762,0.0265826,-0.0118418,-0.00432611,0.291531,0.231232,0.0394621,1.00771,-1.17167,10.4026,10.5168,0,18.8454
14.35,level,0.204699,-0.214099,-0.0922565,-0.0614193,0,0,0.286221,-0.222418,-0.0317889,0.613058,0.753058,1.55865,1.1281,nan,0.266543,0.266657,0.27876,0.254798,0.265956,0.266657,0.265956,0.27876,0.254798,1,0,0.110963,0,-0.00250743,-0.0467319,-0.0102235,0.27668,0.184793,0.0267,-0.0117366,-0.00435193,0.296255,0.230145,0.0370394,1.03511,-1.29643,10.2627,10.3959,0,18.9203
14.36,level,0.207395,-0.211986,-0.0922768,-0.0619441,0,0,0.286099,-0.22254,-0.0317334,0.615288,0.755288,1.57001,1.13479,nan,0.266551,0.266914,0.278399,0.255067,0.265822,0.266914,0.265822,0.278399,0.255067,1,0,0.111265,0,-0.00193878,-0.0462792,-0.0097752,0.276745,0.186348,0.026855,-0.0115847,-0.00433454,0.303871,0.216313,0.0387082,1.02889,-1.29309,10.2873,10.4192,0,18.9948
14.37,level,0.21009,-0.209874,-0.0912921,-0.0616949,0,0,0.285731,-0.222495,-0.0314082,0.617518,0.757518,1.55332,1.12088,nan,0.266569,0.26687,0.278493,0.254768,0.266141,0.26687,0.266141,0.278493,0.254768,1,0,0.110314,0,-0.000662786,-0.0463349,-0.0101079,0.273799,0.185601,0.0269535,-0.0114817,-0.00430274,0.301526,0.221138,0.0276757,0.954767,-1.30916,10.2535,10.3807,0,19.0423
14.38,level,0.212779,-0.207766,-0.0916248,-0.0618998,0,0,0.285212,-0.222431,-0.03227,0.619746,0.759746,1.56461,1.1276,nan,0.266595,0.26592,0.279303,0.254147,0.267005,0.26592,0.267005,0.279303,0.254147,1,0,0.110694,0,-0.00139458,-0.0456081,-0.0115335,0.274789,0.186197,0.0271202,-0.0113287,-0.00433081,0.300789,0.206824,0.037309,0.998625,-1.3439,10.2984,10.4337,0,19.1408
14.39,level,0.215465,-0.20566,-0.09079,-0.0613978,0,0,0.284491,-0.222339,-0.0306864,0.621971,0.761971,1.51998,1.09368,nan,0.266628,0.266786,0.278629,0.255046,0.266043,0.266786,0.266043,0.278629,0.255046,1,0,0.109728,0,-0.00224454,-0.0460905,-0.0100387,0.272299,0.184692,0.0272236,-0.0112282,-0.00432678,0.301837,0.21027,0.0394267,0.953809,-1.32338,10.2546,10.3835,0,19.2022
14.4,level,0.218144,-0.203555,-0.0908985,-0.0618592,0,0,0.283578,-0.222245,-0.0305721,0.624195,0.764195,1.53099,1.10024,nan,0.266666,0.26817,0.277041,0.256235,0.26521,0.26817,0.26521,0.277041,0.256235,1,0,0.110084,0,0.000275224,-0.0450316,-0.00784342,0.272611,0.186097,0.0273806,-0.0110751,-0.00432322,0.297289,0.224486,0.0303725,0.955921,-1.30793,10.2899,10.4166,0,19.2881
14.41,level,0.220813,-0.201454,-0.0899078,-0.0612981,0,0,0.282535,-0.222106,-0.031462,0.626416,0.766416,1.49686,1.07425,nan,0.266708,0.267528,0.278052,0.255161,0.266084,0.267528,0.266084,0.278052,0.255161,1,0,0.108943,0,0.00106113,-0.0461094,-0.00942683,0.269654,0.184401,0.0274741,-0.0109813,-0.00431306,0.298533,0.218277,0.0409084,1.01632,-1.30333,10.2799,10.412,0,19.3449
14.42,level,0.223473,-0.199357,-0.0898824,-0.061293,0,0,0.281434,-0.221961,-0.0307046,0.628633,0.768633,1.50768,1.08098,nan,0.266754,0.267562,0.278254,0.255559,0.265633,0.267562,0.265633,0.278254,0.255559,1,0,0.108923,0,-0.00163794,-0.0466568,-0.00912767,0.269577,0.184373,0.0276187,-0.0108454,-0.00433181,0.297468,0.211054,0.0348563,0.922507,-1.25796,10.3052,10.4226,0,19.4359
14.43,level,0.226121,-0.197263,-0.0892442,-0.0608841,0,0,0.2802,-0.221675,-0.0311815,0.630848,0.770848,1.48287,1.06181,nan,0.266803,0.267699,0.278322,0.255302,0.265878,0.267699,0.265878,0.278322,0.255302,1,0,0.108156,0,-0.000124208,-0.0470689,-0.00931801,0.267653,0.183142,0.0277298,-0.010738,-0.00433535,0.284287,0.211413,0.0241897,0.812754,-1.29593,10.2624,10.3758,0,19.5072
14.44,level,0.228758,-0.195175,-0.0896336,-0.0611714,0,0,0.278831,-0.221323,-0.0306539,0.633059,0.773059,1.49357,1.06858,nan,0.266853,0.268683,0.277211,0.256814,0.264695,0.268683,0.264695,0.277211,0.256814,1,0,0.108629,0,-0.001719,-0.0462044,-0.00721238,0.268795,0.183999,0.0278948,-0.0105843,-0.00435988,0.271962,0.205824,0.0362361,0.954556,-1.33942,10.2627,10.3936,0,19.6142
14.45,level,0.23138,-0.193093,-0.0887481,-0.0609705,0,0,0.277309,-0.22091,-0.0307864,0.635267,0.775267,1.48965,1.06471,nan,0.266905,0.266751,0.279443,0.255249,0.266169,0.266751,0.266169,0.279443,0.255249,1,0,0.107794,0,-0.00470239,-0.0469443,-0.0103779,0.266165,0.183406,0.0279946,-0.0104796,-0.0043317,0.283525,0.215399,0.0288574,0.957969,-1.2624,10.3595,10.48,0,19.6712
14.46,level,0.233989,-0.191015,-0.0889174,-0.0614073,0,0,0.27571,-0.220458,-0.0297979,0.637471,0.777471,1.50038,1.07173,nan,0.266958,0.267627,0.278718,0.255356,0.266122,0.267627,0.266122,0.278718,0.255356,1,0,0.108178,0,-0.000861989,-0.0471198,-0.00960665,0.266653,0.184714,0.0281481,-0.0103282,-0.00433059,0.274507,0.212925,0.0347624,0.934475,-1.29312,10.341,10.4634,0,19.7671
14.47,level,0.236585,-0.188943,-0.0882092,-0.0608122,0,0,0.274139,-0.219964,-0.0290552,0.639672,0.779672,1.48128,1.05712,nan,0.267011,0.267206,0.278918,0.255734,0.266176,0.267206,0.266176,0.278918,0.255734,1,0,0.107257,0,-0.00336849,-0.045881,-0.00973705,0.264538,0.182924,0.028249,-0.0102306,-0.00433803,0.272637,0.212752,0.0260734,0.935718,-1.33575,10.2603,10.3891,0,19.8403
14.48,level,0.239167,-0.186875,-0.0883907,-0.0610825,0,0,0.272544,-0.219547,-0.0287259,0.64187,0.78187,1.49193,1.06428,nan,0.267065,0.267427,0.278854,0.255256,0.266711,0.267427,0.266711,0.278854,0.255256,1,0,0.107559,0,7.10516e-05,-0.04607,-0.0100572,0.265086,0.183746,0.0284003,-0.0100845,-0.00434923,0.279533,0.21805,0.0464012,0.955257,-1.24671,10.3362,10.4549,0,19.9414
14.49,level,0.241735,-0.184812,-0.0876807,-0.0608328,0,0,0.271076,-0.219193,-0.0285369,0.644063,0.784063,1.46811,1.04614,nan,0.267118,0.267317,0.279176,0.255427,0.266542,0.267317,0.266542,0.279176,0.255427,1,0,0.106831,0,-0.00197511,-0.0464678,-0.0100973,0.262964,0.182987,0.0285031,-0.00997788,-0.00433319,0.278103,0.215388,0.0256789,0.968995,-1.26847,10.3477,10.4701,0,20.0094
14.5,level,0.24429,-0.182755,-0.0880444,-0.061002,0,0,0.269666,-0.218758,-0.0286859,0.646254,0.786254,1.47865,1.05336,nan,0.267171,0.267955,0.27887,0.255803,0.266046,0.267955,0.266046,0.27887,0.255803,1,0,0.10723,0,-0.0017802,-0.0473242,-0.00929968,0.264045,0.18349,0.0286592,-0.0098302,-0.00436125,0.274517,0.210906,0.0279716,0.913631,-1.27792,10.3334,10.4522,0,20.1228
14.51,level,0.246832,-0.180704,-0.087279,-0.0606272,0,0,0.268306,-0.218296,-0.0280439,0.64844,0.78844,1.44198,1.02625,nan,0.267224,0.267951,0.278615,0.256256,0.266062,0.267951,0.266062,0.278615,0.256256,1,0,0.106393,0,-0.00227539,-0.0459451,-0.00899711,0.261767,0.182371,0.0287562,-0.00973057,-0.00434989,0.280885,0.217024,0.0321991,0.869538,-1.21713,10.458,10.5645,0,20.1908
14.52,level,0.249362,-0.178659,-0.087366,-0.0608762,0,0,0.267021,-0.217924,-0.0280798,0.650623,0.790623,1.45232,1.03363,nan,0.267277,0.269565,0.277341,0.25722,0.264969,0.269565,0.264969,0.277341,0.25722,1,0,0.106606,0,-7.05999e-05,-0.0468354,-0.00682382,0.262025,0.183116,0.0288989,-0.0095887,-0.00435477,0.281345,0.21522,0.0331767,0.933036,-1.15611,10.2586,10.3656,0,20.2911
14.53,level,0.251879,-0.176622,-0.0869144,-0.0604627,0,0,0.265835,-0.21755,-0.0286894,0.652803,0.792803,1.44859,1.03055,nan,0.267329,0.266822,0.27979,0.255213,0.267481,0.266822,0.267481,0.27979,0.255213,1,0,0.105993,0,-0.00185793,-0.0453198,-0.011092,0.260671,0.181875,0.029009,-0.00948136,-0.00436571,0.276787,0.216205,0.0397127,0.93714,-1.24223,10.4107,10.5263,0,20.3759
14.54,level,0.254387,-0.174587,-0.0870343,-0.0609058,0,0,0.264744,-0.21731,-0.027725,0.654979,0.794979,1.45897,1.03791,nan,0.267381,0.268129,0.279168,0.255834,0.266382,0.268129,0.266382,0.279168,0.255834,1,0,0.106337,0,-0.0013024,-0.0475216,-0.0094878,0.261008,0.183197,0.0291541,-0.00933418,-0.0043589,0.265895,0.210122,0.0403093,0.980731,-1.19051,10.4321,10.5455,0,20.4764
14.55,level,0.256886,-0.172556,-0.0865086,-0.0604522,0,0,0.26377,-0.217058,-0.0276722,0.657152,0.797152,1.47394,1.04871,nan,0.267432,0.268429,0.278429,0.256043,0.266819,0.268429,0.266819,0.278429,0.256043,1,0,0.105659,0,0.00205769,-0.0454681,-0.00913199,0.25944,0.18186,0.0292578,-0.00923113,-0.00436498,0.265455,0.228924,0.0343814,1.01814,-1.26973,10.3827,10.5094,0,20.5593
14.56,level,0.259378,-0.170528,-0.0865999,-0.0608775,0,0,0.262984,-0.21696,-0.02704,0.659321,0.799321,1.4845,1.05621,nan,0.267484,0.268195,0.279138,0.255824,0.266768,0.268195,0.266768,0.279138,0.255824,1,0,0.105962,0,2.98761e-06,-0.046878,-0.00961959,0.259699,0.183096,0.0293985,-0.009087,-0.00435731,0.259941,0.201036,0.0393587,0.914693,-1.14033,10.4364,10.5383,0,20.6606
14.57,level,0.261865,-0.1685,-0.0859655,-0.0602251,0,0,0.262268,-0.216892,-0.026603,0.661487,0.801487,1.46597,1.0426,nan,0.267535,0.269302,0.278083,0.257067,0.265677,0.269302,0.265677,0.278083,0.257067,1,0,0.105071,0,-0.000453983,-0.0466913,-0.00764364,0.257822,0.181147,0.0294954,-0.00899314,-0.00437105,0.268685,0.210198,0.0286977,1.00275,-1.26746,10.422,10.5466,0,20.7417
14.58,level,0.264345,-0.166476,-0.0859662,-0.0605984,0,0,0.261607,-0.216926,-0.0276041,0.663649,0.803649,1.47647,1.05015,nan,0.267586,0.267464,0.280049,0.254663,0.268158,0.267464,0.268158,0.280049,0.254663,1,0,0.105291,0,0.00241107,-0.0467861,-0.0114628,0.257833,0.182268,0.0296319,-0.00885226,-0.00436125,0.27812,0.209703,0.0360412,0.929081,-1.20317,10.4591,10.569,0,20.8411
14.59,level,0.26682,-0.164453,-0.0852775,-0.0598286,0,0,0.260995,-0.21701,-0.0264559,0.665808,0.805808,1.51361,1.07682,nan,0.267637,0.269359,0.278179,0.257053,0.265948,0.269359,0.265948,0.278179,0.257053,1,0,0.104294,0,0.000198611,-0.0464918,-0.00778671,0.255759,0.179978,0.0297237,-0.00876353,-0.00437758,0.264059,0.225614,0.0362966,1.01228,-1.11801,10.3657,10.4748,0,20.9218
14.6,level,0.269289,-0.162431,-0.0852828,-0.06003,0,0,0.260335,-0.217139,-0.0271007,0.667964,0.807964,1.52446,1.08447,nan,0.267689,0.26826,0.27901,0.256441,0.267033,0.26826,0.267033,0.27901,0.256441,1,0,0.104404,0,-0.000421014,-0.045089,-0.00938031,0.255769,0.180564,0.0298573,-0.00862806,-0.00437871,0.261436,0.213496,0.0317073,0.97424,-1.08882,10.4318,10.5336,0,21.0253
14.61,level,0.271752,-0.16041,-0.0847037,-0.059413,0,0,0.25956,-0.217284,-0.0266352,0.670116,0.810116,1.52466,1.08443,nan,0.267741,0.26866,0.278908,0.256954,0.266431,0.26866,0.266431,0.278908,0.256954,1,0,0.103576,0,-0.0020435,-0.0458234,-0.00866944,0.254044,0.178714,0.029955,-0.0085333,-0.00439236,0.262815,0.216564,0.0324566,0.995142,-1.21151,10.4244,10.5417,0,21.1103
14.62,level,0.274207,-0.158389,-0.0845173,-0.0596105,0,0,0.258641,-0.217412,-0.0266967,0.672265,0.812265,1.53558,1.09235,nan,0.267793,0.26844,0.279914,0.255331,0.267477,0.26844,0.267477,0.279914,0.255331,1,0,0.103534,0,0.00178145,-0.0484051,-0.0103818,0.253475,0.179321,0.0300777,-0.00840459,-0.00437663,0.256672,0.227,0.0277785,1.0336,-1.03996,10.5211,10.6228,0,21.2057
14.63,level,0.276656,-0.156369,-0.0838212,-0.0589032,0,0,0.257776,-0.217383,-0.0256801,0.67441,0.81441,1.54078,1.09582,nan,0.267845,0.268896,0.279571,0.256698,0.266205,0.268896,0.266205,0.279571,0.256698,1,0,0.102571,0,-0.00309995,-0.0484371,-0.00887073,0.251419,0.177184,0.0301692,-0.0083151,-0.00438732,0.269512,0.219762,0.0254866,0.961268,-1.12445,10.4425,10.5467,0,21.2863
14.64,level,0.279097,-0.154349,-0.0835072,-0.0595658,0,0,0.256814,-0.217277,-0.0253594,0.676552,0.816552,1.55181,1.10379,nan,0.267898,0.268793,0.279384,0.256259,0.267147,0.268793,0.267147,0.279384,0.256259,1,0,0.102683,0,0.000791241,-0.0469369,-0.00944045,0.250446,0.179162,0.0302897,-0.00817642,-0.00434098,0.252888,0.21263,0.0329244,1.0478,-1.21101,10.4648,10.5867,0,21.3706
14.65,level,0.28153,-0.152332,-0.0828572,-0.0588466,0,0,0.255863,-0.217172,-0.0256141,0.67869,0.81869,1.51904,1.07994,nan,0.267952,0.268185,0.280277,0.256094,0.267242,0.268185,0.267242,0.280277,0.256094,1,0,0.10174,0,-0.00250112,-0.0476086,-0.0102146,0.24852,0.176999,0.0303805,-0.00808643,-0.00435443,0.261142,0.211128,0.0354821,1.00086,-1.09785,10.4813,10.586,0,21.4541
14.66,level,0.283955,-0.150317,-0.0824662,-0.059033,0,0,0.254865,-0.216981,-0.0246106,0.680825,0.820825,1.52991,1.088,nan,0.268007,0.267896,0.280596,0.255825,0.267699,0.267896,0.267699,0.280596,0.255825,1,0,0.101538,0,-0.00219003,-0.0473107,-0.0108007,0.247344,0.177574,0.0304915,-0.00796299,-0.00433171,0.258678,0.222632,0.0345564,0.964146,-1.11277,10.484,10.5868,0,21.541
14.67,level,0.286372,-0.148304,-0.0818175,-0.0585323,0,0,0.253788,-0.216849,-0.0239566,0.682955,0.822955,1.52132,1.08188,nan,0.268062,0.26849,0.280596,0.256055,0.267096,0.26849,0.267096,0.280596,0.256055,1,0,0.100713,0,-0.0028233,-0.0491431,-0.0101734,0.245417,0.17605,0.0305835,-0.00786681,-0.00433326,0.265046,0.211217,0.0242991,1.06057,-1.05696,10.4901,10.5965,0,21.6223
14.68,level,0.288779,-0.146293,-0.0817418,-0.0588296,0,0,0.252739,-0.216682,-0.0237591,0.685083,0.825083,1.53221,1.09013,nan,0.268118,0.270294,0.278292,0.257641,0.266233,0.270294,0.266233,0.278292,0.257641,1,0,0.100829,0,0.00157534,-0.0468233,-0.00729169,0.245183,0.17697,0.0307089,-0.0077312,-0.00432384,0.262031,0.229668,0.0275283,1.08146,-1.11984,10.5688,10.6828,0,21.7251
14.69,level,0.291178,-0.144286,-0.0810285,-0.0584338,0,0,0.251814,-0.216518,-0.0241642,0.687206,0.827206,1.52965,1.08865,nan,0.268175,0.269046,0.279455,0.257434,0.266754,0.269046,0.266754,0.279455,0.257434,1,0,0.100016,0,-0.00289165,-0.0460676,-0.00867162,0.243053,0.175768,0.0307974,-0.00763422,-0.00431592,0.262447,0.223352,0.0143384,1.03761,-1.10578,10.4558,10.5652,0,21.8026
14.7,level,0.293568,-0.142283,-0.0808584,-0.0589263,0,0,0.250798,-0.2164,-0.0243161,0.689326,0.829326,1.54061,1.097,nan,0.268234,0.269707,0.279035,0.257653,0.266527,0.269707,0.266527,0.279035,0.257653,1,0,0.100164,0,-0.00120452,-0.0465413,-0.00800057,0.242522,0.177221,0.0309195,-0.00749582,-0.0042934,0.25192,0.206322,0.0202634,0.991012,-1.0307,10.5093,10.6061,0,21.8994
14.71,level,0.295949,-0.140283,-0.0803125,-0.0579988,0,0,0.249686,-0.216225,-0.0235848,0.691441,0.831441,1.51864,1.08157,nan,0.268293,0.269598,0.279534,0.257256,0.266771,0.269598,0.266771,0.279534,0.257256,1,0,0.099183,0,-0.00111705,-0.0475681,-0.00854921,0.240895,0.174457,0.0310087,-0.00741034,-0.00432419,0.250309,0.220794,0.0214752,1.04091,-1.07887,10.5846,10.6902,0,21.9909
14.72,level,0.298319,-0.138286,-0.0801374,-0.0586447,0,0,0.248492,-0.215981,-0.0237395,0.693553,0.833553,1.52954,1.09033,nan,0.268353,0.269887,0.278871,0.258046,0.266598,0.269887,0.266598,0.278871,0.258046,1,0,0.099416,0,-0.0011448,-0.0456917,-0.00770792,0.240376,0.17639,0.0311306,-0.00726747,-0.00429222,0.257784,0.218705,0.00951758,1.02506,-1.04998,10.6026,10.7036,0,22.0871
14.73,level,0.300679,-0.136293,-0.0793108,-0.0580169,0,0,0.247265,-0.215761,-0.0240959,0.69566,0.83566,1.51626,1.08132,nan,0.268415,0.270646,0.278274,0.25827,0.266459,0.270646,0.266459,0.278274,0.25827,1,0,0.0983837,0,0.00148704,-0.0458366,-0.00695186,0.237906,0.174498,0.0312093,-0.00718104,-0.00429078,0.257163,0.214382,0.0194777,1.0018,-1.1282,10.5439,10.6513,0,22.1611
14.74,level,0.303028,-0.134306,-0.0790663,-0.0581598,0,0,0.246102,-0.215456,-0.0235514,0.697764,0.837764,1.52715,1.08981,nan,0.268478,0.268951,0.280542,0.256667,0.267739,0.268951,0.267739,0.280542,0.256667,1,0,0.0982697,0,-0.00137706,-0.0475347,-0.00996109,0.23716,0.174932,0.0313203,-0.00705562,-0.00428129,0.248957,0.218691,0.0234603,1.09193,-1.14883,10.6473,10.7646,0,22.2587
14.75,level,0.305366,-0.132323,-0.0781441,-0.0574101,0,0,0.244819,-0.215058,-0.0227675,0.699863,0.839863,1.51884,1.08445,nan,0.268542,0.269321,0.280171,0.257331,0.267333,0.269321,0.267333,0.280171,0.257331,1,0,0.0970854,0,-0.00224791,-0.047043,-0.00916481,0.234414,0.172679,0.0313917,-0.00697583,-0.00428004,0.254101,0.218076,0.0276008,0.985784,-1.16788,10.5306,10.6409,0,22.3284
14.76,level,0.307694,-0.130343,-0.078283,-0.0581352,0,0,0.243488,-0.214706,-0.0231256,0.701957,0.841957,1.52976,1.09327,nan,0.268607,0.270997,0.278647,0.258645,0.266127,0.270997,0.266127,0.278647,0.258645,1,0,0.0976195,0,-0.000443749,-0.0471291,-0.00665131,0.234815,0.174839,0.0315242,-0.0068222,-0.00426563,0.249799,0.206974,0.0294514,1.04821,-1.1191,10.518,10.6291,0,22.4417
14.77,level,0.310009,-0.12837,-0.0775994,-0.0574864,0,0,0.24223,-0.214391,-0.0229848,0.704048,0.844048,1.52364,1.08964,nan,0.268674,0.269696,0.280108,0.257926,0.266952,0.269696,0.266952,0.280108,0.257926,1,0,0.0966817,0,-0.00367692,-0.0472295,-0.00854316,0.232771,0.172907,0.0316054,-0.00673396,-0.00427298,0.246108,0.219457,0.0173911,0.977562,-1.0896,10.4887,10.5903,0,22.5229
14.78,level,0.312313,-0.126401,-0.0779444,-0.057386,0,0,0.240849,-0.214003,-0.0231776,0.706134,0.846134,1.53462,1.09855,nan,0.268742,0.270563,0.279605,0.258138,0.266647,0.270563,0.266647,0.279605,0.258138,1,0,0.096901,0,-0.00141177,-0.0480972,-0.00771422,0.2338,0.172592,0.0317374,-0.00660144,-0.00431272,0.242492,0.209842,0.0142434,0.892676,-1.26463,10.5008,10.6142,0,22.6541
14.79,level,0.314603,-0.124438,-0.0771065,-0.0566194,0,0,0.239402,-0.213522,-0.0221669,0.708215,0.848215,1.50374,1.07712,nan,0.268811,0.269802,0.280011,0.257486,0.26793,0.269802,0.26793,0.280011,0.257486,1,0,0.0957745,0,0.000625676,-0.0462276,-0.00907774,0.231297,0.170291,0.0318089,-0.0065234,-0.00431436,0.242145,0.211654,0.0192018,0.974,-1.14706,10.5448,10.6517,0,22.7278
14.8,level,0.316883,-0.122478,-0.0770732,-0.0569556,0,0,0.238084,-0.213036,-0.0213753,0.710292,0.850292,1.51459,1.08618,nan,0.268881,0.269958,0.280302,0.257052,0.268196,0.269958,0.268196,0.280302,0.257052,1,0,0.0959437,0,0.00212314,-0.0473934,-0.00944514,0.231209,0.171292,0.0319268,-0.00638894,-0.00430605,0.252358,0.205859,0.0267335,0.991732,-1.12299,10.603,10.7084,0,22.836
14.81,level,0.319153,-0.120523,-0.0762361,-0.0564778,0,0,0.236883,-0.212458,-0.0209009,0.712364,0.852364,1.48584,1.0666,nan,0.268952,0.271785,0.278758,0.258885,0.266364,0.271785,0.266364,0.278758,0.258885,1,0,0.0949919,0,0.0013411,-0.0479267,-0.00635189,0.228704,0.16985,0.0319989,-0.00630239,-0.00429319,0.251093,0.201954,0.0332822,0.983449,-1.13964,10.7481,10.853,0,22.9073
14.82,level,0.321413,-0.118575,-0.0761737,-0.0566354,0,0,0.235858,-0.211813,-0.0205462,0.714431,0.854431,1.49658,1.07553,nan,0.269024,0.270003,0.280073,0.258527,0.267479,0.270003,0.267479,0.280073,0.258527,1,0,0.0950396,0,-0.00296272,-0.045608,-0.00836045,0.228515,0.170337,0.0321124,-0.00617464,-0.00429538,0.249234,0.212624,0.0174653,0.925027,-1.16068,10.6562,10.7591,0,23.0155
14.83,level,0.323664,-0.116633,-0.0752373,-0.0559439,0,0,0.234714,-0.211251,-0.0208083,0.716494,0.856494,1.46679,1.05526,nan,0.269098,0.27057,0.280427,0.25813,0.267249,0.27057,0.267249,0.280427,0.25813,1,0,0.093873,0,-0.00195967,-0.0485413,-0.00834059,0.225714,0.16825,0.0321777,-0.00609695,-0.0042888,0.24725,0.206599,0.0216776,0.91763,-1.10046,10.6283,10.7244,0,23.0827
14.84,level,0.325904,-0.1147,-0.0750837,-0.0562547,0,0,0.233475,-0.210628,-0.0209981,0.718551,0.858551,1.47742,1.06457,nan,0.269172,0.271621,0.279327,0.259051,0.266675,0.271621,0.266675,0.279327,0.259051,1,0,0.0939263,0,-0.000219992,-0.047791,-0.00673813,0.225241,0.169169,0.0322865,-0.00596725,-0.00427806,0.240919,0.197205,0.0267872,0.853351,-1.17164,10.5964,10.6951,0,23.1854
14.85,level,0.328133,-0.112776,-0.0740939,-0.0555031,0,0,0.232145,-0.210041,-0.0205628,0.720603,0.860603,1.4758,1.06469,nan,0.269248,0.269874,0.28138,0.257262,0.268463,0.269874,0.268463,0.28138,0.257262,1,0,0.0926892,0,-0.000810545,-0.0483731,-0.00998055,0.222272,0.16693,0.0323465,-0.00589459,-0.00427202,0.233317,0.209987,0.0396862,0.903287,-1.06346,10.5934,10.6849,0,23.2495
14.86,level,0.33035,-0.110855,-0.0740756,-0.0556323,0,0,0.230731,-0.209465,-0.0191983,0.722651,0.862651,1.48652,1.07388,nan,0.269325,0.272175,0.278943,0.259718,0.266449,0.272175,0.266449,0.278943,0.259718,1,0,0.0927509,0,-0.000100039,-0.0472784,-0.00593295,0.222223,0.167309,0.032457,-0.00576809,-0.00427794,0.23769,0.204844,0.0247208,0.871374,-1.01032,10.5691,10.6529,0,23.3605
14.87,level,0.332555,-0.108941,-0.0732203,-0.0551802,0,0,0.229367,-0.208889,-0.0193382,0.724693,0.864693,1.49448,1.08105,nan,0.269404,0.270269,0.281168,0.258411,0.26775,0.270269,0.26775,0.281168,0.258411,1,0,0.0917945,0,-0.00413722,-0.047894,-0.00889511,0.219674,0.165957,0.032525,-0.00568197,-0.00426435,0.242993,0.210028,0.0298496,0.978053,-0.991727,10.5957,10.6869,0,23.4296
14.88,level,0.334748,-0.107033,-0.072824,-0.0554061,0,0,0.227869,-0.208339,-0.0192537,0.72673,0.86673,1.50536,1.0904,nan,0.269483,0.269804,0.281633,0.257187,0.269291,0.269804,0.269291,0.281633,0.257187,1,0,0.0916203,0,0.000726925,-0.0472924,-0.0105191,0.218476,0.166626,0.0326184,-0.00556271,-0.00424622,0.236625,0.205508,0.0222,0.856721,-0.947558,10.6586,10.7349,0,23.5197
14.89,level,0.336928,-0.105129,-0.0718804,-0.0548752,0,0,0.226253,-0.207861,-0.018739,0.728761,0.868761,1.49717,1.08607,nan,0.269563,0.270032,0.281353,0.258228,0.268623,0.270032,0.268623,0.281353,0.258228,1,0,0.0905362,0,-0.00245579,-0.0464877,-0.00954438,0.215642,0.165014,0.03268,-0.00548183,-0.00423329,0.228294,0.194451,0.0237517,0.975531,-0.94561,10.7167,10.8024,0,23.5837
14.9,level,0.339092,-0.103231,-0.0715964,-0.055152,0,0,0.224571,-0.207364,-0.0180335,0.730787,0.870787,1.50811,1.09566,nan,0.269645,0.271026,0.280761,0.259446,0.267329,0.271026,0.267329,0.280761,0.259446,1,0,0.090494,0,-0.00491164,-0.0473919,-0.00774342,0.214812,0.16586,0.0327763,-0.00535777,-0.00422104,0.243473,0.206212,0.0164708,1.00295,-1.05879,10.6494,10.7488,0,23.6792
14.91,level,0.341241,-0.101339,-0.0708499,-0.0543806,0,0,0.222809,-0.20686,-0.0178785,0.732808,0.872808,1.48553,1.08103,nan,0.269727,0.272187,0.280131,0.259549,0.267024,0.272187,0.267024,0.280131,0.259549,1,0,0.0894203,0,-0.00124624,-0.0487828,-0.00677706,0.212539,0.163533,0.0328424,-0.00528039,-0.00422914,0.214307,0.199538,0.0200435,0.940097,-0.988329,10.6656,10.7525,0,23.7539
14.92,level,0.343375,-0.0994523,-0.0708405,-0.0546698,0,0,0.221137,-0.206261,-0.0173498,0.734823,0.874823,1.49642,1.09063,nan,0.26981,0.272021,0.279658,0.260414,0.267131,0.272021,0.267131,0.279658,0.260414,1,0,0.0895961,0,-0.00244073,-0.0457305,-0.00630856,0.212528,0.164409,0.0329485,-0.00515034,-0.00423204,0.227482,0.204794,0.022062,1.00386,-0.965939,10.6428,10.7336,0,23.8636
14.93,level,0.345493,-0.0975727,-0.0702467,-0.0543482,0,0,0.219555,-0.205738,-0.0175299,0.736833,0.876833,1.47062,1.07385,nan,0.269894,0.272666,0.279724,0.260238,0.266932,0.272666,0.266932,0.279724,0.260238,1,0,0.0889228,0,-0.000964539,-0.0477863,-0.0060445,0.210743,0.163434,0.0330217,-0.00505654,-0.00422537,0.221068,0.199638,0.0205244,1.02667,-1.02453,10.6095,10.7082,0,23.944
14.94,level,0.347598,-0.0957006,-0.0700423,-0.0549777,0,0,0.218081,-0.205263,-0.0180226,0.738837,0.878837,1.48144,1.08362,nan,0.26998,0.272162,0.280211,0.259755,0.267773,0.272162,0.267773,0.280211,0.259755,1,0,0.0891478,0,-8.36431e-05,-0.0470767,-0.00706172,0.210123,0.165334,0.0331203,-0.00492014,-0.00420126,0.219549,0.207476,0.0189018,1.01457,-1.02455,10.6812,10.7781,0,24.0418
14.95,level,0.349689,-0.0938334,-0.0693713,-0.0543772,0,0,0.216595,-0.204867,-0.017765,0.740835,0.880835,1.48175,1.08603,nan,0.270066,0.271166,0.281309,0.259147,0.268624,0.271166,0.268624,0.281309,0.259147,1,0,0.0882497,0,-0.00176573,-0.0468071,-0.00862369,0.208129,0.163509,0.0331869,-0.00483736,-0.00420425,0.226111,0.19384,0.0158259,0.898716,-1.09166,10.723,10.8158,0,24.1182
14.96,level,0.351767,-0.0919702,-0.0695241,-0.0544022,0,0,0.215106,-0.204501,-0.0168214,0.742827,0.882827,1.49269,1.09618,nan,0.270152,0.272986,0.280208,0.260658,0.266741,0.272986,0.266741,0.280208,0.260658,1,0,0.0883928,0,-0.00302448,-0.0488749,-0.0058477,0.208572,0.163609,0.0332936,-0.00471265,-0.00422525,0.217229,0.209596,0.0223127,0.942589,-1.04944,10.7724,10.8643,0,24.237
14.97,level,0.353832,-0.090112,-0.0686957,-0.0541009,0,0,0.213647,-0.204143,-0.0168907,0.744814,0.884814,1.488,1.09488,nan,0.27024,0.272189,0.280567,0.260217,0.267971,0.272189,0.267971,0.280567,0.260217,1,0,0.087547,0,-0.00165428,-0.046552,-0.00709033,0.206091,0.162682,0.0333549,-0.00462539,-0.00420742,0.215236,0.196438,0.0180089,0.882289,-0.983742,10.7038,10.785,0,24.3032
14.98,level,0.355884,-0.0882577,-0.0689203,-0.0541868,0,0,0.21216,-0.203761,-0.0168138,0.746795,0.886795,1.49903,1.10519,nan,0.270329,0.272554,0.28005,0.26063,0.268062,0.272554,0.268062,0.28005,0.26063,1,0,0.0877809,0,-0.000168007,-0.0453083,-0.00656114,0.206767,0.162949,0.0334637,-0.00449806,-0.00423016,0.218996,0.201084,0.0332219,0.873062,-0.932891,10.7311,10.8069,0,24.4253
14.99,level,0.357923,-0.0864075,-0.0682444,-0.0535888,0,0,0.210688,-0.203464,-0.016183,0.74877,0.88877,1.5025,1.1097,nan,0.270418,0.271661,0.281636,0.259185,0.269171,0.271661,0.269171,0.281636,0.259185,1,0,0.0868688,0,3.15251e-05,-0.0472567,-0.00877368,0.204741,0.161141,0.0335266,-0.00441812,-0.00423067,0.214528,0.193631,0.0309626,0.838593,-0.933028,10.7099,10.7831,0,24.4997
15,level,0.359949,-0.0845609,-0.0678374,-0.0537799,0,0,0.209341,-0.203105,-0.0164407,0.750738,0.890738,1.51367,1.11993,nan,0.270507,0.27265,0.280854,0.260283,0.268225,0.27265,0.268225,0.280854,0.260283,1,0,0.0866791,0,-0.000693896,-0.0473638,-0.00709644,0.203517,0.161723,0.033607,-0.00430458,-0.00421233,0.211757,0.200565,0.0278209,0.878566,-0.921566,10.693,10.7685,0,24.587
15.01,level,0.361965,-0.0827193,-0.0671993,-0.0532893,0,0,0.208185,-0.202715,-0.0157476,0.752701,0.892701,1.51507,1.12317,nan,0.270598,0.27264,0.28093,0.260903,0.2679,0.27264,0.2679,0.28093,0.260903,1,0,0.0858719,0,-0.0034292,-0.0469302,-0.00671928,0.201616,0.160257,0.0336715,-0.00421963,-0.00421227,0.215584,0.206121,0.0255399,0.897336,-0.914673,10.7048,10.7812,0,24.6625
15.02,level,0.36397,-0.0808814,-0.0670465,-0.0535981,0,0,0.206976,-0.202351,-0.0157248,0.754658,0.894658,1.52638,1.13364,nan,0.270689,0.27273,0.281553,0.260063,0.268391,0.27273,0.268391,0.281553,0.260063,1,0,0.0859524,0,-0.00131235,-0.0489399,-0.00753838,0.201168,0.161176,0.0337627,-0.00409454,-0.00420392,0.223139,0.201817,0.0118961,0.933004,-0.864281,10.7771,10.8519,0,24.7631
15.03,level,0.365965,-0.0790472,-0.0665014,-0.0530916,0,0,0.20577,-0.201963,-0.0140824,0.756609,0.896609,1.49505,1.11327,nan,0.270781,0.274336,0.279543,0.262045,0.26718,0.274336,0.26718,0.279543,0.262045,1,0,0.0852028,0,-0.000191275,-0.0467143,-0.00454538,0.199527,0.159642,0.0338291,-0.00401031,-0.0042108,0.21552,0.19364,0.0192323,0.988732,-0.921492,10.7614,10.846,0,24.8431
15.04,level,0.367949,-0.077217,-0.0660004,-0.0536628,0,0,0.204607,-0.201769,-0.0157835,0.758553,0.898553,1.50626,1.12383,nan,0.270873,0.273523,0.280748,0.260563,0.268641,0.273523,0.268641,0.280748,0.260563,1,0,0.0851748,0,0.00226071,-0.0474981,-0.00672645,0.198019,0.161377,0.0339057,-0.0038855,-0.00417282,0.214186,0.208093,0.0264566,1.0092,-0.891348,10.691,10.7755,0,24.9245
15.05,level,0.369924,-0.0753916,-0.0652796,-0.0529034,0,0,0.203616,-0.201732,-0.0150443,0.760492,0.900492,1.48688,1.11205,nan,0.270967,0.272078,0.282132,0.25994,0.269697,0.272078,0.269697,0.282132,0.25994,1,0,0.0841211,0,-0.000787129,-0.0465629,-0.00870753,0.195846,0.159082,0.0339604,-0.00381418,-0.00417937,0.199659,0.199375,0.00879789,0.937169,-0.949218,10.7731,10.8553,0,24.9946
15.06,level,0.37189,-0.0735645,-0.0651787,-0.0532456,0,0,0.202515,-0.2017,-0.0148124,0.762424,0.902424,1.49808,1.12248,nan,0.27106,0.273502,0.281499,0.260256,0.268966,0.273502,0.268966,0.281499,0.260256,1,0,0.0842599,0,0.00189248,-0.0488464,-0.00734345,0.195556,0.160099,0.0340505,-0.00368723,-0.00417631,0.210602,0.192338,0.0190402,0.907636,-0.922093,10.7778,10.8551,0,25.0977
15.07,level,0.373846,-0.0717409,-0.0644563,-0.0528556,0,0,0.201459,-0.201588,-0.0147249,0.76435,0.90435,1.48882,1.11833,nan,0.271155,0.272736,0.28212,0.260388,0.269357,0.272736,0.269357,0.28212,0.260388,1,0,0.0834579,0,-0.00110051,-0.0475797,-0.00806698,0.193375,0.158934,0.0341067,-0.00360291,-0.00416726,0.196353,0.197885,0.0100061,0.826564,-1.06495,10.8623,10.9457,0,25.1672
15.08,level,0.375794,-0.069919,-0.0643107,-0.0528959,0,0,0.200412,-0.201464,-0.0145634,0.766269,0.906269,1.50008,1.12924,nan,0.27125,0.273103,0.281604,0.261032,0.269242,0.273103,0.269242,0.281604,0.261032,1,0,0.083375,0,-0.000775343,-0.0462948,-0.00734501,0.192956,0.159065,0.0341904,-0.0034881,-0.00417263,0.20854,0.205042,0.0112377,0.843952,-0.891618,10.8743,10.9434,0,25.2679
15.09,level,0.377733,-0.0680985,-0.0635025,-0.0522694,0,0,0.199274,-0.201274,-0.0136367,0.768182,0.908182,1.51295,1.1411,nan,0.271346,0.273655,0.281513,0.261487,0.268709,0.273655,0.268709,0.281513,0.261487,1,0,0.0823475,0,-0.0016873,-0.0473168,-0.00662882,0.190531,0.157176,0.0342417,-0.00341371,-0.00416977,0.202261,0.200182,0.0160938,0.858167,-0.906255,10.8072,10.879,0,25.332
15.1,level,0.37966,-0.0662795,-0.063502,-0.052511,0,0,0.197845,-0.200994,-0.0139405,0.770089,0.910089,1.52444,1.1519,nan,0.271442,0.273928,0.281421,0.261371,0.269029,0.273928,0.269029,0.281421,0.261371,1,0,0.0824979,0,0.000439198,-0.047273,-0.00665916,0.190522,0.157882,0.0343325,-0.00328894,-0.00417687,0.199027,0.187625,0.014709,0.736479,-0.901602,10.7404,10.8033,0,25.4403
15.11,level,0.381575,-0.0644658,-0.0628871,-0.0517529,0,0,0.196385,-0.200732,-0.0135457,0.771989,0.911989,1.5201,1.15123,nan,0.271539,0.273812,0.282152,0.261682,0.268492,0.273812,0.268492,0.282152,0.261682,1,0,0.081553,0,-0.00405768,-0.0488677,-0.00665876,0.188694,0.155617,0.0343887,-0.00321552,-0.00418715,0.203999,0.195161,0.0109142,0.790079,-0.788864,10.8144,10.8719,0,25.514
15.12,level,0.383476,-0.0626537,-0.062865,-0.0516513,0,0,0.194852,-0.200307,-0.0127142,0.773883,0.913883,1.53169,1.16216,nan,0.271637,0.273927,0.282149,0.261225,0.269227,0.273927,0.269227,0.282149,0.261225,1,0,0.081474,0,-0.000582673,-0.0485538,-0.00713087,0.188619,0.155314,0.0344743,-0.00310533,-0.00420282,0.198045,0.196524,0.0145962,0.870242,-0.812054,10.8596,10.9246,0,25.6202
15.13,level,0.385364,-0.0608465,-0.062063,-0.0511748,0,0,0.193412,-0.199871,-0.0125981,0.77577,0.91577,1.53619,1.16804,nan,0.271735,0.275019,0.281363,0.262468,0.26807,0.275019,0.26807,0.281363,0.262468,1,0,0.0805467,0,-0.00196816,-0.048969,-0.00525015,0.186216,0.153888,0.0345232,-0.00302817,-0.00419051,0.195185,0.200557,0.00585661,0.840701,-0.831595,10.8171,10.8815,0,25.6829
15.14,level,0.387239,-0.0590459,-0.0613343,-0.0514751,0,0,0.191993,-0.199527,-0.0130644,0.777651,0.917651,1.54794,1.1792,nan,0.271834,0.273705,0.282776,0.261096,0.269738,0.273705,0.269738,0.282776,0.261096,1,0,0.0801757,0,-0.00113956,-0.0485945,-0.00778531,0.184027,0.154789,0.03458,-0.0029207,-0.00415381,0.19239,0.202237,0.00850234,0.936624,-0.85137,10.8577,10.9312,0,25.7501
15.15,level,0.389101,-0.0572491,-0.0606083,-0.0508265,0,0,0.190616,-0.199214,-0.012396,0.779525,0.919525,1.53529,1.17275,nan,0.271933,0.274746,0.281749,0.262299,0.268919,0.274746,0.268919,0.281749,0.262299,1,0,0.0792061,0,-0.00101486,-0.0478956,-0.00598793,0.181871,0.152848,0.0346288,-0.00284771,-0.00415341,0.202271,0.206028,0.016109,0.896682,-0.838369,10.7796,10.8492,0,25.8156
15.16,level,0.390952,-0.0554549,-0.0607314,-0.0508342,0,0,0.189355,-0.198866,-0.0121653,0.781393,0.921393,1.5471,1.18401,nan,0.272033,0.274093,0.282799,0.260976,0.270244,0.274093,0.270244,0.282799,0.260976,1,0,0.0792964,0,0.0014912,-0.0486458,-0.00790023,0.182219,0.152855,0.0347167,-0.00273082,-0.00417386,0.188115,0.196323,0.0023745,0.814808,-0.947228,10.9153,10.9866,0,25.9284
15.17,level,0.392792,-0.0536645,-0.0599069,-0.0505141,0,0,0.188074,-0.198504,-0.0121036,0.783254,0.923254,1.53115,1.17506,nan,0.272133,0.274206,0.282668,0.261921,0.269718,0.274206,0.269718,0.282668,0.261921,1,0,0.0784589,0,-0.00176441,-0.0478137,-0.00714627,0.179753,0.151864,0.0347621,-0.00264942,-0.00415547,0.189951,0.176578,0.00869002,0.84803,-0.919112,10.9097,10.9812,0,25.9883
15.18,level,0.394621,-0.0518778,-0.0597668,-0.0507443,0,0,0.186739,-0.198107,-0.011565,0.785108,0.925108,1.54298,1.18639,nan,0.272234,0.27483,0.282153,0.262638,0.269295,0.27483,0.269295,0.282153,0.262638,1,0,0.0785045,0,-0.00176413,-0.0474655,-0.00614469,0.17934,0.152587,0.0348397,-0.00253013,-0.0041547,0.194695,0.198433,0.00551897,0.825914,-0.753271,10.8685,10.9258,0,26.0865
15.19,level,0.396437,-0.0500971,-0.059126,-0.0497898,0,0,0.185489,-0.197735,-0.0121962,0.786955,0.926955,1.54088,1.18771,nan,0.272336,0.274003,0.283753,0.261529,0.270037,0.274003,0.270037,0.283753,0.261529,1,0,0.077397,0,-0.0032954,-0.0496249,-0.00802476,0.177418,0.149704,0.0348859,-0.00246945,-0.00416805,0.189321,0.187177,0.00474466,0.816117,-0.84483,10.8256,10.8892,0,26.1542
15.2,level,0.398244,-0.0483197,-0.05902,-0.0496946,0,0,0.184299,-0.197261,-0.0106401,0.788796,0.928796,1.55283,1.19932,nan,0.272437,0.274519,0.283239,0.262401,0.269569,0.274519,0.269569,0.283239,0.262401,1,0,0.0772521,0,-0.00411697,-0.0488634,-0.00698341,0.177113,0.149431,0.0349619,-0.00236284,-0.00417942,0.19779,0.195193,0.0178244,0.796962,-0.743696,10.8249,10.8796,0,26.2529
15.21,level,0.40004,-0.0465438,-0.0584244,-0.049216,0,0,0.1831,-0.196631,-0.00922875,0.790629,0.930629,1.53109,1.18651,nan,0.27254,0.274483,0.283403,0.262139,0.270113,0.274483,0.270113,0.283403,0.262139,1,0,0.076492,0,-0.00251049,-0.0485727,-0.00742566,0.175311,0.147994,0.0350125,-0.0022833,-0.00417665,0.184379,0.195147,0.0219242,0.845889,-0.709841,11.0009,11.0562,0,26.3233
15.22,level,0.401827,-0.0447705,-0.0583569,-0.0495127,0,0,0.181898,-0.196009,-0.00866604,0.792456,0.932456,1.54304,1.19822,nan,0.272642,0.274623,0.283604,0.261905,0.270416,0.274623,0.270416,0.283604,0.261905,1,0,0.0766384,0,-0.00124783,-0.0490873,-0.00768816,0.175111,0.148898,0.035091,-0.0021617,-0.00417583,0.186719,0.204991,0.00756842,0.828186,-0.74035,10.9864,11.0424,0,26.4246
15.23,level,0.403603,-0.0430026,-0.0578965,-0.0489237,0,0,0.180651,-0.195287,-0.00821187,0.794276,0.934276,1.53535,1.19555,nan,0.272745,0.275757,0.28262,0.262965,0.269617,0.275757,0.269617,0.28262,0.262965,1,0,0.0759005,0,-0.000559814,-0.0488755,-0.00594027,0.173731,0.14712,0.0351453,-0.00208489,-0.00418405,0.183546,0.198621,0.00711945,0.914472,-0.770668,10.8243,10.8901,0,26.5015
15.24,level,0.405368,-0.0412435,-0.0579161,-0.0487923,0,0,0.179465,-0.194595,-0.00832254,0.79609,0.93609,1.54738,1.20737,nan,0.272849,0.275575,0.282692,0.262698,0.270409,0.275575,0.270409,0.282692,0.262698,1,0,0.0758345,0,0.00157843,-0.0476731,-0.00651696,0.173791,0.14672,0.0352227,-0.00198061,-0.00420127,0.183743,0.19533,0.000804511,0.846698,-0.819122,10.8923,10.9558,0,26.6059
15.25,level,0.407124,-0.0394901,-0.0570186,-0.0483262,0,0,0.178329,-0.193942,-0.00792724,0.797896,0.937896,1.54497,1.20857,nan,0.272953,0.275191,0.283119,0.262891,0.270588,0.275191,0.270588,0.283119,0.262891,1,0,0.0748373,0,-0.000614146,-0.0470499,-0.00686767,0.171104,0.145316,0.0352587,-0.00190998,-0.00418192,0.183851,0.192557,0.0131735,0.795861,-0.85608,10.962,11.0242,0,26.6583
15.26,level,0.408869,-0.0377453,-0.0567438,-0.0482673,0,0,0.177215,-0.193235,-0.00813452,0.799695,0.939695,1.55713,1.22059,nan,0.273057,0.275275,0.283683,0.262627,0.270624,0.275275,0.270624,0.283683,0.262627,1,0,0.0745852,0,-0.00109093,-0.0487076,-0.00721031,0.170271,0.145136,0.0353228,-0.00180996,-0.00418209,0.176861,0.190497,0.0130543,0.713411,-0.806661,10.9463,10.9991,0,26.746
15.27,level,0.410605,-0.0360083,-0.0557281,-0.047706,0,0,0.176049,-0.192426,-0.00790471,0.801487,0.941487,1.54114,1.21208,nan,0.273162,0.275903,0.283101,0.263412,0.270212,0.275903,0.270212,0.283101,0.263412,1,0,0.0734608,0,-0.00105506,-0.0480901,-0.00615248,0.167252,0.14345,0.0353513,-0.00174648,-0.00416151,0.190382,0.191682,-0.00153085,0.697493,-0.779324,10.8964,10.9465,0,26.7906
15.28,level,0.41233,-0.0342806,-0.0554592,-0.0476829,0,0,0.174829,-0.19156,-0.00824909,0.803273,0.943273,1.55334,1.22406,nan,0.273268,0.27544,0.283914,0.263313,0.270384,0.27544,0.270384,0.283914,0.263313,1,0,0.0732398,0,-0.00372126,-0.0486136,-0.00683264,0.166419,0.143368,0.0354144,-0.00164527,-0.00416279,0.172343,0.183147,0.00746592,0.751861,-0.818678,10.9444,11.0007,0,26.8779
15.29,level,0.414044,-0.0325616,-0.0546775,-0.047164,0,0,0.173626,-0.190615,-0.0072009,0.805051,0.945051,1.55898,1.23121,nan,0.273374,0.275655,0.283933,0.263111,0.270775,0.275655,0.270775,0.283933,0.263111,1,0,0.0723091,0,-0.00162833,-0.0487023,-0.00700719,0.164098,0.141839,0.0354514,-0.00157409,-0.0041524,0.184402,0.203173,0.00410519,0.78985,-0.707666,10.8737,10.9252,0,26.9346
15.3,level,0.415748,-0.0308496,-0.0541925,-0.0472902,0,0,0.172422,-0.189768,-0.00670903,0.806822,0.946822,1.57137,1.24336,nan,0.27348,0.277522,0.282614,0.264896,0.268867,0.277522,0.268867,0.282614,0.264896,1,0,0.072025,0,-0.00297646,-0.0499723,-0.00398332,0.16265,0.142201,0.035505,-0.00147125,-0.00413922,0.189001,0.19226,0.0151377,0.850677,-0.728382,10.9244,10.9816,0,27.0099
15.31,level,0.417442,-0.0291463,-0.0536796,-0.0465348,0,0,0.171232,-0.188864,-0.00629604,0.808586,0.948586,1.55015,1.23118,nan,0.273587,0.276701,0.283504,0.264121,0.27,0.276701,0.27,0.283504,0.264121,1,0,0.0711355,0,-0.00245122,-0.0494258,-0.00557389,0.16109,0.139915,0.0355503,-0.00140615,-0.00415157,0.171197,0.179363,0.0179254,0.905353,-0.7548,11.0094,11.0723,0,27.0794
15.32,level,0.419125,-0.0274502,-0.0531872,-0.0468957,0,0,0.169924,-0.187924,-0.0061929,0.810343,0.950343,1.56254,1.24339,nan,0.273694,0.276571,0.283673,0.263738,0.270774,0.276571,0.270774,0.283673,0.263738,1,0,0.0710046,0,-0.000175834,-0.0487565,-0.00621377,0.15962,0.141008,0.0356031,-0.00129462,-0.00413117,0.174882,0.188534,-0.00539644,0.853007,-0.650311,10.9048,10.9575,0,27.1546
15.33,level,0.420796,-0.0257636,-0.0523522,-0.0462782,0,0,0.168638,-0.186963,-0.00602435,0.812093,0.952093,1.56899,1.25134,nan,0.273802,0.277192,0.283124,0.264735,0.270134,0.277192,0.270134,0.283124,0.264735,1,0,0.0699693,0,-0.00141361,-0.048216,-0.00498041,0.157119,0.139154,0.0356344,-0.00123069,-0.00412299,0.174243,0.18719,0.0147463,0.840849,-0.814526,11.0307,11.0927,0,27.2059
15.34,level,0.422456,-0.0240871,-0.0523389,-0.0463868,0,0,0.167282,-0.186022,-0.00560136,0.813836,0.953836,1.58158,1.26384,nan,0.27391,0.277284,0.283259,0.264939,0.270135,0.277284,0.270135,0.283259,0.264939,1,0,0.0700409,0,-0.00206796,-0.0482591,-0.00491013,0.157088,0.13947,0.0357044,-0.00111967,-0.00413631,0.179808,0.181312,0.0051079,0.73357,-0.869331,10.9937,11.0524,0,27.3055
15.35,level,0.424102,-0.0224189,-0.0515237,-0.0461362,0,0,0.165698,-0.185098,-0.00591,0.815571,0.955571,1.55528,1.24814,nan,0.274018,0.276685,0.283821,0.264262,0.271283,0.276685,0.271283,0.283821,0.264262,1,0,0.0692465,0,-0.000307943,-0.0472959,-0.00622265,0.154638,0.138699,0.0357364,-0.00104327,-0.00411846,0.175017,0.169324,0.0139223,0.68663,-0.754526,10.9591,11.0064,0,27.3586
15.36,level,0.425734,-0.0207591,-0.0510948,-0.0461468,0,0,0.164078,-0.184308,-0.00522797,0.817299,0.957299,1.56784,1.26063,nan,0.274127,0.276919,0.284319,0.264367,0.270881,0.276919,0.270881,0.284319,0.264367,1,0,0.0689532,0,-0.00234988,-0.049246,-0.00611521,0.153345,0.138751,0.0357863,-0.000947184,-0.00411538,0.169373,0.184228,0.00271208,0.704465,-0.737458,10.9396,10.987,0,27.4336
15.37,level,0.427351,-0.0191052,-0.0504545,-0.0456826,0,0,0.162376,-0.183534,-0.0044377,0.81902,0.95902,1.56694,1.26336,nan,0.274236,0.276314,0.284861,0.263683,0.272064,0.276314,0.272064,0.284861,0.263683,1,0,0.0681601,0,-0.000438449,-0.0481812,-0.00744037,0.151426,0.137366,0.0358226,-0.000875436,-0.00411223,0.167721,0.189757,0.00773916,0.770378,-0.745709,11.0028,11.0549,0,27.4938
15.38,level,0.428952,-0.0174572,-0.0503767,-0.0459983,0,0,0.160699,-0.182841,-0.00443004,0.820734,0.960734,1.57965,1.2758,nan,0.274345,0.279248,0.282326,0.266976,0.268809,0.279248,0.268809,0.282326,0.266976,1,0,0.0683069,0,-0.00330398,-0.0488666,-0.00215875,0.151209,0.138291,0.0358867,-0.000759246,-0.00411663,0.179143,0.175544,0.000197606,0.847259,-0.56363,11.028,11.0749,0,27.5887
15.39,level,0.430538,-0.0158192,-0.0495776,-0.0453967,0,0,0.159066,-0.182229,-0.00452938,0.82244,0.96244,1.57641,1.27678,nan,0.274455,0.278539,0.283094,0.265933,0.270231,0.278539,0.270231,0.283094,0.265933,1,0,0.0673223,0,-0.000680197,-0.0482594,-0.00389074,0.148779,0.136498,0.0359136,-0.000699011,-0.00410817,0.154447,0.183975,0.00843316,0.81667,-0.734891,10.9722,11.027,0,27.6379
15.4,level,0.432109,-0.0141874,-0.0494849,-0.0457029,0,0,0.157472,-0.18174,-0.00496982,0.824139,0.964139,1.58926,1.28929,nan,0.274564,0.27788,0.284296,0.265101,0.270958,0.27788,0.270958,0.284296,0.265101,1,0,0.0674532,0,-0.00148296,-0.0494855,-0.0053943,0.148502,0.137416,0.0359749,-0.000584657,-0.00411165,0.155729,0.184261,0.00363418,0.845656,-0.724824,10.925,10.9816,0,27.7308
15.41,level,0.433665,-0.0125613,-0.0489901,-0.0451894,0,0,0.15576,-0.181187,-0.00472054,0.825831,0.965831,1.58169,1.28713,nan,0.274674,0.277342,0.284459,0.264998,0.271876,0.277342,0.271876,0.284459,0.264998,1,0,0.0667353,0,-0.000633151,-0.0472334,-0.00615104,0.147033,0.13586,0.0360147,-0.000514206,-0.00411674,0.163831,0.173305,0.0176932,0.737746,-0.775632,11.0443,11.0961,0,27.7957
15.42,level,0.435205,-0.0109385,-0.0488883,-0.0450847,0,0,0.154075,-0.180752,-0.00413072,0.827515,0.967515,1.59464,1.30023,nan,0.274784,0.278081,0.284386,0.264787,0.271861,0.278081,0.271861,0.284386,0.264787,1,0,0.0665958,0,0.00203923,-0.0489215,-0.00587979,0.146717,0.13555,0.0360724,-0.000418127,-0.00413005,0.155827,0.177301,0.00775509,0.716871,-0.779493,11.0738,11.1243,0,27.8842
15.43,level,0.436729,-0.00931614,-0.0480725,-0.0444828,0,0,0.152403,-0.180331,-0.0030501,0.829192,0.969192,1.58961,1.29994,nan,0.274894,0.277954,0.284611,0.264945,0.272044,0.277954,0.272044,0.284611,0.264945,1,0,0.0655855,0,0.00117022,-0.0484609,-0.00604601,0.14428,0.133733,0.0360955,-0.000359594,-0.00411893,0.158649,0.170646,0.00501996,0.707312,-0.789245,10.9901,11.0411,0,27.9293
15.44,level,0.438239,-0.00769784,-0.0476739,-0.0445858,0,0,0.150851,-0.179841,-0.00387735,0.830862,0.970862,1.60269,1.31304,nan,0.275004,0.277409,0.285332,0.264827,0.272425,0.277409,0.272425,0.285332,0.264827,1,0,0.0653633,0,-0.00086122,-0.0482949,-0.00682201,0.143081,0.13406,0.0361395,-0.000262391,-0.00411196,0.156346,0.183083,0.00171758,0.602872,-0.613013,11.0031,11.0367,0,28.0014
15.45,level,0.439735,-0.00608576,-0.0471832,-0.0438681,0,0,0.149365,-0.179432,-0.0021713,0.832524,0.972524,1.59239,1.30921,nan,0.275114,0.277361,0.285588,0.265185,0.272299,0.277361,0.272299,0.285588,0.265185,1,0,0.0645114,0,-0.00295061,-0.0482508,-0.00674251,0.141616,0.131898,0.0361735,-0.000204098,-0.00412028,0.157057,0.178429,-0.0105492,0.869644,-0.587648,11.0806,11.1302,0,28.0622
15.46,level,0.441218,-0.00447182,-0.0467115,-0.0439848,0,0,0.147937,-0.179095,-0.00186286,0.834179,0.974179,1.60556,1.32253,nan,0.275223,0.278974,0.284325,0.266271,0.271301,0.278974,0.271301,0.284325,0.266271,1,0,0.0642484,0,-0.000849394,-0.0487481,-0.00456286,0.140185,0.132246,0.0362131,-0.000107715,-0.00410903,0.146196,0.177194,-0.00079624,0.795777,-0.607224,11.0205,11.0659,0,28.1292
15.47,level,0.442688,-0.00286373,-0.0461256,-0.0435983,0,0,0.146532,-0.17863,-0.00157212,0.835827,0.975827,1.58193,1.30892,nan,0.275333,0.279726,0.284089,0.266739,0.270755,0.279726,0.270755,0.284089,0.266739,1,0,0.0635581,0,-0.00092001,-0.0498729,-0.0036827,0.138431,0.131097,0.0362432,-3.67992e-05,-0.00410343,0.146948,0.184314,0.0110546,0.836023,-0.633085,11.0142,11.064,0,28.1858
15.48,level,0.444145,-0.00125983,-0.0461949,-0.0435972,0,0,0.145227,-0.178077,-0.00174304,0.837467,0.977467,1.5951,1.32223,nan,0.275443,0.279458,0.284074,0.266204,0.272011,0.279458,0.272011,0.284074,0.266204,1,0,0.0636031,0,0.00315988,-0.0479707,-0.00458141,0.138654,0.131075,0.0363014,6.40859e-05,-0.00412004,0.157546,0.171869,0.0100834,0.785313,-0.703834,11.0959,11.1459,0,28.2809
15.49,level,0.445591,0.000338082,-0.0455957,-0.0428687,0,0,0.14406,-0.177546,-0.00212716,0.8391,0.9791,1.59512,1.32598,nan,0.275552,0.278735,0.285136,0.265524,0.27279,0.278735,0.27279,0.285136,0.265524,1,0,0.0626626,0,0.00229553,-0.0484266,-0.00600713,0.13685,0.128872,0.036328,0.00011973,-0.00412067,0.14976,0.16073,0.0167557,0.657176,-0.699879,11.1465,11.1878,0,28.3331
15.5,level,0.447028,0.00192932,-0.0451891,-0.0425998,0,0,0.142912,-0.176808,-0.00166501,0.840726,0.980726,1.60845,1.33945,nan,0.275661,0.278599,0.285627,0.266124,0.272272,0.278599,0.272272,0.285627,0.266124,1,0,0.0621966,0,-0.00233431,-0.0489424,-0.00579126,0.135628,0.128081,0.0363657,0.000199297,-0.00412118,0.146896,0.172438,0.010328,0.660438,-0.666813,11.0766,11.1163,0,28.3988
15.51,level,0.448453,0.00351351,-0.0446341,-0.0420035,0,0,0.141634,-0.175959,-0.00102865,0.842345,0.982345,1.62353,1.35397,nan,0.275771,0.279017,0.2855,0.26616,0.272383,0.279017,0.272383,0.2855,0.26616,1,0,0.0613784,0,-0.000688091,-0.0492164,-0.00558468,0.133966,0.126287,0.036394,0.000259821,-0.00412172,0.145555,0.169913,0.00154715,0.689215,-0.679691,11.0646,11.1068,0,28.4533
15.52,level,0.449866,0.0050909,-0.0443642,-0.0419005,0,0,0.140309,-0.175119,-0.000840736,0.843956,0.983956,1.63715,1.36751,nan,0.27588,0.27774,0.286809,0.265626,0.273322,0.27774,0.273322,0.286809,0.265626,1,0,0.0610941,0,-0.00364344,-0.0485101,-0.00736883,0.133162,0.125974,0.0364369,0.000346868,-0.00412588,0.148588,0.167118,0.00459598,0.723809,-0.566519,11.176,11.2137,0,28.5267
15.53,level,0.451268,0.00666315,-0.0438981,-0.0411325,0,0,0.138996,-0.174237,-0.000112701,0.84556,0.98556,1.64464,1.37653,nan,0.275989,0.280549,0.284542,0.267947,0.270895,0.280549,0.270895,0.284542,0.267947,1,0,0.0602531,0,-0.00277434,-0.0497368,-0.0030506,0.131772,0.123678,0.0364674,0.000400763,-0.00413429,0.151227,0.173516,-0.00157539,0.775919,-0.560863,11.24,11.2807,0,28.5835
15.54,level,0.452657,0.00822368,-0.04379,-0.0414839,0,0,0.137699,-0.17333,-0.000405872,0.847157,0.987157,1.65849,1.39027,nan,0.276098,0.280115,0.28516,0.267014,0.272079,0.280115,0.272079,0.28516,0.267014,1,0,0.0604072,0,5.16696e-05,-0.0496093,-0.00444375,0.131432,0.124721,0.0365166,0.000508277,-0.00413396,0.141791,0.165802,0.000468165,0.75095,-0.606673,11.0803,11.1222,0,28.6684
15.55,level,0.454035,0.00977543,-0.0431834,-0.0410421,0,0,0.136433,-0.172459,-0.000503346,0.848746,0.988746,1.66569,1.39909,nan,0.276207,0.278951,0.286515,0.266236,0.273104,0.278951,0.273104,0.286515,0.266236,1,0,0.0596525,0,-0.00184614,-0.0495037,-0.00634336,0.12962,0.123391,0.0365415,0.000571544,-0.00412824,0.144432,0.163511,-0.00476388,0.758128,-0.593689,11.1206,11.1622,0,28.7188
15.56,level,0.455401,0.0113213,-0.0429992,-0.0410449,0,0,0.135071,-0.171624,0.000327864,0.850329,0.990329,1.67976,1.4129,nan,0.276315,0.280236,0.285459,0.267372,0.272173,0.280236,0.272173,0.285459,0.267372,1,0,0.0595205,0,-0.00111973,-0.0495488,-0.0044054,0.129054,0.12342,0.0365861,0.000663538,-0.00413347,0.135358,0.177555,-0.000653146,0.719909,-0.648743,11.1488,11.1909,0,28.7956
15.57,level,0.456754,0.0128613,-0.0425773,-0.0405459,0,0,0.133623,-0.17076,0.00124893,0.851904,0.991904,1.67744,1.41477,nan,0.276424,0.279904,0.285578,0.267288,0.272904,0.279904,0.272904,0.285578,0.267288,1,0,0.0588679,0,-0.000153907,-0.0479192,-0.0049622,0.127785,0.121906,0.0366169,0.000727231,-0.00413687,0.130399,0.167109,-0.00973479,0.701804,-0.597749,11.176,11.214,0,28.8544
15.58,level,0.458093,0.0143965,-0.0423018,-0.0404009,0,0,0.132127,-0.169907,0.00129192,0.853471,0.993471,1.69167,1.42868,nan,0.276533,0.279829,0.285935,0.267126,0.273218,0.279829,0.273218,0.285935,0.267126,1,0,0.0585674,0,-3.53296e-05,-0.0481662,-0.00536158,0.126969,0.121468,0.0366542,0.000808989,-0.00413923,0.137106,0.164543,0.00305005,0.613479,-0.602145,11.0855,11.1188,0,28.9236
15.59,level,0.459419,0.0159225,-0.0419821,-0.0399355,0,0,0.130769,-0.169064,0.00172129,0.855032,0.995032,1.67886,1.42313,nan,0.276641,0.280673,0.285613,0.267815,0.272441,0.280673,0.272441,0.285613,0.267815,1,0,0.0580315,0,-0.000833188,-0.0493222,-0.00420469,0.125993,0.120083,0.0366874,0.000875277,-0.00414567,0.124368,0.172535,0.00390519,0.608581,-0.536485,11.1779,11.2073,0,28.9869
15.6,level,0.460732,0.0174422,-0.0415627,-0.0399157,0,0,0.129393,-0.16828,0.00230114,0.856585,0.996585,1.69317,1.4371,nan,0.276749,0.279804,0.287106,0.266872,0.273194,0.279804,0.273194,0.287106,0.266872,1,0,0.0577102,0,-0.00260073,-0.0508636,-0.0059879,0.124752,0.120016,0.0367196,0.000958346,-0.0041405,0.134978,0.16842,-0.00738019,0.716598,-0.527653,11.198,11.2333,0,29.048
15.61,level,0.462032,0.0189572,-0.041153,-0.0392966,0,0,0.127947,-0.167497,0.00234668,0.858131,0.998131,1.67933,1.43071,nan,0.276857,0.27994,0.286682,0.267044,0.273742,0.27994,0.273742,0.286682,0.267044,1,0,0.0569699,0,-0.000116519,-0.0489554,-0.00590702,0.12352,0.118152,0.0367483,0.0010146,-0.0041465,0.130985,0.163853,0.00399474,0.699009,-0.522523,11.1418,11.1759,0,29.1035
15.62,level,0.46332,0.0204636,-0.0412137,-0.0395124,0,0,0.126637,-0.166788,0.00216995,0.85967,0.99967,1.69372,1.44476,nan,0.276965,0.281904,0.285333,0.26855,0.272052,0.281904,0.272052,0.285333,0.26855,1,0,0.0571788,0,0.000192866,-0.0504669,-0.00304595,0.123699,0.118811,0.0367979,0.00111587,-0.00415408,0.129774,0.171523,0.00805007,0.821416,-0.643943,11.1237,11.1726,0,29.1922
15.63,level,0.464596,0.0219621,-0.0405834,-0.0389555,0,0,0.125517,-0.165979,0.00272697,0.861202,1.0012,1.69128,1.44657,nan,0.277073,0.281386,0.285724,0.268724,0.272436,0.281386,0.272436,0.285724,0.268724,1,0,0.0563301,0,-0.00166043,-0.04917,-0.00353764,0.121813,0.117123,0.0368162,0.00116988,-0.0041477,0.131078,0.160441,0.0115409,0.779441,-0.630674,11.2046,11.2494,0,29.2348
15.64,level,0.465862,0.0234557,-0.0403465,-0.0389312,0,0,0.124378,-0.165129,0.00326027,0.862726,1.00273,1.70583,1.4607,nan,0.27718,0.280442,0.286555,0.267613,0.274089,0.280442,0.274089,0.286555,0.267613,1,0,0.0561478,0,0.000963644,-0.0479299,-0.00553334,0.121094,0.117051,0.0368512,0.0012544,-0.00414783,0.124867,0.162048,0.00196917,0.694214,-0.606414,11.2458,11.2836,0,29.3037
15.65,level,0.467118,0.0249441,-0.0395985,-0.0384901,0,0,0.123364,-0.164303,0.00375239,0.864244,1.00424,1.69883,1.45943,nan,0.277287,0.280732,0.286366,0.268161,0.27387,0.280732,0.27387,0.286366,0.268161,1,0,0.0553006,0,0.000198346,-0.0474974,-0.00498566,0.118857,0.11573,0.0368627,0.00130985,-0.0041343,0.127605,0.164143,0.00724657,0.603367,-0.580138,11.158,11.1893,0,29.3398
15.66,level,0.468365,0.0264249,-0.0391075,-0.0384148,0,0,0.122334,-0.163581,0.00425726,0.865754,1.00575,1.71351,1.47375,nan,0.277394,0.282319,0.285318,0.269764,0.272155,0.282319,0.272155,0.285318,0.269764,1,0,0.0549024,0,-0.00161303,-0.0487305,-0.00236901,0.117388,0.115502,0.0368866,0.00138757,-0.00412704,0.128854,0.163615,-0.00622136,0.674837,-0.463242,11.2301,11.2599,0,29.3932
15.67,level,0.469603,0.0278963,-0.0387025,-0.0380274,0,0,0.121242,-0.162818,0.00298491,0.867257,1.00726,1.71175,1.4761,nan,0.277501,0.281339,0.286295,0.269126,0.273223,0.281339,0.273223,0.286295,0.269126,1,0,0.0543524,0,-0.0022799,-0.047911,-0.003979,0.116173,0.11434,0.0369119,0.00145208,-0.00412885,0.127727,0.163659,-0.00324251,0.693655,-0.431086,11.3075,11.3369,0,29.4478
15.68,level,0.47083,0.0293558,-0.0382244,-0.0380197,0,0,0.120154,-0.162076,0.00225148,0.868753,1.00875,1.72659,1.49063,nan,0.277608,0.281465,0.286922,0.268611,0.273413,0.281465,0.273413,0.286922,0.268611,1,0,0.0539915,0,-0.00173533,-0.0499518,-0.00450905,0.11474,0.1143,0.0369354,0.00153336,-0.00412136,0.127832,0.152854,-0.00446914,0.78115,-0.446377,11.274,11.3098,0,29.5016
15.69,level,0.472048,0.0308074,-0.0377214,-0.0375248,0,0,0.11893,-0.161186,0.00321925,0.870242,1.01024,1.70854,1.48128,nan,0.277715,0.281934,0.286347,0.269504,0.273052,0.281934,0.273052,0.286347,0.269504,1,0,0.0532847,0,-0.00229443,-0.0487437,-0.00349866,0.113233,0.112832,0.036955,0.00158992,-0.0041206,0.127658,0.164055,0.000826881,0.74376,-0.521372,11.1989,11.2357,0,29.5486
15.7,level,0.473253,0.0322517,-0.0373328,-0.0377546,0,0,0.117734,-0.160294,0.00278673,0.871724,1.01172,1.72343,1.49584,nan,0.277821,0.281089,0.287415,0.268282,0.274477,0.281089,0.274477,0.287415,0.268282,1,0,0.0531772,0,-0.00034676,-0.0487801,-0.00550338,0.112074,0.113511,0.0369798,0.00168165,-0.00411245,0.131709,0.157713,0.000119957,0.751544,-0.613942,11.2179,11.2598,0,29.6088
15.71,level,0.474449,0.0336897,-0.0367079,-0.0372971,0,0,0.116649,-0.159528,0.0046165,0.873199,1.0132,1.6974,1.48092,nan,0.277927,0.282844,0.285913,0.270027,0.272904,0.282844,0.272904,0.285913,0.270027,1,0,0.052423,0,-0.000511173,-0.0489361,-0.00261345,0.110191,0.112133,0.0369936,0.00173751,-0.00410682,0.124356,0.154844,0.000476044,0.611355,-0.53815,11.2988,11.3281,0,29.6482
15.72,level,0.475633,0.0351256,-0.0363863,-0.0374163,0,0,0.115402,-0.158912,0.00466356,0.874666,1.01467,1.71229,1.49564,nan,0.278033,0.282067,0.286272,0.269901,0.273873,0.282067,0.273873,0.286272,0.269901,1,0,0.0522772,0,-0.000615902,-0.0465442,-0.00359425,0.109223,0.112483,0.0370199,0.00182374,-0.0041054,0.121975,0.14944,0.00392346,0.624947,-0.59275,11.192,11.2251,0,29.7099
15.73,level,0.476806,0.0365581,-0.0361064,-0.0368662,0,0,0.114211,-0.158408,0.00554551,0.876127,1.01613,1.70552,1.49453,nan,0.278139,0.282777,0.286169,0.270368,0.273222,0.282777,0.273222,0.286169,0.270368,1,0,0.0516809,0,-0.00142935,-0.0480443,-0.00274549,0.10838,0.110839,0.0370463,0.00188047,-0.00411577,0.118008,0.154648,-0.00384145,0.597397,-0.473174,11.2352,11.2611,0,29.7662
15.74,level,0.477968,0.0379881,-0.0356046,-0.0368888,0,0,0.113117,-0.158045,0.00606381,0.87758,1.01758,1.72055,1.50943,nan,0.278245,0.282751,0.286242,0.270533,0.273432,0.282751,0.273432,0.286242,0.270533,1,0,0.051343,0,-0.00156831,-0.0474219,-0.00280851,0.106881,0.110911,0.0370626,0.00195895,-0.00410677,0.122103,0.158056,-0.0118531,0.661434,-0.488445,11.2861,11.316,0,29.8159
15.75,level,0.479121,0.0394162,-0.0352207,-0.036298,0,0,0.112131,-0.15775,0.00620499,0.879027,1.01903,1.7031,1.50081,nan,0.27835,0.282899,0.286931,0.270181,0.27337,0.282899,0.27337,0.286931,0.270181,1,0,0.0506651,0,-0.00223645,-0.0497946,-0.00317373,0.105721,0.109139,0.0370818,0.00201091,-0.00411133,0.114554,0.158226,-0.00912711,0.687855,-0.453311,11.2477,11.2778,0,29.865
15.76,level,0.480264,0.0408437,-0.0346475,-0.0367195,0,0,0.111134,-0.157407,0.00713159,0.880466,1.02047,1.71819,1.51585,nan,0.278455,0.283055,0.286924,0.270394,0.273427,0.283055,0.273427,0.286924,0.270394,1,0,0.0505615,0,-0.00221859,-0.0495622,-0.00303378,0.104012,0.110399,0.0370944,0.00210698,-0.00409478,0.121779,0.155895,-0.00835297,0.704155,-0.449504,11.2685,11.2995,0,29.9144
15.77,level,0.481398,0.0422707,-0.0344386,-0.036176,0,0,0.110135,-0.157081,0.00699853,0.881899,1.0219,1.71052,1.51414,nan,0.27856,0.282931,0.287221,0.269885,0.274183,0.282931,0.274183,0.287221,0.269885,1,0,0.0500209,0,2.11662e-05,-0.0494253,-0.00377501,0.103371,0.108767,0.037121,0.00216319,-0.00410728,0.110751,0.154781,-0.00887738,0.651961,-0.43361,11.2273,11.2546,0,29.9727
15.78,level,0.482523,0.0436931,-0.0341474,-0.0363327,0,0,0.109108,-0.156668,0.00732329,0.883324,1.02332,1.72575,1.529,nan,0.278665,0.281851,0.288714,0.268692,0.275382,0.281851,0.275382,0.288714,0.268692,1,0,0.0499351,0,-0.000461836,-0.0501962,-0.005957,0.102507,0.109235,0.0371454,0.00225083,-0.00410785,0.116969,0.15415,-0.0102757,0.625066,-0.532808,11.3311,11.3608,0,30.034
15.79,level,0.483639,0.045113,-0.0337253,-0.0358631,0,0,0.108016,-0.156192,0.00679851,0.884743,1.02474,1.71205,1.52323,nan,0.27877,0.283438,0.287115,0.270166,0.274338,0.283438,0.274338,0.287115,0.270166,1,0,0.0492911,0,0.00131186,-0.0493591,-0.00345001,0.101237,0.10781,0.0371627,0.00230702,-0.0041106,0.113296,0.143151,-0.0075906,0.546552,-0.533554,11.3528,11.3785,0,30.0804
15.8,level,0.484745,0.0465241,-0.0336962,-0.0357307,0,0,0.107024,-0.155581,0.00701962,0.886154,1.02615,1.72737,1.53817,nan,0.278874,0.283519,0.286923,0.270762,0.274271,0.283519,0.274271,0.286923,0.270762,1,0,0.0491797,0,0.000278522,-0.0481458,-0.00303816,0.101138,0.107435,0.0371954,0.00238527,-0.00412439,0.105891,0.157573,-0.00108593,0.584966,-0.45122,11.2455,11.2697,0,30.1518
15.81,level,0.485842,0.0479292,-0.0334139,-0.0351038,0,0,0.106018,-0.154927,0.00688756,0.887559,1.02756,1.70218,1.52417,nan,0.278978,0.282994,0.288522,0.269717,0.274659,0.282994,0.274659,0.288522,0.269717,1,0,0.0485355,0,-0.00155236,-0.0514247,-0.00460179,0.100312,0.105535,0.0372172,0.00243524,-0.00413411,0.11831,0.145226,-0.00482835,0.540965,-0.410922,11.2519,11.2723,0,30.203
15.82,level,0.486929,0.0493291,-0.0331232,-0.0352557,0,0,0.105095,-0.154243,0.00707273,0.888956,1.02896,1.71751,1.53932,nan,0.279082,0.284269,0.286903,0.271605,0.273531,0.284269,0.273531,0.286903,0.271605,1,0,0.048442,0,-0.00187738,-0.0493344,-0.00200428,0.0994294,0.105985,0.0372393,0.00252187,-0.00413352,0.111125,0.141756,-0.00162246,0.553891,-0.405028,11.2255,11.2465,0,30.2625
15.83,level,0.488009,0.05072,-0.032509,-0.0347179,0,0,0.10425,-0.15354,0.00691154,0.890347,1.03035,1.70709,1.5359,nan,0.279186,0.282728,0.288509,0.27037,0.275116,0.282728,0.275116,0.288509,0.27037,1,0,0.047643,0,-0.00274475,-0.0487934,-0.0046264,0.0975832,0.104394,0.0372459,0.00256984,-0.00412769,0.106706,0.157321,-0.0102835,0.70168,-0.386593,11.3168,11.3452,0,30.2955
15.84,level,0.489082,0.0521072,-0.0321788,-0.0349756,0,0,0.103433,-0.152959,0.00735287,0.891731,1.03173,1.72253,1.55149,nan,0.279289,0.282616,0.288593,0.26988,0.276047,0.282616,0.276047,0.288593,0.26988,1,0,0.0475879,0,0.000504765,-0.0479039,-0.00533783,0.096596,0.105157,0.0372652,0.00265971,-0.00412588,0.109413,0.150706,-0.00191798,0.657536,-0.409602,11.3914,11.4177,0,30.3534
15.85,level,0.490147,0.0534894,-0.0319291,-0.0345952,0,0,0.102582,-0.152442,0.00657231,0.893108,1.03311,1.70925,1.54606,nan,0.279393,0.283202,0.288849,0.269493,0.276006,0.283202,0.276006,0.288849,0.269493,1,0,0.0471398,0,0.00229448,-0.0503121,-0.00534448,0.0958396,0.104023,0.0372859,0.00272016,-0.00413321,0.103353,0.155645,-0.00769885,0.628753,-0.508436,11.1974,11.2265,0,30.4076
15.86,level,0.491204,0.0548658,-0.0316387,-0.0344817,0,0,0.101717,-0.15184,0.00800124,0.894478,1.03448,1.7248,1.56155,nan,0.279496,0.285137,0.286948,0.271719,0.27416,0.285137,0.27416,0.286948,0.271719,1,0,0.0468506,0,0.00166868,-0.0496539,-0.00186872,0.0949633,0.103659,0.0373039,0.0027918,-0.00413513,0.0992016,0.140125,-0.0126963,0.545706,-0.413971,11.3239,11.3446,0,30.4625
15.87,level,0.492253,0.0562384,-0.0312099,-0.0340096,0,0,0.100815,-0.151178,0.00751074,0.895841,1.03584,1.71806,1.56059,nan,0.279599,0.284686,0.287479,0.271835,0.274375,0.284686,0.274375,0.287479,0.271835,1,0,0.0462204,0,-0.000670852,-0.0491804,-0.00234434,0.0937027,0.102245,0.0373165,0.00284364,-0.00413639,0.115597,0.141814,-0.00211042,0.533933,-0.406222,11.3379,11.3577,0,30.5048
15.88,level,0.493294,0.057602,-0.0308005,-0.0339929,0,0,0.0998824,-0.150419,0.0071308,0.897197,1.0372,1.73375,1.57607,nan,0.279702,0.283697,0.288685,0.270911,0.275495,0.283697,0.275495,0.288685,0.270911,1,0,0.045941,0,-0.00107345,-0.0492195,-0.00420718,0.0924652,0.102189,0.03733,0.00291797,-0.00413442,0.108817,0.138493,-0.00795843,0.503337,-0.424982,11.2485,11.2678,0,30.5534
15.89,level,0.494326,0.0589577,-0.030169,-0.0329545,0,0,0.0989002,-0.149645,0.00759861,0.898547,1.03855,1.72261,1.57202,nan,0.279805,0.283001,0.289675,0.27066,0.275862,0.283001,0.275862,0.289675,0.27066,1,0,0.0447473,0,-0.00390679,-0.0495586,-0.00521979,0.0905727,0.0990885,0.037332,0.0029379,-0.00413219,0.107922,0.148598,-0.00652176,0.584606,-0.348561,11.2881,11.3086,0,30.5763
15.9,level,0.495347,0.0603103,-0.0297965,-0.0328679,0,0,0.0977196,-0.148867,0.00842301,0.899889,1.03989,1.73842,1.58783,nan,0.279907,0.28348,0.288995,0.271247,0.275886,0.28348,0.275886,0.288995,0.271247,1,0,0.0444211,0,-0.00232175,-0.0480171,-0.00446263,0.0894438,0.0988172,0.0373456,0.0030094,-0.00413219,0.0997814,0.141103,-0.00374111,0.618415,-0.371152,11.4338,11.4565,0,30.625
15.91,level,0.496357,0.0616578,-0.0291979,-0.0325232,0,0,0.0965347,-0.148167,0.00844444,0.901225,1.04123,1.75198,1.60192,nan,0.280009,0.283878,0.289115,0.27121,0.275814,0.283878,0.275814,0.289115,0.27121,1,0,0.0437831,0,-0.00167945,-0.0492075,-0.00432524,0.0876563,0.0977938,0.0373481,0.00306355,-0.00412477,0.104324,0.148416,-0.00296477,0.629378,-0.322985,11.3342,11.3563,0,30.6574
15.92,level,0.497356,0.0629992,-0.029013,-0.0328834,0,0,0.0953107,-0.147424,0.00877229,0.902554,1.04255,1.76809,1.61761,nan,0.280111,0.284471,0.288932,0.271079,0.275944,0.284471,0.275944,0.288932,0.271079,1,0,0.0439191,0,0.00107416,-0.0499839,-0.00409904,0.0871025,0.0988637,0.0373675,0.00315737,-0.00412891,0.104748,0.141989,-0.0167888,0.681542,-0.426377,11.2844,11.313,0,30.7211
15.93,level,0.498343,0.0643324,-0.0286402,-0.0323023,0,0,0.0940669,-0.146696,0.00797434,0.903876,1.04388,1.76816,1.6218,nan,0.280213,0.284529,0.289067,0.271481,0.275756,0.284529,0.275756,0.289067,0.271481,1,0,0.0432406,0,-0.000698018,-0.0499423,-0.00387348,0.0859729,0.0971203,0.0373784,0.00320238,-0.00413238,0.0964017,0.141825,-0.00850745,0.555198,-0.452109,11.3277,11.3503,0,30.7615
15.94,level,0.499319,0.0656585,-0.0284719,-0.0322665,0,0,0.092838,-0.145918,0.00928985,0.905192,1.04519,1.78447,1.63764,nan,0.280315,0.28462,0.289336,0.271521,0.275761,0.28462,0.275761,0.289336,0.271521,1,0,0.0431025,0,-0.00126275,-0.0505421,-0.00393631,0.0854742,0.0970079,0.0373974,0.00327733,-0.00413938,0.100678,0.138449,0.00175338,0.550455,-0.353137,11.4387,11.4574,0,30.8197
15.95,level,0.500282,0.0669814,-0.0282346,-0.0318952,0,0,0.0915845,-0.145078,0.00982202,0.9065,1.0465,1.7549,1.62013,nan,0.280416,0.285235,0.288536,0.272548,0.275325,0.285235,0.275325,0.288536,0.272548,1,0,0.0426409,0,-0.00138768,-0.049073,-0.00267124,0.0847589,0.0958891,0.0374131,0.00333295,-0.00414646,0.0974004,0.135454,-0.00611507,0.448641,-0.498939,11.3691,11.3889,0,30.8689
15.96,level,0.501233,0.0682979,-0.0278459,-0.0317139,0,0,0.0903011,-0.144285,0.00974551,0.907802,1.0478,1.77119,1.636,nan,0.280517,0.284963,0.28918,0.271866,0.276038,0.284963,0.276038,0.28918,0.271866,1,0,0.0422703,0,-0.000118114,-0.0497184,-0.00368673,0.0835992,0.0953446,0.0374221,0.0033951,-0.00414581,0.101093,0.135353,-0.00986162,0.553965,-0.307922,11.2732,11.291,0,30.9118
15.97,level,0.502171,0.0696081,-0.0275588,-0.0313201,0,0,0.0889787,-0.143499,0.0103127,0.909097,1.0491,1.77695,1.64416,nan,0.280617,0.285174,0.289288,0.271825,0.276161,0.285174,0.276161,0.289288,0.271825,1,0,0.0417652,0,0.000589673,-0.0501662,-0.00371375,0.0827243,0.0941725,0.0374358,0.00344816,-0.00415164,0.0911123,0.141719,-0.0137696,0.554275,-0.358511,11.3995,11.4186,0,30.9566
15.98,level,0.503097,0.0709124,-0.0271089,-0.0312782,0,0,0.0877295,-0.142747,0.0103664,0.910386,1.05039,1.79348,1.66006,nan,0.280717,0.284261,0.290125,0.271942,0.276521,0.284261,0.276521,0.290125,0.271942,1,0,0.0414558,0,-0.00340981,-0.0491177,-0.00458954,0.0813814,0.0940298,0.0374414,0.00351655,-0.00414809,0.0950864,0.130843,-0.0177775,0.621599,-0.292875,11.3553,11.376,0,30.9966
15.99,level,0.504011,0.0722104,-0.0267398,-0.03095,0,0,0.0865053,-0.141918,0.0109595,0.911668,1.05167,1.76592,1.64412,nan,0.280817,0.286064,0.288769,0.273495,0.274918,0.286064,0.274918,0.288769,0.273495,1,0,0.0409756,0,-0.00339942,-0.0500588,-0.00181404,0.0802654,0.0930763,0.03745,0.00357272,-0.00414949,0.0889744,0.151311,-0.00303458,0.599156,-0.408696,11.35,11.3731,0,31.0364
